datetime [UTC+1];active_power [kW]
2018-01-01 00:15:00;15,68
2018-01-01 00:30:00;15,52
2018-01-01 00:45:00;13,76
2018-01-01 01:00:00;12,12
2018-01-01 01:15:00;12,48
2018-01-01 01:30:00;12,20
2018-01-01 01:45:00;15,24
2018-01-01 02:00:00;15,28
2018-01-01 02:15:00;15,84
2018-01-01 02:30:00;13,56
2018-01-01 02:45:00;12,04
2018-01-01 03:00:00;9,92
2018-01-01 03:15:00;11,64
2018-01-01 03:30:00;13,64
2018-01-01 03:45:00;14,24
2018-01-01 04:00:00;13,92
2018-01-01 04:15:00;11,56
2018-01-01 04:30:00;9,20
2018-01-01 04:45:00;8,92
2018-01-01 05:00:00;9,28
2018-01-01 05:15:00;12,36
2018-01-01 05:30:00;12,64
2018-01-01 05:45:00;12,16
2018-01-01 06:00:00;9,88
2018-01-01 06:15:00;8,92
2018-01-01 06:30:00;9,36
2018-01-01 06:45:00;9,00
2018-01-01 07:00:00;12,16
2018-01-01 07:15:00;10,64
2018-01-01 07:30:00;11,00
2018-01-01 07:45:00;8,36
2018-01-01 08:00:00;7,28
2018-01-01 08:15:00;7,12
2018-01-01 08:30:00;7,72
2018-01-01 08:45:00;10,44
2018-01-01 09:00:00;10,36
2018-01-01 09:15:00;10,48
2018-01-01 09:30:00;6,76
2018-01-01 09:45:00;6,76
2018-01-01 10:00:00;7,12
2018-01-01 10:15:00;7,64
2018-01-01 10:30:00;9,88
2018-01-01 10:45:00;10,20
2018-01-01 11:00:00;9,92
2018-01-01 11:15:00;6,96
2018-01-01 11:30:00;5,48
2018-01-01 11:45:00;5,60
2018-01-01 12:00:00;6,76
2018-01-01 12:15:00;9,16
2018-01-01 12:30:00;8,96
2018-01-01 12:45:00;8,72
2018-01-01 13:00:00;5,52
2018-01-01 13:15:00;5,56
2018-01-01 13:30:00;6,00
2018-01-01 13:45:00;6,84
2018-01-01 14:00:00;9,04
2018-01-01 14:15:00;8,80
2018-01-01 14:30:00;8,36
2018-01-01 14:45:00;5,92
2018-01-01 15:00:00;5,64
2018-01-01 15:15:00;5,44
2018-01-01 15:30:00;7,04
2018-01-01 15:45:00;9,00
2018-01-01 16:00:00;9,08
2018-01-01 16:15:00;7,92
2018-01-01 16:30:00;3,76
2018-01-01 16:45:00;3,84
2018-01-01 17:00:00;4,12
2018-01-01 17:15:00;6,32
2018-01-01 17:30:00;7,68
2018-01-01 17:45:00;7,88
2018-01-01 18:00:00;6,20
2018-01-01 18:15:00;4,32
2018-01-01 18:30:00;4,04
2018-01-01 18:45:00;4,80
2018-01-01 19:00:00;8,32
2018-01-01 19:15:00;8,84
2018-01-01 19:30:00;10,88
2018-01-01 19:45:00;9,60
2018-01-01 20:00:00;7,36
2018-01-01 20:15:00;7,20
2018-01-01 20:30:00;7,56
2018-01-01 20:45:00;10,40
2018-01-01 21:00:00;10,92
2018-01-01 21:15:00;10,36
2018-01-01 21:30:00;10,32
2018-01-01 21:45:00;13,04
2018-01-01 22:00:00;12,20
2018-01-01 22:15:00;12,20
2018-01-01 22:30:00;15,40
2018-01-01 22:45:00;16,12
2018-01-01 23:00:00;17,68
2018-01-01 23:15:00;13,72
2018-01-01 23:30:00;13,00
2018-01-01 23:45:00;12,44
2018-01-02 00:00:00;13,56
2018-01-02 00:15:00;15,64
2018-01-02 00:30:00;16,00
2018-01-02 00:45:00;16,20
2018-01-02 01:00:00;13,68
2018-01-02 01:15:00;13,64
2018-01-02 01:30:00;12,60
2018-01-02 01:45:00;12,96
2018-01-02 02:00:00;16,04
2018-01-02 02:15:00;16,16
2018-01-02 02:30:00;17,08
2018-01-02 02:45:00;13,68
2018-01-02 03:00:00;12,72
2018-01-02 03:15:00;12,88
2018-01-02 03:30:00;13,64
2018-01-02 03:45:00;15,92
2018-01-02 04:00:00;17,24
2018-01-02 04:15:00;16,40
2018-01-02 04:30:00;11,72
2018-01-02 04:45:00;12,12
2018-01-02 05:00:00;11,08
2018-01-02 05:15:00;11,36
2018-01-02 05:30:00;14,28
2018-01-02 05:45:00;14,44
2018-01-02 06:00:00;13,92
2018-01-02 06:15:00;9,88
2018-01-02 06:30:00;9,40
2018-01-02 06:45:00;10,36
2018-01-02 07:00:00;9,52
2018-01-02 07:15:00;11,20
2018-01-02 07:30:00;11,40
2018-01-02 07:45:00;12,24
2018-01-02 08:00:00;12,48
2018-01-02 08:15:00;16,60
2018-01-02 08:30:00;17,12
2018-01-02 08:45:00;18,40
2018-01-02 09:00:00;19,32
2018-01-02 09:15:00;21,88
2018-01-02 09:30:00;18,96
2018-01-02 09:45:00;15,60
2018-01-02 10:00:00;16,68
2018-01-02 10:15:00;16,40
2018-01-02 10:30:00;16,24
2018-01-02 10:45:00;16,76
2018-01-02 11:00:00;19,96
2018-01-02 11:15:00;19,04
2018-01-02 11:30:00;14,36
2018-01-02 11:45:00;15,40
2018-01-02 12:00:00;17,44
2018-01-02 12:15:00;19,72
2018-01-02 12:30:00;21,36
2018-01-02 12:45:00;19,84
2018-01-02 13:00:00;17,64
2018-01-02 13:15:00;16,96
2018-01-02 13:30:00;14,04
2018-01-02 13:45:00;15,52
2018-01-02 14:00:00;19,96
2018-01-02 14:15:00;22,24
2018-01-02 14:30:00;20,64
2018-01-02 14:45:00;18,92
2018-01-02 15:00:00;17,68
2018-01-02 15:15:00;18,60
2018-01-02 15:30:00;15,24
2018-01-02 15:45:00;17,92
2018-01-02 16:00:00;21,40
2018-01-02 16:15:00;21,60
2018-01-02 16:30:00;17,72
2018-01-02 16:45:00;18,00
2018-01-02 17:00:00;18,56
2018-01-02 17:15:00;17,32
2018-01-02 17:30:00;18,04
2018-01-02 17:45:00;19,80
2018-01-02 18:00:00;19,96
2018-01-02 18:15:00;19,92
2018-01-02 18:30:00;15,52
2018-01-02 18:45:00;15,08
2018-01-02 19:00:00;17,40
2018-01-02 19:15:00;20,68
2018-01-02 19:30:00;19,68
2018-01-02 19:45:00;20,76
2018-01-02 20:00:00;19,28
2018-01-02 20:15:00;16,20
2018-01-02 20:30:00;15,72
2018-01-02 20:45:00;14,88
2018-01-02 21:00:00;19,32
2018-01-02 21:15:00;19,60
2018-01-02 21:30:00;19,20
2018-01-02 21:45:00;20,08
2018-01-02 22:00:00;21,04
2018-01-02 22:15:00;20,28
2018-01-02 22:30:00;19,04
2018-01-02 22:45:00;22,08
2018-01-02 23:00:00;23,56
2018-01-02 23:15:00;23,96
2018-01-02 23:30:00;18,64
2018-01-02 23:45:00;18,88
2018-01-03 00:00:00;20,48
2018-01-03 00:15:00;21,04
2018-01-03 00:30:00;21,84
2018-01-03 00:45:00;22,28
2018-01-03 01:00:00;23,28
2018-01-03 01:15:00;21,56
2018-01-03 01:30:00;19,52
2018-01-03 01:45:00;18,68
2018-01-03 02:00:00;20,80
2018-01-03 02:15:00;23,28
2018-01-03 02:30:00;21,64
2018-01-03 02:45:00;22,68
2018-01-03 03:00:00;20,20
2018-01-03 03:15:00;19,92
2018-01-03 03:30:00;18,04
2018-01-03 03:45:00;20,96
2018-01-03 04:00:00;23,24
2018-01-03 04:15:00;22,80
2018-01-03 04:30:00;21,88
2018-01-03 04:45:00;19,24
2018-01-03 05:00:00;20,36
2018-01-03 05:15:00;18,12
2018-01-03 05:30:00;17,76
2018-01-03 05:45:00;20,92
2018-01-03 06:00:00;20,32
2018-01-03 06:15:00;19,36
2018-01-03 06:30:00;14,88
2018-01-03 06:45:00;16,76
2018-01-03 07:00:00;16,08
2018-01-03 07:15:00;16,04
2018-01-03 07:30:00;17,56
2018-01-03 07:45:00;18,68
2018-01-03 08:00:00;17,80
2018-01-03 08:15:00;15,20
2018-01-03 08:30:00;13,88
2018-01-03 08:45:00;15,88
2018-01-03 09:00:00;17,48
2018-01-03 09:15:00;18,56
2018-01-03 09:30:00;18,80
2018-01-03 09:45:00;17,60
2018-01-03 10:00:00;16,40
2018-01-03 10:15:00;14,48
2018-01-03 10:30:00;14,44
2018-01-03 10:45:00;17,44
2018-01-03 11:00:00;19,48
2018-01-03 11:15:00;20,52
2018-01-03 11:30:00;21,08
2018-01-03 11:45:00;29,56
2018-01-03 12:00:00;38,60
2018-01-03 12:15:00;34,48
2018-01-03 12:30:00;35,56
2018-01-03 12:45:00;33,32
2018-01-03 13:00:00;33,12
2018-01-03 13:15:00;30,16
2018-01-03 13:30:00;28,68
2018-01-03 13:45:00;26,48
2018-01-03 14:00:00;21,60
2018-01-03 14:15:00;24,64
2018-01-03 14:30:00;22,84
2018-01-03 14:45:00;22,88
2018-01-03 15:00:00;19,84
2018-01-03 15:15:00;21,84
2018-01-03 15:30:00;32,52
2018-01-03 15:45:00;30,24
2018-01-03 16:00:00;30,44
2018-01-03 16:15:00;29,12
2018-01-03 16:30:00;28,24
2018-01-03 16:45:00;26,60
2018-01-03 17:00:00;24,96
2018-01-03 17:15:00;26,40
2018-01-03 17:30:00;22,72
2018-01-03 17:45:00;31,92
2018-01-03 18:00:00;28,28
2018-01-03 18:15:00;33,04
2018-01-03 18:30:00;28,96
2018-01-03 18:45:00;22,52
2018-01-03 19:00:00;20,40
2018-01-03 19:15:00;27,84
2018-01-03 19:30:00;27,64
2018-01-03 19:45:00;30,00
2018-01-03 20:00:00;26,52
2018-01-03 20:15:00;17,16
2018-01-03 20:30:00;16,88
2018-01-03 20:45:00;17,28
2018-01-03 21:00:00;15,08
2018-01-03 21:15:00;20,76
2018-01-03 21:30:00;21,88
2018-01-03 21:45:00;23,20
2018-01-03 22:00:00;22,32
2018-01-03 22:15:00;19,32
2018-01-03 22:30:00;18,96
2018-01-03 22:45:00;21,08
2018-01-03 23:00:00;22,76
2018-01-03 23:15:00;22,52
2018-01-03 23:30:00;23,00
2018-01-03 23:45:00;20,56
2018-01-04 00:00:00;19,16
2018-01-04 00:15:00;19,08
2018-01-04 00:30:00;20,20
2018-01-04 00:45:00;22,80
2018-01-04 01:00:00;23,08
2018-01-04 01:15:00;22,48
2018-01-04 01:30:00;18,88
2018-01-04 01:45:00;19,40
2018-01-04 02:00:00;21,04
2018-01-04 02:15:00;19,44
2018-01-04 02:30:00;22,08
2018-01-04 02:45:00;24,12
2018-01-04 03:00:00;21,20
2018-01-04 03:15:00;19,20
2018-01-04 03:30:00;20,60
2018-01-04 03:45:00;18,88
2018-01-04 04:00:00;21,52
2018-01-04 04:15:00;23,64
2018-01-04 04:30:00;22,08
2018-01-04 04:45:00;22,16
2018-01-04 05:00:00;21,36
2018-01-04 05:15:00;16,76
2018-01-04 05:30:00;17,56
2018-01-04 05:45:00;19,24
2018-01-04 06:00:00;20,32
2018-01-04 06:15:00;20,60
2018-01-04 06:30:00;19,52
2018-01-04 06:45:00;14,64
2018-01-04 07:00:00;13,76
2018-01-04 07:15:00;14,68
2018-01-04 07:30:00;16,60
2018-01-04 07:45:00;16,68
2018-01-04 08:00:00;19,60
2018-01-04 08:15:00;16,96
2018-01-04 08:30:00;13,40
2018-01-04 08:45:00;15,40
2018-01-04 09:00:00;13,64
2018-01-04 09:15:00;16,16
2018-01-04 09:30:00;19,40
2018-01-04 09:45:00;17,88
2018-01-04 10:00:00;17,40
2018-01-04 10:15:00;15,96
2018-01-04 10:30:00;16,00
2018-01-04 10:45:00;16,04
2018-01-04 11:00:00;18,04
2018-01-04 11:15:00;26,48
2018-01-04 11:30:00;26,96
2018-01-04 11:45:00;29,08
2018-01-04 12:00:00;26,20
2018-01-04 12:15:00;23,12
2018-01-04 12:30:00;21,16
2018-01-04 12:45:00;25,16
2018-01-04 13:00:00;23,80
2018-01-04 13:15:00;25,20
2018-01-04 13:30:00;23,44
2018-01-04 13:45:00;20,48
2018-01-04 14:00:00;21,08
2018-01-04 14:15:00;22,92
2018-01-04 14:30:00;23,28
2018-01-04 14:45:00;24,52
2018-01-04 15:00:00;29,44
2018-01-04 15:15:00;31,52
2018-01-04 15:30:00;32,08
2018-01-04 15:45:00;32,64
2018-01-04 16:00:00;30,48
2018-01-04 16:15:00;34,84
2018-01-04 16:30:00;36,52
2018-01-04 16:45:00;40,12
2018-01-04 17:00:00;38,48
2018-01-04 17:15:00;37,76
2018-01-04 17:30:00;33,20
2018-01-04 17:45:00;32,76
2018-01-04 18:00:00;34,16
2018-01-04 18:15:00;35,16
2018-01-04 18:30:00;34,52
2018-01-04 18:45:00;26,28
2018-01-04 19:00:00;23,60
2018-01-04 19:15:00;21,96
2018-01-04 19:30:00;21,08
2018-01-04 19:45:00;24,36
2018-01-04 20:00:00;26,80
2018-01-04 20:15:00;25,68
2018-01-04 20:30:00;21,36
2018-01-04 20:45:00;21,52
2018-01-04 21:00:00;22,60
2018-01-04 21:15:00;20,84
2018-01-04 21:30:00;23,40
2018-01-04 21:45:00;29,52
2018-01-04 22:00:00;30,84
2018-01-04 22:15:00;24,88
2018-01-04 22:30:00;22,96
2018-01-04 22:45:00;22,20
2018-01-04 23:00:00;23,36
2018-01-04 23:15:00;24,20
2018-01-04 23:30:00;26,40
2018-01-04 23:45:00;26,88
2018-01-05 00:00:00;21,84
2018-01-05 00:15:00;22,96
2018-01-05 00:30:00;22,88
2018-01-05 00:45:00;23,24
2018-01-05 01:00:00;25,04
2018-01-05 01:15:00;26,00
2018-01-05 01:30:00;27,20
2018-01-05 01:45:00;23,20
2018-01-05 02:00:00;21,64
2018-01-05 02:15:00;23,48
2018-01-05 02:30:00;23,24
2018-01-05 02:45:00;25,20
2018-01-05 03:00:00;24,76
2018-01-05 03:15:00;26,00
2018-01-05 03:30:00;23,40
2018-01-05 03:45:00;20,16
2018-01-05 04:00:00;21,48
2018-01-05 04:15:00;22,72
2018-01-05 04:30:00;23,32
2018-01-05 04:45:00;22,52
2018-01-05 05:00:00;23,56
2018-01-05 05:15:00;18,64
2018-01-05 05:30:00;17,80
2018-01-05 05:45:00;19,92
2018-01-05 06:00:00;21,04
2018-01-05 06:15:00;21,80
2018-01-05 06:30:00;22,68
2018-01-05 06:45:00;22,04
2018-01-05 07:00:00;19,44
2018-01-05 07:15:00;17,96
2018-01-05 07:30:00;17,04
2018-01-05 07:45:00;19,16
2018-01-05 08:00:00;20,40
2018-01-05 08:15:00;19,60
2018-01-05 08:30:00;21,52
2018-01-05 08:45:00;16,80
2018-01-05 09:00:00;16,12
2018-01-05 09:15:00;18,36
2018-01-05 09:30:00;19,72
2018-01-05 09:45:00;19,92
2018-01-05 10:00:00;19,72
2018-01-05 10:15:00;17,88
2018-01-05 10:30:00;16,68
2018-01-05 10:45:00;24,24
2018-01-05 11:00:00;22,16
2018-01-05 11:15:00;25,28
2018-01-05 11:30:00;29,60
2018-01-05 11:45:00;27,00
2018-01-05 12:00:00;25,64
2018-01-05 12:15:00;25,24
2018-01-05 12:30:00;23,80
2018-01-05 12:45:00;27,08
2018-01-05 13:00:00;28,60
2018-01-05 13:15:00;31,32
2018-01-05 13:30:00;29,76
2018-01-05 13:45:00;28,52
2018-01-05 14:00:00;21,96
2018-01-05 14:15:00;20,56
2018-01-05 14:30:00;17,56
2018-01-05 14:45:00;16,12
2018-01-05 15:00:00;16,56
2018-01-05 15:15:00;18,00
2018-01-05 15:30:00;16,92
2018-01-05 15:45:00;16,08
2018-01-05 16:00:00;29,28
2018-01-05 16:15:00;32,32
2018-01-05 16:30:00;34,84
2018-01-05 16:45:00;35,68
2018-01-05 17:00:00;35,40
2018-01-05 17:15:00;33,36
2018-01-05 17:30:00;29,16
2018-01-05 17:45:00;30,88
2018-01-05 18:00:00;30,40
2018-01-05 18:15:00;26,36
2018-01-05 18:30:00;29,44
2018-01-05 18:45:00;29,72
2018-01-05 19:00:00;27,40
2018-01-05 19:15:00;24,12
2018-01-05 19:30:00;27,20
2018-01-05 19:45:00;25,08
2018-01-05 20:00:00;25,48
2018-01-05 20:15:00;27,08
2018-01-05 20:30:00;29,12
2018-01-05 20:45:00;26,32
2018-01-05 21:00:00;22,96
2018-01-05 21:15:00;19,40
2018-01-05 21:30:00;19,20
2018-01-05 21:45:00;25,12
2018-01-05 22:00:00;27,16
2018-01-05 22:15:00;26,36
2018-01-05 22:30:00;24,48
2018-01-05 22:45:00;23,24
2018-01-05 23:00:00;23,24
2018-01-05 23:15:00;23,88
2018-01-05 23:30:00;23,56
2018-01-05 23:45:00;26,76
2018-01-06 00:00:00;28,16
2018-01-06 00:15:00;24,48
2018-01-06 00:30:00;23,68
2018-01-06 00:45:00;22,76
2018-01-06 01:00:00;23,20
2018-01-06 01:15:00;25,60
2018-01-06 01:30:00;26,40
2018-01-06 01:45:00;27,24
2018-01-06 02:00:00;23,00
2018-01-06 02:15:00;21,64
2018-01-06 02:30:00;22,84
2018-01-06 02:45:00;20,24
2018-01-06 03:00:00;23,88
2018-01-06 03:15:00;24,40
2018-01-06 03:30:00;23,40
2018-01-06 03:45:00;20,56
2018-01-06 04:00:00;19,44
2018-01-06 04:15:00;20,52
2018-01-06 04:30:00;19,24
2018-01-06 04:45:00;22,08
2018-01-06 05:00:00;24,36
2018-01-06 05:15:00;23,32
2018-01-06 05:30:00;19,20
2018-01-06 05:45:00;19,96
2018-01-06 06:00:00;20,32
2018-01-06 06:15:00;19,40
2018-01-06 06:30:00;22,88
2018-01-06 06:45:00;22,80
2018-01-06 07:00:00;23,04
2018-01-06 07:15:00;19,24
2018-01-06 07:30:00;18,20
2018-01-06 07:45:00;18,76
2018-01-06 08:00:00;16,32
2018-01-06 08:15:00;21,24
2018-01-06 08:30:00;23,80
2018-01-06 08:45:00;21,48
2018-01-06 09:00:00;16,08
2018-01-06 09:15:00;17,92
2018-01-06 09:30:00;18,04
2018-01-06 09:45:00;17,04
2018-01-06 10:00:00;21,96
2018-01-06 10:15:00;20,92
2018-01-06 10:30:00;19,92
2018-01-06 10:45:00;17,36
2018-01-06 11:00:00;18,04
2018-01-06 11:15:00;18,72
2018-01-06 11:30:00;16,88
2018-01-06 11:45:00;20,24
2018-01-06 12:00:00;21,48
2018-01-06 12:15:00;20,16
2018-01-06 12:30:00;18,24
2018-01-06 12:45:00;18,28
2018-01-06 13:00:00;16,56
2018-01-06 13:15:00;17,72
2018-01-06 13:30:00;22,12
2018-01-06 13:45:00;20,76
2018-01-06 14:00:00;20,52
2018-01-06 14:15:00;17,04
2018-01-06 14:30:00;19,04
2018-01-06 14:45:00;17,76
2018-01-06 15:00:00;16,76
2018-01-06 15:15:00;22,20
2018-01-06 15:30:00;20,48
2018-01-06 15:45:00;21,00
2018-01-06 16:00:00;17,80
2018-01-06 16:15:00;17,76
2018-01-06 16:30:00;18,52
2018-01-06 16:45:00;17,96
2018-01-06 17:00:00;21,24
2018-01-06 17:15:00;21,24
2018-01-06 17:30:00;20,16
2018-01-06 17:45:00;20,28
2018-01-06 18:00:00;23,32
2018-01-06 18:15:00;21,72
2018-01-06 18:30:00;23,76
2018-01-06 18:45:00;24,28
2018-01-06 19:00:00;24,12
2018-01-06 19:15:00;29,24
2018-01-06 19:30:00;22,72
2018-01-06 19:45:00;23,04
2018-01-06 20:00:00;22,40
2018-01-06 20:15:00;24,32
2018-01-06 20:30:00;26,44
2018-01-06 20:45:00;25,56
2018-01-06 21:00:00;23,72
2018-01-06 21:15:00;22,00
2018-01-06 21:30:00;24,16
2018-01-06 21:45:00;19,76
2018-01-06 22:00:00;19,60
2018-01-06 22:15:00;21,00
2018-01-06 22:30:00;20,80
2018-01-06 22:45:00;19,72
2018-01-06 23:00:00;17,44
2018-01-06 23:15:00;16,76
2018-01-06 23:30:00;18,32
2018-01-06 23:45:00;19,84
2018-01-07 00:00:00;20,24
2018-01-07 00:15:00;21,84
2018-01-07 00:30:00;19,20
2018-01-07 00:45:00;16,60
2018-01-07 01:00:00;18,76
2018-01-07 01:15:00;17,36
2018-01-07 01:30:00;19,16
2018-01-07 01:45:00;21,88
2018-01-07 02:00:00;21,12
2018-01-07 02:15:00;18,72
2018-01-07 02:30:00;17,88
2018-01-07 02:45:00;17,08
2018-01-07 03:00:00;15,88
2018-01-07 03:15:00;19,08
2018-01-07 03:30:00;19,20
2018-01-07 03:45:00;19,12
2018-01-07 04:00:00;17,28
2018-01-07 04:15:00;14,44
2018-01-07 04:30:00;14,32
2018-01-07 04:45:00;14,28
2018-01-07 05:00:00;17,52
2018-01-07 05:15:00;17,76
2018-01-07 05:30:00;17,64
2018-01-07 05:45:00;15,08
2018-01-07 06:00:00;14,08
2018-01-07 06:15:00;14,12
2018-01-07 06:30:00;14,52
2018-01-07 06:45:00;17,52
2018-01-07 07:00:00;17,16
2018-01-07 07:15:00;16,44
2018-01-07 07:30:00;13,48
2018-01-07 07:45:00;12,68
2018-01-07 08:00:00;12,40
2018-01-07 08:15:00;12,84
2018-01-07 08:30:00;15,96
2018-01-07 08:45:00;15,76
2018-01-07 09:00:00;15,40
2018-01-07 09:15:00;12,00
2018-01-07 09:30:00;11,80
2018-01-07 09:45:00;12,20
2018-01-07 10:00:00;13,36
2018-01-07 10:15:00;27,36
2018-01-07 10:30:00;29,72
2018-01-07 10:45:00;26,88
2018-01-07 11:00:00;24,64
2018-01-07 11:15:00;24,16
2018-01-07 11:30:00;23,80
2018-01-07 11:45:00;25,36
2018-01-07 12:00:00;27,12
2018-01-07 12:15:00;23,28
2018-01-07 12:30:00;19,00
2018-01-07 12:45:00;14,28
2018-01-07 13:00:00;13,64
2018-01-07 13:15:00;11,40
2018-01-07 13:30:00;12,84
2018-01-07 13:45:00;14,80
2018-01-07 14:00:00;15,12
2018-01-07 14:15:00;14,60
2018-01-07 14:30:00;11,68
2018-01-07 14:45:00;11,36
2018-01-07 15:00:00;11,72
2018-01-07 15:15:00;12,96
2018-01-07 15:30:00;15,20
2018-01-07 15:45:00;15,52
2018-01-07 16:00:00;14,44
2018-01-07 16:15:00;13,68
2018-01-07 16:30:00;15,24
2018-01-07 16:45:00;12,92
2018-01-07 17:00:00;14,72
2018-01-07 17:15:00;16,88
2018-01-07 17:30:00;17,16
2018-01-07 17:45:00;14,92
2018-01-07 18:00:00;16,04
2018-01-07 18:15:00;13,08
2018-01-07 18:30:00;12,52
2018-01-07 18:45:00;14,60
2018-01-07 19:00:00;16,36
2018-01-07 19:15:00;16,88
2018-01-07 19:30:00;16,24
2018-01-07 19:45:00;13,44
2018-01-07 20:00:00;13,08
2018-01-07 20:15:00;13,12
2018-01-07 20:30:00;14,72
2018-01-07 20:45:00;15,60
2018-01-07 21:00:00;15,52
2018-01-07 21:15:00;13,52
2018-01-07 21:30:00;12,56
2018-01-07 21:45:00;16,24
2018-01-07 22:00:00;17,56
2018-01-07 22:15:00;18,80
2018-01-07 22:30:00;19,72
2018-01-07 22:45:00;20,20
2018-01-07 23:00:00;17,64
2018-01-07 23:15:00;15,76
2018-01-07 23:30:00;16,12
2018-01-07 23:45:00;17,20
2018-01-08 00:00:00;18,88
2018-01-08 00:15:00;19,40
2018-01-08 00:30:00;20,20
2018-01-08 00:45:00;17,72
2018-01-08 01:00:00;15,92
2018-01-08 01:15:00;15,92
2018-01-08 01:30:00;16,16
2018-01-08 01:45:00;19,72
2018-01-08 02:00:00;19,56
2018-01-08 02:15:00;19,24
2018-01-08 02:30:00;18,08
2018-01-08 02:45:00;16,16
2018-01-08 03:00:00;16,52
2018-01-08 03:15:00;16,80
2018-01-08 03:30:00;18,80
2018-01-08 03:45:00;19,04
2018-01-08 04:00:00;19,88
2018-01-08 04:15:00;18,08
2018-01-08 04:30:00;16,04
2018-01-08 04:45:00;15,92
2018-01-08 05:00:00;16,60
2018-01-08 05:15:00;20,36
2018-01-08 05:30:00;19,64
2018-01-08 05:45:00;18,44
2018-01-08 06:00:00;16,04
2018-01-08 06:15:00;15,32
2018-01-08 06:30:00;18,88
2018-01-08 06:45:00;18,52
2018-01-08 07:00:00;23,84
2018-01-08 07:15:00;63,56
2018-01-08 07:30:00;95,56
2018-01-08 07:45:00;103,36
2018-01-08 08:00:00;109,80
2018-01-08 08:15:00;113,68
2018-01-08 08:30:00;106,88
2018-01-08 08:45:00;114,08
2018-01-08 09:00:00;125,64
2018-01-08 09:15:00;106,16
2018-01-08 09:30:00;114,52
2018-01-08 09:45:00;115,96
2018-01-08 10:00:00;121,48
2018-01-08 10:15:00;125,68
2018-01-08 10:30:00;131,80
2018-01-08 10:45:00;129,32
2018-01-08 11:00:00;122,72
2018-01-08 11:15:00;125,84
2018-01-08 11:30:00;121,84
2018-01-08 11:45:00;119,00
2018-01-08 12:00:00;122,52
2018-01-08 12:15:00;97,56
2018-01-08 12:30:00;93,36
2018-01-08 12:45:00;108,24
2018-01-08 13:00:00;120,24
2018-01-08 13:15:00;124,28
2018-01-08 13:30:00;121,48
2018-01-08 13:45:00;117,52
2018-01-08 14:00:00;121,16
2018-01-08 14:15:00;123,64
2018-01-08 14:30:00;130,28
2018-01-08 14:45:00;129,56
2018-01-08 15:00:00;119,68
2018-01-08 15:15:00;120,76
2018-01-08 15:30:00;122,04
2018-01-08 15:45:00;123,40
2018-01-08 16:00:00;128,36
2018-01-08 16:15:00;126,28
2018-01-08 16:30:00;124,00
2018-01-08 16:45:00;100,88
2018-01-08 17:00:00;82,64
2018-01-08 17:15:00;69,16
2018-01-08 17:30:00;58,84
2018-01-08 17:45:00;48,52
2018-01-08 18:00:00;45,24
2018-01-08 18:15:00;42,08
2018-01-08 18:30:00;39,56
2018-01-08 18:45:00;38,36
2018-01-08 19:00:00;36,24
2018-01-08 19:15:00;38,12
2018-01-08 19:30:00;37,00
2018-01-08 19:45:00;35,28
2018-01-08 20:00:00;33,44
2018-01-08 20:15:00;34,04
2018-01-08 20:30:00;33,80
2018-01-08 20:45:00;29,04
2018-01-08 21:00:00;31,96
2018-01-08 21:15:00;29,72
2018-01-08 21:30:00;31,36
2018-01-08 21:45:00;35,40
2018-01-08 22:00:00;33,92
2018-01-08 22:15:00;35,16
2018-01-08 22:30:00;35,88
2018-01-08 22:45:00;35,32
2018-01-08 23:00:00;34,60
2018-01-08 23:15:00;35,60
2018-01-08 23:30:00;36,04
2018-01-08 23:45:00;34,16
2018-01-09 00:00:00;35,24
2018-01-09 00:15:00;34,52
2018-01-09 00:30:00;34,84
2018-01-09 00:45:00;34,28
2018-01-09 01:00:00;35,32
2018-01-09 01:15:00;35,32
2018-01-09 01:30:00;34,88
2018-01-09 01:45:00;33,96
2018-01-09 02:00:00;35,04
2018-01-09 02:15:00;34,60
2018-01-09 02:30:00;36,04
2018-01-09 02:45:00;33,48
2018-01-09 03:00:00;35,80
2018-01-09 03:15:00;35,04
2018-01-09 03:30:00;34,28
2018-01-09 03:45:00;35,32
2018-01-09 04:00:00;33,76
2018-01-09 04:15:00;33,44
2018-01-09 04:30:00;32,00
2018-01-09 04:45:00;31,36
2018-01-09 05:00:00;31,84
2018-01-09 05:15:00;31,64
2018-01-09 05:30:00;28,04
2018-01-09 05:45:00;29,08
2018-01-09 06:00:00;29,04
2018-01-09 06:15:00;28,80
2018-01-09 06:30:00;30,64
2018-01-09 06:45:00;40,00
2018-01-09 07:00:00;51,08
2018-01-09 07:15:00;91,36
2018-01-09 07:30:00;107,64
2018-01-09 07:45:00;122,20
2018-01-09 08:00:00;127,44
2018-01-09 08:15:00;129,68
2018-01-09 08:30:00;127,68
2018-01-09 08:45:00;131,20
2018-01-09 09:00:00;122,64
2018-01-09 09:15:00;106,60
2018-01-09 09:30:00;119,32
2018-01-09 09:45:00;123,28
2018-01-09 10:00:00;120,00
2018-01-09 10:15:00;128,36
2018-01-09 10:30:00;122,88
2018-01-09 10:45:00;112,28
2018-01-09 11:00:00;112,36
2018-01-09 11:15:00;117,40
2018-01-09 11:30:00;126,12
2018-01-09 11:45:00;116,56
2018-01-09 12:00:00;118,32
2018-01-09 12:15:00;109,76
2018-01-09 12:30:00;107,24
2018-01-09 12:45:00;112,80
2018-01-09 13:00:00;112,48
2018-01-09 13:15:00;121,56
2018-01-09 13:30:00;126,36
2018-01-09 13:45:00;128,56
2018-01-09 14:00:00;121,44
2018-01-09 14:15:00;134,52
2018-01-09 14:30:00;122,92
2018-01-09 14:45:00;129,44
2018-01-09 15:00:00;134,04
2018-01-09 15:15:00;129,80
2018-01-09 15:30:00;125,48
2018-01-09 15:45:00;121,92
2018-01-09 16:00:00;122,80
2018-01-09 16:15:00;118,36
2018-01-09 16:30:00;122,08
2018-01-09 16:45:00;106,60
2018-01-09 17:00:00;96,84
2018-01-09 17:15:00;78,00
2018-01-09 17:30:00;70,60
2018-01-09 17:45:00;48,80
2018-01-09 18:00:00;39,76
2018-01-09 18:15:00;38,00
2018-01-09 18:30:00;34,40
2018-01-09 18:45:00;30,56
2018-01-09 19:00:00;32,08
2018-01-09 19:15:00;29,40
2018-01-09 19:30:00;30,16
2018-01-09 19:45:00;32,16
2018-01-09 20:00:00;29,24
2018-01-09 20:15:00;28,96
2018-01-09 20:30:00;30,40
2018-01-09 20:45:00;30,12
2018-01-09 21:00:00;28,72
2018-01-09 21:15:00;29,40
2018-01-09 21:30:00;29,52
2018-01-09 21:45:00;34,40
2018-01-09 22:00:00;34,04
2018-01-09 22:15:00;34,72
2018-01-09 22:30:00;34,24
2018-01-09 22:45:00;33,88
2018-01-09 23:00:00;33,60
2018-01-09 23:15:00;34,72
2018-01-09 23:30:00;33,36
2018-01-09 23:45:00;34,52
2018-01-10 00:00:00;33,92
2018-01-10 00:15:00;33,08
2018-01-10 00:30:00;33,40
2018-01-10 00:45:00;34,36
2018-01-10 01:00:00;34,48
2018-01-10 01:15:00;33,40
2018-01-10 01:30:00;33,84
2018-01-10 01:45:00;34,20
2018-01-10 02:00:00;34,00
2018-01-10 02:15:00;33,16
2018-01-10 02:30:00;35,44
2018-01-10 02:45:00;33,12
2018-01-10 03:00:00;34,68
2018-01-10 03:15:00;35,00
2018-01-10 03:30:00;32,84
2018-01-10 03:45:00;31,36
2018-01-10 04:00:00;33,04
2018-01-10 04:15:00;32,32
2018-01-10 04:30:00;30,40
2018-01-10 04:45:00;28,92
2018-01-10 05:00:00;29,12
2018-01-10 05:15:00;28,56
2018-01-10 05:30:00;28,52
2018-01-10 05:45:00;27,84
2018-01-10 06:00:00;28,88
2018-01-10 06:15:00;32,80
2018-01-10 06:30:00;40,88
2018-01-10 06:45:00;47,96
2018-01-10 07:00:00;63,36
2018-01-10 07:15:00;91,52
2018-01-10 07:30:00;113,44
2018-01-10 07:45:00;118,36
2018-01-10 08:00:00;110,28
2018-01-10 08:15:00;111,28
2018-01-10 08:30:00;111,40
2018-01-10 08:45:00;109,84
2018-01-10 09:00:00;122,40
2018-01-10 09:15:00;98,24
2018-01-10 09:30:00;97,40
2018-01-10 09:45:00;116,40
2018-01-10 10:00:00;106,56
2018-01-10 10:15:00;113,48
2018-01-10 10:30:00;109,44
2018-01-10 10:45:00;125,16
2018-01-10 11:00:00;124,04
2018-01-10 11:15:00;120,72
2018-01-10 11:30:00;117,12
2018-01-10 11:45:00;119,08
2018-01-10 12:00:00;118,16
2018-01-10 12:15:00;97,08
2018-01-10 12:30:00;91,88
2018-01-10 12:45:00;99,56
2018-01-10 13:00:00;116,40
2018-01-10 13:15:00;116,28
2018-01-10 13:30:00;116,24
2018-01-10 13:45:00;113,56
2018-01-10 14:00:00;115,56
2018-01-10 14:15:00;114,96
2018-01-10 14:30:00;106,64
2018-01-10 14:45:00;112,16
2018-01-10 15:00:00;109,64
2018-01-10 15:15:00;107,12
2018-01-10 15:30:00;112,40
2018-01-10 15:45:00;114,44
2018-01-10 16:00:00;116,48
2018-01-10 16:15:00;116,64
2018-01-10 16:30:00;113,56
2018-01-10 16:45:00;96,36
2018-01-10 17:00:00;83,12
2018-01-10 17:15:00;69,64
2018-01-10 17:30:00;66,24
2018-01-10 17:45:00;49,60
2018-01-10 18:00:00;45,20
2018-01-10 18:15:00;43,56
2018-01-10 18:30:00;40,48
2018-01-10 18:45:00;35,52
2018-01-10 19:00:00;35,60
2018-01-10 19:15:00;34,80
2018-01-10 19:30:00;36,12
2018-01-10 19:45:00;39,04
2018-01-10 20:00:00;37,64
2018-01-10 20:15:00;39,88
2018-01-10 20:30:00;33,64
2018-01-10 20:45:00;33,96
2018-01-10 21:00:00;33,92
2018-01-10 21:15:00;33,60
2018-01-10 21:30:00;37,32
2018-01-10 21:45:00;40,84
2018-01-10 22:00:00;40,56
2018-01-10 22:15:00;38,08
2018-01-10 22:30:00;37,44
2018-01-10 22:45:00;35,52
2018-01-10 23:00:00;36,08
2018-01-10 23:15:00;38,76
2018-01-10 23:30:00;39,56
2018-01-10 23:45:00;37,24
2018-01-11 00:00:00;37,40
2018-01-11 00:15:00;35,88
2018-01-11 00:30:00;34,56
2018-01-11 00:45:00;37,12
2018-01-11 01:00:00;38,04
2018-01-11 01:15:00;39,64
2018-01-11 01:30:00;38,68
2018-01-11 01:45:00;37,00
2018-01-11 02:00:00;34,64
2018-01-11 02:15:00;36,32
2018-01-11 02:30:00;35,68
2018-01-11 02:45:00;39,04
2018-01-11 03:00:00;39,40
2018-01-11 03:15:00;39,04
2018-01-11 03:30:00;35,72
2018-01-11 03:45:00;35,32
2018-01-11 04:00:00;36,56
2018-01-11 04:15:00;35,20
2018-01-11 04:30:00;39,12
2018-01-11 04:45:00;36,76
2018-01-11 05:00:00;35,36
2018-01-11 05:15:00;33,28
2018-01-11 05:30:00;31,36
2018-01-11 05:45:00;28,80
2018-01-11 06:00:00;30,04
2018-01-11 06:15:00;32,40
2018-01-11 06:30:00;42,60
2018-01-11 06:45:00;43,92
2018-01-11 07:00:00;46,16
2018-01-11 07:15:00;86,92
2018-01-11 07:30:00;122,24
2018-01-11 07:45:00;128,28
2018-01-11 08:00:00;126,48
2018-01-11 08:15:00;127,60
2018-01-11 08:30:00;126,80
2018-01-11 08:45:00;131,04
2018-01-11 09:00:00;132,56
2018-01-11 09:15:00;115,28
2018-01-11 09:30:00;127,20
2018-01-11 09:45:00;136,48
2018-01-11 10:00:00;141,32
2018-01-11 10:15:00;138,84
2018-01-11 10:30:00;143,56
2018-01-11 10:45:00;136,76
2018-01-11 11:00:00;142,40
2018-01-11 11:15:00;141,08
2018-01-11 11:30:00;137,00
2018-01-11 11:45:00;138,48
2018-01-11 12:00:00;141,72
2018-01-11 12:15:00;129,44
2018-01-11 12:30:00;118,40
2018-01-11 12:45:00;121,88
2018-01-11 13:00:00;125,80
2018-01-11 13:15:00;143,12
2018-01-11 13:30:00;144,12
2018-01-11 13:45:00;148,20
2018-01-11 14:00:00;144,32
2018-01-11 14:15:00;153,04
2018-01-11 14:30:00;133,64
2018-01-11 14:45:00;140,72
2018-01-11 15:00:00;141,08
2018-01-11 15:15:00;148,92
2018-01-11 15:30:00;151,32
2018-01-11 15:45:00;148,92
2018-01-11 16:00:00;127,60
2018-01-11 16:15:00;124,68
2018-01-11 16:30:00;115,04
2018-01-11 16:45:00;85,52
2018-01-11 17:00:00;85,60
2018-01-11 17:15:00;63,24
2018-01-11 17:30:00;57,12
2018-01-11 17:45:00;52,48
2018-01-11 18:00:00;45,60
2018-01-11 18:15:00;43,16
2018-01-11 18:30:00;41,60
2018-01-11 18:45:00;41,72
2018-01-11 19:00:00;43,88
2018-01-11 19:15:00;41,00
2018-01-11 19:30:00;39,56
2018-01-11 19:45:00;38,88
2018-01-11 20:00:00;38,96
2018-01-11 20:15:00;37,08
2018-01-11 20:30:00;36,44
2018-01-11 20:45:00;37,88
2018-01-11 21:00:00;34,16
2018-01-11 21:15:00;31,76
2018-01-11 21:30:00;34,00
2018-01-11 21:45:00;39,08
2018-01-11 22:00:00;39,84
2018-01-11 22:15:00;39,56
2018-01-11 22:30:00;39,72
2018-01-11 22:45:00;39,08
2018-01-11 23:00:00;35,68
2018-01-11 23:15:00;34,28
2018-01-11 23:30:00;36,44
2018-01-11 23:45:00;36,48
2018-01-12 00:00:00;37,28
2018-01-12 00:15:00;37,08
2018-01-12 00:30:00;35,76
2018-01-12 00:45:00;33,36
2018-01-12 01:00:00;33,24
2018-01-12 01:15:00;35,96
2018-01-12 01:30:00;37,00
2018-01-12 01:45:00;35,80
2018-01-12 02:00:00;36,12
2018-01-12 02:15:00;36,92
2018-01-12 02:30:00;34,12
2018-01-12 02:45:00;33,04
2018-01-12 03:00:00;34,60
2018-01-12 03:15:00;37,00
2018-01-12 03:30:00;37,00
2018-01-12 03:45:00;36,16
2018-01-12 04:00:00;36,44
2018-01-12 04:15:00;33,72
2018-01-12 04:30:00;33,08
2018-01-12 04:45:00;33,80
2018-01-12 05:00:00;38,48
2018-01-12 05:15:00;36,00
2018-01-12 05:30:00;34,12
2018-01-12 05:45:00;34,72
2018-01-12 06:00:00;29,84
2018-01-12 06:15:00;30,24
2018-01-12 06:30:00;46,92
2018-01-12 06:45:00;58,32
2018-01-12 07:00:00;63,40
2018-01-12 07:15:00;105,52
2018-01-12 07:30:00;128,96
2018-01-12 07:45:00;131,44
2018-01-12 08:00:00;135,52
2018-01-12 08:15:00;136,96
2018-01-12 08:30:00;142,04
2018-01-12 08:45:00;137,56
2018-01-12 09:00:00;146,08
2018-01-12 09:15:00;125,96
2018-01-12 09:30:00;125,04
2018-01-12 09:45:00;146,48
2018-01-12 10:00:00;148,64
2018-01-12 10:15:00;153,24
2018-01-12 10:30:00;146,52
2018-01-12 10:45:00;148,12
2018-01-12 11:00:00;153,60
2018-01-12 11:15:00;146,48
2018-01-12 11:30:00;141,96
2018-01-12 11:45:00;147,64
2018-01-12 12:00:00;131,52
2018-01-12 12:15:00;101,80
2018-01-12 12:30:00;99,92
2018-01-12 12:45:00;106,56
2018-01-12 13:00:00;111,40
2018-01-12 13:15:00;112,88
2018-01-12 13:30:00;123,16
2018-01-12 13:45:00;131,16
2018-01-12 14:00:00;122,00
2018-01-12 14:15:00;115,84
2018-01-12 14:30:00;113,48
2018-01-12 14:45:00;121,52
2018-01-12 15:00:00;98,04
2018-01-12 15:15:00;86,96
2018-01-12 15:30:00;80,28
2018-01-12 15:45:00;54,68
2018-01-12 16:00:00;44,48
2018-01-12 16:15:00;44,20
2018-01-12 16:30:00;44,04
2018-01-12 16:45:00;43,68
2018-01-12 17:00:00;44,72
2018-01-12 17:15:00;45,36
2018-01-12 17:30:00;45,44
2018-01-12 17:45:00;44,24
2018-01-12 18:00:00;42,32
2018-01-12 18:15:00;42,40
2018-01-12 18:30:00;40,24
2018-01-12 18:45:00;38,96
2018-01-12 19:00:00;41,16
2018-01-12 19:15:00;41,80
2018-01-12 19:30:00;41,44
2018-01-12 19:45:00;32,00
2018-01-12 20:00:00;28,88
2018-01-12 20:15:00;27,00
2018-01-12 20:30:00;27,96
2018-01-12 20:45:00;29,40
2018-01-12 21:00:00;30,68
2018-01-12 21:15:00;32,12
2018-01-12 21:30:00;28,32
2018-01-12 21:45:00;24,88
2018-01-12 22:00:00;24,24
2018-01-12 22:15:00;24,48
2018-01-12 22:30:00;24,84
2018-01-12 22:45:00;27,12
2018-01-12 23:00:00;27,20
2018-01-12 23:15:00;23,88
2018-01-12 23:30:00;22,12
2018-01-12 23:45:00;23,40
2018-01-13 00:00:00;24,56
2018-01-13 00:15:00;25,48
2018-01-13 00:30:00;26,12
2018-01-13 00:45:00;26,56
2018-01-13 01:00:00;24,44
2018-01-13 01:15:00;22,44
2018-01-13 01:30:00;23,08
2018-01-13 01:45:00;24,04
2018-01-13 02:00:00;26,92
2018-01-13 02:15:00;25,96
2018-01-13 02:30:00;26,64
2018-01-13 02:45:00;23,92
2018-01-13 03:00:00;22,56
2018-01-13 03:15:00;21,76
2018-01-13 03:30:00;22,88
2018-01-13 03:45:00;25,08
2018-01-13 04:00:00;24,92
2018-01-13 04:15:00;23,76
2018-01-13 04:30:00;20,72
2018-01-13 04:45:00;20,16
2018-01-13 05:00:00;19,96
2018-01-13 05:15:00;19,68
2018-01-13 05:30:00;21,36
2018-01-13 05:45:00;20,44
2018-01-13 06:00:00;21,20
2018-01-13 06:15:00;19,32
2018-01-13 06:30:00;20,48
2018-01-13 06:45:00;21,76
2018-01-13 07:00:00;26,08
2018-01-13 07:15:00;26,64
2018-01-13 07:30:00;31,12
2018-01-13 07:45:00;30,92
2018-01-13 08:00:00;26,84
2018-01-13 08:15:00;25,44
2018-01-13 08:30:00;25,68
2018-01-13 08:45:00;27,80
2018-01-13 09:00:00;30,32
2018-01-13 09:15:00;27,04
2018-01-13 09:30:00;24,36
2018-01-13 09:45:00;20,96
2018-01-13 10:00:00;21,48
2018-01-13 10:15:00;21,20
2018-01-13 10:30:00;20,80
2018-01-13 10:45:00;21,36
2018-01-13 11:00:00;21,88
2018-01-13 11:15:00;22,68
2018-01-13 11:30:00;20,52
2018-01-13 11:45:00;19,44
2018-01-13 12:00:00;19,12
2018-01-13 12:15:00;20,56
2018-01-13 12:30:00;22,48
2018-01-13 12:45:00;23,40
2018-01-13 13:00:00;21,92
2018-01-13 13:15:00;17,28
2018-01-13 13:30:00;18,36
2018-01-13 13:45:00;17,12
2018-01-13 14:00:00;21,76
2018-01-13 14:15:00;23,40
2018-01-13 14:30:00;20,96
2018-01-13 14:45:00;19,96
2018-01-13 15:00:00;17,44
2018-01-13 15:15:00;19,28
2018-01-13 15:30:00;19,80
2018-01-13 15:45:00;20,28
2018-01-13 16:00:00;21,64
2018-01-13 16:15:00;20,36
2018-01-13 16:30:00;20,32
2018-01-13 16:45:00;21,00
2018-01-13 17:00:00;19,96
2018-01-13 17:15:00;18,24
2018-01-13 17:30:00;20,60
2018-01-13 17:45:00;24,20
2018-01-13 18:00:00;27,88
2018-01-13 18:15:00;26,04
2018-01-13 18:30:00;24,00
2018-01-13 18:45:00;24,48
2018-01-13 19:00:00;23,64
2018-01-13 19:15:00;27,92
2018-01-13 19:30:00;27,84
2018-01-13 19:45:00;23,96
2018-01-13 20:00:00;21,36
2018-01-13 20:15:00;20,72
2018-01-13 20:30:00;22,36
2018-01-13 20:45:00;21,96
2018-01-13 21:00:00;22,88
2018-01-13 21:15:00;23,72
2018-01-13 21:30:00;24,12
2018-01-13 21:45:00;27,04
2018-01-13 22:00:00;26,88
2018-01-13 22:15:00;24,76
2018-01-13 22:30:00;25,84
2018-01-13 22:45:00;27,28
2018-01-13 23:00:00;28,12
2018-01-13 23:15:00;29,56
2018-01-13 23:30:00;25,48
2018-01-13 23:45:00;24,48
2018-01-14 00:00:00;22,68
2018-01-14 00:15:00;24,88
2018-01-14 00:30:00;29,88
2018-01-14 00:45:00;28,56
2018-01-14 01:00:00;28,24
2018-01-14 01:15:00;23,72
2018-01-14 01:30:00;24,72
2018-01-14 01:45:00;26,48
2018-01-14 02:00:00;27,72
2018-01-14 02:15:00;26,08
2018-01-14 02:30:00;27,04
2018-01-14 02:45:00;27,04
2018-01-14 03:00:00;25,76
2018-01-14 03:15:00;26,16
2018-01-14 03:30:00;23,12
2018-01-14 03:45:00;26,28
2018-01-14 04:00:00;25,24
2018-01-14 04:15:00;29,24
2018-01-14 04:30:00;29,64
2018-01-14 04:45:00;24,96
2018-01-14 05:00:00;24,24
2018-01-14 05:15:00;23,40
2018-01-14 05:30:00;25,00
2018-01-14 05:45:00;27,12
2018-01-14 06:00:00;25,76
2018-01-14 06:15:00;25,80
2018-01-14 06:30:00;21,84
2018-01-14 06:45:00;21,20
2018-01-14 07:00:00;22,04
2018-01-14 07:15:00;22,12
2018-01-14 07:30:00;22,96
2018-01-14 07:45:00;21,16
2018-01-14 08:00:00;20,84
2018-01-14 08:15:00;20,32
2018-01-14 08:30:00;18,40
2018-01-14 08:45:00;18,92
2018-01-14 09:00:00;20,80
2018-01-14 09:15:00;22,16
2018-01-14 09:30:00;22,44
2018-01-14 09:45:00;22,88
2018-01-14 10:00:00;27,88
2018-01-14 10:15:00;32,56
2018-01-14 10:30:00;31,96
2018-01-14 10:45:00;24,72
2018-01-14 11:00:00;26,92
2018-01-14 11:15:00;30,88
2018-01-14 11:30:00;32,04
2018-01-14 11:45:00;26,08
2018-01-14 12:00:00;22,72
2018-01-14 12:15:00;22,88
2018-01-14 12:30:00;25,32
2018-01-14 12:45:00;27,32
2018-01-14 13:00:00;31,12
2018-01-14 13:15:00;28,40
2018-01-14 13:30:00;24,60
2018-01-14 13:45:00;23,84
2018-01-14 14:00:00;23,12
2018-01-14 14:15:00;23,92
2018-01-14 14:30:00;26,48
2018-01-14 14:45:00;25,76
2018-01-14 15:00:00;26,80
2018-01-14 15:15:00;23,16
2018-01-14 15:30:00;22,08
2018-01-14 15:45:00;23,64
2018-01-14 16:00:00;25,28
2018-01-14 16:15:00;26,20
2018-01-14 16:30:00;27,00
2018-01-14 16:45:00;26,60
2018-01-14 17:00:00;24,20
2018-01-14 17:15:00;25,40
2018-01-14 17:30:00;23,84
2018-01-14 17:45:00;28,72
2018-01-14 18:00:00;27,04
2018-01-14 18:15:00;36,84
2018-01-14 18:30:00;37,28
2018-01-14 18:45:00;36,88
2018-01-14 19:00:00;25,40
2018-01-14 19:15:00;24,24
2018-01-14 19:30:00;27,52
2018-01-14 19:45:00;30,20
2018-01-14 20:00:00;28,72
2018-01-14 20:15:00;25,20
2018-01-14 20:30:00;23,84
2018-01-14 20:45:00;23,36
2018-01-14 21:00:00;23,44
2018-01-14 21:15:00;25,24
2018-01-14 21:30:00;27,00
2018-01-14 21:45:00;29,80
2018-01-14 22:00:00;27,64
2018-01-14 22:15:00;25,56
2018-01-14 22:30:00;27,36
2018-01-14 22:45:00;25,84
2018-01-14 23:00:00;29,08
2018-01-14 23:15:00;29,68
2018-01-14 23:30:00;30,80
2018-01-14 23:45:00;26,52
2018-01-15 00:00:00;25,92
2018-01-15 00:15:00;26,28
2018-01-15 00:30:00;26,80
2018-01-15 00:45:00;28,52
2018-01-15 01:00:00;29,68
2018-01-15 01:15:00;29,48
2018-01-15 01:30:00;27,56
2018-01-15 01:45:00;25,16
2018-01-15 02:00:00;26,12
2018-01-15 02:15:00;26,72
2018-01-15 02:30:00;30,08
2018-01-15 02:45:00;28,76
2018-01-15 03:00:00;28,84
2018-01-15 03:15:00;27,88
2018-01-15 03:30:00;25,24
2018-01-15 03:45:00;26,20
2018-01-15 04:00:00;26,64
2018-01-15 04:15:00;30,32
2018-01-15 04:30:00;28,24
2018-01-15 04:45:00;29,16
2018-01-15 05:00:00;26,84
2018-01-15 05:15:00;26,96
2018-01-15 05:30:00;25,40
2018-01-15 05:45:00;26,48
2018-01-15 06:00:00;29,56
2018-01-15 06:15:00;30,84
2018-01-15 06:30:00;40,48
2018-01-15 06:45:00;35,08
2018-01-15 07:00:00;37,40
2018-01-15 07:15:00;83,44
2018-01-15 07:30:00;118,72
2018-01-15 07:45:00;125,28
2018-01-15 08:00:00;126,08
2018-01-15 08:15:00;130,20
2018-01-15 08:30:00;137,52
2018-01-15 08:45:00;134,04
2018-01-15 09:00:00;143,68
2018-01-15 09:15:00;125,36
2018-01-15 09:30:00;146,28
2018-01-15 09:45:00;153,20
2018-01-15 10:00:00;161,16
2018-01-15 10:15:00;153,04
2018-01-15 10:30:00;159,08
2018-01-15 10:45:00;164,84
2018-01-15 11:00:00;160,84
2018-01-15 11:15:00;165,44
2018-01-15 11:30:00;166,68
2018-01-15 11:45:00;168,88
2018-01-15 12:00:00;159,20
2018-01-15 12:15:00;131,92
2018-01-15 12:30:00;113,24
2018-01-15 12:45:00;129,24
2018-01-15 13:00:00;143,12
2018-01-15 13:15:00;143,80
2018-01-15 13:30:00;157,24
2018-01-15 13:45:00;159,16
2018-01-15 14:00:00;149,64
2018-01-15 14:15:00;151,72
2018-01-15 14:30:00;156,56
2018-01-15 14:45:00;154,04
2018-01-15 15:00:00;171,12
2018-01-15 15:15:00;163,76
2018-01-15 15:30:00;157,08
2018-01-15 15:45:00;157,28
2018-01-15 16:00:00;151,32
2018-01-15 16:15:00;153,24
2018-01-15 16:30:00;141,72
2018-01-15 16:45:00;123,40
2018-01-15 17:00:00;127,24
2018-01-15 17:15:00;95,48
2018-01-15 17:30:00;80,52
2018-01-15 17:45:00;53,60
2018-01-15 18:00:00;49,88
2018-01-15 18:15:00;42,08
2018-01-15 18:30:00;41,04
2018-01-15 18:45:00;37,80
2018-01-15 19:00:00;37,40
2018-01-15 19:15:00;33,12
2018-01-15 19:30:00;33,60
2018-01-15 19:45:00;33,76
2018-01-15 20:00:00;36,20
2018-01-15 20:15:00;37,84
2018-01-15 20:30:00;40,44
2018-01-15 20:45:00;37,04
2018-01-15 21:00:00;32,80
2018-01-15 21:15:00;31,48
2018-01-15 21:30:00;32,52
2018-01-15 21:45:00;35,92
2018-01-15 22:00:00;39,36
2018-01-15 22:15:00;38,28
2018-01-15 22:30:00;34,16
2018-01-15 22:45:00;35,60
2018-01-15 23:00:00;35,72
2018-01-15 23:15:00;34,16
2018-01-15 23:30:00;37,00
2018-01-15 23:45:00;38,24
2018-01-16 00:00:00;37,80
2018-01-16 00:15:00;35,44
2018-01-16 00:30:00;34,24
2018-01-16 00:45:00;35,40
2018-01-16 01:00:00;34,52
2018-01-16 01:15:00;36,28
2018-01-16 01:30:00;38,24
2018-01-16 01:45:00;37,56
2018-01-16 02:00:00;35,72
2018-01-16 02:15:00;33,88
2018-01-16 02:30:00;35,08
2018-01-16 02:45:00;34,36
2018-01-16 03:00:00;36,16
2018-01-16 03:15:00;39,24
2018-01-16 03:30:00;37,12
2018-01-16 03:45:00;35,24
2018-01-16 04:00:00;34,44
2018-01-16 04:15:00;34,00
2018-01-16 04:30:00;35,12
2018-01-16 04:45:00;37,40
2018-01-16 05:00:00;37,00
2018-01-16 05:15:00;36,96
2018-01-16 05:30:00;35,80
2018-01-16 05:45:00;32,56
2018-01-16 06:00:00;32,92
2018-01-16 06:15:00;38,72
2018-01-16 06:30:00;51,72
2018-01-16 06:45:00;56,60
2018-01-16 07:00:00;71,20
2018-01-16 07:15:00;127,64
2018-01-16 07:30:00;147,40
2018-01-16 07:45:00;140,84
2018-01-16 08:00:00;141,64
2018-01-16 08:15:00;154,08
2018-01-16 08:30:00;159,40
2018-01-16 08:45:00;158,76
2018-01-16 09:00:00;158,40
2018-01-16 09:15:00;138,24
2018-01-16 09:30:00;147,68
2018-01-16 09:45:00;156,20
2018-01-16 10:00:00;156,80
2018-01-16 10:15:00;163,96
2018-01-16 10:30:00;163,92
2018-01-16 10:45:00;161,20
2018-01-16 11:00:00;151,00
2018-01-16 11:15:00;156,56
2018-01-16 11:30:00;151,04
2018-01-16 11:45:00;148,24
2018-01-16 12:00:00;151,36
2018-01-16 12:15:00;128,76
2018-01-16 12:30:00;116,96
2018-01-16 12:45:00;119,92
2018-01-16 13:00:00;134,92
2018-01-16 13:15:00;146,52
2018-01-16 13:30:00;143,68
2018-01-16 13:45:00;144,76
2018-01-16 14:00:00;150,20
2018-01-16 14:15:00;154,32
2018-01-16 14:30:00;150,88
2018-01-16 14:45:00;156,88
2018-01-16 15:00:00;149,72
2018-01-16 15:15:00;147,88
2018-01-16 15:30:00;149,16
2018-01-16 15:45:00;155,12
2018-01-16 16:00:00;156,28
2018-01-16 16:15:00;150,80
2018-01-16 16:30:00;140,72
2018-01-16 16:45:00;128,76
2018-01-16 17:00:00;128,28
2018-01-16 17:15:00;100,76
2018-01-16 17:30:00;92,96
2018-01-16 17:45:00;59,64
2018-01-16 18:00:00;46,96
2018-01-16 18:15:00;39,96
2018-01-16 18:30:00;44,92
2018-01-16 18:45:00;54,12
2018-01-16 19:00:00;51,68
2018-01-16 19:15:00;47,16
2018-01-16 19:30:00;55,24
2018-01-16 19:45:00;53,28
2018-01-16 20:00:00;45,84
2018-01-16 20:15:00;45,04
2018-01-16 20:30:00;40,80
2018-01-16 20:45:00;36,12
2018-01-16 21:00:00;37,44
2018-01-16 21:15:00;36,80
2018-01-16 21:30:00;34,88
2018-01-16 21:45:00;36,96
2018-01-16 22:00:00;36,72
2018-01-16 22:15:00;39,28
2018-01-16 22:30:00;39,16
2018-01-16 22:45:00;38,88
2018-01-16 23:00:00;40,32
2018-01-16 23:15:00;35,16
2018-01-16 23:30:00;35,48
2018-01-16 23:45:00;37,80
2018-01-17 00:00:00;36,72
2018-01-17 00:15:00;37,20
2018-01-17 00:30:00;39,36
2018-01-17 00:45:00;38,60
2018-01-17 01:00:00;35,12
2018-01-17 01:15:00;34,40
2018-01-17 01:30:00;36,52
2018-01-17 01:45:00;36,96
2018-01-17 02:00:00;36,28
2018-01-17 02:15:00;38,12
2018-01-17 02:30:00;36,60
2018-01-17 02:45:00;34,16
2018-01-17 03:00:00;32,64
2018-01-17 03:15:00;32,08
2018-01-17 03:30:00;33,84
2018-01-17 03:45:00;35,60
2018-01-17 04:00:00;34,24
2018-01-17 04:15:00;34,56
2018-01-17 04:30:00;28,44
2018-01-17 04:45:00;30,76
2018-01-17 05:00:00;29,08
2018-01-17 05:15:00;31,24
2018-01-17 05:30:00;30,60
2018-01-17 05:45:00;32,64
2018-01-17 06:00:00;29,44
2018-01-17 06:15:00;28,12
2018-01-17 06:30:00;42,48
2018-01-17 06:45:00;45,60
2018-01-17 07:00:00;50,36
2018-01-17 07:15:00;75,84
2018-01-17 07:30:00;88,28
2018-01-17 07:45:00;126,08
2018-01-17 08:00:00;126,64
2018-01-17 08:15:00;133,20
2018-01-17 08:30:00;139,24
2018-01-17 08:45:00;135,64
2018-01-17 09:00:00;139,88
2018-01-17 09:15:00;125,72
2018-01-17 09:30:00;126,84
2018-01-17 09:45:00;139,60
2018-01-17 10:00:00;145,80
2018-01-17 10:15:00;143,00
2018-01-17 10:30:00;138,76
2018-01-17 10:45:00;142,28
2018-01-17 11:00:00;139,40
2018-01-17 11:15:00;142,28
2018-01-17 11:30:00;127,32
2018-01-17 11:45:00;131,16
2018-01-17 12:00:00;135,04
2018-01-17 12:15:00;122,56
2018-01-17 12:30:00;118,68
2018-01-17 12:45:00;121,20
2018-01-17 13:00:00;125,20
2018-01-17 13:15:00;143,28
2018-01-17 13:30:00;149,48
2018-01-17 13:45:00;130,00
2018-01-17 14:00:00;143,64
2018-01-17 14:15:00;146,20
2018-01-17 14:30:00;150,52
2018-01-17 14:45:00;150,00
2018-01-17 15:00:00;158,12
2018-01-17 15:15:00;151,72
2018-01-17 15:30:00;147,20
2018-01-17 15:45:00;138,48
2018-01-17 16:00:00;142,12
2018-01-17 16:15:00;145,88
2018-01-17 16:30:00;139,96
2018-01-17 16:45:00;115,84
2018-01-17 17:00:00;107,28
2018-01-17 17:15:00;89,16
2018-01-17 17:30:00;78,76
2018-01-17 17:45:00;68,40
2018-01-17 18:00:00;58,76
2018-01-17 18:15:00;48,28
2018-01-17 18:30:00;46,20
2018-01-17 18:45:00;43,28
2018-01-17 19:00:00;43,20
2018-01-17 19:15:00;43,04
2018-01-17 19:30:00;46,96
2018-01-17 19:45:00;46,24
2018-01-17 20:00:00;46,12
2018-01-17 20:15:00;44,44
2018-01-17 20:30:00;41,24
2018-01-17 20:45:00;40,28
2018-01-17 21:00:00;40,88
2018-01-17 21:15:00;40,80
2018-01-17 21:30:00;41,28
2018-01-17 21:45:00;39,52
2018-01-17 22:00:00;38,24
2018-01-17 22:15:00;36,04
2018-01-17 22:30:00;35,72
2018-01-17 22:45:00;35,68
2018-01-17 23:00:00;36,32
2018-01-17 23:15:00;38,56
2018-01-17 23:30:00;37,76
2018-01-17 23:45:00;34,00
2018-01-18 00:00:00;33,92
2018-01-18 00:15:00;32,64
2018-01-18 00:30:00;33,72
2018-01-18 00:45:00;35,68
2018-01-18 01:00:00;36,20
2018-01-18 01:15:00;35,24
2018-01-18 01:30:00;31,76
2018-01-18 01:45:00;31,00
2018-01-18 02:00:00;32,76
2018-01-18 02:15:00;32,76
2018-01-18 02:30:00;35,32
2018-01-18 02:45:00;35,16
2018-01-18 03:00:00;34,72
2018-01-18 03:15:00;32,32
2018-01-18 03:30:00;31,32
2018-01-18 03:45:00;31,88
2018-01-18 04:00:00;32,80
2018-01-18 04:15:00;35,04
2018-01-18 04:30:00;34,56
2018-01-18 04:45:00;35,32
2018-01-18 05:00:00;31,88
2018-01-18 05:15:00;32,56
2018-01-18 05:30:00;31,76
2018-01-18 05:45:00;32,88
2018-01-18 06:00:00;35,48
2018-01-18 06:15:00;37,08
2018-01-18 06:30:00;42,16
2018-01-18 06:45:00;39,64
2018-01-18 07:00:00;50,72
2018-01-18 07:15:00;73,60
2018-01-18 07:30:00;111,88
2018-01-18 07:45:00;115,32
2018-01-18 08:00:00;116,64
2018-01-18 08:15:00;123,08
2018-01-18 08:30:00;125,84
2018-01-18 08:45:00;117,48
2018-01-18 09:00:00;122,28
2018-01-18 09:15:00;108,12
2018-01-18 09:30:00;118,92
2018-01-18 09:45:00;113,00
2018-01-18 10:00:00;117,64
2018-01-18 10:15:00;128,80
2018-01-18 10:30:00;123,68
2018-01-18 10:45:00;125,52
2018-01-18 11:00:00;131,24
2018-01-18 11:15:00;139,24
2018-01-18 11:30:00;130,88
2018-01-18 11:45:00;123,36
2018-01-18 12:00:00;125,64
2018-01-18 12:15:00;94,24
2018-01-18 12:30:00;90,00
2018-01-18 12:45:00;98,32
2018-01-18 13:00:00;111,16
2018-01-18 13:15:00;115,60
2018-01-18 13:30:00;119,52
2018-01-18 13:45:00;120,56
2018-01-18 14:00:00;121,60
2018-01-18 14:15:00;139,40
2018-01-18 14:30:00;135,04
2018-01-18 14:45:00;138,52
2018-01-18 15:00:00;135,48
2018-01-18 15:15:00;130,60
2018-01-18 15:30:00;137,32
2018-01-18 15:45:00;137,24
2018-01-18 16:00:00;138,92
2018-01-18 16:15:00;133,00
2018-01-18 16:30:00;136,48
2018-01-18 16:45:00;109,44
2018-01-18 17:00:00;94,16
2018-01-18 17:15:00;75,72
2018-01-18 17:30:00;69,80
2018-01-18 17:45:00;59,12
2018-01-18 18:00:00;46,40
2018-01-18 18:15:00;46,04
2018-01-18 18:30:00;37,24
2018-01-18 18:45:00;33,92
2018-01-18 19:00:00;32,12
2018-01-18 19:15:00;30,44
2018-01-18 19:30:00;29,20
2018-01-18 19:45:00;28,48
2018-01-18 20:00:00;31,12
2018-01-18 20:15:00;45,56
2018-01-18 20:30:00;37,16
2018-01-18 20:45:00;26,08
2018-01-18 21:00:00;23,52
2018-01-18 21:15:00;23,28
2018-01-18 21:30:00;24,64
2018-01-18 21:45:00;31,20
2018-01-18 22:00:00;30,92
2018-01-18 22:15:00;31,88
2018-01-18 22:30:00;28,20
2018-01-18 22:45:00;27,76
2018-01-18 23:00:00;27,88
2018-01-18 23:15:00;28,60
2018-01-18 23:30:00;30,52
2018-01-18 23:45:00;30,76
2018-01-19 00:00:00;31,04
2018-01-19 00:15:00;29,96
2018-01-19 00:30:00;27,32
2018-01-19 00:45:00;27,00
2018-01-19 01:00:00;27,68
2018-01-19 01:15:00;31,20
2018-01-19 01:30:00;30,72
2018-01-19 01:45:00;31,04
2018-01-19 02:00:00;29,48
2018-01-19 02:15:00;28,00
2018-01-19 02:30:00;27,44
2018-01-19 02:45:00;27,00
2018-01-19 03:00:00;30,92
2018-01-19 03:15:00;31,80
2018-01-19 03:30:00;30,68
2018-01-19 03:45:00;28,96
2018-01-19 04:00:00;28,40
2018-01-19 04:15:00;28,04
2018-01-19 04:30:00;26,28
2018-01-19 04:45:00;28,72
2018-01-19 05:00:00;29,88
2018-01-19 05:15:00;29,72
2018-01-19 05:30:00;26,24
2018-01-19 05:45:00;24,16
2018-01-19 06:00:00;25,60
2018-01-19 06:15:00;24,20
2018-01-19 06:30:00;30,36
2018-01-19 06:45:00;37,48
2018-01-19 07:00:00;42,56
2018-01-19 07:15:00;87,76
2018-01-19 07:30:00;99,12
2018-01-19 07:45:00;99,68
2018-01-19 08:00:00;105,56
2018-01-19 08:15:00;112,60
2018-01-19 08:30:00;112,28
2018-01-19 08:45:00;117,72
2018-01-19 09:00:00;131,32
2018-01-19 09:15:00;97,32
2018-01-19 09:30:00;112,96
2018-01-19 09:45:00;125,48
2018-01-19 10:00:00;135,08
2018-01-19 10:15:00;138,40
2018-01-19 10:30:00;131,88
2018-01-19 10:45:00;130,96
2018-01-19 11:00:00;134,32
2018-01-19 11:15:00;138,40
2018-01-19 11:30:00;142,04
2018-01-19 11:45:00;148,08
2018-01-19 12:00:00;136,60
2018-01-19 12:15:00;116,52
2018-01-19 12:30:00;104,40
2018-01-19 12:45:00;104,56
2018-01-19 13:00:00;121,56
2018-01-19 13:15:00;133,12
2018-01-19 13:30:00;139,56
2018-01-19 13:45:00;132,92
2018-01-19 14:00:00;130,88
2018-01-19 14:15:00;123,72
2018-01-19 14:30:00;121,92
2018-01-19 14:45:00;122,16
2018-01-19 15:00:00;100,00
2018-01-19 15:15:00;87,96
2018-01-19 15:30:00;73,96
2018-01-19 15:45:00;54,48
2018-01-19 16:00:00;44,08
2018-01-19 16:15:00;40,64
2018-01-19 16:30:00;38,04
2018-01-19 16:45:00;36,88
2018-01-19 17:00:00;37,84
2018-01-19 17:15:00;41,52
2018-01-19 17:30:00;38,84
2018-01-19 17:45:00;36,56
2018-01-19 18:00:00;35,16
2018-01-19 18:15:00;33,80
2018-01-19 18:30:00;33,16
2018-01-19 18:45:00;34,20
2018-01-19 19:00:00;34,88
2018-01-19 19:15:00;33,84
2018-01-19 19:30:00;32,44
2018-01-19 19:45:00;26,20
2018-01-19 20:00:00;27,52
2018-01-19 20:15:00;24,36
2018-01-19 20:30:00;29,16
2018-01-19 20:45:00;28,84
2018-01-19 21:00:00;31,44
2018-01-19 21:15:00;21,32
2018-01-19 21:30:00;20,28
2018-01-19 21:45:00;24,04
2018-01-19 22:00:00;23,08
2018-01-19 22:15:00;24,16
2018-01-19 22:30:00;28,20
2018-01-19 22:45:00;25,76
2018-01-19 23:00:00;25,44
2018-01-19 23:15:00;23,96
2018-01-19 23:30:00;23,84
2018-01-19 23:45:00;22,64
2018-01-20 00:00:00;27,52
2018-01-20 00:15:00;25,92
2018-01-20 00:30:00;25,20
2018-01-20 00:45:00;26,36
2018-01-20 01:00:00;22,56
2018-01-20 01:15:00;23,16
2018-01-20 01:30:00;23,76
2018-01-20 01:45:00;26,04
2018-01-20 02:00:00;24,64
2018-01-20 02:15:00;27,72
2018-01-20 02:30:00;24,60
2018-01-20 02:45:00;21,92
2018-01-20 03:00:00;24,12
2018-01-20 03:15:00;22,20
2018-01-20 03:30:00;26,64
2018-01-20 03:45:00;27,04
2018-01-20 04:00:00;26,12
2018-01-20 04:15:00;23,68
2018-01-20 04:30:00;24,40
2018-01-20 04:45:00;23,32
2018-01-20 05:00:00;21,16
2018-01-20 05:15:00;26,28
2018-01-20 05:30:00;24,64
2018-01-20 05:45:00;24,80
2018-01-20 06:00:00;23,08
2018-01-20 06:15:00;20,28
2018-01-20 06:30:00;19,36
2018-01-20 06:45:00;21,00
2018-01-20 07:00:00;23,80
2018-01-20 07:15:00;22,44
2018-01-20 07:30:00;23,36
2018-01-20 07:45:00;19,68
2018-01-20 08:00:00;18,84
2018-01-20 08:15:00;21,04
2018-01-20 08:30:00;18,72
2018-01-20 08:45:00;22,60
2018-01-20 09:00:00;24,16
2018-01-20 09:15:00;21,64
2018-01-20 09:30:00;20,08
2018-01-20 09:45:00;19,96
2018-01-20 10:00:00;19,56
2018-01-20 10:15:00;21,80
2018-01-20 10:30:00;26,40
2018-01-20 10:45:00;23,60
2018-01-20 11:00:00;21,16
2018-01-20 11:15:00;19,76
2018-01-20 11:30:00;20,28
2018-01-20 11:45:00;19,56
2018-01-20 12:00:00;19,76
2018-01-20 12:15:00;23,36
2018-01-20 12:30:00;23,40
2018-01-20 12:45:00;21,16
2018-01-20 13:00:00;19,88
2018-01-20 13:15:00;19,04
2018-01-20 13:30:00;17,20
2018-01-20 13:45:00;19,88
2018-01-20 14:00:00;21,64
2018-01-20 14:15:00;22,12
2018-01-20 14:30:00;21,72
2018-01-20 14:45:00;18,92
2018-01-20 15:00:00;18,12
2018-01-20 15:15:00;18,72
2018-01-20 15:30:00;18,92
2018-01-20 15:45:00;21,36
2018-01-20 16:00:00;22,52
2018-01-20 16:15:00;21,76
2018-01-20 16:30:00;17,76
2018-01-20 16:45:00;19,84
2018-01-20 17:00:00;19,60
2018-01-20 17:15:00;19,28
2018-01-20 17:30:00;26,12
2018-01-20 17:45:00;27,04
2018-01-20 18:00:00;25,32
2018-01-20 18:15:00;24,56
2018-01-20 18:30:00;24,44
2018-01-20 18:45:00;24,08
2018-01-20 19:00:00;25,92
2018-01-20 19:15:00;26,76
2018-01-20 19:30:00;24,36
2018-01-20 19:45:00;23,80
2018-01-20 20:00:00;20,16
2018-01-20 20:15:00;20,08
2018-01-20 20:30:00;20,80
2018-01-20 20:45:00;22,16
2018-01-20 21:00:00;23,44
2018-01-20 21:15:00;23,80
2018-01-20 21:30:00;25,40
2018-01-20 21:45:00;23,64
2018-01-20 22:00:00;25,32
2018-01-20 22:15:00;25,76
2018-01-20 22:30:00;26,20
2018-01-20 22:45:00;28,84
2018-01-20 23:00:00;28,36
2018-01-20 23:15:00;27,44
2018-01-20 23:30:00;25,56
2018-01-20 23:45:00;25,08
2018-01-21 00:00:00;24,80
2018-01-21 00:15:00;26,92
2018-01-21 00:30:00;28,68
2018-01-21 00:45:00;27,72
2018-01-21 01:00:00;28,48
2018-01-21 01:15:00;25,92
2018-01-21 01:30:00;24,28
2018-01-21 01:45:00;25,68
2018-01-21 02:00:00;27,00
2018-01-21 02:15:00;28,52
2018-01-21 02:30:00;28,68
2018-01-21 02:45:00;27,08
2018-01-21 03:00:00;27,16
2018-01-21 03:15:00;26,00
2018-01-21 03:30:00;25,64
2018-01-21 03:45:00;26,16
2018-01-21 04:00:00;29,92
2018-01-21 04:15:00;28,60
2018-01-21 04:30:00;26,80
2018-01-21 04:45:00;25,64
2018-01-21 05:00:00;25,04
2018-01-21 05:15:00;24,76
2018-01-21 05:30:00;27,44
2018-01-21 05:45:00;28,52
2018-01-21 06:00:00;25,68
2018-01-21 06:15:00;26,40
2018-01-21 06:30:00;23,20
2018-01-21 06:45:00;22,44
2018-01-21 07:00:00;21,64
2018-01-21 07:15:00;22,48
2018-01-21 07:30:00;23,20
2018-01-21 07:45:00;24,72
2018-01-21 08:00:00;22,48
2018-01-21 08:15:00;19,16
2018-01-21 08:30:00;21,00
2018-01-21 08:45:00;19,72
2018-01-21 09:00:00;22,04
2018-01-21 09:15:00;23,16
2018-01-21 09:30:00;23,88
2018-01-21 09:45:00;20,48
2018-01-21 10:00:00;20,12
2018-01-21 10:15:00;20,04
2018-01-21 10:30:00;19,64
2018-01-21 10:45:00;22,92
2018-01-21 11:00:00;22,96
2018-01-21 11:15:00;25,28
2018-01-21 11:30:00;26,08
2018-01-21 11:45:00;24,24
2018-01-21 12:00:00;23,12
2018-01-21 12:15:00;20,40
2018-01-21 12:30:00;23,56
2018-01-21 12:45:00;22,04
2018-01-21 13:00:00;25,88
2018-01-21 13:15:00;31,00
2018-01-21 13:30:00;41,48
2018-01-21 13:45:00;39,64
2018-01-21 14:00:00;30,56
2018-01-21 14:15:00;28,56
2018-01-21 14:30:00;29,32
2018-01-21 14:45:00;35,68
2018-01-21 15:00:00;33,84
2018-01-21 15:15:00;34,48
2018-01-21 15:30:00;30,80
2018-01-21 15:45:00;33,72
2018-01-21 16:00:00;35,80
2018-01-21 16:15:00;33,96
2018-01-21 16:30:00;32,96
2018-01-21 16:45:00;25,60
2018-01-21 17:00:00;25,72
2018-01-21 17:15:00;28,92
2018-01-21 17:30:00;24,92
2018-01-21 17:45:00;29,04
2018-01-21 18:00:00;28,44
2018-01-21 18:15:00;27,64
2018-01-21 18:30:00;26,48
2018-01-21 18:45:00;25,44
2018-01-21 19:00:00;25,36
2018-01-21 19:15:00;25,92
2018-01-21 19:30:00;28,76
2018-01-21 19:45:00;27,32
2018-01-21 20:00:00;25,92
2018-01-21 20:15:00;23,52
2018-01-21 20:30:00;26,40
2018-01-21 20:45:00;23,96
2018-01-21 21:00:00;27,12
2018-01-21 21:15:00;27,36
2018-01-21 21:30:00;30,52
2018-01-21 21:45:00;33,00
2018-01-21 22:00:00;29,84
2018-01-21 22:15:00;31,72
2018-01-21 22:30:00;29,84
2018-01-21 22:45:00;31,28
2018-01-21 23:00:00;32,04
2018-01-21 23:15:00;33,92
2018-01-21 23:30:00;31,40
2018-01-21 23:45:00;28,24
2018-01-22 00:00:00;30,16
2018-01-22 00:15:00;29,00
2018-01-22 00:30:00;30,92
2018-01-22 00:45:00;32,56
2018-01-22 01:00:00;33,08
2018-01-22 01:15:00;31,36
2018-01-22 01:30:00;29,96
2018-01-22 01:45:00;28,72
2018-01-22 02:00:00;29,60
2018-01-22 02:15:00;31,00
2018-01-22 02:30:00;31,84
2018-01-22 02:45:00;33,20
2018-01-22 03:00:00;33,04
2018-01-22 03:15:00;28,76
2018-01-22 03:30:00;29,40
2018-01-22 03:45:00;30,56
2018-01-22 04:00:00;31,04
2018-01-22 04:15:00;31,92
2018-01-22 04:30:00;32,60
2018-01-22 04:45:00;32,12
2018-01-22 05:00:00;28,52
2018-01-22 05:15:00;29,68
2018-01-22 05:30:00;27,96
2018-01-22 05:45:00;32,00
2018-01-22 06:00:00;32,56
2018-01-22 06:15:00;33,76
2018-01-22 06:30:00;46,16
2018-01-22 06:45:00;44,92
2018-01-22 07:00:00;53,32
2018-01-22 07:15:00;79,96
2018-01-22 07:30:00;106,68
2018-01-22 07:45:00;101,52
2018-01-22 08:00:00;104,00
2018-01-22 08:15:00;110,24
2018-01-22 08:30:00;119,04
2018-01-22 08:45:00;131,40
2018-01-22 09:00:00;145,72
2018-01-22 09:15:00;114,28
2018-01-22 09:30:00;131,72
2018-01-22 09:45:00;138,92
2018-01-22 10:00:00;139,16
2018-01-22 10:15:00;128,72
2018-01-22 10:30:00;129,60
2018-01-22 10:45:00;131,48
2018-01-22 11:00:00;135,52
2018-01-22 11:15:00;135,08
2018-01-22 11:30:00;144,00
2018-01-22 11:45:00;152,16
2018-01-22 12:00:00;135,72
2018-01-22 12:15:00;98,16
2018-01-22 12:30:00;91,32
2018-01-22 12:45:00;110,12
2018-01-22 13:00:00;123,28
2018-01-22 13:15:00;134,64
2018-01-22 13:30:00;127,92
2018-01-22 13:45:00;131,16
2018-01-22 14:00:00;131,40
2018-01-22 14:15:00;128,44
2018-01-22 14:30:00;124,40
2018-01-22 14:45:00;126,44
2018-01-22 15:00:00;119,40
2018-01-22 15:15:00;127,60
2018-01-22 15:30:00;123,04
2018-01-22 15:45:00;123,24
2018-01-22 16:00:00;134,60
2018-01-22 16:15:00;133,60
2018-01-22 16:30:00;129,32
2018-01-22 16:45:00;103,32
2018-01-22 17:00:00;105,40
2018-01-22 17:15:00;104,68
2018-01-22 17:30:00;90,64
2018-01-22 17:45:00;71,40
2018-01-22 18:00:00;54,12
2018-01-22 18:15:00;59,28
2018-01-22 18:30:00;57,36
2018-01-22 18:45:00;53,92
2018-01-22 19:00:00;55,12
2018-01-22 19:15:00;51,04
2018-01-22 19:30:00;38,68
2018-01-22 19:45:00;40,32
2018-01-22 20:00:00;43,52
2018-01-22 20:15:00;41,80
2018-01-22 20:30:00;42,00
2018-01-22 20:45:00;37,32
2018-01-22 21:00:00;38,36
2018-01-22 21:15:00;36,16
2018-01-22 21:30:00;38,64
2018-01-22 21:45:00;45,68
2018-01-22 22:00:00;44,64
2018-01-22 22:15:00;44,64
2018-01-22 22:30:00;42,64
2018-01-22 22:45:00;40,44
2018-01-22 23:00:00;39,36
2018-01-22 23:15:00;38,48
2018-01-22 23:30:00;42,28
2018-01-22 23:45:00;42,48
2018-01-23 00:00:00;41,16
2018-01-23 00:15:00;37,08
2018-01-23 00:30:00;36,48
2018-01-23 00:45:00;38,48
2018-01-23 01:00:00;36,24
2018-01-23 01:15:00;40,16
2018-01-23 01:30:00;41,00
2018-01-23 01:45:00;39,84
2018-01-23 02:00:00;36,84
2018-01-23 02:15:00;36,68
2018-01-23 02:30:00;38,12
2018-01-23 02:45:00;36,68
2018-01-23 03:00:00;40,04
2018-01-23 03:15:00;40,88
2018-01-23 03:30:00;39,80
2018-01-23 03:45:00;36,04
2018-01-23 04:00:00;37,16
2018-01-23 04:15:00;36,60
2018-01-23 04:30:00;37,96
2018-01-23 04:45:00;38,76
2018-01-23 05:00:00;40,00
2018-01-23 05:15:00;38,56
2018-01-23 05:30:00;35,56
2018-01-23 05:45:00;37,44
2018-01-23 06:00:00;35,24
2018-01-23 06:15:00;36,68
2018-01-23 06:30:00;50,88
2018-01-23 06:45:00;53,48
2018-01-23 07:00:00;58,40
2018-01-23 07:15:00;76,48
2018-01-23 07:30:00;94,84
2018-01-23 07:45:00;118,68
2018-01-23 08:00:00;118,48
2018-01-23 08:15:00;117,24
2018-01-23 08:30:00;127,48
2018-01-23 08:45:00;130,28
2018-01-23 09:00:00;124,32
2018-01-23 09:15:00;91,88
2018-01-23 09:30:00;100,76
2018-01-23 09:45:00;119,16
2018-01-23 10:00:00;125,48
2018-01-23 10:15:00;122,56
2018-01-23 10:30:00;123,36
2018-01-23 10:45:00;121,64
2018-01-23 11:00:00;125,44
2018-01-23 11:15:00;116,60
2018-01-23 11:30:00;125,68
2018-01-23 11:45:00;118,76
2018-01-23 12:00:00;114,64
2018-01-23 12:15:00;92,36
2018-01-23 12:30:00;83,44
2018-01-23 12:45:00;93,80
2018-01-23 13:00:00;109,52
2018-01-23 13:15:00;110,80
2018-01-23 13:30:00;116,04
2018-01-23 13:45:00;118,64
2018-01-23 14:00:00;117,56
2018-01-23 14:15:00;117,80
2018-01-23 14:30:00;111,40
2018-01-23 14:45:00;113,88
2018-01-23 15:00:00;111,88
2018-01-23 15:15:00;110,76
2018-01-23 15:30:00;114,96
2018-01-23 15:45:00;110,84
2018-01-23 16:00:00;118,28
2018-01-23 16:15:00;131,32
2018-01-23 16:30:00;122,72
2018-01-23 16:45:00;108,08
2018-01-23 17:00:00;94,84
2018-01-23 17:15:00;73,80
2018-01-23 17:30:00;67,40
2018-01-23 17:45:00;62,36
2018-01-23 18:00:00;57,48
2018-01-23 18:15:00;42,96
2018-01-23 18:30:00;36,68
2018-01-23 18:45:00;37,32
2018-01-23 19:00:00;36,12
2018-01-23 19:15:00;35,12
2018-01-23 19:30:00;32,56
2018-01-23 19:45:00;31,72
2018-01-23 20:00:00;31,36
2018-01-23 20:15:00;30,72
2018-01-23 20:30:00;32,80
2018-01-23 20:45:00;33,40
2018-01-23 21:00:00;33,92
2018-01-23 21:15:00;29,56
2018-01-23 21:30:00;31,12
2018-01-23 21:45:00;34,24
2018-01-23 22:00:00;35,96
2018-01-23 22:15:00;37,68
2018-01-23 22:30:00;37,64
2018-01-23 22:45:00;37,84
2018-01-23 23:00:00;32,52
2018-01-23 23:15:00;30,00
2018-01-23 23:30:00;29,48
2018-01-23 23:45:00;31,80
2018-01-24 00:00:00;31,84
2018-01-24 00:15:00;32,48
2018-01-24 00:30:00;31,92
2018-01-24 00:45:00;28,60
2018-01-24 01:00:00;28,84
2018-01-24 01:15:00;27,56
2018-01-24 01:30:00;30,72
2018-01-24 01:45:00;31,44
2018-01-24 02:00:00;31,48
2018-01-24 02:15:00;30,88
2018-01-24 02:30:00;29,92
2018-01-24 02:45:00;28,12
2018-01-24 03:00:00;29,20
2018-01-24 03:15:00;30,88
2018-01-24 03:30:00;31,96
2018-01-24 03:45:00;32,28
2018-01-24 04:00:00;30,48
2018-01-24 04:15:00;29,04
2018-01-24 04:30:00;29,56
2018-01-24 04:45:00;28,44
2018-01-24 05:00:00;31,16
2018-01-24 05:15:00;32,48
2018-01-24 05:30:00;32,60
2018-01-24 05:45:00;29,56
2018-01-24 06:00:00;26,24
2018-01-24 06:15:00;27,84
2018-01-24 06:30:00;30,08
2018-01-24 06:45:00;31,76
2018-01-24 07:00:00;39,08
2018-01-24 07:15:00;77,48
2018-01-24 07:30:00;88,64
2018-01-24 07:45:00;102,56
2018-01-24 08:00:00;117,20
2018-01-24 08:15:00;117,64
2018-01-24 08:30:00;129,72
2018-01-24 08:45:00;131,72
2018-01-24 09:00:00;131,24
2018-01-24 09:15:00;99,16
2018-01-24 09:30:00;121,28
2018-01-24 09:45:00;124,24
2018-01-24 10:00:00;130,72
2018-01-24 10:15:00;118,32
2018-01-24 10:30:00;127,60
2018-01-24 10:45:00;121,56
2018-01-24 11:00:00;123,92
2018-01-24 11:15:00;113,04
2018-01-24 11:30:00;114,48
2018-01-24 11:45:00;110,12
2018-01-24 12:00:00;117,00
2018-01-24 12:15:00;99,84
2018-01-24 12:30:00;89,68
2018-01-24 12:45:00;109,24
2018-01-24 13:00:00;118,44
2018-01-24 13:15:00;114,92
2018-01-24 13:30:00;110,04
2018-01-24 13:45:00;113,40
2018-01-24 14:00:00;120,12
2018-01-24 14:15:00;117,80
2018-01-24 14:30:00;106,32
2018-01-24 14:45:00;114,56
2018-01-24 15:00:00;114,56
2018-01-24 15:15:00;120,92
2018-01-24 15:30:00;129,88
2018-01-24 15:45:00;139,80
2018-01-24 16:00:00;141,52
2018-01-24 16:15:00;135,88
2018-01-24 16:30:00;116,44
2018-01-24 16:45:00;86,48
2018-01-24 17:00:00;77,08
2018-01-24 17:15:00;69,44
2018-01-24 17:30:00;67,40
2018-01-24 17:45:00;53,84
2018-01-24 18:00:00;46,16
2018-01-24 18:15:00;42,64
2018-01-24 18:30:00;35,80
2018-01-24 18:45:00;32,12
2018-01-24 19:00:00;32,92
2018-01-24 19:15:00;36,56
2018-01-24 19:30:00;36,16
2018-01-24 19:45:00;37,00
2018-01-24 20:00:00;31,24
2018-01-24 20:15:00;30,52
2018-01-24 20:30:00;32,16
2018-01-24 20:45:00;30,60
2018-01-24 21:00:00;34,84
2018-01-24 21:15:00;33,88
2018-01-24 21:30:00;34,76
2018-01-24 21:45:00;35,32
2018-01-24 22:00:00;35,80
2018-01-24 22:15:00;35,20
2018-01-24 22:30:00;35,76
2018-01-24 22:45:00;37,92
2018-01-24 23:00:00;36,16
2018-01-24 23:15:00;36,32
2018-01-24 23:30:00;33,60
2018-01-24 23:45:00;31,88
2018-01-25 00:00:00;32,12
2018-01-25 00:15:00;33,64
2018-01-25 00:30:00;34,96
2018-01-25 00:45:00;34,72
2018-01-25 01:00:00;36,36
2018-01-25 01:15:00;32,28
2018-01-25 01:30:00;31,04
2018-01-25 01:45:00;32,92
2018-01-25 02:00:00;33,24
2018-01-25 02:15:00;35,80
2018-01-25 02:30:00;34,92
2018-01-25 02:45:00;35,32
2018-01-25 03:00:00;31,32
2018-01-25 03:15:00;32,68
2018-01-25 03:30:00;32,88
2018-01-25 03:45:00;33,84
2018-01-25 04:00:00;34,84
2018-01-25 04:15:00;34,92
2018-01-25 04:30:00;32,52
2018-01-25 04:45:00;28,84
2018-01-25 05:00:00;28,92
2018-01-25 05:15:00;29,20
2018-01-25 05:30:00;30,28
2018-01-25 05:45:00;31,92
2018-01-25 06:00:00;32,12
2018-01-25 06:15:00;28,80
2018-01-25 06:30:00;36,68
2018-01-25 06:45:00;40,36
2018-01-25 07:00:00;48,68
2018-01-25 07:15:00;72,24
2018-01-25 07:30:00;86,04
2018-01-25 07:45:00;87,40
2018-01-25 08:00:00;99,64
2018-01-25 08:15:00;101,88
2018-01-25 08:30:00;102,00
2018-01-25 08:45:00;105,40
2018-01-25 09:00:00;98,00
2018-01-25 09:15:00;90,92
2018-01-25 09:30:00;93,96
2018-01-25 09:45:00;92,28
2018-01-25 10:00:00;105,00
2018-01-25 10:15:00;101,56
2018-01-25 10:30:00;107,84
2018-01-25 10:45:00;115,48
2018-01-25 11:00:00;109,72
2018-01-25 11:15:00;107,36
2018-01-25 11:30:00;104,44
2018-01-25 11:45:00;87,88
2018-01-25 12:00:00;87,44
2018-01-25 12:15:00;76,36
2018-01-25 12:30:00;74,36
2018-01-25 12:45:00;81,56
2018-01-25 13:00:00;80,56
2018-01-25 13:15:00;82,04
2018-01-25 13:30:00;99,40
2018-01-25 13:45:00;93,76
2018-01-25 14:00:00;91,68
2018-01-25 14:15:00;98,52
2018-01-25 14:30:00;107,16
2018-01-25 14:45:00;113,92
2018-01-25 15:00:00;107,36
2018-01-25 15:15:00;117,72
2018-01-25 15:30:00;104,12
2018-01-25 15:45:00;108,68
2018-01-25 16:00:00;111,60
2018-01-25 16:15:00;112,04
2018-01-25 16:30:00;97,24
2018-01-25 16:45:00;82,64
2018-01-25 17:00:00;68,16
2018-01-25 17:15:00;68,32
2018-01-25 17:30:00;59,88
2018-01-25 17:45:00;46,36
2018-01-25 18:00:00;35,24
2018-01-25 18:15:00;44,20
2018-01-25 18:30:00;36,60
2018-01-25 18:45:00;33,32
2018-01-25 19:00:00;30,76
2018-01-25 19:15:00;30,16
2018-01-25 19:30:00;28,52
2018-01-25 19:45:00;27,20
2018-01-25 20:00:00;30,08
2018-01-25 20:15:00;28,16
2018-01-25 20:30:00;27,56
2018-01-25 20:45:00;25,20
2018-01-25 21:00:00;26,44
2018-01-25 21:15:00;27,52
2018-01-25 21:30:00;28,80
2018-01-25 21:45:00;29,40
2018-01-25 22:00:00;32,24
2018-01-25 22:15:00;31,56
2018-01-25 22:30:00;32,00
2018-01-25 22:45:00;31,88
2018-01-25 23:00:00;30,08
2018-01-25 23:15:00;30,80
2018-01-25 23:30:00;32,32
2018-01-25 23:45:00;31,52
2018-01-26 00:00:00;30,32
2018-01-26 00:15:00;31,84
2018-01-26 00:30:00;31,60
2018-01-26 00:45:00;32,56
2018-01-26 01:00:00;30,52
2018-01-26 01:15:00;30,40
2018-01-26 01:30:00;31,32
2018-01-26 01:45:00;33,52
2018-01-26 02:00:00;30,04
2018-01-26 02:15:00;29,44
2018-01-26 02:30:00;30,96
2018-01-26 02:45:00;30,60
2018-01-26 03:00:00;29,36
2018-01-26 03:15:00;30,44
2018-01-26 03:30:00;28,60
2018-01-26 03:45:00;29,28
2018-01-26 04:00:00;28,68
2018-01-26 04:15:00;26,24
2018-01-26 04:30:00;25,20
2018-01-26 04:45:00;26,28
2018-01-26 05:00:00;25,60
2018-01-26 05:15:00;24,96
2018-01-26 05:30:00;23,12
2018-01-26 05:45:00;25,44
2018-01-26 06:00:00;23,76
2018-01-26 06:15:00;23,52
2018-01-26 06:30:00;27,44
2018-01-26 06:45:00;27,20
2018-01-26 07:00:00;37,24
2018-01-26 07:15:00;61,28
2018-01-26 07:30:00;75,04
2018-01-26 07:45:00;99,00
2018-01-26 08:00:00;97,92
2018-01-26 08:15:00;125,72
2018-01-26 08:30:00;126,80
2018-01-26 08:45:00;133,88
2018-01-26 09:00:00;127,40
2018-01-26 09:15:00;97,40
2018-01-26 09:30:00;116,20
2018-01-26 09:45:00;129,12
2018-01-26 10:00:00;119,84
2018-01-26 10:15:00;129,88
2018-01-26 10:30:00;117,44
2018-01-26 10:45:00;114,64
2018-01-26 11:00:00;115,36
2018-01-26 11:15:00;109,48
2018-01-26 11:30:00;104,40
2018-01-26 11:45:00;113,40
2018-01-26 12:00:00;124,48
2018-01-26 12:15:00;111,80
2018-01-26 12:30:00;101,84
2018-01-26 12:45:00;115,76
2018-01-26 13:00:00;116,36
2018-01-26 13:15:00;109,28
2018-01-26 13:30:00;125,96
2018-01-26 13:45:00;132,56
2018-01-26 14:00:00;131,84
2018-01-26 14:15:00;132,52
2018-01-26 14:30:00;123,32
2018-01-26 14:45:00;120,88
2018-01-26 15:00:00;89,64
2018-01-26 15:15:00;87,00
2018-01-26 15:30:00;80,44
2018-01-26 15:45:00;57,52
2018-01-26 16:00:00;55,36
2018-01-26 16:15:00;43,88
2018-01-26 16:30:00;30,76
2018-01-26 16:45:00;33,08
2018-01-26 17:00:00;33,88
2018-01-26 17:15:00;34,24
2018-01-26 17:30:00;33,96
2018-01-26 17:45:00;33,16
2018-01-26 18:00:00;33,72
2018-01-26 18:15:00;34,92
2018-01-26 18:30:00;32,48
2018-01-26 18:45:00;33,40
2018-01-26 19:00:00;26,80
2018-01-26 19:15:00;22,52
2018-01-26 19:30:00;27,20
2018-01-26 19:45:00;33,16
2018-01-26 20:00:00;20,12
2018-01-26 20:15:00;15,88
2018-01-26 20:30:00;17,24
2018-01-26 20:45:00;16,68
2018-01-26 21:00:00;14,96
2018-01-26 21:15:00;16,52
2018-01-26 21:30:00;18,12
2018-01-26 21:45:00;21,12
2018-01-26 22:00:00;20,84
2018-01-26 22:15:00;21,92
2018-01-26 22:30:00;21,04
2018-01-26 22:45:00;20,44
2018-01-26 23:00:00;21,16
2018-01-26 23:15:00;21,28
2018-01-26 23:30:00;20,08
2018-01-26 23:45:00;19,32
2018-01-27 00:00:00;18,92
2018-01-27 00:15:00;16,92
2018-01-27 00:30:00;18,48
2018-01-27 00:45:00;17,28
2018-01-27 01:00:00;17,32
2018-01-27 01:15:00;16,32
2018-01-27 01:30:00;16,76
2018-01-27 01:45:00;17,00
2018-01-27 02:00:00;16,44
2018-01-27 02:15:00;16,88
2018-01-27 02:30:00;16,08
2018-01-27 02:45:00;16,92
2018-01-27 03:00:00;16,28
2018-01-27 03:15:00;17,12
2018-01-27 03:30:00;16,20
2018-01-27 03:45:00;16,84
2018-01-27 04:00:00;16,00
2018-01-27 04:15:00;16,92
2018-01-27 04:30:00;16,96
2018-01-27 04:45:00;15,64
2018-01-27 05:00:00;15,44
2018-01-27 05:15:00;14,04
2018-01-27 05:30:00;15,00
2018-01-27 05:45:00;13,56
2018-01-27 06:00:00;13,40
2018-01-27 06:15:00;12,56
2018-01-27 06:30:00;13,60
2018-01-27 06:45:00;13,36
2018-01-27 07:00:00;16,64
2018-01-27 07:15:00;15,60
2018-01-27 07:30:00;17,56
2018-01-27 07:45:00;17,84
2018-01-27 08:00:00;19,52
2018-01-27 08:15:00;20,32
2018-01-27 08:30:00;20,04
2018-01-27 08:45:00;17,60
2018-01-27 09:00:00;17,28
2018-01-27 09:15:00;18,68
2018-01-27 09:30:00;18,36
2018-01-27 09:45:00;16,96
2018-01-27 10:00:00;18,64
2018-01-27 10:15:00;18,56
2018-01-27 10:30:00;17,60
2018-01-27 10:45:00;18,04
2018-01-27 11:00:00;18,76
2018-01-27 11:15:00;17,84
2018-01-27 11:30:00;18,32
2018-01-27 11:45:00;18,76
2018-01-27 12:00:00;18,08
2018-01-27 12:15:00;18,00
2018-01-27 12:30:00;18,36
2018-01-27 12:45:00;18,32
2018-01-27 13:00:00;16,80
2018-01-27 13:15:00;15,88
2018-01-27 13:30:00;15,44
2018-01-27 13:45:00;12,80
2018-01-27 14:00:00;15,44
2018-01-27 14:15:00;15,80
2018-01-27 14:30:00;14,04
2018-01-27 14:45:00;13,20
2018-01-27 15:00:00;15,28
2018-01-27 15:15:00;14,64
2018-01-27 15:30:00;13,56
2018-01-27 15:45:00;15,36
2018-01-27 16:00:00;14,80
2018-01-27 16:15:00;14,00
2018-01-27 16:30:00;15,80
2018-01-27 16:45:00;15,20
2018-01-27 17:00:00;13,04
2018-01-27 17:15:00;15,40
2018-01-27 17:30:00;16,08
2018-01-27 17:45:00;13,92
2018-01-27 18:00:00;20,68
2018-01-27 18:15:00;35,76
2018-01-27 18:30:00;33,92
2018-01-27 18:45:00;36,40
2018-01-27 19:00:00;36,40
2018-01-27 19:15:00;30,20
2018-01-27 19:30:00;31,12
2018-01-27 19:45:00;27,52
2018-01-27 20:00:00;27,84
2018-01-27 20:15:00;26,80
2018-01-27 20:30:00;20,52
2018-01-27 20:45:00;18,24
2018-01-27 21:00:00;17,72
2018-01-27 21:15:00;20,04
2018-01-27 21:30:00;19,96
2018-01-27 21:45:00;22,24
2018-01-27 22:00:00;23,96
2018-01-27 22:15:00;25,20
2018-01-27 22:30:00;21,80
2018-01-27 22:45:00;23,32
2018-01-27 23:00:00;23,80
2018-01-27 23:15:00;23,48
2018-01-27 23:30:00;21,84
2018-01-27 23:45:00;23,32
2018-01-28 00:00:00;22,00
2018-01-28 00:15:00;22,28
2018-01-28 00:30:00;21,84
2018-01-28 00:45:00;20,92
2018-01-28 01:00:00;19,96
2018-01-28 01:15:00;21,92
2018-01-28 01:30:00;19,24
2018-01-28 01:45:00;19,60
2018-01-28 02:00:00;19,12
2018-01-28 02:15:00;20,00
2018-01-28 02:30:00;19,20
2018-01-28 02:45:00;19,64
2018-01-28 03:00:00;19,36
2018-01-28 03:15:00;19,40
2018-01-28 03:30:00;20,52
2018-01-28 03:45:00;18,48
2018-01-28 04:00:00;19,72
2018-01-28 04:15:00;18,84
2018-01-28 04:30:00;20,72
2018-01-28 04:45:00;17,56
2018-01-28 05:00:00;17,56
2018-01-28 05:15:00;17,96
2018-01-28 05:30:00;17,12
2018-01-28 05:45:00;17,00
2018-01-28 06:00:00;15,12
2018-01-28 06:15:00;16,68
2018-01-28 06:30:00;16,04
2018-01-28 06:45:00;16,44
2018-01-28 07:00:00;15,68
2018-01-28 07:15:00;14,08
2018-01-28 07:30:00;15,40
2018-01-28 07:45:00;13,64
2018-01-28 08:00:00;14,36
2018-01-28 08:15:00;13,24
2018-01-28 08:30:00;15,24
2018-01-28 08:45:00;13,56
2018-01-28 09:00:00;14,00
2018-01-28 09:15:00;14,28
2018-01-28 09:30:00;14,20
2018-01-28 09:45:00;14,44
2018-01-28 10:00:00;20,96
2018-01-28 10:15:00;23,64
2018-01-28 10:30:00;26,76
2018-01-28 10:45:00;23,00
2018-01-28 11:00:00;18,28
2018-01-28 11:15:00;21,00
2018-01-28 11:30:00;26,04
2018-01-28 11:45:00;25,12
2018-01-28 12:00:00;29,92
2018-01-28 12:15:00;32,28
2018-01-28 12:30:00;28,96
2018-01-28 12:45:00;28,28
2018-01-28 13:00:00;24,20
2018-01-28 13:15:00;24,92
2018-01-28 13:30:00;21,04
2018-01-28 13:45:00;20,80
2018-01-28 14:00:00;18,80
2018-01-28 14:15:00;18,60
2018-01-28 14:30:00;18,72
2018-01-28 14:45:00;22,16
2018-01-28 15:00:00;23,76
2018-01-28 15:15:00;21,24
2018-01-28 15:30:00;22,16
2018-01-28 15:45:00;22,64
2018-01-28 16:00:00;20,60
2018-01-28 16:15:00;23,40
2018-01-28 16:30:00;22,56
2018-01-28 16:45:00;21,64
2018-01-28 17:00:00;23,24
2018-01-28 17:15:00;20,52
2018-01-28 17:30:00;21,12
2018-01-28 17:45:00;20,88
2018-01-28 18:00:00;20,36
2018-01-28 18:15:00;21,08
2018-01-28 18:30:00;21,12
2018-01-28 18:45:00;21,76
2018-01-28 19:00:00;21,68
2018-01-28 19:15:00;20,84
2018-01-28 19:30:00;21,96
2018-01-28 19:45:00;16,00
2018-01-28 20:00:00;13,00
2018-01-28 20:15:00;13,08
2018-01-28 20:30:00;13,76
2018-01-28 20:45:00;12,96
2018-01-28 21:00:00;12,28
2018-01-28 21:15:00;13,52
2018-01-28 21:30:00;14,60
2018-01-28 21:45:00;17,84
2018-01-28 22:00:00;18,28
2018-01-28 22:15:00;18,40
2018-01-28 22:30:00;17,24
2018-01-28 22:45:00;17,92
2018-01-28 23:00:00;18,24
2018-01-28 23:15:00;19,36
2018-01-28 23:30:00;18,04
2018-01-28 23:45:00;17,96
2018-01-29 00:00:00;18,16
2018-01-29 00:15:00;17,72
2018-01-29 00:30:00;18,24
2018-01-29 00:45:00;17,92
2018-01-29 01:00:00;18,80
2018-01-29 01:15:00;18,00
2018-01-29 01:30:00;17,44
2018-01-29 01:45:00;18,04
2018-01-29 02:00:00;18,72
2018-01-29 02:15:00;17,88
2018-01-29 02:30:00;18,08
2018-01-29 02:45:00;18,00
2018-01-29 03:00:00;18,88
2018-01-29 03:15:00;17,16
2018-01-29 03:30:00;18,00
2018-01-29 03:45:00;18,32
2018-01-29 04:00:00;18,24
2018-01-29 04:15:00;16,32
2018-01-29 04:30:00;16,48
2018-01-29 04:45:00;15,44
2018-01-29 05:00:00;16,76
2018-01-29 05:15:00;15,08
2018-01-29 05:30:00;14,76
2018-01-29 05:45:00;15,16
2018-01-29 06:00:00;15,48
2018-01-29 06:15:00;13,96
2018-01-29 06:30:00;18,56
2018-01-29 06:45:00;26,40
2018-01-29 07:00:00;37,52
2018-01-29 07:15:00;61,84
2018-01-29 07:30:00;99,04
2018-01-29 07:45:00;102,36
2018-01-29 08:00:00;91,48
2018-01-29 08:15:00;107,96
2018-01-29 08:30:00;117,96
2018-01-29 08:45:00;125,28
2018-01-29 09:00:00;114,04
2018-01-29 09:15:00;97,16
2018-01-29 09:30:00;102,44
2018-01-29 09:45:00;116,56
2018-01-29 10:00:00;119,44
2018-01-29 10:15:00;124,60
2018-01-29 10:30:00;117,80
2018-01-29 10:45:00;107,20
2018-01-29 11:00:00;118,88
2018-01-29 11:15:00;118,44
2018-01-29 11:30:00;126,36
2018-01-29 11:45:00;124,36
2018-01-29 12:00:00;123,04
2018-01-29 12:15:00;98,08
2018-01-29 12:30:00;92,44
2018-01-29 12:45:00;100,24
2018-01-29 13:00:00;102,92
2018-01-29 13:15:00;108,28
2018-01-29 13:30:00;112,76
2018-01-29 13:45:00;117,72
2018-01-29 14:00:00;120,44
2018-01-29 14:15:00;130,16
2018-01-29 14:30:00;130,68
2018-01-29 14:45:00;144,28
2018-01-29 15:00:00;141,60
2018-01-29 15:15:00;136,96
2018-01-29 15:30:00;126,96
2018-01-29 15:45:00;126,92
2018-01-29 16:00:00;122,16
2018-01-29 16:15:00;122,44
2018-01-29 16:30:00;109,32
2018-01-29 16:45:00;107,88
2018-01-29 17:00:00;85,52
2018-01-29 17:15:00;76,08
2018-01-29 17:30:00;72,20
2018-01-29 17:45:00;67,00
2018-01-29 18:00:00;66,56
2018-01-29 18:15:00;53,24
2018-01-29 18:30:00;49,76
2018-01-29 18:45:00;46,48
2018-01-29 19:00:00;45,40
2018-01-29 19:15:00;39,88
2018-01-29 19:30:00;41,40
2018-01-29 19:45:00;37,76
2018-01-29 20:00:00;37,52
2018-01-29 20:15:00;35,32
2018-01-29 20:30:00;31,56
2018-01-29 20:45:00;30,28
2018-01-29 21:00:00;30,32
2018-01-29 21:15:00;30,40
2018-01-29 21:30:00;30,40
2018-01-29 21:45:00;34,96
2018-01-29 22:00:00;35,92
2018-01-29 22:15:00;32,48
2018-01-29 22:30:00;35,00
2018-01-29 22:45:00;34,60
2018-01-29 23:00:00;34,20
2018-01-29 23:15:00;34,00
2018-01-29 23:30:00;34,68
2018-01-29 23:45:00;34,88
2018-01-30 00:00:00;35,24
2018-01-30 00:15:00;34,44
2018-01-30 00:30:00;32,96
2018-01-30 00:45:00;35,08
2018-01-30 01:00:00;34,08
2018-01-30 01:15:00;33,92
2018-01-30 01:30:00;34,36
2018-01-30 01:45:00;34,32
2018-01-30 02:00:00;33,76
2018-01-30 02:15:00;34,44
2018-01-30 02:30:00;34,84
2018-01-30 02:45:00;33,88
2018-01-30 03:00:00;32,28
2018-01-30 03:15:00;32,72
2018-01-30 03:30:00;33,04
2018-01-30 03:45:00;31,92
2018-01-30 04:00:00;30,72
2018-01-30 04:15:00;31,64
2018-01-30 04:30:00;31,04
2018-01-30 04:45:00;30,12
2018-01-30 05:00:00;30,16
2018-01-30 05:15:00;32,20
2018-01-30 05:30:00;30,12
2018-01-30 05:45:00;30,16
2018-01-30 06:00:00;31,80
2018-01-30 06:15:00;30,76
2018-01-30 06:30:00;33,12
2018-01-30 06:45:00;35,76
2018-01-30 07:00:00;49,92
2018-01-30 07:15:00;100,28
2018-01-30 07:30:00;116,80
2018-01-30 07:45:00;123,36
2018-01-30 08:00:00;129,76
2018-01-30 08:15:00;127,08
2018-01-30 08:30:00;136,36
2018-01-30 08:45:00;138,04
2018-01-30 09:00:00;134,52
2018-01-30 09:15:00;115,08
2018-01-30 09:30:00;128,08
2018-01-30 09:45:00;130,40
2018-01-30 10:00:00;122,68
2018-01-30 10:15:00;124,08
2018-01-30 10:30:00;124,96
2018-01-30 10:45:00;123,48
2018-01-30 11:00:00;132,72
2018-01-30 11:15:00;131,56
2018-01-30 11:30:00;129,40
2018-01-30 11:45:00;132,32
2018-01-30 12:00:00;141,80
2018-01-30 12:15:00;121,24
2018-01-30 12:30:00;109,92
2018-01-30 12:45:00;118,68
2018-01-30 13:00:00;130,40
2018-01-30 13:15:00;145,04
2018-01-30 13:30:00;151,48
2018-01-30 13:45:00;142,88
2018-01-30 14:00:00;139,60
2018-01-30 14:15:00;142,84
2018-01-30 14:30:00;138,68
2018-01-30 14:45:00;147,40
2018-01-30 15:00:00;148,88
2018-01-30 15:15:00;136,40
2018-01-30 15:30:00;131,72
2018-01-30 15:45:00;134,44
2018-01-30 16:00:00;137,04
2018-01-30 16:15:00;137,28
2018-01-30 16:30:00;131,80
2018-01-30 16:45:00;123,40
2018-01-30 17:00:00;115,80
2018-01-30 17:15:00;104,80
2018-01-30 17:30:00;99,72
2018-01-30 17:45:00;72,12
2018-01-30 18:00:00;62,76
2018-01-30 18:15:00;50,40
2018-01-30 18:30:00;44,72
2018-01-30 18:45:00;43,44
2018-01-30 19:00:00;42,64
2018-01-30 19:15:00;40,16
2018-01-30 19:30:00;40,80
2018-01-30 19:45:00;43,12
2018-01-30 20:00:00;41,20
2018-01-30 20:15:00;47,16
2018-01-30 20:30:00;50,28
2018-01-30 20:45:00;50,12
2018-01-30 21:00:00;48,00
2018-01-30 21:15:00;45,28
2018-01-30 21:30:00;43,20
2018-01-30 21:45:00;41,56
2018-01-30 22:00:00;37,76
2018-01-30 22:15:00;39,00
2018-01-30 22:30:00;36,36
2018-01-30 22:45:00;37,64
2018-01-30 23:00:00;36,20
2018-01-30 23:15:00;34,52
2018-01-30 23:30:00;37,12
2018-01-30 23:45:00;36,48
2018-01-31 00:00:00;35,52
2018-01-31 00:15:00;35,92
2018-01-31 00:30:00;38,44
2018-01-31 00:45:00;35,32
2018-01-31 01:00:00;36,44
2018-01-31 01:15:00;36,68
2018-01-31 01:30:00;35,76
2018-01-31 01:45:00;34,68
2018-01-31 02:00:00;35,24
2018-01-31 02:15:00;35,16
2018-01-31 02:30:00;32,60
2018-01-31 02:45:00;34,96
2018-01-31 03:00:00;33,28
2018-01-31 03:15:00;30,44
2018-01-31 03:30:00;33,72
2018-01-31 03:45:00;32,84
2018-01-31 04:00:00;31,64
2018-01-31 04:15:00;31,76
2018-01-31 04:30:00;33,08
2018-01-31 04:45:00;33,28
2018-01-31 05:00:00;30,92
2018-01-31 05:15:00;33,16
2018-01-31 05:30:00;34,20
2018-01-31 05:45:00;30,16
2018-01-31 06:00:00;33,60
2018-01-31 06:15:00;32,68
2018-01-31 06:30:00;34,16
2018-01-31 06:45:00;36,24
2018-01-31 07:00:00;47,88
2018-01-31 07:15:00;86,48
2018-01-31 07:30:00;119,92
2018-01-31 07:45:00;117,92
2018-01-31 08:00:00;123,84
2018-01-31 08:15:00;121,08
2018-01-31 08:30:00;120,12
2018-01-31 08:45:00;128,32
2018-01-31 09:00:00;130,60
2018-01-31 09:15:00;116,76
2018-01-31 09:30:00;147,08
2018-01-31 09:45:00;141,92
2018-01-31 10:00:00;138,28
2018-01-31 10:15:00;152,92
2018-01-31 10:30:00;144,32
2018-01-31 10:45:00;146,44
2018-01-31 11:00:00;152,76
2018-01-31 11:15:00;152,16
2018-01-31 11:30:00;162,32
2018-01-31 11:45:00;151,64
2018-01-31 12:00:00;151,32
2018-01-31 12:15:00;115,32
2018-01-31 12:30:00;111,24
2018-01-31 12:45:00;126,88
2018-01-31 13:00:00;141,76
2018-01-31 13:15:00;137,04
2018-01-31 13:30:00;130,64
2018-01-31 13:45:00;136,28
2018-01-31 14:00:00;136,16
2018-01-31 14:15:00;137,68
2018-01-31 14:30:00;133,32
2018-01-31 14:45:00;136,12
2018-01-31 15:00:00;129,72
2018-01-31 15:15:00;139,96
2018-01-31 15:30:00;145,80
2018-01-31 15:45:00;148,76
2018-01-31 16:00:00;147,72
2018-01-31 16:15:00;143,64
2018-01-31 16:30:00;133,00
2018-01-31 16:45:00;125,20
2018-01-31 17:00:00;119,76
2018-01-31 17:15:00;94,16
2018-01-31 17:30:00;85,16
2018-01-31 17:45:00;85,52
2018-01-31 18:00:00;55,36
2018-01-31 18:15:00;47,76
2018-01-31 18:30:00;43,64
2018-01-31 18:45:00;45,76
2018-01-31 19:00:00;52,28
2018-01-31 19:15:00;54,72
2018-01-31 19:30:00;55,56
2018-01-31 19:45:00;56,64
2018-01-31 20:00:00;56,40
2018-01-31 20:15:00;52,68
2018-01-31 20:30:00;54,40
2018-01-31 20:45:00;55,04
2018-01-31 21:00:00;48,32
2018-01-31 21:15:00;44,28
2018-01-31 21:30:00;44,48
2018-01-31 21:45:00;43,84
2018-01-31 22:00:00;42,92
2018-01-31 22:15:00;43,44
2018-01-31 22:30:00;43,16
2018-01-31 22:45:00;41,00
2018-01-31 23:00:00;39,16
2018-01-31 23:15:00;36,60
2018-01-31 23:30:00;38,36
2018-01-31 23:45:00;36,80
2018-02-01 00:00:00;34,72
2018-02-01 00:15:00;36,84
2018-02-01 00:30:00;36,08
2018-02-01 00:45:00;34,00
2018-02-01 01:00:00;36,40
2018-02-01 01:15:00;36,40
2018-02-01 01:30:00;35,76
2018-02-01 01:45:00;35,16
2018-02-01 02:00:00;34,72
2018-02-01 02:15:00;34,72
2018-02-01 02:30:00;31,00
2018-02-01 02:45:00;30,80
2018-02-01 03:00:00;30,52
2018-02-01 03:15:00;29,32
2018-02-01 03:30:00;28,44
2018-02-01 03:45:00;28,88
2018-02-01 04:00:00;28,36
2018-02-01 04:15:00;28,36
2018-02-01 04:30:00;28,60
2018-02-01 04:45:00;27,52
2018-02-01 05:00:00;29,16
2018-02-01 05:15:00;27,88
2018-02-01 05:30:00;27,72
2018-02-01 05:45:00;28,96
2018-02-01 06:00:00;27,52
2018-02-01 06:15:00;28,12
2018-02-01 06:30:00;31,28
2018-02-01 06:45:00;32,28
2018-02-01 07:00:00;42,48
2018-02-01 07:15:00;84,00
2018-02-01 07:30:00;103,16
2018-02-01 07:45:00;116,28
2018-02-01 08:00:00;132,36
2018-02-01 08:15:00;137,12
2018-02-01 08:30:00;138,72
2018-02-01 08:45:00;141,52
2018-02-01 09:00:00;132,84
2018-02-01 09:15:00;112,60
2018-02-01 09:30:00;124,32
2018-02-01 09:45:00;142,36
2018-02-01 10:00:00;144,32
2018-02-01 10:15:00;150,56
2018-02-01 10:30:00;161,04
2018-02-01 10:45:00;158,12
2018-02-01 11:00:00;156,76
2018-02-01 11:15:00;155,80
2018-02-01 11:30:00;156,56
2018-02-01 11:45:00;150,80
2018-02-01 12:00:00;140,32
2018-02-01 12:15:00;124,80
2018-02-01 12:30:00;112,92
2018-02-01 12:45:00;134,44
2018-02-01 13:00:00;143,08
2018-02-01 13:15:00;153,56
2018-02-01 13:30:00;154,28
2018-02-01 13:45:00;153,16
2018-02-01 14:00:00;147,00
2018-02-01 14:15:00;149,84
2018-02-01 14:30:00;149,36
2018-02-01 14:45:00;149,76
2018-02-01 15:00:00;151,28
2018-02-01 15:15:00;150,72
2018-02-01 15:30:00;150,96
2018-02-01 15:45:00;145,92
2018-02-01 16:00:00;145,28
2018-02-01 16:15:00;152,96
2018-02-01 16:30:00;131,52
2018-02-01 16:45:00;102,28
2018-02-01 17:00:00;89,84
2018-02-01 17:15:00;77,80
2018-02-01 17:30:00;73,92
2018-02-01 17:45:00;58,56
2018-02-01 18:00:00;49,80
2018-02-01 18:15:00;43,40
2018-02-01 18:30:00;43,92
2018-02-01 18:45:00;40,92
2018-02-01 19:00:00;41,28
2018-02-01 19:15:00;52,48
2018-02-01 19:30:00;53,68
2018-02-01 19:45:00;50,48
2018-02-01 20:00:00;47,36
2018-02-01 20:15:00;47,40
2018-02-01 20:30:00;41,92
2018-02-01 20:45:00;38,32
2018-02-01 21:00:00;38,60
2018-02-01 21:15:00;35,76
2018-02-01 21:30:00;39,64
2018-02-01 21:45:00;42,28
2018-02-01 22:00:00;41,56
2018-02-01 22:15:00;42,36
2018-02-01 22:30:00;42,48
2018-02-01 22:45:00;40,96
2018-02-01 23:00:00;40,48
2018-02-01 23:15:00;37,44
2018-02-01 23:30:00;36,60
2018-02-01 23:45:00;35,04
2018-02-02 00:00:00;32,68
2018-02-02 00:15:00;32,24
2018-02-02 00:30:00;33,28
2018-02-02 00:45:00;32,12
2018-02-02 01:00:00;32,48
2018-02-02 01:15:00;31,80
2018-02-02 01:30:00;30,64
2018-02-02 01:45:00;32,80
2018-02-02 02:00:00;30,80
2018-02-02 02:15:00;31,40
2018-02-02 02:30:00;31,88
2018-02-02 02:45:00;31,12
2018-02-02 03:00:00;31,28
2018-02-02 03:15:00;32,44
2018-02-02 03:30:00;31,20
2018-02-02 03:45:00;30,92
2018-02-02 04:00:00;30,64
2018-02-02 04:15:00;29,68
2018-02-02 04:30:00;28,76
2018-02-02 04:45:00;30,68
2018-02-02 05:00:00;28,56
2018-02-02 05:15:00;26,72
2018-02-02 05:30:00;29,52
2018-02-02 05:45:00;26,80
2018-02-02 06:00:00;28,32
2018-02-02 06:15:00;28,24
2018-02-02 06:30:00;32,56
2018-02-02 06:45:00;40,60
2018-02-02 07:00:00;55,16
2018-02-02 07:15:00;109,64
2018-02-02 07:30:00;127,04
2018-02-02 07:45:00;141,48
2018-02-02 08:00:00;147,32
2018-02-02 08:15:00;146,80
2018-02-02 08:30:00;153,80
2018-02-02 08:45:00;158,64
2018-02-02 09:00:00;153,20
2018-02-02 09:15:00;128,88
2018-02-02 09:30:00;148,12
2018-02-02 09:45:00;157,48
2018-02-02 10:00:00;153,48
2018-02-02 10:15:00;158,88
2018-02-02 10:30:00;143,40
2018-02-02 10:45:00;144,08
2018-02-02 11:00:00;146,96
2018-02-02 11:15:00;139,88
2018-02-02 11:30:00;133,60
2018-02-02 11:45:00;132,00
2018-02-02 12:00:00;119,36
2018-02-02 12:15:00;103,68
2018-02-02 12:30:00;100,00
2018-02-02 12:45:00;109,36
2018-02-02 13:00:00;108,44
2018-02-02 13:15:00;123,92
2018-02-02 13:30:00;113,52
2018-02-02 13:45:00;110,56
2018-02-02 14:00:00;104,48
2018-02-02 14:15:00;115,00
2018-02-02 14:30:00;120,80
2018-02-02 14:45:00;105,20
2018-02-02 15:00:00;93,72
2018-02-02 15:15:00;79,88
2018-02-02 15:30:00;68,84
2018-02-02 15:45:00;66,72
2018-02-02 16:00:00;52,28
2018-02-02 16:15:00;49,76
2018-02-02 16:30:00;47,96
2018-02-02 16:45:00;51,80
2018-02-02 17:00:00;50,12
2018-02-02 17:15:00;47,36
2018-02-02 17:30:00;48,48
2018-02-02 17:45:00;49,96
2018-02-02 18:00:00;49,32
2018-02-02 18:15:00;44,64
2018-02-02 18:30:00;47,52
2018-02-02 18:45:00;44,44
2018-02-02 19:00:00;48,84
2018-02-02 19:15:00;42,20
2018-02-02 19:30:00;40,76
2018-02-02 19:45:00;38,00
2018-02-02 20:00:00;36,68
2018-02-02 20:15:00;39,04
2018-02-02 20:30:00;35,16
2018-02-02 20:45:00;32,76
2018-02-02 21:00:00;34,04
2018-02-02 21:15:00;33,56
2018-02-02 21:30:00;30,72
2018-02-02 21:45:00;32,52
2018-02-02 22:00:00;29,96
2018-02-02 22:15:00;28,16
2018-02-02 22:30:00;30,08
2018-02-02 22:45:00;31,80
2018-02-02 23:00:00;26,84
2018-02-02 23:15:00;30,04
2018-02-02 23:30:00;28,40
2018-02-02 23:45:00;28,28
2018-02-03 00:00:00;28,12
2018-02-03 00:15:00;29,32
2018-02-03 00:30:00;27,48
2018-02-03 00:45:00;28,20
2018-02-03 01:00:00;28,88
2018-02-03 01:15:00;28,96
2018-02-03 01:30:00;27,52
2018-02-03 01:45:00;28,80
2018-02-03 02:00:00;28,12
2018-02-03 02:15:00;27,36
2018-02-03 02:30:00;28,88
2018-02-03 02:45:00;28,56
2018-02-03 03:00:00;27,52
2018-02-03 03:15:00;29,08
2018-02-03 03:30:00;29,00
2018-02-03 03:45:00;27,28
2018-02-03 04:00:00;29,00
2018-02-03 04:15:00;28,48
2018-02-03 04:30:00;27,60
2018-02-03 04:45:00;27,88
2018-02-03 05:00:00;28,44
2018-02-03 05:15:00;27,72
2018-02-03 05:30:00;27,56
2018-02-03 05:45:00;26,00
2018-02-03 06:00:00;25,64
2018-02-03 06:15:00;24,40
2018-02-03 06:30:00;25,72
2018-02-03 06:45:00;25,72
2018-02-03 07:00:00;25,36
2018-02-03 07:15:00;24,68
2018-02-03 07:30:00;24,24
2018-02-03 07:45:00;24,04
2018-02-03 08:00:00;25,64
2018-02-03 08:15:00;26,48
2018-02-03 08:30:00;27,36
2018-02-03 08:45:00;26,24
2018-02-03 09:00:00;27,64
2018-02-03 09:15:00;26,56
2018-02-03 09:30:00;27,20
2018-02-03 09:45:00;26,92
2018-02-03 10:00:00;27,08
2018-02-03 10:15:00;25,48
2018-02-03 10:30:00;26,32
2018-02-03 10:45:00;26,40
2018-02-03 11:00:00;23,88
2018-02-03 11:15:00;23,00
2018-02-03 11:30:00;22,76
2018-02-03 11:45:00;22,08
2018-02-03 12:00:00;21,40
2018-02-03 12:15:00;20,80
2018-02-03 12:30:00;20,28
2018-02-03 12:45:00;20,60
2018-02-03 13:00:00;18,96
2018-02-03 13:15:00;18,80
2018-02-03 13:30:00;20,00
2018-02-03 13:45:00;18,52
2018-02-03 14:00:00;19,56
2018-02-03 14:15:00;18,96
2018-02-03 14:30:00;19,76
2018-02-03 14:45:00;19,08
2018-02-03 15:00:00;19,84
2018-02-03 15:15:00;18,84
2018-02-03 15:30:00;19,32
2018-02-03 15:45:00;19,36
2018-02-03 16:00:00;19,64
2018-02-03 16:15:00;19,56
2018-02-03 16:30:00;23,28
2018-02-03 16:45:00;23,88
2018-02-03 17:00:00;23,08
2018-02-03 17:15:00;35,00
2018-02-03 17:30:00;37,44
2018-02-03 17:45:00;40,48
2018-02-03 18:00:00;40,00
2018-02-03 18:15:00;40,72
2018-02-03 18:30:00;41,32
2018-02-03 18:45:00;40,52
2018-02-03 19:00:00;41,36
2018-02-03 19:15:00;42,16
2018-02-03 19:30:00;38,60
2018-02-03 19:45:00;35,36
2018-02-03 20:00:00;25,28
2018-02-03 20:15:00;22,60
2018-02-03 20:30:00;21,64
2018-02-03 20:45:00;22,08
2018-02-03 21:00:00;23,00
2018-02-03 21:15:00;21,96
2018-02-03 21:30:00;23,20
2018-02-03 21:45:00;28,00
2018-02-03 22:00:00;26,76
2018-02-03 22:15:00;25,48
2018-02-03 22:30:00;27,04
2018-02-03 22:45:00;25,96
2018-02-03 23:00:00;25,72
2018-02-03 23:15:00;27,32
2018-02-03 23:30:00;26,20
2018-02-03 23:45:00;26,20
2018-02-04 00:00:00;27,44
2018-02-04 00:15:00;26,76
2018-02-04 00:30:00;26,12
2018-02-04 00:45:00;26,12
2018-02-04 01:00:00;27,16
2018-02-04 01:15:00;26,24
2018-02-04 01:30:00;26,04
2018-02-04 01:45:00;26,96
2018-02-04 02:00:00;25,76
2018-02-04 02:15:00;26,32
2018-02-04 02:30:00;27,20
2018-02-04 02:45:00;26,12
2018-02-04 03:00:00;25,92
2018-02-04 03:15:00;27,84
2018-02-04 03:30:00;26,08
2018-02-04 03:45:00;27,84
2018-02-04 04:00:00;26,96
2018-02-04 04:15:00;26,60
2018-02-04 04:30:00;25,96
2018-02-04 04:45:00;26,48
2018-02-04 05:00:00;27,16
2018-02-04 05:15:00;26,12
2018-02-04 05:30:00;26,60
2018-02-04 05:45:00;27,08
2018-02-04 06:00:00;25,68
2018-02-04 06:15:00;24,12
2018-02-04 06:30:00;25,24
2018-02-04 06:45:00;24,72
2018-02-04 07:00:00;23,84
2018-02-04 07:15:00;22,04
2018-02-04 07:30:00;20,88
2018-02-04 07:45:00;20,68
2018-02-04 08:00:00;21,80
2018-02-04 08:15:00;20,96
2018-02-04 08:30:00;20,44
2018-02-04 08:45:00;21,76
2018-02-04 09:00:00;21,08
2018-02-04 09:15:00;21,96
2018-02-04 09:30:00;21,92
2018-02-04 09:45:00;23,76
2018-02-04 10:00:00;28,16
2018-02-04 10:15:00;37,28
2018-02-04 10:30:00;37,20
2018-02-04 10:45:00;37,16
2018-02-04 11:00:00;34,52
2018-02-04 11:15:00;35,52
2018-02-04 11:30:00;41,60
2018-02-04 11:45:00;41,40
2018-02-04 12:00:00;41,24
2018-02-04 12:15:00;41,12
2018-02-04 12:30:00;42,32
2018-02-04 12:45:00;39,80
2018-02-04 13:00:00;37,36
2018-02-04 13:15:00;37,20
2018-02-04 13:30:00;35,16
2018-02-04 13:45:00;34,12
2018-02-04 14:00:00;33,80
2018-02-04 14:15:00;32,00
2018-02-04 14:30:00;28,76
2018-02-04 14:45:00;31,04
2018-02-04 15:00:00;30,40
2018-02-04 15:15:00;29,64
2018-02-04 15:30:00;31,16
2018-02-04 15:45:00;39,84
2018-02-04 16:00:00;37,56
2018-02-04 16:15:00;38,08
2018-02-04 16:30:00;36,92
2018-02-04 16:45:00;36,68
2018-02-04 17:00:00;34,84
2018-02-04 17:15:00;40,08
2018-02-04 17:30:00;37,76
2018-02-04 17:45:00;34,20
2018-02-04 18:00:00;39,48
2018-02-04 18:15:00;38,28
2018-02-04 18:30:00;35,88
2018-02-04 18:45:00;38,80
2018-02-04 19:00:00;38,00
2018-02-04 19:15:00;37,84
2018-02-04 19:30:00;38,52
2018-02-04 19:45:00;40,28
2018-02-04 20:00:00;30,24
2018-02-04 20:15:00;26,12
2018-02-04 20:30:00;28,32
2018-02-04 20:45:00;27,16
2018-02-04 21:00:00;24,64
2018-02-04 21:15:00;24,44
2018-02-04 21:30:00;23,40
2018-02-04 21:45:00;28,32
2018-02-04 22:00:00;27,20
2018-02-04 22:15:00;26,52
2018-02-04 22:30:00;26,00
2018-02-04 22:45:00;26,92
2018-02-04 23:00:00;25,84
2018-02-04 23:15:00;26,00
2018-02-04 23:30:00;26,28
2018-02-04 23:45:00;26,48
2018-02-05 00:00:00;26,40
2018-02-05 00:15:00;25,84
2018-02-05 00:30:00;27,36
2018-02-05 00:45:00;25,48
2018-02-05 01:00:00;27,04
2018-02-05 01:15:00;27,20
2018-02-05 01:30:00;27,32
2018-02-05 01:45:00;26,76
2018-02-05 02:00:00;27,32
2018-02-05 02:15:00;26,76
2018-02-05 02:30:00;27,48
2018-02-05 02:45:00;26,80
2018-02-05 03:00:00;27,56
2018-02-05 03:15:00;27,80
2018-02-05 03:30:00;26,64
2018-02-05 03:45:00;26,72
2018-02-05 04:00:00;26,56
2018-02-05 04:15:00;27,00
2018-02-05 04:30:00;26,36
2018-02-05 04:45:00;26,72
2018-02-05 05:00:00;27,40
2018-02-05 05:15:00;26,64
2018-02-05 05:30:00;26,44
2018-02-05 05:45:00;27,40
2018-02-05 06:00:00;27,08
2018-02-05 06:15:00;28,60
2018-02-05 06:30:00;39,60
2018-02-05 06:45:00;45,72
2018-02-05 07:00:00;48,00
2018-02-05 07:15:00;74,08
2018-02-05 07:30:00;114,84
2018-02-05 07:45:00;117,12
2018-02-05 08:00:00;117,88
2018-02-05 08:15:00;136,96
2018-02-05 08:30:00;134,24
2018-02-05 08:45:00;137,12
2018-02-05 09:00:00;135,32
2018-02-05 09:15:00;104,84
2018-02-05 09:30:00;123,40
2018-02-05 09:45:00;127,96
2018-02-05 10:00:00;136,84
2018-02-05 10:15:00;132,44
2018-02-05 10:30:00;128,56
2018-02-05 10:45:00;125,36
2018-02-05 11:00:00;121,84
2018-02-05 11:15:00;127,40
2018-02-05 11:30:00;133,56
2018-02-05 11:45:00;137,24
2018-02-05 12:00:00;126,84
2018-02-05 12:15:00;108,16
2018-02-05 12:30:00;99,44
2018-02-05 12:45:00;111,60
2018-02-05 13:00:00;124,64
2018-02-05 13:15:00;129,60
2018-02-05 13:30:00;132,60
2018-02-05 13:45:00;132,04
2018-02-05 14:00:00;131,32
2018-02-05 14:15:00;142,72
2018-02-05 14:30:00;140,16
2018-02-05 14:45:00;134,56
2018-02-05 15:00:00;135,88
2018-02-05 15:15:00;136,60
2018-02-05 15:30:00;132,28
2018-02-05 15:45:00;134,44
2018-02-05 16:00:00;126,40
2018-02-05 16:15:00;138,40
2018-02-05 16:30:00;132,64
2018-02-05 16:45:00;110,28
2018-02-05 17:00:00;99,32
2018-02-05 17:15:00;81,24
2018-02-05 17:30:00;67,68
2018-02-05 17:45:00;61,84
2018-02-05 18:00:00;57,96
2018-02-05 18:15:00;39,60
2018-02-05 18:30:00;35,64
2018-02-05 18:45:00;33,04
2018-02-05 19:00:00;29,88
2018-02-05 19:15:00;30,76
2018-02-05 19:30:00;41,16
2018-02-05 19:45:00;43,36
2018-02-05 20:00:00;38,40
2018-02-05 20:15:00;33,24
2018-02-05 20:30:00;28,44
2018-02-05 20:45:00;27,76
2018-02-05 21:00:00;28,48
2018-02-05 21:15:00;28,96
2018-02-05 21:30:00;29,12
2018-02-05 21:45:00;31,84
2018-02-05 22:00:00;32,64
2018-02-05 22:15:00;31,48
2018-02-05 22:30:00;25,36
2018-02-05 22:45:00;26,44
2018-02-05 23:00:00;25,04
2018-02-05 23:15:00;26,12
2018-02-05 23:30:00;26,04
2018-02-05 23:45:00;24,48
2018-02-06 00:00:00;25,48
2018-02-06 00:15:00;24,80
2018-02-06 00:30:00;26,12
2018-02-06 00:45:00;25,32
2018-02-06 01:00:00;24,92
2018-02-06 01:15:00;25,36
2018-02-06 01:30:00;24,96
2018-02-06 01:45:00;24,96
2018-02-06 02:00:00;26,12
2018-02-06 02:15:00;24,00
2018-02-06 02:30:00;25,36
2018-02-06 02:45:00;25,92
2018-02-06 03:00:00;24,40
2018-02-06 03:15:00;24,88
2018-02-06 03:30:00;24,40
2018-02-06 03:45:00;26,80
2018-02-06 04:00:00;24,44
2018-02-06 04:15:00;24,12
2018-02-06 04:30:00;25,96
2018-02-06 04:45:00;24,56
2018-02-06 05:00:00;25,08
2018-02-06 05:15:00;25,04
2018-02-06 05:30:00;25,40
2018-02-06 05:45:00;25,56
2018-02-06 06:00:00;23,96
2018-02-06 06:15:00;25,36
2018-02-06 06:30:00;32,12
2018-02-06 06:45:00;34,96
2018-02-06 07:00:00;52,48
2018-02-06 07:15:00;86,96
2018-02-06 07:30:00;107,12
2018-02-06 07:45:00;118,60
2018-02-06 08:00:00;123,24
2018-02-06 08:15:00;149,12
2018-02-06 08:30:00;158,24
2018-02-06 08:45:00;158,56
2018-02-06 09:00:00;143,16
2018-02-06 09:15:00;119,32
2018-02-06 09:30:00;119,68
2018-02-06 09:45:00;129,96
2018-02-06 10:00:00;136,32
2018-02-06 10:15:00;126,56
2018-02-06 10:30:00;131,52
2018-02-06 10:45:00;138,12
2018-02-06 11:00:00;136,04
2018-02-06 11:15:00;141,52
2018-02-06 11:30:00;141,12
2018-02-06 11:45:00;131,16
2018-02-06 12:00:00;131,40
2018-02-06 12:15:00;96,88
2018-02-06 12:30:00;90,52
2018-02-06 12:45:00;104,16
2018-02-06 13:00:00;123,68
2018-02-06 13:15:00;123,12
2018-02-06 13:30:00;123,12
2018-02-06 13:45:00;130,48
2018-02-06 14:00:00;131,48
2018-02-06 14:15:00;129,68
2018-02-06 14:30:00;126,56
2018-02-06 14:45:00;128,84
2018-02-06 15:00:00;129,88
2018-02-06 15:15:00;133,64
2018-02-06 15:30:00;141,28
2018-02-06 15:45:00;134,08
2018-02-06 16:00:00;132,64
2018-02-06 16:15:00;128,12
2018-02-06 16:30:00;121,20
2018-02-06 16:45:00;95,68
2018-02-06 17:00:00;83,08
2018-02-06 17:15:00;69,56
2018-02-06 17:30:00;73,76
2018-02-06 17:45:00;55,64
2018-02-06 18:00:00;49,44
2018-02-06 18:15:00;49,32
2018-02-06 18:30:00;45,40
2018-02-06 18:45:00;42,16
2018-02-06 19:00:00;43,16
2018-02-06 19:15:00;42,20
2018-02-06 19:30:00;38,08
2018-02-06 19:45:00;35,72
2018-02-06 20:00:00;35,44
2018-02-06 20:15:00;37,72
2018-02-06 20:30:00;29,84
2018-02-06 20:45:00;30,12
2018-02-06 21:00:00;30,68
2018-02-06 21:15:00;29,20
2018-02-06 21:30:00;30,08
2018-02-06 21:45:00;35,48
2018-02-06 22:00:00;34,84
2018-02-06 22:15:00;33,72
2018-02-06 22:30:00;33,44
2018-02-06 22:45:00;34,60
2018-02-06 23:00:00;34,00
2018-02-06 23:15:00;33,40
2018-02-06 23:30:00;33,56
2018-02-06 23:45:00;34,44
2018-02-07 00:00:00;33,88
2018-02-07 00:15:00;33,28
2018-02-07 00:30:00;34,52
2018-02-07 00:45:00;33,28
2018-02-07 01:00:00;33,36
2018-02-07 01:15:00;34,36
2018-02-07 01:30:00;34,32
2018-02-07 01:45:00;33,32
2018-02-07 02:00:00;33,44
2018-02-07 02:15:00;33,16
2018-02-07 02:30:00;34,24
2018-02-07 02:45:00;32,68
2018-02-07 03:00:00;33,00
2018-02-07 03:15:00;33,64
2018-02-07 03:30:00;33,12
2018-02-07 03:45:00;33,36
2018-02-07 04:00:00;33,88
2018-02-07 04:15:00;33,52
2018-02-07 04:30:00;33,24
2018-02-07 04:45:00;32,68
2018-02-07 05:00:00;33,88
2018-02-07 05:15:00;33,60
2018-02-07 05:30:00;32,48
2018-02-07 05:45:00;32,48
2018-02-07 06:00:00;33,68
2018-02-07 06:15:00;33,84
2018-02-07 06:30:00;37,40
2018-02-07 06:45:00;42,12
2018-02-07 07:00:00;57,12
2018-02-07 07:15:00;90,76
2018-02-07 07:30:00;107,40
2018-02-07 07:45:00;105,60
2018-02-07 08:00:00;117,24
2018-02-07 08:15:00;129,32
2018-02-07 08:30:00;143,64
2018-02-07 08:45:00;129,88
2018-02-07 09:00:00;124,56
2018-02-07 09:15:00;93,32
2018-02-07 09:30:00;118,36
2018-02-07 09:45:00;126,68
2018-02-07 10:00:00;139,44
2018-02-07 10:15:00;135,92
2018-02-07 10:30:00;127,60
2018-02-07 10:45:00;136,36
2018-02-07 11:00:00;131,00
2018-02-07 11:15:00;136,16
2018-02-07 11:30:00;149,28
2018-02-07 11:45:00;130,00
2018-02-07 12:00:00;121,52
2018-02-07 12:15:00;96,32
2018-02-07 12:30:00;82,72
2018-02-07 12:45:00;90,92
2018-02-07 13:00:00;118,72
2018-02-07 13:15:00;129,96
2018-02-07 13:30:00;123,12
2018-02-07 13:45:00;126,44
2018-02-07 14:00:00;132,08
2018-02-07 14:15:00;126,20
2018-02-07 14:30:00;131,08
2018-02-07 14:45:00;136,32
2018-02-07 15:00:00;138,00
2018-02-07 15:15:00;134,48
2018-02-07 15:30:00;125,84
2018-02-07 15:45:00;105,00
2018-02-07 16:00:00;118,28
2018-02-07 16:15:00;119,84
2018-02-07 16:30:00;100,84
2018-02-07 16:45:00;76,04
2018-02-07 17:00:00;61,96
2018-02-07 17:15:00;52,84
2018-02-07 17:30:00;45,28
2018-02-07 17:45:00;39,48
2018-02-07 18:00:00;40,68
2018-02-07 18:15:00;40,44
2018-02-07 18:30:00;36,52
2018-02-07 18:45:00;35,08
2018-02-07 19:00:00;39,20
2018-02-07 19:15:00;41,04
2018-02-07 19:30:00;41,44
2018-02-07 19:45:00;41,20
2018-02-07 20:00:00;33,92
2018-02-07 20:15:00;31,76
2018-02-07 20:30:00;31,28
2018-02-07 20:45:00;30,96
2018-02-07 21:00:00;31,20
2018-02-07 21:15:00;30,60
2018-02-07 21:30:00;33,88
2018-02-07 21:45:00;32,80
2018-02-07 22:00:00;32,44
2018-02-07 22:15:00;33,24
2018-02-07 22:30:00;32,92
2018-02-07 22:45:00;31,20
2018-02-07 23:00:00;31,32
2018-02-07 23:15:00;32,28
2018-02-07 23:30:00;31,96
2018-02-07 23:45:00;31,24
2018-02-08 00:00:00;31,20
2018-02-08 00:15:00;32,00
2018-02-08 00:30:00;31,00
2018-02-08 00:45:00;32,48
2018-02-08 01:00:00;30,60
2018-02-08 01:15:00;32,12
2018-02-08 01:30:00;30,92
2018-02-08 01:45:00;31,96
2018-02-08 02:00:00;31,96
2018-02-08 02:15:00;31,16
2018-02-08 02:30:00;32,40
2018-02-08 02:45:00;31,20
2018-02-08 03:00:00;32,56
2018-02-08 03:15:00;31,28
2018-02-08 03:30:00;31,56
2018-02-08 03:45:00;31,40
2018-02-08 04:00:00;31,36
2018-02-08 04:15:00;32,12
2018-02-08 04:30:00;31,24
2018-02-08 04:45:00;31,52
2018-02-08 05:00:00;31,80
2018-02-08 05:15:00;31,24
2018-02-08 05:30:00;31,40
2018-02-08 05:45:00;32,28
2018-02-08 06:00:00;32,20
2018-02-08 06:15:00;31,60
2018-02-08 06:30:00;33,16
2018-02-08 06:45:00;34,60
2018-02-08 07:00:00;40,92
2018-02-08 07:15:00;78,76
2018-02-08 07:30:00;95,84
2018-02-08 07:45:00;113,32
2018-02-08 08:00:00;122,00
2018-02-08 08:15:00;125,68
2018-02-08 08:30:00;137,00
2018-02-08 08:45:00;135,48
2018-02-08 09:00:00;131,12
2018-02-08 09:15:00;104,68
2018-02-08 09:30:00;112,48
2018-02-08 09:45:00;122,40
2018-02-08 10:00:00;118,60
2018-02-08 10:15:00;122,68
2018-02-08 10:30:00;123,36
2018-02-08 10:45:00;122,04
2018-02-08 11:00:00;117,92
2018-02-08 11:15:00;119,32
2018-02-08 11:30:00;116,88
2018-02-08 11:45:00;123,40
2018-02-08 12:00:00;123,28
2018-02-08 12:15:00;85,48
2018-02-08 12:30:00;79,44
2018-02-08 12:45:00;97,04
2018-02-08 13:00:00;104,56
2018-02-08 13:15:00;105,60
2018-02-08 13:30:00;100,84
2018-02-08 13:45:00;108,04
2018-02-08 14:00:00;117,52
2018-02-08 14:15:00;106,32
2018-02-08 14:30:00;110,76
2018-02-08 14:45:00;115,24
2018-02-08 15:00:00;121,60
2018-02-08 15:15:00;115,72
2018-02-08 15:30:00;121,88
2018-02-08 15:45:00;110,44
2018-02-08 16:00:00;116,48
2018-02-08 16:15:00;124,72
2018-02-08 16:30:00;109,48
2018-02-08 16:45:00;84,80
2018-02-08 17:00:00;75,64
2018-02-08 17:15:00;48,80
2018-02-08 17:30:00;42,84
2018-02-08 17:45:00;40,52
2018-02-08 18:00:00;37,60
2018-02-08 18:15:00;36,04
2018-02-08 18:30:00;37,76
2018-02-08 18:45:00;34,00
2018-02-08 19:00:00;34,20
2018-02-08 19:15:00;34,28
2018-02-08 19:30:00;46,08
2018-02-08 19:45:00;45,20
2018-02-08 20:00:00;40,00
2018-02-08 20:15:00;38,84
2018-02-08 20:30:00;34,00
2018-02-08 20:45:00;32,04
2018-02-08 21:00:00;27,92
2018-02-08 21:15:00;32,32
2018-02-08 21:30:00;33,68
2018-02-08 21:45:00;34,84
2018-02-08 22:00:00;35,04
2018-02-08 22:15:00;34,88
2018-02-08 22:30:00;37,36
2018-02-08 22:45:00;33,64
2018-02-08 23:00:00;33,08
2018-02-08 23:15:00;37,12
2018-02-08 23:30:00;34,84
2018-02-08 23:45:00;34,80
2018-02-09 00:00:00;34,08
2018-02-09 00:15:00;34,72
2018-02-09 00:30:00;36,68
2018-02-09 00:45:00;33,24
2018-02-09 01:00:00;33,44
2018-02-09 01:15:00;36,52
2018-02-09 01:30:00;34,48
2018-02-09 01:45:00;34,00
2018-02-09 02:00:00;34,84
2018-02-09 02:15:00;34,76
2018-02-09 02:30:00;35,36
2018-02-09 02:45:00;33,68
2018-02-09 03:00:00;34,76
2018-02-09 03:15:00;36,36
2018-02-09 03:30:00;33,56
2018-02-09 03:45:00;32,96
2018-02-09 04:00:00;35,88
2018-02-09 04:15:00;35,36
2018-02-09 04:30:00;33,60
2018-02-09 04:45:00;33,28
2018-02-09 05:00:00;35,36
2018-02-09 05:15:00;35,56
2018-02-09 05:30:00;35,20
2018-02-09 05:45:00;32,76
2018-02-09 06:00:00;34,96
2018-02-09 06:15:00;36,24
2018-02-09 06:30:00;36,52
2018-02-09 06:45:00;36,40
2018-02-09 07:00:00;51,04
2018-02-09 07:15:00;98,04
2018-02-09 07:30:00;106,24
2018-02-09 07:45:00;122,36
2018-02-09 08:00:00;129,28
2018-02-09 08:15:00;123,56
2018-02-09 08:30:00;125,44
2018-02-09 08:45:00;119,60
2018-02-09 09:00:00;115,56
2018-02-09 09:15:00;105,48
2018-02-09 09:30:00;111,12
2018-02-09 09:45:00;124,92
2018-02-09 10:00:00;126,36
2018-02-09 10:15:00;126,68
2018-02-09 10:30:00;128,88
2018-02-09 10:45:00;133,88
2018-02-09 11:00:00;134,84
2018-02-09 11:15:00;137,40
2018-02-09 11:30:00;133,24
2018-02-09 11:45:00;131,28
2018-02-09 12:00:00;120,24
2018-02-09 12:15:00;95,40
2018-02-09 12:30:00;88,52
2018-02-09 12:45:00;90,52
2018-02-09 13:00:00;103,88
2018-02-09 13:15:00;108,56
2018-02-09 13:30:00;112,32
2018-02-09 13:45:00;113,84
2018-02-09 14:00:00;106,28
2018-02-09 14:15:00;104,44
2018-02-09 14:30:00;100,44
2018-02-09 14:45:00;98,36
2018-02-09 15:00:00;80,44
2018-02-09 15:15:00;65,80
2018-02-09 15:30:00;60,04
2018-02-09 15:45:00;52,72
2018-02-09 16:00:00;51,44
2018-02-09 16:15:00;51,76
2018-02-09 16:30:00;53,24
2018-02-09 16:45:00;49,28
2018-02-09 17:00:00;48,16
2018-02-09 17:15:00;50,12
2018-02-09 17:30:00;49,76
2018-02-09 17:45:00;45,28
2018-02-09 18:00:00;45,92
2018-02-09 18:15:00;39,52
2018-02-09 18:30:00;36,88
2018-02-09 18:45:00;33,44
2018-02-09 19:00:00;31,68
2018-02-09 19:15:00;34,12
2018-02-09 19:30:00;33,60
2018-02-09 19:45:00;33,08
2018-02-09 20:00:00;32,84
2018-02-09 20:15:00;33,00
2018-02-09 20:30:00;33,00
2018-02-09 20:45:00;31,64
2018-02-09 21:00:00;31,80
2018-02-09 21:15:00;32,76
2018-02-09 21:30:00;31,56
2018-02-09 21:45:00;32,92
2018-02-09 22:00:00;35,88
2018-02-09 22:15:00;34,56
2018-02-09 22:30:00;34,84
2018-02-09 22:45:00;33,80
2018-02-09 23:00:00;33,32
2018-02-09 23:15:00;34,68
2018-02-09 23:30:00;34,96
2018-02-09 23:45:00;33,40
2018-02-10 00:00:00;34,36
2018-02-10 00:15:00;35,24
2018-02-10 00:30:00;33,92
2018-02-10 00:45:00;33,20
2018-02-10 01:00:00;34,68
2018-02-10 01:15:00;34,44
2018-02-10 01:30:00;34,32
2018-02-10 01:45:00;33,36
2018-02-10 02:00:00;32,48
2018-02-10 02:15:00;33,16
2018-02-10 02:30:00;33,52
2018-02-10 02:45:00;32,68
2018-02-10 03:00:00;32,60
2018-02-10 03:15:00;33,08
2018-02-10 03:30:00;34,48
2018-02-10 03:45:00;31,40
2018-02-10 04:00:00;33,16
2018-02-10 04:15:00;33,28
2018-02-10 04:30:00;33,88
2018-02-10 04:45:00;31,60
2018-02-10 05:00:00;33,08
2018-02-10 05:15:00;33,08
2018-02-10 05:30:00;34,24
2018-02-10 05:45:00;30,44
2018-02-10 06:00:00;32,72
2018-02-10 06:15:00;34,68
2018-02-10 06:30:00;33,16
2018-02-10 06:45:00;32,28
2018-02-10 07:00:00;35,44
2018-02-10 07:15:00;31,24
2018-02-10 07:30:00;30,52
2018-02-10 07:45:00;28,80
2018-02-10 08:00:00;30,24
2018-02-10 08:15:00;29,96
2018-02-10 08:30:00;29,12
2018-02-10 08:45:00;27,80
2018-02-10 09:00:00;29,04
2018-02-10 09:15:00;30,36
2018-02-10 09:30:00;32,72
2018-02-10 09:45:00;32,88
2018-02-10 10:00:00;35,04
2018-02-10 10:15:00;32,64
2018-02-10 10:30:00;32,80
2018-02-10 10:45:00;31,72
2018-02-10 11:00:00;32,84
2018-02-10 11:15:00;32,40
2018-02-10 11:30:00;33,20
2018-02-10 11:45:00;31,60
2018-02-10 12:00:00;32,80
2018-02-10 12:15:00;32,68
2018-02-10 12:30:00;32,68
2018-02-10 12:45:00;31,12
2018-02-10 13:00:00;31,96
2018-02-10 13:15:00;29,48
2018-02-10 13:30:00;30,48
2018-02-10 13:45:00;29,20
2018-02-10 14:00:00;29,48
2018-02-10 14:15:00;30,40
2018-02-10 14:30:00;29,08
2018-02-10 14:45:00;28,68
2018-02-10 15:00:00;27,48
2018-02-10 15:15:00;29,16
2018-02-10 15:30:00;28,56
2018-02-10 15:45:00;26,68
2018-02-10 16:00:00;27,72
2018-02-10 16:15:00;29,12
2018-02-10 16:30:00;29,12
2018-02-10 16:45:00;26,16
2018-02-10 17:00:00;28,48
2018-02-10 17:15:00;33,72
2018-02-10 17:30:00;40,92
2018-02-10 17:45:00;36,64
2018-02-10 18:00:00;33,28
2018-02-10 18:15:00;31,60
2018-02-10 18:30:00;27,92
2018-02-10 18:45:00;28,96
2018-02-10 19:00:00;28,68
2018-02-10 19:15:00;30,76
2018-02-10 19:30:00;32,24
2018-02-10 19:45:00;31,84
2018-02-10 20:00:00;25,80
2018-02-10 20:15:00;23,60
2018-02-10 20:30:00;23,88
2018-02-10 20:45:00;20,16
2018-02-10 21:00:00;24,08
2018-02-10 21:15:00;24,52
2018-02-10 21:30:00;24,04
2018-02-10 21:45:00;26,16
2018-02-10 22:00:00;28,64
2018-02-10 22:15:00;29,76
2018-02-10 22:30:00;27,80
2018-02-10 22:45:00;28,32
2018-02-10 23:00:00;28,04
2018-02-10 23:15:00;29,40
2018-02-10 23:30:00;28,48
2018-02-10 23:45:00;26,44
2018-02-11 00:00:00;28,68
2018-02-11 00:15:00;29,40
2018-02-11 00:30:00;28,00
2018-02-11 00:45:00;26,20
2018-02-11 01:00:00;30,04
2018-02-11 01:15:00;29,04
2018-02-11 01:30:00;27,24
2018-02-11 01:45:00;26,48
2018-02-11 02:00:00;29,44
2018-02-11 02:15:00;29,00
2018-02-11 02:30:00;28,64
2018-02-11 02:45:00;26,36
2018-02-11 03:00:00;28,76
2018-02-11 03:15:00;29,04
2018-02-11 03:30:00;28,72
2018-02-11 03:45:00;26,84
2018-02-11 04:00:00;26,48
2018-02-11 04:15:00;28,08
2018-02-11 04:30:00;26,04
2018-02-11 04:45:00;27,32
2018-02-11 05:00:00;26,48
2018-02-11 05:15:00;26,32
2018-02-11 05:30:00;24,64
2018-02-11 05:45:00;26,32
2018-02-11 06:00:00;23,96
2018-02-11 06:15:00;25,08
2018-02-11 06:30:00;24,44
2018-02-11 06:45:00;25,40
2018-02-11 07:00:00;23,68
2018-02-11 07:15:00;20,20
2018-02-11 07:30:00;19,80
2018-02-11 07:45:00;19,52
2018-02-11 08:00:00;18,12
2018-02-11 08:15:00;19,24
2018-02-11 08:30:00;18,60
2018-02-11 08:45:00;20,04
2018-02-11 09:00:00;19,04
2018-02-11 09:15:00;19,32
2018-02-11 09:30:00;19,68
2018-02-11 09:45:00;18,44
2018-02-11 10:00:00;20,64
2018-02-11 10:15:00;26,44
2018-02-11 10:30:00;30,96
2018-02-11 10:45:00;29,68
2018-02-11 11:00:00;30,12
2018-02-11 11:15:00;32,92
2018-02-11 11:30:00;24,28
2018-02-11 11:45:00;32,28
2018-02-11 12:00:00;31,80
2018-02-11 12:15:00;33,56
2018-02-11 12:30:00;35,20
2018-02-11 12:45:00;27,72
2018-02-11 13:00:00;28,52
2018-02-11 13:15:00;26,68
2018-02-11 13:30:00;28,52
2018-02-11 13:45:00;27,60
2018-02-11 14:00:00;28,16
2018-02-11 14:15:00;27,80
2018-02-11 14:30:00;27,44
2018-02-11 14:45:00;27,56
2018-02-11 15:00:00;24,52
2018-02-11 15:15:00;24,24
2018-02-11 15:30:00;24,44
2018-02-11 15:45:00;24,24
2018-02-11 16:00:00;23,68
2018-02-11 16:15:00;24,84
2018-02-11 16:30:00;24,00
2018-02-11 16:45:00;24,04
2018-02-11 17:00:00;23,96
2018-02-11 17:15:00;24,48
2018-02-11 17:30:00;24,92
2018-02-11 17:45:00;24,60
2018-02-11 18:00:00;31,80
2018-02-11 18:15:00;29,64
2018-02-11 18:30:00;28,56
2018-02-11 18:45:00;23,56
2018-02-11 19:00:00;24,84
2018-02-11 19:15:00;20,60
2018-02-11 19:30:00;20,60
2018-02-11 19:45:00;20,40
2018-02-11 20:00:00;18,88
2018-02-11 20:15:00;19,84
2018-02-11 20:30:00;20,84
2018-02-11 20:45:00;19,64
2018-02-11 21:00:00;21,00
2018-02-11 21:15:00;19,36
2018-02-11 21:30:00;21,60
2018-02-11 21:45:00;25,52
2018-02-11 22:00:00;24,68
2018-02-11 22:15:00;24,56
2018-02-11 22:30:00;24,84
2018-02-11 22:45:00;25,12
2018-02-11 23:00:00;24,32
2018-02-11 23:15:00;25,20
2018-02-11 23:30:00;24,56
2018-02-11 23:45:00;24,04
2018-02-12 00:00:00;24,72
2018-02-12 00:15:00;24,56
2018-02-12 00:30:00;25,48
2018-02-12 00:45:00;24,32
2018-02-12 01:00:00;24,56
2018-02-12 01:15:00;25,08
2018-02-12 01:30:00;24,08
2018-02-12 01:45:00;25,12
2018-02-12 02:00:00;23,56
2018-02-12 02:15:00;25,36
2018-02-12 02:30:00;24,24
2018-02-12 02:45:00;25,00
2018-02-12 03:00:00;24,92
2018-02-12 03:15:00;24,80
2018-02-12 03:30:00;25,92
2018-02-12 03:45:00;23,76
2018-02-12 04:00:00;25,68
2018-02-12 04:15:00;24,16
2018-02-12 04:30:00;25,32
2018-02-12 04:45:00;24,44
2018-02-12 05:00:00;23,84
2018-02-12 05:15:00;24,44
2018-02-12 05:30:00;23,96
2018-02-12 05:45:00;25,72
2018-02-12 06:00:00;24,28
2018-02-12 06:15:00;24,28
2018-02-12 06:30:00;26,12
2018-02-12 06:45:00;31,84
2018-02-12 07:00:00;41,88
2018-02-12 07:15:00;74,28
2018-02-12 07:30:00;98,48
2018-02-12 07:45:00;101,56
2018-02-12 08:00:00;109,92
2018-02-12 08:15:00;105,64
2018-02-12 08:30:00;113,36
2018-02-12 08:45:00;115,52
2018-02-12 09:00:00;126,56
2018-02-12 09:15:00;99,68
2018-02-12 09:30:00;114,04
2018-02-12 09:45:00;114,40
2018-02-12 10:00:00;125,80
2018-02-12 10:15:00;135,28
2018-02-12 10:30:00;137,00
2018-02-12 10:45:00;141,96
2018-02-12 11:00:00;128,28
2018-02-12 11:15:00;131,68
2018-02-12 11:30:00;129,64
2018-02-12 11:45:00;120,68
2018-02-12 12:00:00;125,04
2018-02-12 12:15:00;87,32
2018-02-12 12:30:00;78,52
2018-02-12 12:45:00;106,40
2018-02-12 13:00:00;111,24
2018-02-12 13:15:00;115,72
2018-02-12 13:30:00;132,44
2018-02-12 13:45:00;142,32
2018-02-12 14:00:00;131,40
2018-02-12 14:15:00;130,28
2018-02-12 14:30:00;130,64
2018-02-12 14:45:00;140,56
2018-02-12 15:00:00;138,32
2018-02-12 15:15:00;127,20
2018-02-12 15:30:00;132,28
2018-02-12 15:45:00;134,44
2018-02-12 16:00:00;130,92
2018-02-12 16:15:00;118,20
2018-02-12 16:30:00;131,00
2018-02-12 16:45:00;96,68
2018-02-12 17:00:00;84,64
2018-02-12 17:15:00;77,20
2018-02-12 17:30:00;58,48
2018-02-12 17:45:00;50,60
2018-02-12 18:00:00;47,60
2018-02-12 18:15:00;45,32
2018-02-12 18:30:00;44,64
2018-02-12 18:45:00;43,72
2018-02-12 19:00:00;41,16
2018-02-12 19:15:00;41,68
2018-02-12 19:30:00;40,12
2018-02-12 19:45:00;40,68
2018-02-12 20:00:00;41,56
2018-02-12 20:15:00;41,52
2018-02-12 20:30:00;39,40
2018-02-12 20:45:00;36,76
2018-02-12 21:00:00;36,24
2018-02-12 21:15:00;33,12
2018-02-12 21:30:00;33,64
2018-02-12 21:45:00;35,36
2018-02-12 22:00:00;34,68
2018-02-12 22:15:00;33,00
2018-02-12 22:30:00;32,08
2018-02-12 22:45:00;34,12
2018-02-12 23:00:00;30,56
2018-02-12 23:15:00;30,72
2018-02-12 23:30:00;31,76
2018-02-12 23:45:00;30,88
2018-02-13 00:00:00;29,60
2018-02-13 00:15:00;30,20
2018-02-13 00:30:00;31,64
2018-02-13 00:45:00;28,76
2018-02-13 01:00:00;28,40
2018-02-13 01:15:00;29,08
2018-02-13 01:30:00;29,88
2018-02-13 01:45:00;30,16
2018-02-13 02:00:00;29,08
2018-02-13 02:15:00;29,92
2018-02-13 02:30:00;29,20
2018-02-13 02:45:00;29,52
2018-02-13 03:00:00;28,76
2018-02-13 03:15:00;29,96
2018-02-13 03:30:00;29,52
2018-02-13 03:45:00;30,04
2018-02-13 04:00:00;28,76
2018-02-13 04:15:00;29,68
2018-02-13 04:30:00;29,16
2018-02-13 04:45:00;29,40
2018-02-13 05:00:00;28,76
2018-02-13 05:15:00;30,12
2018-02-13 05:30:00;29,40
2018-02-13 05:45:00;29,08
2018-02-13 06:00:00;28,96
2018-02-13 06:15:00;31,52
2018-02-13 06:30:00;33,72
2018-02-13 06:45:00;33,40
2018-02-13 07:00:00;49,48
2018-02-13 07:15:00;97,20
2018-02-13 07:30:00;113,08
2018-02-13 07:45:00;111,88
2018-02-13 08:00:00;127,84
2018-02-13 08:15:00;127,52
2018-02-13 08:30:00;120,12
2018-02-13 08:45:00;130,08
2018-02-13 09:00:00;116,80
2018-02-13 09:15:00;92,28
2018-02-13 09:30:00;103,64
2018-02-13 09:45:00;105,28
2018-02-13 10:00:00;103,72
2018-02-13 10:15:00;105,20
2018-02-13 10:30:00;120,52
2018-02-13 10:45:00;123,80
2018-02-13 11:00:00;131,64
2018-02-13 11:15:00;113,80
2018-02-13 11:30:00;116,28
2018-02-13 11:45:00;121,52
2018-02-13 12:00:00;113,00
2018-02-13 12:15:00;97,88
2018-02-13 12:30:00;92,80
2018-02-13 12:45:00;107,32
2018-02-13 13:00:00;105,44
2018-02-13 13:15:00;112,80
2018-02-13 13:30:00;121,44
2018-02-13 13:45:00;123,24
2018-02-13 14:00:00;124,28
2018-02-13 14:15:00;117,68
2018-02-13 14:30:00;113,36
2018-02-13 14:45:00;116,84
2018-02-13 15:00:00;124,88
2018-02-13 15:15:00;123,52
2018-02-13 15:30:00;120,44
2018-02-13 15:45:00;125,92
2018-02-13 16:00:00;132,20
2018-02-13 16:15:00;116,48
2018-02-13 16:30:00;116,08
2018-02-13 16:45:00;103,80
2018-02-13 17:00:00;79,48
2018-02-13 17:15:00;53,88
2018-02-13 17:30:00;48,96
2018-02-13 17:45:00;45,08
2018-02-13 18:00:00;47,40
2018-02-13 18:15:00;41,64
2018-02-13 18:30:00;40,88
2018-02-13 18:45:00;39,12
2018-02-13 19:00:00;41,88
2018-02-13 19:15:00;46,52
2018-02-13 19:30:00;43,00
2018-02-13 19:45:00;44,20
2018-02-13 20:00:00;46,32
2018-02-13 20:15:00;44,36
2018-02-13 20:30:00;36,20
2018-02-13 20:45:00;35,12
2018-02-13 21:00:00;33,84
2018-02-13 21:15:00;34,32
2018-02-13 21:30:00;32,48
2018-02-13 21:45:00;36,08
2018-02-13 22:00:00;36,00
2018-02-13 22:15:00;34,96
2018-02-13 22:30:00;34,56
2018-02-13 22:45:00;34,68
2018-02-13 23:00:00;36,20
2018-02-13 23:15:00;34,80
2018-02-13 23:30:00;34,16
2018-02-13 23:45:00;35,20
2018-02-14 00:00:00;36,36
2018-02-14 00:15:00;34,80
2018-02-14 00:30:00;35,32
2018-02-14 00:45:00;35,68
2018-02-14 01:00:00;36,40
2018-02-14 01:15:00;34,88
2018-02-14 01:30:00;32,96
2018-02-14 01:45:00;35,56
2018-02-14 02:00:00;36,08
2018-02-14 02:15:00;34,08
2018-02-14 02:30:00;35,64
2018-02-14 02:45:00;34,92
2018-02-14 03:00:00;35,48
2018-02-14 03:15:00;33,96
2018-02-14 03:30:00;35,72
2018-02-14 03:45:00;34,44
2018-02-14 04:00:00;36,00
2018-02-14 04:15:00;34,56
2018-02-14 04:30:00;33,64
2018-02-14 04:45:00;35,52
2018-02-14 05:00:00;35,68
2018-02-14 05:15:00;33,40
2018-02-14 05:30:00;35,20
2018-02-14 05:45:00;35,76
2018-02-14 06:00:00;36,60
2018-02-14 06:15:00;33,36
2018-02-14 06:30:00;38,36
2018-02-14 06:45:00;42,52
2018-02-14 07:00:00;57,24
2018-02-14 07:15:00;83,96
2018-02-14 07:30:00;112,64
2018-02-14 07:45:00;124,60
2018-02-14 08:00:00;114,44
2018-02-14 08:15:00;116,32
2018-02-14 08:30:00;117,12
2018-02-14 08:45:00;118,56
2018-02-14 09:00:00;123,08
2018-02-14 09:15:00;101,36
2018-02-14 09:30:00;115,72
2018-02-14 09:45:00;117,64
2018-02-14 10:00:00;112,52
2018-02-14 10:15:00;119,32
2018-02-14 10:30:00;121,72
2018-02-14 10:45:00;123,20
2018-02-14 11:00:00;121,00
2018-02-14 11:15:00;129,40
2018-02-14 11:30:00;129,56
2018-02-14 11:45:00;140,76
2018-02-14 12:00:00;126,40
2018-02-14 12:15:00;93,88
2018-02-14 12:30:00;86,68
2018-02-14 12:45:00;105,60
2018-02-14 13:00:00;121,88
2018-02-14 13:15:00;127,56
2018-02-14 13:30:00;124,52
2018-02-14 13:45:00;129,48
2018-02-14 14:00:00;132,28
2018-02-14 14:15:00;121,36
2018-02-14 14:30:00;127,84
2018-02-14 14:45:00;131,68
2018-02-14 15:00:00;128,40
2018-02-14 15:15:00;122,68
2018-02-14 15:30:00;119,24
2018-02-14 15:45:00;116,08
2018-02-14 16:00:00;123,88
2018-02-14 16:15:00;120,88
2018-02-14 16:30:00;107,64
2018-02-14 16:45:00;71,32
2018-02-14 17:00:00;65,96
2018-02-14 17:15:00;56,72
2018-02-14 17:30:00;55,20
2018-02-14 17:45:00;49,16
2018-02-14 18:00:00;45,92
2018-02-14 18:15:00;40,44
2018-02-14 18:30:00;38,60
2018-02-14 18:45:00;39,28
2018-02-14 19:00:00;38,24
2018-02-14 19:15:00;33,28
2018-02-14 19:30:00;32,24
2018-02-14 19:45:00;36,24
2018-02-14 20:00:00;34,72
2018-02-14 20:15:00;31,56
2018-02-14 20:30:00;30,64
2018-02-14 20:45:00;26,68
2018-02-14 21:00:00;27,76
2018-02-14 21:15:00;28,12
2018-02-14 21:30:00;28,84
2018-02-14 21:45:00;32,20
2018-02-14 22:00:00;33,96
2018-02-14 22:15:00;31,84
2018-02-14 22:30:00;31,28
2018-02-14 22:45:00;33,52
2018-02-14 23:00:00;32,00
2018-02-14 23:15:00;32,08
2018-02-14 23:30:00;31,16
2018-02-14 23:45:00;32,32
2018-02-15 00:00:00;30,72
2018-02-15 00:15:00;31,76
2018-02-15 00:30:00;31,88
2018-02-15 00:45:00;32,00
2018-02-15 01:00:00;31,72
2018-02-15 01:15:00;31,92
2018-02-15 01:30:00;33,52
2018-02-15 01:45:00;30,84
2018-02-15 02:00:00;32,20
2018-02-15 02:15:00;32,04
2018-02-15 02:30:00;31,96
2018-02-15 02:45:00;31,64
2018-02-15 03:00:00;31,32
2018-02-15 03:15:00;32,68
2018-02-15 03:30:00;30,44
2018-02-15 03:45:00;31,88
2018-02-15 04:00:00;31,60
2018-02-15 04:15:00;32,00
2018-02-15 04:30:00;31,28
2018-02-15 04:45:00;31,28
2018-02-15 05:00:00;32,84
2018-02-15 05:15:00;30,44
2018-02-15 05:30:00;32,32
2018-02-15 05:45:00;30,96
2018-02-15 06:00:00;32,36
2018-02-15 06:15:00;31,72
2018-02-15 06:30:00;34,52
2018-02-15 06:45:00;45,52
2018-02-15 07:00:00;61,16
2018-02-15 07:15:00;89,08
2018-02-15 07:30:00;110,92
2018-02-15 07:45:00;103,04
2018-02-15 08:00:00;120,00
2018-02-15 08:15:00;134,60
2018-02-15 08:30:00;127,76
2018-02-15 08:45:00;123,20
2018-02-15 09:00:00;111,12
2018-02-15 09:15:00;96,64
2018-02-15 09:30:00;107,16
2018-02-15 09:45:00;114,16
2018-02-15 10:00:00;115,96
2018-02-15 10:15:00;114,36
2018-02-15 10:30:00;126,72
2018-02-15 10:45:00;118,76
2018-02-15 11:00:00;117,76
2018-02-15 11:15:00;117,08
2018-02-15 11:30:00;111,12
2018-02-15 11:45:00;115,44
2018-02-15 12:00:00;123,40
2018-02-15 12:15:00;94,44
2018-02-15 12:30:00;85,92
2018-02-15 12:45:00;101,52
2018-02-15 13:00:00;119,88
2018-02-15 13:15:00;122,68
2018-02-15 13:30:00;130,52
2018-02-15 13:45:00;124,60
2018-02-15 14:00:00;122,20
2018-02-15 14:15:00;112,32
2018-02-15 14:30:00;123,56
2018-02-15 14:45:00;120,52
2018-02-15 15:00:00;115,96
2018-02-15 15:15:00;112,84
2018-02-15 15:30:00;107,08
2018-02-15 15:45:00;114,76
2018-02-15 16:00:00;115,24
2018-02-15 16:15:00;121,76
2018-02-15 16:30:00;112,92
2018-02-15 16:45:00;81,88
2018-02-15 17:00:00;69,96
2018-02-15 17:15:00;55,32
2018-02-15 17:30:00;55,84
2018-02-15 17:45:00;55,48
2018-02-15 18:00:00;51,68
2018-02-15 18:15:00;54,08
2018-02-15 18:30:00;52,48
2018-02-15 18:45:00;49,60
2018-02-15 19:00:00;47,48
2018-02-15 19:15:00;53,80
2018-02-15 19:30:00;57,44
2018-02-15 19:45:00;58,72
2018-02-15 20:00:00;55,88
2018-02-15 20:15:00;52,12
2018-02-15 20:30:00;52,44
2018-02-15 20:45:00;50,12
2018-02-15 21:00:00;49,52
2018-02-15 21:15:00;48,32
2018-02-15 21:30:00;45,44
2018-02-15 21:45:00;49,92
2018-02-15 22:00:00;48,24
2018-02-15 22:15:00;50,24
2018-02-15 22:30:00;46,56
2018-02-15 22:45:00;45,00
2018-02-15 23:00:00;44,28
2018-02-15 23:15:00;44,48
2018-02-15 23:30:00;41,48
2018-02-15 23:45:00;40,80
2018-02-16 00:00:00;39,44
2018-02-16 00:15:00;40,40
2018-02-16 00:30:00;39,68
2018-02-16 00:45:00;41,04
2018-02-16 01:00:00;36,20
2018-02-16 01:15:00;36,72
2018-02-16 01:30:00;36,84
2018-02-16 01:45:00;35,16
2018-02-16 02:00:00;35,88
2018-02-16 02:15:00;36,84
2018-02-16 02:30:00;36,48
2018-02-16 02:45:00;35,92
2018-02-16 03:00:00;35,84
2018-02-16 03:15:00;37,12
2018-02-16 03:30:00;35,40
2018-02-16 03:45:00;35,24
2018-02-16 04:00:00;36,24
2018-02-16 04:15:00;36,48
2018-02-16 04:30:00;36,04
2018-02-16 04:45:00;35,12
2018-02-16 05:00:00;36,12
2018-02-16 05:15:00;36,28
2018-02-16 05:30:00;36,44
2018-02-16 05:45:00;34,76
2018-02-16 06:00:00;36,12
2018-02-16 06:15:00;36,28
2018-02-16 06:30:00;38,84
2018-02-16 06:45:00;41,96
2018-02-16 07:00:00;58,72
2018-02-16 07:15:00;102,16
2018-02-16 07:30:00;121,44
2018-02-16 07:45:00;126,76
2018-02-16 08:00:00;129,04
2018-02-16 08:15:00;128,04
2018-02-16 08:30:00;137,04
2018-02-16 08:45:00;144,40
2018-02-16 09:00:00;139,44
2018-02-16 09:15:00;112,44
2018-02-16 09:30:00;129,52
2018-02-16 09:45:00;135,16
2018-02-16 10:00:00;139,92
2018-02-16 10:15:00;140,44
2018-02-16 10:30:00;142,00
2018-02-16 10:45:00;141,80
2018-02-16 11:00:00;141,28
2018-02-16 11:15:00;131,92
2018-02-16 11:30:00;134,20
2018-02-16 11:45:00;123,48
2018-02-16 12:00:00;118,56
2018-02-16 12:15:00;101,40
2018-02-16 12:30:00;90,52
2018-02-16 12:45:00;102,36
2018-02-16 13:00:00;107,44
2018-02-16 13:15:00;109,48
2018-02-16 13:30:00;108,08
2018-02-16 13:45:00;126,76
2018-02-16 14:00:00;120,40
2018-02-16 14:15:00;110,48
2018-02-16 14:30:00;110,68
2018-02-16 14:45:00;108,44
2018-02-16 15:00:00;87,00
2018-02-16 15:15:00;79,36
2018-02-16 15:30:00;71,52
2018-02-16 15:45:00;63,04
2018-02-16 16:00:00;59,00
2018-02-16 16:15:00;54,16
2018-02-16 16:30:00;52,48
2018-02-16 16:45:00;51,28
2018-02-16 17:00:00;52,80
2018-02-16 17:15:00;51,56
2018-02-16 17:30:00;49,88
2018-02-16 17:45:00;49,40
2018-02-16 18:00:00;49,04
2018-02-16 18:15:00;47,68
2018-02-16 18:30:00;44,80
2018-02-16 18:45:00;45,48
2018-02-16 19:00:00;45,00
2018-02-16 19:15:00;43,40
2018-02-16 19:30:00;42,00
2018-02-16 19:45:00;43,04
2018-02-16 20:00:00;42,20
2018-02-16 20:15:00;35,96
2018-02-16 20:30:00;35,32
2018-02-16 20:45:00;35,24
2018-02-16 21:00:00;35,16
2018-02-16 21:15:00;29,84
2018-02-16 21:30:00;29,96
2018-02-16 21:45:00;34,76
2018-02-16 22:00:00;32,48
2018-02-16 22:15:00;31,92
2018-02-16 22:30:00;34,68
2018-02-16 22:45:00;33,88
2018-02-16 23:00:00;32,88
2018-02-16 23:15:00;32,08
2018-02-16 23:30:00;34,80
2018-02-16 23:45:00;34,24
2018-02-17 00:00:00;32,72
2018-02-17 00:15:00;32,68
2018-02-17 00:30:00;33,64
2018-02-17 00:45:00;33,52
2018-02-17 01:00:00;32,72
2018-02-17 01:15:00;32,88
2018-02-17 01:30:00;33,64
2018-02-17 01:45:00;34,12
2018-02-17 02:00:00;32,24
2018-02-17 02:15:00;33,20
2018-02-17 02:30:00;34,44
2018-02-17 02:45:00;33,80
2018-02-17 03:00:00;32,68
2018-02-17 03:15:00;33,08
2018-02-17 03:30:00;34,44
2018-02-17 03:45:00;33,84
2018-02-17 04:00:00;31,20
2018-02-17 04:15:00;33,48
2018-02-17 04:30:00;34,04
2018-02-17 04:45:00;34,12
2018-02-17 05:00:00;31,40
2018-02-17 05:15:00;33,32
2018-02-17 05:30:00;34,48
2018-02-17 05:45:00;33,12
2018-02-17 06:00:00;31,32
2018-02-17 06:15:00;33,72
2018-02-17 06:30:00;34,32
2018-02-17 06:45:00;32,04
2018-02-17 07:00:00;32,84
2018-02-17 07:15:00;31,60
2018-02-17 07:30:00;32,08
2018-02-17 07:45:00;28,00
2018-02-17 08:00:00;27,60
2018-02-17 08:15:00;30,76
2018-02-17 08:30:00;28,52
2018-02-17 08:45:00;33,64
2018-02-17 09:00:00;36,12
2018-02-17 09:15:00;38,28
2018-02-17 09:30:00;42,12
2018-02-17 09:45:00;39,44
2018-02-17 10:00:00;41,28
2018-02-17 10:15:00;41,96
2018-02-17 10:30:00;41,52
2018-02-17 10:45:00;39,52
2018-02-17 11:00:00;34,80
2018-02-17 11:15:00;33,56
2018-02-17 11:30:00;31,84
2018-02-17 11:45:00;28,84
2018-02-17 12:00:00;29,32
2018-02-17 12:15:00;31,64
2018-02-17 12:30:00;30,44
2018-02-17 12:45:00;27,84
2018-02-17 13:00:00;29,88
2018-02-17 13:15:00;30,04
2018-02-17 13:30:00;27,60
2018-02-17 13:45:00;27,32
2018-02-17 14:00:00;32,84
2018-02-17 14:15:00;39,92
2018-02-17 14:30:00;39,76
2018-02-17 14:45:00;37,36
2018-02-17 15:00:00;39,80
2018-02-17 15:15:00;40,80
2018-02-17 15:30:00;39,92
2018-02-17 15:45:00;37,60
2018-02-17 16:00:00;39,32
2018-02-17 16:15:00;36,24
2018-02-17 16:30:00;34,52
2018-02-17 16:45:00;32,12
2018-02-17 17:00:00;38,28
2018-02-17 17:15:00;39,00
2018-02-17 17:30:00;41,64
2018-02-17 17:45:00;54,32
2018-02-17 18:00:00;53,92
2018-02-17 18:15:00;55,36
2018-02-17 18:30:00;49,96
2018-02-17 18:45:00;51,92
2018-02-17 19:00:00;51,84
2018-02-17 19:15:00;47,20
2018-02-17 19:30:00;45,80
2018-02-17 19:45:00;45,48
2018-02-17 20:00:00;43,84
2018-02-17 20:15:00;35,84
2018-02-17 20:30:00;32,08
2018-02-17 20:45:00;35,12
2018-02-17 21:00:00;34,00
2018-02-17 21:15:00;31,00
2018-02-17 21:30:00;28,08
2018-02-17 21:45:00;33,72
2018-02-17 22:00:00;34,56
2018-02-17 22:15:00;34,08
2018-02-17 22:30:00;32,08
2018-02-17 22:45:00;34,28
2018-02-17 23:00:00;31,36
2018-02-17 23:15:00;32,48
2018-02-17 23:30:00;29,68
2018-02-17 23:45:00;32,20
2018-02-18 00:00:00;33,00
2018-02-18 00:15:00;31,96
2018-02-18 00:30:00;29,08
2018-02-18 00:45:00;32,48
2018-02-18 01:00:00;33,04
2018-02-18 01:15:00;31,32
2018-02-18 01:30:00;28,44
2018-02-18 01:45:00;31,88
2018-02-18 02:00:00;33,32
2018-02-18 02:15:00;30,96
2018-02-18 02:30:00;30,04
2018-02-18 02:45:00;32,04
2018-02-18 03:00:00;34,00
2018-02-18 03:15:00;29,08
2018-02-18 03:30:00;30,12
2018-02-18 03:45:00;33,04
2018-02-18 04:00:00;32,48
2018-02-18 04:15:00;28,96
2018-02-18 04:30:00;31,24
2018-02-18 04:45:00;32,92
2018-02-18 05:00:00;31,16
2018-02-18 05:15:00;29,88
2018-02-18 05:30:00;32,12
2018-02-18 05:45:00;33,24
2018-02-18 06:00:00;32,00
2018-02-18 06:15:00;29,04
2018-02-18 06:30:00;31,56
2018-02-18 06:45:00;32,60
2018-02-18 07:00:00;29,88
2018-02-18 07:15:00;24,36
2018-02-18 07:30:00;25,72
2018-02-18 07:45:00;26,88
2018-02-18 08:00:00;25,16
2018-02-18 08:15:00;23,80
2018-02-18 08:30:00;26,28
2018-02-18 08:45:00;26,04
2018-02-18 09:00:00;25,40
2018-02-18 09:15:00;24,64
2018-02-18 09:30:00;26,04
2018-02-18 09:45:00;26,44
2018-02-18 10:00:00;25,64
2018-02-18 10:15:00;30,92
2018-02-18 10:30:00;35,84
2018-02-18 10:45:00;34,08
2018-02-18 11:00:00;32,44
2018-02-18 11:15:00;31,72
2018-02-18 11:30:00;33,64
2018-02-18 11:45:00;32,84
2018-02-18 12:00:00;31,60
2018-02-18 12:15:00;33,04
2018-02-18 12:30:00;34,40
2018-02-18 12:45:00;35,92
2018-02-18 13:00:00;35,92
2018-02-18 13:15:00;36,68
2018-02-18 13:30:00;41,68
2018-02-18 13:45:00;40,24
2018-02-18 14:00:00;39,12
2018-02-18 14:15:00;38,12
2018-02-18 14:30:00;36,84
2018-02-18 14:45:00;36,76
2018-02-18 15:00:00;37,24
2018-02-18 15:15:00;37,44
2018-02-18 15:30:00;32,20
2018-02-18 15:45:00;30,52
2018-02-18 16:00:00;29,96
2018-02-18 16:15:00;28,68
2018-02-18 16:30:00;29,04
2018-02-18 16:45:00;31,72
2018-02-18 17:00:00;32,36
2018-02-18 17:15:00;33,52
2018-02-18 17:30:00;34,52
2018-02-18 17:45:00;31,88
2018-02-18 18:00:00;34,28
2018-02-18 18:15:00;31,60
2018-02-18 18:30:00;32,04
2018-02-18 18:45:00;32,40
2018-02-18 19:00:00;33,72
2018-02-18 19:15:00;32,40
2018-02-18 19:30:00;31,32
2018-02-18 19:45:00;31,56
2018-02-18 20:00:00;31,92
2018-02-18 20:15:00;32,56
2018-02-18 20:30:00;31,64
2018-02-18 20:45:00;31,60
2018-02-18 21:00:00;29,64
2018-02-18 21:15:00;29,68
2018-02-18 21:30:00;27,96
2018-02-18 21:45:00;35,88
2018-02-18 22:00:00;33,88
2018-02-18 22:15:00;33,60
2018-02-18 22:30:00;34,92
2018-02-18 22:45:00;34,68
2018-02-18 23:00:00;34,56
2018-02-18 23:15:00;32,80
2018-02-18 23:30:00;33,72
2018-02-18 23:45:00;34,60
2018-02-19 00:00:00;33,40
2018-02-19 00:15:00;33,96
2018-02-19 00:30:00;34,52
2018-02-19 00:45:00;33,08
2018-02-19 01:00:00;33,68
2018-02-19 01:15:00;35,44
2018-02-19 01:30:00;34,28
2018-02-19 01:45:00;34,08
2018-02-19 02:00:00;33,20
2018-02-19 02:15:00;35,00
2018-02-19 02:30:00;32,88
2018-02-19 02:45:00;33,36
2018-02-19 03:00:00;33,40
2018-02-19 03:15:00;32,48
2018-02-19 03:30:00;32,60
2018-02-19 03:45:00;33,80
2018-02-19 04:00:00;30,68
2018-02-19 04:15:00;32,00
2018-02-19 04:30:00;34,16
2018-02-19 04:45:00;31,56
2018-02-19 05:00:00;32,92
2018-02-19 05:15:00;31,92
2018-02-19 05:30:00;33,92
2018-02-19 05:45:00;30,08
2018-02-19 06:00:00;31,00
2018-02-19 06:15:00;29,80
2018-02-19 06:30:00;32,48
2018-02-19 06:45:00;36,76
2018-02-19 07:00:00;50,12
2018-02-19 07:15:00;88,48
2018-02-19 07:30:00;94,32
2018-02-19 07:45:00;104,40
2018-02-19 08:00:00;118,40
2018-02-19 08:15:00;122,48
2018-02-19 08:30:00;131,12
2018-02-19 08:45:00;135,08
2018-02-19 09:00:00;130,32
2018-02-19 09:15:00;110,72
2018-02-19 09:30:00;130,00
2018-02-19 09:45:00;131,80
2018-02-19 10:00:00;143,64
2018-02-19 10:15:00;130,00
2018-02-19 10:30:00;136,60
2018-02-19 10:45:00;135,56
2018-02-19 11:00:00;139,24
2018-02-19 11:15:00;142,92
2018-02-19 11:30:00;149,16
2018-02-19 11:45:00;143,08
2018-02-19 12:00:00;140,56
2018-02-19 12:15:00;113,12
2018-02-19 12:30:00;98,08
2018-02-19 12:45:00;114,68
2018-02-19 13:00:00;128,64
2018-02-19 13:15:00;128,60
2018-02-19 13:30:00;140,96
2018-02-19 13:45:00;131,88
2018-02-19 14:00:00;138,24
2018-02-19 14:15:00;138,84
2018-02-19 14:30:00;141,52
2018-02-19 14:45:00;155,12
2018-02-19 15:00:00;148,36
2018-02-19 15:15:00;138,12
2018-02-19 15:30:00;148,04
2018-02-19 15:45:00;141,28
2018-02-19 16:00:00;128,56
2018-02-19 16:15:00;134,84
2018-02-19 16:30:00;132,40
2018-02-19 16:45:00;109,68
2018-02-19 17:00:00;107,20
2018-02-19 17:15:00;81,24
2018-02-19 17:30:00;73,28
2018-02-19 17:45:00;63,00
2018-02-19 18:00:00;58,64
2018-02-19 18:15:00;46,60
2018-02-19 18:30:00;47,52
2018-02-19 18:45:00;42,44
2018-02-19 19:00:00;38,04
2018-02-19 19:15:00;39,40
2018-02-19 19:30:00;39,12
2018-02-19 19:45:00;39,72
2018-02-19 20:00:00;40,72
2018-02-19 20:15:00;39,00
2018-02-19 20:30:00;39,32
2018-02-19 20:45:00;40,00
2018-02-19 21:00:00;37,52
2018-02-19 21:15:00;35,40
2018-02-19 21:30:00;36,92
2018-02-19 21:45:00;40,04
2018-02-19 22:00:00;39,64
2018-02-19 22:15:00;38,40
2018-02-19 22:30:00;37,84
2018-02-19 22:45:00;38,20
2018-02-19 23:00:00;36,36
2018-02-19 23:15:00;37,52
2018-02-19 23:30:00;37,24
2018-02-19 23:45:00;35,76
2018-02-20 00:00:00;38,64
2018-02-20 00:15:00;37,16
2018-02-20 00:30:00;35,36
2018-02-20 00:45:00;38,16
2018-02-20 01:00:00;37,96
2018-02-20 01:15:00;35,60
2018-02-20 01:30:00;38,28
2018-02-20 01:45:00;37,24
2018-02-20 02:00:00;36,16
2018-02-20 02:15:00;37,20
2018-02-20 02:30:00;36,96
2018-02-20 02:45:00;36,00
2018-02-20 03:00:00;38,08
2018-02-20 03:15:00;34,80
2018-02-20 03:30:00;35,16
2018-02-20 03:45:00;37,20
2018-02-20 04:00:00;35,24
2018-02-20 04:15:00;34,24
2018-02-20 04:30:00;36,84
2018-02-20 04:45:00;35,28
2018-02-20 05:00:00;35,20
2018-02-20 05:15:00;35,04
2018-02-20 05:30:00;36,04
2018-02-20 05:45:00;35,32
2018-02-20 06:00:00;41,92
2018-02-20 06:15:00;45,04
2018-02-20 06:30:00;53,04
2018-02-20 06:45:00;55,72
2018-02-20 07:00:00;63,80
2018-02-20 07:15:00;99,84
2018-02-20 07:30:00;115,96
2018-02-20 07:45:00;125,40
2018-02-20 08:00:00;128,24
2018-02-20 08:15:00;134,48
2018-02-20 08:30:00;129,36
2018-02-20 08:45:00;133,64
2018-02-20 09:00:00;131,64
2018-02-20 09:15:00;103,00
2018-02-20 09:30:00;125,84
2018-02-20 09:45:00;133,60
2018-02-20 10:00:00;128,40
2018-02-20 10:15:00;129,92
2018-02-20 10:30:00;135,24
2018-02-20 10:45:00;135,12
2018-02-20 11:00:00;130,56
2018-02-20 11:15:00;129,80
2018-02-20 11:30:00;127,56
2018-02-20 11:45:00;139,28
2018-02-20 12:00:00;130,80
2018-02-20 12:15:00;100,44
2018-02-20 12:30:00;96,04
2018-02-20 12:45:00;104,16
2018-02-20 13:00:00;116,00
2018-02-20 13:15:00;112,64
2018-02-20 13:30:00;128,04
2018-02-20 13:45:00;126,88
2018-02-20 14:00:00;124,56
2018-02-20 14:15:00;122,80
2018-02-20 14:30:00;130,08
2018-02-20 14:45:00;118,96
2018-02-20 15:00:00;120,20
2018-02-20 15:15:00;119,64
2018-02-20 15:30:00;117,68
2018-02-20 15:45:00;125,44
2018-02-20 16:00:00;123,84
2018-02-20 16:15:00;128,36
2018-02-20 16:30:00;134,48
2018-02-20 16:45:00;101,84
2018-02-20 17:00:00;92,48
2018-02-20 17:15:00;77,76
2018-02-20 17:30:00;81,16
2018-02-20 17:45:00;64,44
2018-02-20 18:00:00;52,68
2018-02-20 18:15:00;51,48
2018-02-20 18:30:00;46,80
2018-02-20 18:45:00;46,80
2018-02-20 19:00:00;45,48
2018-02-20 19:15:00;43,00
2018-02-20 19:30:00;44,60
2018-02-20 19:45:00;40,56
2018-02-20 20:00:00;41,36
2018-02-20 20:15:00;43,44
2018-02-20 20:30:00;40,36
2018-02-20 20:45:00;42,12
2018-02-20 21:00:00;42,00
2018-02-20 21:15:00;40,24
2018-02-20 21:30:00;41,80
2018-02-20 21:45:00;45,64
2018-02-20 22:00:00;45,52
2018-02-20 22:15:00;46,48
2018-02-20 22:30:00;44,72
2018-02-20 22:45:00;46,24
2018-02-20 23:00:00;46,00
2018-02-20 23:15:00;44,12
2018-02-20 23:30:00;44,16
2018-02-20 23:45:00;39,92
2018-02-21 00:00:00;38,44
2018-02-21 00:15:00;41,52
2018-02-21 00:30:00;37,88
2018-02-21 00:45:00;37,40
2018-02-21 01:00:00;38,48
2018-02-21 01:15:00;37,96
2018-02-21 01:30:00;36,84
2018-02-21 01:45:00;38,12
2018-02-21 02:00:00;36,04
2018-02-21 02:15:00;34,92
2018-02-21 02:30:00;34,60
2018-02-21 02:45:00;35,84
2018-02-21 03:00:00;33,52
2018-02-21 03:15:00;33,88
2018-02-21 03:30:00;34,28
2018-02-21 03:45:00;33,84
2018-02-21 04:00:00;33,40
2018-02-21 04:15:00;34,00
2018-02-21 04:30:00;34,36
2018-02-21 04:45:00;34,08
2018-02-21 05:00:00;33,64
2018-02-21 05:15:00;34,60
2018-02-21 05:30:00;33,64
2018-02-21 05:45:00;33,88
2018-02-21 06:00:00;37,68
2018-02-21 06:15:00;42,84
2018-02-21 06:30:00;48,88
2018-02-21 06:45:00;52,28
2018-02-21 07:00:00;64,72
2018-02-21 07:15:00;89,72
2018-02-21 07:30:00;113,36
2018-02-21 07:45:00;109,60
2018-02-21 08:00:00;115,28
2018-02-21 08:15:00;109,00
2018-02-21 08:30:00;125,44
2018-02-21 08:45:00;127,64
2018-02-21 09:00:00;130,40
2018-02-21 09:15:00;114,96
2018-02-21 09:30:00;122,56
2018-02-21 09:45:00;127,20
2018-02-21 10:00:00;123,08
2018-02-21 10:15:00;126,48
2018-02-21 10:30:00;124,36
2018-02-21 10:45:00;126,60
2018-02-21 11:00:00;131,44
2018-02-21 11:15:00;136,40
2018-02-21 11:30:00;136,64
2018-02-21 11:45:00;139,60
2018-02-21 12:00:00;137,08
2018-02-21 12:15:00;116,68
2018-02-21 12:30:00;108,32
2018-02-21 12:45:00;114,08
2018-02-21 13:00:00;118,08
2018-02-21 13:15:00;131,08
2018-02-21 13:30:00;137,28
2018-02-21 13:45:00;135,60
2018-02-21 14:00:00;150,64
2018-02-21 14:15:00;132,48
2018-02-21 14:30:00;141,32
2018-02-21 14:45:00;119,00
2018-02-21 15:00:00;118,92
2018-02-21 15:15:00;119,36
2018-02-21 15:30:00;121,88
2018-02-21 15:45:00;122,24
2018-02-21 16:00:00;132,52
2018-02-21 16:15:00;127,92
2018-02-21 16:30:00;116,28
2018-02-21 16:45:00;104,16
2018-02-21 17:00:00;101,04
2018-02-21 17:15:00;82,36
2018-02-21 17:30:00;80,40
2018-02-21 17:45:00;77,32
2018-02-21 18:00:00;73,84
2018-02-21 18:15:00;59,40
2018-02-21 18:30:00;54,08
2018-02-21 18:45:00;49,08
2018-02-21 19:00:00;46,92
2018-02-21 19:15:00;44,16
2018-02-21 19:30:00;42,60
2018-02-21 19:45:00;41,40
2018-02-21 20:00:00;40,32
2018-02-21 20:15:00;40,12
2018-02-21 20:30:00;44,28
2018-02-21 20:45:00;42,68
2018-02-21 21:00:00;43,12
2018-02-21 21:15:00;40,16
2018-02-21 21:30:00;39,80
2018-02-21 21:45:00;39,60
2018-02-21 22:00:00;39,92
2018-02-21 22:15:00;39,20
2018-02-21 22:30:00;39,68
2018-02-21 22:45:00;36,68
2018-02-21 23:00:00;35,60
2018-02-21 23:15:00;34,08
2018-02-21 23:30:00;35,28
2018-02-21 23:45:00;35,32
2018-02-22 00:00:00;36,12
2018-02-22 00:15:00;34,08
2018-02-22 00:30:00;35,56
2018-02-22 00:45:00;36,04
2018-02-22 01:00:00;35,12
2018-02-22 01:15:00;33,56
2018-02-22 01:30:00;34,16
2018-02-22 01:45:00;33,60
2018-02-22 02:00:00;34,44
2018-02-22 02:15:00;32,56
2018-02-22 02:30:00;32,56
2018-02-22 02:45:00;33,00
2018-02-22 03:00:00;32,36
2018-02-22 03:15:00;33,12
2018-02-22 03:30:00;33,28
2018-02-22 03:45:00;32,16
2018-02-22 04:00:00;31,56
2018-02-22 04:15:00;32,12
2018-02-22 04:30:00;31,48
2018-02-22 04:45:00;31,12
2018-02-22 05:00:00;30,60
2018-02-22 05:15:00;31,88
2018-02-22 05:30:00;32,08
2018-02-22 05:45:00;31,80
2018-02-22 06:00:00;34,68
2018-02-22 06:15:00;38,20
2018-02-22 06:30:00;43,68
2018-02-22 06:45:00;53,96
2018-02-22 07:00:00;62,20
2018-02-22 07:15:00;89,08
2018-02-22 07:30:00;97,64
2018-02-22 07:45:00;96,08
2018-02-22 08:00:00;112,48
2018-02-22 08:15:00;109,52
2018-02-22 08:30:00;109,36
2018-02-22 08:45:00;116,44
2018-02-22 09:00:00;116,92
2018-02-22 09:15:00;92,44
2018-02-22 09:30:00;113,12
2018-02-22 09:45:00;130,84
2018-02-22 10:00:00;131,96
2018-02-22 10:15:00;122,32
2018-02-22 10:30:00;124,92
2018-02-22 10:45:00;125,20
2018-02-22 11:00:00;135,64
2018-02-22 11:15:00;122,32
2018-02-22 11:30:00;123,60
2018-02-22 11:45:00;123,44
2018-02-22 12:00:00;119,68
2018-02-22 12:15:00;95,00
2018-02-22 12:30:00;88,84
2018-02-22 12:45:00;101,84
2018-02-22 13:00:00;110,12
2018-02-22 13:15:00;111,68
2018-02-22 13:30:00;121,64
2018-02-22 13:45:00;122,96
2018-02-22 14:00:00;127,20
2018-02-22 14:15:00;128,52
2018-02-22 14:30:00;133,72
2018-02-22 14:45:00;128,24
2018-02-22 15:00:00;130,20
2018-02-22 15:15:00;109,84
2018-02-22 15:30:00;121,84
2018-02-22 15:45:00;124,44
2018-02-22 16:00:00;121,08
2018-02-22 16:15:00;126,80
2018-02-22 16:30:00;107,76
2018-02-22 16:45:00;79,36
2018-02-22 17:00:00;81,48
2018-02-22 17:15:00;63,32
2018-02-22 17:30:00;53,04
2018-02-22 17:45:00;54,52
2018-02-22 18:00:00;50,40
2018-02-22 18:15:00;55,44
2018-02-22 18:30:00;54,92
2018-02-22 18:45:00;51,72
2018-02-22 19:00:00;49,16
2018-02-22 19:15:00;50,20
2018-02-22 19:30:00;55,40
2018-02-22 19:45:00;51,28
2018-02-22 20:00:00;49,08
2018-02-22 20:15:00;49,40
2018-02-22 20:30:00;50,92
2018-02-22 20:45:00;48,96
2018-02-22 21:00:00;49,76
2018-02-22 21:15:00;50,92
2018-02-22 21:30:00;52,32
2018-02-22 21:45:00;54,56
2018-02-22 22:00:00;51,88
2018-02-22 22:15:00;48,60
2018-02-22 22:30:00;48,00
2018-02-22 22:45:00;47,04
2018-02-22 23:00:00;47,64
2018-02-22 23:15:00;46,12
2018-02-22 23:30:00;40,88
2018-02-22 23:45:00;41,72
2018-02-23 00:00:00;40,28
2018-02-23 00:15:00;37,12
2018-02-23 00:30:00;36,16
2018-02-23 00:45:00;34,52
2018-02-23 01:00:00;35,16
2018-02-23 01:15:00;32,84
2018-02-23 01:30:00;32,72
2018-02-23 01:45:00;33,00
2018-02-23 02:00:00;31,20
2018-02-23 02:15:00;33,60
2018-02-23 02:30:00;31,88
2018-02-23 02:45:00;31,24
2018-02-23 03:00:00;33,28
2018-02-23 03:15:00;32,32
2018-02-23 03:30:00;31,92
2018-02-23 03:45:00;32,20
2018-02-23 04:00:00;32,08
2018-02-23 04:15:00;32,64
2018-02-23 04:30:00;31,96
2018-02-23 04:45:00;33,32
2018-02-23 05:00:00;31,36
2018-02-23 05:15:00;32,12
2018-02-23 05:30:00;33,20
2018-02-23 05:45:00;32,96
2018-02-23 06:00:00;32,04
2018-02-23 06:15:00;31,80
2018-02-23 06:30:00;36,52
2018-02-23 06:45:00;39,60
2018-02-23 07:00:00;47,60
2018-02-23 07:15:00;77,20
2018-02-23 07:30:00;110,64
2018-02-23 07:45:00;106,08
2018-02-23 08:00:00;119,56
2018-02-23 08:15:00;119,36
2018-02-23 08:30:00;117,16
2018-02-23 08:45:00;112,56
2018-02-23 09:00:00;119,04
2018-02-23 09:15:00;103,80
2018-02-23 09:30:00;111,32
2018-02-23 09:45:00;117,56
2018-02-23 10:00:00;127,60
2018-02-23 10:15:00;127,00
2018-02-23 10:30:00;123,48
2018-02-23 10:45:00;122,20
2018-02-23 11:00:00;125,48
2018-02-23 11:15:00;124,12
2018-02-23 11:30:00;134,96
2018-02-23 11:45:00;129,00
2018-02-23 12:00:00;130,24
2018-02-23 12:15:00;109,16
2018-02-23 12:30:00;106,92
2018-02-23 12:45:00;119,00
2018-02-23 13:00:00;117,36
2018-02-23 13:15:00;113,76
2018-02-23 13:30:00;113,36
2018-02-23 13:45:00;104,84
2018-02-23 14:00:00;102,44
2018-02-23 14:15:00;114,32
2018-02-23 14:30:00;109,48
2018-02-23 14:45:00;111,52
2018-02-23 15:00:00;88,12
2018-02-23 15:15:00;86,84
2018-02-23 15:30:00;64,08
2018-02-23 15:45:00;58,56
2018-02-23 16:00:00;55,04
2018-02-23 16:15:00;60,40
2018-02-23 16:30:00;57,92
2018-02-23 16:45:00;54,04
2018-02-23 17:00:00;53,08
2018-02-23 17:15:00;52,80
2018-02-23 17:30:00;49,28
2018-02-23 17:45:00;51,68
2018-02-23 18:00:00;50,92
2018-02-23 18:15:00;50,60
2018-02-23 18:30:00;49,08
2018-02-23 18:45:00;51,08
2018-02-23 19:00:00;54,72
2018-02-23 19:15:00;51,32
2018-02-23 19:30:00;51,12
2018-02-23 19:45:00;51,68
2018-02-23 20:00:00;57,00
2018-02-23 20:15:00;58,08
2018-02-23 20:30:00;53,76
2018-02-23 20:45:00;49,60
2018-02-23 21:00:00;49,68
2018-02-23 21:15:00;46,96
2018-02-23 21:30:00;44,04
2018-02-23 21:45:00;47,24
2018-02-23 22:00:00;48,04
2018-02-23 22:15:00;46,96
2018-02-23 22:30:00;46,16
2018-02-23 22:45:00;47,44
2018-02-23 23:00:00;42,48
2018-02-23 23:15:00;40,28
2018-02-23 23:30:00;42,20
2018-02-23 23:45:00;40,64
2018-02-24 00:00:00;43,64
2018-02-24 00:15:00;44,08
2018-02-24 00:30:00;42,00
2018-02-24 00:45:00;41,16
2018-02-24 01:00:00;44,16
2018-02-24 01:15:00;41,36
2018-02-24 01:30:00;43,40
2018-02-24 01:45:00;42,96
2018-02-24 02:00:00;42,48
2018-02-24 02:15:00;37,88
2018-02-24 02:30:00;36,68
2018-02-24 02:45:00;38,08
2018-02-24 03:00:00;36,16
2018-02-24 03:15:00;33,92
2018-02-24 03:30:00;36,68
2018-02-24 03:45:00;33,88
2018-02-24 04:00:00;34,40
2018-02-24 04:15:00;35,28
2018-02-24 04:30:00;35,64
2018-02-24 04:45:00;35,80
2018-02-24 05:00:00;34,08
2018-02-24 05:15:00;36,36
2018-02-24 05:30:00;35,32
2018-02-24 05:45:00;35,12
2018-02-24 06:00:00;36,24
2018-02-24 06:15:00;35,40
2018-02-24 06:30:00;33,96
2018-02-24 06:45:00;34,88
2018-02-24 07:00:00;37,52
2018-02-24 07:15:00;36,32
2018-02-24 07:30:00;33,52
2018-02-24 07:45:00;34,24
2018-02-24 08:00:00;32,12
2018-02-24 08:15:00;33,08
2018-02-24 08:30:00;32,72
2018-02-24 08:45:00;33,68
2018-02-24 09:00:00;33,00
2018-02-24 09:15:00;35,40
2018-02-24 09:30:00;37,68
2018-02-24 09:45:00;37,16
2018-02-24 10:00:00;36,88
2018-02-24 10:15:00;36,88
2018-02-24 10:30:00;38,20
2018-02-24 10:45:00;38,20
2018-02-24 11:00:00;37,72
2018-02-24 11:15:00;34,36
2018-02-24 11:30:00;33,56
2018-02-24 11:45:00;33,48
2018-02-24 12:00:00;33,60
2018-02-24 12:15:00;33,04
2018-02-24 12:30:00;31,32
2018-02-24 12:45:00;31,64
2018-02-24 13:00:00;32,00
2018-02-24 13:15:00;29,96
2018-02-24 13:30:00;30,52
2018-02-24 13:45:00;31,12
2018-02-24 14:00:00;30,28
2018-02-24 14:15:00;30,56
2018-02-24 14:30:00;32,20
2018-02-24 14:45:00;34,16
2018-02-24 15:00:00;33,20
2018-02-24 15:15:00;33,12
2018-02-24 15:30:00;35,56
2018-02-24 15:45:00;33,84
2018-02-24 16:00:00;32,68
2018-02-24 16:15:00;32,96
2018-02-24 16:30:00;32,56
2018-02-24 16:45:00;31,80
2018-02-24 17:00:00;32,84
2018-02-24 17:15:00;37,04
2018-02-24 17:30:00;37,36
2018-02-24 17:45:00;38,68
2018-02-24 18:00:00;36,84
2018-02-24 18:15:00;34,68
2018-02-24 18:30:00;36,48
2018-02-24 18:45:00;39,16
2018-02-24 19:00:00;44,00
2018-02-24 19:15:00;46,84
2018-02-24 19:30:00;47,00
2018-02-24 19:45:00;50,36
2018-02-24 20:00:00;49,52
2018-02-24 20:15:00;49,08
2018-02-24 20:30:00;49,56
2018-02-24 20:45:00;50,04
2018-02-24 21:00:00;50,28
2018-02-24 21:15:00;45,32
2018-02-24 21:30:00;44,08
2018-02-24 21:45:00;45,04
2018-02-24 22:00:00;42,64
2018-02-24 22:15:00;43,04
2018-02-24 22:30:00;39,88
2018-02-24 22:45:00;41,44
2018-02-24 23:00:00;41,32
2018-02-24 23:15:00;41,84
2018-02-24 23:30:00;41,56
2018-02-24 23:45:00;40,12
2018-02-25 00:00:00;41,80
2018-02-25 00:15:00;41,40
2018-02-25 00:30:00;41,40
2018-02-25 00:45:00;41,76
2018-02-25 01:00:00;40,84
2018-02-25 01:15:00;39,08
2018-02-25 01:30:00;39,88
2018-02-25 01:45:00;35,28
2018-02-25 02:00:00;34,76
2018-02-25 02:15:00;34,32
2018-02-25 02:30:00;35,84
2018-02-25 02:45:00;33,56
2018-02-25 03:00:00;33,64
2018-02-25 03:15:00;32,64
2018-02-25 03:30:00;32,72
2018-02-25 03:45:00;34,40
2018-02-25 04:00:00;32,64
2018-02-25 04:15:00;34,00
2018-02-25 04:30:00;32,16
2018-02-25 04:45:00;32,84
2018-02-25 05:00:00;34,08
2018-02-25 05:15:00;32,72
2018-02-25 05:30:00;33,88
2018-02-25 05:45:00;32,04
2018-02-25 06:00:00;34,20
2018-02-25 06:15:00;33,68
2018-02-25 06:30:00;32,92
2018-02-25 06:45:00;32,80
2018-02-25 07:00:00;32,92
2018-02-25 07:15:00;28,80
2018-02-25 07:30:00;28,80
2018-02-25 07:45:00;27,04
2018-02-25 08:00:00;28,16
2018-02-25 08:15:00;27,84
2018-02-25 08:30:00;28,68
2018-02-25 08:45:00;28,68
2018-02-25 09:00:00;26,92
2018-02-25 09:15:00;29,12
2018-02-25 09:30:00;28,48
2018-02-25 09:45:00;28,92
2018-02-25 10:00:00;28,84
2018-02-25 10:15:00;31,48
2018-02-25 10:30:00;39,12
2018-02-25 10:45:00;42,52
2018-02-25 11:00:00;45,48
2018-02-25 11:15:00;41,76
2018-02-25 11:30:00;39,48
2018-02-25 11:45:00;39,36
2018-02-25 12:00:00;32,20
2018-02-25 12:15:00;33,00
2018-02-25 12:30:00;33,44
2018-02-25 12:45:00;31,44
2018-02-25 13:00:00;31,00
2018-02-25 13:15:00;29,76
2018-02-25 13:30:00;31,68
2018-02-25 13:45:00;31,24
2018-02-25 14:00:00;29,64
2018-02-25 14:15:00;31,72
2018-02-25 14:30:00;32,60
2018-02-25 14:45:00;36,76
2018-02-25 15:00:00;38,56
2018-02-25 15:15:00;35,20
2018-02-25 15:30:00;35,44
2018-02-25 15:45:00;36,20
2018-02-25 16:00:00;36,40
2018-02-25 16:15:00;37,32
2018-02-25 16:30:00;32,32
2018-02-25 16:45:00;31,96
2018-02-25 17:00:00;31,68
2018-02-25 17:15:00;31,04
2018-02-25 17:30:00;30,48
2018-02-25 17:45:00;32,44
2018-02-25 18:00:00;32,92
2018-02-25 18:15:00;37,08
2018-02-25 18:30:00;41,28
2018-02-25 18:45:00;34,68
2018-02-25 19:00:00;33,00
2018-02-25 19:15:00;34,32
2018-02-25 19:30:00;32,96
2018-02-25 19:45:00;30,00
2018-02-25 20:00:00;30,36
2018-02-25 20:15:00;28,80
2018-02-25 20:30:00;29,80
2018-02-25 20:45:00;30,04
2018-02-25 21:00:00;29,00
2018-02-25 21:15:00;28,72
2018-02-25 21:30:00;28,84
2018-02-25 21:45:00;35,40
2018-02-25 22:00:00;34,16
2018-02-25 22:15:00;34,80
2018-02-25 22:30:00;34,40
2018-02-25 22:45:00;33,52
2018-02-25 23:00:00;35,16
2018-02-25 23:15:00;33,64
2018-02-25 23:30:00;34,68
2018-02-25 23:45:00;34,36
2018-02-26 00:00:00;33,72
2018-02-26 00:15:00;34,16
2018-02-26 00:30:00;34,04
2018-02-26 00:45:00;34,20
2018-02-26 01:00:00;33,32
2018-02-26 01:15:00;32,36
2018-02-26 01:30:00;35,96
2018-02-26 01:45:00;33,40
2018-02-26 02:00:00;33,60
2018-02-26 02:15:00;33,28
2018-02-26 02:30:00;34,28
2018-02-26 02:45:00;34,44
2018-02-26 03:00:00;32,96
2018-02-26 03:15:00;33,28
2018-02-26 03:30:00;31,88
2018-02-26 03:45:00;31,88
2018-02-26 04:00:00;31,84
2018-02-26 04:15:00;33,04
2018-02-26 04:30:00;31,48
2018-02-26 04:45:00;30,72
2018-02-26 05:00:00;31,36
2018-02-26 05:15:00;31,16
2018-02-26 05:30:00;30,28
2018-02-26 05:45:00;30,28
2018-02-26 06:00:00;31,12
2018-02-26 06:15:00;30,60
2018-02-26 06:30:00;34,28
2018-02-26 06:45:00;34,84
2018-02-26 07:00:00;52,96
2018-02-26 07:15:00;84,48
2018-02-26 07:30:00;102,64
2018-02-26 07:45:00;108,32
2018-02-26 08:00:00;108,60
2018-02-26 08:15:00;114,00
2018-02-26 08:30:00;109,44
2018-02-26 08:45:00;109,48
2018-02-26 09:00:00;115,68
2018-02-26 09:15:00;91,84
2018-02-26 09:30:00;108,96
2018-02-26 09:45:00;113,76
2018-02-26 10:00:00;125,08
2018-02-26 10:15:00;130,60
2018-02-26 10:30:00;137,40
2018-02-26 10:45:00;129,84
2018-02-26 11:00:00;141,00
2018-02-26 11:15:00;138,84
2018-02-26 11:30:00;142,20
2018-02-26 11:45:00;144,84
2018-02-26 12:00:00;136,12
2018-02-26 12:15:00;110,12
2018-02-26 12:30:00;105,68
2018-02-26 12:45:00;122,64
2018-02-26 13:00:00;124,92
2018-02-26 13:15:00;132,08
2018-02-26 13:30:00;142,24
2018-02-26 13:45:00;140,88
2018-02-26 14:00:00;137,04
2018-02-26 14:15:00;138,52
2018-02-26 14:30:00;135,68
2018-02-26 14:45:00;144,04
2018-02-26 15:00:00;141,32
2018-02-26 15:15:00;135,40
2018-02-26 15:30:00;130,08
2018-02-26 15:45:00;132,48
2018-02-26 16:00:00;139,80
2018-02-26 16:15:00;139,52
2018-02-26 16:30:00;137,56
2018-02-26 16:45:00;127,36
2018-02-26 17:00:00;121,52
2018-02-26 17:15:00;92,12
2018-02-26 17:30:00;90,68
2018-02-26 17:45:00;92,76
2018-02-26 18:00:00;89,24
2018-02-26 18:15:00;71,44
2018-02-26 18:30:00;45,76
2018-02-26 18:45:00;43,88
2018-02-26 19:00:00;36,72
2018-02-26 19:15:00;36,44
2018-02-26 19:30:00;40,60
2018-02-26 19:45:00;42,92
2018-02-26 20:00:00;44,16
2018-02-26 20:15:00;44,92
2018-02-26 20:30:00;42,04
2018-02-26 20:45:00;39,52
2018-02-26 21:00:00;38,60
2018-02-26 21:15:00;40,28
2018-02-26 21:30:00;37,40
2018-02-26 21:45:00;42,68
2018-02-26 22:00:00;43,48
2018-02-26 22:15:00;41,32
2018-02-26 22:30:00;42,32
2018-02-26 22:45:00;40,92
2018-02-26 23:00:00;39,40
2018-02-26 23:15:00;38,16
2018-02-26 23:30:00;37,64
2018-02-26 23:45:00;37,08
2018-02-27 00:00:00;36,52
2018-02-27 00:15:00;36,36
2018-02-27 00:30:00;37,44
2018-02-27 00:45:00;37,56
2018-02-27 01:00:00;37,20
2018-02-27 01:15:00;36,04
2018-02-27 01:30:00;37,76
2018-02-27 01:45:00;36,04
2018-02-27 02:00:00;36,16
2018-02-27 02:15:00;34,64
2018-02-27 02:30:00;34,24
2018-02-27 02:45:00;33,72
2018-02-27 03:00:00;33,96
2018-02-27 03:15:00;34,52
2018-02-27 03:30:00;33,16
2018-02-27 03:45:00;33,96
2018-02-27 04:00:00;34,40
2018-02-27 04:15:00;33,48
2018-02-27 04:30:00;33,28
2018-02-27 04:45:00;33,84
2018-02-27 05:00:00;34,12
2018-02-27 05:15:00;33,00
2018-02-27 05:30:00;33,64
2018-02-27 05:45:00;35,00
2018-02-27 06:00:00;33,92
2018-02-27 06:15:00;33,68
2018-02-27 06:30:00;36,64
2018-02-27 06:45:00;37,92
2018-02-27 07:00:00;51,24
2018-02-27 07:15:00;76,80
2018-02-27 07:30:00;105,80
2018-02-27 07:45:00;115,76
2018-02-27 08:00:00;125,68
2018-02-27 08:15:00;135,64
2018-02-27 08:30:00;141,08
2018-02-27 08:45:00;136,00
2018-02-27 09:00:00;134,52
2018-02-27 09:15:00;113,52
2018-02-27 09:30:00;136,88
2018-02-27 09:45:00;142,76
2018-02-27 10:00:00;138,52
2018-02-27 10:15:00;136,20
2018-02-27 10:30:00;150,72
2018-02-27 10:45:00;144,20
2018-02-27 11:00:00;136,68
2018-02-27 11:15:00;127,88
2018-02-27 11:30:00;128,92
2018-02-27 11:45:00;123,72
2018-02-27 12:00:00;125,40
2018-02-27 12:15:00;113,16
2018-02-27 12:30:00;103,96
2018-02-27 12:45:00;108,92
2018-02-27 13:00:00;116,16
2018-02-27 13:15:00;120,36
2018-02-27 13:30:00;120,40
2018-02-27 13:45:00;117,28
2018-02-27 14:00:00;120,84
2018-02-27 14:15:00;118,80
2018-02-27 14:30:00;143,08
2018-02-27 14:45:00;129,28
2018-02-27 15:00:00;133,56
2018-02-27 15:15:00;129,96
2018-02-27 15:30:00;128,32
2018-02-27 15:45:00;138,72
2018-02-27 16:00:00;141,40
2018-02-27 16:15:00;126,96
2018-02-27 16:30:00;121,64
2018-02-27 16:45:00;97,08
2018-02-27 17:00:00;96,28
2018-02-27 17:15:00;71,80
2018-02-27 17:30:00;65,48
2018-02-27 17:45:00;52,08
2018-02-27 18:00:00;43,92
2018-02-27 18:15:00;46,48
2018-02-27 18:30:00;42,52
2018-02-27 18:45:00;41,40
2018-02-27 19:00:00;41,48
2018-02-27 19:15:00;39,00
2018-02-27 19:30:00;45,80
2018-02-27 19:45:00;45,04
2018-02-27 20:00:00;46,24
2018-02-27 20:15:00;43,12
2018-02-27 20:30:00;47,52
2018-02-27 20:45:00;45,76
2018-02-27 21:00:00;51,20
2018-02-27 21:15:00;48,52
2018-02-27 21:30:00;47,80
2018-02-27 21:45:00;50,64
2018-02-27 22:00:00;51,52
2018-02-27 22:15:00;49,32
2018-02-27 22:30:00;51,48
2018-02-27 22:45:00;51,24
2018-02-27 23:00:00;45,68
2018-02-27 23:15:00;45,16
2018-02-27 23:30:00;44,76
2018-02-27 23:45:00;41,88
2018-02-28 00:00:00;42,28
2018-02-28 00:15:00;40,64
2018-02-28 00:30:00;41,12
2018-02-28 00:45:00;41,88
2018-02-28 01:00:00;41,24
2018-02-28 01:15:00;38,52
2018-02-28 01:30:00;39,96
2018-02-28 01:45:00;38,08
2018-02-28 02:00:00;38,00
2018-02-28 02:15:00;37,68
2018-02-28 02:30:00;38,04
2018-02-28 02:45:00;36,64
2018-02-28 03:00:00;38,60
2018-02-28 03:15:00;37,32
2018-02-28 03:30:00;35,68
2018-02-28 03:45:00;34,44
2018-02-28 04:00:00;34,64
2018-02-28 04:15:00;35,08
2018-02-28 04:30:00;33,92
2018-02-28 04:45:00;34,52
2018-02-28 05:00:00;34,12
2018-02-28 05:15:00;35,40
2018-02-28 05:30:00;34,12
2018-02-28 05:45:00;34,56
2018-02-28 06:00:00;35,32
2018-02-28 06:15:00;34,16
2018-02-28 06:30:00;37,28
2018-02-28 06:45:00;41,68
2018-02-28 07:00:00;54,40
2018-02-28 07:15:00;75,88
2018-02-28 07:30:00;81,96
2018-02-28 07:45:00;103,16
2018-02-28 08:00:00;107,56
2018-02-28 08:15:00;118,72
2018-02-28 08:30:00;126,64
2018-02-28 08:45:00;124,72
2018-02-28 09:00:00;123,84
2018-02-28 09:15:00;98,24
2018-02-28 09:30:00;122,28
2018-02-28 09:45:00;121,28
2018-02-28 10:00:00;124,40
2018-02-28 10:15:00;127,56
2018-02-28 10:30:00;124,72
2018-02-28 10:45:00;123,92
2018-02-28 11:00:00;133,72
2018-02-28 11:15:00;121,96
2018-02-28 11:30:00;129,04
2018-02-28 11:45:00;128,80
2018-02-28 12:00:00;119,64
2018-02-28 12:15:00;101,96
2018-02-28 12:30:00;93,84
2018-02-28 12:45:00;112,72
2018-02-28 13:00:00;111,44
2018-02-28 13:15:00;109,96
2018-02-28 13:30:00;107,80
2018-02-28 13:45:00;110,16
2018-02-28 14:00:00;119,88
2018-02-28 14:15:00;114,68
2018-02-28 14:30:00;117,36
2018-02-28 14:45:00;122,88
2018-02-28 15:00:00;143,08
2018-02-28 15:15:00;144,16
2018-02-28 15:30:00;145,56
2018-02-28 15:45:00;148,76
2018-02-28 16:00:00;155,80
2018-02-28 16:15:00;164,04
2018-02-28 16:30:00;152,40
2018-02-28 16:45:00;132,12
2018-02-28 17:00:00;122,12
2018-02-28 17:15:00;95,88
2018-02-28 17:30:00;82,88
2018-02-28 17:45:00;70,00
2018-02-28 18:00:00;54,72
2018-02-28 18:15:00;49,20
2018-02-28 18:30:00;46,60
2018-02-28 18:45:00;43,88
2018-02-28 19:00:00;47,52
2018-02-28 19:15:00;48,92
2018-02-28 19:30:00;43,72
2018-02-28 19:45:00;42,24
2018-02-28 20:00:00;41,28
2018-02-28 20:15:00;38,96
2018-02-28 20:30:00;37,28
2018-02-28 20:45:00;36,68
2018-02-28 21:00:00;36,48
2018-02-28 21:15:00;36,96
2018-02-28 21:30:00;36,40
2018-02-28 21:45:00;42,04
2018-02-28 22:00:00;42,76
2018-02-28 22:15:00;40,72
2018-02-28 22:30:00;40,80
2018-02-28 22:45:00;37,20
2018-02-28 23:00:00;36,52
2018-02-28 23:15:00;34,92
2018-02-28 23:30:00;35,12
2018-02-28 23:45:00;34,40
2018-03-01 00:00:00;34,08
2018-03-01 00:15:00;35,48
2018-03-01 00:30:00;33,28
2018-03-01 00:45:00;34,80
2018-03-01 01:00:00;32,96
2018-03-01 01:15:00;33,32
2018-03-01 01:30:00;33,68
2018-03-01 01:45:00;34,40
2018-03-01 02:00:00;33,40
2018-03-01 02:15:00;33,00
2018-03-01 02:30:00;34,64
2018-03-01 02:45:00;33,80
2018-03-01 03:00:00;33,16
2018-03-01 03:15:00;33,28
2018-03-01 03:30:00;34,04
2018-03-01 03:45:00;33,60
2018-03-01 04:00:00;33,92
2018-03-01 04:15:00;33,84
2018-03-01 04:30:00;35,04
2018-03-01 04:45:00;33,20
2018-03-01 05:00:00;33,28
2018-03-01 05:15:00;33,64
2018-03-01 05:30:00;33,80
2018-03-01 05:45:00;34,04
2018-03-01 06:00:00;33,84
2018-03-01 06:15:00;33,44
2018-03-01 06:30:00;37,48
2018-03-01 06:45:00;42,04
2018-03-01 07:00:00;68,80
2018-03-01 07:15:00;95,72
2018-03-01 07:30:00;105,24
2018-03-01 07:45:00;105,36
2018-03-01 08:00:00;112,68
2018-03-01 08:15:00;113,60
2018-03-01 08:30:00;118,56
2018-03-01 08:45:00;135,48
2018-03-01 09:00:00;138,36
2018-03-01 09:15:00;114,04
2018-03-01 09:30:00;132,28
2018-03-01 09:45:00;141,92
2018-03-01 10:00:00;142,00
2018-03-01 10:15:00;145,04
2018-03-01 10:30:00;134,28
2018-03-01 10:45:00;123,72
2018-03-01 11:00:00;128,92
2018-03-01 11:15:00;123,00
2018-03-01 11:30:00;127,12
2018-03-01 11:45:00;130,72
2018-03-01 12:00:00;131,04
2018-03-01 12:15:00;97,72
2018-03-01 12:30:00;90,84
2018-03-01 12:45:00;97,48
2018-03-01 13:00:00;117,96
2018-03-01 13:15:00;135,60
2018-03-01 13:30:00;151,40
2018-03-01 13:45:00;145,32
2018-03-01 14:00:00;149,20
2018-03-01 14:15:00;142,08
2018-03-01 14:30:00;147,60
2018-03-01 14:45:00;143,64
2018-03-01 15:00:00;142,40
2018-03-01 15:15:00;140,52
2018-03-01 15:30:00;137,40
2018-03-01 15:45:00;145,52
2018-03-01 16:00:00;146,84
2018-03-01 16:15:00;144,76
2018-03-01 16:30:00;140,60
2018-03-01 16:45:00;119,72
2018-03-01 17:00:00;107,72
2018-03-01 17:15:00;98,12
2018-03-01 17:30:00;87,40
2018-03-01 17:45:00;59,96
2018-03-01 18:00:00;51,64
2018-03-01 18:15:00;53,60
2018-03-01 18:30:00;51,60
2018-03-01 18:45:00;48,80
2018-03-01 19:00:00;48,20
2018-03-01 19:15:00;47,92
2018-03-01 19:30:00;49,16
2018-03-01 19:45:00;47,36
2018-03-01 20:00:00;50,84
2018-03-01 20:15:00;57,08
2018-03-01 20:30:00;56,28
2018-03-01 20:45:00;59,00
2018-03-01 21:00:00;53,60
2018-03-01 21:15:00;52,36
2018-03-01 21:30:00;48,68
2018-03-01 21:45:00;51,68
2018-03-01 22:00:00;50,96
2018-03-01 22:15:00;49,92
2018-03-01 22:30:00;49,60
2018-03-01 22:45:00;49,60
2018-03-01 23:00:00;47,76
2018-03-01 23:15:00;47,92
2018-03-01 23:30:00;50,12
2018-03-01 23:45:00;42,96
2018-03-02 00:00:00;40,04
2018-03-02 00:15:00;41,92
2018-03-02 00:30:00;39,92
2018-03-02 00:45:00;38,96
2018-03-02 01:00:00;38,84
2018-03-02 01:15:00;39,12
2018-03-02 01:30:00;39,16
2018-03-02 01:45:00;38,72
2018-03-02 02:00:00;39,28
2018-03-02 02:15:00;38,20
2018-03-02 02:30:00;37,60
2018-03-02 02:45:00;38,40
2018-03-02 03:00:00;39,12
2018-03-02 03:15:00;38,40
2018-03-02 03:30:00;38,16
2018-03-02 03:45:00;38,40
2018-03-02 04:00:00;39,08
2018-03-02 04:15:00;37,60
2018-03-02 04:30:00;37,72
2018-03-02 04:45:00;39,28
2018-03-02 05:00:00;37,84
2018-03-02 05:15:00;37,68
2018-03-02 05:30:00;36,20
2018-03-02 05:45:00;36,32
2018-03-02 06:00:00;35,16
2018-03-02 06:15:00;35,52
2018-03-02 06:30:00;38,64
2018-03-02 06:45:00;43,52
2018-03-02 07:00:00;52,12
2018-03-02 07:15:00;98,60
2018-03-02 07:30:00;117,20
2018-03-02 07:45:00;120,88
2018-03-02 08:00:00;123,32
2018-03-02 08:15:00;119,96
2018-03-02 08:30:00;124,92
2018-03-02 08:45:00;126,44
2018-03-02 09:00:00;122,64
2018-03-02 09:15:00;115,24
2018-03-02 09:30:00;111,56
2018-03-02 09:45:00;111,72
2018-03-02 10:00:00;108,88
2018-03-02 10:15:00;130,08
2018-03-02 10:30:00;121,20
2018-03-02 10:45:00;111,24
2018-03-02 11:00:00;130,20
2018-03-02 11:15:00;128,88
2018-03-02 11:30:00;127,32
2018-03-02 11:45:00;128,56
2018-03-02 12:00:00;116,52
2018-03-02 12:15:00;88,68
2018-03-02 12:30:00;84,20
2018-03-02 12:45:00;90,08
2018-03-02 13:00:00;89,44
2018-03-02 13:15:00;108,40
2018-03-02 13:30:00;114,00
2018-03-02 13:45:00;105,36
2018-03-02 14:00:00;111,56
2018-03-02 14:15:00;110,48
2018-03-02 14:30:00;111,68
2018-03-02 14:45:00;102,12
2018-03-02 15:00:00;63,40
2018-03-02 15:15:00;46,92
2018-03-02 15:30:00;47,52
2018-03-02 15:45:00;47,08
2018-03-02 16:00:00;47,52
2018-03-02 16:15:00;47,20
2018-03-02 16:30:00;49,52
2018-03-02 16:45:00;50,24
2018-03-02 17:00:00;49,40
2018-03-02 17:15:00;48,44
2018-03-02 17:30:00;50,96
2018-03-02 17:45:00;49,92
2018-03-02 18:00:00;52,16
2018-03-02 18:15:00;52,44
2018-03-02 18:30:00;54,08
2018-03-02 18:45:00;57,48
2018-03-02 19:00:00;56,04
2018-03-02 19:15:00;52,92
2018-03-02 19:30:00;53,92
2018-03-02 19:45:00;47,32
2018-03-02 20:00:00;51,64
2018-03-02 20:15:00;41,24
2018-03-02 20:30:00;39,88
2018-03-02 20:45:00;35,08
2018-03-02 21:00:00;29,20
2018-03-02 21:15:00;29,96
2018-03-02 21:30:00;30,24
2018-03-02 21:45:00;32,72
2018-03-02 22:00:00;35,12
2018-03-02 22:15:00;34,40
2018-03-02 22:30:00;33,52
2018-03-02 22:45:00;33,32
2018-03-02 23:00:00;35,20
2018-03-02 23:15:00;32,96
2018-03-02 23:30:00;33,32
2018-03-02 23:45:00;34,56
2018-03-03 00:00:00;32,56
2018-03-03 00:15:00;30,60
2018-03-03 00:30:00;32,72
2018-03-03 00:45:00;33,08
2018-03-03 01:00:00;31,20
2018-03-03 01:15:00;32,48
2018-03-03 01:30:00;32,48
2018-03-03 01:45:00;30,92
2018-03-03 02:00:00;32,40
2018-03-03 02:15:00;33,12
2018-03-03 02:30:00;32,04
2018-03-03 02:45:00;30,80
2018-03-03 03:00:00;33,20
2018-03-03 03:15:00;32,00
2018-03-03 03:30:00;31,00
2018-03-03 03:45:00;32,08
2018-03-03 04:00:00;33,28
2018-03-03 04:15:00;30,40
2018-03-03 04:30:00;33,00
2018-03-03 04:45:00;31,76
2018-03-03 05:00:00;30,44
2018-03-03 05:15:00;32,20
2018-03-03 05:30:00;33,40
2018-03-03 05:45:00;30,52
2018-03-03 06:00:00;31,92
2018-03-03 06:15:00;32,52
2018-03-03 06:30:00;31,32
2018-03-03 06:45:00;31,36
2018-03-03 07:00:00;34,72
2018-03-03 07:15:00;26,96
2018-03-03 07:30:00;27,32
2018-03-03 07:45:00;28,56
2018-03-03 08:00:00;27,64
2018-03-03 08:15:00;26,76
2018-03-03 08:30:00;27,96
2018-03-03 08:45:00;28,60
2018-03-03 09:00:00;26,68
2018-03-03 09:15:00;27,44
2018-03-03 09:30:00;28,00
2018-03-03 09:45:00;27,12
2018-03-03 10:00:00;27,80
2018-03-03 10:15:00;31,56
2018-03-03 10:30:00;29,80
2018-03-03 10:45:00;30,60
2018-03-03 11:00:00;32,00
2018-03-03 11:15:00;26,76
2018-03-03 11:30:00;26,56
2018-03-03 11:45:00;28,48
2018-03-03 12:00:00;28,08
2018-03-03 12:15:00;25,84
2018-03-03 12:30:00;26,52
2018-03-03 12:45:00;28,96
2018-03-03 13:00:00;26,08
2018-03-03 13:15:00;23,80
2018-03-03 13:30:00;27,00
2018-03-03 13:45:00;27,60
2018-03-03 14:00:00;25,08
2018-03-03 14:15:00;25,96
2018-03-03 14:30:00;27,88
2018-03-03 14:45:00;25,60
2018-03-03 15:00:00;24,24
2018-03-03 15:15:00;30,76
2018-03-03 15:30:00;29,36
2018-03-03 15:45:00;26,76
2018-03-03 16:00:00;29,24
2018-03-03 16:15:00;30,96
2018-03-03 16:30:00;34,60
2018-03-03 16:45:00;31,84
2018-03-03 17:00:00;35,80
2018-03-03 17:15:00;35,16
2018-03-03 17:30:00;34,36
2018-03-03 17:45:00;37,36
2018-03-03 18:00:00;36,40
2018-03-03 18:15:00;40,92
2018-03-03 18:30:00;40,08
2018-03-03 18:45:00;43,92
2018-03-03 19:00:00;44,76
2018-03-03 19:15:00;49,68
2018-03-03 19:30:00;51,80
2018-03-03 19:45:00;45,88
2018-03-03 20:00:00;38,12
2018-03-03 20:15:00;34,92
2018-03-03 20:30:00;33,64
2018-03-03 20:45:00;36,24
2018-03-03 21:00:00;32,12
2018-03-03 21:15:00;33,44
2018-03-03 21:30:00;32,04
2018-03-03 21:45:00;40,00
2018-03-03 22:00:00;38,60
2018-03-03 22:15:00;40,36
2018-03-03 22:30:00;39,80
2018-03-03 22:45:00;38,44
2018-03-03 23:00:00;36,56
2018-03-03 23:15:00;40,40
2018-03-03 23:30:00;37,28
2018-03-03 23:45:00;36,52
2018-03-04 00:00:00;39,24
2018-03-04 00:15:00;38,24
2018-03-04 00:30:00;36,56
2018-03-04 00:45:00;36,24
2018-03-04 01:00:00;39,28
2018-03-04 01:15:00;37,04
2018-03-04 01:30:00;36,44
2018-03-04 01:45:00;38,40
2018-03-04 02:00:00;38,44
2018-03-04 02:15:00;36,96
2018-03-04 02:30:00;37,76
2018-03-04 02:45:00;37,64
2018-03-04 03:00:00;38,36
2018-03-04 03:15:00;36,84
2018-03-04 03:30:00;37,76
2018-03-04 03:45:00;37,88
2018-03-04 04:00:00;39,44
2018-03-04 04:15:00;36,12
2018-03-04 04:30:00;38,40
2018-03-04 04:45:00;38,72
2018-03-04 05:00:00;36,68
2018-03-04 05:15:00;37,12
2018-03-04 05:30:00;38,88
2018-03-04 05:45:00;36,76
2018-03-04 06:00:00;36,60
2018-03-04 06:15:00;38,64
2018-03-04 06:30:00;38,72
2018-03-04 06:45:00;36,84
2018-03-04 07:00:00;37,20
2018-03-04 07:15:00;32,72
2018-03-04 07:30:00;32,12
2018-03-04 07:45:00;31,76
2018-03-04 08:00:00;33,28
2018-03-04 08:15:00;32,40
2018-03-04 08:30:00;33,28
2018-03-04 08:45:00;31,32
2018-03-04 09:00:00;33,00
2018-03-04 09:15:00;33,92
2018-03-04 09:30:00;31,36
2018-03-04 09:45:00;31,92
2018-03-04 10:00:00;34,48
2018-03-04 10:15:00;30,24
2018-03-04 10:30:00;27,00
2018-03-04 10:45:00;28,92
2018-03-04 11:00:00;28,72
2018-03-04 11:15:00;32,88
2018-03-04 11:30:00;43,56
2018-03-04 11:45:00;48,48
2018-03-04 12:00:00;50,00
2018-03-04 12:15:00;44,28
2018-03-04 12:30:00;40,52
2018-03-04 12:45:00;40,00
2018-03-04 13:00:00;38,96
2018-03-04 13:15:00;34,16
2018-03-04 13:30:00;41,80
2018-03-04 13:45:00;35,32
2018-03-04 14:00:00;33,96
2018-03-04 14:15:00;35,00
2018-03-04 14:30:00;34,40
2018-03-04 14:45:00;33,00
2018-03-04 15:00:00;33,16
2018-03-04 15:15:00;34,56
2018-03-04 15:30:00;33,76
2018-03-04 15:45:00;34,08
2018-03-04 16:00:00;34,12
2018-03-04 16:15:00;33,84
2018-03-04 16:30:00;33,96
2018-03-04 16:45:00;33,52
2018-03-04 17:00:00;36,48
2018-03-04 17:15:00;34,48
2018-03-04 17:30:00;35,04
2018-03-04 17:45:00;35,96
2018-03-04 18:00:00;35,16
2018-03-04 18:15:00;37,72
2018-03-04 18:30:00;43,40
2018-03-04 18:45:00;42,48
2018-03-04 19:00:00;44,20
2018-03-04 19:15:00;37,40
2018-03-04 19:30:00;39,28
2018-03-04 19:45:00;36,04
2018-03-04 20:00:00;33,64
2018-03-04 20:15:00;30,20
2018-03-04 20:30:00;32,68
2018-03-04 20:45:00;32,32
2018-03-04 21:00:00;32,40
2018-03-04 21:15:00;29,56
2018-03-04 21:30:00;29,96
2018-03-04 21:45:00;34,44
2018-03-04 22:00:00;35,24
2018-03-04 22:15:00;35,16
2018-03-04 22:30:00;35,92
2018-03-04 22:45:00;35,76
2018-03-04 23:00:00;32,00
2018-03-04 23:15:00;35,24
2018-03-04 23:30:00;36,44
2018-03-04 23:45:00;32,72
2018-03-05 00:00:00;33,72
2018-03-05 00:15:00;35,80
2018-03-05 00:30:00;35,24
2018-03-05 00:45:00;32,60
2018-03-05 01:00:00;34,48
2018-03-05 01:15:00;37,32
2018-03-05 01:30:00;34,04
2018-03-05 01:45:00;32,40
2018-03-05 02:00:00;37,20
2018-03-05 02:15:00;35,08
2018-03-05 02:30:00;33,48
2018-03-05 02:45:00;33,16
2018-03-05 03:00:00;36,84
2018-03-05 03:15:00;34,52
2018-03-05 03:30:00;31,68
2018-03-05 03:45:00;36,68
2018-03-05 04:00:00;34,84
2018-03-05 04:15:00;33,12
2018-03-05 04:30:00;33,36
2018-03-05 04:45:00;35,56
2018-03-05 05:00:00;34,80
2018-03-05 05:15:00;31,12
2018-03-05 05:30:00;35,72
2018-03-05 05:45:00;36,04
2018-03-05 06:00:00;32,80
2018-03-05 06:15:00;32,80
2018-03-05 06:30:00;37,84
2018-03-05 06:45:00;48,16
2018-03-05 07:00:00;69,40
2018-03-05 07:15:00;106,12
2018-03-05 07:30:00;106,88
2018-03-05 07:45:00;120,52
2018-03-05 08:00:00;127,88
2018-03-05 08:15:00;131,60
2018-03-05 08:30:00;149,00
2018-03-05 08:45:00;135,36
2018-03-05 09:00:00;125,04
2018-03-05 09:15:00;107,20
2018-03-05 09:30:00;114,92
2018-03-05 09:45:00;103,88
2018-03-05 10:00:00;101,88
2018-03-05 10:15:00;106,84
2018-03-05 10:30:00;110,68
2018-03-05 10:45:00;128,00
2018-03-05 11:00:00;124,24
2018-03-05 11:15:00;123,84
2018-03-05 11:30:00;124,92
2018-03-05 11:45:00;130,92
2018-03-05 12:00:00;133,80
2018-03-05 12:15:00;102,76
2018-03-05 12:30:00;89,96
2018-03-05 12:45:00;113,48
2018-03-05 13:00:00;119,68
2018-03-05 13:15:00;130,72
2018-03-05 13:30:00;136,12
2018-03-05 13:45:00;125,80
2018-03-05 14:00:00;130,32
2018-03-05 14:15:00;116,20
2018-03-05 14:30:00;112,40
2018-03-05 14:45:00;106,64
2018-03-05 15:00:00;112,40
2018-03-05 15:15:00;116,00
2018-03-05 15:30:00;126,96
2018-03-05 15:45:00;112,20
2018-03-05 16:00:00;113,20
2018-03-05 16:15:00;125,72
2018-03-05 16:30:00;119,04
2018-03-05 16:45:00;99,16
2018-03-05 17:00:00;90,40
2018-03-05 17:15:00;63,48
2018-03-05 17:30:00;49,92
2018-03-05 17:45:00;48,44
2018-03-05 18:00:00;51,92
2018-03-05 18:15:00;48,80
2018-03-05 18:30:00;48,76
2018-03-05 18:45:00;48,40
2018-03-05 19:00:00;48,72
2018-03-05 19:15:00;48,20
2018-03-05 19:30:00;47,88
2018-03-05 19:45:00;47,32
2018-03-05 20:00:00;47,16
2018-03-05 20:15:00;48,12
2018-03-05 20:30:00;46,88
2018-03-05 20:45:00;46,80
2018-03-05 21:00:00;45,76
2018-03-05 21:15:00;44,76
2018-03-05 21:30:00;47,76
2018-03-05 21:45:00;48,96
2018-03-05 22:00:00;47,96
2018-03-05 22:15:00;45,48
2018-03-05 22:30:00;47,96
2018-03-05 22:45:00;44,96
2018-03-05 23:00:00;46,48
2018-03-05 23:15:00;44,96
2018-03-05 23:30:00;45,28
2018-03-05 23:45:00;44,96
2018-03-06 00:00:00;43,04
2018-03-06 00:15:00;43,96
2018-03-06 00:30:00;42,32
2018-03-06 00:45:00;42,68
2018-03-06 01:00:00;42,84
2018-03-06 01:15:00;43,00
2018-03-06 01:30:00;42,28
2018-03-06 01:45:00;37,76
2018-03-06 02:00:00;37,48
2018-03-06 02:15:00;36,52
2018-03-06 02:30:00;36,48
2018-03-06 02:45:00;35,80
2018-03-06 03:00:00;34,92
2018-03-06 03:15:00;34,20
2018-03-06 03:30:00;35,72
2018-03-06 03:45:00;34,40
2018-03-06 04:00:00;35,20
2018-03-06 04:15:00;33,88
2018-03-06 04:30:00;36,12
2018-03-06 04:45:00;34,32
2018-03-06 05:00:00;34,68
2018-03-06 05:15:00;33,60
2018-03-06 05:30:00;34,48
2018-03-06 05:45:00;33,36
2018-03-06 06:00:00;33,24
2018-03-06 06:15:00;33,20
2018-03-06 06:30:00;34,84
2018-03-06 06:45:00;45,48
2018-03-06 07:00:00;72,92
2018-03-06 07:15:00;89,92
2018-03-06 07:30:00;83,40
2018-03-06 07:45:00;97,40
2018-03-06 08:00:00;106,40
2018-03-06 08:15:00;114,48
2018-03-06 08:30:00;130,68
2018-03-06 08:45:00;127,20
2018-03-06 09:00:00;121,48
2018-03-06 09:15:00;100,20
2018-03-06 09:30:00;132,72
2018-03-06 09:45:00;139,84
2018-03-06 10:00:00;124,36
2018-03-06 10:15:00;121,16
2018-03-06 10:30:00;121,48
2018-03-06 10:45:00;109,64
2018-03-06 11:00:00;111,00
2018-03-06 11:15:00;114,84
2018-03-06 11:30:00;108,12
2018-03-06 11:45:00;102,36
2018-03-06 12:00:00;99,68
2018-03-06 12:15:00;96,92
2018-03-06 12:30:00;92,28
2018-03-06 12:45:00;101,36
2018-03-06 13:00:00;115,60
2018-03-06 13:15:00;123,44
2018-03-06 13:30:00;117,20
2018-03-06 13:45:00;123,12
2018-03-06 14:00:00;125,52
2018-03-06 14:15:00;119,84
2018-03-06 14:30:00;127,72
2018-03-06 14:45:00;136,68
2018-03-06 15:00:00;135,16
2018-03-06 15:15:00;131,04
2018-03-06 15:30:00;133,92
2018-03-06 15:45:00;119,00
2018-03-06 16:00:00;109,44
2018-03-06 16:15:00;109,36
2018-03-06 16:30:00;104,40
2018-03-06 16:45:00;101,32
2018-03-06 17:00:00;80,20
2018-03-06 17:15:00;60,40
2018-03-06 17:30:00;43,84
2018-03-06 17:45:00;37,48
2018-03-06 18:00:00;35,32
2018-03-06 18:15:00;38,40
2018-03-06 18:30:00;37,24
2018-03-06 18:45:00;37,88
2018-03-06 19:00:00;46,20
2018-03-06 19:15:00;42,92
2018-03-06 19:30:00;41,04
2018-03-06 19:45:00;40,08
2018-03-06 20:00:00;41,36
2018-03-06 20:15:00;41,48
2018-03-06 20:30:00;40,72
2018-03-06 20:45:00;41,84
2018-03-06 21:00:00;39,16
2018-03-06 21:15:00;40,08
2018-03-06 21:30:00;39,20
2018-03-06 21:45:00;43,24
2018-03-06 22:00:00;42,56
2018-03-06 22:15:00;43,24
2018-03-06 22:30:00;43,00
2018-03-06 22:45:00;42,80
2018-03-06 23:00:00;41,68
2018-03-06 23:15:00;43,76
2018-03-06 23:30:00;42,40
2018-03-06 23:45:00;42,44
2018-03-07 00:00:00;42,48
2018-03-07 00:15:00;42,32
2018-03-07 00:30:00;42,16
2018-03-07 00:45:00;41,36
2018-03-07 01:00:00;42,80
2018-03-07 01:15:00;41,84
2018-03-07 01:30:00;41,20
2018-03-07 01:45:00;42,24
2018-03-07 02:00:00;41,92
2018-03-07 02:15:00;41,76
2018-03-07 02:30:00;41,04
2018-03-07 02:45:00;43,40
2018-03-07 03:00:00;36,56
2018-03-07 03:15:00;32,88
2018-03-07 03:30:00;34,08
2018-03-07 03:45:00;34,36
2018-03-07 04:00:00;31,28
2018-03-07 04:15:00;31,08
2018-03-07 04:30:00;31,48
2018-03-07 04:45:00;32,40
2018-03-07 05:00:00;31,36
2018-03-07 05:15:00;30,60
2018-03-07 05:30:00;32,20
2018-03-07 05:45:00;31,28
2018-03-07 06:00:00;31,16
2018-03-07 06:15:00;31,08
2018-03-07 06:30:00;34,16
2018-03-07 06:45:00;36,40
2018-03-07 07:00:00;48,68
2018-03-07 07:15:00;62,84
2018-03-07 07:30:00;72,36
2018-03-07 07:45:00;84,84
2018-03-07 08:00:00;85,16
2018-03-07 08:15:00;99,68
2018-03-07 08:30:00;108,24
2018-03-07 08:45:00;123,04
2018-03-07 09:00:00;127,36
2018-03-07 09:15:00;102,80
2018-03-07 09:30:00;106,16
2018-03-07 09:45:00;115,60
2018-03-07 10:00:00;113,40
2018-03-07 10:15:00;114,16
2018-03-07 10:30:00;113,44
2018-03-07 10:45:00;109,52
2018-03-07 11:00:00;111,44
2018-03-07 11:15:00;114,40
2018-03-07 11:30:00;112,00
2018-03-07 11:45:00;108,68
2018-03-07 12:00:00;113,08
2018-03-07 12:15:00;99,72
2018-03-07 12:30:00;91,92
2018-03-07 12:45:00;97,16
2018-03-07 13:00:00;105,36
2018-03-07 13:15:00;110,68
2018-03-07 13:30:00;107,80
2018-03-07 13:45:00;121,80
2018-03-07 14:00:00;119,72
2018-03-07 14:15:00;111,36
2018-03-07 14:30:00;118,36
2018-03-07 14:45:00;109,00
2018-03-07 15:00:00;105,48
2018-03-07 15:15:00;111,68
2018-03-07 15:30:00;128,20
2018-03-07 15:45:00;133,32
2018-03-07 16:00:00;128,44
2018-03-07 16:15:00;128,36
2018-03-07 16:30:00;123,24
2018-03-07 16:45:00;99,76
2018-03-07 17:00:00;87,04
2018-03-07 17:15:00;73,36
2018-03-07 17:30:00;65,16
2018-03-07 17:45:00;58,52
2018-03-07 18:00:00;55,08
2018-03-07 18:15:00;40,52
2018-03-07 18:30:00;45,36
2018-03-07 18:45:00;45,88
2018-03-07 19:00:00;45,08
2018-03-07 19:15:00;43,36
2018-03-07 19:30:00;46,56
2018-03-07 19:45:00;45,44
2018-03-07 20:00:00;41,60
2018-03-07 20:15:00;41,96
2018-03-07 20:30:00;40,84
2018-03-07 20:45:00;38,56
2018-03-07 21:00:00;41,52
2018-03-07 21:15:00;38,00
2018-03-07 21:30:00;38,96
2018-03-07 21:45:00;41,40
2018-03-07 22:00:00;41,08
2018-03-07 22:15:00;40,04
2018-03-07 22:30:00;41,00
2018-03-07 22:45:00;40,76
2018-03-07 23:00:00;40,08
2018-03-07 23:15:00;41,32
2018-03-07 23:30:00;40,44
2018-03-07 23:45:00;39,92
2018-03-08 00:00:00;40,12
2018-03-08 00:15:00;40,92
2018-03-08 00:30:00;40,68
2018-03-08 00:45:00;40,04
2018-03-08 01:00:00;41,04
2018-03-08 01:15:00;40,72
2018-03-08 01:30:00;40,64
2018-03-08 01:45:00;39,64
2018-03-08 02:00:00;40,84
2018-03-08 02:15:00;41,00
2018-03-08 02:30:00;41,40
2018-03-08 02:45:00;40,92
2018-03-08 03:00:00;40,16
2018-03-08 03:15:00;40,44
2018-03-08 03:30:00;40,84
2018-03-08 03:45:00;40,84
2018-03-08 04:00:00;40,16
2018-03-08 04:15:00;40,48
2018-03-08 04:30:00;40,68
2018-03-08 04:45:00;36,52
2018-03-08 05:00:00;34,92
2018-03-08 05:15:00;35,48
2018-03-08 05:30:00;34,28
2018-03-08 05:45:00;32,40
2018-03-08 06:00:00;31,84
2018-03-08 06:15:00;30,96
2018-03-08 06:30:00;34,52
2018-03-08 06:45:00;36,28
2018-03-08 07:00:00;52,24
2018-03-08 07:15:00;94,60
2018-03-08 07:30:00;110,44
2018-03-08 07:45:00;124,84
2018-03-08 08:00:00;128,08
2018-03-08 08:15:00;143,24
2018-03-08 08:30:00;123,56
2018-03-08 08:45:00;119,80
2018-03-08 09:00:00;120,20
2018-03-08 09:15:00;108,12
2018-03-08 09:30:00;119,60
2018-03-08 09:45:00;131,64
2018-03-08 10:00:00;127,16
2018-03-08 10:15:00;130,16
2018-03-08 10:30:00;117,72
2018-03-08 10:45:00;129,28
2018-03-08 11:00:00;141,60
2018-03-08 11:15:00;150,28
2018-03-08 11:30:00;148,84
2018-03-08 11:45:00;150,20
2018-03-08 12:00:00;152,96
2018-03-08 12:15:00;127,88
2018-03-08 12:30:00;116,52
2018-03-08 12:45:00;133,12
2018-03-08 13:00:00;132,72
2018-03-08 13:15:00;146,36
2018-03-08 13:30:00;142,64
2018-03-08 13:45:00;149,24
2018-03-08 14:00:00;155,32
2018-03-08 14:15:00;157,08
2018-03-08 14:30:00;155,16
2018-03-08 14:45:00;154,04
2018-03-08 15:00:00;149,72
2018-03-08 15:15:00;142,44
2018-03-08 15:30:00;152,16
2018-03-08 15:45:00;143,48
2018-03-08 16:00:00;146,28
2018-03-08 16:15:00;146,88
2018-03-08 16:30:00;142,12
2018-03-08 16:45:00;113,56
2018-03-08 17:00:00;104,08
2018-03-08 17:15:00;86,76
2018-03-08 17:30:00;73,36
2018-03-08 17:45:00;56,36
2018-03-08 18:00:00;52,36
2018-03-08 18:15:00;45,32
2018-03-08 18:30:00;49,44
2018-03-08 18:45:00;48,40
2018-03-08 19:00:00;50,24
2018-03-08 19:15:00;48,08
2018-03-08 19:30:00;48,76
2018-03-08 19:45:00;49,48
2018-03-08 20:00:00;46,24
2018-03-08 20:15:00;45,00
2018-03-08 20:30:00;47,68
2018-03-08 20:45:00;45,76
2018-03-08 21:00:00;44,60
2018-03-08 21:15:00;49,04
2018-03-08 21:30:00;51,16
2018-03-08 21:45:00;52,04
2018-03-08 22:00:00;52,56
2018-03-08 22:15:00;51,72
2018-03-08 22:30:00;50,88
2018-03-08 22:45:00;50,52
2018-03-08 23:00:00;49,20
2018-03-08 23:15:00;50,40
2018-03-08 23:30:00;49,92
2018-03-08 23:45:00;50,68
2018-03-09 00:00:00;50,08
2018-03-09 00:15:00;49,44
2018-03-09 00:30:00;50,56
2018-03-09 00:45:00;49,24
2018-03-09 01:00:00;50,16
2018-03-09 01:15:00;50,80
2018-03-09 01:30:00;49,44
2018-03-09 01:45:00;50,40
2018-03-09 02:00:00;51,36
2018-03-09 02:15:00;50,76
2018-03-09 02:30:00;47,76
2018-03-09 02:45:00;49,68
2018-03-09 03:00:00;51,04
2018-03-09 03:15:00;48,24
2018-03-09 03:30:00;47,40
2018-03-09 03:45:00;47,76
2018-03-09 04:00:00;45,40
2018-03-09 04:15:00;43,64
2018-03-09 04:30:00;43,80
2018-03-09 04:45:00;45,00
2018-03-09 05:00:00;43,04
2018-03-09 05:15:00;41,96
2018-03-09 05:30:00;38,24
2018-03-09 05:45:00;38,00
2018-03-09 06:00:00;36,96
2018-03-09 06:15:00;36,56
2018-03-09 06:30:00;38,64
2018-03-09 06:45:00;40,16
2018-03-09 07:00:00;59,36
2018-03-09 07:15:00;110,32
2018-03-09 07:30:00;132,84
2018-03-09 07:45:00;134,08
2018-03-09 08:00:00;146,60
2018-03-09 08:15:00;146,04
2018-03-09 08:30:00;140,16
2018-03-09 08:45:00;144,08
2018-03-09 09:00:00;148,20
2018-03-09 09:15:00;125,56
2018-03-09 09:30:00;139,64
2018-03-09 09:45:00;149,56
2018-03-09 10:00:00;147,88
2018-03-09 10:15:00;151,40
2018-03-09 10:30:00;150,72
2018-03-09 10:45:00;144,72
2018-03-09 11:00:00;152,48
2018-03-09 11:15:00;152,96
2018-03-09 11:30:00;149,24
2018-03-09 11:45:00;158,64
2018-03-09 12:00:00;152,36
2018-03-09 12:15:00;137,44
2018-03-09 12:30:00;120,84
2018-03-09 12:45:00;132,68
2018-03-09 13:00:00;141,56
2018-03-09 13:15:00;146,16
2018-03-09 13:30:00;152,48
2018-03-09 13:45:00;151,56
2018-03-09 14:00:00;144,96
2018-03-09 14:15:00;137,24
2018-03-09 14:30:00;131,16
2018-03-09 14:45:00;129,72
2018-03-09 15:00:00;113,80
2018-03-09 15:15:00;102,00
2018-03-09 15:30:00;90,40
2018-03-09 15:45:00;91,52
2018-03-09 16:00:00;80,84
2018-03-09 16:15:00;55,60
2018-03-09 16:30:00;58,12
2018-03-09 16:45:00;56,44
2018-03-09 17:00:00;56,48
2018-03-09 17:15:00;54,08
2018-03-09 17:30:00;55,04
2018-03-09 17:45:00;53,36
2018-03-09 18:00:00;55,36
2018-03-09 18:15:00;54,32
2018-03-09 18:30:00;53,12
2018-03-09 18:45:00;54,76
2018-03-09 19:00:00;52,24
2018-03-09 19:15:00;49,56
2018-03-09 19:30:00;50,24
2018-03-09 19:45:00;46,88
2018-03-09 20:00:00;46,48
2018-03-09 20:15:00;42,92
2018-03-09 20:30:00;39,08
2018-03-09 20:45:00;40,80
2018-03-09 21:00:00;39,80
2018-03-09 21:15:00;34,60
2018-03-09 21:30:00;30,48
2018-03-09 21:45:00;33,36
2018-03-09 22:00:00;33,52
2018-03-09 22:15:00;31,64
2018-03-09 22:30:00;29,32
2018-03-09 22:45:00;29,20
2018-03-09 23:00:00;28,84
2018-03-09 23:15:00;29,88
2018-03-09 23:30:00;28,48
2018-03-09 23:45:00;28,84
2018-03-10 00:00:00;28,96
2018-03-10 00:15:00;29,28
2018-03-10 00:30:00;29,32
2018-03-10 00:45:00;29,12
2018-03-10 01:00:00;29,20
2018-03-10 01:15:00;29,08
2018-03-10 01:30:00;28,60
2018-03-10 01:45:00;27,32
2018-03-10 02:00:00;28,24
2018-03-10 02:15:00;27,88
2018-03-10 02:30:00;27,84
2018-03-10 02:45:00;26,84
2018-03-10 03:00:00;25,56
2018-03-10 03:15:00;23,80
2018-03-10 03:30:00;24,28
2018-03-10 03:45:00;24,16
2018-03-10 04:00:00;22,92
2018-03-10 04:15:00;22,68
2018-03-10 04:30:00;22,80
2018-03-10 04:45:00;22,40
2018-03-10 05:00:00;22,68
2018-03-10 05:15:00;22,80
2018-03-10 05:30:00;22,40
2018-03-10 05:45:00;22,48
2018-03-10 06:00:00;22,68
2018-03-10 06:15:00;22,80
2018-03-10 06:30:00;23,60
2018-03-10 06:45:00;25,84
2018-03-10 07:00:00;28,04
2018-03-10 07:15:00;28,68
2018-03-10 07:30:00;28,12
2018-03-10 07:45:00;26,76
2018-03-10 08:00:00;30,76
2018-03-10 08:15:00;30,36
2018-03-10 08:30:00;32,40
2018-03-10 08:45:00;30,36
2018-03-10 09:00:00;32,80
2018-03-10 09:15:00;31,40
2018-03-10 09:30:00;31,60
2018-03-10 09:45:00;31,84
2018-03-10 10:00:00;28,32
2018-03-10 10:15:00;29,12
2018-03-10 10:30:00;28,76
2018-03-10 10:45:00;27,60
2018-03-10 11:00:00;28,64
2018-03-10 11:15:00;27,48
2018-03-10 11:30:00;28,28
2018-03-10 11:45:00;26,20
2018-03-10 12:00:00;26,72
2018-03-10 12:15:00;27,20
2018-03-10 12:30:00;26,28
2018-03-10 12:45:00;27,16
2018-03-10 13:00:00;25,08
2018-03-10 13:15:00;26,80
2018-03-10 13:30:00;24,44
2018-03-10 13:45:00;25,80
2018-03-10 14:00:00;26,04
2018-03-10 14:15:00;23,52
2018-03-10 14:30:00;24,44
2018-03-10 14:45:00;22,96
2018-03-10 15:00:00;24,68
2018-03-10 15:15:00;24,28
2018-03-10 15:30:00;26,64
2018-03-10 15:45:00;25,36
2018-03-10 16:00:00;26,20
2018-03-10 16:15:00;27,48
2018-03-10 16:30:00;27,72
2018-03-10 16:45:00;28,84
2018-03-10 17:00:00;29,72
2018-03-10 17:15:00;31,40
2018-03-10 17:30:00;31,16
2018-03-10 17:45:00;31,20
2018-03-10 18:00:00;37,28
2018-03-10 18:15:00;43,00
2018-03-10 18:30:00;44,64
2018-03-10 18:45:00;40,52
2018-03-10 19:00:00;39,64
2018-03-10 19:15:00;41,52
2018-03-10 19:30:00;41,32
2018-03-10 19:45:00;37,04
2018-03-10 20:00:00;35,04
2018-03-10 20:15:00;34,84
2018-03-10 20:30:00;28,92
2018-03-10 20:45:00;28,96
2018-03-10 21:00:00;27,68
2018-03-10 21:15:00;28,44
2018-03-10 21:30:00;28,88
2018-03-10 21:45:00;32,36
2018-03-10 22:00:00;34,44
2018-03-10 22:15:00;33,20
2018-03-10 22:30:00;32,08
2018-03-10 22:45:00;34,44
2018-03-10 23:00:00;32,56
2018-03-10 23:15:00;31,52
2018-03-10 23:30:00;30,84
2018-03-10 23:45:00;32,44
2018-03-11 00:00:00;31,24
2018-03-11 00:15:00;30,96
2018-03-11 00:30:00;31,72
2018-03-11 00:45:00;30,04
2018-03-11 01:00:00;31,64
2018-03-11 01:15:00;29,68
2018-03-11 01:30:00;30,92
2018-03-11 01:45:00;30,20
2018-03-11 02:00:00;31,40
2018-03-11 02:15:00;31,24
2018-03-11 02:30:00;27,36
2018-03-11 02:45:00;30,32
2018-03-11 03:00:00;29,04
2018-03-11 03:15:00;27,28
2018-03-11 03:30:00;28,64
2018-03-11 03:45:00;27,56
2018-03-11 04:00:00;28,76
2018-03-11 04:15:00;27,08
2018-03-11 04:30:00;27,92
2018-03-11 04:45:00;27,96
2018-03-11 05:00:00;28,12
2018-03-11 05:15:00;28,04
2018-03-11 05:30:00;26,96
2018-03-11 05:45:00;28,16
2018-03-11 06:00:00;26,92
2018-03-11 06:15:00;28,20
2018-03-11 06:30:00;27,76
2018-03-11 06:45:00;27,48
2018-03-11 07:00:00;27,88
2018-03-11 07:15:00;25,24
2018-03-11 07:30:00;26,20
2018-03-11 07:45:00;24,40
2018-03-11 08:00:00;25,96
2018-03-11 08:15:00;25,60
2018-03-11 08:30:00;25,28
2018-03-11 08:45:00;26,80
2018-03-11 09:00:00;27,84
2018-03-11 09:15:00;32,40
2018-03-11 09:30:00;30,56
2018-03-11 09:45:00;25,60
2018-03-11 10:00:00;29,28
2018-03-11 10:15:00;34,36
2018-03-11 10:30:00;36,04
2018-03-11 10:45:00;33,08
2018-03-11 11:00:00;34,96
2018-03-11 11:15:00;32,28
2018-03-11 11:30:00;30,52
2018-03-11 11:45:00;30,20
2018-03-11 12:00:00;29,64
2018-03-11 12:15:00;34,52
2018-03-11 12:30:00;36,24
2018-03-11 12:45:00;32,44
2018-03-11 13:00:00;32,24
2018-03-11 13:15:00;29,88
2018-03-11 13:30:00;31,28
2018-03-11 13:45:00;30,88
2018-03-11 14:00:00;27,72
2018-03-11 14:15:00;27,20
2018-03-11 14:30:00;26,72
2018-03-11 14:45:00;25,96
2018-03-11 15:00:00;27,72
2018-03-11 15:15:00;27,20
2018-03-11 15:30:00;26,04
2018-03-11 15:45:00;25,24
2018-03-11 16:00:00;26,88
2018-03-11 16:15:00;25,00
2018-03-11 16:30:00;28,68
2018-03-11 16:45:00;28,12
2018-03-11 17:00:00;30,56
2018-03-11 17:15:00;30,36
2018-03-11 17:30:00;25,28
2018-03-11 17:45:00;26,16
2018-03-11 18:00:00;26,64
2018-03-11 18:15:00;28,52
2018-03-11 18:30:00;27,32
2018-03-11 18:45:00;26,80
2018-03-11 19:00:00;25,24
2018-03-11 19:15:00;25,80
2018-03-11 19:30:00;24,80
2018-03-11 19:45:00;26,00
2018-03-11 20:00:00;24,36
2018-03-11 20:15:00;23,76
2018-03-11 20:30:00;25,08
2018-03-11 20:45:00;24,16
2018-03-11 21:00:00;24,40
2018-03-11 21:15:00;24,88
2018-03-11 21:30:00;24,16
2018-03-11 21:45:00;29,36
2018-03-11 22:00:00;28,92
2018-03-11 22:15:00;29,80
2018-03-11 22:30:00;28,60
2018-03-11 22:45:00;28,80
2018-03-11 23:00:00;29,12
2018-03-11 23:15:00;28,96
2018-03-11 23:30:00;29,20
2018-03-11 23:45:00;29,88
2018-03-12 00:00:00;28,28
2018-03-12 00:15:00;29,04
2018-03-12 00:30:00;28,28
2018-03-12 00:45:00;30,16
2018-03-12 01:00:00;28,36
2018-03-12 01:15:00;29,72
2018-03-12 01:30:00;28,36
2018-03-12 01:45:00;27,64
2018-03-12 02:00:00;26,52
2018-03-12 02:15:00;28,32
2018-03-12 02:30:00;26,32
2018-03-12 02:45:00;25,88
2018-03-12 03:00:00;24,96
2018-03-12 03:15:00;26,52
2018-03-12 03:30:00;25,04
2018-03-12 03:45:00;25,20
2018-03-12 04:00:00;26,20
2018-03-12 04:15:00;25,48
2018-03-12 04:30:00;24,96
2018-03-12 04:45:00;25,56
2018-03-12 05:00:00;26,64
2018-03-12 05:15:00;25,20
2018-03-12 05:30:00;25,56
2018-03-12 05:45:00;25,80
2018-03-12 06:00:00;25,76
2018-03-12 06:15:00;25,20
2018-03-12 06:30:00;28,44
2018-03-12 06:45:00;29,68
2018-03-12 07:00:00;41,16
2018-03-12 07:15:00;91,16
2018-03-12 07:30:00;111,56
2018-03-12 07:45:00;127,00
2018-03-12 08:00:00;130,40
2018-03-12 08:15:00;139,84
2018-03-12 08:30:00;136,72
2018-03-12 08:45:00;140,80
2018-03-12 09:00:00;154,64
2018-03-12 09:15:00;131,64
2018-03-12 09:30:00;134,04
2018-03-12 09:45:00;142,44
2018-03-12 10:00:00;135,80
2018-03-12 10:15:00;149,04
2018-03-12 10:30:00;159,20
2018-03-12 10:45:00;149,72
2018-03-12 11:00:00;148,80
2018-03-12 11:15:00;144,00
2018-03-12 11:30:00;150,64
2018-03-12 11:45:00;163,04
2018-03-12 12:00:00;164,96
2018-03-12 12:15:00;134,16
2018-03-12 12:30:00;119,32
2018-03-12 12:45:00;145,16
2018-03-12 13:00:00;155,64
2018-03-12 13:15:00;151,64
2018-03-12 13:30:00;159,84
2018-03-12 13:45:00;161,56
2018-03-12 14:00:00;166,16
2018-03-12 14:15:00;156,12
2018-03-12 14:30:00;152,92
2018-03-12 14:45:00;167,84
2018-03-12 15:00:00;155,32
2018-03-12 15:15:00;156,24
2018-03-12 15:30:00;147,68
2018-03-12 15:45:00;164,92
2018-03-12 16:00:00;170,72
2018-03-12 16:15:00;157,84
2018-03-12 16:30:00;145,68
2018-03-12 16:45:00;136,84
2018-03-12 17:00:00;118,88
2018-03-12 17:15:00;79,68
2018-03-12 17:30:00;67,72
2018-03-12 17:45:00;64,32
2018-03-12 18:00:00;55,08
2018-03-12 18:15:00;57,56
2018-03-12 18:30:00;49,24
2018-03-12 18:45:00;45,56
2018-03-12 19:00:00;45,40
2018-03-12 19:15:00;44,08
2018-03-12 19:30:00;40,04
2018-03-12 19:45:00;42,80
2018-03-12 20:00:00;41,60
2018-03-12 20:15:00;41,32
2018-03-12 20:30:00;38,48
2018-03-12 20:45:00;39,76
2018-03-12 21:00:00;39,32
2018-03-12 21:15:00;37,84
2018-03-12 21:30:00;39,24
2018-03-12 21:45:00;43,92
2018-03-12 22:00:00;43,80
2018-03-12 22:15:00;43,64
2018-03-12 22:30:00;43,56
2018-03-12 22:45:00;45,04
2018-03-12 23:00:00;42,12
2018-03-12 23:15:00;42,64
2018-03-12 23:30:00;42,60
2018-03-12 23:45:00;40,48
2018-03-13 00:00:00;42,80
2018-03-13 00:15:00;40,52
2018-03-13 00:30:00;40,96
2018-03-13 00:45:00;42,88
2018-03-13 01:00:00;40,32
2018-03-13 01:15:00;43,00
2018-03-13 01:30:00;41,04
2018-03-13 01:45:00;38,56
2018-03-13 02:00:00;40,96
2018-03-13 02:15:00;36,64
2018-03-13 02:30:00;37,04
2018-03-13 02:45:00;35,44
2018-03-13 03:00:00;34,84
2018-03-13 03:15:00;36,04
2018-03-13 03:30:00;33,56
2018-03-13 03:45:00;36,20
2018-03-13 04:00:00;35,12
2018-03-13 04:15:00;32,96
2018-03-13 04:30:00;36,60
2018-03-13 04:45:00;33,96
2018-03-13 05:00:00;34,04
2018-03-13 05:15:00;36,00
2018-03-13 05:30:00;33,56
2018-03-13 05:45:00;36,08
2018-03-13 06:00:00;34,92
2018-03-13 06:15:00;33,56
2018-03-13 06:30:00;41,08
2018-03-13 06:45:00;53,08
2018-03-13 07:00:00;64,04
2018-03-13 07:15:00;110,72
2018-03-13 07:30:00;121,56
2018-03-13 07:45:00;128,12
2018-03-13 08:00:00;136,04
2018-03-13 08:15:00;127,96
2018-03-13 08:30:00;139,20
2018-03-13 08:45:00;140,24
2018-03-13 09:00:00;141,76
2018-03-13 09:15:00;116,12
2018-03-13 09:30:00;126,12
2018-03-13 09:45:00;136,96
2018-03-13 10:00:00;143,64
2018-03-13 10:15:00;141,92
2018-03-13 10:30:00;145,28
2018-03-13 10:45:00;139,56
2018-03-13 11:00:00;137,00
2018-03-13 11:15:00;140,72
2018-03-13 11:30:00;150,04
2018-03-13 11:45:00;140,68
2018-03-13 12:00:00;155,36
2018-03-13 12:15:00;129,40
2018-03-13 12:30:00;119,96
2018-03-13 12:45:00;125,12
2018-03-13 13:00:00;142,96
2018-03-13 13:15:00;144,36
2018-03-13 13:30:00;160,92
2018-03-13 13:45:00;156,04
2018-03-13 14:00:00;158,12
2018-03-13 14:15:00;152,28
2018-03-13 14:30:00;148,16
2018-03-13 14:45:00;148,12
2018-03-13 15:00:00;136,84
2018-03-13 15:15:00;140,76
2018-03-13 15:30:00;138,20
2018-03-13 15:45:00;141,32
2018-03-13 16:00:00;139,56
2018-03-13 16:15:00;134,16
2018-03-13 16:30:00;136,40
2018-03-13 16:45:00;120,48
2018-03-13 17:00:00;116,24
2018-03-13 17:15:00;92,76
2018-03-13 17:30:00;70,60
2018-03-13 17:45:00;53,08
2018-03-13 18:00:00;49,68
2018-03-13 18:15:00;53,16
2018-03-13 18:30:00;53,68
2018-03-13 18:45:00;54,76
2018-03-13 19:00:00;51,88
2018-03-13 19:15:00;50,64
2018-03-13 19:30:00;49,08
2018-03-13 19:45:00;49,40
2018-03-13 20:00:00;46,52
2018-03-13 20:15:00;45,76
2018-03-13 20:30:00;42,16
2018-03-13 20:45:00;36,92
2018-03-13 21:00:00;37,48
2018-03-13 21:15:00;37,28
2018-03-13 21:30:00;35,56
2018-03-13 21:45:00;42,64
2018-03-13 22:00:00;41,48
2018-03-13 22:15:00;40,52
2018-03-13 22:30:00;41,16
2018-03-13 22:45:00;41,76
2018-03-13 23:00:00;41,56
2018-03-13 23:15:00;39,40
2018-03-13 23:30:00;38,56
2018-03-13 23:45:00;40,28
2018-03-14 00:00:00;39,20
2018-03-14 00:15:00;36,32
2018-03-14 00:30:00;33,96
2018-03-14 00:45:00;33,52
2018-03-14 01:00:00;33,44
2018-03-14 01:15:00;32,68
2018-03-14 01:30:00;29,96
2018-03-14 01:45:00;28,92
2018-03-14 02:00:00;30,96
2018-03-14 02:15:00;29,84
2018-03-14 02:30:00;29,44
2018-03-14 02:45:00;29,40
2018-03-14 03:00:00;27,88
2018-03-14 03:15:00;28,04
2018-03-14 03:30:00;29,60
2018-03-14 03:45:00;27,40
2018-03-14 04:00:00;28,24
2018-03-14 04:15:00;28,84
2018-03-14 04:30:00;27,36
2018-03-14 04:45:00;28,48
2018-03-14 05:00:00;29,16
2018-03-14 05:15:00;27,96
2018-03-14 05:30:00;27,64
2018-03-14 05:45:00;29,44
2018-03-14 06:00:00;28,32
2018-03-14 06:15:00;27,56
2018-03-14 06:30:00;34,60
2018-03-14 06:45:00;49,00
2018-03-14 07:00:00;59,88
2018-03-14 07:15:00;100,36
2018-03-14 07:30:00;123,56
2018-03-14 07:45:00;128,64
2018-03-14 08:00:00;137,16
2018-03-14 08:15:00;136,00
2018-03-14 08:30:00;140,64
2018-03-14 08:45:00;137,36
2018-03-14 09:00:00;141,44
2018-03-14 09:15:00;123,08
2018-03-14 09:30:00;142,48
2018-03-14 09:45:00;160,44
2018-03-14 10:00:00;147,60
2018-03-14 10:15:00;150,88
2018-03-14 10:30:00;148,88
2018-03-14 10:45:00;149,20
2018-03-14 11:00:00;151,88
2018-03-14 11:15:00;151,72
2018-03-14 11:30:00;144,96
2018-03-14 11:45:00;147,00
2018-03-14 12:00:00;159,80
2018-03-14 12:15:00;126,16
2018-03-14 12:30:00;112,32
2018-03-14 12:45:00;134,40
2018-03-14 13:00:00;138,36
2018-03-14 13:15:00;146,72
2018-03-14 13:30:00;149,36
2018-03-14 13:45:00;152,20
2018-03-14 14:00:00;141,20
2018-03-14 14:15:00;143,68
2018-03-14 14:30:00;125,20
2018-03-14 14:45:00;123,52
2018-03-14 15:00:00;132,08
2018-03-14 15:15:00;123,72
2018-03-14 15:30:00;125,20
2018-03-14 15:45:00;130,64
2018-03-14 16:00:00;124,92
2018-03-14 16:15:00;126,48
2018-03-14 16:30:00;116,80
2018-03-14 16:45:00;107,48
2018-03-14 17:00:00;102,24
2018-03-14 17:15:00;85,24
2018-03-14 17:30:00;76,56
2018-03-14 17:45:00;69,20
2018-03-14 18:00:00;58,40
2018-03-14 18:15:00;51,24
2018-03-14 18:30:00;51,80
2018-03-14 18:45:00;50,16
2018-03-14 19:00:00;61,48
2018-03-14 19:15:00;54,24
2018-03-14 19:30:00;54,44
2018-03-14 19:45:00;58,04
2018-03-14 20:00:00;58,48
2018-03-14 20:15:00;59,40
2018-03-14 20:30:00;46,12
2018-03-14 20:45:00;46,04
2018-03-14 21:00:00;40,04
2018-03-14 21:15:00;38,64
2018-03-14 21:30:00;34,76
2018-03-14 21:45:00;35,52
2018-03-14 22:00:00;34,32
2018-03-14 22:15:00;33,84
2018-03-14 22:30:00;33,48
2018-03-14 22:45:00;36,08
2018-03-14 23:00:00;32,52
2018-03-14 23:15:00;33,20
2018-03-14 23:30:00;33,88
2018-03-14 23:45:00;33,00
2018-03-15 00:00:00;32,20
2018-03-15 00:15:00;33,80
2018-03-15 00:30:00;31,84
2018-03-15 00:45:00;32,44
2018-03-15 01:00:00;32,20
2018-03-15 01:15:00;33,76
2018-03-15 01:30:00;31,92
2018-03-15 01:45:00;31,16
2018-03-15 02:00:00;31,56
2018-03-15 02:15:00;31,20
2018-03-15 02:30:00;28,32
2018-03-15 02:45:00;29,36
2018-03-15 03:00:00;30,48
2018-03-15 03:15:00;29,16
2018-03-15 03:30:00;29,20
2018-03-15 03:45:00;29,00
2018-03-15 04:00:00;29,84
2018-03-15 04:15:00;28,72
2018-03-15 04:30:00;29,04
2018-03-15 04:45:00;29,68
2018-03-15 05:00:00;29,52
2018-03-15 05:15:00;29,32
2018-03-15 05:30:00;29,32
2018-03-15 05:45:00;29,36
2018-03-15 06:00:00;29,88
2018-03-15 06:15:00;28,48
2018-03-15 06:30:00;33,48
2018-03-15 06:45:00;49,84
2018-03-15 07:00:00;62,28
2018-03-15 07:15:00;115,92
2018-03-15 07:30:00;129,16
2018-03-15 07:45:00;126,48
2018-03-15 08:00:00;126,84
2018-03-15 08:15:00;124,00
2018-03-15 08:30:00;120,08
2018-03-15 08:45:00;119,88
2018-03-15 09:00:00;114,20
2018-03-15 09:15:00;102,40
2018-03-15 09:30:00;109,72
2018-03-15 09:45:00;124,96
2018-03-15 10:00:00;117,92
2018-03-15 10:15:00;121,04
2018-03-15 10:30:00;128,32
2018-03-15 10:45:00;119,16
2018-03-15 11:00:00;120,72
2018-03-15 11:15:00;121,84
2018-03-15 11:30:00;123,64
2018-03-15 11:45:00;133,88
2018-03-15 12:00:00;128,32
2018-03-15 12:15:00;91,40
2018-03-15 12:30:00;85,84
2018-03-15 12:45:00;112,64
2018-03-15 13:00:00;108,08
2018-03-15 13:15:00;113,80
2018-03-15 13:30:00;124,52
2018-03-15 13:45:00;126,12
2018-03-15 14:00:00;136,64
2018-03-15 14:15:00;132,48
2018-03-15 14:30:00;130,24
2018-03-15 14:45:00;123,60
2018-03-15 15:00:00;125,24
2018-03-15 15:15:00;145,60
2018-03-15 15:30:00;126,56
2018-03-15 15:45:00;130,00
2018-03-15 16:00:00;132,72
2018-03-15 16:15:00;127,36
2018-03-15 16:30:00;118,08
2018-03-15 16:45:00;104,08
2018-03-15 17:00:00;95,04
2018-03-15 17:15:00;68,84
2018-03-15 17:30:00;70,60
2018-03-15 17:45:00;55,40
2018-03-15 18:00:00;46,88
2018-03-15 18:15:00;46,00
2018-03-15 18:30:00;49,60
2018-03-15 18:45:00;50,00
2018-03-15 19:00:00;47,00
2018-03-15 19:15:00;38,32
2018-03-15 19:30:00;38,48
2018-03-15 19:45:00;42,52
2018-03-15 20:00:00;54,44
2018-03-15 20:15:00;50,68
2018-03-15 20:30:00;54,84
2018-03-15 20:45:00;53,28
2018-03-15 21:00:00;54,20
2018-03-15 21:15:00;44,96
2018-03-15 21:30:00;47,04
2018-03-15 21:45:00;48,16
2018-03-15 22:00:00;44,24
2018-03-15 22:15:00;41,52
2018-03-15 22:30:00;44,48
2018-03-15 22:45:00;43,56
2018-03-15 23:00:00;45,24
2018-03-15 23:15:00;42,44
2018-03-15 23:30:00;41,64
2018-03-15 23:45:00;44,28
2018-03-16 00:00:00;44,88
2018-03-16 00:15:00;42,24
2018-03-16 00:30:00;42,72
2018-03-16 00:45:00;41,44
2018-03-16 01:00:00;42,48
2018-03-16 01:15:00;41,76
2018-03-16 01:30:00;41,72
2018-03-16 01:45:00;39,36
2018-03-16 02:00:00;39,52
2018-03-16 02:15:00;38,44
2018-03-16 02:30:00;38,12
2018-03-16 02:45:00;37,08
2018-03-16 03:00:00;34,40
2018-03-16 03:15:00;29,56
2018-03-16 03:30:00;30,44
2018-03-16 03:45:00;29,44
2018-03-16 04:00:00;29,48
2018-03-16 04:15:00;29,36
2018-03-16 04:30:00;28,20
2018-03-16 04:45:00;28,60
2018-03-16 05:00:00;28,12
2018-03-16 05:15:00;27,68
2018-03-16 05:30:00;28,28
2018-03-16 05:45:00;27,72
2018-03-16 06:00:00;27,72
2018-03-16 06:15:00;28,16
2018-03-16 06:30:00;36,20
2018-03-16 06:45:00;43,20
2018-03-16 07:00:00;56,20
2018-03-16 07:15:00;99,56
2018-03-16 07:30:00;113,08
2018-03-16 07:45:00;120,04
2018-03-16 08:00:00;122,52
2018-03-16 08:15:00;130,96
2018-03-16 08:30:00;129,20
2018-03-16 08:45:00;117,60
2018-03-16 09:00:00;120,92
2018-03-16 09:15:00;94,72
2018-03-16 09:30:00;112,64
2018-03-16 09:45:00;119,28
2018-03-16 10:00:00;118,36
2018-03-16 10:15:00;126,52
2018-03-16 10:30:00;109,48
2018-03-16 10:45:00;111,24
2018-03-16 11:00:00;109,00
2018-03-16 11:15:00;121,20
2018-03-16 11:30:00;126,64
2018-03-16 11:45:00;132,48
2018-03-16 12:00:00;123,84
2018-03-16 12:15:00;88,12
2018-03-16 12:30:00;84,00
2018-03-16 12:45:00;99,36
2018-03-16 13:00:00;94,80
2018-03-16 13:15:00;98,72
2018-03-16 13:30:00;104,12
2018-03-16 13:45:00;99,60
2018-03-16 14:00:00;106,56
2018-03-16 14:15:00;99,92
2018-03-16 14:30:00;105,32
2018-03-16 14:45:00;99,96
2018-03-16 15:00:00;84,12
2018-03-16 15:15:00;70,76
2018-03-16 15:30:00;62,16
2018-03-16 15:45:00;55,68
2018-03-16 16:00:00;46,44
2018-03-16 16:15:00;41,60
2018-03-16 16:30:00;44,16
2018-03-16 16:45:00;46,12
2018-03-16 17:00:00;48,68
2018-03-16 17:15:00;56,40
2018-03-16 17:30:00;51,68
2018-03-16 17:45:00;49,60
2018-03-16 18:00:00;49,24
2018-03-16 18:15:00;47,16
2018-03-16 18:30:00;45,96
2018-03-16 18:45:00;45,88
2018-03-16 19:00:00;46,16
2018-03-16 19:15:00;48,72
2018-03-16 19:30:00;43,16
2018-03-16 19:45:00;38,68
2018-03-16 20:00:00;37,12
2018-03-16 20:15:00;46,12
2018-03-16 20:30:00;42,48
2018-03-16 20:45:00;40,00
2018-03-16 21:00:00;41,96
2018-03-16 21:15:00;33,72
2018-03-16 21:30:00;32,36
2018-03-16 21:45:00;38,56
2018-03-16 22:00:00;36,40
2018-03-16 22:15:00;38,64
2018-03-16 22:30:00;38,32
2018-03-16 22:45:00;36,80
2018-03-16 23:00:00;38,56
2018-03-16 23:15:00;35,88
2018-03-16 23:30:00;37,40
2018-03-16 23:45:00;38,36
2018-03-17 00:00:00;36,00
2018-03-17 00:15:00;37,92
2018-03-17 00:30:00;37,60
2018-03-17 00:45:00;37,20
2018-03-17 01:00:00;36,68
2018-03-17 01:15:00;36,00
2018-03-17 01:30:00;38,88
2018-03-17 01:45:00;35,76
2018-03-17 02:00:00;34,96
2018-03-17 02:15:00;36,32
2018-03-17 02:30:00;34,40
2018-03-17 02:45:00;33,96
2018-03-17 03:00:00;32,72
2018-03-17 03:15:00;34,20
2018-03-17 03:30:00;34,76
2018-03-17 03:45:00;32,92
2018-03-17 04:00:00;34,72
2018-03-17 04:15:00;33,36
2018-03-17 04:30:00;33,76
2018-03-17 04:45:00;34,80
2018-03-17 05:00:00;32,12
2018-03-17 05:15:00;34,36
2018-03-17 05:30:00;33,92
2018-03-17 05:45:00;33,28
2018-03-17 06:00:00;34,20
2018-03-17 06:15:00;31,92
2018-03-17 06:30:00;34,48
2018-03-17 06:45:00;33,84
2018-03-17 07:00:00;33,92
2018-03-17 07:15:00;36,00
2018-03-17 07:30:00;33,28
2018-03-17 07:45:00;36,28
2018-03-17 08:00:00;34,56
2018-03-17 08:15:00;31,00
2018-03-17 08:30:00;33,64
2018-03-17 08:45:00;31,04
2018-03-17 09:00:00;30,24
2018-03-17 09:15:00;31,28
2018-03-17 09:30:00;30,12
2018-03-17 09:45:00;30,36
2018-03-17 10:00:00;29,92
2018-03-17 10:15:00;30,32
2018-03-17 10:30:00;29,28
2018-03-17 10:45:00;29,92
2018-03-17 11:00:00;29,20
2018-03-17 11:15:00;28,32
2018-03-17 11:30:00;31,00
2018-03-17 11:45:00;30,08
2018-03-17 12:00:00;28,60
2018-03-17 12:15:00;28,36
2018-03-17 12:30:00;28,56
2018-03-17 12:45:00;31,00
2018-03-17 13:00:00;32,04
2018-03-17 13:15:00;32,56
2018-03-17 13:30:00;36,88
2018-03-17 13:45:00;35,48
2018-03-17 14:00:00;38,64
2018-03-17 14:15:00;37,08
2018-03-17 14:30:00;36,40
2018-03-17 14:45:00;36,52
2018-03-17 15:00:00;36,68
2018-03-17 15:15:00;37,56
2018-03-17 15:30:00;37,28
2018-03-17 15:45:00;34,40
2018-03-17 16:00:00;34,44
2018-03-17 16:15:00;34,76
2018-03-17 16:30:00;32,16
2018-03-17 16:45:00;37,56
2018-03-17 17:00:00;40,08
2018-03-17 17:15:00;36,44
2018-03-17 17:30:00;38,92
2018-03-17 17:45:00;42,08
2018-03-17 18:00:00;39,48
2018-03-17 18:15:00;39,64
2018-03-17 18:30:00;51,48
2018-03-17 18:45:00;50,68
2018-03-17 19:00:00;47,60
2018-03-17 19:15:00;48,92
2018-03-17 19:30:00;46,24
2018-03-17 19:45:00;47,16
2018-03-17 20:00:00;48,52
2018-03-17 20:15:00;35,64
2018-03-17 20:30:00;31,88
2018-03-17 20:45:00;35,16
2018-03-17 21:00:00;32,32
2018-03-17 21:15:00;31,28
2018-03-17 21:30:00;32,36
2018-03-17 21:45:00;37,28
2018-03-17 22:00:00;35,76
2018-03-17 22:15:00;36,96
2018-03-17 22:30:00;37,28
2018-03-17 22:45:00;36,44
2018-03-17 23:00:00;37,48
2018-03-17 23:15:00;35,68
2018-03-17 23:30:00;36,48
2018-03-17 23:45:00;38,00
2018-03-18 00:00:00;36,76
2018-03-18 00:15:00;35,48
2018-03-18 00:30:00;38,52
2018-03-18 00:45:00;36,92
2018-03-18 01:00:00;36,40
2018-03-18 01:15:00;36,72
2018-03-18 01:30:00;37,64
2018-03-18 01:45:00;35,92
2018-03-18 02:00:00;36,40
2018-03-18 02:15:00;37,48
2018-03-18 02:30:00;35,12
2018-03-18 02:45:00;36,60
2018-03-18 03:00:00;38,16
2018-03-18 03:15:00;34,76
2018-03-18 03:30:00;36,60
2018-03-18 03:45:00;36,52
2018-03-18 04:00:00;33,12
2018-03-18 04:15:00;34,20
2018-03-18 04:30:00;30,88
2018-03-18 04:45:00;33,04
2018-03-18 05:00:00;30,28
2018-03-18 05:15:00;30,32
2018-03-18 05:30:00;31,56
2018-03-18 05:45:00;30,12
2018-03-18 06:00:00;29,76
2018-03-18 06:15:00;28,72
2018-03-18 06:30:00;29,48
2018-03-18 06:45:00;29,16
2018-03-18 07:00:00;29,04
2018-03-18 07:15:00;27,48
2018-03-18 07:30:00;27,32
2018-03-18 07:45:00;24,28
2018-03-18 08:00:00;24,76
2018-03-18 08:15:00;25,48
2018-03-18 08:30:00;25,92
2018-03-18 08:45:00;25,80
2018-03-18 09:00:00;25,00
2018-03-18 09:15:00;26,28
2018-03-18 09:30:00;25,20
2018-03-18 09:45:00;26,56
2018-03-18 10:00:00;27,24
2018-03-18 10:15:00;25,76
2018-03-18 10:30:00;26,52
2018-03-18 10:45:00;27,08
2018-03-18 11:00:00;26,92
2018-03-18 11:15:00;26,20
2018-03-18 11:30:00;27,28
2018-03-18 11:45:00;27,84
2018-03-18 12:00:00;30,56
2018-03-18 12:15:00;33,80
2018-03-18 12:30:00;33,44
2018-03-18 12:45:00;35,16
2018-03-18 13:00:00;30,92
2018-03-18 13:15:00;27,28
2018-03-18 13:30:00;28,92
2018-03-18 13:45:00;25,76
2018-03-18 14:00:00;26,68
2018-03-18 14:15:00;27,88
2018-03-18 14:30:00;25,88
2018-03-18 14:45:00;29,04
2018-03-18 15:00:00;25,80
2018-03-18 15:15:00;26,92
2018-03-18 15:30:00;28,24
2018-03-18 15:45:00;25,84
2018-03-18 16:00:00;28,04
2018-03-18 16:15:00;26,84
2018-03-18 16:30:00;26,52
2018-03-18 16:45:00;28,16
2018-03-18 17:00:00;26,16
2018-03-18 17:15:00;28,00
2018-03-18 17:30:00;28,44
2018-03-18 17:45:00;33,56
2018-03-18 18:00:00;39,12
2018-03-18 18:15:00;40,76
2018-03-18 18:30:00;41,40
2018-03-18 18:45:00;37,08
2018-03-18 19:00:00;34,48
2018-03-18 19:15:00;35,20
2018-03-18 19:30:00;30,12
2018-03-18 19:45:00;26,80
2018-03-18 20:00:00;28,96
2018-03-18 20:15:00;26,52
2018-03-18 20:30:00;28,44
2018-03-18 20:45:00;27,44
2018-03-18 21:00:00;27,00
2018-03-18 21:15:00;28,44
2018-03-18 21:30:00;26,12
2018-03-18 21:45:00;30,76
2018-03-18 22:00:00;31,64
2018-03-18 22:15:00;30,76
2018-03-18 22:30:00;32,88
2018-03-18 22:45:00;30,64
2018-03-18 23:00:00;31,44
2018-03-18 23:15:00;32,68
2018-03-18 23:30:00;30,32
2018-03-18 23:45:00;32,28
2018-03-19 00:00:00;31,20
2018-03-19 00:15:00;31,76
2018-03-19 00:30:00;31,56
2018-03-19 00:45:00;30,56
2018-03-19 01:00:00;29,88
2018-03-19 01:15:00;30,40
2018-03-19 01:30:00;30,12
2018-03-19 01:45:00;28,36
2018-03-19 02:00:00;29,04
2018-03-19 02:15:00;28,32
2018-03-19 02:30:00;29,68
2018-03-19 02:45:00;26,84
2018-03-19 03:00:00;27,48
2018-03-19 03:15:00;27,56
2018-03-19 03:30:00;29,44
2018-03-19 03:45:00;27,76
2018-03-19 04:00:00;26,72
2018-03-19 04:15:00;28,12
2018-03-19 04:30:00;27,96
2018-03-19 04:45:00;27,28
2018-03-19 05:00:00;27,28
2018-03-19 05:15:00;28,00
2018-03-19 05:30:00;27,28
2018-03-19 05:45:00;29,28
2018-03-19 06:00:00;27,96
2018-03-19 06:15:00;27,12
2018-03-19 06:30:00;30,52
2018-03-19 06:45:00;32,56
2018-03-19 07:00:00;54,96
2018-03-19 07:15:00;84,28
2018-03-19 07:30:00;114,88
2018-03-19 07:45:00;125,52
2018-03-19 08:00:00;123,92
2018-03-19 08:15:00;123,64
2018-03-19 08:30:00;134,28
2018-03-19 08:45:00;127,04
2018-03-19 09:00:00;129,88
2018-03-19 09:15:00;106,28
2018-03-19 09:30:00;122,52
2018-03-19 09:45:00;118,00
2018-03-19 10:00:00;119,84
2018-03-19 10:15:00;122,92
2018-03-19 10:30:00;124,68
2018-03-19 10:45:00;121,80
2018-03-19 11:00:00;130,08
2018-03-19 11:15:00;130,88
2018-03-19 11:30:00;128,36
2018-03-19 11:45:00;136,68
2018-03-19 12:00:00;122,12
2018-03-19 12:15:00;94,04
2018-03-19 12:30:00;82,96
2018-03-19 12:45:00;105,28
2018-03-19 13:00:00;122,68
2018-03-19 13:15:00;128,96
2018-03-19 13:30:00;112,72
2018-03-19 13:45:00;128,48
2018-03-19 14:00:00;130,48
2018-03-19 14:15:00;132,44
2018-03-19 14:30:00;137,24
2018-03-19 14:45:00;127,00
2018-03-19 15:00:00;120,72
2018-03-19 15:15:00;119,40
2018-03-19 15:30:00;112,16
2018-03-19 15:45:00;117,60
2018-03-19 16:00:00;118,88
2018-03-19 16:15:00;114,28
2018-03-19 16:30:00;119,36
2018-03-19 16:45:00;99,36
2018-03-19 17:00:00;89,44
2018-03-19 17:15:00;70,12
2018-03-19 17:30:00;57,52
2018-03-19 17:45:00;46,44
2018-03-19 18:00:00;44,20
2018-03-19 18:15:00;41,84
2018-03-19 18:30:00;40,52
2018-03-19 18:45:00;39,32
2018-03-19 19:00:00;37,12
2018-03-19 19:15:00;38,04
2018-03-19 19:30:00;43,56
2018-03-19 19:45:00;51,20
2018-03-19 20:00:00;54,72
2018-03-19 20:15:00;53,68
2018-03-19 20:30:00;51,32
2018-03-19 20:45:00;47,76
2018-03-19 21:00:00;48,72
2018-03-19 21:15:00;47,60
2018-03-19 21:30:00;42,52
2018-03-19 21:45:00;47,88
2018-03-19 22:00:00;47,04
2018-03-19 22:15:00;47,20
2018-03-19 22:30:00;47,04
2018-03-19 22:45:00;46,04
2018-03-19 23:00:00;46,88
2018-03-19 23:15:00;46,92
2018-03-19 23:30:00;48,08
2018-03-19 23:45:00;46,96
2018-03-20 00:00:00;45,84
2018-03-20 00:15:00;48,72
2018-03-20 00:30:00;46,00
2018-03-20 00:45:00;47,88
2018-03-20 01:00:00;47,64
2018-03-20 01:15:00;45,92
2018-03-20 01:30:00;47,40
2018-03-20 01:45:00;45,76
2018-03-20 02:00:00;45,68
2018-03-20 02:15:00;38,92
2018-03-20 02:30:00;37,68
2018-03-20 02:45:00;39,04
2018-03-20 03:00:00;35,52
2018-03-20 03:15:00;35,76
2018-03-20 03:30:00;36,60
2018-03-20 03:45:00;34,08
2018-03-20 04:00:00;35,72
2018-03-20 04:15:00;36,04
2018-03-20 04:30:00;35,16
2018-03-20 04:45:00;35,16
2018-03-20 05:00:00;35,00
2018-03-20 05:15:00;35,92
2018-03-20 05:30:00;33,52
2018-03-20 05:45:00;31,92
2018-03-20 06:00:00;32,20
2018-03-20 06:15:00;31,60
2018-03-20 06:30:00;32,68
2018-03-20 06:45:00;33,64
2018-03-20 07:00:00;46,52
2018-03-20 07:15:00;91,88
2018-03-20 07:30:00;122,84
2018-03-20 07:45:00;127,12
2018-03-20 08:00:00;128,32
2018-03-20 08:15:00;137,64
2018-03-20 08:30:00;125,56
2018-03-20 08:45:00;122,16
2018-03-20 09:00:00;124,16
2018-03-20 09:15:00;102,28
2018-03-20 09:30:00;117,68
2018-03-20 09:45:00;123,28
2018-03-20 10:00:00;130,92
2018-03-20 10:15:00;131,32
2018-03-20 10:30:00;136,48
2018-03-20 10:45:00;142,68
2018-03-20 11:00:00;143,20
2018-03-20 11:15:00;144,12
2018-03-20 11:30:00;136,76
2018-03-20 11:45:00;141,52
2018-03-20 12:00:00;133,28
2018-03-20 12:15:00;102,16
2018-03-20 12:30:00;92,40
2018-03-20 12:45:00;98,80
2018-03-20 13:00:00;123,36
2018-03-20 13:15:00;124,72
2018-03-20 13:30:00;132,08
2018-03-20 13:45:00;126,44
2018-03-20 14:00:00;122,40
2018-03-20 14:15:00;129,72
2018-03-20 14:30:00;133,44
2018-03-20 14:45:00;121,04
2018-03-20 15:00:00;134,76
2018-03-20 15:15:00;132,88
2018-03-20 15:30:00;128,00
2018-03-20 15:45:00;125,68
2018-03-20 16:00:00;116,76
2018-03-20 16:15:00;107,48
2018-03-20 16:30:00;107,40
2018-03-20 16:45:00;89,52
2018-03-20 17:00:00;76,80
2018-03-20 17:15:00;65,08
2018-03-20 17:30:00;60,20
2018-03-20 17:45:00;38,08
2018-03-20 18:00:00;33,44
2018-03-20 18:15:00;35,48
2018-03-20 18:30:00;31,20
2018-03-20 18:45:00;31,36
2018-03-20 19:00:00;30,12
2018-03-20 19:15:00;34,56
2018-03-20 19:30:00;40,72
2018-03-20 19:45:00;42,08
2018-03-20 20:00:00;41,88
2018-03-20 20:15:00;42,64
2018-03-20 20:30:00;40,44
2018-03-20 20:45:00;29,56
2018-03-20 21:00:00;30,44
2018-03-20 21:15:00;28,48
2018-03-20 21:30:00;30,04
2018-03-20 21:45:00;31,92
2018-03-20 22:00:00;33,20
2018-03-20 22:15:00;33,36
2018-03-20 22:30:00;32,88
2018-03-20 22:45:00;32,72
2018-03-20 23:00:00;32,92
2018-03-20 23:15:00;30,08
2018-03-20 23:30:00;30,96
2018-03-20 23:45:00;30,40
2018-03-21 00:00:00;29,24
2018-03-21 00:15:00;29,56
2018-03-21 00:30:00;27,80
2018-03-21 00:45:00;28,76
2018-03-21 01:00:00;30,28
2018-03-21 01:15:00;28,12
2018-03-21 01:30:00;29,44
2018-03-21 01:45:00;28,80
2018-03-21 02:00:00;28,84
2018-03-21 02:15:00;28,52
2018-03-21 02:30:00;28,60
2018-03-21 02:45:00;30,24
2018-03-21 03:00:00;28,60
2018-03-21 03:15:00;28,16
2018-03-21 03:30:00;28,56
2018-03-21 03:45:00;29,28
2018-03-21 04:00:00;28,56
2018-03-21 04:15:00;29,44
2018-03-21 04:30:00;27,76
2018-03-21 04:45:00;28,52
2018-03-21 05:00:00;29,76
2018-03-21 05:15:00;28,64
2018-03-21 05:30:00;28,64
2018-03-21 05:45:00;30,20
2018-03-21 06:00:00;30,32
2018-03-21 06:15:00;27,72
2018-03-21 06:30:00;31,32
2018-03-21 06:45:00;35,52
2018-03-21 07:00:00;55,84
2018-03-21 07:15:00;91,68
2018-03-21 07:30:00;107,36
2018-03-21 07:45:00;113,44
2018-03-21 08:00:00;113,08
2018-03-21 08:15:00;112,20
2018-03-21 08:30:00;115,64
2018-03-21 08:45:00;123,76
2018-03-21 09:00:00;129,04
2018-03-21 09:15:00;104,96
2018-03-21 09:30:00;117,96
2018-03-21 09:45:00;125,44
2018-03-21 10:00:00;136,60
2018-03-21 10:15:00;134,48
2018-03-21 10:30:00;137,80
2018-03-21 10:45:00;133,76
2018-03-21 11:00:00;133,40
2018-03-21 11:15:00;131,80
2018-03-21 11:30:00;138,92
2018-03-21 11:45:00;137,36
2018-03-21 12:00:00;125,00
2018-03-21 12:15:00;103,28
2018-03-21 12:30:00;88,08
2018-03-21 12:45:00;104,92
2018-03-21 13:00:00;119,72
2018-03-21 13:15:00;116,48
2018-03-21 13:30:00;109,72
2018-03-21 13:45:00;126,24
2018-03-21 14:00:00;128,84
2018-03-21 14:15:00;134,68
2018-03-21 14:30:00;129,24
2018-03-21 14:45:00;134,24
2018-03-21 15:00:00;138,60
2018-03-21 15:15:00;144,44
2018-03-21 15:30:00;137,52
2018-03-21 15:45:00;132,96
2018-03-21 16:00:00;130,20
2018-03-21 16:15:00;134,76
2018-03-21 16:30:00;133,08
2018-03-21 16:45:00;115,92
2018-03-21 17:00:00;115,08
2018-03-21 17:15:00;84,48
2018-03-21 17:30:00;76,20
2018-03-21 17:45:00;73,80
2018-03-21 18:00:00;56,20
2018-03-21 18:15:00;51,08
2018-03-21 18:30:00;51,96
2018-03-21 18:45:00;55,28
2018-03-21 19:00:00;49,60
2018-03-21 19:15:00;48,56
2018-03-21 19:30:00;48,72
2018-03-21 19:45:00;60,64
2018-03-21 20:00:00;62,36
2018-03-21 20:15:00;50,80
2018-03-21 20:30:00;46,36
2018-03-21 20:45:00;40,84
2018-03-21 21:00:00;34,20
2018-03-21 21:15:00;32,24
2018-03-21 21:30:00;32,04
2018-03-21 21:45:00;36,20
2018-03-21 22:00:00;37,88
2018-03-21 22:15:00;36,36
2018-03-21 22:30:00;36,40
2018-03-21 22:45:00;37,68
2018-03-21 23:00:00;35,96
2018-03-21 23:15:00;37,40
2018-03-21 23:30:00;38,12
2018-03-21 23:45:00;37,00
2018-03-22 00:00:00;37,00
2018-03-22 00:15:00;37,08
2018-03-22 00:30:00;36,64
2018-03-22 00:45:00;36,28
2018-03-22 01:00:00;37,40
2018-03-22 01:15:00;36,12
2018-03-22 01:30:00;37,28
2018-03-22 01:45:00;37,04
2018-03-22 02:00:00;36,04
2018-03-22 02:15:00;36,32
2018-03-22 02:30:00;37,04
2018-03-22 02:45:00;35,92
2018-03-22 03:00:00;36,88
2018-03-22 03:15:00;37,28
2018-03-22 03:30:00;36,20
2018-03-22 03:45:00;32,72
2018-03-22 04:00:00;34,24
2018-03-22 04:15:00;33,12
2018-03-22 04:30:00;32,44
2018-03-22 04:45:00;33,52
2018-03-22 05:00:00;33,04
2018-03-22 05:15:00;33,08
2018-03-22 05:30:00;32,80
2018-03-22 05:45:00;32,12
2018-03-22 06:00:00;31,80
2018-03-22 06:15:00;30,88
2018-03-22 06:30:00;36,48
2018-03-22 06:45:00;44,12
2018-03-22 07:00:00;59,16
2018-03-22 07:15:00;92,28
2018-03-22 07:30:00;122,12
2018-03-22 07:45:00;120,60
2018-03-22 08:00:00;122,96
2018-03-22 08:15:00;129,40
2018-03-22 08:30:00;137,20
2018-03-22 08:45:00;140,40
2018-03-22 09:00:00;137,32
2018-03-22 09:15:00;112,44
2018-03-22 09:30:00;126,28
2018-03-22 09:45:00;140,08
2018-03-22 10:00:00;134,44
2018-03-22 10:15:00;133,24
2018-03-22 10:30:00;131,92
2018-03-22 10:45:00;127,92
2018-03-22 11:00:00;120,84
2018-03-22 11:15:00;122,52
2018-03-22 11:30:00;127,24
2018-03-22 11:45:00;125,08
2018-03-22 12:00:00;121,28
2018-03-22 12:15:00;100,96
2018-03-22 12:30:00;97,08
2018-03-22 12:45:00;112,20
2018-03-22 13:00:00;126,96
2018-03-22 13:15:00;135,76
2018-03-22 13:30:00;142,92
2018-03-22 13:45:00;132,76
2018-03-22 14:00:00;131,20
2018-03-22 14:15:00;140,84
2018-03-22 14:30:00;130,92
2018-03-22 14:45:00;121,92
2018-03-22 15:00:00;137,96
2018-03-22 15:15:00;129,92
2018-03-22 15:30:00;123,72
2018-03-22 15:45:00;126,76
2018-03-22 16:00:00;131,36
2018-03-22 16:15:00;137,04
2018-03-22 16:30:00;124,84
2018-03-22 16:45:00;115,36
2018-03-22 17:00:00;88,96
2018-03-22 17:15:00;71,80
2018-03-22 17:30:00;71,96
2018-03-22 17:45:00;69,48
2018-03-22 18:00:00;54,40
2018-03-22 18:15:00;52,88
2018-03-22 18:30:00;51,92
2018-03-22 18:45:00;52,60
2018-03-22 19:00:00;55,12
2018-03-22 19:15:00;62,64
2018-03-22 19:30:00;57,76
2018-03-22 19:45:00;52,52
2018-03-22 20:00:00;54,72
2018-03-22 20:15:00;48,04
2018-03-22 20:30:00;48,88
2018-03-22 20:45:00;49,48
2018-03-22 21:00:00;46,88
2018-03-22 21:15:00;50,52
2018-03-22 21:30:00;47,36
2018-03-22 21:45:00;52,72
2018-03-22 22:00:00;54,24
2018-03-22 22:15:00;50,08
2018-03-22 22:30:00;54,04
2018-03-22 22:45:00;52,56
2018-03-22 23:00:00;50,76
2018-03-22 23:15:00;53,00
2018-03-22 23:30:00;52,40
2018-03-22 23:45:00;52,36
2018-03-23 00:00:00;54,00
2018-03-23 00:15:00;49,96
2018-03-23 00:30:00;53,20
2018-03-23 00:45:00;49,84
2018-03-23 01:00:00;46,52
2018-03-23 01:15:00;50,68
2018-03-23 01:30:00;45,32
2018-03-23 01:45:00;48,88
2018-03-23 02:00:00;42,28
2018-03-23 02:15:00;39,20
2018-03-23 02:30:00;40,20
2018-03-23 02:45:00;39,76
2018-03-23 03:00:00;36,96
2018-03-23 03:15:00;39,44
2018-03-23 03:30:00;35,56
2018-03-23 03:45:00;37,60
2018-03-23 04:00:00;37,80
2018-03-23 04:15:00;37,68
2018-03-23 04:30:00;36,60
2018-03-23 04:45:00;37,60
2018-03-23 05:00:00;37,04
2018-03-23 05:15:00;37,48
2018-03-23 05:30:00;37,68
2018-03-23 05:45:00;37,60
2018-03-23 06:00:00;36,24
2018-03-23 06:15:00;37,28
2018-03-23 06:30:00;41,04
2018-03-23 06:45:00;44,48
2018-03-23 07:00:00;59,96
2018-03-23 07:15:00;98,84
2018-03-23 07:30:00;119,48
2018-03-23 07:45:00;128,96
2018-03-23 08:00:00;124,40
2018-03-23 08:15:00;134,56
2018-03-23 08:30:00;137,36
2018-03-23 08:45:00;130,80
2018-03-23 09:00:00;129,60
2018-03-23 09:15:00;110,28
2018-03-23 09:30:00;118,12
2018-03-23 09:45:00;130,44
2018-03-23 10:00:00;136,12
2018-03-23 10:15:00;135,52
2018-03-23 10:30:00;129,76
2018-03-23 10:45:00;126,08
2018-03-23 11:00:00;128,44
2018-03-23 11:15:00;131,84
2018-03-23 11:30:00;136,04
2018-03-23 11:45:00;129,56
2018-03-23 12:00:00;123,88
2018-03-23 12:15:00;106,12
2018-03-23 12:30:00;102,04
2018-03-23 12:45:00;109,96
2018-03-23 13:00:00;114,08
2018-03-23 13:15:00;126,04
2018-03-23 13:30:00;126,00
2018-03-23 13:45:00;111,48
2018-03-23 14:00:00;122,36
2018-03-23 14:15:00;116,88
2018-03-23 14:30:00;115,76
2018-03-23 14:45:00;105,36
2018-03-23 15:00:00;86,48
2018-03-23 15:15:00;76,24
2018-03-23 15:30:00;73,36
2018-03-23 15:45:00;71,20
2018-03-23 16:00:00;44,96
2018-03-23 16:15:00;43,84
2018-03-23 16:30:00;47,80
2018-03-23 16:45:00;48,28
2018-03-23 17:00:00;48,92
2018-03-23 17:15:00;50,40
2018-03-23 17:30:00;49,52
2018-03-23 17:45:00;50,04
2018-03-23 18:00:00;50,68
2018-03-23 18:15:00;51,16
2018-03-23 18:30:00;45,88
2018-03-23 18:45:00;44,16
2018-03-23 19:00:00;43,24
2018-03-23 19:15:00;40,04
2018-03-23 19:30:00;38,68
2018-03-23 19:45:00;43,12
2018-03-23 20:00:00;38,36
2018-03-23 20:15:00;44,04
2018-03-23 20:30:00;37,36
2018-03-23 20:45:00;37,64
2018-03-23 21:00:00;32,28
2018-03-23 21:15:00;32,00
2018-03-23 21:30:00;31,44
2018-03-23 21:45:00;38,80
2018-03-23 22:00:00;35,40
2018-03-23 22:15:00;38,36
2018-03-23 22:30:00;36,04
2018-03-23 22:45:00;33,88
2018-03-23 23:00:00;29,12
2018-03-23 23:15:00;28,12
2018-03-23 23:30:00;29,44
2018-03-23 23:45:00;26,56
2018-03-24 00:00:00;25,36
2018-03-24 00:15:00;26,72
2018-03-24 00:30:00;24,64
2018-03-24 00:45:00;26,28
2018-03-24 01:00:00;26,64
2018-03-24 01:15:00;24,24
2018-03-24 01:30:00;24,36
2018-03-24 01:45:00;24,76
2018-03-24 02:00:00;24,72
2018-03-24 02:15:00;25,00
2018-03-24 02:30:00;26,04
2018-03-24 02:45:00;26,16
2018-03-24 03:00:00;24,64
2018-03-24 03:15:00;26,52
2018-03-24 03:30:00;25,12
2018-03-24 03:45:00;26,04
2018-03-24 04:00:00;26,32
2018-03-24 04:15:00;24,44
2018-03-24 04:30:00;26,80
2018-03-24 04:45:00;25,24
2018-03-24 05:00:00;24,84
2018-03-24 05:15:00;26,60
2018-03-24 05:30:00;24,80
2018-03-24 05:45:00;25,52
2018-03-24 06:00:00;25,68
2018-03-24 06:15:00;24,60
2018-03-24 06:30:00;25,92
2018-03-24 06:45:00;23,40
2018-03-24 07:00:00;28,60
2018-03-24 07:15:00;22,92
2018-03-24 07:30:00;23,12
2018-03-24 07:45:00;25,28
2018-03-24 08:00:00;22,88
2018-03-24 08:15:00;25,24
2018-03-24 08:30:00;24,28
2018-03-24 08:45:00;24,36
2018-03-24 09:00:00;24,28
2018-03-24 09:15:00;24,04
2018-03-24 09:30:00;25,28
2018-03-24 09:45:00;26,96
2018-03-24 10:00:00;24,92
2018-03-24 10:15:00;25,72
2018-03-24 10:30:00;27,68
2018-03-24 10:45:00;25,52
2018-03-24 11:00:00;27,24
2018-03-24 11:15:00;25,04
2018-03-24 11:30:00;26,08
2018-03-24 11:45:00;28,68
2018-03-24 12:00:00;28,40
2018-03-24 12:15:00;26,12
2018-03-24 12:30:00;28,08
2018-03-24 12:45:00;25,52
2018-03-24 13:00:00;26,04
2018-03-24 13:15:00;25,48
2018-03-24 13:30:00;26,12
2018-03-24 13:45:00;25,00
2018-03-24 14:00:00;27,88
2018-03-24 14:15:00;26,12
2018-03-24 14:30:00;27,48
2018-03-24 14:45:00;28,36
2018-03-24 15:00:00;20,64
2018-03-24 15:15:00;21,68
2018-03-24 15:30:00;21,48
2018-03-24 15:45:00;19,36
2018-03-24 16:00:00;22,20
2018-03-24 16:15:00;19,84
2018-03-24 16:30:00;21,80
2018-03-24 16:45:00;20,88
2018-03-24 17:00:00;19,12
2018-03-24 17:15:00;23,00
2018-03-24 17:30:00;27,00
2018-03-24 17:45:00;29,68
2018-03-24 18:00:00;28,68
2018-03-24 18:15:00;30,48
2018-03-24 18:30:00;38,04
2018-03-24 18:45:00;35,16
2018-03-24 19:00:00;31,88
2018-03-24 19:15:00;34,72
2018-03-24 19:30:00;31,32
2018-03-24 19:45:00;32,96
2018-03-24 20:00:00;33,00
2018-03-24 20:15:00;27,80
2018-03-24 20:30:00;27,76
2018-03-24 20:45:00;22,64
2018-03-24 21:00:00;21,12
2018-03-24 21:15:00;22,60
2018-03-24 21:30:00;19,44
2018-03-24 21:45:00;27,12
2018-03-24 22:00:00;26,20
2018-03-24 22:15:00;25,68
2018-03-24 22:30:00;26,52
2018-03-24 22:45:00;24,68
2018-03-24 23:00:00;26,92
2018-03-24 23:15:00;25,84
2018-03-24 23:30:00;24,76
2018-03-24 23:45:00;27,32
2018-03-25 00:00:00;23,48
2018-03-25 00:15:00;27,00
2018-03-25 00:30:00;25,72
2018-03-25 00:45:00;25,76
2018-03-25 01:00:00;26,84
2018-03-25 01:15:00;24,96
2018-03-25 01:30:00;25,36
2018-03-25 01:45:00;26,64
2018-03-25 02:00:00;24,24
2018-03-25 02:15:00;27,28
2018-03-25 02:30:00;24,76
2018-03-25 02:45:00;25,80
2018-03-25 03:00:00;27,32
2018-03-25 03:15:00;23,88
2018-03-25 03:30:00;26,52
2018-03-25 03:45:00;26,04
2018-03-25 04:00:00;25,04
2018-03-25 04:15:00;27,08
2018-03-25 04:30:00;24,24
2018-03-25 04:45:00;23,76
2018-03-25 05:00:00;25,44
2018-03-25 05:15:00;24,28
2018-03-25 05:30:00;25,52
2018-03-25 05:45:00;24,08
2018-03-25 06:00:00;25,40
2018-03-25 06:15:00;22,80
2018-03-25 06:30:00;24,56
2018-03-25 06:45:00;23,44
2018-03-25 07:00:00;23,56
2018-03-25 07:15:00;21,60
2018-03-25 07:30:00;18,68
2018-03-25 07:45:00;19,44
2018-03-25 08:00:00;21,64
2018-03-25 08:15:00;18,56
2018-03-25 08:30:00;22,00
2018-03-25 08:45:00;19,20
2018-03-25 09:00:00;21,16
2018-03-25 09:15:00;26,56
2018-03-25 09:30:00;23,24
2018-03-25 09:45:00;21,56
2018-03-25 10:00:00;20,76
2018-03-25 10:15:00;19,52
2018-03-25 10:30:00;21,96
2018-03-25 10:45:00;19,32
2018-03-25 11:00:00;19,68
2018-03-25 11:15:00;22,52
2018-03-25 11:30:00;18,88
2018-03-25 11:45:00;21,68
2018-03-25 12:00:00;21,56
2018-03-25 12:15:00;25,88
2018-03-25 12:30:00;26,08
2018-03-25 12:45:00;24,16
2018-03-25 13:00:00;25,96
2018-03-25 13:15:00;24,36
2018-03-25 13:30:00;24,00
2018-03-25 13:45:00;28,48
2018-03-25 14:00:00;27,92
2018-03-25 14:15:00;25,12
2018-03-25 14:30:00;24,32
2018-03-25 14:45:00;24,08
2018-03-25 15:00:00;22,80
2018-03-25 15:15:00;25,40
2018-03-25 15:30:00;23,44
2018-03-25 15:45:00;24,88
2018-03-25 16:00:00;24,84
2018-03-25 16:15:00;21,64
2018-03-25 16:30:00;23,12
2018-03-25 16:45:00;21,84
2018-03-25 17:00:00;21,20
2018-03-25 17:15:00;20,68
2018-03-25 17:30:00;21,16
2018-03-25 17:45:00;19,96
2018-03-25 18:00:00;20,12
2018-03-25 18:15:00;21,24
2018-03-25 18:30:00;20,48
2018-03-25 18:45:00;20,36
2018-03-25 19:00:00;21,44
2018-03-25 19:15:00;20,84
2018-03-25 19:30:00;20,36
2018-03-25 19:45:00;21,56
2018-03-25 20:00:00;21,00
2018-03-25 20:15:00;20,60
2018-03-25 20:30:00;20,60
2018-03-25 20:45:00;21,52
2018-03-25 21:00:00;21,04
2018-03-25 21:15:00;20,52
2018-03-25 21:30:00;21,64
2018-03-25 21:45:00;25,76
2018-03-25 22:00:00;25,20
2018-03-25 22:15:00;26,20
2018-03-25 22:30:00;25,44
2018-03-25 22:45:00;25,64
2018-03-25 23:00:00;25,28
2018-03-25 23:15:00;25,88
2018-03-25 23:30:00;25,84
2018-03-25 23:45:00;25,36
2018-03-26 00:00:00;26,24
2018-03-26 00:15:00;25,72
2018-03-26 00:30:00;25,28
2018-03-26 00:45:00;25,76
2018-03-26 01:00:00;25,44
2018-03-26 01:15:00;27,40
2018-03-26 01:30:00;24,92
2018-03-26 01:45:00;26,08
2018-03-26 02:00:00;25,40
2018-03-26 02:15:00;25,60
2018-03-26 02:30:00;26,12
2018-03-26 02:45:00;25,20
2018-03-26 03:00:00;25,48
2018-03-26 03:15:00;25,36
2018-03-26 03:30:00;25,00
2018-03-26 03:45:00;23,44
2018-03-26 04:00:00;24,28
2018-03-26 04:15:00;24,16
2018-03-26 04:30:00;23,92
2018-03-26 04:45:00;20,60
2018-03-26 05:00:00;20,76
2018-03-26 05:15:00;21,16
2018-03-26 05:30:00;23,20
2018-03-26 05:45:00;24,20
2018-03-26 06:00:00;34,96
2018-03-26 06:15:00;70,16
2018-03-26 06:30:00;86,04
2018-03-26 06:45:00;109,68
2018-03-26 07:00:00;111,56
2018-03-26 07:15:00;111,04
2018-03-26 07:30:00;114,40
2018-03-26 07:45:00;117,52
2018-03-26 08:00:00;117,64
2018-03-26 08:15:00;93,44
2018-03-26 08:30:00;95,88
2018-03-26 08:45:00;104,64
2018-03-26 09:00:00;108,76
2018-03-26 09:15:00;106,00
2018-03-26 09:30:00;106,88
2018-03-26 09:45:00;117,20
2018-03-26 10:00:00;124,24
2018-03-26 10:15:00;122,48
2018-03-26 10:30:00;119,48
2018-03-26 10:45:00;122,56
2018-03-26 11:00:00;120,08
2018-03-26 11:15:00;98,64
2018-03-26 11:30:00;91,60
2018-03-26 11:45:00;105,00
2018-03-26 12:00:00;113,76
2018-03-26 12:15:00;111,24
2018-03-26 12:30:00;120,72
2018-03-26 12:45:00;125,92
2018-03-26 13:00:00;121,20
2018-03-26 13:15:00;124,80
2018-03-26 13:30:00;127,32
2018-03-26 13:45:00;120,64
2018-03-26 14:00:00;113,52
2018-03-26 14:15:00;121,84
2018-03-26 14:30:00;133,80
2018-03-26 14:45:00;125,76
2018-03-26 15:00:00;120,64
2018-03-26 15:15:00;124,48
2018-03-26 15:30:00;122,68
2018-03-26 15:45:00;97,96
2018-03-26 16:00:00;81,52
2018-03-26 16:15:00;80,80
2018-03-26 16:30:00;70,16
2018-03-26 16:45:00;72,24
2018-03-26 17:00:00;58,68
2018-03-26 17:15:00;56,68
2018-03-26 17:30:00;55,56
2018-03-26 17:45:00;53,52
2018-03-26 18:00:00;52,72
2018-03-26 18:15:00;53,92
2018-03-26 18:30:00;51,64
2018-03-26 18:45:00;50,00
2018-03-26 19:00:00;42,52
2018-03-26 19:15:00;43,76
2018-03-26 19:30:00;49,80
2018-03-26 19:45:00;51,08
2018-03-26 20:00:00;48,16
2018-03-26 20:15:00;48,44
2018-03-26 20:30:00;47,56
2018-03-26 20:45:00;50,72
2018-03-26 21:00:00;47,36
2018-03-26 21:15:00;48,16
2018-03-26 21:30:00;42,24
2018-03-26 21:45:00;46,56
2018-03-26 22:00:00;44,44
2018-03-26 22:15:00;39,56
2018-03-26 22:30:00;40,40
2018-03-26 22:45:00;42,04
2018-03-26 23:00:00;38,12
2018-03-26 23:15:00;39,04
2018-03-26 23:30:00;37,20
2018-03-26 23:45:00;37,28
2018-03-27 00:00:00;38,84
2018-03-27 00:15:00;37,08
2018-03-27 00:30:00;38,64
2018-03-27 00:45:00;37,96
2018-03-27 01:00:00;35,40
2018-03-27 01:15:00;37,52
2018-03-27 01:30:00;35,36
2018-03-27 01:45:00;36,60
2018-03-27 02:00:00;37,36
2018-03-27 02:15:00;34,32
2018-03-27 02:30:00;37,16
2018-03-27 02:45:00;36,56
2018-03-27 03:00:00;36,60
2018-03-27 03:15:00;35,64
2018-03-27 03:30:00;35,92
2018-03-27 03:45:00;35,60
2018-03-27 04:00:00;35,56
2018-03-27 04:15:00;33,48
2018-03-27 04:30:00;35,52
2018-03-27 04:45:00;34,36
2018-03-27 05:00:00;34,28
2018-03-27 05:15:00;33,00
2018-03-27 05:30:00;33,56
2018-03-27 05:45:00;35,48
2018-03-27 06:00:00;45,60
2018-03-27 06:15:00;73,60
2018-03-27 06:30:00;93,60
2018-03-27 06:45:00;104,72
2018-03-27 07:00:00;112,64
2018-03-27 07:15:00;115,08
2018-03-27 07:30:00;110,32
2018-03-27 07:45:00;123,28
2018-03-27 08:00:00;114,96
2018-03-27 08:15:00;102,04
2018-03-27 08:30:00;110,52
2018-03-27 08:45:00;127,20
2018-03-27 09:00:00;126,20
2018-03-27 09:15:00;125,24
2018-03-27 09:30:00;135,28
2018-03-27 09:45:00;128,08
2018-03-27 10:00:00;121,96
2018-03-27 10:15:00;128,60
2018-03-27 10:30:00;125,40
2018-03-27 10:45:00;119,84
2018-03-27 11:00:00;123,36
2018-03-27 11:15:00;104,40
2018-03-27 11:30:00;97,72
2018-03-27 11:45:00;114,24
2018-03-27 12:00:00;110,88
2018-03-27 12:15:00;123,64
2018-03-27 12:30:00;121,56
2018-03-27 12:45:00;137,68
2018-03-27 13:00:00;113,92
2018-03-27 13:15:00;127,08
2018-03-27 13:30:00;125,28
2018-03-27 13:45:00;119,28
2018-03-27 14:00:00;120,92
2018-03-27 14:15:00;116,72
2018-03-27 14:30:00;121,28
2018-03-27 14:45:00;111,44
2018-03-27 15:00:00;116,32
2018-03-27 15:15:00;120,96
2018-03-27 15:30:00;108,76
2018-03-27 15:45:00;88,12
2018-03-27 16:00:00;85,96
2018-03-27 16:15:00;74,56
2018-03-27 16:30:00;66,52
2018-03-27 16:45:00;65,72
2018-03-27 17:00:00;67,52
2018-03-27 17:15:00;51,96
2018-03-27 17:30:00;45,72
2018-03-27 17:45:00;45,40
2018-03-27 18:00:00;44,76
2018-03-27 18:15:00;45,08
2018-03-27 18:30:00;44,20
2018-03-27 18:45:00;53,84
2018-03-27 19:00:00;50,04
2018-03-27 19:15:00;46,12
2018-03-27 19:30:00;47,52
2018-03-27 19:45:00;44,68
2018-03-27 20:00:00;43,08
2018-03-27 20:15:00;44,08
2018-03-27 20:30:00;41,20
2018-03-27 20:45:00;39,80
2018-03-27 21:00:00;41,80
2018-03-27 21:15:00;39,80
2018-03-27 21:30:00;41,56
2018-03-27 21:45:00;43,36
2018-03-27 22:00:00;40,08
2018-03-27 22:15:00;42,76
2018-03-27 22:30:00;40,52
2018-03-27 22:45:00;42,56
2018-03-27 23:00:00;42,64
2018-03-27 23:15:00;40,00
2018-03-27 23:30:00;43,12
2018-03-27 23:45:00;40,32
2018-03-28 00:00:00;41,64
2018-03-28 00:15:00;41,80
2018-03-28 00:30:00;41,00
2018-03-28 00:45:00;43,20
2018-03-28 01:00:00;41,44
2018-03-28 01:15:00;41,12
2018-03-28 01:30:00;42,08
2018-03-28 01:45:00;40,92
2018-03-28 02:00:00;42,48
2018-03-28 02:15:00;41,68
2018-03-28 02:30:00;41,08
2018-03-28 02:45:00;41,40
2018-03-28 03:00:00;39,40
2018-03-28 03:15:00;39,76
2018-03-28 03:30:00;40,96
2018-03-28 03:45:00;38,96
2018-03-28 04:00:00;37,48
2018-03-28 04:15:00;35,92
2018-03-28 04:30:00;37,08
2018-03-28 04:45:00;37,60
2018-03-28 05:00:00;35,52
2018-03-28 05:15:00;39,12
2018-03-28 05:30:00;41,24
2018-03-28 05:45:00;41,12
2018-03-28 06:00:00;52,92
2018-03-28 06:15:00;94,72
2018-03-28 06:30:00;106,08
2018-03-28 06:45:00;109,24
2018-03-28 07:00:00;117,92
2018-03-28 07:15:00;108,96
2018-03-28 07:30:00;107,04
2018-03-28 07:45:00;103,68
2018-03-28 08:00:00;118,36
2018-03-28 08:15:00;91,12
2018-03-28 08:30:00;112,68
2018-03-28 08:45:00;110,12
2018-03-28 09:00:00;122,28
2018-03-28 09:15:00;123,24
2018-03-28 09:30:00;117,84
2018-03-28 09:45:00;122,92
2018-03-28 10:00:00;110,72
2018-03-28 10:15:00;128,00
2018-03-28 10:30:00;126,00
2018-03-28 10:45:00;122,96
2018-03-28 11:00:00;116,32
2018-03-28 11:15:00;105,60
2018-03-28 11:30:00;100,92
2018-03-28 11:45:00;112,20
2018-03-28 12:00:00;121,40
2018-03-28 12:15:00;121,64
2018-03-28 12:30:00;130,68
2018-03-28 12:45:00;124,28
2018-03-28 13:00:00;130,88
2018-03-28 13:15:00;135,84
2018-03-28 13:30:00;115,60
2018-03-28 13:45:00;117,48
2018-03-28 14:00:00;123,24
2018-03-28 14:15:00;128,60
2018-03-28 14:30:00;114,44
2018-03-28 14:45:00;111,84
2018-03-28 15:00:00;115,72
2018-03-28 15:15:00;116,56
2018-03-28 15:30:00;115,20
2018-03-28 15:45:00;95,00
2018-03-28 16:00:00;88,24
2018-03-28 16:15:00;64,92
2018-03-28 16:30:00;60,88
2018-03-28 16:45:00;62,80
2018-03-28 17:00:00;48,48
2018-03-28 17:15:00;47,36
2018-03-28 17:30:00;45,12
2018-03-28 17:45:00;48,04
2018-03-28 18:00:00;52,40
2018-03-28 18:15:00;47,64
2018-03-28 18:30:00;47,28
2018-03-28 18:45:00;52,48
2018-03-28 19:00:00;51,12
2018-03-28 19:15:00;52,32
2018-03-28 19:30:00;55,92
2018-03-28 19:45:00;51,44
2018-03-28 20:00:00;55,56
2018-03-28 20:15:00;45,84
2018-03-28 20:30:00;44,36
2018-03-28 20:45:00;42,72
2018-03-28 21:00:00;43,04
2018-03-28 21:15:00;41,64
2018-03-28 21:30:00;43,04
2018-03-28 21:45:00;48,24
2018-03-28 22:00:00;45,16
2018-03-28 22:15:00;46,56
2018-03-28 22:30:00;49,20
2018-03-28 22:45:00;48,08
2018-03-28 23:00:00;44,04
2018-03-28 23:15:00;47,48
2018-03-28 23:30:00;47,88
2018-03-28 23:45:00;48,08
2018-03-29 00:00:00;45,04
2018-03-29 00:15:00;46,60
2018-03-29 00:30:00;48,56
2018-03-29 00:45:00;45,84
2018-03-29 01:00:00;42,00
2018-03-29 01:15:00;38,72
2018-03-29 01:30:00;37,32
2018-03-29 01:45:00;38,64
2018-03-29 02:00:00;34,80
2018-03-29 02:15:00;33,36
2018-03-29 02:30:00;33,40
2018-03-29 02:45:00;30,68
2018-03-29 03:00:00;31,16
2018-03-29 03:15:00;31,48
2018-03-29 03:30:00;29,76
2018-03-29 03:45:00;29,64
2018-03-29 04:00:00;29,28
2018-03-29 04:15:00;28,88
2018-03-29 04:30:00;28,68
2018-03-29 04:45:00;28,52
2018-03-29 05:00:00;28,12
2018-03-29 05:15:00;29,16
2018-03-29 05:30:00;33,48
2018-03-29 05:45:00;33,68
2018-03-29 06:00:00;46,48
2018-03-29 06:15:00;88,60
2018-03-29 06:30:00;95,44
2018-03-29 06:45:00;98,36
2018-03-29 07:00:00;105,12
2018-03-29 07:15:00;108,72
2018-03-29 07:30:00;109,80
2018-03-29 07:45:00;122,36
2018-03-29 08:00:00;120,08
2018-03-29 08:15:00;104,84
2018-03-29 08:30:00;115,52
2018-03-29 08:45:00;115,52
2018-03-29 09:00:00;115,24
2018-03-29 09:15:00;126,60
2018-03-29 09:30:00;115,04
2018-03-29 09:45:00;119,40
2018-03-29 10:00:00;114,36
2018-03-29 10:15:00;121,08
2018-03-29 10:30:00;123,88
2018-03-29 10:45:00;142,76
2018-03-29 11:00:00;133,48
2018-03-29 11:15:00;96,40
2018-03-29 11:30:00;88,96
2018-03-29 11:45:00;106,84
2018-03-29 12:00:00;119,76
2018-03-29 12:15:00;123,52
2018-03-29 12:30:00;117,72
2018-03-29 12:45:00;131,56
2018-03-29 13:00:00;114,36
2018-03-29 13:15:00;110,00
2018-03-29 13:30:00;122,96
2018-03-29 13:45:00;124,28
2018-03-29 14:00:00;118,52
2018-03-29 14:15:00;113,28
2018-03-29 14:30:00;101,08
2018-03-29 14:45:00;101,52
2018-03-29 15:00:00;103,04
2018-03-29 15:15:00;93,56
2018-03-29 15:30:00;96,96
2018-03-29 15:45:00;90,24
2018-03-29 16:00:00;82,40
2018-03-29 16:15:00;56,08
2018-03-29 16:30:00;55,36
2018-03-29 16:45:00;43,20
2018-03-29 17:00:00;44,60
2018-03-29 17:15:00;41,56
2018-03-29 17:30:00;40,92
2018-03-29 17:45:00;42,08
2018-03-29 18:00:00;43,72
2018-03-29 18:15:00;38,84
2018-03-29 18:30:00;38,64
2018-03-29 18:45:00;42,28
2018-03-29 19:00:00;43,56
2018-03-29 19:15:00;39,68
2018-03-29 19:30:00;42,00
2018-03-29 19:45:00;45,20
2018-03-29 20:00:00;44,32
2018-03-29 20:15:00;41,84
2018-03-29 20:30:00;42,92
2018-03-29 20:45:00;43,32
2018-03-29 21:00:00;39,72
2018-03-29 21:15:00;35,48
2018-03-29 21:30:00;37,64
2018-03-29 21:45:00;39,52
2018-03-29 22:00:00;42,80
2018-03-29 22:15:00;40,36
2018-03-29 22:30:00;31,48
2018-03-29 22:45:00;33,52
2018-03-29 23:00:00;33,80
2018-03-29 23:15:00;31,12
2018-03-29 23:30:00;29,20
2018-03-29 23:45:00;31,08
2018-03-30 00:00:00;31,12
2018-03-30 00:15:00;28,36
2018-03-30 00:30:00;29,16
2018-03-30 00:45:00;30,96
2018-03-30 01:00:00;30,88
2018-03-30 01:15:00;29,44
2018-03-30 01:30:00;29,52
2018-03-30 01:45:00;30,24
2018-03-30 02:00:00;28,88
2018-03-30 02:15:00;27,20
2018-03-30 02:30:00;26,96
2018-03-30 02:45:00;28,44
2018-03-30 03:00:00;27,32
2018-03-30 03:15:00;26,08
2018-03-30 03:30:00;25,32
2018-03-30 03:45:00;26,72
2018-03-30 04:00:00;26,08
2018-03-30 04:15:00;24,84
2018-03-30 04:30:00;23,68
2018-03-30 04:45:00;25,08
2018-03-30 05:00:00;25,52
2018-03-30 05:15:00;25,08
2018-03-30 05:30:00;26,56
2018-03-30 05:45:00;26,88
2018-03-30 06:00:00;28,40
2018-03-30 06:15:00;26,84
2018-03-30 06:30:00;25,68
2018-03-30 06:45:00;26,92
2018-03-30 07:00:00;27,76
2018-03-30 07:15:00;24,76
2018-03-30 07:30:00;23,56
2018-03-30 07:45:00;26,20
2018-03-30 08:00:00;25,36
2018-03-30 08:15:00;22,60
2018-03-30 08:30:00;23,96
2018-03-30 08:45:00;23,16
2018-03-30 09:00:00;25,56
2018-03-30 09:15:00;24,84
2018-03-30 09:30:00;28,04
2018-03-30 09:45:00;29,40
2018-03-30 10:00:00;31,08
2018-03-30 10:15:00;29,12
2018-03-30 10:30:00;29,24
2018-03-30 10:45:00;31,32
2018-03-30 11:00:00;33,72
2018-03-30 11:15:00;31,24
2018-03-30 11:30:00;30,12
2018-03-30 11:45:00;29,76
2018-03-30 12:00:00;29,52
2018-03-30 12:15:00;24,36
2018-03-30 12:30:00;24,64
2018-03-30 12:45:00;24,00
2018-03-30 13:00:00;25,96
2018-03-30 13:15:00;24,96
2018-03-30 13:30:00;22,80
2018-03-30 13:45:00;24,84
2018-03-30 14:00:00;25,32
2018-03-30 14:15:00;25,44
2018-03-30 14:30:00;23,16
2018-03-30 14:45:00;25,28
2018-03-30 15:00:00;25,60
2018-03-30 15:15:00;24,88
2018-03-30 15:30:00;23,04
2018-03-30 15:45:00;24,68
2018-03-30 16:00:00;23,04
2018-03-30 16:15:00;24,52
2018-03-30 16:30:00;23,24
2018-03-30 16:45:00;24,00
2018-03-30 17:00:00;23,40
2018-03-30 17:15:00;26,40
2018-03-30 17:30:00;22,88
2018-03-30 17:45:00;24,84
2018-03-30 18:00:00;23,44
2018-03-30 18:15:00;22,96
2018-03-30 18:30:00;23,00
2018-03-30 18:45:00;23,24
2018-03-30 19:00:00;23,32
2018-03-30 19:15:00;21,48
2018-03-30 19:30:00;20,20
2018-03-30 19:45:00;16,16
2018-03-30 20:00:00;15,76
2018-03-30 20:15:00;16,16
2018-03-30 20:30:00;14,48
2018-03-30 20:45:00;14,56
2018-03-30 21:00:00;14,72
2018-03-30 21:15:00;15,08
2018-03-30 21:30:00;14,92
2018-03-30 21:45:00;19,16
2018-03-30 22:00:00;19,16
2018-03-30 22:15:00;18,96
2018-03-30 22:30:00;19,36
2018-03-30 22:45:00;19,20
2018-03-30 23:00:00;19,92
2018-03-30 23:15:00;19,08
2018-03-30 23:30:00;18,96
2018-03-30 23:45:00;18,64
2018-03-31 00:00:00;18,56
2018-03-31 00:15:00;18,40
2018-03-31 00:30:00;19,12
2018-03-31 00:45:00;19,04
2018-03-31 01:00:00;19,16
2018-03-31 01:15:00;18,52
2018-03-31 01:30:00;18,76
2018-03-31 01:45:00;17,96
2018-03-31 02:00:00;16,92
2018-03-31 02:15:00;17,24
2018-03-31 02:30:00;17,00
2018-03-31 02:45:00;15,84
2018-03-31 03:00:00;15,24
2018-03-31 03:15:00;15,20
2018-03-31 03:30:00;15,60
2018-03-31 03:45:00;15,64
2018-03-31 04:00:00;15,72
2018-03-31 04:15:00;16,12
2018-03-31 04:30:00;15,72
2018-03-31 04:45:00;15,48
2018-03-31 05:00:00;15,28
2018-03-31 05:15:00;15,36
2018-03-31 05:30:00;15,36
2018-03-31 05:45:00;15,40
2018-03-31 06:00:00;21,64
2018-03-31 06:15:00;19,24
2018-03-31 06:30:00;19,24
2018-03-31 06:45:00;19,64
2018-03-31 07:00:00;19,36
2018-03-31 07:15:00;17,76
2018-03-31 07:30:00;17,24
2018-03-31 07:45:00;17,96
2018-03-31 08:00:00;17,52
2018-03-31 08:15:00;17,52
2018-03-31 08:30:00;17,68
2018-03-31 08:45:00;17,64
2018-03-31 09:00:00;17,20
2018-03-31 09:15:00;18,72
2018-03-31 09:30:00;24,00
2018-03-31 09:45:00;24,40
2018-03-31 10:00:00;26,12
2018-03-31 10:15:00;27,28
2018-03-31 10:30:00;25,40
2018-03-31 10:45:00;26,32
2018-03-31 11:00:00;26,48
2018-03-31 11:15:00;25,00
2018-03-31 11:30:00;25,88
2018-03-31 11:45:00;23,80
2018-03-31 12:00:00;23,08
2018-03-31 12:15:00;22,32
2018-03-31 12:30:00;21,96
2018-03-31 12:45:00;22,00
2018-03-31 13:00:00;21,64
2018-03-31 13:15:00;21,84
2018-03-31 13:30:00;23,48
2018-03-31 13:45:00;20,72
2018-03-31 14:00:00;22,60
2018-03-31 14:15:00;21,68
2018-03-31 14:30:00;21,20
2018-03-31 14:45:00;20,72
2018-03-31 15:00:00;20,12
2018-03-31 15:15:00;21,20
2018-03-31 15:30:00;26,08
2018-03-31 15:45:00;30,96
2018-03-31 16:00:00;28,72
2018-03-31 16:15:00;30,12
2018-03-31 16:30:00;30,04
2018-03-31 16:45:00;30,12
2018-03-31 17:00:00;32,12
2018-03-31 17:15:00;33,00
2018-03-31 17:30:00;32,16
2018-03-31 17:45:00;33,76
2018-03-31 18:00:00;33,56
2018-03-31 18:15:00;34,04
2018-03-31 18:30:00;31,64
2018-03-31 18:45:00;33,64
2018-03-31 19:00:00;30,76
2018-03-31 19:15:00;29,48
2018-03-31 19:30:00;30,76
2018-03-31 19:45:00;29,80
2018-03-31 20:00:00;30,28
2018-03-31 20:15:00;31,00
2018-03-31 20:30:00;29,84
2018-03-31 20:45:00;29,84
2018-03-31 21:00:00;30,64
2018-03-31 21:15:00;30,72
2018-03-31 21:30:00;30,92
2018-03-31 21:45:00;34,76
2018-03-31 22:00:00;28,88
2018-03-31 22:15:00;27,28
2018-03-31 22:30:00;27,60
2018-03-31 22:45:00;27,08
2018-03-31 23:00:00;24,32
2018-03-31 23:15:00;25,24
2018-03-31 23:30:00;24,96
2018-03-31 23:45:00;24,48
2018-04-01 00:00:00;24,56
2018-04-01 00:15:00;24,72
2018-04-01 00:30:00;24,72
2018-04-01 00:45:00;23,84
2018-04-01 01:00:00;24,00
2018-04-01 01:15:00;24,48
2018-04-01 01:30:00;24,04
2018-04-01 01:45:00;23,72
2018-04-01 02:00:00;22,76
2018-04-01 02:15:00;22,36
2018-04-01 02:30:00;22,48
2018-04-01 02:45:00;22,28
2018-04-01 03:00:00;21,40
2018-04-01 03:15:00;20,92
2018-04-01 03:30:00;20,56
2018-04-01 03:45:00;21,20
2018-04-01 04:00:00;20,52
2018-04-01 04:15:00;20,72
2018-04-01 04:30:00;20,76
2018-04-01 04:45:00;20,84
2018-04-01 05:00:00;20,60
2018-04-01 05:15:00;20,32
2018-04-01 05:30:00;20,96
2018-04-01 05:45:00;20,52
2018-04-01 06:00:00;20,24
2018-04-01 06:15:00;20,00
2018-04-01 06:30:00;20,44
2018-04-01 06:45:00;19,76
2018-04-01 07:00:00;19,52
2018-04-01 07:15:00;18,36
2018-04-01 07:30:00;18,28
2018-04-01 07:45:00;18,16
2018-04-01 08:00:00;18,20
2018-04-01 08:15:00;18,72
2018-04-01 08:30:00;18,48
2018-04-01 08:45:00;18,08
2018-04-01 09:00:00;18,40
2018-04-01 09:15:00;18,92
2018-04-01 09:30:00;18,60
2018-04-01 09:45:00;18,24
2018-04-01 10:00:00;18,76
2018-04-01 10:15:00;20,48
2018-04-01 10:30:00;21,36
2018-04-01 10:45:00;21,56
2018-04-01 11:00:00;22,24
2018-04-01 11:15:00;20,36
2018-04-01 11:30:00;20,20
2018-04-01 11:45:00;21,32
2018-04-01 12:00:00;20,00
2018-04-01 12:15:00;18,24
2018-04-01 12:30:00;18,44
2018-04-01 12:45:00;18,68
2018-04-01 13:00:00;18,48
2018-04-01 13:15:00;18,04
2018-04-01 13:30:00;18,04
2018-04-01 13:45:00;18,48
2018-04-01 14:00:00;18,12
2018-04-01 14:15:00;18,48
2018-04-01 14:30:00;18,00
2018-04-01 14:45:00;18,80
2018-04-01 15:00:00;18,16
2018-04-01 15:15:00;20,08
2018-04-01 15:30:00;26,28
2018-04-01 15:45:00;27,16
2018-04-01 16:00:00;27,96
2018-04-01 16:15:00;29,08
2018-04-01 16:30:00;28,24
2018-04-01 16:45:00;29,04
2018-04-01 17:00:00;28,32
2018-04-01 17:15:00;28,68
2018-04-01 17:30:00;28,88
2018-04-01 17:45:00;29,08
2018-04-01 18:00:00;29,48
2018-04-01 18:15:00;28,68
2018-04-01 18:30:00;28,88
2018-04-01 18:45:00;28,44
2018-04-01 19:00:00;30,04
2018-04-01 19:15:00;31,32
2018-04-01 19:30:00;32,40
2018-04-01 19:45:00;31,04
2018-04-01 20:00:00;31,12
2018-04-01 20:15:00;30,56
2018-04-01 20:30:00;31,24
2018-04-01 20:45:00;31,24
2018-04-01 21:00:00;32,36
2018-04-01 21:15:00;30,72
2018-04-01 21:30:00;31,88
2018-04-01 21:45:00;34,08
2018-04-01 22:00:00;33,80
2018-04-01 22:15:00;35,88
2018-04-01 22:30:00;38,24
2018-04-01 22:45:00;38,00
2018-04-01 23:00:00;36,56
2018-04-01 23:15:00;35,92
2018-04-01 23:30:00;35,32
2018-04-01 23:45:00;36,12
2018-04-02 00:00:00;36,20
2018-04-02 00:15:00;35,92
2018-04-02 00:30:00;34,72
2018-04-02 00:45:00;35,92
2018-04-02 01:00:00;35,60
2018-04-02 01:15:00;35,32
2018-04-02 01:30:00;35,48
2018-04-02 01:45:00;36,44
2018-04-02 02:00:00;37,40
2018-04-02 02:15:00;36,40
2018-04-02 02:30:00;34,80
2018-04-02 02:45:00;33,88
2018-04-02 03:00:00;35,64
2018-04-02 03:15:00;33,48
2018-04-02 03:30:00;33,56
2018-04-02 03:45:00;33,28
2018-04-02 04:00:00;32,36
2018-04-02 04:15:00;31,92
2018-04-02 04:30:00;24,20
2018-04-02 04:45:00;25,48
2018-04-02 05:00:00;24,48
2018-04-02 05:15:00;22,88
2018-04-02 05:30:00;24,64
2018-04-02 05:45:00;24,40
2018-04-02 06:00:00;23,64
2018-04-02 06:15:00;24,28
2018-04-02 06:30:00;23,36
2018-04-02 06:45:00;22,96
2018-04-02 07:00:00;23,64
2018-04-02 07:15:00;21,64
2018-04-02 07:30:00;22,28
2018-04-02 07:45:00;21,24
2018-04-02 08:00:00;21,44
2018-04-02 08:15:00;22,36
2018-04-02 08:30:00;21,92
2018-04-02 08:45:00;21,68
2018-04-02 09:00:00;21,64
2018-04-02 09:15:00;21,56
2018-04-02 09:30:00;26,76
2018-04-02 09:45:00;26,60
2018-04-02 10:00:00;27,08
2018-04-02 10:15:00;26,88
2018-04-02 10:30:00;27,88
2018-04-02 10:45:00;26,28
2018-04-02 11:00:00;24,12
2018-04-02 11:15:00;24,76
2018-04-02 11:30:00;24,72
2018-04-02 11:45:00;24,20
2018-04-02 12:00:00;24,12
2018-04-02 12:15:00;23,72
2018-04-02 12:30:00;25,32
2018-04-02 12:45:00;23,80
2018-04-02 13:00:00;23,32
2018-04-02 13:15:00;25,36
2018-04-02 13:30:00;24,76
2018-04-02 13:45:00;23,12
2018-04-02 14:00:00;24,92
2018-04-02 14:15:00;24,08
2018-04-02 14:30:00;24,52
2018-04-02 14:45:00;25,24
2018-04-02 15:00:00;23,72
2018-04-02 15:15:00;24,64
2018-04-02 15:30:00;25,76
2018-04-02 15:45:00;23,36
2018-04-02 16:00:00;24,56
2018-04-02 16:15:00;24,68
2018-04-02 16:30:00;24,28
2018-04-02 16:45:00;25,08
2018-04-02 17:00:00;23,52
2018-04-02 17:15:00;24,72
2018-04-02 17:30:00;23,92
2018-04-02 17:45:00;22,52
2018-04-02 18:00:00;22,00
2018-04-02 18:15:00;23,28
2018-04-02 18:30:00;21,96
2018-04-02 18:45:00;22,92
2018-04-02 19:00:00;24,92
2018-04-02 19:15:00;30,24
2018-04-02 19:30:00;32,20
2018-04-02 19:45:00;34,60
2018-04-02 20:00:00;36,88
2018-04-02 20:15:00;33,56
2018-04-02 20:30:00;35,68
2018-04-02 20:45:00;34,96
2018-04-02 21:00:00;32,40
2018-04-02 21:15:00;35,80
2018-04-02 21:30:00;35,08
2018-04-02 21:45:00;37,32
2018-04-02 22:00:00;40,52
2018-04-02 22:15:00;36,96
2018-04-02 22:30:00;39,00
2018-04-02 22:45:00;39,72
2018-04-02 23:00:00;38,48
2018-04-02 23:15:00;38,88
2018-04-02 23:30:00;40,00
2018-04-02 23:45:00;38,56
2018-04-03 00:00:00;39,72
2018-04-03 00:15:00;39,64
2018-04-03 00:30:00;37,92
2018-04-03 00:45:00;39,36
2018-04-03 01:00:00;40,12
2018-04-03 01:15:00;37,80
2018-04-03 01:30:00;38,80
2018-04-03 01:45:00;31,04
2018-04-03 02:00:00;28,32
2018-04-03 02:15:00;28,12
2018-04-03 02:30:00;29,20
2018-04-03 02:45:00;25,52
2018-04-03 03:00:00;23,88
2018-04-03 03:15:00;24,88
2018-04-03 03:30:00;24,20
2018-04-03 03:45:00;24,24
2018-04-03 04:00:00;24,12
2018-04-03 04:15:00;24,04
2018-04-03 04:30:00;24,48
2018-04-03 04:45:00;24,56
2018-04-03 05:00:00;24,00
2018-04-03 05:15:00;24,68
2018-04-03 05:30:00;27,04
2018-04-03 05:45:00;26,84
2018-04-03 06:00:00;38,96
2018-04-03 06:15:00;70,60
2018-04-03 06:30:00;100,76
2018-04-03 06:45:00;96,92
2018-04-03 07:00:00;106,28
2018-04-03 07:15:00;102,36
2018-04-03 07:30:00;102,44
2018-04-03 07:45:00;112,88
2018-04-03 08:00:00;114,16
2018-04-03 08:15:00;101,24
2018-04-03 08:30:00;114,80
2018-04-03 08:45:00;132,76
2018-04-03 09:00:00;122,36
2018-04-03 09:15:00;110,32
2018-04-03 09:30:00;106,84
2018-04-03 09:45:00;123,40
2018-04-03 10:00:00;122,28
2018-04-03 10:15:00;119,20
2018-04-03 10:30:00;122,44
2018-04-03 10:45:00;122,76
2018-04-03 11:00:00;128,96
2018-04-03 11:15:00;109,40
2018-04-03 11:30:00;93,44
2018-04-03 11:45:00;107,64
2018-04-03 12:00:00;114,32
2018-04-03 12:15:00;118,36
2018-04-03 12:30:00;118,24
2018-04-03 12:45:00;115,76
2018-04-03 13:00:00;114,08
2018-04-03 13:15:00;111,36
2018-04-03 13:30:00;110,40
2018-04-03 13:45:00;121,56
2018-04-03 14:00:00;113,68
2018-04-03 14:15:00;115,84
2018-04-03 14:30:00;115,56
2018-04-03 14:45:00;108,44
2018-04-03 15:00:00;112,60
2018-04-03 15:15:00;114,64
2018-04-03 15:30:00;110,12
2018-04-03 15:45:00;105,48
2018-04-03 16:00:00;95,12
2018-04-03 16:15:00;71,12
2018-04-03 16:30:00;73,40
2018-04-03 16:45:00;70,16
2018-04-03 17:00:00;54,28
2018-04-03 17:15:00;45,72
2018-04-03 17:30:00;46,36
2018-04-03 17:45:00;45,00
2018-04-03 18:00:00;42,40
2018-04-03 18:15:00;43,44
2018-04-03 18:30:00;44,16
2018-04-03 18:45:00;45,52
2018-04-03 19:00:00;43,36
2018-04-03 19:15:00;43,00
2018-04-03 19:30:00;45,88
2018-04-03 19:45:00;44,08
2018-04-03 20:00:00;44,12
2018-04-03 20:15:00;42,56
2018-04-03 20:30:00;45,96
2018-04-03 20:45:00;43,96
2018-04-03 21:00:00;42,60
2018-04-03 21:15:00;43,76
2018-04-03 21:30:00;46,12
2018-04-03 21:45:00;47,92
2018-04-03 22:00:00;46,68
2018-04-03 22:15:00;48,76
2018-04-03 22:30:00;42,00
2018-04-03 22:45:00;38,84
2018-04-03 23:00:00;38,44
2018-04-03 23:15:00;41,92
2018-04-03 23:30:00;39,64
2018-04-03 23:45:00;39,28
2018-04-04 00:00:00;38,12
2018-04-04 00:15:00;36,60
2018-04-04 00:30:00;34,20
2018-04-04 00:45:00;35,40
2018-04-04 01:00:00;34,36
2018-04-04 01:15:00;30,24
2018-04-04 01:30:00;32,52
2018-04-04 01:45:00;32,28
2018-04-04 02:00:00;30,76
2018-04-04 02:15:00;28,84
2018-04-04 02:30:00;29,88
2018-04-04 02:45:00;27,88
2018-04-04 03:00:00;29,32
2018-04-04 03:15:00;28,36
2018-04-04 03:30:00;29,12
2018-04-04 03:45:00;28,60
2018-04-04 04:00:00;28,76
2018-04-04 04:15:00;28,80
2018-04-04 04:30:00;28,88
2018-04-04 04:45:00;29,08
2018-04-04 05:00:00;29,36
2018-04-04 05:15:00;28,20
2018-04-04 05:30:00;33,20
2018-04-04 05:45:00;42,12
2018-04-04 06:00:00;50,92
2018-04-04 06:15:00;86,60
2018-04-04 06:30:00;97,80
2018-04-04 06:45:00;100,04
2018-04-04 07:00:00;103,84
2018-04-04 07:15:00;106,28
2018-04-04 07:30:00;99,88
2018-04-04 07:45:00;111,08
2018-04-04 08:00:00;118,08
2018-04-04 08:15:00;106,72
2018-04-04 08:30:00;111,92
2018-04-04 08:45:00;123,08
2018-04-04 09:00:00;114,76
2018-04-04 09:15:00;115,92
2018-04-04 09:30:00;123,96
2018-04-04 09:45:00;115,12
2018-04-04 10:00:00;115,64
2018-04-04 10:15:00;120,68
2018-04-04 10:30:00;112,80
2018-04-04 10:45:00;116,52
2018-04-04 11:00:00;113,36
2018-04-04 11:15:00;101,84
2018-04-04 11:30:00;93,36
2018-04-04 11:45:00;96,36
2018-04-04 12:00:00;98,52
2018-04-04 12:15:00;101,96
2018-04-04 12:30:00;104,40
2018-04-04 12:45:00;97,44
2018-04-04 13:00:00;99,44
2018-04-04 13:15:00;107,60
2018-04-04 13:30:00;117,84
2018-04-04 13:45:00;109,88
2018-04-04 14:00:00;107,80
2018-04-04 14:15:00;105,48
2018-04-04 14:30:00;108,92
2018-04-04 14:45:00;109,56
2018-04-04 15:00:00;110,96
2018-04-04 15:15:00;105,24
2018-04-04 15:30:00;110,68
2018-04-04 15:45:00;98,28
2018-04-04 16:00:00;93,08
2018-04-04 16:15:00;79,88
2018-04-04 16:30:00;75,24
2018-04-04 16:45:00;69,04
2018-04-04 17:00:00;67,32
2018-04-04 17:15:00;64,48
2018-04-04 17:30:00;56,72
2018-04-04 17:45:00;58,84
2018-04-04 18:00:00;54,76
2018-04-04 18:15:00;50,76
2018-04-04 18:30:00;49,48
2018-04-04 18:45:00;42,64
2018-04-04 19:00:00;41,96
2018-04-04 19:15:00;41,00
2018-04-04 19:30:00;41,32
2018-04-04 19:45:00;44,36
2018-04-04 20:00:00;41,80
2018-04-04 20:15:00;40,60
2018-04-04 20:30:00;41,32
2018-04-04 20:45:00;40,68
2018-04-04 21:00:00;45,08
2018-04-04 21:15:00;44,64
2018-04-04 21:30:00;45,12
2018-04-04 21:45:00;47,68
2018-04-04 22:00:00;49,72
2018-04-04 22:15:00;48,20
2018-04-04 22:30:00;48,48
2018-04-04 22:45:00;47,60
2018-04-04 23:00:00;47,60
2018-04-04 23:15:00;49,04
2018-04-04 23:30:00;44,36
2018-04-04 23:45:00;40,52
2018-04-05 00:00:00;39,48
2018-04-05 00:15:00;40,20
2018-04-05 00:30:00;37,12
2018-04-05 00:45:00;34,48
2018-04-05 01:00:00;36,04
2018-04-05 01:15:00;37,12
2018-04-05 01:30:00;34,92
2018-04-05 01:45:00;34,16
2018-04-05 02:00:00;32,80
2018-04-05 02:15:00;33,88
2018-04-05 02:30:00;33,08
2018-04-05 02:45:00;33,44
2018-04-05 03:00:00;31,04
2018-04-05 03:15:00;32,92
2018-04-05 03:30:00;33,04
2018-04-05 03:45:00;33,04
2018-04-05 04:00:00;32,32
2018-04-05 04:15:00;30,92
2018-04-05 04:30:00;33,36
2018-04-05 04:45:00;33,04
2018-04-05 05:00:00;31,88
2018-04-05 05:15:00;29,80
2018-04-05 05:30:00;36,12
2018-04-05 05:45:00;34,32
2018-04-05 06:00:00;47,32
2018-04-05 06:15:00;89,60
2018-04-05 06:30:00;113,80
2018-04-05 06:45:00;114,00
2018-04-05 07:00:00;114,48
2018-04-05 07:15:00;126,48
2018-04-05 07:30:00;127,28
2018-04-05 07:45:00;123,48
2018-04-05 08:00:00;125,88
2018-04-05 08:15:00;123,36
2018-04-05 08:30:00;131,32
2018-04-05 08:45:00;133,48
2018-04-05 09:00:00;131,44
2018-04-05 09:15:00;137,72
2018-04-05 09:30:00;141,04
2018-04-05 09:45:00;144,40
2018-04-05 10:00:00;147,80
2018-04-05 10:15:00;152,72
2018-04-05 10:30:00;148,60
2018-04-05 10:45:00;143,16
2018-04-05 11:00:00;137,40
2018-04-05 11:15:00;118,64
2018-04-05 11:30:00;114,44
2018-04-05 11:45:00;121,40
2018-04-05 12:00:00;136,64
2018-04-05 12:15:00;126,64
2018-04-05 12:30:00;110,80
2018-04-05 12:45:00;109,24
2018-04-05 13:00:00;110,36
2018-04-05 13:15:00;116,84
2018-04-05 13:30:00;119,56
2018-04-05 13:45:00;121,16
2018-04-05 14:00:00;117,40
2018-04-05 14:15:00;103,64
2018-04-05 14:30:00;105,88
2018-04-05 14:45:00;115,20
2018-04-05 15:00:00;112,24
2018-04-05 15:15:00;117,12
2018-04-05 15:30:00;108,44
2018-04-05 15:45:00;100,20
2018-04-05 16:00:00;97,68
2018-04-05 16:15:00;80,56
2018-04-05 16:30:00;70,12
2018-04-05 16:45:00;67,44
2018-04-05 17:00:00;54,84
2018-04-05 17:15:00;51,32
2018-04-05 17:30:00;48,00
2018-04-05 17:45:00;45,36
2018-04-05 18:00:00;43,56
2018-04-05 18:15:00;50,60
2018-04-05 18:30:00;60,92
2018-04-05 18:45:00;57,40
2018-04-05 19:00:00;52,76
2018-04-05 19:15:00;39,96
2018-04-05 19:30:00;39,44
2018-04-05 19:45:00;39,36
2018-04-05 20:00:00;38,56
2018-04-05 20:15:00;37,92
2018-04-05 20:30:00;38,08
2018-04-05 20:45:00;38,52
2018-04-05 21:00:00;33,84
2018-04-05 21:15:00;28,24
2018-04-05 21:30:00;31,56
2018-04-05 21:45:00;33,32
2018-04-05 22:00:00;31,68
2018-04-05 22:15:00;31,08
2018-04-05 22:30:00;31,04
2018-04-05 22:45:00;30,36
2018-04-05 23:00:00;31,84
2018-04-05 23:15:00;30,20
2018-04-05 23:30:00;30,64
2018-04-05 23:45:00;31,20
2018-04-06 00:00:00;30,04
2018-04-06 00:15:00;31,72
2018-04-06 00:30:00;29,76
2018-04-06 00:45:00;30,76
2018-04-06 01:00:00;31,16
2018-04-06 01:15:00;30,12
2018-04-06 01:30:00;30,28
2018-04-06 01:45:00;28,44
2018-04-06 02:00:00;28,80
2018-04-06 02:15:00;28,00
2018-04-06 02:30:00;26,40
2018-04-06 02:45:00;25,92
2018-04-06 03:00:00;27,40
2018-04-06 03:15:00;26,36
2018-04-06 03:30:00;26,48
2018-04-06 03:45:00;26,84
2018-04-06 04:00:00;27,28
2018-04-06 04:15:00;26,44
2018-04-06 04:30:00;26,92
2018-04-06 04:45:00;26,72
2018-04-06 05:00:00;26,36
2018-04-06 05:15:00;27,08
2018-04-06 05:30:00;27,56
2018-04-06 05:45:00;28,56
2018-04-06 06:00:00;33,80
2018-04-06 06:15:00;74,20
2018-04-06 06:30:00;97,52
2018-04-06 06:45:00;110,96
2018-04-06 07:00:00;118,88
2018-04-06 07:15:00;117,04
2018-04-06 07:30:00;112,56
2018-04-06 07:45:00;121,72
2018-04-06 08:00:00;117,96
2018-04-06 08:15:00;108,72
2018-04-06 08:30:00;118,32
2018-04-06 08:45:00;124,44
2018-04-06 09:00:00;134,20
2018-04-06 09:15:00;134,80
2018-04-06 09:30:00;139,20
2018-04-06 09:45:00;137,68
2018-04-06 10:00:00;134,12
2018-04-06 10:15:00;143,76
2018-04-06 10:30:00;142,84
2018-04-06 10:45:00;146,08
2018-04-06 11:00:00;139,00
2018-04-06 11:15:00;137,12
2018-04-06 11:30:00;122,56
2018-04-06 11:45:00;122,88
2018-04-06 12:00:00;129,32
2018-04-06 12:15:00;141,24
2018-04-06 12:30:00;139,56
2018-04-06 12:45:00;143,72
2018-04-06 13:00:00;141,80
2018-04-06 13:15:00;139,68
2018-04-06 13:30:00;147,52
2018-04-06 13:45:00;138,96
2018-04-06 14:00:00;126,92
2018-04-06 14:15:00;101,60
2018-04-06 14:30:00;64,20
2018-04-06 14:45:00;55,80
2018-04-06 15:00:00;47,16
2018-04-06 15:15:00;48,48
2018-04-06 15:30:00;48,32
2018-04-06 15:45:00;44,16
2018-04-06 16:00:00;41,64
2018-04-06 16:15:00;36,36
2018-04-06 16:30:00;39,00
2018-04-06 16:45:00;39,88
2018-04-06 17:00:00;39,24
2018-04-06 17:15:00;39,00
2018-04-06 17:30:00;36,80
2018-04-06 17:45:00;37,68
2018-04-06 18:00:00;41,40
2018-04-06 18:15:00;41,28
2018-04-06 18:30:00;42,28
2018-04-06 18:45:00;40,16
2018-04-06 19:00:00;37,12
2018-04-06 19:15:00;36,04
2018-04-06 19:30:00;30,68
2018-04-06 19:45:00;30,40
2018-04-06 20:00:00;29,32
2018-04-06 20:15:00;29,44
2018-04-06 20:30:00;29,80
2018-04-06 20:45:00;28,96
2018-04-06 21:00:00;29,92
2018-04-06 21:15:00;30,88
2018-04-06 21:30:00;30,96
2018-04-06 21:45:00;34,32
2018-04-06 22:00:00;33,64
2018-04-06 22:15:00;34,16
2018-04-06 22:30:00;35,56
2018-04-06 22:45:00;33,24
2018-04-06 23:00:00;30,72
2018-04-06 23:15:00;32,28
2018-04-06 23:30:00;28,96
2018-04-06 23:45:00;31,04
2018-04-07 00:00:00;31,52
2018-04-07 00:15:00;29,08
2018-04-07 00:30:00;32,24
2018-04-07 00:45:00;29,32
2018-04-07 01:00:00;29,44
2018-04-07 01:15:00;30,96
2018-04-07 01:30:00;28,52
2018-04-07 01:45:00;29,76
2018-04-07 02:00:00;28,32
2018-04-07 02:15:00;27,84
2018-04-07 02:30:00;29,04
2018-04-07 02:45:00;24,60
2018-04-07 03:00:00;28,52
2018-04-07 03:15:00;26,92
2018-04-07 03:30:00;25,24
2018-04-07 03:45:00;28,68
2018-04-07 04:00:00;24,68
2018-04-07 04:15:00;27,96
2018-04-07 04:30:00;27,60
2018-04-07 04:45:00;25,64
2018-04-07 05:00:00;27,44
2018-04-07 05:15:00;25,28
2018-04-07 05:30:00;28,04
2018-04-07 05:45:00;26,32
2018-04-07 06:00:00;27,00
2018-04-07 06:15:00;30,60
2018-04-07 06:30:00;29,76
2018-04-07 06:45:00;29,04
2018-04-07 07:00:00;29,92
2018-04-07 07:15:00;30,12
2018-04-07 07:30:00;36,60
2018-04-07 07:45:00;41,64
2018-04-07 08:00:00;40,12
2018-04-07 08:15:00;43,00
2018-04-07 08:30:00;40,84
2018-04-07 08:45:00;42,60
2018-04-07 09:00:00;42,92
2018-04-07 09:15:00;42,00
2018-04-07 09:30:00;43,00
2018-04-07 09:45:00;37,96
2018-04-07 10:00:00;35,24
2018-04-07 10:15:00;34,56
2018-04-07 10:30:00;32,52
2018-04-07 10:45:00;34,08
2018-04-07 11:00:00;35,68
2018-04-07 11:15:00;32,80
2018-04-07 11:30:00;33,72
2018-04-07 11:45:00;33,68
2018-04-07 12:00:00;33,20
2018-04-07 12:15:00;31,32
2018-04-07 12:30:00;32,12
2018-04-07 12:45:00;33,08
2018-04-07 13:00:00;32,52
2018-04-07 13:15:00;30,88
2018-04-07 13:30:00;31,16
2018-04-07 13:45:00;30,72
2018-04-07 14:00:00;31,20
2018-04-07 14:15:00;29,60
2018-04-07 14:30:00;30,00
2018-04-07 14:45:00;32,80
2018-04-07 15:00:00;33,40
2018-04-07 15:15:00;30,76
2018-04-07 15:30:00;31,64
2018-04-07 15:45:00;30,32
2018-04-07 16:00:00;30,56
2018-04-07 16:15:00;28,64
2018-04-07 16:30:00;34,68
2018-04-07 16:45:00;43,56
2018-04-07 17:00:00;46,72
2018-04-07 17:15:00;44,72
2018-04-07 17:30:00;44,64
2018-04-07 17:45:00;43,04
2018-04-07 18:00:00;46,28
2018-04-07 18:15:00;48,56
2018-04-07 18:30:00;49,12
2018-04-07 18:45:00;47,76
2018-04-07 19:00:00;43,68
2018-04-07 19:15:00;46,00
2018-04-07 19:30:00;33,48
2018-04-07 19:45:00;29,24
2018-04-07 20:00:00;32,76
2018-04-07 20:15:00;32,16
2018-04-07 20:30:00;30,24
2018-04-07 20:45:00;33,36
2018-04-07 21:00:00;30,80
2018-04-07 21:15:00;32,44
2018-04-07 21:30:00;33,44
2018-04-07 21:45:00;32,04
2018-04-07 22:00:00;32,24
2018-04-07 22:15:00;30,56
2018-04-07 22:30:00;30,64
2018-04-07 22:45:00;31,28
2018-04-07 23:00:00;31,00
2018-04-07 23:15:00;30,08
2018-04-07 23:30:00;31,76
2018-04-07 23:45:00;30,48
2018-04-08 00:00:00;31,84
2018-04-08 00:15:00;30,20
2018-04-08 00:30:00;31,72
2018-04-08 00:45:00;30,52
2018-04-08 01:00:00;30,28
2018-04-08 01:15:00;30,20
2018-04-08 01:30:00;28,68
2018-04-08 01:45:00;28,60
2018-04-08 02:00:00;31,16
2018-04-08 02:15:00;26,56
2018-04-08 02:30:00;28,96
2018-04-08 02:45:00;27,12
2018-04-08 03:00:00;26,56
2018-04-08 03:15:00;29,32
2018-04-08 03:30:00;25,24
2018-04-08 03:45:00;28,64
2018-04-08 04:00:00;27,04
2018-04-08 04:15:00;25,68
2018-04-08 04:30:00;28,28
2018-04-08 04:45:00;25,88
2018-04-08 05:00:00;25,44
2018-04-08 05:15:00;26,28
2018-04-08 05:30:00;25,20
2018-04-08 05:45:00;26,92
2018-04-08 06:00:00;25,52
2018-04-08 06:15:00;26,92
2018-04-08 06:30:00;27,12
2018-04-08 06:45:00;24,80
2018-04-08 07:00:00;28,56
2018-04-08 07:15:00;22,52
2018-04-08 07:30:00;30,48
2018-04-08 07:45:00;27,64
2018-04-08 08:00:00;24,36
2018-04-08 08:15:00;27,60
2018-04-08 08:30:00;27,68
2018-04-08 08:45:00;30,00
2018-04-08 09:00:00;29,80
2018-04-08 09:15:00;29,00
2018-04-08 09:30:00;32,00
2018-04-08 09:45:00;32,04
2018-04-08 10:00:00;34,72
2018-04-08 10:15:00;29,60
2018-04-08 10:30:00;26,24
2018-04-08 10:45:00;28,72
2018-04-08 11:00:00;26,84
2018-04-08 11:15:00;25,56
2018-04-08 11:30:00;25,88
2018-04-08 11:45:00;25,00
2018-04-08 12:00:00;25,68
2018-04-08 12:15:00;25,76
2018-04-08 12:30:00;24,56
2018-04-08 12:45:00;33,72
2018-04-08 13:00:00;40,96
2018-04-08 13:15:00;44,60
2018-04-08 13:30:00;39,24
2018-04-08 13:45:00;37,44
2018-04-08 14:00:00;38,80
2018-04-08 14:15:00;36,76
2018-04-08 14:30:00;36,04
2018-04-08 14:45:00;39,80
2018-04-08 15:00:00;35,16
2018-04-08 15:15:00;38,40
2018-04-08 15:30:00;38,24
2018-04-08 15:45:00;39,08
2018-04-08 16:00:00;39,76
2018-04-08 16:15:00;41,84
2018-04-08 16:30:00;38,76
2018-04-08 16:45:00;41,20
2018-04-08 17:00:00;38,84
2018-04-08 17:15:00;41,24
2018-04-08 17:30:00;41,24
2018-04-08 17:45:00;40,56
2018-04-08 18:00:00;44,72
2018-04-08 18:15:00;44,44
2018-04-08 18:30:00;46,52
2018-04-08 18:45:00;29,76
2018-04-08 19:00:00;25,88
2018-04-08 19:15:00;28,72
2018-04-08 19:30:00;27,80
2018-04-08 19:45:00;28,84
2018-04-08 20:00:00;27,32
2018-04-08 20:15:00;24,80
2018-04-08 20:30:00;27,12
2018-04-08 20:45:00;25,56
2018-04-08 21:00:00;26,80
2018-04-08 21:15:00;25,84
2018-04-08 21:30:00;28,08
2018-04-08 21:45:00;30,88
2018-04-08 22:00:00;31,60
2018-04-08 22:15:00;30,28
2018-04-08 22:30:00;31,84
2018-04-08 22:45:00;28,68
2018-04-08 23:00:00;32,80
2018-04-08 23:15:00;31,72
2018-04-08 23:30:00;29,40
2018-04-08 23:45:00;32,56
2018-04-09 00:00:00;31,76
2018-04-09 00:15:00;31,80
2018-04-09 00:30:00;31,60
2018-04-09 00:45:00;30,08
2018-04-09 01:00:00;31,92
2018-04-09 01:15:00;29,92
2018-04-09 01:30:00;28,44
2018-04-09 01:45:00;30,16
2018-04-09 02:00:00;27,56
2018-04-09 02:15:00;28,00
2018-04-09 02:30:00;27,04
2018-04-09 02:45:00;26,76
2018-04-09 03:00:00;28,56
2018-04-09 03:15:00;26,44
2018-04-09 03:30:00;27,56
2018-04-09 03:45:00;27,88
2018-04-09 04:00:00;26,28
2018-04-09 04:15:00;28,40
2018-04-09 04:30:00;26,08
2018-04-09 04:45:00;27,64
2018-04-09 05:00:00;28,44
2018-04-09 05:15:00;26,08
2018-04-09 05:30:00;38,08
2018-04-09 05:45:00;37,64
2018-04-09 06:00:00;49,88
2018-04-09 06:15:00;83,64
2018-04-09 06:30:00;98,44
2018-04-09 06:45:00;97,52
2018-04-09 07:00:00;97,20
2018-04-09 07:15:00;99,32
2018-04-09 07:30:00;113,04
2018-04-09 07:45:00;119,88
2018-04-09 08:00:00;118,36
2018-04-09 08:15:00;102,64
2018-04-09 08:30:00;107,44
2018-04-09 08:45:00;116,04
2018-04-09 09:00:00;124,00
2018-04-09 09:15:00;127,84
2018-04-09 09:30:00;119,56
2018-04-09 09:45:00;124,16
2018-04-09 10:00:00;126,32
2018-04-09 10:15:00;125,08
2018-04-09 10:30:00;132,68
2018-04-09 10:45:00;132,48
2018-04-09 11:00:00;123,04
2018-04-09 11:15:00;106,92
2018-04-09 11:30:00;105,28
2018-04-09 11:45:00;114,72
2018-04-09 12:00:00;120,76
2018-04-09 12:15:00;123,08
2018-04-09 12:30:00;128,36
2018-04-09 12:45:00;130,04
2018-04-09 13:00:00;112,60
2018-04-09 13:15:00;113,20
2018-04-09 13:30:00;110,72
2018-04-09 13:45:00;112,92
2018-04-09 14:00:00;107,88
2018-04-09 14:15:00;110,16
2018-04-09 14:30:00;119,44
2018-04-09 14:45:00;113,04
2018-04-09 15:00:00;113,04
2018-04-09 15:15:00;120,64
2018-04-09 15:30:00;111,76
2018-04-09 15:45:00;110,24
2018-04-09 16:00:00;94,64
2018-04-09 16:15:00;72,72
2018-04-09 16:30:00;63,68
2018-04-09 16:45:00;49,88
2018-04-09 17:00:00;43,88
2018-04-09 17:15:00;37,28
2018-04-09 17:30:00;33,08
2018-04-09 17:45:00;33,32
2018-04-09 18:00:00;29,68
2018-04-09 18:15:00;28,60
2018-04-09 18:30:00;29,16
2018-04-09 18:45:00;28,80
2018-04-09 19:00:00;30,08
2018-04-09 19:15:00;31,48
2018-04-09 19:30:00;34,44
2018-04-09 19:45:00;32,12
2018-04-09 20:00:00;32,28
2018-04-09 20:15:00;32,84
2018-04-09 20:30:00;31,12
2018-04-09 20:45:00;31,68
2018-04-09 21:00:00;32,40
2018-04-09 21:15:00;31,44
2018-04-09 21:30:00;31,76
2018-04-09 21:45:00;37,56
2018-04-09 22:00:00;36,00
2018-04-09 22:15:00;37,28
2018-04-09 22:30:00;36,16
2018-04-09 22:45:00;35,88
2018-04-09 23:00:00;37,12
2018-04-09 23:15:00;36,64
2018-04-09 23:30:00;35,84
2018-04-09 23:45:00;36,12
2018-04-10 00:00:00;36,20
2018-04-10 00:15:00;35,20
2018-04-10 00:30:00;36,08
2018-04-10 00:45:00;36,04
2018-04-10 01:00:00;36,08
2018-04-10 01:15:00;35,80
2018-04-10 01:30:00;34,96
2018-04-10 01:45:00;33,56
2018-04-10 02:00:00;33,76
2018-04-10 02:15:00;34,88
2018-04-10 02:30:00;31,76
2018-04-10 02:45:00;32,04
2018-04-10 03:00:00;31,96
2018-04-10 03:15:00;33,52
2018-04-10 03:30:00;30,44
2018-04-10 03:45:00;32,20
2018-04-10 04:00:00;32,04
2018-04-10 04:15:00;31,88
2018-04-10 04:30:00;32,28
2018-04-10 04:45:00;32,56
2018-04-10 05:00:00;32,08
2018-04-10 05:15:00;31,00
2018-04-10 05:30:00;35,52
2018-04-10 05:45:00;33,48
2018-04-10 06:00:00;46,56
2018-04-10 06:15:00;95,88
2018-04-10 06:30:00;103,52
2018-04-10 06:45:00;113,76
2018-04-10 07:00:00;115,64
2018-04-10 07:15:00;106,52
2018-04-10 07:30:00;111,56
2018-04-10 07:45:00;112,12
2018-04-10 08:00:00;113,04
2018-04-10 08:15:00;91,00
2018-04-10 08:30:00;102,48
2018-04-10 08:45:00;107,00
2018-04-10 09:00:00;114,20
2018-04-10 09:15:00;120,52
2018-04-10 09:30:00;123,44
2018-04-10 09:45:00;114,28
2018-04-10 10:00:00;114,52
2018-04-10 10:15:00;109,28
2018-04-10 10:30:00;114,76
2018-04-10 10:45:00;120,24
2018-04-10 11:00:00;116,64
2018-04-10 11:15:00;95,92
2018-04-10 11:30:00;93,60
2018-04-10 11:45:00;103,04
2018-04-10 12:00:00;106,56
2018-04-10 12:15:00;109,36
2018-04-10 12:30:00;126,96
2018-04-10 12:45:00;133,24
2018-04-10 13:00:00;133,36
2018-04-10 13:15:00;129,32
2018-04-10 13:30:00;132,80
2018-04-10 13:45:00;135,60
2018-04-10 14:00:00;125,24
2018-04-10 14:15:00;128,80
2018-04-10 14:30:00;134,28
2018-04-10 14:45:00;134,72
2018-04-10 15:00:00;137,00
2018-04-10 15:15:00;132,04
2018-04-10 15:30:00;128,32
2018-04-10 15:45:00;119,32
2018-04-10 16:00:00;112,12
2018-04-10 16:15:00;103,52
2018-04-10 16:30:00;97,20
2018-04-10 16:45:00;86,04
2018-04-10 17:00:00;74,92
2018-04-10 17:15:00;62,04
2018-04-10 17:30:00;59,16
2018-04-10 17:45:00;60,12
2018-04-10 18:00:00;56,12
2018-04-10 18:15:00;56,72
2018-04-10 18:30:00;63,92
2018-04-10 18:45:00;56,56
2018-04-10 19:00:00;59,80
2018-04-10 19:15:00;56,92
2018-04-10 19:30:00;64,52
2018-04-10 19:45:00;43,00
2018-04-10 20:00:00;36,80
2018-04-10 20:15:00;35,80
2018-04-10 20:30:00;37,04
2018-04-10 20:45:00;35,84
2018-04-10 21:00:00;36,76
2018-04-10 21:15:00;35,32
2018-04-10 21:30:00;37,76
2018-04-10 21:45:00;37,48
2018-04-10 22:00:00;37,04
2018-04-10 22:15:00;39,08
2018-04-10 22:30:00;38,48
2018-04-10 22:45:00;37,48
2018-04-10 23:00:00;37,64
2018-04-10 23:15:00;38,28
2018-04-10 23:30:00;37,60
2018-04-10 23:45:00;37,64
2018-04-11 00:00:00;38,20
2018-04-11 00:15:00;38,24
2018-04-11 00:30:00;37,12
2018-04-11 00:45:00;38,80
2018-04-11 01:00:00;37,48
2018-04-11 01:15:00;35,76
2018-04-11 01:30:00;36,84
2018-04-11 01:45:00;35,84
2018-04-11 02:00:00;35,36
2018-04-11 02:15:00;32,80
2018-04-11 02:30:00;33,00
2018-04-11 02:45:00;33,88
2018-04-11 03:00:00;32,56
2018-04-11 03:15:00;33,32
2018-04-11 03:30:00;32,88
2018-04-11 03:45:00;33,24
2018-04-11 04:00:00;31,52
2018-04-11 04:15:00;33,76
2018-04-11 04:30:00;33,24
2018-04-11 04:45:00;32,80
2018-04-11 05:00:00;33,24
2018-04-11 05:15:00;33,32
2018-04-11 05:30:00;34,48
2018-04-11 05:45:00;35,32
2018-04-11 06:00:00;52,52
2018-04-11 06:15:00;79,56
2018-04-11 06:30:00;97,80
2018-04-11 06:45:00;111,28
2018-04-11 07:00:00;111,44
2018-04-11 07:15:00;121,68
2018-04-11 07:30:00;128,32
2018-04-11 07:45:00;131,00
2018-04-11 08:00:00;131,28
2018-04-11 08:15:00;115,28
2018-04-11 08:30:00;128,20
2018-04-11 08:45:00;135,00
2018-04-11 09:00:00;142,44
2018-04-11 09:15:00;139,16
2018-04-11 09:30:00;134,84
2018-04-11 09:45:00;138,04
2018-04-11 10:00:00;138,12
2018-04-11 10:15:00;138,16
2018-04-11 10:30:00;134,84
2018-04-11 10:45:00;142,20
2018-04-11 11:00:00;131,60
2018-04-11 11:15:00;119,72
2018-04-11 11:30:00;121,40
2018-04-11 11:45:00;126,56
2018-04-11 12:00:00;131,44
2018-04-11 12:15:00;133,76
2018-04-11 12:30:00;135,80
2018-04-11 12:45:00;134,60
2018-04-11 13:00:00;129,76
2018-04-11 13:15:00;131,00
2018-04-11 13:30:00;137,52
2018-04-11 13:45:00;124,20
2018-04-11 14:00:00;130,72
2018-04-11 14:15:00;136,20
2018-04-11 14:30:00;137,76
2018-04-11 14:45:00;137,00
2018-04-11 15:00:00;151,44
2018-04-11 15:15:00;131,24
2018-04-11 15:30:00;110,92
2018-04-11 15:45:00;94,52
2018-04-11 16:00:00;87,60
2018-04-11 16:15:00;65,44
2018-04-11 16:30:00;65,56
2018-04-11 16:45:00;58,16
2018-04-11 17:00:00;53,32
2018-04-11 17:15:00;44,44
2018-04-11 17:30:00;38,84
2018-04-11 17:45:00;32,96
2018-04-11 18:00:00;34,84
2018-04-11 18:15:00;34,20
2018-04-11 18:30:00;31,00
2018-04-11 18:45:00;29,96
2018-04-11 19:00:00;29,60
2018-04-11 19:15:00;29,24
2018-04-11 19:30:00;27,20
2018-04-11 19:45:00;29,36
2018-04-11 20:00:00;28,32
2018-04-11 20:15:00;27,76
2018-04-11 20:30:00;27,92
2018-04-11 20:45:00;28,08
2018-04-11 21:00:00;28,24
2018-04-11 21:15:00;27,08
2018-04-11 21:30:00;30,12
2018-04-11 21:45:00;32,32
2018-04-11 22:00:00;32,36
2018-04-11 22:15:00;32,96
2018-04-11 22:30:00;32,36
2018-04-11 22:45:00;31,92
2018-04-11 23:00:00;33,04
2018-04-11 23:15:00;32,80
2018-04-11 23:30:00;31,80
2018-04-11 23:45:00;31,04
2018-04-12 00:00:00;32,24
2018-04-12 00:15:00;32,52
2018-04-12 00:30:00;31,68
2018-04-12 00:45:00;31,88
2018-04-12 01:00:00;32,44
2018-04-12 01:15:00;32,08
2018-04-12 01:30:00;29,24
2018-04-12 01:45:00;29,76
2018-04-12 02:00:00;30,28
2018-04-12 02:15:00;30,44
2018-04-12 02:30:00;27,64
2018-04-12 02:45:00;28,12
2018-04-12 03:00:00;28,16
2018-04-12 03:15:00;29,08
2018-04-12 03:30:00;27,84
2018-04-12 03:45:00;28,84
2018-04-12 04:00:00;27,56
2018-04-12 04:15:00;28,40
2018-04-12 04:30:00;28,28
2018-04-12 04:45:00;28,40
2018-04-12 05:00:00;28,76
2018-04-12 05:15:00;27,96
2018-04-12 05:30:00;30,84
2018-04-12 05:45:00;31,24
2018-04-12 06:00:00;44,44
2018-04-12 06:15:00;101,00
2018-04-12 06:30:00;123,36
2018-04-12 06:45:00;124,68
2018-04-12 07:00:00;122,56
2018-04-12 07:15:00;123,76
2018-04-12 07:30:00;114,44
2018-04-12 07:45:00;135,24
2018-04-12 08:00:00;134,04
2018-04-12 08:15:00;116,80
2018-04-12 08:30:00;129,76
2018-04-12 08:45:00;142,88
2018-04-12 09:00:00;135,60
2018-04-12 09:15:00;142,40
2018-04-12 09:30:00;139,80
2018-04-12 09:45:00;134,92
2018-04-12 10:00:00;136,88
2018-04-12 10:15:00;140,60
2018-04-12 10:30:00;140,60
2018-04-12 10:45:00;128,60
2018-04-12 11:00:00;132,00
2018-04-12 11:15:00;110,44
2018-04-12 11:30:00;105,60
2018-04-12 11:45:00;121,20
2018-04-12 12:00:00;144,44
2018-04-12 12:15:00;140,80
2018-04-12 12:30:00;143,64
2018-04-12 12:45:00;144,84
2018-04-12 13:00:00;145,00
2018-04-12 13:15:00;147,88
2018-04-12 13:30:00;145,72
2018-04-12 13:45:00;142,72
2018-04-12 14:00:00;128,52
2018-04-12 14:15:00;125,12
2018-04-12 14:30:00;119,16
2018-04-12 14:45:00;123,40
2018-04-12 15:00:00;115,44
2018-04-12 15:15:00;125,84
2018-04-12 15:30:00;117,24
2018-04-12 15:45:00;86,52
2018-04-12 16:00:00;82,00
2018-04-12 16:15:00;69,64
2018-04-12 16:30:00;65,36
2018-04-12 16:45:00;59,28
2018-04-12 17:00:00;48,88
2018-04-12 17:15:00;46,24
2018-04-12 17:30:00;50,80
2018-04-12 17:45:00;50,76
2018-04-12 18:00:00;44,16
2018-04-12 18:15:00;46,68
2018-04-12 18:30:00;39,28
2018-04-12 18:45:00;40,16
2018-04-12 19:00:00;39,20
2018-04-12 19:15:00;39,64
2018-04-12 19:30:00;34,28
2018-04-12 19:45:00;31,88
2018-04-12 20:00:00;31,12
2018-04-12 20:15:00;31,20
2018-04-12 20:30:00;31,32
2018-04-12 20:45:00;30,80
2018-04-12 21:00:00;31,12
2018-04-12 21:15:00;29,56
2018-04-12 21:30:00;28,44
2018-04-12 21:45:00;29,52
2018-04-12 22:00:00;28,36
2018-04-12 22:15:00;28,88
2018-04-12 22:30:00;28,56
2018-04-12 22:45:00;29,00
2018-04-12 23:00:00;28,00
2018-04-12 23:15:00;29,64
2018-04-12 23:30:00;27,80
2018-04-12 23:45:00;29,36
2018-04-13 00:00:00;28,24
2018-04-13 00:15:00;29,12
2018-04-13 00:30:00;27,64
2018-04-13 00:45:00;28,68
2018-04-13 01:00:00;28,72
2018-04-13 01:15:00;28,52
2018-04-13 01:30:00;27,88
2018-04-13 01:45:00;29,04
2018-04-13 02:00:00;27,88
2018-04-13 02:15:00;29,24
2018-04-13 02:30:00;28,16
2018-04-13 02:45:00;28,52
2018-04-13 03:00:00;27,76
2018-04-13 03:15:00;28,36
2018-04-13 03:30:00;28,88
2018-04-13 03:45:00;28,56
2018-04-13 04:00:00;27,76
2018-04-13 04:15:00;28,28
2018-04-13 04:30:00;28,28
2018-04-13 04:45:00;28,72
2018-04-13 05:00:00;28,36
2018-04-13 05:15:00;27,96
2018-04-13 05:30:00;30,08
2018-04-13 05:45:00;31,08
2018-04-13 06:00:00;37,64
2018-04-13 06:15:00;91,16
2018-04-13 06:30:00;111,40
2018-04-13 06:45:00;121,88
2018-04-13 07:00:00;115,56
2018-04-13 07:15:00;121,68
2018-04-13 07:30:00;132,68
2018-04-13 07:45:00;132,32
2018-04-13 08:00:00;125,72
2018-04-13 08:15:00;107,60
2018-04-13 08:30:00;126,52
2018-04-13 08:45:00;138,64
2018-04-13 09:00:00;131,76
2018-04-13 09:15:00;131,88
2018-04-13 09:30:00;125,16
2018-04-13 09:45:00;114,80
2018-04-13 10:00:00;121,96
2018-04-13 10:15:00;124,76
2018-04-13 10:30:00;134,00
2018-04-13 10:45:00;125,16
2018-04-13 11:00:00;124,00
2018-04-13 11:15:00;98,04
2018-04-13 11:30:00;87,28
2018-04-13 11:45:00;101,72
2018-04-13 12:00:00;107,44
2018-04-13 12:15:00;103,56
2018-04-13 12:30:00;106,08
2018-04-13 12:45:00;107,44
2018-04-13 13:00:00;120,84
2018-04-13 13:15:00;119,56
2018-04-13 13:30:00;102,64
2018-04-13 13:45:00;113,68
2018-04-13 14:00:00;100,40
2018-04-13 14:15:00;82,96
2018-04-13 14:30:00;56,28
2018-04-13 14:45:00;54,88
2018-04-13 15:00:00;51,96
2018-04-13 15:15:00;44,80
2018-04-13 15:30:00;37,52
2018-04-13 15:45:00;35,60
2018-04-13 16:00:00;35,56
2018-04-13 16:15:00;36,04
2018-04-13 16:30:00;35,36
2018-04-13 16:45:00;36,56
2018-04-13 17:00:00;35,64
2018-04-13 17:15:00;35,48
2018-04-13 17:30:00;35,84
2018-04-13 17:45:00;34,68
2018-04-13 18:00:00;31,52
2018-04-13 18:15:00;30,00
2018-04-13 18:30:00;35,24
2018-04-13 18:45:00;34,56
2018-04-13 19:00:00;35,12
2018-04-13 19:15:00;22,12
2018-04-13 19:30:00;21,92
2018-04-13 19:45:00;20,24
2018-04-13 20:00:00;21,28
2018-04-13 20:15:00;20,20
2018-04-13 20:30:00;21,84
2018-04-13 20:45:00;20,40
2018-04-13 21:00:00;21,28
2018-04-13 21:15:00;20,72
2018-04-13 21:30:00;22,16
2018-04-13 21:45:00;20,12
2018-04-13 22:00:00;21,28
2018-04-13 22:15:00;20,60
2018-04-13 22:30:00;21,48
2018-04-13 22:45:00;20,44
2018-04-13 23:00:00;21,16
2018-04-13 23:15:00;20,64
2018-04-13 23:30:00;21,20
2018-04-13 23:45:00;20,12
2018-04-14 00:00:00;21,20
2018-04-14 00:15:00;19,96
2018-04-14 00:30:00;21,52
2018-04-14 00:45:00;20,32
2018-04-14 01:00:00;20,88
2018-04-14 01:15:00;20,16
2018-04-14 01:30:00;21,60
2018-04-14 01:45:00;20,20
2018-04-14 02:00:00;20,52
2018-04-14 02:15:00;19,96
2018-04-14 02:30:00;20,48
2018-04-14 02:45:00;20,32
2018-04-14 03:00:00;20,76
2018-04-14 03:15:00;19,84
2018-04-14 03:30:00;21,24
2018-04-14 03:45:00;20,72
2018-04-14 04:00:00;20,64
2018-04-14 04:15:00;19,80
2018-04-14 04:30:00;20,80
2018-04-14 04:45:00;20,20
2018-04-14 05:00:00;20,48
2018-04-14 05:15:00;19,72
2018-04-14 05:30:00;20,64
2018-04-14 05:45:00;19,76
2018-04-14 06:00:00;22,24
2018-04-14 06:15:00;21,16
2018-04-14 06:30:00;20,52
2018-04-14 06:45:00;21,04
2018-04-14 07:00:00;19,64
2018-04-14 07:15:00;21,56
2018-04-14 07:30:00;22,20
2018-04-14 07:45:00;21,16
2018-04-14 08:00:00;21,92
2018-04-14 08:15:00;22,28
2018-04-14 08:30:00;22,96
2018-04-14 08:45:00;22,72
2018-04-14 09:00:00;23,24
2018-04-14 09:15:00;22,84
2018-04-14 09:30:00;21,80
2018-04-14 09:45:00;22,92
2018-04-14 10:00:00;21,44
2018-04-14 10:15:00;21,68
2018-04-14 10:30:00;21,12
2018-04-14 10:45:00;20,04
2018-04-14 11:00:00;20,52
2018-04-14 11:15:00;20,24
2018-04-14 11:30:00;19,80
2018-04-14 11:45:00;19,72
2018-04-14 12:00:00;20,36
2018-04-14 12:15:00;20,52
2018-04-14 12:30:00;20,60
2018-04-14 12:45:00;19,36
2018-04-14 13:00:00;20,72
2018-04-14 13:15:00;19,44
2018-04-14 13:30:00;16,68
2018-04-14 13:45:00;15,84
2018-04-14 14:00:00;16,00
2018-04-14 14:15:00;15,52
2018-04-14 14:30:00;11,36
2018-04-14 14:45:00;10,20
2018-04-14 15:00:00;9,72
2018-04-14 15:15:00;10,20
2018-04-14 15:30:00;10,48
2018-04-14 15:45:00;9,96
2018-04-14 16:00:00;11,28
2018-04-14 16:15:00;14,64
2018-04-14 16:30:00;15,20
2018-04-14 16:45:00;28,84
2018-04-14 17:00:00;27,60
2018-04-14 17:15:00;24,36
2018-04-14 17:30:00;23,96
2018-04-14 17:45:00;29,80
2018-04-14 18:00:00;28,00
2018-04-14 18:15:00;23,28
2018-04-14 18:30:00;20,92
2018-04-14 18:45:00;20,44
2018-04-14 19:00:00;20,80
2018-04-14 19:15:00;18,96
2018-04-14 19:30:00;14,12
2018-04-14 19:45:00;13,76
2018-04-14 20:00:00;13,48
2018-04-14 20:15:00;12,96
2018-04-14 20:30:00;13,76
2018-04-14 20:45:00;13,72
2018-04-14 21:00:00;13,08
2018-04-14 21:15:00;13,56
2018-04-14 21:30:00;13,12
2018-04-14 21:45:00;13,88
2018-04-14 22:00:00;12,44
2018-04-14 22:15:00;12,72
2018-04-14 22:30:00;12,40
2018-04-14 22:45:00;12,20
2018-04-14 23:00:00;12,72
2018-04-14 23:15:00;12,20
2018-04-14 23:30:00;12,92
2018-04-14 23:45:00;13,24
2018-04-15 00:00:00;12,60
2018-04-15 00:15:00;12,16
2018-04-15 00:30:00;12,64
2018-04-15 00:45:00;12,28
2018-04-15 01:00:00;12,60
2018-04-15 01:15:00;12,24
2018-04-15 01:30:00;13,16
2018-04-15 01:45:00;13,12
2018-04-15 02:00:00;12,52
2018-04-15 02:15:00;12,16
2018-04-15 02:30:00;12,16
2018-04-15 02:45:00;12,64
2018-04-15 03:00:00;12,56
2018-04-15 03:15:00;12,56
2018-04-15 03:30:00;12,60
2018-04-15 03:45:00;13,24
2018-04-15 04:00:00;12,16
2018-04-15 04:15:00;12,08
2018-04-15 04:30:00;12,56
2018-04-15 04:45:00;12,60
2018-04-15 05:00:00;13,16
2018-04-15 05:15:00;11,92
2018-04-15 05:30:00;12,84
2018-04-15 05:45:00;12,84
2018-04-15 06:00:00;11,96
2018-04-15 06:15:00;11,80
2018-04-15 06:30:00;11,76
2018-04-15 06:45:00;12,24
2018-04-15 07:00:00;11,84
2018-04-15 07:15:00;12,64
2018-04-15 07:30:00;13,16
2018-04-15 07:45:00;12,76
2018-04-15 08:00:00;11,84
2018-04-15 08:15:00;11,84
2018-04-15 08:30:00;12,48
2018-04-15 08:45:00;11,80
2018-04-15 09:00:00;11,40
2018-04-15 09:15:00;11,48
2018-04-15 09:30:00;12,96
2018-04-15 09:45:00;11,48
2018-04-15 10:00:00;11,96
2018-04-15 10:15:00;11,76
2018-04-15 10:30:00;11,80
2018-04-15 10:45:00;11,60
2018-04-15 11:00:00;12,36
2018-04-15 11:15:00;13,56
2018-04-15 11:30:00;16,32
2018-04-15 11:45:00;16,68
2018-04-15 12:00:00;16,32
2018-04-15 12:15:00;16,24
2018-04-15 12:30:00;15,80
2018-04-15 12:45:00;16,20
2018-04-15 13:00:00;16,28
2018-04-15 13:15:00;16,72
2018-04-15 13:30:00;13,88
2018-04-15 13:45:00;12,40
2018-04-15 14:00:00;12,08
2018-04-15 14:15:00;11,68
2018-04-15 14:30:00;13,20
2018-04-15 14:45:00;16,04
2018-04-15 15:00:00;15,76
2018-04-15 15:15:00;15,88
2018-04-15 15:30:00;15,64
2018-04-15 15:45:00;16,20
2018-04-15 16:00:00;18,28
2018-04-15 16:15:00;25,00
2018-04-15 16:30:00;28,28
2018-04-15 16:45:00;28,84
2018-04-15 17:00:00;20,52
2018-04-15 17:15:00;19,08
2018-04-15 17:30:00;17,56
2018-04-15 17:45:00;19,12
2018-04-15 18:00:00;16,72
2018-04-15 18:15:00;16,28
2018-04-15 18:30:00;15,72
2018-04-15 18:45:00;17,12
2018-04-15 19:00:00;18,24
2018-04-15 19:15:00;19,12
2018-04-15 19:30:00;20,12
2018-04-15 19:45:00;15,04
2018-04-15 20:00:00;15,28
2018-04-15 20:15:00;16,48
2018-04-15 20:30:00;15,04
2018-04-15 20:45:00;15,16
2018-04-15 21:00:00;16,48
2018-04-15 21:15:00;15,88
2018-04-15 21:30:00;15,92
2018-04-15 21:45:00;15,64
2018-04-15 22:00:00;15,56
2018-04-15 22:15:00;15,92
2018-04-15 22:30:00;15,00
2018-04-15 22:45:00;14,92
2018-04-15 23:00:00;16,36
2018-04-15 23:15:00;15,44
2018-04-15 23:30:00;15,40
2018-04-15 23:45:00;16,04
2018-04-16 00:00:00;14,88
2018-04-16 00:15:00;14,88
2018-04-16 00:30:00;16,16
2018-04-16 00:45:00;15,12
2018-04-16 01:00:00;15,16
2018-04-16 01:15:00;16,08
2018-04-16 01:30:00;15,16
2018-04-16 01:45:00;15,92
2018-04-16 02:00:00;15,40
2018-04-16 02:15:00;14,84
2018-04-16 02:30:00;16,00
2018-04-16 02:45:00;14,96
2018-04-16 03:00:00;14,96
2018-04-16 03:15:00;16,32
2018-04-16 03:30:00;15,76
2018-04-16 03:45:00;14,92
2018-04-16 04:00:00;15,52
2018-04-16 04:15:00;14,80
2018-04-16 04:30:00;15,12
2018-04-16 04:45:00;15,60
2018-04-16 05:00:00;15,44
2018-04-16 05:15:00;16,08
2018-04-16 05:30:00;21,20
2018-04-16 05:45:00;25,40
2018-04-16 06:00:00;37,84
2018-04-16 06:15:00;84,84
2018-04-16 06:30:00;101,64
2018-04-16 06:45:00;121,52
2018-04-16 07:00:00;130,84
2018-04-16 07:15:00;134,36
2018-04-16 07:30:00;142,12
2018-04-16 07:45:00;139,92
2018-04-16 08:00:00;151,92
2018-04-16 08:15:00;138,36
2018-04-16 08:30:00;141,00
2018-04-16 08:45:00;147,92
2018-04-16 09:00:00;150,12
2018-04-16 09:15:00;161,52
2018-04-16 09:30:00;153,00
2018-04-16 09:45:00;148,96
2018-04-16 10:00:00;152,40
2018-04-16 10:15:00;153,64
2018-04-16 10:30:00;155,36
2018-04-16 10:45:00;164,12
2018-04-16 11:00:00;156,20
2018-04-16 11:15:00;130,72
2018-04-16 11:30:00;124,44
2018-04-16 11:45:00;135,16
2018-04-16 12:00:00;136,48
2018-04-16 12:15:00;154,44
2018-04-16 12:30:00;168,12
2018-04-16 12:45:00;165,12
2018-04-16 13:00:00;150,36
2018-04-16 13:15:00;155,24
2018-04-16 13:30:00;151,72
2018-04-16 13:45:00;146,12
2018-04-16 14:00:00;164,92
2018-04-16 14:15:00;150,76
2018-04-16 14:30:00;133,16
2018-04-16 14:45:00;143,60
2018-04-16 15:00:00;145,36
2018-04-16 15:15:00;131,00
2018-04-16 15:30:00;107,52
2018-04-16 15:45:00;106,32
2018-04-16 16:00:00;82,04
2018-04-16 16:15:00;64,92
2018-04-16 16:30:00;51,00
2018-04-16 16:45:00;51,52
2018-04-16 17:00:00;44,96
2018-04-16 17:15:00;44,56
2018-04-16 17:30:00;41,04
2018-04-16 17:45:00;41,24
2018-04-16 18:00:00;37,32
2018-04-16 18:15:00;36,64
2018-04-16 18:30:00;36,96
2018-04-16 18:45:00;34,36
2018-04-16 19:00:00;33,32
2018-04-16 19:15:00;33,52
2018-04-16 19:30:00;34,56
2018-04-16 19:45:00;33,00
2018-04-16 20:00:00;32,04
2018-04-16 20:15:00;29,72
2018-04-16 20:30:00;29,56
2018-04-16 20:45:00;28,60
2018-04-16 21:00:00;29,56
2018-04-16 21:15:00;29,08
2018-04-16 21:30:00;29,20
2018-04-16 21:45:00;29,84
2018-04-16 22:00:00;29,12
2018-04-16 22:15:00;29,40
2018-04-16 22:30:00;28,64
2018-04-16 22:45:00;28,48
2018-04-16 23:00:00;29,60
2018-04-16 23:15:00;28,76
2018-04-16 23:30:00;29,52
2018-04-16 23:45:00;29,20
2018-04-17 00:00:00;28,68
2018-04-17 00:15:00;29,64
2018-04-17 00:30:00;28,56
2018-04-17 00:45:00;29,20
2018-04-17 01:00:00;28,56
2018-04-17 01:15:00;28,16
2018-04-17 01:30:00;30,52
2018-04-17 01:45:00;29,00
2018-04-17 02:00:00;28,72
2018-04-17 02:15:00;29,68
2018-04-17 02:30:00;28,44
2018-04-17 02:45:00;29,80
2018-04-17 03:00:00;28,44
2018-04-17 03:15:00;28,96
2018-04-17 03:30:00;29,20
2018-04-17 03:45:00;28,60
2018-04-17 04:00:00;28,80
2018-04-17 04:15:00;29,36
2018-04-17 04:30:00;29,08
2018-04-17 04:45:00;29,88
2018-04-17 05:00:00;29,76
2018-04-17 05:15:00;28,32
2018-04-17 05:30:00;34,68
2018-04-17 05:45:00;43,36
2018-04-17 06:00:00;62,64
2018-04-17 06:15:00;102,00
2018-04-17 06:30:00;122,20
2018-04-17 06:45:00;127,76
2018-04-17 07:00:00;129,76
2018-04-17 07:15:00;129,04
2018-04-17 07:30:00;145,84
2018-04-17 07:45:00;147,52
2018-04-17 08:00:00;140,52
2018-04-17 08:15:00;115,60
2018-04-17 08:30:00;126,28
2018-04-17 08:45:00;134,20
2018-04-17 09:00:00;137,64
2018-04-17 09:15:00;139,48
2018-04-17 09:30:00;139,52
2018-04-17 09:45:00;142,48
2018-04-17 10:00:00;144,76
2018-04-17 10:15:00;143,24
2018-04-17 10:30:00;142,56
2018-04-17 10:45:00;137,12
2018-04-17 11:00:00;138,04
2018-04-17 11:15:00;115,48
2018-04-17 11:30:00;99,96
2018-04-17 11:45:00;105,72
2018-04-17 12:00:00;123,08
2018-04-17 12:15:00;131,40
2018-04-17 12:30:00;137,32
2018-04-17 12:45:00;135,08
2018-04-17 13:00:00;126,80
2018-04-17 13:15:00;143,04
2018-04-17 13:30:00;135,12
2018-04-17 13:45:00;131,48
2018-04-17 14:00:00;133,88
2018-04-17 14:15:00;140,16
2018-04-17 14:30:00;126,68
2018-04-17 14:45:00;136,08
2018-04-17 15:00:00;136,52
2018-04-17 15:15:00;136,56
2018-04-17 15:30:00;129,80
2018-04-17 15:45:00;116,40
2018-04-17 16:00:00;103,36
2018-04-17 16:15:00;86,48
2018-04-17 16:30:00;66,28
2018-04-17 16:45:00;56,92
2018-04-17 17:00:00;54,52
2018-04-17 17:15:00;48,40
2018-04-17 17:30:00;46,28
2018-04-17 17:45:00;47,32
2018-04-17 18:00:00;47,96
2018-04-17 18:15:00;46,24
2018-04-17 18:30:00;45,44
2018-04-17 18:45:00;46,16
2018-04-17 19:00:00;46,32
2018-04-17 19:15:00;47,40
2018-04-17 19:30:00;47,52
2018-04-17 19:45:00;50,28
2018-04-17 20:00:00;40,44
2018-04-17 20:15:00;37,76
2018-04-17 20:30:00;39,52
2018-04-17 20:45:00;37,92
2018-04-17 21:00:00;38,80
2018-04-17 21:15:00;38,32
2018-04-17 21:30:00;39,28
2018-04-17 21:45:00;37,68
2018-04-17 22:00:00;37,16
2018-04-17 22:15:00;39,20
2018-04-17 22:30:00;37,08
2018-04-17 22:45:00;38,92
2018-04-17 23:00:00;37,36
2018-04-17 23:15:00;38,04
2018-04-17 23:30:00;36,44
2018-04-17 23:45:00;38,20
2018-04-18 00:00:00;36,40
2018-04-18 00:15:00;38,68
2018-04-18 00:30:00;36,76
2018-04-18 00:45:00;37,76
2018-04-18 01:00:00;36,80
2018-04-18 01:15:00;37,00
2018-04-18 01:30:00;37,56
2018-04-18 01:45:00;36,40
2018-04-18 02:00:00;37,64
2018-04-18 02:15:00;37,56
2018-04-18 02:30:00;37,32
2018-04-18 02:45:00;36,60
2018-04-18 03:00:00;37,56
2018-04-18 03:15:00;36,68
2018-04-18 03:30:00;36,20
2018-04-18 03:45:00;37,88
2018-04-18 04:00:00;34,88
2018-04-18 04:15:00;35,08
2018-04-18 04:30:00;33,44
2018-04-18 04:45:00;32,00
2018-04-18 05:00:00;35,80
2018-04-18 05:15:00;36,76
2018-04-18 05:30:00;42,24
2018-04-18 05:45:00;47,00
2018-04-18 06:00:00;61,76
2018-04-18 06:15:00;96,52
2018-04-18 06:30:00;115,08
2018-04-18 06:45:00;129,52
2018-04-18 07:00:00;122,56
2018-04-18 07:15:00;135,04
2018-04-18 07:30:00;131,64
2018-04-18 07:45:00;127,84
2018-04-18 08:00:00;141,28
2018-04-18 08:15:00;112,44
2018-04-18 08:30:00;122,84
2018-04-18 08:45:00;127,60
2018-04-18 09:00:00;133,80
2018-04-18 09:15:00;130,32
2018-04-18 09:30:00;132,64
2018-04-18 09:45:00;128,80
2018-04-18 10:00:00;129,32
2018-04-18 10:15:00;133,40
2018-04-18 10:30:00;123,80
2018-04-18 10:45:00;130,84
2018-04-18 11:00:00;128,32
2018-04-18 11:15:00;101,80
2018-04-18 11:30:00;92,60
2018-04-18 11:45:00;100,48
2018-04-18 12:00:00;110,76
2018-04-18 12:15:00;117,44
2018-04-18 12:30:00;116,72
2018-04-18 12:45:00;127,40
2018-04-18 13:00:00;127,52
2018-04-18 13:15:00;121,64
2018-04-18 13:30:00;136,64
2018-04-18 13:45:00;132,24
2018-04-18 14:00:00;132,84
2018-04-18 14:15:00;139,60
2018-04-18 14:30:00;139,00
2018-04-18 14:45:00;137,28
2018-04-18 15:00:00;126,68
2018-04-18 15:15:00;127,00
2018-04-18 15:30:00;118,16
2018-04-18 15:45:00;88,20
2018-04-18 16:00:00;83,56
2018-04-18 16:15:00;70,40
2018-04-18 16:30:00;63,00
2018-04-18 16:45:00;65,64
2018-04-18 17:00:00;63,40
2018-04-18 17:15:00;59,04
2018-04-18 17:30:00;55,28
2018-04-18 17:45:00;51,28
2018-04-18 18:00:00;47,36
2018-04-18 18:15:00;47,72
2018-04-18 18:30:00;50,76
2018-04-18 18:45:00;46,92
2018-04-18 19:00:00;44,56
2018-04-18 19:15:00;41,60
2018-04-18 19:30:00;31,60
2018-04-18 19:45:00;30,16
2018-04-18 20:00:00;29,88
2018-04-18 20:15:00;27,76
2018-04-18 20:30:00;28,24
2018-04-18 20:45:00;26,80
2018-04-18 21:00:00;27,60
2018-04-18 21:15:00;27,48
2018-04-18 21:30:00;27,16
2018-04-18 21:45:00;27,16
2018-04-18 22:00:00;26,76
2018-04-18 22:15:00;27,72
2018-04-18 22:30:00;26,04
2018-04-18 22:45:00;27,32
2018-04-18 23:00:00;27,68
2018-04-18 23:15:00;26,68
2018-04-18 23:30:00;26,96
2018-04-18 23:45:00;27,44
2018-04-19 00:00:00;26,92
2018-04-19 00:15:00;26,92
2018-04-19 00:30:00;26,56
2018-04-19 00:45:00;26,12
2018-04-19 01:00:00;27,52
2018-04-19 01:15:00;26,80
2018-04-19 01:30:00;26,80
2018-04-19 01:45:00;27,20
2018-04-19 02:00:00;26,00
2018-04-19 02:15:00;27,32
2018-04-19 02:30:00;27,00
2018-04-19 02:45:00;26,28
2018-04-19 03:00:00;26,32
2018-04-19 03:15:00;26,28
2018-04-19 03:30:00;27,24
2018-04-19 03:45:00;26,72
2018-04-19 04:00:00;26,80
2018-04-19 04:15:00;25,84
2018-04-19 04:30:00;27,20
2018-04-19 04:45:00;26,60
2018-04-19 05:00:00;26,00
2018-04-19 05:15:00;25,72
2018-04-19 05:30:00;35,52
2018-04-19 05:45:00;45,24
2018-04-19 06:00:00;58,84
2018-04-19 06:15:00;90,72
2018-04-19 06:30:00;109,72
2018-04-19 06:45:00;123,68
2018-04-19 07:00:00;115,32
2018-04-19 07:15:00;119,28
2018-04-19 07:30:00;126,12
2018-04-19 07:45:00;134,00
2018-04-19 08:00:00;130,96
2018-04-19 08:15:00;119,84
2018-04-19 08:30:00;130,40
2018-04-19 08:45:00;132,20
2018-04-19 09:00:00;139,12
2018-04-19 09:15:00;143,20
2018-04-19 09:30:00;143,56
2018-04-19 09:45:00;145,60
2018-04-19 10:00:00;139,76
2018-04-19 10:15:00;132,16
2018-04-19 10:30:00;141,88
2018-04-19 10:45:00;150,84
2018-04-19 11:00:00;145,48
2018-04-19 11:15:00;105,12
2018-04-19 11:30:00;100,16
2018-04-19 11:45:00;112,72
2018-04-19 12:00:00;115,16
2018-04-19 12:15:00;116,12
2018-04-19 12:30:00;123,72
2018-04-19 12:45:00;130,12
2018-04-19 13:00:00;135,72
2018-04-19 13:15:00;140,28
2018-04-19 13:30:00;134,32
2018-04-19 13:45:00;134,32
2018-04-19 14:00:00;140,60
2018-04-19 14:15:00;131,12
2018-04-19 14:30:00;129,88
2018-04-19 14:45:00;138,44
2018-04-19 15:00:00;133,52
2018-04-19 15:15:00;144,44
2018-04-19 15:30:00;132,64
2018-04-19 15:45:00;104,32
2018-04-19 16:00:00;93,96
2018-04-19 16:15:00;80,24
2018-04-19 16:30:00;78,56
2018-04-19 16:45:00;76,36
2018-04-19 17:00:00;71,08
2018-04-19 17:15:00;70,44
2018-04-19 17:30:00;52,84
2018-04-19 17:45:00;48,28
2018-04-19 18:00:00;49,40
2018-04-19 18:15:00;53,12
2018-04-19 18:30:00;45,08
2018-04-19 18:45:00;44,24
2018-04-19 19:00:00;41,08
2018-04-19 19:15:00;41,32
2018-04-19 19:30:00;43,00
2018-04-19 19:45:00;45,52
2018-04-19 20:00:00;41,68
2018-04-19 20:15:00;32,96
2018-04-19 20:30:00;31,64
2018-04-19 20:45:00;32,52
2018-04-19 21:00:00;29,92
2018-04-19 21:15:00;33,00
2018-04-19 21:30:00;31,96
2018-04-19 21:45:00;32,40
2018-04-19 22:00:00;30,68
2018-04-19 22:15:00;30,04
2018-04-19 22:30:00;30,44
2018-04-19 22:45:00;29,44
2018-04-19 23:00:00;33,00
2018-04-19 23:15:00;31,32
2018-04-19 23:30:00;32,12
2018-04-19 23:45:00;29,16
2018-04-20 00:00:00;29,16
2018-04-20 00:15:00;29,60
2018-04-20 00:30:00;30,64
2018-04-20 00:45:00;33,36
2018-04-20 01:00:00;31,68
2018-04-20 01:15:00;29,12
2018-04-20 01:30:00;29,72
2018-04-20 01:45:00;28,92
2018-04-20 02:00:00;29,84
2018-04-20 02:15:00;32,08
2018-04-20 02:30:00;31,52
2018-04-20 02:45:00;30,60
2018-04-20 03:00:00;27,92
2018-04-20 03:15:00;29,80
2018-04-20 03:30:00;29,28
2018-04-20 03:45:00;28,84
2018-04-20 04:00:00;29,68
2018-04-20 04:15:00;28,08
2018-04-20 04:30:00;28,56
2018-04-20 04:45:00;29,52
2018-04-20 05:00:00;30,44
2018-04-20 05:15:00;27,88
2018-04-20 05:30:00;29,56
2018-04-20 05:45:00;28,12
2018-04-20 06:00:00;45,40
2018-04-20 06:15:00;80,16
2018-04-20 06:30:00;113,96
2018-04-20 06:45:00;112,44
2018-04-20 07:00:00;121,32
2018-04-20 07:15:00;140,48
2018-04-20 07:30:00;142,36
2018-04-20 07:45:00;141,56
2018-04-20 08:00:00;148,12
2018-04-20 08:15:00;133,68
2018-04-20 08:30:00;137,64
2018-04-20 08:45:00;152,44
2018-04-20 09:00:00;148,44
2018-04-20 09:15:00;138,40
2018-04-20 09:30:00;141,04
2018-04-20 09:45:00;151,72
2018-04-20 10:00:00;144,40
2018-04-20 10:15:00;132,24
2018-04-20 10:30:00;140,68
2018-04-20 10:45:00;131,52
2018-04-20 11:00:00;131,28
2018-04-20 11:15:00;107,48
2018-04-20 11:30:00;84,32
2018-04-20 11:45:00;80,60
2018-04-20 12:00:00;85,72
2018-04-20 12:15:00;91,40
2018-04-20 12:30:00;92,28
2018-04-20 12:45:00;102,76
2018-04-20 13:00:00;120,16
2018-04-20 13:15:00;113,28
2018-04-20 13:30:00;109,52
2018-04-20 13:45:00;109,80
2018-04-20 14:00:00;103,20
2018-04-20 14:15:00;89,20
2018-04-20 14:30:00;80,32
2018-04-20 14:45:00;70,32
2018-04-20 15:00:00;61,92
2018-04-20 15:15:00;58,52
2018-04-20 15:30:00;62,40
2018-04-20 15:45:00;62,76
2018-04-20 16:00:00;54,76
2018-04-20 16:15:00;50,92
2018-04-20 16:30:00;52,24
2018-04-20 16:45:00;53,64
2018-04-20 17:00:00;55,44
2018-04-20 17:15:00;52,68
2018-04-20 17:30:00;53,24
2018-04-20 17:45:00;46,16
2018-04-20 18:00:00;44,40
2018-04-20 18:15:00;49,72
2018-04-20 18:30:00;48,96
2018-04-20 18:45:00;47,04
2018-04-20 19:00:00;48,08
2018-04-20 19:15:00;46,48
2018-04-20 19:30:00;40,00
2018-04-20 19:45:00;31,36
2018-04-20 20:00:00;30,24
2018-04-20 20:15:00;28,48
2018-04-20 20:30:00;28,32
2018-04-20 20:45:00;28,24
2018-04-20 21:00:00;25,88
2018-04-20 21:15:00;26,08
2018-04-20 21:30:00;28,00
2018-04-20 21:45:00;27,36
2018-04-20 22:00:00;25,72
2018-04-20 22:15:00;26,72
2018-04-20 22:30:00;25,36
2018-04-20 22:45:00;26,36
2018-04-20 23:00:00;26,60
2018-04-20 23:15:00;27,08
2018-04-20 23:30:00;24,00
2018-04-20 23:45:00;26,28
2018-04-21 00:00:00;27,52
2018-04-21 00:15:00;27,68
2018-04-21 00:30:00;25,44
2018-04-21 00:45:00;25,08
2018-04-21 01:00:00;26,40
2018-04-21 01:15:00;27,32
2018-04-21 01:30:00;26,48
2018-04-21 01:45:00;23,92
2018-04-21 02:00:00;25,92
2018-04-21 02:15:00;27,04
2018-04-21 02:30:00;25,84
2018-04-21 02:45:00;26,40
2018-04-21 03:00:00;23,84
2018-04-21 03:15:00;25,52
2018-04-21 03:30:00;26,32
2018-04-21 03:45:00;26,20
2018-04-21 04:00:00;24,56
2018-04-21 04:15:00;24,84
2018-04-21 04:30:00;24,08
2018-04-21 04:45:00;27,16
2018-04-21 05:00:00;24,80
2018-04-21 05:15:00;23,00
2018-04-21 05:30:00;27,60
2018-04-21 05:45:00;30,96
2018-04-21 06:00:00;38,40
2018-04-21 06:15:00;40,84
2018-04-21 06:30:00;38,20
2018-04-21 06:45:00;42,80
2018-04-21 07:00:00;44,44
2018-04-21 07:15:00;44,00
2018-04-21 07:30:00;46,80
2018-04-21 07:45:00;46,40
2018-04-21 08:00:00;47,52
2018-04-21 08:15:00;55,92
2018-04-21 08:30:00;56,40
2018-04-21 08:45:00;46,36
2018-04-21 09:00:00;48,68
2018-04-21 09:15:00;54,52
2018-04-21 09:30:00;49,12
2018-04-21 09:45:00;42,04
2018-04-21 10:00:00;45,12
2018-04-21 10:15:00;52,92
2018-04-21 10:30:00;47,88
2018-04-21 10:45:00;54,08
2018-04-21 11:00:00;47,68
2018-04-21 11:15:00;41,08
2018-04-21 11:30:00;41,68
2018-04-21 11:45:00;40,80
2018-04-21 12:00:00;44,96
2018-04-21 12:15:00;39,20
2018-04-21 12:30:00;40,52
2018-04-21 12:45:00;42,12
2018-04-21 13:00:00;40,16
2018-04-21 13:15:00;37,60
2018-04-21 13:30:00;41,00
2018-04-21 13:45:00;44,16
2018-04-21 14:00:00;41,92
2018-04-21 14:15:00;37,28
2018-04-21 14:30:00;40,40
2018-04-21 14:45:00;47,48
2018-04-21 15:00:00;45,96
2018-04-21 15:15:00;43,48
2018-04-21 15:30:00;48,96
2018-04-21 15:45:00;44,92
2018-04-21 16:00:00;46,64
2018-04-21 16:15:00;48,44
2018-04-21 16:30:00;48,88
2018-04-21 16:45:00;54,00
2018-04-21 17:00:00;50,68
2018-04-21 17:15:00;45,08
2018-04-21 17:30:00;60,24
2018-04-21 17:45:00;59,84
2018-04-21 18:00:00;51,28
2018-04-21 18:15:00;59,20
2018-04-21 18:30:00;54,16
2018-04-21 18:45:00;62,52
2018-04-21 19:00:00;65,64
2018-04-21 19:15:00;61,12
2018-04-21 19:30:00;53,84
2018-04-21 19:45:00;38,52
2018-04-21 20:00:00;38,32
2018-04-21 20:15:00;40,60
2018-04-21 20:30:00;38,32
2018-04-21 20:45:00;39,72
2018-04-21 21:00:00;35,96
2018-04-21 21:15:00;40,36
2018-04-21 21:30:00;41,24
2018-04-21 21:45:00;42,52
2018-04-21 22:00:00;40,24
2018-04-21 22:15:00;44,64
2018-04-21 22:30:00;44,24
2018-04-21 22:45:00;41,36
2018-04-21 23:00:00;40,76
2018-04-21 23:15:00;39,08
2018-04-21 23:30:00;43,72
2018-04-21 23:45:00;41,80
2018-04-22 00:00:00;41,68
2018-04-22 00:15:00;39,68
2018-04-22 00:30:00;40,32
2018-04-22 00:45:00;41,44
2018-04-22 01:00:00;40,88
2018-04-22 01:15:00;40,24
2018-04-22 01:30:00;40,00
2018-04-22 01:45:00;39,20
2018-04-22 02:00:00;38,96
2018-04-22 02:15:00;37,88
2018-04-22 02:30:00;38,48
2018-04-22 02:45:00;37,20
2018-04-22 03:00:00;37,52
2018-04-22 03:15:00;30,72
2018-04-22 03:30:00;29,08
2018-04-22 03:45:00;27,84
2018-04-22 04:00:00;26,64
2018-04-22 04:15:00;25,80
2018-04-22 04:30:00;24,40
2018-04-22 04:45:00;25,64
2018-04-22 05:00:00;24,20
2018-04-22 05:15:00;24,48
2018-04-22 05:30:00;22,64
2018-04-22 05:45:00;18,28
2018-04-22 06:00:00;18,72
2018-04-22 06:15:00;18,04
2018-04-22 06:30:00;17,44
2018-04-22 06:45:00;17,92
2018-04-22 07:00:00;17,80
2018-04-22 07:15:00;18,96
2018-04-22 07:30:00;17,88
2018-04-22 07:45:00;18,72
2018-04-22 08:00:00;17,88
2018-04-22 08:15:00;17,52
2018-04-22 08:30:00;15,08
2018-04-22 08:45:00;17,52
2018-04-22 09:00:00;23,64
2018-04-22 09:15:00;29,64
2018-04-22 09:30:00;27,80
2018-04-22 09:45:00;29,36
2018-04-22 10:00:00;27,44
2018-04-22 10:15:00;25,32
2018-04-22 10:30:00;25,08
2018-04-22 10:45:00;25,52
2018-04-22 11:00:00;30,44
2018-04-22 11:15:00;26,36
2018-04-22 11:30:00;26,76
2018-04-22 11:45:00;26,72
2018-04-22 12:00:00;25,12
2018-04-22 12:15:00;21,84
2018-04-22 12:30:00;20,08
2018-04-22 12:45:00;18,12
2018-04-22 13:00:00;22,16
2018-04-22 13:15:00;32,24
2018-04-22 13:30:00;36,16
2018-04-22 13:45:00;38,36
2018-04-22 14:00:00;37,84
2018-04-22 14:15:00;36,76
2018-04-22 14:30:00;36,56
2018-04-22 14:45:00;36,24
2018-04-22 15:00:00;37,00
2018-04-22 15:15:00;35,12
2018-04-22 15:30:00;37,28
2018-04-22 15:45:00;35,56
2018-04-22 16:00:00;36,80
2018-04-22 16:15:00;36,28
2018-04-22 16:30:00;42,64
2018-04-22 16:45:00;44,16
2018-04-22 17:00:00;46,32
2018-04-22 17:15:00;46,40
2018-04-22 17:30:00;42,28
2018-04-22 17:45:00;39,96
2018-04-22 18:00:00;44,44
2018-04-22 18:15:00;41,08
2018-04-22 18:30:00;42,32
2018-04-22 18:45:00;38,32
2018-04-22 19:00:00;36,68
2018-04-22 19:15:00;30,60
2018-04-22 19:30:00;31,60
2018-04-22 19:45:00;27,68
2018-04-22 20:00:00;27,08
2018-04-22 20:15:00;23,48
2018-04-22 20:30:00;25,88
2018-04-22 20:45:00;24,28
2018-04-22 21:00:00;23,64
2018-04-22 21:15:00;24,72
2018-04-22 21:30:00;17,60
2018-04-22 21:45:00;19,16
2018-04-22 22:00:00;27,60
2018-04-22 22:15:00;35,32
2018-04-22 22:30:00;35,92
2018-04-22 22:45:00;35,88
2018-04-22 23:00:00;35,72
2018-04-22 23:15:00;36,24
2018-04-22 23:30:00;36,20
2018-04-22 23:45:00;35,28
2018-04-23 00:00:00;36,52
2018-04-23 00:15:00;34,80
2018-04-23 00:30:00;35,88
2018-04-23 00:45:00;34,96
2018-04-23 01:00:00;35,72
2018-04-23 01:15:00;35,24
2018-04-23 01:30:00;34,68
2018-04-23 01:45:00;34,56
2018-04-23 02:00:00;35,08
2018-04-23 02:15:00;35,48
2018-04-23 02:30:00;35,52
2018-04-23 02:45:00;36,04
2018-04-23 03:00:00;34,96
2018-04-23 03:15:00;34,60
2018-04-23 03:30:00;35,84
2018-04-23 03:45:00;35,88
2018-04-23 04:00:00;30,56
2018-04-23 04:15:00;26,84
2018-04-23 04:30:00;26,64
2018-04-23 04:45:00;26,92
2018-04-23 05:00:00;22,68
2018-04-23 05:15:00;23,52
2018-04-23 05:30:00;29,04
2018-04-23 05:45:00;34,88
2018-04-23 06:00:00;47,32
2018-04-23 06:15:00;76,84
2018-04-23 06:30:00;90,04
2018-04-23 06:45:00;109,00
2018-04-23 07:00:00;106,96
2018-04-23 07:15:00;122,04
2018-04-23 07:30:00;120,44
2018-04-23 07:45:00;106,80
2018-04-23 08:00:00;120,60
2018-04-23 08:15:00;109,08
2018-04-23 08:30:00;122,48
2018-04-23 08:45:00;125,36
2018-04-23 09:00:00;140,04
2018-04-23 09:15:00;140,80
2018-04-23 09:30:00;134,88
2018-04-23 09:45:00;140,88
2018-04-23 10:00:00;139,56
2018-04-23 10:15:00;144,84
2018-04-23 10:30:00;141,36
2018-04-23 10:45:00;152,68
2018-04-23 11:00:00;150,08
2018-04-23 11:15:00;116,68
2018-04-23 11:30:00;112,12
2018-04-23 11:45:00;128,08
2018-04-23 12:00:00;130,52
2018-04-23 12:15:00;140,68
2018-04-23 12:30:00;135,28
2018-04-23 12:45:00;132,32
2018-04-23 13:00:00;139,72
2018-04-23 13:15:00;142,20
2018-04-23 13:30:00;141,92
2018-04-23 13:45:00;141,28
2018-04-23 14:00:00;131,40
2018-04-23 14:15:00;127,56
2018-04-23 14:30:00;125,40
2018-04-23 14:45:00;125,84
2018-04-23 15:00:00;129,72
2018-04-23 15:15:00;130,64
2018-04-23 15:30:00;122,16
2018-04-23 15:45:00;96,52
2018-04-23 16:00:00;88,60
2018-04-23 16:15:00;72,00
2018-04-23 16:30:00;67,44
2018-04-23 16:45:00;57,52
2018-04-23 17:00:00;51,96
2018-04-23 17:15:00;52,36
2018-04-23 17:30:00;48,72
2018-04-23 17:45:00;49,64
2018-04-23 18:00:00;53,08
2018-04-23 18:15:00;66,56
2018-04-23 18:30:00;67,36
2018-04-23 18:45:00;64,64
2018-04-23 19:00:00;62,52
2018-04-23 19:15:00;57,92
2018-04-23 19:30:00;49,88
2018-04-23 19:45:00;47,00
2018-04-23 20:00:00;50,08
2018-04-23 20:15:00;48,76
2018-04-23 20:30:00;49,24
2018-04-23 20:45:00;47,28
2018-04-23 21:00:00;47,84
2018-04-23 21:15:00;41,48
2018-04-23 21:30:00;37,76
2018-04-23 21:45:00;36,44
2018-04-23 22:00:00;34,00
2018-04-23 22:15:00;34,12
2018-04-23 22:30:00;33,00
2018-04-23 22:45:00;33,24
2018-04-23 23:00:00;33,64
2018-04-23 23:15:00;32,48
2018-04-23 23:30:00;33,80
2018-04-23 23:45:00;31,68
2018-04-24 00:00:00;30,40
2018-04-24 00:15:00;29,08
2018-04-24 00:30:00;31,12
2018-04-24 00:45:00;29,56
2018-04-24 01:00:00;30,96
2018-04-24 01:15:00;29,80
2018-04-24 01:30:00;30,32
2018-04-24 01:45:00;29,92
2018-04-24 02:00:00;30,32
2018-04-24 02:15:00;29,76
2018-04-24 02:30:00;28,80
2018-04-24 02:45:00;31,68
2018-04-24 03:00:00;28,96
2018-04-24 03:15:00;29,56
2018-04-24 03:30:00;29,20
2018-04-24 03:45:00;31,64
2018-04-24 04:00:00;29,52
2018-04-24 04:15:00;29,60
2018-04-24 04:30:00;28,60
2018-04-24 04:45:00;30,16
2018-04-24 05:00:00;31,76
2018-04-24 05:15:00;37,96
2018-04-24 05:30:00;48,16
2018-04-24 05:45:00;57,04
2018-04-24 06:00:00;66,84
2018-04-24 06:15:00;116,08
2018-04-24 06:30:00;123,84
2018-04-24 06:45:00;128,52
2018-04-24 07:00:00;121,20
2018-04-24 07:15:00;129,52
2018-04-24 07:30:00;125,00
2018-04-24 07:45:00;131,16
2018-04-24 08:00:00;137,12
2018-04-24 08:15:00;120,48
2018-04-24 08:30:00;120,72
2018-04-24 08:45:00;137,92
2018-04-24 09:00:00;135,52
2018-04-24 09:15:00;132,36
2018-04-24 09:30:00;142,52
2018-04-24 09:45:00;144,76
2018-04-24 10:00:00;150,76
2018-04-24 10:15:00;152,00
2018-04-24 10:30:00;140,64
2018-04-24 10:45:00;142,84
2018-04-24 11:00:00;146,48
2018-04-24 11:15:00;109,32
2018-04-24 11:30:00;98,60
2018-04-24 11:45:00;114,72
2018-04-24 12:00:00;127,04
2018-04-24 12:15:00;133,92
2018-04-24 12:30:00;140,76
2018-04-24 12:45:00;138,96
2018-04-24 13:00:00;131,12
2018-04-24 13:15:00;133,72
2018-04-24 13:30:00;133,88
2018-04-24 13:45:00;131,60
2018-04-24 14:00:00;138,16
2018-04-24 14:15:00;142,04
2018-04-24 14:30:00;136,72
2018-04-24 14:45:00;146,48
2018-04-24 15:00:00;151,00
2018-04-24 15:15:00;143,92
2018-04-24 15:30:00;111,84
2018-04-24 15:45:00;89,32
2018-04-24 16:00:00;79,12
2018-04-24 16:15:00;75,28
2018-04-24 16:30:00;68,52
2018-04-24 16:45:00;60,80
2018-04-24 17:00:00;57,16
2018-04-24 17:15:00;54,92
2018-04-24 17:30:00;53,16
2018-04-24 17:45:00;51,64
2018-04-24 18:00:00;52,52
2018-04-24 18:15:00;52,72
2018-04-24 18:30:00;57,60
2018-04-24 18:45:00;58,72
2018-04-24 19:00:00;55,88
2018-04-24 19:15:00;59,80
2018-04-24 19:30:00;56,92
2018-04-24 19:45:00;50,88
2018-04-24 20:00:00;43,76
2018-04-24 20:15:00;41,00
2018-04-24 20:30:00;40,72
2018-04-24 20:45:00;38,88
2018-04-24 21:00:00;36,56
2018-04-24 21:15:00;37,60
2018-04-24 21:30:00;34,80
2018-04-24 21:45:00;33,80
2018-04-24 22:00:00;33,72
2018-04-24 22:15:00;32,20
2018-04-24 22:30:00;31,04
2018-04-24 22:45:00;31,36
2018-04-24 23:00:00;31,04
2018-04-24 23:15:00;30,72
2018-04-24 23:30:00;29,04
2018-04-24 23:45:00;30,56
2018-04-25 00:00:00;28,64
2018-04-25 00:15:00;29,40
2018-04-25 00:30:00;28,72
2018-04-25 00:45:00;30,16
2018-04-25 01:00:00;28,68
2018-04-25 01:15:00;28,56
2018-04-25 01:30:00;30,44
2018-04-25 01:45:00;28,44
2018-04-25 02:00:00;29,28
2018-04-25 02:15:00;28,12
2018-04-25 02:30:00;30,00
2018-04-25 02:45:00;28,36
2018-04-25 03:00:00;28,84
2018-04-25 03:15:00;28,52
2018-04-25 03:30:00;28,48
2018-04-25 03:45:00;29,52
2018-04-25 04:00:00;27,92
2018-04-25 04:15:00;29,68
2018-04-25 04:30:00;28,12
2018-04-25 04:45:00;28,72
2018-04-25 05:00:00;30,96
2018-04-25 05:15:00;32,52
2018-04-25 05:30:00;38,40
2018-04-25 05:45:00;49,52
2018-04-25 06:00:00;58,08
2018-04-25 06:15:00;92,32
2018-04-25 06:30:00;114,76
2018-04-25 06:45:00;110,52
2018-04-25 07:00:00;115,28
2018-04-25 07:15:00;116,48
2018-04-25 07:30:00;118,24
2018-04-25 07:45:00;120,48
2018-04-25 08:00:00;122,40
2018-04-25 08:15:00;116,16
2018-04-25 08:30:00;123,48
2018-04-25 08:45:00;127,88
2018-04-25 09:00:00;128,72
2018-04-25 09:15:00;127,72
2018-04-25 09:30:00;125,72
2018-04-25 09:45:00;120,28
2018-04-25 10:00:00;119,84
2018-04-25 10:15:00;130,12
2018-04-25 10:30:00;144,56
2018-04-25 10:45:00;143,28
2018-04-25 11:00:00;139,32
2018-04-25 11:15:00;114,44
2018-04-25 11:30:00;105,32
2018-04-25 11:45:00;116,52
2018-04-25 12:00:00;135,08
2018-04-25 12:15:00;134,44
2018-04-25 12:30:00;141,40
2018-04-25 12:45:00;142,28
2018-04-25 13:00:00;135,36
2018-04-25 13:15:00;140,00
2018-04-25 13:30:00;135,52
2018-04-25 13:45:00;139,64
2018-04-25 14:00:00;134,92
2018-04-25 14:15:00;133,00
2018-04-25 14:30:00;126,32
2018-04-25 14:45:00;133,08
2018-04-25 15:00:00;129,44
2018-04-25 15:15:00;128,32
2018-04-25 15:30:00;132,04
2018-04-25 15:45:00;101,28
2018-04-25 16:00:00;80,72
2018-04-25 16:15:00;61,68
2018-04-25 16:30:00;54,24
2018-04-25 16:45:00;56,24
2018-04-25 17:00:00;54,28
2018-04-25 17:15:00;58,16
2018-04-25 17:30:00;54,20
2018-04-25 17:45:00;58,56
2018-04-25 18:00:00;56,92
2018-04-25 18:15:00;55,28
2018-04-25 18:30:00;62,56
2018-04-25 18:45:00;58,00
2018-04-25 19:00:00;53,04
2018-04-25 19:15:00;52,48
2018-04-25 19:30:00;47,48
2018-04-25 19:45:00;51,92
2018-04-25 20:00:00;49,96
2018-04-25 20:15:00;51,80
2018-04-25 20:30:00;49,48
2018-04-25 20:45:00;52,24
2018-04-25 21:00:00;49,92
2018-04-25 21:15:00;51,52
2018-04-25 21:30:00;50,20
2018-04-25 21:45:00;49,40
2018-04-25 22:00:00;47,68
2018-04-25 22:15:00;49,28
2018-04-25 22:30:00;44,72
2018-04-25 22:45:00;48,08
2018-04-25 23:00:00;47,24
2018-04-25 23:15:00;46,12
2018-04-25 23:30:00;47,16
2018-04-25 23:45:00;47,64
2018-04-26 00:00:00;46,40
2018-04-26 00:15:00;47,32
2018-04-26 00:30:00;38,56
2018-04-26 00:45:00;39,20
2018-04-26 01:00:00;35,96
2018-04-26 01:15:00;33,68
2018-04-26 01:30:00;34,84
2018-04-26 01:45:00;30,52
2018-04-26 02:00:00;32,48
2018-04-26 02:15:00;31,48
2018-04-26 02:30:00;31,48
2018-04-26 02:45:00;32,40
2018-04-26 03:00:00;31,44
2018-04-26 03:15:00;31,44
2018-04-26 03:30:00;33,08
2018-04-26 03:45:00;31,48
2018-04-26 04:00:00;31,84
2018-04-26 04:15:00;31,52
2018-04-26 04:30:00;31,04
2018-04-26 04:45:00;32,08
2018-04-26 05:00:00;30,24
2018-04-26 05:15:00;32,00
2018-04-26 05:30:00;33,28
2018-04-26 05:45:00;33,92
2018-04-26 06:00:00;43,48
2018-04-26 06:15:00;86,80
2018-04-26 06:30:00;121,52
2018-04-26 06:45:00;139,44
2018-04-26 07:00:00;133,96
2018-04-26 07:15:00;128,44
2018-04-26 07:30:00;129,32
2018-04-26 07:45:00;129,32
2018-04-26 08:00:00;134,88
2018-04-26 08:15:00;113,36
2018-04-26 08:30:00;121,08
2018-04-26 08:45:00;131,36
2018-04-26 09:00:00;131,24
2018-04-26 09:15:00;129,88
2018-04-26 09:30:00;122,12
2018-04-26 09:45:00;134,48
2018-04-26 10:00:00;134,28
2018-04-26 10:15:00;146,28
2018-04-26 10:30:00;140,64
2018-04-26 10:45:00;137,32
2018-04-26 11:00:00;134,36
2018-04-26 11:15:00;108,32
2018-04-26 11:30:00;97,84
2018-04-26 11:45:00;113,04
2018-04-26 12:00:00;125,20
2018-04-26 12:15:00;133,88
2018-04-26 12:30:00;133,24
2018-04-26 12:45:00;131,28
2018-04-26 13:00:00;130,24
2018-04-26 13:15:00;144,40
2018-04-26 13:30:00;141,32
2018-04-26 13:45:00;130,88
2018-04-26 14:00:00;134,36
2018-04-26 14:15:00;124,44
2018-04-26 14:30:00;129,28
2018-04-26 14:45:00;144,76
2018-04-26 15:00:00;149,76
2018-04-26 15:15:00;136,40
2018-04-26 15:30:00;115,16
2018-04-26 15:45:00;102,44
2018-04-26 16:00:00;101,32
2018-04-26 16:15:00;97,96
2018-04-26 16:30:00;84,40
2018-04-26 16:45:00;74,04
2018-04-26 17:00:00;60,88
2018-04-26 17:15:00;61,92
2018-04-26 17:30:00;53,68
2018-04-26 17:45:00;52,84
2018-04-26 18:00:00;51,68
2018-04-26 18:15:00;48,56
2018-04-26 18:30:00;52,52
2018-04-26 18:45:00;58,56
2018-04-26 19:00:00;52,12
2018-04-26 19:15:00;51,80
2018-04-26 19:30:00;52,64
2018-04-26 19:45:00;48,08
2018-04-26 20:00:00;47,32
2018-04-26 20:15:00;47,76
2018-04-26 20:30:00;48,44
2018-04-26 20:45:00;45,92
2018-04-26 21:00:00;48,16
2018-04-26 21:15:00;47,64
2018-04-26 21:30:00;47,56
2018-04-26 21:45:00;48,16
2018-04-26 22:00:00;47,00
2018-04-26 22:15:00;48,64
2018-04-26 22:30:00;47,08
2018-04-26 22:45:00;46,60
2018-04-26 23:00:00;48,16
2018-04-26 23:15:00;42,68
2018-04-26 23:30:00;38,60
2018-04-26 23:45:00;35,64
2018-04-27 00:00:00;33,40
2018-04-27 00:15:00;35,24
2018-04-27 00:30:00;32,24
2018-04-27 00:45:00;31,20
2018-04-27 01:00:00;32,88
2018-04-27 01:15:00;31,04
2018-04-27 01:30:00;32,52
2018-04-27 01:45:00;31,60
2018-04-27 02:00:00;31,28
2018-04-27 02:15:00;32,08
2018-04-27 02:30:00;32,56
2018-04-27 02:45:00;31,40
2018-04-27 03:00:00;31,32
2018-04-27 03:15:00;31,92
2018-04-27 03:30:00;32,28
2018-04-27 03:45:00;32,96
2018-04-27 04:00:00;30,84
2018-04-27 04:15:00;31,60
2018-04-27 04:30:00;31,44
2018-04-27 04:45:00;31,92
2018-04-27 05:00:00;31,16
2018-04-27 05:15:00;30,80
2018-04-27 05:30:00;37,04
2018-04-27 05:45:00;45,80
2018-04-27 06:00:00;54,56
2018-04-27 06:15:00;85,72
2018-04-27 06:30:00;118,60
2018-04-27 06:45:00;126,52
2018-04-27 07:00:00;119,48
2018-04-27 07:15:00;123,60
2018-04-27 07:30:00;129,64
2018-04-27 07:45:00;136,96
2018-04-27 08:00:00;135,08
2018-04-27 08:15:00;124,52
2018-04-27 08:30:00;133,40
2018-04-27 08:45:00;147,52
2018-04-27 09:00:00;148,36
2018-04-27 09:15:00;145,52
2018-04-27 09:30:00;138,16
2018-04-27 09:45:00;146,24
2018-04-27 10:00:00;139,44
2018-04-27 10:15:00;132,56
2018-04-27 10:30:00;137,92
2018-04-27 10:45:00;141,68
2018-04-27 11:00:00;143,80
2018-04-27 11:15:00;115,48
2018-04-27 11:30:00;111,08
2018-04-27 11:45:00;128,48
2018-04-27 12:00:00;136,76
2018-04-27 12:15:00;133,28
2018-04-27 12:30:00;133,12
2018-04-27 12:45:00;142,32
2018-04-27 13:00:00;129,64
2018-04-27 13:15:00;137,36
2018-04-27 13:30:00;130,40
2018-04-27 13:45:00;125,04
2018-04-27 14:00:00;111,56
2018-04-27 14:15:00;94,76
2018-04-27 14:30:00;66,60
2018-04-27 14:45:00;64,28
2018-04-27 15:00:00;60,16
2018-04-27 15:15:00;56,32
2018-04-27 15:30:00;55,52
2018-04-27 15:45:00;56,92
2018-04-27 16:00:00;50,48
2018-04-27 16:15:00;58,92
2018-04-27 16:30:00;59,40
2018-04-27 16:45:00;64,64
2018-04-27 17:00:00;61,36
2018-04-27 17:15:00;64,64
2018-04-27 17:30:00;54,48
2018-04-27 17:45:00;44,64
2018-04-27 18:00:00;42,44
2018-04-27 18:15:00;46,08
2018-04-27 18:30:00;46,12
2018-04-27 18:45:00;43,84
2018-04-27 19:00:00;41,96
2018-04-27 19:15:00;40,92
2018-04-27 19:30:00;31,80
2018-04-27 19:45:00;31,52
2018-04-27 20:00:00;30,88
2018-04-27 20:15:00;31,08
2018-04-27 20:30:00;31,80
2018-04-27 20:45:00;30,28
2018-04-27 21:00:00;31,28
2018-04-27 21:15:00;31,28
2018-04-27 21:30:00;28,56
2018-04-27 21:45:00;27,56
2018-04-27 22:00:00;27,36
2018-04-27 22:15:00;26,68
2018-04-27 22:30:00;26,52
2018-04-27 22:45:00;26,28
2018-04-27 23:00:00;26,68
2018-04-27 23:15:00;26,36
2018-04-27 23:30:00;26,44
2018-04-27 23:45:00;25,88
2018-04-28 00:00:00;27,64
2018-04-28 00:15:00;25,12
2018-04-28 00:30:00;27,52
2018-04-28 00:45:00;26,52
2018-04-28 01:00:00;26,16
2018-04-28 01:15:00;27,32
2018-04-28 01:30:00;26,56
2018-04-28 01:45:00;25,76
2018-04-28 02:00:00;26,68
2018-04-28 02:15:00;26,88
2018-04-28 02:30:00;26,12
2018-04-28 02:45:00;26,48
2018-04-28 03:00:00;25,76
2018-04-28 03:15:00;26,68
2018-04-28 03:30:00;26,72
2018-04-28 03:45:00;25,04
2018-04-28 04:00:00;27,24
2018-04-28 04:15:00;25,88
2018-04-28 04:30:00;25,68
2018-04-28 04:45:00;26,76
2018-04-28 05:00:00;25,80
2018-04-28 05:15:00;25,84
2018-04-28 05:30:00;25,72
2018-04-28 05:45:00;25,76
2018-04-28 06:00:00;27,56
2018-04-28 06:15:00;29,04
2018-04-28 06:30:00;31,12
2018-04-28 06:45:00;32,20
2018-04-28 07:00:00;31,96
2018-04-28 07:15:00;31,04
2018-04-28 07:30:00;32,84
2018-04-28 07:45:00;30,64
2018-04-28 08:00:00;29,60
2018-04-28 08:15:00;31,36
2018-04-28 08:30:00;30,96
2018-04-28 08:45:00;28,84
2018-04-28 09:00:00;29,08
2018-04-28 09:15:00;29,68
2018-04-28 09:30:00;28,72
2018-04-28 09:45:00;27,80
2018-04-28 10:00:00;32,12
2018-04-28 10:15:00;30,68
2018-04-28 10:30:00;28,16
2018-04-28 10:45:00;28,32
2018-04-28 11:00:00;28,68
2018-04-28 11:15:00;30,64
2018-04-28 11:30:00;37,80
2018-04-28 11:45:00;38,16
2018-04-28 12:00:00;39,40
2018-04-28 12:15:00;37,00
2018-04-28 12:30:00;32,04
2018-04-28 12:45:00;28,92
2018-04-28 13:00:00;30,52
2018-04-28 13:15:00;32,40
2018-04-28 13:30:00;28,44
2018-04-28 13:45:00;27,60
2018-04-28 14:00:00;28,52
2018-04-28 14:15:00;27,40
2018-04-28 14:30:00;29,68
2018-04-28 14:45:00;27,88
2018-04-28 15:00:00;28,40
2018-04-28 15:15:00;28,60
2018-04-28 15:30:00;36,56
2018-04-28 15:45:00;38,68
2018-04-28 16:00:00;41,36
2018-04-28 16:15:00;40,48
2018-04-28 16:30:00;36,76
2018-04-28 16:45:00;32,96
2018-04-28 17:00:00;30,20
2018-04-28 17:15:00;33,16
2018-04-28 17:30:00;32,88
2018-04-28 17:45:00;34,08
2018-04-28 18:00:00;32,92
2018-04-28 18:15:00;35,68
2018-04-28 18:30:00;33,72
2018-04-28 18:45:00;31,88
2018-04-28 19:00:00;31,00
2018-04-28 19:15:00;30,72
2018-04-28 19:30:00;32,04
2018-04-28 19:45:00;31,72
2018-04-28 20:00:00;30,72
2018-04-28 20:15:00;31,00
2018-04-28 20:30:00;31,56
2018-04-28 20:45:00;31,32
2018-04-28 21:00:00;30,04
2018-04-28 21:15:00;27,52
2018-04-28 21:30:00;26,36
2018-04-28 21:45:00;25,76
2018-04-28 22:00:00;24,96
2018-04-28 22:15:00;25,44
2018-04-28 22:30:00;26,52
2018-04-28 22:45:00;24,00
2018-04-28 23:00:00;26,20
2018-04-28 23:15:00;26,16
2018-04-28 23:30:00;23,92
2018-04-28 23:45:00;24,88
2018-04-29 00:00:00;25,40
2018-04-29 00:15:00;23,32
2018-04-29 00:30:00;25,44
2018-04-29 00:45:00;24,88
2018-04-29 01:00:00;23,72
2018-04-29 01:15:00;26,28
2018-04-29 01:30:00;23,28
2018-04-29 01:45:00;24,56
2018-04-29 02:00:00;24,52
2018-04-29 02:15:00;24,24
2018-04-29 02:30:00;24,44
2018-04-29 02:45:00;25,56
2018-04-29 03:00:00;23,00
2018-04-29 03:15:00;25,36
2018-04-29 03:30:00;25,08
2018-04-29 03:45:00;22,68
2018-04-29 04:00:00;24,32
2018-04-29 04:15:00;25,68
2018-04-29 04:30:00;23,36
2018-04-29 04:45:00;25,60
2018-04-29 05:00:00;24,76
2018-04-29 05:15:00;28,08
2018-04-29 05:30:00;26,72
2018-04-29 05:45:00;26,68
2018-04-29 06:00:00;27,36
2018-04-29 06:15:00;25,92
2018-04-29 06:30:00;27,96
2018-04-29 06:45:00;29,60
2018-04-29 07:00:00;26,72
2018-04-29 07:15:00;26,88
2018-04-29 07:30:00;27,92
2018-04-29 07:45:00;27,96
2018-04-29 08:00:00;28,36
2018-04-29 08:15:00;29,60
2018-04-29 08:30:00;26,56
2018-04-29 08:45:00;28,08
2018-04-29 09:00:00;28,28
2018-04-29 09:15:00;26,36
2018-04-29 09:30:00;27,60
2018-04-29 09:45:00;27,88
2018-04-29 10:00:00;29,44
2018-04-29 10:15:00;28,44
2018-04-29 10:30:00;30,40
2018-04-29 10:45:00;28,36
2018-04-29 11:00:00;31,56
2018-04-29 11:15:00;32,52
2018-04-29 11:30:00;29,28
2018-04-29 11:45:00;30,68
2018-04-29 12:00:00;27,32
2018-04-29 12:15:00;28,44
2018-04-29 12:30:00;28,12
2018-04-29 12:45:00;28,80
2018-04-29 13:00:00;28,72
2018-04-29 13:15:00;30,28
2018-04-29 13:30:00;27,60
2018-04-29 13:45:00;29,48
2018-04-29 14:00:00;29,56
2018-04-29 14:15:00;31,60
2018-04-29 14:30:00;30,24
2018-04-29 14:45:00;31,08
2018-04-29 15:00:00;28,16
2018-04-29 15:15:00;26,92
2018-04-29 15:30:00;27,72
2018-04-29 15:45:00;42,44
2018-04-29 16:00:00;33,20
2018-04-29 16:15:00;22,48
2018-04-29 16:30:00;18,68
2018-04-29 16:45:00;19,68
2018-04-29 17:00:00;17,84
2018-04-29 17:15:00;19,00
2018-04-29 17:30:00;18,32
2018-04-29 17:45:00;29,44
2018-04-29 18:00:00;23,56
2018-04-29 18:15:00;18,68
2018-04-29 18:30:00;18,12
2018-04-29 18:45:00;17,84
2018-04-29 19:00:00;19,80
2018-04-29 19:15:00;18,16
2018-04-29 19:30:00;24,16
2018-04-29 19:45:00;25,40
2018-04-29 20:00:00;27,16
2018-04-29 20:15:00;26,56
2018-04-29 20:30:00;24,76
2018-04-29 20:45:00;26,76
2018-04-29 21:00:00;25,56
2018-04-29 21:15:00;25,00
2018-04-29 21:30:00;18,80
2018-04-29 21:45:00;20,24
2018-04-29 22:00:00;18,72
2018-04-29 22:15:00;19,04
2018-04-29 22:30:00;19,68
2018-04-29 22:45:00;17,92
2018-04-29 23:00:00;18,72
2018-04-29 23:15:00;19,08
2018-04-29 23:30:00;19,36
2018-04-29 23:45:00;18,32
2018-04-30 00:00:00;18,32
2018-04-30 00:15:00;19,60
2018-04-30 00:30:00;18,28
2018-04-30 00:45:00;19,12
2018-04-30 01:00:00;18,72
2018-04-30 01:15:00;18,68
2018-04-30 01:30:00;18,96
2018-04-30 01:45:00;18,72
2018-04-30 02:00:00;18,76
2018-04-30 02:15:00;18,12
2018-04-30 02:30:00;19,48
2018-04-30 02:45:00;18,24
2018-04-30 03:00:00;17,76
2018-04-30 03:15:00;19,56
2018-04-30 03:30:00;17,56
2018-04-30 03:45:00;18,84
2018-04-30 04:00:00;19,04
2018-04-30 04:15:00;17,84
2018-04-30 04:30:00;18,72
2018-04-30 04:45:00;18,88
2018-04-30 05:00:00;18,60
2018-04-30 05:15:00;17,68
2018-04-30 05:30:00;23,96
2018-04-30 05:45:00;24,52
2018-04-30 06:00:00;33,64
2018-04-30 06:15:00;72,12
2018-04-30 06:30:00;103,64
2018-04-30 06:45:00;107,16
2018-04-30 07:00:00;110,92
2018-04-30 07:15:00;121,20
2018-04-30 07:30:00;132,88
2018-04-30 07:45:00;135,36
2018-04-30 08:00:00;126,80
2018-04-30 08:15:00;98,40
2018-04-30 08:30:00;103,08
2018-04-30 08:45:00;119,64
2018-04-30 09:00:00;120,32
2018-04-30 09:15:00;121,24
2018-04-30 09:30:00;127,68
2018-04-30 09:45:00;139,28
2018-04-30 10:00:00;140,12
2018-04-30 10:15:00;137,60
2018-04-30 10:30:00;135,60
2018-04-30 10:45:00;122,68
2018-04-30 11:00:00;114,64
2018-04-30 11:15:00;110,56
2018-04-30 11:30:00;103,04
2018-04-30 11:45:00;113,72
2018-04-30 12:00:00;122,80
2018-04-30 12:15:00;120,52
2018-04-30 12:30:00;114,16
2018-04-30 12:45:00;119,72
2018-04-30 13:00:00;127,52
2018-04-30 13:15:00;137,24
2018-04-30 13:30:00;133,64
2018-04-30 13:45:00;134,64
2018-04-30 14:00:00;143,00
2018-04-30 14:15:00;139,20
2018-04-30 14:30:00;130,16
2018-04-30 14:45:00;130,20
2018-04-30 15:00:00;129,80
2018-04-30 15:15:00;135,08
2018-04-30 15:30:00;124,76
2018-04-30 15:45:00;100,00
2018-04-30 16:00:00;85,52
2018-04-30 16:15:00;62,88
2018-04-30 16:30:00;60,88
2018-04-30 16:45:00;66,92
2018-04-30 17:00:00;64,92
2018-04-30 17:15:00;65,28
2018-04-30 17:30:00;57,48
2018-04-30 17:45:00;54,72
2018-04-30 18:00:00;52,88
2018-04-30 18:15:00;49,80
2018-04-30 18:30:00;46,92
2018-04-30 18:45:00;42,52
2018-04-30 19:00:00;44,60
2018-04-30 19:15:00;42,92
2018-04-30 19:30:00;40,84
2018-04-30 19:45:00;40,28
2018-04-30 20:00:00;37,92
2018-04-30 20:15:00;38,16
2018-04-30 20:30:00;37,32
2018-04-30 20:45:00;36,04
2018-04-30 21:00:00;33,44
2018-04-30 21:15:00;34,20
2018-04-30 21:30:00;33,68
2018-04-30 21:45:00;34,24
2018-04-30 22:00:00;33,84
2018-04-30 22:15:00;32,92
2018-04-30 22:30:00;35,20
2018-04-30 22:45:00;32,92
2018-04-30 23:00:00;32,76
2018-04-30 23:15:00;34,04
2018-04-30 23:30:00;34,76
2018-04-30 23:45:00;33,84
2018-05-01 00:00:00;33,76
2018-05-01 00:15:00;33,44
2018-05-01 00:30:00;33,64
2018-05-01 00:45:00;32,72
2018-05-01 01:00:00;34,36
2018-05-01 01:15:00;33,08
2018-05-01 01:30:00;33,96
2018-05-01 01:45:00;33,28
2018-05-01 02:00:00;32,16
2018-05-01 02:15:00;35,32
2018-05-01 02:30:00;31,60
2018-05-01 02:45:00;33,72
2018-05-01 03:00:00;34,00
2018-05-01 03:15:00;32,48
2018-05-01 03:30:00;32,80
2018-05-01 03:45:00;32,60
2018-05-01 04:00:00;34,44
2018-05-01 04:15:00;34,36
2018-05-01 04:30:00;34,04
2018-05-01 04:45:00;32,68
2018-05-01 05:00:00;33,28
2018-05-01 05:15:00;32,44
2018-05-01 05:30:00;36,72
2018-05-01 05:45:00;33,36
2018-05-01 06:00:00;35,44
2018-05-01 06:15:00;33,60
2018-05-01 06:30:00;35,04
2018-05-01 06:45:00;34,16
2018-05-01 07:00:00;31,84
2018-05-01 07:15:00;33,80
2018-05-01 07:30:00;30,32
2018-05-01 07:45:00;30,80
2018-05-01 08:00:00;31,84
2018-05-01 08:15:00;30,32
2018-05-01 08:30:00;33,68
2018-05-01 08:45:00;34,00
2018-05-01 09:00:00;33,24
2018-05-01 09:15:00;29,92
2018-05-01 09:30:00;30,12
2018-05-01 09:45:00;30,52
2018-05-01 10:00:00;29,76
2018-05-01 10:15:00;29,24
2018-05-01 10:30:00;29,68
2018-05-01 10:45:00;29,12
2018-05-01 11:00:00;30,72
2018-05-01 11:15:00;29,64
2018-05-01 11:30:00;28,04
2018-05-01 11:45:00;30,48
2018-05-01 12:00:00;29,52
2018-05-01 12:15:00;31,24
2018-05-01 12:30:00;29,68
2018-05-01 12:45:00;29,24
2018-05-01 13:00:00;28,72
2018-05-01 13:15:00;28,84
2018-05-01 13:30:00;29,80
2018-05-01 13:45:00;27,76
2018-05-01 14:00:00;27,48
2018-05-01 14:15:00;27,76
2018-05-01 14:30:00;27,12
2018-05-01 14:45:00;27,40
2018-05-01 15:00:00;27,04
2018-05-01 15:15:00;26,32
2018-05-01 15:30:00;27,12
2018-05-01 15:45:00;26,40
2018-05-01 16:00:00;27,28
2018-05-01 16:15:00;28,16
2018-05-01 16:30:00;25,96
2018-05-01 16:45:00;26,88
2018-05-01 17:00:00;26,56
2018-05-01 17:15:00;27,40
2018-05-01 17:30:00;24,96
2018-05-01 17:45:00;23,68
2018-05-01 18:00:00;26,64
2018-05-01 18:15:00;26,20
2018-05-01 18:30:00;26,44
2018-05-01 18:45:00;24,72
2018-05-01 19:00:00;24,32
2018-05-01 19:15:00;25,40
2018-05-01 19:30:00;24,76
2018-05-01 19:45:00;25,40
2018-05-01 20:00:00;24,72
2018-05-01 20:15:00;24,92
2018-05-01 20:30:00;25,92
2018-05-01 20:45:00;24,80
2018-05-01 21:00:00;25,56
2018-05-01 21:15:00;24,48
2018-05-01 21:30:00;25,24
2018-05-01 21:45:00;25,44
2018-05-01 22:00:00;24,76
2018-05-01 22:15:00;25,64
2018-05-01 22:30:00;25,12
2018-05-01 22:45:00;24,80
2018-05-01 23:00:00;25,60
2018-05-01 23:15:00;24,56
2018-05-01 23:30:00;25,36
2018-05-01 23:45:00;25,56
2018-05-02 00:00:00;24,60
2018-05-02 00:15:00;25,64
2018-05-02 00:30:00;24,84
2018-05-02 00:45:00;25,20
2018-05-02 01:00:00;25,44
2018-05-02 01:15:00;24,60
2018-05-02 01:30:00;26,08
2018-05-02 01:45:00;25,04
2018-05-02 02:00:00;24,76
2018-05-02 02:15:00;25,36
2018-05-02 02:30:00;25,00
2018-05-02 02:45:00;25,16
2018-05-02 03:00:00;25,64
2018-05-02 03:15:00;24,28
2018-05-02 03:30:00;25,72
2018-05-02 03:45:00;24,60
2018-05-02 04:00:00;24,68
2018-05-02 04:15:00;25,44
2018-05-02 04:30:00;24,44
2018-05-02 04:45:00;24,64
2018-05-02 05:00:00;25,48
2018-05-02 05:15:00;24,44
2018-05-02 05:30:00;27,36
2018-05-02 05:45:00;33,64
2018-05-02 06:00:00;54,32
2018-05-02 06:15:00;91,56
2018-05-02 06:30:00;112,64
2018-05-02 06:45:00;123,28
2018-05-02 07:00:00;124,04
2018-05-02 07:15:00;118,56
2018-05-02 07:30:00;126,52
2018-05-02 07:45:00;134,48
2018-05-02 08:00:00;145,56
2018-05-02 08:15:00;115,40
2018-05-02 08:30:00;123,28
2018-05-02 08:45:00;136,04
2018-05-02 09:00:00;143,88
2018-05-02 09:15:00;124,24
2018-05-02 09:30:00;122,16
2018-05-02 09:45:00;128,60
2018-05-02 10:00:00;131,28
2018-05-02 10:15:00;134,24
2018-05-02 10:30:00;134,60
2018-05-02 10:45:00;132,48
2018-05-02 11:00:00;121,36
2018-05-02 11:15:00;109,16
2018-05-02 11:30:00;96,84
2018-05-02 11:45:00;113,00
2018-05-02 12:00:00;122,08
2018-05-02 12:15:00;109,80
2018-05-02 12:30:00;118,80
2018-05-02 12:45:00;118,92
2018-05-02 13:00:00;113,92
2018-05-02 13:15:00;116,24
2018-05-02 13:30:00;125,68
2018-05-02 13:45:00;120,48
2018-05-02 14:00:00;123,96
2018-05-02 14:15:00;119,36
2018-05-02 14:30:00;118,20
2018-05-02 14:45:00;123,04
2018-05-02 15:00:00;124,72
2018-05-02 15:15:00;131,36
2018-05-02 15:30:00;125,16
2018-05-02 15:45:00;94,96
2018-05-02 16:00:00;82,08
2018-05-02 16:15:00;55,88
2018-05-02 16:30:00;53,04
2018-05-02 16:45:00;53,12
2018-05-02 17:00:00;54,28
2018-05-02 17:15:00;53,24
2018-05-02 17:30:00;48,52
2018-05-02 17:45:00;46,48
2018-05-02 18:00:00;47,40
2018-05-02 18:15:00;42,52
2018-05-02 18:30:00;42,32
2018-05-02 18:45:00;37,72
2018-05-02 19:00:00;38,16
2018-05-02 19:15:00;36,84
2018-05-02 19:30:00;36,36
2018-05-02 19:45:00;36,04
2018-05-02 20:00:00;36,20
2018-05-02 20:15:00;36,68
2018-05-02 20:30:00;36,12
2018-05-02 20:45:00;37,52
2018-05-02 21:00:00;36,68
2018-05-02 21:15:00;36,76
2018-05-02 21:30:00;35,40
2018-05-02 21:45:00;36,00
2018-05-02 22:00:00;32,96
2018-05-02 22:15:00;33,92
2018-05-02 22:30:00;34,56
2018-05-02 22:45:00;33,72
2018-05-02 23:00:00;34,80
2018-05-02 23:15:00;33,36
2018-05-02 23:30:00;34,60
2018-05-02 23:45:00;33,16
2018-05-03 00:00:00;31,72
2018-05-03 00:15:00;31,84
2018-05-03 00:30:00;31,88
2018-05-03 00:45:00;30,80
2018-05-03 01:00:00;30,16
2018-05-03 01:15:00;31,28
2018-05-03 01:30:00;31,08
2018-05-03 01:45:00;30,00
2018-05-03 02:00:00;31,52
2018-05-03 02:15:00;30,48
2018-05-03 02:30:00;30,88
2018-05-03 02:45:00;30,20
2018-05-03 03:00:00;30,28
2018-05-03 03:15:00;31,32
2018-05-03 03:30:00;30,24
2018-05-03 03:45:00;31,16
2018-05-03 04:00:00;31,04
2018-05-03 04:15:00;30,52
2018-05-03 04:30:00;31,40
2018-05-03 04:45:00;30,52
2018-05-03 05:00:00;30,76
2018-05-03 05:15:00;29,88
2018-05-03 05:30:00;31,48
2018-05-03 05:45:00;33,92
2018-05-03 06:00:00;41,96
2018-05-03 06:15:00;90,48
2018-05-03 06:30:00;92,76
2018-05-03 06:45:00;107,00
2018-05-03 07:00:00;111,40
2018-05-03 07:15:00;113,88
2018-05-03 07:30:00;116,80
2018-05-03 07:45:00;125,32
2018-05-03 08:00:00;122,60
2018-05-03 08:15:00;96,76
2018-05-03 08:30:00;110,52
2018-05-03 08:45:00;122,40
2018-05-03 09:00:00;131,48
2018-05-03 09:15:00;121,20
2018-05-03 09:30:00;125,08
2018-05-03 09:45:00;127,68
2018-05-03 10:00:00;122,92
2018-05-03 10:15:00;117,68
2018-05-03 10:30:00;118,92
2018-05-03 10:45:00;117,84
2018-05-03 11:00:00;128,56
2018-05-03 11:15:00;108,56
2018-05-03 11:30:00;103,40
2018-05-03 11:45:00;112,24
2018-05-03 12:00:00;124,16
2018-05-03 12:15:00;133,04
2018-05-03 12:30:00;132,28
2018-05-03 12:45:00;129,60
2018-05-03 13:00:00;115,92
2018-05-03 13:15:00;126,88
2018-05-03 13:30:00;124,40
2018-05-03 13:45:00;130,64
2018-05-03 14:00:00;140,88
2018-05-03 14:15:00;140,04
2018-05-03 14:30:00;139,88
2018-05-03 14:45:00;140,92
2018-05-03 15:00:00;136,96
2018-05-03 15:15:00;141,00
2018-05-03 15:30:00;134,88
2018-05-03 15:45:00;110,60
2018-05-03 16:00:00;101,72
2018-05-03 16:15:00;79,28
2018-05-03 16:30:00;71,24
2018-05-03 16:45:00;70,92
2018-05-03 17:00:00;65,64
2018-05-03 17:15:00;59,12
2018-05-03 17:30:00;53,08
2018-05-03 17:45:00;49,96
2018-05-03 18:00:00;48,72
2018-05-03 18:15:00;42,96
2018-05-03 18:30:00;42,60
2018-05-03 18:45:00;41,28
2018-05-03 19:00:00;40,40
2018-05-03 19:15:00;40,12
2018-05-03 19:30:00;34,92
2018-05-03 19:45:00;32,80
2018-05-03 20:00:00;33,20
2018-05-03 20:15:00;33,80
2018-05-03 20:30:00;29,44
2018-05-03 20:45:00;31,60
2018-05-03 21:00:00;29,44
2018-05-03 21:15:00;30,40
2018-05-03 21:30:00;30,12
2018-05-03 21:45:00;29,56
2018-05-03 22:00:00;30,80
2018-05-03 22:15:00;29,32
2018-05-03 22:30:00;29,96
2018-05-03 22:45:00;29,28
2018-05-03 23:00:00;29,80
2018-05-03 23:15:00;28,48
2018-05-03 23:30:00;30,56
2018-05-03 23:45:00;28,56
2018-05-04 00:00:00;29,24
2018-05-04 00:15:00;30,00
2018-05-04 00:30:00;28,52
2018-05-04 00:45:00;30,44
2018-05-04 01:00:00;29,60
2018-05-04 01:15:00;29,56
2018-05-04 01:30:00;28,76
2018-05-04 01:45:00;30,64
2018-05-04 02:00:00;30,04
2018-05-04 02:15:00;29,08
2018-05-04 02:30:00;29,32
2018-05-04 02:45:00;29,12
2018-05-04 03:00:00;30,44
2018-05-04 03:15:00;28,36
2018-05-04 03:30:00;29,12
2018-05-04 03:45:00;28,84
2018-05-04 04:00:00;30,00
2018-05-04 04:15:00;28,68
2018-05-04 04:30:00;28,44
2018-05-04 04:45:00;30,00
2018-05-04 05:00:00;29,12
2018-05-04 05:15:00;28,76
2018-05-04 05:30:00;33,24
2018-05-04 05:45:00;36,68
2018-05-04 06:00:00;47,92
2018-05-04 06:15:00;89,92
2018-05-04 06:30:00;119,44
2018-05-04 06:45:00;119,00
2018-05-04 07:00:00;125,24
2018-05-04 07:15:00;127,48
2018-05-04 07:30:00;125,40
2018-05-04 07:45:00;128,48
2018-05-04 08:00:00;132,60
2018-05-04 08:15:00;113,76
2018-05-04 08:30:00;140,68
2018-05-04 08:45:00;145,80
2018-05-04 09:00:00;137,88
2018-05-04 09:15:00;136,64
2018-05-04 09:30:00;147,64
2018-05-04 09:45:00;153,32
2018-05-04 10:00:00;154,44
2018-05-04 10:15:00;142,56
2018-05-04 10:30:00;135,88
2018-05-04 10:45:00;135,68
2018-05-04 11:00:00;135,20
2018-05-04 11:15:00;117,04
2018-05-04 11:30:00;105,48
2018-05-04 11:45:00;122,12
2018-05-04 12:00:00;140,72
2018-05-04 12:15:00;130,08
2018-05-04 12:30:00;135,76
2018-05-04 12:45:00;128,00
2018-05-04 13:00:00;137,16
2018-05-04 13:15:00;141,36
2018-05-04 13:30:00;134,60
2018-05-04 13:45:00;135,28
2018-05-04 14:00:00;116,56
2018-05-04 14:15:00;87,28
2018-05-04 14:30:00;74,96
2018-05-04 14:45:00;78,16
2018-05-04 15:00:00;73,24
2018-05-04 15:15:00;73,56
2018-05-04 15:30:00;61,64
2018-05-04 15:45:00;59,00
2018-05-04 16:00:00;61,60
2018-05-04 16:15:00;61,56
2018-05-04 16:30:00;62,40
2018-05-04 16:45:00;52,12
2018-05-04 17:00:00;50,16
2018-05-04 17:15:00;44,92
2018-05-04 17:30:00;41,36
2018-05-04 17:45:00;37,48
2018-05-04 18:00:00;38,16
2018-05-04 18:15:00;36,08
2018-05-04 18:30:00;30,00
2018-05-04 18:45:00;30,64
2018-05-04 19:00:00;28,72
2018-05-04 19:15:00;29,08
2018-05-04 19:30:00;29,64
2018-05-04 19:45:00;27,48
2018-05-04 20:00:00;25,60
2018-05-04 20:15:00;25,72
2018-05-04 20:30:00;26,84
2018-05-04 20:45:00;25,52
2018-05-04 21:00:00;26,68
2018-05-04 21:15:00;26,00
2018-05-04 21:30:00;26,48
2018-05-04 21:45:00;25,76
2018-05-04 22:00:00;25,84
2018-05-04 22:15:00;27,12
2018-05-04 22:30:00;25,64
2018-05-04 22:45:00;26,48
2018-05-04 23:00:00;25,52
2018-05-04 23:15:00;26,72
2018-05-04 23:30:00;25,16
2018-05-04 23:45:00;25,36
2018-05-05 00:00:00;26,52
2018-05-05 00:15:00;25,76
2018-05-05 00:30:00;26,32
2018-05-05 00:45:00;25,56
2018-05-05 01:00:00;25,76
2018-05-05 01:15:00;26,92
2018-05-05 01:30:00;25,40
2018-05-05 01:45:00;26,04
2018-05-05 02:00:00;25,60
2018-05-05 02:15:00;25,80
2018-05-05 02:30:00;25,80
2018-05-05 02:45:00;25,28
2018-05-05 03:00:00;26,40
2018-05-05 03:15:00;25,52
2018-05-05 03:30:00;26,12
2018-05-05 03:45:00;25,28
2018-05-05 04:00:00;25,20
2018-05-05 04:15:00;26,72
2018-05-05 04:30:00;25,32
2018-05-05 04:45:00;26,00
2018-05-05 05:00:00;25,20
2018-05-05 05:15:00;25,20
2018-05-05 05:30:00;26,76
2018-05-05 05:45:00;30,60
2018-05-05 06:00:00;37,68
2018-05-05 06:15:00;41,32
2018-05-05 06:30:00;40,52
2018-05-05 06:45:00;39,80
2018-05-05 07:00:00;40,80
2018-05-05 07:15:00;44,64
2018-05-05 07:30:00;46,80
2018-05-05 07:45:00;44,76
2018-05-05 08:00:00;48,08
2018-05-05 08:15:00;47,24
2018-05-05 08:30:00;50,20
2018-05-05 08:45:00;46,36
2018-05-05 09:00:00;47,52
2018-05-05 09:15:00;46,72
2018-05-05 09:30:00;48,80
2018-05-05 09:45:00;49,08
2018-05-05 10:00:00;45,60
2018-05-05 10:15:00;47,88
2018-05-05 10:30:00;47,32
2018-05-05 10:45:00;37,76
2018-05-05 11:00:00;36,16
2018-05-05 11:15:00;36,64
2018-05-05 11:30:00;37,08
2018-05-05 11:45:00;32,64
2018-05-05 12:00:00;32,84
2018-05-05 12:15:00;29,64
2018-05-05 12:30:00;27,28
2018-05-05 12:45:00;31,04
2018-05-05 13:00:00;29,40
2018-05-05 13:15:00;28,92
2018-05-05 13:30:00;29,08
2018-05-05 13:45:00;31,64
2018-05-05 14:00:00;28,44
2018-05-05 14:15:00;28,04
2018-05-05 14:30:00;31,28
2018-05-05 14:45:00;29,04
2018-05-05 15:00:00;29,16
2018-05-05 15:15:00;29,28
2018-05-05 15:30:00;30,00
2018-05-05 15:45:00;28,68
2018-05-05 16:00:00;30,32
2018-05-05 16:15:00;29,40
2018-05-05 16:30:00;27,16
2018-05-05 16:45:00;30,04
2018-05-05 17:00:00;32,00
2018-05-05 17:15:00;34,28
2018-05-05 17:30:00;39,60
2018-05-05 17:45:00;44,96
2018-05-05 18:00:00;41,56
2018-05-05 18:15:00;39,36
2018-05-05 18:30:00;38,60
2018-05-05 18:45:00;36,04
2018-05-05 19:00:00;43,56
2018-05-05 19:15:00;43,68
2018-05-05 19:30:00;38,84
2018-05-05 19:45:00;35,24
2018-05-05 20:00:00;31,88
2018-05-05 20:15:00;29,20
2018-05-05 20:30:00;28,72
2018-05-05 20:45:00;31,64
2018-05-05 21:00:00;29,28
2018-05-05 21:15:00;29,00
2018-05-05 21:30:00;30,12
2018-05-05 21:45:00;29,72
2018-05-05 22:00:00;28,04
2018-05-05 22:15:00;30,48
2018-05-05 22:30:00;29,48
2018-05-05 22:45:00;28,24
2018-05-05 23:00:00;30,16
2018-05-05 23:15:00;29,16
2018-05-05 23:30:00;28,64
2018-05-05 23:45:00;29,88
2018-05-06 00:00:00;29,28
2018-05-06 00:15:00;27,44
2018-05-06 00:30:00;30,20
2018-05-06 00:45:00;30,16
2018-05-06 01:00:00;26,80
2018-05-06 01:15:00;30,28
2018-05-06 01:30:00;29,96
2018-05-06 01:45:00;27,20
2018-05-06 02:00:00;29,36
2018-05-06 02:15:00;29,88
2018-05-06 02:30:00;28,92
2018-05-06 02:45:00;28,36
2018-05-06 03:00:00;29,32
2018-05-06 03:15:00;28,32
2018-05-06 03:30:00;28,36
2018-05-06 03:45:00;31,12
2018-05-06 04:00:00;27,84
2018-05-06 04:15:00;27,00
2018-05-06 04:30:00;30,84
2018-05-06 04:45:00;29,28
2018-05-06 05:00:00;27,48
2018-05-06 05:15:00;29,16
2018-05-06 05:30:00;28,56
2018-05-06 05:45:00;27,48
2018-05-06 06:00:00;28,88
2018-05-06 06:15:00;28,80
2018-05-06 06:30:00;26,32
2018-05-06 06:45:00;29,68
2018-05-06 07:00:00;28,84
2018-05-06 07:15:00;26,56
2018-05-06 07:30:00;29,40
2018-05-06 07:45:00;28,60
2018-05-06 08:00:00;27,08
2018-05-06 08:15:00;28,32
2018-05-06 08:30:00;29,04
2018-05-06 08:45:00;27,76
2018-05-06 09:00:00;27,80
2018-05-06 09:15:00;37,08
2018-05-06 09:30:00;39,16
2018-05-06 09:45:00;34,36
2018-05-06 10:00:00;42,96
2018-05-06 10:15:00;43,84
2018-05-06 10:30:00;41,44
2018-05-06 10:45:00;41,48
2018-05-06 11:00:00;35,76
2018-05-06 11:15:00;32,60
2018-05-06 11:30:00;34,40
2018-05-06 11:45:00;33,72
2018-05-06 12:00:00;30,72
2018-05-06 12:15:00;34,72
2018-05-06 12:30:00;32,48
2018-05-06 12:45:00;33,16
2018-05-06 13:00:00;32,52
2018-05-06 13:15:00;33,72
2018-05-06 13:30:00;32,32
2018-05-06 13:45:00;30,72
2018-05-06 14:00:00;32,60
2018-05-06 14:15:00;30,44
2018-05-06 14:30:00;33,04
2018-05-06 14:45:00;31,84
2018-05-06 15:00:00;34,84
2018-05-06 15:15:00;33,16
2018-05-06 15:30:00;33,28
2018-05-06 15:45:00;36,20
2018-05-06 16:00:00;43,96
2018-05-06 16:15:00;44,24
2018-05-06 16:30:00;43,12
2018-05-06 16:45:00;42,56
2018-05-06 17:00:00;36,04
2018-05-06 17:15:00;38,60
2018-05-06 17:30:00;38,20
2018-05-06 17:45:00;35,76
2018-05-06 18:00:00;33,72
2018-05-06 18:15:00;36,72
2018-05-06 18:30:00;34,08
2018-05-06 18:45:00;33,80
2018-05-06 19:00:00;35,60
2018-05-06 19:15:00;33,96
2018-05-06 19:30:00;33,36
2018-05-06 19:45:00;35,88
2018-05-06 20:00:00;35,08
2018-05-06 20:15:00;34,08
2018-05-06 20:30:00;33,00
2018-05-06 20:45:00;29,44
2018-05-06 21:00:00;29,72
2018-05-06 21:15:00;30,56
2018-05-06 21:30:00;31,68
2018-05-06 21:45:00;28,68
2018-05-06 22:00:00;31,32
2018-05-06 22:15:00;30,20
2018-05-06 22:30:00;28,72
2018-05-06 22:45:00;30,60
2018-05-06 23:00:00;29,68
2018-05-06 23:15:00;28,92
2018-05-06 23:30:00;29,80
2018-05-06 23:45:00;29,72
2018-05-07 00:00:00;29,24
2018-05-07 00:15:00;28,80
2018-05-07 00:30:00;31,64
2018-05-07 00:45:00;27,88
2018-05-07 01:00:00;29,00
2018-05-07 01:15:00;31,04
2018-05-07 01:30:00;28,44
2018-05-07 01:45:00;28,76
2018-05-07 02:00:00;30,40
2018-05-07 02:15:00;28,44
2018-05-07 02:30:00;29,20
2018-05-07 02:45:00;30,24
2018-05-07 03:00:00;29,48
2018-05-07 03:15:00;27,76
2018-05-07 03:30:00;30,24
2018-05-07 03:45:00;29,56
2018-05-07 04:00:00;26,84
2018-05-07 04:15:00;29,44
2018-05-07 04:30:00;30,12
2018-05-07 04:45:00;27,00
2018-05-07 05:00:00;29,56
2018-05-07 05:15:00;28,60
2018-05-07 05:30:00;36,56
2018-05-07 05:45:00;47,96
2018-05-07 06:00:00;56,76
2018-05-07 06:15:00;80,68
2018-05-07 06:30:00;94,48
2018-05-07 06:45:00;96,04
2018-05-07 07:00:00;115,44
2018-05-07 07:15:00;114,92
2018-05-07 07:30:00;113,40
2018-05-07 07:45:00;119,76
2018-05-07 08:00:00;125,12
2018-05-07 08:15:00;106,88
2018-05-07 08:30:00;123,72
2018-05-07 08:45:00;130,96
2018-05-07 09:00:00;135,60
2018-05-07 09:15:00;129,48
2018-05-07 09:30:00;132,60
2018-05-07 09:45:00;134,16
2018-05-07 10:00:00;122,80
2018-05-07 10:15:00;133,32
2018-05-07 10:30:00;134,00
2018-05-07 10:45:00;131,48
2018-05-07 11:00:00;134,52
2018-05-07 11:15:00;106,76
2018-05-07 11:30:00;100,44
2018-05-07 11:45:00;111,64
2018-05-07 12:00:00;126,56
2018-05-07 12:15:00;137,28
2018-05-07 12:30:00;124,00
2018-05-07 12:45:00;121,88
2018-05-07 13:00:00;118,44
2018-05-07 13:15:00;126,08
2018-05-07 13:30:00;125,40
2018-05-07 13:45:00;126,96
2018-05-07 14:00:00;126,80
2018-05-07 14:15:00;127,16
2018-05-07 14:30:00;125,60
2018-05-07 14:45:00;110,52
2018-05-07 15:00:00;121,88
2018-05-07 15:15:00;118,88
2018-05-07 15:30:00;114,76
2018-05-07 15:45:00;97,84
2018-05-07 16:00:00;83,92
2018-05-07 16:15:00;65,92
2018-05-07 16:30:00;57,08
2018-05-07 16:45:00;51,36
2018-05-07 17:00:00;50,12
2018-05-07 17:15:00;50,72
2018-05-07 17:30:00;46,44
2018-05-07 17:45:00;46,88
2018-05-07 18:00:00;46,12
2018-05-07 18:15:00;44,60
2018-05-07 18:30:00;46,76
2018-05-07 18:45:00;47,72
2018-05-07 19:00:00;46,28
2018-05-07 19:15:00;35,04
2018-05-07 19:30:00;33,36
2018-05-07 19:45:00;31,96
2018-05-07 20:00:00;32,92
2018-05-07 20:15:00;31,04
2018-05-07 20:30:00;32,80
2018-05-07 20:45:00;31,76
2018-05-07 21:00:00;32,92
2018-05-07 21:15:00;31,40
2018-05-07 21:30:00;32,20
2018-05-07 21:45:00;31,32
2018-05-07 22:00:00;29,36
2018-05-07 22:15:00;32,52
2018-05-07 22:30:00;30,48
2018-05-07 22:45:00;30,36
2018-05-07 23:00:00;30,52
2018-05-07 23:15:00;30,80
2018-05-07 23:30:00;27,92
2018-05-07 23:45:00;30,04
2018-05-08 00:00:00;30,44
2018-05-08 00:15:00;28,08
2018-05-08 00:30:00;30,68
2018-05-08 00:45:00;29,72
2018-05-08 01:00:00;28,08
2018-05-08 01:15:00;30,64
2018-05-08 01:30:00;29,96
2018-05-08 01:45:00;27,20
2018-05-08 02:00:00;30,08
2018-05-08 02:15:00;31,04
2018-05-08 02:30:00;27,44
2018-05-08 02:45:00;30,32
2018-05-08 03:00:00;30,00
2018-05-08 03:15:00;27,36
2018-05-08 03:30:00;31,32
2018-05-08 03:45:00;28,68
2018-05-08 04:00:00;28,32
2018-05-08 04:15:00;29,68
2018-05-08 04:30:00;29,16
2018-05-08 04:45:00;27,52
2018-05-08 05:00:00;29,40
2018-05-08 05:15:00;30,16
2018-05-08 05:30:00;29,04
2018-05-08 05:45:00;30,08
2018-05-08 06:00:00;42,28
2018-05-08 06:15:00;77,08
2018-05-08 06:30:00;98,04
2018-05-08 06:45:00;95,80
2018-05-08 07:00:00;102,88
2018-05-08 07:15:00;101,92
2018-05-08 07:30:00;105,52
2018-05-08 07:45:00;108,92
2018-05-08 08:00:00;101,28
2018-05-08 08:15:00;85,24
2018-05-08 08:30:00;88,44
2018-05-08 08:45:00;117,88
2018-05-08 09:00:00;121,44
2018-05-08 09:15:00;128,72
2018-05-08 09:30:00;131,72
2018-05-08 09:45:00;117,16
2018-05-08 10:00:00;128,12
2018-05-08 10:15:00;127,28
2018-05-08 10:30:00;122,92
2018-05-08 10:45:00;123,32
2018-05-08 11:00:00;116,96
2018-05-08 11:15:00;101,88
2018-05-08 11:30:00;96,76
2018-05-08 11:45:00;110,04
2018-05-08 12:00:00;110,80
2018-05-08 12:15:00;112,80
2018-05-08 12:30:00;130,04
2018-05-08 12:45:00;123,84
2018-05-08 13:00:00;124,84
2018-05-08 13:15:00;126,16
2018-05-08 13:30:00;125,72
2018-05-08 13:45:00;128,84
2018-05-08 14:00:00;116,84
2018-05-08 14:15:00;110,28
2018-05-08 14:30:00;117,20
2018-05-08 14:45:00;123,56
2018-05-08 15:00:00;125,72
2018-05-08 15:15:00;122,52
2018-05-08 15:30:00;115,72
2018-05-08 15:45:00;108,32
2018-05-08 16:00:00;108,08
2018-05-08 16:15:00;94,92
2018-05-08 16:30:00;88,44
2018-05-08 16:45:00;85,92
2018-05-08 17:00:00;81,44
2018-05-08 17:15:00;72,64
2018-05-08 17:30:00;66,92
2018-05-08 17:45:00;61,08
2018-05-08 18:00:00;61,40
2018-05-08 18:15:00;54,92
2018-05-08 18:30:00;55,80
2018-05-08 18:45:00;50,92
2018-05-08 19:00:00;55,44
2018-05-08 19:15:00;53,72
2018-05-08 19:30:00;39,36
2018-05-08 19:45:00;40,92
2018-05-08 20:00:00;39,52
2018-05-08 20:15:00;40,48
2018-05-08 20:30:00;40,60
2018-05-08 20:45:00;35,08
2018-05-08 21:00:00;34,00
2018-05-08 21:15:00;31,72
2018-05-08 21:30:00;31,80
2018-05-08 21:45:00;27,88
2018-05-08 22:00:00;27,32
2018-05-08 22:15:00;28,12
2018-05-08 22:30:00;27,52
2018-05-08 22:45:00;27,84
2018-05-08 23:00:00;28,44
2018-05-08 23:15:00;27,24
2018-05-08 23:30:00;28,04
2018-05-08 23:45:00;27,56
2018-05-09 00:00:00;27,32
2018-05-09 00:15:00;27,56
2018-05-09 00:30:00;26,64
2018-05-09 00:45:00;27,28
2018-05-09 01:00:00;27,64
2018-05-09 01:15:00;26,52
2018-05-09 01:30:00;27,04
2018-05-09 01:45:00;26,48
2018-05-09 02:00:00;26,76
2018-05-09 02:15:00;26,28
2018-05-09 02:30:00;26,56
2018-05-09 02:45:00;26,36
2018-05-09 03:00:00;26,48
2018-05-09 03:15:00;25,92
2018-05-09 03:30:00;26,44
2018-05-09 03:45:00;26,28
2018-05-09 04:00:00;26,12
2018-05-09 04:15:00;25,88
2018-05-09 04:30:00;26,08
2018-05-09 04:45:00;25,84
2018-05-09 05:00:00;25,44
2018-05-09 05:15:00;26,20
2018-05-09 05:30:00;28,96
2018-05-09 05:45:00;29,24
2018-05-09 06:00:00;42,76
2018-05-09 06:15:00;87,92
2018-05-09 06:30:00;101,16
2018-05-09 06:45:00;104,92
2018-05-09 07:00:00;99,84
2018-05-09 07:15:00;106,20
2018-05-09 07:30:00;108,40
2018-05-09 07:45:00;116,44
2018-05-09 08:00:00;116,48
2018-05-09 08:15:00;99,44
2018-05-09 08:30:00;111,28
2018-05-09 08:45:00;113,72
2018-05-09 09:00:00;112,64
2018-05-09 09:15:00;109,56
2018-05-09 09:30:00;107,28
2018-05-09 09:45:00;103,52
2018-05-09 10:00:00;108,48
2018-05-09 10:15:00;112,04
2018-05-09 10:30:00;110,92
2018-05-09 10:45:00;118,44
2018-05-09 11:00:00;110,24
2018-05-09 11:15:00;99,84
2018-05-09 11:30:00;92,32
2018-05-09 11:45:00;99,64
2018-05-09 12:00:00;109,60
2018-05-09 12:15:00;118,96
2018-05-09 12:30:00;115,20
2018-05-09 12:45:00;118,88
2018-05-09 13:00:00;115,40
2018-05-09 13:15:00;112,04
2018-05-09 13:30:00;113,96
2018-05-09 13:45:00;114,52
2018-05-09 14:00:00;127,52
2018-05-09 14:15:00;140,04
2018-05-09 14:30:00;138,80
2018-05-09 14:45:00;134,48
2018-05-09 15:00:00;125,84
2018-05-09 15:15:00;129,60
2018-05-09 15:30:00;126,84
2018-05-09 15:45:00;97,12
2018-05-09 16:00:00;94,08
2018-05-09 16:15:00;87,24
2018-05-09 16:30:00;83,12
2018-05-09 16:45:00;70,00
2018-05-09 17:00:00;62,84
2018-05-09 17:15:00;56,40
2018-05-09 17:30:00;54,04
2018-05-09 17:45:00;37,36
2018-05-09 18:00:00;31,20
2018-05-09 18:15:00;31,44
2018-05-09 18:30:00;29,68
2018-05-09 18:45:00;26,88
2018-05-09 19:00:00;26,44
2018-05-09 19:15:00;26,36
2018-05-09 19:30:00;25,84
2018-05-09 19:45:00;26,56
2018-05-09 20:00:00;25,92
2018-05-09 20:15:00;27,32
2018-05-09 20:30:00;26,28
2018-05-09 20:45:00;27,60
2018-05-09 21:00:00;26,04
2018-05-09 21:15:00;26,92
2018-05-09 21:30:00;26,48
2018-05-09 21:45:00;29,76
2018-05-09 22:00:00;34,64
2018-05-09 22:15:00;32,12
2018-05-09 22:30:00;30,08
2018-05-09 22:45:00;28,96
2018-05-09 23:00:00;29,20
2018-05-09 23:15:00;27,88
2018-05-09 23:30:00;28,88
2018-05-09 23:45:00;27,28
2018-05-10 00:00:00;27,64
2018-05-10 00:15:00;28,80
2018-05-10 00:30:00;26,52
2018-05-10 00:45:00;29,00
2018-05-10 01:00:00;27,60
2018-05-10 01:15:00;28,56
2018-05-10 01:30:00;27,32
2018-05-10 01:45:00;27,48
2018-05-10 02:00:00;28,84
2018-05-10 02:15:00;27,08
2018-05-10 02:30:00;28,20
2018-05-10 02:45:00;27,48
2018-05-10 03:00:00;27,16
2018-05-10 03:15:00;27,56
2018-05-10 03:30:00;26,48
2018-05-10 03:45:00;27,52
2018-05-10 04:00:00;25,76
2018-05-10 04:15:00;26,44
2018-05-10 04:30:00;24,00
2018-05-10 04:45:00;25,08
2018-05-10 05:00:00;25,04
2018-05-10 05:15:00;24,12
2018-05-10 05:30:00;27,44
2018-05-10 05:45:00;25,04
2018-05-10 06:00:00;25,68
2018-05-10 06:15:00;27,08
2018-05-10 06:30:00;25,92
2018-05-10 06:45:00;26,44
2018-05-10 07:00:00;25,40
2018-05-10 07:15:00;26,12
2018-05-10 07:30:00;27,12
2018-05-10 07:45:00;25,60
2018-05-10 08:00:00;27,08
2018-05-10 08:15:00;25,12
2018-05-10 08:30:00;27,24
2018-05-10 08:45:00;26,40
2018-05-10 09:00:00;31,16
2018-05-10 09:15:00;33,36
2018-05-10 09:30:00;34,60
2018-05-10 09:45:00;34,24
2018-05-10 10:00:00;35,40
2018-05-10 10:15:00;39,32
2018-05-10 10:30:00;39,44
2018-05-10 10:45:00;40,04
2018-05-10 11:00:00;37,60
2018-05-10 11:15:00;49,88
2018-05-10 11:30:00;50,76
2018-05-10 11:45:00;51,08
2018-05-10 12:00:00;54,08
2018-05-10 12:15:00;52,88
2018-05-10 12:30:00;51,04
2018-05-10 12:45:00;47,60
2018-05-10 13:00:00;43,76
2018-05-10 13:15:00;45,80
2018-05-10 13:30:00;44,64
2018-05-10 13:45:00;45,76
2018-05-10 14:00:00;44,76
2018-05-10 14:15:00;45,88
2018-05-10 14:30:00;45,08
2018-05-10 14:45:00;44,56
2018-05-10 15:00:00;46,16
2018-05-10 15:15:00;44,64
2018-05-10 15:30:00;44,80
2018-05-10 15:45:00;45,76
2018-05-10 16:00:00;45,60
2018-05-10 16:15:00;43,40
2018-05-10 16:30:00;44,84
2018-05-10 16:45:00;42,68
2018-05-10 17:00:00;43,84
2018-05-10 17:15:00;42,44
2018-05-10 17:30:00;54,20
2018-05-10 17:45:00;40,92
2018-05-10 18:00:00;40,48
2018-05-10 18:15:00;43,12
2018-05-10 18:30:00;37,48
2018-05-10 18:45:00;25,56
2018-05-10 19:00:00;24,64
2018-05-10 19:15:00;23,20
2018-05-10 19:30:00;19,64
2018-05-10 19:45:00;19,24
2018-05-10 20:00:00;19,92
2018-05-10 20:15:00;19,44
2018-05-10 20:30:00;20,08
2018-05-10 20:45:00;19,60
2018-05-10 21:00:00;20,36
2018-05-10 21:15:00;17,88
2018-05-10 21:30:00;19,92
2018-05-10 21:45:00;19,64
2018-05-10 22:00:00;17,96
2018-05-10 22:15:00;20,00
2018-05-10 22:30:00;18,40
2018-05-10 22:45:00;19,36
2018-05-10 23:00:00;19,12
2018-05-10 23:15:00;17,88
2018-05-10 23:30:00;19,60
2018-05-10 23:45:00;19,12
2018-05-11 00:00:00;18,28
2018-05-11 00:15:00;19,28
2018-05-11 00:30:00;19,04
2018-05-11 00:45:00;18,76
2018-05-11 01:00:00;18,68
2018-05-11 01:15:00;18,68
2018-05-11 01:30:00;18,68
2018-05-11 01:45:00;19,40
2018-05-11 02:00:00;19,32
2018-05-11 02:15:00;18,20
2018-05-11 02:30:00;18,64
2018-05-11 02:45:00;19,04
2018-05-11 03:00:00;18,80
2018-05-11 03:15:00;18,88
2018-05-11 03:30:00;18,60
2018-05-11 03:45:00;18,64
2018-05-11 04:00:00;19,92
2018-05-11 04:15:00;17,56
2018-05-11 04:30:00;18,72
2018-05-11 04:45:00;19,72
2018-05-11 05:00:00;17,32
2018-05-11 05:15:00;18,68
2018-05-11 05:30:00;23,80
2018-05-11 05:45:00;25,88
2018-05-11 06:00:00;35,96
2018-05-11 06:15:00;70,24
2018-05-11 06:30:00;83,12
2018-05-11 06:45:00;95,52
2018-05-11 07:00:00;104,32
2018-05-11 07:15:00;109,84
2018-05-11 07:30:00;112,40
2018-05-11 07:45:00;120,00
2018-05-11 08:00:00;119,52
2018-05-11 08:15:00;111,88
2018-05-11 08:30:00;127,68
2018-05-11 08:45:00;131,76
2018-05-11 09:00:00;136,12
2018-05-11 09:15:00;135,08
2018-05-11 09:30:00;121,72
2018-05-11 09:45:00;126,88
2018-05-11 10:00:00;119,36
2018-05-11 10:15:00;123,40
2018-05-11 10:30:00;119,56
2018-05-11 10:45:00;115,36
2018-05-11 11:00:00;116,16
2018-05-11 11:15:00;99,80
2018-05-11 11:30:00;93,12
2018-05-11 11:45:00;110,80
2018-05-11 12:00:00;112,20
2018-05-11 12:15:00;119,52
2018-05-11 12:30:00;113,96
2018-05-11 12:45:00;117,84
2018-05-11 13:00:00;120,04
2018-05-11 13:15:00;121,56
2018-05-11 13:30:00;113,48
2018-05-11 13:45:00;101,92
2018-05-11 14:00:00;97,92
2018-05-11 14:15:00;92,16
2018-05-11 14:30:00;76,76
2018-05-11 14:45:00;74,20
2018-05-11 15:00:00;79,44
2018-05-11 15:15:00;63,92
2018-05-11 15:30:00;56,76
2018-05-11 15:45:00;59,32
2018-05-11 16:00:00;56,32
2018-05-11 16:15:00;48,36
2018-05-11 16:30:00;48,64
2018-05-11 16:45:00;49,88
2018-05-11 17:00:00;45,40
2018-05-11 17:15:00;39,68
2018-05-11 17:30:00;38,28
2018-05-11 17:45:00;36,76
2018-05-11 18:00:00;35,36
2018-05-11 18:15:00;36,92
2018-05-11 18:30:00;37,08
2018-05-11 18:45:00;38,08
2018-05-11 19:00:00;36,08
2018-05-11 19:15:00;36,20
2018-05-11 19:30:00;35,44
2018-05-11 19:45:00;34,08
2018-05-11 20:00:00;34,44
2018-05-11 20:15:00;35,08
2018-05-11 20:30:00;35,48
2018-05-11 20:45:00;34,08
2018-05-11 21:00:00;34,76
2018-05-11 21:15:00;34,80
2018-05-11 21:30:00;35,08
2018-05-11 21:45:00;34,44
2018-05-11 22:00:00;34,08
2018-05-11 22:15:00;35,48
2018-05-11 22:30:00;34,36
2018-05-11 22:45:00;33,64
2018-05-11 23:00:00;34,20
2018-05-11 23:15:00;34,28
2018-05-11 23:30:00;34,96
2018-05-11 23:45:00;32,48
2018-05-12 00:00:00;33,36
2018-05-12 00:15:00;35,76
2018-05-12 00:30:00;33,44
2018-05-12 00:45:00;33,44
2018-05-12 01:00:00;34,76
2018-05-12 01:15:00;34,28
2018-05-12 01:30:00;33,80
2018-05-12 01:45:00;32,12
2018-05-12 02:00:00;35,00
2018-05-12 02:15:00;34,08
2018-05-12 02:30:00;31,88
2018-05-12 02:45:00;33,64
2018-05-12 03:00:00;34,08
2018-05-12 03:15:00;33,20
2018-05-12 03:30:00;32,24
2018-05-12 03:45:00;33,92
2018-05-12 04:00:00;33,96
2018-05-12 04:15:00;33,40
2018-05-12 04:30:00;31,16
2018-05-12 04:45:00;34,12
2018-05-12 05:00:00;36,24
2018-05-12 05:15:00;41,16
2018-05-12 05:30:00;40,84
2018-05-12 05:45:00;41,64
2018-05-12 06:00:00;43,92
2018-05-12 06:15:00;39,20
2018-05-12 06:30:00;40,40
2018-05-12 06:45:00;39,32
2018-05-12 07:00:00;39,00
2018-05-12 07:15:00;38,24
2018-05-12 07:30:00;34,56
2018-05-12 07:45:00;30,88
2018-05-12 08:00:00;32,44
2018-05-12 08:15:00;29,68
2018-05-12 08:30:00;20,76
2018-05-12 08:45:00;18,48
2018-05-12 09:00:00;17,32
2018-05-12 09:15:00;18,00
2018-05-12 09:30:00;19,56
2018-05-12 09:45:00;18,76
2018-05-12 10:00:00;19,20
2018-05-12 10:15:00;28,68
2018-05-12 10:30:00;31,92
2018-05-12 10:45:00;33,52
2018-05-12 11:00:00;33,44
2018-05-12 11:15:00;35,76
2018-05-12 11:30:00;34,16
2018-05-12 11:45:00;34,32
2018-05-12 12:00:00;32,72
2018-05-12 12:15:00;33,72
2018-05-12 12:30:00;32,16
2018-05-12 12:45:00;31,96
2018-05-12 13:00:00;30,44
2018-05-12 13:15:00;32,64
2018-05-12 13:30:00;33,60
2018-05-12 13:45:00;32,32
2018-05-12 14:00:00;35,08
2018-05-12 14:15:00;31,04
2018-05-12 14:30:00;31,48
2018-05-12 14:45:00;32,28
2018-05-12 15:00:00;32,68
2018-05-12 15:15:00;35,08
2018-05-12 15:30:00;33,84
2018-05-12 15:45:00;35,08
2018-05-12 16:00:00;33,56
2018-05-12 16:15:00;35,88
2018-05-12 16:30:00;34,40
2018-05-12 16:45:00;35,68
2018-05-12 17:00:00;34,00
2018-05-12 17:15:00;33,48
2018-05-12 17:30:00;34,52
2018-05-12 17:45:00;34,52
2018-05-12 18:00:00;35,92
2018-05-12 18:15:00;32,92
2018-05-12 18:30:00;32,40
2018-05-12 18:45:00;31,64
2018-05-12 19:00:00;32,00
2018-05-12 19:15:00;32,56
2018-05-12 19:30:00;33,08
2018-05-12 19:45:00;34,88
2018-05-12 20:00:00;32,80
2018-05-12 20:15:00;32,36
2018-05-12 20:30:00;35,08
2018-05-12 20:45:00;33,92
2018-05-12 21:00:00;34,36
2018-05-12 21:15:00;33,36
2018-05-12 21:30:00;33,76
2018-05-12 21:45:00;30,84
2018-05-12 22:00:00;33,76
2018-05-12 22:15:00;33,80
2018-05-12 22:30:00;34,48
2018-05-12 22:45:00;31,92
2018-05-12 23:00:00;31,92
2018-05-12 23:15:00;31,84
2018-05-12 23:30:00;32,44
2018-05-12 23:45:00;33,80
2018-05-13 00:00:00;32,64
2018-05-13 00:15:00;32,00
2018-05-13 00:30:00;32,32
2018-05-13 00:45:00;30,04
2018-05-13 01:00:00;33,72
2018-05-13 01:15:00;32,92
2018-05-13 01:30:00;32,68
2018-05-13 01:45:00;32,36
2018-05-13 02:00:00;31,16
2018-05-13 02:15:00;31,48
2018-05-13 02:30:00;32,24
2018-05-13 02:45:00;32,56
2018-05-13 03:00:00;33,08
2018-05-13 03:15:00;31,00
2018-05-13 03:30:00;29,80
2018-05-13 03:45:00;32,00
2018-05-13 04:00:00;32,04
2018-05-13 04:15:00;32,84
2018-05-13 04:30:00;32,20
2018-05-13 04:45:00;30,84
2018-05-13 05:00:00;28,92
2018-05-13 05:15:00;31,52
2018-05-13 05:30:00;31,72
2018-05-13 05:45:00;32,52
2018-05-13 06:00:00;31,84
2018-05-13 06:15:00;29,88
2018-05-13 06:30:00;29,52
2018-05-13 06:45:00;29,60
2018-05-13 07:00:00;30,40
2018-05-13 07:15:00;30,24
2018-05-13 07:30:00;30,48
2018-05-13 07:45:00;29,64
2018-05-13 08:00:00;29,04
2018-05-13 08:15:00;29,60
2018-05-13 08:30:00;27,12
2018-05-13 08:45:00;29,96
2018-05-13 09:00:00;28,96
2018-05-13 09:15:00;27,72
2018-05-13 09:30:00;27,64
2018-05-13 09:45:00;41,04
2018-05-13 10:00:00;37,88
2018-05-13 10:15:00;37,20
2018-05-13 10:30:00;38,80
2018-05-13 10:45:00;40,76
2018-05-13 11:00:00;38,40
2018-05-13 11:15:00;38,04
2018-05-13 11:30:00;36,76
2018-05-13 11:45:00;36,60
2018-05-13 12:00:00;37,12
2018-05-13 12:15:00;36,36
2018-05-13 12:30:00;36,64
2018-05-13 12:45:00;36,88
2018-05-13 13:00:00;36,24
2018-05-13 13:15:00;36,96
2018-05-13 13:30:00;36,68
2018-05-13 13:45:00;37,88
2018-05-13 14:00:00;35,88
2018-05-13 14:15:00;37,08
2018-05-13 14:30:00;36,44
2018-05-13 14:45:00;35,80
2018-05-13 15:00:00;38,40
2018-05-13 15:15:00;36,00
2018-05-13 15:30:00;37,08
2018-05-13 15:45:00;36,72
2018-05-13 16:00:00;36,92
2018-05-13 16:15:00;36,84
2018-05-13 16:30:00;36,36
2018-05-13 16:45:00;34,64
2018-05-13 17:00:00;38,88
2018-05-13 17:15:00;41,56
2018-05-13 17:30:00;40,24
2018-05-13 17:45:00;41,68
2018-05-13 18:00:00;36,44
2018-05-13 18:15:00;26,40
2018-05-13 18:30:00;24,16
2018-05-13 18:45:00;26,92
2018-05-13 19:00:00;24,40
2018-05-13 19:15:00;23,56
2018-05-13 19:30:00;23,24
2018-05-13 19:45:00;24,40
2018-05-13 20:00:00;25,64
2018-05-13 20:15:00;24,56
2018-05-13 20:30:00;25,24
2018-05-13 20:45:00;25,08
2018-05-13 21:00:00;24,76
2018-05-13 21:15:00;23,64
2018-05-13 21:30:00;24,72
2018-05-13 21:45:00;24,52
2018-05-13 22:00:00;23,88
2018-05-13 22:15:00;24,92
2018-05-13 22:30:00;23,72
2018-05-13 22:45:00;24,64
2018-05-13 23:00:00;23,96
2018-05-13 23:15:00;23,16
2018-05-13 23:30:00;24,32
2018-05-13 23:45:00;23,08
2018-05-14 00:00:00;23,28
2018-05-14 00:15:00;22,88
2018-05-14 00:30:00;23,88
2018-05-14 00:45:00;23,96
2018-05-14 01:00:00;22,92
2018-05-14 01:15:00;23,60
2018-05-14 01:30:00;23,16
2018-05-14 01:45:00;23,52
2018-05-14 02:00:00;23,00
2018-05-14 02:15:00;23,44
2018-05-14 02:30:00;24,04
2018-05-14 02:45:00;22,96
2018-05-14 03:00:00;24,28
2018-05-14 03:15:00;22,64
2018-05-14 03:30:00;22,44
2018-05-14 03:45:00;23,48
2018-05-14 04:00:00;23,32
2018-05-14 04:15:00;23,60
2018-05-14 04:30:00;23,36
2018-05-14 04:45:00;23,04
2018-05-14 05:00:00;23,24
2018-05-14 05:15:00;22,40
2018-05-14 05:30:00;26,36
2018-05-14 05:45:00;34,12
2018-05-14 06:00:00;49,20
2018-05-14 06:15:00;89,64
2018-05-14 06:30:00;103,24
2018-05-14 06:45:00;105,16
2018-05-14 07:00:00;118,08
2018-05-14 07:15:00;127,28
2018-05-14 07:30:00;130,96
2018-05-14 07:45:00;125,84
2018-05-14 08:00:00;124,24
2018-05-14 08:15:00;107,36
2018-05-14 08:30:00;121,64
2018-05-14 08:45:00;124,28
2018-05-14 09:00:00;136,36
2018-05-14 09:15:00;131,96
2018-05-14 09:30:00;139,44
2018-05-14 09:45:00;136,44
2018-05-14 10:00:00;136,60
2018-05-14 10:15:00;131,28
2018-05-14 10:30:00;126,84
2018-05-14 10:45:00;111,96
2018-05-14 11:00:00;104,20
2018-05-14 11:15:00;90,64
2018-05-14 11:30:00;83,44
2018-05-14 11:45:00;98,76
2018-05-14 12:00:00;107,56
2018-05-14 12:15:00;111,40
2018-05-14 12:30:00;106,76
2018-05-14 12:45:00;117,24
2018-05-14 13:00:00;119,68
2018-05-14 13:15:00;119,08
2018-05-14 13:30:00;110,36
2018-05-14 13:45:00;120,64
2018-05-14 14:00:00;130,04
2018-05-14 14:15:00;126,64
2018-05-14 14:30:00;147,92
2018-05-14 14:45:00;152,48
2018-05-14 15:00:00;143,92
2018-05-14 15:15:00;146,36
2018-05-14 15:30:00;137,00
2018-05-14 15:45:00;108,48
2018-05-14 16:00:00;98,56
2018-05-14 16:15:00;85,88
2018-05-14 16:30:00;73,08
2018-05-14 16:45:00;65,52
2018-05-14 17:00:00;54,76
2018-05-14 17:15:00;49,08
2018-05-14 17:30:00;47,12
2018-05-14 17:45:00;48,52
2018-05-14 18:00:00;44,32
2018-05-14 18:15:00;44,20
2018-05-14 18:30:00;46,36
2018-05-14 18:45:00;46,68
2018-05-14 19:00:00;43,96
2018-05-14 19:15:00;39,32
2018-05-14 19:30:00;37,64
2018-05-14 19:45:00;37,88
2018-05-14 20:00:00;38,24
2018-05-14 20:15:00;36,84
2018-05-14 20:30:00;35,40
2018-05-14 20:45:00;33,64
2018-05-14 21:00:00;33,28
2018-05-14 21:15:00;32,12
2018-05-14 21:30:00;31,56
2018-05-14 21:45:00;28,00
2018-05-14 22:00:00;28,52
2018-05-14 22:15:00;30,92
2018-05-14 22:30:00;26,84
2018-05-14 22:45:00;27,20
2018-05-14 23:00:00;27,16
2018-05-14 23:15:00;27,68
2018-05-14 23:30:00;26,20
2018-05-14 23:45:00;27,56
2018-05-15 00:00:00;26,80
2018-05-15 00:15:00;26,44
2018-05-15 00:30:00;26,84
2018-05-15 00:45:00;26,24
2018-05-15 01:00:00;26,92
2018-05-15 01:15:00;26,28
2018-05-15 01:30:00;26,12
2018-05-15 01:45:00;27,20
2018-05-15 02:00:00;26,28
2018-05-15 02:15:00;26,88
2018-05-15 02:30:00;26,08
2018-05-15 02:45:00;26,48
2018-05-15 03:00:00;26,60
2018-05-15 03:15:00;26,44
2018-05-15 03:30:00;26,80
2018-05-15 03:45:00;25,88
2018-05-15 04:00:00;26,20
2018-05-15 04:15:00;26,56
2018-05-15 04:30:00;26,04
2018-05-15 04:45:00;26,60
2018-05-15 05:00:00;25,92
2018-05-15 05:15:00;25,20
2018-05-15 05:30:00;30,72
2018-05-15 05:45:00;34,48
2018-05-15 06:00:00;46,00
2018-05-15 06:15:00;84,00
2018-05-15 06:30:00;93,56
2018-05-15 06:45:00;110,96
2018-05-15 07:00:00;114,36
2018-05-15 07:15:00;117,04
2018-05-15 07:30:00;134,44
2018-05-15 07:45:00;135,64
2018-05-15 08:00:00;124,76
2018-05-15 08:15:00;125,12
2018-05-15 08:30:00;126,40
2018-05-15 08:45:00;135,84
2018-05-15 09:00:00;143,20
2018-05-15 09:15:00;137,00
2018-05-15 09:30:00;140,84
2018-05-15 09:45:00;138,28
2018-05-15 10:00:00;144,96
2018-05-15 10:15:00;149,72
2018-05-15 10:30:00;147,96
2018-05-15 10:45:00;154,48
2018-05-15 11:00:00;145,08
2018-05-15 11:15:00;114,28
2018-05-15 11:30:00;107,96
2018-05-15 11:45:00;116,76
2018-05-15 12:00:00;133,16
2018-05-15 12:15:00;140,72
2018-05-15 12:30:00;146,24
2018-05-15 12:45:00;143,76
2018-05-15 13:00:00;131,60
2018-05-15 13:15:00;135,52
2018-05-15 13:30:00;134,32
2018-05-15 13:45:00;134,36
2018-05-15 14:00:00;134,96
2018-05-15 14:15:00;131,64
2018-05-15 14:30:00;135,44
2018-05-15 14:45:00;142,76
2018-05-15 15:00:00;147,40
2018-05-15 15:15:00;147,44
2018-05-15 15:30:00;142,12
2018-05-15 15:45:00;125,04
2018-05-15 16:00:00;110,60
2018-05-15 16:15:00;91,76
2018-05-15 16:30:00;80,24
2018-05-15 16:45:00;79,44
2018-05-15 17:00:00;72,72
2018-05-15 17:15:00;69,64
2018-05-15 17:30:00;66,76
2018-05-15 17:45:00;63,12
2018-05-15 18:00:00;58,76
2018-05-15 18:15:00;51,76
2018-05-15 18:30:00;50,44
2018-05-15 18:45:00;50,96
2018-05-15 19:00:00;46,24
2018-05-15 19:15:00;45,00
2018-05-15 19:30:00;40,40
2018-05-15 19:45:00;33,92
2018-05-15 20:00:00;34,68
2018-05-15 20:15:00;33,56
2018-05-15 20:30:00;31,72
2018-05-15 20:45:00;32,04
2018-05-15 21:00:00;30,08
2018-05-15 21:15:00;30,00
2018-05-15 21:30:00;29,44
2018-05-15 21:45:00;30,12
2018-05-15 22:00:00;29,16
2018-05-15 22:15:00;27,68
2018-05-15 22:30:00;29,04
2018-05-15 22:45:00;29,40
2018-05-15 23:00:00;28,40
2018-05-15 23:15:00;28,60
2018-05-15 23:30:00;28,20
2018-05-15 23:45:00;28,64
2018-05-16 00:00:00;29,08
2018-05-16 00:15:00;27,84
2018-05-16 00:30:00;28,52
2018-05-16 00:45:00;28,96
2018-05-16 01:00:00;27,72
2018-05-16 01:15:00;28,88
2018-05-16 01:30:00;28,00
2018-05-16 01:45:00;28,16
2018-05-16 02:00:00;29,32
2018-05-16 02:15:00;27,80
2018-05-16 02:30:00;28,32
2018-05-16 02:45:00;28,80
2018-05-16 03:00:00;28,08
2018-05-16 03:15:00;28,64
2018-05-16 03:30:00;27,96
2018-05-16 03:45:00;27,96
2018-05-16 04:00:00;28,72
2018-05-16 04:15:00;27,96
2018-05-16 04:30:00;28,00
2018-05-16 04:45:00;29,36
2018-05-16 05:00:00;27,68
2018-05-16 05:15:00;28,04
2018-05-16 05:30:00;30,20
2018-05-16 05:45:00;40,56
2018-05-16 06:00:00;57,44
2018-05-16 06:15:00;100,48
2018-05-16 06:30:00;117,68
2018-05-16 06:45:00;111,88
2018-05-16 07:00:00;119,32
2018-05-16 07:15:00;122,48
2018-05-16 07:30:00;122,12
2018-05-16 07:45:00;138,24
2018-05-16 08:00:00;143,04
2018-05-16 08:15:00;122,24
2018-05-16 08:30:00;131,96
2018-05-16 08:45:00;143,88
2018-05-16 09:00:00;140,16
2018-05-16 09:15:00;140,72
2018-05-16 09:30:00;133,52
2018-05-16 09:45:00;135,44
2018-05-16 10:00:00;144,60
2018-05-16 10:15:00;134,20
2018-05-16 10:30:00;141,60
2018-05-16 10:45:00;142,60
2018-05-16 11:00:00;141,20
2018-05-16 11:15:00;108,16
2018-05-16 11:30:00;99,60
2018-05-16 11:45:00;114,64
2018-05-16 12:00:00;122,04
2018-05-16 12:15:00;127,00
2018-05-16 12:30:00;138,92
2018-05-16 12:45:00;148,24
2018-05-16 13:00:00;131,72
2018-05-16 13:15:00;138,44
2018-05-16 13:30:00;135,64
2018-05-16 13:45:00;128,44
2018-05-16 14:00:00;114,84
2018-05-16 14:15:00;111,52
2018-05-16 14:30:00;127,36
2018-05-16 14:45:00;124,96
2018-05-16 15:00:00;128,16
2018-05-16 15:15:00;143,80
2018-05-16 15:30:00;127,00
2018-05-16 15:45:00;90,80
2018-05-16 16:00:00;83,24
2018-05-16 16:15:00;77,64
2018-05-16 16:30:00;77,20
2018-05-16 16:45:00;72,72
2018-05-16 17:00:00;65,52
2018-05-16 17:15:00;65,24
2018-05-16 17:30:00;48,72
2018-05-16 17:45:00;43,40
2018-05-16 18:00:00;41,60
2018-05-16 18:15:00;42,48
2018-05-16 18:30:00;41,92
2018-05-16 18:45:00;43,16
2018-05-16 19:00:00;41,84
2018-05-16 19:15:00;41,80
2018-05-16 19:30:00;39,72
2018-05-16 19:45:00;39,44
2018-05-16 20:00:00;37,88
2018-05-16 20:15:00;39,00
2018-05-16 20:30:00;30,40
2018-05-16 20:45:00;30,92
2018-05-16 21:00:00;31,04
2018-05-16 21:15:00;27,44
2018-05-16 21:30:00;29,56
2018-05-16 21:45:00;27,88
2018-05-16 22:00:00;27,20
2018-05-16 22:15:00;28,32
2018-05-16 22:30:00;27,80
2018-05-16 22:45:00;29,16
2018-05-16 23:00:00;27,28
2018-05-16 23:15:00;27,72
2018-05-16 23:30:00;28,28
2018-05-16 23:45:00;27,96
2018-05-17 00:00:00;28,28
2018-05-17 00:15:00;28,12
2018-05-17 00:30:00;27,72
2018-05-17 00:45:00;27,96
2018-05-17 01:00:00;28,80
2018-05-17 01:15:00;28,12
2018-05-17 01:30:00;28,20
2018-05-17 01:45:00;27,56
2018-05-17 02:00:00;27,80
2018-05-17 02:15:00;29,08
2018-05-17 02:30:00;27,72
2018-05-17 02:45:00;27,72
2018-05-17 03:00:00;27,92
2018-05-17 03:15:00;28,60
2018-05-17 03:30:00;27,88
2018-05-17 03:45:00;28,12
2018-05-17 04:00:00;27,36
2018-05-17 04:15:00;28,56
2018-05-17 04:30:00;27,80
2018-05-17 04:45:00;27,04
2018-05-17 05:00:00;27,68
2018-05-17 05:15:00;27,04
2018-05-17 05:30:00;36,96
2018-05-17 05:45:00;47,92
2018-05-17 06:00:00;59,60
2018-05-17 06:15:00;105,04
2018-05-17 06:30:00;123,28
2018-05-17 06:45:00;124,92
2018-05-17 07:00:00;109,68
2018-05-17 07:15:00;116,44
2018-05-17 07:30:00;117,48
2018-05-17 07:45:00;121,48
2018-05-17 08:00:00;124,12
2018-05-17 08:15:00;115,80
2018-05-17 08:30:00;135,64
2018-05-17 08:45:00;131,68
2018-05-17 09:00:00;124,52
2018-05-17 09:15:00;125,96
2018-05-17 09:30:00;123,92
2018-05-17 09:45:00;133,32
2018-05-17 10:00:00;136,40
2018-05-17 10:15:00;133,24
2018-05-17 10:30:00;135,40
2018-05-17 10:45:00;131,20
2018-05-17 11:00:00;145,92
2018-05-17 11:15:00;113,48
2018-05-17 11:30:00;103,28
2018-05-17 11:45:00;111,04
2018-05-17 12:00:00;117,88
2018-05-17 12:15:00;123,12
2018-05-17 12:30:00;131,04
2018-05-17 12:45:00;129,88
2018-05-17 13:00:00;136,80
2018-05-17 13:15:00;127,04
2018-05-17 13:30:00;129,24
2018-05-17 13:45:00;128,60
2018-05-17 14:00:00;129,00
2018-05-17 14:15:00;130,68
2018-05-17 14:30:00;128,36
2018-05-17 14:45:00;131,32
2018-05-17 15:00:00;126,68
2018-05-17 15:15:00;128,56
2018-05-17 15:30:00;138,40
2018-05-17 15:45:00;106,76
2018-05-17 16:00:00;99,12
2018-05-17 16:15:00;94,00
2018-05-17 16:30:00;85,16
2018-05-17 16:45:00;71,48
2018-05-17 17:00:00;67,48
2018-05-17 17:15:00;65,68
2018-05-17 17:30:00;67,04
2018-05-17 17:45:00;68,92
2018-05-17 18:00:00;69,52
2018-05-17 18:15:00;69,48
2018-05-17 18:30:00;70,36
2018-05-17 18:45:00;67,88
2018-05-17 19:00:00;70,08
2018-05-17 19:15:00;51,28
2018-05-17 19:30:00;46,04
2018-05-17 19:45:00;45,32
2018-05-17 20:00:00;44,52
2018-05-17 20:15:00;41,88
2018-05-17 20:30:00;42,92
2018-05-17 20:45:00;41,24
2018-05-17 21:00:00;43,68
2018-05-17 21:15:00;42,56
2018-05-17 21:30:00;42,60
2018-05-17 21:45:00;42,92
2018-05-17 22:00:00;42,52
2018-05-17 22:15:00;43,76
2018-05-17 22:30:00;39,32
2018-05-17 22:45:00;41,72
2018-05-17 23:00:00;39,96
2018-05-17 23:15:00;36,72
2018-05-17 23:30:00;37,88
2018-05-17 23:45:00;37,52
2018-05-18 00:00:00;35,16
2018-05-18 00:15:00;37,12
2018-05-18 00:30:00;36,48
2018-05-18 00:45:00;34,64
2018-05-18 01:00:00;37,24
2018-05-18 01:15:00;36,20
2018-05-18 01:30:00;36,24
2018-05-18 01:45:00;36,16
2018-05-18 02:00:00;36,40
2018-05-18 02:15:00;36,16
2018-05-18 02:30:00;36,20
2018-05-18 02:45:00;35,76
2018-05-18 03:00:00;36,04
2018-05-18 03:15:00;36,12
2018-05-18 03:30:00;35,40
2018-05-18 03:45:00;36,84
2018-05-18 04:00:00;35,76
2018-05-18 04:15:00;35,00
2018-05-18 04:30:00;36,04
2018-05-18 04:45:00;34,92
2018-05-18 05:00:00;36,08
2018-05-18 05:15:00;34,92
2018-05-18 05:30:00;37,80
2018-05-18 05:45:00;38,12
2018-05-18 06:00:00;49,68
2018-05-18 06:15:00;94,96
2018-05-18 06:30:00;118,88
2018-05-18 06:45:00;125,44
2018-05-18 07:00:00;130,72
2018-05-18 07:15:00;131,68
2018-05-18 07:30:00;133,20
2018-05-18 07:45:00;126,24
2018-05-18 08:00:00;135,28
2018-05-18 08:15:00;104,60
2018-05-18 08:30:00;112,84
2018-05-18 08:45:00;136,88
2018-05-18 09:00:00;124,68
2018-05-18 09:15:00;125,16
2018-05-18 09:30:00;117,28
2018-05-18 09:45:00;114,72
2018-05-18 10:00:00;113,60
2018-05-18 10:15:00;113,20
2018-05-18 10:30:00;127,52
2018-05-18 10:45:00;118,56
2018-05-18 11:00:00;121,24
2018-05-18 11:15:00;100,80
2018-05-18 11:30:00;90,60
2018-05-18 11:45:00;101,60
2018-05-18 12:00:00;104,76
2018-05-18 12:15:00;107,08
2018-05-18 12:30:00;111,32
2018-05-18 12:45:00;110,16
2018-05-18 13:00:00;116,48
2018-05-18 13:15:00;105,40
2018-05-18 13:30:00;107,72
2018-05-18 13:45:00;105,24
2018-05-18 14:00:00;78,60
2018-05-18 14:15:00;73,60
2018-05-18 14:30:00;73,44
2018-05-18 14:45:00;65,24
2018-05-18 15:00:00;60,80
2018-05-18 15:15:00;56,32
2018-05-18 15:30:00;52,60
2018-05-18 15:45:00;55,28
2018-05-18 16:00:00;54,64
2018-05-18 16:15:00;56,04
2018-05-18 16:30:00;53,96
2018-05-18 16:45:00;55,48
2018-05-18 17:00:00;52,44
2018-05-18 17:15:00;55,16
2018-05-18 17:30:00;51,08
2018-05-18 17:45:00;55,84
2018-05-18 18:00:00;52,80
2018-05-18 18:15:00;33,88
2018-05-18 18:30:00;30,00
2018-05-18 18:45:00;29,32
2018-05-18 19:00:00;30,00
2018-05-18 19:15:00;28,36
2018-05-18 19:30:00;30,32
2018-05-18 19:45:00;30,36
2018-05-18 20:00:00;29,32
2018-05-18 20:15:00;29,48
2018-05-18 20:30:00;25,12
2018-05-18 20:45:00;23,64
2018-05-18 21:00:00;23,36
2018-05-18 21:15:00;23,96
2018-05-18 21:30:00;22,68
2018-05-18 21:45:00;24,04
2018-05-18 22:00:00;23,08
2018-05-18 22:15:00;23,52
2018-05-18 22:30:00;23,40
2018-05-18 22:45:00;23,04
2018-05-18 23:00:00;23,20
2018-05-18 23:15:00;22,96
2018-05-18 23:30:00;24,12
2018-05-18 23:45:00;22,44
2018-05-19 00:00:00;23,64
2018-05-19 00:15:00;23,48
2018-05-19 00:30:00;23,40
2018-05-19 00:45:00;22,92
2018-05-19 01:00:00;23,40
2018-05-19 01:15:00;23,80
2018-05-19 01:30:00;22,84
2018-05-19 01:45:00;23,76
2018-05-19 02:00:00;23,04
2018-05-19 02:15:00;23,60
2018-05-19 02:30:00;21,88
2018-05-19 02:45:00;21,20
2018-05-19 03:00:00;21,96
2018-05-19 03:15:00;21,68
2018-05-19 03:30:00;22,24
2018-05-19 03:45:00;23,72
2018-05-19 04:00:00;22,76
2018-05-19 04:15:00;22,76
2018-05-19 04:30:00;23,00
2018-05-19 04:45:00;21,76
2018-05-19 05:00:00;23,44
2018-05-19 05:15:00;21,52
2018-05-19 05:30:00;22,56
2018-05-19 05:45:00;22,00
2018-05-19 06:00:00;25,24
2018-05-19 06:15:00;24,68
2018-05-19 06:30:00;25,00
2018-05-19 06:45:00;25,64
2018-05-19 07:00:00;24,44
2018-05-19 07:15:00;26,96
2018-05-19 07:30:00;25,24
2018-05-19 07:45:00;27,24
2018-05-19 08:00:00;26,12
2018-05-19 08:15:00;27,12
2018-05-19 08:30:00;26,44
2018-05-19 08:45:00;27,88
2018-05-19 09:00:00;27,40
2018-05-19 09:15:00;26,92
2018-05-19 09:30:00;26,28
2018-05-19 09:45:00;29,04
2018-05-19 10:00:00;32,36
2018-05-19 10:15:00;25,84
2018-05-19 10:30:00;26,28
2018-05-19 10:45:00;26,48
2018-05-19 11:00:00;26,04
2018-05-19 11:15:00;26,40
2018-05-19 11:30:00;26,76
2018-05-19 11:45:00;27,28
2018-05-19 12:00:00;27,80
2018-05-19 12:15:00;28,68
2018-05-19 12:30:00;26,56
2018-05-19 12:45:00;28,32
2018-05-19 13:00:00;26,28
2018-05-19 13:15:00;27,48
2018-05-19 13:30:00;26,28
2018-05-19 13:45:00;26,00
2018-05-19 14:00:00;25,68
2018-05-19 14:15:00;24,72
2018-05-19 14:30:00;24,12
2018-05-19 14:45:00;22,76
2018-05-19 15:00:00;23,68
2018-05-19 15:15:00;23,56
2018-05-19 15:30:00;22,92
2018-05-19 15:45:00;25,88
2018-05-19 16:00:00;25,52
2018-05-19 16:15:00;24,88
2018-05-19 16:30:00;23,60
2018-05-19 16:45:00;25,24
2018-05-19 17:00:00;25,36
2018-05-19 17:15:00;26,12
2018-05-19 17:30:00;25,36
2018-05-19 17:45:00;23,08
2018-05-19 18:00:00;23,92
2018-05-19 18:15:00;23,12
2018-05-19 18:30:00;23,44
2018-05-19 18:45:00;19,60
2018-05-19 19:00:00;18,24
2018-05-19 19:15:00;18,08
2018-05-19 19:30:00;18,80
2018-05-19 19:45:00;18,56
2018-05-19 20:00:00;18,88
2018-05-19 20:15:00;18,56
2018-05-19 20:30:00;20,44
2018-05-19 20:45:00;19,36
2018-05-19 21:00:00;18,76
2018-05-19 21:15:00;18,92
2018-05-19 21:30:00;18,84
2018-05-19 21:45:00;18,68
2018-05-19 22:00:00;19,00
2018-05-19 22:15:00;18,56
2018-05-19 22:30:00;18,96
2018-05-19 22:45:00;18,56
2018-05-19 23:00:00;18,84
2018-05-19 23:15:00;18,96
2018-05-19 23:30:00;18,88
2018-05-19 23:45:00;18,44
2018-05-20 00:00:00;19,00
2018-05-20 00:15:00;18,48
2018-05-20 00:30:00;19,20
2018-05-20 00:45:00;18,28
2018-05-20 01:00:00;18,64
2018-05-20 01:15:00;18,80
2018-05-20 01:30:00;18,88
2018-05-20 01:45:00;18,44
2018-05-20 02:00:00;18,56
2018-05-20 02:15:00;19,04
2018-05-20 02:30:00;19,04
2018-05-20 02:45:00;18,76
2018-05-20 03:00:00;18,44
2018-05-20 03:15:00;19,88
2018-05-20 03:30:00;19,48
2018-05-20 03:45:00;18,40
2018-05-20 04:00:00;18,44
2018-05-20 04:15:00;18,64
2018-05-20 04:30:00;18,68
2018-05-20 04:45:00;18,36
2018-05-20 05:00:00;18,32
2018-05-20 05:15:00;18,16
2018-05-20 05:30:00;18,12
2018-05-20 05:45:00;18,28
2018-05-20 06:00:00;17,80
2018-05-20 06:15:00;17,72
2018-05-20 06:30:00;17,88
2018-05-20 06:45:00;18,04
2018-05-20 07:00:00;17,56
2018-05-20 07:15:00;17,64
2018-05-20 07:30:00;18,24
2018-05-20 07:45:00;19,40
2018-05-20 08:00:00;17,92
2018-05-20 08:15:00;17,88
2018-05-20 08:30:00;18,04
2018-05-20 08:45:00;20,28
2018-05-20 09:00:00;20,88
2018-05-20 09:15:00;21,60
2018-05-20 09:30:00;23,16
2018-05-20 09:45:00;22,64
2018-05-20 10:00:00;22,96
2018-05-20 10:15:00;22,20
2018-05-20 10:30:00;23,48
2018-05-20 10:45:00;23,84
2018-05-20 11:00:00;23,00
2018-05-20 11:15:00;22,08
2018-05-20 11:30:00;22,00
2018-05-20 11:45:00;23,60
2018-05-20 12:00:00;21,60
2018-05-20 12:15:00;23,20
2018-05-20 12:30:00;21,92
2018-05-20 12:45:00;23,12
2018-05-20 13:00:00;21,96
2018-05-20 13:15:00;30,24
2018-05-20 13:30:00;35,56
2018-05-20 13:45:00;39,68
2018-05-20 14:00:00;35,68
2018-05-20 14:15:00;39,24
2018-05-20 14:30:00;45,68
2018-05-20 14:45:00;39,52
2018-05-20 15:00:00;41,24
2018-05-20 15:15:00;43,40
2018-05-20 15:30:00;39,72
2018-05-20 15:45:00;38,92
2018-05-20 16:00:00;38,64
2018-05-20 16:15:00;39,20
2018-05-20 16:30:00;38,24
2018-05-20 16:45:00;39,00
2018-05-20 17:00:00;35,68
2018-05-20 17:15:00;37,32
2018-05-20 17:30:00;35,32
2018-05-20 17:45:00;33,16
2018-05-20 18:00:00;34,16
2018-05-20 18:15:00;33,68
2018-05-20 18:30:00;32,88
2018-05-20 18:45:00;32,56
2018-05-20 19:00:00;32,00
2018-05-20 19:15:00;32,56
2018-05-20 19:30:00;18,84
2018-05-20 19:45:00;18,76
2018-05-20 20:00:00;18,72
2018-05-20 20:15:00;19,52
2018-05-20 20:30:00;19,36
2018-05-20 20:45:00;19,44
2018-05-20 21:00:00;19,84
2018-05-20 21:15:00;19,12
2018-05-20 21:30:00;19,20
2018-05-20 21:45:00;19,68
2018-05-20 22:00:00;19,88
2018-05-20 22:15:00;19,56
2018-05-20 22:30:00;18,96
2018-05-20 22:45:00;19,40
2018-05-20 23:00:00;19,76
2018-05-20 23:15:00;19,48
2018-05-20 23:30:00;19,32
2018-05-20 23:45:00;19,28
2018-05-21 00:00:00;19,56
2018-05-21 00:15:00;19,44
2018-05-21 00:30:00;19,52
2018-05-21 00:45:00;19,16
2018-05-21 01:00:00;19,44
2018-05-21 01:15:00;19,76
2018-05-21 01:30:00;19,20
2018-05-21 01:45:00;19,36
2018-05-21 02:00:00;19,76
2018-05-21 02:15:00;19,72
2018-05-21 02:30:00;19,16
2018-05-21 02:45:00;19,36
2018-05-21 03:00:00;19,64
2018-05-21 03:15:00;19,48
2018-05-21 03:30:00;19,20
2018-05-21 03:45:00;19,24
2018-05-21 04:00:00;19,20
2018-05-21 04:15:00;19,04
2018-05-21 04:30:00;19,40
2018-05-21 04:45:00;18,72
2018-05-21 05:00:00;18,56
2018-05-21 05:15:00;18,60
2018-05-21 05:30:00;22,08
2018-05-21 05:45:00;20,40
2018-05-21 06:00:00;20,24
2018-05-21 06:15:00;20,88
2018-05-21 06:30:00;20,24
2018-05-21 06:45:00;20,64
2018-05-21 07:00:00;20,44
2018-05-21 07:15:00;20,56
2018-05-21 07:30:00;20,88
2018-05-21 07:45:00;20,32
2018-05-21 08:00:00;20,56
2018-05-21 08:15:00;21,44
2018-05-21 08:30:00;20,52
2018-05-21 08:45:00;21,00
2018-05-21 09:00:00;23,56
2018-05-21 09:15:00;24,40
2018-05-21 09:30:00;25,28
2018-05-21 09:45:00;25,68
2018-05-21 10:00:00;24,76
2018-05-21 10:15:00;25,76
2018-05-21 10:30:00;25,24
2018-05-21 10:45:00;25,68
2018-05-21 11:00:00;23,68
2018-05-21 11:15:00;25,08
2018-05-21 11:30:00;25,88
2018-05-21 11:45:00;24,48
2018-05-21 12:00:00;24,52
2018-05-21 12:15:00;24,40
2018-05-21 12:30:00;24,88
2018-05-21 12:45:00;27,04
2018-05-21 13:00:00;29,16
2018-05-21 13:15:00;28,28
2018-05-21 13:30:00;29,56
2018-05-21 13:45:00;25,80
2018-05-21 14:00:00;24,76
2018-05-21 14:15:00;25,12
2018-05-21 14:30:00;25,16
2018-05-21 14:45:00;24,72
2018-05-21 15:00:00;24,72
2018-05-21 15:15:00;25,40
2018-05-21 15:30:00;24,76
2018-05-21 15:45:00;25,08
2018-05-21 16:00:00;24,52
2018-05-21 16:15:00;25,04
2018-05-21 16:30:00;27,04
2018-05-21 16:45:00;28,04
2018-05-21 17:00:00;30,60
2018-05-21 17:15:00;29,88
2018-05-21 17:30:00;31,80
2018-05-21 17:45:00;26,96
2018-05-21 18:00:00;32,88
2018-05-21 18:15:00;28,56
2018-05-21 18:30:00;29,08
2018-05-21 18:45:00;30,60
2018-05-21 19:00:00;28,48
2018-05-21 19:15:00;30,24
2018-05-21 19:30:00;28,04
2018-05-21 19:45:00;29,84
2018-05-21 20:00:00;29,40
2018-05-21 20:15:00;29,08
2018-05-21 20:30:00;28,76
2018-05-21 20:45:00;29,96
2018-05-21 21:00:00;28,24
2018-05-21 21:15:00;29,52
2018-05-21 21:30:00;28,80
2018-05-21 21:45:00;30,24
2018-05-21 22:00:00;30,80
2018-05-21 22:15:00;26,76
2018-05-21 22:30:00;28,24
2018-05-21 22:45:00;26,72
2018-05-21 23:00:00;27,32
2018-05-21 23:15:00;28,52
2018-05-21 23:30:00;28,24
2018-05-21 23:45:00;26,88
2018-05-22 00:00:00;28,32
2018-05-22 00:15:00;29,04
2018-05-22 00:30:00;28,00
2018-05-22 00:45:00;28,44
2018-05-22 01:00:00;26,56
2018-05-22 01:15:00;29,76
2018-05-22 01:30:00;26,76
2018-05-22 01:45:00;29,04
2018-05-22 02:00:00;26,08
2018-05-22 02:15:00;29,16
2018-05-22 02:30:00;28,12
2018-05-22 02:45:00;26,20
2018-05-22 03:00:00;28,24
2018-05-22 03:15:00;27,52
2018-05-22 03:30:00;28,80
2018-05-22 03:45:00;26,48
2018-05-22 04:00:00;27,64
2018-05-22 04:15:00;27,04
2018-05-22 04:30:00;27,52
2018-05-22 04:45:00;27,12
2018-05-22 05:00:00;25,56
2018-05-22 05:15:00;27,80
2018-05-22 05:30:00;28,16
2018-05-22 05:45:00;28,68
2018-05-22 06:00:00;37,84
2018-05-22 06:15:00;68,68
2018-05-22 06:30:00;89,80
2018-05-22 06:45:00;99,60
2018-05-22 07:00:00;109,72
2018-05-22 07:15:00;115,72
2018-05-22 07:30:00;118,48
2018-05-22 07:45:00;117,72
2018-05-22 08:00:00;122,32
2018-05-22 08:15:00;106,64
2018-05-22 08:30:00;114,52
2018-05-22 08:45:00;120,96
2018-05-22 09:00:00;109,16
2018-05-22 09:15:00;125,08
2018-05-22 09:30:00;132,96
2018-05-22 09:45:00;134,60
2018-05-22 10:00:00;124,48
2018-05-22 10:15:00;132,24
2018-05-22 10:30:00;132,28
2018-05-22 10:45:00;127,16
2018-05-22 11:00:00;119,52
2018-05-22 11:15:00;109,36
2018-05-22 11:30:00;100,92
2018-05-22 11:45:00;115,28
2018-05-22 12:00:00;140,04
2018-05-22 12:15:00;131,36
2018-05-22 12:30:00;135,12
2018-05-22 12:45:00;133,08
2018-05-22 13:00:00;137,52
2018-05-22 13:15:00;137,20
2018-05-22 13:30:00;140,80
2018-05-22 13:45:00;135,44
2018-05-22 14:00:00;127,28
2018-05-22 14:15:00;139,84
2018-05-22 14:30:00;135,80
2018-05-22 14:45:00;140,32
2018-05-22 15:00:00;147,00
2018-05-22 15:15:00;120,24
2018-05-22 15:30:00;136,40
2018-05-22 15:45:00;95,40
2018-05-22 16:00:00;87,48
2018-05-22 16:15:00;77,68
2018-05-22 16:30:00;67,28
2018-05-22 16:45:00;54,84
2018-05-22 17:00:00;54,84
2018-05-22 17:15:00;53,32
2018-05-22 17:30:00;49,16
2018-05-22 17:45:00;43,88
2018-05-22 18:00:00;44,12
2018-05-22 18:15:00;44,88
2018-05-22 18:30:00;42,16
2018-05-22 18:45:00;44,52
2018-05-22 19:00:00;42,16
2018-05-22 19:15:00;44,24
2018-05-22 19:30:00;42,52
2018-05-22 19:45:00;41,84
2018-05-22 20:00:00;36,16
2018-05-22 20:15:00;38,60
2018-05-22 20:30:00;34,76
2018-05-22 20:45:00;36,20
2018-05-22 21:00:00;32,60
2018-05-22 21:15:00;34,56
2018-05-22 21:30:00;32,88
2018-05-22 21:45:00;33,64
2018-05-22 22:00:00;33,08
2018-05-22 22:15:00;33,60
2018-05-22 22:30:00;34,84
2018-05-22 22:45:00;32,20
2018-05-22 23:00:00;35,72
2018-05-22 23:15:00;33,00
2018-05-22 23:30:00;34,28
2018-05-22 23:45:00;32,36
2018-05-23 00:00:00;33,20
2018-05-23 00:15:00;35,12
2018-05-23 00:30:00;32,20
2018-05-23 00:45:00;34,20
2018-05-23 01:00:00;33,04
2018-05-23 01:15:00;35,24
2018-05-23 01:30:00;32,20
2018-05-23 01:45:00;33,92
2018-05-23 02:00:00;33,72
2018-05-23 02:15:00;32,60
2018-05-23 02:30:00;32,92
2018-05-23 02:45:00;31,24
2018-05-23 03:00:00;32,92
2018-05-23 03:15:00;30,36
2018-05-23 03:30:00;30,80
2018-05-23 03:45:00;31,36
2018-05-23 04:00:00;31,44
2018-05-23 04:15:00;31,84
2018-05-23 04:30:00;30,32
2018-05-23 04:45:00;31,08
2018-05-23 05:00:00;30,64
2018-05-23 05:15:00;30,00
2018-05-23 05:30:00;33,80
2018-05-23 05:45:00;33,92
2018-05-23 06:00:00;44,48
2018-05-23 06:15:00;83,80
2018-05-23 06:30:00;113,20
2018-05-23 06:45:00;131,32
2018-05-23 07:00:00;141,16
2018-05-23 07:15:00;133,68
2018-05-23 07:30:00;132,04
2018-05-23 07:45:00;135,32
2018-05-23 08:00:00;126,44
2018-05-23 08:15:00;105,64
2018-05-23 08:30:00;117,56
2018-05-23 08:45:00;131,76
2018-05-23 09:00:00;136,56
2018-05-23 09:15:00;141,60
2018-05-23 09:30:00;144,64
2018-05-23 09:45:00;133,64
2018-05-23 10:00:00;139,24
2018-05-23 10:15:00;141,80
2018-05-23 10:30:00;134,68
2018-05-23 10:45:00;124,64
2018-05-23 11:00:00;130,72
2018-05-23 11:15:00;112,12
2018-05-23 11:30:00;100,00
2018-05-23 11:45:00;115,08
2018-05-23 12:00:00;124,16
2018-05-23 12:15:00;132,16
2018-05-23 12:30:00;128,64
2018-05-23 12:45:00;129,84
2018-05-23 13:00:00;137,12
2018-05-23 13:15:00;136,32
2018-05-23 13:30:00;127,48
2018-05-23 13:45:00;118,28
2018-05-23 14:00:00;123,52
2018-05-23 14:15:00;127,56
2018-05-23 14:30:00;120,76
2018-05-23 14:45:00;133,76
2018-05-23 15:00:00;123,24
2018-05-23 15:15:00;112,72
2018-05-23 15:30:00;114,84
2018-05-23 15:45:00;89,00
2018-05-23 16:00:00;85,48
2018-05-23 16:15:00;72,04
2018-05-23 16:30:00;64,52
2018-05-23 16:45:00;60,64
2018-05-23 17:00:00;54,00
2018-05-23 17:15:00;50,12
2018-05-23 17:30:00;49,96
2018-05-23 17:45:00;47,36
2018-05-23 18:00:00;49,48
2018-05-23 18:15:00;47,92
2018-05-23 18:30:00;48,32
2018-05-23 18:45:00;47,20
2018-05-23 19:00:00;48,36
2018-05-23 19:15:00;48,04
2018-05-23 19:30:00;47,48
2018-05-23 19:45:00;45,72
2018-05-23 20:00:00;44,80
2018-05-23 20:15:00;38,20
2018-05-23 20:30:00;39,04
2018-05-23 20:45:00;37,24
2018-05-23 21:00:00;37,92
2018-05-23 21:15:00;34,52
2018-05-23 21:30:00;36,36
2018-05-23 21:45:00;32,56
2018-05-23 22:00:00;34,96
2018-05-23 22:15:00;32,00
2018-05-23 22:30:00;34,00
2018-05-23 22:45:00;30,60
2018-05-23 23:00:00;32,76
2018-05-23 23:15:00;32,80
2018-05-23 23:30:00;30,84
2018-05-23 23:45:00;34,00
2018-05-24 00:00:00;30,60
2018-05-24 00:15:00;33,60
2018-05-24 00:30:00;32,44
2018-05-24 00:45:00;33,08
2018-05-24 01:00:00;32,04
2018-05-24 01:15:00;32,16
2018-05-24 01:30:00;32,08
2018-05-24 01:45:00;32,32
2018-05-24 02:00:00;31,96
2018-05-24 02:15:00;31,24
2018-05-24 02:30:00;32,00
2018-05-24 02:45:00;32,12
2018-05-24 03:00:00;32,32
2018-05-24 03:15:00;31,48
2018-05-24 03:30:00;32,84
2018-05-24 03:45:00;30,88
2018-05-24 04:00:00;32,64
2018-05-24 04:15:00;31,40
2018-05-24 04:30:00;30,92
2018-05-24 04:45:00;32,40
2018-05-24 05:00:00;29,56
2018-05-24 05:15:00;33,08
2018-05-24 05:30:00;34,52
2018-05-24 05:45:00;37,76
2018-05-24 06:00:00;47,76
2018-05-24 06:15:00;85,88
2018-05-24 06:30:00;99,52
2018-05-24 06:45:00;90,16
2018-05-24 07:00:00;109,48
2018-05-24 07:15:00;106,84
2018-05-24 07:30:00;114,28
2018-05-24 07:45:00;123,84
2018-05-24 08:00:00;119,60
2018-05-24 08:15:00;107,48
2018-05-24 08:30:00;131,20
2018-05-24 08:45:00;131,72
2018-05-24 09:00:00;117,56
2018-05-24 09:15:00;115,28
2018-05-24 09:30:00;122,12
2018-05-24 09:45:00;117,64
2018-05-24 10:00:00;115,32
2018-05-24 10:15:00;119,68
2018-05-24 10:30:00;122,96
2018-05-24 10:45:00;118,08
2018-05-24 11:00:00;107,88
2018-05-24 11:15:00;96,36
2018-05-24 11:30:00;90,04
2018-05-24 11:45:00;97,48
2018-05-24 12:00:00;120,04
2018-05-24 12:15:00;121,88
2018-05-24 12:30:00;121,56
2018-05-24 12:45:00;123,52
2018-05-24 13:00:00;134,12
2018-05-24 13:15:00;122,00
2018-05-24 13:30:00;120,96
2018-05-24 13:45:00;120,56
2018-05-24 14:00:00;120,64
2018-05-24 14:15:00;117,68
2018-05-24 14:30:00;109,96
2018-05-24 14:45:00;117,84
2018-05-24 15:00:00;119,08
2018-05-24 15:15:00;125,28
2018-05-24 15:30:00;119,32
2018-05-24 15:45:00;75,48
2018-05-24 16:00:00;68,64
2018-05-24 16:15:00;54,32
2018-05-24 16:30:00;52,08
2018-05-24 16:45:00;46,24
2018-05-24 17:00:00;44,12
2018-05-24 17:15:00;41,44
2018-05-24 17:30:00;41,48
2018-05-24 17:45:00;32,52
2018-05-24 18:00:00;34,24
2018-05-24 18:15:00;31,32
2018-05-24 18:30:00;34,68
2018-05-24 18:45:00;31,16
2018-05-24 19:00:00;33,68
2018-05-24 19:15:00;32,12
2018-05-24 19:30:00;33,16
2018-05-24 19:45:00;32,92
2018-05-24 20:00:00;33,36
2018-05-24 20:15:00;33,40
2018-05-24 20:30:00;32,28
2018-05-24 20:45:00;33,64
2018-05-24 21:00:00;32,24
2018-05-24 21:15:00;32,16
2018-05-24 21:30:00;32,08
2018-05-24 21:45:00;32,68
2018-05-24 22:00:00;31,84
2018-05-24 22:15:00;32,40
2018-05-24 22:30:00;31,24
2018-05-24 22:45:00;31,40
2018-05-24 23:00:00;32,04
2018-05-24 23:15:00;31,36
2018-05-24 23:30:00;32,68
2018-05-24 23:45:00;31,36
2018-05-25 00:00:00;31,72
2018-05-25 00:15:00;31,08
2018-05-25 00:30:00;31,00
2018-05-25 00:45:00;31,92
2018-05-25 01:00:00;30,44
2018-05-25 01:15:00;31,84
2018-05-25 01:30:00;30,24
2018-05-25 01:45:00;31,92
2018-05-25 02:00:00;31,24
2018-05-25 02:15:00;28,76
2018-05-25 02:30:00;29,52
2018-05-25 02:45:00;27,40
2018-05-25 03:00:00;26,88
2018-05-25 03:15:00;27,48
2018-05-25 03:30:00;27,04
2018-05-25 03:45:00;25,68
2018-05-25 04:00:00;24,72
2018-05-25 04:15:00;25,36
2018-05-25 04:30:00;25,00
2018-05-25 04:45:00;25,72
2018-05-25 05:00:00;24,36
2018-05-25 05:15:00;25,36
2018-05-25 05:30:00;28,32
2018-05-25 05:45:00;27,76
2018-05-25 06:00:00;36,72
2018-05-25 06:15:00;91,44
2018-05-25 06:30:00;110,76
2018-05-25 06:45:00;119,80
2018-05-25 07:00:00;116,92
2018-05-25 07:15:00;124,36
2018-05-25 07:30:00;128,12
2018-05-25 07:45:00;122,92
2018-05-25 08:00:00;121,24
2018-05-25 08:15:00;95,88
2018-05-25 08:30:00;116,08
2018-05-25 08:45:00;126,72
2018-05-25 09:00:00;132,72
2018-05-25 09:15:00;124,12
2018-05-25 09:30:00;134,88
2018-05-25 09:45:00;138,16
2018-05-25 10:00:00;128,16
2018-05-25 10:15:00;136,52
2018-05-25 10:30:00;138,16
2018-05-25 10:45:00;127,60
2018-05-25 11:00:00;113,88
2018-05-25 11:15:00;98,12
2018-05-25 11:30:00;91,80
2018-05-25 11:45:00;103,08
2018-05-25 12:00:00;111,64
2018-05-25 12:15:00;113,16
2018-05-25 12:30:00;96,92
2018-05-25 12:45:00;107,12
2018-05-25 13:00:00;103,28
2018-05-25 13:15:00;107,48
2018-05-25 13:30:00;114,64
2018-05-25 13:45:00;108,16
2018-05-25 14:00:00;73,04
2018-05-25 14:15:00;70,32
2018-05-25 14:30:00;64,76
2018-05-25 14:45:00;63,36
2018-05-25 15:00:00;61,00
2018-05-25 15:15:00;62,16
2018-05-25 15:30:00;61,16
2018-05-25 15:45:00;59,88
2018-05-25 16:00:00;58,52
2018-05-25 16:15:00;55,64
2018-05-25 16:30:00;47,64
2018-05-25 16:45:00;49,40
2018-05-25 17:00:00;43,80
2018-05-25 17:15:00;43,20
2018-05-25 17:30:00;39,72
2018-05-25 17:45:00;43,92
2018-05-25 18:00:00;43,56
2018-05-25 18:15:00;40,08
2018-05-25 18:30:00;36,44
2018-05-25 18:45:00;37,04
2018-05-25 19:00:00;35,28
2018-05-25 19:15:00;36,80
2018-05-25 19:30:00;34,88
2018-05-25 19:45:00;35,32
2018-05-25 20:00:00;36,24
2018-05-25 20:15:00;36,60
2018-05-25 20:30:00;35,08
2018-05-25 20:45:00;35,16
2018-05-25 21:00:00;36,88
2018-05-25 21:15:00;36,24
2018-05-25 21:30:00;36,32
2018-05-25 21:45:00;34,24
2018-05-25 22:00:00;37,16
2018-05-25 22:15:00;36,44
2018-05-25 22:30:00;35,56
2018-05-25 22:45:00;34,12
2018-05-25 23:00:00;34,52
2018-05-25 23:15:00;36,88
2018-05-25 23:30:00;34,56
2018-05-25 23:45:00;33,16
2018-05-26 00:00:00;35,20
2018-05-26 00:15:00;35,92
2018-05-26 00:30:00;33,76
2018-05-26 00:45:00;31,28
2018-05-26 01:00:00;31,20
2018-05-26 01:15:00;33,28
2018-05-26 01:30:00;32,64
2018-05-26 01:45:00;31,08
2018-05-26 02:00:00;31,52
2018-05-26 02:15:00;31,72
2018-05-26 02:30:00;31,92
2018-05-26 02:45:00;30,92
2018-05-26 03:00:00;31,04
2018-05-26 03:15:00;31,12
2018-05-26 03:30:00;30,64
2018-05-26 03:45:00;31,76
2018-05-26 04:00:00;29,08
2018-05-26 04:15:00;31,20
2018-05-26 04:30:00;30,88
2018-05-26 04:45:00;30,76
2018-05-26 05:00:00;29,08
2018-05-26 05:15:00;30,16
2018-05-26 05:30:00;30,92
2018-05-26 05:45:00;29,68
2018-05-26 06:00:00;33,16
2018-05-26 06:15:00;31,96
2018-05-26 06:30:00;32,84
2018-05-26 06:45:00;33,40
2018-05-26 07:00:00;32,16
2018-05-26 07:15:00;33,16
2018-05-26 07:30:00;33,56
2018-05-26 07:45:00;35,28
2018-05-26 08:00:00;32,84
2018-05-26 08:15:00;31,96
2018-05-26 08:30:00;28,44
2018-05-26 08:45:00;30,84
2018-05-26 09:00:00;30,68
2018-05-26 09:15:00;30,40
2018-05-26 09:30:00;31,44
2018-05-26 09:45:00;28,92
2018-05-26 10:00:00;30,16
2018-05-26 10:15:00;28,32
2018-05-26 10:30:00;36,80
2018-05-26 10:45:00;35,92
2018-05-26 11:00:00;36,12
2018-05-26 11:15:00;32,80
2018-05-26 11:30:00;34,32
2018-05-26 11:45:00;34,08
2018-05-26 12:00:00;33,04
2018-05-26 12:15:00;30,52
2018-05-26 12:30:00;32,28
2018-05-26 12:45:00;31,48
2018-05-26 13:00:00;33,28
2018-05-26 13:15:00;31,28
2018-05-26 13:30:00;32,12
2018-05-26 13:45:00;32,24
2018-05-26 14:00:00;33,68
2018-05-26 14:15:00;31,56
2018-05-26 14:30:00;32,48
2018-05-26 14:45:00;32,64
2018-05-26 15:00:00;33,56
2018-05-26 15:15:00;31,68
2018-05-26 15:30:00;32,20
2018-05-26 15:45:00;32,28
2018-05-26 16:00:00;33,92
2018-05-26 16:15:00;32,44
2018-05-26 16:30:00;31,88
2018-05-26 16:45:00;33,08
2018-05-26 17:00:00;35,16
2018-05-26 17:15:00;34,32
2018-05-26 17:30:00;33,28
2018-05-26 17:45:00;35,32
2018-05-26 18:00:00;37,08
2018-05-26 18:15:00;37,52
2018-05-26 18:30:00;40,28
2018-05-26 18:45:00;48,40
2018-05-26 19:00:00;47,80
2018-05-26 19:15:00;41,76
2018-05-26 19:30:00;39,20
2018-05-26 19:45:00;37,80
2018-05-26 20:00:00;38,88
2018-05-26 20:15:00;35,64
2018-05-26 20:30:00;36,76
2018-05-26 20:45:00;33,64
2018-05-26 21:00:00;36,28
2018-05-26 21:15:00;34,04
2018-05-26 21:30:00;34,24
2018-05-26 21:45:00;32,28
2018-05-26 22:00:00;33,44
2018-05-26 22:15:00;32,36
2018-05-26 22:30:00;33,24
2018-05-26 22:45:00;30,36
2018-05-26 23:00:00;29,60
2018-05-26 23:15:00;31,68
2018-05-26 23:30:00;29,80
2018-05-26 23:45:00;30,08
2018-05-27 00:00:00;30,00
2018-05-27 00:15:00;28,16
2018-05-27 00:30:00;29,24
2018-05-27 00:45:00;29,32
2018-05-27 01:00:00;29,04
2018-05-27 01:15:00;28,88
2018-05-27 01:30:00;28,80
2018-05-27 01:45:00;29,68
2018-05-27 02:00:00;28,20
2018-05-27 02:15:00;29,44
2018-05-27 02:30:00;28,48
2018-05-27 02:45:00;29,56
2018-05-27 03:00:00;27,48
2018-05-27 03:15:00;29,60
2018-05-27 03:30:00;29,08
2018-05-27 03:45:00;27,04
2018-05-27 04:00:00;29,72
2018-05-27 04:15:00;27,80
2018-05-27 04:30:00;27,64
2018-05-27 04:45:00;27,88
2018-05-27 05:00:00;28,16
2018-05-27 05:15:00;26,12
2018-05-27 05:30:00;27,56
2018-05-27 05:45:00;27,68
2018-05-27 06:00:00;26,44
2018-05-27 06:15:00;26,40
2018-05-27 06:30:00;25,36
2018-05-27 06:45:00;27,56
2018-05-27 07:00:00;26,16
2018-05-27 07:15:00;26,96
2018-05-27 07:30:00;25,44
2018-05-27 07:45:00;28,56
2018-05-27 08:00:00;26,40
2018-05-27 08:15:00;27,84
2018-05-27 08:30:00;25,92
2018-05-27 08:45:00;28,52
2018-05-27 09:00:00;26,00
2018-05-27 09:15:00;27,84
2018-05-27 09:30:00;26,64
2018-05-27 09:45:00;30,08
2018-05-27 10:00:00;30,16
2018-05-27 10:15:00;31,56
2018-05-27 10:30:00;33,44
2018-05-27 10:45:00;36,20
2018-05-27 11:00:00;30,76
2018-05-27 11:15:00;34,88
2018-05-27 11:30:00;37,84
2018-05-27 11:45:00;38,12
2018-05-27 12:00:00;37,56
2018-05-27 12:15:00;40,96
2018-05-27 12:30:00;39,12
2018-05-27 12:45:00;36,16
2018-05-27 13:00:00;40,44
2018-05-27 13:15:00;50,12
2018-05-27 13:30:00;47,08
2018-05-27 13:45:00;47,60
2018-05-27 14:00:00;45,60
2018-05-27 14:15:00;48,36
2018-05-27 14:30:00;46,56
2018-05-27 14:45:00;46,64
2018-05-27 15:00:00;47,80
2018-05-27 15:15:00;47,88
2018-05-27 15:30:00;47,44
2018-05-27 15:45:00;44,64
2018-05-27 16:00:00;43,36
2018-05-27 16:15:00;44,20
2018-05-27 16:30:00;42,16
2018-05-27 16:45:00;43,68
2018-05-27 17:00:00;45,80
2018-05-27 17:15:00;52,64
2018-05-27 17:30:00;54,40
2018-05-27 17:45:00;55,12
2018-05-27 18:00:00;52,64
2018-05-27 18:15:00;47,12
2018-05-27 18:30:00;37,60
2018-05-27 18:45:00;34,00
2018-05-27 19:00:00;32,28
2018-05-27 19:15:00;33,52
2018-05-27 19:30:00;32,68
2018-05-27 19:45:00;32,72
2018-05-27 20:00:00;32,12
2018-05-27 20:15:00;31,96
2018-05-27 20:30:00;33,00
2018-05-27 20:45:00;32,04
2018-05-27 21:00:00;31,76
2018-05-27 21:15:00;31,80
2018-05-27 21:30:00;33,40
2018-05-27 21:45:00;30,68
2018-05-27 22:00:00;31,00
2018-05-27 22:15:00;31,84
2018-05-27 22:30:00;32,52
2018-05-27 22:45:00;30,60
2018-05-27 23:00:00;30,68
2018-05-27 23:15:00;34,32
2018-05-27 23:30:00;32,28
2018-05-27 23:45:00;31,96
2018-05-28 00:00:00;32,00
2018-05-28 00:15:00;33,28
2018-05-28 00:30:00;32,04
2018-05-28 00:45:00;31,92
2018-05-28 01:00:00;32,92
2018-05-28 01:15:00;32,24
2018-05-28 01:30:00;32,72
2018-05-28 01:45:00;30,96
2018-05-28 02:00:00;34,64
2018-05-28 02:15:00;31,12
2018-05-28 02:30:00;33,32
2018-05-28 02:45:00;31,28
2018-05-28 03:00:00;32,84
2018-05-28 03:15:00;31,64
2018-05-28 03:30:00;31,20
2018-05-28 03:45:00;33,04
2018-05-28 04:00:00;32,20
2018-05-28 04:15:00;30,64
2018-05-28 04:30:00;30,64
2018-05-28 04:45:00;31,68
2018-05-28 05:00:00;30,56
2018-05-28 05:15:00;28,00
2018-05-28 05:30:00;34,48
2018-05-28 05:45:00;39,12
2018-05-28 06:00:00;42,56
2018-05-28 06:15:00;85,84
2018-05-28 06:30:00;105,88
2018-05-28 06:45:00;97,72
2018-05-28 07:00:00;114,36
2018-05-28 07:15:00;125,76
2018-05-28 07:30:00;126,84
2018-05-28 07:45:00;126,08
2018-05-28 08:00:00;126,72
2018-05-28 08:15:00;107,44
2018-05-28 08:30:00;124,48
2018-05-28 08:45:00;135,40
2018-05-28 09:00:00;132,04
2018-05-28 09:15:00;119,32
2018-05-28 09:30:00;132,16
2018-05-28 09:45:00;121,24
2018-05-28 10:00:00;125,76
2018-05-28 10:15:00;121,36
2018-05-28 10:30:00;131,60
2018-05-28 10:45:00;118,64
2018-05-28 11:00:00;123,72
2018-05-28 11:15:00;99,76
2018-05-28 11:30:00;96,48
2018-05-28 11:45:00;106,56
2018-05-28 12:00:00;122,00
2018-05-28 12:15:00;126,56
2018-05-28 12:30:00;135,40
2018-05-28 12:45:00;131,36
2018-05-28 13:00:00;128,48
2018-05-28 13:15:00;130,00
2018-05-28 13:30:00;136,20
2018-05-28 13:45:00;124,28
2018-05-28 14:00:00;126,68
2018-05-28 14:15:00;143,32
2018-05-28 14:30:00;142,52
2018-05-28 14:45:00;135,68
2018-05-28 15:00:00;132,84
2018-05-28 15:15:00;135,88
2018-05-28 15:30:00;123,80
2018-05-28 15:45:00;95,32
2018-05-28 16:00:00;95,36
2018-05-28 16:15:00;92,20
2018-05-28 16:30:00;85,84
2018-05-28 16:45:00;83,76
2018-05-28 17:00:00;77,52
2018-05-28 17:15:00;78,72
2018-05-28 17:30:00;74,12
2018-05-28 17:45:00;67,76
2018-05-28 18:00:00;73,12
2018-05-28 18:15:00;70,52
2018-05-28 18:30:00;78,80
2018-05-28 18:45:00;73,60
2018-05-28 19:00:00;72,28
2018-05-28 19:15:00;71,84
2018-05-28 19:30:00;68,24
2018-05-28 19:45:00;67,32
2018-05-28 20:00:00;49,20
2018-05-28 20:15:00;43,92
2018-05-28 20:30:00;39,92
2018-05-28 20:45:00;42,36
2018-05-28 21:00:00;38,64
2018-05-28 21:15:00;39,12
2018-05-28 21:30:00;38,08
2018-05-28 21:45:00;38,60
2018-05-28 22:00:00;38,00
2018-05-28 22:15:00;37,76
2018-05-28 22:30:00;39,00
2018-05-28 22:45:00;37,12
2018-05-28 23:00:00;38,12
2018-05-28 23:15:00;37,48
2018-05-28 23:30:00;40,00
2018-05-28 23:45:00;38,36
2018-05-29 00:00:00;38,88
2018-05-29 00:15:00;38,32
2018-05-29 00:30:00;38,80
2018-05-29 00:45:00;37,56
2018-05-29 01:00:00;39,00
2018-05-29 01:15:00;38,16
2018-05-29 01:30:00;38,76
2018-05-29 01:45:00;38,00
2018-05-29 02:00:00;38,88
2018-05-29 02:15:00;37,84
2018-05-29 02:30:00;38,84
2018-05-29 02:45:00;37,56
2018-05-29 03:00:00;38,68
2018-05-29 03:15:00;36,96
2018-05-29 03:30:00;37,96
2018-05-29 03:45:00;36,24
2018-05-29 04:00:00;35,40
2018-05-29 04:15:00;33,00
2018-05-29 04:30:00;34,24
2018-05-29 04:45:00;30,96
2018-05-29 05:00:00;32,56
2018-05-29 05:15:00;31,36
2018-05-29 05:30:00;40,48
2018-05-29 05:45:00;46,40
2018-05-29 06:00:00;53,64
2018-05-29 06:15:00;91,76
2018-05-29 06:30:00;110,92
2018-05-29 06:45:00;116,80
2018-05-29 07:00:00;117,84
2018-05-29 07:15:00;133,76
2018-05-29 07:30:00;118,36
2018-05-29 07:45:00;125,44
2018-05-29 08:00:00;122,68
2018-05-29 08:15:00;109,84
2018-05-29 08:30:00;118,16
2018-05-29 08:45:00;135,68
2018-05-29 09:00:00;129,68
2018-05-29 09:15:00;124,60
2018-05-29 09:30:00;136,32
2018-05-29 09:45:00;137,36
2018-05-29 10:00:00;131,36
2018-05-29 10:15:00;131,88
2018-05-29 10:30:00;129,72
2018-05-29 10:45:00;136,04
2018-05-29 11:00:00;130,76
2018-05-29 11:15:00;110,92
2018-05-29 11:30:00;102,12
2018-05-29 11:45:00;112,28
2018-05-29 12:00:00;125,68
2018-05-29 12:15:00;126,32
2018-05-29 12:30:00;128,92
2018-05-29 12:45:00;123,00
2018-05-29 13:00:00;129,08
2018-05-29 13:15:00;118,12
2018-05-29 13:30:00;126,44
2018-05-29 13:45:00;123,60
2018-05-29 14:00:00;123,48
2018-05-29 14:15:00;123,08
2018-05-29 14:30:00;124,56
2018-05-29 14:45:00;132,88
2018-05-29 15:00:00;128,00
2018-05-29 15:15:00;119,64
2018-05-29 15:30:00;112,28
2018-05-29 15:45:00;95,32
2018-05-29 16:00:00;86,84
2018-05-29 16:15:00;74,48
2018-05-29 16:30:00;71,28
2018-05-29 16:45:00;74,04
2018-05-29 17:00:00;73,84
2018-05-29 17:15:00;67,64
2018-05-29 17:30:00;71,20
2018-05-29 17:45:00;69,92
2018-05-29 18:00:00;70,24
2018-05-29 18:15:00;70,08
2018-05-29 18:30:00;70,60
2018-05-29 18:45:00;69,24
2018-05-29 19:00:00;63,80
2018-05-29 19:15:00;61,32
2018-05-29 19:30:00;52,28
2018-05-29 19:45:00;50,08
2018-05-29 20:00:00;51,40
2018-05-29 20:15:00;49,48
2018-05-29 20:30:00;54,12
2018-05-29 20:45:00;52,28
2018-05-29 21:00:00;51,56
2018-05-29 21:15:00;51,72
2018-05-29 21:30:00;51,84
2018-05-29 21:45:00;50,40
2018-05-29 22:00:00;49,84
2018-05-29 22:15:00;47,08
2018-05-29 22:30:00;45,20
2018-05-29 22:45:00;45,64
2018-05-29 23:00:00;45,72
2018-05-29 23:15:00;47,68
2018-05-29 23:30:00;39,48
2018-05-29 23:45:00;38,08
2018-05-30 00:00:00;37,28
2018-05-30 00:15:00;38,52
2018-05-30 00:30:00;36,36
2018-05-30 00:45:00;36,04
2018-05-30 01:00:00;30,60
2018-05-30 01:15:00;29,84
2018-05-30 01:30:00;30,36
2018-05-30 01:45:00;29,20
2018-05-30 02:00:00;28,00
2018-05-30 02:15:00;27,76
2018-05-30 02:30:00;28,68
2018-05-30 02:45:00;27,60
2018-05-30 03:00:00;27,76
2018-05-30 03:15:00;27,96
2018-05-30 03:30:00;28,36
2018-05-30 03:45:00;26,52
2018-05-30 04:00:00;26,72
2018-05-30 04:15:00;26,84
2018-05-30 04:30:00;27,92
2018-05-30 04:45:00;25,44
2018-05-30 05:00:00;26,28
2018-05-30 05:15:00;26,20
2018-05-30 05:30:00;31,16
2018-05-30 05:45:00;29,32
2018-05-30 06:00:00;46,96
2018-05-30 06:15:00;76,08
2018-05-30 06:30:00;93,64
2018-05-30 06:45:00;106,24
2018-05-30 07:00:00;120,00
2018-05-30 07:15:00;119,68
2018-05-30 07:30:00;119,96
2018-05-30 07:45:00;117,96
2018-05-30 08:00:00;120,72
2018-05-30 08:15:00;97,00
2018-05-30 08:30:00;120,60
2018-05-30 08:45:00;131,52
2018-05-30 09:00:00;125,08
2018-05-30 09:15:00;125,88
2018-05-30 09:30:00;122,44
2018-05-30 09:45:00;115,32
2018-05-30 10:00:00;115,44
2018-05-30 10:15:00;127,76
2018-05-30 10:30:00;113,56
2018-05-30 10:45:00;115,84
2018-05-30 11:00:00;113,60
2018-05-30 11:15:00;96,92
2018-05-30 11:30:00;89,80
2018-05-30 11:45:00;96,80
2018-05-30 12:00:00;114,32
2018-05-30 12:15:00;118,56
2018-05-30 12:30:00;118,20
2018-05-30 12:45:00;131,76
2018-05-30 13:00:00;141,40
2018-05-30 13:15:00;141,24
2018-05-30 13:30:00;141,44
2018-05-30 13:45:00;137,40
2018-05-30 14:00:00;144,80
2018-05-30 14:15:00;131,08
2018-05-30 14:30:00;139,56
2018-05-30 14:45:00;139,52
2018-05-30 15:00:00;136,84
2018-05-30 15:15:00;130,20
2018-05-30 15:30:00;121,80
2018-05-30 15:45:00;96,32
2018-05-30 16:00:00;86,92
2018-05-30 16:15:00;82,16
2018-05-30 16:30:00;75,80
2018-05-30 16:45:00;70,24
2018-05-30 17:00:00;66,48
2018-05-30 17:15:00;63,80
2018-05-30 17:30:00;62,96
2018-05-30 17:45:00;61,96
2018-05-30 18:00:00;62,64
2018-05-30 18:15:00;61,96
2018-05-30 18:30:00;62,68
2018-05-30 18:45:00;63,32
2018-05-30 19:00:00;65,84
2018-05-30 19:15:00;62,24
2018-05-30 19:30:00;60,76
2018-05-30 19:45:00;58,40
2018-05-30 20:00:00;52,16
2018-05-30 20:15:00;49,12
2018-05-30 20:30:00;48,08
2018-05-30 20:45:00;49,68
2018-05-30 21:00:00;47,48
2018-05-30 21:15:00;48,32
2018-05-30 21:30:00;49,28
2018-05-30 21:45:00;46,72
2018-05-30 22:00:00;42,84
2018-05-30 22:15:00;40,12
2018-05-30 22:30:00;44,60
2018-05-30 22:45:00;41,08
2018-05-30 23:00:00;41,00
2018-05-30 23:15:00;43,24
2018-05-30 23:30:00;43,36
2018-05-30 23:45:00;40,00
2018-05-31 00:00:00;40,64
2018-05-31 00:15:00;37,28
2018-05-31 00:30:00;32,12
2018-05-31 00:45:00;35,52
2018-05-31 01:00:00;34,96
2018-05-31 01:15:00;34,40
2018-05-31 01:30:00;33,60
2018-05-31 01:45:00;34,96
2018-05-31 02:00:00;34,00
2018-05-31 02:15:00;35,08
2018-05-31 02:30:00;33,32
2018-05-31 02:45:00;35,52
2018-05-31 03:00:00;33,32
2018-05-31 03:15:00;34,60
2018-05-31 03:30:00;34,72
2018-05-31 03:45:00;34,84
2018-05-31 04:00:00;32,56
2018-05-31 04:15:00;35,04
2018-05-31 04:30:00;33,12
2018-05-31 04:45:00;32,12
2018-05-31 05:00:00;32,80
2018-05-31 05:15:00;34,52
2018-05-31 05:30:00;34,60
2018-05-31 05:45:00;32,84
2018-05-31 06:00:00;36,00
2018-05-31 06:15:00;33,52
2018-05-31 06:30:00;35,52
2018-05-31 06:45:00;34,68
2018-05-31 07:00:00;37,56
2018-05-31 07:15:00;34,72
2018-05-31 07:30:00;37,20
2018-05-31 07:45:00;35,64
2018-05-31 08:00:00;34,84
2018-05-31 08:15:00;34,16
2018-05-31 08:30:00;35,72
2018-05-31 08:45:00;34,24
2018-05-31 09:00:00;34,80
2018-05-31 09:15:00;35,16
2018-05-31 09:30:00;42,00
2018-05-31 09:45:00;52,24
2018-05-31 10:00:00;62,88
2018-05-31 10:15:00;63,24
2018-05-31 10:30:00;62,68
2018-05-31 10:45:00;59,00
2018-05-31 11:00:00;58,20
2018-05-31 11:15:00;53,08
2018-05-31 11:30:00;49,40
2018-05-31 11:45:00;51,16
2018-05-31 12:00:00;50,36
2018-05-31 12:15:00;56,16
2018-05-31 12:30:00;63,16
2018-05-31 12:45:00;64,64
2018-05-31 13:00:00;62,12
2018-05-31 13:15:00;63,40
2018-05-31 13:30:00;63,84
2018-05-31 13:45:00;63,56
2018-05-31 14:00:00;61,76
2018-05-31 14:15:00;58,32
2018-05-31 14:30:00;63,68
2018-05-31 14:45:00;59,32
2018-05-31 15:00:00;58,24
2018-05-31 15:15:00;56,72
2018-05-31 15:30:00;57,12
2018-05-31 15:45:00;56,52
2018-05-31 16:00:00;56,84
2018-05-31 16:15:00;55,84
2018-05-31 16:30:00;56,92
2018-05-31 16:45:00;54,48
2018-05-31 17:00:00;56,28
2018-05-31 17:15:00;63,08
2018-05-31 17:30:00;61,84
2018-05-31 17:45:00;54,00
2018-05-31 18:00:00;53,88
2018-05-31 18:15:00;52,28
2018-05-31 18:30:00;54,48
2018-05-31 18:45:00;51,72
2018-05-31 19:00:00;45,68
2018-05-31 19:15:00;42,96
2018-05-31 19:30:00;46,08
2018-05-31 19:45:00;45,44
2018-05-31 20:00:00;45,36
2018-05-31 20:15:00;44,44
2018-05-31 20:30:00;43,64
2018-05-31 20:45:00;45,08
2018-05-31 21:00:00;44,84
2018-05-31 21:15:00;46,56
2018-05-31 21:30:00;39,44
2018-05-31 21:45:00;39,52
2018-05-31 22:00:00;35,24
2018-05-31 22:15:00;34,68
2018-05-31 22:30:00;31,80
2018-05-31 22:45:00;32,64
2018-05-31 23:00:00;31,56
2018-05-31 23:15:00;34,52
2018-05-31 23:30:00;32,36
2018-05-31 23:45:00;33,24
2018-06-01 00:00:00;34,32
2018-06-01 00:15:00;31,92
2018-06-01 00:30:00;34,12
2018-06-01 00:45:00;31,88
2018-06-01 01:00:00;34,08
2018-06-01 01:15:00;32,48
2018-06-01 01:30:00;33,28
2018-06-01 01:45:00;32,16
2018-06-01 02:00:00;34,56
2018-06-01 02:15:00;31,64
2018-06-01 02:30:00;33,68
2018-06-01 02:45:00;33,36
2018-06-01 03:00:00;33,52
2018-06-01 03:15:00;29,32
2018-06-01 03:30:00;35,20
2018-06-01 03:45:00;31,72
2018-06-01 04:00:00;31,92
2018-06-01 04:15:00;31,80
2018-06-01 04:30:00;31,44
2018-06-01 04:45:00;32,76
2018-06-01 05:00:00;28,80
2018-06-01 05:15:00;28,28
2018-06-01 05:30:00;34,52
2018-06-01 05:45:00;38,08
2018-06-01 06:00:00;49,64
2018-06-01 06:15:00;84,96
2018-06-01 06:30:00;98,36
2018-06-01 06:45:00;110,00
2018-06-01 07:00:00;113,68
2018-06-01 07:15:00;117,16
2018-06-01 07:30:00;126,16
2018-06-01 07:45:00;137,76
2018-06-01 08:00:00;136,60
2018-06-01 08:15:00;107,56
2018-06-01 08:30:00;122,00
2018-06-01 08:45:00;124,48
2018-06-01 09:00:00;124,40
2018-06-01 09:15:00;135,56
2018-06-01 09:30:00;128,16
2018-06-01 09:45:00;130,76
2018-06-01 10:00:00;134,28
2018-06-01 10:15:00;133,20
2018-06-01 10:30:00;138,72
2018-06-01 10:45:00;133,84
2018-06-01 11:00:00;126,52
2018-06-01 11:15:00;112,28
2018-06-01 11:30:00;109,20
2018-06-01 11:45:00;119,08
2018-06-01 12:00:00;122,00
2018-06-01 12:15:00;123,40
2018-06-01 12:30:00;127,56
2018-06-01 12:45:00;134,88
2018-06-01 13:00:00;138,32
2018-06-01 13:15:00;143,16
2018-06-01 13:30:00;133,64
2018-06-01 13:45:00;129,24
2018-06-01 14:00:00;107,40
2018-06-01 14:15:00;96,24
2018-06-01 14:30:00;90,84
2018-06-01 14:45:00;89,08
2018-06-01 15:00:00;84,48
2018-06-01 15:15:00;82,08
2018-06-01 15:30:00;78,08
2018-06-01 15:45:00;78,76
2018-06-01 16:00:00;74,40
2018-06-01 16:15:00;71,52
2018-06-01 16:30:00;65,76
2018-06-01 16:45:00;64,24
2018-06-01 17:00:00;62,00
2018-06-01 17:15:00;59,92
2018-06-01 17:30:00;58,28
2018-06-01 17:45:00;52,80
2018-06-01 18:00:00;57,84
2018-06-01 18:15:00;54,32
2018-06-01 18:30:00;51,80
2018-06-01 18:45:00;33,76
2018-06-01 19:00:00;27,04
2018-06-01 19:15:00;28,80
2018-06-01 19:30:00;26,24
2018-06-01 19:45:00;26,56
2018-06-01 20:00:00;25,08
2018-06-01 20:15:00;22,80
2018-06-01 20:30:00;22,40
2018-06-01 20:45:00;21,28
2018-06-01 21:00:00;21,56
2018-06-01 21:15:00;21,88
2018-06-01 21:30:00;20,88
2018-06-01 21:45:00;20,56
2018-06-01 22:00:00;21,56
2018-06-01 22:15:00;19,76
2018-06-01 22:30:00;20,52
2018-06-01 22:45:00;20,04
2018-06-01 23:00:00;20,20
2018-06-01 23:15:00;22,80
2018-06-01 23:30:00;20,48
2018-06-01 23:45:00;22,00
2018-06-02 00:00:00;21,96
2018-06-02 00:15:00;21,28
2018-06-02 00:30:00;22,64
2018-06-02 00:45:00;19,88
2018-06-02 01:00:00;21,48
2018-06-02 01:15:00;22,24
2018-06-02 01:30:00;22,60
2018-06-02 01:45:00;22,20
2018-06-02 02:00:00;22,20
2018-06-02 02:15:00;20,76
2018-06-02 02:30:00;22,64
2018-06-02 02:45:00;21,28
2018-06-02 03:00:00;22,48
2018-06-02 03:15:00;21,76
2018-06-02 03:30:00;21,40
2018-06-02 03:45:00;22,16
2018-06-02 04:00:00;20,24
2018-06-02 04:15:00;22,16
2018-06-02 04:30:00;23,36
2018-06-02 04:45:00;19,96
2018-06-02 05:00:00;19,96
2018-06-02 05:15:00;20,68
2018-06-02 05:30:00;23,08
2018-06-02 05:45:00;31,36
2018-06-02 06:00:00;41,64
2018-06-02 06:15:00;41,52
2018-06-02 06:30:00;39,96
2018-06-02 06:45:00;40,28
2018-06-02 07:00:00;41,56
2018-06-02 07:15:00;41,04
2018-06-02 07:30:00;42,24
2018-06-02 07:45:00;41,64
2018-06-02 08:00:00;40,48
2018-06-02 08:15:00;41,52
2018-06-02 08:30:00;42,04
2018-06-02 08:45:00;42,16
2018-06-02 09:00:00;41,48
2018-06-02 09:15:00;43,60
2018-06-02 09:30:00;44,12
2018-06-02 09:45:00;44,24
2018-06-02 10:00:00;43,84
2018-06-02 10:15:00;44,52
2018-06-02 10:30:00;47,52
2018-06-02 10:45:00;42,64
2018-06-02 11:00:00;42,36
2018-06-02 11:15:00;40,12
2018-06-02 11:30:00;38,96
2018-06-02 11:45:00;38,00
2018-06-02 12:00:00;32,36
2018-06-02 12:15:00;33,28
2018-06-02 12:30:00;34,12
2018-06-02 12:45:00;30,28
2018-06-02 13:00:00;29,36
2018-06-02 13:15:00;30,48
2018-06-02 13:30:00;26,60
2018-06-02 13:45:00;24,80
2018-06-02 14:00:00;25,48
2018-06-02 14:15:00;24,96
2018-06-02 14:30:00;24,56
2018-06-02 14:45:00;24,96
2018-06-02 15:00:00;24,76
2018-06-02 15:15:00;25,00
2018-06-02 15:30:00;26,00
2018-06-02 15:45:00;26,52
2018-06-02 16:00:00;27,04
2018-06-02 16:15:00;26,56
2018-06-02 16:30:00;29,24
2018-06-02 16:45:00;31,12
2018-06-02 17:00:00;29,68
2018-06-02 17:15:00;30,12
2018-06-02 17:30:00;30,76
2018-06-02 17:45:00;27,92
2018-06-02 18:00:00;27,36
2018-06-02 18:15:00;28,56
2018-06-02 18:30:00;27,84
2018-06-02 18:45:00;27,96
2018-06-02 19:00:00;27,88
2018-06-02 19:15:00;27,88
2018-06-02 19:30:00;28,00
2018-06-02 19:45:00;27,40
2018-06-02 20:00:00;27,44
2018-06-02 20:15:00;28,32
2018-06-02 20:30:00;26,48
2018-06-02 20:45:00;27,60
2018-06-02 21:00:00;27,92
2018-06-02 21:15:00;26,60
2018-06-02 21:30:00;27,56
2018-06-02 21:45:00;26,68
2018-06-02 22:00:00;26,32
2018-06-02 22:15:00;27,80
2018-06-02 22:30:00;25,48
2018-06-02 22:45:00;26,68
2018-06-02 23:00:00;26,48
2018-06-02 23:15:00;26,52
2018-06-02 23:30:00;26,20
2018-06-02 23:45:00;25,08
2018-06-03 00:00:00;25,76
2018-06-03 00:15:00;26,20
2018-06-03 00:30:00;25,20
2018-06-03 00:45:00;27,84
2018-06-03 01:00:00;26,84
2018-06-03 01:15:00;26,76
2018-06-03 01:30:00;27,52
2018-06-03 01:45:00;27,28
2018-06-03 02:00:00;25,72
2018-06-03 02:15:00;27,52
2018-06-03 02:30:00;27,20
2018-06-03 02:45:00;26,84
2018-06-03 03:00:00;26,84
2018-06-03 03:15:00;25,52
2018-06-03 03:30:00;27,88
2018-06-03 03:45:00;24,76
2018-06-03 04:00:00;25,44
2018-06-03 04:15:00;26,32
2018-06-03 04:30:00;26,76
2018-06-03 04:45:00;23,56
2018-06-03 05:00:00;25,32
2018-06-03 05:15:00;25,40
2018-06-03 05:30:00;24,68
2018-06-03 05:45:00;24,40
2018-06-03 06:00:00;24,20
2018-06-03 06:15:00;24,84
2018-06-03 06:30:00;25,28
2018-06-03 06:45:00;24,32
2018-06-03 07:00:00;25,44
2018-06-03 07:15:00;24,76
2018-06-03 07:30:00;24,56
2018-06-03 07:45:00;27,60
2018-06-03 08:00:00;25,12
2018-06-03 08:15:00;25,28
2018-06-03 08:30:00;26,12
2018-06-03 08:45:00;24,84
2018-06-03 09:00:00;26,12
2018-06-03 09:15:00;25,68
2018-06-03 09:30:00;25,40
2018-06-03 09:45:00;26,04
2018-06-03 10:00:00;26,52
2018-06-03 10:15:00;27,20
2018-06-03 10:30:00;28,24
2018-06-03 10:45:00;30,00
2018-06-03 11:00:00;31,72
2018-06-03 11:15:00;31,48
2018-06-03 11:30:00;30,40
2018-06-03 11:45:00;29,64
2018-06-03 12:00:00;32,16
2018-06-03 12:15:00;31,76
2018-06-03 12:30:00;31,20
2018-06-03 12:45:00;31,88
2018-06-03 13:00:00;30,72
2018-06-03 13:15:00;33,44
2018-06-03 13:30:00;33,08
2018-06-03 13:45:00;30,80
2018-06-03 14:00:00;29,48
2018-06-03 14:15:00;25,96
2018-06-03 14:30:00;27,52
2018-06-03 14:45:00;26,60
2018-06-03 15:00:00;25,32
2018-06-03 15:15:00;26,28
2018-06-03 15:30:00;26,88
2018-06-03 15:45:00;25,24
2018-06-03 16:00:00;24,84
2018-06-03 16:15:00;26,72
2018-06-03 16:30:00;29,64
2018-06-03 16:45:00;26,88
2018-06-03 17:00:00;24,32
2018-06-03 17:15:00;23,24
2018-06-03 17:30:00;22,80
2018-06-03 17:45:00;23,88
2018-06-03 18:00:00;23,72
2018-06-03 18:15:00;24,60
2018-06-03 18:30:00;24,08
2018-06-03 18:45:00;22,76
2018-06-03 19:00:00;24,24
2018-06-03 19:15:00;23,76
2018-06-03 19:30:00;22,88
2018-06-03 19:45:00;24,28
2018-06-03 20:00:00;25,48
2018-06-03 20:15:00;30,48
2018-06-03 20:30:00;29,16
2018-06-03 20:45:00;29,60
2018-06-03 21:00:00;29,72
2018-06-03 21:15:00;27,76
2018-06-03 21:30:00;29,48
2018-06-03 21:45:00;27,32
2018-06-03 22:00:00;27,88
2018-06-03 22:15:00;28,00
2018-06-03 22:30:00;26,72
2018-06-03 22:45:00;27,12
2018-06-03 23:00:00;26,32
2018-06-03 23:15:00;29,20
2018-06-03 23:30:00;27,68
2018-06-03 23:45:00;28,60
2018-06-04 00:00:00;28,08
2018-06-04 00:15:00;28,32
2018-06-04 00:30:00;27,24
2018-06-04 00:45:00;27,16
2018-06-04 01:00:00;28,40
2018-06-04 01:15:00;27,76
2018-06-04 01:30:00;28,68
2018-06-04 01:45:00;26,88
2018-06-04 02:00:00;28,48
2018-06-04 02:15:00;28,16
2018-06-04 02:30:00;28,00
2018-06-04 02:45:00;28,40
2018-06-04 03:00:00;27,08
2018-06-04 03:15:00;28,64
2018-06-04 03:30:00;26,12
2018-06-04 03:45:00;27,48
2018-06-04 04:00:00;26,00
2018-06-04 04:15:00;25,80
2018-06-04 04:30:00;27,16
2018-06-04 04:45:00;26,64
2018-06-04 05:00:00;25,16
2018-06-04 05:15:00;25,92
2018-06-04 05:30:00;37,20
2018-06-04 05:45:00;47,76
2018-06-04 06:00:00;62,76
2018-06-04 06:15:00;85,68
2018-06-04 06:30:00;106,32
2018-06-04 06:45:00;114,04
2018-06-04 07:00:00;127,44
2018-06-04 07:15:00;113,52
2018-06-04 07:30:00;116,76
2018-06-04 07:45:00;124,96
2018-06-04 08:00:00;130,56
2018-06-04 08:15:00;117,00
2018-06-04 08:30:00;127,72
2018-06-04 08:45:00;130,88
2018-06-04 09:00:00;119,12
2018-06-04 09:15:00;123,88
2018-06-04 09:30:00;123,28
2018-06-04 09:45:00;133,56
2018-06-04 10:00:00;126,52
2018-06-04 10:15:00;135,24
2018-06-04 10:30:00;129,40
2018-06-04 10:45:00;131,32
2018-06-04 11:00:00;124,04
2018-06-04 11:15:00;102,56
2018-06-04 11:30:00;96,68
2018-06-04 11:45:00;102,32
2018-06-04 12:00:00;127,92
2018-06-04 12:15:00;133,76
2018-06-04 12:30:00;138,64
2018-06-04 12:45:00;139,16
2018-06-04 13:00:00;134,12
2018-06-04 13:15:00;132,12
2018-06-04 13:30:00;136,32
2018-06-04 13:45:00;135,36
2018-06-04 14:00:00;145,96
2018-06-04 14:15:00;146,88
2018-06-04 14:30:00;149,12
2018-06-04 14:45:00;146,60
2018-06-04 15:00:00;150,44
2018-06-04 15:15:00;143,80
2018-06-04 15:30:00;152,88
2018-06-04 15:45:00;120,16
2018-06-04 16:00:00;104,80
2018-06-04 16:15:00;88,64
2018-06-04 16:30:00;80,40
2018-06-04 16:45:00;71,20
2018-06-04 17:00:00;66,84
2018-06-04 17:15:00;59,08
2018-06-04 17:30:00;56,76
2018-06-04 17:45:00;54,52
2018-06-04 18:00:00;53,64
2018-06-04 18:15:00;53,44
2018-06-04 18:30:00;64,60
2018-06-04 18:45:00;60,64
2018-06-04 19:00:00;48,88
2018-06-04 19:15:00;45,12
2018-06-04 19:30:00;43,80
2018-06-04 19:45:00;40,00
2018-06-04 20:00:00;41,48
2018-06-04 20:15:00;41,96
2018-06-04 20:30:00;39,64
2018-06-04 20:45:00;37,56
2018-06-04 21:00:00;37,80
2018-06-04 21:15:00;35,32
2018-06-04 21:30:00;37,52
2018-06-04 21:45:00;36,88
2018-06-04 22:00:00;36,00
2018-06-04 22:15:00;34,36
2018-06-04 22:30:00;36,56
2018-06-04 22:45:00;35,64
2018-06-04 23:00:00;35,28
2018-06-04 23:15:00;35,64
2018-06-04 23:30:00;38,36
2018-06-04 23:45:00;37,52
2018-06-05 00:00:00;36,00
2018-06-05 00:15:00;34,84
2018-06-05 00:30:00;37,24
2018-06-05 00:45:00;36,20
2018-06-05 01:00:00;37,04
2018-06-05 01:15:00;34,32
2018-06-05 01:30:00;36,76
2018-06-05 01:45:00;33,76
2018-06-05 02:00:00;36,08
2018-06-05 02:15:00;34,00
2018-06-05 02:30:00;34,04
2018-06-05 02:45:00;31,00
2018-06-05 03:00:00;34,32
2018-06-05 03:15:00;31,16
2018-06-05 03:30:00;31,92
2018-06-05 03:45:00;28,84
2018-06-05 04:00:00;29,60
2018-06-05 04:15:00;29,84
2018-06-05 04:30:00;30,52
2018-06-05 04:45:00;29,04
2018-06-05 05:00:00;28,68
2018-06-05 05:15:00;35,84
2018-06-05 05:30:00;44,92
2018-06-05 05:45:00;47,20
2018-06-05 06:00:00;57,32
2018-06-05 06:15:00;86,44
2018-06-05 06:30:00;121,72
2018-06-05 06:45:00;107,92
2018-06-05 07:00:00;124,00
2018-06-05 07:15:00;115,76
2018-06-05 07:30:00;116,64
2018-06-05 07:45:00;123,20
2018-06-05 08:00:00;141,92
2018-06-05 08:15:00;105,12
2018-06-05 08:30:00;126,48
2018-06-05 08:45:00;136,04
2018-06-05 09:00:00;133,28
2018-06-05 09:15:00;132,04
2018-06-05 09:30:00;127,72
2018-06-05 09:45:00;133,32
2018-06-05 10:00:00;130,28
2018-06-05 10:15:00;121,84
2018-06-05 10:30:00;132,08
2018-06-05 10:45:00;139,76
2018-06-05 11:00:00;131,24
2018-06-05 11:15:00;116,96
2018-06-05 11:30:00;106,76
2018-06-05 11:45:00;118,76
2018-06-05 12:00:00;129,60
2018-06-05 12:15:00;134,24
2018-06-05 12:30:00;131,96
2018-06-05 12:45:00;132,80
2018-06-05 13:00:00;135,12
2018-06-05 13:15:00;140,44
2018-06-05 13:30:00;146,08
2018-06-05 13:45:00;146,40
2018-06-05 14:00:00;140,88
2018-06-05 14:15:00;138,00
2018-06-05 14:30:00;134,96
2018-06-05 14:45:00;136,96
2018-06-05 15:00:00;134,08
2018-06-05 15:15:00;127,68
2018-06-05 15:30:00;130,44
2018-06-05 15:45:00;98,76
2018-06-05 16:00:00;100,56
2018-06-05 16:15:00;86,64
2018-06-05 16:30:00;82,92
2018-06-05 16:45:00;70,64
2018-06-05 17:00:00;63,40
2018-06-05 17:15:00;62,88
2018-06-05 17:30:00;59,96
2018-06-05 17:45:00;57,36
2018-06-05 18:00:00;52,68
2018-06-05 18:15:00;54,84
2018-06-05 18:30:00;54,04
2018-06-05 18:45:00;50,04
2018-06-05 19:00:00;39,52
2018-06-05 19:15:00;39,60
2018-06-05 19:30:00;39,12
2018-06-05 19:45:00;38,28
2018-06-05 20:00:00;39,20
2018-06-05 20:15:00;37,52
2018-06-05 20:30:00;36,92
2018-06-05 20:45:00;36,48
2018-06-05 21:00:00;37,68
2018-06-05 21:15:00;35,04
2018-06-05 21:30:00;35,76
2018-06-05 21:45:00;34,40
2018-06-05 22:00:00;35,44
2018-06-05 22:15:00;34,08
2018-06-05 22:30:00;34,60
2018-06-05 22:45:00;34,12
2018-06-05 23:00:00;34,60
2018-06-05 23:15:00;34,64
2018-06-05 23:30:00;34,12
2018-06-05 23:45:00;31,92
2018-06-06 00:00:00;32,48
2018-06-06 00:15:00;32,84
2018-06-06 00:30:00;30,92
2018-06-06 00:45:00;30,36
2018-06-06 01:00:00;30,92
2018-06-06 01:15:00;30,60
2018-06-06 01:30:00;30,20
2018-06-06 01:45:00;29,68
2018-06-06 02:00:00;30,60
2018-06-06 02:15:00;29,92
2018-06-06 02:30:00;30,80
2018-06-06 02:45:00;29,12
2018-06-06 03:00:00;31,12
2018-06-06 03:15:00;29,52
2018-06-06 03:30:00;30,24
2018-06-06 03:45:00;29,20
2018-06-06 04:00:00;29,16
2018-06-06 04:15:00;28,12
2018-06-06 04:30:00;28,28
2018-06-06 04:45:00;28,92
2018-06-06 05:00:00;28,20
2018-06-06 05:15:00;29,24
2018-06-06 05:30:00;33,84
2018-06-06 05:45:00;43,00
2018-06-06 06:00:00;52,56
2018-06-06 06:15:00;88,64
2018-06-06 06:30:00;102,00
2018-06-06 06:45:00;112,00
2018-06-06 07:00:00;122,88
2018-06-06 07:15:00;130,96
2018-06-06 07:30:00;138,76
2018-06-06 07:45:00;129,84
2018-06-06 08:00:00;133,44
2018-06-06 08:15:00;114,44
2018-06-06 08:30:00;116,20
2018-06-06 08:45:00;129,84
2018-06-06 09:00:00;134,12
2018-06-06 09:15:00;122,80
2018-06-06 09:30:00;133,36
2018-06-06 09:45:00;135,68
2018-06-06 10:00:00;137,28
2018-06-06 10:15:00;136,68
2018-06-06 10:30:00;133,76
2018-06-06 10:45:00;140,64
2018-06-06 11:00:00;143,08
2018-06-06 11:15:00;124,76
2018-06-06 11:30:00;111,84
2018-06-06 11:45:00;124,68
2018-06-06 12:00:00;139,52
2018-06-06 12:15:00;141,96
2018-06-06 12:30:00;140,12
2018-06-06 12:45:00;128,16
2018-06-06 13:00:00;134,52
2018-06-06 13:15:00;128,52
2018-06-06 13:30:00;129,56
2018-06-06 13:45:00;127,96
2018-06-06 14:00:00;132,48
2018-06-06 14:15:00;134,04
2018-06-06 14:30:00;137,32
2018-06-06 14:45:00;147,80
2018-06-06 15:00:00;145,40
2018-06-06 15:15:00;137,80
2018-06-06 15:30:00;124,52
2018-06-06 15:45:00;103,64
2018-06-06 16:00:00;102,56
2018-06-06 16:15:00;79,68
2018-06-06 16:30:00;79,68
2018-06-06 16:45:00;74,88
2018-06-06 17:00:00;72,68
2018-06-06 17:15:00;73,04
2018-06-06 17:30:00;69,00
2018-06-06 17:45:00;62,92
2018-06-06 18:00:00;57,32
2018-06-06 18:15:00;55,92
2018-06-06 18:30:00;43,28
2018-06-06 18:45:00;42,08
2018-06-06 19:00:00;38,44
2018-06-06 19:15:00;39,12
2018-06-06 19:30:00;35,96
2018-06-06 19:45:00;35,72
2018-06-06 20:00:00;34,96
2018-06-06 20:15:00;37,88
2018-06-06 20:30:00;37,72
2018-06-06 20:45:00;36,80
2018-06-06 21:00:00;36,20
2018-06-06 21:15:00;33,88
2018-06-06 21:30:00;35,52
2018-06-06 21:45:00;35,68
2018-06-06 22:00:00;36,24
2018-06-06 22:15:00;35,52
2018-06-06 22:30:00;33,56
2018-06-06 22:45:00;33,36
2018-06-06 23:00:00;35,72
2018-06-06 23:15:00;37,32
2018-06-06 23:30:00;37,52
2018-06-06 23:45:00;36,04
2018-06-07 00:00:00;35,80
2018-06-07 00:15:00;36,16
2018-06-07 00:30:00;35,00
2018-06-07 00:45:00;37,64
2018-06-07 01:00:00;36,04
2018-06-07 01:15:00;37,20
2018-06-07 01:30:00;33,88
2018-06-07 01:45:00;35,08
2018-06-07 02:00:00;35,36
2018-06-07 02:15:00;37,96
2018-06-07 02:30:00;35,48
2018-06-07 02:45:00;35,52
2018-06-07 03:00:00;33,52
2018-06-07 03:15:00;34,68
2018-06-07 03:30:00;32,16
2018-06-07 03:45:00;33,00
2018-06-07 04:00:00;32,32
2018-06-07 04:15:00;33,76
2018-06-07 04:30:00;30,88
2018-06-07 04:45:00;32,36
2018-06-07 05:00:00;30,80
2018-06-07 05:15:00;29,20
2018-06-07 05:30:00;34,00
2018-06-07 05:45:00;41,80
2018-06-07 06:00:00;49,40
2018-06-07 06:15:00;80,64
2018-06-07 06:30:00;93,76
2018-06-07 06:45:00;91,56
2018-06-07 07:00:00;110,84
2018-06-07 07:15:00;122,48
2018-06-07 07:30:00;121,24
2018-06-07 07:45:00;119,56
2018-06-07 08:00:00;126,16
2018-06-07 08:15:00;112,92
2018-06-07 08:30:00;120,40
2018-06-07 08:45:00;125,12
2018-06-07 09:00:00;127,08
2018-06-07 09:15:00;123,64
2018-06-07 09:30:00;127,52
2018-06-07 09:45:00;129,64
2018-06-07 10:00:00;126,56
2018-06-07 10:15:00;124,00
2018-06-07 10:30:00;122,24
2018-06-07 10:45:00;132,80
2018-06-07 11:00:00;130,40
2018-06-07 11:15:00;106,96
2018-06-07 11:30:00;101,68
2018-06-07 11:45:00;109,84
2018-06-07 12:00:00;125,76
2018-06-07 12:15:00;131,40
2018-06-07 12:30:00;130,28
2018-06-07 12:45:00;127,80
2018-06-07 13:00:00;126,56
2018-06-07 13:15:00;127,92
2018-06-07 13:30:00;128,24
2018-06-07 13:45:00;119,44
2018-06-07 14:00:00;124,24
2018-06-07 14:15:00;141,40
2018-06-07 14:30:00;136,88
2018-06-07 14:45:00;130,20
2018-06-07 15:00:00;133,32
2018-06-07 15:15:00;126,68
2018-06-07 15:30:00;126,28
2018-06-07 15:45:00;101,24
2018-06-07 16:00:00;95,56
2018-06-07 16:15:00;78,44
2018-06-07 16:30:00;78,04
2018-06-07 16:45:00;72,28
2018-06-07 17:00:00;63,96
2018-06-07 17:15:00;59,64
2018-06-07 17:30:00;57,44
2018-06-07 17:45:00;52,92
2018-06-07 18:00:00;51,60
2018-06-07 18:15:00;47,76
2018-06-07 18:30:00;52,92
2018-06-07 18:45:00;46,24
2018-06-07 19:00:00;47,12
2018-06-07 19:15:00;36,28
2018-06-07 19:30:00;34,88
2018-06-07 19:45:00;33,88
2018-06-07 20:00:00;34,08
2018-06-07 20:15:00;33,44
2018-06-07 20:30:00;33,40
2018-06-07 20:45:00;33,20
2018-06-07 21:00:00;34,12
2018-06-07 21:15:00;33,04
2018-06-07 21:30:00;34,00
2018-06-07 21:45:00;33,40
2018-06-07 22:00:00;32,96
2018-06-07 22:15:00;32,36
2018-06-07 22:30:00;33,84
2018-06-07 22:45:00;32,72
2018-06-07 23:00:00;32,64
2018-06-07 23:15:00;33,08
2018-06-07 23:30:00;35,12
2018-06-07 23:45:00;33,32
2018-06-08 00:00:00;35,48
2018-06-08 00:15:00;33,20
2018-06-08 00:30:00;34,48
2018-06-08 00:45:00;33,88
2018-06-08 01:00:00;34,68
2018-06-08 01:15:00;32,72
2018-06-08 01:30:00;34,12
2018-06-08 01:45:00;34,28
2018-06-08 02:00:00;32,92
2018-06-08 02:15:00;34,48
2018-06-08 02:30:00;32,56
2018-06-08 02:45:00;35,08
2018-06-08 03:00:00;33,28
2018-06-08 03:15:00;33,32
2018-06-08 03:30:00;33,56
2018-06-08 03:45:00;34,92
2018-06-08 04:00:00;32,44
2018-06-08 04:15:00;32,12
2018-06-08 04:30:00;32,84
2018-06-08 04:45:00;33,08
2018-06-08 05:00:00;31,72
2018-06-08 05:15:00;30,72
2018-06-08 05:30:00;37,72
2018-06-08 05:45:00;42,00
2018-06-08 06:00:00;53,24
2018-06-08 06:15:00;90,96
2018-06-08 06:30:00;118,52
2018-06-08 06:45:00;118,56
2018-06-08 07:00:00;121,20
2018-06-08 07:15:00;125,08
2018-06-08 07:30:00;123,32
2018-06-08 07:45:00;120,20
2018-06-08 08:00:00;119,24
2018-06-08 08:15:00;107,56
2018-06-08 08:30:00;121,08
2018-06-08 08:45:00;126,32
2018-06-08 09:00:00;128,96
2018-06-08 09:15:00;130,68
2018-06-08 09:30:00;137,28
2018-06-08 09:45:00;145,96
2018-06-08 10:00:00;137,96
2018-06-08 10:15:00;134,24
2018-06-08 10:30:00;124,68
2018-06-08 10:45:00;133,92
2018-06-08 11:00:00;130,80
2018-06-08 11:15:00;106,96
2018-06-08 11:30:00;97,52
2018-06-08 11:45:00;112,40
2018-06-08 12:00:00;113,28
2018-06-08 12:15:00;119,56
2018-06-08 12:30:00;127,64
2018-06-08 12:45:00;130,68
2018-06-08 13:00:00;127,00
2018-06-08 13:15:00;124,96
2018-06-08 13:30:00;123,52
2018-06-08 13:45:00;102,20
2018-06-08 14:00:00;90,08
2018-06-08 14:15:00;101,96
2018-06-08 14:30:00;72,32
2018-06-08 14:45:00;55,96
2018-06-08 15:00:00;52,80
2018-06-08 15:15:00;50,20
2018-06-08 15:30:00;50,36
2018-06-08 15:45:00;51,00
2018-06-08 16:00:00;49,36
2018-06-08 16:15:00;46,24
2018-06-08 16:30:00;46,72
2018-06-08 16:45:00;47,08
2018-06-08 17:00:00;49,00
2018-06-08 17:15:00;47,16
2018-06-08 17:30:00;41,04
2018-06-08 17:45:00;35,68
2018-06-08 18:00:00;38,00
2018-06-08 18:15:00;36,32
2018-06-08 18:30:00;38,56
2018-06-08 18:45:00;36,48
2018-06-08 19:00:00;39,44
2018-06-08 19:15:00;40,76
2018-06-08 19:30:00;41,56
2018-06-08 19:45:00;39,40
2018-06-08 20:00:00;33,56
2018-06-08 20:15:00;32,88
2018-06-08 20:30:00;31,36
2018-06-08 20:45:00;31,72
2018-06-08 21:00:00;33,32
2018-06-08 21:15:00;32,96
2018-06-08 21:30:00;31,28
2018-06-08 21:45:00;31,16
2018-06-08 22:00:00;33,00
2018-06-08 22:15:00;32,24
2018-06-08 22:30:00;32,16
2018-06-08 22:45:00;30,76
2018-06-08 23:00:00;31,72
2018-06-08 23:15:00;31,84
2018-06-08 23:30:00;33,44
2018-06-08 23:45:00;33,36
2018-06-09 00:00:00;33,36
2018-06-09 00:15:00;31,40
2018-06-09 00:30:00;32,04
2018-06-09 00:45:00;33,68
2018-06-09 01:00:00;33,60
2018-06-09 01:15:00;32,68
2018-06-09 01:30:00;30,52
2018-06-09 01:45:00;30,84
2018-06-09 02:00:00;31,16
2018-06-09 02:15:00;31,84
2018-06-09 02:30:00;32,56
2018-06-09 02:45:00;30,44
2018-06-09 03:00:00;29,96
2018-06-09 03:15:00;30,60
2018-06-09 03:30:00;31,52
2018-06-09 03:45:00;29,68
2018-06-09 04:00:00;30,04
2018-06-09 04:15:00;30,32
2018-06-09 04:30:00;29,76
2018-06-09 04:45:00;28,52
2018-06-09 05:00:00;28,96
2018-06-09 05:15:00;29,52
2018-06-09 05:30:00;27,04
2018-06-09 05:45:00;25,88
2018-06-09 06:00:00;28,48
2018-06-09 06:15:00;29,04
2018-06-09 06:30:00;29,08
2018-06-09 06:45:00;28,28
2018-06-09 07:00:00;27,76
2018-06-09 07:15:00;26,24
2018-06-09 07:30:00;29,96
2018-06-09 07:45:00;29,92
2018-06-09 08:00:00;30,88
2018-06-09 08:15:00;29,00
2018-06-09 08:30:00;28,12
2018-06-09 08:45:00;29,32
2018-06-09 09:00:00;30,60
2018-06-09 09:15:00;30,08
2018-06-09 09:30:00;32,16
2018-06-09 09:45:00;33,72
2018-06-09 10:00:00;35,40
2018-06-09 10:15:00;38,48
2018-06-09 10:30:00;38,28
2018-06-09 10:45:00;36,48
2018-06-09 11:00:00;30,52
2018-06-09 11:15:00;29,84
2018-06-09 11:30:00;31,00
2018-06-09 11:45:00;29,96
2018-06-09 12:00:00;29,80
2018-06-09 12:15:00;29,08
2018-06-09 12:30:00;28,04
2018-06-09 12:45:00;28,88
2018-06-09 13:00:00;30,64
2018-06-09 13:15:00;31,44
2018-06-09 13:30:00;29,96
2018-06-09 13:45:00;28,68
2018-06-09 14:00:00;29,32
2018-06-09 14:15:00;30,12
2018-06-09 14:30:00;31,04
2018-06-09 14:45:00;30,24
2018-06-09 15:00:00;29,16
2018-06-09 15:15:00;30,20
2018-06-09 15:30:00;29,84
2018-06-09 15:45:00;32,48
2018-06-09 16:00:00;32,48
2018-06-09 16:15:00;34,36
2018-06-09 16:30:00;33,72
2018-06-09 16:45:00;35,60
2018-06-09 17:00:00;36,56
2018-06-09 17:15:00;36,32
2018-06-09 17:30:00;33,20
2018-06-09 17:45:00;32,32
2018-06-09 18:00:00;34,24
2018-06-09 18:15:00;34,44
2018-06-09 18:30:00;33,64
2018-06-09 18:45:00;31,12
2018-06-09 19:00:00;29,88
2018-06-09 19:15:00;31,16
2018-06-09 19:30:00;31,72
2018-06-09 19:45:00;33,32
2018-06-09 20:00:00;30,64
2018-06-09 20:15:00;30,40
2018-06-09 20:30:00;29,88
2018-06-09 20:45:00;29,60
2018-06-09 21:00:00;31,12
2018-06-09 21:15:00;31,24
2018-06-09 21:30:00;29,52
2018-06-09 21:45:00;29,96
2018-06-09 22:00:00;28,88
2018-06-09 22:15:00;29,56
2018-06-09 22:30:00;29,16
2018-06-09 22:45:00;29,48
2018-06-09 23:00:00;27,44
2018-06-09 23:15:00;29,32
2018-06-09 23:30:00;29,36
2018-06-09 23:45:00;30,08
2018-06-10 00:00:00;30,76
2018-06-10 00:15:00;28,40
2018-06-10 00:30:00;29,60
2018-06-10 00:45:00;26,88
2018-06-10 01:00:00;29,44
2018-06-10 01:15:00;28,52
2018-06-10 01:30:00;27,88
2018-06-10 01:45:00;28,52
2018-06-10 02:00:00;27,80
2018-06-10 02:15:00;26,88
2018-06-10 02:30:00;24,92
2018-06-10 02:45:00;26,84
2018-06-10 03:00:00;24,44
2018-06-10 03:15:00;24,00
2018-06-10 03:30:00;23,68
2018-06-10 03:45:00;24,92
2018-06-10 04:00:00;21,88
2018-06-10 04:15:00;23,68
2018-06-10 04:30:00;24,36
2018-06-10 04:45:00;22,44
2018-06-10 05:00:00;22,24
2018-06-10 05:15:00;22,64
2018-06-10 05:30:00;23,76
2018-06-10 05:45:00;22,60
2018-06-10 06:00:00;22,24
2018-06-10 06:15:00;21,88
2018-06-10 06:30:00;22,88
2018-06-10 06:45:00;22,84
2018-06-10 07:00:00;22,76
2018-06-10 07:15:00;22,60
2018-06-10 07:30:00;23,12
2018-06-10 07:45:00;23,32
2018-06-10 08:00:00;22,48
2018-06-10 08:15:00;22,72
2018-06-10 08:30:00;23,52
2018-06-10 08:45:00;22,96
2018-06-10 09:00:00;23,36
2018-06-10 09:15:00;26,72
2018-06-10 09:30:00;26,68
2018-06-10 09:45:00;27,08
2018-06-10 10:00:00;28,28
2018-06-10 10:15:00;24,32
2018-06-10 10:30:00;23,36
2018-06-10 10:45:00;24,84
2018-06-10 11:00:00;23,84
2018-06-10 11:15:00;23,96
2018-06-10 11:30:00;24,92
2018-06-10 11:45:00;23,60
2018-06-10 12:00:00;24,44
2018-06-10 12:15:00;25,32
2018-06-10 12:30:00;24,40
2018-06-10 12:45:00;24,04
2018-06-10 13:00:00;24,36
2018-06-10 13:15:00;24,52
2018-06-10 13:30:00;23,96
2018-06-10 13:45:00;24,48
2018-06-10 14:00:00;29,56
2018-06-10 14:15:00;30,56
2018-06-10 14:30:00;30,68
2018-06-10 14:45:00;31,40
2018-06-10 15:00:00;29,96
2018-06-10 15:15:00;31,48
2018-06-10 15:30:00;28,88
2018-06-10 15:45:00;31,40
2018-06-10 16:00:00;29,80
2018-06-10 16:15:00;31,00
2018-06-10 16:30:00;30,64
2018-06-10 16:45:00;30,76
2018-06-10 17:00:00;31,32
2018-06-10 17:15:00;30,16
2018-06-10 17:30:00;31,68
2018-06-10 17:45:00;29,52
2018-06-10 18:00:00;31,52
2018-06-10 18:15:00;29,88
2018-06-10 18:30:00;31,24
2018-06-10 18:45:00;29,48
2018-06-10 19:00:00;30,72
2018-06-10 19:15:00;32,48
2018-06-10 19:30:00;34,36
2018-06-10 19:45:00;36,08
2018-06-10 20:00:00;34,44
2018-06-10 20:15:00;35,68
2018-06-10 20:30:00;33,12
2018-06-10 20:45:00;36,40
2018-06-10 21:00:00;32,44
2018-06-10 21:15:00;35,80
2018-06-10 21:30:00;33,24
2018-06-10 21:45:00;33,96
2018-06-10 22:00:00;33,76
2018-06-10 22:15:00;32,12
2018-06-10 22:30:00;33,24
2018-06-10 22:45:00;30,64
2018-06-10 23:00:00;34,20
2018-06-10 23:15:00;32,80
2018-06-10 23:30:00;33,96
2018-06-10 23:45:00;32,56
2018-06-11 00:00:00;33,80
2018-06-11 00:15:00;33,36
2018-06-11 00:30:00;33,32
2018-06-11 00:45:00;33,52
2018-06-11 01:00:00;32,44
2018-06-11 01:15:00;34,76
2018-06-11 01:30:00;32,96
2018-06-11 01:45:00;33,56
2018-06-11 02:00:00;33,28
2018-06-11 02:15:00;33,52
2018-06-11 02:30:00;32,92
2018-06-11 02:45:00;34,48
2018-06-11 03:00:00;32,52
2018-06-11 03:15:00;34,04
2018-06-11 03:30:00;33,04
2018-06-11 03:45:00;32,80
2018-06-11 04:00:00;32,80
2018-06-11 04:15:00;31,28
2018-06-11 04:30:00;31,60
2018-06-11 04:45:00;32,12
2018-06-11 05:00:00;32,60
2018-06-11 05:15:00;31,16
2018-06-11 05:30:00;32,92
2018-06-11 05:45:00;34,88
2018-06-11 06:00:00;40,04
2018-06-11 06:15:00;64,84
2018-06-11 06:30:00;88,64
2018-06-11 06:45:00;89,52
2018-06-11 07:00:00;97,36
2018-06-11 07:15:00;102,16
2018-06-11 07:30:00;114,24
2018-06-11 07:45:00;112,60
2018-06-11 08:00:00;122,08
2018-06-11 08:15:00;110,12
2018-06-11 08:30:00;120,68
2018-06-11 08:45:00;127,84
2018-06-11 09:00:00;129,80
2018-06-11 09:15:00;138,24
2018-06-11 09:30:00;137,44
2018-06-11 09:45:00;134,88
2018-06-11 10:00:00;138,60
2018-06-11 10:15:00;148,28
2018-06-11 10:30:00;134,12
2018-06-11 10:45:00;136,96
2018-06-11 11:00:00;135,48
2018-06-11 11:15:00;114,92
2018-06-11 11:30:00;97,48
2018-06-11 11:45:00;111,32
2018-06-11 12:00:00;121,00
2018-06-11 12:15:00;130,68
2018-06-11 12:30:00;139,56
2018-06-11 12:45:00;134,32
2018-06-11 13:00:00;129,08
2018-06-11 13:15:00;125,72
2018-06-11 13:30:00;132,84
2018-06-11 13:45:00;137,08
2018-06-11 14:00:00;128,28
2018-06-11 14:15:00;128,08
2018-06-11 14:30:00;132,32
2018-06-11 14:45:00;131,68
2018-06-11 15:00:00;129,28
2018-06-11 15:15:00;134,08
2018-06-11 15:30:00;121,52
2018-06-11 15:45:00;112,80
2018-06-11 16:00:00;97,16
2018-06-11 16:15:00;74,04
2018-06-11 16:30:00;69,12
2018-06-11 16:45:00;64,80
2018-06-11 17:00:00;62,96
2018-06-11 17:15:00;63,64
2018-06-11 17:30:00;59,60
2018-06-11 17:45:00;63,68
2018-06-11 18:00:00;52,64
2018-06-11 18:15:00;50,12
2018-06-11 18:30:00;47,44
2018-06-11 18:45:00;44,76
2018-06-11 19:00:00;41,40
2018-06-11 19:15:00;43,68
2018-06-11 19:30:00;44,84
2018-06-11 19:45:00;42,24
2018-06-11 20:00:00;42,72
2018-06-11 20:15:00;41,12
2018-06-11 20:30:00;43,32
2018-06-11 20:45:00;40,20
2018-06-11 21:00:00;38,24
2018-06-11 21:15:00;35,08
2018-06-11 21:30:00;36,36
2018-06-11 21:45:00;36,12
2018-06-11 22:00:00;35,92
2018-06-11 22:15:00;36,24
2018-06-11 22:30:00;35,76
2018-06-11 22:45:00;36,24
2018-06-11 23:00:00;34,44
2018-06-11 23:15:00;34,24
2018-06-11 23:30:00;33,44
2018-06-11 23:45:00;33,68
2018-06-12 00:00:00;32,68
2018-06-12 00:15:00;34,28
2018-06-12 00:30:00;32,52
2018-06-12 00:45:00;32,28
2018-06-12 01:00:00;34,24
2018-06-12 01:15:00;31,32
2018-06-12 01:30:00;32,08
2018-06-12 01:45:00;30,32
2018-06-12 02:00:00;31,40
2018-06-12 02:15:00;30,60
2018-06-12 02:30:00;31,12
2018-06-12 02:45:00;29,60
2018-06-12 03:00:00;29,76
2018-06-12 03:15:00;29,68
2018-06-12 03:30:00;28,60
2018-06-12 03:45:00;28,24
2018-06-12 04:00:00;28,92
2018-06-12 04:15:00;27,68
2018-06-12 04:30:00;27,72
2018-06-12 04:45:00;27,40
2018-06-12 05:00:00;29,44
2018-06-12 05:15:00;27,04
2018-06-12 05:30:00;30,64
2018-06-12 05:45:00;30,32
2018-06-12 06:00:00;41,24
2018-06-12 06:15:00;79,28
2018-06-12 06:30:00;119,68
2018-06-12 06:45:00;118,24
2018-06-12 07:00:00;133,08
2018-06-12 07:15:00;134,52
2018-06-12 07:30:00;151,84
2018-06-12 07:45:00;152,84
2018-06-12 08:00:00;160,04
2018-06-12 08:15:00;138,96
2018-06-12 08:30:00;138,92
2018-06-12 08:45:00;160,40
2018-06-12 09:00:00;155,08
2018-06-12 09:15:00;150,80
2018-06-12 09:30:00;150,04
2018-06-12 09:45:00;144,48
2018-06-12 10:00:00;151,40
2018-06-12 10:15:00;147,20
2018-06-12 10:30:00;170,32
2018-06-12 10:45:00;161,28
2018-06-12 11:00:00;159,20
2018-06-12 11:15:00;138,56
2018-06-12 11:30:00;125,24
2018-06-12 11:45:00;131,68
2018-06-12 12:00:00;143,92
2018-06-12 12:15:00;153,76
2018-06-12 12:30:00;158,44
2018-06-12 12:45:00;163,20
2018-06-12 13:00:00;158,68
2018-06-12 13:15:00;151,16
2018-06-12 13:30:00;145,40
2018-06-12 13:45:00;151,28
2018-06-12 14:00:00;151,72
2018-06-12 14:15:00;149,24
2018-06-12 14:30:00;152,40
2018-06-12 14:45:00;142,36
2018-06-12 15:00:00;122,16
2018-06-12 15:15:00;126,24
2018-06-12 15:30:00;120,32
2018-06-12 15:45:00;98,72
2018-06-12 16:00:00;94,40
2018-06-12 16:15:00;73,72
2018-06-12 16:30:00;63,16
2018-06-12 16:45:00;68,68
2018-06-12 17:00:00;62,68
2018-06-12 17:15:00;64,12
2018-06-12 17:30:00;58,80
2018-06-12 17:45:00;58,84
2018-06-12 18:00:00;65,08
2018-06-12 18:15:00;59,16
2018-06-12 18:30:00;41,40
2018-06-12 18:45:00;41,56
2018-06-12 19:00:00;37,12
2018-06-12 19:15:00;36,44
2018-06-12 19:30:00;40,80
2018-06-12 19:45:00;40,44
2018-06-12 20:00:00;37,68
2018-06-12 20:15:00;36,56
2018-06-12 20:30:00;38,48
2018-06-12 20:45:00;36,60
2018-06-12 21:00:00;38,24
2018-06-12 21:15:00;35,16
2018-06-12 21:30:00;35,04
2018-06-12 21:45:00;33,48
2018-06-12 22:00:00;33,60
2018-06-12 22:15:00;28,72
2018-06-12 22:30:00;29,36
2018-06-12 22:45:00;28,88
2018-06-12 23:00:00;28,48
2018-06-12 23:15:00;29,32
2018-06-12 23:30:00;27,16
2018-06-12 23:45:00;29,88
2018-06-13 00:00:00;29,20
2018-06-13 00:15:00;30,32
2018-06-13 00:30:00;28,96
2018-06-13 00:45:00;30,28
2018-06-13 01:00:00;29,60
2018-06-13 01:15:00;30,16
2018-06-13 01:30:00;29,28
2018-06-13 01:45:00;30,56
2018-06-13 02:00:00;29,32
2018-06-13 02:15:00;29,96
2018-06-13 02:30:00;28,64
2018-06-13 02:45:00;26,72
2018-06-13 03:00:00;28,60
2018-06-13 03:15:00;27,60
2018-06-13 03:30:00;27,00
2018-06-13 03:45:00;26,52
2018-06-13 04:00:00;27,00
2018-06-13 04:15:00;25,84
2018-06-13 04:30:00;27,00
2018-06-13 04:45:00;24,64
2018-06-13 05:00:00;25,20
2018-06-13 05:15:00;26,36
2018-06-13 05:30:00;29,12
2018-06-13 05:45:00;27,84
2018-06-13 06:00:00;33,04
2018-06-13 06:15:00;70,04
2018-06-13 06:30:00;100,36
2018-06-13 06:45:00;113,44
2018-06-13 07:00:00;122,16
2018-06-13 07:15:00;136,76
2018-06-13 07:30:00;146,64
2018-06-13 07:45:00;143,48
2018-06-13 08:00:00;152,24
2018-06-13 08:15:00;128,72
2018-06-13 08:30:00;134,08
2018-06-13 08:45:00;154,36
2018-06-13 09:00:00;145,24
2018-06-13 09:15:00;137,56
2018-06-13 09:30:00;134,12
2018-06-13 09:45:00;141,40
2018-06-13 10:00:00;144,20
2018-06-13 10:15:00;143,88
2018-06-13 10:30:00;144,36
2018-06-13 10:45:00;150,24
2018-06-13 11:00:00;154,00
2018-06-13 11:15:00;122,96
2018-06-13 11:30:00;114,88
2018-06-13 11:45:00;123,04
2018-06-13 12:00:00;133,52
2018-06-13 12:15:00;135,68
2018-06-13 12:30:00;144,04
2018-06-13 12:45:00;139,92
2018-06-13 13:00:00;132,24
2018-06-13 13:15:00;136,28
2018-06-13 13:30:00;140,96
2018-06-13 13:45:00;148,52
2018-06-13 14:00:00;151,72
2018-06-13 14:15:00;145,84
2018-06-13 14:30:00;134,16
2018-06-13 14:45:00;137,80
2018-06-13 15:00:00;134,96
2018-06-13 15:15:00;134,40
2018-06-13 15:30:00;121,52
2018-06-13 15:45:00;102,12
2018-06-13 16:00:00;86,08
2018-06-13 16:15:00;67,48
2018-06-13 16:30:00;62,00
2018-06-13 16:45:00;52,64
2018-06-13 17:00:00;50,00
2018-06-13 17:15:00;48,64
2018-06-13 17:30:00;41,88
2018-06-13 17:45:00;41,00
2018-06-13 18:00:00;40,72
2018-06-13 18:15:00;42,28
2018-06-13 18:30:00;39,24
2018-06-13 18:45:00;38,88
2018-06-13 19:00:00;39,20
2018-06-13 19:15:00;36,32
2018-06-13 19:30:00;35,60
2018-06-13 19:45:00;35,56
2018-06-13 20:00:00;36,04
2018-06-13 20:15:00;36,40
2018-06-13 20:30:00;36,12
2018-06-13 20:45:00;34,76
2018-06-13 21:00:00;38,52
2018-06-13 21:15:00;35,40
2018-06-13 21:30:00;37,20
2018-06-13 21:45:00;37,04
2018-06-13 22:00:00;35,80
2018-06-13 22:15:00;37,88
2018-06-13 22:30:00;34,16
2018-06-13 22:45:00;35,76
2018-06-13 23:00:00;34,64
2018-06-13 23:15:00;35,08
2018-06-13 23:30:00;35,64
2018-06-13 23:45:00;35,32
2018-06-14 00:00:00;35,72
2018-06-14 00:15:00;33,60
2018-06-14 00:30:00;32,72
2018-06-14 00:45:00;33,32
2018-06-14 01:00:00;31,76
2018-06-14 01:15:00;32,64
2018-06-14 01:30:00;32,84
2018-06-14 01:45:00;31,00
2018-06-14 02:00:00;32,04
2018-06-14 02:15:00;26,16
2018-06-14 02:30:00;27,28
2018-06-14 02:45:00;27,04
2018-06-14 03:00:00;26,36
2018-06-14 03:15:00;27,84
2018-06-14 03:30:00;26,16
2018-06-14 03:45:00;26,60
2018-06-14 04:00:00;26,28
2018-06-14 04:15:00;25,56
2018-06-14 04:30:00;26,92
2018-06-14 04:45:00;25,56
2018-06-14 05:00:00;26,36
2018-06-14 05:15:00;25,88
2018-06-14 05:30:00;31,68
2018-06-14 05:45:00;31,96
2018-06-14 06:00:00;45,20
2018-06-14 06:15:00;91,08
2018-06-14 06:30:00;118,60
2018-06-14 06:45:00;118,00
2018-06-14 07:00:00;133,84
2018-06-14 07:15:00;130,20
2018-06-14 07:30:00;137,04
2018-06-14 07:45:00;144,32
2018-06-14 08:00:00;135,32
2018-06-14 08:15:00;121,16
2018-06-14 08:30:00;140,08
2018-06-14 08:45:00;157,44
2018-06-14 09:00:00;161,40
2018-06-14 09:15:00;156,08
2018-06-14 09:30:00;152,28
2018-06-14 09:45:00;155,84
2018-06-14 10:00:00;149,08
2018-06-14 10:15:00;150,72
2018-06-14 10:30:00;153,52
2018-06-14 10:45:00;145,44
2018-06-14 11:00:00;153,68
2018-06-14 11:15:00;127,28
2018-06-14 11:30:00;114,80
2018-06-14 11:45:00;128,72
2018-06-14 12:00:00;143,36
2018-06-14 12:15:00;154,72
2018-06-14 12:30:00;153,44
2018-06-14 12:45:00;147,16
2018-06-14 13:00:00;148,88
2018-06-14 13:15:00;151,44
2018-06-14 13:30:00;151,20
2018-06-14 13:45:00;153,32
2018-06-14 14:00:00;138,48
2018-06-14 14:15:00;151,16
2018-06-14 14:30:00;150,04
2018-06-14 14:45:00;151,84
2018-06-14 15:00:00;152,80
2018-06-14 15:15:00;152,92
2018-06-14 15:30:00;131,04
2018-06-14 15:45:00;83,00
2018-06-14 16:00:00;82,68
2018-06-14 16:15:00;64,96
2018-06-14 16:30:00;59,60
2018-06-14 16:45:00;54,64
2018-06-14 17:00:00;51,40
2018-06-14 17:15:00;45,88
2018-06-14 17:30:00;40,20
2018-06-14 17:45:00;35,28
2018-06-14 18:00:00;35,28
2018-06-14 18:15:00;36,36
2018-06-14 18:30:00;34,88
2018-06-14 18:45:00;35,08
2018-06-14 19:00:00;36,28
2018-06-14 19:15:00;33,56
2018-06-14 19:30:00;32,44
2018-06-14 19:45:00;34,08
2018-06-14 20:00:00;30,92
2018-06-14 20:15:00;34,36
2018-06-14 20:30:00;30,92
2018-06-14 20:45:00;32,44
2018-06-14 21:00:00;34,00
2018-06-14 21:15:00;31,12
2018-06-14 21:30:00;33,20
2018-06-14 21:45:00;32,76
2018-06-14 22:00:00;32,28
2018-06-14 22:15:00;33,28
2018-06-14 22:30:00;31,84
2018-06-14 22:45:00;33,00
2018-06-14 23:00:00;31,20
2018-06-14 23:15:00;29,16
2018-06-14 23:30:00;31,04
2018-06-14 23:45:00;29,56
2018-06-15 00:00:00;32,00
2018-06-15 00:15:00;29,00
2018-06-15 00:30:00;31,56
2018-06-15 00:45:00;29,00
2018-06-15 01:00:00;27,96
2018-06-15 01:15:00;28,88
2018-06-15 01:30:00;28,80
2018-06-15 01:45:00;27,32
2018-06-15 02:00:00;27,64
2018-06-15 02:15:00;26,64
2018-06-15 02:30:00;27,92
2018-06-15 02:45:00;25,96
2018-06-15 03:00:00;27,72
2018-06-15 03:15:00;26,88
2018-06-15 03:30:00;26,32
2018-06-15 03:45:00;27,48
2018-06-15 04:00:00;26,44
2018-06-15 04:15:00;26,88
2018-06-15 04:30:00;26,60
2018-06-15 04:45:00;26,40
2018-06-15 05:00:00;25,84
2018-06-15 05:15:00;25,44
2018-06-15 05:30:00;38,88
2018-06-15 05:45:00;43,20
2018-06-15 06:00:00;45,24
2018-06-15 06:15:00;100,04
2018-06-15 06:30:00;114,20
2018-06-15 06:45:00;131,60
2018-06-15 07:00:00;141,72
2018-06-15 07:15:00;137,28
2018-06-15 07:30:00;148,08
2018-06-15 07:45:00;146,20
2018-06-15 08:00:00;137,60
2018-06-15 08:15:00;131,68
2018-06-15 08:30:00;145,44
2018-06-15 08:45:00;147,60
2018-06-15 09:00:00;151,48
2018-06-15 09:15:00;161,80
2018-06-15 09:30:00;155,12
2018-06-15 09:45:00;155,08
2018-06-15 10:00:00;160,68
2018-06-15 10:15:00;156,32
2018-06-15 10:30:00;156,52
2018-06-15 10:45:00;158,36
2018-06-15 11:00:00;157,36
2018-06-15 11:15:00;103,08
2018-06-15 11:30:00;91,88
2018-06-15 11:45:00;103,96
2018-06-15 12:00:00;121,76
2018-06-15 12:15:00;124,28
2018-06-15 12:30:00;117,00
2018-06-15 12:45:00;121,28
2018-06-15 13:00:00;130,84
2018-06-15 13:15:00;125,08
2018-06-15 13:30:00;118,12
2018-06-15 13:45:00;105,00
2018-06-15 14:00:00;107,12
2018-06-15 14:15:00;101,16
2018-06-15 14:30:00;73,48
2018-06-15 14:45:00;63,64
2018-06-15 15:00:00;52,44
2018-06-15 15:15:00;48,16
2018-06-15 15:30:00;45,00
2018-06-15 15:45:00;46,52
2018-06-15 16:00:00;44,96
2018-06-15 16:15:00;43,64
2018-06-15 16:30:00;40,40
2018-06-15 16:45:00;41,88
2018-06-15 17:00:00;41,04
2018-06-15 17:15:00;38,60
2018-06-15 17:30:00;32,44
2018-06-15 17:45:00;31,92
2018-06-15 18:00:00;30,44
2018-06-15 18:15:00;32,36
2018-06-15 18:30:00;33,96
2018-06-15 18:45:00;32,48
2018-06-15 19:00:00;33,04
2018-06-15 19:15:00;31,48
2018-06-15 19:30:00;31,92
2018-06-15 19:45:00;30,44
2018-06-15 20:00:00;28,44
2018-06-15 20:15:00;29,80
2018-06-15 20:30:00;27,72
2018-06-15 20:45:00;27,20
2018-06-15 21:00:00;28,52
2018-06-15 21:15:00;27,32
2018-06-15 21:30:00;27,24
2018-06-15 21:45:00;26,56
2018-06-15 22:00:00;27,16
2018-06-15 22:15:00;25,88
2018-06-15 22:30:00;28,64
2018-06-15 22:45:00;24,60
2018-06-15 23:00:00;27,76
2018-06-15 23:15:00;25,52
2018-06-15 23:30:00;27,24
2018-06-15 23:45:00;26,88
2018-06-16 00:00:00;26,08
2018-06-16 00:15:00;28,32
2018-06-16 00:30:00;25,32
2018-06-16 00:45:00;27,28
2018-06-16 01:00:00;26,08
2018-06-16 01:15:00;28,00
2018-06-16 01:30:00;26,00
2018-06-16 01:45:00;24,48
2018-06-16 02:00:00;25,88
2018-06-16 02:15:00;23,60
2018-06-16 02:30:00;25,84
2018-06-16 02:45:00;25,40
2018-06-16 03:00:00;23,48
2018-06-16 03:15:00;26,04
2018-06-16 03:30:00;23,84
2018-06-16 03:45:00;22,68
2018-06-16 04:00:00;21,52
2018-06-16 04:15:00;23,04
2018-06-16 04:30:00;23,84
2018-06-16 04:45:00;20,92
2018-06-16 05:00:00;21,80
2018-06-16 05:15:00;22,68
2018-06-16 05:30:00;23,56
2018-06-16 05:45:00;25,44
2018-06-16 06:00:00;25,48
2018-06-16 06:15:00;29,92
2018-06-16 06:30:00;34,88
2018-06-16 06:45:00;37,24
2018-06-16 07:00:00;39,80
2018-06-16 07:15:00;38,20
2018-06-16 07:30:00;40,28
2018-06-16 07:45:00;38,28
2018-06-16 08:00:00;41,44
2018-06-16 08:15:00;39,72
2018-06-16 08:30:00;39,28
2018-06-16 08:45:00;39,80
2018-06-16 09:00:00;37,08
2018-06-16 09:15:00;32,36
2018-06-16 09:30:00;29,64
2018-06-16 09:45:00;30,44
2018-06-16 10:00:00;30,52
2018-06-16 10:15:00;30,72
2018-06-16 10:30:00;29,68
2018-06-16 10:45:00;30,32
2018-06-16 11:00:00;29,76
2018-06-16 11:15:00;30,88
2018-06-16 11:30:00;31,04
2018-06-16 11:45:00;30,92
2018-06-16 12:00:00;28,96
2018-06-16 12:15:00;28,84
2018-06-16 12:30:00;28,52
2018-06-16 12:45:00;29,24
2018-06-16 13:00:00;29,44
2018-06-16 13:15:00;28,40
2018-06-16 13:30:00;31,16
2018-06-16 13:45:00;28,32
2018-06-16 14:00:00;29,88
2018-06-16 14:15:00;28,16
2018-06-16 14:30:00;31,48
2018-06-16 14:45:00;28,56
2018-06-16 15:00:00;28,44
2018-06-16 15:15:00;29,76
2018-06-16 15:30:00;30,92
2018-06-16 15:45:00;34,76
2018-06-16 16:00:00;34,64
2018-06-16 16:15:00;35,20
2018-06-16 16:30:00;33,32
2018-06-16 16:45:00;35,48
2018-06-16 17:00:00;36,64
2018-06-16 17:15:00;37,24
2018-06-16 17:30:00;36,44
2018-06-16 17:45:00;38,28
2018-06-16 18:00:00;40,04
2018-06-16 18:15:00;37,64
2018-06-16 18:30:00;36,36
2018-06-16 18:45:00;38,08
2018-06-16 19:00:00;35,28
2018-06-16 19:15:00;36,64
2018-06-16 19:30:00;36,44
2018-06-16 19:45:00;36,00
2018-06-16 20:00:00;36,20
2018-06-16 20:15:00;35,52
2018-06-16 20:30:00;37,96
2018-06-16 20:45:00;33,12
2018-06-16 21:00:00;34,80
2018-06-16 21:15:00;34,28
2018-06-16 21:30:00;34,36
2018-06-16 21:45:00;33,44
2018-06-16 22:00:00;34,24
2018-06-16 22:15:00;34,56
2018-06-16 22:30:00;33,64
2018-06-16 22:45:00;33,92
2018-06-16 23:00:00;33,00
2018-06-16 23:15:00;34,04
2018-06-16 23:30:00;32,72
2018-06-16 23:45:00;33,40
2018-06-17 00:00:00;34,36
2018-06-17 00:15:00;35,12
2018-06-17 00:30:00;33,32
2018-06-17 00:45:00;35,04
2018-06-17 01:00:00;34,80
2018-06-17 01:15:00;34,40
2018-06-17 01:30:00;34,28
2018-06-17 01:45:00;34,84
2018-06-17 02:00:00;32,92
2018-06-17 02:15:00;34,44
2018-06-17 02:30:00;35,04
2018-06-17 02:45:00;33,40
2018-06-17 03:00:00;34,72
2018-06-17 03:15:00;32,80
2018-06-17 03:30:00;32,76
2018-06-17 03:45:00;30,56
2018-06-17 04:00:00;31,08
2018-06-17 04:15:00;29,40
2018-06-17 04:30:00;30,24
2018-06-17 04:45:00;30,80
2018-06-17 05:00:00;31,40
2018-06-17 05:15:00;30,96
2018-06-17 05:30:00;28,92
2018-06-17 05:45:00;30,52
2018-06-17 06:00:00;28,32
2018-06-17 06:15:00;29,76
2018-06-17 06:30:00;30,20
2018-06-17 06:45:00;29,96
2018-06-17 07:00:00;30,12
2018-06-17 07:15:00;30,20
2018-06-17 07:30:00;30,08
2018-06-17 07:45:00;30,36
2018-06-17 08:00:00;30,68
2018-06-17 08:15:00;29,64
2018-06-17 08:30:00;30,80
2018-06-17 08:45:00;30,64
2018-06-17 09:00:00;30,64
2018-06-17 09:15:00;31,20
2018-06-17 09:30:00;30,40
2018-06-17 09:45:00;31,04
2018-06-17 10:00:00;30,64
2018-06-17 10:15:00;32,24
2018-06-17 10:30:00;32,72
2018-06-17 10:45:00;28,84
2018-06-17 11:00:00;33,52
2018-06-17 11:15:00;30,08
2018-06-17 11:30:00;33,88
2018-06-17 11:45:00;28,48
2018-06-17 12:00:00;30,64
2018-06-17 12:15:00;31,20
2018-06-17 12:30:00;29,56
2018-06-17 12:45:00;32,16
2018-06-17 13:00:00;28,88
2018-06-17 13:15:00;30,64
2018-06-17 13:30:00;29,60
2018-06-17 13:45:00;30,08
2018-06-17 14:00:00;30,40
2018-06-17 14:15:00;31,00
2018-06-17 14:30:00;30,60
2018-06-17 14:45:00;30,16
2018-06-17 15:00:00;30,48
2018-06-17 15:15:00;31,64
2018-06-17 15:30:00;30,04
2018-06-17 15:45:00;32,84
2018-06-17 16:00:00;28,92
2018-06-17 16:15:00;32,36
2018-06-17 16:30:00;31,48
2018-06-17 16:45:00;33,52
2018-06-17 17:00:00;35,48
2018-06-17 17:15:00;35,32
2018-06-17 17:30:00;36,04
2018-06-17 17:45:00;35,28
2018-06-17 18:00:00;34,36
2018-06-17 18:15:00;33,12
2018-06-17 18:30:00;34,44
2018-06-17 18:45:00;34,60
2018-06-17 19:00:00;32,44
2018-06-17 19:15:00;34,96
2018-06-17 19:30:00;32,40
2018-06-17 19:45:00;34,04
2018-06-17 20:00:00;31,88
2018-06-17 20:15:00;34,00
2018-06-17 20:30:00;33,40
2018-06-17 20:45:00;31,40
2018-06-17 21:00:00;32,68
2018-06-17 21:15:00;32,16
2018-06-17 21:30:00;32,12
2018-06-17 21:45:00;31,92
2018-06-17 22:00:00;31,92
2018-06-17 22:15:00;34,08
2018-06-17 22:30:00;31,08
2018-06-17 22:45:00;32,48
2018-06-17 23:00:00;31,84
2018-06-17 23:15:00;31,40
2018-06-17 23:30:00;32,88
2018-06-17 23:45:00;32,16
2018-06-18 00:00:00;33,92
2018-06-18 00:15:00;32,32
2018-06-18 00:30:00;34,72
2018-06-18 00:45:00;31,60
2018-06-18 01:00:00;34,96
2018-06-18 01:15:00;32,00
2018-06-18 01:30:00;34,08
2018-06-18 01:45:00;33,08
2018-06-18 02:00:00;33,00
2018-06-18 02:15:00;33,24
2018-06-18 02:30:00;33,60
2018-06-18 02:45:00;31,96
2018-06-18 03:00:00;34,28
2018-06-18 03:15:00;32,40
2018-06-18 03:30:00;31,92
2018-06-18 03:45:00;33,68
2018-06-18 04:00:00;30,76
2018-06-18 04:15:00;30,76
2018-06-18 04:30:00;28,16
2018-06-18 04:45:00;30,96
2018-06-18 05:00:00;28,36
2018-06-18 05:15:00;31,44
2018-06-18 05:30:00;34,24
2018-06-18 05:45:00;41,76
2018-06-18 06:00:00;44,84
2018-06-18 06:15:00;89,80
2018-06-18 06:30:00;111,28
2018-06-18 06:45:00;119,12
2018-06-18 07:00:00;117,08
2018-06-18 07:15:00;128,84
2018-06-18 07:30:00;152,40
2018-06-18 07:45:00;137,96
2018-06-18 08:00:00;142,84
2018-06-18 08:15:00;129,32
2018-06-18 08:30:00;134,68
2018-06-18 08:45:00;139,84
2018-06-18 09:00:00;146,96
2018-06-18 09:15:00;139,24
2018-06-18 09:30:00;133,00
2018-06-18 09:45:00;140,20
2018-06-18 10:00:00;145,84
2018-06-18 10:15:00;137,56
2018-06-18 10:30:00;146,28
2018-06-18 10:45:00;144,96
2018-06-18 11:00:00;139,92
2018-06-18 11:15:00;130,56
2018-06-18 11:30:00;118,04
2018-06-18 11:45:00;130,00
2018-06-18 12:00:00;145,04
2018-06-18 12:15:00;159,88
2018-06-18 12:30:00;150,96
2018-06-18 12:45:00;145,60
2018-06-18 13:00:00;139,32
2018-06-18 13:15:00;142,48
2018-06-18 13:30:00;154,84
2018-06-18 13:45:00;144,04
2018-06-18 14:00:00;133,68
2018-06-18 14:15:00;155,36
2018-06-18 14:30:00;141,68
2018-06-18 14:45:00;117,76
2018-06-18 15:00:00;115,20
2018-06-18 15:15:00;107,00
2018-06-18 15:30:00;95,52
2018-06-18 15:45:00;82,40
2018-06-18 16:00:00;68,72
2018-06-18 16:15:00;55,68
2018-06-18 16:30:00;51,84
2018-06-18 16:45:00;47,04
2018-06-18 17:00:00;42,20
2018-06-18 17:15:00;40,20
2018-06-18 17:30:00;41,80
2018-06-18 17:45:00;39,80
2018-06-18 18:00:00;39,68
2018-06-18 18:15:00;38,24
2018-06-18 18:30:00;40,68
2018-06-18 18:45:00;36,48
2018-06-18 19:00:00;36,72
2018-06-18 19:15:00;36,52
2018-06-18 19:30:00;38,08
2018-06-18 19:45:00;34,64
2018-06-18 20:00:00;35,56
2018-06-18 20:15:00;35,76
2018-06-18 20:30:00;35,40
2018-06-18 20:45:00;33,12
2018-06-18 21:00:00;34,20
2018-06-18 21:15:00;33,08
2018-06-18 21:30:00;32,44
2018-06-18 21:45:00;31,52
2018-06-18 22:00:00;33,40
2018-06-18 22:15:00;31,52
2018-06-18 22:30:00;32,16
2018-06-18 22:45:00;31,48
2018-06-18 23:00:00;32,92
2018-06-18 23:15:00;31,60
2018-06-18 23:30:00;31,60
2018-06-18 23:45:00;32,40
2018-06-19 00:00:00;30,92
2018-06-19 00:15:00;31,20
2018-06-19 00:30:00;31,28
2018-06-19 00:45:00;31,28
2018-06-19 01:00:00;29,00
2018-06-19 01:15:00;30,12
2018-06-19 01:30:00;28,88
2018-06-19 01:45:00;30,80
2018-06-19 02:00:00;28,20
2018-06-19 02:15:00;30,48
2018-06-19 02:30:00;29,32
2018-06-19 02:45:00;30,12
2018-06-19 03:00:00;28,68
2018-06-19 03:15:00;29,44
2018-06-19 03:30:00;29,68
2018-06-19 03:45:00;29,08
2018-06-19 04:00:00;29,12
2018-06-19 04:15:00;28,68
2018-06-19 04:30:00;30,08
2018-06-19 04:45:00;28,12
2018-06-19 05:00:00;28,64
2018-06-19 05:15:00;28,32
2018-06-19 05:30:00;30,56
2018-06-19 05:45:00;35,40
2018-06-19 06:00:00;41,28
2018-06-19 06:15:00;85,32
2018-06-19 06:30:00;102,16
2018-06-19 06:45:00;116,04
2018-06-19 07:00:00;115,60
2018-06-19 07:15:00;111,76
2018-06-19 07:30:00;116,80
2018-06-19 07:45:00;122,12
2018-06-19 08:00:00;119,88
2018-06-19 08:15:00;107,92
2018-06-19 08:30:00;107,92
2018-06-19 08:45:00;126,08
2018-06-19 09:00:00;123,12
2018-06-19 09:15:00;125,16
2018-06-19 09:30:00;119,48
2018-06-19 09:45:00;112,88
2018-06-19 10:00:00;123,60
2018-06-19 10:15:00;125,00
2018-06-19 10:30:00;111,12
2018-06-19 10:45:00;108,88
2018-06-19 11:00:00;106,68
2018-06-19 11:15:00;95,92
2018-06-19 11:30:00;92,44
2018-06-19 11:45:00;94,68
2018-06-19 12:00:00;98,00
2018-06-19 12:15:00;103,80
2018-06-19 12:30:00;119,12
2018-06-19 12:45:00;126,40
2018-06-19 13:00:00;132,04
2018-06-19 13:15:00;115,84
2018-06-19 13:30:00;119,36
2018-06-19 13:45:00;122,08
2018-06-19 14:00:00;123,48
2018-06-19 14:15:00;122,12
2018-06-19 14:30:00;120,32
2018-06-19 14:45:00;130,72
2018-06-19 15:00:00;123,20
2018-06-19 15:15:00;131,44
2018-06-19 15:30:00;126,88
2018-06-19 15:45:00;99,20
2018-06-19 16:00:00;80,08
2018-06-19 16:15:00;74,24
2018-06-19 16:30:00;71,92
2018-06-19 16:45:00;61,52
2018-06-19 17:00:00;65,08
2018-06-19 17:15:00;62,16
2018-06-19 17:30:00;60,44
2018-06-19 17:45:00;50,04
2018-06-19 18:00:00;45,88
2018-06-19 18:15:00;46,08
2018-06-19 18:30:00;44,04
2018-06-19 18:45:00;40,16
2018-06-19 19:00:00;41,04
2018-06-19 19:15:00;39,40
2018-06-19 19:30:00;41,16
2018-06-19 19:45:00;37,92
2018-06-19 20:00:00;39,52
2018-06-19 20:15:00;38,20
2018-06-19 20:30:00;38,40
2018-06-19 20:45:00;37,28
2018-06-19 21:00:00;39,00
2018-06-19 21:15:00;37,40
2018-06-19 21:30:00;36,16
2018-06-19 21:45:00;35,28
2018-06-19 22:00:00;33,36
2018-06-19 22:15:00;33,92
2018-06-19 22:30:00;32,76
2018-06-19 22:45:00;33,36
2018-06-19 23:00:00;33,24
2018-06-19 23:15:00;31,52
2018-06-19 23:30:00;33,28
2018-06-19 23:45:00;34,56
2018-06-20 00:00:00;34,00
2018-06-20 00:15:00;34,36
2018-06-20 00:30:00;33,92
2018-06-20 00:45:00;34,52
2018-06-20 01:00:00;32,84
2018-06-20 01:15:00;34,32
2018-06-20 01:30:00;34,72
2018-06-20 01:45:00;31,72
2018-06-20 02:00:00;30,68
2018-06-20 02:15:00;32,48
2018-06-20 02:30:00;32,04
2018-06-20 02:45:00;28,88
2018-06-20 03:00:00;30,44
2018-06-20 03:15:00;28,68
2018-06-20 03:30:00;31,56
2018-06-20 03:45:00;28,64
2018-06-20 04:00:00;30,96
2018-06-20 04:15:00;28,36
2018-06-20 04:30:00;30,12
2018-06-20 04:45:00;28,24
2018-06-20 05:00:00;27,56
2018-06-20 05:15:00;28,48
2018-06-20 05:30:00;42,80
2018-06-20 05:45:00;47,36
2018-06-20 06:00:00;53,40
2018-06-20 06:15:00;81,88
2018-06-20 06:30:00;98,16
2018-06-20 06:45:00;108,92
2018-06-20 07:00:00;114,96
2018-06-20 07:15:00;108,68
2018-06-20 07:30:00;122,40
2018-06-20 07:45:00;121,92
2018-06-20 08:00:00;123,64
2018-06-20 08:15:00;97,28
2018-06-20 08:30:00;108,00
2018-06-20 08:45:00;125,72
2018-06-20 09:00:00;130,56
2018-06-20 09:15:00;129,64
2018-06-20 09:30:00;122,04
2018-06-20 09:45:00;134,96
2018-06-20 10:00:00;134,60
2018-06-20 10:15:00;139,16
2018-06-20 10:30:00;133,84
2018-06-20 10:45:00;137,12
2018-06-20 11:00:00;133,88
2018-06-20 11:15:00;114,00
2018-06-20 11:30:00;100,76
2018-06-20 11:45:00;110,76
2018-06-20 12:00:00;124,56
2018-06-20 12:15:00;124,56
2018-06-20 12:30:00;119,92
2018-06-20 12:45:00;123,72
2018-06-20 13:00:00;141,08
2018-06-20 13:15:00;147,84
2018-06-20 13:30:00;150,92
2018-06-20 13:45:00;141,76
2018-06-20 14:00:00;142,12
2018-06-20 14:15:00;125,84
2018-06-20 14:30:00;129,84
2018-06-20 14:45:00;131,08
2018-06-20 15:00:00;119,20
2018-06-20 15:15:00;117,88
2018-06-20 15:30:00;111,04
2018-06-20 15:45:00;79,88
2018-06-20 16:00:00;73,84
2018-06-20 16:15:00;66,08
2018-06-20 16:30:00;59,12
2018-06-20 16:45:00;57,48
2018-06-20 17:00:00;53,32
2018-06-20 17:15:00;53,24
2018-06-20 17:30:00;51,64
2018-06-20 17:45:00;50,36
2018-06-20 18:00:00;46,72
2018-06-20 18:15:00;44,72
2018-06-20 18:30:00;44,24
2018-06-20 18:45:00;42,92
2018-06-20 19:00:00;41,28
2018-06-20 19:15:00;40,68
2018-06-20 19:30:00;41,92
2018-06-20 19:45:00;41,80
2018-06-20 20:00:00;41,92
2018-06-20 20:15:00;39,48
2018-06-20 20:30:00;40,68
2018-06-20 20:45:00;39,64
2018-06-20 21:00:00;40,76
2018-06-20 21:15:00;38,84
2018-06-20 21:30:00;40,04
2018-06-20 21:45:00;36,68
2018-06-20 22:00:00;39,04
2018-06-20 22:15:00;38,92
2018-06-20 22:30:00;35,76
2018-06-20 22:45:00;34,24
2018-06-20 23:00:00;32,56
2018-06-20 23:15:00;31,76
2018-06-20 23:30:00;33,12
2018-06-20 23:45:00;33,40
2018-06-21 00:00:00;33,64
2018-06-21 00:15:00;34,28
2018-06-21 00:30:00;33,92
2018-06-21 00:45:00;33,00
2018-06-21 01:00:00;33,80
2018-06-21 01:15:00;34,44
2018-06-21 01:30:00;32,88
2018-06-21 01:45:00;33,76
2018-06-21 02:00:00;32,20
2018-06-21 02:15:00;33,52
2018-06-21 02:30:00;32,92
2018-06-21 02:45:00;33,56
2018-06-21 03:00:00;32,56
2018-06-21 03:15:00;34,04
2018-06-21 03:30:00;32,36
2018-06-21 03:45:00;33,48
2018-06-21 04:00:00;31,64
2018-06-21 04:15:00;34,16
2018-06-21 04:30:00;30,60
2018-06-21 04:45:00;32,84
2018-06-21 05:00:00;29,32
2018-06-21 05:15:00;32,72
2018-06-21 05:30:00;31,56
2018-06-21 05:45:00;42,92
2018-06-21 06:00:00;55,56
2018-06-21 06:15:00;91,32
2018-06-21 06:30:00;118,92
2018-06-21 06:45:00;111,76
2018-06-21 07:00:00;125,92
2018-06-21 07:15:00;129,64
2018-06-21 07:30:00;129,68
2018-06-21 07:45:00;129,68
2018-06-21 08:00:00;128,56
2018-06-21 08:15:00;105,52
2018-06-21 08:30:00;123,60
2018-06-21 08:45:00;141,00
2018-06-21 09:00:00;129,08
2018-06-21 09:15:00;121,16
2018-06-21 09:30:00;133,68
2018-06-21 09:45:00;132,40
2018-06-21 10:00:00;137,68
2018-06-21 10:15:00;132,68
2018-06-21 10:30:00;148,40
2018-06-21 10:45:00;158,20
2018-06-21 11:00:00;146,72
2018-06-21 11:15:00;126,28
2018-06-21 11:30:00;111,88
2018-06-21 11:45:00;124,20
2018-06-21 12:00:00;125,36
2018-06-21 12:15:00;138,72
2018-06-21 12:30:00;142,32
2018-06-21 12:45:00;135,08
2018-06-21 13:00:00;137,92
2018-06-21 13:15:00;140,52
2018-06-21 13:30:00;136,44
2018-06-21 13:45:00;143,16
2018-06-21 14:00:00;147,64
2018-06-21 14:15:00;140,16
2018-06-21 14:30:00;152,04
2018-06-21 14:45:00;146,84
2018-06-21 15:00:00;131,48
2018-06-21 15:15:00;135,72
2018-06-21 15:30:00;132,64
2018-06-21 15:45:00;98,60
2018-06-21 16:00:00;82,64
2018-06-21 16:15:00;78,36
2018-06-21 16:30:00;69,20
2018-06-21 16:45:00;59,96
2018-06-21 17:00:00;55,92
2018-06-21 17:15:00;52,76
2018-06-21 17:30:00;55,32
2018-06-21 17:45:00;48,48
2018-06-21 18:00:00;47,04
2018-06-21 18:15:00;41,24
2018-06-21 18:30:00;44,76
2018-06-21 18:45:00;37,04
2018-06-21 19:00:00;37,68
2018-06-21 19:15:00;36,16
2018-06-21 19:30:00;37,60
2018-06-21 19:45:00;37,08
2018-06-21 20:00:00;37,84
2018-06-21 20:15:00;36,04
2018-06-21 20:30:00;37,20
2018-06-21 20:45:00;36,68
2018-06-21 21:00:00;34,36
2018-06-21 21:15:00;33,76
2018-06-21 21:30:00;34,00
2018-06-21 21:45:00;34,96
2018-06-21 22:00:00;32,12
2018-06-21 22:15:00;31,04
2018-06-21 22:30:00;32,16
2018-06-21 22:45:00;33,08
2018-06-21 23:00:00;31,36
2018-06-21 23:15:00;32,88
2018-06-21 23:30:00;31,40
2018-06-21 23:45:00;34,44
2018-06-22 00:00:00;32,68
2018-06-22 00:15:00;30,00
2018-06-22 00:30:00;30,56
2018-06-22 00:45:00;30,76
2018-06-22 01:00:00;30,24
2018-06-22 01:15:00;28,36
2018-06-22 01:30:00;29,44
2018-06-22 01:45:00;28,12
2018-06-22 02:00:00;28,68
2018-06-22 02:15:00;28,08
2018-06-22 02:30:00;28,80
2018-06-22 02:45:00;28,12
2018-06-22 03:00:00;29,16
2018-06-22 03:15:00;27,84
2018-06-22 03:30:00;27,44
2018-06-22 03:45:00;28,80
2018-06-22 04:00:00;26,56
2018-06-22 04:15:00;26,92
2018-06-22 04:30:00;26,12
2018-06-22 04:45:00;29,20
2018-06-22 05:00:00;23,92
2018-06-22 05:15:00;26,00
2018-06-22 05:30:00;28,16
2018-06-22 05:45:00;30,28
2018-06-22 06:00:00;37,80
2018-06-22 06:15:00;87,00
2018-06-22 06:30:00;101,56
2018-06-22 06:45:00;108,36
2018-06-22 07:00:00;105,96
2018-06-22 07:15:00;102,88
2018-06-22 07:30:00;106,76
2018-06-22 07:45:00;111,40
2018-06-22 08:00:00;112,00
2018-06-22 08:15:00;98,24
2018-06-22 08:30:00;110,92
2018-06-22 08:45:00;127,12
2018-06-22 09:00:00;118,56
2018-06-22 09:15:00;127,16
2018-06-22 09:30:00;117,88
2018-06-22 09:45:00;118,68
2018-06-22 10:00:00;124,00
2018-06-22 10:15:00;128,16
2018-06-22 10:30:00;121,48
2018-06-22 10:45:00;126,12
2018-06-22 11:00:00;114,12
2018-06-22 11:15:00;89,52
2018-06-22 11:30:00;89,68
2018-06-22 11:45:00;98,76
2018-06-22 12:00:00;105,52
2018-06-22 12:15:00;107,92
2018-06-22 12:30:00;109,12
2018-06-22 12:45:00;108,72
2018-06-22 13:00:00;110,60
2018-06-22 13:15:00;111,72
2018-06-22 13:30:00;122,24
2018-06-22 13:45:00;114,36
2018-06-22 14:00:00;89,80
2018-06-22 14:15:00;84,84
2018-06-22 14:30:00;70,00
2018-06-22 14:45:00;60,36
2018-06-22 15:00:00;53,16
2018-06-22 15:15:00;50,56
2018-06-22 15:30:00;51,04
2018-06-22 15:45:00;49,64
2018-06-22 16:00:00;50,64
2018-06-22 16:15:00;55,00
2018-06-22 16:30:00;52,80
2018-06-22 16:45:00;52,40
2018-06-22 17:00:00;49,76
2018-06-22 17:15:00;52,56
2018-06-22 17:30:00;45,84
2018-06-22 17:45:00;47,80
2018-06-22 18:00:00;45,44
2018-06-22 18:15:00;46,84
2018-06-22 18:30:00;44,64
2018-06-22 18:45:00;44,92
2018-06-22 19:00:00;43,92
2018-06-22 19:15:00;33,48
2018-06-22 19:30:00;32,32
2018-06-22 19:45:00;35,52
2018-06-22 20:00:00;33,88
2018-06-22 20:15:00;30,60
2018-06-22 20:30:00;31,64
2018-06-22 20:45:00;29,24
2018-06-22 21:00:00;23,16
2018-06-22 21:15:00;22,36
2018-06-22 21:30:00;21,16
2018-06-22 21:45:00;20,20
2018-06-22 22:00:00;18,88
2018-06-22 22:15:00;18,36
2018-06-22 22:30:00;18,76
2018-06-22 22:45:00;19,12
2018-06-22 23:00:00;17,88
2018-06-22 23:15:00;18,40
2018-06-22 23:30:00;18,68
2018-06-22 23:45:00;19,44
2018-06-23 00:00:00;19,88
2018-06-23 00:15:00;19,64
2018-06-23 00:30:00;20,04
2018-06-23 00:45:00;20,28
2018-06-23 01:00:00;19,68
2018-06-23 01:15:00;20,04
2018-06-23 01:30:00;19,80
2018-06-23 01:45:00;19,68
2018-06-23 02:00:00;20,04
2018-06-23 02:15:00;19,48
2018-06-23 02:30:00;19,44
2018-06-23 02:45:00;20,12
2018-06-23 03:00:00;20,72
2018-06-23 03:15:00;19,56
2018-06-23 03:30:00;19,24
2018-06-23 03:45:00;20,08
2018-06-23 04:00:00;20,00
2018-06-23 04:15:00;18,84
2018-06-23 04:30:00;18,68
2018-06-23 04:45:00;18,44
2018-06-23 05:00:00;17,68
2018-06-23 05:15:00;17,84
2018-06-23 05:30:00;19,32
2018-06-23 05:45:00;17,40
2018-06-23 06:00:00;19,88
2018-06-23 06:15:00;19,68
2018-06-23 06:30:00;19,60
2018-06-23 06:45:00;19,12
2018-06-23 07:00:00;18,68
2018-06-23 07:15:00;19,00
2018-06-23 07:30:00;19,16
2018-06-23 07:45:00;19,52
2018-06-23 08:00:00;19,80
2018-06-23 08:15:00;19,92
2018-06-23 08:30:00;22,68
2018-06-23 08:45:00;26,84
2018-06-23 09:00:00;26,56
2018-06-23 09:15:00;29,60
2018-06-23 09:30:00;30,12
2018-06-23 09:45:00;31,12
2018-06-23 10:00:00;30,12
2018-06-23 10:15:00;30,60
2018-06-23 10:30:00;30,52
2018-06-23 10:45:00;30,36
2018-06-23 11:00:00;28,00
2018-06-23 11:15:00;29,44
2018-06-23 11:30:00;29,20
2018-06-23 11:45:00;32,32
2018-06-23 12:00:00;28,96
2018-06-23 12:15:00;28,24
2018-06-23 12:30:00;28,40
2018-06-23 12:45:00;31,64
2018-06-23 13:00:00;30,12
2018-06-23 13:15:00;30,28
2018-06-23 13:30:00;28,16
2018-06-23 13:45:00;31,84
2018-06-23 14:00:00;31,12
2018-06-23 14:15:00;29,72
2018-06-23 14:30:00;29,08
2018-06-23 14:45:00;29,60
2018-06-23 15:00:00;29,64
2018-06-23 15:15:00;29,64
2018-06-23 15:30:00;28,40
2018-06-23 15:45:00;30,04
2018-06-23 16:00:00;26,72
2018-06-23 16:15:00;27,60
2018-06-23 16:30:00;26,84
2018-06-23 16:45:00;25,76
2018-06-23 17:00:00;25,92
2018-06-23 17:15:00;25,96
2018-06-23 17:30:00;24,96
2018-06-23 17:45:00;25,32
2018-06-23 18:00:00;30,84
2018-06-23 18:15:00;32,36
2018-06-23 18:30:00;35,00
2018-06-23 18:45:00;37,44
2018-06-23 19:00:00;35,40
2018-06-23 19:15:00;37,16
2018-06-23 19:30:00;36,40
2018-06-23 19:45:00;36,60
2018-06-23 20:00:00;36,88
2018-06-23 20:15:00;38,20
2018-06-23 20:30:00;35,56
2018-06-23 20:45:00;36,76
2018-06-23 21:00:00;36,72
2018-06-23 21:15:00;37,28
2018-06-23 21:30:00;36,72
2018-06-23 21:45:00;34,60
2018-06-23 22:00:00;38,36
2018-06-23 22:15:00;37,04
2018-06-23 22:30:00;36,92
2018-06-23 22:45:00;35,28
2018-06-23 23:00:00;36,56
2018-06-23 23:15:00;37,08
2018-06-23 23:30:00;36,88
2018-06-23 23:45:00;36,36
2018-06-24 00:00:00;36,88
2018-06-24 00:15:00;39,72
2018-06-24 00:30:00;36,84
2018-06-24 00:45:00;32,32
2018-06-24 01:00:00;27,28
2018-06-24 01:15:00;30,20
2018-06-24 01:30:00;29,44
2018-06-24 01:45:00;25,92
2018-06-24 02:00:00;23,88
2018-06-24 02:15:00;25,08
2018-06-24 02:30:00;24,52
2018-06-24 02:45:00;24,24
2018-06-24 03:00:00;23,32
2018-06-24 03:15:00;22,52
2018-06-24 03:30:00;21,72
2018-06-24 03:45:00;22,12
2018-06-24 04:00:00;22,84
2018-06-24 04:15:00;22,76
2018-06-24 04:30:00;20,28
2018-06-24 04:45:00;22,44
2018-06-24 05:00:00;19,56
2018-06-24 05:15:00;18,44
2018-06-24 05:30:00;17,40
2018-06-24 05:45:00;18,04
2018-06-24 06:00:00;18,20
2018-06-24 06:15:00;18,44
2018-06-24 06:30:00;17,52
2018-06-24 06:45:00;17,68
2018-06-24 07:00:00;17,64
2018-06-24 07:15:00;17,08
2018-06-24 07:30:00;17,56
2018-06-24 07:45:00;17,40
2018-06-24 08:00:00;17,60
2018-06-24 08:15:00;18,04
2018-06-24 08:30:00;18,04
2018-06-24 08:45:00;17,96
2018-06-24 09:00:00;17,72
2018-06-24 09:15:00;24,64
2018-06-24 09:30:00;29,68
2018-06-24 09:45:00;26,92
2018-06-24 10:00:00;27,80
2018-06-24 10:15:00;23,40
2018-06-24 10:30:00;24,32
2018-06-24 10:45:00;29,00
2018-06-24 11:00:00;26,52
2018-06-24 11:15:00;25,80
2018-06-24 11:30:00;27,68
2018-06-24 11:45:00;23,96
2018-06-24 12:00:00;26,72
2018-06-24 12:15:00;27,96
2018-06-24 12:30:00;29,84
2018-06-24 12:45:00;29,44
2018-06-24 13:00:00;29,12
2018-06-24 13:15:00;27,08
2018-06-24 13:30:00;29,84
2018-06-24 13:45:00;31,88
2018-06-24 14:00:00;32,04
2018-06-24 14:15:00;34,20
2018-06-24 14:30:00;28,76
2018-06-24 14:45:00;27,88
2018-06-24 15:00:00;30,60
2018-06-24 15:15:00;27,92
2018-06-24 15:30:00;28,92
2018-06-24 15:45:00;30,08
2018-06-24 16:00:00;28,44
2018-06-24 16:15:00;27,76
2018-06-24 16:30:00;28,60
2018-06-24 16:45:00;27,32
2018-06-24 17:00:00;27,92
2018-06-24 17:15:00;28,36
2018-06-24 17:30:00;26,64
2018-06-24 17:45:00;27,32
2018-06-24 18:00:00;26,24
2018-06-24 18:15:00;26,60
2018-06-24 18:30:00;27,12
2018-06-24 18:45:00;26,48
2018-06-24 19:00:00;29,00
2018-06-24 19:15:00;30,44
2018-06-24 19:30:00;28,24
2018-06-24 19:45:00;26,84
2018-06-24 20:00:00;30,64
2018-06-24 20:15:00;27,88
2018-06-24 20:30:00;29,28
2018-06-24 20:45:00;29,44
2018-06-24 21:00:00;29,00
2018-06-24 21:15:00;28,28
2018-06-24 21:30:00;29,44
2018-06-24 21:45:00;28,72
2018-06-24 22:00:00;28,60
2018-06-24 22:15:00;29,60
2018-06-24 22:30:00;26,84
2018-06-24 22:45:00;29,12
2018-06-24 23:00:00;29,08
2018-06-24 23:15:00;26,44
2018-06-24 23:30:00;31,44
2018-06-24 23:45:00;28,12
2018-06-25 00:00:00;29,60
2018-06-25 00:15:00;31,00
2018-06-25 00:30:00;28,88
2018-06-25 00:45:00;29,52
2018-06-25 01:00:00;30,76
2018-06-25 01:15:00;30,04
2018-06-25 01:30:00;29,80
2018-06-25 01:45:00;29,56
2018-06-25 02:00:00;29,00
2018-06-25 02:15:00;28,52
2018-06-25 02:30:00;28,08
2018-06-25 02:45:00;25,80
2018-06-25 03:00:00;27,80
2018-06-25 03:15:00;25,64
2018-06-25 03:30:00;24,60
2018-06-25 03:45:00;26,80
2018-06-25 04:00:00;24,04
2018-06-25 04:15:00;23,88
2018-06-25 04:30:00;22,88
2018-06-25 04:45:00;24,76
2018-06-25 05:00:00;25,20
2018-06-25 05:15:00;22,44
2018-06-25 05:30:00;24,80
2018-06-25 05:45:00;26,64
2018-06-25 06:00:00;33,08
2018-06-25 06:15:00;70,40
2018-06-25 06:30:00;84,52
2018-06-25 06:45:00;100,00
2018-06-25 07:00:00;100,52
2018-06-25 07:15:00;109,00
2018-06-25 07:30:00;109,08
2018-06-25 07:45:00;118,84
2018-06-25 08:00:00;130,32
2018-06-25 08:15:00;111,84
2018-06-25 08:30:00;114,40
2018-06-25 08:45:00;124,48
2018-06-25 09:00:00;127,72
2018-06-25 09:15:00;131,76
2018-06-25 09:30:00;132,92
2018-06-25 09:45:00;141,24
2018-06-25 10:00:00;131,56
2018-06-25 10:15:00;118,08
2018-06-25 10:30:00;112,00
2018-06-25 10:45:00;120,84
2018-06-25 11:00:00;124,48
2018-06-25 11:15:00;100,24
2018-06-25 11:30:00;98,68
2018-06-25 11:45:00;115,16
2018-06-25 12:00:00;127,56
2018-06-25 12:15:00;132,24
2018-06-25 12:30:00;141,72
2018-06-25 12:45:00;142,48
2018-06-25 13:00:00;133,96
2018-06-25 13:15:00;123,72
2018-06-25 13:30:00;127,40
2018-06-25 13:45:00;122,36
2018-06-25 14:00:00;120,80
2018-06-25 14:15:00;119,92
2018-06-25 14:30:00;121,56
2018-06-25 14:45:00;112,04
2018-06-25 15:00:00;110,60
2018-06-25 15:15:00;118,84
2018-06-25 15:30:00;110,40
2018-06-25 15:45:00;76,00
2018-06-25 16:00:00;74,36
2018-06-25 16:15:00;60,80
2018-06-25 16:30:00;51,48
2018-06-25 16:45:00;45,92
2018-06-25 17:00:00;44,64
2018-06-25 17:15:00;44,64
2018-06-25 17:30:00;46,96
2018-06-25 17:45:00;53,36
2018-06-25 18:00:00;53,64
2018-06-25 18:15:00;56,00
2018-06-25 18:30:00;52,72
2018-06-25 18:45:00;51,12
2018-06-25 19:00:00;48,68
2018-06-25 19:15:00;44,60
2018-06-25 19:30:00;46,36
2018-06-25 19:45:00;45,32
2018-06-25 20:00:00;46,08
2018-06-25 20:15:00;41,32
2018-06-25 20:30:00;41,40
2018-06-25 20:45:00;41,64
2018-06-25 21:00:00;40,24
2018-06-25 21:15:00;42,28
2018-06-25 21:30:00;40,48
2018-06-25 21:45:00;44,00
2018-06-25 22:00:00;40,76
2018-06-25 22:15:00;41,84
2018-06-25 22:30:00;41,84
2018-06-25 22:45:00;37,60
2018-06-25 23:00:00;41,88
2018-06-25 23:15:00;39,76
2018-06-25 23:30:00;40,16
2018-06-25 23:45:00;36,32
2018-06-26 00:00:00;33,84
2018-06-26 00:15:00;34,24
2018-06-26 00:30:00;32,28
2018-06-26 00:45:00;31,76
2018-06-26 01:00:00;31,20
2018-06-26 01:15:00;30,12
2018-06-26 01:30:00;31,64
2018-06-26 01:45:00;29,68
2018-06-26 02:00:00;31,88
2018-06-26 02:15:00;29,96
2018-06-26 02:30:00;29,72
2018-06-26 02:45:00;31,40
2018-06-26 03:00:00;30,32
2018-06-26 03:15:00;31,92
2018-06-26 03:30:00;29,36
2018-06-26 03:45:00;30,32
2018-06-26 04:00:00;30,32
2018-06-26 04:15:00;29,64
2018-06-26 04:30:00;29,00
2018-06-26 04:45:00;28,08
2018-06-26 05:00:00;30,12
2018-06-26 05:15:00;28,68
2018-06-26 05:30:00;36,28
2018-06-26 05:45:00;36,00
2018-06-26 06:00:00;40,04
2018-06-26 06:15:00;79,80
2018-06-26 06:30:00;107,80
2018-06-26 06:45:00;114,64
2018-06-26 07:00:00;134,96
2018-06-26 07:15:00;143,48
2018-06-26 07:30:00;137,84
2018-06-26 07:45:00;135,12
2018-06-26 08:00:00;135,44
2018-06-26 08:15:00;111,72
2018-06-26 08:30:00;121,32
2018-06-26 08:45:00;144,48
2018-06-26 09:00:00;153,36
2018-06-26 09:15:00;143,08
2018-06-26 09:30:00;132,64
2018-06-26 09:45:00;134,64
2018-06-26 10:00:00;143,20
2018-06-26 10:15:00;145,24
2018-06-26 10:30:00;142,32
2018-06-26 10:45:00;146,60
2018-06-26 11:00:00;131,04
2018-06-26 11:15:00;119,12
2018-06-26 11:30:00;107,80
2018-06-26 11:45:00;116,00
2018-06-26 12:00:00;134,08
2018-06-26 12:15:00;138,80
2018-06-26 12:30:00;134,36
2018-06-26 12:45:00;111,04
2018-06-26 13:00:00;122,20
2018-06-26 13:15:00;126,00
2018-06-26 13:30:00;126,12
2018-06-26 13:45:00;128,20
2018-06-26 14:00:00;130,00
2018-06-26 14:15:00;138,04
2018-06-26 14:30:00;133,28
2018-06-26 14:45:00;137,32
2018-06-26 15:00:00;121,28
2018-06-26 15:15:00;113,96
2018-06-26 15:30:00;104,24
2018-06-26 15:45:00;78,92
2018-06-26 16:00:00;65,88
2018-06-26 16:15:00;69,60
2018-06-26 16:30:00;64,16
2018-06-26 16:45:00;60,00
2018-06-26 17:00:00;55,28
2018-06-26 17:15:00;55,40
2018-06-26 17:30:00;52,40
2018-06-26 17:45:00;54,96
2018-06-26 18:00:00;55,52
2018-06-26 18:15:00;56,72
2018-06-26 18:30:00;54,24
2018-06-26 18:45:00;51,72
2018-06-26 19:00:00;48,52
2018-06-26 19:15:00;47,20
2018-06-26 19:30:00;47,92
2018-06-26 19:45:00;47,92
2018-06-26 20:00:00;48,36
2018-06-26 20:15:00;48,40
2018-06-26 20:30:00;48,00
2018-06-26 20:45:00;47,32
2018-06-26 21:00:00;48,44
2018-06-26 21:15:00;47,12
2018-06-26 21:30:00;47,32
2018-06-26 21:45:00;46,56
2018-06-26 22:00:00;48,16
2018-06-26 22:15:00;40,24
2018-06-26 22:30:00;39,84
2018-06-26 22:45:00;38,00
2018-06-26 23:00:00;39,80
2018-06-26 23:15:00;35,32
2018-06-26 23:30:00;37,28
2018-06-26 23:45:00;35,40
2018-06-27 00:00:00;38,68
2018-06-27 00:15:00;37,32
2018-06-27 00:30:00;35,32
2018-06-27 00:45:00;36,60
2018-06-27 01:00:00;36,64
2018-06-27 01:15:00;36,36
2018-06-27 01:30:00;35,96
2018-06-27 01:45:00;36,00
2018-06-27 02:00:00;36,44
2018-06-27 02:15:00;34,52
2018-06-27 02:30:00;37,48
2018-06-27 02:45:00;34,88
2018-06-27 03:00:00;35,84
2018-06-27 03:15:00;34,96
2018-06-27 03:30:00;36,20
2018-06-27 03:45:00;36,08
2018-06-27 04:00:00;33,88
2018-06-27 04:15:00;37,16
2018-06-27 04:30:00;31,88
2018-06-27 04:45:00;33,32
2018-06-27 05:00:00;32,72
2018-06-27 05:15:00;32,88
2018-06-27 05:30:00;34,04
2018-06-27 05:45:00;42,72
2018-06-27 06:00:00;53,64
2018-06-27 06:15:00;85,92
2018-06-27 06:30:00;106,56
2018-06-27 06:45:00;112,32
2018-06-27 07:00:00;120,84
2018-06-27 07:15:00;110,84
2018-06-27 07:30:00;114,48
2018-06-27 07:45:00;115,36
2018-06-27 08:00:00;102,44
2018-06-27 08:15:00;95,88
2018-06-27 08:30:00;106,52
2018-06-27 08:45:00;117,40
2018-06-27 09:00:00;120,12
2018-06-27 09:15:00;123,16
2018-06-27 09:30:00;133,96
2018-06-27 09:45:00;122,92
2018-06-27 10:00:00;115,84
2018-06-27 10:15:00;115,00
2018-06-27 10:30:00;118,12
2018-06-27 10:45:00;124,60
2018-06-27 11:00:00;118,68
2018-06-27 11:15:00;108,92
2018-06-27 11:30:00;99,92
2018-06-27 11:45:00;109,60
2018-06-27 12:00:00;125,16
2018-06-27 12:15:00;130,04
2018-06-27 12:30:00;129,80
2018-06-27 12:45:00;126,28
2018-06-27 13:00:00;130,28
2018-06-27 13:15:00;139,92
2018-06-27 13:30:00;134,04
2018-06-27 13:45:00;139,80
2018-06-27 14:00:00;135,36
2018-06-27 14:15:00;133,64
2018-06-27 14:30:00;132,12
2018-06-27 14:45:00;128,88
2018-06-27 15:00:00;95,44
2018-06-27 15:15:00;93,72
2018-06-27 15:30:00;76,92
2018-06-27 15:45:00;67,20
2018-06-27 16:00:00;64,76
2018-06-27 16:15:00;61,80
2018-06-27 16:30:00;56,44
2018-06-27 16:45:00;51,84
2018-06-27 17:00:00;49,40
2018-06-27 17:15:00;45,04
2018-06-27 17:30:00;39,28
2018-06-27 17:45:00;35,52
2018-06-27 18:00:00;39,00
2018-06-27 18:15:00;38,48
2018-06-27 18:30:00;38,60
2018-06-27 18:45:00;42,28
2018-06-27 19:00:00;42,16
2018-06-27 19:15:00;40,20
2018-06-27 19:30:00;41,44
2018-06-27 19:45:00;37,60
2018-06-27 20:00:00;38,96
2018-06-27 20:15:00;35,20
2018-06-27 20:30:00;38,36
2018-06-27 20:45:00;33,76
2018-06-27 21:00:00;34,76
2018-06-27 21:15:00;35,24
2018-06-27 21:30:00;33,64
2018-06-27 21:45:00;36,08
2018-06-27 22:00:00;33,08
2018-06-27 22:15:00;35,00
2018-06-27 22:30:00;34,56
2018-06-27 22:45:00;34,88
2018-06-27 23:00:00;34,72
2018-06-27 23:15:00;34,16
2018-06-27 23:30:00;31,08
2018-06-27 23:45:00;28,80
2018-06-28 00:00:00;30,84
2018-06-28 00:15:00;30,52
2018-06-28 00:30:00;30,76
2018-06-28 00:45:00;30,88
2018-06-28 01:00:00;30,04
2018-06-28 01:15:00;30,72
2018-06-28 01:30:00;30,20
2018-06-28 01:45:00;30,92
2018-06-28 02:00:00;30,40
2018-06-28 02:15:00;30,56
2018-06-28 02:30:00;29,56
2018-06-28 02:45:00;30,96
2018-06-28 03:00:00;30,16
2018-06-28 03:15:00;30,88
2018-06-28 03:30:00;30,88
2018-06-28 03:45:00;29,32
2018-06-28 04:00:00;31,00
2018-06-28 04:15:00;29,72
2018-06-28 04:30:00;31,04
2018-06-28 04:45:00;29,72
2018-06-28 05:00:00;28,12
2018-06-28 05:15:00;29,96
2018-06-28 05:30:00;33,12
2018-06-28 05:45:00;38,56
2018-06-28 06:00:00;40,32
2018-06-28 06:15:00;92,52
2018-06-28 06:30:00;106,92
2018-06-28 06:45:00;113,32
2018-06-28 07:00:00;117,32
2018-06-28 07:15:00;115,80
2018-06-28 07:30:00;108,24
2018-06-28 07:45:00;107,16
2018-06-28 08:00:00;117,84
2018-06-28 08:15:00;93,72
2018-06-28 08:30:00;96,12
2018-06-28 08:45:00;108,72
2018-06-28 09:00:00;102,04
2018-06-28 09:15:00;98,76
2018-06-28 09:30:00;111,40
2018-06-28 09:45:00;126,80
2018-06-28 10:00:00;133,36
2018-06-28 10:15:00;128,12
2018-06-28 10:30:00;122,92
2018-06-28 10:45:00;129,12
2018-06-28 11:00:00;124,04
2018-06-28 11:15:00;105,52
2018-06-28 11:30:00;88,04
2018-06-28 11:45:00;104,40
2018-06-28 12:00:00;115,64
2018-06-28 12:15:00;125,36
2018-06-28 12:30:00;122,64
2018-06-28 12:45:00;131,32
2018-06-28 13:00:00;122,84
2018-06-28 13:15:00;128,36
2018-06-28 13:30:00;121,52
2018-06-28 13:45:00;110,56
2018-06-28 14:00:00;105,60
2018-06-28 14:15:00;114,88
2018-06-28 14:30:00;114,80
2018-06-28 14:45:00;125,56
2018-06-28 15:00:00;128,16
2018-06-28 15:15:00;114,96
2018-06-28 15:30:00;100,08
2018-06-28 15:45:00;78,56
2018-06-28 16:00:00;78,00
2018-06-28 16:15:00;73,64
2018-06-28 16:30:00;64,84
2018-06-28 16:45:00;58,60
2018-06-28 17:00:00;56,04
2018-06-28 17:15:00;55,32
2018-06-28 17:30:00;48,36
2018-06-28 17:45:00;38,04
2018-06-28 18:00:00;36,84
2018-06-28 18:15:00;35,20
2018-06-28 18:30:00;36,04
2018-06-28 18:45:00;31,88
2018-06-28 19:00:00;31,76
2018-06-28 19:15:00;31,76
2018-06-28 19:30:00;29,68
2018-06-28 19:45:00;30,20
2018-06-28 20:00:00;29,68
2018-06-28 20:15:00;30,24
2018-06-28 20:30:00;29,20
2018-06-28 20:45:00;30,56
2018-06-28 21:00:00;30,96
2018-06-28 21:15:00;27,32
2018-06-28 21:30:00;31,48
2018-06-28 21:45:00;30,76
2018-06-28 22:00:00;29,80
2018-06-28 22:15:00;30,40
2018-06-28 22:30:00;27,32
2018-06-28 22:45:00;32,20
2018-06-28 23:00:00;28,88
2018-06-28 23:15:00;29,80
2018-06-28 23:30:00;30,44
2018-06-28 23:45:00;28,28
2018-06-29 00:00:00;33,36
2018-06-29 00:15:00;30,76
2018-06-29 00:30:00;31,40
2018-06-29 00:45:00;30,88
2018-06-29 01:00:00;28,40
2018-06-29 01:15:00;32,20
2018-06-29 01:30:00;30,76
2018-06-29 01:45:00;31,40
2018-06-29 02:00:00;31,44
2018-06-29 02:15:00;28,64
2018-06-29 02:30:00;32,28
2018-06-29 02:45:00;30,68
2018-06-29 03:00:00;31,04
2018-06-29 03:15:00;32,12
2018-06-29 03:30:00;29,12
2018-06-29 03:45:00;31,96
2018-06-29 04:00:00;31,60
2018-06-29 04:15:00;30,68
2018-06-29 04:30:00;32,00
2018-06-29 04:45:00;29,52
2018-06-29 05:00:00;29,60
2018-06-29 05:15:00;30,40
2018-06-29 05:30:00;32,88
2018-06-29 05:45:00;36,08
2018-06-29 06:00:00;47,40
2018-06-29 06:15:00;86,40
2018-06-29 06:30:00;105,52
2018-06-29 06:45:00;103,76
2018-06-29 07:00:00;110,24
2018-06-29 07:15:00;117,12
2018-06-29 07:30:00;121,24
2018-06-29 07:45:00;117,24
2018-06-29 08:00:00;123,80
2018-06-29 08:15:00;114,08
2018-06-29 08:30:00;125,24
2018-06-29 08:45:00;115,24
2018-06-29 09:00:00;112,12
2018-06-29 09:15:00;122,72
2018-06-29 09:30:00;113,60
2018-06-29 09:45:00;114,08
2018-06-29 10:00:00;108,64
2018-06-29 10:15:00;107,56
2018-06-29 10:30:00;108,68
2018-06-29 10:45:00;94,76
2018-06-29 11:00:00;90,52
2018-06-29 11:15:00;82,76
2018-06-29 11:30:00;79,64
2018-06-29 11:45:00;88,96
2018-06-29 12:00:00;84,04
2018-06-29 12:15:00;82,72
2018-06-29 12:30:00;95,88
2018-06-29 12:45:00;98,72
2018-06-29 13:00:00;94,60
2018-06-29 13:15:00;93,72
2018-06-29 13:30:00;83,40
2018-06-29 13:45:00;91,04
2018-06-29 14:00:00;76,32
2018-06-29 14:15:00;65,28
2018-06-29 14:30:00;56,68
2018-06-29 14:45:00;51,08
2018-06-29 15:00:00;43,36
2018-06-29 15:15:00;49,48
2018-06-29 15:30:00;49,16
2018-06-29 15:45:00;51,08
2018-06-29 16:00:00;53,04
2018-06-29 16:15:00;45,76
2018-06-29 16:30:00;44,28
2018-06-29 16:45:00;43,12
2018-06-29 17:00:00;45,20
2018-06-29 17:15:00;43,16
2018-06-29 17:30:00;38,28
2018-06-29 17:45:00;36,16
2018-06-29 18:00:00;34,08
2018-06-29 18:15:00;32,56
2018-06-29 18:30:00;32,72
2018-06-29 18:45:00;34,08
2018-06-29 19:00:00;30,28
2018-06-29 19:15:00;32,88
2018-06-29 19:30:00;31,04
2018-06-29 19:45:00;32,60
2018-06-29 20:00:00;30,96
2018-06-29 20:15:00;28,96
2018-06-29 20:30:00;23,72
2018-06-29 20:45:00;25,84
2018-06-29 21:00:00;24,00
2018-06-29 21:15:00;26,04
2018-06-29 21:30:00;23,68
2018-06-29 21:45:00;25,64
2018-06-29 22:00:00;22,80
2018-06-29 22:15:00;25,28
2018-06-29 22:30:00;22,72
2018-06-29 22:45:00;24,24
2018-06-29 23:00:00;22,56
2018-06-29 23:15:00;25,24
2018-06-29 23:30:00;22,36
2018-06-29 23:45:00;25,28
2018-06-30 00:00:00;24,24
2018-06-30 00:15:00;27,04
2018-06-30 00:30:00;23,96
2018-06-30 00:45:00;26,00
2018-06-30 01:00:00;24,00
2018-06-30 01:15:00;25,96
2018-06-30 01:30:00;24,60
2018-06-30 01:45:00;25,64
2018-06-30 02:00:00;24,20
2018-06-30 02:15:00;25,80
2018-06-30 02:30:00;23,84
2018-06-30 02:45:00;26,68
2018-06-30 03:00:00;23,36
2018-06-30 03:15:00;25,84
2018-06-30 03:30:00;24,16
2018-06-30 03:45:00;25,80
2018-06-30 04:00:00;23,80
2018-06-30 04:15:00;25,68
2018-06-30 04:30:00;23,88
2018-06-30 04:45:00;24,80
2018-06-30 05:00:00;22,28
2018-06-30 05:15:00;24,84
2018-06-30 05:30:00;22,52
2018-06-30 05:45:00;24,32
2018-06-30 06:00:00;25,24
2018-06-30 06:15:00;26,88
2018-06-30 06:30:00;24,12
2018-06-30 06:45:00;25,00
2018-06-30 07:00:00;24,12
2018-06-30 07:15:00;25,72
2018-06-30 07:30:00;23,32
2018-06-30 07:45:00;25,60
2018-06-30 08:00:00;24,60
2018-06-30 08:15:00;24,48
2018-06-30 08:30:00;25,68
2018-06-30 08:45:00;23,52
2018-06-30 09:00:00;26,28
2018-06-30 09:15:00;30,32
2018-06-30 09:30:00;35,60
2018-06-30 09:45:00;36,36
2018-06-30 10:00:00;36,52
2018-06-30 10:15:00;43,96
2018-06-30 10:30:00;46,88
2018-06-30 10:45:00;43,72
2018-06-30 11:00:00;37,32
2018-06-30 11:15:00;37,84
2018-06-30 11:30:00;41,48
2018-06-30 11:45:00;45,92
2018-06-30 12:00:00;42,72
2018-06-30 12:15:00;48,64
2018-06-30 12:30:00;40,68
2018-06-30 12:45:00;42,00
2018-06-30 13:00:00;41,72
2018-06-30 13:15:00;40,44
2018-06-30 13:30:00;38,92
2018-06-30 13:45:00;43,84
2018-06-30 14:00:00;38,00
2018-06-30 14:15:00;35,80
2018-06-30 14:30:00;35,76
2018-06-30 14:45:00;34,68
2018-06-30 15:00:00;33,48
2018-06-30 15:15:00;32,80
2018-06-30 15:30:00;36,00
2018-06-30 15:45:00;35,92
2018-06-30 16:00:00;35,96
2018-06-30 16:15:00;40,08
2018-06-30 16:30:00;41,96
2018-06-30 16:45:00;37,68
2018-06-30 17:00:00;38,56
2018-06-30 17:15:00;38,84
2018-06-30 17:30:00;39,36
2018-06-30 17:45:00;46,24
2018-06-30 18:00:00;50,56
2018-06-30 18:15:00;45,92
2018-06-30 18:30:00;45,76
2018-06-30 18:45:00;41,20
2018-06-30 19:00:00;38,48
2018-06-30 19:15:00;40,44
2018-06-30 19:30:00;37,64
2018-06-30 19:45:00;31,60
2018-06-30 20:00:00;25,56
2018-06-30 20:15:00;23,92
2018-06-30 20:30:00;24,88
2018-06-30 20:45:00;22,96
2018-06-30 21:00:00;24,28
2018-06-30 21:15:00;23,52
2018-06-30 21:30:00;23,56
2018-06-30 21:45:00;23,24
2018-06-30 22:00:00;24,16
2018-06-30 22:15:00;22,96
2018-06-30 22:30:00;22,08
2018-06-30 22:45:00;24,20
2018-06-30 23:00:00;21,76
2018-06-30 23:15:00;23,04
2018-06-30 23:30:00;21,68
2018-06-30 23:45:00;25,56
2018-07-01 00:00:00;22,08
2018-07-01 00:15:00;25,00
2018-07-01 00:30:00;22,80
2018-07-01 00:45:00;23,32
2018-07-01 01:00:00;23,20
2018-07-01 01:15:00;23,08
2018-07-01 01:30:00;23,52
2018-07-01 01:45:00;23,44
2018-07-01 02:00:00;22,32
2018-07-01 02:15:00;23,76
2018-07-01 02:30:00;22,08
2018-07-01 02:45:00;23,68
2018-07-01 03:00:00;23,72
2018-07-01 03:15:00;23,12
2018-07-01 03:30:00;21,60
2018-07-01 03:45:00;21,92
2018-07-01 04:00:00;22,24
2018-07-01 04:15:00;21,52
2018-07-01 04:30:00;21,72
2018-07-01 04:45:00;20,28
2018-07-01 05:00:00;20,44
2018-07-01 05:15:00;21,20
2018-07-01 05:30:00;20,68
2018-07-01 05:45:00;22,40
2018-07-01 06:00:00;20,80
2018-07-01 06:15:00;21,80
2018-07-01 06:30:00;22,80
2018-07-01 06:45:00;20,16
2018-07-01 07:00:00;22,76
2018-07-01 07:15:00;20,16
2018-07-01 07:30:00;19,84
2018-07-01 07:45:00;25,84
2018-07-01 08:00:00;24,16
2018-07-01 08:15:00;26,44
2018-07-01 08:30:00;23,68
2018-07-01 08:45:00;27,68
2018-07-01 09:00:00;22,48
2018-07-01 09:15:00;21,64
2018-07-01 09:30:00;27,44
2018-07-01 09:45:00;30,80
2018-07-01 10:00:00;28,32
2018-07-01 10:15:00;27,00
2018-07-01 10:30:00;24,80
2018-07-01 10:45:00;24,96
2018-07-01 11:00:00;29,52
2018-07-01 11:15:00;25,28
2018-07-01 11:30:00;24,16
2018-07-01 11:45:00;23,16
2018-07-01 12:00:00;23,12
2018-07-01 12:15:00;24,52
2018-07-01 12:30:00;24,36
2018-07-01 12:45:00;22,40
2018-07-01 13:00:00;22,76
2018-07-01 13:15:00;24,12
2018-07-01 13:30:00;22,24
2018-07-01 13:45:00;15,48
2018-07-01 14:00:00;18,36
2018-07-01 14:15:00;16,16
2018-07-01 14:30:00;17,24
2018-07-01 14:45:00;16,28
2018-07-01 15:00:00;17,96
2018-07-01 15:15:00;15,68
2018-07-01 15:30:00;17,16
2018-07-01 15:45:00;17,80
2018-07-01 16:00:00;15,84
2018-07-01 16:15:00;17,88
2018-07-01 16:30:00;15,96
2018-07-01 16:45:00;18,36
2018-07-01 17:00:00;17,60
2018-07-01 17:15:00;19,48
2018-07-01 17:30:00;17,08
2018-07-01 17:45:00;23,24
2018-07-01 18:00:00;27,04
2018-07-01 18:15:00;29,36
2018-07-01 18:30:00;28,76
2018-07-01 18:45:00;27,68
2018-07-01 19:00:00;25,76
2018-07-01 19:15:00;21,76
2018-07-01 19:30:00;17,48
2018-07-01 19:45:00;17,04
2018-07-01 20:00:00;17,64
2018-07-01 20:15:00;16,96
2018-07-01 20:30:00;17,52
2018-07-01 20:45:00;15,64
2018-07-01 21:00:00;18,00
2018-07-01 21:15:00;16,64
2018-07-01 21:30:00;16,76
2018-07-01 21:45:00;15,76
2018-07-01 22:00:00;17,16
2018-07-01 22:15:00;15,92
2018-07-01 22:30:00;15,48
2018-07-01 22:45:00;16,80
2018-07-01 23:00:00;15,84
2018-07-01 23:15:00;16,84
2018-07-01 23:30:00;15,88
2018-07-01 23:45:00;16,40
2018-07-02 00:00:00;17,24
2018-07-02 00:15:00;17,56
2018-07-02 00:30:00;18,32
2018-07-02 00:45:00;16,48
2018-07-02 01:00:00;18,00
2018-07-02 01:15:00;17,16
2018-07-02 01:30:00;16,28
2018-07-02 01:45:00;18,08
2018-07-02 02:00:00;17,16
2018-07-02 02:15:00;17,56
2018-07-02 02:30:00;16,60
2018-07-02 02:45:00;17,52
2018-07-02 03:00:00;16,80
2018-07-02 03:15:00;17,24
2018-07-02 03:30:00;17,84
2018-07-02 03:45:00;15,80
2018-07-02 04:00:00;17,48
2018-07-02 04:15:00;17,44
2018-07-02 04:30:00;16,04
2018-07-02 04:45:00;16,44
2018-07-02 05:00:00;17,40
2018-07-02 05:15:00;15,64
2018-07-02 05:30:00;22,32
2018-07-02 05:45:00;22,68
2018-07-02 06:00:00;29,92
2018-07-02 06:15:00;76,72
2018-07-02 06:30:00;96,76
2018-07-02 06:45:00;98,96
2018-07-02 07:00:00;97,00
2018-07-02 07:15:00;101,88
2018-07-02 07:30:00;105,04
2018-07-02 07:45:00;108,52
2018-07-02 08:00:00;132,24
2018-07-02 08:15:00;109,92
2018-07-02 08:30:00;112,48
2018-07-02 08:45:00;117,24
2018-07-02 09:00:00;127,56
2018-07-02 09:15:00;121,24
2018-07-02 09:30:00;125,80
2018-07-02 09:45:00;132,52
2018-07-02 10:00:00;132,76
2018-07-02 10:15:00;125,08
2018-07-02 10:30:00;122,28
2018-07-02 10:45:00;125,16
2018-07-02 11:00:00;131,04
2018-07-02 11:15:00;106,92
2018-07-02 11:30:00;94,88
2018-07-02 11:45:00;104,52
2018-07-02 12:00:00;105,68
2018-07-02 12:15:00;127,88
2018-07-02 12:30:00;133,60
2018-07-02 12:45:00;128,32
2018-07-02 13:00:00;124,96
2018-07-02 13:15:00;135,00
2018-07-02 13:30:00;127,68
2018-07-02 13:45:00;123,64
2018-07-02 14:00:00;128,00
2018-07-02 14:15:00;122,72
2018-07-02 14:30:00;125,00
2018-07-02 14:45:00;115,80
2018-07-02 15:00:00;123,20
2018-07-02 15:15:00;115,32
2018-07-02 15:30:00;119,00
2018-07-02 15:45:00;84,64
2018-07-02 16:00:00;73,12
2018-07-02 16:15:00;70,36
2018-07-02 16:30:00;74,04
2018-07-02 16:45:00;67,00
2018-07-02 17:00:00;60,92
2018-07-02 17:15:00;54,88
2018-07-02 17:30:00;47,32
2018-07-02 17:45:00;46,16
2018-07-02 18:00:00;45,28
2018-07-02 18:15:00;42,48
2018-07-02 18:30:00;37,24
2018-07-02 18:45:00;38,44
2018-07-02 19:00:00;39,48
2018-07-02 19:15:00;41,88
2018-07-02 19:30:00;37,72
2018-07-02 19:45:00;32,56
2018-07-02 20:00:00;33,44
2018-07-02 20:15:00;31,44
2018-07-02 20:30:00;32,20
2018-07-02 20:45:00;32,00
2018-07-02 21:00:00;30,96
2018-07-02 21:15:00;31,84
2018-07-02 21:30:00;30,48
2018-07-02 21:45:00;30,84
2018-07-02 22:00:00;28,20
2018-07-02 22:15:00;31,36
2018-07-02 22:30:00;30,56
2018-07-02 22:45:00;30,44
2018-07-02 23:00:00;27,80
2018-07-02 23:15:00;31,68
2018-07-02 23:30:00;29,28
2018-07-02 23:45:00;30,60
2018-07-03 00:00:00;29,68
2018-07-03 00:15:00;31,92
2018-07-03 00:30:00;33,52
2018-07-03 00:45:00;29,28
2018-07-03 01:00:00;30,08
2018-07-03 01:15:00;30,84
2018-07-03 01:30:00;32,20
2018-07-03 01:45:00;29,96
2018-07-03 02:00:00;30,64
2018-07-03 02:15:00;29,28
2018-07-03 02:30:00;31,40
2018-07-03 02:45:00;31,12
2018-07-03 03:00:00;29,68
2018-07-03 03:15:00;30,68
2018-07-03 03:30:00;30,32
2018-07-03 03:45:00;30,08
2018-07-03 04:00:00;31,28
2018-07-03 04:15:00;27,72
2018-07-03 04:30:00;28,68
2018-07-03 04:45:00;27,24
2018-07-03 05:00:00;27,96
2018-07-03 05:15:00;28,64
2018-07-03 05:30:00;31,04
2018-07-03 05:45:00;33,96
2018-07-03 06:00:00;47,52
2018-07-03 06:15:00;82,72
2018-07-03 06:30:00;110,64
2018-07-03 06:45:00;120,40
2018-07-03 07:00:00;110,28
2018-07-03 07:15:00;105,84
2018-07-03 07:30:00;106,68
2018-07-03 07:45:00;112,48
2018-07-03 08:00:00;124,68
2018-07-03 08:15:00;109,44
2018-07-03 08:30:00;113,84
2018-07-03 08:45:00;128,24
2018-07-03 09:00:00;119,92
2018-07-03 09:15:00;122,04
2018-07-03 09:30:00;126,04
2018-07-03 09:45:00;119,52
2018-07-03 10:00:00;118,32
2018-07-03 10:15:00;121,00
2018-07-03 10:30:00;136,16
2018-07-03 10:45:00;134,92
2018-07-03 11:00:00;124,96
2018-07-03 11:15:00;107,72
2018-07-03 11:30:00;100,20
2018-07-03 11:45:00;97,96
2018-07-03 12:00:00;115,20
2018-07-03 12:15:00;137,68
2018-07-03 12:30:00;128,16
2018-07-03 12:45:00;114,28
2018-07-03 13:00:00;114,24
2018-07-03 13:15:00;117,20
2018-07-03 13:30:00;120,32
2018-07-03 13:45:00;125,84
2018-07-03 14:00:00;123,60
2018-07-03 14:15:00;118,12
2018-07-03 14:30:00;120,56
2018-07-03 14:45:00;125,68
2018-07-03 15:00:00;127,24
2018-07-03 15:15:00;116,52
2018-07-03 15:30:00;118,80
2018-07-03 15:45:00;80,96
2018-07-03 16:00:00;74,32
2018-07-03 16:15:00;61,04
2018-07-03 16:30:00;61,08
2018-07-03 16:45:00;60,08
2018-07-03 17:00:00;57,92
2018-07-03 17:15:00;57,64
2018-07-03 17:30:00;58,56
2018-07-03 17:45:00;54,60
2018-07-03 18:00:00;52,20
2018-07-03 18:15:00;49,88
2018-07-03 18:30:00;50,12
2018-07-03 18:45:00;46,68
2018-07-03 19:00:00;45,64
2018-07-03 19:15:00;48,56
2018-07-03 19:30:00;45,20
2018-07-03 19:45:00;47,52
2018-07-03 20:00:00;44,12
2018-07-03 20:15:00;47,04
2018-07-03 20:30:00;45,36
2018-07-03 20:45:00;43,44
2018-07-03 21:00:00;45,20
2018-07-03 21:15:00;43,36
2018-07-03 21:30:00;42,64
2018-07-03 21:45:00;44,04
2018-07-03 22:00:00;42,28
2018-07-03 22:15:00;42,12
2018-07-03 22:30:00;41,36
2018-07-03 22:45:00;41,20
2018-07-03 23:00:00;39,44
2018-07-03 23:15:00;41,92
2018-07-03 23:30:00;33,96
2018-07-03 23:45:00;32,24
2018-07-04 00:00:00;34,56
2018-07-04 00:15:00;31,96
2018-07-04 00:30:00;32,00
2018-07-04 00:45:00;29,64
2018-07-04 01:00:00;32,52
2018-07-04 01:15:00;28,80
2018-07-04 01:30:00;32,12
2018-07-04 01:45:00;29,56
2018-07-04 02:00:00;32,76
2018-07-04 02:15:00;28,68
2018-07-04 02:30:00;31,48
2018-07-04 02:45:00;29,64
2018-07-04 03:00:00;30,72
2018-07-04 03:15:00;31,08
2018-07-04 03:30:00;30,64
2018-07-04 03:45:00;30,60
2018-07-04 04:00:00;30,76
2018-07-04 04:15:00;29,32
2018-07-04 04:30:00;27,28
2018-07-04 04:45:00;28,36
2018-07-04 05:00:00;27,04
2018-07-04 05:15:00;26,00
2018-07-04 05:30:00;28,56
2018-07-04 05:45:00;30,64
2018-07-04 06:00:00;41,60
2018-07-04 06:15:00;63,76
2018-07-04 06:30:00;99,20
2018-07-04 06:45:00;108,00
2018-07-04 07:00:00;97,40
2018-07-04 07:15:00;109,76
2018-07-04 07:30:00;110,32
2018-07-04 07:45:00;109,32
2018-07-04 08:00:00;113,44
2018-07-04 08:15:00;96,96
2018-07-04 08:30:00;104,40
2018-07-04 08:45:00;121,72
2018-07-04 09:00:00;119,44
2018-07-04 09:15:00;119,04
2018-07-04 09:30:00;126,76
2018-07-04 09:45:00;131,20
2018-07-04 10:00:00;130,72
2018-07-04 10:15:00;131,28
2018-07-04 10:30:00;129,60
2018-07-04 10:45:00;132,40
2018-07-04 11:00:00;136,24
2018-07-04 11:15:00;109,80
2018-07-04 11:30:00;104,32
2018-07-04 11:45:00;105,76
2018-07-04 12:00:00;109,40
2018-07-04 12:15:00;124,48
2018-07-04 12:30:00;131,64
2018-07-04 12:45:00;140,04
2018-07-04 13:00:00;135,00
2018-07-04 13:15:00;131,96
2018-07-04 13:30:00;134,00
2018-07-04 13:45:00;129,88
2018-07-04 14:00:00;131,72
2018-07-04 14:15:00;134,60
2018-07-04 14:30:00;126,92
2018-07-04 14:45:00;116,20
2018-07-04 15:00:00;121,88
2018-07-04 15:15:00;126,36
2018-07-04 15:30:00;114,80
2018-07-04 15:45:00;89,92
2018-07-04 16:00:00;78,12
2018-07-04 16:15:00;70,28
2018-07-04 16:30:00;65,08
2018-07-04 16:45:00;59,20
2018-07-04 17:00:00;56,24
2018-07-04 17:15:00;56,36
2018-07-04 17:30:00;54,76
2018-07-04 17:45:00;53,32
2018-07-04 18:00:00;47,68
2018-07-04 18:15:00;45,16
2018-07-04 18:30:00;45,64
2018-07-04 18:45:00;40,52
2018-07-04 19:00:00;39,48
2018-07-04 19:15:00;37,08
2018-07-04 19:30:00;38,12
2018-07-04 19:45:00;34,88
2018-07-04 20:00:00;38,68
2018-07-04 20:15:00;37,48
2018-07-04 20:30:00;36,28
2018-07-04 20:45:00;35,88
2018-07-04 21:00:00;37,32
2018-07-04 21:15:00;35,48
2018-07-04 21:30:00;36,60
2018-07-04 21:45:00;34,36
2018-07-04 22:00:00;36,92
2018-07-04 22:15:00;35,92
2018-07-04 22:30:00;33,44
2018-07-04 22:45:00;35,04
2018-07-04 23:00:00;36,92
2018-07-04 23:15:00;35,12
2018-07-04 23:30:00;34,48
2018-07-04 23:45:00;35,52
2018-07-05 00:00:00;37,88
2018-07-05 00:15:00;36,88
2018-07-05 00:30:00;34,84
2018-07-05 00:45:00;36,32
2018-07-05 01:00:00;35,68
2018-07-05 01:15:00;35,00
2018-07-05 01:30:00;35,56
2018-07-05 01:45:00;32,76
2018-07-05 02:00:00;31,08
2018-07-05 02:15:00;31,28
2018-07-05 02:30:00;31,04
2018-07-05 02:45:00;30,36
2018-07-05 03:00:00;31,04
2018-07-05 03:15:00;28,88
2018-07-05 03:30:00;29,88
2018-07-05 03:45:00;29,44
2018-07-05 04:00:00;30,68
2018-07-05 04:15:00;28,32
2018-07-05 04:30:00;29,80
2018-07-05 04:45:00;28,56
2018-07-05 05:00:00;27,04
2018-07-05 05:15:00;28,28
2018-07-05 05:30:00;36,56
2018-07-05 05:45:00;36,80
2018-07-05 06:00:00;38,48
2018-07-05 06:15:00;91,16
2018-07-05 06:30:00;116,52
2018-07-05 06:45:00;121,60
2018-07-05 07:00:00;117,72
2018-07-05 07:15:00;105,92
2018-07-05 07:30:00;122,88
2018-07-05 07:45:00;111,36
2018-07-05 08:00:00;118,16
2018-07-05 08:15:00;96,16
2018-07-05 08:30:00;104,36
2018-07-05 08:45:00;108,52
2018-07-05 09:00:00;118,88
2018-07-05 09:15:00;118,36
2018-07-05 09:30:00;127,40
2018-07-05 09:45:00;135,48
2018-07-05 10:00:00;130,52
2018-07-05 10:15:00;116,00
2018-07-05 10:30:00;127,88
2018-07-05 10:45:00;137,20
2018-07-05 11:00:00;129,72
2018-07-05 11:15:00;103,96
2018-07-05 11:30:00;91,72
2018-07-05 11:45:00;111,00
2018-07-05 12:00:00;124,44
2018-07-05 12:15:00;131,32
2018-07-05 12:30:00;126,72
2018-07-05 12:45:00;129,24
2018-07-05 13:00:00;123,20
2018-07-05 13:15:00;125,44
2018-07-05 13:30:00;134,20
2018-07-05 13:45:00;136,48
2018-07-05 14:00:00;123,60
2018-07-05 14:15:00;138,08
2018-07-05 14:30:00;137,64
2018-07-05 14:45:00;120,76
2018-07-05 15:00:00;122,72
2018-07-05 15:15:00;124,24
2018-07-05 15:30:00;122,64
2018-07-05 15:45:00;83,16
2018-07-05 16:00:00;76,92
2018-07-05 16:15:00;62,08
2018-07-05 16:30:00;58,72
2018-07-05 16:45:00;49,48
2018-07-05 17:00:00;45,52
2018-07-05 17:15:00;45,56
2018-07-05 17:30:00;42,40
2018-07-05 17:45:00;39,60
2018-07-05 18:00:00;41,48
2018-07-05 18:15:00;40,12
2018-07-05 18:30:00;39,48
2018-07-05 18:45:00;37,64
2018-07-05 19:00:00;34,20
2018-07-05 19:15:00;34,84
2018-07-05 19:30:00;37,76
2018-07-05 19:45:00;37,48
2018-07-05 20:00:00;33,16
2018-07-05 20:15:00;30,48
2018-07-05 20:30:00;31,32
2018-07-05 20:45:00;29,48
2018-07-05 21:00:00;32,32
2018-07-05 21:15:00;28,52
2018-07-05 21:30:00;30,84
2018-07-05 21:45:00;28,52
2018-07-05 22:00:00;30,76
2018-07-05 22:15:00;29,08
2018-07-05 22:30:00;29,96
2018-07-05 22:45:00;29,08
2018-07-05 23:00:00;29,04
2018-07-05 23:15:00;27,44
2018-07-05 23:30:00;28,60
2018-07-05 23:45:00;27,60
2018-07-06 00:00:00;28,28
2018-07-06 00:15:00;26,08
2018-07-06 00:30:00;28,60
2018-07-06 00:45:00;27,72
2018-07-06 01:00:00;29,04
2018-07-06 01:15:00;26,56
2018-07-06 01:30:00;30,24
2018-07-06 01:45:00;27,48
2018-07-06 02:00:00;27,52
2018-07-06 02:15:00;27,88
2018-07-06 02:30:00;26,84
2018-07-06 02:45:00;29,96
2018-07-06 03:00:00;27,16
2018-07-06 03:15:00;28,36
2018-07-06 03:30:00;27,16
2018-07-06 03:45:00;28,32
2018-07-06 04:00:00;27,04
2018-07-06 04:15:00;27,68
2018-07-06 04:30:00;26,08
2018-07-06 04:45:00;26,20
2018-07-06 05:00:00;26,56
2018-07-06 05:15:00;28,60
2018-07-06 05:30:00;27,36
2018-07-06 05:45:00;29,36
2018-07-06 06:00:00;31,32
2018-07-06 06:15:00;81,80
2018-07-06 06:30:00;103,00
2018-07-06 06:45:00;116,16
2018-07-06 07:00:00;105,60
2018-07-06 07:15:00;98,24
2018-07-06 07:30:00;110,44
2018-07-06 07:45:00;109,44
2018-07-06 08:00:00;131,92
2018-07-06 08:15:00;111,08
2018-07-06 08:30:00;123,08
2018-07-06 08:45:00;133,04
2018-07-06 09:00:00;127,72
2018-07-06 09:15:00;117,84
2018-07-06 09:30:00;118,84
2018-07-06 09:45:00;114,56
2018-07-06 10:00:00;114,00
2018-07-06 10:15:00;122,60
2018-07-06 10:30:00;124,92
2018-07-06 10:45:00;117,80
2018-07-06 11:00:00;128,44
2018-07-06 11:15:00;109,48
2018-07-06 11:30:00;100,00
2018-07-06 11:45:00;101,72
2018-07-06 12:00:00;106,24
2018-07-06 12:15:00;103,68
2018-07-06 12:30:00;115,60
2018-07-06 12:45:00;116,76
2018-07-06 13:00:00;115,12
2018-07-06 13:15:00;126,56
2018-07-06 13:30:00;121,16
2018-07-06 13:45:00;112,20
2018-07-06 14:00:00;73,04
2018-07-06 14:15:00;73,20
2018-07-06 14:30:00;73,12
2018-07-06 14:45:00;64,84
2018-07-06 15:00:00;59,88
2018-07-06 15:15:00;57,04
2018-07-06 15:30:00;58,80
2018-07-06 15:45:00;57,24
2018-07-06 16:00:00;58,68
2018-07-06 16:15:00;56,40
2018-07-06 16:30:00;55,76
2018-07-06 16:45:00;59,60
2018-07-06 17:00:00;52,48
2018-07-06 17:15:00;42,80
2018-07-06 17:30:00;43,20
2018-07-06 17:45:00;45,64
2018-07-06 18:00:00;42,92
2018-07-06 18:15:00;36,60
2018-07-06 18:30:00;36,16
2018-07-06 18:45:00;38,28
2018-07-06 19:00:00;34,64
2018-07-06 19:15:00;33,68
2018-07-06 19:30:00;34,36
2018-07-06 19:45:00;30,92
2018-07-06 20:00:00;25,00
2018-07-06 20:15:00;26,16
2018-07-06 20:30:00;23,96
2018-07-06 20:45:00;25,84
2018-07-06 21:00:00;25,40
2018-07-06 21:15:00;20,00
2018-07-06 21:30:00;21,24
2018-07-06 21:45:00;21,44
2018-07-06 22:00:00;19,20
2018-07-06 22:15:00;18,96
2018-07-06 22:30:00;18,84
2018-07-06 22:45:00;18,36
2018-07-06 23:00:00;19,24
2018-07-06 23:15:00;18,20
2018-07-06 23:30:00;18,08
2018-07-06 23:45:00;20,48
2018-07-07 00:00:00;19,76
2018-07-07 00:15:00;19,48
2018-07-07 00:30:00;20,00
2018-07-07 00:45:00;20,96
2018-07-07 01:00:00;19,48
2018-07-07 01:15:00;19,80
2018-07-07 01:30:00;19,68
2018-07-07 01:45:00;19,76
2018-07-07 02:00:00;20,40
2018-07-07 02:15:00;19,88
2018-07-07 02:30:00;19,28
2018-07-07 02:45:00;20,24
2018-07-07 03:00:00;19,76
2018-07-07 03:15:00;19,84
2018-07-07 03:30:00;20,48
2018-07-07 03:45:00;19,52
2018-07-07 04:00:00;19,48
2018-07-07 04:15:00;19,88
2018-07-07 04:30:00;18,48
2018-07-07 04:45:00;18,40
2018-07-07 05:00:00;19,04
2018-07-07 05:15:00;19,28
2018-07-07 05:30:00;19,20
2018-07-07 05:45:00;17,76
2018-07-07 06:00:00;19,72
2018-07-07 06:15:00;20,84
2018-07-07 06:30:00;18,24
2018-07-07 06:45:00;19,92
2018-07-07 07:00:00;18,24
2018-07-07 07:15:00;19,28
2018-07-07 07:30:00;19,96
2018-07-07 07:45:00;18,44
2018-07-07 08:00:00;19,32
2018-07-07 08:15:00;20,36
2018-07-07 08:30:00;18,56
2018-07-07 08:45:00;20,24
2018-07-07 09:00:00;20,56
2018-07-07 09:15:00;18,44
2018-07-07 09:30:00;21,08
2018-07-07 09:45:00;19,12
2018-07-07 10:00:00;19,44
2018-07-07 10:15:00;20,28
2018-07-07 10:30:00;19,76
2018-07-07 10:45:00;19,60
2018-07-07 11:00:00;20,80
2018-07-07 11:15:00;19,84
2018-07-07 11:30:00;19,96
2018-07-07 11:45:00;21,68
2018-07-07 12:00:00;23,92
2018-07-07 12:15:00;24,84
2018-07-07 12:30:00;24,24
2018-07-07 12:45:00;23,76
2018-07-07 13:00:00;25,12
2018-07-07 13:15:00;23,64
2018-07-07 13:30:00;25,84
2018-07-07 13:45:00;24,44
2018-07-07 14:00:00;23,16
2018-07-07 14:15:00;24,80
2018-07-07 14:30:00;25,68
2018-07-07 14:45:00;23,72
2018-07-07 15:00:00;25,04
2018-07-07 15:15:00;24,88
2018-07-07 15:30:00;25,64
2018-07-07 15:45:00;24,56
2018-07-07 16:00:00;27,24
2018-07-07 16:15:00;35,24
2018-07-07 16:30:00;37,08
2018-07-07 16:45:00;37,80
2018-07-07 17:00:00;39,12
2018-07-07 17:15:00;40,28
2018-07-07 17:30:00;40,04
2018-07-07 17:45:00;38,92
2018-07-07 18:00:00;36,92
2018-07-07 18:15:00;35,36
2018-07-07 18:30:00;34,08
2018-07-07 18:45:00;35,20
2018-07-07 19:00:00;32,88
2018-07-07 19:15:00;29,72
2018-07-07 19:30:00;29,20
2018-07-07 19:45:00;28,60
2018-07-07 20:00:00;26,96
2018-07-07 20:15:00;28,44
2018-07-07 20:30:00;28,08
2018-07-07 20:45:00;28,80
2018-07-07 21:00:00;27,80
2018-07-07 21:15:00;28,20
2018-07-07 21:30:00;27,80
2018-07-07 21:45:00;27,68
2018-07-07 22:00:00;27,44
2018-07-07 22:15:00;27,64
2018-07-07 22:30:00;27,36
2018-07-07 22:45:00;28,52
2018-07-07 23:00:00;25,60
2018-07-07 23:15:00;28,24
2018-07-07 23:30:00;27,12
2018-07-07 23:45:00;28,72
2018-07-08 00:00:00;28,16
2018-07-08 00:15:00;28,72
2018-07-08 00:30:00;28,56
2018-07-08 00:45:00;28,60
2018-07-08 01:00:00;29,08
2018-07-08 01:15:00;27,04
2018-07-08 01:30:00;30,52
2018-07-08 01:45:00;26,72
2018-07-08 02:00:00;29,68
2018-07-08 02:15:00;28,04
2018-07-08 02:30:00;27,48
2018-07-08 02:45:00;28,60
2018-07-08 03:00:00;28,24
2018-07-08 03:15:00;29,44
2018-07-08 03:30:00;28,08
2018-07-08 03:45:00;28,60
2018-07-08 04:00:00;27,08
2018-07-08 04:15:00;27,36
2018-07-08 04:30:00;28,16
2018-07-08 04:45:00;26,12
2018-07-08 05:00:00;28,28
2018-07-08 05:15:00;24,64
2018-07-08 05:30:00;28,32
2018-07-08 05:45:00;27,28
2018-07-08 06:00:00;26,52
2018-07-08 06:15:00;26,40
2018-07-08 06:30:00;26,52
2018-07-08 06:45:00;26,36
2018-07-08 07:00:00;26,24
2018-07-08 07:15:00;28,96
2018-07-08 07:30:00;26,60
2018-07-08 07:45:00;25,88
2018-07-08 08:00:00;26,84
2018-07-08 08:15:00;25,56
2018-07-08 08:30:00;26,76
2018-07-08 08:45:00;26,48
2018-07-08 09:00:00;28,24
2018-07-08 09:15:00;31,20
2018-07-08 09:30:00;30,60
2018-07-08 09:45:00;30,84
2018-07-08 10:00:00;31,84
2018-07-08 10:15:00;29,28
2018-07-08 10:30:00;27,96
2018-07-08 10:45:00;34,52
2018-07-08 11:00:00;29,96
2018-07-08 11:15:00;29,76
2018-07-08 11:30:00;31,28
2018-07-08 11:45:00;31,08
2018-07-08 12:00:00;32,44
2018-07-08 12:15:00;28,88
2018-07-08 12:30:00;27,28
2018-07-08 12:45:00;25,04
2018-07-08 13:00:00;25,40
2018-07-08 13:15:00;21,52
2018-07-08 13:30:00;24,16
2018-07-08 13:45:00;23,44
2018-07-08 14:00:00;22,92
2018-07-08 14:15:00;22,08
2018-07-08 14:30:00;20,76
2018-07-08 14:45:00;22,48
2018-07-08 15:00:00;20,68
2018-07-08 15:15:00;22,64
2018-07-08 15:30:00;24,96
2018-07-08 15:45:00;22,88
2018-07-08 16:00:00;22,68
2018-07-08 16:15:00;22,44
2018-07-08 16:30:00;24,64
2018-07-08 16:45:00;24,28
2018-07-08 17:00:00;23,96
2018-07-08 17:15:00;25,00
2018-07-08 17:30:00;23,04
2018-07-08 17:45:00;24,28
2018-07-08 18:00:00;23,52
2018-07-08 18:15:00;24,00
2018-07-08 18:30:00;26,64
2018-07-08 18:45:00;25,28
2018-07-08 19:00:00;26,84
2018-07-08 19:15:00;26,60
2018-07-08 19:30:00;25,32
2018-07-08 19:45:00;24,92
2018-07-08 20:00:00;26,76
2018-07-08 20:15:00;23,92
2018-07-08 20:30:00;18,68
2018-07-08 20:45:00;18,48
2018-07-08 21:00:00;19,08
2018-07-08 21:15:00;17,28
2018-07-08 21:30:00;17,52
2018-07-08 21:45:00;18,04
2018-07-08 22:00:00;17,52
2018-07-08 22:15:00;17,04
2018-07-08 22:30:00;16,56
2018-07-08 22:45:00;17,96
2018-07-08 23:00:00;16,96
2018-07-08 23:15:00;17,12
2018-07-08 23:30:00;16,52
2018-07-08 23:45:00;18,20
2018-07-09 00:00:00;17,20
2018-07-09 00:15:00;19,20
2018-07-09 00:30:00;17,88
2018-07-09 00:45:00;18,48
2018-07-09 01:00:00;17,64
2018-07-09 01:15:00;17,92
2018-07-09 01:30:00;19,20
2018-07-09 01:45:00;17,20
2018-07-09 02:00:00;19,04
2018-07-09 02:15:00;17,96
2018-07-09 02:30:00;18,36
2018-07-09 02:45:00;17,48
2018-07-09 03:00:00;19,36
2018-07-09 03:15:00;17,72
2018-07-09 03:30:00;17,20
2018-07-09 03:45:00;19,00
2018-07-09 04:00:00;17,80
2018-07-09 04:15:00;18,36
2018-07-09 04:30:00;16,96
2018-07-09 04:45:00;18,76
2018-07-09 05:00:00;17,08
2018-07-09 05:15:00;17,20
2018-07-09 05:30:00;21,16
2018-07-09 05:45:00;20,72
2018-07-09 06:00:00;29,00
2018-07-09 06:15:00;79,20
2018-07-09 06:30:00;103,72
2018-07-09 06:45:00;108,52
2018-07-09 07:00:00;111,52
2018-07-09 07:15:00;112,56
2018-07-09 07:30:00;109,80
2018-07-09 07:45:00;116,88
2018-07-09 08:00:00;124,24
2018-07-09 08:15:00;96,88
2018-07-09 08:30:00;118,96
2018-07-09 08:45:00;126,96
2018-07-09 09:00:00;124,04
2018-07-09 09:15:00;125,80
2018-07-09 09:30:00;126,20
2018-07-09 09:45:00;123,24
2018-07-09 10:00:00;118,48
2018-07-09 10:15:00;114,52
2018-07-09 10:30:00;115,52
2018-07-09 10:45:00;122,36
2018-07-09 11:00:00;133,40
2018-07-09 11:15:00;99,68
2018-07-09 11:30:00;89,28
2018-07-09 11:45:00;107,72
2018-07-09 12:00:00;118,44
2018-07-09 12:15:00;122,44
2018-07-09 12:30:00;131,28
2018-07-09 12:45:00;136,00
2018-07-09 13:00:00;139,40
2018-07-09 13:15:00;129,92
2018-07-09 13:30:00;116,68
2018-07-09 13:45:00;123,20
2018-07-09 14:00:00;115,52
2018-07-09 14:15:00;119,12
2018-07-09 14:30:00;119,92
2018-07-09 14:45:00;127,68
2018-07-09 15:00:00;120,52
2018-07-09 15:15:00;117,52
2018-07-09 15:30:00;105,48
2018-07-09 15:45:00;79,56
2018-07-09 16:00:00;67,76
2018-07-09 16:15:00;59,00
2018-07-09 16:30:00;50,84
2018-07-09 16:45:00;50,92
2018-07-09 17:00:00;51,56
2018-07-09 17:15:00;47,52
2018-07-09 17:30:00;44,16
2018-07-09 17:45:00;44,68
2018-07-09 18:00:00;45,20
2018-07-09 18:15:00;44,84
2018-07-09 18:30:00;38,92
2018-07-09 18:45:00;43,32
2018-07-09 19:00:00;43,04
2018-07-09 19:15:00;42,96
2018-07-09 19:30:00;38,16
2018-07-09 19:45:00;37,36
2018-07-09 20:00:00;32,56
2018-07-09 20:15:00;32,44
2018-07-09 20:30:00;30,28
2018-07-09 20:45:00;31,96
2018-07-09 21:00:00;33,00
2018-07-09 21:15:00;31,84
2018-07-09 21:30:00;31,60
2018-07-09 21:45:00;31,04
2018-07-09 22:00:00;32,72
2018-07-09 22:15:00;30,56
2018-07-09 22:30:00;30,48
2018-07-09 22:45:00;31,08
2018-07-09 23:00:00;32,40
2018-07-09 23:15:00;29,56
2018-07-09 23:30:00;30,24
2018-07-09 23:45:00;31,80
2018-07-10 00:00:00;32,92
2018-07-10 00:15:00;31,32
2018-07-10 00:30:00;30,56
2018-07-10 00:45:00;33,24
2018-07-10 01:00:00;32,16
2018-07-10 01:15:00;32,00
2018-07-10 01:30:00;30,52
2018-07-10 01:45:00;33,36
2018-07-10 02:00:00;32,36
2018-07-10 02:15:00;31,48
2018-07-10 02:30:00;31,04
2018-07-10 02:45:00;32,80
2018-07-10 03:00:00;32,20
2018-07-10 03:15:00;30,56
2018-07-10 03:30:00;31,88
2018-07-10 03:45:00;32,72
2018-07-10 04:00:00;31,16
2018-07-10 04:15:00;30,04
2018-07-10 04:30:00;30,68
2018-07-10 04:45:00;31,20
2018-07-10 05:00:00;29,56
2018-07-10 05:15:00;30,24
2018-07-10 05:30:00;33,36
2018-07-10 05:45:00;37,60
2018-07-10 06:00:00;44,24
2018-07-10 06:15:00;93,72
2018-07-10 06:30:00;114,84
2018-07-10 06:45:00;111,20
2018-07-10 07:00:00;126,00
2018-07-10 07:15:00;121,60
2018-07-10 07:30:00;128,56
2018-07-10 07:45:00;126,60
2018-07-10 08:00:00;135,76
2018-07-10 08:15:00;106,00
2018-07-10 08:30:00;118,48
2018-07-10 08:45:00;136,08
2018-07-10 09:00:00;133,08
2018-07-10 09:15:00;134,56
2018-07-10 09:30:00;137,64
2018-07-10 09:45:00;122,88
2018-07-10 10:00:00;123,16
2018-07-10 10:15:00;125,16
2018-07-10 10:30:00;134,88
2018-07-10 10:45:00;130,80
2018-07-10 11:00:00;116,76
2018-07-10 11:15:00;95,88
2018-07-10 11:30:00;92,96
2018-07-10 11:45:00;104,68
2018-07-10 12:00:00;105,52
2018-07-10 12:15:00;113,04
2018-07-10 12:30:00;116,76
2018-07-10 12:45:00;120,44
2018-07-10 13:00:00;125,16
2018-07-10 13:15:00;119,96
2018-07-10 13:30:00;135,28
2018-07-10 13:45:00;143,20
2018-07-10 14:00:00;133,64
2018-07-10 14:15:00;125,20
2018-07-10 14:30:00;139,56
2018-07-10 14:45:00;135,20
2018-07-10 15:00:00;123,72
2018-07-10 15:15:00;107,52
2018-07-10 15:30:00;98,44
2018-07-10 15:45:00;70,44
2018-07-10 16:00:00;66,56
2018-07-10 16:15:00;63,56
2018-07-10 16:30:00;49,20
2018-07-10 16:45:00;58,60
2018-07-10 17:00:00;55,72
2018-07-10 17:15:00;57,96
2018-07-10 17:30:00;55,84
2018-07-10 17:45:00;41,96
2018-07-10 18:00:00;36,68
2018-07-10 18:15:00;42,08
2018-07-10 18:30:00;41,80
2018-07-10 18:45:00;39,44
2018-07-10 19:00:00;32,52
2018-07-10 19:15:00;32,08
2018-07-10 19:30:00;33,80
2018-07-10 19:45:00;31,64
2018-07-10 20:00:00;31,24
2018-07-10 20:15:00;32,68
2018-07-10 20:30:00;33,28
2018-07-10 20:45:00;33,04
2018-07-10 21:00:00;32,16
2018-07-10 21:15:00;33,00
2018-07-10 21:30:00;33,60
2018-07-10 21:45:00;32,08
2018-07-10 22:00:00;31,52
2018-07-10 22:15:00;33,04
2018-07-10 22:30:00;32,24
2018-07-10 22:45:00;31,56
2018-07-10 23:00:00;30,24
2018-07-10 23:15:00;32,84
2018-07-10 23:30:00;33,48
2018-07-10 23:45:00;31,20
2018-07-11 00:00:00;30,52
2018-07-11 00:15:00;34,08
2018-07-11 00:30:00;34,04
2018-07-11 00:45:00;32,24
2018-07-11 01:00:00;30,28
2018-07-11 01:15:00;34,20
2018-07-11 01:30:00;34,40
2018-07-11 01:45:00;32,36
2018-07-11 02:00:00;32,20
2018-07-11 02:15:00;33,64
2018-07-11 02:30:00;34,88
2018-07-11 02:45:00;30,72
2018-07-11 03:00:00;32,04
2018-07-11 03:15:00;33,36
2018-07-11 03:30:00;33,60
2018-07-11 03:45:00;31,92
2018-07-11 04:00:00;31,60
2018-07-11 04:15:00;33,68
2018-07-11 04:30:00;33,20
2018-07-11 04:45:00;28,80
2018-07-11 05:00:00;32,20
2018-07-11 05:15:00;32,92
2018-07-11 05:30:00;33,32
2018-07-11 05:45:00;33,96
2018-07-11 06:00:00;42,28
2018-07-11 06:15:00;84,44
2018-07-11 06:30:00;93,28
2018-07-11 06:45:00;99,48
2018-07-11 07:00:00;105,60
2018-07-11 07:15:00;113,36
2018-07-11 07:30:00;127,28
2018-07-11 07:45:00;115,88
2018-07-11 08:00:00;114,48
2018-07-11 08:15:00;105,12
2018-07-11 08:30:00;123,64
2018-07-11 08:45:00;117,96
2018-07-11 09:00:00;122,84
2018-07-11 09:15:00;120,28
2018-07-11 09:30:00;117,88
2018-07-11 09:45:00;115,88
2018-07-11 10:00:00;116,20
2018-07-11 10:15:00;121,36
2018-07-11 10:30:00;107,08
2018-07-11 10:45:00;126,88
2018-07-11 11:00:00;117,64
2018-07-11 11:15:00;83,88
2018-07-11 11:30:00;80,00
2018-07-11 11:45:00;98,88
2018-07-11 12:00:00;104,12
2018-07-11 12:15:00;103,36
2018-07-11 12:30:00;106,88
2018-07-11 12:45:00;115,96
2018-07-11 13:00:00;114,24
2018-07-11 13:15:00;110,48
2018-07-11 13:30:00;118,36
2018-07-11 13:45:00;106,92
2018-07-11 14:00:00;112,40
2018-07-11 14:15:00;125,28
2018-07-11 14:30:00;122,28
2018-07-11 14:45:00;118,80
2018-07-11 15:00:00;112,96
2018-07-11 15:15:00;112,92
2018-07-11 15:30:00;87,00
2018-07-11 15:45:00;87,68
2018-07-11 16:00:00;74,96
2018-07-11 16:15:00;66,16
2018-07-11 16:30:00;60,96
2018-07-11 16:45:00;61,68
2018-07-11 17:00:00;61,92
2018-07-11 17:15:00;61,56
2018-07-11 17:30:00;58,80
2018-07-11 17:45:00;59,88
2018-07-11 18:00:00;57,68
2018-07-11 18:15:00;57,12
2018-07-11 18:30:00;55,04
2018-07-11 18:45:00;49,72
2018-07-11 19:00:00;45,36
2018-07-11 19:15:00;40,12
2018-07-11 19:30:00;39,68
2018-07-11 19:45:00;40,44
2018-07-11 20:00:00;38,60
2018-07-11 20:15:00;38,40
2018-07-11 20:30:00;38,56
2018-07-11 20:45:00;40,84
2018-07-11 21:00:00;39,56
2018-07-11 21:15:00;39,12
2018-07-11 21:30:00;37,16
2018-07-11 21:45:00;40,64
2018-07-11 22:00:00;38,88
2018-07-11 22:15:00;37,60
2018-07-11 22:30:00;38,80
2018-07-11 22:45:00;39,00
2018-07-11 23:00:00;36,56
2018-07-11 23:15:00;33,56
2018-07-11 23:30:00;35,20
2018-07-11 23:45:00;33,92
2018-07-12 00:00:00;37,24
2018-07-12 00:15:00;33,76
2018-07-12 00:30:00;34,88
2018-07-12 00:45:00;33,16
2018-07-12 01:00:00;33,48
2018-07-12 01:15:00;32,32
2018-07-12 01:30:00;32,96
2018-07-12 01:45:00;31,60
2018-07-12 02:00:00;31,12
2018-07-12 02:15:00;31,44
2018-07-12 02:30:00;28,36
2018-07-12 02:45:00;29,44
2018-07-12 03:00:00;27,40
2018-07-12 03:15:00;28,56
2018-07-12 03:30:00;27,52
2018-07-12 03:45:00;27,44
2018-07-12 04:00:00;29,08
2018-07-12 04:15:00;27,16
2018-07-12 04:30:00;27,76
2018-07-12 04:45:00;27,96
2018-07-12 05:00:00;27,64
2018-07-12 05:15:00;26,04
2018-07-12 05:30:00;28,44
2018-07-12 05:45:00;30,44
2018-07-12 06:00:00;37,56
2018-07-12 06:15:00;78,84
2018-07-12 06:30:00;91,12
2018-07-12 06:45:00;97,12
2018-07-12 07:00:00;108,48
2018-07-12 07:15:00;116,20
2018-07-12 07:30:00;119,56
2018-07-12 07:45:00;121,28
2018-07-12 08:00:00;132,84
2018-07-12 08:15:00;103,24
2018-07-12 08:30:00;117,40
2018-07-12 08:45:00;127,92
2018-07-12 09:00:00;125,12
2018-07-12 09:15:00;113,44
2018-07-12 09:30:00;123,72
2018-07-12 09:45:00;132,24
2018-07-12 10:00:00;127,00
2018-07-12 10:15:00;124,80
2018-07-12 10:30:00;129,88
2018-07-12 10:45:00;123,40
2018-07-12 11:00:00;120,32
2018-07-12 11:15:00;99,32
2018-07-12 11:30:00;93,08
2018-07-12 11:45:00;95,60
2018-07-12 12:00:00;97,32
2018-07-12 12:15:00;111,56
2018-07-12 12:30:00;125,04
2018-07-12 12:45:00;119,92
2018-07-12 13:00:00;130,60
2018-07-12 13:15:00;130,04
2018-07-12 13:30:00;127,76
2018-07-12 13:45:00;135,48
2018-07-12 14:00:00;129,40
2018-07-12 14:15:00;112,68
2018-07-12 14:30:00;109,80
2018-07-12 14:45:00;106,04
2018-07-12 15:00:00;105,16
2018-07-12 15:15:00;113,36
2018-07-12 15:30:00;97,16
2018-07-12 15:45:00;95,60
2018-07-12 16:00:00;85,80
2018-07-12 16:15:00;67,56
2018-07-12 16:30:00;62,04
2018-07-12 16:45:00;63,76
2018-07-12 17:00:00;56,76
2018-07-12 17:15:00;49,16
2018-07-12 17:30:00;48,00
2018-07-12 17:45:00;51,92
2018-07-12 18:00:00;41,04
2018-07-12 18:15:00;40,80
2018-07-12 18:30:00;40,76
2018-07-12 18:45:00;45,24
2018-07-12 19:00:00;35,72
2018-07-12 19:15:00;34,68
2018-07-12 19:30:00;35,64
2018-07-12 19:45:00;33,44
2018-07-12 20:00:00;34,60
2018-07-12 20:15:00;34,08
2018-07-12 20:30:00;33,48
2018-07-12 20:45:00;34,16
2018-07-12 21:00:00;33,12
2018-07-12 21:15:00;33,56
2018-07-12 21:30:00;29,40
2018-07-12 21:45:00;32,12
2018-07-12 22:00:00;29,88
2018-07-12 22:15:00;30,20
2018-07-12 22:30:00;27,80
2018-07-12 22:45:00;30,84
2018-07-12 23:00:00;28,24
2018-07-12 23:15:00;28,60
2018-07-12 23:30:00;26,92
2018-07-12 23:45:00;27,80
2018-07-13 00:00:00;28,68
2018-07-13 00:15:00;28,48
2018-07-13 00:30:00;28,48
2018-07-13 00:45:00;28,16
2018-07-13 01:00:00;28,88
2018-07-13 01:15:00;29,60
2018-07-13 01:30:00;28,20
2018-07-13 01:45:00;28,60
2018-07-13 02:00:00;28,32
2018-07-13 02:15:00;29,20
2018-07-13 02:30:00;27,96
2018-07-13 02:45:00;29,68
2018-07-13 03:00:00;28,08
2018-07-13 03:15:00;29,20
2018-07-13 03:30:00;27,68
2018-07-13 03:45:00;28,76
2018-07-13 04:00:00;27,08
2018-07-13 04:15:00;29,20
2018-07-13 04:30:00;27,08
2018-07-13 04:45:00;27,64
2018-07-13 05:00:00;25,08
2018-07-13 05:15:00;28,36
2018-07-13 05:30:00;28,88
2018-07-13 05:45:00;32,08
2018-07-13 06:00:00;52,48
2018-07-13 06:15:00;101,00
2018-07-13 06:30:00;102,04
2018-07-13 06:45:00;107,08
2018-07-13 07:00:00;97,72
2018-07-13 07:15:00;109,68
2018-07-13 07:30:00;116,52
2018-07-13 07:45:00;106,40
2018-07-13 08:00:00;104,52
2018-07-13 08:15:00;90,56
2018-07-13 08:30:00;99,00
2018-07-13 08:45:00;101,36
2018-07-13 09:00:00;100,72
2018-07-13 09:15:00;94,36
2018-07-13 09:30:00;96,60
2018-07-13 09:45:00;96,04
2018-07-13 10:00:00;97,28
2018-07-13 10:15:00;86,40
2018-07-13 10:30:00;86,76
2018-07-13 10:45:00;93,60
2018-07-13 11:00:00;90,80
2018-07-13 11:15:00;78,44
2018-07-13 11:30:00;74,08
2018-07-13 11:45:00;80,52
2018-07-13 12:00:00;83,04
2018-07-13 12:15:00;86,68
2018-07-13 12:30:00;97,48
2018-07-13 12:45:00;97,12
2018-07-13 13:00:00;93,96
2018-07-13 13:15:00;94,32
2018-07-13 13:30:00;96,68
2018-07-13 13:45:00;87,36
2018-07-13 14:00:00;60,92
2018-07-13 14:15:00;45,44
2018-07-13 14:30:00;43,40
2018-07-13 14:45:00;40,88
2018-07-13 15:00:00;41,68
2018-07-13 15:15:00;42,36
2018-07-13 15:30:00;41,16
2018-07-13 15:45:00;40,44
2018-07-13 16:00:00;41,32
2018-07-13 16:15:00;42,04
2018-07-13 16:30:00;40,52
2018-07-13 16:45:00;40,04
2018-07-13 17:00:00;40,28
2018-07-13 17:15:00;41,60
2018-07-13 17:30:00;35,64
2018-07-13 17:45:00;29,00
2018-07-13 18:00:00;26,64
2018-07-13 18:15:00;26,72
2018-07-13 18:30:00;27,84
2018-07-13 18:45:00;26,80
2018-07-13 19:00:00;25,76
2018-07-13 19:15:00;24,08
2018-07-13 19:30:00;14,80
2018-07-13 19:45:00;13,92
2018-07-13 20:00:00;13,40
2018-07-13 20:15:00;12,72
2018-07-13 20:30:00;12,68
2018-07-13 20:45:00;13,28
2018-07-13 21:00:00;12,40
2018-07-13 21:15:00;13,40
2018-07-13 21:30:00;12,52
2018-07-13 21:45:00;13,40
2018-07-13 22:00:00;12,36
2018-07-13 22:15:00;12,40
2018-07-13 22:30:00;12,04
2018-07-13 22:45:00;12,92
2018-07-13 23:00:00;12,00
2018-07-13 23:15:00;12,60
2018-07-13 23:30:00;11,92
2018-07-13 23:45:00;13,44
2018-07-14 00:00:00;12,92
2018-07-14 00:15:00;13,12
2018-07-14 00:30:00;13,84
2018-07-14 00:45:00;13,32
2018-07-14 01:00:00;13,40
2018-07-14 01:15:00;13,36
2018-07-14 01:30:00;12,64
2018-07-14 01:45:00;13,00
2018-07-14 02:00:00;12,84
2018-07-14 02:15:00;12,80
2018-07-14 02:30:00;12,88
2018-07-14 02:45:00;13,00
2018-07-14 03:00:00;12,88
2018-07-14 03:15:00;12,72
2018-07-14 03:30:00;13,12
2018-07-14 03:45:00;13,52
2018-07-14 04:00:00;13,20
2018-07-14 04:15:00;11,68
2018-07-14 04:30:00;11,48
2018-07-14 04:45:00;12,48
2018-07-14 05:00:00;11,92
2018-07-14 05:15:00;10,64
2018-07-14 05:30:00;11,24
2018-07-14 05:45:00;12,68
2018-07-14 06:00:00;17,40
2018-07-14 06:15:00;15,44
2018-07-14 06:30:00;16,80
2018-07-14 06:45:00;16,64
2018-07-14 07:00:00;17,92
2018-07-14 07:15:00;17,16
2018-07-14 07:30:00;17,76
2018-07-14 07:45:00;18,36
2018-07-14 08:00:00;17,68
2018-07-14 08:15:00;18,56
2018-07-14 08:30:00;18,24
2018-07-14 08:45:00;19,04
2018-07-14 09:00:00;18,76
2018-07-14 09:15:00;17,76
2018-07-14 09:30:00;16,60
2018-07-14 09:45:00;16,84
2018-07-14 10:00:00;18,08
2018-07-14 10:15:00;18,40
2018-07-14 10:30:00;18,60
2018-07-14 10:45:00;21,28
2018-07-14 11:00:00;22,88
2018-07-14 11:15:00;25,04
2018-07-14 11:30:00;35,20
2018-07-14 11:45:00;37,48
2018-07-14 12:00:00;35,32
2018-07-14 12:15:00;36,24
2018-07-14 12:30:00;32,84
2018-07-14 12:45:00;36,68
2018-07-14 13:00:00;34,16
2018-07-14 13:15:00;30,12
2018-07-14 13:30:00;31,56
2018-07-14 13:45:00;38,52
2018-07-14 14:00:00;39,92
2018-07-14 14:15:00;42,40
2018-07-14 14:30:00;42,56
2018-07-14 14:45:00;40,84
2018-07-14 15:00:00;39,92
2018-07-14 15:15:00;39,36
2018-07-14 15:30:00;37,60
2018-07-14 15:45:00;37,52
2018-07-14 16:00:00;41,20
2018-07-14 16:15:00;37,08
2018-07-14 16:30:00;42,72
2018-07-14 16:45:00;50,20
2018-07-14 17:00:00;49,40
2018-07-14 17:15:00;39,68
2018-07-14 17:30:00;36,44
2018-07-14 17:45:00;36,28
2018-07-14 18:00:00;35,92
2018-07-14 18:15:00;32,64
2018-07-14 18:30:00;32,08
2018-07-14 18:45:00;37,96
2018-07-14 19:00:00;40,44
2018-07-14 19:15:00;37,16
2018-07-14 19:30:00;39,24
2018-07-14 19:45:00;33,52
2018-07-14 20:00:00;33,04
2018-07-14 20:15:00;32,52
2018-07-14 20:30:00;33,84
2018-07-14 20:45:00;32,68
2018-07-14 21:00:00;33,36
2018-07-14 21:15:00;30,88
2018-07-14 21:30:00;31,68
2018-07-14 21:45:00;29,28
2018-07-14 22:00:00;30,32
2018-07-14 22:15:00;31,28
2018-07-14 22:30:00;27,60
2018-07-14 22:45:00;27,60
2018-07-14 23:00:00;27,84
2018-07-14 23:15:00;27,00
2018-07-14 23:30:00;26,40
2018-07-14 23:45:00;26,16
2018-07-15 00:00:00;26,92
2018-07-15 00:15:00;28,20
2018-07-15 00:30:00;25,88
2018-07-15 00:45:00;28,12
2018-07-15 01:00:00;26,76
2018-07-15 01:15:00;27,28
2018-07-15 01:30:00;27,32
2018-07-15 01:45:00;26,24
2018-07-15 02:00:00;26,64
2018-07-15 02:15:00;26,72
2018-07-15 02:30:00;27,32
2018-07-15 02:45:00;26,36
2018-07-15 03:00:00;27,36
2018-07-15 03:15:00;24,60
2018-07-15 03:30:00;22,44
2018-07-15 03:45:00;23,72
2018-07-15 04:00:00;22,24
2018-07-15 04:15:00;24,24
2018-07-15 04:30:00;22,08
2018-07-15 04:45:00;23,40
2018-07-15 05:00:00;21,68
2018-07-15 05:15:00;22,56
2018-07-15 05:30:00;22,32
2018-07-15 05:45:00;21,56
2018-07-15 06:00:00;20,56
2018-07-15 06:15:00;20,92
2018-07-15 06:30:00;19,36
2018-07-15 06:45:00;21,52
2018-07-15 07:00:00;20,40
2018-07-15 07:15:00;22,32
2018-07-15 07:30:00;19,92
2018-07-15 07:45:00;22,52
2018-07-15 08:00:00;20,56
2018-07-15 08:15:00;22,72
2018-07-15 08:30:00;21,64
2018-07-15 08:45:00;21,88
2018-07-15 09:00:00;22,56
2018-07-15 09:15:00;25,72
2018-07-15 09:30:00;26,96
2018-07-15 09:45:00;23,84
2018-07-15 10:00:00;28,20
2018-07-15 10:15:00;27,12
2018-07-15 10:30:00;30,04
2018-07-15 10:45:00;34,48
2018-07-15 11:00:00;31,88
2018-07-15 11:15:00;32,52
2018-07-15 11:30:00;33,00
2018-07-15 11:45:00;28,36
2018-07-15 12:00:00;27,36
2018-07-15 12:15:00;36,32
2018-07-15 12:30:00;28,72
2018-07-15 12:45:00;24,92
2018-07-15 13:00:00;23,00
2018-07-15 13:15:00;25,44
2018-07-15 13:30:00;28,12
2018-07-15 13:45:00;31,72
2018-07-15 14:00:00;33,76
2018-07-15 14:15:00;32,84
2018-07-15 14:30:00;32,08
2018-07-15 14:45:00;32,04
2018-07-15 15:00:00;31,40
2018-07-15 15:15:00;31,16
2018-07-15 15:30:00;34,12
2018-07-15 15:45:00;32,44
2018-07-15 16:00:00;32,92
2018-07-15 16:15:00;32,96
2018-07-15 16:30:00;32,36
2018-07-15 16:45:00;33,16
2018-07-15 17:00:00;31,92
2018-07-15 17:15:00;32,28
2018-07-15 17:30:00;34,72
2018-07-15 17:45:00;45,92
2018-07-15 18:00:00;47,20
2018-07-15 18:15:00;46,68
2018-07-15 18:30:00;43,48
2018-07-15 18:45:00;41,28
2018-07-15 19:00:00;30,92
2018-07-15 19:15:00;30,40
2018-07-15 19:30:00;32,40
2018-07-15 19:45:00;29,08
2018-07-15 20:00:00;30,52
2018-07-15 20:15:00;28,88
2018-07-15 20:30:00;30,28
2018-07-15 20:45:00;29,72
2018-07-15 21:00:00;29,56
2018-07-15 21:15:00;29,08
2018-07-15 21:30:00;31,24
2018-07-15 21:45:00;28,88
2018-07-15 22:00:00;27,16
2018-07-15 22:15:00;27,48
2018-07-15 22:30:00;26,92
2018-07-15 22:45:00;26,12
2018-07-15 23:00:00;25,64
2018-07-15 23:15:00;26,24
2018-07-15 23:30:00;25,68
2018-07-15 23:45:00;24,84
2018-07-16 00:00:00;25,84
2018-07-16 00:15:00;25,76
2018-07-16 00:30:00;25,68
2018-07-16 00:45:00;25,96
2018-07-16 01:00:00;24,56
2018-07-16 01:15:00;26,56
2018-07-16 01:30:00;25,60
2018-07-16 01:45:00;25,32
2018-07-16 02:00:00;25,04
2018-07-16 02:15:00;25,68
2018-07-16 02:30:00;26,04
2018-07-16 02:45:00;24,64
2018-07-16 03:00:00;24,56
2018-07-16 03:15:00;24,88
2018-07-16 03:30:00;24,28
2018-07-16 03:45:00;25,56
2018-07-16 04:00:00;25,00
2018-07-16 04:15:00;24,36
2018-07-16 04:30:00;24,48
2018-07-16 04:45:00;24,08
2018-07-16 05:00:00;26,28
2018-07-16 05:15:00;23,20
2018-07-16 05:30:00;25,92
2018-07-16 05:45:00;24,92
2018-07-16 06:00:00;31,68
2018-07-16 06:15:00;53,72
2018-07-16 06:30:00;67,92
2018-07-16 06:45:00;79,04
2018-07-16 07:00:00;81,72
2018-07-16 07:15:00;90,00
2018-07-16 07:30:00;101,12
2018-07-16 07:45:00;105,68
2018-07-16 08:00:00;101,96
2018-07-16 08:15:00;102,40
2018-07-16 08:30:00;100,48
2018-07-16 08:45:00;105,64
2018-07-16 09:00:00;97,48
2018-07-16 09:15:00;105,88
2018-07-16 09:30:00;107,64
2018-07-16 09:45:00;108,28
2018-07-16 10:00:00;109,52
2018-07-16 10:15:00;109,24
2018-07-16 10:30:00;113,24
2018-07-16 10:45:00;113,00
2018-07-16 11:00:00;114,16
2018-07-16 11:15:00;101,44
2018-07-16 11:30:00;95,80
2018-07-16 11:45:00;99,80
2018-07-16 12:00:00;118,00
2018-07-16 12:15:00;128,12
2018-07-16 12:30:00;116,20
2018-07-16 12:45:00;117,64
2018-07-16 13:00:00;119,40
2018-07-16 13:15:00;121,36
2018-07-16 13:30:00;127,04
2018-07-16 13:45:00;130,68
2018-07-16 14:00:00;124,84
2018-07-16 14:15:00;124,20
2018-07-16 14:30:00;127,04
2018-07-16 14:45:00;119,84
2018-07-16 15:00:00;110,04
2018-07-16 15:15:00;106,68
2018-07-16 15:30:00;107,88
2018-07-16 15:45:00;108,04
2018-07-16 16:00:00;100,84
2018-07-16 16:15:00;78,96
2018-07-16 16:30:00;73,80
2018-07-16 16:45:00;69,04
2018-07-16 17:00:00;57,80
2018-07-16 17:15:00;52,44
2018-07-16 17:30:00;49,44
2018-07-16 17:45:00;46,12
2018-07-16 18:00:00;47,72
2018-07-16 18:15:00;46,60
2018-07-16 18:30:00;45,12
2018-07-16 18:45:00;46,52
2018-07-16 19:00:00;43,16
2018-07-16 19:15:00;42,52
2018-07-16 19:30:00;36,52
2018-07-16 19:45:00;36,44
2018-07-16 20:00:00;36,16
2018-07-16 20:15:00;38,04
2018-07-16 20:30:00;36,64
2018-07-16 20:45:00;37,32
2018-07-16 21:00:00;35,92
2018-07-16 21:15:00;36,84
2018-07-16 21:30:00;35,92
2018-07-16 21:45:00;35,08
2018-07-16 22:00:00;34,16
2018-07-16 22:15:00;36,32
2018-07-16 22:30:00;34,72
2018-07-16 22:45:00;33,96
2018-07-16 23:00:00;35,08
2018-07-16 23:15:00;34,92
2018-07-16 23:30:00;34,28
2018-07-16 23:45:00;36,56
2018-07-17 00:00:00;34,24
2018-07-17 00:15:00;33,88
2018-07-17 00:30:00;35,80
2018-07-17 00:45:00;34,44
2018-07-17 01:00:00;34,52
2018-07-17 01:15:00;33,40
2018-07-17 01:30:00;32,20
2018-07-17 01:45:00;33,80
2018-07-17 02:00:00;32,48
2018-07-17 02:15:00;33,36
2018-07-17 02:30:00;32,32
2018-07-17 02:45:00;33,52
2018-07-17 03:00:00;30,24
2018-07-17 03:15:00;31,32
2018-07-17 03:30:00;31,76
2018-07-17 03:45:00;30,44
2018-07-17 04:00:00;30,80
2018-07-17 04:15:00;30,52
2018-07-17 04:30:00;30,56
2018-07-17 04:45:00;28,88
2018-07-17 05:00:00;29,68
2018-07-17 05:15:00;29,00
2018-07-17 05:30:00;32,36
2018-07-17 05:45:00;38,12
2018-07-17 06:00:00;46,92
2018-07-17 06:15:00;76,28
2018-07-17 06:30:00;92,80
2018-07-17 06:45:00;95,08
2018-07-17 07:00:00;97,76
2018-07-17 07:15:00;99,28
2018-07-17 07:30:00;107,00
2018-07-17 07:45:00;106,12
2018-07-17 08:00:00;113,24
2018-07-17 08:15:00;100,28
2018-07-17 08:30:00;105,48
2018-07-17 08:45:00;120,60
2018-07-17 09:00:00;121,20
2018-07-17 09:15:00;111,96
2018-07-17 09:30:00;115,32
2018-07-17 09:45:00;114,68
2018-07-17 10:00:00;118,68
2018-07-17 10:15:00;115,76
2018-07-17 10:30:00;110,68
2018-07-17 10:45:00;115,72
2018-07-17 11:00:00;118,00
2018-07-17 11:15:00;104,64
2018-07-17 11:30:00;98,76
2018-07-17 11:45:00;99,84
2018-07-17 12:00:00;121,56
2018-07-17 12:15:00;136,92
2018-07-17 12:30:00;135,48
2018-07-17 12:45:00;124,12
2018-07-17 13:00:00;118,56
2018-07-17 13:15:00;122,80
2018-07-17 13:30:00;122,36
2018-07-17 13:45:00;138,68
2018-07-17 14:00:00;145,20
2018-07-17 14:15:00;126,52
2018-07-17 14:30:00;137,28
2018-07-17 14:45:00;145,24
2018-07-17 15:00:00;133,76
2018-07-17 15:15:00;135,96
2018-07-17 15:30:00;146,88
2018-07-17 15:45:00;123,92
2018-07-17 16:00:00;97,08
2018-07-17 16:15:00;70,08
2018-07-17 16:30:00;65,24
2018-07-17 16:45:00;55,48
2018-07-17 17:00:00;47,00
2018-07-17 17:15:00;44,92
2018-07-17 17:30:00;49,24
2018-07-17 17:45:00;49,52
2018-07-17 18:00:00;44,32
2018-07-17 18:15:00;39,28
2018-07-17 18:30:00;40,76
2018-07-17 18:45:00;38,72
2018-07-17 19:00:00;37,28
2018-07-17 19:15:00;36,96
2018-07-17 19:30:00;38,68
2018-07-17 19:45:00;35,80
2018-07-17 20:00:00;38,08
2018-07-17 20:15:00;37,60
2018-07-17 20:30:00;36,96
2018-07-17 20:45:00;36,44
2018-07-17 21:00:00;36,60
2018-07-17 21:15:00;37,80
2018-07-17 21:30:00;34,92
2018-07-17 21:45:00;35,84
2018-07-17 22:00:00;34,16
2018-07-17 22:15:00;36,52
2018-07-17 22:30:00;35,80
2018-07-17 22:45:00;36,00
2018-07-17 23:00:00;34,56
2018-07-17 23:15:00;36,00
2018-07-17 23:30:00;35,44
2018-07-17 23:45:00;35,88
2018-07-18 00:00:00;36,12
2018-07-18 00:15:00;35,68
2018-07-18 00:30:00;37,44
2018-07-18 00:45:00;36,36
2018-07-18 01:00:00;37,76
2018-07-18 01:15:00;34,00
2018-07-18 01:30:00;36,04
2018-07-18 01:45:00;35,04
2018-07-18 02:00:00;34,88
2018-07-18 02:15:00;32,92
2018-07-18 02:30:00;34,84
2018-07-18 02:45:00;36,52
2018-07-18 03:00:00;34,52
2018-07-18 03:15:00;34,72
2018-07-18 03:30:00;33,28
2018-07-18 03:45:00;35,48
2018-07-18 04:00:00;34,48
2018-07-18 04:15:00;33,28
2018-07-18 04:30:00;32,28
2018-07-18 04:45:00;34,76
2018-07-18 05:00:00;33,24
2018-07-18 05:15:00;33,04
2018-07-18 05:30:00;34,92
2018-07-18 05:45:00;47,04
2018-07-18 06:00:00;54,88
2018-07-18 06:15:00;82,64
2018-07-18 06:30:00;111,64
2018-07-18 06:45:00;122,76
2018-07-18 07:00:00;114,08
2018-07-18 07:15:00;116,48
2018-07-18 07:30:00;123,32
2018-07-18 07:45:00;129,08
2018-07-18 08:00:00;132,56
2018-07-18 08:15:00;119,96
2018-07-18 08:30:00;107,88
2018-07-18 08:45:00;109,48
2018-07-18 09:00:00;115,28
2018-07-18 09:15:00;121,48
2018-07-18 09:30:00;125,24
2018-07-18 09:45:00;132,60
2018-07-18 10:00:00;127,76
2018-07-18 10:15:00;132,92
2018-07-18 10:30:00;132,84
2018-07-18 10:45:00;126,24
2018-07-18 11:00:00;126,24
2018-07-18 11:15:00;115,40
2018-07-18 11:30:00;105,72
2018-07-18 11:45:00;110,88
2018-07-18 12:00:00;109,88
2018-07-18 12:15:00;117,28
2018-07-18 12:30:00;123,12
2018-07-18 12:45:00;123,96
2018-07-18 13:00:00;127,76
2018-07-18 13:15:00;133,72
2018-07-18 13:30:00;143,20
2018-07-18 13:45:00;133,00
2018-07-18 14:00:00;118,52
2018-07-18 14:15:00;121,64
2018-07-18 14:30:00;121,40
2018-07-18 14:45:00;132,80
2018-07-18 15:00:00;124,40
2018-07-18 15:15:00;112,32
2018-07-18 15:30:00;114,24
2018-07-18 15:45:00;110,16
2018-07-18 16:00:00;99,20
2018-07-18 16:15:00;73,36
2018-07-18 16:30:00;66,16
2018-07-18 16:45:00;55,68
2018-07-18 17:00:00;51,40
2018-07-18 17:15:00;46,12
2018-07-18 17:30:00;40,92
2018-07-18 17:45:00;40,52
2018-07-18 18:00:00;41,64
2018-07-18 18:15:00;39,56
2018-07-18 18:30:00;40,60
2018-07-18 18:45:00;39,80
2018-07-18 19:00:00;38,88
2018-07-18 19:15:00;39,44
2018-07-18 19:30:00;37,60
2018-07-18 19:45:00;37,48
2018-07-18 20:00:00;36,32
2018-07-18 20:15:00;36,12
2018-07-18 20:30:00;36,08
2018-07-18 20:45:00;37,20
2018-07-18 21:00:00;36,08
2018-07-18 21:15:00;36,84
2018-07-18 21:30:00;34,60
2018-07-18 21:45:00;37,20
2018-07-18 22:00:00;35,00
2018-07-18 22:15:00;35,52
2018-07-18 22:30:00;35,36
2018-07-18 22:45:00;35,80
2018-07-18 23:00:00;34,04
2018-07-18 23:15:00;35,56
2018-07-18 23:30:00;34,52
2018-07-18 23:45:00;36,52
2018-07-19 00:00:00;36,24
2018-07-19 00:15:00;35,80
2018-07-19 00:30:00;35,20
2018-07-19 00:45:00;36,56
2018-07-19 01:00:00;36,24
2018-07-19 01:15:00;33,96
2018-07-19 01:30:00;32,68
2018-07-19 01:45:00;33,84
2018-07-19 02:00:00;33,20
2018-07-19 02:15:00;31,56
2018-07-19 02:30:00;32,48
2018-07-19 02:45:00;31,16
2018-07-19 03:00:00;33,00
2018-07-19 03:15:00;30,76
2018-07-19 03:30:00;32,72
2018-07-19 03:45:00;30,08
2018-07-19 04:00:00;32,20
2018-07-19 04:15:00;31,76
2018-07-19 04:30:00;30,32
2018-07-19 04:45:00;30,16
2018-07-19 05:00:00;30,28
2018-07-19 05:15:00;32,40
2018-07-19 05:30:00;31,44
2018-07-19 05:45:00;33,28
2018-07-19 06:00:00;35,32
2018-07-19 06:15:00;75,88
2018-07-19 06:30:00;88,96
2018-07-19 06:45:00;93,32
2018-07-19 07:00:00;109,04
2018-07-19 07:15:00;106,08
2018-07-19 07:30:00;108,48
2018-07-19 07:45:00;111,36
2018-07-19 08:00:00;101,32
2018-07-19 08:15:00;99,16
2018-07-19 08:30:00;103,00
2018-07-19 08:45:00;122,12
2018-07-19 09:00:00;125,92
2018-07-19 09:15:00;123,16
2018-07-19 09:30:00;113,48
2018-07-19 09:45:00;130,12
2018-07-19 10:00:00;135,80
2018-07-19 10:15:00;125,52
2018-07-19 10:30:00;109,64
2018-07-19 10:45:00;120,72
2018-07-19 11:00:00;127,16
2018-07-19 11:15:00;112,64
2018-07-19 11:30:00;104,24
2018-07-19 11:45:00;103,60
2018-07-19 12:00:00;130,56
2018-07-19 12:15:00;131,96
2018-07-19 12:30:00;123,52
2018-07-19 12:45:00;131,92
2018-07-19 13:00:00;128,80
2018-07-19 13:15:00;121,88
2018-07-19 13:30:00;126,60
2018-07-19 13:45:00;146,88
2018-07-19 14:00:00;135,00
2018-07-19 14:15:00;145,00
2018-07-19 14:30:00;135,48
2018-07-19 14:45:00;130,60
2018-07-19 15:00:00;133,64
2018-07-19 15:15:00;119,56
2018-07-19 15:30:00;111,52
2018-07-19 15:45:00;97,72
2018-07-19 16:00:00;94,08
2018-07-19 16:15:00;80,04
2018-07-19 16:30:00;73,64
2018-07-19 16:45:00;65,44
2018-07-19 17:00:00;58,00
2018-07-19 17:15:00;57,12
2018-07-19 17:30:00;53,64
2018-07-19 17:45:00;51,72
2018-07-19 18:00:00;52,80
2018-07-19 18:15:00;50,44
2018-07-19 18:30:00;61,48
2018-07-19 18:45:00;58,24
2018-07-19 19:00:00;52,56
2018-07-19 19:15:00;40,52
2018-07-19 19:30:00;36,00
2018-07-19 19:45:00;36,76
2018-07-19 20:00:00;35,32
2018-07-19 20:15:00;36,56
2018-07-19 20:30:00;35,08
2018-07-19 20:45:00;37,92
2018-07-19 21:00:00;36,72
2018-07-19 21:15:00;36,20
2018-07-19 21:30:00;35,16
2018-07-19 21:45:00;36,04
2018-07-19 22:00:00;33,36
2018-07-19 22:15:00;34,20
2018-07-19 22:30:00;33,52
2018-07-19 22:45:00;33,56
2018-07-19 23:00:00;32,52
2018-07-19 23:15:00;34,20
2018-07-19 23:30:00;33,24
2018-07-19 23:45:00;33,88
2018-07-20 00:00:00;33,80
2018-07-20 00:15:00;34,92
2018-07-20 00:30:00;34,64
2018-07-20 00:45:00;33,08
2018-07-20 01:00:00;35,16
2018-07-20 01:15:00;32,84
2018-07-20 01:30:00;35,44
2018-07-20 01:45:00;33,28
2018-07-20 02:00:00;34,80
2018-07-20 02:15:00;32,72
2018-07-20 02:30:00;33,96
2018-07-20 02:45:00;33,56
2018-07-20 03:00:00;33,20
2018-07-20 03:15:00;33,68
2018-07-20 03:30:00;32,76
2018-07-20 03:45:00;33,40
2018-07-20 04:00:00;33,44
2018-07-20 04:15:00;33,88
2018-07-20 04:30:00;30,80
2018-07-20 04:45:00;32,00
2018-07-20 05:00:00;31,28
2018-07-20 05:15:00;31,64
2018-07-20 05:30:00;36,56
2018-07-20 05:45:00;42,00
2018-07-20 06:00:00;46,36
2018-07-20 06:15:00;76,96
2018-07-20 06:30:00;111,88
2018-07-20 06:45:00;112,92
2018-07-20 07:00:00;123,68
2018-07-20 07:15:00;122,32
2018-07-20 07:30:00;122,84
2018-07-20 07:45:00;125,60
2018-07-20 08:00:00;125,24
2018-07-20 08:15:00;124,88
2018-07-20 08:30:00;121,48
2018-07-20 08:45:00;125,16
2018-07-20 09:00:00;116,72
2018-07-20 09:15:00;121,40
2018-07-20 09:30:00;118,00
2018-07-20 09:45:00;128,60
2018-07-20 10:00:00;136,20
2018-07-20 10:15:00;130,44
2018-07-20 10:30:00;136,96
2018-07-20 10:45:00;118,88
2018-07-20 11:00:00;116,44
2018-07-20 11:15:00;112,28
2018-07-20 11:30:00;100,96
2018-07-20 11:45:00;101,44
2018-07-20 12:00:00;119,36
2018-07-20 12:15:00;123,84
2018-07-20 12:30:00;127,20
2018-07-20 12:45:00;129,72
2018-07-20 13:00:00;118,56
2018-07-20 13:15:00;106,76
2018-07-20 13:30:00;111,52
2018-07-20 13:45:00;111,36
2018-07-20 14:00:00;104,40
2018-07-20 14:15:00;98,40
2018-07-20 14:30:00;85,36
2018-07-20 14:45:00;88,36
2018-07-20 15:00:00;76,88
2018-07-20 15:15:00;77,84
2018-07-20 15:30:00;77,68
2018-07-20 15:45:00;72,88
2018-07-20 16:00:00;72,28
2018-07-20 16:15:00;64,00
2018-07-20 16:30:00;65,52
2018-07-20 16:45:00;56,00
2018-07-20 17:00:00;54,24
2018-07-20 17:15:00;52,32
2018-07-20 17:30:00;51,32
2018-07-20 17:45:00;50,88
2018-07-20 18:00:00;50,24
2018-07-20 18:15:00;54,68
2018-07-20 18:30:00;50,84
2018-07-20 18:45:00;52,16
2018-07-20 19:00:00;51,48
2018-07-20 19:15:00;50,08
2018-07-20 19:30:00;49,16
2018-07-20 19:45:00;47,68
2018-07-20 20:00:00;46,00
2018-07-20 20:15:00;42,20
2018-07-20 20:30:00;41,68
2018-07-20 20:45:00;42,60
2018-07-20 21:00:00;41,92
2018-07-20 21:15:00;40,96
2018-07-20 21:30:00;41,28
2018-07-20 21:45:00;40,40
2018-07-20 22:00:00;41,60
2018-07-20 22:15:00;40,52
2018-07-20 22:30:00;38,84
2018-07-20 22:45:00;40,28
2018-07-20 23:00:00;38,88
2018-07-20 23:15:00;39,36
2018-07-20 23:30:00;40,00
2018-07-20 23:45:00;40,48
2018-07-21 00:00:00;40,80
2018-07-21 00:15:00;40,52
2018-07-21 00:30:00;41,36
2018-07-21 00:45:00;40,88
2018-07-21 01:00:00;40,64
2018-07-21 01:15:00;41,44
2018-07-21 01:30:00;40,44
2018-07-21 01:45:00;41,24
2018-07-21 02:00:00;40,76
2018-07-21 02:15:00;41,16
2018-07-21 02:30:00;40,68
2018-07-21 02:45:00;40,40
2018-07-21 03:00:00;38,56
2018-07-21 03:15:00;35,64
2018-07-21 03:30:00;32,00
2018-07-21 03:45:00;29,16
2018-07-21 04:00:00;31,76
2018-07-21 04:15:00;29,16
2018-07-21 04:30:00;26,52
2018-07-21 04:45:00;28,72
2018-07-21 05:00:00;27,96
2018-07-21 05:15:00;27,60
2018-07-21 05:30:00;29,68
2018-07-21 05:45:00;33,84
2018-07-21 06:00:00;33,12
2018-07-21 06:15:00;39,40
2018-07-21 06:30:00;43,72
2018-07-21 06:45:00;49,68
2018-07-21 07:00:00;49,08
2018-07-21 07:15:00;52,32
2018-07-21 07:30:00;51,80
2018-07-21 07:45:00;52,12
2018-07-21 08:00:00;47,40
2018-07-21 08:15:00;44,08
2018-07-21 08:30:00;48,16
2018-07-21 08:45:00;49,48
2018-07-21 09:00:00;48,24
2018-07-21 09:15:00;46,00
2018-07-21 09:30:00;45,64
2018-07-21 09:45:00;43,08
2018-07-21 10:00:00;44,20
2018-07-21 10:15:00;59,56
2018-07-21 10:30:00;54,40
2018-07-21 10:45:00;39,64
2018-07-21 11:00:00;38,56
2018-07-21 11:15:00;37,36
2018-07-21 11:30:00;37,64
2018-07-21 11:45:00;35,72
2018-07-21 12:00:00;34,68
2018-07-21 12:15:00;32,76
2018-07-21 12:30:00;33,72
2018-07-21 12:45:00;31,64
2018-07-21 13:00:00;33,12
2018-07-21 13:15:00;31,20
2018-07-21 13:30:00;33,76
2018-07-21 13:45:00;31,48
2018-07-21 14:00:00;33,56
2018-07-21 14:15:00;33,48
2018-07-21 14:30:00;34,44
2018-07-21 14:45:00;32,20
2018-07-21 15:00:00;33,08
2018-07-21 15:15:00;32,08
2018-07-21 15:30:00;36,36
2018-07-21 15:45:00;47,32
2018-07-21 16:00:00;53,52
2018-07-21 16:15:00;52,64
2018-07-21 16:30:00;51,72
2018-07-21 16:45:00;51,96
2018-07-21 17:00:00;50,48
2018-07-21 17:15:00;51,52
2018-07-21 17:30:00;51,16
2018-07-21 17:45:00;56,76
2018-07-21 18:00:00;59,80
2018-07-21 18:15:00;57,76
2018-07-21 18:30:00;51,96
2018-07-21 18:45:00;55,24
2018-07-21 19:00:00;51,44
2018-07-21 19:15:00;45,68
2018-07-21 19:30:00;42,36
2018-07-21 19:45:00;40,40
2018-07-21 20:00:00;38,80
2018-07-21 20:15:00;40,12
2018-07-21 20:30:00;39,16
2018-07-21 20:45:00;37,64
2018-07-21 21:00:00;39,12
2018-07-21 21:15:00;38,00
2018-07-21 21:30:00;39,40
2018-07-21 21:45:00;39,92
2018-07-21 22:00:00;37,92
2018-07-21 22:15:00;39,36
2018-07-21 22:30:00;37,12
2018-07-21 22:45:00;38,40
2018-07-21 23:00:00;37,68
2018-07-21 23:15:00;38,60
2018-07-21 23:30:00;37,96
2018-07-21 23:45:00;38,60
2018-07-22 00:00:00;38,80
2018-07-22 00:15:00;38,28
2018-07-22 00:30:00;37,60
2018-07-22 00:45:00;38,72
2018-07-22 01:00:00;39,92
2018-07-22 01:15:00;39,92
2018-07-22 01:30:00;37,92
2018-07-22 01:45:00;40,92
2018-07-22 02:00:00;37,28
2018-07-22 02:15:00;40,92
2018-07-22 02:30:00;37,20
2018-07-22 02:45:00;39,92
2018-07-22 03:00:00;40,32
2018-07-22 03:15:00;38,36
2018-07-22 03:30:00;39,32
2018-07-22 03:45:00;37,68
2018-07-22 04:00:00;39,44
2018-07-22 04:15:00;39,44
2018-07-22 04:30:00;32,52
2018-07-22 04:45:00;29,04
2018-07-22 05:00:00;30,68
2018-07-22 05:15:00;30,44
2018-07-22 05:30:00;27,92
2018-07-22 05:45:00;25,80
2018-07-22 06:00:00;27,12
2018-07-22 06:15:00;30,24
2018-07-22 06:30:00;25,36
2018-07-22 06:45:00;27,96
2018-07-22 07:00:00;25,72
2018-07-22 07:15:00;27,32
2018-07-22 07:30:00;26,92
2018-07-22 07:45:00;26,76
2018-07-22 08:00:00;27,28
2018-07-22 08:15:00;24,52
2018-07-22 08:30:00;29,12
2018-07-22 08:45:00;24,60
2018-07-22 09:00:00;27,16
2018-07-22 09:15:00;26,88
2018-07-22 09:30:00;26,84
2018-07-22 09:45:00;26,12
2018-07-22 10:00:00;24,92
2018-07-22 10:15:00;29,08
2018-07-22 10:30:00;30,48
2018-07-22 10:45:00;35,32
2018-07-22 11:00:00;31,68
2018-07-22 11:15:00;38,72
2018-07-22 11:30:00;34,92
2018-07-22 11:45:00;42,44
2018-07-22 12:00:00;35,12
2018-07-22 12:15:00;35,76
2018-07-22 12:30:00;35,16
2018-07-22 12:45:00;37,44
2018-07-22 13:00:00;42,56
2018-07-22 13:15:00;36,92
2018-07-22 13:30:00;37,28
2018-07-22 13:45:00;37,52
2018-07-22 14:00:00;34,16
2018-07-22 14:15:00;34,28
2018-07-22 14:30:00;34,96
2018-07-22 14:45:00;30,60
2018-07-22 15:00:00;30,32
2018-07-22 15:15:00;38,20
2018-07-22 15:30:00;41,16
2018-07-22 15:45:00;40,36
2018-07-22 16:00:00;40,44
2018-07-22 16:15:00;37,80
2018-07-22 16:30:00;37,20
2018-07-22 16:45:00;35,68
2018-07-22 17:00:00;38,16
2018-07-22 17:15:00;41,24
2018-07-22 17:30:00;38,28
2018-07-22 17:45:00;38,48
2018-07-22 18:00:00;40,04
2018-07-22 18:15:00;39,60
2018-07-22 18:30:00;37,32
2018-07-22 18:45:00;35,68
2018-07-22 19:00:00;35,96
2018-07-22 19:15:00;33,48
2018-07-22 19:30:00;31,64
2018-07-22 19:45:00;32,84
2018-07-22 20:00:00;31,64
2018-07-22 20:15:00;31,28
2018-07-22 20:30:00;31,80
2018-07-22 20:45:00;32,04
2018-07-22 21:00:00;30,84
2018-07-22 21:15:00;32,40
2018-07-22 21:30:00;30,72
2018-07-22 21:45:00;32,12
2018-07-22 22:00:00;28,52
2018-07-22 22:15:00;30,56
2018-07-22 22:30:00;29,96
2018-07-22 22:45:00;30,24
2018-07-22 23:00:00;31,04
2018-07-22 23:15:00;32,32
2018-07-22 23:30:00;29,56
2018-07-22 23:45:00;32,64
2018-07-23 00:00:00;32,00
2018-07-23 00:15:00;31,76
2018-07-23 00:30:00;32,48
2018-07-23 00:45:00;32,40
2018-07-23 01:00:00;32,48
2018-07-23 01:15:00;31,12
2018-07-23 01:30:00;32,24
2018-07-23 01:45:00;30,28
2018-07-23 02:00:00;31,80
2018-07-23 02:15:00;30,80
2018-07-23 02:30:00;32,12
2018-07-23 02:45:00;30,20
2018-07-23 03:00:00;31,08
2018-07-23 03:15:00;31,84
2018-07-23 03:30:00;31,60
2018-07-23 03:45:00;31,08
2018-07-23 04:00:00;32,16
2018-07-23 04:15:00;33,00
2018-07-23 04:30:00;28,40
2018-07-23 04:45:00;30,96
2018-07-23 05:00:00;32,20
2018-07-23 05:15:00;32,16
2018-07-23 05:30:00;32,44
2018-07-23 05:45:00;45,36
2018-07-23 06:00:00;51,16
2018-07-23 06:15:00;74,16
2018-07-23 06:30:00;83,12
2018-07-23 06:45:00;102,96
2018-07-23 07:00:00;104,84
2018-07-23 07:15:00;112,60
2018-07-23 07:30:00;123,68
2018-07-23 07:45:00;134,56
2018-07-23 08:00:00;128,64
2018-07-23 08:15:00;109,32
2018-07-23 08:30:00;118,64
2018-07-23 08:45:00;123,60
2018-07-23 09:00:00;128,40
2018-07-23 09:15:00;121,44
2018-07-23 09:30:00;129,72
2018-07-23 09:45:00;129,84
2018-07-23 10:00:00;125,84
2018-07-23 10:15:00;121,88
2018-07-23 10:30:00;129,64
2018-07-23 10:45:00;130,08
2018-07-23 11:00:00;124,56
2018-07-23 11:15:00;102,00
2018-07-23 11:30:00;93,32
2018-07-23 11:45:00;96,68
2018-07-23 12:00:00;107,00
2018-07-23 12:15:00;108,12
2018-07-23 12:30:00;120,20
2018-07-23 12:45:00;116,80
2018-07-23 13:00:00;124,20
2018-07-23 13:15:00;113,00
2018-07-23 13:30:00;110,92
2018-07-23 13:45:00;116,64
2018-07-23 14:00:00;123,48
2018-07-23 14:15:00;125,68
2018-07-23 14:30:00;129,52
2018-07-23 14:45:00;125,64
2018-07-23 15:00:00;114,84
2018-07-23 15:15:00;122,92
2018-07-23 15:30:00;137,92
2018-07-23 15:45:00;126,60
2018-07-23 16:00:00;101,20
2018-07-23 16:15:00;78,16
2018-07-23 16:30:00;67,64
2018-07-23 16:45:00;60,52
2018-07-23 17:00:00;58,00
2018-07-23 17:15:00;58,36
2018-07-23 17:30:00;55,72
2018-07-23 17:45:00;45,12
2018-07-23 18:00:00;43,52
2018-07-23 18:15:00;43,92
2018-07-23 18:30:00;42,12
2018-07-23 18:45:00;39,92
2018-07-23 19:00:00;41,56
2018-07-23 19:15:00;40,00
2018-07-23 19:30:00;42,52
2018-07-23 19:45:00;41,44
2018-07-23 20:00:00;38,80
2018-07-23 20:15:00;42,28
2018-07-23 20:30:00;38,92
2018-07-23 20:45:00;40,88
2018-07-23 21:00:00;38,60
2018-07-23 21:15:00;39,40
2018-07-23 21:30:00;38,76
2018-07-23 21:45:00;39,72
2018-07-23 22:00:00;37,84
2018-07-23 22:15:00;38,16
2018-07-23 22:30:00;39,08
2018-07-23 22:45:00;37,64
2018-07-23 23:00:00;40,20
2018-07-23 23:15:00;38,08
2018-07-23 23:30:00;39,24
2018-07-23 23:45:00;39,32
2018-07-24 00:00:00;39,24
2018-07-24 00:15:00;40,36
2018-07-24 00:30:00;39,84
2018-07-24 00:45:00;39,28
2018-07-24 01:00:00;39,76
2018-07-24 01:15:00;39,52
2018-07-24 01:30:00;39,72
2018-07-24 01:45:00;38,56
2018-07-24 02:00:00;40,36
2018-07-24 02:15:00;38,32
2018-07-24 02:30:00;40,40
2018-07-24 02:45:00;38,16
2018-07-24 03:00:00;40,16
2018-07-24 03:15:00;38,16
2018-07-24 03:30:00;40,88
2018-07-24 03:45:00;38,56
2018-07-24 04:00:00;39,64
2018-07-24 04:15:00;39,68
2018-07-24 04:30:00;35,16
2018-07-24 04:45:00;36,00
2018-07-24 05:00:00;35,04
2018-07-24 05:15:00;33,84
2018-07-24 05:30:00;38,44
2018-07-24 05:45:00;44,92
2018-07-24 06:00:00;47,08
2018-07-24 06:15:00;81,72
2018-07-24 06:30:00;114,56
2018-07-24 06:45:00;113,68
2018-07-24 07:00:00;121,88
2018-07-24 07:15:00;122,68
2018-07-24 07:30:00;117,00
2018-07-24 07:45:00;122,80
2018-07-24 08:00:00;124,08
2018-07-24 08:15:00;114,80
2018-07-24 08:30:00;121,60
2018-07-24 08:45:00;135,40
2018-07-24 09:00:00;145,00
2018-07-24 09:15:00;153,56
2018-07-24 09:30:00;146,64
2018-07-24 09:45:00;141,12
2018-07-24 10:00:00;146,24
2018-07-24 10:15:00;140,00
2018-07-24 10:30:00;126,80
2018-07-24 10:45:00;131,16
2018-07-24 11:00:00;127,00
2018-07-24 11:15:00;113,12
2018-07-24 11:30:00;109,32
2018-07-24 11:45:00;109,32
2018-07-24 12:00:00;129,16
2018-07-24 12:15:00;121,60
2018-07-24 12:30:00;127,84
2018-07-24 12:45:00;129,88
2018-07-24 13:00:00;131,16
2018-07-24 13:15:00;133,44
2018-07-24 13:30:00;147,08
2018-07-24 13:45:00;147,76
2018-07-24 14:00:00;137,32
2018-07-24 14:15:00;139,48
2018-07-24 14:30:00;146,56
2018-07-24 14:45:00;140,48
2018-07-24 15:00:00;144,92
2018-07-24 15:15:00;146,64
2018-07-24 15:30:00;146,28
2018-07-24 15:45:00;130,24
2018-07-24 16:00:00;122,16
2018-07-24 16:15:00;77,52
2018-07-24 16:30:00;69,72
2018-07-24 16:45:00;69,36
2018-07-24 17:00:00;61,36
2018-07-24 17:15:00;58,04
2018-07-24 17:30:00;52,60
2018-07-24 17:45:00;52,64
2018-07-24 18:00:00;57,28
2018-07-24 18:15:00;53,56
2018-07-24 18:30:00;54,72
2018-07-24 18:45:00;52,64
2018-07-24 19:00:00;50,92
2018-07-24 19:15:00;52,96
2018-07-24 19:30:00;47,68
2018-07-24 19:45:00;46,16
2018-07-24 20:00:00;46,24
2018-07-24 20:15:00;46,20
2018-07-24 20:30:00;45,32
2018-07-24 20:45:00;45,36
2018-07-24 21:00:00;42,52
2018-07-24 21:15:00;42,72
2018-07-24 21:30:00;43,00
2018-07-24 21:45:00;42,72
2018-07-24 22:00:00;41,72
2018-07-24 22:15:00;42,44
2018-07-24 22:30:00;40,84
2018-07-24 22:45:00;42,32
2018-07-24 23:00:00;42,44
2018-07-24 23:15:00;40,68
2018-07-24 23:30:00;42,04
2018-07-24 23:45:00;42,16
2018-07-25 00:00:00;42,24
2018-07-25 00:15:00;43,16
2018-07-25 00:30:00;41,60
2018-07-25 00:45:00;43,96
2018-07-25 01:00:00;41,60
2018-07-25 01:15:00;38,52
2018-07-25 01:30:00;36,84
2018-07-25 01:45:00;37,84
2018-07-25 02:00:00;37,56
2018-07-25 02:15:00;34,76
2018-07-25 02:30:00;35,28
2018-07-25 02:45:00;35,00
2018-07-25 03:00:00;35,04
2018-07-25 03:15:00;35,36
2018-07-25 03:30:00;31,52
2018-07-25 03:45:00;31,24
2018-07-25 04:00:00;30,28
2018-07-25 04:15:00;33,44
2018-07-25 04:30:00;29,08
2018-07-25 04:45:00;30,80
2018-07-25 05:00:00;30,80
2018-07-25 05:15:00;31,04
2018-07-25 05:30:00;32,56
2018-07-25 05:45:00;38,68
2018-07-25 06:00:00;45,68
2018-07-25 06:15:00;83,20
2018-07-25 06:30:00;110,92
2018-07-25 06:45:00;113,28
2018-07-25 07:00:00;110,00
2018-07-25 07:15:00;111,20
2018-07-25 07:30:00;117,72
2018-07-25 07:45:00;126,12
2018-07-25 08:00:00;115,00
2018-07-25 08:15:00;113,68
2018-07-25 08:30:00;116,32
2018-07-25 08:45:00;117,64
2018-07-25 09:00:00;118,36
2018-07-25 09:15:00;135,48
2018-07-25 09:30:00;141,28
2018-07-25 09:45:00;134,32
2018-07-25 10:00:00;133,28
2018-07-25 10:15:00;136,56
2018-07-25 10:30:00;140,28
2018-07-25 10:45:00;137,40
2018-07-25 11:00:00;141,76
2018-07-25 11:15:00;119,84
2018-07-25 11:30:00;118,36
2018-07-25 11:45:00;121,36
2018-07-25 12:00:00;131,00
2018-07-25 12:15:00;134,84
2018-07-25 12:30:00;140,40
2018-07-25 12:45:00;136,72
2018-07-25 13:00:00;139,48
2018-07-25 13:15:00;137,00
2018-07-25 13:30:00;136,44
2018-07-25 13:45:00;127,20
2018-07-25 14:00:00;139,12
2018-07-25 14:15:00;135,12
2018-07-25 14:30:00;145,76
2018-07-25 14:45:00;154,04
2018-07-25 15:00:00;144,28
2018-07-25 15:15:00;127,32
2018-07-25 15:30:00;131,04
2018-07-25 15:45:00;112,32
2018-07-25 16:00:00;95,56
2018-07-25 16:15:00;73,96
2018-07-25 16:30:00;62,24
2018-07-25 16:45:00;62,72
2018-07-25 17:00:00;52,84
2018-07-25 17:15:00;54,48
2018-07-25 17:30:00;50,60
2018-07-25 17:45:00;51,20
2018-07-25 18:00:00;46,44
2018-07-25 18:15:00;50,56
2018-07-25 18:30:00;49,40
2018-07-25 18:45:00;54,12
2018-07-25 19:00:00;57,80
2018-07-25 19:15:00;54,92
2018-07-25 19:30:00;57,72
2018-07-25 19:45:00;56,88
2018-07-25 20:00:00;56,52
2018-07-25 20:15:00;56,84
2018-07-25 20:30:00;55,48
2018-07-25 20:45:00;49,72
2018-07-25 21:00:00;49,08
2018-07-25 21:15:00;46,60
2018-07-25 21:30:00;45,00
2018-07-25 21:45:00;45,20
2018-07-25 22:00:00;44,36
2018-07-25 22:15:00;44,96
2018-07-25 22:30:00;42,00
2018-07-25 22:45:00;43,72
2018-07-25 23:00:00;43,44
2018-07-25 23:15:00;42,64
2018-07-25 23:30:00;41,76
2018-07-25 23:45:00;40,88
2018-07-26 00:00:00;43,68
2018-07-26 00:15:00;43,48
2018-07-26 00:30:00;41,84
2018-07-26 00:45:00;43,76
2018-07-26 01:00:00;42,72
2018-07-26 01:15:00;41,04
2018-07-26 01:30:00;44,64
2018-07-26 01:45:00;42,12
2018-07-26 02:00:00;42,92
2018-07-26 02:15:00;44,44
2018-07-26 02:30:00;41,36
2018-07-26 02:45:00;42,92
2018-07-26 03:00:00;41,12
2018-07-26 03:15:00;43,28
2018-07-26 03:30:00;41,20
2018-07-26 03:45:00;42,52
2018-07-26 04:00:00;41,36
2018-07-26 04:15:00;42,68
2018-07-26 04:30:00;41,04
2018-07-26 04:45:00;41,44
2018-07-26 05:00:00;38,84
2018-07-26 05:15:00;43,20
2018-07-26 05:30:00;42,32
2018-07-26 05:45:00;45,48
2018-07-26 06:00:00;53,76
2018-07-26 06:15:00;85,36
2018-07-26 06:30:00;120,12
2018-07-26 06:45:00;137,56
2018-07-26 07:00:00;132,40
2018-07-26 07:15:00;138,00
2018-07-26 07:30:00;139,16
2018-07-26 07:45:00;133,60
2018-07-26 08:00:00;125,04
2018-07-26 08:15:00;120,64
2018-07-26 08:30:00;121,36
2018-07-26 08:45:00;134,64
2018-07-26 09:00:00;129,28
2018-07-26 09:15:00;131,56
2018-07-26 09:30:00;127,56
2018-07-26 09:45:00;130,40
2018-07-26 10:00:00;128,88
2018-07-26 10:15:00;128,88
2018-07-26 10:30:00;133,92
2018-07-26 10:45:00;136,88
2018-07-26 11:00:00;136,16
2018-07-26 11:15:00;131,80
2018-07-26 11:30:00;126,76
2018-07-26 11:45:00;131,16
2018-07-26 12:00:00;134,40
2018-07-26 12:15:00;132,56
2018-07-26 12:30:00;138,72
2018-07-26 12:45:00;125,96
2018-07-26 13:00:00;128,44
2018-07-26 13:15:00;135,80
2018-07-26 13:30:00;130,92
2018-07-26 13:45:00;132,36
2018-07-26 14:00:00;128,64
2018-07-26 14:15:00;135,84
2018-07-26 14:30:00;131,32
2018-07-26 14:45:00;128,20
2018-07-26 15:00:00;128,20
2018-07-26 15:15:00;125,28
2018-07-26 15:30:00;126,04
2018-07-26 15:45:00;109,96
2018-07-26 16:00:00;102,52
2018-07-26 16:15:00;80,48
2018-07-26 16:30:00;62,52
2018-07-26 16:45:00;58,72
2018-07-26 17:00:00;52,80
2018-07-26 17:15:00;48,24
2018-07-26 17:30:00;43,80
2018-07-26 17:45:00;45,32
2018-07-26 18:00:00;44,48
2018-07-26 18:15:00;44,76
2018-07-26 18:30:00;48,44
2018-07-26 18:45:00;51,64
2018-07-26 19:00:00;50,48
2018-07-26 19:15:00;49,56
2018-07-26 19:30:00;46,64
2018-07-26 19:45:00;45,68
2018-07-26 20:00:00;48,00
2018-07-26 20:15:00;47,32
2018-07-26 20:30:00;45,96
2018-07-26 20:45:00;46,44
2018-07-26 21:00:00;45,96
2018-07-26 21:15:00;46,28
2018-07-26 21:30:00;42,76
2018-07-26 21:45:00;46,32
2018-07-26 22:00:00;42,68
2018-07-26 22:15:00;43,08
2018-07-26 22:30:00;41,40
2018-07-26 22:45:00;43,68
2018-07-26 23:00:00;40,88
2018-07-26 23:15:00;42,88
2018-07-26 23:30:00;41,60
2018-07-26 23:45:00;42,32
2018-07-27 00:00:00;43,12
2018-07-27 00:15:00;42,68
2018-07-27 00:30:00;43,88
2018-07-27 00:45:00;41,60
2018-07-27 01:00:00;41,64
2018-07-27 01:15:00;42,48
2018-07-27 01:30:00;44,64
2018-07-27 01:45:00;42,84
2018-07-27 02:00:00;42,00
2018-07-27 02:15:00;41,68
2018-07-27 02:30:00;43,36
2018-07-27 02:45:00;41,96
2018-07-27 03:00:00;41,40
2018-07-27 03:15:00;41,96
2018-07-27 03:30:00;41,28
2018-07-27 03:45:00;44,56
2018-07-27 04:00:00;41,08
2018-07-27 04:15:00;42,08
2018-07-27 04:30:00;40,16
2018-07-27 04:45:00;42,12
2018-07-27 05:00:00;39,36
2018-07-27 05:15:00;42,84
2018-07-27 05:30:00;42,88
2018-07-27 05:45:00;51,08
2018-07-27 06:00:00;55,20
2018-07-27 06:15:00;75,08
2018-07-27 06:30:00;96,96
2018-07-27 06:45:00;112,00
2018-07-27 07:00:00;121,72
2018-07-27 07:15:00;127,00
2018-07-27 07:30:00;141,72
2018-07-27 07:45:00;137,16
2018-07-27 08:00:00;140,40
2018-07-27 08:15:00;140,04
2018-07-27 08:30:00;135,84
2018-07-27 08:45:00;126,32
2018-07-27 09:00:00;133,68
2018-07-27 09:15:00;141,60
2018-07-27 09:30:00;139,24
2018-07-27 09:45:00;128,52
2018-07-27 10:00:00;130,24
2018-07-27 10:15:00;134,80
2018-07-27 10:30:00;131,92
2018-07-27 10:45:00;128,48
2018-07-27 11:00:00;121,20
2018-07-27 11:15:00;112,56
2018-07-27 11:30:00;106,60
2018-07-27 11:45:00;113,84
2018-07-27 12:00:00;117,56
2018-07-27 12:15:00;123,16
2018-07-27 12:30:00;127,24
2018-07-27 12:45:00;130,56
2018-07-27 13:00:00;121,52
2018-07-27 13:15:00;113,72
2018-07-27 13:30:00;111,88
2018-07-27 13:45:00;99,36
2018-07-27 14:00:00;91,68
2018-07-27 14:15:00;95,52
2018-07-27 14:30:00;72,64
2018-07-27 14:45:00;70,80
2018-07-27 15:00:00;69,80
2018-07-27 15:15:00;72,56
2018-07-27 15:30:00;63,28
2018-07-27 15:45:00;61,84
2018-07-27 16:00:00;61,52
2018-07-27 16:15:00;61,72
2018-07-27 16:30:00;67,48
2018-07-27 16:45:00;64,88
2018-07-27 17:00:00;62,96
2018-07-27 17:15:00;63,56
2018-07-27 17:30:00;63,40
2018-07-27 17:45:00;63,24
2018-07-27 18:00:00;68,36
2018-07-27 18:15:00;71,12
2018-07-27 18:30:00;70,96
2018-07-27 18:45:00;70,88
2018-07-27 19:00:00;72,00
2018-07-27 19:15:00;66,60
2018-07-27 19:30:00;61,28
2018-07-27 19:45:00;62,04
2018-07-27 20:00:00;57,44
2018-07-27 20:15:00;47,60
2018-07-27 20:30:00;46,04
2018-07-27 20:45:00;47,56
2018-07-27 21:00:00;47,20
2018-07-27 21:15:00;46,68
2018-07-27 21:30:00;47,24
2018-07-27 21:45:00;44,92
2018-07-27 22:00:00;45,28
2018-07-27 22:15:00;44,64
2018-07-27 22:30:00;44,96
2018-07-27 22:45:00;44,88
2018-07-27 23:00:00;45,00
2018-07-27 23:15:00;42,28
2018-07-27 23:30:00;45,36
2018-07-27 23:45:00;44,88
2018-07-28 00:00:00;43,96
2018-07-28 00:15:00;45,32
2018-07-28 00:30:00;43,96
2018-07-28 00:45:00;44,36
2018-07-28 01:00:00;44,12
2018-07-28 01:15:00;44,44
2018-07-28 01:30:00;43,88
2018-07-28 01:45:00;43,04
2018-07-28 02:00:00;44,28
2018-07-28 02:15:00;42,36
2018-07-28 02:30:00;44,92
2018-07-28 02:45:00;42,80
2018-07-28 03:00:00;44,12
2018-07-28 03:15:00;42,68
2018-07-28 03:30:00;44,08
2018-07-28 03:45:00;43,00
2018-07-28 04:00:00;41,24
2018-07-28 04:15:00;42,48
2018-07-28 04:30:00;43,28
2018-07-28 04:45:00;41,80
2018-07-28 05:00:00;40,52
2018-07-28 05:15:00;41,88
2018-07-28 05:30:00;43,20
2018-07-28 05:45:00;41,08
2018-07-28 06:00:00;41,68
2018-07-28 06:15:00;37,00
2018-07-28 06:30:00;40,40
2018-07-28 06:45:00;37,12
2018-07-28 07:00:00;36,84
2018-07-28 07:15:00;36,24
2018-07-28 07:30:00;38,60
2018-07-28 07:45:00;38,40
2018-07-28 08:00:00;40,16
2018-07-28 08:15:00;39,52
2018-07-28 08:30:00;40,72
2018-07-28 08:45:00;41,12
2018-07-28 09:00:00;40,92
2018-07-28 09:15:00;41,68
2018-07-28 09:30:00;39,68
2018-07-28 09:45:00;42,32
2018-07-28 10:00:00;41,24
2018-07-28 10:15:00;41,76
2018-07-28 10:30:00;41,92
2018-07-28 10:45:00;43,08
2018-07-28 11:00:00;43,88
2018-07-28 11:15:00;40,96
2018-07-28 11:30:00;41,16
2018-07-28 11:45:00;41,56
2018-07-28 12:00:00;41,00
2018-07-28 12:15:00;40,24
2018-07-28 12:30:00;44,80
2018-07-28 12:45:00;47,16
2018-07-28 13:00:00;49,48
2018-07-28 13:15:00;49,20
2018-07-28 13:30:00;48,48
2018-07-28 13:45:00;49,32
2018-07-28 14:00:00;46,68
2018-07-28 14:15:00;48,32
2018-07-28 14:30:00;49,68
2018-07-28 14:45:00;46,80
2018-07-28 15:00:00;47,64
2018-07-28 15:15:00;49,40
2018-07-28 15:30:00;50,72
2018-07-28 15:45:00;49,44
2018-07-28 16:00:00;50,00
2018-07-28 16:15:00;50,72
2018-07-28 16:30:00;50,60
2018-07-28 16:45:00;49,24
2018-07-28 17:00:00;56,64
2018-07-28 17:15:00;58,48
2018-07-28 17:30:00;77,24
2018-07-28 17:45:00;65,44
2018-07-28 18:00:00;61,64
2018-07-28 18:15:00;69,04
2018-07-28 18:30:00;65,00
2018-07-28 18:45:00;63,24
2018-07-28 19:00:00;67,72
2018-07-28 19:15:00;61,96
2018-07-28 19:30:00;64,52
2018-07-28 19:45:00;67,00
2018-07-28 20:00:00;50,60
2018-07-28 20:15:00;46,68
2018-07-28 20:30:00;47,36
2018-07-28 20:45:00;48,40
2018-07-28 21:00:00;44,64
2018-07-28 21:15:00;45,16
2018-07-28 21:30:00;46,32
2018-07-28 21:45:00;45,88
2018-07-28 22:00:00;43,40
2018-07-28 22:15:00;44,40
2018-07-28 22:30:00;44,04
2018-07-28 22:45:00;43,88
2018-07-28 23:00:00;41,80
2018-07-28 23:15:00;43,48
2018-07-28 23:30:00;42,84
2018-07-28 23:45:00;43,40
2018-07-29 00:00:00;45,24
2018-07-29 00:15:00;43,68
2018-07-29 00:30:00;44,04
2018-07-29 00:45:00;44,32
2018-07-29 01:00:00;45,40
2018-07-29 01:15:00;42,96
2018-07-29 01:30:00;44,64
2018-07-29 01:45:00;44,16
2018-07-29 02:00:00;43,40
2018-07-29 02:15:00;44,76
2018-07-29 02:30:00;43,00
2018-07-29 02:45:00;44,48
2018-07-29 03:00:00;41,60
2018-07-29 03:15:00;43,80
2018-07-29 03:30:00;41,64
2018-07-29 03:45:00;41,48
2018-07-29 04:00:00;38,76
2018-07-29 04:15:00;42,12
2018-07-29 04:30:00;37,28
2018-07-29 04:45:00;37,68
2018-07-29 05:00:00;37,36
2018-07-29 05:15:00;39,24
2018-07-29 05:30:00;37,36
2018-07-29 05:45:00;37,16
2018-07-29 06:00:00;37,96
2018-07-29 06:15:00;37,80
2018-07-29 06:30:00;36,16
2018-07-29 06:45:00;38,16
2018-07-29 07:00:00;37,12
2018-07-29 07:15:00;37,92
2018-07-29 07:30:00;36,80
2018-07-29 07:45:00;38,36
2018-07-29 08:00:00;37,04
2018-07-29 08:15:00;37,84
2018-07-29 08:30:00;38,12
2018-07-29 08:45:00;39,64
2018-07-29 09:00:00;38,48
2018-07-29 09:15:00;39,84
2018-07-29 09:30:00;38,76
2018-07-29 09:45:00;40,32
2018-07-29 10:00:00;42,88
2018-07-29 10:15:00;43,40
2018-07-29 10:30:00;43,76
2018-07-29 10:45:00;44,72
2018-07-29 11:00:00;40,48
2018-07-29 11:15:00;46,20
2018-07-29 11:30:00;49,08
2018-07-29 11:45:00;57,76
2018-07-29 12:00:00;52,40
2018-07-29 12:15:00;53,48
2018-07-29 12:30:00;48,20
2018-07-29 12:45:00;55,12
2018-07-29 13:00:00;54,28
2018-07-29 13:15:00;51,92
2018-07-29 13:30:00;52,08
2018-07-29 13:45:00;53,60
2018-07-29 14:00:00;48,28
2018-07-29 14:15:00;46,72
2018-07-29 14:30:00;46,24
2018-07-29 14:45:00;46,64
2018-07-29 15:00:00;49,80
2018-07-29 15:15:00;50,40
2018-07-29 15:30:00;49,92
2018-07-29 15:45:00;51,60
2018-07-29 16:00:00;50,72
2018-07-29 16:15:00;57,08
2018-07-29 16:30:00;50,72
2018-07-29 16:45:00;52,08
2018-07-29 17:00:00;46,48
2018-07-29 17:15:00;41,20
2018-07-29 17:30:00;39,44
2018-07-29 17:45:00;39,32
2018-07-29 18:00:00;40,92
2018-07-29 18:15:00;40,92
2018-07-29 18:30:00;48,48
2018-07-29 18:45:00;45,52
2018-07-29 19:00:00;46,60
2018-07-29 19:15:00;48,56
2018-07-29 19:30:00;45,88
2018-07-29 19:45:00;40,28
2018-07-29 20:00:00;48,36
2018-07-29 20:15:00;44,08
2018-07-29 20:30:00;35,08
2018-07-29 20:45:00;35,16
2018-07-29 21:00:00;35,80
2018-07-29 21:15:00;34,76
2018-07-29 21:30:00;35,32
2018-07-29 21:45:00;32,80
2018-07-29 22:00:00;33,32
2018-07-29 22:15:00;33,44
2018-07-29 22:30:00;32,60
2018-07-29 22:45:00;33,48
2018-07-29 23:00:00;32,80
2018-07-29 23:15:00;32,88
2018-07-29 23:30:00;32,56
2018-07-29 23:45:00;30,48
2018-07-30 00:00:00;32,28
2018-07-30 00:15:00;32,16
2018-07-30 00:30:00;31,08
2018-07-30 00:45:00;30,92
2018-07-30 01:00:00;29,20
2018-07-30 01:15:00;30,08
2018-07-30 01:30:00;30,00
2018-07-30 01:45:00;30,32
2018-07-30 02:00:00;28,80
2018-07-30 02:15:00;29,88
2018-07-30 02:30:00;28,72
2018-07-30 02:45:00;29,64
2018-07-30 03:00:00;28,64
2018-07-30 03:15:00;28,32
2018-07-30 03:30:00;28,28
2018-07-30 03:45:00;28,32
2018-07-30 04:00:00;28,08
2018-07-30 04:15:00;26,52
2018-07-30 04:30:00;28,48
2018-07-30 04:45:00;27,68
2018-07-30 05:00:00;25,60
2018-07-30 05:15:00;26,48
2018-07-30 05:30:00;29,48
2018-07-30 05:45:00;28,96
2018-07-30 06:00:00;30,28
2018-07-30 06:15:00;60,12
2018-07-30 06:30:00;85,76
2018-07-30 06:45:00;97,68
2018-07-30 07:00:00;103,08
2018-07-30 07:15:00;115,84
2018-07-30 07:30:00;121,56
2018-07-30 07:45:00;131,72
2018-07-30 08:00:00;123,92
2018-07-30 08:15:00;105,04
2018-07-30 08:30:00;108,40
2018-07-30 08:45:00;131,72
2018-07-30 09:00:00;141,56
2018-07-30 09:15:00;128,60
2018-07-30 09:30:00;125,12
2018-07-30 09:45:00;132,64
2018-07-30 10:00:00;140,60
2018-07-30 10:15:00;140,04
2018-07-30 10:30:00;137,76
2018-07-30 10:45:00;135,16
2018-07-30 11:00:00;132,80
2018-07-30 11:15:00;110,00
2018-07-30 11:30:00;104,64
2018-07-30 11:45:00;115,48
2018-07-30 12:00:00;139,36
2018-07-30 12:15:00;147,44
2018-07-30 12:30:00;143,04
2018-07-30 12:45:00;140,56
2018-07-30 13:00:00;131,76
2018-07-30 13:15:00;135,80
2018-07-30 13:30:00;130,12
2018-07-30 13:45:00;126,56
2018-07-30 14:00:00;121,60
2018-07-30 14:15:00;125,20
2018-07-30 14:30:00;124,48
2018-07-30 14:45:00;126,12
2018-07-30 15:00:00;144,04
2018-07-30 15:15:00;139,76
2018-07-30 15:30:00;131,12
2018-07-30 15:45:00;103,84
2018-07-30 16:00:00;98,32
2018-07-30 16:15:00;91,08
2018-07-30 16:30:00;85,16
2018-07-30 16:45:00;80,60
2018-07-30 17:00:00;77,48
2018-07-30 17:15:00;68,16
2018-07-30 17:30:00;69,44
2018-07-30 17:45:00;62,32
2018-07-30 18:00:00;65,16
2018-07-30 18:15:00;64,56
2018-07-30 18:30:00;64,08
2018-07-30 18:45:00;63,64
2018-07-30 19:00:00;61,12
2018-07-30 19:15:00;54,60
2018-07-30 19:30:00;55,96
2018-07-30 19:45:00;69,84
2018-07-30 20:00:00;75,48
2018-07-30 20:15:00;73,52
2018-07-30 20:30:00;75,28
2018-07-30 20:45:00;69,52
2018-07-30 21:00:00;50,20
2018-07-30 21:15:00;50,60
2018-07-30 21:30:00;53,56
2018-07-30 21:45:00;53,44
2018-07-30 22:00:00;54,40
2018-07-30 22:15:00;55,80
2018-07-30 22:30:00;55,24
2018-07-30 22:45:00;51,68
2018-07-30 23:00:00;48,88
2018-07-30 23:15:00;47,16
2018-07-30 23:30:00;47,96
2018-07-30 23:45:00;47,36
2018-07-31 00:00:00;48,64
2018-07-31 00:15:00;46,96
2018-07-31 00:30:00;45,76
2018-07-31 00:45:00;46,32
2018-07-31 01:00:00;46,12
2018-07-31 01:15:00;46,08
2018-07-31 01:30:00;43,44
2018-07-31 01:45:00;44,28
2018-07-31 02:00:00;44,04
2018-07-31 02:15:00;43,92
2018-07-31 02:30:00;42,60
2018-07-31 02:45:00;45,08
2018-07-31 03:00:00;43,92
2018-07-31 03:15:00;42,72
2018-07-31 03:30:00;43,88
2018-07-31 03:45:00;44,76
2018-07-31 04:00:00;41,92
2018-07-31 04:15:00;43,04
2018-07-31 04:30:00;42,04
2018-07-31 04:45:00;42,44
2018-07-31 05:00:00;42,64
2018-07-31 05:15:00;42,56
2018-07-31 05:30:00;40,00
2018-07-31 05:45:00;43,92
2018-07-31 06:00:00;54,52
2018-07-31 06:15:00;100,44
2018-07-31 06:30:00;130,28
2018-07-31 06:45:00;136,68
2018-07-31 07:00:00;129,96
2018-07-31 07:15:00;128,40
2018-07-31 07:30:00;127,08
2018-07-31 07:45:00;125,08
2018-07-31 08:00:00;122,40
2018-07-31 08:15:00;112,00
2018-07-31 08:30:00;128,64
2018-07-31 08:45:00;128,04
2018-07-31 09:00:00;122,84
2018-07-31 09:15:00;134,24
2018-07-31 09:30:00;142,64
2018-07-31 09:45:00;134,36
2018-07-31 10:00:00;115,40
2018-07-31 10:15:00;124,76
2018-07-31 10:30:00;145,04
2018-07-31 10:45:00;138,56
2018-07-31 11:00:00;121,76
2018-07-31 11:15:00;106,04
2018-07-31 11:30:00;102,04
2018-07-31 11:45:00;103,64
2018-07-31 12:00:00;108,52
2018-07-31 12:15:00;119,16
2018-07-31 12:30:00;138,56
2018-07-31 12:45:00;137,52
2018-07-31 13:00:00;134,88
2018-07-31 13:15:00;140,80
2018-07-31 13:30:00;129,64
2018-07-31 13:45:00;135,20
2018-07-31 14:00:00;131,64
2018-07-31 14:15:00;129,12
2018-07-31 14:30:00;125,88
2018-07-31 14:45:00;120,00
2018-07-31 15:00:00;140,52
2018-07-31 15:15:00;147,28
2018-07-31 15:30:00;132,52
2018-07-31 15:45:00;104,72
2018-07-31 16:00:00;90,88
2018-07-31 16:15:00;72,88
2018-07-31 16:30:00;68,88
2018-07-31 16:45:00;66,80
2018-07-31 17:00:00;65,52
2018-07-31 17:15:00;64,12
2018-07-31 17:30:00;55,04
2018-07-31 17:45:00;52,60
2018-07-31 18:00:00;53,88
2018-07-31 18:15:00;55,04
2018-07-31 18:30:00;54,60
2018-07-31 18:45:00;54,48
2018-07-31 19:00:00;54,08
2018-07-31 19:15:00;52,40
2018-07-31 19:30:00;53,56
2018-07-31 19:45:00;53,04
2018-07-31 20:00:00;52,64
2018-07-31 20:15:00;52,32
2018-07-31 20:30:00;50,56
2018-07-31 20:45:00;51,12
2018-07-31 21:00:00;49,04
2018-07-31 21:15:00;48,92
2018-07-31 21:30:00;47,76
2018-07-31 21:45:00;48,20
2018-07-31 22:00:00;47,72
2018-07-31 22:15:00;48,36
2018-07-31 22:30:00;46,04
2018-07-31 22:45:00;47,36
2018-07-31 23:00:00;45,52
2018-07-31 23:15:00;47,48
2018-07-31 23:30:00;44,96
2018-07-31 23:45:00;48,76
2018-08-01 00:00:00;44,36
2018-08-01 00:15:00;48,40
2018-08-01 00:30:00;47,36
2018-08-01 00:45:00;47,88
2018-08-01 01:00:00;47,04
2018-08-01 01:15:00;47,04
2018-08-01 01:30:00;47,88
2018-08-01 01:45:00;47,88
2018-08-01 02:00:00;44,16
2018-08-01 02:15:00;45,88
2018-08-01 02:30:00;45,16
2018-08-01 02:45:00;44,40
2018-08-01 03:00:00;44,92
2018-08-01 03:15:00;45,36
2018-08-01 03:30:00;43,92
2018-08-01 03:45:00;42,92
2018-08-01 04:00:00;42,52
2018-08-01 04:15:00;43,72
2018-08-01 04:30:00;42,52
2018-08-01 04:45:00;42,88
2018-08-01 05:00:00;42,48
2018-08-01 05:15:00;41,72
2018-08-01 05:30:00;43,24
2018-08-01 05:45:00;48,92
2018-08-01 06:00:00;64,92
2018-08-01 06:15:00;101,52
2018-08-01 06:30:00;117,40
2018-08-01 06:45:00;125,92
2018-08-01 07:00:00;121,92
2018-08-01 07:15:00;126,96
2018-08-01 07:30:00;135,36
2018-08-01 07:45:00;126,04
2018-08-01 08:00:00;126,80
2018-08-01 08:15:00;119,00
2018-08-01 08:30:00;133,04
2018-08-01 08:45:00;142,96
2018-08-01 09:00:00;136,44
2018-08-01 09:15:00;141,04
2018-08-01 09:30:00;134,92
2018-08-01 09:45:00;139,24
2018-08-01 10:00:00;144,56
2018-08-01 10:15:00;154,48
2018-08-01 10:30:00;162,12
2018-08-01 10:45:00;151,64
2018-08-01 11:00:00;155,48
2018-08-01 11:15:00;118,52
2018-08-01 11:30:00;115,28
2018-08-01 11:45:00;128,20
2018-08-01 12:00:00;135,68
2018-08-01 12:15:00;141,56
2018-08-01 12:30:00;130,96
2018-08-01 12:45:00;146,00
2018-08-01 13:00:00;144,44
2018-08-01 13:15:00;133,44
2018-08-01 13:30:00;139,36
2018-08-01 13:45:00;131,80
2018-08-01 14:00:00;139,04
2018-08-01 14:15:00;134,36
2018-08-01 14:30:00;123,88
2018-08-01 14:45:00;129,76
2018-08-01 15:00:00;126,32
2018-08-01 15:15:00;141,32
2018-08-01 15:30:00;133,00
2018-08-01 15:45:00;109,32
2018-08-01 16:00:00;103,08
2018-08-01 16:15:00;80,88
2018-08-01 16:30:00;77,52
2018-08-01 16:45:00;75,56
2018-08-01 17:00:00;75,00
2018-08-01 17:15:00;68,68
2018-08-01 17:30:00;62,32
2018-08-01 17:45:00;62,44
2018-08-01 18:00:00;62,60
2018-08-01 18:15:00;65,08
2018-08-01 18:30:00;64,36
2018-08-01 18:45:00;60,36
2018-08-01 19:00:00;58,20
2018-08-01 19:15:00;58,84
2018-08-01 19:30:00;55,24
2018-08-01 19:45:00;56,52
2018-08-01 20:00:00;54,08
2018-08-01 20:15:00;52,32
2018-08-01 20:30:00;51,80
2018-08-01 20:45:00;52,92
2018-08-01 21:00:00;51,32
2018-08-01 21:15:00;53,24
2018-08-01 21:30:00;48,60
2018-08-01 21:45:00;52,16
2018-08-01 22:00:00;50,40
2018-08-01 22:15:00;51,40
2018-08-01 22:30:00;47,88
2018-08-01 22:45:00;48,92
2018-08-01 23:00:00;47,76
2018-08-01 23:15:00;51,36
2018-08-01 23:30:00;47,72
2018-08-01 23:45:00;49,84
2018-08-02 00:00:00;47,08
2018-08-02 00:15:00;50,92
2018-08-02 00:30:00;51,04
2018-08-02 00:45:00;47,64
2018-08-02 01:00:00;50,52
2018-08-02 01:15:00;48,64
2018-08-02 01:30:00;49,00
2018-08-02 01:45:00;49,40
2018-08-02 02:00:00;48,64
2018-08-02 02:15:00;45,92
2018-08-02 02:30:00;46,52
2018-08-02 02:45:00;46,12
2018-08-02 03:00:00;46,00
2018-08-02 03:15:00;43,20
2018-08-02 03:30:00;40,12
2018-08-02 03:45:00;35,88
2018-08-02 04:00:00;36,48
2018-08-02 04:15:00;35,84
2018-08-02 04:30:00;32,00
2018-08-02 04:45:00;32,44
2018-08-02 05:00:00;31,64
2018-08-02 05:15:00;33,44
2018-08-02 05:30:00;33,40
2018-08-02 05:45:00;31,56
2018-08-02 06:00:00;36,80
2018-08-02 06:15:00;80,44
2018-08-02 06:30:00;105,92
2018-08-02 06:45:00;115,12
2018-08-02 07:00:00;115,80
2018-08-02 07:15:00;122,28
2018-08-02 07:30:00;140,24
2018-08-02 07:45:00;149,92
2018-08-02 08:00:00;156,44
2018-08-02 08:15:00;115,84
2018-08-02 08:30:00;133,72
2018-08-02 08:45:00;150,72
2018-08-02 09:00:00;154,36
2018-08-02 09:15:00;148,68
2018-08-02 09:30:00;144,88
2018-08-02 09:45:00;147,84
2018-08-02 10:00:00;145,04
2018-08-02 10:15:00;149,60
2018-08-02 10:30:00;139,00
2018-08-02 10:45:00;136,80
2018-08-02 11:00:00;121,96
2018-08-02 11:15:00;103,20
2018-08-02 11:30:00;100,92
2018-08-02 11:45:00;110,28
2018-08-02 12:00:00;130,28
2018-08-02 12:15:00;140,28
2018-08-02 12:30:00;138,48
2018-08-02 12:45:00;133,64
2018-08-02 13:00:00;130,48
2018-08-02 13:15:00;136,00
2018-08-02 13:30:00;142,56
2018-08-02 13:45:00;145,04
2018-08-02 14:00:00;124,72
2018-08-02 14:15:00;122,96
2018-08-02 14:30:00;133,20
2018-08-02 14:45:00;129,00
2018-08-02 15:00:00;130,16
2018-08-02 15:15:00;131,88
2018-08-02 15:30:00;121,28
2018-08-02 15:45:00;112,20
2018-08-02 16:00:00;100,44
2018-08-02 16:15:00;87,28
2018-08-02 16:30:00;75,84
2018-08-02 16:45:00;68,16
2018-08-02 17:00:00;69,48
2018-08-02 17:15:00;64,12
2018-08-02 17:30:00;60,68
2018-08-02 17:45:00;56,88
2018-08-02 18:00:00;60,52
2018-08-02 18:15:00;59,68
2018-08-02 18:30:00;56,60
2018-08-02 18:45:00;63,48
2018-08-02 19:00:00;57,36
2018-08-02 19:15:00;55,24
2018-08-02 19:30:00;61,96
2018-08-02 19:45:00;61,12
2018-08-02 20:00:00;58,44
2018-08-02 20:15:00;57,64
2018-08-02 20:30:00;54,52
2018-08-02 20:45:00;55,96
2018-08-02 21:00:00;53,60
2018-08-02 21:15:00;53,52
2018-08-02 21:30:00;49,52
2018-08-02 21:45:00;53,00
2018-08-02 22:00:00;53,00
2018-08-02 22:15:00;49,60
2018-08-02 22:30:00;49,88
2018-08-02 22:45:00;51,12
2018-08-02 23:00:00;48,60
2018-08-02 23:15:00;51,84
2018-08-02 23:30:00;44,36
2018-08-02 23:45:00;40,88
2018-08-03 00:00:00;44,76
2018-08-03 00:15:00;40,96
2018-08-03 00:30:00;39,84
2018-08-03 00:45:00;42,32
2018-08-03 01:00:00;38,04
2018-08-03 01:15:00;41,00
2018-08-03 01:30:00;40,80
2018-08-03 01:45:00;40,00
2018-08-03 02:00:00;39,36
2018-08-03 02:15:00;42,16
2018-08-03 02:30:00;38,92
2018-08-03 02:45:00;39,92
2018-08-03 03:00:00;40,16
2018-08-03 03:15:00;40,04
2018-08-03 03:30:00;39,08
2018-08-03 03:45:00;39,92
2018-08-03 04:00:00;38,76
2018-08-03 04:15:00;39,60
2018-08-03 04:30:00;39,96
2018-08-03 04:45:00;37,04
2018-08-03 05:00:00;37,88
2018-08-03 05:15:00;38,48
2018-08-03 05:30:00;39,72
2018-08-03 05:45:00;39,88
2018-08-03 06:00:00;46,48
2018-08-03 06:15:00;80,60
2018-08-03 06:30:00;106,32
2018-08-03 06:45:00;117,92
2018-08-03 07:00:00;125,52
2018-08-03 07:15:00;128,80
2018-08-03 07:30:00;122,12
2018-08-03 07:45:00;119,80
2018-08-03 08:00:00;126,60
2018-08-03 08:15:00;106,16
2018-08-03 08:30:00;120,04
2018-08-03 08:45:00;135,32
2018-08-03 09:00:00;137,24
2018-08-03 09:15:00;143,92
2018-08-03 09:30:00;142,56
2018-08-03 09:45:00;130,60
2018-08-03 10:00:00;127,48
2018-08-03 10:15:00;139,00
2018-08-03 10:30:00;141,96
2018-08-03 10:45:00;138,16
2018-08-03 11:00:00;144,08
2018-08-03 11:15:00;110,36
2018-08-03 11:30:00;95,32
2018-08-03 11:45:00;107,20
2018-08-03 12:00:00;114,36
2018-08-03 12:15:00;126,36
2018-08-03 12:30:00;119,12
2018-08-03 12:45:00;118,52
2018-08-03 13:00:00;117,08
2018-08-03 13:15:00;112,20
2018-08-03 13:30:00;114,92
2018-08-03 13:45:00;94,80
2018-08-03 14:00:00;80,96
2018-08-03 14:15:00;83,24
2018-08-03 14:30:00;74,84
2018-08-03 14:45:00;64,32
2018-08-03 15:00:00;64,76
2018-08-03 15:15:00;59,92
2018-08-03 15:30:00;60,76
2018-08-03 15:45:00;59,96
2018-08-03 16:00:00;55,68
2018-08-03 16:15:00;58,20
2018-08-03 16:30:00;58,80
2018-08-03 16:45:00;57,80
2018-08-03 17:00:00;56,28
2018-08-03 17:15:00;54,68
2018-08-03 17:30:00;43,20
2018-08-03 17:45:00;43,88
2018-08-03 18:00:00;38,84
2018-08-03 18:15:00;40,64
2018-08-03 18:30:00;35,36
2018-08-03 18:45:00;35,64
2018-08-03 19:00:00;35,16
2018-08-03 19:15:00;34,60
2018-08-03 19:30:00;35,56
2018-08-03 19:45:00;34,64
2018-08-03 20:00:00;33,88
2018-08-03 20:15:00;32,16
2018-08-03 20:30:00;33,16
2018-08-03 20:45:00;32,72
2018-08-03 21:00:00;31,28
2018-08-03 21:15:00;32,88
2018-08-03 21:30:00;38,00
2018-08-03 21:45:00;37,40
2018-08-03 22:00:00;37,56
2018-08-03 22:15:00;34,40
2018-08-03 22:30:00;33,48
2018-08-03 22:45:00;36,08
2018-08-03 23:00:00;34,32
2018-08-03 23:15:00;33,24
2018-08-03 23:30:00;34,40
2018-08-03 23:45:00;33,76
2018-08-04 00:00:00;33,76
2018-08-04 00:15:00;33,88
2018-08-04 00:30:00;33,36
2018-08-04 00:45:00;35,96
2018-08-04 01:00:00;35,64
2018-08-04 01:15:00;33,44
2018-08-04 01:30:00;35,52
2018-08-04 01:45:00;34,60
2018-08-04 02:00:00;34,88
2018-08-04 02:15:00;35,52
2018-08-04 02:30:00;33,52
2018-08-04 02:45:00;34,00
2018-08-04 03:00:00;34,96
2018-08-04 03:15:00;34,64
2018-08-04 03:30:00;34,00
2018-08-04 03:45:00;34,28
2018-08-04 04:00:00;37,04
2018-08-04 04:15:00;34,00
2018-08-04 04:30:00;33,40
2018-08-04 04:45:00;32,84
2018-08-04 05:00:00;32,68
2018-08-04 05:15:00;34,16
2018-08-04 05:30:00;32,64
2018-08-04 05:45:00;31,56
2018-08-04 06:00:00;34,64
2018-08-04 06:15:00;33,84
2018-08-04 06:30:00;34,68
2018-08-04 06:45:00;36,24
2018-08-04 07:00:00;33,72
2018-08-04 07:15:00;35,92
2018-08-04 07:30:00;35,28
2018-08-04 07:45:00;34,84
2018-08-04 08:00:00;35,04
2018-08-04 08:15:00;35,88
2018-08-04 08:30:00;34,76
2018-08-04 08:45:00;35,96
2018-08-04 09:00:00;34,72
2018-08-04 09:15:00;35,40
2018-08-04 09:30:00;35,96
2018-08-04 09:45:00;35,16
2018-08-04 10:00:00;35,72
2018-08-04 10:15:00;36,76
2018-08-04 10:30:00;35,08
2018-08-04 10:45:00;35,68
2018-08-04 11:00:00;36,92
2018-08-04 11:15:00;35,12
2018-08-04 11:30:00;36,56
2018-08-04 11:45:00;35,84
2018-08-04 12:00:00;34,32
2018-08-04 12:15:00;34,64
2018-08-04 12:30:00;34,44
2018-08-04 12:45:00;33,32
2018-08-04 13:00:00;31,20
2018-08-04 13:15:00;30,88
2018-08-04 13:30:00;29,40
2018-08-04 13:45:00;30,56
2018-08-04 14:00:00;29,40
2018-08-04 14:15:00;28,96
2018-08-04 14:30:00;31,00
2018-08-04 14:45:00;29,80
2018-08-04 15:00:00;38,44
2018-08-04 15:15:00;44,40
2018-08-04 15:30:00;41,76
2018-08-04 15:45:00;41,04
2018-08-04 16:00:00;37,52
2018-08-04 16:15:00;37,40
2018-08-04 16:30:00;37,48
2018-08-04 16:45:00;38,12
2018-08-04 17:00:00;43,32
2018-08-04 17:15:00;44,28
2018-08-04 17:30:00;39,80
2018-08-04 17:45:00;39,92
2018-08-04 18:00:00;38,80
2018-08-04 18:15:00;39,92
2018-08-04 18:30:00;36,04
2018-08-04 18:45:00;37,16
2018-08-04 19:00:00;34,56
2018-08-04 19:15:00;33,48
2018-08-04 19:30:00;30,12
2018-08-04 19:45:00;31,84
2018-08-04 20:00:00;29,64
2018-08-04 20:15:00;30,44
2018-08-04 20:30:00;28,84
2018-08-04 20:45:00;29,72
2018-08-04 21:00:00;27,84
2018-08-04 21:15:00;29,84
2018-08-04 21:30:00;28,68
2018-08-04 21:45:00;28,76
2018-08-04 22:00:00;28,32
2018-08-04 22:15:00;29,16
2018-08-04 22:30:00;28,48
2018-08-04 22:45:00;28,28
2018-08-04 23:00:00;27,96
2018-08-04 23:15:00;27,20
2018-08-04 23:30:00;26,80
2018-08-04 23:45:00;25,76
2018-08-05 00:00:00;27,52
2018-08-05 00:15:00;26,16
2018-08-05 00:30:00;28,00
2018-08-05 00:45:00;27,00
2018-08-05 01:00:00;29,28
2018-08-05 01:15:00;27,28
2018-08-05 01:30:00;27,44
2018-08-05 01:45:00;28,44
2018-08-05 02:00:00;27,80
2018-08-05 02:15:00;28,00
2018-08-05 02:30:00;27,00
2018-08-05 02:45:00;29,28
2018-08-05 03:00:00;26,68
2018-08-05 03:15:00;27,12
2018-08-05 03:30:00;28,12
2018-08-05 03:45:00;27,80
2018-08-05 04:00:00;27,72
2018-08-05 04:15:00;26,92
2018-08-05 04:30:00;27,52
2018-08-05 04:45:00;26,40
2018-08-05 05:00:00;24,64
2018-08-05 05:15:00;27,68
2018-08-05 05:30:00;25,44
2018-08-05 05:45:00;24,52
2018-08-05 06:00:00;25,76
2018-08-05 06:15:00;24,52
2018-08-05 06:30:00;25,84
2018-08-05 06:45:00;25,20
2018-08-05 07:00:00;26,92
2018-08-05 07:15:00;24,88
2018-08-05 07:30:00;25,00
2018-08-05 07:45:00;26,64
2018-08-05 08:00:00;25,48
2018-08-05 08:15:00;27,36
2018-08-05 08:30:00;26,28
2018-08-05 08:45:00;27,96
2018-08-05 09:00:00;26,68
2018-08-05 09:15:00;27,16
2018-08-05 09:30:00;27,48
2018-08-05 09:45:00;27,12
2018-08-05 10:00:00;28,40
2018-08-05 10:15:00;26,96
2018-08-05 10:30:00;31,08
2018-08-05 10:45:00;32,24
2018-08-05 11:00:00;32,36
2018-08-05 11:15:00;30,92
2018-08-05 11:30:00;33,56
2018-08-05 11:45:00;31,36
2018-08-05 12:00:00;33,08
2018-08-05 12:15:00;36,80
2018-08-05 12:30:00;36,52
2018-08-05 12:45:00;31,76
2018-08-05 13:00:00;36,92
2018-08-05 13:15:00;42,40
2018-08-05 13:30:00;43,36
2018-08-05 13:45:00;46,80
2018-08-05 14:00:00;45,08
2018-08-05 14:15:00;42,52
2018-08-05 14:30:00;37,72
2018-08-05 14:45:00;39,24
2018-08-05 15:00:00;41,32
2018-08-05 15:15:00;42,60
2018-08-05 15:30:00;37,08
2018-08-05 15:45:00;36,76
2018-08-05 16:00:00;35,80
2018-08-05 16:15:00;35,04
2018-08-05 16:30:00;34,80
2018-08-05 16:45:00;36,08
2018-08-05 17:00:00;33,44
2018-08-05 17:15:00;35,76
2018-08-05 17:30:00;34,60
2018-08-05 17:45:00;31,96
2018-08-05 18:00:00;34,04
2018-08-05 18:15:00;35,36
2018-08-05 18:30:00;34,04
2018-08-05 18:45:00;32,88
2018-08-05 19:00:00;33,56
2018-08-05 19:15:00;32,68
2018-08-05 19:30:00;32,96
2018-08-05 19:45:00;30,32
2018-08-05 20:00:00;32,20
2018-08-05 20:15:00;31,28
2018-08-05 20:30:00;31,04
2018-08-05 20:45:00;31,40
2018-08-05 21:00:00;30,80
2018-08-05 21:15:00;30,76
2018-08-05 21:30:00;29,56
2018-08-05 21:45:00;29,76
2018-08-05 22:00:00;28,92
2018-08-05 22:15:00;29,76
2018-08-05 22:30:00;27,72
2018-08-05 22:45:00;29,32
2018-08-05 23:00:00;28,36
2018-08-05 23:15:00;28,96
2018-08-05 23:30:00;28,48
2018-08-05 23:45:00;28,80
2018-08-06 00:00:00;28,44
2018-08-06 00:15:00;28,84
2018-08-06 00:30:00;28,04
2018-08-06 00:45:00;28,36
2018-08-06 01:00:00;28,76
2018-08-06 01:15:00;28,48
2018-08-06 01:30:00;29,96
2018-08-06 01:45:00;29,04
2018-08-06 02:00:00;29,96
2018-08-06 02:15:00;28,92
2018-08-06 02:30:00;30,24
2018-08-06 02:45:00;28,68
2018-08-06 03:00:00;28,12
2018-08-06 03:15:00;30,12
2018-08-06 03:30:00;28,92
2018-08-06 03:45:00;29,52
2018-08-06 04:00:00;28,44
2018-08-06 04:15:00;29,80
2018-08-06 04:30:00;28,24
2018-08-06 04:45:00;27,52
2018-08-06 05:00:00;28,36
2018-08-06 05:15:00;27,00
2018-08-06 05:30:00;29,40
2018-08-06 05:45:00;33,64
2018-08-06 06:00:00;40,40
2018-08-06 06:15:00;61,96
2018-08-06 06:30:00;86,88
2018-08-06 06:45:00;101,60
2018-08-06 07:00:00;109,12
2018-08-06 07:15:00;109,44
2018-08-06 07:30:00;111,20
2018-08-06 07:45:00;105,56
2018-08-06 08:00:00;112,48
2018-08-06 08:15:00;101,32
2018-08-06 08:30:00;113,60
2018-08-06 08:45:00;121,48
2018-08-06 09:00:00;126,92
2018-08-06 09:15:00;123,96
2018-08-06 09:30:00;116,52
2018-08-06 09:45:00;132,88
2018-08-06 10:00:00;123,88
2018-08-06 10:15:00;127,96
2018-08-06 10:30:00;130,60
2018-08-06 10:45:00;124,24
2018-08-06 11:00:00;125,20
2018-08-06 11:15:00;110,76
2018-08-06 11:30:00;102,08
2018-08-06 11:45:00;125,56
2018-08-06 12:00:00;127,64
2018-08-06 12:15:00;126,92
2018-08-06 12:30:00;141,44
2018-08-06 12:45:00;132,88
2018-08-06 13:00:00;138,08
2018-08-06 13:15:00;131,00
2018-08-06 13:30:00;128,44
2018-08-06 13:45:00;127,96
2018-08-06 14:00:00;126,12
2018-08-06 14:15:00;131,00
2018-08-06 14:30:00;122,68
2018-08-06 14:45:00;127,16
2018-08-06 15:00:00;134,28
2018-08-06 15:15:00;136,88
2018-08-06 15:30:00;136,92
2018-08-06 15:45:00;122,08
2018-08-06 16:00:00;110,44
2018-08-06 16:15:00;92,76
2018-08-06 16:30:00;77,92
2018-08-06 16:45:00;65,84
2018-08-06 17:00:00;54,96
2018-08-06 17:15:00;54,24
2018-08-06 17:30:00;50,04
2018-08-06 17:45:00;46,52
2018-08-06 18:00:00;46,72
2018-08-06 18:15:00;46,08
2018-08-06 18:30:00;46,56
2018-08-06 18:45:00;46,60
2018-08-06 19:00:00;50,72
2018-08-06 19:15:00;47,08
2018-08-06 19:30:00;45,32
2018-08-06 19:45:00;47,68
2018-08-06 20:00:00;47,08
2018-08-06 20:15:00;46,52
2018-08-06 20:30:00;46,04
2018-08-06 20:45:00;46,80
2018-08-06 21:00:00;43,84
2018-08-06 21:15:00;46,88
2018-08-06 21:30:00;44,64
2018-08-06 21:45:00;46,56
2018-08-06 22:00:00;43,48
2018-08-06 22:15:00;44,76
2018-08-06 22:30:00;44,16
2018-08-06 22:45:00;43,56
2018-08-06 23:00:00;41,80
2018-08-06 23:15:00;41,68
2018-08-06 23:30:00;41,48
2018-08-06 23:45:00;41,00
2018-08-07 00:00:00;40,24
2018-08-07 00:15:00;38,28
2018-08-07 00:30:00;38,52
2018-08-07 00:45:00;39,16
2018-08-07 01:00:00;37,44
2018-08-07 01:15:00;36,96
2018-08-07 01:30:00;36,92
2018-08-07 01:45:00;37,32
2018-08-07 02:00:00;38,40
2018-08-07 02:15:00;37,84
2018-08-07 02:30:00;37,96
2018-08-07 02:45:00;36,88
2018-08-07 03:00:00;39,00
2018-08-07 03:15:00;37,40
2018-08-07 03:30:00;37,48
2018-08-07 03:45:00;35,60
2018-08-07 04:00:00;34,96
2018-08-07 04:15:00;34,28
2018-08-07 04:30:00;34,72
2018-08-07 04:45:00;34,12
2018-08-07 05:00:00;34,16
2018-08-07 05:15:00;35,00
2018-08-07 05:30:00;35,64
2018-08-07 05:45:00;34,24
2018-08-07 06:00:00;40,20
2018-08-07 06:15:00;69,00
2018-08-07 06:30:00;90,52
2018-08-07 06:45:00;93,40
2018-08-07 07:00:00;96,48
2018-08-07 07:15:00;103,36
2018-08-07 07:30:00;122,36
2018-08-07 07:45:00;122,00
2018-08-07 08:00:00;124,16
2018-08-07 08:15:00;115,40
2018-08-07 08:30:00;116,40
2018-08-07 08:45:00;116,72
2018-08-07 09:00:00;128,36
2018-08-07 09:15:00;130,84
2018-08-07 09:30:00;134,04
2018-08-07 09:45:00;143,80
2018-08-07 10:00:00;143,56
2018-08-07 10:15:00;132,64
2018-08-07 10:30:00;131,28
2018-08-07 10:45:00;122,84
2018-08-07 11:00:00;125,48
2018-08-07 11:15:00;117,48
2018-08-07 11:30:00;106,60
2018-08-07 11:45:00;108,00
2018-08-07 12:00:00;123,20
2018-08-07 12:15:00;127,16
2018-08-07 12:30:00;129,92
2018-08-07 12:45:00;121,96
2018-08-07 13:00:00;114,64
2018-08-07 13:15:00;124,08
2018-08-07 13:30:00;130,56
2018-08-07 13:45:00;135,32
2018-08-07 14:00:00;128,52
2018-08-07 14:15:00;134,60
2018-08-07 14:30:00;131,88
2018-08-07 14:45:00;135,28
2018-08-07 15:00:00;138,84
2018-08-07 15:15:00;138,40
2018-08-07 15:30:00;117,76
2018-08-07 15:45:00;87,96
2018-08-07 16:00:00;75,24
2018-08-07 16:15:00;70,56
2018-08-07 16:30:00;54,60
2018-08-07 16:45:00;48,20
2018-08-07 17:00:00;46,16
2018-08-07 17:15:00;46,64
2018-08-07 17:30:00;43,76
2018-08-07 17:45:00;44,60
2018-08-07 18:00:00;41,60
2018-08-07 18:15:00;42,92
2018-08-07 18:30:00;42,48
2018-08-07 18:45:00;42,12
2018-08-07 19:00:00;42,88
2018-08-07 19:15:00;41,48
2018-08-07 19:30:00;42,48
2018-08-07 19:45:00;39,96
2018-08-07 20:00:00;39,56
2018-08-07 20:15:00;37,64
2018-08-07 20:30:00;41,08
2018-08-07 20:45:00;36,72
2018-08-07 21:00:00;37,48
2018-08-07 21:15:00;36,84
2018-08-07 21:30:00;36,00
2018-08-07 21:45:00;35,76
2018-08-07 22:00:00;34,48
2018-08-07 22:15:00;34,76
2018-08-07 22:30:00;34,92
2018-08-07 22:45:00;34,12
2018-08-07 23:00:00;33,76
2018-08-07 23:15:00;34,56
2018-08-07 23:30:00;34,12
2018-08-07 23:45:00;34,80
2018-08-08 00:00:00;34,64
2018-08-08 00:15:00;35,92
2018-08-08 00:30:00;34,68
2018-08-08 00:45:00;35,08
2018-08-08 01:00:00;36,36
2018-08-08 01:15:00;34,08
2018-08-08 01:30:00;35,72
2018-08-08 01:45:00;35,04
2018-08-08 02:00:00;36,24
2018-08-08 02:15:00;34,76
2018-08-08 02:30:00;35,12
2018-08-08 02:45:00;35,96
2018-08-08 03:00:00;34,08
2018-08-08 03:15:00;36,24
2018-08-08 03:30:00;34,72
2018-08-08 03:45:00;34,92
2018-08-08 04:00:00;34,68
2018-08-08 04:15:00;33,68
2018-08-08 04:30:00;35,68
2018-08-08 04:45:00;34,48
2018-08-08 05:00:00;33,84
2018-08-08 05:15:00;33,64
2018-08-08 05:30:00;34,36
2018-08-08 05:45:00;36,44
2018-08-08 06:00:00;47,76
2018-08-08 06:15:00;97,24
2018-08-08 06:30:00;120,96
2018-08-08 06:45:00;117,04
2018-08-08 07:00:00;112,76
2018-08-08 07:15:00;128,28
2018-08-08 07:30:00;121,68
2018-08-08 07:45:00;113,04
2018-08-08 08:00:00;116,72
2018-08-08 08:15:00;104,72
2018-08-08 08:30:00;109,24
2018-08-08 08:45:00;120,60
2018-08-08 09:00:00;132,56
2018-08-08 09:15:00;119,88
2018-08-08 09:30:00;110,36
2018-08-08 09:45:00;116,36
2018-08-08 10:00:00;115,28
2018-08-08 10:15:00;128,08
2018-08-08 10:30:00;132,28
2018-08-08 10:45:00;132,40
2018-08-08 11:00:00;128,60
2018-08-08 11:15:00;116,76
2018-08-08 11:30:00;107,80
2018-08-08 11:45:00;111,24
2018-08-08 12:00:00;113,56
2018-08-08 12:15:00;114,44
2018-08-08 12:30:00;124,56
2018-08-08 12:45:00;135,52
2018-08-08 13:00:00;140,88
2018-08-08 13:15:00;140,24
2018-08-08 13:30:00;129,48
2018-08-08 13:45:00;134,68
2018-08-08 14:00:00;130,96
2018-08-08 14:15:00;130,04
2018-08-08 14:30:00;135,72
2018-08-08 14:45:00;138,68
2018-08-08 15:00:00;141,04
2018-08-08 15:15:00;139,88
2018-08-08 15:30:00;124,32
2018-08-08 15:45:00;100,56
2018-08-08 16:00:00;103,12
2018-08-08 16:15:00;96,68
2018-08-08 16:30:00;87,68
2018-08-08 16:45:00;91,72
2018-08-08 17:00:00;66,24
2018-08-08 17:15:00;61,00
2018-08-08 17:30:00;51,84
2018-08-08 17:45:00;51,72
2018-08-08 18:00:00;49,44
2018-08-08 18:15:00;48,64
2018-08-08 18:30:00;47,12
2018-08-08 18:45:00;56,56
2018-08-08 19:00:00;59,24
2018-08-08 19:15:00;58,84
2018-08-08 19:30:00;61,20
2018-08-08 19:45:00;60,20
2018-08-08 20:00:00;55,44
2018-08-08 20:15:00;43,00
2018-08-08 20:30:00;38,56
2018-08-08 20:45:00;39,36
2018-08-08 21:00:00;38,44
2018-08-08 21:15:00;39,12
2018-08-08 21:30:00;37,56
2018-08-08 21:45:00;39,76
2018-08-08 22:00:00;37,24
2018-08-08 22:15:00;36,20
2018-08-08 22:30:00;35,36
2018-08-08 22:45:00;36,40
2018-08-08 23:00:00;37,48
2018-08-08 23:15:00;36,60
2018-08-08 23:30:00;35,24
2018-08-08 23:45:00;36,48
2018-08-09 00:00:00;36,72
2018-08-09 00:15:00;37,80
2018-08-09 00:30:00;37,44
2018-08-09 00:45:00;37,56
2018-08-09 01:00:00;36,64
2018-08-09 01:15:00;37,48
2018-08-09 01:30:00;36,20
2018-08-09 01:45:00;36,72
2018-08-09 02:00:00;36,96
2018-08-09 02:15:00;38,12
2018-08-09 02:30:00;38,48
2018-08-09 02:45:00;36,12
2018-08-09 03:00:00;35,64
2018-08-09 03:15:00;36,68
2018-08-09 03:30:00;39,12
2018-08-09 03:45:00;36,96
2018-08-09 04:00:00;37,44
2018-08-09 04:15:00;37,48
2018-08-09 04:30:00;37,64
2018-08-09 04:45:00;34,32
2018-08-09 05:00:00;39,00
2018-08-09 05:15:00;37,64
2018-08-09 05:30:00;38,52
2018-08-09 05:45:00;36,92
2018-08-09 06:00:00;40,68
2018-08-09 06:15:00;67,56
2018-08-09 06:30:00;91,96
2018-08-09 06:45:00;111,36
2018-08-09 07:00:00;110,64
2018-08-09 07:15:00;118,28
2018-08-09 07:30:00;117,52
2018-08-09 07:45:00;128,88
2018-08-09 08:00:00;122,52
2018-08-09 08:15:00;111,64
2018-08-09 08:30:00;115,00
2018-08-09 08:45:00;117,64
2018-08-09 09:00:00;130,68
2018-08-09 09:15:00;131,68
2018-08-09 09:30:00;150,12
2018-08-09 09:45:00;145,20
2018-08-09 10:00:00;137,84
2018-08-09 10:15:00;129,08
2018-08-09 10:30:00;123,16
2018-08-09 10:45:00;137,36
2018-08-09 11:00:00;141,48
2018-08-09 11:15:00;111,00
2018-08-09 11:30:00;101,20
2018-08-09 11:45:00;104,24
2018-08-09 12:00:00;114,76
2018-08-09 12:15:00;125,88
2018-08-09 12:30:00;131,48
2018-08-09 12:45:00;128,64
2018-08-09 13:00:00;125,36
2018-08-09 13:15:00;112,72
2018-08-09 13:30:00;121,12
2018-08-09 13:45:00;118,80
2018-08-09 14:00:00;126,32
2018-08-09 14:15:00;144,48
2018-08-09 14:30:00;143,96
2018-08-09 14:45:00;138,28
2018-08-09 15:00:00;132,96
2018-08-09 15:15:00;136,52
2018-08-09 15:30:00;125,00
2018-08-09 15:45:00;100,36
2018-08-09 16:00:00;103,84
2018-08-09 16:15:00;99,68
2018-08-09 16:30:00;81,44
2018-08-09 16:45:00;70,56
2018-08-09 17:00:00;66,56
2018-08-09 17:15:00;64,72
2018-08-09 17:30:00;58,72
2018-08-09 17:45:00;55,24
2018-08-09 18:00:00;56,28
2018-08-09 18:15:00;53,08
2018-08-09 18:30:00;54,00
2018-08-09 18:45:00;66,76
2018-08-09 19:00:00;70,68
2018-08-09 19:15:00;67,48
2018-08-09 19:30:00;65,44
2018-08-09 19:45:00;52,76
2018-08-09 20:00:00;43,68
2018-08-09 20:15:00;42,84
2018-08-09 20:30:00;40,72
2018-08-09 20:45:00;37,16
2018-08-09 21:00:00;35,16
2018-08-09 21:15:00;38,32
2018-08-09 21:30:00;36,92
2018-08-09 21:45:00;34,56
2018-08-09 22:00:00;35,96
2018-08-09 22:15:00;35,84
2018-08-09 22:30:00;33,88
2018-08-09 22:45:00;32,60
2018-08-09 23:00:00;34,04
2018-08-09 23:15:00;32,52
2018-08-09 23:30:00;33,36
2018-08-09 23:45:00;30,44
2018-08-10 00:00:00;33,36
2018-08-10 00:15:00;31,28
2018-08-10 00:30:00;32,88
2018-08-10 00:45:00;30,96
2018-08-10 01:00:00;32,80
2018-08-10 01:15:00;30,52
2018-08-10 01:30:00;32,12
2018-08-10 01:45:00;31,72
2018-08-10 02:00:00;31,84
2018-08-10 02:15:00;32,04
2018-08-10 02:30:00;31,24
2018-08-10 02:45:00;32,64
2018-08-10 03:00:00;30,92
2018-08-10 03:15:00;32,12
2018-08-10 03:30:00;30,92
2018-08-10 03:45:00;31,08
2018-08-10 04:00:00;30,08
2018-08-10 04:15:00;31,32
2018-08-10 04:30:00;31,52
2018-08-10 04:45:00;30,28
2018-08-10 05:00:00;29,92
2018-08-10 05:15:00;31,64
2018-08-10 05:30:00;29,64
2018-08-10 05:45:00;34,32
2018-08-10 06:00:00;37,52
2018-08-10 06:15:00;65,72
2018-08-10 06:30:00;97,92
2018-08-10 06:45:00;104,64
2018-08-10 07:00:00;113,08
2018-08-10 07:15:00;123,88
2018-08-10 07:30:00;130,88
2018-08-10 07:45:00;125,28
2018-08-10 08:00:00;111,76
2018-08-10 08:15:00;104,44
2018-08-10 08:30:00;121,92
2018-08-10 08:45:00;114,76
2018-08-10 09:00:00;109,72
2018-08-10 09:15:00;134,04
2018-08-10 09:30:00;128,00
2018-08-10 09:45:00;115,72
2018-08-10 10:00:00;118,72
2018-08-10 10:15:00;118,00
2018-08-10 10:30:00;121,76
2018-08-10 10:45:00;121,28
2018-08-10 11:00:00;117,00
2018-08-10 11:15:00;101,64
2018-08-10 11:30:00;99,72
2018-08-10 11:45:00;102,28
2018-08-10 12:00:00;110,88
2018-08-10 12:15:00;116,84
2018-08-10 12:30:00;107,20
2018-08-10 12:45:00;114,60
2018-08-10 13:00:00;110,68
2018-08-10 13:15:00;108,56
2018-08-10 13:30:00;114,48
2018-08-10 13:45:00;103,12
2018-08-10 14:00:00;91,76
2018-08-10 14:15:00;94,52
2018-08-10 14:30:00;74,76
2018-08-10 14:45:00;77,16
2018-08-10 15:00:00;77,16
2018-08-10 15:15:00;71,44
2018-08-10 15:30:00;73,04
2018-08-10 15:45:00;59,52
2018-08-10 16:00:00;52,60
2018-08-10 16:15:00;52,88
2018-08-10 16:30:00;44,40
2018-08-10 16:45:00;43,24
2018-08-10 17:00:00;40,44
2018-08-10 17:15:00;39,88
2018-08-10 17:30:00;37,36
2018-08-10 17:45:00;40,16
2018-08-10 18:00:00;38,12
2018-08-10 18:15:00;39,20
2018-08-10 18:30:00;38,84
2018-08-10 18:45:00;33,24
2018-08-10 19:00:00;30,56
2018-08-10 19:15:00;29,20
2018-08-10 19:30:00;28,56
2018-08-10 19:45:00;27,96
2018-08-10 20:00:00;25,92
2018-08-10 20:15:00;25,00
2018-08-10 20:30:00;24,92
2018-08-10 20:45:00;24,72
2018-08-10 21:00:00;22,00
2018-08-10 21:15:00;22,68
2018-08-10 21:30:00;24,68
2018-08-10 21:45:00;21,40
2018-08-10 22:00:00;21,80
2018-08-10 22:15:00;20,60
2018-08-10 22:30:00;22,28
2018-08-10 22:45:00;21,80
2018-08-10 23:00:00;21,48
2018-08-10 23:15:00;20,92
2018-08-10 23:30:00;22,04
2018-08-10 23:45:00;20,68
2018-08-11 00:00:00;20,84
2018-08-11 00:15:00;22,52
2018-08-11 00:30:00;21,76
2018-08-11 00:45:00;22,16
2018-08-11 01:00:00;23,00
2018-08-11 01:15:00;22,12
2018-08-11 01:30:00;22,76
2018-08-11 01:45:00;22,52
2018-08-11 02:00:00;21,84
2018-08-11 02:15:00;22,12
2018-08-11 02:30:00;22,68
2018-08-11 02:45:00;21,72
2018-08-11 03:00:00;22,72
2018-08-11 03:15:00;21,92
2018-08-11 03:30:00;21,44
2018-08-11 03:45:00;22,24
2018-08-11 04:00:00;23,00
2018-08-11 04:15:00;21,80
2018-08-11 04:30:00;20,16
2018-08-11 04:45:00;20,16
2018-08-11 05:00:00;21,92
2018-08-11 05:15:00;20,80
2018-08-11 05:30:00;20,64
2018-08-11 05:45:00;20,76
2018-08-11 06:00:00;21,96
2018-08-11 06:15:00;21,32
2018-08-11 06:30:00;22,40
2018-08-11 06:45:00;22,16
2018-08-11 07:00:00;21,72
2018-08-11 07:15:00;23,56
2018-08-11 07:30:00;26,96
2018-08-11 07:45:00;29,28
2018-08-11 08:00:00;30,60
2018-08-11 08:15:00;31,00
2018-08-11 08:30:00;31,56
2018-08-11 08:45:00;31,96
2018-08-11 09:00:00;31,08
2018-08-11 09:15:00;32,60
2018-08-11 09:30:00;32,16
2018-08-11 09:45:00;30,36
2018-08-11 10:00:00;34,80
2018-08-11 10:15:00;34,04
2018-08-11 10:30:00;35,60
2018-08-11 10:45:00;34,24
2018-08-11 11:00:00;31,24
2018-08-11 11:15:00;34,04
2018-08-11 11:30:00;33,56
2018-08-11 11:45:00;33,68
2018-08-11 12:00:00;29,20
2018-08-11 12:15:00;29,76
2018-08-11 12:30:00;32,44
2018-08-11 12:45:00;32,44
2018-08-11 13:00:00;32,32
2018-08-11 13:15:00;31,92
2018-08-11 13:30:00;31,24
2018-08-11 13:45:00;30,32
2018-08-11 14:00:00;28,80
2018-08-11 14:15:00;31,36
2018-08-11 14:30:00;29,00
2018-08-11 14:45:00;27,72
2018-08-11 15:00:00;29,84
2018-08-11 15:15:00;27,28
2018-08-11 15:30:00;30,96
2018-08-11 15:45:00;23,76
2018-08-11 16:00:00;23,76
2018-08-11 16:15:00;25,96
2018-08-11 16:30:00;26,04
2018-08-11 16:45:00;28,80
2018-08-11 17:00:00;30,28
2018-08-11 17:15:00;29,44
2018-08-11 17:30:00;28,76
2018-08-11 17:45:00;28,76
2018-08-11 18:00:00;30,04
2018-08-11 18:15:00;27,16
2018-08-11 18:30:00;29,60
2018-08-11 18:45:00;27,84
2018-08-11 19:00:00;28,48
2018-08-11 19:15:00;28,48
2018-08-11 19:30:00;26,28
2018-08-11 19:45:00;27,72
2018-08-11 20:00:00;25,56
2018-08-11 20:15:00;25,80
2018-08-11 20:30:00;21,64
2018-08-11 20:45:00;22,36
2018-08-11 21:00:00;21,96
2018-08-11 21:15:00;22,68
2018-08-11 21:30:00;21,44
2018-08-11 21:45:00;22,76
2018-08-11 22:00:00;20,72
2018-08-11 22:15:00;22,60
2018-08-11 22:30:00;20,28
2018-08-11 22:45:00;21,72
2018-08-11 23:00:00;21,08
2018-08-11 23:15:00;21,60
2018-08-11 23:30:00;20,88
2018-08-11 23:45:00;21,52
2018-08-12 00:00:00;21,00
2018-08-12 00:15:00;20,16
2018-08-12 00:30:00;22,72
2018-08-12 00:45:00;22,76
2018-08-12 01:00:00;21,56
2018-08-12 01:15:00;23,00
2018-08-12 01:30:00;21,60
2018-08-12 01:45:00;21,24
2018-08-12 02:00:00;22,52
2018-08-12 02:15:00;22,20
2018-08-12 02:30:00;21,76
2018-08-12 02:45:00;23,12
2018-08-12 03:00:00;21,36
2018-08-12 03:15:00;21,64
2018-08-12 03:30:00;23,48
2018-08-12 03:45:00;21,00
2018-08-12 04:00:00;21,40
2018-08-12 04:15:00;20,28
2018-08-12 04:30:00;22,24
2018-08-12 04:45:00;21,24
2018-08-12 05:00:00;19,44
2018-08-12 05:15:00;20,08
2018-08-12 05:30:00;19,52
2018-08-12 05:45:00;19,52
2018-08-12 06:00:00;19,76
2018-08-12 06:15:00;20,20
2018-08-12 06:30:00;19,56
2018-08-12 06:45:00;20,44
2018-08-12 07:00:00;20,28
2018-08-12 07:15:00;20,68
2018-08-12 07:30:00;20,52
2018-08-12 07:45:00;21,20
2018-08-12 08:00:00;21,04
2018-08-12 08:15:00;20,88
2018-08-12 08:30:00;20,08
2018-08-12 08:45:00;21,08
2018-08-12 09:00:00;17,24
2018-08-12 09:15:00;21,00
2018-08-12 09:30:00;22,80
2018-08-12 09:45:00;21,64
2018-08-12 10:00:00;19,88
2018-08-12 10:15:00;19,72
2018-08-12 10:30:00;21,56
2018-08-12 10:45:00;25,04
2018-08-12 11:00:00;28,64
2018-08-12 11:15:00;27,48
2018-08-12 11:30:00;30,16
2018-08-12 11:45:00;30,96
2018-08-12 12:00:00;30,20
2018-08-12 12:15:00;30,76
2018-08-12 12:30:00;31,72
2018-08-12 12:45:00;29,40
2018-08-12 13:00:00;26,92
2018-08-12 13:15:00;28,48
2018-08-12 13:30:00;27,40
2018-08-12 13:45:00;28,56
2018-08-12 14:00:00;28,28
2018-08-12 14:15:00;25,68
2018-08-12 14:30:00;27,44
2018-08-12 14:45:00;22,24
2018-08-12 15:00:00;22,12
2018-08-12 15:15:00;24,44
2018-08-12 15:30:00;21,88
2018-08-12 15:45:00;22,32
2018-08-12 16:00:00;22,36
2018-08-12 16:15:00;23,28
2018-08-12 16:30:00;23,16
2018-08-12 16:45:00;26,92
2018-08-12 17:00:00;26,44
2018-08-12 17:15:00;26,36
2018-08-12 17:30:00;26,72
2018-08-12 17:45:00;25,88
2018-08-12 18:00:00;26,48
2018-08-12 18:15:00;26,52
2018-08-12 18:30:00;26,20
2018-08-12 18:45:00;26,36
2018-08-12 19:00:00;28,08
2018-08-12 19:15:00;30,00
2018-08-12 19:30:00;27,92
2018-08-12 19:45:00;27,24
2018-08-12 20:00:00;30,32
2018-08-12 20:15:00;28,72
2018-08-12 20:30:00;28,52
2018-08-12 20:45:00;27,92
2018-08-12 21:00:00;28,04
2018-08-12 21:15:00;26,00
2018-08-12 21:30:00;25,08
2018-08-12 21:45:00;22,24
2018-08-12 22:00:00;24,12
2018-08-12 22:15:00;24,12
2018-08-12 22:30:00;22,40
2018-08-12 22:45:00;21,44
2018-08-12 23:00:00;22,96
2018-08-12 23:15:00;23,08
2018-08-12 23:30:00;21,52
2018-08-12 23:45:00;23,60
2018-08-13 00:00:00;22,08
2018-08-13 00:15:00;21,52
2018-08-13 00:30:00;24,52
2018-08-13 00:45:00;22,52
2018-08-13 01:00:00;24,12
2018-08-13 01:15:00;23,84
2018-08-13 01:30:00;23,96
2018-08-13 01:45:00;23,64
2018-08-13 02:00:00;23,76
2018-08-13 02:15:00;23,84
2018-08-13 02:30:00;22,04
2018-08-13 02:45:00;25,72
2018-08-13 03:00:00;22,56
2018-08-13 03:15:00;24,12
2018-08-13 03:30:00;23,00
2018-08-13 03:45:00;23,80
2018-08-13 04:00:00;23,12
2018-08-13 04:15:00;23,48
2018-08-13 04:30:00;23,32
2018-08-13 04:45:00;23,60
2018-08-13 05:00:00;22,24
2018-08-13 05:15:00;24,56
2018-08-13 05:30:00;21,68
2018-08-13 05:45:00;29,40
2018-08-13 06:00:00;35,96
2018-08-13 06:15:00;54,28
2018-08-13 06:30:00;75,08
2018-08-13 06:45:00;90,52
2018-08-13 07:00:00;109,08
2018-08-13 07:15:00;108,76
2018-08-13 07:30:00;110,20
2018-08-13 07:45:00;108,16
2018-08-13 08:00:00;113,20
2018-08-13 08:15:00;91,56
2018-08-13 08:30:00;103,92
2018-08-13 08:45:00;124,64
2018-08-13 09:00:00;120,36
2018-08-13 09:15:00;112,84
2018-08-13 09:30:00;108,76
2018-08-13 09:45:00;105,60
2018-08-13 10:00:00;109,20
2018-08-13 10:15:00;120,92
2018-08-13 10:30:00;121,72
2018-08-13 10:45:00;120,08
2018-08-13 11:00:00;118,28
2018-08-13 11:15:00;101,48
2018-08-13 11:30:00;96,64
2018-08-13 11:45:00;107,44
2018-08-13 12:00:00;118,80
2018-08-13 12:15:00;128,20
2018-08-13 12:30:00;129,00
2018-08-13 12:45:00;123,00
2018-08-13 13:00:00;125,32
2018-08-13 13:15:00;121,84
2018-08-13 13:30:00;120,88
2018-08-13 13:45:00;123,04
2018-08-13 14:00:00;131,56
2018-08-13 14:15:00;133,84
2018-08-13 14:30:00;131,36
2018-08-13 14:45:00;135,08
2018-08-13 15:00:00;132,68
2018-08-13 15:15:00;139,20
2018-08-13 15:30:00;130,88
2018-08-13 15:45:00;116,96
2018-08-13 16:00:00;102,44
2018-08-13 16:15:00;92,60
2018-08-13 16:30:00;63,64
2018-08-13 16:45:00;49,84
2018-08-13 17:00:00;50,08
2018-08-13 17:15:00;48,76
2018-08-13 17:30:00;44,72
2018-08-13 17:45:00;44,20
2018-08-13 18:00:00;42,44
2018-08-13 18:15:00;42,24
2018-08-13 18:30:00;40,56
2018-08-13 18:45:00;38,84
2018-08-13 19:00:00;39,24
2018-08-13 19:15:00;40,48
2018-08-13 19:30:00;39,28
2018-08-13 19:45:00;39,00
2018-08-13 20:00:00;38,84
2018-08-13 20:15:00;37,96
2018-08-13 20:30:00;37,28
2018-08-13 20:45:00;31,04
2018-08-13 21:00:00;31,56
2018-08-13 21:15:00;29,68
2018-08-13 21:30:00;27,96
2018-08-13 21:45:00;28,36
2018-08-13 22:00:00;28,16
2018-08-13 22:15:00;29,12
2018-08-13 22:30:00;27,72
2018-08-13 22:45:00;28,92
2018-08-13 23:00:00;27,56
2018-08-13 23:15:00;27,68
2018-08-13 23:30:00;28,32
2018-08-13 23:45:00;28,04
2018-08-14 00:00:00;28,24
2018-08-14 00:15:00;27,08
2018-08-14 00:30:00;28,36
2018-08-14 00:45:00;28,32
2018-08-14 01:00:00;29,36
2018-08-14 01:15:00;29,84
2018-08-14 01:30:00;28,28
2018-08-14 01:45:00;29,44
2018-08-14 02:00:00;28,52
2018-08-14 02:15:00;28,96
2018-08-14 02:30:00;28,60
2018-08-14 02:45:00;28,92
2018-08-14 03:00:00;29,16
2018-08-14 03:15:00;27,64
2018-08-14 03:30:00;27,88
2018-08-14 03:45:00;29,24
2018-08-14 04:00:00;29,16
2018-08-14 04:15:00;27,68
2018-08-14 04:30:00;29,80
2018-08-14 04:45:00;28,28
2018-08-14 05:00:00;28,88
2018-08-14 05:15:00;30,40
2018-08-14 05:30:00;47,44
2018-08-14 05:45:00;48,00
2018-08-14 06:00:00;48,56
2018-08-14 06:15:00;69,68
2018-08-14 06:30:00;76,16
2018-08-14 06:45:00;99,84
2018-08-14 07:00:00;111,28
2018-08-14 07:15:00;107,24
2018-08-14 07:30:00;112,28
2018-08-14 07:45:00;115,64
2018-08-14 08:00:00;112,68
2018-08-14 08:15:00;104,48
2018-08-14 08:30:00;105,88
2018-08-14 08:45:00;113,16
2018-08-14 09:00:00;112,24
2018-08-14 09:15:00;108,80
2018-08-14 09:30:00;101,20
2018-08-14 09:45:00;108,20
2018-08-14 10:00:00;112,28
2018-08-14 10:15:00;111,24
2018-08-14 10:30:00;99,40
2018-08-14 10:45:00;103,96
2018-08-14 11:00:00;103,52
2018-08-14 11:15:00;87,56
2018-08-14 11:30:00;84,68
2018-08-14 11:45:00;94,52
2018-08-14 12:00:00;107,84
2018-08-14 12:15:00;115,44
2018-08-14 12:30:00;116,20
2018-08-14 12:45:00;114,76
2018-08-14 13:00:00;112,44
2018-08-14 13:15:00;108,16
2018-08-14 13:30:00;103,28
2018-08-14 13:45:00;112,04
2018-08-14 14:00:00;112,92
2018-08-14 14:15:00;103,28
2018-08-14 14:30:00;103,92
2018-08-14 14:45:00;120,04
2018-08-14 15:00:00;116,24
2018-08-14 15:15:00;122,88
2018-08-14 15:30:00;103,76
2018-08-14 15:45:00;92,40
2018-08-14 16:00:00;89,40
2018-08-14 16:15:00;85,12
2018-08-14 16:30:00;84,68
2018-08-14 16:45:00;61,68
2018-08-14 17:00:00;52,80
2018-08-14 17:15:00;49,72
2018-08-14 17:30:00;49,60
2018-08-14 17:45:00;46,84
2018-08-14 18:00:00;44,56
2018-08-14 18:15:00;41,44
2018-08-14 18:30:00;42,40
2018-08-14 18:45:00;41,36
2018-08-14 19:00:00;40,28
2018-08-14 19:15:00;41,48
2018-08-14 19:30:00;39,28
2018-08-14 19:45:00;39,64
2018-08-14 20:00:00;39,48
2018-08-14 20:15:00;35,76
2018-08-14 20:30:00;38,96
2018-08-14 20:45:00;39,08
2018-08-14 21:00:00;38,60
2018-08-14 21:15:00;38,64
2018-08-14 21:30:00;37,20
2018-08-14 21:45:00;37,92
2018-08-14 22:00:00;37,64
2018-08-14 22:15:00;37,32
2018-08-14 22:30:00;37,08
2018-08-14 22:45:00;37,52
2018-08-14 23:00:00;36,96
2018-08-14 23:15:00;37,60
2018-08-14 23:30:00;36,60
2018-08-14 23:45:00;38,00
2018-08-15 00:00:00;35,52
2018-08-15 00:15:00;35,96
2018-08-15 00:30:00;37,48
2018-08-15 00:45:00;35,88
2018-08-15 01:00:00;35,08
2018-08-15 01:15:00;35,88
2018-08-15 01:30:00;34,80
2018-08-15 01:45:00;35,12
2018-08-15 02:00:00;33,44
2018-08-15 02:15:00;34,72
2018-08-15 02:30:00;34,24
2018-08-15 02:45:00;32,40
2018-08-15 03:00:00;33,80
2018-08-15 03:15:00;33,64
2018-08-15 03:30:00;33,52
2018-08-15 03:45:00;33,52
2018-08-15 04:00:00;33,32
2018-08-15 04:15:00;32,88
2018-08-15 04:30:00;32,92
2018-08-15 04:45:00;32,68
2018-08-15 05:00:00;34,44
2018-08-15 05:15:00;33,16
2018-08-15 05:30:00;34,32
2018-08-15 05:45:00;34,64
2018-08-15 06:00:00;33,32
2018-08-15 06:15:00;35,84
2018-08-15 06:30:00;32,64
2018-08-15 06:45:00;34,84
2018-08-15 07:00:00;34,20
2018-08-15 07:15:00;33,08
2018-08-15 07:30:00;35,00
2018-08-15 07:45:00;33,56
2018-08-15 08:00:00;32,84
2018-08-15 08:15:00;34,92
2018-08-15 08:30:00;33,24
2018-08-15 08:45:00;34,84
2018-08-15 09:00:00;33,44
2018-08-15 09:15:00;33,20
2018-08-15 09:30:00;35,36
2018-08-15 09:45:00;33,68
2018-08-15 10:00:00;35,80
2018-08-15 10:15:00;37,04
2018-08-15 10:30:00;38,88
2018-08-15 10:45:00;36,52
2018-08-15 11:00:00;39,60
2018-08-15 11:15:00;38,44
2018-08-15 11:30:00;37,04
2018-08-15 11:45:00;36,80
2018-08-15 12:00:00;38,12
2018-08-15 12:15:00;37,48
2018-08-15 12:30:00;36,00
2018-08-15 12:45:00;36,28
2018-08-15 13:00:00;31,20
2018-08-15 13:15:00;31,36
2018-08-15 13:30:00;31,04
2018-08-15 13:45:00;30,76
2018-08-15 14:00:00;30,64
2018-08-15 14:15:00;31,96
2018-08-15 14:30:00;30,84
2018-08-15 14:45:00;31,00
2018-08-15 15:00:00;31,32
2018-08-15 15:15:00;31,72
2018-08-15 15:30:00;31,12
2018-08-15 15:45:00;30,44
2018-08-15 16:00:00;32,68
2018-08-15 16:15:00;31,12
2018-08-15 16:30:00;33,60
2018-08-15 16:45:00;34,20
2018-08-15 17:00:00;36,80
2018-08-15 17:15:00;35,20
2018-08-15 17:30:00;35,20
2018-08-15 17:45:00;29,76
2018-08-15 18:00:00;31,40
2018-08-15 18:15:00;30,64
2018-08-15 18:30:00;30,64
2018-08-15 18:45:00;30,72
2018-08-15 19:00:00;29,16
2018-08-15 19:15:00;31,08
2018-08-15 19:30:00;28,96
2018-08-15 19:45:00;30,52
2018-08-15 20:00:00;32,04
2018-08-15 20:15:00;30,16
2018-08-15 20:30:00;29,88
2018-08-15 20:45:00;30,68
2018-08-15 21:00:00;30,76
2018-08-15 21:15:00;29,92
2018-08-15 21:30:00;30,56
2018-08-15 21:45:00;28,40
2018-08-15 22:00:00;30,12
2018-08-15 22:15:00;27,56
2018-08-15 22:30:00;28,20
2018-08-15 22:45:00;28,52
2018-08-15 23:00:00;27,20
2018-08-15 23:15:00;28,52
2018-08-15 23:30:00;28,04
2018-08-15 23:45:00;27,84
2018-08-16 00:00:00;29,12
2018-08-16 00:15:00;26,20
2018-08-16 00:30:00;30,76
2018-08-16 00:45:00;27,44
2018-08-16 01:00:00;29,88
2018-08-16 01:15:00;28,80
2018-08-16 01:30:00;28,40
2018-08-16 01:45:00;29,56
2018-08-16 02:00:00;28,64
2018-08-16 02:15:00;28,56
2018-08-16 02:30:00;29,40
2018-08-16 02:45:00;27,60
2018-08-16 03:00:00;28,44
2018-08-16 03:15:00;28,72
2018-08-16 03:30:00;28,68
2018-08-16 03:45:00;28,44
2018-08-16 04:00:00;28,40
2018-08-16 04:15:00;27,80
2018-08-16 04:30:00;28,40
2018-08-16 04:45:00;29,04
2018-08-16 05:00:00;28,32
2018-08-16 05:15:00;29,44
2018-08-16 05:30:00;28,40
2018-08-16 05:45:00;35,76
2018-08-16 06:00:00;47,28
2018-08-16 06:15:00;74,68
2018-08-16 06:30:00;96,92
2018-08-16 06:45:00;103,80
2018-08-16 07:00:00;108,72
2018-08-16 07:15:00;105,72
2018-08-16 07:30:00;98,24
2018-08-16 07:45:00;92,36
2018-08-16 08:00:00;89,32
2018-08-16 08:15:00;80,40
2018-08-16 08:30:00;86,08
2018-08-16 08:45:00;99,68
2018-08-16 09:00:00;93,68
2018-08-16 09:15:00;109,92
2018-08-16 09:30:00;108,40
2018-08-16 09:45:00;111,12
2018-08-16 10:00:00;108,84
2018-08-16 10:15:00;118,88
2018-08-16 10:30:00;106,56
2018-08-16 10:45:00;105,96
2018-08-16 11:00:00;106,28
2018-08-16 11:15:00;91,20
2018-08-16 11:30:00;85,36
2018-08-16 11:45:00;91,64
2018-08-16 12:00:00;117,04
2018-08-16 12:15:00;111,24
2018-08-16 12:30:00;105,80
2018-08-16 12:45:00;105,92
2018-08-16 13:00:00;108,44
2018-08-16 13:15:00;110,76
2018-08-16 13:30:00;133,08
2018-08-16 13:45:00;128,12
2018-08-16 14:00:00;119,56
2018-08-16 14:15:00;119,48
2018-08-16 14:30:00;122,08
2018-08-16 14:45:00;127,68
2018-08-16 15:00:00;130,52
2018-08-16 15:15:00;134,24
2018-08-16 15:30:00;122,04
2018-08-16 15:45:00;96,48
2018-08-16 16:00:00;101,28
2018-08-16 16:15:00;94,68
2018-08-16 16:30:00;87,20
2018-08-16 16:45:00;80,76
2018-08-16 17:00:00;61,52
2018-08-16 17:15:00;61,96
2018-08-16 17:30:00;58,36
2018-08-16 17:45:00;51,56
2018-08-16 18:00:00;44,76
2018-08-16 18:15:00;45,76
2018-08-16 18:30:00;47,60
2018-08-16 18:45:00;46,92
2018-08-16 19:00:00;44,04
2018-08-16 19:15:00;44,92
2018-08-16 19:30:00;41,84
2018-08-16 19:45:00;44,60
2018-08-16 20:00:00;42,16
2018-08-16 20:15:00;44,44
2018-08-16 20:30:00;42,88
2018-08-16 20:45:00;40,28
2018-08-16 21:00:00;42,88
2018-08-16 21:15:00;40,20
2018-08-16 21:30:00;40,96
2018-08-16 21:45:00;41,56
2018-08-16 22:00:00;39,04
2018-08-16 22:15:00;40,04
2018-08-16 22:30:00;38,16
2018-08-16 22:45:00;34,80
2018-08-16 23:00:00;33,52
2018-08-16 23:15:00;35,04
2018-08-16 23:30:00;33,08
2018-08-16 23:45:00;33,04
2018-08-17 00:00:00;31,20
2018-08-17 00:15:00;33,36
2018-08-17 00:30:00;33,36
2018-08-17 00:45:00;32,88
2018-08-17 01:00:00;33,48
2018-08-17 01:15:00;33,36
2018-08-17 01:30:00;34,16
2018-08-17 01:45:00;32,08
2018-08-17 02:00:00;33,76
2018-08-17 02:15:00;32,60
2018-08-17 02:30:00;33,56
2018-08-17 02:45:00;33,36
2018-08-17 03:00:00;31,68
2018-08-17 03:15:00;32,84
2018-08-17 03:30:00;33,28
2018-08-17 03:45:00;31,60
2018-08-17 04:00:00;33,32
2018-08-17 04:15:00;31,68
2018-08-17 04:30:00;31,76
2018-08-17 04:45:00;32,92
2018-08-17 05:00:00;31,40
2018-08-17 05:15:00;31,64
2018-08-17 05:30:00;32,60
2018-08-17 05:45:00;38,72
2018-08-17 06:00:00;53,84
2018-08-17 06:15:00;72,24
2018-08-17 06:30:00;78,84
2018-08-17 06:45:00;99,96
2018-08-17 07:00:00;123,32
2018-08-17 07:15:00;126,88
2018-08-17 07:30:00;121,40
2018-08-17 07:45:00;119,76
2018-08-17 08:00:00;119,92
2018-08-17 08:15:00;97,28
2018-08-17 08:30:00;102,28
2018-08-17 08:45:00;113,72
2018-08-17 09:00:00;112,16
2018-08-17 09:15:00;128,36
2018-08-17 09:30:00;117,48
2018-08-17 09:45:00;112,00
2018-08-17 10:00:00;99,96
2018-08-17 10:15:00;113,32
2018-08-17 10:30:00;105,88
2018-08-17 10:45:00;116,76
2018-08-17 11:00:00;115,32
2018-08-17 11:15:00;98,44
2018-08-17 11:30:00;89,32
2018-08-17 11:45:00;97,00
2018-08-17 12:00:00;110,80
2018-08-17 12:15:00;113,68
2018-08-17 12:30:00;112,92
2018-08-17 12:45:00;116,32
2018-08-17 13:00:00;126,24
2018-08-17 13:15:00;126,28
2018-08-17 13:30:00;113,72
2018-08-17 13:45:00;113,68
2018-08-17 14:00:00;96,72
2018-08-17 14:15:00;94,60
2018-08-17 14:30:00;78,60
2018-08-17 14:45:00;59,60
2018-08-17 15:00:00;58,80
2018-08-17 15:15:00;58,84
2018-08-17 15:30:00;62,96
2018-08-17 15:45:00;56,44
2018-08-17 16:00:00;49,52
2018-08-17 16:15:00;47,08
2018-08-17 16:30:00;47,84
2018-08-17 16:45:00;45,12
2018-08-17 17:00:00;42,56
2018-08-17 17:15:00;39,96
2018-08-17 17:30:00;39,00
2018-08-17 17:45:00;35,64
2018-08-17 18:00:00;36,64
2018-08-17 18:15:00;36,76
2018-08-17 18:30:00;35,96
2018-08-17 18:45:00;35,44
2018-08-17 19:00:00;36,44
2018-08-17 19:15:00;35,88
2018-08-17 19:30:00;35,92
2018-08-17 19:45:00;36,28
2018-08-17 20:00:00;35,80
2018-08-17 20:15:00;35,48
2018-08-17 20:30:00;37,08
2018-08-17 20:45:00;34,16
2018-08-17 21:00:00;36,00
2018-08-17 21:15:00;35,20
2018-08-17 21:30:00;35,36
2018-08-17 21:45:00;33,84
2018-08-17 22:00:00;34,80
2018-08-17 22:15:00;33,36
2018-08-17 22:30:00;33,28
2018-08-17 22:45:00;33,36
2018-08-17 23:00:00;33,00
2018-08-17 23:15:00;33,56
2018-08-17 23:30:00;32,48
2018-08-17 23:45:00;34,20
2018-08-18 00:00:00;32,20
2018-08-18 00:15:00;32,44
2018-08-18 00:30:00;34,84
2018-08-18 00:45:00;33,44
2018-08-18 01:00:00;34,64
2018-08-18 01:15:00;34,12
2018-08-18 01:30:00;35,40
2018-08-18 01:45:00;32,92
2018-08-18 02:00:00;34,56
2018-08-18 02:15:00;34,04
2018-08-18 02:30:00;34,44
2018-08-18 02:45:00;34,52
2018-08-18 03:00:00;33,48
2018-08-18 03:15:00;34,56
2018-08-18 03:30:00;33,76
2018-08-18 03:45:00;34,36
2018-08-18 04:00:00;34,52
2018-08-18 04:15:00;32,56
2018-08-18 04:30:00;35,48
2018-08-18 04:45:00;32,24
2018-08-18 05:00:00;31,80
2018-08-18 05:15:00;32,08
2018-08-18 05:30:00;31,52
2018-08-18 05:45:00;32,28
2018-08-18 06:00:00;33,44
2018-08-18 06:15:00;33,36
2018-08-18 06:30:00;34,08
2018-08-18 06:45:00;32,96
2018-08-18 07:00:00;35,04
2018-08-18 07:15:00;32,80
2018-08-18 07:30:00;35,76
2018-08-18 07:45:00;39,52
2018-08-18 08:00:00;42,68
2018-08-18 08:15:00;40,64
2018-08-18 08:30:00;43,24
2018-08-18 08:45:00;48,24
2018-08-18 09:00:00;50,68
2018-08-18 09:15:00;49,44
2018-08-18 09:30:00;46,52
2018-08-18 09:45:00;47,24
2018-08-18 10:00:00;47,28
2018-08-18 10:15:00;46,92
2018-08-18 10:30:00;45,28
2018-08-18 10:45:00;45,72
2018-08-18 11:00:00;40,28
2018-08-18 11:15:00;39,16
2018-08-18 11:30:00;40,28
2018-08-18 11:45:00;39,96
2018-08-18 12:00:00;38,84
2018-08-18 12:15:00;39,08
2018-08-18 12:30:00;40,00
2018-08-18 12:45:00;42,68
2018-08-18 13:00:00;39,28
2018-08-18 13:15:00;41,64
2018-08-18 13:30:00;37,28
2018-08-18 13:45:00;43,24
2018-08-18 14:00:00;37,64
2018-08-18 14:15:00;38,56
2018-08-18 14:30:00;37,32
2018-08-18 14:45:00;40,28
2018-08-18 15:00:00;38,44
2018-08-18 15:15:00;37,84
2018-08-18 15:30:00;37,32
2018-08-18 15:45:00;38,32
2018-08-18 16:00:00;36,84
2018-08-18 16:15:00;39,48
2018-08-18 16:30:00;40,36
2018-08-18 16:45:00;38,64
2018-08-18 17:00:00;35,24
2018-08-18 17:15:00;33,72
2018-08-18 17:30:00;29,80
2018-08-18 17:45:00;32,84
2018-08-18 18:00:00;31,00
2018-08-18 18:15:00;33,00
2018-08-18 18:30:00;32,24
2018-08-18 18:45:00;32,48
2018-08-18 19:00:00;29,40
2018-08-18 19:15:00;31,80
2018-08-18 19:30:00;30,08
2018-08-18 19:45:00;30,80
2018-08-18 20:00:00;31,16
2018-08-18 20:15:00;31,04
2018-08-18 20:30:00;29,84
2018-08-18 20:45:00;30,24
2018-08-18 21:00:00;29,76
2018-08-18 21:15:00;30,08
2018-08-18 21:30:00;29,36
2018-08-18 21:45:00;28,40
2018-08-18 22:00:00;30,36
2018-08-18 22:15:00;27,72
2018-08-18 22:30:00;30,44
2018-08-18 22:45:00;28,60
2018-08-18 23:00:00;27,48
2018-08-18 23:15:00;30,12
2018-08-18 23:30:00;26,28
2018-08-18 23:45:00;29,80
2018-08-19 00:00:00;28,76
2018-08-19 00:15:00;26,92
2018-08-19 00:30:00;30,84
2018-08-19 00:45:00;28,40
2018-08-19 01:00:00;30,00
2018-08-19 01:15:00;29,24
2018-08-19 01:30:00;28,68
2018-08-19 01:45:00;30,24
2018-08-19 02:00:00;27,60
2018-08-19 02:15:00;30,20
2018-08-19 02:30:00;29,60
2018-08-19 02:45:00;27,00
2018-08-19 03:00:00;30,60
2018-08-19 03:15:00;27,64
2018-08-19 03:30:00;28,52
2018-08-19 03:45:00;31,04
2018-08-19 04:00:00;28,48
2018-08-19 04:15:00;28,88
2018-08-19 04:30:00;26,64
2018-08-19 04:45:00;26,36
2018-08-19 05:00:00;29,28
2018-08-19 05:15:00;26,40
2018-08-19 05:30:00;26,12
2018-08-19 05:45:00;26,64
2018-08-19 06:00:00;24,96
2018-08-19 06:15:00;26,08
2018-08-19 06:30:00;26,64
2018-08-19 06:45:00;24,08
2018-08-19 07:00:00;26,08
2018-08-19 07:15:00;24,36
2018-08-19 07:30:00;23,08
2018-08-19 07:45:00;23,92
2018-08-19 08:00:00;24,40
2018-08-19 08:15:00;24,76
2018-08-19 08:30:00;23,04
2018-08-19 08:45:00;25,48
2018-08-19 09:00:00;23,16
2018-08-19 09:15:00;23,48
2018-08-19 09:30:00;24,36
2018-08-19 09:45:00;25,52
2018-08-19 10:00:00;25,68
2018-08-19 10:15:00;26,80
2018-08-19 10:30:00;26,36
2018-08-19 10:45:00;27,56
2018-08-19 11:00:00;26,56
2018-08-19 11:15:00;25,52
2018-08-19 11:30:00;24,68
2018-08-19 11:45:00;24,92
2018-08-19 12:00:00;25,00
2018-08-19 12:15:00;28,04
2018-08-19 12:30:00;28,16
2018-08-19 12:45:00;26,40
2018-08-19 13:00:00;27,80
2018-08-19 13:15:00;26,80
2018-08-19 13:30:00;25,96
2018-08-19 13:45:00;27,12
2018-08-19 14:00:00;26,04
2018-08-19 14:15:00;25,20
2018-08-19 14:30:00;26,08
2018-08-19 14:45:00;25,08
2018-08-19 15:00:00;25,88
2018-08-19 15:15:00;24,84
2018-08-19 15:30:00;29,40
2018-08-19 15:45:00;30,08
2018-08-19 16:00:00;32,36
2018-08-19 16:15:00;31,08
2018-08-19 16:30:00;30,52
2018-08-19 16:45:00;30,04
2018-08-19 17:00:00;31,00
2018-08-19 17:15:00;29,44
2018-08-19 17:30:00;30,36
2018-08-19 17:45:00;29,68
2018-08-19 18:00:00;31,20
2018-08-19 18:15:00;31,88
2018-08-19 18:30:00;34,40
2018-08-19 18:45:00;34,80
2018-08-19 19:00:00;35,60
2018-08-19 19:15:00;35,24
2018-08-19 19:30:00;34,68
2018-08-19 19:45:00;36,16
2018-08-19 20:00:00;34,88
2018-08-19 20:15:00;35,24
2018-08-19 20:30:00;34,20
2018-08-19 20:45:00;35,32
2018-08-19 21:00:00;35,76
2018-08-19 21:15:00;33,96
2018-08-19 21:30:00;35,72
2018-08-19 21:45:00;32,92
2018-08-19 22:00:00;35,92
2018-08-19 22:15:00;31,40
2018-08-19 22:30:00;33,00
2018-08-19 22:45:00;33,64
2018-08-19 23:00:00;33,00
2018-08-19 23:15:00;32,76
2018-08-19 23:30:00;33,04
2018-08-19 23:45:00;32,56
2018-08-20 00:00:00;33,16
2018-08-20 00:15:00;32,04
2018-08-20 00:30:00;34,76
2018-08-20 00:45:00;33,64
2018-08-20 01:00:00;34,60
2018-08-20 01:15:00;34,32
2018-08-20 01:30:00;34,16
2018-08-20 01:45:00;34,52
2018-08-20 02:00:00;33,76
2018-08-20 02:15:00;32,96
2018-08-20 02:30:00;35,24
2018-08-20 02:45:00;33,52
2018-08-20 03:00:00;33,56
2018-08-20 03:15:00;35,24
2018-08-20 03:30:00;31,60
2018-08-20 03:45:00;34,80
2018-08-20 04:00:00;32,76
2018-08-20 04:15:00;33,28
2018-08-20 04:30:00;32,60
2018-08-20 04:45:00;32,00
2018-08-20 05:00:00;29,08
2018-08-20 05:15:00;28,64
2018-08-20 05:30:00;38,88
2018-08-20 05:45:00;49,80
2018-08-20 06:00:00;49,76
2018-08-20 06:15:00;57,76
2018-08-20 06:30:00;79,92
2018-08-20 06:45:00;83,20
2018-08-20 07:00:00;92,88
2018-08-20 07:15:00;92,92
2018-08-20 07:30:00;89,92
2018-08-20 07:45:00;83,28
2018-08-20 08:00:00;85,76
2018-08-20 08:15:00;73,40
2018-08-20 08:30:00;81,44
2018-08-20 08:45:00;83,60
2018-08-20 09:00:00;92,56
2018-08-20 09:15:00;97,52
2018-08-20 09:30:00;99,68
2018-08-20 09:45:00;106,12
2018-08-20 10:00:00;107,48
2018-08-20 10:15:00;108,00
2018-08-20 10:30:00;111,80
2018-08-20 10:45:00;107,44
2018-08-20 11:00:00;100,12
2018-08-20 11:15:00;87,64
2018-08-20 11:30:00;83,88
2018-08-20 11:45:00;94,20
2018-08-20 12:00:00;108,12
2018-08-20 12:15:00;122,80
2018-08-20 12:30:00;126,28
2018-08-20 12:45:00;128,92
2018-08-20 13:00:00;122,08
2018-08-20 13:15:00;128,56
2018-08-20 13:30:00;129,52
2018-08-20 13:45:00;131,16
2018-08-20 14:00:00;125,28
2018-08-20 14:15:00;119,68
2018-08-20 14:30:00;112,20
2018-08-20 14:45:00;115,08
2018-08-20 15:00:00;112,04
2018-08-20 15:15:00;119,24
2018-08-20 15:30:00;115,96
2018-08-20 15:45:00;88,44
2018-08-20 16:00:00;85,24
2018-08-20 16:15:00;74,12
2018-08-20 16:30:00;61,96
2018-08-20 16:45:00;55,24
2018-08-20 17:00:00;51,12
2018-08-20 17:15:00;52,24
2018-08-20 17:30:00;50,28
2018-08-20 17:45:00;46,08
2018-08-20 18:00:00;46,96
2018-08-20 18:15:00;45,40
2018-08-20 18:30:00;44,08
2018-08-20 18:45:00;41,24
2018-08-20 19:00:00;39,68
2018-08-20 19:15:00;38,44
2018-08-20 19:30:00;40,08
2018-08-20 19:45:00;37,56
2018-08-20 20:00:00;35,52
2018-08-20 20:15:00;35,20
2018-08-20 20:30:00;36,16
2018-08-20 20:45:00;34,92
2018-08-20 21:00:00;35,36
2018-08-20 21:15:00;34,48
2018-08-20 21:30:00;33,92
2018-08-20 21:45:00;33,68
2018-08-20 22:00:00;33,20
2018-08-20 22:15:00;35,16
2018-08-20 22:30:00;33,88
2018-08-20 22:45:00;33,36
2018-08-20 23:00:00;32,88
2018-08-20 23:15:00;33,36
2018-08-20 23:30:00;33,24
2018-08-20 23:45:00;32,96
2018-08-21 00:00:00;33,20
2018-08-21 00:15:00;31,64
2018-08-21 00:30:00;29,64
2018-08-21 00:45:00;28,24
2018-08-21 01:00:00;28,60
2018-08-21 01:15:00;27,44
2018-08-21 01:30:00;28,84
2018-08-21 01:45:00;29,64
2018-08-21 02:00:00;26,76
2018-08-21 02:15:00;29,00
2018-08-21 02:30:00;28,60
2018-08-21 02:45:00;27,80
2018-08-21 03:00:00;27,80
2018-08-21 03:15:00;28,44
2018-08-21 03:30:00;27,84
2018-08-21 03:45:00;26,68
2018-08-21 04:00:00;26,24
2018-08-21 04:15:00;26,64
2018-08-21 04:30:00;24,68
2018-08-21 04:45:00;24,08
2018-08-21 05:00:00;27,24
2018-08-21 05:15:00;28,60
2018-08-21 05:30:00;28,36
2018-08-21 05:45:00;37,72
2018-08-21 06:00:00;52,12
2018-08-21 06:15:00;74,32
2018-08-21 06:30:00;93,32
2018-08-21 06:45:00;100,96
2018-08-21 07:00:00;98,32
2018-08-21 07:15:00;100,64
2018-08-21 07:30:00;108,72
2018-08-21 07:45:00;110,64
2018-08-21 08:00:00;111,60
2018-08-21 08:15:00;90,16
2018-08-21 08:30:00;98,36
2018-08-21 08:45:00;118,56
2018-08-21 09:00:00;125,44
2018-08-21 09:15:00;115,60
2018-08-21 09:30:00;115,36
2018-08-21 09:45:00;115,40
2018-08-21 10:00:00;112,28
2018-08-21 10:15:00;122,60
2018-08-21 10:30:00;134,52
2018-08-21 10:45:00;128,08
2018-08-21 11:00:00;121,56
2018-08-21 11:15:00;102,36
2018-08-21 11:30:00;92,68
2018-08-21 11:45:00;95,24
2018-08-21 12:00:00;100,76
2018-08-21 12:15:00;113,64
2018-08-21 12:30:00;115,00
2018-08-21 12:45:00;122,00
2018-08-21 13:00:00;117,96
2018-08-21 13:15:00;114,48
2018-08-21 13:30:00;120,76
2018-08-21 13:45:00;113,72
2018-08-21 14:00:00;110,28
2018-08-21 14:15:00;108,80
2018-08-21 14:30:00;108,00
2018-08-21 14:45:00;111,12
2018-08-21 15:00:00;100,28
2018-08-21 15:15:00;106,76
2018-08-21 15:30:00;101,68
2018-08-21 15:45:00;71,16
2018-08-21 16:00:00;60,24
2018-08-21 16:15:00;52,60
2018-08-21 16:30:00;48,36
2018-08-21 16:45:00;43,76
2018-08-21 17:00:00;39,64
2018-08-21 17:15:00;38,24
2018-08-21 17:30:00;37,96
2018-08-21 17:45:00;36,16
2018-08-21 18:00:00;37,76
2018-08-21 18:15:00;37,16
2018-08-21 18:30:00;36,92
2018-08-21 18:45:00;36,72
2018-08-21 19:00:00;36,72
2018-08-21 19:15:00;35,68
2018-08-21 19:30:00;38,04
2018-08-21 19:45:00;35,60
2018-08-21 20:00:00;36,32
2018-08-21 20:15:00;35,60
2018-08-21 20:30:00;33,60
2018-08-21 20:45:00;34,36
2018-08-21 21:00:00;32,56
2018-08-21 21:15:00;34,56
2018-08-21 21:30:00;33,24
2018-08-21 21:45:00;33,16
2018-08-21 22:00:00;31,68
2018-08-21 22:15:00;30,60
2018-08-21 22:30:00;33,56
2018-08-21 22:45:00;31,12
2018-08-21 23:00:00;31,40
2018-08-21 23:15:00;31,44
2018-08-21 23:30:00;32,08
2018-08-21 23:45:00;31,56
2018-08-22 00:00:00;30,36
2018-08-22 00:15:00;31,96
2018-08-22 00:30:00;32,32
2018-08-22 00:45:00;31,84
2018-08-22 01:00:00;30,40
2018-08-22 01:15:00;30,36
2018-08-22 01:30:00;30,48
2018-08-22 01:45:00;29,32
2018-08-22 02:00:00;28,60
2018-08-22 02:15:00;29,00
2018-08-22 02:30:00;28,64
2018-08-22 02:45:00;29,68
2018-08-22 03:00:00;29,20
2018-08-22 03:15:00;29,12
2018-08-22 03:30:00;28,76
2018-08-22 03:45:00;28,40
2018-08-22 04:00:00;29,44
2018-08-22 04:15:00;28,32
2018-08-22 04:30:00;28,12
2018-08-22 04:45:00;29,32
2018-08-22 05:00:00;26,48
2018-08-22 05:15:00;28,84
2018-08-22 05:30:00;28,80
2018-08-22 05:45:00;31,04
2018-08-22 06:00:00;37,24
2018-08-22 06:15:00;62,24
2018-08-22 06:30:00;79,60
2018-08-22 06:45:00;95,52
2018-08-22 07:00:00;99,88
2018-08-22 07:15:00;100,56
2018-08-22 07:30:00;105,24
2018-08-22 07:45:00;102,80
2018-08-22 08:00:00;104,96
2018-08-22 08:15:00;90,52
2018-08-22 08:30:00;98,24
2018-08-22 08:45:00;106,84
2018-08-22 09:00:00;107,88
2018-08-22 09:15:00;123,60
2018-08-22 09:30:00;114,08
2018-08-22 09:45:00;117,44
2018-08-22 10:00:00;111,44
2018-08-22 10:15:00;117,04
2018-08-22 10:30:00;121,36
2018-08-22 10:45:00;118,72
2018-08-22 11:00:00;108,04
2018-08-22 11:15:00;101,68
2018-08-22 11:30:00;99,96
2018-08-22 11:45:00;109,72
2018-08-22 12:00:00;109,44
2018-08-22 12:15:00;114,88
2018-08-22 12:30:00;114,20
2018-08-22 12:45:00;115,20
2018-08-22 13:00:00;112,52
2018-08-22 13:15:00;105,88
2018-08-22 13:30:00;110,36
2018-08-22 13:45:00;117,32
2018-08-22 14:00:00;124,16
2018-08-22 14:15:00;108,92
2018-08-22 14:30:00;105,40
2018-08-22 14:45:00;103,08
2018-08-22 15:00:00;123,28
2018-08-22 15:15:00;115,12
2018-08-22 15:30:00;114,44
2018-08-22 15:45:00;101,12
2018-08-22 16:00:00;90,36
2018-08-22 16:15:00;75,36
2018-08-22 16:30:00;70,60
2018-08-22 16:45:00;64,28
2018-08-22 17:00:00;64,84
2018-08-22 17:15:00;61,24
2018-08-22 17:30:00;55,96
2018-08-22 17:45:00;48,96
2018-08-22 18:00:00;46,72
2018-08-22 18:15:00;44,40
2018-08-22 18:30:00;44,20
2018-08-22 18:45:00;41,64
2018-08-22 19:00:00;42,84
2018-08-22 19:15:00;43,56
2018-08-22 19:30:00;41,24
2018-08-22 19:45:00;42,96
2018-08-22 20:00:00;42,40
2018-08-22 20:15:00;43,00
2018-08-22 20:30:00;41,92
2018-08-22 20:45:00;42,60
2018-08-22 21:00:00;41,76
2018-08-22 21:15:00;43,88
2018-08-22 21:30:00;40,80
2018-08-22 21:45:00;42,36
2018-08-22 22:00:00;41,84
2018-08-22 22:15:00;40,16
2018-08-22 22:30:00;39,68
2018-08-22 22:45:00;40,84
2018-08-22 23:00:00;39,16
2018-08-22 23:15:00;39,36
2018-08-22 23:30:00;35,88
2018-08-22 23:45:00;36,08
2018-08-23 00:00:00;37,60
2018-08-23 00:15:00;36,16
2018-08-23 00:30:00;37,36
2018-08-23 00:45:00;38,72
2018-08-23 01:00:00;37,64
2018-08-23 01:15:00;37,84
2018-08-23 01:30:00;37,96
2018-08-23 01:45:00;36,56
2018-08-23 02:00:00;38,44
2018-08-23 02:15:00;37,36
2018-08-23 02:30:00;36,56
2018-08-23 02:45:00;38,88
2018-08-23 03:00:00;37,28
2018-08-23 03:15:00;37,64
2018-08-23 03:30:00;38,64
2018-08-23 03:45:00;35,80
2018-08-23 04:00:00;37,88
2018-08-23 04:15:00;37,40
2018-08-23 04:30:00;36,76
2018-08-23 04:45:00;38,40
2018-08-23 05:00:00;35,28
2018-08-23 05:15:00;37,68
2018-08-23 05:30:00;38,40
2018-08-23 05:45:00;44,52
2018-08-23 06:00:00;52,56
2018-08-23 06:15:00;79,56
2018-08-23 06:30:00;94,56
2018-08-23 06:45:00;94,08
2018-08-23 07:00:00;102,64
2018-08-23 07:15:00;96,56
2018-08-23 07:30:00;104,52
2018-08-23 07:45:00;110,44
2018-08-23 08:00:00;123,68
2018-08-23 08:15:00;116,44
2018-08-23 08:30:00;105,76
2018-08-23 08:45:00;114,60
2018-08-23 09:00:00;111,76
2018-08-23 09:15:00;110,24
2018-08-23 09:30:00;109,40
2018-08-23 09:45:00;99,88
2018-08-23 10:00:00;99,52
2018-08-23 10:15:00;98,76
2018-08-23 10:30:00;111,92
2018-08-23 10:45:00;120,44
2018-08-23 11:00:00;120,08
2018-08-23 11:15:00;109,04
2018-08-23 11:30:00;96,76
2018-08-23 11:45:00;108,64
2018-08-23 12:00:00;112,00
2018-08-23 12:15:00;114,44
2018-08-23 12:30:00;126,88
2018-08-23 12:45:00;118,84
2018-08-23 13:00:00;128,68
2018-08-23 13:15:00;132,56
2018-08-23 13:30:00;130,08
2018-08-23 13:45:00;131,20
2018-08-23 14:00:00;129,00
2018-08-23 14:15:00;128,96
2018-08-23 14:30:00;123,04
2018-08-23 14:45:00;126,32
2018-08-23 15:00:00;132,72
2018-08-23 15:15:00;139,16
2018-08-23 15:30:00;123,48
2018-08-23 15:45:00;92,64
2018-08-23 16:00:00;82,80
2018-08-23 16:15:00;75,20
2018-08-23 16:30:00;64,76
2018-08-23 16:45:00;62,12
2018-08-23 17:00:00;60,40
2018-08-23 17:15:00;56,12
2018-08-23 17:30:00;57,88
2018-08-23 17:45:00;48,48
2018-08-23 18:00:00;42,64
2018-08-23 18:15:00;42,96
2018-08-23 18:30:00;40,52
2018-08-23 18:45:00;42,04
2018-08-23 19:00:00;41,96
2018-08-23 19:15:00;42,40
2018-08-23 19:30:00;41,24
2018-08-23 19:45:00;41,96
2018-08-23 20:00:00;42,80
2018-08-23 20:15:00;40,52
2018-08-23 20:30:00;40,96
2018-08-23 20:45:00;39,56
2018-08-23 21:00:00;42,36
2018-08-23 21:15:00;40,56
2018-08-23 21:30:00;39,20
2018-08-23 21:45:00;41,16
2018-08-23 22:00:00;39,40
2018-08-23 22:15:00;41,00
2018-08-23 22:30:00;39,04
2018-08-23 22:45:00;39,12
2018-08-23 23:00:00;39,36
2018-08-23 23:15:00;37,88
2018-08-23 23:30:00;35,60
2018-08-23 23:45:00;36,16
2018-08-24 00:00:00;36,76
2018-08-24 00:15:00;35,96
2018-08-24 00:30:00;35,60
2018-08-24 00:45:00;35,96
2018-08-24 01:00:00;34,04
2018-08-24 01:15:00;34,36
2018-08-24 01:30:00;34,16
2018-08-24 01:45:00;34,20
2018-08-24 02:00:00;33,72
2018-08-24 02:15:00;33,48
2018-08-24 02:30:00;33,44
2018-08-24 02:45:00;31,40
2018-08-24 03:00:00;31,16
2018-08-24 03:15:00;32,40
2018-08-24 03:30:00;30,84
2018-08-24 03:45:00;31,64
2018-08-24 04:00:00;32,04
2018-08-24 04:15:00;30,88
2018-08-24 04:30:00;32,28
2018-08-24 04:45:00;30,16
2018-08-24 05:00:00;32,00
2018-08-24 05:15:00;30,40
2018-08-24 05:30:00;37,12
2018-08-24 05:45:00;47,60
2018-08-24 06:00:00;53,72
2018-08-24 06:15:00;78,24
2018-08-24 06:30:00;103,52
2018-08-24 06:45:00;112,76
2018-08-24 07:00:00;110,00
2018-08-24 07:15:00;101,20
2018-08-24 07:30:00;114,36
2018-08-24 07:45:00;110,40
2018-08-24 08:00:00;109,00
2018-08-24 08:15:00;98,96
2018-08-24 08:30:00;108,20
2018-08-24 08:45:00;109,96
2018-08-24 09:00:00;112,36
2018-08-24 09:15:00;120,92
2018-08-24 09:30:00;119,72
2018-08-24 09:45:00;113,84
2018-08-24 10:00:00;119,32
2018-08-24 10:15:00;108,64
2018-08-24 10:30:00;113,44
2018-08-24 10:45:00;117,08
2018-08-24 11:00:00;108,52
2018-08-24 11:15:00;96,48
2018-08-24 11:30:00;84,36
2018-08-24 11:45:00;93,36
2018-08-24 12:00:00;95,04
2018-08-24 12:15:00;100,92
2018-08-24 12:30:00;96,72
2018-08-24 12:45:00;91,48
2018-08-24 13:00:00;97,48
2018-08-24 13:15:00;94,12
2018-08-24 13:30:00;93,52
2018-08-24 13:45:00;87,96
2018-08-24 14:00:00;68,92
2018-08-24 14:15:00;66,80
2018-08-24 14:30:00;63,64
2018-08-24 14:45:00;57,40
2018-08-24 15:00:00;52,88
2018-08-24 15:15:00;52,48
2018-08-24 15:30:00;50,32
2018-08-24 15:45:00;50,16
2018-08-24 16:00:00;50,16
2018-08-24 16:15:00;48,84
2018-08-24 16:30:00;43,00
2018-08-24 16:45:00;42,60
2018-08-24 17:00:00;43,04
2018-08-24 17:15:00;39,36
2018-08-24 17:30:00;31,36
2018-08-24 17:45:00;30,88
2018-08-24 18:00:00;28,00
2018-08-24 18:15:00;26,12
2018-08-24 18:30:00;27,60
2018-08-24 18:45:00;26,64
2018-08-24 19:00:00;25,00
2018-08-24 19:15:00;24,32
2018-08-24 19:30:00;26,00
2018-08-24 19:45:00;23,72
2018-08-24 20:00:00;24,96
2018-08-24 20:15:00;24,36
2018-08-24 20:30:00;24,24
2018-08-24 20:45:00;23,28
2018-08-24 21:00:00;24,60
2018-08-24 21:15:00;23,52
2018-08-24 21:30:00;24,32
2018-08-24 21:45:00;23,52
2018-08-24 22:00:00;23,68
2018-08-24 22:15:00;23,92
2018-08-24 22:30:00;23,08
2018-08-24 22:45:00;22,12
2018-08-24 23:00:00;24,36
2018-08-24 23:15:00;22,44
2018-08-24 23:30:00;23,16
2018-08-24 23:45:00;21,60
2018-08-25 00:00:00;23,40
2018-08-25 00:15:00;18,20
2018-08-25 00:30:00;18,20
2018-08-25 00:45:00;18,92
2018-08-25 01:00:00;17,32
2018-08-25 01:15:00;18,36
2018-08-25 01:30:00;19,76
2018-08-25 01:45:00;18,32
2018-08-25 02:00:00;17,92
2018-08-25 02:15:00;18,32
2018-08-25 02:30:00;17,00
2018-08-25 02:45:00;18,00
2018-08-25 03:00:00;19,32
2018-08-25 03:15:00;16,24
2018-08-25 03:30:00;16,32
2018-08-25 03:45:00;18,40
2018-08-25 04:00:00;18,04
2018-08-25 04:15:00;16,88
2018-08-25 04:30:00;15,36
2018-08-25 04:45:00;18,32
2018-08-25 05:00:00;17,56
2018-08-25 05:15:00;16,40
2018-08-25 05:30:00;17,28
2018-08-25 05:45:00;17,12
2018-08-25 06:00:00;19,96
2018-08-25 06:15:00;20,68
2018-08-25 06:30:00;21,80
2018-08-25 06:45:00;19,92
2018-08-25 07:00:00;20,16
2018-08-25 07:15:00;21,24
2018-08-25 07:30:00;23,96
2018-08-25 07:45:00;27,16
2018-08-25 08:00:00;29,16
2018-08-25 08:15:00;30,08
2018-08-25 08:30:00;29,52
2018-08-25 08:45:00;31,04
2018-08-25 09:00:00;29,80
2018-08-25 09:15:00;31,76
2018-08-25 09:30:00;31,32
2018-08-25 09:45:00;29,60
2018-08-25 10:00:00;30,48
2018-08-25 10:15:00;29,76
2018-08-25 10:30:00;29,72
2018-08-25 10:45:00;27,16
2018-08-25 11:00:00;28,72
2018-08-25 11:15:00;29,28
2018-08-25 11:30:00;28,88
2018-08-25 11:45:00;28,52
2018-08-25 12:00:00;24,60
2018-08-25 12:15:00;23,80
2018-08-25 12:30:00;22,96
2018-08-25 12:45:00;23,80
2018-08-25 13:00:00;24,64
2018-08-25 13:15:00;30,92
2018-08-25 13:30:00;35,32
2018-08-25 13:45:00;31,16
2018-08-25 14:00:00;32,80
2018-08-25 14:15:00;34,72
2018-08-25 14:30:00;32,92
2018-08-25 14:45:00;34,84
2018-08-25 15:00:00;39,24
2018-08-25 15:15:00;34,72
2018-08-25 15:30:00;36,48
2018-08-25 15:45:00;36,88
2018-08-25 16:00:00;39,48
2018-08-25 16:15:00;33,68
2018-08-25 16:30:00;32,76
2018-08-25 16:45:00;31,72
2018-08-25 17:00:00;34,24
2018-08-25 17:15:00;31,60
2018-08-25 17:30:00;33,28
2018-08-25 17:45:00;33,08
2018-08-25 18:00:00;30,80
2018-08-25 18:15:00;32,04
2018-08-25 18:30:00;32,40
2018-08-25 18:45:00;29,52
2018-08-25 19:00:00;33,88
2018-08-25 19:15:00;29,64
2018-08-25 19:30:00;32,36
2018-08-25 19:45:00;33,16
2018-08-25 20:00:00;30,68
2018-08-25 20:15:00;32,40
2018-08-25 20:30:00;31,56
2018-08-25 20:45:00;31,88
2018-08-25 21:00:00;32,08
2018-08-25 21:15:00;32,36
2018-08-25 21:30:00;30,76
2018-08-25 21:45:00;32,00
2018-08-25 22:00:00;31,88
2018-08-25 22:15:00;30,92
2018-08-25 22:30:00;32,16
2018-08-25 22:45:00;31,16
2018-08-25 23:00:00;31,56
2018-08-25 23:15:00;31,92
2018-08-25 23:30:00;30,08
2018-08-25 23:45:00;31,36
2018-08-26 00:00:00;30,88
2018-08-26 00:15:00;32,16
2018-08-26 00:30:00;31,92
2018-08-26 00:45:00;32,36
2018-08-26 01:00:00;31,84
2018-08-26 01:15:00;32,76
2018-08-26 01:30:00;32,56
2018-08-26 01:45:00;31,36
2018-08-26 02:00:00;33,48
2018-08-26 02:15:00;30,20
2018-08-26 02:30:00;30,12
2018-08-26 02:45:00;29,76
2018-08-26 03:00:00;28,24
2018-08-26 03:15:00;30,56
2018-08-26 03:30:00;28,64
2018-08-26 03:45:00;29,08
2018-08-26 04:00:00;30,48
2018-08-26 04:15:00;28,96
2018-08-26 04:30:00;26,76
2018-08-26 04:45:00;27,08
2018-08-26 05:00:00;28,16
2018-08-26 05:15:00;25,92
2018-08-26 05:30:00;24,20
2018-08-26 05:45:00;23,60
2018-08-26 06:00:00;25,04
2018-08-26 06:15:00;22,20
2018-08-26 06:30:00;22,52
2018-08-26 06:45:00;22,92
2018-08-26 07:00:00;22,72
2018-08-26 07:15:00;22,84
2018-08-26 07:30:00;22,92
2018-08-26 07:45:00;22,12
2018-08-26 08:00:00;22,84
2018-08-26 08:15:00;22,88
2018-08-26 08:30:00;21,72
2018-08-26 08:45:00;22,64
2018-08-26 09:00:00;23,44
2018-08-26 09:15:00;24,16
2018-08-26 09:30:00;25,32
2018-08-26 09:45:00;26,04
2018-08-26 10:00:00;25,80
2018-08-26 10:15:00;25,56
2018-08-26 10:30:00;24,52
2018-08-26 10:45:00;27,44
2018-08-26 11:00:00;26,04
2018-08-26 11:15:00;29,44
2018-08-26 11:30:00;29,92
2018-08-26 11:45:00;28,92
2018-08-26 12:00:00;32,40
2018-08-26 12:15:00;34,48
2018-08-26 12:30:00;33,84
2018-08-26 12:45:00;32,52
2018-08-26 13:00:00;29,68
2018-08-26 13:15:00;31,32
2018-08-26 13:30:00;34,40
2018-08-26 13:45:00;33,20
2018-08-26 14:00:00;28,44
2018-08-26 14:15:00;27,60
2018-08-26 14:30:00;27,44
2018-08-26 14:45:00;27,72
2018-08-26 15:00:00;29,40
2018-08-26 15:15:00;27,88
2018-08-26 15:30:00;29,56
2018-08-26 15:45:00;26,56
2018-08-26 16:00:00;28,56
2018-08-26 16:15:00;27,32
2018-08-26 16:30:00;28,16
2018-08-26 16:45:00;26,60
2018-08-26 17:00:00;32,84
2018-08-26 17:15:00;32,68
2018-08-26 17:30:00;30,40
2018-08-26 17:45:00;29,24
2018-08-26 18:00:00;31,12
2018-08-26 18:15:00;28,56
2018-08-26 18:30:00;31,92
2018-08-26 18:45:00;31,56
2018-08-26 19:00:00;30,12
2018-08-26 19:15:00;28,32
2018-08-26 19:30:00;27,76
2018-08-26 19:45:00;29,20
2018-08-26 20:00:00;28,44
2018-08-26 20:15:00;27,80
2018-08-26 20:30:00;27,28
2018-08-26 20:45:00;28,16
2018-08-26 21:00:00;27,36
2018-08-26 21:15:00;28,36
2018-08-26 21:30:00;27,60
2018-08-26 21:45:00;28,40
2018-08-26 22:00:00;28,00
2018-08-26 22:15:00;28,12
2018-08-26 22:30:00;27,40
2018-08-26 22:45:00;27,76
2018-08-26 23:00:00;27,56
2018-08-26 23:15:00;28,40
2018-08-26 23:30:00;27,20
2018-08-26 23:45:00;28,44
2018-08-27 00:00:00;27,68
2018-08-27 00:15:00;26,84
2018-08-27 00:30:00;30,28
2018-08-27 00:45:00;29,28
2018-08-27 01:00:00;28,40
2018-08-27 01:15:00;29,64
2018-08-27 01:30:00;29,92
2018-08-27 01:45:00;28,84
2018-08-27 02:00:00;29,04
2018-08-27 02:15:00;28,88
2018-08-27 02:30:00;29,72
2018-08-27 02:45:00;29,48
2018-08-27 03:00:00;28,64
2018-08-27 03:15:00;28,88
2018-08-27 03:30:00;29,04
2018-08-27 03:45:00;29,12
2018-08-27 04:00:00;29,12
2018-08-27 04:15:00;28,16
2018-08-27 04:30:00;29,52
2018-08-27 04:45:00;28,00
2018-08-27 05:00:00;27,96
2018-08-27 05:15:00;31,12
2018-08-27 05:30:00;29,24
2018-08-27 05:45:00;42,00
2018-08-27 06:00:00;53,76
2018-08-27 06:15:00;76,84
2018-08-27 06:30:00;93,12
2018-08-27 06:45:00;109,88
2018-08-27 07:00:00;111,92
2018-08-27 07:15:00;110,64
2018-08-27 07:30:00;121,52
2018-08-27 07:45:00;119,96
2018-08-27 08:00:00;121,32
2018-08-27 08:15:00;103,00
2018-08-27 08:30:00;118,00
2018-08-27 08:45:00;124,72
2018-08-27 09:00:00;112,52
2018-08-27 09:15:00;118,32
2018-08-27 09:30:00;123,36
2018-08-27 09:45:00;117,80
2018-08-27 10:00:00;121,60
2018-08-27 10:15:00;114,48
2018-08-27 10:30:00;127,04
2018-08-27 10:45:00;127,84
2018-08-27 11:00:00;120,84
2018-08-27 11:15:00;99,40
2018-08-27 11:30:00;91,36
2018-08-27 11:45:00;94,28
2018-08-27 12:00:00;120,00
2018-08-27 12:15:00;135,32
2018-08-27 12:30:00;127,20
2018-08-27 12:45:00;126,56
2018-08-27 13:00:00;128,52
2018-08-27 13:15:00;122,44
2018-08-27 13:30:00;124,16
2018-08-27 13:45:00;119,32
2018-08-27 14:00:00;125,96
2018-08-27 14:15:00;128,16
2018-08-27 14:30:00;123,24
2018-08-27 14:45:00;118,16
2018-08-27 15:00:00;101,72
2018-08-27 15:15:00;130,36
2018-08-27 15:30:00;111,96
2018-08-27 15:45:00;82,84
2018-08-27 16:00:00;72,88
2018-08-27 16:15:00;77,32
2018-08-27 16:30:00;78,48
2018-08-27 16:45:00;71,84
2018-08-27 17:00:00;65,44
2018-08-27 17:15:00;57,56
2018-08-27 17:30:00;53,56
2018-08-27 17:45:00;51,12
2018-08-27 18:00:00;53,96
2018-08-27 18:15:00;50,64
2018-08-27 18:30:00;43,64
2018-08-27 18:45:00;43,80
2018-08-27 19:00:00;41,96
2018-08-27 19:15:00;40,76
2018-08-27 19:30:00;38,56
2018-08-27 19:45:00;37,60
2018-08-27 20:00:00;36,00
2018-08-27 20:15:00;34,56
2018-08-27 20:30:00;33,72
2018-08-27 20:45:00;33,28
2018-08-27 21:00:00;31,84
2018-08-27 21:15:00;31,12
2018-08-27 21:30:00;31,76
2018-08-27 21:45:00;32,16
2018-08-27 22:00:00;31,80
2018-08-27 22:15:00;30,84
2018-08-27 22:30:00;31,00
2018-08-27 22:45:00;31,64
2018-08-27 23:00:00;31,20
2018-08-27 23:15:00;31,24
2018-08-27 23:30:00;31,36
2018-08-27 23:45:00;31,04
2018-08-28 00:00:00;31,56
2018-08-28 00:15:00;31,32
2018-08-28 00:30:00;32,12
2018-08-28 00:45:00;32,80
2018-08-28 01:00:00;32,32
2018-08-28 01:15:00;32,32
2018-08-28 01:30:00;31,96
2018-08-28 01:45:00;32,48
2018-08-28 02:00:00;32,00
2018-08-28 02:15:00;32,40
2018-08-28 02:30:00;31,84
2018-08-28 02:45:00;32,08
2018-08-28 03:00:00;32,40
2018-08-28 03:15:00;32,60
2018-08-28 03:30:00;30,80
2018-08-28 03:45:00;33,76
2018-08-28 04:00:00;30,40
2018-08-28 04:15:00;33,20
2018-08-28 04:30:00;31,32
2018-08-28 04:45:00;31,44
2018-08-28 05:00:00;32,52
2018-08-28 05:15:00;32,28
2018-08-28 05:30:00;33,32
2018-08-28 05:45:00;50,56
2018-08-28 06:00:00;58,88
2018-08-28 06:15:00;90,60
2018-08-28 06:30:00;109,60
2018-08-28 06:45:00;115,64
2018-08-28 07:00:00;113,40
2018-08-28 07:15:00;113,04
2018-08-28 07:30:00;104,36
2018-08-28 07:45:00;115,20
2018-08-28 08:00:00;119,56
2018-08-28 08:15:00;110,52
2018-08-28 08:30:00;115,52
2018-08-28 08:45:00;116,00
2018-08-28 09:00:00;118,12
2018-08-28 09:15:00;119,52
2018-08-28 09:30:00;116,32
2018-08-28 09:45:00;122,24
2018-08-28 10:00:00;113,88
2018-08-28 10:15:00;114,04
2018-08-28 10:30:00;111,40
2018-08-28 10:45:00;120,52
2018-08-28 11:00:00;116,36
2018-08-28 11:15:00;104,52
2018-08-28 11:30:00;100,96
2018-08-28 11:45:00;99,20
2018-08-28 12:00:00;111,12
2018-08-28 12:15:00;109,84
2018-08-28 12:30:00;110,12
2018-08-28 12:45:00;118,56
2018-08-28 13:00:00;118,68
2018-08-28 13:15:00;125,28
2018-08-28 13:30:00;123,36
2018-08-28 13:45:00;118,68
2018-08-28 14:00:00;124,96
2018-08-28 14:15:00;122,88
2018-08-28 14:30:00;120,92
2018-08-28 14:45:00;128,20
2018-08-28 15:00:00;120,64
2018-08-28 15:15:00;121,88
2018-08-28 15:30:00;119,48
2018-08-28 15:45:00;91,76
2018-08-28 16:00:00;84,00
2018-08-28 16:15:00;76,56
2018-08-28 16:30:00;74,44
2018-08-28 16:45:00;55,32
2018-08-28 17:00:00;48,32
2018-08-28 17:15:00;42,60
2018-08-28 17:30:00;41,28
2018-08-28 17:45:00;40,84
2018-08-28 18:00:00;37,04
2018-08-28 18:15:00;35,36
2018-08-28 18:30:00;36,44
2018-08-28 18:45:00;32,88
2018-08-28 19:00:00;34,08
2018-08-28 19:15:00;32,92
2018-08-28 19:30:00;33,24
2018-08-28 19:45:00;33,36
2018-08-28 20:00:00;35,12
2018-08-28 20:15:00;37,92
2018-08-28 20:30:00;36,52
2018-08-28 20:45:00;37,28
2018-08-28 21:00:00;36,68
2018-08-28 21:15:00;36,88
2018-08-28 21:30:00;34,12
2018-08-28 21:45:00;35,08
2018-08-28 22:00:00;34,72
2018-08-28 22:15:00;34,48
2018-08-28 22:30:00;34,44
2018-08-28 22:45:00;33,32
2018-08-28 23:00:00;33,12
2018-08-28 23:15:00;34,00
2018-08-28 23:30:00;33,72
2018-08-28 23:45:00;34,48
2018-08-29 00:00:00;32,92
2018-08-29 00:15:00;33,76
2018-08-29 00:30:00;35,36
2018-08-29 00:45:00;35,08
2018-08-29 01:00:00;34,44
2018-08-29 01:15:00;35,72
2018-08-29 01:30:00;33,84
2018-08-29 01:45:00;36,48
2018-08-29 02:00:00;33,72
2018-08-29 02:15:00;34,96
2018-08-29 02:30:00;35,00
2018-08-29 02:45:00;35,08
2018-08-29 03:00:00;33,56
2018-08-29 03:15:00;35,92
2018-08-29 03:30:00;33,16
2018-08-29 03:45:00;34,96
2018-08-29 04:00:00;34,48
2018-08-29 04:15:00;34,52
2018-08-29 04:30:00;33,36
2018-08-29 04:45:00;34,80
2018-08-29 05:00:00;34,00
2018-08-29 05:15:00;35,12
2018-08-29 05:30:00;36,52
2018-08-29 05:45:00;42,44
2018-08-29 06:00:00;61,48
2018-08-29 06:15:00;98,04
2018-08-29 06:30:00;110,76
2018-08-29 06:45:00;120,84
2018-08-29 07:00:00;116,76
2018-08-29 07:15:00;129,52
2018-08-29 07:30:00;133,12
2018-08-29 07:45:00;149,88
2018-08-29 08:00:00;147,00
2018-08-29 08:15:00;131,44
2018-08-29 08:30:00;136,80
2018-08-29 08:45:00;145,20
2018-08-29 09:00:00;142,44
2018-08-29 09:15:00;131,28
2018-08-29 09:30:00;124,88
2018-08-29 09:45:00;134,00
2018-08-29 10:00:00;135,84
2018-08-29 10:15:00;137,84
2018-08-29 10:30:00;140,00
2018-08-29 10:45:00;118,60
2018-08-29 11:00:00;118,52
2018-08-29 11:15:00;109,96
2018-08-29 11:30:00;99,72
2018-08-29 11:45:00;105,44
2018-08-29 12:00:00;107,40
2018-08-29 12:15:00;114,72
2018-08-29 12:30:00;127,64
2018-08-29 12:45:00;115,92
2018-08-29 13:00:00;125,12
2018-08-29 13:15:00;114,36
2018-08-29 13:30:00;127,04
2018-08-29 13:45:00;126,80
2018-08-29 14:00:00;117,40
2018-08-29 14:15:00;111,68
2018-08-29 14:30:00;120,80
2018-08-29 14:45:00;119,48
2018-08-29 15:00:00;122,68
2018-08-29 15:15:00;129,64
2018-08-29 15:30:00;117,40
2018-08-29 15:45:00;94,04
2018-08-29 16:00:00;86,76
2018-08-29 16:15:00;81,48
2018-08-29 16:30:00;70,12
2018-08-29 16:45:00;66,56
2018-08-29 17:00:00;61,48
2018-08-29 17:15:00;54,56
2018-08-29 17:30:00;53,64
2018-08-29 17:45:00;47,52
2018-08-29 18:00:00;44,80
2018-08-29 18:15:00;41,56
2018-08-29 18:30:00;39,64
2018-08-29 18:45:00;37,92
2018-08-29 19:00:00;38,60
2018-08-29 19:15:00;37,68
2018-08-29 19:30:00;36,88
2018-08-29 19:45:00;38,68
2018-08-29 20:00:00;37,48
2018-08-29 20:15:00;38,96
2018-08-29 20:30:00;35,40
2018-08-29 20:45:00;40,04
2018-08-29 21:00:00;36,16
2018-08-29 21:15:00;36,48
2018-08-29 21:30:00;35,08
2018-08-29 21:45:00;35,20
2018-08-29 22:00:00;32,16
2018-08-29 22:15:00;32,84
2018-08-29 22:30:00;30,96
2018-08-29 22:45:00;31,20
2018-08-29 23:00:00;28,76
2018-08-29 23:15:00;31,40
2018-08-29 23:30:00;30,60
2018-08-29 23:45:00;28,44
2018-08-30 00:00:00;29,88
2018-08-30 00:15:00;28,28
2018-08-30 00:30:00;31,32
2018-08-30 00:45:00;30,88
2018-08-30 01:00:00;29,56
2018-08-30 01:15:00;31,56
2018-08-30 01:30:00;30,92
2018-08-30 01:45:00;30,64
2018-08-30 02:00:00;30,96
2018-08-30 02:15:00;30,44
2018-08-30 02:30:00;30,68
2018-08-30 02:45:00;31,40
2018-08-30 03:00:00;31,24
2018-08-30 03:15:00;29,60
2018-08-30 03:30:00;30,72
2018-08-30 03:45:00;31,68
2018-08-30 04:00:00;29,12
2018-08-30 04:15:00;30,20
2018-08-30 04:30:00;31,72
2018-08-30 04:45:00;29,68
2018-08-30 05:00:00;30,36
2018-08-30 05:15:00;31,88
2018-08-30 05:30:00;35,16
2018-08-30 05:45:00;45,92
2018-08-30 06:00:00;49,84
2018-08-30 06:15:00;77,80
2018-08-30 06:30:00;90,24
2018-08-30 06:45:00;97,56
2018-08-30 07:00:00;98,32
2018-08-30 07:15:00;111,68
2018-08-30 07:30:00;114,92
2018-08-30 07:45:00;129,76
2018-08-30 08:00:00;127,04
2018-08-30 08:15:00;116,48
2018-08-30 08:30:00;116,00
2018-08-30 08:45:00;132,72
2018-08-30 09:00:00;145,72
2018-08-30 09:15:00;149,04
2018-08-30 09:30:00;139,44
2018-08-30 09:45:00;136,44
2018-08-30 10:00:00;126,52
2018-08-30 10:15:00;126,92
2018-08-30 10:30:00;135,88
2018-08-30 10:45:00;131,04
2018-08-30 11:00:00;139,36
2018-08-30 11:15:00;108,04
2018-08-30 11:30:00;100,56
2018-08-30 11:45:00;107,24
2018-08-30 12:00:00;122,68
2018-08-30 12:15:00;132,08
2018-08-30 12:30:00;148,04
2018-08-30 12:45:00;141,48
2018-08-30 13:00:00;133,36
2018-08-30 13:15:00;124,96
2018-08-30 13:30:00;120,44
2018-08-30 13:45:00;116,08
2018-08-30 14:00:00;113,72
2018-08-30 14:15:00;116,40
2018-08-30 14:30:00;123,20
2018-08-30 14:45:00;115,88
2018-08-30 15:00:00;124,24
2018-08-30 15:15:00;122,16
2018-08-30 15:30:00;115,60
2018-08-30 15:45:00;93,28
2018-08-30 16:00:00;89,20
2018-08-30 16:15:00;83,04
2018-08-30 16:30:00;86,68
2018-08-30 16:45:00;76,92
2018-08-30 17:00:00;68,84
2018-08-30 17:15:00;49,76
2018-08-30 17:30:00;47,20
2018-08-30 17:45:00;43,76
2018-08-30 18:00:00;40,48
2018-08-30 18:15:00;40,60
2018-08-30 18:30:00;39,28
2018-08-30 18:45:00;38,32
2018-08-30 19:00:00;37,20
2018-08-30 19:15:00;38,44
2018-08-30 19:30:00;40,80
2018-08-30 19:45:00;37,56
2018-08-30 20:00:00;42,84
2018-08-30 20:15:00;47,36
2018-08-30 20:30:00;47,80
2018-08-30 20:45:00;45,72
2018-08-30 21:00:00;44,36
2018-08-30 21:15:00;40,64
2018-08-30 21:30:00;41,44
2018-08-30 21:45:00;42,68
2018-08-30 22:00:00;39,20
2018-08-30 22:15:00;39,52
2018-08-30 22:30:00;36,64
2018-08-30 22:45:00;35,88
2018-08-30 23:00:00;38,00
2018-08-30 23:15:00;35,44
2018-08-30 23:30:00;36,36
2018-08-30 23:45:00;33,80
2018-08-31 00:00:00;33,20
2018-08-31 00:15:00;33,40
2018-08-31 00:30:00;33,04
2018-08-31 00:45:00;35,36
2018-08-31 01:00:00;35,84
2018-08-31 01:15:00;33,04
2018-08-31 01:30:00;33,80
2018-08-31 01:45:00;34,64
2018-08-31 02:00:00;32,88
2018-08-31 02:15:00;34,56
2018-08-31 02:30:00;34,56
2018-08-31 02:45:00;33,28
2018-08-31 03:00:00;34,56
2018-08-31 03:15:00;32,72
2018-08-31 03:30:00;35,52
2018-08-31 03:45:00;33,08
2018-08-31 04:00:00;33,80
2018-08-31 04:15:00;33,20
2018-08-31 04:30:00;34,60
2018-08-31 04:45:00;33,60
2018-08-31 05:00:00;33,80
2018-08-31 05:15:00;35,00
2018-08-31 05:30:00;40,04
2018-08-31 05:45:00;48,76
2018-08-31 06:00:00;54,80
2018-08-31 06:15:00;90,28
2018-08-31 06:30:00;100,32
2018-08-31 06:45:00;102,84
2018-08-31 07:00:00;104,48
2018-08-31 07:15:00;103,24
2018-08-31 07:30:00;100,64
2018-08-31 07:45:00;115,28
2018-08-31 08:00:00;111,76
2018-08-31 08:15:00;101,48
2018-08-31 08:30:00;110,40
2018-08-31 08:45:00;126,28
2018-08-31 09:00:00;124,68
2018-08-31 09:15:00;121,68
2018-08-31 09:30:00;122,24
2018-08-31 09:45:00;112,16
2018-08-31 10:00:00;122,92
2018-08-31 10:15:00;119,96
2018-08-31 10:30:00;114,12
2018-08-31 10:45:00;115,76
2018-08-31 11:00:00;101,96
2018-08-31 11:15:00;84,20
2018-08-31 11:30:00;80,60
2018-08-31 11:45:00;84,16
2018-08-31 12:00:00;91,28
2018-08-31 12:15:00;95,36
2018-08-31 12:30:00;90,36
2018-08-31 12:45:00;91,36
2018-08-31 13:00:00;99,92
2018-08-31 13:15:00;94,84
2018-08-31 13:30:00;96,68
2018-08-31 13:45:00;93,40
2018-08-31 14:00:00;76,52
2018-08-31 14:15:00;72,44
2018-08-31 14:30:00;72,32
2018-08-31 14:45:00;76,40
2018-08-31 15:00:00;75,88
2018-08-31 15:15:00;72,00
2018-08-31 15:30:00;67,08
2018-08-31 15:45:00;64,08
2018-08-31 16:00:00;66,44
2018-08-31 16:15:00;65,36
2018-08-31 16:30:00;64,92
2018-08-31 16:45:00;63,60
2018-08-31 17:00:00;54,20
2018-08-31 17:15:00;52,28
2018-08-31 17:30:00;53,08
2018-08-31 17:45:00;49,68
2018-08-31 18:00:00;46,88
2018-08-31 18:15:00;48,88
2018-08-31 18:30:00;46,92
2018-08-31 18:45:00;39,44
2018-08-31 19:00:00;38,36
2018-08-31 19:15:00;38,28
2018-08-31 19:30:00;39,28
2018-08-31 19:45:00;37,08
2018-08-31 20:00:00;35,92
2018-08-31 20:15:00;33,96
2018-08-31 20:30:00;33,64
2018-08-31 20:45:00;35,64
2018-08-31 21:00:00;35,16
2018-08-31 21:15:00;32,60
2018-08-31 21:30:00;35,88
2018-08-31 21:45:00;33,68
2018-08-31 22:00:00;33,56
2018-08-31 22:15:00;34,52
2018-08-31 22:30:00;31,96
2018-08-31 22:45:00;30,68
2018-08-31 23:00:00;28,80
2018-08-31 23:15:00;26,56
2018-08-31 23:30:00;26,64
2018-08-31 23:45:00;26,28
2018-09-01 00:00:00;25,56
2018-09-01 00:15:00;27,80
2018-09-01 00:30:00;29,04
2018-09-01 00:45:00;26,76
2018-09-01 01:00:00;28,44
2018-09-01 01:15:00;27,12
2018-09-01 01:30:00;26,92
2018-09-01 01:45:00;28,20
2018-09-01 02:00:00;27,80
2018-09-01 02:15:00;28,68
2018-09-01 02:30:00;26,84
2018-09-01 02:45:00;27,44
2018-09-01 03:00:00;28,16
2018-09-01 03:15:00;27,68
2018-09-01 03:30:00;25,84
2018-09-01 03:45:00;25,96
2018-09-01 04:00:00;27,64
2018-09-01 04:15:00;25,36
2018-09-01 04:30:00;28,60
2018-09-01 04:45:00;26,08
2018-09-01 05:00:00;27,84
2018-09-01 05:15:00;27,64
2018-09-01 05:30:00;25,48
2018-09-01 05:45:00;25,96
2018-09-01 06:00:00;27,16
2018-09-01 06:15:00;29,12
2018-09-01 06:30:00;26,12
2018-09-01 06:45:00;29,56
2018-09-01 07:00:00;26,68
2018-09-01 07:15:00;27,88
2018-09-01 07:30:00;22,36
2018-09-01 07:45:00;26,04
2018-09-01 08:00:00;26,44
2018-09-01 08:15:00;30,52
2018-09-01 08:30:00;36,92
2018-09-01 08:45:00;39,20
2018-09-01 09:00:00;41,88
2018-09-01 09:15:00;41,92
2018-09-01 09:30:00;41,32
2018-09-01 09:45:00;41,48
2018-09-01 10:00:00;39,92
2018-09-01 10:15:00;41,36
2018-09-01 10:30:00;41,40
2018-09-01 10:45:00;40,72
2018-09-01 11:00:00;41,28
2018-09-01 11:15:00;40,64
2018-09-01 11:30:00;33,36
2018-09-01 11:45:00;33,60
2018-09-01 12:00:00;30,92
2018-09-01 12:15:00;31,64
2018-09-01 12:30:00;30,24
2018-09-01 12:45:00;30,84
2018-09-01 13:00:00;23,68
2018-09-01 13:15:00;23,56
2018-09-01 13:30:00;23,60
2018-09-01 13:45:00;22,76
2018-09-01 14:00:00;23,88
2018-09-01 14:15:00;22,96
2018-09-01 14:30:00;23,72
2018-09-01 14:45:00;21,88
2018-09-01 15:00:00;21,28
2018-09-01 15:15:00;22,68
2018-09-01 15:30:00;29,00
2018-09-01 15:45:00;30,52
2018-09-01 16:00:00;29,52
2018-09-01 16:15:00;30,24
2018-09-01 16:30:00;31,28
2018-09-01 16:45:00;31,44
2018-09-01 17:00:00;32,36
2018-09-01 17:15:00;39,20
2018-09-01 17:30:00;45,28
2018-09-01 17:45:00;49,40
2018-09-01 18:00:00;45,24
2018-09-01 18:15:00;40,92
2018-09-01 18:30:00;42,72
2018-09-01 18:45:00;46,84
2018-09-01 19:00:00;47,16
2018-09-01 19:15:00;43,24
2018-09-01 19:30:00;45,40
2018-09-01 19:45:00;43,64
2018-09-01 20:00:00;40,64
2018-09-01 20:15:00;33,36
2018-09-01 20:30:00;33,16
2018-09-01 20:45:00;32,08
2018-09-01 21:00:00;31,28
2018-09-01 21:15:00;30,12
2018-09-01 21:30:00;27,40
2018-09-01 21:45:00;27,36
2018-09-01 22:00:00;28,12
2018-09-01 22:15:00;28,16
2018-09-01 22:30:00;27,80
2018-09-01 22:45:00;27,12
2018-09-01 23:00:00;27,32
2018-09-01 23:15:00;27,04
2018-09-01 23:30:00;28,92
2018-09-01 23:45:00;26,60
2018-09-02 00:00:00;25,84
2018-09-02 00:15:00;26,00
2018-09-02 00:30:00;25,80
2018-09-02 00:45:00;24,32
2018-09-02 01:00:00;24,64
2018-09-02 01:15:00;24,68
2018-09-02 01:30:00;24,04
2018-09-02 01:45:00;23,56
2018-09-02 02:00:00;23,12
2018-09-02 02:15:00;23,24
2018-09-02 02:30:00;23,92
2018-09-02 02:45:00;24,08
2018-09-02 03:00:00;22,64
2018-09-02 03:15:00;24,52
2018-09-02 03:30:00;22,72
2018-09-02 03:45:00;25,56
2018-09-02 04:00:00;23,84
2018-09-02 04:15:00;22,04
2018-09-02 04:30:00;24,36
2018-09-02 04:45:00;22,96
2018-09-02 05:00:00;23,48
2018-09-02 05:15:00;23,52
2018-09-02 05:30:00;22,36
2018-09-02 05:45:00;23,76
2018-09-02 06:00:00;23,84
2018-09-02 06:15:00;22,76
2018-09-02 06:30:00;23,12
2018-09-02 06:45:00;23,00
2018-09-02 07:00:00;23,44
2018-09-02 07:15:00;22,64
2018-09-02 07:30:00;22,76
2018-09-02 07:45:00;21,72
2018-09-02 08:00:00;24,16
2018-09-02 08:15:00;22,48
2018-09-02 08:30:00;22,32
2018-09-02 08:45:00;23,52
2018-09-02 09:00:00;22,60
2018-09-02 09:15:00;30,08
2018-09-02 09:30:00;29,16
2018-09-02 09:45:00;29,04
2018-09-02 10:00:00;28,80
2018-09-02 10:15:00;28,56
2018-09-02 10:30:00;25,64
2018-09-02 10:45:00;32,20
2018-09-02 11:00:00;31,04
2018-09-02 11:15:00;28,96
2018-09-02 11:30:00;26,00
2018-09-02 11:45:00;25,28
2018-09-02 12:00:00;31,96
2018-09-02 12:15:00;25,16
2018-09-02 12:30:00;25,80
2018-09-02 12:45:00;27,16
2018-09-02 13:00:00;31,04
2018-09-02 13:15:00;30,80
2018-09-02 13:30:00;32,36
2018-09-02 13:45:00;30,48
2018-09-02 14:00:00;30,84
2018-09-02 14:15:00;31,56
2018-09-02 14:30:00;31,00
2018-09-02 14:45:00;30,24
2018-09-02 15:00:00;30,88
2018-09-02 15:15:00;31,08
2018-09-02 15:30:00;30,28
2018-09-02 15:45:00;35,44
2018-09-02 16:00:00;36,92
2018-09-02 16:15:00;38,48
2018-09-02 16:30:00;35,28
2018-09-02 16:45:00;33,20
2018-09-02 17:00:00;25,08
2018-09-02 17:15:00;25,88
2018-09-02 17:30:00;27,60
2018-09-02 17:45:00;29,00
2018-09-02 18:00:00;25,20
2018-09-02 18:15:00;23,24
2018-09-02 18:30:00;21,88
2018-09-02 18:45:00;23,32
2018-09-02 19:00:00;22,24
2018-09-02 19:15:00;22,76
2018-09-02 19:30:00;22,20
2018-09-02 19:45:00;22,00
2018-09-02 20:00:00;20,32
2018-09-02 20:15:00;21,24
2018-09-02 20:30:00;21,92
2018-09-02 20:45:00;20,80
2018-09-02 21:00:00;20,72
2018-09-02 21:15:00;21,08
2018-09-02 21:30:00;21,76
2018-09-02 21:45:00;20,68
2018-09-02 22:00:00;21,12
2018-09-02 22:15:00;20,52
2018-09-02 22:30:00;22,00
2018-09-02 22:45:00;21,04
2018-09-02 23:00:00;21,16
2018-09-02 23:15:00;20,56
2018-09-02 23:30:00;22,52
2018-09-02 23:45:00;20,56
2018-09-03 00:00:00;20,76
2018-09-03 00:15:00;20,68
2018-09-03 00:30:00;21,36
2018-09-03 00:45:00;20,92
2018-09-03 01:00:00;20,16
2018-09-03 01:15:00;21,20
2018-09-03 01:30:00;21,64
2018-09-03 01:45:00;20,72
2018-09-03 02:00:00;21,20
2018-09-03 02:15:00;20,20
2018-09-03 02:30:00;22,00
2018-09-03 02:45:00;20,52
2018-09-03 03:00:00;19,56
2018-09-03 03:15:00;21,40
2018-09-03 03:30:00;21,36
2018-09-03 03:45:00;20,80
2018-09-03 04:00:00;20,72
2018-09-03 04:15:00;20,28
2018-09-03 04:30:00;21,48
2018-09-03 04:45:00;20,76
2018-09-03 05:00:00;21,32
2018-09-03 05:15:00;21,88
2018-09-03 05:30:00;24,12
2018-09-03 05:45:00;26,16
2018-09-03 06:00:00;31,40
2018-09-03 06:15:00;67,16
2018-09-03 06:30:00;93,00
2018-09-03 06:45:00;93,68
2018-09-03 07:00:00;98,04
2018-09-03 07:15:00;91,76
2018-09-03 07:30:00;92,20
2018-09-03 07:45:00;114,64
2018-09-03 08:00:00;122,32
2018-09-03 08:15:00;100,80
2018-09-03 08:30:00;106,40
2018-09-03 08:45:00;115,56
2018-09-03 09:00:00;113,36
2018-09-03 09:15:00;121,80
2018-09-03 09:30:00;126,16
2018-09-03 09:45:00;119,56
2018-09-03 10:00:00;132,60
2018-09-03 10:15:00;132,20
2018-09-03 10:30:00;141,84
2018-09-03 10:45:00;136,88
2018-09-03 11:00:00;137,40
2018-09-03 11:15:00;118,76
2018-09-03 11:30:00;111,08
2018-09-03 11:45:00;118,44
2018-09-03 12:00:00;132,72
2018-09-03 12:15:00;140,76
2018-09-03 12:30:00;144,96
2018-09-03 12:45:00;135,28
2018-09-03 13:00:00;120,40
2018-09-03 13:15:00;123,68
2018-09-03 13:30:00;121,24
2018-09-03 13:45:00;135,52
2018-09-03 14:00:00;144,48
2018-09-03 14:15:00;122,44
2018-09-03 14:30:00;117,44
2018-09-03 14:45:00;111,56
2018-09-03 15:00:00;109,12
2018-09-03 15:15:00;113,64
2018-09-03 15:30:00;102,00
2018-09-03 15:45:00;70,36
2018-09-03 16:00:00;73,80
2018-09-03 16:15:00;63,88
2018-09-03 16:30:00;70,84
2018-09-03 16:45:00;67,56
2018-09-03 17:00:00;61,68
2018-09-03 17:15:00;56,24
2018-09-03 17:30:00;53,76
2018-09-03 17:45:00;64,68
2018-09-03 18:00:00;58,80
2018-09-03 18:15:00;58,32
2018-09-03 18:30:00;52,76
2018-09-03 18:45:00;55,28
2018-09-03 19:00:00;59,64
2018-09-03 19:15:00;62,88
2018-09-03 19:30:00;52,76
2018-09-03 19:45:00;50,20
2018-09-03 20:00:00;52,56
2018-09-03 20:15:00;43,96
2018-09-03 20:30:00;43,40
2018-09-03 20:45:00;40,44
2018-09-03 21:00:00;35,00
2018-09-03 21:15:00;33,24
2018-09-03 21:30:00;37,08
2018-09-03 21:45:00;30,40
2018-09-03 22:00:00;32,24
2018-09-03 22:15:00;30,52
2018-09-03 22:30:00;32,36
2018-09-03 22:45:00;30,92
2018-09-03 23:00:00;32,88
2018-09-03 23:15:00;30,76
2018-09-03 23:30:00;31,12
2018-09-03 23:45:00;32,92
2018-09-04 00:00:00;30,56
2018-09-04 00:15:00;32,44
2018-09-04 00:30:00;30,48
2018-09-04 00:45:00;31,60
2018-09-04 01:00:00;32,04
2018-09-04 01:15:00;31,72
2018-09-04 01:30:00;29,88
2018-09-04 01:45:00;32,84
2018-09-04 02:00:00;31,04
2018-09-04 02:15:00;32,12
2018-09-04 02:30:00;30,68
2018-09-04 02:45:00;31,36
2018-09-04 03:00:00;31,40
2018-09-04 03:15:00;32,08
2018-09-04 03:30:00;30,84
2018-09-04 03:45:00;28,68
2018-09-04 04:00:00;31,08
2018-09-04 04:15:00;30,12
2018-09-04 04:30:00;30,44
2018-09-04 04:45:00;29,12
2018-09-04 05:00:00;28,48
2018-09-04 05:15:00;29,96
2018-09-04 05:30:00;29,68
2018-09-04 05:45:00;35,20
2018-09-04 06:00:00;40,16
2018-09-04 06:15:00;67,32
2018-09-04 06:30:00;102,24
2018-09-04 06:45:00;107,32
2018-09-04 07:00:00;108,80
2018-09-04 07:15:00;100,64
2018-09-04 07:30:00;121,80
2018-09-04 07:45:00;131,84
2018-09-04 08:00:00;124,64
2018-09-04 08:15:00;107,44
2018-09-04 08:30:00;108,16
2018-09-04 08:45:00;123,48
2018-09-04 09:00:00;123,72
2018-09-04 09:15:00;145,80
2018-09-04 09:30:00;134,80
2018-09-04 09:45:00;133,00
2018-09-04 10:00:00;128,60
2018-09-04 10:15:00;133,60
2018-09-04 10:30:00;133,00
2018-09-04 10:45:00;129,64
2018-09-04 11:00:00;140,68
2018-09-04 11:15:00;119,16
2018-09-04 11:30:00;99,48
2018-09-04 11:45:00;106,60
2018-09-04 12:00:00;125,40
2018-09-04 12:15:00;138,52
2018-09-04 12:30:00;136,00
2018-09-04 12:45:00;109,04
2018-09-04 13:00:00;113,96
2018-09-04 13:15:00;118,24
2018-09-04 13:30:00;119,12
2018-09-04 13:45:00;109,60
2018-09-04 14:00:00;110,44
2018-09-04 14:15:00;116,20
2018-09-04 14:30:00;112,36
2018-09-04 14:45:00;113,96
2018-09-04 15:00:00;110,76
2018-09-04 15:15:00;104,80
2018-09-04 15:30:00;105,56
2018-09-04 15:45:00;76,24
2018-09-04 16:00:00;73,04
2018-09-04 16:15:00;59,40
2018-09-04 16:30:00;59,76
2018-09-04 16:45:00;56,08
2018-09-04 17:00:00;64,92
2018-09-04 17:15:00;63,20
2018-09-04 17:30:00;57,64
2018-09-04 17:45:00;50,64
2018-09-04 18:00:00;51,72
2018-09-04 18:15:00;51,72
2018-09-04 18:30:00;48,20
2018-09-04 18:45:00;44,40
2018-09-04 19:00:00;46,52
2018-09-04 19:15:00;37,84
2018-09-04 19:30:00;34,96
2018-09-04 19:45:00;33,52
2018-09-04 20:00:00;31,16
2018-09-04 20:15:00;31,16
2018-09-04 20:30:00;29,36
2018-09-04 20:45:00;29,92
2018-09-04 21:00:00;31,00
2018-09-04 21:15:00;30,32
2018-09-04 21:30:00;28,84
2018-09-04 21:45:00;30,84
2018-09-04 22:00:00;29,12
2018-09-04 22:15:00;30,72
2018-09-04 22:30:00;29,44
2018-09-04 22:45:00;30,08
2018-09-04 23:00:00;29,36
2018-09-04 23:15:00;30,60
2018-09-04 23:30:00;28,32
2018-09-04 23:45:00;29,72
2018-09-05 00:00:00;28,60
2018-09-05 00:15:00;27,72
2018-09-05 00:30:00;29,00
2018-09-05 00:45:00;29,16
2018-09-05 01:00:00;26,72
2018-09-05 01:15:00;26,88
2018-09-05 01:30:00;27,52
2018-09-05 01:45:00;27,64
2018-09-05 02:00:00;26,32
2018-09-05 02:15:00;27,36
2018-09-05 02:30:00;26,88
2018-09-05 02:45:00;26,12
2018-09-05 03:00:00;28,08
2018-09-05 03:15:00;26,20
2018-09-05 03:30:00;26,76
2018-09-05 03:45:00;27,32
2018-09-05 04:00:00;27,16
2018-09-05 04:15:00;26,52
2018-09-05 04:30:00;27,32
2018-09-05 04:45:00;26,44
2018-09-05 05:00:00;26,28
2018-09-05 05:15:00;29,48
2018-09-05 05:30:00;27,08
2018-09-05 05:45:00;32,56
2018-09-05 06:00:00;38,00
2018-09-05 06:15:00;65,16
2018-09-05 06:30:00;102,76
2018-09-05 06:45:00;109,36
2018-09-05 07:00:00;112,16
2018-09-05 07:15:00;106,80
2018-09-05 07:30:00;99,88
2018-09-05 07:45:00;103,44
2018-09-05 08:00:00;101,20
2018-09-05 08:15:00;82,44
2018-09-05 08:30:00;91,44
2018-09-05 08:45:00;97,52
2018-09-05 09:00:00;99,72
2018-09-05 09:15:00;102,32
2018-09-05 09:30:00;110,72
2018-09-05 09:45:00;124,76
2018-09-05 10:00:00;129,40
2018-09-05 10:15:00;125,20
2018-09-05 10:30:00;129,08
2018-09-05 10:45:00;131,52
2018-09-05 11:00:00;128,84
2018-09-05 11:15:00;101,04
2018-09-05 11:30:00;96,24
2018-09-05 11:45:00;102,12
2018-09-05 12:00:00;117,48
2018-09-05 12:15:00;120,88
2018-09-05 12:30:00;128,08
2018-09-05 12:45:00;121,68
2018-09-05 13:00:00;129,72
2018-09-05 13:15:00;130,96
2018-09-05 13:30:00;119,72
2018-09-05 13:45:00;123,20
2018-09-05 14:00:00;134,96
2018-09-05 14:15:00;118,60
2018-09-05 14:30:00;112,84
2018-09-05 14:45:00;118,28
2018-09-05 15:00:00;119,16
2018-09-05 15:15:00;121,08
2018-09-05 15:30:00;117,12
2018-09-05 15:45:00;85,76
2018-09-05 16:00:00;80,64
2018-09-05 16:15:00;71,08
2018-09-05 16:30:00;65,48
2018-09-05 16:45:00;63,00
2018-09-05 17:00:00;55,88
2018-09-05 17:15:00;46,00
2018-09-05 17:30:00;44,16
2018-09-05 17:45:00;41,04
2018-09-05 18:00:00;41,20
2018-09-05 18:15:00;39,16
2018-09-05 18:30:00;39,12
2018-09-05 18:45:00;37,84
2018-09-05 19:00:00;40,08
2018-09-05 19:15:00;37,48
2018-09-05 19:30:00;37,32
2018-09-05 19:45:00;38,00
2018-09-05 20:00:00;34,32
2018-09-05 20:15:00;42,44
2018-09-05 20:30:00;47,76
2018-09-05 20:45:00;47,56
2018-09-05 21:00:00;43,24
2018-09-05 21:15:00;46,44
2018-09-05 21:30:00;44,00
2018-09-05 21:45:00;42,28
2018-09-05 22:00:00;45,96
2018-09-05 22:15:00;42,96
2018-09-05 22:30:00;43,72
2018-09-05 22:45:00;41,56
2018-09-05 23:00:00;42,00
2018-09-05 23:15:00;43,04
2018-09-05 23:30:00;42,52
2018-09-05 23:45:00;43,92
2018-09-06 00:00:00;40,60
2018-09-06 00:15:00;42,48
2018-09-06 00:30:00;43,80
2018-09-06 00:45:00;40,40
2018-09-06 01:00:00;43,92
2018-09-06 01:15:00;40,84
2018-09-06 01:30:00;40,84
2018-09-06 01:45:00;39,96
2018-09-06 02:00:00;33,12
2018-09-06 02:15:00;32,84
2018-09-06 02:30:00;34,60
2018-09-06 02:45:00;31,96
2018-09-06 03:00:00;30,92
2018-09-06 03:15:00;31,60
2018-09-06 03:30:00;31,44
2018-09-06 03:45:00;30,04
2018-09-06 04:00:00;32,20
2018-09-06 04:15:00;31,84
2018-09-06 04:30:00;30,00
2018-09-06 04:45:00;32,52
2018-09-06 05:00:00;31,20
2018-09-06 05:15:00;31,60
2018-09-06 05:30:00;34,32
2018-09-06 05:45:00;31,84
2018-09-06 06:00:00;36,40
2018-09-06 06:15:00;60,80
2018-09-06 06:30:00;102,00
2018-09-06 06:45:00;112,80
2018-09-06 07:00:00;104,32
2018-09-06 07:15:00;110,12
2018-09-06 07:30:00;98,04
2018-09-06 07:45:00;107,72
2018-09-06 08:00:00;103,40
2018-09-06 08:15:00;100,12
2018-09-06 08:30:00;118,00
2018-09-06 08:45:00;126,20
2018-09-06 09:00:00;122,24
2018-09-06 09:15:00;122,60
2018-09-06 09:30:00;111,00
2018-09-06 09:45:00;121,48
2018-09-06 10:00:00;133,04
2018-09-06 10:15:00;131,24
2018-09-06 10:30:00;132,96
2018-09-06 10:45:00;137,32
2018-09-06 11:00:00;129,20
2018-09-06 11:15:00;105,48
2018-09-06 11:30:00;101,92
2018-09-06 11:45:00;120,44
2018-09-06 12:00:00;116,56
2018-09-06 12:15:00;119,20
2018-09-06 12:30:00;118,92
2018-09-06 12:45:00;132,00
2018-09-06 13:00:00;117,08
2018-09-06 13:15:00;118,04
2018-09-06 13:30:00;113,48
2018-09-06 13:45:00;105,24
2018-09-06 14:00:00;129,24
2018-09-06 14:15:00;138,24
2018-09-06 14:30:00;132,16
2018-09-06 14:45:00;135,88
2018-09-06 15:00:00;121,36
2018-09-06 15:15:00;139,12
2018-09-06 15:30:00;122,24
2018-09-06 15:45:00;84,32
2018-09-06 16:00:00;83,08
2018-09-06 16:15:00;75,00
2018-09-06 16:30:00;68,36
2018-09-06 16:45:00;62,60
2018-09-06 17:00:00;59,00
2018-09-06 17:15:00;59,20
2018-09-06 17:30:00;56,92
2018-09-06 17:45:00;54,60
2018-09-06 18:00:00;55,76
2018-09-06 18:15:00;55,40
2018-09-06 18:30:00;56,52
2018-09-06 18:45:00;55,28
2018-09-06 19:00:00;53,56
2018-09-06 19:15:00;56,44
2018-09-06 19:30:00;55,48
2018-09-06 19:45:00;53,48
2018-09-06 20:00:00;48,80
2018-09-06 20:15:00;45,20
2018-09-06 20:30:00;45,88
2018-09-06 20:45:00;40,48
2018-09-06 21:00:00;37,24
2018-09-06 21:15:00;36,92
2018-09-06 21:30:00;36,20
2018-09-06 21:45:00;35,96
2018-09-06 22:00:00;36,52
2018-09-06 22:15:00;35,92
2018-09-06 22:30:00;35,56
2018-09-06 22:45:00;35,80
2018-09-06 23:00:00;36,28
2018-09-06 23:15:00;34,88
2018-09-06 23:30:00;36,12
2018-09-06 23:45:00;34,68
2018-09-07 00:00:00;34,88
2018-09-07 00:15:00;36,40
2018-09-07 00:30:00;34,16
2018-09-07 00:45:00;34,60
2018-09-07 01:00:00;34,60
2018-09-07 01:15:00;30,80
2018-09-07 01:30:00;33,72
2018-09-07 01:45:00;32,60
2018-09-07 02:00:00;29,84
2018-09-07 02:15:00;29,52
2018-09-07 02:30:00;30,76
2018-09-07 02:45:00;27,96
2018-09-07 03:00:00;29,80
2018-09-07 03:15:00;30,68
2018-09-07 03:30:00;27,92
2018-09-07 03:45:00;30,72
2018-09-07 04:00:00;28,76
2018-09-07 04:15:00;28,60
2018-09-07 04:30:00;29,68
2018-09-07 04:45:00;29,40
2018-09-07 05:00:00;27,72
2018-09-07 05:15:00;32,08
2018-09-07 05:30:00;30,40
2018-09-07 05:45:00;31,68
2018-09-07 06:00:00;34,56
2018-09-07 06:15:00;67,32
2018-09-07 06:30:00;96,36
2018-09-07 06:45:00;105,56
2018-09-07 07:00:00;104,04
2018-09-07 07:15:00;106,92
2018-09-07 07:30:00;106,92
2018-09-07 07:45:00;107,84
2018-09-07 08:00:00;116,48
2018-09-07 08:15:00;101,64
2018-09-07 08:30:00;105,88
2018-09-07 08:45:00;114,40
2018-09-07 09:00:00;118,20
2018-09-07 09:15:00;130,92
2018-09-07 09:30:00;140,72
2018-09-07 09:45:00;138,84
2018-09-07 10:00:00;131,68
2018-09-07 10:15:00;121,76
2018-09-07 10:30:00;117,56
2018-09-07 10:45:00;118,40
2018-09-07 11:00:00;125,72
2018-09-07 11:15:00;108,68
2018-09-07 11:30:00;92,00
2018-09-07 11:45:00;97,48
2018-09-07 12:00:00;99,56
2018-09-07 12:15:00;94,76
2018-09-07 12:30:00;98,60
2018-09-07 12:45:00;100,76
2018-09-07 13:00:00;96,16
2018-09-07 13:15:00;92,20
2018-09-07 13:30:00;94,68
2018-09-07 13:45:00;104,64
2018-09-07 14:00:00;89,64
2018-09-07 14:15:00;91,20
2018-09-07 14:30:00;86,60
2018-09-07 14:45:00;74,12
2018-09-07 15:00:00;67,08
2018-09-07 15:15:00;68,72
2018-09-07 15:30:00;70,48
2018-09-07 15:45:00;73,60
2018-09-07 16:00:00;66,48
2018-09-07 16:15:00;62,84
2018-09-07 16:30:00;62,72
2018-09-07 16:45:00;64,16
2018-09-07 17:00:00;60,48
2018-09-07 17:15:00;63,24
2018-09-07 17:30:00;55,52
2018-09-07 17:45:00;54,40
2018-09-07 18:00:00;50,76
2018-09-07 18:15:00;52,00
2018-09-07 18:30:00;51,16
2018-09-07 18:45:00;53,76
2018-09-07 19:00:00;47,72
2018-09-07 19:15:00;46,52
2018-09-07 19:30:00;38,24
2018-09-07 19:45:00;37,80
2018-09-07 20:00:00;36,40
2018-09-07 20:15:00;38,20
2018-09-07 20:30:00;38,92
2018-09-07 20:45:00;36,80
2018-09-07 21:00:00;38,72
2018-09-07 21:15:00;37,76
2018-09-07 21:30:00;38,76
2018-09-07 21:45:00;37,20
2018-09-07 22:00:00;38,40
2018-09-07 22:15:00;38,48
2018-09-07 22:30:00;36,96
2018-09-07 22:45:00;37,96
2018-09-07 23:00:00;37,04
2018-09-07 23:15:00;37,32
2018-09-07 23:30:00;36,52
2018-09-07 23:45:00;34,04
2018-09-08 00:00:00;35,48
2018-09-08 00:15:00;34,40
2018-09-08 00:30:00;34,48
2018-09-08 00:45:00;33,80
2018-09-08 01:00:00;33,12
2018-09-08 01:15:00;33,96
2018-09-08 01:30:00;34,08
2018-09-08 01:45:00;34,44
2018-09-08 02:00:00;32,52
2018-09-08 02:15:00;34,40
2018-09-08 02:30:00;32,48
2018-09-08 02:45:00;35,12
2018-09-08 03:00:00;32,00
2018-09-08 03:15:00;33,20
2018-09-08 03:30:00;33,04
2018-09-08 03:45:00;34,28
2018-09-08 04:00:00;33,08
2018-09-08 04:15:00;32,92
2018-09-08 04:30:00;33,84
2018-09-08 04:45:00;32,56
2018-09-08 05:00:00;33,44
2018-09-08 05:15:00;33,20
2018-09-08 05:30:00;32,76
2018-09-08 05:45:00;34,08
2018-09-08 06:00:00;34,44
2018-09-08 06:15:00;35,36
2018-09-08 06:30:00;34,16
2018-09-08 06:45:00;34,44
2018-09-08 07:00:00;33,64
2018-09-08 07:15:00;34,36
2018-09-08 07:30:00;34,80
2018-09-08 07:45:00;33,84
2018-09-08 08:00:00;34,80
2018-09-08 08:15:00;35,84
2018-09-08 08:30:00;34,80
2018-09-08 08:45:00;35,04
2018-09-08 09:00:00;34,76
2018-09-08 09:15:00;35,32
2018-09-08 09:30:00;35,32
2018-09-08 09:45:00;35,44
2018-09-08 10:00:00;34,68
2018-09-08 10:15:00;36,00
2018-09-08 10:30:00;34,68
2018-09-08 10:45:00;35,88
2018-09-08 11:00:00;34,84
2018-09-08 11:15:00;36,08
2018-09-08 11:30:00;34,64
2018-09-08 11:45:00;35,28
2018-09-08 12:00:00;33,04
2018-09-08 12:15:00;33,96
2018-09-08 12:30:00;31,64
2018-09-08 12:45:00;34,00
2018-09-08 13:00:00;33,64
2018-09-08 13:15:00;35,72
2018-09-08 13:30:00;38,48
2018-09-08 13:45:00;41,60
2018-09-08 14:00:00;40,72
2018-09-08 14:15:00;39,96
2018-09-08 14:30:00;38,60
2018-09-08 14:45:00;39,76
2018-09-08 15:00:00;35,24
2018-09-08 15:15:00;36,52
2018-09-08 15:30:00;37,28
2018-09-08 15:45:00;35,68
2018-09-08 16:00:00;37,00
2018-09-08 16:15:00;34,80
2018-09-08 16:30:00;35,52
2018-09-08 16:45:00;34,36
2018-09-08 17:00:00;38,92
2018-09-08 17:15:00;40,56
2018-09-08 17:30:00;33,84
2018-09-08 17:45:00;32,04
2018-09-08 18:00:00;37,16
2018-09-08 18:15:00;37,16
2018-09-08 18:30:00;35,16
2018-09-08 18:45:00;33,68
2018-09-08 19:00:00;32,96
2018-09-08 19:15:00;28,68
2018-09-08 19:30:00;26,80
2018-09-08 19:45:00;26,40
2018-09-08 20:00:00;26,20
2018-09-08 20:15:00;27,36
2018-09-08 20:30:00;27,76
2018-09-08 20:45:00;24,00
2018-09-08 21:00:00;26,56
2018-09-08 21:15:00;26,56
2018-09-08 21:30:00;24,12
2018-09-08 21:45:00;23,76
2018-09-08 22:00:00;24,68
2018-09-08 22:15:00;23,60
2018-09-08 22:30:00;22,56
2018-09-08 22:45:00;22,00
2018-09-08 23:00:00;21,60
2018-09-08 23:15:00;21,12
2018-09-08 23:30:00;20,08
2018-09-08 23:45:00;20,96
2018-09-09 00:00:00;20,52
2018-09-09 00:15:00;19,68
2018-09-09 00:30:00;20,12
2018-09-09 00:45:00;20,64
2018-09-09 01:00:00;19,56
2018-09-09 01:15:00;19,64
2018-09-09 01:30:00;20,36
2018-09-09 01:45:00;20,08
2018-09-09 02:00:00;19,52
2018-09-09 02:15:00;19,80
2018-09-09 02:30:00;20,52
2018-09-09 02:45:00;19,68
2018-09-09 03:00:00;19,20
2018-09-09 03:15:00;19,56
2018-09-09 03:30:00;20,64
2018-09-09 03:45:00;19,12
2018-09-09 04:00:00;19,16
2018-09-09 04:15:00;20,00
2018-09-09 04:30:00;20,36
2018-09-09 04:45:00;19,20
2018-09-09 05:00:00;19,48
2018-09-09 05:15:00;19,32
2018-09-09 05:30:00;19,48
2018-09-09 05:45:00;20,20
2018-09-09 06:00:00;20,32
2018-09-09 06:15:00;18,92
2018-09-09 06:30:00;18,96
2018-09-09 06:45:00;19,96
2018-09-09 07:00:00;18,64
2018-09-09 07:15:00;18,48
2018-09-09 07:30:00;19,64
2018-09-09 07:45:00;20,12
2018-09-09 08:00:00;19,36
2018-09-09 08:15:00;19,64
2018-09-09 08:30:00;19,40
2018-09-09 08:45:00;20,04
2018-09-09 09:00:00;19,44
2018-09-09 09:15:00;21,60
2018-09-09 09:30:00;21,84
2018-09-09 09:45:00;24,12
2018-09-09 10:00:00;21,44
2018-09-09 10:15:00;22,80
2018-09-09 10:30:00;22,68
2018-09-09 10:45:00;22,64
2018-09-09 11:00:00;23,80
2018-09-09 11:15:00;22,52
2018-09-09 11:30:00;22,52
2018-09-09 11:45:00;23,76
2018-09-09 12:00:00;22,64
2018-09-09 12:15:00;21,68
2018-09-09 12:30:00;24,12
2018-09-09 12:45:00;24,20
2018-09-09 13:00:00;29,52
2018-09-09 13:15:00;32,44
2018-09-09 13:30:00;30,92
2018-09-09 13:45:00;34,36
2018-09-09 14:00:00;31,28
2018-09-09 14:15:00;34,48
2018-09-09 14:30:00;33,44
2018-09-09 14:45:00;32,76
2018-09-09 15:00:00;33,76
2018-09-09 15:15:00;34,44
2018-09-09 15:30:00;33,12
2018-09-09 15:45:00;33,84
2018-09-09 16:00:00;34,76
2018-09-09 16:15:00;35,80
2018-09-09 16:30:00;33,20
2018-09-09 16:45:00;35,52
2018-09-09 17:00:00;32,88
2018-09-09 17:15:00;34,00
2018-09-09 17:30:00;32,44
2018-09-09 17:45:00;34,00
2018-09-09 18:00:00;33,84
2018-09-09 18:15:00;39,36
2018-09-09 18:30:00;36,36
2018-09-09 18:45:00;43,72
2018-09-09 19:00:00;41,32
2018-09-09 19:15:00;42,28
2018-09-09 19:30:00;38,32
2018-09-09 19:45:00;41,72
2018-09-09 20:00:00;38,96
2018-09-09 20:15:00;41,44
2018-09-09 20:30:00;39,32
2018-09-09 20:45:00;41,28
2018-09-09 21:00:00;40,60
2018-09-09 21:15:00;40,16
2018-09-09 21:30:00;37,84
2018-09-09 21:45:00;42,04
2018-09-09 22:00:00;37,84
2018-09-09 22:15:00;40,76
2018-09-09 22:30:00;40,24
2018-09-09 22:45:00;41,32
2018-09-09 23:00:00;38,92
2018-09-09 23:15:00;38,28
2018-09-09 23:30:00;40,40
2018-09-09 23:45:00;39,88
2018-09-10 00:00:00;37,92
2018-09-10 00:15:00;40,88
2018-09-10 00:30:00;38,12
2018-09-10 00:45:00;39,92
2018-09-10 01:00:00;37,80
2018-09-10 01:15:00;40,08
2018-09-10 01:30:00;37,84
2018-09-10 01:45:00;38,48
2018-09-10 02:00:00;39,92
2018-09-10 02:15:00;37,20
2018-09-10 02:30:00;38,64
2018-09-10 02:45:00;38,68
2018-09-10 03:00:00;38,72
2018-09-10 03:15:00;38,68
2018-09-10 03:30:00;37,48
2018-09-10 03:45:00;39,12
2018-09-10 04:00:00;38,12
2018-09-10 04:15:00;38,28
2018-09-10 04:30:00;37,48
2018-09-10 04:45:00;39,00
2018-09-10 05:00:00;39,56
2018-09-10 05:15:00;38,64
2018-09-10 05:30:00;40,56
2018-09-10 05:45:00;44,04
2018-09-10 06:00:00;50,00
2018-09-10 06:15:00;73,12
2018-09-10 06:30:00;95,92
2018-09-10 06:45:00;97,56
2018-09-10 07:00:00;121,32
2018-09-10 07:15:00;129,04
2018-09-10 07:30:00;133,76
2018-09-10 07:45:00;128,76
2018-09-10 08:00:00;143,04
2018-09-10 08:15:00;123,20
2018-09-10 08:30:00;124,16
2018-09-10 08:45:00;145,08
2018-09-10 09:00:00;147,44
2018-09-10 09:15:00;135,68
2018-09-10 09:30:00;133,04
2018-09-10 09:45:00;137,76
2018-09-10 10:00:00;137,52
2018-09-10 10:15:00;132,20
2018-09-10 10:30:00;145,04
2018-09-10 10:45:00;129,60
2018-09-10 11:00:00;131,64
2018-09-10 11:15:00;120,08
2018-09-10 11:30:00;114,80
2018-09-10 11:45:00;123,28
2018-09-10 12:00:00;124,84
2018-09-10 12:15:00;134,44
2018-09-10 12:30:00;133,20
2018-09-10 12:45:00;138,20
2018-09-10 13:00:00;137,64
2018-09-10 13:15:00;129,80
2018-09-10 13:30:00;133,28
2018-09-10 13:45:00;138,12
2018-09-10 14:00:00;136,20
2018-09-10 14:15:00;138,24
2018-09-10 14:30:00;148,16
2018-09-10 14:45:00;143,52
2018-09-10 15:00:00;144,92
2018-09-10 15:15:00;139,00
2018-09-10 15:30:00;125,48
2018-09-10 15:45:00;112,08
2018-09-10 16:00:00;106,12
2018-09-10 16:15:00;98,08
2018-09-10 16:30:00;96,08
2018-09-10 16:45:00;90,16
2018-09-10 17:00:00;85,76
2018-09-10 17:15:00;67,24
2018-09-10 17:30:00;60,48
2018-09-10 17:45:00;57,92
2018-09-10 18:00:00;54,88
2018-09-10 18:15:00;54,32
2018-09-10 18:30:00;53,36
2018-09-10 18:45:00;52,00
2018-09-10 19:00:00;50,40
2018-09-10 19:15:00;49,64
2018-09-10 19:30:00;51,72
2018-09-10 19:45:00;48,32
2018-09-10 20:00:00;50,04
2018-09-10 20:15:00;49,64
2018-09-10 20:30:00;48,44
2018-09-10 20:45:00;49,84
2018-09-10 21:00:00;48,48
2018-09-10 21:15:00;43,64
2018-09-10 21:30:00;47,36
2018-09-10 21:45:00;44,76
2018-09-10 22:00:00;44,92
2018-09-10 22:15:00;42,88
2018-09-10 22:30:00;45,80
2018-09-10 22:45:00;41,64
2018-09-10 23:00:00;43,52
2018-09-10 23:15:00;40,20
2018-09-10 23:30:00;43,48
2018-09-10 23:45:00;41,64
2018-09-11 00:00:00;41,96
2018-09-11 00:15:00;40,80
2018-09-11 00:30:00;43,40
2018-09-11 00:45:00;41,04
2018-09-11 01:00:00;42,44
2018-09-11 01:15:00;40,28
2018-09-11 01:30:00;41,92
2018-09-11 01:45:00;40,76
2018-09-11 02:00:00;42,04
2018-09-11 02:15:00;40,92
2018-09-11 02:30:00;42,32
2018-09-11 02:45:00;40,88
2018-09-11 03:00:00;40,40
2018-09-11 03:15:00;42,44
2018-09-11 03:30:00;40,60
2018-09-11 03:45:00;40,28
2018-09-11 04:00:00;42,32
2018-09-11 04:15:00;39,80
2018-09-11 04:30:00;42,16
2018-09-11 04:45:00;34,96
2018-09-11 05:00:00;33,28
2018-09-11 05:15:00;35,52
2018-09-11 05:30:00;34,32
2018-09-11 05:45:00;35,96
2018-09-11 06:00:00;45,32
2018-09-11 06:15:00;70,40
2018-09-11 06:30:00;91,24
2018-09-11 06:45:00;113,44
2018-09-11 07:00:00;93,36
2018-09-11 07:15:00;101,48
2018-09-11 07:30:00;127,56
2018-09-11 07:45:00;110,40
2018-09-11 08:00:00;116,00
2018-09-11 08:15:00;114,92
2018-09-11 08:30:00;124,08
2018-09-11 08:45:00;120,88
2018-09-11 09:00:00;130,60
2018-09-11 09:15:00;131,52
2018-09-11 09:30:00;129,56
2018-09-11 09:45:00;124,20
2018-09-11 10:00:00;137,96
2018-09-11 10:15:00;134,64
2018-09-11 10:30:00;132,20
2018-09-11 10:45:00;147,80
2018-09-11 11:00:00;143,04
2018-09-11 11:15:00;124,16
2018-09-11 11:30:00;114,12
2018-09-11 11:45:00;113,00
2018-09-11 12:00:00;122,60
2018-09-11 12:15:00;126,76
2018-09-11 12:30:00;139,52
2018-09-11 12:45:00;154,80
2018-09-11 13:00:00;155,16
2018-09-11 13:15:00;160,88
2018-09-11 13:30:00;158,16
2018-09-11 13:45:00;150,08
2018-09-11 14:00:00;155,32
2018-09-11 14:15:00;137,36
2018-09-11 14:30:00;141,52
2018-09-11 14:45:00;147,56
2018-09-11 15:00:00;159,32
2018-09-11 15:15:00;159,60
2018-09-11 15:30:00;127,72
2018-09-11 15:45:00;95,56
2018-09-11 16:00:00;91,60
2018-09-11 16:15:00;76,68
2018-09-11 16:30:00;71,44
2018-09-11 16:45:00;66,24
2018-09-11 17:00:00;59,80
2018-09-11 17:15:00;54,96
2018-09-11 17:30:00;45,80
2018-09-11 17:45:00;43,88
2018-09-11 18:00:00;42,08
2018-09-11 18:15:00;42,92
2018-09-11 18:30:00;39,52
2018-09-11 18:45:00;39,12
2018-09-11 19:00:00;38,52
2018-09-11 19:15:00;40,16
2018-09-11 19:30:00;38,24
2018-09-11 19:45:00;38,92
2018-09-11 20:00:00;35,92
2018-09-11 20:15:00;34,28
2018-09-11 20:30:00;33,88
2018-09-11 20:45:00;31,96
2018-09-11 21:00:00;35,32
2018-09-11 21:15:00;34,56
2018-09-11 21:30:00;33,08
2018-09-11 21:45:00;35,56
2018-09-11 22:00:00;32,92
2018-09-11 22:15:00;34,76
2018-09-11 22:30:00;33,16
2018-09-11 22:45:00;35,64
2018-09-11 23:00:00;32,24
2018-09-11 23:15:00;35,12
2018-09-11 23:30:00;32,72
2018-09-11 23:45:00;32,44
2018-09-12 00:00:00;30,84
2018-09-12 00:15:00;33,12
2018-09-12 00:30:00;30,12
2018-09-12 00:45:00;30,84
2018-09-12 01:00:00;32,52
2018-09-12 01:15:00;30,48
2018-09-12 01:30:00;31,92
2018-09-12 01:45:00;29,32
2018-09-12 02:00:00;31,68
2018-09-12 02:15:00;30,84
2018-09-12 02:30:00;27,76
2018-09-12 02:45:00;30,12
2018-09-12 03:00:00;28,12
2018-09-12 03:15:00;29,32
2018-09-12 03:30:00;27,00
2018-09-12 03:45:00;27,72
2018-09-12 04:00:00;26,80
2018-09-12 04:15:00;27,60
2018-09-12 04:30:00;26,56
2018-09-12 04:45:00;27,24
2018-09-12 05:00:00;27,28
2018-09-12 05:15:00;28,72
2018-09-12 05:30:00;35,20
2018-09-12 05:45:00;45,24
2018-09-12 06:00:00;45,96
2018-09-12 06:15:00;85,76
2018-09-12 06:30:00;114,24
2018-09-12 06:45:00;115,00
2018-09-12 07:00:00;117,76
2018-09-12 07:15:00;123,16
2018-09-12 07:30:00;138,52
2018-09-12 07:45:00;127,84
2018-09-12 08:00:00;131,92
2018-09-12 08:15:00;116,00
2018-09-12 08:30:00;130,48
2018-09-12 08:45:00;153,12
2018-09-12 09:00:00;140,72
2018-09-12 09:15:00;147,24
2018-09-12 09:30:00;144,32
2018-09-12 09:45:00;145,84
2018-09-12 10:00:00;141,32
2018-09-12 10:15:00;139,16
2018-09-12 10:30:00;134,12
2018-09-12 10:45:00;127,32
2018-09-12 11:00:00;133,80
2018-09-12 11:15:00;130,32
2018-09-12 11:30:00;119,72
2018-09-12 11:45:00;129,08
2018-09-12 12:00:00;142,76
2018-09-12 12:15:00;152,68
2018-09-12 12:30:00;148,00
2018-09-12 12:45:00;155,36
2018-09-12 13:00:00;160,76
2018-09-12 13:15:00;165,36
2018-09-12 13:30:00;162,48
2018-09-12 13:45:00;156,16
2018-09-12 14:00:00;153,24
2018-09-12 14:15:00;153,60
2018-09-12 14:30:00;155,32
2018-09-12 14:45:00;144,40
2018-09-12 15:00:00;148,20
2018-09-12 15:15:00;149,68
2018-09-12 15:30:00;139,44
2018-09-12 15:45:00;106,84
2018-09-12 16:00:00;93,68
2018-09-12 16:15:00;86,44
2018-09-12 16:30:00;78,08
2018-09-12 16:45:00;79,60
2018-09-12 17:00:00;80,00
2018-09-12 17:15:00;63,32
2018-09-12 17:30:00;57,08
2018-09-12 17:45:00;53,04
2018-09-12 18:00:00;46,68
2018-09-12 18:15:00;44,88
2018-09-12 18:30:00;45,80
2018-09-12 18:45:00;44,76
2018-09-12 19:00:00;42,16
2018-09-12 19:15:00;42,08
2018-09-12 19:30:00;41,88
2018-09-12 19:45:00;40,84
2018-09-12 20:00:00;41,68
2018-09-12 20:15:00;39,64
2018-09-12 20:30:00;41,36
2018-09-12 20:45:00;40,00
2018-09-12 21:00:00;41,60
2018-09-12 21:15:00;40,60
2018-09-12 21:30:00;40,92
2018-09-12 21:45:00;38,88
2018-09-12 22:00:00;39,92
2018-09-12 22:15:00;35,80
2018-09-12 22:30:00;37,04
2018-09-12 22:45:00;36,92
2018-09-12 23:00:00;36,64
2018-09-12 23:15:00;34,68
2018-09-12 23:30:00;35,76
2018-09-12 23:45:00;34,64
2018-09-13 00:00:00;35,00
2018-09-13 00:15:00;36,56
2018-09-13 00:30:00;36,08
2018-09-13 00:45:00;34,48
2018-09-13 01:00:00;35,56
2018-09-13 01:15:00;34,72
2018-09-13 01:30:00;35,20
2018-09-13 01:45:00;34,64
2018-09-13 02:00:00;34,36
2018-09-13 02:15:00;33,36
2018-09-13 02:30:00;32,28
2018-09-13 02:45:00;32,04
2018-09-13 03:00:00;31,08
2018-09-13 03:15:00;31,08
2018-09-13 03:30:00;31,48
2018-09-13 03:45:00;30,84
2018-09-13 04:00:00;30,96
2018-09-13 04:15:00;31,20
2018-09-13 04:30:00;31,32
2018-09-13 04:45:00;30,48
2018-09-13 05:00:00;34,28
2018-09-13 05:15:00;32,76
2018-09-13 05:30:00;36,28
2018-09-13 05:45:00;36,68
2018-09-13 06:00:00;48,08
2018-09-13 06:15:00;94,56
2018-09-13 06:30:00;116,92
2018-09-13 06:45:00;133,08
2018-09-13 07:00:00;134,52
2018-09-13 07:15:00;137,72
2018-09-13 07:30:00;161,84
2018-09-13 07:45:00;156,36
2018-09-13 08:00:00;160,60
2018-09-13 08:15:00;135,40
2018-09-13 08:30:00;143,04
2018-09-13 08:45:00;144,52
2018-09-13 09:00:00;129,12
2018-09-13 09:15:00;141,88
2018-09-13 09:30:00;152,28
2018-09-13 09:45:00;144,00
2018-09-13 10:00:00;159,88
2018-09-13 10:15:00;157,48
2018-09-13 10:30:00;157,84
2018-09-13 10:45:00;156,92
2018-09-13 11:00:00;147,56
2018-09-13 11:15:00;128,44
2018-09-13 11:30:00;125,20
2018-09-13 11:45:00;130,24
2018-09-13 12:00:00;134,84
2018-09-13 12:15:00;141,20
2018-09-13 12:30:00;140,32
2018-09-13 12:45:00;137,20
2018-09-13 13:00:00;137,72
2018-09-13 13:15:00;128,80
2018-09-13 13:30:00;134,76
2018-09-13 13:45:00;134,20
2018-09-13 14:00:00;155,56
2018-09-13 14:15:00;151,84
2018-09-13 14:30:00;155,44
2018-09-13 14:45:00;149,76
2018-09-13 15:00:00;154,16
2018-09-13 15:15:00;159,76
2018-09-13 15:30:00;155,12
2018-09-13 15:45:00;102,36
2018-09-13 16:00:00;85,04
2018-09-13 16:15:00;64,84
2018-09-13 16:30:00;62,28
2018-09-13 16:45:00;62,24
2018-09-13 17:00:00;59,16
2018-09-13 17:15:00;55,92
2018-09-13 17:30:00;51,60
2018-09-13 17:45:00;50,36
2018-09-13 18:00:00;45,92
2018-09-13 18:15:00;43,60
2018-09-13 18:30:00;57,52
2018-09-13 18:45:00;63,56
2018-09-13 19:00:00;63,08
2018-09-13 19:15:00;64,52
2018-09-13 19:30:00;57,08
2018-09-13 19:45:00;52,16
2018-09-13 20:00:00;43,04
2018-09-13 20:15:00;35,60
2018-09-13 20:30:00;34,64
2018-09-13 20:45:00;35,12
2018-09-13 21:00:00;32,92
2018-09-13 21:15:00;33,32
2018-09-13 21:30:00;34,76
2018-09-13 21:45:00;35,24
2018-09-13 22:00:00;36,04
2018-09-13 22:15:00;34,40
2018-09-13 22:30:00;36,88
2018-09-13 22:45:00;34,72
2018-09-13 23:00:00;35,40
2018-09-13 23:15:00;35,64
2018-09-13 23:30:00;36,48
2018-09-13 23:45:00;34,24
2018-09-14 00:00:00;35,36
2018-09-14 00:15:00;34,88
2018-09-14 00:30:00;35,40
2018-09-14 00:45:00;34,68
2018-09-14 01:00:00;33,56
2018-09-14 01:15:00;33,52
2018-09-14 01:30:00;32,48
2018-09-14 01:45:00;31,92
2018-09-14 02:00:00;32,00
2018-09-14 02:15:00;30,24
2018-09-14 02:30:00;31,96
2018-09-14 02:45:00;29,32
2018-09-14 03:00:00;30,60
2018-09-14 03:15:00;29,76
2018-09-14 03:30:00;30,96
2018-09-14 03:45:00;30,16
2018-09-14 04:00:00;29,08
2018-09-14 04:15:00;30,48
2018-09-14 04:30:00;30,60
2018-09-14 04:45:00;30,36
2018-09-14 05:00:00;29,88
2018-09-14 05:15:00;31,04
2018-09-14 05:30:00;32,80
2018-09-14 05:45:00;32,08
2018-09-14 06:00:00;40,80
2018-09-14 06:15:00;62,68
2018-09-14 06:30:00;97,60
2018-09-14 06:45:00;100,36
2018-09-14 07:00:00;105,48
2018-09-14 07:15:00;102,60
2018-09-14 07:30:00;107,40
2018-09-14 07:45:00;121,16
2018-09-14 08:00:00;123,60
2018-09-14 08:15:00;113,44
2018-09-14 08:30:00;109,56
2018-09-14 08:45:00;127,04
2018-09-14 09:00:00;123,96
2018-09-14 09:15:00;115,60
2018-09-14 09:30:00;106,64
2018-09-14 09:45:00;126,36
2018-09-14 10:00:00;130,92
2018-09-14 10:15:00;121,04
2018-09-14 10:30:00;116,36
2018-09-14 10:45:00;120,48
2018-09-14 11:00:00;112,16
2018-09-14 11:15:00;81,72
2018-09-14 11:30:00;77,96
2018-09-14 11:45:00;80,92
2018-09-14 12:00:00;78,64
2018-09-14 12:15:00;86,16
2018-09-14 12:30:00;90,28
2018-09-14 12:45:00;100,08
2018-09-14 13:00:00;91,12
2018-09-14 13:15:00;91,32
2018-09-14 13:30:00;91,80
2018-09-14 13:45:00;92,04
2018-09-14 14:00:00;81,72
2018-09-14 14:15:00;77,16
2018-09-14 14:30:00;68,88
2018-09-14 14:45:00;67,64
2018-09-14 15:00:00;54,08
2018-09-14 15:15:00;54,24
2018-09-14 15:30:00;52,28
2018-09-14 15:45:00;51,28
2018-09-14 16:00:00;46,04
2018-09-14 16:15:00;45,88
2018-09-14 16:30:00;48,04
2018-09-14 16:45:00;48,16
2018-09-14 17:00:00;47,48
2018-09-14 17:15:00;44,96
2018-09-14 17:30:00;44,68
2018-09-14 17:45:00;45,04
2018-09-14 18:00:00;44,32
2018-09-14 18:15:00;38,76
2018-09-14 18:30:00;37,80
2018-09-14 18:45:00;36,80
2018-09-14 19:00:00;37,32
2018-09-14 19:15:00;39,52
2018-09-14 19:30:00;36,32
2018-09-14 19:45:00;35,52
2018-09-14 20:00:00;33,44
2018-09-14 20:15:00;35,04
2018-09-14 20:30:00;34,88
2018-09-14 20:45:00;34,44
2018-09-14 21:00:00;36,48
2018-09-14 21:15:00;33,12
2018-09-14 21:30:00;34,48
2018-09-14 21:45:00;34,04
2018-09-14 22:00:00;30,88
2018-09-14 22:15:00;32,04
2018-09-14 22:30:00;30,52
2018-09-14 22:45:00;31,84
2018-09-14 23:00:00;29,04
2018-09-14 23:15:00;29,60
2018-09-14 23:30:00;29,24
2018-09-14 23:45:00;28,56
2018-09-15 00:00:00;30,36
2018-09-15 00:15:00;28,20
2018-09-15 00:30:00;28,48
2018-09-15 00:45:00;28,80
2018-09-15 01:00:00;29,16
2018-09-15 01:15:00;28,76
2018-09-15 01:30:00;26,60
2018-09-15 01:45:00;29,52
2018-09-15 02:00:00;28,80
2018-09-15 02:15:00;27,68
2018-09-15 02:30:00;27,64
2018-09-15 02:45:00;28,28
2018-09-15 03:00:00;29,36
2018-09-15 03:15:00;27,92
2018-09-15 03:30:00;27,20
2018-09-15 03:45:00;28,36
2018-09-15 04:00:00;28,44
2018-09-15 04:15:00;28,36
2018-09-15 04:30:00;26,60
2018-09-15 04:45:00;28,60
2018-09-15 05:00:00;29,32
2018-09-15 05:15:00;27,40
2018-09-15 05:30:00;30,40
2018-09-15 05:45:00;34,96
2018-09-15 06:00:00;30,88
2018-09-15 06:15:00;30,96
2018-09-15 06:30:00;31,08
2018-09-15 06:45:00;30,04
2018-09-15 07:00:00;33,48
2018-09-15 07:15:00;33,04
2018-09-15 07:30:00;29,32
2018-09-15 07:45:00;28,96
2018-09-15 08:00:00;31,24
2018-09-15 08:15:00;33,00
2018-09-15 08:30:00;33,24
2018-09-15 08:45:00;32,88
2018-09-15 09:00:00;30,40
2018-09-15 09:15:00;30,88
2018-09-15 09:30:00;33,28
2018-09-15 09:45:00;33,96
2018-09-15 10:00:00;33,92
2018-09-15 10:15:00;29,48
2018-09-15 10:30:00;31,56
2018-09-15 10:45:00;35,56
2018-09-15 11:00:00;33,88
2018-09-15 11:15:00;31,92
2018-09-15 11:30:00;31,80
2018-09-15 11:45:00;31,52
2018-09-15 12:00:00;31,64
2018-09-15 12:15:00;31,68
2018-09-15 12:30:00;33,00
2018-09-15 12:45:00;31,28
2018-09-15 13:00:00;33,68
2018-09-15 13:15:00;31,84
2018-09-15 13:30:00;31,24
2018-09-15 13:45:00;33,28
2018-09-15 14:00:00;32,28
2018-09-15 14:15:00;31,60
2018-09-15 14:30:00;31,28
2018-09-15 14:45:00;34,16
2018-09-15 15:00:00;36,44
2018-09-15 15:15:00;33,12
2018-09-15 15:30:00;32,20
2018-09-15 15:45:00;31,00
2018-09-15 16:00:00;33,32
2018-09-15 16:15:00;30,92
2018-09-15 16:30:00;30,20
2018-09-15 16:45:00;28,36
2018-09-15 17:00:00;30,04
2018-09-15 17:15:00;30,32
2018-09-15 17:30:00;26,36
2018-09-15 17:45:00;28,08
2018-09-15 18:00:00;26,08
2018-09-15 18:15:00;28,12
2018-09-15 18:30:00;27,36
2018-09-15 18:45:00;26,68
2018-09-15 19:00:00;27,12
2018-09-15 19:15:00;26,80
2018-09-15 19:30:00;28,04
2018-09-15 19:45:00;26,76
2018-09-15 20:00:00;26,40
2018-09-15 20:15:00;26,40
2018-09-15 20:30:00;27,12
2018-09-15 20:45:00;26,64
2018-09-15 21:00:00;25,16
2018-09-15 21:15:00;26,68
2018-09-15 21:30:00;27,40
2018-09-15 21:45:00;26,56
2018-09-15 22:00:00;26,44
2018-09-15 22:15:00;25,76
2018-09-15 22:30:00;26,88
2018-09-15 22:45:00;27,64
2018-09-15 23:00:00;25,48
2018-09-15 23:15:00;26,84
2018-09-15 23:30:00;26,04
2018-09-15 23:45:00;26,00
2018-09-16 00:00:00;27,28
2018-09-16 00:15:00;24,72
2018-09-16 00:30:00;27,68
2018-09-16 00:45:00;26,76
2018-09-16 01:00:00;25,04
2018-09-16 01:15:00;25,84
2018-09-16 01:30:00;26,64
2018-09-16 01:45:00;27,04
2018-09-16 02:00:00;25,92
2018-09-16 02:15:00;25,04
2018-09-16 02:30:00;27,20
2018-09-16 02:45:00;26,32
2018-09-16 03:00:00;25,28
2018-09-16 03:15:00;25,88
2018-09-16 03:30:00;25,60
2018-09-16 03:45:00;27,28
2018-09-16 04:00:00;25,16
2018-09-16 04:15:00;24,92
2018-09-16 04:30:00;26,44
2018-09-16 04:45:00;26,48
2018-09-16 05:00:00;24,60
2018-09-16 05:15:00;26,20
2018-09-16 05:30:00;25,32
2018-09-16 05:45:00;26,64
2018-09-16 06:00:00;25,04
2018-09-16 06:15:00;24,80
2018-09-16 06:30:00;24,92
2018-09-16 06:45:00;26,72
2018-09-16 07:00:00;24,64
2018-09-16 07:15:00;25,44
2018-09-16 07:30:00;23,72
2018-09-16 07:45:00;26,00
2018-09-16 08:00:00;26,08
2018-09-16 08:15:00;24,44
2018-09-16 08:30:00;23,80
2018-09-16 08:45:00;25,76
2018-09-16 09:00:00;26,32
2018-09-16 09:15:00;25,04
2018-09-16 09:30:00;25,12
2018-09-16 09:45:00;24,20
2018-09-16 10:00:00;26,68
2018-09-16 10:15:00;25,56
2018-09-16 10:30:00;24,96
2018-09-16 10:45:00;27,12
2018-09-16 11:00:00;25,72
2018-09-16 11:15:00;29,84
2018-09-16 11:30:00;29,28
2018-09-16 11:45:00;29,92
2018-09-16 12:00:00;32,72
2018-09-16 12:15:00;30,16
2018-09-16 12:30:00;30,52
2018-09-16 12:45:00;25,88
2018-09-16 13:00:00;29,76
2018-09-16 13:15:00;31,76
2018-09-16 13:30:00;30,84
2018-09-16 13:45:00;29,60
2018-09-16 14:00:00;28,16
2018-09-16 14:15:00;29,84
2018-09-16 14:30:00;29,48
2018-09-16 14:45:00;29,68
2018-09-16 15:00:00;32,04
2018-09-16 15:15:00;29,32
2018-09-16 15:30:00;29,76
2018-09-16 15:45:00;28,88
2018-09-16 16:00:00;32,28
2018-09-16 16:15:00;31,24
2018-09-16 16:30:00;30,68
2018-09-16 16:45:00;28,80
2018-09-16 17:00:00;28,48
2018-09-16 17:15:00;32,12
2018-09-16 17:30:00;31,68
2018-09-16 17:45:00;30,40
2018-09-16 18:00:00;29,60
2018-09-16 18:15:00;28,48
2018-09-16 18:30:00;33,08
2018-09-16 18:45:00;32,44
2018-09-16 19:00:00;30,92
2018-09-16 19:15:00;29,68
2018-09-16 19:30:00;30,44
2018-09-16 19:45:00;30,60
2018-09-16 20:00:00;30,24
2018-09-16 20:15:00;31,52
2018-09-16 20:30:00;31,28
2018-09-16 20:45:00;29,52
2018-09-16 21:00:00;28,88
2018-09-16 21:15:00;30,64
2018-09-16 21:30:00;32,48
2018-09-16 21:45:00;31,28
2018-09-16 22:00:00;29,08
2018-09-16 22:15:00;28,52
2018-09-16 22:30:00;32,40
2018-09-16 22:45:00;31,28
2018-09-16 23:00:00;30,88
2018-09-16 23:15:00;29,68
2018-09-16 23:30:00;28,28
2018-09-16 23:45:00;31,68
2018-09-17 00:00:00;30,24
2018-09-17 00:15:00;30,76
2018-09-17 00:30:00;30,16
2018-09-17 00:45:00;28,40
2018-09-17 01:00:00;30,16
2018-09-17 01:15:00;28,16
2018-09-17 01:30:00;29,84
2018-09-17 01:45:00;32,40
2018-09-17 02:00:00;29,32
2018-09-17 02:15:00;28,84
2018-09-17 02:30:00;28,36
2018-09-17 02:45:00;32,32
2018-09-17 03:00:00;32,20
2018-09-17 03:15:00;28,16
2018-09-17 03:30:00;27,16
2018-09-17 03:45:00;29,84
2018-09-17 04:00:00;30,88
2018-09-17 04:15:00;30,80
2018-09-17 04:30:00;28,64
2018-09-17 04:45:00;28,36
2018-09-17 05:00:00;31,04
2018-09-17 05:15:00;30,12
2018-09-17 05:30:00;32,32
2018-09-17 05:45:00;32,72
2018-09-17 06:00:00;35,24
2018-09-17 06:15:00;69,48
2018-09-17 06:30:00;85,32
2018-09-17 06:45:00;101,00
2018-09-17 07:00:00;107,96
2018-09-17 07:15:00;118,20
2018-09-17 07:30:00;131,00
2018-09-17 07:45:00;136,96
2018-09-17 08:00:00;134,32
2018-09-17 08:15:00;129,32
2018-09-17 08:30:00;136,12
2018-09-17 08:45:00;134,96
2018-09-17 09:00:00;142,36
2018-09-17 09:15:00;144,16
2018-09-17 09:30:00;150,16
2018-09-17 09:45:00;151,84
2018-09-17 10:00:00;148,24
2018-09-17 10:15:00;148,40
2018-09-17 10:30:00;152,68
2018-09-17 10:45:00;149,60
2018-09-17 11:00:00;151,40
2018-09-17 11:15:00;127,28
2018-09-17 11:30:00;118,08
2018-09-17 11:45:00;133,64
2018-09-17 12:00:00;136,32
2018-09-17 12:15:00;150,24
2018-09-17 12:30:00;142,04
2018-09-17 12:45:00;143,16
2018-09-17 13:00:00;142,32
2018-09-17 13:15:00;140,72
2018-09-17 13:30:00;142,40
2018-09-17 13:45:00;142,80
2018-09-17 14:00:00;140,00
2018-09-17 14:15:00;142,24
2018-09-17 14:30:00;137,68
2018-09-17 14:45:00;143,80
2018-09-17 15:00:00;145,00
2018-09-17 15:15:00;122,88
2018-09-17 15:30:00;114,92
2018-09-17 15:45:00;87,00
2018-09-17 16:00:00;78,36
2018-09-17 16:15:00;66,00
2018-09-17 16:30:00;58,64
2018-09-17 16:45:00;51,16
2018-09-17 17:00:00;46,00
2018-09-17 17:15:00;45,44
2018-09-17 17:30:00;42,76
2018-09-17 17:45:00;44,60
2018-09-17 18:00:00;44,40
2018-09-17 18:15:00;41,44
2018-09-17 18:30:00;41,12
2018-09-17 18:45:00;44,24
2018-09-17 19:00:00;44,56
2018-09-17 19:15:00;43,40
2018-09-17 19:30:00;40,08
2018-09-17 19:45:00;42,40
2018-09-17 20:00:00;42,00
2018-09-17 20:15:00;42,92
2018-09-17 20:30:00;42,04
2018-09-17 20:45:00;41,44
2018-09-17 21:00:00;39,84
2018-09-17 21:15:00;32,88
2018-09-17 21:30:00;32,44
2018-09-17 21:45:00;36,52
2018-09-17 22:00:00;31,64
2018-09-17 22:15:00;32,96
2018-09-17 22:30:00;29,20
2018-09-17 22:45:00;31,08
2018-09-17 23:00:00;32,28
2018-09-17 23:15:00;32,76
2018-09-17 23:30:00;29,72
2018-09-17 23:45:00;29,76
2018-09-18 00:00:00;29,00
2018-09-18 00:15:00;33,32
2018-09-18 00:30:00;31,80
2018-09-18 00:45:00;29,36
2018-09-18 01:00:00;30,16
2018-09-18 01:15:00;29,64
2018-09-18 01:30:00;31,84
2018-09-18 01:45:00;34,00
2018-09-18 02:00:00;31,08
2018-09-18 02:15:00;28,84
2018-09-18 02:30:00;30,36
2018-09-18 02:45:00;30,28
2018-09-18 03:00:00;30,44
2018-09-18 03:15:00;31,96
2018-09-18 03:30:00;31,76
2018-09-18 03:45:00;28,56
2018-09-18 04:00:00;28,88
2018-09-18 04:15:00;29,68
2018-09-18 04:30:00;32,52
2018-09-18 04:45:00;31,20
2018-09-18 05:00:00;27,88
2018-09-18 05:15:00;31,40
2018-09-18 05:30:00;33,08
2018-09-18 05:45:00;39,80
2018-09-18 06:00:00;43,56
2018-09-18 06:15:00;87,68
2018-09-18 06:30:00;102,36
2018-09-18 06:45:00;109,56
2018-09-18 07:00:00;125,84
2018-09-18 07:15:00;129,76
2018-09-18 07:30:00;126,48
2018-09-18 07:45:00;125,60
2018-09-18 08:00:00;117,40
2018-09-18 08:15:00;101,00
2018-09-18 08:30:00;120,52
2018-09-18 08:45:00;140,04
2018-09-18 09:00:00;124,80
2018-09-18 09:15:00;137,12
2018-09-18 09:30:00;121,76
2018-09-18 09:45:00;122,00
2018-09-18 10:00:00;118,56
2018-09-18 10:15:00;130,64
2018-09-18 10:30:00;125,00
2018-09-18 10:45:00;123,28
2018-09-18 11:00:00;126,44
2018-09-18 11:15:00;113,48
2018-09-18 11:30:00;105,24
2018-09-18 11:45:00;107,56
2018-09-18 12:00:00;121,32
2018-09-18 12:15:00;132,76
2018-09-18 12:30:00;135,60
2018-09-18 12:45:00;134,80
2018-09-18 13:00:00;141,80
2018-09-18 13:15:00;122,76
2018-09-18 13:30:00;115,00
2018-09-18 13:45:00;118,08
2018-09-18 14:00:00;116,08
2018-09-18 14:15:00;128,44
2018-09-18 14:30:00;127,00
2018-09-18 14:45:00;130,64
2018-09-18 15:00:00;128,60
2018-09-18 15:15:00;113,48
2018-09-18 15:30:00;112,32
2018-09-18 15:45:00;90,92
2018-09-18 16:00:00;102,60
2018-09-18 16:15:00;96,20
2018-09-18 16:30:00;83,80
2018-09-18 16:45:00;69,20
2018-09-18 17:00:00;54,52
2018-09-18 17:15:00;46,56
2018-09-18 17:30:00;39,68
2018-09-18 17:45:00;37,56
2018-09-18 18:00:00;35,00
2018-09-18 18:15:00;34,56
2018-09-18 18:30:00;32,64
2018-09-18 18:45:00;31,68
2018-09-18 19:00:00;31,04
2018-09-18 19:15:00;30,72
2018-09-18 19:30:00;30,40
2018-09-18 19:45:00;30,36
2018-09-18 20:00:00;30,72
2018-09-18 20:15:00;29,60
2018-09-18 20:30:00;29,88
2018-09-18 20:45:00;30,32
2018-09-18 21:00:00;29,56
2018-09-18 21:15:00;29,64
2018-09-18 21:30:00;30,56
2018-09-18 21:45:00;32,32
2018-09-18 22:00:00;30,20
2018-09-18 22:15:00;28,88
2018-09-18 22:30:00;29,76
2018-09-18 22:45:00;28,56
2018-09-18 23:00:00;28,80
2018-09-18 23:15:00;28,84
2018-09-18 23:30:00;29,12
2018-09-18 23:45:00;29,28
2018-09-19 00:00:00;28,28
2018-09-19 00:15:00;28,80
2018-09-19 00:30:00;31,20
2018-09-19 00:45:00;30,24
2018-09-19 01:00:00;29,44
2018-09-19 01:15:00;32,32
2018-09-19 01:30:00;29,44
2018-09-19 01:45:00;30,88
2018-09-19 02:00:00;29,24
2018-09-19 02:15:00;28,76
2018-09-19 02:30:00;31,12
2018-09-19 02:45:00;28,52
2018-09-19 03:00:00;29,64
2018-09-19 03:15:00;29,84
2018-09-19 03:30:00;29,00
2018-09-19 03:45:00;29,60
2018-09-19 04:00:00;26,00
2018-09-19 04:15:00;27,24
2018-09-19 04:30:00;26,88
2018-09-19 04:45:00;25,20
2018-09-19 05:00:00;27,52
2018-09-19 05:15:00;26,96
2018-09-19 05:30:00;26,44
2018-09-19 05:45:00;33,20
2018-09-19 06:00:00;39,92
2018-09-19 06:15:00;65,48
2018-09-19 06:30:00;92,64
2018-09-19 06:45:00;104,56
2018-09-19 07:00:00;103,96
2018-09-19 07:15:00;111,08
2018-09-19 07:30:00;121,08
2018-09-19 07:45:00;128,24
2018-09-19 08:00:00;124,44
2018-09-19 08:15:00;114,20
2018-09-19 08:30:00;122,84
2018-09-19 08:45:00;134,88
2018-09-19 09:00:00;122,44
2018-09-19 09:15:00;135,84
2018-09-19 09:30:00;143,48
2018-09-19 09:45:00;138,12
2018-09-19 10:00:00;134,20
2018-09-19 10:15:00;145,52
2018-09-19 10:30:00;142,12
2018-09-19 10:45:00;130,48
2018-09-19 11:00:00;132,28
2018-09-19 11:15:00;114,36
2018-09-19 11:30:00;103,64
2018-09-19 11:45:00;111,52
2018-09-19 12:00:00;120,64
2018-09-19 12:15:00;125,20
2018-09-19 12:30:00;118,20
2018-09-19 12:45:00;127,60
2018-09-19 13:00:00;120,40
2018-09-19 13:15:00;121,00
2018-09-19 13:30:00;122,96
2018-09-19 13:45:00;108,40
2018-09-19 14:00:00;109,84
2018-09-19 14:15:00;114,88
2018-09-19 14:30:00;115,80
2018-09-19 14:45:00;125,36
2018-09-19 15:00:00;139,24
2018-09-19 15:15:00;130,64
2018-09-19 15:30:00;125,56
2018-09-19 15:45:00;92,88
2018-09-19 16:00:00;87,00
2018-09-19 16:15:00;81,68
2018-09-19 16:30:00;77,12
2018-09-19 16:45:00;67,52
2018-09-19 17:00:00;62,64
2018-09-19 17:15:00;54,20
2018-09-19 17:30:00;49,16
2018-09-19 17:45:00;47,64
2018-09-19 18:00:00;48,60
2018-09-19 18:15:00;42,40
2018-09-19 18:30:00;45,92
2018-09-19 18:45:00;43,44
2018-09-19 19:00:00;39,72
2018-09-19 19:15:00;35,88
2018-09-19 19:30:00;31,36
2018-09-19 19:45:00;32,32
2018-09-19 20:00:00;30,64
2018-09-19 20:15:00;31,36
2018-09-19 20:30:00;29,64
2018-09-19 20:45:00;29,16
2018-09-19 21:00:00;31,92
2018-09-19 21:15:00;28,32
2018-09-19 21:30:00;28,44
2018-09-19 21:45:00;29,48
2018-09-19 22:00:00;29,16
2018-09-19 22:15:00;29,16
2018-09-19 22:30:00;26,84
2018-09-19 22:45:00;28,40
2018-09-19 23:00:00;27,56
2018-09-19 23:15:00;26,20
2018-09-19 23:30:00;24,28
2018-09-19 23:45:00;26,28
2018-09-20 00:00:00;25,68
2018-09-20 00:15:00;25,60
2018-09-20 00:30:00;24,68
2018-09-20 00:45:00;26,24
2018-09-20 01:00:00;25,12
2018-09-20 01:15:00;25,48
2018-09-20 01:30:00;25,80
2018-09-20 01:45:00;24,56
2018-09-20 02:00:00;25,24
2018-09-20 02:15:00;24,84
2018-09-20 02:30:00;23,76
2018-09-20 02:45:00;24,56
2018-09-20 03:00:00;24,80
2018-09-20 03:15:00;25,52
2018-09-20 03:30:00;23,92
2018-09-20 03:45:00;23,92
2018-09-20 04:00:00;25,72
2018-09-20 04:15:00;24,28
2018-09-20 04:30:00;24,08
2018-09-20 04:45:00;24,52
2018-09-20 05:00:00;24,00
2018-09-20 05:15:00;25,28
2018-09-20 05:30:00;29,08
2018-09-20 05:45:00;34,72
2018-09-20 06:00:00;42,04
2018-09-20 06:15:00;87,32
2018-09-20 06:30:00;111,12
2018-09-20 06:45:00;117,04
2018-09-20 07:00:00;107,92
2018-09-20 07:15:00;105,08
2018-09-20 07:30:00;107,08
2018-09-20 07:45:00;110,44
2018-09-20 08:00:00;122,64
2018-09-20 08:15:00;103,80
2018-09-20 08:30:00;110,56
2018-09-20 08:45:00;123,56
2018-09-20 09:00:00;131,80
2018-09-20 09:15:00;116,68
2018-09-20 09:30:00;124,36
2018-09-20 09:45:00;124,32
2018-09-20 10:00:00;115,76
2018-09-20 10:15:00;117,36
2018-09-20 10:30:00;109,00
2018-09-20 10:45:00;114,76
2018-09-20 11:00:00;112,00
2018-09-20 11:15:00;93,28
2018-09-20 11:30:00;88,96
2018-09-20 11:45:00;99,52
2018-09-20 12:00:00;103,40
2018-09-20 12:15:00;116,20
2018-09-20 12:30:00;121,64
2018-09-20 12:45:00;121,08
2018-09-20 13:00:00;124,16
2018-09-20 13:15:00;109,76
2018-09-20 13:30:00;117,68
2018-09-20 13:45:00;116,32
2018-09-20 14:00:00;121,28
2018-09-20 14:15:00;117,36
2018-09-20 14:30:00;123,60
2018-09-20 14:45:00;128,72
2018-09-20 15:00:00;126,24
2018-09-20 15:15:00;124,20
2018-09-20 15:30:00;106,24
2018-09-20 15:45:00;88,16
2018-09-20 16:00:00;69,00
2018-09-20 16:15:00;68,88
2018-09-20 16:30:00;70,92
2018-09-20 16:45:00;69,64
2018-09-20 17:00:00;71,64
2018-09-20 17:15:00;64,60
2018-09-20 17:30:00;57,20
2018-09-20 17:45:00;50,12
2018-09-20 18:00:00;46,72
2018-09-20 18:15:00;46,48
2018-09-20 18:30:00;44,28
2018-09-20 18:45:00;41,80
2018-09-20 19:00:00;37,88
2018-09-20 19:15:00;35,28
2018-09-20 19:30:00;34,12
2018-09-20 19:45:00;33,72
2018-09-20 20:00:00;33,56
2018-09-20 20:15:00;34,40
2018-09-20 20:30:00;32,56
2018-09-20 20:45:00;34,32
2018-09-20 21:00:00;31,20
2018-09-20 21:15:00;30,12
2018-09-20 21:30:00;31,76
2018-09-20 21:45:00;30,40
2018-09-20 22:00:00;31,32
2018-09-20 22:15:00;29,76
2018-09-20 22:30:00;30,16
2018-09-20 22:45:00;30,68
2018-09-20 23:00:00;29,72
2018-09-20 23:15:00;29,64
2018-09-20 23:30:00;30,48
2018-09-20 23:45:00;30,28
2018-09-21 00:00:00;30,72
2018-09-21 00:15:00;30,28
2018-09-21 00:30:00;30,80
2018-09-21 00:45:00;31,20
2018-09-21 01:00:00;30,44
2018-09-21 01:15:00;31,00
2018-09-21 01:30:00;31,44
2018-09-21 01:45:00;31,52
2018-09-21 02:00:00;29,44
2018-09-21 02:15:00;31,52
2018-09-21 02:30:00;31,76
2018-09-21 02:45:00;29,96
2018-09-21 03:00:00;28,12
2018-09-21 03:15:00;29,00
2018-09-21 03:30:00;28,52
2018-09-21 03:45:00;27,16
2018-09-21 04:00:00;27,04
2018-09-21 04:15:00;25,84
2018-09-21 04:30:00;27,00
2018-09-21 04:45:00;26,60
2018-09-21 05:00:00;26,92
2018-09-21 05:15:00;28,72
2018-09-21 05:30:00;27,52
2018-09-21 05:45:00;31,96
2018-09-21 06:00:00;43,08
2018-09-21 06:15:00;82,48
2018-09-21 06:30:00;111,32
2018-09-21 06:45:00;112,16
2018-09-21 07:00:00;109,68
2018-09-21 07:15:00;115,76
2018-09-21 07:30:00;115,60
2018-09-21 07:45:00;112,68
2018-09-21 08:00:00;123,60
2018-09-21 08:15:00;105,64
2018-09-21 08:30:00;117,36
2018-09-21 08:45:00;122,24
2018-09-21 09:00:00;130,84
2018-09-21 09:15:00;125,24
2018-09-21 09:30:00;134,44
2018-09-21 09:45:00;134,24
2018-09-21 10:00:00;127,52
2018-09-21 10:15:00;125,24
2018-09-21 10:30:00;127,40
2018-09-21 10:45:00;122,72
2018-09-21 11:00:00;120,84
2018-09-21 11:15:00;80,44
2018-09-21 11:30:00;76,44
2018-09-21 11:45:00;72,56
2018-09-21 12:00:00;98,32
2018-09-21 12:15:00;105,08
2018-09-21 12:30:00;95,12
2018-09-21 12:45:00;99,80
2018-09-21 13:00:00;99,36
2018-09-21 13:15:00;103,44
2018-09-21 13:30:00;101,72
2018-09-21 13:45:00;101,20
2018-09-21 14:00:00;78,36
2018-09-21 14:15:00;71,64
2018-09-21 14:30:00;79,20
2018-09-21 14:45:00;73,84
2018-09-21 15:00:00;66,44
2018-09-21 15:15:00;61,20
2018-09-21 15:30:00;62,12
2018-09-21 15:45:00;64,44
2018-09-21 16:00:00;60,88
2018-09-21 16:15:00;56,68
2018-09-21 16:30:00;52,84
2018-09-21 16:45:00;55,40
2018-09-21 17:00:00;53,76
2018-09-21 17:15:00;53,68
2018-09-21 17:30:00;52,20
2018-09-21 17:45:00;50,00
2018-09-21 18:00:00;48,52
2018-09-21 18:15:00;48,48
2018-09-21 18:30:00;45,96
2018-09-21 18:45:00;39,08
2018-09-21 19:00:00;37,60
2018-09-21 19:15:00;41,96
2018-09-21 19:30:00;42,52
2018-09-21 19:45:00;43,08
2018-09-21 20:00:00;38,08
2018-09-21 20:15:00;35,12
2018-09-21 20:30:00;34,52
2018-09-21 20:45:00;34,84
2018-09-21 21:00:00;35,00
2018-09-21 21:15:00;32,36
2018-09-21 21:30:00;29,96
2018-09-21 21:45:00;29,52
2018-09-21 22:00:00;27,40
2018-09-21 22:15:00;22,32
2018-09-21 22:30:00;21,72
2018-09-21 22:45:00;21,48
2018-09-21 23:00:00;19,72
2018-09-21 23:15:00;18,00
2018-09-21 23:30:00;19,24
2018-09-21 23:45:00;19,36
2018-09-22 00:00:00;18,00
2018-09-22 00:15:00;19,64
2018-09-22 00:30:00;20,36
2018-09-22 00:45:00;19,80
2018-09-22 01:00:00;20,48
2018-09-22 01:15:00;19,40
2018-09-22 01:30:00;20,56
2018-09-22 01:45:00;19,64
2018-09-22 02:00:00;19,32
2018-09-22 02:15:00;20,76
2018-09-22 02:30:00;19,96
2018-09-22 02:45:00;20,32
2018-09-22 03:00:00;19,72
2018-09-22 03:15:00;19,24
2018-09-22 03:30:00;20,40
2018-09-22 03:45:00;19,28
2018-09-22 04:00:00;20,08
2018-09-22 04:15:00;19,68
2018-09-22 04:30:00;19,28
2018-09-22 04:45:00;19,92
2018-09-22 05:00:00;19,44
2018-09-22 05:15:00;19,20
2018-09-22 05:30:00;19,12
2018-09-22 05:45:00;19,44
2018-09-22 06:00:00;18,72
2018-09-22 06:15:00;19,44
2018-09-22 06:30:00;19,72
2018-09-22 06:45:00;18,08
2018-09-22 07:00:00;19,40
2018-09-22 07:15:00;20,44
2018-09-22 07:30:00;21,44
2018-09-22 07:45:00;23,48
2018-09-22 08:00:00;23,24
2018-09-22 08:15:00;21,96
2018-09-22 08:30:00;23,80
2018-09-22 08:45:00;32,92
2018-09-22 09:00:00;39,36
2018-09-22 09:15:00;42,68
2018-09-22 09:30:00;41,72
2018-09-22 09:45:00;42,64
2018-09-22 10:00:00;44,28
2018-09-22 10:15:00;41,92
2018-09-22 10:30:00;40,16
2018-09-22 10:45:00;43,48
2018-09-22 11:00:00;41,84
2018-09-22 11:15:00;41,44
2018-09-22 11:30:00;45,28
2018-09-22 11:45:00;41,64
2018-09-22 12:00:00;44,28
2018-09-22 12:15:00;46,60
2018-09-22 12:30:00;39,84
2018-09-22 12:45:00;40,60
2018-09-22 13:00:00;41,08
2018-09-22 13:15:00;41,24
2018-09-22 13:30:00;38,56
2018-09-22 13:45:00;29,96
2018-09-22 14:00:00;28,88
2018-09-22 14:15:00;28,00
2018-09-22 14:30:00;30,84
2018-09-22 14:45:00;28,20
2018-09-22 15:00:00;29,16
2018-09-22 15:15:00;30,04
2018-09-22 15:30:00;25,16
2018-09-22 15:45:00;27,48
2018-09-22 16:00:00;27,80
2018-09-22 16:15:00;26,64
2018-09-22 16:30:00;24,32
2018-09-22 16:45:00;35,96
2018-09-22 17:00:00;42,40
2018-09-22 17:15:00;39,08
2018-09-22 17:30:00;44,76
2018-09-22 17:45:00;42,16
2018-09-22 18:00:00;44,24
2018-09-22 18:15:00;47,20
2018-09-22 18:30:00;45,64
2018-09-22 18:45:00;45,64
2018-09-22 19:00:00;42,24
2018-09-22 19:15:00;40,52
2018-09-22 19:30:00;36,72
2018-09-22 19:45:00;38,76
2018-09-22 20:00:00;34,44
2018-09-22 20:15:00;36,52
2018-09-22 20:30:00;36,12
2018-09-22 20:45:00;34,68
2018-09-22 21:00:00;35,72
2018-09-22 21:15:00;35,28
2018-09-22 21:30:00;38,36
2018-09-22 21:45:00;36,44
2018-09-22 22:00:00;35,68
2018-09-22 22:15:00;37,32
2018-09-22 22:30:00;37,48
2018-09-22 22:45:00;35,48
2018-09-22 23:00:00;35,36
2018-09-22 23:15:00;37,72
2018-09-22 23:30:00;36,56
2018-09-22 23:45:00;36,00
2018-09-23 00:00:00;36,64
2018-09-23 00:15:00;35,24
2018-09-23 00:30:00;36,64
2018-09-23 00:45:00;37,80
2018-09-23 01:00:00;35,20
2018-09-23 01:15:00;36,48
2018-09-23 01:30:00;37,56
2018-09-23 01:45:00;34,92
2018-09-23 02:00:00;36,24
2018-09-23 02:15:00;37,04
2018-09-23 02:30:00;35,28
2018-09-23 02:45:00;37,44
2018-09-23 03:00:00;36,84
2018-09-23 03:15:00;35,12
2018-09-23 03:30:00;36,16
2018-09-23 03:45:00;37,12
2018-09-23 04:00:00;35,40
2018-09-23 04:15:00;35,68
2018-09-23 04:30:00;36,72
2018-09-23 04:45:00;36,80
2018-09-23 05:00:00;36,12
2018-09-23 05:15:00;35,68
2018-09-23 05:30:00;35,32
2018-09-23 05:45:00;38,88
2018-09-23 06:00:00;36,20
2018-09-23 06:15:00;35,00
2018-09-23 06:30:00;29,64
2018-09-23 06:45:00;30,64
2018-09-23 07:00:00;29,04
2018-09-23 07:15:00;27,96
2018-09-23 07:30:00;28,36
2018-09-23 07:45:00;28,96
2018-09-23 08:00:00;29,04
2018-09-23 08:15:00;25,68
2018-09-23 08:30:00;27,08
2018-09-23 08:45:00;26,76
2018-09-23 09:00:00;38,44
2018-09-23 09:15:00;40,36
2018-09-23 09:30:00;40,88
2018-09-23 09:45:00;38,80
2018-09-23 10:00:00;37,12
2018-09-23 10:15:00;37,24
2018-09-23 10:30:00;33,28
2018-09-23 10:45:00;37,68
2018-09-23 11:00:00;36,68
2018-09-23 11:15:00;39,92
2018-09-23 11:30:00;42,60
2018-09-23 11:45:00;40,84
2018-09-23 12:00:00;39,76
2018-09-23 12:15:00;41,16
2018-09-23 12:30:00;39,88
2018-09-23 12:45:00;35,84
2018-09-23 13:00:00;34,68
2018-09-23 13:15:00;33,96
2018-09-23 13:30:00;31,84
2018-09-23 13:45:00;30,68
2018-09-23 14:00:00;32,84
2018-09-23 14:15:00;30,60
2018-09-23 14:30:00;30,76
2018-09-23 14:45:00;31,44
2018-09-23 15:00:00;30,52
2018-09-23 15:15:00;31,12
2018-09-23 15:30:00;28,80
2018-09-23 15:45:00;29,08
2018-09-23 16:00:00;27,88
2018-09-23 16:15:00;29,40
2018-09-23 16:30:00;28,52
2018-09-23 16:45:00;25,88
2018-09-23 17:00:00;27,52
2018-09-23 17:15:00;27,68
2018-09-23 17:30:00;25,76
2018-09-23 17:45:00;27,48
2018-09-23 18:00:00;25,76
2018-09-23 18:15:00;27,52
2018-09-23 18:30:00;28,08
2018-09-23 18:45:00;26,92
2018-09-23 19:00:00;27,68
2018-09-23 19:15:00;25,64
2018-09-23 19:30:00;22,80
2018-09-23 19:45:00;21,84
2018-09-23 20:00:00;23,56
2018-09-23 20:15:00;21,00
2018-09-23 20:30:00;19,28
2018-09-23 20:45:00;17,36
2018-09-23 21:00:00;18,64
2018-09-23 21:15:00;18,64
2018-09-23 21:30:00;17,48
2018-09-23 21:45:00;18,32
2018-09-23 22:00:00;18,04
2018-09-23 22:15:00;17,52
2018-09-23 22:30:00;19,32
2018-09-23 22:45:00;17,00
2018-09-23 23:00:00;17,28
2018-09-23 23:15:00;18,76
2018-09-23 23:30:00;17,76
2018-09-23 23:45:00;17,48
2018-09-24 00:00:00;17,48
2018-09-24 00:15:00;18,60
2018-09-24 00:30:00;19,56
2018-09-24 00:45:00;18,44
2018-09-24 01:00:00;19,32
2018-09-24 01:15:00;19,48
2018-09-24 01:30:00;18,32
2018-09-24 01:45:00;19,08
2018-09-24 02:00:00;19,20
2018-09-24 02:15:00;18,52
2018-09-24 02:30:00;18,84
2018-09-24 02:45:00;17,84
2018-09-24 03:00:00;20,76
2018-09-24 03:15:00;18,32
2018-09-24 03:30:00;18,12
2018-09-24 03:45:00;20,28
2018-09-24 04:00:00;18,20
2018-09-24 04:15:00;18,68
2018-09-24 04:30:00;19,12
2018-09-24 04:45:00;18,56
2018-09-24 05:00:00;19,32
2018-09-24 05:15:00;19,80
2018-09-24 05:30:00;21,84
2018-09-24 05:45:00;29,04
2018-09-24 06:00:00;36,44
2018-09-24 06:15:00;68,28
2018-09-24 06:30:00;101,56
2018-09-24 06:45:00;126,36
2018-09-24 07:00:00;135,80
2018-09-24 07:15:00;143,12
2018-09-24 07:30:00;146,88
2018-09-24 07:45:00;143,60
2018-09-24 08:00:00;141,24
2018-09-24 08:15:00;120,40
2018-09-24 08:30:00;131,52
2018-09-24 08:45:00;138,24
2018-09-24 09:00:00;128,04
2018-09-24 09:15:00;141,12
2018-09-24 09:30:00;138,24
2018-09-24 09:45:00;138,12
2018-09-24 10:00:00;144,00
2018-09-24 10:15:00;149,88
2018-09-24 10:30:00;133,36
2018-09-24 10:45:00;138,96
2018-09-24 11:00:00;139,20
2018-09-24 11:15:00;117,16
2018-09-24 11:30:00;110,20
2018-09-24 11:45:00;121,64
2018-09-24 12:00:00;137,44
2018-09-24 12:15:00;125,88
2018-09-24 12:30:00;147,28
2018-09-24 12:45:00;147,56
2018-09-24 13:00:00;144,96
2018-09-24 13:15:00;148,64
2018-09-24 13:30:00;138,12
2018-09-24 13:45:00;131,32
2018-09-24 14:00:00;139,72
2018-09-24 14:15:00;138,44
2018-09-24 14:30:00;139,80
2018-09-24 14:45:00;139,56
2018-09-24 15:00:00;129,04
2018-09-24 15:15:00;135,60
2018-09-24 15:30:00;134,12
2018-09-24 15:45:00;79,04
2018-09-24 16:00:00;68,68
2018-09-24 16:15:00;66,68
2018-09-24 16:30:00;64,76
2018-09-24 16:45:00;61,76
2018-09-24 17:00:00;57,24
2018-09-24 17:15:00;56,84
2018-09-24 17:30:00;45,28
2018-09-24 17:45:00;35,68
2018-09-24 18:00:00;37,68
2018-09-24 18:15:00;33,56
2018-09-24 18:30:00;34,48
2018-09-24 18:45:00;33,88
2018-09-24 19:00:00;32,08
2018-09-24 19:15:00;35,20
2018-09-24 19:30:00;32,44
2018-09-24 19:45:00;31,28
2018-09-24 20:00:00;32,76
2018-09-24 20:15:00;29,64
2018-09-24 20:30:00;29,16
2018-09-24 20:45:00;29,96
2018-09-24 21:00:00;28,84
2018-09-24 21:15:00;27,12
2018-09-24 21:30:00;28,52
2018-09-24 21:45:00;27,32
2018-09-24 22:00:00;27,28
2018-09-24 22:15:00;27,24
2018-09-24 22:30:00;26,20
2018-09-24 22:45:00;26,12
2018-09-24 23:00:00;26,84
2018-09-24 23:15:00;26,04
2018-09-24 23:30:00;26,44
2018-09-24 23:45:00;25,68
2018-09-25 00:00:00;26,40
2018-09-25 00:15:00;25,64
2018-09-25 00:30:00;24,92
2018-09-25 00:45:00;26,68
2018-09-25 01:00:00;25,84
2018-09-25 01:15:00;25,08
2018-09-25 01:30:00;26,40
2018-09-25 01:45:00;25,20
2018-09-25 02:00:00;25,64
2018-09-25 02:15:00;26,12
2018-09-25 02:30:00;25,04
2018-09-25 02:45:00;25,40
2018-09-25 03:00:00;25,08
2018-09-25 03:15:00;26,36
2018-09-25 03:30:00;25,28
2018-09-25 03:45:00;24,60
2018-09-25 04:00:00;26,60
2018-09-25 04:15:00;25,40
2018-09-25 04:30:00;24,04
2018-09-25 04:45:00;25,52
2018-09-25 05:00:00;26,88
2018-09-25 05:15:00;25,68
2018-09-25 05:30:00;26,32
2018-09-25 05:45:00;36,36
2018-09-25 06:00:00;41,08
2018-09-25 06:15:00;71,40
2018-09-25 06:30:00;87,92
2018-09-25 06:45:00;103,92
2018-09-25 07:00:00;118,48
2018-09-25 07:15:00;121,88
2018-09-25 07:30:00;122,52
2018-09-25 07:45:00;115,52
2018-09-25 08:00:00;112,40
2018-09-25 08:15:00;106,72
2018-09-25 08:30:00;99,56
2018-09-25 08:45:00;103,56
2018-09-25 09:00:00;114,80
2018-09-25 09:15:00;117,56
2018-09-25 09:30:00;107,64
2018-09-25 09:45:00;117,68
2018-09-25 10:00:00;120,32
2018-09-25 10:15:00;122,00
2018-09-25 10:30:00;124,36
2018-09-25 10:45:00;134,32
2018-09-25 11:00:00;122,36
2018-09-25 11:15:00;92,36
2018-09-25 11:30:00;89,12
2018-09-25 11:45:00;96,24
2018-09-25 12:00:00;109,84
2018-09-25 12:15:00;115,68
2018-09-25 12:30:00;113,04
2018-09-25 12:45:00;106,48
2018-09-25 13:00:00;117,80
2018-09-25 13:15:00;122,84
2018-09-25 13:30:00;111,64
2018-09-25 13:45:00;102,76
2018-09-25 14:00:00;111,60
2018-09-25 14:15:00;108,40
2018-09-25 14:30:00;105,12
2018-09-25 14:45:00;114,76
2018-09-25 15:00:00;128,44
2018-09-25 15:15:00;119,44
2018-09-25 15:30:00;100,72
2018-09-25 15:45:00;68,20
2018-09-25 16:00:00;66,84
2018-09-25 16:15:00;62,36
2018-09-25 16:30:00;52,64
2018-09-25 16:45:00;50,00
2018-09-25 17:00:00;50,56
2018-09-25 17:15:00;45,44
2018-09-25 17:30:00;41,64
2018-09-25 17:45:00;41,52
2018-09-25 18:00:00;41,84
2018-09-25 18:15:00;38,32
2018-09-25 18:30:00;34,20
2018-09-25 18:45:00;33,88
2018-09-25 19:00:00;34,44
2018-09-25 19:15:00;32,52
2018-09-25 19:30:00;31,96
2018-09-25 19:45:00;31,32
2018-09-25 20:00:00;30,12
2018-09-25 20:15:00;29,44
2018-09-25 20:30:00;31,16
2018-09-25 20:45:00;29,32
2018-09-25 21:00:00;28,80
2018-09-25 21:15:00;28,92
2018-09-25 21:30:00;27,36
2018-09-25 21:45:00;29,48
2018-09-25 22:00:00;29,92
2018-09-25 22:15:00;29,20
2018-09-25 22:30:00;29,44
2018-09-25 22:45:00;30,00
2018-09-25 23:00:00;28,16
2018-09-25 23:15:00;29,04
2018-09-25 23:30:00;30,60
2018-09-25 23:45:00;30,28
2018-09-26 00:00:00;28,04
2018-09-26 00:15:00;29,52
2018-09-26 00:30:00;28,88
2018-09-26 00:45:00;29,76
2018-09-26 01:00:00;28,04
2018-09-26 01:15:00;29,72
2018-09-26 01:30:00;30,12
2018-09-26 01:45:00;27,84
2018-09-26 02:00:00;27,16
2018-09-26 02:15:00;26,80
2018-09-26 02:30:00;29,08
2018-09-26 02:45:00;27,28
2018-09-26 03:00:00;27,60
2018-09-26 03:15:00;28,40
2018-09-26 03:30:00;26,20
2018-09-26 03:45:00;26,16
2018-09-26 04:00:00;26,52
2018-09-26 04:15:00;26,84
2018-09-26 04:30:00;26,64
2018-09-26 04:45:00;27,20
2018-09-26 05:00:00;26,24
2018-09-26 05:15:00;28,36
2018-09-26 05:30:00;28,16
2018-09-26 05:45:00;36,08
2018-09-26 06:00:00;44,60
2018-09-26 06:15:00;75,96
2018-09-26 06:30:00;106,96
2018-09-26 06:45:00;108,28
2018-09-26 07:00:00;109,24
2018-09-26 07:15:00;120,52
2018-09-26 07:30:00;123,88
2018-09-26 07:45:00;109,04
2018-09-26 08:00:00;111,72
2018-09-26 08:15:00;95,48
2018-09-26 08:30:00;107,40
2018-09-26 08:45:00;111,56
2018-09-26 09:00:00;118,20
2018-09-26 09:15:00;121,04
2018-09-26 09:30:00;116,44
2018-09-26 09:45:00;110,44
2018-09-26 10:00:00;107,64
2018-09-26 10:15:00;117,12
2018-09-26 10:30:00;115,84
2018-09-26 10:45:00;115,28
2018-09-26 11:00:00;108,40
2018-09-26 11:15:00;89,04
2018-09-26 11:30:00;83,76
2018-09-26 11:45:00;93,92
2018-09-26 12:00:00;110,80
2018-09-26 12:15:00;104,52
2018-09-26 12:30:00;93,08
2018-09-26 12:45:00;87,40
2018-09-26 13:00:00;92,28
2018-09-26 13:15:00;91,72
2018-09-26 13:30:00;91,24
2018-09-26 13:45:00;98,76
2018-09-26 14:00:00;112,32
2018-09-26 14:15:00;121,52
2018-09-26 14:30:00;107,84
2018-09-26 14:45:00;101,88
2018-09-26 15:00:00;115,52
2018-09-26 15:15:00;118,28
2018-09-26 15:30:00;101,80
2018-09-26 15:45:00;74,24
2018-09-26 16:00:00;73,28
2018-09-26 16:15:00;66,00
2018-09-26 16:30:00;61,76
2018-09-26 16:45:00;61,20
2018-09-26 17:00:00;60,80
2018-09-26 17:15:00;58,12
2018-09-26 17:30:00;57,28
2018-09-26 17:45:00;55,92
2018-09-26 18:00:00;54,60
2018-09-26 18:15:00;58,36
2018-09-26 18:30:00;61,04
2018-09-26 18:45:00;61,12
2018-09-26 19:00:00;61,72
2018-09-26 19:15:00;59,88
2018-09-26 19:30:00;57,04
2018-09-26 19:45:00;59,96
2018-09-26 20:00:00;54,76
2018-09-26 20:15:00;53,12
2018-09-26 20:30:00;51,64
2018-09-26 20:45:00;41,44
2018-09-26 21:00:00;39,72
2018-09-26 21:15:00;38,48
2018-09-26 21:30:00;36,80
2018-09-26 21:45:00;35,76
2018-09-26 22:00:00;30,32
2018-09-26 22:15:00;30,76
2018-09-26 22:30:00;31,76
2018-09-26 22:45:00;30,20
2018-09-26 23:00:00;30,52
2018-09-26 23:15:00;31,68
2018-09-26 23:30:00;30,68
2018-09-26 23:45:00;30,60
2018-09-27 00:00:00;31,52
2018-09-27 00:15:00;28,44
2018-09-27 00:30:00;29,40
2018-09-27 00:45:00;29,20
2018-09-27 01:00:00;28,52
2018-09-27 01:15:00;27,48
2018-09-27 01:30:00;27,32
2018-09-27 01:45:00;27,48
2018-09-27 02:00:00;27,64
2018-09-27 02:15:00;27,00
2018-09-27 02:30:00;26,48
2018-09-27 02:45:00;27,08
2018-09-27 03:00:00;28,36
2018-09-27 03:15:00;26,48
2018-09-27 03:30:00;26,76
2018-09-27 03:45:00;28,20
2018-09-27 04:00:00;27,64
2018-09-27 04:15:00;27,00
2018-09-27 04:30:00;28,24
2018-09-27 04:45:00;27,48
2018-09-27 05:00:00;28,12
2018-09-27 05:15:00;29,16
2018-09-27 05:30:00;29,84
2018-09-27 05:45:00;40,00
2018-09-27 06:00:00;47,04
2018-09-27 06:15:00;83,44
2018-09-27 06:30:00;77,96
2018-09-27 06:45:00;89,08
2018-09-27 07:00:00;105,28
2018-09-27 07:15:00;124,16
2018-09-27 07:30:00;124,64
2018-09-27 07:45:00;135,96
2018-09-27 08:00:00;121,84
2018-09-27 08:15:00;110,44
2018-09-27 08:30:00;126,48
2018-09-27 08:45:00;130,84
2018-09-27 09:00:00;115,96
2018-09-27 09:15:00;121,64
2018-09-27 09:30:00;120,76
2018-09-27 09:45:00;122,68
2018-09-27 10:00:00;125,72
2018-09-27 10:15:00;118,84
2018-09-27 10:30:00;117,24
2018-09-27 10:45:00;127,04
2018-09-27 11:00:00;124,08
2018-09-27 11:15:00;97,28
2018-09-27 11:30:00;88,84
2018-09-27 11:45:00;109,20
2018-09-27 12:00:00;120,68
2018-09-27 12:15:00;113,08
2018-09-27 12:30:00;111,88
2018-09-27 12:45:00;118,56
2018-09-27 13:00:00;119,84
2018-09-27 13:15:00;117,72
2018-09-27 13:30:00;111,52
2018-09-27 13:45:00;109,80
2018-09-27 14:00:00;109,72
2018-09-27 14:15:00;105,92
2018-09-27 14:30:00;105,84
2018-09-27 14:45:00;112,76
2018-09-27 15:00:00;111,28
2018-09-27 15:15:00;109,64
2018-09-27 15:30:00;105,32
2018-09-27 15:45:00;76,52
2018-09-27 16:00:00;68,68
2018-09-27 16:15:00;68,44
2018-09-27 16:30:00;63,00
2018-09-27 16:45:00;58,00
2018-09-27 17:00:00;57,84
2018-09-27 17:15:00;46,84
2018-09-27 17:30:00;41,40
2018-09-27 17:45:00;41,24
2018-09-27 18:00:00;41,68
2018-09-27 18:15:00;38,92
2018-09-27 18:30:00;39,04
2018-09-27 18:45:00;39,32
2018-09-27 19:00:00;39,92
2018-09-27 19:15:00;36,16
2018-09-27 19:30:00;38,76
2018-09-27 19:45:00;33,08
2018-09-27 20:00:00;31,52
2018-09-27 20:15:00;31,08
2018-09-27 20:30:00;31,64
2018-09-27 20:45:00;31,36
2018-09-27 21:00:00;32,16
2018-09-27 21:15:00;32,52
2018-09-27 21:30:00;29,24
2018-09-27 21:45:00;30,16
2018-09-27 22:00:00;31,36
2018-09-27 22:15:00;27,20
2018-09-27 22:30:00;27,80
2018-09-27 22:45:00;25,92
2018-09-27 23:00:00;27,24
2018-09-27 23:15:00;27,76
2018-09-27 23:30:00;27,12
2018-09-27 23:45:00;27,40
2018-09-28 00:00:00;27,28
2018-09-28 00:15:00;26,24
2018-09-28 00:30:00;27,56
2018-09-28 00:45:00;26,76
2018-09-28 01:00:00;26,72
2018-09-28 01:15:00;28,24
2018-09-28 01:30:00;25,64
2018-09-28 01:45:00;28,16
2018-09-28 02:00:00;26,28
2018-09-28 02:15:00;27,52
2018-09-28 02:30:00;26,84
2018-09-28 02:45:00;26,00
2018-09-28 03:00:00;27,08
2018-09-28 03:15:00;27,80
2018-09-28 03:30:00;26,72
2018-09-28 03:45:00;26,28
2018-09-28 04:00:00;27,64
2018-09-28 04:15:00;26,44
2018-09-28 04:30:00;28,32
2018-09-28 04:45:00;25,68
2018-09-28 05:00:00;26,80
2018-09-28 05:15:00;29,76
2018-09-28 05:30:00;28,76
2018-09-28 05:45:00;36,88
2018-09-28 06:00:00;48,20
2018-09-28 06:15:00;67,04
2018-09-28 06:30:00;73,32
2018-09-28 06:45:00;84,76
2018-09-28 07:00:00;92,76
2018-09-28 07:15:00;93,76
2018-09-28 07:30:00;97,96
2018-09-28 07:45:00;101,04
2018-09-28 08:00:00;104,40
2018-09-28 08:15:00;83,64
2018-09-28 08:30:00;87,80
2018-09-28 08:45:00;89,96
2018-09-28 09:00:00;97,84
2018-09-28 09:15:00;111,16
2018-09-28 09:30:00;106,76
2018-09-28 09:45:00;114,84
2018-09-28 10:00:00;120,44
2018-09-28 10:15:00;112,68
2018-09-28 10:30:00;108,40
2018-09-28 10:45:00;114,68
2018-09-28 11:00:00;125,40
2018-09-28 11:15:00;88,04
2018-09-28 11:30:00;84,36
2018-09-28 11:45:00;104,16
2018-09-28 12:00:00;112,72
2018-09-28 12:15:00;114,04
2018-09-28 12:30:00;110,72
2018-09-28 12:45:00;106,12
2018-09-28 13:00:00;100,80
2018-09-28 13:15:00;105,64
2018-09-28 13:30:00;105,16
2018-09-28 13:45:00;100,28
2018-09-28 14:00:00;78,80
2018-09-28 14:15:00;69,92
2018-09-28 14:30:00;64,04
2018-09-28 14:45:00;61,40
2018-09-28 15:00:00;62,48
2018-09-28 15:15:00;61,36
2018-09-28 15:30:00;58,52
2018-09-28 15:45:00;57,60
2018-09-28 16:00:00;57,84
2018-09-28 16:15:00;58,76
2018-09-28 16:30:00;59,00
2018-09-28 16:45:00;60,28
2018-09-28 17:00:00;57,36
2018-09-28 17:15:00;57,08
2018-09-28 17:30:00;56,56
2018-09-28 17:45:00;49,80
2018-09-28 18:00:00;51,40
2018-09-28 18:15:00;47,00
2018-09-28 18:30:00;48,40
2018-09-28 18:45:00;47,80
2018-09-28 19:00:00;43,48
2018-09-28 19:15:00;36,96
2018-09-28 19:30:00;42,24
2018-09-28 19:45:00;37,96
2018-09-28 20:00:00;37,56
2018-09-28 20:15:00;35,16
2018-09-28 20:30:00;35,48
2018-09-28 20:45:00;35,36
2018-09-28 21:00:00;37,28
2018-09-28 21:15:00;33,56
2018-09-28 21:30:00;37,44
2018-09-28 21:45:00;34,56
2018-09-28 22:00:00;36,60
2018-09-28 22:15:00;33,72
2018-09-28 22:30:00;29,12
2018-09-28 22:45:00;27,08
2018-09-28 23:00:00;30,76
2018-09-28 23:15:00;24,92
2018-09-28 23:30:00;26,00
2018-09-28 23:45:00;24,64
2018-09-29 00:00:00;23,68
2018-09-29 00:15:00;26,52
2018-09-29 00:30:00;24,84
2018-09-29 00:45:00;22,24
2018-09-29 01:00:00;24,56
2018-09-29 01:15:00;23,12
2018-09-29 01:30:00;22,08
2018-09-29 01:45:00;22,20
2018-09-29 02:00:00;22,60
2018-09-29 02:15:00;21,04
2018-09-29 02:30:00;21,56
2018-09-29 02:45:00;21,48
2018-09-29 03:00:00;19,76
2018-09-29 03:15:00;20,04
2018-09-29 03:30:00;19,44
2018-09-29 03:45:00;20,40
2018-09-29 04:00:00;20,56
2018-09-29 04:15:00;19,56
2018-09-29 04:30:00;19,80
2018-09-29 04:45:00;19,48
2018-09-29 05:00:00;20,28
2018-09-29 05:15:00;19,64
2018-09-29 05:30:00;19,60
2018-09-29 05:45:00;21,36
2018-09-29 06:00:00;21,64
2018-09-29 06:15:00;19,80
2018-09-29 06:30:00;20,72
2018-09-29 06:45:00;20,92
2018-09-29 07:00:00;20,36
2018-09-29 07:15:00;20,64
2018-09-29 07:30:00;19,48
2018-09-29 07:45:00;21,80
2018-09-29 08:00:00;22,24
2018-09-29 08:15:00;22,88
2018-09-29 08:30:00;24,84
2018-09-29 08:45:00;25,60
2018-09-29 09:00:00;26,60
2018-09-29 09:15:00;28,16
2018-09-29 09:30:00;26,32
2018-09-29 09:45:00;26,56
2018-09-29 10:00:00;28,68
2018-09-29 10:15:00;31,32
2018-09-29 10:30:00;30,56
2018-09-29 10:45:00;31,28
2018-09-29 11:00:00;31,56
2018-09-29 11:15:00;31,48
2018-09-29 11:30:00;34,40
2018-09-29 11:45:00;32,00
2018-09-29 12:00:00;31,60
2018-09-29 12:15:00;29,00
2018-09-29 12:30:00;26,20
2018-09-29 12:45:00;32,00
2018-09-29 13:00:00;34,92
2018-09-29 13:15:00;29,40
2018-09-29 13:30:00;33,44
2018-09-29 13:45:00;29,68
2018-09-29 14:00:00;31,08
2018-09-29 14:15:00;28,80
2018-09-29 14:30:00;30,60
2018-09-29 14:45:00;25,72
2018-09-29 15:00:00;23,64
2018-09-29 15:15:00;22,36
2018-09-29 15:30:00;20,96
2018-09-29 15:45:00;20,92
2018-09-29 16:00:00;19,88
2018-09-29 16:15:00;20,84
2018-09-29 16:30:00;25,04
2018-09-29 16:45:00;35,92
2018-09-29 17:00:00;46,40
2018-09-29 17:15:00;46,24
2018-09-29 17:30:00;43,36
2018-09-29 17:45:00;41,96
2018-09-29 18:00:00;43,20
2018-09-29 18:15:00;41,88
2018-09-29 18:30:00;41,88
2018-09-29 18:45:00;39,80
2018-09-29 19:00:00;36,84
2018-09-29 19:15:00;36,84
2018-09-29 19:30:00;35,88
2018-09-29 19:45:00;36,04
2018-09-29 20:00:00;37,16
2018-09-29 20:15:00;35,84
2018-09-29 20:30:00;35,88
2018-09-29 20:45:00;34,48
2018-09-29 21:00:00;34,40
2018-09-29 21:15:00;38,96
2018-09-29 21:30:00;34,72
2018-09-29 21:45:00;35,36
2018-09-29 22:00:00;36,96
2018-09-29 22:15:00;36,76
2018-09-29 22:30:00;32,92
2018-09-29 22:45:00;34,64
2018-09-29 23:00:00;34,72
2018-09-29 23:15:00;32,64
2018-09-29 23:30:00;33,24
2018-09-29 23:45:00;32,48
2018-09-30 00:00:00;34,28
2018-09-30 00:15:00;30,84
2018-09-30 00:30:00;31,48
2018-09-30 00:45:00;32,00
2018-09-30 01:00:00;32,28
2018-09-30 01:15:00;30,96
2018-09-30 01:30:00;33,44
2018-09-30 01:45:00;31,60
2018-09-30 02:00:00;31,72
2018-09-30 02:15:00;32,20
2018-09-30 02:30:00;30,88
2018-09-30 02:45:00;32,28
2018-09-30 03:00:00;31,24
2018-09-30 03:15:00;31,96
2018-09-30 03:30:00;31,72
2018-09-30 03:45:00;32,12
2018-09-30 04:00:00;31,12
2018-09-30 04:15:00;31,80
2018-09-30 04:30:00;30,88
2018-09-30 04:45:00;32,08
2018-09-30 05:00:00;31,80
2018-09-30 05:15:00;31,92
2018-09-30 05:30:00;30,32
2018-09-30 05:45:00;32,48
2018-09-30 06:00:00;30,96
2018-09-30 06:15:00;31,36
2018-09-30 06:30:00;30,20
2018-09-30 06:45:00;31,56
2018-09-30 07:00:00;29,16
2018-09-30 07:15:00;31,88
2018-09-30 07:30:00;30,40
2018-09-30 07:45:00;31,64
2018-09-30 08:00:00;30,20
2018-09-30 08:15:00;32,52
2018-09-30 08:30:00;29,96
2018-09-30 08:45:00;31,80
2018-09-30 09:00:00;31,16
2018-09-30 09:15:00;28,32
2018-09-30 09:30:00;24,92
2018-09-30 09:45:00;25,72
2018-09-30 10:00:00;26,56
2018-09-30 10:15:00;24,92
2018-09-30 10:30:00;24,76
2018-09-30 10:45:00;28,80
2018-09-30 11:00:00;29,00
2018-09-30 11:15:00;26,20
2018-09-30 11:30:00;23,92
2018-09-30 11:45:00;26,44
2018-09-30 12:00:00;25,40
2018-09-30 12:15:00;28,40
2018-09-30 12:30:00;21,60
2018-09-30 12:45:00;18,28
2018-09-30 13:00:00;18,44
2018-09-30 13:15:00;23,00
2018-09-30 13:30:00;32,44
2018-09-30 13:45:00;40,72
2018-09-30 14:00:00;40,80
2018-09-30 14:15:00;33,96
2018-09-30 14:30:00;29,72
2018-09-30 14:45:00;31,56
2018-09-30 15:00:00;36,44
2018-09-30 15:15:00;34,00
2018-09-30 15:30:00;32,88
2018-09-30 15:45:00;31,60
2018-09-30 16:00:00;28,28
2018-09-30 16:15:00;30,08
2018-09-30 16:30:00;28,72
2018-09-30 16:45:00;27,52
2018-09-30 17:00:00;29,28
2018-09-30 17:15:00;28,36
2018-09-30 17:30:00;29,96
2018-09-30 17:45:00;27,92
2018-09-30 18:00:00;27,56
2018-09-30 18:15:00;27,80
2018-09-30 18:30:00;30,36
2018-09-30 18:45:00;24,24
2018-09-30 19:00:00;27,20
2018-09-30 19:15:00;29,76
2018-09-30 19:30:00;28,32
2018-09-30 19:45:00;28,28
2018-09-30 20:00:00;28,76
2018-09-30 20:15:00;28,00
2018-09-30 20:30:00;29,44
2018-09-30 20:45:00;28,60
2018-09-30 21:00:00;27,88
2018-09-30 21:15:00;27,36
2018-09-30 21:30:00;29,00
2018-09-30 21:45:00;28,56
2018-09-30 22:00:00;28,40
2018-09-30 22:15:00;28,20
2018-09-30 22:30:00;29,32
2018-09-30 22:45:00;27,52
2018-09-30 23:00:00;29,36
2018-09-30 23:15:00;28,04
2018-09-30 23:30:00;27,80
2018-09-30 23:45:00;28,36
2018-10-01 00:00:00;28,44
2018-10-01 00:15:00;27,48
2018-10-01 00:30:00;28,16
2018-10-01 00:45:00;29,12
2018-10-01 01:00:00;27,56
2018-10-01 01:15:00;26,80
2018-10-01 01:30:00;28,20
2018-10-01 01:45:00;27,20
2018-10-01 02:00:00;27,92
2018-10-01 02:15:00;28,52
2018-10-01 02:30:00;28,28
2018-10-01 02:45:00;27,16
2018-10-01 03:00:00;29,20
2018-10-01 03:15:00;27,00
2018-10-01 03:30:00;28,52
2018-10-01 03:45:00;28,60
2018-10-01 04:00:00;28,16
2018-10-01 04:15:00;26,80
2018-10-01 04:30:00;27,48
2018-10-01 04:45:00;27,76
2018-10-01 05:00:00;27,92
2018-10-01 05:15:00;29,84
2018-10-01 05:30:00;33,84
2018-10-01 05:45:00;42,28
2018-10-01 06:00:00;52,08
2018-10-01 06:15:00;83,92
2018-10-01 06:30:00;119,76
2018-10-01 06:45:00;120,52
2018-10-01 07:00:00;125,32
2018-10-01 07:15:00;128,04
2018-10-01 07:30:00;135,04
2018-10-01 07:45:00;121,36
2018-10-01 08:00:00;118,08
2018-10-01 08:15:00;103,08
2018-10-01 08:30:00;120,20
2018-10-01 08:45:00;121,24
2018-10-01 09:00:00;127,68
2018-10-01 09:15:00;117,76
2018-10-01 09:30:00;128,44
2018-10-01 09:45:00;127,08
2018-10-01 10:00:00;119,16
2018-10-01 10:15:00;120,64
2018-10-01 10:30:00;120,16
2018-10-01 10:45:00;115,56
2018-10-01 11:00:00;121,64
2018-10-01 11:15:00;99,84
2018-10-01 11:30:00;90,32
2018-10-01 11:45:00;93,92
2018-10-01 12:00:00;111,20
2018-10-01 12:15:00;117,64
2018-10-01 12:30:00;119,04
2018-10-01 12:45:00;110,28
2018-10-01 13:00:00;112,08
2018-10-01 13:15:00;111,76
2018-10-01 13:30:00;116,24
2018-10-01 13:45:00;123,96
2018-10-01 14:00:00;113,32
2018-10-01 14:15:00;125,44
2018-10-01 14:30:00;113,68
2018-10-01 14:45:00;101,84
2018-10-01 15:00:00;106,88
2018-10-01 15:15:00;101,56
2018-10-01 15:30:00;101,84
2018-10-01 15:45:00;77,36
2018-10-01 16:00:00;71,04
2018-10-01 16:15:00;49,00
2018-10-01 16:30:00;47,52
2018-10-01 16:45:00;45,72
2018-10-01 17:00:00;47,08
2018-10-01 17:15:00;58,36
2018-10-01 17:30:00;51,20
2018-10-01 17:45:00;52,52
2018-10-01 18:00:00;52,40
2018-10-01 18:15:00;50,64
2018-10-01 18:30:00;50,72
2018-10-01 18:45:00;48,60
2018-10-01 19:00:00;50,04
2018-10-01 19:15:00;48,84
2018-10-01 19:30:00;49,44
2018-10-01 19:45:00;40,84
2018-10-01 20:00:00;37,12
2018-10-01 20:15:00;38,08
2018-10-01 20:30:00;35,92
2018-10-01 20:45:00;33,96
2018-10-01 21:00:00;35,20
2018-10-01 21:15:00;35,48
2018-10-01 21:30:00;32,16
2018-10-01 21:45:00;33,96
2018-10-01 22:00:00;33,20
2018-10-01 22:15:00;30,32
2018-10-01 22:30:00;31,68
2018-10-01 22:45:00;33,64
2018-10-01 23:00:00;30,96
2018-10-01 23:15:00;33,12
2018-10-01 23:30:00;30,88
2018-10-01 23:45:00;30,64
2018-10-02 00:00:00;29,40
2018-10-02 00:15:00;29,44
2018-10-02 00:30:00;30,52
2018-10-02 00:45:00;29,92
2018-10-02 01:00:00;27,64
2018-10-02 01:15:00;28,64
2018-10-02 01:30:00;28,64
2018-10-02 01:45:00;28,88
2018-10-02 02:00:00;28,76
2018-10-02 02:15:00;27,44
2018-10-02 02:30:00;27,80
2018-10-02 02:45:00;29,20
2018-10-02 03:00:00;28,32
2018-10-02 03:15:00;28,20
2018-10-02 03:30:00;29,20
2018-10-02 03:45:00;28,12
2018-10-02 04:00:00;28,60
2018-10-02 04:15:00;28,88
2018-10-02 04:30:00;28,04
2018-10-02 04:45:00;29,44
2018-10-02 05:00:00;28,08
2018-10-02 05:15:00;29,28
2018-10-02 05:30:00;31,28
2018-10-02 05:45:00;35,56
2018-10-02 06:00:00;41,40
2018-10-02 06:15:00;87,80
2018-10-02 06:30:00;111,60
2018-10-02 06:45:00;116,36
2018-10-02 07:00:00;126,88
2018-10-02 07:15:00;120,40
2018-10-02 07:30:00;126,48
2018-10-02 07:45:00;126,48
2018-10-02 08:00:00;133,64
2018-10-02 08:15:00;105,56
2018-10-02 08:30:00;116,92
2018-10-02 08:45:00;122,76
2018-10-02 09:00:00;121,28
2018-10-02 09:15:00;119,72
2018-10-02 09:30:00;129,24
2018-10-02 09:45:00;120,92
2018-10-02 10:00:00;125,28
2018-10-02 10:15:00;114,04
2018-10-02 10:30:00;117,52
2018-10-02 10:45:00;121,24
2018-10-02 11:00:00;124,84
2018-10-02 11:15:00;102,36
2018-10-02 11:30:00;95,28
2018-10-02 11:45:00;90,24
2018-10-02 12:00:00;114,60
2018-10-02 12:15:00;124,56
2018-10-02 12:30:00;134,48
2018-10-02 12:45:00;131,48
2018-10-02 13:00:00;122,12
2018-10-02 13:15:00;118,12
2018-10-02 13:30:00;124,56
2018-10-02 13:45:00;122,00
2018-10-02 14:00:00;127,16
2018-10-02 14:15:00;132,40
2018-10-02 14:30:00;131,32
2018-10-02 14:45:00;132,88
2018-10-02 15:00:00;133,28
2018-10-02 15:15:00;129,16
2018-10-02 15:30:00;117,20
2018-10-02 15:45:00;90,32
2018-10-02 16:00:00;80,80
2018-10-02 16:15:00;72,96
2018-10-02 16:30:00;62,96
2018-10-02 16:45:00;60,36
2018-10-02 17:00:00;52,56
2018-10-02 17:15:00;48,52
2018-10-02 17:30:00;48,24
2018-10-02 17:45:00;40,20
2018-10-02 18:00:00;36,60
2018-10-02 18:15:00;38,68
2018-10-02 18:30:00;38,08
2018-10-02 18:45:00;38,64
2018-10-02 19:00:00;39,60
2018-10-02 19:15:00;35,76
2018-10-02 19:30:00;30,28
2018-10-02 19:45:00;23,76
2018-10-02 20:00:00;22,32
2018-10-02 20:15:00;23,24
2018-10-02 20:30:00;25,24
2018-10-02 20:45:00;24,16
2018-10-02 21:00:00;23,28
2018-10-02 21:15:00;22,24
2018-10-02 21:30:00;18,28
2018-10-02 21:45:00;20,48
2018-10-02 22:00:00;18,68
2018-10-02 22:15:00;21,48
2018-10-02 22:30:00;21,40
2018-10-02 22:45:00;20,36
2018-10-02 23:00:00;21,04
2018-10-02 23:15:00;18,56
2018-10-02 23:30:00;19,48
2018-10-02 23:45:00;18,68
2018-10-03 00:00:00;21,16
2018-10-03 00:15:00;21,52
2018-10-03 00:30:00;20,64
2018-10-03 00:45:00;21,40
2018-10-03 01:00:00;19,80
2018-10-03 01:15:00;19,48
2018-10-03 01:30:00;18,80
2018-10-03 01:45:00;19,92
2018-10-03 02:00:00;20,96
2018-10-03 02:15:00;20,80
2018-10-03 02:30:00;21,44
2018-10-03 02:45:00;20,04
2018-10-03 03:00:00;18,52
2018-10-03 03:15:00;19,92
2018-10-03 03:30:00;19,12
2018-10-03 03:45:00;21,24
2018-10-03 04:00:00;21,52
2018-10-03 04:15:00;20,36
2018-10-03 04:30:00;21,60
2018-10-03 04:45:00;19,28
2018-10-03 05:00:00;19,12
2018-10-03 05:15:00;20,76
2018-10-03 05:30:00;23,52
2018-10-03 05:45:00;24,16
2018-10-03 06:00:00;22,92
2018-10-03 06:15:00;23,20
2018-10-03 06:30:00;21,28
2018-10-03 06:45:00;20,84
2018-10-03 07:00:00;20,68
2018-10-03 07:15:00;22,44
2018-10-03 07:30:00;24,04
2018-10-03 07:45:00;25,60
2018-10-03 08:00:00;26,80
2018-10-03 08:15:00;25,84
2018-10-03 08:30:00;24,12
2018-10-03 08:45:00;25,36
2018-10-03 09:00:00;23,88
2018-10-03 09:15:00;25,20
2018-10-03 09:30:00;31,48
2018-10-03 09:45:00;35,12
2018-10-03 10:00:00;26,52
2018-10-03 10:15:00;28,00
2018-10-03 10:30:00;27,60
2018-10-03 10:45:00;26,32
2018-10-03 11:00:00;22,88
2018-10-03 11:15:00;22,56
2018-10-03 11:30:00;23,88
2018-10-03 11:45:00;21,56
2018-10-03 12:00:00;20,80
2018-10-03 12:15:00;19,32
2018-10-03 12:30:00;19,64
2018-10-03 12:45:00;25,16
2018-10-03 13:00:00;28,48
2018-10-03 13:15:00;28,36
2018-10-03 13:30:00;31,28
2018-10-03 13:45:00;30,68
2018-10-03 14:00:00;31,72
2018-10-03 14:15:00;32,08
2018-10-03 14:30:00;31,16
2018-10-03 14:45:00;31,44
2018-10-03 15:00:00;30,84
2018-10-03 15:15:00;28,88
2018-10-03 15:30:00;29,88
2018-10-03 15:45:00;32,32
2018-10-03 16:00:00;31,88
2018-10-03 16:15:00;31,12
2018-10-03 16:30:00;30,88
2018-10-03 16:45:00;27,04
2018-10-03 17:00:00;30,08
2018-10-03 17:15:00;35,08
2018-10-03 17:30:00;32,08
2018-10-03 17:45:00;33,24
2018-10-03 18:00:00;32,04
2018-10-03 18:15:00;34,88
2018-10-03 18:30:00;32,12
2018-10-03 18:45:00;32,72
2018-10-03 19:00:00;32,44
2018-10-03 19:15:00;33,56
2018-10-03 19:30:00;31,96
2018-10-03 19:45:00;33,36
2018-10-03 20:00:00;32,52
2018-10-03 20:15:00;32,68
2018-10-03 20:30:00;32,04
2018-10-03 20:45:00;33,20
2018-10-03 21:00:00;32,88
2018-10-03 21:15:00;32,68
2018-10-03 21:30:00;32,08
2018-10-03 21:45:00;33,60
2018-10-03 22:00:00;31,92
2018-10-03 22:15:00;33,56
2018-10-03 22:30:00;30,88
2018-10-03 22:45:00;33,08
2018-10-03 23:00:00;32,92
2018-10-03 23:15:00;32,36
2018-10-03 23:30:00;32,96
2018-10-03 23:45:00;32,52
2018-10-04 00:00:00;31,56
2018-10-04 00:15:00;32,76
2018-10-04 00:30:00;33,12
2018-10-04 00:45:00;32,08
2018-10-04 01:00:00;32,04
2018-10-04 01:15:00;34,36
2018-10-04 01:30:00;31,48
2018-10-04 01:45:00;32,00
2018-10-04 02:00:00;32,48
2018-10-04 02:15:00;34,32
2018-10-04 02:30:00;31,60
2018-10-04 02:45:00;32,28
2018-10-04 03:00:00;31,96
2018-10-04 03:15:00;33,52
2018-10-04 03:30:00;31,32
2018-10-04 03:45:00;32,44
2018-10-04 04:00:00;32,76
2018-10-04 04:15:00;32,40
2018-10-04 04:30:00;31,12
2018-10-04 04:45:00;33,16
2018-10-04 05:00:00;31,60
2018-10-04 05:15:00;33,80
2018-10-04 05:30:00;34,84
2018-10-04 05:45:00;42,12
2018-10-04 06:00:00;49,92
2018-10-04 06:15:00;101,00
2018-10-04 06:30:00;112,80
2018-10-04 06:45:00;111,16
2018-10-04 07:00:00;118,64
2018-10-04 07:15:00;107,64
2018-10-04 07:30:00;121,68
2018-10-04 07:45:00;126,40
2018-10-04 08:00:00;114,88
2018-10-04 08:15:00;103,88
2018-10-04 08:30:00;118,28
2018-10-04 08:45:00;121,00
2018-10-04 09:00:00;114,36
2018-10-04 09:15:00;130,88
2018-10-04 09:30:00;135,24
2018-10-04 09:45:00;135,76
2018-10-04 10:00:00;127,88
2018-10-04 10:15:00;126,04
2018-10-04 10:30:00;122,08
2018-10-04 10:45:00;129,60
2018-10-04 11:00:00;134,08
2018-10-04 11:15:00;110,32
2018-10-04 11:30:00;99,80
2018-10-04 11:45:00;111,24
2018-10-04 12:00:00;114,12
2018-10-04 12:15:00;116,76
2018-10-04 12:30:00;117,64
2018-10-04 12:45:00;114,16
2018-10-04 13:00:00;109,08
2018-10-04 13:15:00;107,00
2018-10-04 13:30:00;111,92
2018-10-04 13:45:00;120,88
2018-10-04 14:00:00;119,52
2018-10-04 14:15:00;127,80
2018-10-04 14:30:00;126,20
2018-10-04 14:45:00;126,08
2018-10-04 15:00:00;121,44
2018-10-04 15:15:00;115,00
2018-10-04 15:30:00;102,64
2018-10-04 15:45:00;82,32
2018-10-04 16:00:00;74,76
2018-10-04 16:15:00;70,00
2018-10-04 16:30:00;65,16
2018-10-04 16:45:00;63,12
2018-10-04 17:00:00;58,80
2018-10-04 17:15:00;57,96
2018-10-04 17:30:00;57,00
2018-10-04 17:45:00;48,00
2018-10-04 18:00:00;49,44
2018-10-04 18:15:00;50,52
2018-10-04 18:30:00;47,56
2018-10-04 18:45:00;50,16
2018-10-04 19:00:00;44,80
2018-10-04 19:15:00;45,00
2018-10-04 19:30:00;41,92
2018-10-04 19:45:00;35,28
2018-10-04 20:00:00;36,24
2018-10-04 20:15:00;36,88
2018-10-04 20:30:00;33,08
2018-10-04 20:45:00;33,48
2018-10-04 21:00:00;33,76
2018-10-04 21:15:00;33,20
2018-10-04 21:30:00;33,36
2018-10-04 21:45:00;35,28
2018-10-04 22:00:00;33,68
2018-10-04 22:15:00;32,84
2018-10-04 22:30:00;33,96
2018-10-04 22:45:00;33,88
2018-10-04 23:00:00;34,20
2018-10-04 23:15:00;33,36
2018-10-04 23:30:00;33,00
2018-10-04 23:45:00;33,32
2018-10-05 00:00:00;35,00
2018-10-05 00:15:00;32,92
2018-10-05 00:30:00;31,12
2018-10-05 00:45:00;30,80
2018-10-05 01:00:00;30,16
2018-10-05 01:15:00;28,88
2018-10-05 01:30:00;30,84
2018-10-05 01:45:00;29,28
2018-10-05 02:00:00;29,60
2018-10-05 02:15:00;30,04
2018-10-05 02:30:00;30,68
2018-10-05 02:45:00;28,88
2018-10-05 03:00:00;29,96
2018-10-05 03:15:00;29,92
2018-10-05 03:30:00;30,08
2018-10-05 03:45:00;29,44
2018-10-05 04:00:00;31,40
2018-10-05 04:15:00;28,92
2018-10-05 04:30:00;30,16
2018-10-05 04:45:00;30,08
2018-10-05 05:00:00;30,08
2018-10-05 05:15:00;28,80
2018-10-05 05:30:00;33,00
2018-10-05 05:45:00;38,52
2018-10-05 06:00:00;42,60
2018-10-05 06:15:00;75,52
2018-10-05 06:30:00;95,16
2018-10-05 06:45:00;94,32
2018-10-05 07:00:00;91,16
2018-10-05 07:15:00;109,68
2018-10-05 07:30:00;119,64
2018-10-05 07:45:00;121,56
2018-10-05 08:00:00;113,40
2018-10-05 08:15:00;102,08
2018-10-05 08:30:00;105,56
2018-10-05 08:45:00;103,64
2018-10-05 09:00:00;113,52
2018-10-05 09:15:00;111,00
2018-10-05 09:30:00;114,48
2018-10-05 09:45:00;109,00
2018-10-05 10:00:00;111,68
2018-10-05 10:15:00;103,56
2018-10-05 10:30:00;98,12
2018-10-05 10:45:00;92,44
2018-10-05 11:00:00;96,20
2018-10-05 11:15:00;89,00
2018-10-05 11:30:00;87,68
2018-10-05 11:45:00;91,16
2018-10-05 12:00:00;96,20
2018-10-05 12:15:00;85,92
2018-10-05 12:30:00;83,64
2018-10-05 12:45:00;85,04
2018-10-05 13:00:00;78,40
2018-10-05 13:15:00;77,20
2018-10-05 13:30:00;82,80
2018-10-05 13:45:00;81,04
2018-10-05 14:00:00;82,44
2018-10-05 14:15:00;64,44
2018-10-05 14:30:00;62,16
2018-10-05 14:45:00;56,52
2018-10-05 15:00:00;53,60
2018-10-05 15:15:00;55,16
2018-10-05 15:30:00;54,72
2018-10-05 15:45:00;51,40
2018-10-05 16:00:00;46,60
2018-10-05 16:15:00;48,60
2018-10-05 16:30:00;49,16
2018-10-05 16:45:00;53,64
2018-10-05 17:00:00;56,20
2018-10-05 17:15:00;52,28
2018-10-05 17:30:00;51,12
2018-10-05 17:45:00;51,08
2018-10-05 18:00:00;54,80
2018-10-05 18:15:00;46,64
2018-10-05 18:30:00;47,20
2018-10-05 18:45:00;46,44
2018-10-05 19:00:00;46,00
2018-10-05 19:15:00;42,32
2018-10-05 19:30:00;44,20
2018-10-05 19:45:00;37,76
2018-10-05 20:00:00;35,80
2018-10-05 20:15:00;35,04
2018-10-05 20:30:00;35,00
2018-10-05 20:45:00;31,64
2018-10-05 21:00:00;28,00
2018-10-05 21:15:00;27,44
2018-10-05 21:30:00;28,00
2018-10-05 21:45:00;24,84
2018-10-05 22:00:00;26,56
2018-10-05 22:15:00;25,88
2018-10-05 22:30:00;26,72
2018-10-05 22:45:00;25,68
2018-10-05 23:00:00;26,72
2018-10-05 23:15:00;25,28
2018-10-05 23:30:00;25,72
2018-10-05 23:45:00;24,64
2018-10-06 00:00:00;26,52
2018-10-06 00:15:00;25,32
2018-10-06 00:30:00;25,40
2018-10-06 00:45:00;24,52
2018-10-06 01:00:00;26,20
2018-10-06 01:15:00;24,96
2018-10-06 01:30:00;25,44
2018-10-06 01:45:00;24,56
2018-10-06 02:00:00;26,36
2018-10-06 02:15:00;26,12
2018-10-06 02:30:00;26,80
2018-10-06 02:45:00;25,60
2018-10-06 03:00:00;26,64
2018-10-06 03:15:00;25,60
2018-10-06 03:30:00;26,60
2018-10-06 03:45:00;23,96
2018-10-06 04:00:00;23,28
2018-10-06 04:15:00;23,72
2018-10-06 04:30:00;23,40
2018-10-06 04:45:00;21,40
2018-10-06 05:00:00;17,84
2018-10-06 05:15:00;16,88
2018-10-06 05:30:00;16,92
2018-10-06 05:45:00;20,52
2018-10-06 06:00:00;26,64
2018-10-06 06:15:00;24,64
2018-10-06 06:30:00;23,16
2018-10-06 06:45:00;21,04
2018-10-06 07:00:00;22,16
2018-10-06 07:15:00;19,16
2018-10-06 07:30:00;20,16
2018-10-06 07:45:00;17,60
2018-10-06 08:00:00;15,64
2018-10-06 08:15:00;23,60
2018-10-06 08:30:00;21,72
2018-10-06 08:45:00;18,84
2018-10-06 09:00:00;20,28
2018-10-06 09:15:00;19,80
2018-10-06 09:30:00;23,96
2018-10-06 09:45:00;23,32
2018-10-06 10:00:00;21,00
2018-10-06 10:15:00;21,40
2018-10-06 10:30:00;16,68
2018-10-06 10:45:00;15,20
2018-10-06 11:00:00;16,24
2018-10-06 11:15:00;15,16
2018-10-06 11:30:00;15,04
2018-10-06 11:45:00;17,56
2018-10-06 12:00:00;26,72
2018-10-06 12:15:00;21,88
2018-10-06 12:30:00;13,84
2018-10-06 12:45:00;12,92
2018-10-06 13:00:00;14,60
2018-10-06 13:15:00;12,96
2018-10-06 13:30:00;10,96
2018-10-06 13:45:00;18,72
2018-10-06 14:00:00;19,24
2018-10-06 14:15:00;20,36
2018-10-06 14:30:00;21,28
2018-10-06 14:45:00;19,88
2018-10-06 15:00:00;20,24
2018-10-06 15:15:00;20,52
2018-10-06 15:30:00;21,36
2018-10-06 15:45:00;21,04
2018-10-06 16:00:00;20,00
2018-10-06 16:15:00;20,96
2018-10-06 16:30:00;20,32
2018-10-06 16:45:00;18,96
2018-10-06 17:00:00;20,32
2018-10-06 17:15:00;24,40
2018-10-06 17:30:00;23,40
2018-10-06 17:45:00;23,00
2018-10-06 18:00:00;28,12
2018-10-06 18:15:00;29,80
2018-10-06 18:30:00;29,68
2018-10-06 18:45:00;29,84
2018-10-06 19:00:00;30,96
2018-10-06 19:15:00;30,80
2018-10-06 19:30:00;31,56
2018-10-06 19:45:00;29,72
2018-10-06 20:00:00;30,92
2018-10-06 20:15:00;29,96
2018-10-06 20:30:00;30,36
2018-10-06 20:45:00;30,04
2018-10-06 21:00:00;30,00
2018-10-06 21:15:00;29,40
2018-10-06 21:30:00;30,56
2018-10-06 21:45:00;24,96
2018-10-06 22:00:00;25,84
2018-10-06 22:15:00;24,88
2018-10-06 22:30:00;26,00
2018-10-06 22:45:00;25,28
2018-10-06 23:00:00;25,76
2018-10-06 23:15:00;25,12
2018-10-06 23:30:00;25,20
2018-10-06 23:45:00;25,00
2018-10-07 00:00:00;25,52
2018-10-07 00:15:00;25,24
2018-10-07 00:30:00;26,08
2018-10-07 00:45:00;24,28
2018-10-07 01:00:00;24,60
2018-10-07 01:15:00;25,44
2018-10-07 01:30:00;26,48
2018-10-07 01:45:00;24,20
2018-10-07 02:00:00;25,28
2018-10-07 02:15:00;21,76
2018-10-07 02:30:00;18,12
2018-10-07 02:45:00;17,56
2018-10-07 03:00:00;17,84
2018-10-07 03:15:00;14,64
2018-10-07 03:30:00;16,12
2018-10-07 03:45:00;15,32
2018-10-07 04:00:00;15,68
2018-10-07 04:15:00;15,44
2018-10-07 04:30:00;15,40
2018-10-07 04:45:00;15,60
2018-10-07 05:00:00;16,12
2018-10-07 05:15:00;15,52
2018-10-07 05:30:00;15,24
2018-10-07 05:45:00;15,84
2018-10-07 06:00:00;15,28
2018-10-07 06:15:00;15,68
2018-10-07 06:30:00;15,68
2018-10-07 06:45:00;14,36
2018-10-07 07:00:00;15,40
2018-10-07 07:15:00;15,44
2018-10-07 07:30:00;16,24
2018-10-07 07:45:00;13,76
2018-10-07 08:00:00;15,24
2018-10-07 08:15:00;15,04
2018-10-07 08:30:00;15,12
2018-10-07 08:45:00;13,56
2018-10-07 09:00:00;27,20
2018-10-07 09:15:00;31,68
2018-10-07 09:30:00;34,72
2018-10-07 09:45:00;36,04
2018-10-07 10:00:00;30,24
2018-10-07 10:15:00;31,04
2018-10-07 10:30:00;40,56
2018-10-07 10:45:00;44,08
2018-10-07 11:00:00;41,52
2018-10-07 11:15:00;36,92
2018-10-07 11:30:00;34,80
2018-10-07 11:45:00;30,36
2018-10-07 12:00:00;27,24
2018-10-07 12:15:00;25,68
2018-10-07 12:30:00;26,36
2018-10-07 12:45:00;25,64
2018-10-07 13:00:00;26,60
2018-10-07 13:15:00;25,40
2018-10-07 13:30:00;27,04
2018-10-07 13:45:00;25,68
2018-10-07 14:00:00;27,04
2018-10-07 14:15:00;25,64
2018-10-07 14:30:00;28,52
2018-10-07 14:45:00;32,60
2018-10-07 15:00:00;38,12
2018-10-07 15:15:00;37,68
2018-10-07 15:30:00;35,80
2018-10-07 15:45:00;40,80
2018-10-07 16:00:00;40,12
2018-10-07 16:15:00;35,48
2018-10-07 16:30:00;37,32
2018-10-07 16:45:00;37,24
2018-10-07 17:00:00;42,48
2018-10-07 17:15:00;35,72
2018-10-07 17:30:00;38,36
2018-10-07 17:45:00;35,04
2018-10-07 18:00:00;36,84
2018-10-07 18:15:00;37,56
2018-10-07 18:30:00;36,32
2018-10-07 18:45:00;37,28
2018-10-07 19:00:00;37,12
2018-10-07 19:15:00;35,88
2018-10-07 19:30:00;36,52
2018-10-07 19:45:00;37,28
2018-10-07 20:00:00;37,16
2018-10-07 20:15:00;35,56
2018-10-07 20:30:00;37,36
2018-10-07 20:45:00;35,20
2018-10-07 21:00:00;36,72
2018-10-07 21:15:00;33,80
2018-10-07 21:30:00;35,32
2018-10-07 21:45:00;34,64
2018-10-07 22:00:00;37,92
2018-10-07 22:15:00;34,88
2018-10-07 22:30:00;36,44
2018-10-07 22:45:00;36,36
2018-10-07 23:00:00;37,16
2018-10-07 23:15:00;35,32
2018-10-07 23:30:00;36,68
2018-10-07 23:45:00;35,84
2018-10-08 00:00:00;36,92
2018-10-08 00:15:00;37,24
2018-10-08 00:30:00;35,44
2018-10-08 00:45:00;36,60
2018-10-08 01:00:00;36,72
2018-10-08 01:15:00;36,04
2018-10-08 01:30:00;37,12
2018-10-08 01:45:00;35,84
2018-10-08 02:00:00;36,64
2018-10-08 02:15:00;34,88
2018-10-08 02:30:00;37,24
2018-10-08 02:45:00;35,04
2018-10-08 03:00:00;36,56
2018-10-08 03:15:00;35,56
2018-10-08 03:30:00;37,20
2018-10-08 03:45:00;35,92
2018-10-08 04:00:00;36,40
2018-10-08 04:15:00;37,40
2018-10-08 04:30:00;37,00
2018-10-08 04:45:00;36,28
2018-10-08 05:00:00;36,88
2018-10-08 05:15:00;36,48
2018-10-08 05:30:00;38,68
2018-10-08 05:45:00;46,72
2018-10-08 06:00:00;54,24
2018-10-08 06:15:00;83,88
2018-10-08 06:30:00;106,32
2018-10-08 06:45:00;112,92
2018-10-08 07:00:00;110,60
2018-10-08 07:15:00;121,28
2018-10-08 07:30:00;129,32
2018-10-08 07:45:00;132,52
2018-10-08 08:00:00;130,04
2018-10-08 08:15:00;103,72
2018-10-08 08:30:00;129,36
2018-10-08 08:45:00;130,16
2018-10-08 09:00:00;133,44
2018-10-08 09:15:00;135,76
2018-10-08 09:30:00;130,12
2018-10-08 09:45:00;132,36
2018-10-08 10:00:00;134,00
2018-10-08 10:15:00;134,44
2018-10-08 10:30:00;130,24
2018-10-08 10:45:00;122,68
2018-10-08 11:00:00;114,96
2018-10-08 11:15:00;98,16
2018-10-08 11:30:00;91,20
2018-10-08 11:45:00;97,96
2018-10-08 12:00:00;111,16
2018-10-08 12:15:00;121,00
2018-10-08 12:30:00;112,32
2018-10-08 12:45:00;107,68
2018-10-08 13:00:00;109,16
2018-10-08 13:15:00;105,68
2018-10-08 13:30:00;109,20
2018-10-08 13:45:00;116,52
2018-10-08 14:00:00;109,64
2018-10-08 14:15:00;110,20
2018-10-08 14:30:00;111,28
2018-10-08 14:45:00;112,84
2018-10-08 15:00:00;116,72
2018-10-08 15:15:00;120,84
2018-10-08 15:30:00;105,92
2018-10-08 15:45:00;78,08
2018-10-08 16:00:00;64,72
2018-10-08 16:15:00;58,48
2018-10-08 16:30:00;48,60
2018-10-08 16:45:00;43,36
2018-10-08 17:00:00;46,00
2018-10-08 17:15:00;39,76
2018-10-08 17:30:00;36,96
2018-10-08 17:45:00;32,92
2018-10-08 18:00:00;35,84
2018-10-08 18:15:00;34,80
2018-10-08 18:30:00;34,12
2018-10-08 18:45:00;35,64
2018-10-08 19:00:00;37,76
2018-10-08 19:15:00;39,56
2018-10-08 19:30:00;36,60
2018-10-08 19:45:00;36,24
2018-10-08 20:00:00;38,64
2018-10-08 20:15:00;35,60
2018-10-08 20:30:00;37,56
2018-10-08 20:45:00;37,44
2018-10-08 21:00:00;35,24
2018-10-08 21:15:00;36,96
2018-10-08 21:30:00;32,44
2018-10-08 21:45:00;33,16
2018-10-08 22:00:00;31,84
2018-10-08 22:15:00;31,64
2018-10-08 22:30:00;33,04
2018-10-08 22:45:00;29,04
2018-10-08 23:00:00;31,88
2018-10-08 23:15:00;28,96
2018-10-08 23:30:00;30,16
2018-10-08 23:45:00;30,92
2018-10-09 00:00:00;30,24
2018-10-09 00:15:00;27,64
2018-10-09 00:30:00;28,92
2018-10-09 00:45:00;28,40
2018-10-09 01:00:00;29,40
2018-10-09 01:15:00;28,04
2018-10-09 01:30:00;28,80
2018-10-09 01:45:00;29,96
2018-10-09 02:00:00;27,92
2018-10-09 02:15:00;29,20
2018-10-09 02:30:00;27,28
2018-10-09 02:45:00;29,88
2018-10-09 03:00:00;27,64
2018-10-09 03:15:00;25,84
2018-10-09 03:30:00;27,68
2018-10-09 03:45:00;27,32
2018-10-09 04:00:00;26,68
2018-10-09 04:15:00;26,08
2018-10-09 04:30:00;24,88
2018-10-09 04:45:00;26,40
2018-10-09 05:00:00;25,76
2018-10-09 05:15:00;28,96
2018-10-09 05:30:00;31,00
2018-10-09 05:45:00;36,52
2018-10-09 06:00:00;48,40
2018-10-09 06:15:00;93,68
2018-10-09 06:30:00;103,40
2018-10-09 06:45:00;91,88
2018-10-09 07:00:00;97,48
2018-10-09 07:15:00;111,24
2018-10-09 07:30:00;123,64
2018-10-09 07:45:00;123,08
2018-10-09 08:00:00;122,16
2018-10-09 08:15:00;99,00
2018-10-09 08:30:00;107,16
2018-10-09 08:45:00;107,64
2018-10-09 09:00:00;117,68
2018-10-09 09:15:00;130,16
2018-10-09 09:30:00;125,04
2018-10-09 09:45:00;123,84
2018-10-09 10:00:00;131,76
2018-10-09 10:15:00;117,24
2018-10-09 10:30:00;130,68
2018-10-09 10:45:00;136,68
2018-10-09 11:00:00;125,76
2018-10-09 11:15:00;104,44
2018-10-09 11:30:00;100,24
2018-10-09 11:45:00;107,84
2018-10-09 12:00:00;117,40
2018-10-09 12:15:00;133,76
2018-10-09 12:30:00;119,48
2018-10-09 12:45:00;122,96
2018-10-09 13:00:00;129,56
2018-10-09 13:15:00;143,72
2018-10-09 13:30:00;123,68
2018-10-09 13:45:00;110,12
2018-10-09 14:00:00;114,88
2018-10-09 14:15:00;115,32
2018-10-09 14:30:00;114,00
2018-10-09 14:45:00;112,76
2018-10-09 15:00:00;127,28
2018-10-09 15:15:00;134,84
2018-10-09 15:30:00;118,80
2018-10-09 15:45:00;67,76
2018-10-09 16:00:00;66,28
2018-10-09 16:15:00;58,36
2018-10-09 16:30:00;55,60
2018-10-09 16:45:00;54,52
2018-10-09 17:00:00;51,64
2018-10-09 17:15:00;51,04
2018-10-09 17:30:00;49,60
2018-10-09 17:45:00;49,56
2018-10-09 18:00:00;50,72
2018-10-09 18:15:00;50,68
2018-10-09 18:30:00;48,56
2018-10-09 18:45:00;42,96
2018-10-09 19:00:00;39,56
2018-10-09 19:15:00;43,56
2018-10-09 19:30:00;40,36
2018-10-09 19:45:00;38,44
2018-10-09 20:00:00;38,72
2018-10-09 20:15:00;39,32
2018-10-09 20:30:00;38,76
2018-10-09 20:45:00;37,96
2018-10-09 21:00:00;39,08
2018-10-09 21:15:00;38,84
2018-10-09 21:30:00;37,96
2018-10-09 21:45:00;38,40
2018-10-09 22:00:00;39,16
2018-10-09 22:15:00;37,56
2018-10-09 22:30:00;39,48
2018-10-09 22:45:00;38,16
2018-10-09 23:00:00;38,68
2018-10-09 23:15:00;36,32
2018-10-09 23:30:00;37,36
2018-10-09 23:45:00;35,84
2018-10-10 00:00:00;36,04
2018-10-10 00:15:00;32,24
2018-10-10 00:30:00;32,12
2018-10-10 00:45:00;32,56
2018-10-10 01:00:00;32,08
2018-10-10 01:15:00;31,36
2018-10-10 01:30:00;31,00
2018-10-10 01:45:00;31,84
2018-10-10 02:00:00;29,40
2018-10-10 02:15:00;29,60
2018-10-10 02:30:00;28,76
2018-10-10 02:45:00;30,52
2018-10-10 03:00:00;29,28
2018-10-10 03:15:00;29,60
2018-10-10 03:30:00;29,00
2018-10-10 03:45:00;30,64
2018-10-10 04:00:00;29,56
2018-10-10 04:15:00;29,72
2018-10-10 04:30:00;29,76
2018-10-10 04:45:00;29,44
2018-10-10 05:00:00;29,68
2018-10-10 05:15:00;33,60
2018-10-10 05:30:00;32,36
2018-10-10 05:45:00;38,32
2018-10-10 06:00:00;53,00
2018-10-10 06:15:00;92,56
2018-10-10 06:30:00;91,72
2018-10-10 06:45:00;91,88
2018-10-10 07:00:00;83,20
2018-10-10 07:15:00;93,64
2018-10-10 07:30:00;106,40
2018-10-10 07:45:00;104,32
2018-10-10 08:00:00;108,40
2018-10-10 08:15:00;100,64
2018-10-10 08:30:00;122,08
2018-10-10 08:45:00;127,12
2018-10-10 09:00:00;120,72
2018-10-10 09:15:00;125,28
2018-10-10 09:30:00;124,20
2018-10-10 09:45:00;123,28
2018-10-10 10:00:00;128,88
2018-10-10 10:15:00;131,04
2018-10-10 10:30:00;123,68
2018-10-10 10:45:00;122,84
2018-10-10 11:00:00;108,84
2018-10-10 11:15:00;99,60
2018-10-10 11:30:00;93,04
2018-10-10 11:45:00;103,92
2018-10-10 12:00:00;117,88
2018-10-10 12:15:00;112,52
2018-10-10 12:30:00;119,88
2018-10-10 12:45:00;123,88
2018-10-10 13:00:00;123,32
2018-10-10 13:15:00;130,16
2018-10-10 13:30:00;129,64
2018-10-10 13:45:00;126,92
2018-10-10 14:00:00;123,60
2018-10-10 14:15:00;122,64
2018-10-10 14:30:00;118,36
2018-10-10 14:45:00;116,20
2018-10-10 15:00:00;126,84
2018-10-10 15:15:00;114,08
2018-10-10 15:30:00;107,16
2018-10-10 15:45:00;87,24
2018-10-10 16:00:00;70,88
2018-10-10 16:15:00;58,20
2018-10-10 16:30:00;54,12
2018-10-10 16:45:00;56,84
2018-10-10 17:00:00;51,60
2018-10-10 17:15:00;52,88
2018-10-10 17:30:00;49,56
2018-10-10 17:45:00;48,36
2018-10-10 18:00:00;48,20
2018-10-10 18:15:00;48,84
2018-10-10 18:30:00;51,52
2018-10-10 18:45:00;46,92
2018-10-10 19:00:00;49,64
2018-10-10 19:15:00;49,32
2018-10-10 19:30:00;46,72
2018-10-10 19:45:00;48,20
2018-10-10 20:00:00;47,24
2018-10-10 20:15:00;41,64
2018-10-10 20:30:00;38,04
2018-10-10 20:45:00;38,76
2018-10-10 21:00:00;35,32
2018-10-10 21:15:00;33,96
2018-10-10 21:30:00;33,44
2018-10-10 21:45:00;32,16
2018-10-10 22:00:00;33,00
2018-10-10 22:15:00;27,20
2018-10-10 22:30:00;29,00
2018-10-10 22:45:00;30,52
2018-10-10 23:00:00;28,80
2018-10-10 23:15:00;27,48
2018-10-10 23:30:00;28,16
2018-10-10 23:45:00;26,88
2018-10-11 00:00:00;27,68
2018-10-11 00:15:00;27,80
2018-10-11 00:30:00;27,16
2018-10-11 00:45:00;27,36
2018-10-11 01:00:00;27,16
2018-10-11 01:15:00;28,40
2018-10-11 01:30:00;26,92
2018-10-11 01:45:00;27,44
2018-10-11 02:00:00;27,68
2018-10-11 02:15:00;28,32
2018-10-11 02:30:00;26,48
2018-10-11 02:45:00;28,92
2018-10-11 03:00:00;27,16
2018-10-11 03:15:00;26,84
2018-10-11 03:30:00;27,64
2018-10-11 03:45:00;27,60
2018-10-11 04:00:00;27,12
2018-10-11 04:15:00;28,32
2018-10-11 04:30:00;26,92
2018-10-11 04:45:00;27,16
2018-10-11 05:00:00;27,76
2018-10-11 05:15:00;28,52
2018-10-11 05:30:00;29,04
2018-10-11 05:45:00;35,12
2018-10-11 06:00:00;49,68
2018-10-11 06:15:00;80,36
2018-10-11 06:30:00;103,16
2018-10-11 06:45:00;105,48
2018-10-11 07:00:00;114,64
2018-10-11 07:15:00;101,80
2018-10-11 07:30:00;108,60
2018-10-11 07:45:00;112,68
2018-10-11 08:00:00;121,08
2018-10-11 08:15:00;98,96
2018-10-11 08:30:00;105,88
2018-10-11 08:45:00;116,12
2018-10-11 09:00:00;118,08
2018-10-11 09:15:00;118,36
2018-10-11 09:30:00;115,36
2018-10-11 09:45:00;124,28
2018-10-11 10:00:00;117,04
2018-10-11 10:15:00;122,28
2018-10-11 10:30:00;122,52
2018-10-11 10:45:00;119,76
2018-10-11 11:00:00;124,12
2018-10-11 11:15:00;99,24
2018-10-11 11:30:00;99,16
2018-10-11 11:45:00;102,84
2018-10-11 12:00:00;103,20
2018-10-11 12:15:00;111,28
2018-10-11 12:30:00;113,16
2018-10-11 12:45:00;122,56
2018-10-11 13:00:00;121,84
2018-10-11 13:15:00;124,84
2018-10-11 13:30:00;124,96
2018-10-11 13:45:00;124,80
2018-10-11 14:00:00;133,20
2018-10-11 14:15:00;123,20
2018-10-11 14:30:00;120,16
2018-10-11 14:45:00;122,72
2018-10-11 15:00:00;122,52
2018-10-11 15:15:00;121,48
2018-10-11 15:30:00;109,00
2018-10-11 15:45:00;77,52
2018-10-11 16:00:00;78,36
2018-10-11 16:15:00;75,72
2018-10-11 16:30:00;71,72
2018-10-11 16:45:00;65,32
2018-10-11 17:00:00;66,00
2018-10-11 17:15:00;58,20
2018-10-11 17:30:00;55,56
2018-10-11 17:45:00;52,12
2018-10-11 18:00:00;48,88
2018-10-11 18:15:00;48,84
2018-10-11 18:30:00;42,08
2018-10-11 18:45:00;41,64
2018-10-11 19:00:00;41,04
2018-10-11 19:15:00;38,84
2018-10-11 19:30:00;40,36
2018-10-11 19:45:00;37,64
2018-10-11 20:00:00;37,60
2018-10-11 20:15:00;37,88
2018-10-11 20:30:00;39,56
2018-10-11 20:45:00;43,64
2018-10-11 21:00:00;39,32
2018-10-11 21:15:00;38,68
2018-10-11 21:30:00;35,00
2018-10-11 21:45:00;36,68
2018-10-11 22:00:00;36,00
2018-10-11 22:15:00;35,20
2018-10-11 22:30:00;36,60
2018-10-11 22:45:00;36,16
2018-10-11 23:00:00;34,96
2018-10-11 23:15:00;35,72
2018-10-11 23:30:00;36,28
2018-10-11 23:45:00;35,04
2018-10-12 00:00:00;37,48
2018-10-12 00:15:00;33,72
2018-10-12 00:30:00;36,32
2018-10-12 00:45:00;36,72
2018-10-12 01:00:00;34,88
2018-10-12 01:15:00;35,80
2018-10-12 01:30:00;36,08
2018-10-12 01:45:00;35,32
2018-10-12 02:00:00;36,36
2018-10-12 02:15:00;36,24
2018-10-12 02:30:00;33,40
2018-10-12 02:45:00;34,64
2018-10-12 03:00:00;33,72
2018-10-12 03:15:00;32,36
2018-10-12 03:30:00;32,96
2018-10-12 03:45:00;32,48
2018-10-12 04:00:00;31,84
2018-10-12 04:15:00;30,88
2018-10-12 04:30:00;31,20
2018-10-12 04:45:00;30,40
2018-10-12 05:00:00;31,24
2018-10-12 05:15:00;31,56
2018-10-12 05:30:00;33,24
2018-10-12 05:45:00;49,48
2018-10-12 06:00:00;66,32
2018-10-12 06:15:00;97,20
2018-10-12 06:30:00;108,56
2018-10-12 06:45:00;121,52
2018-10-12 07:00:00;121,72
2018-10-12 07:15:00;122,36
2018-10-12 07:30:00;134,00
2018-10-12 07:45:00;141,36
2018-10-12 08:00:00;142,24
2018-10-12 08:15:00;109,72
2018-10-12 08:30:00;124,08
2018-10-12 08:45:00;132,24
2018-10-12 09:00:00;128,68
2018-10-12 09:15:00;134,88
2018-10-12 09:30:00;126,12
2018-10-12 09:45:00;129,20
2018-10-12 10:00:00;129,12
2018-10-12 10:15:00;130,44
2018-10-12 10:30:00;135,16
2018-10-12 10:45:00;130,48
2018-10-12 11:00:00;117,60
2018-10-12 11:15:00;85,96
2018-10-12 11:30:00;76,12
2018-10-12 11:45:00;83,72
2018-10-12 12:00:00;90,04
2018-10-12 12:15:00;93,68
2018-10-12 12:30:00;85,52
2018-10-12 12:45:00;95,00
2018-10-12 13:00:00;108,64
2018-10-12 13:15:00;111,68
2018-10-12 13:30:00;106,64
2018-10-12 13:45:00;115,84
2018-10-12 14:00:00;96,16
2018-10-12 14:15:00;79,44
2018-10-12 14:30:00;76,16
2018-10-12 14:45:00;72,48
2018-10-12 15:00:00;70,32
2018-10-12 15:15:00;66,28
2018-10-12 15:30:00;64,44
2018-10-12 15:45:00;63,16
2018-10-12 16:00:00;64,64
2018-10-12 16:15:00;60,80
2018-10-12 16:30:00;62,68
2018-10-12 16:45:00;60,04
2018-10-12 17:00:00;60,60
2018-10-12 17:15:00;59,96
2018-10-12 17:30:00;59,16
2018-10-12 17:45:00;79,88
2018-10-12 18:00:00;71,56
2018-10-12 18:15:00;69,92
2018-10-12 18:30:00;61,96
2018-10-12 18:45:00;57,16
2018-10-12 19:00:00;55,96
2018-10-12 19:15:00;54,92
2018-10-12 19:30:00;49,40
2018-10-12 19:45:00;47,36
2018-10-12 20:00:00;48,64
2018-10-12 20:15:00;47,64
2018-10-12 20:30:00;49,04
2018-10-12 20:45:00;47,56
2018-10-12 21:00:00;49,60
2018-10-12 21:15:00;45,80
2018-10-12 21:30:00;49,16
2018-10-12 21:45:00;47,92
2018-10-12 22:00:00;47,24
2018-10-12 22:15:00;46,64
2018-10-12 22:30:00;49,32
2018-10-12 22:45:00;48,32
2018-10-12 23:00:00;46,64
2018-10-12 23:15:00;47,84
2018-10-12 23:30:00;47,76
2018-10-12 23:45:00;47,76
2018-10-13 00:00:00;47,48
2018-10-13 00:15:00;47,36
2018-10-13 00:30:00;48,88
2018-10-13 00:45:00;46,84
2018-10-13 01:00:00;48,00
2018-10-13 01:15:00;46,04
2018-10-13 01:30:00;46,80
2018-10-13 01:45:00;47,36
2018-10-13 02:00:00;47,40
2018-10-13 02:15:00;47,24
2018-10-13 02:30:00;46,20
2018-10-13 02:45:00;46,88
2018-10-13 03:00:00;45,40
2018-10-13 03:15:00;47,72
2018-10-13 03:30:00;46,28
2018-10-13 03:45:00;46,72
2018-10-13 04:00:00;47,08
2018-10-13 04:15:00;46,60
2018-10-13 04:30:00;46,48
2018-10-13 04:45:00;45,52
2018-10-13 05:00:00;46,56
2018-10-13 05:15:00;44,92
2018-10-13 05:30:00;47,64
2018-10-13 05:45:00;46,36
2018-10-13 06:00:00;45,32
2018-10-13 06:15:00;46,04
2018-10-13 06:30:00;45,92
2018-10-13 06:45:00;47,32
2018-10-13 07:00:00;46,16
2018-10-13 07:15:00;44,28
2018-10-13 07:30:00;44,00
2018-10-13 07:45:00;41,44
2018-10-13 08:00:00;42,52
2018-10-13 08:15:00;46,32
2018-10-13 08:30:00;51,76
2018-10-13 08:45:00;52,96
2018-10-13 09:00:00;54,48
2018-10-13 09:15:00;55,24
2018-10-13 09:30:00;56,72
2018-10-13 09:45:00;53,72
2018-10-13 10:00:00;53,92
2018-10-13 10:15:00;52,16
2018-10-13 10:30:00;58,08
2018-10-13 10:45:00;61,84
2018-10-13 11:00:00;60,00
2018-10-13 11:15:00;58,72
2018-10-13 11:30:00;57,64
2018-10-13 11:45:00;49,84
2018-10-13 12:00:00;53,08
2018-10-13 12:15:00;46,16
2018-10-13 12:30:00;45,56
2018-10-13 12:45:00;46,88
2018-10-13 13:00:00;46,12
2018-10-13 13:15:00;48,88
2018-10-13 13:30:00;47,08
2018-10-13 13:45:00;46,36
2018-10-13 14:00:00;47,04
2018-10-13 14:15:00;44,16
2018-10-13 14:30:00;45,84
2018-10-13 14:45:00;45,44
2018-10-13 15:00:00;46,20
2018-10-13 15:15:00;45,80
2018-10-13 15:30:00;46,32
2018-10-13 15:45:00;42,60
2018-10-13 16:00:00;43,56
2018-10-13 16:15:00;41,92
2018-10-13 16:30:00;43,64
2018-10-13 16:45:00;42,00
2018-10-13 17:00:00;43,04
2018-10-13 17:15:00;41,84
2018-10-13 17:30:00;44,60
2018-10-13 17:45:00;42,64
2018-10-13 18:00:00;43,60
2018-10-13 18:15:00;38,88
2018-10-13 18:30:00;39,00
2018-10-13 18:45:00;37,92
2018-10-13 19:00:00;38,56
2018-10-13 19:15:00;37,36
2018-10-13 19:30:00;38,52
2018-10-13 19:45:00;34,80
2018-10-13 20:00:00;30,28
2018-10-13 20:15:00;30,28
2018-10-13 20:30:00;30,12
2018-10-13 20:45:00;28,32
2018-10-13 21:00:00;28,36
2018-10-13 21:15:00;27,36
2018-10-13 21:30:00;27,96
2018-10-13 21:45:00;27,40
2018-10-13 22:00:00;28,28
2018-10-13 22:15:00;27,68
2018-10-13 22:30:00;28,56
2018-10-13 22:45:00;27,64
2018-10-13 23:00:00;27,16
2018-10-13 23:15:00;28,20
2018-10-13 23:30:00;27,80
2018-10-13 23:45:00;27,04
2018-10-14 00:00:00;28,20
2018-10-14 00:15:00;28,72
2018-10-14 00:30:00;27,08
2018-10-14 00:45:00;28,68
2018-10-14 01:00:00;27,40
2018-10-14 01:15:00;26,80
2018-10-14 01:30:00;28,60
2018-10-14 01:45:00;26,68
2018-10-14 02:00:00;27,00
2018-10-14 02:15:00;28,92
2018-10-14 02:30:00;28,00
2018-10-14 02:45:00;27,28
2018-10-14 03:00:00;27,40
2018-10-14 03:15:00;27,52
2018-10-14 03:30:00;27,64
2018-10-14 03:45:00;27,76
2018-10-14 04:00:00;27,84
2018-10-14 04:15:00;26,92
2018-10-14 04:30:00;27,28
2018-10-14 04:45:00;28,44
2018-10-14 05:00:00;26,44
2018-10-14 05:15:00;27,40
2018-10-14 05:30:00;27,04
2018-10-14 05:45:00;27,96
2018-10-14 06:00:00;27,24
2018-10-14 06:15:00;26,24
2018-10-14 06:30:00;28,48
2018-10-14 06:45:00;26,96
2018-10-14 07:00:00;26,88
2018-10-14 07:15:00;26,20
2018-10-14 07:30:00;26,56
2018-10-14 07:45:00;27,20
2018-10-14 08:00:00;27,16
2018-10-14 08:15:00;28,64
2018-10-14 08:30:00;26,00
2018-10-14 08:45:00;26,92
2018-10-14 09:00:00;28,64
2018-10-14 09:15:00;34,60
2018-10-14 09:30:00;48,76
2018-10-14 09:45:00;61,80
2018-10-14 10:00:00;53,44
2018-10-14 10:15:00;54,00
2018-10-14 10:30:00;55,00
2018-10-14 10:45:00;50,92
2018-10-14 11:00:00;53,36
2018-10-14 11:15:00;47,24
2018-10-14 11:30:00;40,80
2018-10-14 11:45:00;39,52
2018-10-14 12:00:00;39,64
2018-10-14 12:15:00;38,80
2018-10-14 12:30:00;39,00
2018-10-14 12:45:00;38,40
2018-10-14 13:00:00;40,00
2018-10-14 13:15:00;38,84
2018-10-14 13:30:00;40,52
2018-10-14 13:45:00;38,52
2018-10-14 14:00:00;39,92
2018-10-14 14:15:00;37,68
2018-10-14 14:30:00;40,52
2018-10-14 14:45:00;40,00
2018-10-14 15:00:00;39,44
2018-10-14 15:15:00;38,76
2018-10-14 15:30:00;39,44
2018-10-14 15:45:00;38,92
2018-10-14 16:00:00;41,04
2018-10-14 16:15:00;38,80
2018-10-14 16:30:00;41,24
2018-10-14 16:45:00;38,72
2018-10-14 17:00:00;40,96
2018-10-14 17:15:00;59,20
2018-10-14 17:30:00;57,52
2018-10-14 17:45:00;65,48
2018-10-14 18:00:00;66,12
2018-10-14 18:15:00;53,08
2018-10-14 18:30:00;43,44
2018-10-14 18:45:00;40,96
2018-10-14 19:00:00;42,28
2018-10-14 19:15:00;40,96
2018-10-14 19:30:00;40,92
2018-10-14 19:45:00;43,04
2018-10-14 20:00:00;41,20
2018-10-14 20:15:00;41,08
2018-10-14 20:30:00;40,52
2018-10-14 20:45:00;38,52
2018-10-14 21:00:00;39,92
2018-10-14 21:15:00;37,36
2018-10-14 21:30:00;39,52
2018-10-14 21:45:00;36,96
2018-10-14 22:00:00;37,64
2018-10-14 22:15:00;36,32
2018-10-14 22:30:00;36,40
2018-10-14 22:45:00;35,52
2018-10-14 23:00:00;37,32
2018-10-14 23:15:00;35,96
2018-10-14 23:30:00;36,92
2018-10-14 23:45:00;35,52
2018-10-15 00:00:00;35,80
2018-10-15 00:15:00;35,32
2018-10-15 00:30:00;36,40
2018-10-15 00:45:00;36,92
2018-10-15 01:00:00;35,68
2018-10-15 01:15:00;33,96
2018-10-15 01:30:00;37,80
2018-10-15 01:45:00;35,60
2018-10-15 02:00:00;35,08
2018-10-15 02:15:00;35,56
2018-10-15 02:30:00;35,88
2018-10-15 02:45:00;35,72
2018-10-15 03:00:00;36,08
2018-10-15 03:15:00;33,80
2018-10-15 03:30:00;37,48
2018-10-15 03:45:00;35,84
2018-10-15 04:00:00;34,84
2018-10-15 04:15:00;31,44
2018-10-15 04:30:00;29,56
2018-10-15 04:45:00;28,56
2018-10-15 05:00:00;29,64
2018-10-15 05:15:00;26,60
2018-10-15 05:30:00;26,08
2018-10-15 05:45:00;32,40
2018-10-15 06:00:00;43,76
2018-10-15 06:15:00;63,88
2018-10-15 06:30:00;89,00
2018-10-15 06:45:00;87,52
2018-10-15 07:00:00;97,48
2018-10-15 07:15:00;97,44
2018-10-15 07:30:00;100,04
2018-10-15 07:45:00;110,12
2018-10-15 08:00:00;111,76
2018-10-15 08:15:00;100,08
2018-10-15 08:30:00;105,04
2018-10-15 08:45:00;118,44
2018-10-15 09:00:00;117,20
2018-10-15 09:15:00;112,52
2018-10-15 09:30:00;116,80
2018-10-15 09:45:00;113,76
2018-10-15 10:00:00;119,40
2018-10-15 10:15:00;114,16
2018-10-15 10:30:00;108,08
2018-10-15 10:45:00;111,04
2018-10-15 11:00:00;111,76
2018-10-15 11:15:00;103,20
2018-10-15 11:30:00;94,56
2018-10-15 11:45:00;93,80
2018-10-15 12:00:00;107,20
2018-10-15 12:15:00;111,36
2018-10-15 12:30:00;109,40
2018-10-15 12:45:00;109,72
2018-10-15 13:00:00;111,16
2018-10-15 13:15:00;114,96
2018-10-15 13:30:00;113,80
2018-10-15 13:45:00;121,04
2018-10-15 14:00:00;121,72
2018-10-15 14:15:00;112,72
2018-10-15 14:30:00;109,00
2018-10-15 14:45:00;109,32
2018-10-15 15:00:00;106,64
2018-10-15 15:15:00;104,52
2018-10-15 15:30:00;101,24
2018-10-15 15:45:00;76,48
2018-10-15 16:00:00;71,12
2018-10-15 16:15:00;75,20
2018-10-15 16:30:00;67,32
2018-10-15 16:45:00;62,36
2018-10-15 17:00:00;61,32
2018-10-15 17:15:00;58,28
2018-10-15 17:30:00;52,52
2018-10-15 17:45:00;46,20
2018-10-15 18:00:00;47,56
2018-10-15 18:15:00;44,64
2018-10-15 18:30:00;48,32
2018-10-15 18:45:00;45,40
2018-10-15 19:00:00;47,48
2018-10-15 19:15:00;44,24
2018-10-15 19:30:00;43,96
2018-10-15 19:45:00;37,20
2018-10-15 20:00:00;38,72
2018-10-15 20:15:00;36,96
2018-10-15 20:30:00;37,28
2018-10-15 20:45:00;38,68
2018-10-15 21:00:00;37,80
2018-10-15 21:15:00;37,32
2018-10-15 21:30:00;37,52
2018-10-15 21:45:00;36,24
2018-10-15 22:00:00;34,64
2018-10-15 22:15:00;36,80
2018-10-15 22:30:00;35,92
2018-10-15 22:45:00;34,28
2018-10-15 23:00:00;34,32
2018-10-15 23:15:00;33,32
2018-10-15 23:30:00;33,52
2018-10-15 23:45:00;35,52
2018-10-16 00:00:00;32,56
2018-10-16 00:15:00;30,80
2018-10-16 00:30:00;30,44
2018-10-16 00:45:00;30,88
2018-10-16 01:00:00;31,08
2018-10-16 01:15:00;29,84
2018-10-16 01:30:00;32,12
2018-10-16 01:45:00;30,04
2018-10-16 02:00:00;30,52
2018-10-16 02:15:00;30,20
2018-10-16 02:30:00;30,84
2018-10-16 02:45:00;29,88
2018-10-16 03:00:00;30,72
2018-10-16 03:15:00;31,16
2018-10-16 03:30:00;30,04
2018-10-16 03:45:00;30,32
2018-10-16 04:00:00;30,36
2018-10-16 04:15:00;31,68
2018-10-16 04:30:00;30,12
2018-10-16 04:45:00;30,72
2018-10-16 05:00:00;29,92
2018-10-16 05:15:00;31,00
2018-10-16 05:30:00;31,84
2018-10-16 05:45:00;37,60
2018-10-16 06:00:00;44,52
2018-10-16 06:15:00;77,68
2018-10-16 06:30:00;93,36
2018-10-16 06:45:00;101,84
2018-10-16 07:00:00;106,88
2018-10-16 07:15:00;108,08
2018-10-16 07:30:00;112,28
2018-10-16 07:45:00;111,84
2018-10-16 08:00:00;118,80
2018-10-16 08:15:00;107,44
2018-10-16 08:30:00;100,72
2018-10-16 08:45:00;122,40
2018-10-16 09:00:00;131,76
2018-10-16 09:15:00;126,12
2018-10-16 09:30:00;137,24
2018-10-16 09:45:00;123,04
2018-10-16 10:00:00;129,96
2018-10-16 10:15:00;130,80
2018-10-16 10:30:00;122,80
2018-10-16 10:45:00;129,80
2018-10-16 11:00:00;121,32
2018-10-16 11:15:00;99,28
2018-10-16 11:30:00;93,44
2018-10-16 11:45:00;95,88
2018-10-16 12:00:00;114,68
2018-10-16 12:15:00;123,04
2018-10-16 12:30:00;126,88
2018-10-16 12:45:00;131,80
2018-10-16 13:00:00;124,40
2018-10-16 13:15:00;123,36
2018-10-16 13:30:00;126,80
2018-10-16 13:45:00;121,72
2018-10-16 14:00:00;120,96
2018-10-16 14:15:00;123,84
2018-10-16 14:30:00;114,64
2018-10-16 14:45:00;118,72
2018-10-16 15:00:00;122,00
2018-10-16 15:15:00;122,96
2018-10-16 15:30:00;107,20
2018-10-16 15:45:00;81,84
2018-10-16 16:00:00;74,08
2018-10-16 16:15:00;66,80
2018-10-16 16:30:00;62,48
2018-10-16 16:45:00;49,04
2018-10-16 17:00:00;50,00
2018-10-16 17:15:00;46,00
2018-10-16 17:30:00;48,52
2018-10-16 17:45:00;48,20
2018-10-16 18:00:00;48,56
2018-10-16 18:15:00;49,04
2018-10-16 18:30:00;46,08
2018-10-16 18:45:00;43,96
2018-10-16 19:00:00;44,12
2018-10-16 19:15:00;42,96
2018-10-16 19:30:00;44,92
2018-10-16 19:45:00;41,76
2018-10-16 20:00:00;43,44
2018-10-16 20:15:00;41,36
2018-10-16 20:30:00;42,44
2018-10-16 20:45:00;43,00
2018-10-16 21:00:00;40,80
2018-10-16 21:15:00;43,08
2018-10-16 21:30:00;42,40
2018-10-16 21:45:00;41,40
2018-10-16 22:00:00;43,12
2018-10-16 22:15:00;41,08
2018-10-16 22:30:00;42,12
2018-10-16 22:45:00;42,64
2018-10-16 23:00:00;42,32
2018-10-16 23:15:00;40,76
2018-10-16 23:30:00;40,52
2018-10-16 23:45:00;38,72
2018-10-17 00:00:00;40,92
2018-10-17 00:15:00;39,80
2018-10-17 00:30:00;39,36
2018-10-17 00:45:00;40,32
2018-10-17 01:00:00;39,48
2018-10-17 01:15:00;39,88
2018-10-17 01:30:00;39,16
2018-10-17 01:45:00;38,36
2018-10-17 02:00:00;38,72
2018-10-17 02:15:00;39,68
2018-10-17 02:30:00;39,24
2018-10-17 02:45:00;38,76
2018-10-17 03:00:00;39,40
2018-10-17 03:15:00;37,68
2018-10-17 03:30:00;39,36
2018-10-17 03:45:00;38,12
2018-10-17 04:00:00;36,80
2018-10-17 04:15:00;37,08
2018-10-17 04:30:00;37,36
2018-10-17 04:45:00;36,20
2018-10-17 05:00:00;35,08
2018-10-17 05:15:00;37,04
2018-10-17 05:30:00;39,12
2018-10-17 05:45:00;53,40
2018-10-17 06:00:00;60,56
2018-10-17 06:15:00;84,80
2018-10-17 06:30:00;101,24
2018-10-17 06:45:00;125,20
2018-10-17 07:00:00;128,04
2018-10-17 07:15:00;125,16
2018-10-17 07:30:00;109,64
2018-10-17 07:45:00;115,04
2018-10-17 08:00:00;126,84
2018-10-17 08:15:00;116,12
2018-10-17 08:30:00;111,08
2018-10-17 08:45:00;116,24
2018-10-17 09:00:00;117,64
2018-10-17 09:15:00;118,40
2018-10-17 09:30:00;128,64
2018-10-17 09:45:00;129,60
2018-10-17 10:00:00;135,24
2018-10-17 10:15:00;138,28
2018-10-17 10:30:00;129,80
2018-10-17 10:45:00;115,72
2018-10-17 11:00:00;119,76
2018-10-17 11:15:00;115,60
2018-10-17 11:30:00;106,40
2018-10-17 11:45:00;119,12
2018-10-17 12:00:00;134,96
2018-10-17 12:15:00;129,64
2018-10-17 12:30:00;132,80
2018-10-17 12:45:00;132,32
2018-10-17 13:00:00;128,28
2018-10-17 13:15:00;133,24
2018-10-17 13:30:00;135,08
2018-10-17 13:45:00;127,32
2018-10-17 14:00:00;126,96
2018-10-17 14:15:00;132,64
2018-10-17 14:30:00;142,88
2018-10-17 14:45:00;133,48
2018-10-17 15:00:00;114,28
2018-10-17 15:15:00;115,92
2018-10-17 15:30:00;126,24
2018-10-17 15:45:00;101,36
2018-10-17 16:00:00;73,28
2018-10-17 16:15:00;55,56
2018-10-17 16:30:00;49,36
2018-10-17 16:45:00;45,60
2018-10-17 17:00:00;47,24
2018-10-17 17:15:00;47,36
2018-10-17 17:30:00;43,56
2018-10-17 17:45:00;44,84
2018-10-17 18:00:00;44,40
2018-10-17 18:15:00;42,92
2018-10-17 18:30:00;45,64
2018-10-17 18:45:00;43,56
2018-10-17 19:00:00;44,44
2018-10-17 19:15:00;43,52
2018-10-17 19:30:00;44,00
2018-10-17 19:45:00;46,04
2018-10-17 20:00:00;47,16
2018-10-17 20:15:00;54,04
2018-10-17 20:30:00;43,92
2018-10-17 20:45:00;36,04
2018-10-17 21:00:00;35,04
2018-10-17 21:15:00;37,56
2018-10-17 21:30:00;33,60
2018-10-17 21:45:00;34,44
2018-10-17 22:00:00;31,24
2018-10-17 22:15:00;29,64
2018-10-17 22:30:00;31,72
2018-10-17 22:45:00;30,52
2018-10-17 23:00:00;31,12
2018-10-17 23:15:00;30,76
2018-10-17 23:30:00;29,36
2018-10-17 23:45:00;31,28
2018-10-18 00:00:00;31,32
2018-10-18 00:15:00;30,24
2018-10-18 00:30:00;29,72
2018-10-18 00:45:00;31,52
2018-10-18 01:00:00;30,36
2018-10-18 01:15:00;29,32
2018-10-18 01:30:00;31,56
2018-10-18 01:45:00;30,20
2018-10-18 02:00:00;29,80
2018-10-18 02:15:00;30,64
2018-10-18 02:30:00;29,52
2018-10-18 02:45:00;30,04
2018-10-18 03:00:00;30,88
2018-10-18 03:15:00;30,60
2018-10-18 03:30:00;29,24
2018-10-18 03:45:00;30,40
2018-10-18 04:00:00;30,00
2018-10-18 04:15:00;30,28
2018-10-18 04:30:00;30,68
2018-10-18 04:45:00;30,32
2018-10-18 05:00:00;30,08
2018-10-18 05:15:00;30,08
2018-10-18 05:30:00;31,00
2018-10-18 05:45:00;36,28
2018-10-18 06:00:00;44,92
2018-10-18 06:15:00;80,08
2018-10-18 06:30:00;97,36
2018-10-18 06:45:00;104,08
2018-10-18 07:00:00;111,24
2018-10-18 07:15:00;119,68
2018-10-18 07:30:00;125,40
2018-10-18 07:45:00;124,08
2018-10-18 08:00:00;123,56
2018-10-18 08:15:00;123,84
2018-10-18 08:30:00;116,40
2018-10-18 08:45:00;122,52
2018-10-18 09:00:00;125,40
2018-10-18 09:15:00;122,76
2018-10-18 09:30:00;121,84
2018-10-18 09:45:00;124,84
2018-10-18 10:00:00;116,56
2018-10-18 10:15:00;131,60
2018-10-18 10:30:00;124,48
2018-10-18 10:45:00;117,16
2018-10-18 11:00:00;130,92
2018-10-18 11:15:00;101,04
2018-10-18 11:30:00;91,40
2018-10-18 11:45:00;96,00
2018-10-18 12:00:00;105,48
2018-10-18 12:15:00;115,64
2018-10-18 12:30:00;123,76
2018-10-18 12:45:00;123,68
2018-10-18 13:00:00;129,12
2018-10-18 13:15:00;123,68
2018-10-18 13:30:00;124,00
2018-10-18 13:45:00;119,04
2018-10-18 14:00:00;125,92
2018-10-18 14:15:00;133,92
2018-10-18 14:30:00;130,00
2018-10-18 14:45:00;128,76
2018-10-18 15:00:00;132,36
2018-10-18 15:15:00;124,56
2018-10-18 15:30:00;114,68
2018-10-18 15:45:00;90,56
2018-10-18 16:00:00;83,20
2018-10-18 16:15:00;63,32
2018-10-18 16:30:00;54,96
2018-10-18 16:45:00;53,68
2018-10-18 17:00:00;47,32
2018-10-18 17:15:00;44,76
2018-10-18 17:30:00;41,96
2018-10-18 17:45:00;41,28
2018-10-18 18:00:00;39,76
2018-10-18 18:15:00;39,64
2018-10-18 18:30:00;39,92
2018-10-18 18:45:00;40,76
2018-10-18 19:00:00;42,40
2018-10-18 19:15:00;41,76
2018-10-18 19:30:00;42,80
2018-10-18 19:45:00;45,32
2018-10-18 20:00:00;34,12
2018-10-18 20:15:00;32,64
2018-10-18 20:30:00;32,60
2018-10-18 20:45:00;33,64
2018-10-18 21:00:00;30,48
2018-10-18 21:15:00;29,88
2018-10-18 21:30:00;33,64
2018-10-18 21:45:00;29,72
2018-10-18 22:00:00;30,04
2018-10-18 22:15:00;29,32
2018-10-18 22:30:00;29,96
2018-10-18 22:45:00;30,16
2018-10-18 23:00:00;29,96
2018-10-18 23:15:00;30,24
2018-10-18 23:30:00;29,76
2018-10-18 23:45:00;29,40
2018-10-19 00:00:00;29,68
2018-10-19 00:15:00;29,92
2018-10-19 00:30:00;28,88
2018-10-19 00:45:00;30,08
2018-10-19 01:00:00;29,72
2018-10-19 01:15:00;29,52
2018-10-19 01:30:00;29,44
2018-10-19 01:45:00;29,92
2018-10-19 02:00:00;29,80
2018-10-19 02:15:00;29,88
2018-10-19 02:30:00;29,08
2018-10-19 02:45:00;30,28
2018-10-19 03:00:00;29,76
2018-10-19 03:15:00;29,24
2018-10-19 03:30:00;29,76
2018-10-19 03:45:00;30,16
2018-10-19 04:00:00;29,88
2018-10-19 04:15:00;29,60
2018-10-19 04:30:00;29,44
2018-10-19 04:45:00;30,08
2018-10-19 05:00:00;29,96
2018-10-19 05:15:00;29,36
2018-10-19 05:30:00;32,44
2018-10-19 05:45:00;41,60
2018-10-19 06:00:00;48,64
2018-10-19 06:15:00;80,48
2018-10-19 06:30:00;105,56
2018-10-19 06:45:00;105,52
2018-10-19 07:00:00;110,52
2018-10-19 07:15:00;106,12
2018-10-19 07:30:00;109,44
2018-10-19 07:45:00;107,20
2018-10-19 08:00:00;112,76
2018-10-19 08:15:00;98,80
2018-10-19 08:30:00;103,68
2018-10-19 08:45:00;124,04
2018-10-19 09:00:00;121,76
2018-10-19 09:15:00;128,00
2018-10-19 09:30:00;126,80
2018-10-19 09:45:00;118,48
2018-10-19 10:00:00;123,36
2018-10-19 10:15:00;126,20
2018-10-19 10:30:00;113,04
2018-10-19 10:45:00;110,52
2018-10-19 11:00:00;111,60
2018-10-19 11:15:00;88,60
2018-10-19 11:30:00;79,36
2018-10-19 11:45:00;83,84
2018-10-19 12:00:00;100,20
2018-10-19 12:15:00;95,88
2018-10-19 12:30:00;90,32
2018-10-19 12:45:00;87,72
2018-10-19 13:00:00;94,08
2018-10-19 13:15:00;88,12
2018-10-19 13:30:00;94,12
2018-10-19 13:45:00;97,60
2018-10-19 14:00:00;89,24
2018-10-19 14:15:00;83,20
2018-10-19 14:30:00;77,72
2018-10-19 14:45:00;72,60
2018-10-19 15:00:00;81,04
2018-10-19 15:15:00;78,92
2018-10-19 15:30:00;70,32
2018-10-19 15:45:00;67,56
2018-10-19 16:00:00;66,52
2018-10-19 16:15:00;61,00
2018-10-19 16:30:00;61,88
2018-10-19 16:45:00;62,44
2018-10-19 17:00:00;61,60
2018-10-19 17:15:00;56,64
2018-10-19 17:30:00;56,16
2018-10-19 17:45:00;56,56
2018-10-19 18:00:00;57,60
2018-10-19 18:15:00;53,16
2018-10-19 18:30:00;54,12
2018-10-19 18:45:00;57,44
2018-10-19 19:00:00;55,40
2018-10-19 19:15:00;54,32
2018-10-19 19:30:00;46,72
2018-10-19 19:45:00;41,28
2018-10-19 20:00:00;40,72
2018-10-19 20:15:00;40,52
2018-10-19 20:30:00;38,64
2018-10-19 20:45:00;37,44
2018-10-19 21:00:00;36,96
2018-10-19 21:15:00;36,92
2018-10-19 21:30:00;35,48
2018-10-19 21:45:00;37,68
2018-10-19 22:00:00;34,16
2018-10-19 22:15:00;35,60
2018-10-19 22:30:00;35,00
2018-10-19 22:45:00;35,60
2018-10-19 23:00:00;34,56
2018-10-19 23:15:00;35,52
2018-10-19 23:30:00;34,32
2018-10-19 23:45:00;34,96
2018-10-20 00:00:00;34,88
2018-10-20 00:15:00;36,00
2018-10-20 00:30:00;34,40
2018-10-20 00:45:00;35,12
2018-10-20 01:00:00;34,84
2018-10-20 01:15:00;35,76
2018-10-20 01:30:00;34,64
2018-10-20 01:45:00;35,24
2018-10-20 02:00:00;34,12
2018-10-20 02:15:00;35,32
2018-10-20 02:30:00;35,00
2018-10-20 02:45:00;35,80
2018-10-20 03:00:00;34,84
2018-10-20 03:15:00;34,80
2018-10-20 03:30:00;35,08
2018-10-20 03:45:00;35,48
2018-10-20 04:00:00;34,28
2018-10-20 04:15:00;35,88
2018-10-20 04:30:00;33,76
2018-10-20 04:45:00;37,24
2018-10-20 05:00:00;37,24
2018-10-20 05:15:00;37,24
2018-10-20 05:30:00;36,56
2018-10-20 05:45:00;37,72
2018-10-20 06:00:00;43,04
2018-10-20 06:15:00;49,40
2018-10-20 06:30:00;49,40
2018-10-20 06:45:00;55,00
2018-10-20 07:00:00;54,08
2018-10-20 07:15:00;54,88
2018-10-20 07:30:00;56,92
2018-10-20 07:45:00;56,96
2018-10-20 08:00:00;58,16
2018-10-20 08:15:00;54,32
2018-10-20 08:30:00;54,04
2018-10-20 08:45:00;55,04
2018-10-20 09:00:00;57,48
2018-10-20 09:15:00;55,92
2018-10-20 09:30:00;54,52
2018-10-20 09:45:00;52,52
2018-10-20 10:00:00;56,68
2018-10-20 10:15:00;56,96
2018-10-20 10:30:00;56,88
2018-10-20 10:45:00;57,36
2018-10-20 11:00:00;58,60
2018-10-20 11:15:00;57,20
2018-10-20 11:30:00;60,68
2018-10-20 11:45:00;58,68
2018-10-20 12:00:00;55,08
2018-10-20 12:15:00;58,16
2018-10-20 12:30:00;50,36
2018-10-20 12:45:00;46,92
2018-10-20 13:00:00;44,60
2018-10-20 13:15:00;41,32
2018-10-20 13:30:00;40,48
2018-10-20 13:45:00;40,00
2018-10-20 14:00:00;39,16
2018-10-20 14:15:00;38,92
2018-10-20 14:30:00;37,72
2018-10-20 14:45:00;36,60
2018-10-20 15:00:00;36,64
2018-10-20 15:15:00;35,92
2018-10-20 15:30:00;36,80
2018-10-20 15:45:00;36,52
2018-10-20 16:00:00;36,44
2018-10-20 16:15:00;40,56
2018-10-20 16:30:00;50,52
2018-10-20 16:45:00;50,20
2018-10-20 17:00:00;43,44
2018-10-20 17:15:00;43,16
2018-10-20 17:30:00;46,08
2018-10-20 17:45:00;45,88
2018-10-20 18:00:00;41,48
2018-10-20 18:15:00;41,08
2018-10-20 18:30:00;36,24
2018-10-20 18:45:00;31,28
2018-10-20 19:00:00;30,48
2018-10-20 19:15:00;31,60
2018-10-20 19:30:00;38,52
2018-10-20 19:45:00;40,36
2018-10-20 20:00:00;40,60
2018-10-20 20:15:00;39,92
2018-10-20 20:30:00;39,88
2018-10-20 20:45:00;40,24
2018-10-20 21:00:00;39,36
2018-10-20 21:15:00;40,80
2018-10-20 21:30:00;40,52
2018-10-20 21:45:00;39,04
2018-10-20 22:00:00;41,32
2018-10-20 22:15:00;38,72
2018-10-20 22:30:00;40,60
2018-10-20 22:45:00;39,20
2018-10-20 23:00:00;40,92
2018-10-20 23:15:00;38,64
2018-10-20 23:30:00;39,40
2018-10-20 23:45:00;38,72
2018-10-21 00:00:00;40,04
2018-10-21 00:15:00;39,84
2018-10-21 00:30:00;40,04
2018-10-21 00:45:00;38,64
2018-10-21 01:00:00;41,40
2018-10-21 01:15:00;39,24
2018-10-21 01:30:00;40,84
2018-10-21 01:45:00;38,84
2018-10-21 02:00:00;39,76
2018-10-21 02:15:00;38,64
2018-10-21 02:30:00;40,36
2018-10-21 02:45:00;39,68
2018-10-21 03:00:00;40,04
2018-10-21 03:15:00;39,64
2018-10-21 03:30:00;40,12
2018-10-21 03:45:00;39,52
2018-10-21 04:00:00;39,88
2018-10-21 04:15:00;34,12
2018-10-21 04:30:00;30,72
2018-10-21 04:45:00;30,84
2018-10-21 05:00:00;32,32
2018-10-21 05:15:00;29,72
2018-10-21 05:30:00;29,96
2018-10-21 05:45:00;30,08
2018-10-21 06:00:00;29,56
2018-10-21 06:15:00;30,48
2018-10-21 06:30:00;30,20
2018-10-21 06:45:00;29,72
2018-10-21 07:00:00;28,92
2018-10-21 07:15:00;29,24
2018-10-21 07:30:00;29,76
2018-10-21 07:45:00;29,64
2018-10-21 08:00:00;28,60
2018-10-21 08:15:00;28,92
2018-10-21 08:30:00;28,92
2018-10-21 08:45:00;32,08
2018-10-21 09:00:00;31,92
2018-10-21 09:15:00;34,36
2018-10-21 09:30:00;52,44
2018-10-21 09:45:00;58,72
2018-10-21 10:00:00;54,28
2018-10-21 10:15:00;51,96
2018-10-21 10:30:00;47,16
2018-10-21 10:45:00;48,52
2018-10-21 11:00:00;53,00
2018-10-21 11:15:00;53,12
2018-10-21 11:30:00;50,76
2018-10-21 11:45:00;50,92
2018-10-21 12:00:00;46,36
2018-10-21 12:15:00;48,84
2018-10-21 12:30:00;49,84
2018-10-21 12:45:00;42,60
2018-10-21 13:00:00;40,32
2018-10-21 13:15:00;37,28
2018-10-21 13:30:00;37,44
2018-10-21 13:45:00;37,12
2018-10-21 14:00:00;37,68
2018-10-21 14:15:00;37,28
2018-10-21 14:30:00;37,00
2018-10-21 14:45:00;35,08
2018-10-21 15:00:00;36,56
2018-10-21 15:15:00;34,96
2018-10-21 15:30:00;36,84
2018-10-21 15:45:00;36,80
2018-10-21 16:00:00;34,92
2018-10-21 16:15:00;35,32
2018-10-21 16:30:00;37,16
2018-10-21 16:45:00;36,00
2018-10-21 17:00:00;41,04
2018-10-21 17:15:00;35,92
2018-10-21 17:30:00;36,64
2018-10-21 17:45:00;35,52
2018-10-21 18:00:00;37,48
2018-10-21 18:15:00;37,00
2018-10-21 18:30:00;37,36
2018-10-21 18:45:00;36,08
2018-10-21 19:00:00;36,68
2018-10-21 19:15:00;37,32
2018-10-21 19:30:00;37,16
2018-10-21 19:45:00;31,12
2018-10-21 20:00:00;29,76
2018-10-21 20:15:00;29,24
2018-10-21 20:30:00;28,84
2018-10-21 20:45:00;27,24
2018-10-21 21:00:00;26,88
2018-10-21 21:15:00;26,72
2018-10-21 21:30:00;26,48
2018-10-21 21:45:00;26,28
2018-10-21 22:00:00;26,32
2018-10-21 22:15:00;26,40
2018-10-21 22:30:00;27,00
2018-10-21 22:45:00;26,76
2018-10-21 23:00:00;25,36
2018-10-21 23:15:00;26,80
2018-10-21 23:30:00;26,72
2018-10-21 23:45:00;26,04
2018-10-22 00:00:00;26,40
2018-10-22 00:15:00;26,20
2018-10-22 00:30:00;26,68
2018-10-22 00:45:00;26,68
2018-10-22 01:00:00;25,24
2018-10-22 01:15:00;27,52
2018-10-22 01:30:00;26,64
2018-10-22 01:45:00;26,44
2018-10-22 02:00:00;25,84
2018-10-22 02:15:00;25,40
2018-10-22 02:30:00;27,16
2018-10-22 02:45:00;26,80
2018-10-22 03:00:00;25,72
2018-10-22 03:15:00;26,16
2018-10-22 03:30:00;26,00
2018-10-22 03:45:00;26,48
2018-10-22 04:00:00;27,00
2018-10-22 04:15:00;24,92
2018-10-22 04:30:00;26,16
2018-10-22 04:45:00;26,12
2018-10-22 05:00:00;26,60
2018-10-22 05:15:00;25,84
2018-10-22 05:30:00;26,48
2018-10-22 05:45:00;40,60
2018-10-22 06:00:00;51,32
2018-10-22 06:15:00;77,04
2018-10-22 06:30:00;103,64
2018-10-22 06:45:00;111,92
2018-10-22 07:00:00;117,32
2018-10-22 07:15:00;115,44
2018-10-22 07:30:00;120,72
2018-10-22 07:45:00;134,88
2018-10-22 08:00:00;141,64
2018-10-22 08:15:00;115,12
2018-10-22 08:30:00;130,96
2018-10-22 08:45:00;133,68
2018-10-22 09:00:00;131,76
2018-10-22 09:15:00;134,96
2018-10-22 09:30:00;140,04
2018-10-22 09:45:00;131,92
2018-10-22 10:00:00;143,68
2018-10-22 10:15:00;133,24
2018-10-22 10:30:00;135,20
2018-10-22 10:45:00;144,36
2018-10-22 11:00:00;135,80
2018-10-22 11:15:00;127,04
2018-10-22 11:30:00;114,20
2018-10-22 11:45:00;125,32
2018-10-22 12:00:00;138,24
2018-10-22 12:15:00;154,04
2018-10-22 12:30:00;143,24
2018-10-22 12:45:00;168,52
2018-10-22 13:00:00;158,28
2018-10-22 13:15:00;169,80
2018-10-22 13:30:00;165,88
2018-10-22 13:45:00;165,88
2018-10-22 14:00:00;156,68
2018-10-22 14:15:00;174,08
2018-10-22 14:30:00;165,00
2018-10-22 14:45:00;165,52
2018-10-22 15:00:00;154,56
2018-10-22 15:15:00;143,04
2018-10-22 15:30:00;129,76
2018-10-22 15:45:00;84,76
2018-10-22 16:00:00;92,80
2018-10-22 16:15:00;76,72
2018-10-22 16:30:00;72,40
2018-10-22 16:45:00;65,48
2018-10-22 17:00:00;64,08
2018-10-22 17:15:00;52,40
2018-10-22 17:30:00;49,32
2018-10-22 17:45:00;50,60
2018-10-22 18:00:00;49,68
2018-10-22 18:15:00;47,68
2018-10-22 18:30:00;44,60
2018-10-22 18:45:00;41,20
2018-10-22 19:00:00;38,28
2018-10-22 19:15:00;40,76
2018-10-22 19:30:00;36,00
2018-10-22 19:45:00;33,28
2018-10-22 20:00:00;33,64
2018-10-22 20:15:00;33,68
2018-10-22 20:30:00;33,52
2018-10-22 20:45:00;31,24
2018-10-22 21:00:00;31,76
2018-10-22 21:15:00;31,36
2018-10-22 21:30:00;32,64
2018-10-22 21:45:00;32,04
2018-10-22 22:00:00;31,76
2018-10-22 22:15:00;31,16
2018-10-22 22:30:00;32,00
2018-10-22 22:45:00;32,28
2018-10-22 23:00:00;32,08
2018-10-22 23:15:00;31,00
2018-10-22 23:30:00;30,76
2018-10-22 23:45:00;32,56
2018-10-23 00:00:00;32,52
2018-10-23 00:15:00;31,72
2018-10-23 00:30:00;31,20
2018-10-23 00:45:00;31,72
2018-10-23 01:00:00;31,96
2018-10-23 01:15:00;29,00
2018-10-23 01:30:00;28,96
2018-10-23 01:45:00;28,48
2018-10-23 02:00:00;29,40
2018-10-23 02:15:00;29,04
2018-10-23 02:30:00;29,40
2018-10-23 02:45:00;29,52
2018-10-23 03:00:00;28,52
2018-10-23 03:15:00;28,76
2018-10-23 03:30:00;28,48
2018-10-23 03:45:00;29,28
2018-10-23 04:00:00;28,60
2018-10-23 04:15:00;29,40
2018-10-23 04:30:00;28,44
2018-10-23 04:45:00;28,92
2018-10-23 05:00:00;35,72
2018-10-23 05:15:00;36,76
2018-10-23 05:30:00;36,20
2018-10-23 05:45:00;43,04
2018-10-23 06:00:00;48,40
2018-10-23 06:15:00;75,12
2018-10-23 06:30:00;90,68
2018-10-23 06:45:00;100,16
2018-10-23 07:00:00;116,60
2018-10-23 07:15:00;121,12
2018-10-23 07:30:00;134,84
2018-10-23 07:45:00;120,64
2018-10-23 08:00:00;137,16
2018-10-23 08:15:00;125,80
2018-10-23 08:30:00;128,00
2018-10-23 08:45:00;137,04
2018-10-23 09:00:00;142,72
2018-10-23 09:15:00;162,68
2018-10-23 09:30:00;150,92
2018-10-23 09:45:00;142,88
2018-10-23 10:00:00;154,72
2018-10-23 10:15:00;155,92
2018-10-23 10:30:00;156,56
2018-10-23 10:45:00;141,96
2018-10-23 11:00:00;155,32
2018-10-23 11:15:00;123,08
2018-10-23 11:30:00;116,40
2018-10-23 11:45:00;138,04
2018-10-23 12:00:00;156,92
2018-10-23 12:15:00;163,00
2018-10-23 12:30:00;158,00
2018-10-23 12:45:00;154,16
2018-10-23 13:00:00;156,04
2018-10-23 13:15:00;154,96
2018-10-23 13:30:00;160,12
2018-10-23 13:45:00;151,44
2018-10-23 14:00:00;145,08
2018-10-23 14:15:00;152,80
2018-10-23 14:30:00;146,72
2018-10-23 14:45:00;140,20
2018-10-23 15:00:00;132,12
2018-10-23 15:15:00;128,28
2018-10-23 15:30:00;116,44
2018-10-23 15:45:00;80,68
2018-10-23 16:00:00;80,08
2018-10-23 16:15:00;73,88
2018-10-23 16:30:00;74,44
2018-10-23 16:45:00;71,52
2018-10-23 17:00:00;60,00
2018-10-23 17:15:00;48,68
2018-10-23 17:30:00;45,92
2018-10-23 17:45:00;43,68
2018-10-23 18:00:00;42,28
2018-10-23 18:15:00;38,64
2018-10-23 18:30:00;39,40
2018-10-23 18:45:00;38,64
2018-10-23 19:00:00;37,16
2018-10-23 19:15:00;36,40
2018-10-23 19:30:00;35,20
2018-10-23 19:45:00;36,96
2018-10-23 20:00:00;34,48
2018-10-23 20:15:00;36,08
2018-10-23 20:30:00;36,48
2018-10-23 20:45:00;36,60
2018-10-23 21:00:00;35,04
2018-10-23 21:15:00;35,56
2018-10-23 21:30:00;36,12
2018-10-23 21:45:00;35,24
2018-10-23 22:00:00;34,60
2018-10-23 22:15:00;36,44
2018-10-23 22:30:00;35,16
2018-10-23 22:45:00;36,12
2018-10-23 23:00:00;35,00
2018-10-23 23:15:00;37,44
2018-10-23 23:30:00;35,36
2018-10-23 23:45:00;34,68
2018-10-24 00:00:00;34,12
2018-10-24 00:15:00;32,64
2018-10-24 00:30:00;32,36
2018-10-24 00:45:00;33,92
2018-10-24 01:00:00;32,00
2018-10-24 01:15:00;33,16
2018-10-24 01:30:00;32,04
2018-10-24 01:45:00;33,64
2018-10-24 02:00:00;32,20
2018-10-24 02:15:00;32,12
2018-10-24 02:30:00;32,36
2018-10-24 02:45:00;32,80
2018-10-24 03:00:00;31,28
2018-10-24 03:15:00;33,72
2018-10-24 03:30:00;32,04
2018-10-24 03:45:00;32,56
2018-10-24 04:00:00;32,64
2018-10-24 04:15:00;32,96
2018-10-24 04:30:00;33,12
2018-10-24 04:45:00;31,44
2018-10-24 05:00:00;32,64
2018-10-24 05:15:00;31,56
2018-10-24 05:30:00;30,12
2018-10-24 05:45:00;36,16
2018-10-24 06:00:00;45,16
2018-10-24 06:15:00;87,84
2018-10-24 06:30:00;106,20
2018-10-24 06:45:00;117,84
2018-10-24 07:00:00;107,36
2018-10-24 07:15:00;118,24
2018-10-24 07:30:00;126,48
2018-10-24 07:45:00;133,76
2018-10-24 08:00:00;129,56
2018-10-24 08:15:00;104,24
2018-10-24 08:30:00;122,72
2018-10-24 08:45:00;140,40
2018-10-24 09:00:00;130,60
2018-10-24 09:15:00;123,52
2018-10-24 09:30:00;125,04
2018-10-24 09:45:00;122,52
2018-10-24 10:00:00;133,12
2018-10-24 10:15:00;152,48
2018-10-24 10:30:00;153,92
2018-10-24 10:45:00;157,20
2018-10-24 11:00:00;153,36
2018-10-24 11:15:00;128,88
2018-10-24 11:30:00;115,92
2018-10-24 11:45:00;137,88
2018-10-24 12:00:00;151,44
2018-10-24 12:15:00;147,60
2018-10-24 12:30:00;148,16
2018-10-24 12:45:00;145,84
2018-10-24 13:00:00;154,48
2018-10-24 13:15:00;162,84
2018-10-24 13:30:00;145,80
2018-10-24 13:45:00;150,08
2018-10-24 14:00:00;150,44
2018-10-24 14:15:00;152,72
2018-10-24 14:30:00;157,52
2018-10-24 14:45:00;144,28
2018-10-24 15:00:00;150,88
2018-10-24 15:15:00;153,32
2018-10-24 15:30:00;138,60
2018-10-24 15:45:00;99,92
2018-10-24 16:00:00;91,16
2018-10-24 16:15:00;73,92
2018-10-24 16:30:00;69,24
2018-10-24 16:45:00;59,04
2018-10-24 17:00:00;52,76
2018-10-24 17:15:00;51,20
2018-10-24 17:30:00;43,40
2018-10-24 17:45:00;40,96
2018-10-24 18:00:00;38,84
2018-10-24 18:15:00;39,60
2018-10-24 18:30:00;40,32
2018-10-24 18:45:00;36,16
2018-10-24 19:00:00;40,36
2018-10-24 19:15:00;31,20
2018-10-24 19:30:00;33,04
2018-10-24 19:45:00;30,76
2018-10-24 20:00:00;32,60
2018-10-24 20:15:00;31,60
2018-10-24 20:30:00;32,36
2018-10-24 20:45:00;31,48
2018-10-24 21:00:00;31,48
2018-10-24 21:15:00;30,36
2018-10-24 21:30:00;31,20
2018-10-24 21:45:00;29,84
2018-10-24 22:00:00;29,56
2018-10-24 22:15:00;32,48
2018-10-24 22:30:00;29,68
2018-10-24 22:45:00;30,08
2018-10-24 23:00:00;30,68
2018-10-24 23:15:00;30,28
2018-10-24 23:30:00;31,68
2018-10-24 23:45:00;30,16
2018-10-25 00:00:00;29,68
2018-10-25 00:15:00;29,96
2018-10-25 00:30:00;29,24
2018-10-25 00:45:00;28,80
2018-10-25 01:00:00;27,68
2018-10-25 01:15:00;28,84
2018-10-25 01:30:00;27,64
2018-10-25 01:45:00;27,88
2018-10-25 02:00:00;28,28
2018-10-25 02:15:00;28,28
2018-10-25 02:30:00;27,72
2018-10-25 02:45:00;27,80
2018-10-25 03:00:00;29,00
2018-10-25 03:15:00;27,76
2018-10-25 03:30:00;28,32
2018-10-25 03:45:00;27,56
2018-10-25 04:00:00;28,76
2018-10-25 04:15:00;27,36
2018-10-25 04:30:00;27,80
2018-10-25 04:45:00;27,60
2018-10-25 05:00:00;28,36
2018-10-25 05:15:00;28,92
2018-10-25 05:30:00;30,88
2018-10-25 05:45:00;35,64
2018-10-25 06:00:00;52,40
2018-10-25 06:15:00;93,24
2018-10-25 06:30:00;111,24
2018-10-25 06:45:00;115,60
2018-10-25 07:00:00;117,48
2018-10-25 07:15:00;120,72
2018-10-25 07:30:00;135,72
2018-10-25 07:45:00;132,84
2018-10-25 08:00:00;125,12
2018-10-25 08:15:00;101,32
2018-10-25 08:30:00;107,24
2018-10-25 08:45:00;117,44
2018-10-25 09:00:00;143,04
2018-10-25 09:15:00;141,92
2018-10-25 09:30:00;118,92
2018-10-25 09:45:00;122,00
2018-10-25 10:00:00;124,28
2018-10-25 10:15:00;151,96
2018-10-25 10:30:00;156,24
2018-10-25 10:45:00;152,52
2018-10-25 11:00:00;140,48
2018-10-25 11:15:00;119,80
2018-10-25 11:30:00;111,84
2018-10-25 11:45:00;131,32
2018-10-25 12:00:00;151,24
2018-10-25 12:15:00;157,88
2018-10-25 12:30:00;154,20
2018-10-25 12:45:00;147,48
2018-10-25 13:00:00;152,16
2018-10-25 13:15:00;156,76
2018-10-25 13:30:00;156,40
2018-10-25 13:45:00;160,92
2018-10-25 14:00:00;167,00
2018-10-25 14:15:00;168,16
2018-10-25 14:30:00;157,92
2018-10-25 14:45:00;138,28
2018-10-25 15:00:00;129,68
2018-10-25 15:15:00;132,72
2018-10-25 15:30:00;136,80
2018-10-25 15:45:00;84,68
2018-10-25 16:00:00;82,12
2018-10-25 16:15:00;82,40
2018-10-25 16:30:00;79,68
2018-10-25 16:45:00;68,20
2018-10-25 17:00:00;59,60
2018-10-25 17:15:00;61,08
2018-10-25 17:30:00;55,56
2018-10-25 17:45:00;54,16
2018-10-25 18:00:00;50,00
2018-10-25 18:15:00;52,84
2018-10-25 18:30:00;56,32
2018-10-25 18:45:00;50,64
2018-10-25 19:00:00;49,04
2018-10-25 19:15:00;46,92
2018-10-25 19:30:00;45,56
2018-10-25 19:45:00;39,08
2018-10-25 20:00:00;36,12
2018-10-25 20:15:00;33,72
2018-10-25 20:30:00;35,20
2018-10-25 20:45:00;33,64
2018-10-25 21:00:00;33,36
2018-10-25 21:15:00;34,56
2018-10-25 21:30:00;33,40
2018-10-25 21:45:00;33,56
2018-10-25 22:00:00;34,60
2018-10-25 22:15:00;33,20
2018-10-25 22:30:00;35,08
2018-10-25 22:45:00;32,88
2018-10-25 23:00:00;34,00
2018-10-25 23:15:00;34,44
2018-10-25 23:30:00;33,32
2018-10-25 23:45:00;30,32
2018-10-26 00:00:00;33,00
2018-10-26 00:15:00;28,60
2018-10-26 00:30:00;28,76
2018-10-26 00:45:00;31,28
2018-10-26 01:00:00;27,36
2018-10-26 01:15:00;28,04
2018-10-26 01:30:00;28,60
2018-10-26 01:45:00;27,16
2018-10-26 02:00:00;28,08
2018-10-26 02:15:00;28,16
2018-10-26 02:30:00;27,68
2018-10-26 02:45:00;26,60
2018-10-26 03:00:00;27,72
2018-10-26 03:15:00;27,52
2018-10-26 03:30:00;27,56
2018-10-26 03:45:00;28,72
2018-10-26 04:00:00;28,16
2018-10-26 04:15:00;27,96
2018-10-26 04:30:00;27,04
2018-10-26 04:45:00;28,76
2018-10-26 05:00:00;27,32
2018-10-26 05:15:00;29,84
2018-10-26 05:30:00;30,88
2018-10-26 05:45:00;45,80
2018-10-26 06:00:00;58,92
2018-10-26 06:15:00;109,04
2018-10-26 06:30:00;121,60
2018-10-26 06:45:00;119,64
2018-10-26 07:00:00;126,92
2018-10-26 07:15:00;118,92
2018-10-26 07:30:00;113,32
2018-10-26 07:45:00;114,56
2018-10-26 08:00:00;114,48
2018-10-26 08:15:00;101,84
2018-10-26 08:30:00;114,64
2018-10-26 08:45:00;115,08
2018-10-26 09:00:00;109,04
2018-10-26 09:15:00;110,68
2018-10-26 09:30:00;114,96
2018-10-26 09:45:00;111,24
2018-10-26 10:00:00;105,44
2018-10-26 10:15:00;108,28
2018-10-26 10:30:00;110,04
2018-10-26 10:45:00;115,56
2018-10-26 11:00:00;105,36
2018-10-26 11:15:00;90,36
2018-10-26 11:30:00;72,08
2018-10-26 11:45:00;76,88
2018-10-26 12:00:00;90,12
2018-10-26 12:15:00;104,88
2018-10-26 12:30:00;116,80
2018-10-26 12:45:00;111,20
2018-10-26 13:00:00;113,68
2018-10-26 13:15:00;110,92
2018-10-26 13:30:00;113,12
2018-10-26 13:45:00;92,80
2018-10-26 14:00:00;78,84
2018-10-26 14:15:00;69,96
2018-10-26 14:30:00;67,24
2018-10-26 14:45:00;73,60
2018-10-26 15:00:00;63,20
2018-10-26 15:15:00;69,44
2018-10-26 15:30:00;65,00
2018-10-26 15:45:00;62,40
2018-10-26 16:00:00;61,84
2018-10-26 16:15:00;58,36
2018-10-26 16:30:00;61,92
2018-10-26 16:45:00;58,64
2018-10-26 17:00:00;57,00
2018-10-26 17:15:00;62,20
2018-10-26 17:30:00;61,24
2018-10-26 17:45:00;57,80
2018-10-26 18:00:00;59,96
2018-10-26 18:15:00;51,76
2018-10-26 18:30:00;48,44
2018-10-26 18:45:00;50,44
2018-10-26 19:00:00;47,84
2018-10-26 19:15:00;42,04
2018-10-26 19:30:00;39,36
2018-10-26 19:45:00;41,24
2018-10-26 20:00:00;38,96
2018-10-26 20:15:00;38,64
2018-10-26 20:30:00;40,36
2018-10-26 20:45:00;39,84
2018-10-26 21:00:00;38,92
2018-10-26 21:15:00;41,32
2018-10-26 21:30:00;39,24
2018-10-26 21:45:00;39,16
2018-10-26 22:00:00;38,96
2018-10-26 22:15:00;30,44
2018-10-26 22:30:00;28,44
2018-10-26 22:45:00;29,96
2018-10-26 23:00:00;27,88
2018-10-26 23:15:00;24,12
2018-10-26 23:30:00;26,16
2018-10-26 23:45:00;23,20
2018-10-27 00:00:00;23,88
2018-10-27 00:15:00;22,92
2018-10-27 00:30:00;23,96
2018-10-27 00:45:00;21,76
2018-10-27 01:00:00;22,36
2018-10-27 01:15:00;21,44
2018-10-27 01:30:00;22,56
2018-10-27 01:45:00;21,72
2018-10-27 02:00:00;22,28
2018-10-27 02:15:00;21,52
2018-10-27 02:30:00;22,48
2018-10-27 02:45:00;21,72
2018-10-27 03:00:00;22,24
2018-10-27 03:15:00;21,00
2018-10-27 03:30:00;22,72
2018-10-27 03:45:00;21,72
2018-10-27 04:00:00;22,52
2018-10-27 04:15:00;21,52
2018-10-27 04:30:00;22,52
2018-10-27 04:45:00;21,48
2018-10-27 05:00:00;22,40
2018-10-27 05:15:00;21,12
2018-10-27 05:30:00;22,44
2018-10-27 05:45:00;24,52
2018-10-27 06:00:00;27,80
2018-10-27 06:15:00;33,52
2018-10-27 06:30:00;35,96
2018-10-27 06:45:00;36,36
2018-10-27 07:00:00;36,76
2018-10-27 07:15:00;41,28
2018-10-27 07:30:00;42,04
2018-10-27 07:45:00;43,16
2018-10-27 08:00:00;44,56
2018-10-27 08:15:00;42,64
2018-10-27 08:30:00;41,28
2018-10-27 08:45:00;44,12
2018-10-27 09:00:00;43,28
2018-10-27 09:15:00;41,04
2018-10-27 09:30:00;43,36
2018-10-27 09:45:00;48,04
2018-10-27 10:00:00;47,80
2018-10-27 10:15:00;46,84
2018-10-27 10:30:00;47,24
2018-10-27 10:45:00;48,04
2018-10-27 11:00:00;47,60
2018-10-27 11:15:00;49,56
2018-10-27 11:30:00;49,60
2018-10-27 11:45:00;50,24
2018-10-27 12:00:00;50,28
2018-10-27 12:15:00;51,64
2018-10-27 12:30:00;55,84
2018-10-27 12:45:00;53,72
2018-10-27 13:00:00;48,00
2018-10-27 13:15:00;45,56
2018-10-27 13:30:00;49,32
2018-10-27 13:45:00;47,28
2018-10-27 14:00:00;42,08
2018-10-27 14:15:00;44,52
2018-10-27 14:30:00;40,64
2018-10-27 14:45:00;39,80
2018-10-27 15:00:00;35,80
2018-10-27 15:15:00;32,84
2018-10-27 15:30:00;33,56
2018-10-27 15:45:00;31,00
2018-10-27 16:00:00;31,48
2018-10-27 16:15:00;33,48
2018-10-27 16:30:00;32,52
2018-10-27 16:45:00;34,92
2018-10-27 17:00:00;40,48
2018-10-27 17:15:00;40,80
2018-10-27 17:30:00;36,32
2018-10-27 17:45:00;29,40
2018-10-27 18:00:00;32,88
2018-10-27 18:15:00;32,68
2018-10-27 18:30:00;30,12
2018-10-27 18:45:00;31,04
2018-10-27 19:00:00;33,12
2018-10-27 19:15:00;30,96
2018-10-27 19:30:00;30,96
2018-10-27 19:45:00;30,68
2018-10-27 20:00:00;33,68
2018-10-27 20:15:00;25,76
2018-10-27 20:30:00;23,84
2018-10-27 20:45:00;24,64
2018-10-27 21:00:00;25,24
2018-10-27 21:15:00;20,68
2018-10-27 21:30:00;21,52
2018-10-27 21:45:00;22,12
2018-10-27 22:00:00;23,08
2018-10-27 22:15:00;21,08
2018-10-27 22:30:00;21,08
2018-10-27 22:45:00;23,64
2018-10-27 23:00:00;21,04
2018-10-27 23:15:00;21,04
2018-10-27 23:30:00;22,80
2018-10-27 23:45:00;23,16
2018-10-28 00:00:00;20,28
2018-10-28 00:15:00;21,60
2018-10-28 00:30:00;22,44
2018-10-28 00:45:00;22,36
2018-10-28 01:00:00;20,56
2018-10-28 01:15:00;21,76
2018-10-28 01:30:00;22,88
2018-10-28 01:45:00;22,56
2018-10-28 02:00:00;20,24
2018-10-28 02:15:00;22,36
2018-10-28 02:30:00;21,72
2018-10-28 02:45:00;21,84
2018-10-28 03:00:00;21,00
2018-10-28 03:15:00;21,84
2018-10-28 03:30:00;22,52
2018-10-28 03:45:00;21,56
2018-10-28 04:00:00;20,04
2018-10-28 04:15:00;24,24
2018-10-28 04:30:00;21,52
2018-10-28 04:45:00;21,16
2018-10-28 05:00:00;21,60
2018-10-28 05:15:00;23,12
2018-10-28 05:30:00;21,92
2018-10-28 05:45:00;19,36
2018-10-28 06:00:00;22,52
2018-10-28 06:15:00;23,84
2018-10-28 06:30:00;23,76
2018-10-28 06:45:00;28,44
2018-10-28 07:00:00;29,24
2018-10-28 07:15:00;29,20
2018-10-28 07:30:00;30,96
2018-10-28 07:45:00;28,56
2018-10-28 08:00:00;27,04
2018-10-28 08:15:00;29,84
2018-10-28 08:30:00;28,04
2018-10-28 08:45:00;28,60
2018-10-28 09:00:00;23,64
2018-10-28 09:15:00;21,28
2018-10-28 09:30:00;20,44
2018-10-28 09:45:00;19,76
2018-10-28 10:00:00;18,40
2018-10-28 10:15:00;17,72
2018-10-28 10:30:00;18,64
2018-10-28 10:45:00;32,00
2018-10-28 11:00:00;38,88
2018-10-28 11:15:00;40,04
2018-10-28 11:30:00;42,72
2018-10-28 11:45:00;43,72
2018-10-28 12:00:00;41,84
2018-10-28 12:15:00;40,40
2018-10-28 12:30:00;33,68
2018-10-28 12:45:00;32,56
2018-10-28 13:00:00;51,48
2018-10-28 13:15:00;53,44
2018-10-28 13:30:00;42,40
2018-10-28 13:45:00;38,72
2018-10-28 14:00:00;34,16
2018-10-28 14:15:00;32,96
2018-10-28 14:30:00;32,72
2018-10-28 14:45:00;33,48
2018-10-28 15:00:00;32,12
2018-10-28 15:15:00;34,36
2018-10-28 15:30:00;32,80
2018-10-28 15:45:00;33,88
2018-10-28 16:00:00;36,84
2018-10-28 16:15:00;33,92
2018-10-28 16:30:00;35,32
2018-10-28 16:45:00;38,00
2018-10-28 17:00:00;38,84
2018-10-28 17:15:00;42,04
2018-10-28 17:30:00;44,96
2018-10-28 17:45:00;37,72
2018-10-28 18:00:00;33,72
2018-10-28 18:15:00;34,64
2018-10-28 18:30:00;29,40
2018-10-28 18:45:00;27,76
2018-10-28 19:00:00;26,64
2018-10-28 19:15:00;25,64
2018-10-28 19:30:00;24,64
2018-10-28 19:45:00;24,24
2018-10-28 20:00:00;23,56
2018-10-28 20:15:00;24,00
2018-10-28 20:30:00;23,64
2018-10-28 20:45:00;23,16
2018-10-28 21:00:00;24,68
2018-10-28 21:15:00;24,36
2018-10-28 21:30:00;22,96
2018-10-28 21:45:00;23,92
2018-10-28 22:00:00;24,32
2018-10-28 22:15:00;23,16
2018-10-28 22:30:00;24,04
2018-10-28 22:45:00;24,16
2018-10-28 23:00:00;23,44
2018-10-28 23:15:00;24,80
2018-10-28 23:30:00;23,48
2018-10-28 23:45:00;22,76
2018-10-29 00:00:00;24,00
2018-10-29 00:15:00;23,88
2018-10-29 00:30:00;23,72
2018-10-29 00:45:00;24,52
2018-10-29 01:00:00;23,24
2018-10-29 01:15:00;23,56
2018-10-29 01:30:00;24,08
2018-10-29 01:45:00;23,32
2018-10-29 02:00:00;23,84
2018-10-29 02:15:00;23,68
2018-10-29 02:30:00;24,24
2018-10-29 02:45:00;24,24
2018-10-29 03:00:00;23,48
2018-10-29 03:15:00;23,40
2018-10-29 03:30:00;24,20
2018-10-29 03:45:00;23,12
2018-10-29 04:00:00;24,16
2018-10-29 04:15:00;25,20
2018-10-29 04:30:00;22,56
2018-10-29 04:45:00;23,92
2018-10-29 05:00:00;23,92
2018-10-29 05:15:00;22,64
2018-10-29 05:30:00;24,28
2018-10-29 05:45:00;24,12
2018-10-29 06:00:00;23,60
2018-10-29 06:15:00;24,52
2018-10-29 06:30:00;26,16
2018-10-29 06:45:00;25,72
2018-10-29 07:00:00;33,92
2018-10-29 07:15:00;66,64
2018-10-29 07:30:00;84,44
2018-10-29 07:45:00;96,20
2018-10-29 08:00:00;87,12
2018-10-29 08:15:00;98,44
2018-10-29 08:30:00;106,52
2018-10-29 08:45:00;102,24
2018-10-29 09:00:00;128,00
2018-10-29 09:15:00;117,04
2018-10-29 09:30:00;125,28
2018-10-29 09:45:00;132,36
2018-10-29 10:00:00;131,84
2018-10-29 10:15:00;141,60
2018-10-29 10:30:00;138,88
2018-10-29 10:45:00;134,32
2018-10-29 11:00:00;128,00
2018-10-29 11:15:00;129,88
2018-10-29 11:30:00;129,36
2018-10-29 11:45:00;130,64
2018-10-29 12:00:00;143,48
2018-10-29 12:15:00;120,36
2018-10-29 12:30:00;101,04
2018-10-29 12:45:00;117,04
2018-10-29 13:00:00;134,92
2018-10-29 13:15:00;136,12
2018-10-29 13:30:00;137,56
2018-10-29 13:45:00;138,64
2018-10-29 14:00:00;141,92
2018-10-29 14:15:00;144,96
2018-10-29 14:30:00;139,68
2018-10-29 14:45:00;142,60
2018-10-29 15:00:00;128,84
2018-10-29 15:15:00;113,84
2018-10-29 15:30:00;111,36
2018-10-29 15:45:00;129,88
2018-10-29 16:00:00;128,76
2018-10-29 16:15:00;122,44
2018-10-29 16:30:00;130,80
2018-10-29 16:45:00;107,44
2018-10-29 17:00:00;84,68
2018-10-29 17:15:00;75,36
2018-10-29 17:30:00;62,20
2018-10-29 17:45:00;53,72
2018-10-29 18:00:00;53,28
2018-10-29 18:15:00;50,40
2018-10-29 18:30:00;49,68
2018-10-29 18:45:00;45,36
2018-10-29 19:00:00;40,68
2018-10-29 19:15:00;46,40
2018-10-29 19:30:00;47,32
2018-10-29 19:45:00;45,20
2018-10-29 20:00:00;49,60
2018-10-29 20:15:00;47,92
2018-10-29 20:30:00;47,72
2018-10-29 20:45:00;50,40
2018-10-29 21:00:00;50,84
2018-10-29 21:15:00;49,04
2018-10-29 21:30:00;48,84
2018-10-29 21:45:00;52,80
2018-10-29 22:00:00;50,16
2018-10-29 22:15:00;48,48
2018-10-29 22:30:00;49,92
2018-10-29 22:45:00;48,96
2018-10-29 23:00:00;49,88
2018-10-29 23:15:00;47,00
2018-10-29 23:30:00;46,44
2018-10-29 23:45:00;48,28
2018-10-30 00:00:00;48,40
2018-10-30 00:15:00;47,56
2018-10-30 00:30:00;47,60
2018-10-30 00:45:00;47,12
2018-10-30 01:00:00;47,44
2018-10-30 01:15:00;48,56
2018-10-30 01:30:00;48,08
2018-10-30 01:45:00;46,24
2018-10-30 02:00:00;48,80
2018-10-30 02:15:00;47,80
2018-10-30 02:30:00;45,84
2018-10-30 02:45:00;40,72
2018-10-30 03:00:00;39,64
2018-10-30 03:15:00;40,24
2018-10-30 03:30:00;42,36
2018-10-30 03:45:00;37,28
2018-10-30 04:00:00;34,84
2018-10-30 04:15:00;36,72
2018-10-30 04:30:00;36,56
2018-10-30 04:45:00;32,60
2018-10-30 05:00:00;32,72
2018-10-30 05:15:00;32,68
2018-10-30 05:30:00;33,80
2018-10-30 05:45:00;33,20
2018-10-30 06:00:00;31,80
2018-10-30 06:15:00;33,96
2018-10-30 06:30:00;33,40
2018-10-30 06:45:00;35,00
2018-10-30 07:00:00;45,24
2018-10-30 07:15:00;81,64
2018-10-30 07:30:00;110,24
2018-10-30 07:45:00;112,00
2018-10-30 08:00:00;103,56
2018-10-30 08:15:00;108,24
2018-10-30 08:30:00;112,80
2018-10-30 08:45:00;117,28
2018-10-30 09:00:00;114,68
2018-10-30 09:15:00;98,52
2018-10-30 09:30:00;104,88
2018-10-30 09:45:00;105,44
2018-10-30 10:00:00;113,36
2018-10-30 10:15:00;117,00
2018-10-30 10:30:00;120,28
2018-10-30 10:45:00;115,32
2018-10-30 11:00:00;114,16
2018-10-30 11:15:00;106,76
2018-10-30 11:30:00;103,60
2018-10-30 11:45:00;99,60
2018-10-30 12:00:00;114,24
2018-10-30 12:15:00;97,32
2018-10-30 12:30:00;95,36
2018-10-30 12:45:00;106,24
2018-10-30 13:00:00;114,84
2018-10-30 13:15:00;111,72
2018-10-30 13:30:00;114,00
2018-10-30 13:45:00;110,72
2018-10-30 14:00:00;111,28
2018-10-30 14:15:00;123,96
2018-10-30 14:30:00;118,64
2018-10-30 14:45:00;106,56
2018-10-30 15:00:00;102,52
2018-10-30 15:15:00;97,08
2018-10-30 15:30:00;106,52
2018-10-30 15:45:00;103,08
2018-10-30 16:00:00;113,60
2018-10-30 16:15:00;102,04
2018-10-30 16:30:00;93,76
2018-10-30 16:45:00;86,88
2018-10-30 17:00:00;77,68
2018-10-30 17:15:00;64,60
2018-10-30 17:30:00;66,16
2018-10-30 17:45:00;64,12
2018-10-30 18:00:00;61,84
2018-10-30 18:15:00;55,16
2018-10-30 18:30:00;52,88
2018-10-30 18:45:00;55,56
2018-10-30 19:00:00;56,92
2018-10-30 19:15:00;52,44
2018-10-30 19:30:00;51,80
2018-10-30 19:45:00;48,76
2018-10-30 20:00:00;47,84
2018-10-30 20:15:00;49,04
2018-10-30 20:30:00;50,84
2018-10-30 20:45:00;51,08
2018-10-30 21:00:00;50,24
2018-10-30 21:15:00;53,36
2018-10-30 21:30:00;54,28
2018-10-30 21:45:00;54,48
2018-10-30 22:00:00;52,40
2018-10-30 22:15:00;50,60
2018-10-30 22:30:00;48,08
2018-10-30 22:45:00;45,08
2018-10-30 23:00:00;43,72
2018-10-30 23:15:00;43,68
2018-10-30 23:30:00;45,40
2018-10-30 23:45:00;43,24
2018-10-31 00:00:00;43,24
2018-10-31 00:15:00;43,52
2018-10-31 00:30:00;43,08
2018-10-31 00:45:00;41,24
2018-10-31 01:00:00;41,76
2018-10-31 01:15:00;41,72
2018-10-31 01:30:00;39,72
2018-10-31 01:45:00;39,40
2018-10-31 02:00:00;38,88
2018-10-31 02:15:00;39,28
2018-10-31 02:30:00;38,84
2018-10-31 02:45:00;38,92
2018-10-31 03:00:00;37,84
2018-10-31 03:15:00;38,44
2018-10-31 03:30:00;36,60
2018-10-31 03:45:00;38,04
2018-10-31 04:00:00;37,68
2018-10-31 04:15:00;38,04
2018-10-31 04:30:00;38,28
2018-10-31 04:45:00;38,48
2018-10-31 05:00:00;38,12
2018-10-31 05:15:00;38,60
2018-10-31 05:30:00;32,08
2018-10-31 05:45:00;31,44
2018-10-31 06:00:00;32,52
2018-10-31 06:15:00;34,88
2018-10-31 06:30:00;38,20
2018-10-31 06:45:00;41,96
2018-10-31 07:00:00;51,16
2018-10-31 07:15:00;81,24
2018-10-31 07:30:00;94,08
2018-10-31 07:45:00;110,84
2018-10-31 08:00:00;106,40
2018-10-31 08:15:00;123,24
2018-10-31 08:30:00;139,48
2018-10-31 08:45:00;135,52
2018-10-31 09:00:00;128,92
2018-10-31 09:15:00;100,44
2018-10-31 09:30:00;112,20
2018-10-31 09:45:00;125,00
2018-10-31 10:00:00;112,12
2018-10-31 10:15:00;102,08
2018-10-31 10:30:00;107,68
2018-10-31 10:45:00;116,76
2018-10-31 11:00:00;118,56
2018-10-31 11:15:00;117,96
2018-10-31 11:30:00;123,12
2018-10-31 11:45:00;112,88
2018-10-31 12:00:00;107,72
2018-10-31 12:15:00;91,20
2018-10-31 12:30:00;85,28
2018-10-31 12:45:00;96,60
2018-10-31 13:00:00;96,00
2018-10-31 13:15:00;103,64
2018-10-31 13:30:00;107,04
2018-10-31 13:45:00;101,28
2018-10-31 14:00:00;94,92
2018-10-31 14:15:00;112,24
2018-10-31 14:30:00;107,88
2018-10-31 14:45:00;123,96
2018-10-31 15:00:00;120,76
2018-10-31 15:15:00;116,60
2018-10-31 15:30:00;117,76
2018-10-31 15:45:00;108,60
2018-10-31 16:00:00;117,28
2018-10-31 16:15:00;98,76
2018-10-31 16:30:00;83,08
2018-10-31 16:45:00;66,08
2018-10-31 17:00:00;66,92
2018-10-31 17:15:00;53,96
2018-10-31 17:30:00;52,08
2018-10-31 17:45:00;43,76
2018-10-31 18:00:00;38,28
2018-10-31 18:15:00;35,64
2018-10-31 18:30:00;31,24
2018-10-31 18:45:00;33,64
2018-10-31 19:00:00;33,92
2018-10-31 19:15:00;30,80
2018-10-31 19:30:00;33,16
2018-10-31 19:45:00;32,44
2018-10-31 20:00:00;31,52
2018-10-31 20:15:00;32,36
2018-10-31 20:30:00;30,52
2018-10-31 20:45:00;30,48
2018-10-31 21:00:00;32,72
2018-10-31 21:15:00;32,00
2018-10-31 21:30:00;29,64
2018-10-31 21:45:00;31,56
2018-10-31 22:00:00;31,88
2018-10-31 22:15:00;30,80
2018-10-31 22:30:00;32,64
2018-10-31 22:45:00;32,12
2018-10-31 23:00:00;29,48
2018-10-31 23:15:00;31,96
2018-10-31 23:30:00;31,60
2018-10-31 23:45:00;31,52
2018-11-01 00:00:00;30,76
2018-11-01 00:15:00;32,32
2018-11-01 00:30:00;28,72
2018-11-01 00:45:00;30,60
2018-11-01 01:00:00;30,80
2018-11-01 01:15:00;28,88
2018-11-01 01:30:00;28,76
2018-11-01 01:45:00;28,76
2018-11-01 02:00:00;28,04
2018-11-01 02:15:00;27,80
2018-11-01 02:30:00;28,76
2018-11-01 02:45:00;27,16
2018-11-01 03:00:00;28,32
2018-11-01 03:15:00;29,60
2018-11-01 03:30:00;26,28
2018-11-01 03:45:00;28,08
2018-11-01 04:00:00;29,08
2018-11-01 04:15:00;27,08
2018-11-01 04:30:00;30,32
2018-11-01 04:45:00;30,16
2018-11-01 05:00:00;27,80
2018-11-01 05:15:00;29,08
2018-11-01 05:30:00;30,44
2018-11-01 05:45:00;27,64
2018-11-01 06:00:00;29,20
2018-11-01 06:15:00;30,72
2018-11-01 06:30:00;30,60
2018-11-01 06:45:00;31,60
2018-11-01 07:00:00;32,52
2018-11-01 07:15:00;29,84
2018-11-01 07:30:00;30,80
2018-11-01 07:45:00;31,88
2018-11-01 08:00:00;30,00
2018-11-01 08:15:00;32,16
2018-11-01 08:30:00;29,84
2018-11-01 08:45:00;30,28
2018-11-01 09:00:00;27,32
2018-11-01 09:15:00;29,44
2018-11-01 09:30:00;28,76
2018-11-01 09:45:00;26,28
2018-11-01 10:00:00;25,36
2018-11-01 10:15:00;25,80
2018-11-01 10:30:00;26,76
2018-11-01 10:45:00;25,88
2018-11-01 11:00:00;24,48
2018-11-01 11:15:00;24,00
2018-11-01 11:30:00;25,68
2018-11-01 11:45:00;24,12
2018-11-01 12:00:00;24,36
2018-11-01 12:15:00;24,56
2018-11-01 12:30:00;25,00
2018-11-01 12:45:00;24,80
2018-11-01 13:00:00;24,60
2018-11-01 13:15:00;24,56
2018-11-01 13:30:00;23,72
2018-11-01 13:45:00;25,36
2018-11-01 14:00:00;23,48
2018-11-01 14:15:00;24,68
2018-11-01 14:30:00;23,88
2018-11-01 14:45:00;24,48
2018-11-01 15:00:00;25,36
2018-11-01 15:15:00;24,04
2018-11-01 15:30:00;24,52
2018-11-01 15:45:00;24,28
2018-11-01 16:00:00;24,88
2018-11-01 16:15:00;23,84
2018-11-01 16:30:00;24,60
2018-11-01 16:45:00;23,64
2018-11-01 17:00:00;24,56
2018-11-01 17:15:00;24,88
2018-11-01 17:30:00;25,60
2018-11-01 17:45:00;25,20
2018-11-01 18:00:00;24,80
2018-11-01 18:15:00;25,96
2018-11-01 18:30:00;23,60
2018-11-01 18:45:00;24,16
2018-11-01 19:00:00;23,72
2018-11-01 19:15:00;23,28
2018-11-01 19:30:00;24,72
2018-11-01 19:45:00;25,44
2018-11-01 20:00:00;25,08
2018-11-01 20:15:00;23,08
2018-11-01 20:30:00;22,68
2018-11-01 20:45:00;22,28
2018-11-01 21:00:00;22,40
2018-11-01 21:15:00;27,16
2018-11-01 21:30:00;28,24
2018-11-01 21:45:00;27,08
2018-11-01 22:00:00;27,20
2018-11-01 22:15:00;27,44
2018-11-01 22:30:00;27,24
2018-11-01 22:45:00;28,32
2018-11-01 23:00:00;27,28
2018-11-01 23:15:00;27,12
2018-11-01 23:30:00;27,16
2018-11-01 23:45:00;27,28
2018-11-02 00:00:00;27,48
2018-11-02 00:15:00;27,60
2018-11-02 00:30:00;26,64
2018-11-02 00:45:00;25,36
2018-11-02 01:00:00;25,12
2018-11-02 01:15:00;25,40
2018-11-02 01:30:00;26,20
2018-11-02 01:45:00;25,04
2018-11-02 02:00:00;23,72
2018-11-02 02:15:00;23,44
2018-11-02 02:30:00;24,24
2018-11-02 02:45:00;24,36
2018-11-02 03:00:00;23,60
2018-11-02 03:15:00;24,56
2018-11-02 03:30:00;24,36
2018-11-02 03:45:00;24,32
2018-11-02 04:00:00;23,96
2018-11-02 04:15:00;23,92
2018-11-02 04:30:00;24,16
2018-11-02 04:45:00;24,40
2018-11-02 05:00:00;24,68
2018-11-02 05:15:00;23,56
2018-11-02 05:30:00;23,80
2018-11-02 05:45:00;24,08
2018-11-02 06:00:00;24,04
2018-11-02 06:15:00;24,32
2018-11-02 06:30:00;26,48
2018-11-02 06:45:00;30,92
2018-11-02 07:00:00;37,64
2018-11-02 07:15:00;69,48
2018-11-02 07:30:00;84,80
2018-11-02 07:45:00;93,48
2018-11-02 08:00:00;104,32
2018-11-02 08:15:00;113,44
2018-11-02 08:30:00;106,64
2018-11-02 08:45:00;125,80
2018-11-02 09:00:00;133,84
2018-11-02 09:15:00;122,08
2018-11-02 09:30:00;119,72
2018-11-02 09:45:00;127,32
2018-11-02 10:00:00;122,64
2018-11-02 10:15:00;116,12
2018-11-02 10:30:00;113,04
2018-11-02 10:45:00;114,76
2018-11-02 11:00:00;117,72
2018-11-02 11:15:00;117,68
2018-11-02 11:30:00;128,40
2018-11-02 11:45:00;122,04
2018-11-02 12:00:00;131,88
2018-11-02 12:15:00;99,96
2018-11-02 12:30:00;82,16
2018-11-02 12:45:00;81,80
2018-11-02 13:00:00;91,92
2018-11-02 13:15:00;111,68
2018-11-02 13:30:00;112,40
2018-11-02 13:45:00;102,88
2018-11-02 14:00:00;102,20
2018-11-02 14:15:00;99,48
2018-11-02 14:30:00;100,88
2018-11-02 14:45:00;108,40
2018-11-02 15:00:00;101,56
2018-11-02 15:15:00;99,04
2018-11-02 15:30:00;88,00
2018-11-02 15:45:00;82,32
2018-11-02 16:00:00;75,32
2018-11-02 16:15:00;69,60
2018-11-02 16:30:00;72,84
2018-11-02 16:45:00;73,84
2018-11-02 17:00:00;65,60
2018-11-02 17:15:00;68,76
2018-11-02 17:30:00;65,52
2018-11-02 17:45:00;57,00
2018-11-02 18:00:00;54,64
2018-11-02 18:15:00;54,76
2018-11-02 18:30:00;47,68
2018-11-02 18:45:00;44,04
2018-11-02 19:00:00;43,72
2018-11-02 19:15:00;39,48
2018-11-02 19:30:00;42,80
2018-11-02 19:45:00;43,16
2018-11-02 20:00:00;41,60
2018-11-02 20:15:00;43,08
2018-11-02 20:30:00;42,96
2018-11-02 20:45:00;43,16
2018-11-02 21:00:00;40,36
2018-11-02 21:15:00;47,84
2018-11-02 21:30:00;44,20
2018-11-02 21:45:00;44,44
2018-11-02 22:00:00;40,28
2018-11-02 22:15:00;39,52
2018-11-02 22:30:00;42,88
2018-11-02 22:45:00;46,64
2018-11-02 23:00:00;45,76
2018-11-02 23:15:00;43,28
2018-11-02 23:30:00;45,08
2018-11-02 23:45:00;47,16
2018-11-03 00:00:00;43,24
2018-11-03 00:15:00;46,00
2018-11-03 00:30:00;44,12
2018-11-03 00:45:00;43,40
2018-11-03 01:00:00;41,16
2018-11-03 01:15:00;46,08
2018-11-03 01:30:00;42,28
2018-11-03 01:45:00;41,52
2018-11-03 02:00:00;42,20
2018-11-03 02:15:00;42,32
2018-11-03 02:30:00;40,84
2018-11-03 02:45:00;42,20
2018-11-03 03:00:00;42,48
2018-11-03 03:15:00;41,88
2018-11-03 03:30:00;42,76
2018-11-03 03:45:00;41,76
2018-11-03 04:00:00;41,32
2018-11-03 04:15:00;41,60
2018-11-03 04:30:00;42,88
2018-11-03 04:45:00;41,12
2018-11-03 05:00:00;43,60
2018-11-03 05:15:00;41,00
2018-11-03 05:30:00;40,36
2018-11-03 05:45:00;41,56
2018-11-03 06:00:00;43,56
2018-11-03 06:15:00;41,20
2018-11-03 06:30:00;43,92
2018-11-03 06:45:00;42,84
2018-11-03 07:00:00;43,68
2018-11-03 07:15:00;42,96
2018-11-03 07:30:00;45,80
2018-11-03 07:45:00;42,60
2018-11-03 08:00:00;43,80
2018-11-03 08:15:00;44,04
2018-11-03 08:30:00;44,52
2018-11-03 08:45:00;41,60
2018-11-03 09:00:00;42,84
2018-11-03 09:15:00;43,68
2018-11-03 09:30:00;49,72
2018-11-03 09:45:00;58,20
2018-11-03 10:00:00;63,00
2018-11-03 10:15:00;62,00
2018-11-03 10:30:00;59,68
2018-11-03 10:45:00;59,76
2018-11-03 11:00:00;62,92
2018-11-03 11:15:00;57,04
2018-11-03 11:30:00;55,84
2018-11-03 11:45:00;57,60
2018-11-03 12:00:00;55,12
2018-11-03 12:15:00;49,84
2018-11-03 12:30:00;63,60
2018-11-03 12:45:00;66,96
2018-11-03 13:00:00;58,24
2018-11-03 13:15:00;54,88
2018-11-03 13:30:00;53,52
2018-11-03 13:45:00;55,12
2018-11-03 14:00:00;61,08
2018-11-03 14:15:00;55,84
2018-11-03 14:30:00;57,60
2018-11-03 14:45:00;53,76
2018-11-03 15:00:00;50,36
2018-11-03 15:15:00;48,24
2018-11-03 15:30:00;39,48
2018-11-03 15:45:00;39,44
2018-11-03 16:00:00;38,12
2018-11-03 16:15:00;37,80
2018-11-03 16:30:00;37,32
2018-11-03 16:45:00;37,76
2018-11-03 17:00:00;34,76
2018-11-03 17:15:00;38,52
2018-11-03 17:30:00;40,48
2018-11-03 17:45:00;40,08
2018-11-03 18:00:00;42,16
2018-11-03 18:15:00;40,92
2018-11-03 18:30:00;41,64
2018-11-03 18:45:00;40,52
2018-11-03 19:00:00;41,68
2018-11-03 19:15:00;47,40
2018-11-03 19:30:00;45,36
2018-11-03 19:45:00;45,16
2018-11-03 20:00:00;45,76
2018-11-03 20:15:00;43,56
2018-11-03 20:30:00;44,08
2018-11-03 20:45:00;40,76
2018-11-03 21:00:00;44,48
2018-11-03 21:15:00;44,56
2018-11-03 21:30:00;46,40
2018-11-03 21:45:00;45,24
2018-11-03 22:00:00;43,04
2018-11-03 22:15:00;43,68
2018-11-03 22:30:00;42,08
2018-11-03 22:45:00;42,52
2018-11-03 23:00:00;43,24
2018-11-03 23:15:00;41,28
2018-11-03 23:30:00;43,72
2018-11-03 23:45:00;42,60
2018-11-04 00:00:00;42,52
2018-11-04 00:15:00;42,12
2018-11-04 00:30:00;43,40
2018-11-04 00:45:00;40,60
2018-11-04 01:00:00;41,44
2018-11-04 01:15:00;39,40
2018-11-04 01:30:00;38,56
2018-11-04 01:45:00;39,44
2018-11-04 02:00:00;36,04
2018-11-04 02:15:00;36,60
2018-11-04 02:30:00;36,16
2018-11-04 02:45:00;37,00
2018-11-04 03:00:00;34,16
2018-11-04 03:15:00;36,84
2018-11-04 03:30:00;34,40
2018-11-04 03:45:00;35,16
2018-11-04 04:00:00;34,92
2018-11-04 04:15:00;35,04
2018-11-04 04:30:00;35,60
2018-11-04 04:45:00;36,48
2018-11-04 05:00:00;34,08
2018-11-04 05:15:00;35,92
2018-11-04 05:30:00;35,00
2018-11-04 05:45:00;35,80
2018-11-04 06:00:00;35,04
2018-11-04 06:15:00;34,56
2018-11-04 06:30:00;34,88
2018-11-04 06:45:00;34,76
2018-11-04 07:00:00;34,52
2018-11-04 07:15:00;36,32
2018-11-04 07:30:00;33,28
2018-11-04 07:45:00;35,80
2018-11-04 08:00:00;34,08
2018-11-04 08:15:00;34,24
2018-11-04 08:30:00;34,68
2018-11-04 08:45:00;34,04
2018-11-04 09:00:00;33,64
2018-11-04 09:15:00;33,16
2018-11-04 09:30:00;32,04
2018-11-04 09:45:00;32,68
2018-11-04 10:00:00;33,80
2018-11-04 10:15:00;32,44
2018-11-04 10:30:00;33,52
2018-11-04 10:45:00;34,04
2018-11-04 11:00:00;37,20
2018-11-04 11:15:00;35,64
2018-11-04 11:30:00;43,88
2018-11-04 11:45:00;49,80
2018-11-04 12:00:00;45,00
2018-11-04 12:15:00;44,36
2018-11-04 12:30:00;48,92
2018-11-04 12:45:00;43,40
2018-11-04 13:00:00;45,68
2018-11-04 13:15:00;40,76
2018-11-04 13:30:00;39,40
2018-11-04 13:45:00;39,88
2018-11-04 14:00:00;39,08
2018-11-04 14:15:00;39,20
2018-11-04 14:30:00;39,64
2018-11-04 14:45:00;40,40
2018-11-04 15:00:00;37,56
2018-11-04 15:15:00;41,04
2018-11-04 15:30:00;41,60
2018-11-04 15:45:00;43,16
2018-11-04 16:00:00;39,96
2018-11-04 16:15:00;36,44
2018-11-04 16:30:00;32,88
2018-11-04 16:45:00;34,76
2018-11-04 17:00:00;32,84
2018-11-04 17:15:00;33,00
2018-11-04 17:30:00;31,80
2018-11-04 17:45:00;31,44
2018-11-04 18:00:00;32,52
2018-11-04 18:15:00;31,96
2018-11-04 18:30:00;31,92
2018-11-04 18:45:00;32,04
2018-11-04 19:00:00;32,92
2018-11-04 19:15:00;31,72
2018-11-04 19:30:00;32,52
2018-11-04 19:45:00;31,20
2018-11-04 20:00:00;32,04
2018-11-04 20:15:00;31,28
2018-11-04 20:30:00;32,88
2018-11-04 20:45:00;31,84
2018-11-04 21:00:00;32,36
2018-11-04 21:15:00;37,84
2018-11-04 21:30:00;37,84
2018-11-04 21:45:00;38,04
2018-11-04 22:00:00;36,04
2018-11-04 22:15:00;37,64
2018-11-04 22:30:00;37,04
2018-11-04 22:45:00;38,92
2018-11-04 23:00:00;36,04
2018-11-04 23:15:00;37,80
2018-11-04 23:30:00;36,76
2018-11-04 23:45:00;39,40
2018-11-05 00:00:00;35,92
2018-11-05 00:15:00;35,56
2018-11-05 00:30:00;34,40
2018-11-05 00:45:00;36,24
2018-11-05 01:00:00;34,68
2018-11-05 01:15:00;34,48
2018-11-05 01:30:00;34,56
2018-11-05 01:45:00;34,04
2018-11-05 02:00:00;34,56
2018-11-05 02:15:00;34,00
2018-11-05 02:30:00;34,08
2018-11-05 02:45:00;34,28
2018-11-05 03:00:00;35,60
2018-11-05 03:15:00;32,76
2018-11-05 03:30:00;35,52
2018-11-05 03:45:00;32,56
2018-11-05 04:00:00;34,20
2018-11-05 04:15:00;32,60
2018-11-05 04:30:00;33,20
2018-11-05 04:45:00;34,36
2018-11-05 05:00:00;34,60
2018-11-05 05:15:00;34,48
2018-11-05 05:30:00;35,28
2018-11-05 05:45:00;33,52
2018-11-05 06:00:00;36,64
2018-11-05 06:15:00;42,52
2018-11-05 06:30:00;49,32
2018-11-05 06:45:00;53,80
2018-11-05 07:00:00;59,32
2018-11-05 07:15:00;80,44
2018-11-05 07:30:00;110,92
2018-11-05 07:45:00;123,92
2018-11-05 08:00:00;144,04
2018-11-05 08:15:00;156,12
2018-11-05 08:30:00;142,00
2018-11-05 08:45:00;145,40
2018-11-05 09:00:00;148,60
2018-11-05 09:15:00;123,52
2018-11-05 09:30:00;138,80
2018-11-05 09:45:00;151,96
2018-11-05 10:00:00;146,20
2018-11-05 10:15:00;153,56
2018-11-05 10:30:00;154,28
2018-11-05 10:45:00;158,08
2018-11-05 11:00:00;164,56
2018-11-05 11:15:00;155,40
2018-11-05 11:30:00;166,28
2018-11-05 11:45:00;168,92
2018-11-05 12:00:00;163,84
2018-11-05 12:15:00;138,36
2018-11-05 12:30:00;131,92
2018-11-05 12:45:00;145,08
2018-11-05 13:00:00;153,88
2018-11-05 13:15:00;155,12
2018-11-05 13:30:00;169,20
2018-11-05 13:45:00;169,12
2018-11-05 14:00:00;155,88
2018-11-05 14:15:00;154,60
2018-11-05 14:30:00;139,72
2018-11-05 14:45:00;152,80
2018-11-05 15:00:00;150,16
2018-11-05 15:15:00;137,48
2018-11-05 15:30:00;144,72
2018-11-05 15:45:00;146,20
2018-11-05 16:00:00;152,12
2018-11-05 16:15:00;145,52
2018-11-05 16:30:00;121,20
2018-11-05 16:45:00;96,60
2018-11-05 17:00:00;83,96
2018-11-05 17:15:00;80,72
2018-11-05 17:30:00;67,28
2018-11-05 17:45:00;53,72
2018-11-05 18:00:00;51,28
2018-11-05 18:15:00;47,60
2018-11-05 18:30:00;43,36
2018-11-05 18:45:00;40,64
2018-11-05 19:00:00;42,32
2018-11-05 19:15:00;42,00
2018-11-05 19:30:00;41,36
2018-11-05 19:45:00;41,48
2018-11-05 20:00:00;39,60
2018-11-05 20:15:00;43,52
2018-11-05 20:30:00;43,32
2018-11-05 20:45:00;43,64
2018-11-05 21:00:00;40,84
2018-11-05 21:15:00;42,76
2018-11-05 21:30:00;44,76
2018-11-05 21:45:00;44,84
2018-11-05 22:00:00;43,80
2018-11-05 22:15:00;44,32
2018-11-05 22:30:00;43,56
2018-11-05 22:45:00;43,56
2018-11-05 23:00:00;43,64
2018-11-05 23:15:00;44,84
2018-11-05 23:30:00;44,32
2018-11-05 23:45:00;43,88
2018-11-06 00:00:00;45,00
2018-11-06 00:15:00;43,36
2018-11-06 00:30:00;43,00
2018-11-06 00:45:00;43,32
2018-11-06 01:00:00;40,88
2018-11-06 01:15:00;40,44
2018-11-06 01:30:00;39,64
2018-11-06 01:45:00;37,56
2018-11-06 02:00:00;39,12
2018-11-06 02:15:00;37,72
2018-11-06 02:30:00;37,16
2018-11-06 02:45:00;36,00
2018-11-06 03:00:00;35,56
2018-11-06 03:15:00;35,20
2018-11-06 03:30:00;35,04
2018-11-06 03:45:00;34,68
2018-11-06 04:00:00;34,88
2018-11-06 04:15:00;35,28
2018-11-06 04:30:00;35,04
2018-11-06 04:45:00;33,68
2018-11-06 05:00:00;35,80
2018-11-06 05:15:00;33,12
2018-11-06 05:30:00;32,44
2018-11-06 05:45:00;36,24
2018-11-06 06:00:00;39,04
2018-11-06 06:15:00;42,28
2018-11-06 06:30:00;43,44
2018-11-06 06:45:00;49,96
2018-11-06 07:00:00;56,04
2018-11-06 07:15:00;87,92
2018-11-06 07:30:00;105,44
2018-11-06 07:45:00;116,72
2018-11-06 08:00:00;112,68
2018-11-06 08:15:00;117,32
2018-11-06 08:30:00;124,96
2018-11-06 08:45:00;118,32
2018-11-06 09:00:00;117,80
2018-11-06 09:15:00;94,00
2018-11-06 09:30:00;113,32
2018-11-06 09:45:00;125,40
2018-11-06 10:00:00;129,52
2018-11-06 10:15:00;136,84
2018-11-06 10:30:00;126,16
2018-11-06 10:45:00;117,16
2018-11-06 11:00:00;125,72
2018-11-06 11:15:00;131,88
2018-11-06 11:30:00;129,16
2018-11-06 11:45:00;131,52
2018-11-06 12:00:00;113,36
2018-11-06 12:15:00;98,12
2018-11-06 12:30:00;88,40
2018-11-06 12:45:00;109,84
2018-11-06 13:00:00;122,40
2018-11-06 13:15:00;123,92
2018-11-06 13:30:00;116,24
2018-11-06 13:45:00;118,72
2018-11-06 14:00:00;122,40
2018-11-06 14:15:00;129,68
2018-11-06 14:30:00;122,92
2018-11-06 14:45:00;131,68
2018-11-06 15:00:00;134,52
2018-11-06 15:15:00;117,00
2018-11-06 15:30:00;125,04
2018-11-06 15:45:00;129,12
2018-11-06 16:00:00;128,76
2018-11-06 16:15:00;120,92
2018-11-06 16:30:00;108,52
2018-11-06 16:45:00;78,52
2018-11-06 17:00:00;84,56
2018-11-06 17:15:00;80,36
2018-11-06 17:30:00;74,84
2018-11-06 17:45:00;68,88
2018-11-06 18:00:00;49,88
2018-11-06 18:15:00;42,88
2018-11-06 18:30:00;42,20
2018-11-06 18:45:00;40,44
2018-11-06 19:00:00;38,12
2018-11-06 19:15:00;39,56
2018-11-06 19:30:00;36,72
2018-11-06 19:45:00;36,20
2018-11-06 20:00:00;36,08
2018-11-06 20:15:00;33,64
2018-11-06 20:30:00;36,16
2018-11-06 20:45:00;31,64
2018-11-06 21:00:00;31,60
2018-11-06 21:15:00;38,20
2018-11-06 21:30:00;36,32
2018-11-06 21:45:00;37,56
2018-11-06 22:00:00;37,20
2018-11-06 22:15:00;35,52
2018-11-06 22:30:00;36,68
2018-11-06 22:45:00;35,40
2018-11-06 23:00:00;36,48
2018-11-06 23:15:00;34,84
2018-11-06 23:30:00;32,92
2018-11-06 23:45:00;36,72
2018-11-07 00:00:00;33,28
2018-11-07 00:15:00;33,44
2018-11-07 00:30:00;33,92
2018-11-07 00:45:00;34,20
2018-11-07 01:00:00;32,92
2018-11-07 01:15:00;32,28
2018-11-07 01:30:00;32,32
2018-11-07 01:45:00;32,24
2018-11-07 02:00:00;32,16
2018-11-07 02:15:00;31,76
2018-11-07 02:30:00;32,64
2018-11-07 02:45:00;31,76
2018-11-07 03:00:00;31,96
2018-11-07 03:15:00;33,00
2018-11-07 03:30:00;32,04
2018-11-07 03:45:00;31,40
2018-11-07 04:00:00;32,04
2018-11-07 04:15:00;33,08
2018-11-07 04:30:00;33,24
2018-11-07 04:45:00;31,40
2018-11-07 05:00:00;31,72
2018-11-07 05:15:00;32,44
2018-11-07 05:30:00;32,24
2018-11-07 05:45:00;32,40
2018-11-07 06:00:00;30,56
2018-11-07 06:15:00;33,36
2018-11-07 06:30:00;35,84
2018-11-07 06:45:00;48,96
2018-11-07 07:00:00;63,16
2018-11-07 07:15:00;88,12
2018-11-07 07:30:00;112,44
2018-11-07 07:45:00;137,48
2018-11-07 08:00:00;132,24
2018-11-07 08:15:00;144,88
2018-11-07 08:30:00;150,24
2018-11-07 08:45:00;162,04
2018-11-07 09:00:00;147,24
2018-11-07 09:15:00;122,88
2018-11-07 09:30:00;132,08
2018-11-07 09:45:00;151,56
2018-11-07 10:00:00;151,16
2018-11-07 10:15:00;153,52
2018-11-07 10:30:00;152,36
2018-11-07 10:45:00;144,84
2018-11-07 11:00:00;143,80
2018-11-07 11:15:00;154,36
2018-11-07 11:30:00;153,24
2018-11-07 11:45:00;156,88
2018-11-07 12:00:00;150,28
2018-11-07 12:15:00;117,24
2018-11-07 12:30:00;112,28
2018-11-07 12:45:00;131,20
2018-11-07 13:00:00;142,76
2018-11-07 13:15:00;145,12
2018-11-07 13:30:00;146,76
2018-11-07 13:45:00;139,92
2018-11-07 14:00:00;133,00
2018-11-07 14:15:00;136,92
2018-11-07 14:30:00;134,12
2018-11-07 14:45:00;145,00
2018-11-07 15:00:00;152,64
2018-11-07 15:15:00;152,20
2018-11-07 15:30:00;142,40
2018-11-07 15:45:00;141,64
2018-11-07 16:00:00;142,88
2018-11-07 16:15:00;129,84
2018-11-07 16:30:00;113,84
2018-11-07 16:45:00;77,56
2018-11-07 17:00:00;56,12
2018-11-07 17:15:00;52,96
2018-11-07 17:30:00;53,52
2018-11-07 17:45:00;52,96
2018-11-07 18:00:00;50,32
2018-11-07 18:15:00;45,32
2018-11-07 18:30:00;43,56
2018-11-07 18:45:00;39,64
2018-11-07 19:00:00;35,52
2018-11-07 19:15:00;38,20
2018-11-07 19:30:00;38,40
2018-11-07 19:45:00;38,56
2018-11-07 20:00:00;40,80
2018-11-07 20:15:00;38,64
2018-11-07 20:30:00;38,00
2018-11-07 20:45:00;36,80
2018-11-07 21:00:00;35,08
2018-11-07 21:15:00;39,20
2018-11-07 21:30:00;39,68
2018-11-07 21:45:00;42,36
2018-11-07 22:00:00;40,44
2018-11-07 22:15:00;40,60
2018-11-07 22:30:00;40,80
2018-11-07 22:45:00;41,76
2018-11-07 23:00:00;40,80
2018-11-07 23:15:00;36,24
2018-11-07 23:30:00;38,60
2018-11-07 23:45:00;36,56
2018-11-08 00:00:00;38,12
2018-11-08 00:15:00;36,60
2018-11-08 00:30:00;37,40
2018-11-08 00:45:00;35,32
2018-11-08 01:00:00;35,56
2018-11-08 01:15:00;35,32
2018-11-08 01:30:00;33,88
2018-11-08 01:45:00;34,32
2018-11-08 02:00:00;34,16
2018-11-08 02:15:00;35,24
2018-11-08 02:30:00;32,68
2018-11-08 02:45:00;35,04
2018-11-08 03:00:00;34,24
2018-11-08 03:15:00;34,52
2018-11-08 03:30:00;34,16
2018-11-08 03:45:00;34,80
2018-11-08 04:00:00;34,72
2018-11-08 04:15:00;34,36
2018-11-08 04:30:00;33,88
2018-11-08 04:45:00;35,24
2018-11-08 05:00:00;34,36
2018-11-08 05:15:00;34,12
2018-11-08 05:30:00;34,52
2018-11-08 05:45:00;33,92
2018-11-08 06:00:00;33,76
2018-11-08 06:15:00;33,36
2018-11-08 06:30:00;35,80
2018-11-08 06:45:00;47,68
2018-11-08 07:00:00;55,40
2018-11-08 07:15:00;82,00
2018-11-08 07:30:00;107,40
2018-11-08 07:45:00;120,96
2018-11-08 08:00:00;125,40
2018-11-08 08:15:00;114,40
2018-11-08 08:30:00;111,72
2018-11-08 08:45:00;122,96
2018-11-08 09:00:00;120,48
2018-11-08 09:15:00;99,92
2018-11-08 09:30:00;113,68
2018-11-08 09:45:00;125,28
2018-11-08 10:00:00;132,16
2018-11-08 10:15:00;120,64
2018-11-08 10:30:00;127,52
2018-11-08 10:45:00;133,40
2018-11-08 11:00:00;116,48
2018-11-08 11:15:00;111,84
2018-11-08 11:30:00;110,04
2018-11-08 11:45:00;120,48
2018-11-08 12:00:00;124,88
2018-11-08 12:15:00;102,28
2018-11-08 12:30:00;91,00
2018-11-08 12:45:00;114,96
2018-11-08 13:00:00;119,92
2018-11-08 13:15:00;119,12
2018-11-08 13:30:00;114,76
2018-11-08 13:45:00;127,36
2018-11-08 14:00:00;129,12
2018-11-08 14:15:00;136,08
2018-11-08 14:30:00;138,20
2018-11-08 14:45:00;139,52
2018-11-08 15:00:00;141,76
2018-11-08 15:15:00;130,00
2018-11-08 15:30:00;141,32
2018-11-08 15:45:00;134,52
2018-11-08 16:00:00;125,76
2018-11-08 16:15:00;134,04
2018-11-08 16:30:00;120,60
2018-11-08 16:45:00;87,12
2018-11-08 17:00:00;74,16
2018-11-08 17:15:00;72,64
2018-11-08 17:30:00;66,12
2018-11-08 17:45:00;70,44
2018-11-08 18:00:00;63,20
2018-11-08 18:15:00;57,72
2018-11-08 18:30:00;46,84
2018-11-08 18:45:00;40,72
2018-11-08 19:00:00;36,80
2018-11-08 19:15:00;31,96
2018-11-08 19:30:00;28,92
2018-11-08 19:45:00;28,72
2018-11-08 20:00:00;27,80
2018-11-08 20:15:00;28,08
2018-11-08 20:30:00;26,28
2018-11-08 20:45:00;25,48
2018-11-08 21:00:00;26,00
2018-11-08 21:15:00;31,56
2018-11-08 21:30:00;30,40
2018-11-08 21:45:00;30,24
2018-11-08 22:00:00;30,60
2018-11-08 22:15:00;30,48
2018-11-08 22:30:00;30,04
2018-11-08 22:45:00;30,84
2018-11-08 23:00:00;30,72
2018-11-08 23:15:00;30,52
2018-11-08 23:30:00;30,76
2018-11-08 23:45:00;30,24
2018-11-09 00:00:00;31,00
2018-11-09 00:15:00;30,48
2018-11-09 00:30:00;29,44
2018-11-09 00:45:00;28,64
2018-11-09 01:00:00;29,00
2018-11-09 01:15:00;27,40
2018-11-09 01:30:00;28,00
2018-11-09 01:45:00;27,00
2018-11-09 02:00:00;27,32
2018-11-09 02:15:00;27,52
2018-11-09 02:30:00;27,32
2018-11-09 02:45:00;27,88
2018-11-09 03:00:00;27,20
2018-11-09 03:15:00;27,96
2018-11-09 03:30:00;26,72
2018-11-09 03:45:00;27,72
2018-11-09 04:00:00;26,96
2018-11-09 04:15:00;27,44
2018-11-09 04:30:00;26,76
2018-11-09 04:45:00;27,36
2018-11-09 05:00:00;27,28
2018-11-09 05:15:00;26,80
2018-11-09 05:30:00;27,24
2018-11-09 05:45:00;26,96
2018-11-09 06:00:00;27,32
2018-11-09 06:15:00;31,28
2018-11-09 06:30:00;39,68
2018-11-09 06:45:00;49,72
2018-11-09 07:00:00;52,36
2018-11-09 07:15:00;93,24
2018-11-09 07:30:00;116,08
2018-11-09 07:45:00;124,96
2018-11-09 08:00:00;128,92
2018-11-09 08:15:00;125,12
2018-11-09 08:30:00;133,00
2018-11-09 08:45:00;133,32
2018-11-09 09:00:00;140,92
2018-11-09 09:15:00;109,28
2018-11-09 09:30:00;121,36
2018-11-09 09:45:00;141,84
2018-11-09 10:00:00;142,44
2018-11-09 10:15:00;134,80
2018-11-09 10:30:00;152,28
2018-11-09 10:45:00;145,20
2018-11-09 11:00:00;143,80
2018-11-09 11:15:00;139,00
2018-11-09 11:30:00;142,16
2018-11-09 11:45:00;145,84
2018-11-09 12:00:00;145,64
2018-11-09 12:15:00;101,20
2018-11-09 12:30:00;95,36
2018-11-09 12:45:00;109,84
2018-11-09 13:00:00;117,52
2018-11-09 13:15:00;131,36
2018-11-09 13:30:00;127,76
2018-11-09 13:45:00;122,76
2018-11-09 14:00:00;119,20
2018-11-09 14:15:00;132,04
2018-11-09 14:30:00;135,24
2018-11-09 14:45:00;137,56
2018-11-09 15:00:00;110,32
2018-11-09 15:15:00;83,76
2018-11-09 15:30:00;82,64
2018-11-09 15:45:00;79,72
2018-11-09 16:00:00;80,48
2018-11-09 16:15:00;81,40
2018-11-09 16:30:00;75,92
2018-11-09 16:45:00;65,92
2018-11-09 17:00:00;66,24
2018-11-09 17:15:00;60,08
2018-11-09 17:30:00;59,60
2018-11-09 17:45:00;65,64
2018-11-09 18:00:00;65,24
2018-11-09 18:15:00;58,68
2018-11-09 18:30:00;57,32
2018-11-09 18:45:00;55,60
2018-11-09 19:00:00;52,32
2018-11-09 19:15:00;50,04
2018-11-09 19:30:00;54,08
2018-11-09 19:45:00;53,04
2018-11-09 20:00:00;52,08
2018-11-09 20:15:00;51,12
2018-11-09 20:30:00;51,52
2018-11-09 20:45:00;50,76
2018-11-09 21:00:00;37,88
2018-11-09 21:15:00;39,92
2018-11-09 21:30:00;39,20
2018-11-09 21:45:00;37,08
2018-11-09 22:00:00;38,20
2018-11-09 22:15:00;36,48
2018-11-09 22:30:00;37,60
2018-11-09 22:45:00;38,00
2018-11-09 23:00:00;37,00
2018-11-09 23:15:00;36,88
2018-11-09 23:30:00;38,24
2018-11-09 23:45:00;36,60
2018-11-10 00:00:00;37,20
2018-11-10 00:15:00;36,20
2018-11-10 00:30:00;37,48
2018-11-10 00:45:00;33,48
2018-11-10 01:00:00;36,76
2018-11-10 01:15:00;32,92
2018-11-10 01:30:00;34,96
2018-11-10 01:45:00;33,04
2018-11-10 02:00:00;35,32
2018-11-10 02:15:00;33,16
2018-11-10 02:30:00;34,28
2018-11-10 02:45:00;32,96
2018-11-10 03:00:00;35,80
2018-11-10 03:15:00;32,72
2018-11-10 03:30:00;34,68
2018-11-10 03:45:00;33,16
2018-11-10 04:00:00;35,40
2018-11-10 04:15:00;33,12
2018-11-10 04:30:00;34,12
2018-11-10 04:45:00;34,40
2018-11-10 05:00:00;35,80
2018-11-10 05:15:00;32,52
2018-11-10 05:30:00;34,40
2018-11-10 05:45:00;33,44
2018-11-10 06:00:00;33,16
2018-11-10 06:15:00;33,60
2018-11-10 06:30:00;34,72
2018-11-10 06:45:00;35,36
2018-11-10 07:00:00;34,20
2018-11-10 07:15:00;35,28
2018-11-10 07:30:00;34,28
2018-11-10 07:45:00;37,84
2018-11-10 08:00:00;43,24
2018-11-10 08:15:00;43,84
2018-11-10 08:30:00;45,32
2018-11-10 08:45:00;48,60
2018-11-10 09:00:00;47,24
2018-11-10 09:15:00;42,12
2018-11-10 09:30:00;44,20
2018-11-10 09:45:00;45,48
2018-11-10 10:00:00;45,88
2018-11-10 10:15:00;44,16
2018-11-10 10:30:00;44,20
2018-11-10 10:45:00;48,88
2018-11-10 11:00:00;49,64
2018-11-10 11:15:00;55,84
2018-11-10 11:30:00;59,64
2018-11-10 11:45:00;56,48
2018-11-10 12:00:00;60,84
2018-11-10 12:15:00;57,04
2018-11-10 12:30:00;57,48
2018-11-10 12:45:00;56,64
2018-11-10 13:00:00;59,16
2018-11-10 13:15:00;60,68
2018-11-10 13:30:00;59,96
2018-11-10 13:45:00;56,60
2018-11-10 14:00:00;63,40
2018-11-10 14:15:00;70,04
2018-11-10 14:30:00;69,72
2018-11-10 14:45:00;62,48
2018-11-10 15:00:00;65,36
2018-11-10 15:15:00;65,64
2018-11-10 15:30:00;63,88
2018-11-10 15:45:00;62,32
2018-11-10 16:00:00;62,48
2018-11-10 16:15:00;62,00
2018-11-10 16:30:00;57,52
2018-11-10 16:45:00;54,92
2018-11-10 17:00:00;52,28
2018-11-10 17:15:00;44,40
2018-11-10 17:30:00;44,40
2018-11-10 17:45:00;42,08
2018-11-10 18:00:00;43,56
2018-11-10 18:15:00;44,44
2018-11-10 18:30:00;44,44
2018-11-10 18:45:00;41,36
2018-11-10 19:00:00;39,16
2018-11-10 19:15:00;40,08
2018-11-10 19:30:00;39,12
2018-11-10 19:45:00;37,80
2018-11-10 20:00:00;39,28
2018-11-10 20:15:00;40,28
2018-11-10 20:30:00;39,24
2018-11-10 20:45:00;38,20
2018-11-10 21:00:00;39,16
2018-11-10 21:15:00;44,20
2018-11-10 21:30:00;44,84
2018-11-10 21:45:00;43,92
2018-11-10 22:00:00;43,64
2018-11-10 22:15:00;45,44
2018-11-10 22:30:00;46,16
2018-11-10 22:45:00;42,16
2018-11-10 23:00:00;43,24
2018-11-10 23:15:00;46,92
2018-11-10 23:30:00;43,72
2018-11-10 23:45:00;43,12
2018-11-11 00:00:00;45,16
2018-11-11 00:15:00;45,84
2018-11-11 00:30:00;42,12
2018-11-11 00:45:00;42,36
2018-11-11 01:00:00;41,80
2018-11-11 01:15:00;43,16
2018-11-11 01:30:00;40,56
2018-11-11 01:45:00;39,16
2018-11-11 02:00:00;40,52
2018-11-11 02:15:00;40,68
2018-11-11 02:30:00;37,00
2018-11-11 02:45:00;39,28
2018-11-11 03:00:00;39,84
2018-11-11 03:15:00;39,36
2018-11-11 03:30:00;38,92
2018-11-11 03:45:00;38,84
2018-11-11 04:00:00;38,32
2018-11-11 04:15:00;41,00
2018-11-11 04:30:00;37,96
2018-11-11 04:45:00;38,48
2018-11-11 05:00:00;39,04
2018-11-11 05:15:00;41,60
2018-11-11 05:30:00;37,32
2018-11-11 05:45:00;38,84
2018-11-11 06:00:00;38,80
2018-11-11 06:15:00;41,04
2018-11-11 06:30:00;37,56
2018-11-11 06:45:00;38,92
2018-11-11 07:00:00;38,64
2018-11-11 07:15:00;40,76
2018-11-11 07:30:00;36,76
2018-11-11 07:45:00;38,60
2018-11-11 08:00:00;39,08
2018-11-11 08:15:00;39,80
2018-11-11 08:30:00;35,60
2018-11-11 08:45:00;39,08
2018-11-11 09:00:00;36,16
2018-11-11 09:15:00;38,92
2018-11-11 09:30:00;34,88
2018-11-11 09:45:00;36,56
2018-11-11 10:00:00;38,64
2018-11-11 10:15:00;36,60
2018-11-11 10:30:00;36,40
2018-11-11 10:45:00;38,64
2018-11-11 11:00:00;48,92
2018-11-11 11:15:00;46,12
2018-11-11 11:30:00;44,84
2018-11-11 11:45:00;47,96
2018-11-11 12:00:00;49,36
2018-11-11 12:15:00;52,52
2018-11-11 12:30:00;49,80
2018-11-11 12:45:00;46,04
2018-11-11 13:00:00;48,20
2018-11-11 13:15:00;54,28
2018-11-11 13:30:00;50,60
2018-11-11 13:45:00;56,32
2018-11-11 14:00:00;53,20
2018-11-11 14:15:00;51,20
2018-11-11 14:30:00;44,04
2018-11-11 14:45:00;39,48
2018-11-11 15:00:00;40,72
2018-11-11 15:15:00;36,00
2018-11-11 15:30:00;36,56
2018-11-11 15:45:00;36,16
2018-11-11 16:00:00;32,08
2018-11-11 16:15:00;29,84
2018-11-11 16:30:00;27,08
2018-11-11 16:45:00;28,40
2018-11-11 17:00:00;25,12
2018-11-11 17:15:00;28,48
2018-11-11 17:30:00;24,92
2018-11-11 17:45:00;24,84
2018-11-11 18:00:00;32,60
2018-11-11 18:15:00;33,68
2018-11-11 18:30:00;35,36
2018-11-11 18:45:00;34,08
2018-11-11 19:00:00;30,00
2018-11-11 19:15:00;25,72
2018-11-11 19:30:00;28,24
2018-11-11 19:45:00;26,04
2018-11-11 20:00:00;27,08
2018-11-11 20:15:00;25,80
2018-11-11 20:30:00;27,52
2018-11-11 20:45:00;26,52
2018-11-11 21:00:00;26,28
2018-11-11 21:15:00;31,36
2018-11-11 21:30:00;31,36
2018-11-11 21:45:00;32,36
2018-11-11 22:00:00;31,08
2018-11-11 22:15:00;31,52
2018-11-11 22:30:00;31,24
2018-11-11 22:45:00;31,80
2018-11-11 23:00:00;31,92
2018-11-11 23:15:00;31,88
2018-11-11 23:30:00;30,72
2018-11-11 23:45:00;31,60
2018-11-12 00:00:00;30,88
2018-11-12 00:15:00;31,60
2018-11-12 00:30:00;29,64
2018-11-12 00:45:00;29,84
2018-11-12 01:00:00;29,60
2018-11-12 01:15:00;29,44
2018-11-12 01:30:00;27,68
2018-11-12 01:45:00;28,96
2018-11-12 02:00:00;27,36
2018-11-12 02:15:00;28,88
2018-11-12 02:30:00;27,64
2018-11-12 02:45:00;27,96
2018-11-12 03:00:00;27,76
2018-11-12 03:15:00;28,80
2018-11-12 03:30:00;27,80
2018-11-12 03:45:00;27,56
2018-11-12 04:00:00;28,12
2018-11-12 04:15:00;27,56
2018-11-12 04:30:00;28,36
2018-11-12 04:45:00;28,68
2018-11-12 05:00:00;28,64
2018-11-12 05:15:00;27,48
2018-11-12 05:30:00;28,36
2018-11-12 05:45:00;27,64
2018-11-12 06:00:00;28,20
2018-11-12 06:15:00;29,44
2018-11-12 06:30:00;29,16
2018-11-12 06:45:00;41,04
2018-11-12 07:00:00;47,60
2018-11-12 07:15:00;87,88
2018-11-12 07:30:00;111,08
2018-11-12 07:45:00;120,96
2018-11-12 08:00:00;118,32
2018-11-12 08:15:00;143,68
2018-11-12 08:30:00;136,32
2018-11-12 08:45:00;147,56
2018-11-12 09:00:00;135,60
2018-11-12 09:15:00;123,48
2018-11-12 09:30:00;131,04
2018-11-12 09:45:00;146,64
2018-11-12 10:00:00;139,32
2018-11-12 10:15:00;149,80
2018-11-12 10:30:00;147,52
2018-11-12 10:45:00;150,96
2018-11-12 11:00:00;154,32
2018-11-12 11:15:00;152,04
2018-11-12 11:30:00;152,36
2018-11-12 11:45:00;161,96
2018-11-12 12:00:00;164,44
2018-11-12 12:15:00;128,08
2018-11-12 12:30:00;119,04
2018-11-12 12:45:00;137,72
2018-11-12 13:00:00;155,96
2018-11-12 13:15:00;159,44
2018-11-12 13:30:00;157,76
2018-11-12 13:45:00;164,68
2018-11-12 14:00:00;167,72
2018-11-12 14:15:00;146,64
2018-11-12 14:30:00;122,16
2018-11-12 14:45:00;137,88
2018-11-12 15:00:00;133,76
2018-11-12 15:15:00;132,16
2018-11-12 15:30:00;131,80
2018-11-12 15:45:00;134,88
2018-11-12 16:00:00;137,04
2018-11-12 16:15:00;146,60
2018-11-12 16:30:00;128,88
2018-11-12 16:45:00;99,24
2018-11-12 17:00:00;96,24
2018-11-12 17:15:00;83,48
2018-11-12 17:30:00;84,84
2018-11-12 17:45:00;76,32
2018-11-12 18:00:00;64,04
2018-11-12 18:15:00;58,68
2018-11-12 18:30:00;56,72
2018-11-12 18:45:00;49,08
2018-11-12 19:00:00;45,08
2018-11-12 19:15:00;45,44
2018-11-12 19:30:00;43,88
2018-11-12 19:45:00;44,28
2018-11-12 20:00:00;43,96
2018-11-12 20:15:00;39,12
2018-11-12 20:30:00;36,76
2018-11-12 20:45:00;35,28
2018-11-12 21:00:00;35,60
2018-11-12 21:15:00;40,60
2018-11-12 21:30:00;39,40
2018-11-12 21:45:00;39,76
2018-11-12 22:00:00;40,72
2018-11-12 22:15:00;38,60
2018-11-12 22:30:00;39,64
2018-11-12 22:45:00;39,20
2018-11-12 23:00:00;41,00
2018-11-12 23:15:00;40,44
2018-11-12 23:30:00;39,00
2018-11-12 23:45:00;40,16
2018-11-13 00:00:00;39,60
2018-11-13 00:15:00;38,12
2018-11-13 00:30:00;36,52
2018-11-13 00:45:00;36,20
2018-11-13 01:00:00;34,68
2018-11-13 01:15:00;34,48
2018-11-13 01:30:00;32,80
2018-11-13 01:45:00;33,28
2018-11-13 02:00:00;33,64
2018-11-13 02:15:00;32,96
2018-11-13 02:30:00;33,48
2018-11-13 02:45:00;33,80
2018-11-13 03:00:00;31,44
2018-11-13 03:15:00;32,40
2018-11-13 03:30:00;28,48
2018-11-13 03:45:00;30,20
2018-11-13 04:00:00;31,20
2018-11-13 04:15:00;29,44
2018-11-13 04:30:00;28,88
2018-11-13 04:45:00;28,40
2018-11-13 05:00:00;29,60
2018-11-13 05:15:00;28,00
2018-11-13 05:30:00;28,16
2018-11-13 05:45:00;28,80
2018-11-13 06:00:00;28,04
2018-11-13 06:15:00;29,80
2018-11-13 06:30:00;32,52
2018-11-13 06:45:00;42,68
2018-11-13 07:00:00;48,72
2018-11-13 07:15:00;74,48
2018-11-13 07:30:00;95,12
2018-11-13 07:45:00;100,64
2018-11-13 08:00:00;102,08
2018-11-13 08:15:00;122,76
2018-11-13 08:30:00;133,08
2018-11-13 08:45:00;137,68
2018-11-13 09:00:00;145,32
2018-11-13 09:15:00;123,12
2018-11-13 09:30:00;132,92
2018-11-13 09:45:00;132,04
2018-11-13 10:00:00;143,48
2018-11-13 10:15:00;142,00
2018-11-13 10:30:00;146,20
2018-11-13 10:45:00;156,72
2018-11-13 11:00:00;159,00
2018-11-13 11:15:00;149,88
2018-11-13 11:30:00;156,92
2018-11-13 11:45:00;167,08
2018-11-13 12:00:00;161,12
2018-11-13 12:15:00;130,96
2018-11-13 12:30:00;124,76
2018-11-13 12:45:00;125,80
2018-11-13 13:00:00;131,88
2018-11-13 13:15:00;144,12
2018-11-13 13:30:00;141,84
2018-11-13 13:45:00;140,36
2018-11-13 14:00:00;144,20
2018-11-13 14:15:00;141,88
2018-11-13 14:30:00;143,32
2018-11-13 14:45:00;147,96
2018-11-13 15:00:00;149,44
2018-11-13 15:15:00;147,96
2018-11-13 15:30:00;149,56
2018-11-13 15:45:00;145,24
2018-11-13 16:00:00;139,84
2018-11-13 16:15:00;144,68
2018-11-13 16:30:00;113,08
2018-11-13 16:45:00;94,76
2018-11-13 17:00:00;85,80
2018-11-13 17:15:00;72,76
2018-11-13 17:30:00;71,60
2018-11-13 17:45:00;66,00
2018-11-13 18:00:00;58,36
2018-11-13 18:15:00;54,96
2018-11-13 18:30:00;52,32
2018-11-13 18:45:00;50,12
2018-11-13 19:00:00;43,40
2018-11-13 19:15:00;44,60
2018-11-13 19:30:00;43,48
2018-11-13 19:45:00;42,88
2018-11-13 20:00:00;39,40
2018-11-13 20:15:00;38,76
2018-11-13 20:30:00;37,68
2018-11-13 20:45:00;39,04
2018-11-13 21:00:00;37,96
2018-11-13 21:15:00;42,00
2018-11-13 21:30:00;42,84
2018-11-13 21:45:00;43,28
2018-11-13 22:00:00;42,72
2018-11-13 22:15:00;42,24
2018-11-13 22:30:00;43,32
2018-11-13 22:45:00;42,08
2018-11-13 23:00:00;40,88
2018-11-13 23:15:00;40,80
2018-11-13 23:30:00;40,04
2018-11-13 23:45:00;39,00
2018-11-14 00:00:00;39,88
2018-11-14 00:15:00;39,24
2018-11-14 00:30:00;39,20
2018-11-14 00:45:00;36,76
2018-11-14 01:00:00;38,00
2018-11-14 01:15:00;38,60
2018-11-14 01:30:00;36,16
2018-11-14 01:45:00;36,76
2018-11-14 02:00:00;37,16
2018-11-14 02:15:00;35,40
2018-11-14 02:30:00;37,36
2018-11-14 02:45:00;35,32
2018-11-14 03:00:00;36,84
2018-11-14 03:15:00;36,40
2018-11-14 03:30:00;35,92
2018-11-14 03:45:00;36,68
2018-11-14 04:00:00;36,00
2018-11-14 04:15:00;36,08
2018-11-14 04:30:00;36,04
2018-11-14 04:45:00;37,04
2018-11-14 05:00:00;35,84
2018-11-14 05:15:00;36,40
2018-11-14 05:30:00;35,88
2018-11-14 05:45:00;36,76
2018-11-14 06:00:00;35,92
2018-11-14 06:15:00;36,60
2018-11-14 06:30:00;40,92
2018-11-14 06:45:00;55,20
2018-11-14 07:00:00;68,48
2018-11-14 07:15:00;102,36
2018-11-14 07:30:00;127,60
2018-11-14 07:45:00;124,28
2018-11-14 08:00:00;132,08
2018-11-14 08:15:00;141,68
2018-11-14 08:30:00;139,52
2018-11-14 08:45:00;138,56
2018-11-14 09:00:00;151,16
2018-11-14 09:15:00;133,28
2018-11-14 09:30:00;135,56
2018-11-14 09:45:00;144,12
2018-11-14 10:00:00;139,36
2018-11-14 10:15:00;130,92
2018-11-14 10:30:00;148,04
2018-11-14 10:45:00;147,96
2018-11-14 11:00:00;147,64
2018-11-14 11:15:00;158,80
2018-11-14 11:30:00;162,92
2018-11-14 11:45:00;167,32
2018-11-14 12:00:00;153,72
2018-11-14 12:15:00;137,28
2018-11-14 12:30:00;128,12
2018-11-14 12:45:00;126,56
2018-11-14 13:00:00;131,88
2018-11-14 13:15:00;133,08
2018-11-14 13:30:00;138,20
2018-11-14 13:45:00;153,80
2018-11-14 14:00:00;145,68
2018-11-14 14:15:00;159,44
2018-11-14 14:30:00;141,80
2018-11-14 14:45:00;142,12
2018-11-14 15:00:00;139,72
2018-11-14 15:15:00;152,04
2018-11-14 15:30:00;148,48
2018-11-14 15:45:00;147,04
2018-11-14 16:00:00;149,04
2018-11-14 16:15:00;142,80
2018-11-14 16:30:00;115,60
2018-11-14 16:45:00;103,40
2018-11-14 17:00:00;79,16
2018-11-14 17:15:00;78,52
2018-11-14 17:30:00;65,24
2018-11-14 17:45:00;59,68
2018-11-14 18:00:00;55,52
2018-11-14 18:15:00;52,68
2018-11-14 18:30:00;49,28
2018-11-14 18:45:00;45,80
2018-11-14 19:00:00;46,08
2018-11-14 19:15:00;48,96
2018-11-14 19:30:00;52,88
2018-11-14 19:45:00;55,80
2018-11-14 20:00:00;51,64
2018-11-14 20:15:00;50,40
2018-11-14 20:30:00;49,00
2018-11-14 20:45:00;44,68
2018-11-14 21:00:00;45,20
2018-11-14 21:15:00;48,92
2018-11-14 21:30:00;48,96
2018-11-14 21:45:00;50,56
2018-11-14 22:00:00;49,60
2018-11-14 22:15:00;48,04
2018-11-14 22:30:00;50,32
2018-11-14 22:45:00;48,84
2018-11-14 23:00:00;49,08
2018-11-14 23:15:00;40,68
2018-11-14 23:30:00;37,96
2018-11-14 23:45:00;39,04
2018-11-15 00:00:00;37,56
2018-11-15 00:15:00;36,76
2018-11-15 00:30:00;36,96
2018-11-15 00:45:00;34,32
2018-11-15 01:00:00;34,44
2018-11-15 01:15:00;36,40
2018-11-15 01:30:00;33,32
2018-11-15 01:45:00;33,36
2018-11-15 02:00:00;33,68
2018-11-15 02:15:00;31,00
2018-11-15 02:30:00;32,44
2018-11-15 02:45:00;31,88
2018-11-15 03:00:00;31,24
2018-11-15 03:15:00;32,24
2018-11-15 03:30:00;31,56
2018-11-15 03:45:00;31,44
2018-11-15 04:00:00;32,00
2018-11-15 04:15:00;31,08
2018-11-15 04:30:00;32,12
2018-11-15 04:45:00;32,12
2018-11-15 05:00:00;30,00
2018-11-15 05:15:00;32,12
2018-11-15 05:30:00;32,52
2018-11-15 05:45:00;31,92
2018-11-15 06:00:00;37,64
2018-11-15 06:15:00;41,16
2018-11-15 06:30:00;45,32
2018-11-15 06:45:00;52,12
2018-11-15 07:00:00;56,52
2018-11-15 07:15:00;112,48
2018-11-15 07:30:00;140,56
2018-11-15 07:45:00;147,12
2018-11-15 08:00:00;145,12
2018-11-15 08:15:00;147,48
2018-11-15 08:30:00;147,88
2018-11-15 08:45:00;131,20
2018-11-15 09:00:00;143,64
2018-11-15 09:15:00;134,00
2018-11-15 09:30:00;134,36
2018-11-15 09:45:00;138,20
2018-11-15 10:00:00;149,00
2018-11-15 10:15:00;150,92
2018-11-15 10:30:00;156,16
2018-11-15 10:45:00;145,88
2018-11-15 11:00:00;158,88
2018-11-15 11:15:00;153,16
2018-11-15 11:30:00;136,24
2018-11-15 11:45:00;133,84
2018-11-15 12:00:00;154,60
2018-11-15 12:15:00;140,36
2018-11-15 12:30:00;130,60
2018-11-15 12:45:00;126,00
2018-11-15 13:00:00;140,60
2018-11-15 13:15:00;143,72
2018-11-15 13:30:00;154,76
2018-11-15 13:45:00;162,00
2018-11-15 14:00:00;158,60
2018-11-15 14:15:00;142,36
2018-11-15 14:30:00;140,88
2018-11-15 14:45:00;124,04
2018-11-15 15:00:00;128,60
2018-11-15 15:15:00;135,40
2018-11-15 15:30:00;121,60
2018-11-15 15:45:00;127,92
2018-11-15 16:00:00;129,60
2018-11-15 16:15:00;125,76
2018-11-15 16:30:00;113,08
2018-11-15 16:45:00;105,52
2018-11-15 17:00:00;98,52
2018-11-15 17:15:00;96,92
2018-11-15 17:30:00;90,76
2018-11-15 17:45:00;90,20
2018-11-15 18:00:00;81,16
2018-11-15 18:15:00;63,76
2018-11-15 18:30:00;56,80
2018-11-15 18:45:00;52,28
2018-11-15 19:00:00;50,12
2018-11-15 19:15:00;46,04
2018-11-15 19:30:00;41,96
2018-11-15 19:45:00;39,88
2018-11-15 20:00:00;38,80
2018-11-15 20:15:00;42,00
2018-11-15 20:30:00;34,68
2018-11-15 20:45:00;31,56
2018-11-15 21:00:00;30,08
2018-11-15 21:15:00;35,20
2018-11-15 21:30:00;34,88
2018-11-15 21:45:00;35,08
2018-11-15 22:00:00;34,96
2018-11-15 22:15:00;35,16
2018-11-15 22:30:00;35,56
2018-11-15 22:45:00;38,36
2018-11-15 23:00:00;39,12
2018-11-15 23:15:00;37,56
2018-11-15 23:30:00;38,20
2018-11-15 23:45:00;39,00
2018-11-16 00:00:00;35,96
2018-11-16 00:15:00;36,48
2018-11-16 00:30:00;36,20
2018-11-16 00:45:00;35,96
2018-11-16 01:00:00;34,16
2018-11-16 01:15:00;33,88
2018-11-16 01:30:00;35,60
2018-11-16 01:45:00;32,60
2018-11-16 02:00:00;33,56
2018-11-16 02:15:00;32,28
2018-11-16 02:30:00;34,96
2018-11-16 02:45:00;32,60
2018-11-16 03:00:00;33,32
2018-11-16 03:15:00;33,56
2018-11-16 03:30:00;33,68
2018-11-16 03:45:00;32,60
2018-11-16 04:00:00;31,64
2018-11-16 04:15:00;31,24
2018-11-16 04:30:00;31,44
2018-11-16 04:45:00;29,40
2018-11-16 05:00:00;29,16
2018-11-16 05:15:00;30,04
2018-11-16 05:30:00;29,60
2018-11-16 05:45:00;28,60
2018-11-16 06:00:00;28,88
2018-11-16 06:15:00;33,72
2018-11-16 06:30:00;46,32
2018-11-16 06:45:00;49,36
2018-11-16 07:00:00;55,84
2018-11-16 07:15:00;91,80
2018-11-16 07:30:00;119,24
2018-11-16 07:45:00;127,84
2018-11-16 08:00:00;119,96
2018-11-16 08:15:00;116,96
2018-11-16 08:30:00;131,52
2018-11-16 08:45:00;119,40
2018-11-16 09:00:00;105,16
2018-11-16 09:15:00;92,24
2018-11-16 09:30:00;98,04
2018-11-16 09:45:00;105,88
2018-11-16 10:00:00;106,32
2018-11-16 10:15:00;124,12
2018-11-16 10:30:00;116,72
2018-11-16 10:45:00;113,72
2018-11-16 11:00:00;115,00
2018-11-16 11:15:00;130,08
2018-11-16 11:30:00;128,48
2018-11-16 11:45:00;128,04
2018-11-16 12:00:00;109,80
2018-11-16 12:15:00;91,08
2018-11-16 12:30:00;85,08
2018-11-16 12:45:00;91,76
2018-11-16 13:00:00;100,76
2018-11-16 13:15:00;101,60
2018-11-16 13:30:00;106,00
2018-11-16 13:45:00;110,24
2018-11-16 14:00:00;104,28
2018-11-16 14:15:00;93,96
2018-11-16 14:30:00;95,72
2018-11-16 14:45:00;104,04
2018-11-16 15:00:00;100,84
2018-11-16 15:15:00;85,52
2018-11-16 15:30:00;72,08
2018-11-16 15:45:00;78,84
2018-11-16 16:00:00;76,08
2018-11-16 16:15:00;64,72
2018-11-16 16:30:00;59,60
2018-11-16 16:45:00;62,52
2018-11-16 17:00:00;62,40
2018-11-16 17:15:00;60,88
2018-11-16 17:30:00;55,60
2018-11-16 17:45:00;55,44
2018-11-16 18:00:00;53,64
2018-11-16 18:15:00;50,56
2018-11-16 18:30:00;48,60
2018-11-16 18:45:00;48,44
2018-11-16 19:00:00;46,80
2018-11-16 19:15:00;42,72
2018-11-16 19:30:00;42,12
2018-11-16 19:45:00;43,16
2018-11-16 20:00:00;42,52
2018-11-16 20:15:00;40,04
2018-11-16 20:30:00;34,80
2018-11-16 20:45:00;32,76
2018-11-16 21:00:00;31,16
2018-11-16 21:15:00;34,28
2018-11-16 21:30:00;34,60
2018-11-16 21:45:00;36,84
2018-11-16 22:00:00;35,44
2018-11-16 22:15:00;33,48
2018-11-16 22:30:00;34,60
2018-11-16 22:45:00;36,36
2018-11-16 23:00:00;35,88
2018-11-16 23:15:00;33,52
2018-11-16 23:30:00;34,56
2018-11-16 23:45:00;36,56
2018-11-17 00:00:00;35,00
2018-11-17 00:15:00;33,64
2018-11-17 00:30:00;34,00
2018-11-17 00:45:00;34,08
2018-11-17 01:00:00;32,12
2018-11-17 01:15:00;30,12
2018-11-17 01:30:00;31,40
2018-11-17 01:45:00;31,88
2018-11-17 02:00:00;29,24
2018-11-17 02:15:00;28,40
2018-11-17 02:30:00;31,20
2018-11-17 02:45:00;32,60
2018-11-17 03:00:00;29,32
2018-11-17 03:15:00;28,88
2018-11-17 03:30:00;29,56
2018-11-17 03:45:00;32,64
2018-11-17 04:00:00;29,00
2018-11-17 04:15:00;28,60
2018-11-17 04:30:00;30,00
2018-11-17 04:45:00;31,28
2018-11-17 05:00:00;29,12
2018-11-17 05:15:00;28,76
2018-11-17 05:30:00;30,40
2018-11-17 05:45:00;31,60
2018-11-17 06:00:00;28,68
2018-11-17 06:15:00;29,68
2018-11-17 06:30:00;30,60
2018-11-17 06:45:00;34,84
2018-11-17 07:00:00;34,32
2018-11-17 07:15:00;38,88
2018-11-17 07:30:00;43,88
2018-11-17 07:45:00;42,96
2018-11-17 08:00:00;40,32
2018-11-17 08:15:00;40,60
2018-11-17 08:30:00;43,68
2018-11-17 08:45:00;44,16
2018-11-17 09:00:00;39,68
2018-11-17 09:15:00;38,28
2018-11-17 09:30:00;43,56
2018-11-17 09:45:00;41,72
2018-11-17 10:00:00;40,44
2018-11-17 10:15:00;42,04
2018-11-17 10:30:00;43,68
2018-11-17 10:45:00;42,72
2018-11-17 11:00:00;41,00
2018-11-17 11:15:00;41,00
2018-11-17 11:30:00;41,92
2018-11-17 11:45:00;43,68
2018-11-17 12:00:00;40,48
2018-11-17 12:15:00;40,00
2018-11-17 12:30:00;41,36
2018-11-17 12:45:00;37,72
2018-11-17 13:00:00;29,24
2018-11-17 13:15:00;28,44
2018-11-17 13:30:00;35,20
2018-11-17 13:45:00;34,24
2018-11-17 14:00:00;32,48
2018-11-17 14:15:00;30,12
2018-11-17 14:30:00;29,48
2018-11-17 14:45:00;27,64
2018-11-17 15:00:00;30,12
2018-11-17 15:15:00;29,16
2018-11-17 15:30:00;31,72
2018-11-17 15:45:00;33,16
2018-11-17 16:00:00;32,20
2018-11-17 16:15:00;29,32
2018-11-17 16:30:00;31,04
2018-11-17 16:45:00;29,84
2018-11-17 17:00:00;28,00
2018-11-17 17:15:00;27,32
2018-11-17 17:30:00;26,68
2018-11-17 17:45:00;30,88
2018-11-17 18:00:00;33,28
2018-11-17 18:15:00;34,16
2018-11-17 18:30:00;32,68
2018-11-17 18:45:00;31,80
2018-11-17 19:00:00;33,04
2018-11-17 19:15:00;29,20
2018-11-17 19:30:00;27,44
2018-11-17 19:45:00;30,44
2018-11-17 20:00:00;30,20
2018-11-17 20:15:00;28,24
2018-11-17 20:30:00;28,08
2018-11-17 20:45:00;28,48
2018-11-17 21:00:00;30,72
2018-11-17 21:15:00;32,84
2018-11-17 21:30:00;33,12
2018-11-17 21:45:00;33,12
2018-11-17 22:00:00;35,12
2018-11-17 22:15:00;33,20
2018-11-17 22:30:00;32,32
2018-11-17 22:45:00;33,60
2018-11-17 23:00:00;34,40
2018-11-17 23:15:00;32,60
2018-11-17 23:30:00;33,40
2018-11-17 23:45:00;33,08
2018-11-18 00:00:00;34,44
2018-11-18 00:15:00;32,92
2018-11-18 00:30:00;33,24
2018-11-18 00:45:00;34,04
2018-11-18 01:00:00;33,76
2018-11-18 01:15:00;31,00
2018-11-18 01:30:00;31,36
2018-11-18 01:45:00;32,68
2018-11-18 02:00:00;32,64
2018-11-18 02:15:00;28,88
2018-11-18 02:30:00;29,08
2018-11-18 02:45:00;31,52
2018-11-18 03:00:00;31,20
2018-11-18 03:15:00;27,80
2018-11-18 03:30:00;30,32
2018-11-18 03:45:00;31,24
2018-11-18 04:00:00;31,36
2018-11-18 04:15:00;28,36
2018-11-18 04:30:00;29,40
2018-11-18 04:45:00;31,52
2018-11-18 05:00:00;31,04
2018-11-18 05:15:00;29,04
2018-11-18 05:30:00;28,88
2018-11-18 05:45:00;31,16
2018-11-18 06:00:00;30,92
2018-11-18 06:15:00;29,00
2018-11-18 06:30:00;29,28
2018-11-18 06:45:00;31,68
2018-11-18 07:00:00;29,96
2018-11-18 07:15:00;29,24
2018-11-18 07:30:00;29,36
2018-11-18 07:45:00;30,80
2018-11-18 08:00:00;30,56
2018-11-18 08:15:00;28,36
2018-11-18 08:30:00;29,64
2018-11-18 08:45:00;30,52
2018-11-18 09:00:00;28,20
2018-11-18 09:15:00;27,04
2018-11-18 09:30:00;27,96
2018-11-18 09:45:00;30,40
2018-11-18 10:00:00;29,20
2018-11-18 10:15:00;28,84
2018-11-18 10:30:00;35,32
2018-11-18 10:45:00;35,32
2018-11-18 11:00:00;36,08
2018-11-18 11:15:00;36,16
2018-11-18 11:30:00;35,12
2018-11-18 11:45:00;29,24
2018-11-18 12:00:00;27,20
2018-11-18 12:15:00;26,16
2018-11-18 12:30:00;27,08
2018-11-18 12:45:00;30,12
2018-11-18 13:00:00;36,04
2018-11-18 13:15:00;34,40
2018-11-18 13:30:00;34,96
2018-11-18 13:45:00;33,60
2018-11-18 14:00:00;32,88
2018-11-18 14:15:00;34,36
2018-11-18 14:30:00;31,64
2018-11-18 14:45:00;29,60
2018-11-18 15:00:00;29,40
2018-11-18 15:15:00;32,12
2018-11-18 15:30:00;30,56
2018-11-18 15:45:00;29,60
2018-11-18 16:00:00;27,80
2018-11-18 16:15:00;30,24
2018-11-18 16:30:00;31,80
2018-11-18 16:45:00;27,72
2018-11-18 17:00:00;28,96
2018-11-18 17:15:00;28,96
2018-11-18 17:30:00;29,76
2018-11-18 17:45:00;32,72
2018-11-18 18:00:00;31,84
2018-11-18 18:15:00;32,12
2018-11-18 18:30:00;30,28
2018-11-18 18:45:00;31,44
2018-11-18 19:00:00;30,24
2018-11-18 19:15:00;32,48
2018-11-18 19:30:00;31,92
2018-11-18 19:45:00;31,60
2018-11-18 20:00:00;31,40
2018-11-18 20:15:00;31,64
2018-11-18 20:30:00;30,80
2018-11-18 20:45:00;31,60
2018-11-18 21:00:00;31,16
2018-11-18 21:15:00;36,92
2018-11-18 21:30:00;36,76
2018-11-18 21:45:00;35,40
2018-11-18 22:00:00;36,00
2018-11-18 22:15:00;35,52
2018-11-18 22:30:00;36,16
2018-11-18 22:45:00;35,36
2018-11-18 23:00:00;35,68
2018-11-18 23:15:00;35,92
2018-11-18 23:30:00;36,56
2018-11-18 23:45:00;36,24
2018-11-19 00:00:00;33,68
2018-11-19 00:15:00;34,68
2018-11-19 00:30:00;34,60
2018-11-19 00:45:00;34,08
2018-11-19 01:00:00;33,08
2018-11-19 01:15:00;32,88
2018-11-19 01:30:00;32,24
2018-11-19 01:45:00;34,16
2018-11-19 02:00:00;32,04
2018-11-19 02:15:00;32,00
2018-11-19 02:30:00;32,68
2018-11-19 02:45:00;32,44
2018-11-19 03:00:00;31,32
2018-11-19 03:15:00;31,20
2018-11-19 03:30:00;30,76
2018-11-19 03:45:00;28,96
2018-11-19 04:00:00;30,32
2018-11-19 04:15:00;29,16
2018-11-19 04:30:00;29,44
2018-11-19 04:45:00;29,60
2018-11-19 05:00:00;28,52
2018-11-19 05:15:00;29,72
2018-11-19 05:30:00;30,04
2018-11-19 05:45:00;29,72
2018-11-19 06:00:00;28,60
2018-11-19 06:15:00;30,44
2018-11-19 06:30:00;32,72
2018-11-19 06:45:00;38,76
2018-11-19 07:00:00;46,16
2018-11-19 07:15:00;69,48
2018-11-19 07:30:00;89,08
2018-11-19 07:45:00;112,24
2018-11-19 08:00:00;105,60
2018-11-19 08:15:00;106,88
2018-11-19 08:30:00;113,76
2018-11-19 08:45:00;115,88
2018-11-19 09:00:00;107,04
2018-11-19 09:15:00;92,00
2018-11-19 09:30:00;90,00
2018-11-19 09:45:00;103,84
2018-11-19 10:00:00;109,28
2018-11-19 10:15:00;107,40
2018-11-19 10:30:00;100,12
2018-11-19 10:45:00;116,16
2018-11-19 11:00:00;115,60
2018-11-19 11:15:00;124,16
2018-11-19 11:30:00;108,84
2018-11-19 11:45:00;116,12
2018-11-19 12:00:00;112,88
2018-11-19 12:15:00;93,52
2018-11-19 12:30:00;80,04
2018-11-19 12:45:00;82,00
2018-11-19 13:00:00;84,04
2018-11-19 13:15:00;85,84
2018-11-19 13:30:00;90,80
2018-11-19 13:45:00;92,36
2018-11-19 14:00:00;88,92
2018-11-19 14:15:00;92,52
2018-11-19 14:30:00;98,92
2018-11-19 14:45:00;99,08
2018-11-19 15:00:00;100,24
2018-11-19 15:15:00;107,40
2018-11-19 15:30:00;113,52
2018-11-19 15:45:00;111,12
2018-11-19 16:00:00;100,80
2018-11-19 16:15:00;94,48
2018-11-19 16:30:00;102,36
2018-11-19 16:45:00;93,08
2018-11-19 17:00:00;80,28
2018-11-19 17:15:00;79,36
2018-11-19 17:30:00;75,16
2018-11-19 17:45:00;77,04
2018-11-19 18:00:00;77,04
2018-11-19 18:15:00;73,48
2018-11-19 18:30:00;64,08
2018-11-19 18:45:00;76,40
2018-11-19 19:00:00;76,72
2018-11-19 19:15:00;75,84
2018-11-19 19:30:00;74,68
2018-11-19 19:45:00;66,80
2018-11-19 20:00:00;63,32
2018-11-19 20:15:00;64,88
2018-11-19 20:30:00;56,92
2018-11-19 20:45:00;55,00
2018-11-19 21:00:00;64,72
2018-11-19 21:15:00;62,48
2018-11-19 21:30:00;59,40
2018-11-19 21:45:00;55,40
2018-11-19 22:00:00;60,88
2018-11-19 22:15:00;58,84
2018-11-19 22:30:00;56,04
2018-11-19 22:45:00;58,48
2018-11-19 23:00:00;47,32
2018-11-19 23:15:00;43,00
2018-11-19 23:30:00;36,20
2018-11-19 23:45:00;34,36
2018-11-20 00:00:00;36,12
2018-11-20 00:15:00;34,04
2018-11-20 00:30:00;34,80
2018-11-20 00:45:00;34,48
2018-11-20 01:00:00;35,36
2018-11-20 01:15:00;34,68
2018-11-20 01:30:00;34,56
2018-11-20 01:45:00;34,00
2018-11-20 02:00:00;34,64
2018-11-20 02:15:00;35,12
2018-11-20 02:30:00;34,40
2018-11-20 02:45:00;33,96
2018-11-20 03:00:00;33,20
2018-11-20 03:15:00;32,60
2018-11-20 03:30:00;33,52
2018-11-20 03:45:00;32,20
2018-11-20 04:00:00;32,08
2018-11-20 04:15:00;30,92
2018-11-20 04:30:00;31,24
2018-11-20 04:45:00;31,16
2018-11-20 05:00:00;31,40
2018-11-20 05:15:00;30,40
2018-11-20 05:30:00;31,76
2018-11-20 05:45:00;31,56
2018-11-20 06:00:00;31,48
2018-11-20 06:15:00;31,28
2018-11-20 06:30:00;36,40
2018-11-20 06:45:00;43,16
2018-11-20 07:00:00;47,36
2018-11-20 07:15:00;79,04
2018-11-20 07:30:00;94,72
2018-11-20 07:45:00;105,40
2018-11-20 08:00:00;108,44
2018-11-20 08:15:00;108,44
2018-11-20 08:30:00;102,28
2018-11-20 08:45:00;106,52
2018-11-20 09:00:00;115,00
2018-11-20 09:15:00;90,72
2018-11-20 09:30:00;81,28
2018-11-20 09:45:00;93,20
2018-11-20 10:00:00;100,24
2018-11-20 10:15:00;101,08
2018-11-20 10:30:00;108,24
2018-11-20 10:45:00;111,04
2018-11-20 11:00:00;99,16
2018-11-20 11:15:00;113,44
2018-11-20 11:30:00;110,32
2018-11-20 11:45:00;98,84
2018-11-20 12:00:00;90,92
2018-11-20 12:15:00;86,04
2018-11-20 12:30:00;70,28
2018-11-20 12:45:00;73,76
2018-11-20 13:00:00;92,68
2018-11-20 13:15:00;96,20
2018-11-20 13:30:00;104,44
2018-11-20 13:45:00;104,80
2018-11-20 14:00:00;111,36
2018-11-20 14:15:00;104,60
2018-11-20 14:30:00;120,00
2018-11-20 14:45:00;116,08
2018-11-20 15:00:00;113,40
2018-11-20 15:15:00;118,08
2018-11-20 15:30:00;121,48
2018-11-20 15:45:00;104,80
2018-11-20 16:00:00;111,68
2018-11-20 16:15:00;105,04
2018-11-20 16:30:00;97,68
2018-11-20 16:45:00;102,72
2018-11-20 17:00:00;89,52
2018-11-20 17:15:00;83,12
2018-11-20 17:30:00;85,12
2018-11-20 17:45:00;78,72
2018-11-20 18:00:00;75,00
2018-11-20 18:15:00;66,64
2018-11-20 18:30:00;75,16
2018-11-20 18:45:00;86,24
2018-11-20 19:00:00;74,60
2018-11-20 19:15:00;62,28
2018-11-20 19:30:00;52,16
2018-11-20 19:45:00;54,76
2018-11-20 20:00:00;51,56
2018-11-20 20:15:00;51,16
2018-11-20 20:30:00;50,88
2018-11-20 20:45:00;49,76
2018-11-20 21:00:00;50,08
2018-11-20 21:15:00;53,32
2018-11-20 21:30:00;52,00
2018-11-20 21:45:00;43,44
2018-11-20 22:00:00;44,52
2018-11-20 22:15:00;45,32
2018-11-20 22:30:00;43,92
2018-11-20 22:45:00;40,60
2018-11-20 23:00:00;37,32
2018-11-20 23:15:00;38,48
2018-11-20 23:30:00;39,40
2018-11-20 23:45:00;39,40
2018-11-21 00:00:00;36,32
2018-11-21 00:15:00;37,12
2018-11-21 00:30:00;38,36
2018-11-21 00:45:00;41,72
2018-11-21 01:00:00;39,00
2018-11-21 01:15:00;36,84
2018-11-21 01:30:00;38,36
2018-11-21 01:45:00;39,08
2018-11-21 02:00:00;39,44
2018-11-21 02:15:00;37,68
2018-11-21 02:30:00;36,84
2018-11-21 02:45:00;38,12
2018-11-21 03:00:00;37,48
2018-11-21 03:15:00;37,12
2018-11-21 03:30:00;36,08
2018-11-21 03:45:00;34,96
2018-11-21 04:00:00;35,92
2018-11-21 04:15:00;35,48
2018-11-21 04:30:00;35,52
2018-11-21 04:45:00;34,24
2018-11-21 05:00:00;34,40
2018-11-21 05:15:00;35,72
2018-11-21 05:30:00;36,04
2018-11-21 05:45:00;33,48
2018-11-21 06:00:00;35,12
2018-11-21 06:15:00;35,44
2018-11-21 06:30:00;36,08
2018-11-21 06:45:00;42,40
2018-11-21 07:00:00;44,20
2018-11-21 07:15:00;84,68
2018-11-21 07:30:00;115,16
2018-11-21 07:45:00;113,88
2018-11-21 08:00:00;117,52
2018-11-21 08:15:00;131,48
2018-11-21 08:30:00;125,20
2018-11-21 08:45:00;139,20
2018-11-21 09:00:00;126,80
2018-11-21 09:15:00;117,24
2018-11-21 09:30:00;107,92
2018-11-21 09:45:00;122,64
2018-11-21 10:00:00;131,04
2018-11-21 10:15:00;139,64
2018-11-21 10:30:00;138,08
2018-11-21 10:45:00;127,92
2018-11-21 11:00:00;145,32
2018-11-21 11:15:00;133,48
2018-11-21 11:30:00;124,20
2018-11-21 11:45:00;121,00
2018-11-21 12:00:00;118,92
2018-11-21 12:15:00;103,96
2018-11-21 12:30:00;92,64
2018-11-21 12:45:00;103,68
2018-11-21 13:00:00;116,48
2018-11-21 13:15:00;133,28
2018-11-21 13:30:00;130,44
2018-11-21 13:45:00;131,52
2018-11-21 14:00:00;130,60
2018-11-21 14:15:00;131,68
2018-11-21 14:30:00;128,00
2018-11-21 14:45:00;121,64
2018-11-21 15:00:00;126,48
2018-11-21 15:15:00;131,20
2018-11-21 15:30:00;122,52
2018-11-21 15:45:00;122,88
2018-11-21 16:00:00;132,72
2018-11-21 16:15:00;134,84
2018-11-21 16:30:00;129,20
2018-11-21 16:45:00;110,72
2018-11-21 17:00:00;100,40
2018-11-21 17:15:00;81,76
2018-11-21 17:30:00;79,44
2018-11-21 17:45:00;78,28
2018-11-21 18:00:00;74,44
2018-11-21 18:15:00;82,60
2018-11-21 18:30:00;77,92
2018-11-21 18:45:00;74,36
2018-11-21 19:00:00;67,04
2018-11-21 19:15:00;62,28
2018-11-21 19:30:00;57,60
2018-11-21 19:45:00;52,76
2018-11-21 20:00:00;54,92
2018-11-21 20:15:00;53,96
2018-11-21 20:30:00;51,80
2018-11-21 20:45:00;47,72
2018-11-21 21:00:00;47,32
2018-11-21 21:15:00;42,84
2018-11-21 21:30:00;45,20
2018-11-21 21:45:00;40,80
2018-11-21 22:00:00;41,56
2018-11-21 22:15:00;41,36
2018-11-21 22:30:00;43,36
2018-11-21 22:45:00;41,12
2018-11-21 23:00:00;41,44
2018-11-21 23:15:00;41,16
2018-11-21 23:30:00;43,64
2018-11-21 23:45:00;40,80
2018-11-22 00:00:00;40,48
2018-11-22 00:15:00;42,84
2018-11-22 00:30:00;42,48
2018-11-22 00:45:00;41,88
2018-11-22 01:00:00;40,44
2018-11-22 01:15:00;42,28
2018-11-22 01:30:00;42,36
2018-11-22 01:45:00;41,76
2018-11-22 02:00:00;40,64
2018-11-22 02:15:00;42,04
2018-11-22 02:30:00;43,64
2018-11-22 02:45:00;40,76
2018-11-22 03:00:00;40,76
2018-11-22 03:15:00;42,60
2018-11-22 03:30:00;42,72
2018-11-22 03:45:00;40,36
2018-11-22 04:00:00;39,52
2018-11-22 04:15:00;37,04
2018-11-22 04:30:00;37,60
2018-11-22 04:45:00;37,32
2018-11-22 05:00:00;36,72
2018-11-22 05:15:00;34,56
2018-11-22 05:30:00;34,48
2018-11-22 05:45:00;34,24
2018-11-22 06:00:00;34,40
2018-11-22 06:15:00;34,44
2018-11-22 06:30:00;39,88
2018-11-22 06:45:00;52,64
2018-11-22 07:00:00;55,28
2018-11-22 07:15:00;78,08
2018-11-22 07:30:00;106,08
2018-11-22 07:45:00;109,60
2018-11-22 08:00:00;116,12
2018-11-22 08:15:00;130,60
2018-11-22 08:30:00;126,68
2018-11-22 08:45:00;134,48
2018-11-22 09:00:00;133,72
2018-11-22 09:15:00;113,16
2018-11-22 09:30:00;117,40
2018-11-22 09:45:00;133,56
2018-11-22 10:00:00;131,00
2018-11-22 10:15:00;126,16
2018-11-22 10:30:00;118,96
2018-11-22 10:45:00;134,12
2018-11-22 11:00:00;145,28
2018-11-22 11:15:00;146,04
2018-11-22 11:30:00;154,00
2018-11-22 11:45:00;142,60
2018-11-22 12:00:00;134,44
2018-11-22 12:15:00;115,84
2018-11-22 12:30:00;105,88
2018-11-22 12:45:00;107,04
2018-11-22 13:00:00;126,48
2018-11-22 13:15:00;133,40
2018-11-22 13:30:00;146,56
2018-11-22 13:45:00;145,88
2018-11-22 14:00:00;134,72
2018-11-22 14:15:00;136,04
2018-11-22 14:30:00;145,84
2018-11-22 14:45:00;141,24
2018-11-22 15:00:00;141,92
2018-11-22 15:15:00;150,96
2018-11-22 15:30:00;140,68
2018-11-22 15:45:00;142,88
2018-11-22 16:00:00;155,84
2018-11-22 16:15:00;149,00
2018-11-22 16:30:00;136,96
2018-11-22 16:45:00;108,00
2018-11-22 17:00:00;94,84
2018-11-22 17:15:00;88,32
2018-11-22 17:30:00;82,00
2018-11-22 17:45:00;77,64
2018-11-22 18:00:00;83,72
2018-11-22 18:15:00;76,04
2018-11-22 18:30:00;67,16
2018-11-22 18:45:00;67,88
2018-11-22 19:00:00;57,16
2018-11-22 19:15:00;58,16
2018-11-22 19:30:00;61,24
2018-11-22 19:45:00;61,32
2018-11-22 20:00:00;58,84
2018-11-22 20:15:00;53,80
2018-11-22 20:30:00;52,60
2018-11-22 20:45:00;46,64
2018-11-22 21:00:00;44,04
2018-11-22 21:15:00;43,48
2018-11-22 21:30:00;39,68
2018-11-22 21:45:00;42,16
2018-11-22 22:00:00;41,24
2018-11-22 22:15:00;41,04
2018-11-22 22:30:00;42,04
2018-11-22 22:45:00;40,64
2018-11-22 23:00:00;41,72
2018-11-22 23:15:00;41,12
2018-11-22 23:30:00;41,72
2018-11-22 23:45:00;41,64
2018-11-23 00:00:00;40,60
2018-11-23 00:15:00;40,80
2018-11-23 00:30:00;41,80
2018-11-23 00:45:00;41,44
2018-11-23 01:00:00;41,64
2018-11-23 01:15:00;40,20
2018-11-23 01:30:00;42,04
2018-11-23 01:45:00;41,00
2018-11-23 02:00:00;41,60
2018-11-23 02:15:00;42,76
2018-11-23 02:30:00;41,00
2018-11-23 02:45:00;42,52
2018-11-23 03:00:00;40,88
2018-11-23 03:15:00;41,36
2018-11-23 03:30:00;41,64
2018-11-23 03:45:00;39,08
2018-11-23 04:00:00;39,56
2018-11-23 04:15:00;40,36
2018-11-23 04:30:00;39,00
2018-11-23 04:45:00;39,64
2018-11-23 05:00:00;36,92
2018-11-23 05:15:00;38,60
2018-11-23 05:30:00;37,44
2018-11-23 05:45:00;37,40
2018-11-23 06:00:00;39,12
2018-11-23 06:15:00;38,96
2018-11-23 06:30:00;40,52
2018-11-23 06:45:00;43,80
2018-11-23 07:00:00;53,16
2018-11-23 07:15:00;95,00
2018-11-23 07:30:00;122,40
2018-11-23 07:45:00;130,84
2018-11-23 08:00:00;136,68
2018-11-23 08:15:00;152,08
2018-11-23 08:30:00;153,60
2018-11-23 08:45:00;144,60
2018-11-23 09:00:00;131,40
2018-11-23 09:15:00;115,96
2018-11-23 09:30:00;120,72
2018-11-23 09:45:00;141,88
2018-11-23 10:00:00;125,44
2018-11-23 10:15:00;124,16
2018-11-23 10:30:00;128,96
2018-11-23 10:45:00;121,76
2018-11-23 11:00:00;125,84
2018-11-23 11:15:00;131,60
2018-11-23 11:30:00;126,56
2018-11-23 11:45:00;118,32
2018-11-23 12:00:00;118,92
2018-11-23 12:15:00;105,04
2018-11-23 12:30:00;89,88
2018-11-23 12:45:00;87,96
2018-11-23 13:00:00;100,12
2018-11-23 13:15:00;105,00
2018-11-23 13:30:00;105,80
2018-11-23 13:45:00;104,16
2018-11-23 14:00:00;101,20
2018-11-23 14:15:00;107,44
2018-11-23 14:30:00;100,96
2018-11-23 14:45:00;105,64
2018-11-23 15:00:00;99,52
2018-11-23 15:15:00;89,96
2018-11-23 15:30:00;95,12
2018-11-23 15:45:00;86,68
2018-11-23 16:00:00;83,72
2018-11-23 16:15:00;70,64
2018-11-23 16:30:00;69,96
2018-11-23 16:45:00;60,60
2018-11-23 17:00:00;65,20
2018-11-23 17:15:00;60,48
2018-11-23 17:30:00;57,64
2018-11-23 17:45:00;55,88
2018-11-23 18:00:00;55,80
2018-11-23 18:15:00;54,52
2018-11-23 18:30:00;53,68
2018-11-23 18:45:00;49,72
2018-11-23 19:00:00;46,36
2018-11-23 19:15:00;42,32
2018-11-23 19:30:00;33,28
2018-11-23 19:45:00;31,32
2018-11-23 20:00:00;30,24
2018-11-23 20:15:00;30,04
2018-11-23 20:30:00;30,52
2018-11-23 20:45:00;32,20
2018-11-23 21:00:00;31,40
2018-11-23 21:15:00;35,32
2018-11-23 21:30:00;36,76
2018-11-23 21:45:00;34,32
2018-11-23 22:00:00;33,88
2018-11-23 22:15:00;34,84
2018-11-23 22:30:00;34,20
2018-11-23 22:45:00;34,68
2018-11-23 23:00:00;34,08
2018-11-23 23:15:00;34,32
2018-11-23 23:30:00;34,16
2018-11-23 23:45:00;35,24
2018-11-24 00:00:00;34,24
2018-11-24 00:15:00;33,48
2018-11-24 00:30:00;34,76
2018-11-24 00:45:00;34,68
2018-11-24 01:00:00;34,56
2018-11-24 01:15:00;34,12
2018-11-24 01:30:00;34,36
2018-11-24 01:45:00;34,80
2018-11-24 02:00:00;35,40
2018-11-24 02:15:00;33,32
2018-11-24 02:30:00;34,76
2018-11-24 02:45:00;33,76
2018-11-24 03:00:00;35,64
2018-11-24 03:15:00;32,84
2018-11-24 03:30:00;31,76
2018-11-24 03:45:00;33,08
2018-11-24 04:00:00;33,44
2018-11-24 04:15:00;30,32
2018-11-24 04:30:00;31,08
2018-11-24 04:45:00;30,92
2018-11-24 05:00:00;30,80
2018-11-24 05:15:00;31,24
2018-11-24 05:30:00;30,04
2018-11-24 05:45:00;31,04
2018-11-24 06:00:00;30,44
2018-11-24 06:15:00;32,40
2018-11-24 06:30:00;29,32
2018-11-24 06:45:00;32,28
2018-11-24 07:00:00;33,44
2018-11-24 07:15:00;32,68
2018-11-24 07:30:00;33,28
2018-11-24 07:45:00;31,40
2018-11-24 08:00:00;30,80
2018-11-24 08:15:00;31,32
2018-11-24 08:30:00;31,96
2018-11-24 08:45:00;31,72
2018-11-24 09:00:00;29,16
2018-11-24 09:15:00;29,32
2018-11-24 09:30:00;29,52
2018-11-24 09:45:00;30,16
2018-11-24 10:00:00;29,52
2018-11-24 10:15:00;30,32
2018-11-24 10:30:00;32,36
2018-11-24 10:45:00;34,60
2018-11-24 11:00:00;39,04
2018-11-24 11:15:00;35,76
2018-11-24 11:30:00;37,08
2018-11-24 11:45:00;36,68
2018-11-24 12:00:00;39,24
2018-11-24 12:15:00;42,24
2018-11-24 12:30:00;41,88
2018-11-24 12:45:00;41,84
2018-11-24 13:00:00;41,68
2018-11-24 13:15:00;41,56
2018-11-24 13:30:00;42,68
2018-11-24 13:45:00;44,60
2018-11-24 14:00:00;41,52
2018-11-24 14:15:00;44,56
2018-11-24 14:30:00;44,20
2018-11-24 14:45:00;52,12
2018-11-24 15:00:00;55,44
2018-11-24 15:15:00;48,84
2018-11-24 15:30:00;51,16
2018-11-24 15:45:00;50,76
2018-11-24 16:00:00;51,96
2018-11-24 16:15:00;52,76
2018-11-24 16:30:00;50,96
2018-11-24 16:45:00;54,56
2018-11-24 17:00:00;49,12
2018-11-24 17:15:00;43,64
2018-11-24 17:30:00;40,28
2018-11-24 17:45:00;43,48
2018-11-24 18:00:00;43,36
2018-11-24 18:15:00;49,76
2018-11-24 18:30:00;60,24
2018-11-24 18:45:00;49,88
2018-11-24 19:00:00;54,76
2018-11-24 19:15:00;58,84
2018-11-24 19:30:00;62,64
2018-11-24 19:45:00;55,68
2018-11-24 20:00:00;45,32
2018-11-24 20:15:00;62,76
2018-11-24 20:30:00;66,80
2018-11-24 20:45:00;65,32
2018-11-24 21:00:00;66,64
2018-11-24 21:15:00;72,12
2018-11-24 21:30:00;68,28
2018-11-24 21:45:00;72,56
2018-11-24 22:00:00;70,64
2018-11-24 22:15:00;62,04
2018-11-24 22:30:00;40,32
2018-11-24 22:45:00;42,08
2018-11-24 23:00:00;40,80
2018-11-24 23:15:00;42,52
2018-11-24 23:30:00;40,40
2018-11-24 23:45:00;42,00
2018-11-25 00:00:00;41,48
2018-11-25 00:15:00;41,80
2018-11-25 00:30:00;40,24
2018-11-25 00:45:00;42,36
2018-11-25 01:00:00;41,68
2018-11-25 01:15:00;42,24
2018-11-25 01:30:00;40,20
2018-11-25 01:45:00;41,68
2018-11-25 02:00:00;41,32
2018-11-25 02:15:00;40,04
2018-11-25 02:30:00;38,36
2018-11-25 02:45:00;39,92
2018-11-25 03:00:00;39,28
2018-11-25 03:15:00;38,20
2018-11-25 03:30:00;38,68
2018-11-25 03:45:00;39,36
2018-11-25 04:00:00;37,12
2018-11-25 04:15:00;37,52
2018-11-25 04:30:00;38,36
2018-11-25 04:45:00;37,64
2018-11-25 05:00:00;39,12
2018-11-25 05:15:00;37,56
2018-11-25 05:30:00;36,64
2018-11-25 05:45:00;38,24
2018-11-25 06:00:00;37,92
2018-11-25 06:15:00;37,64
2018-11-25 06:30:00;38,04
2018-11-25 06:45:00;37,72
2018-11-25 07:00:00;38,72
2018-11-25 07:15:00;37,76
2018-11-25 07:30:00;37,68
2018-11-25 07:45:00;37,60
2018-11-25 08:00:00;37,40
2018-11-25 08:15:00;38,00
2018-11-25 08:30:00;37,40
2018-11-25 08:45:00;37,84
2018-11-25 09:00:00;35,52
2018-11-25 09:15:00;35,52
2018-11-25 09:30:00;33,48
2018-11-25 09:45:00;34,88
2018-11-25 10:00:00;33,00
2018-11-25 10:15:00;33,56
2018-11-25 10:30:00;32,92
2018-11-25 10:45:00;34,56
2018-11-25 11:00:00;36,24
2018-11-25 11:15:00;45,64
2018-11-25 11:30:00;47,28
2018-11-25 11:45:00;49,12
2018-11-25 12:00:00;46,12
2018-11-25 12:15:00;44,04
2018-11-25 12:30:00;44,20
2018-11-25 12:45:00;45,92
2018-11-25 13:00:00;41,96
2018-11-25 13:15:00;41,52
2018-11-25 13:30:00;40,56
2018-11-25 13:45:00;44,04
2018-11-25 14:00:00;43,12
2018-11-25 14:15:00;36,40
2018-11-25 14:30:00;38,88
2018-11-25 14:45:00;37,72
2018-11-25 15:00:00;37,76
2018-11-25 15:15:00;37,24
2018-11-25 15:30:00;36,00
2018-11-25 15:45:00;36,28
2018-11-25 16:00:00;36,00
2018-11-25 16:15:00;36,48
2018-11-25 16:30:00;40,56
2018-11-25 16:45:00;42,52
2018-11-25 17:00:00;42,04
2018-11-25 17:15:00;42,32
2018-11-25 17:30:00;39,72
2018-11-25 17:45:00;38,36
2018-11-25 18:00:00;36,56
2018-11-25 18:15:00;33,40
2018-11-25 18:30:00;33,68
2018-11-25 18:45:00;33,92
2018-11-25 19:00:00;33,44
2018-11-25 19:15:00;34,56
2018-11-25 19:30:00;34,00
2018-11-25 19:45:00;34,76
2018-11-25 20:00:00;34,68
2018-11-25 20:15:00;36,80
2018-11-25 20:30:00;34,40
2018-11-25 20:45:00;35,60
2018-11-25 21:00:00;35,40
2018-11-25 21:15:00;37,16
2018-11-25 21:30:00;39,80
2018-11-25 21:45:00;38,60
2018-11-25 22:00:00;38,16
2018-11-25 22:15:00;39,52
2018-11-25 22:30:00;36,76
2018-11-25 22:45:00;36,84
2018-11-25 23:00:00;39,36
2018-11-25 23:15:00;34,72
2018-11-25 23:30:00;35,28
2018-11-25 23:45:00;35,44
2018-11-26 00:00:00;34,84
2018-11-26 00:15:00;35,16
2018-11-26 00:30:00;35,88
2018-11-26 00:45:00;33,56
2018-11-26 01:00:00;36,32
2018-11-26 01:15:00;35,84
2018-11-26 01:30:00;33,32
2018-11-26 01:45:00;35,20
2018-11-26 02:00:00;35,64
2018-11-26 02:15:00;33,72
2018-11-26 02:30:00;32,96
2018-11-26 02:45:00;33,88
2018-11-26 03:00:00;31,68
2018-11-26 03:15:00;31,40
2018-11-26 03:30:00;32,64
2018-11-26 03:45:00;31,16
2018-11-26 04:00:00;31,36
2018-11-26 04:15:00;31,76
2018-11-26 04:30:00;31,52
2018-11-26 04:45:00;31,84
2018-11-26 05:00:00;32,00
2018-11-26 05:15:00;31,20
2018-11-26 05:30:00;31,20
2018-11-26 05:45:00;31,68
2018-11-26 06:00:00;31,84
2018-11-26 06:15:00;32,92
2018-11-26 06:30:00;38,88
2018-11-26 06:45:00;43,20
2018-11-26 07:00:00;47,44
2018-11-26 07:15:00;86,24
2018-11-26 07:30:00;119,96
2018-11-26 07:45:00;130,52
2018-11-26 08:00:00;124,20
2018-11-26 08:15:00;120,24
2018-11-26 08:30:00;124,96
2018-11-26 08:45:00;114,12
2018-11-26 09:00:00;107,40
2018-11-26 09:15:00;89,40
2018-11-26 09:30:00;105,24
2018-11-26 09:45:00;113,68
2018-11-26 10:00:00;109,28
2018-11-26 10:15:00;105,28
2018-11-26 10:30:00;109,08
2018-11-26 10:45:00;114,68
2018-11-26 11:00:00;107,36
2018-11-26 11:15:00;111,40
2018-11-26 11:30:00;114,60
2018-11-26 11:45:00;114,92
2018-11-26 12:00:00;113,08
2018-11-26 12:15:00;105,40
2018-11-26 12:30:00;94,00
2018-11-26 12:45:00;100,52
2018-11-26 13:00:00;122,96
2018-11-26 13:15:00;124,56
2018-11-26 13:30:00;130,36
2018-11-26 13:45:00;124,52
2018-11-26 14:00:00;129,96
2018-11-26 14:15:00;124,76
2018-11-26 14:30:00;120,80
2018-11-26 14:45:00;129,72
2018-11-26 15:00:00;122,76
2018-11-26 15:15:00;140,48
2018-11-26 15:30:00;141,48
2018-11-26 15:45:00;134,96
2018-11-26 16:00:00;137,52
2018-11-26 16:15:00;134,28
2018-11-26 16:30:00;117,48
2018-11-26 16:45:00;99,40
2018-11-26 17:00:00;97,56
2018-11-26 17:15:00;90,52
2018-11-26 17:30:00;88,48
2018-11-26 17:45:00;90,76
2018-11-26 18:00:00;85,04
2018-11-26 18:15:00;79,76
2018-11-26 18:30:00;76,24
2018-11-26 18:45:00;71,36
2018-11-26 19:00:00;68,80
2018-11-26 19:15:00;62,12
2018-11-26 19:30:00;55,28
2018-11-26 19:45:00;55,40
2018-11-26 20:00:00;53,76
2018-11-26 20:15:00;51,60
2018-11-26 20:30:00;45,88
2018-11-26 20:45:00;41,88
2018-11-26 21:00:00;42,60
2018-11-26 21:15:00;44,80
2018-11-26 21:30:00;47,12
2018-11-26 21:45:00;44,44
2018-11-26 22:00:00;45,40
2018-11-26 22:15:00;45,12
2018-11-26 22:30:00;46,24
2018-11-26 22:45:00;44,32
2018-11-26 23:00:00;45,88
2018-11-26 23:15:00;45,16
2018-11-26 23:30:00;45,88
2018-11-26 23:45:00;45,56
2018-11-27 00:00:00;45,52
2018-11-27 00:15:00;43,64
2018-11-27 00:30:00;38,12
2018-11-27 00:45:00;36,04
2018-11-27 01:00:00;38,24
2018-11-27 01:15:00;36,32
2018-11-27 01:30:00;34,80
2018-11-27 01:45:00;35,68
2018-11-27 02:00:00;34,76
2018-11-27 02:15:00;36,08
2018-11-27 02:30:00;35,08
2018-11-27 02:45:00;33,80
2018-11-27 03:00:00;34,04
2018-11-27 03:15:00;32,60
2018-11-27 03:30:00;32,80
2018-11-27 03:45:00;34,16
2018-11-27 04:00:00;31,20
2018-11-27 04:15:00;32,12
2018-11-27 04:30:00;29,80
2018-11-27 04:45:00;28,40
2018-11-27 05:00:00;28,20
2018-11-27 05:15:00;28,96
2018-11-27 05:30:00;27,08
2018-11-27 05:45:00;27,24
2018-11-27 06:00:00;28,40
2018-11-27 06:15:00;28,12
2018-11-27 06:30:00;39,64
2018-11-27 06:45:00;47,48
2018-11-27 07:00:00;56,32
2018-11-27 07:15:00;82,68
2018-11-27 07:30:00;108,08
2018-11-27 07:45:00;118,52
2018-11-27 08:00:00;125,08
2018-11-27 08:15:00;139,48
2018-11-27 08:30:00;124,28
2018-11-27 08:45:00;133,12
2018-11-27 09:00:00;135,56
2018-11-27 09:15:00;99,08
2018-11-27 09:30:00;115,24
2018-11-27 09:45:00;128,28
2018-11-27 10:00:00;123,44
2018-11-27 10:15:00;112,80
2018-11-27 10:30:00;129,92
2018-11-27 10:45:00;140,00
2018-11-27 11:00:00;123,04
2018-11-27 11:15:00;121,32
2018-11-27 11:30:00;130,72
2018-11-27 11:45:00;125,84
2018-11-27 12:00:00;128,92
2018-11-27 12:15:00;100,04
2018-11-27 12:30:00;88,68
2018-11-27 12:45:00;106,12
2018-11-27 13:00:00;131,64
2018-11-27 13:15:00;126,56
2018-11-27 13:30:00;122,40
2018-11-27 13:45:00;127,12
2018-11-27 14:00:00;123,28
2018-11-27 14:15:00;131,76
2018-11-27 14:30:00;119,24
2018-11-27 14:45:00;112,52
2018-11-27 15:00:00;125,28
2018-11-27 15:15:00;110,28
2018-11-27 15:30:00;114,08
2018-11-27 15:45:00;119,08
2018-11-27 16:00:00;131,36
2018-11-27 16:15:00;122,56
2018-11-27 16:30:00;128,36
2018-11-27 16:45:00;81,52
2018-11-27 17:00:00;74,60
2018-11-27 17:15:00;71,96
2018-11-27 17:30:00;62,36
2018-11-27 17:45:00;60,56
2018-11-27 18:00:00;56,88
2018-11-27 18:15:00;54,88
2018-11-27 18:30:00;50,68
2018-11-27 18:45:00;52,40
2018-11-27 19:00:00;47,40
2018-11-27 19:15:00;51,44
2018-11-27 19:30:00;50,64
2018-11-27 19:45:00;51,28
2018-11-27 20:00:00;49,40
2018-11-27 20:15:00;51,80
2018-11-27 20:30:00;47,64
2018-11-27 20:45:00;48,16
2018-11-27 21:00:00;46,28
2018-11-27 21:15:00;50,48
2018-11-27 21:30:00;50,88
2018-11-27 21:45:00;50,76
2018-11-27 22:00:00;51,00
2018-11-27 22:15:00;51,24
2018-11-27 22:30:00;49,36
2018-11-27 22:45:00;52,16
2018-11-27 23:00:00;51,60
2018-11-27 23:15:00;50,76
2018-11-27 23:30:00;49,00
2018-11-27 23:45:00;48,80
2018-11-28 00:00:00;41,44
2018-11-28 00:15:00;40,52
2018-11-28 00:30:00;42,12
2018-11-28 00:45:00;39,44
2018-11-28 01:00:00;38,76
2018-11-28 01:15:00;38,20
2018-11-28 01:30:00;39,00
2018-11-28 01:45:00;38,40
2018-11-28 02:00:00;37,40
2018-11-28 02:15:00;38,64
2018-11-28 02:30:00;38,24
2018-11-28 02:45:00;38,88
2018-11-28 03:00:00;38,92
2018-11-28 03:15:00;38,52
2018-11-28 03:30:00;36,32
2018-11-28 03:45:00;37,20
2018-11-28 04:00:00;35,72
2018-11-28 04:15:00;36,60
2018-11-28 04:30:00;37,36
2018-11-28 04:45:00;35,88
2018-11-28 05:00:00;34,60
2018-11-28 05:15:00;30,36
2018-11-28 05:30:00;31,16
2018-11-28 05:45:00;31,64
2018-11-28 06:00:00;30,80
2018-11-28 06:15:00;33,28
2018-11-28 06:30:00;36,88
2018-11-28 06:45:00;43,84
2018-11-28 07:00:00;44,28
2018-11-28 07:15:00;74,48
2018-11-28 07:30:00;89,96
2018-11-28 07:45:00;100,20
2018-11-28 08:00:00;107,52
2018-11-28 08:15:00;101,60
2018-11-28 08:30:00;107,44
2018-11-28 08:45:00;115,60
2018-11-28 09:00:00;119,52
2018-11-28 09:15:00;99,08
2018-11-28 09:30:00;114,56
2018-11-28 09:45:00;108,96
2018-11-28 10:00:00;109,00
2018-11-28 10:15:00;115,68
2018-11-28 10:30:00;113,56
2018-11-28 10:45:00;109,92
2018-11-28 11:00:00;121,00
2018-11-28 11:15:00;127,08
2018-11-28 11:30:00;130,20
2018-11-28 11:45:00;138,36
2018-11-28 12:00:00;125,52
2018-11-28 12:15:00;106,96
2018-11-28 12:30:00;95,20
2018-11-28 12:45:00;108,56
2018-11-28 13:00:00;116,92
2018-11-28 13:15:00;120,92
2018-11-28 13:30:00;119,32
2018-11-28 13:45:00;124,32
2018-11-28 14:00:00;128,00
2018-11-28 14:15:00;139,76
2018-11-28 14:30:00;129,68
2018-11-28 14:45:00;123,76
2018-11-28 15:00:00;136,76
2018-11-28 15:15:00;120,92
2018-11-28 15:30:00;122,84
2018-11-28 15:45:00;116,40
2018-11-28 16:00:00;120,36
2018-11-28 16:15:00;120,44
2018-11-28 16:30:00;105,64
2018-11-28 16:45:00;95,20
2018-11-28 17:00:00;93,28
2018-11-28 17:15:00;88,56
2018-11-28 17:30:00;85,80
2018-11-28 17:45:00;84,28
2018-11-28 18:00:00;76,60
2018-11-28 18:15:00;70,68
2018-11-28 18:30:00;61,92
2018-11-28 18:45:00;60,00
2018-11-28 19:00:00;58,04
2018-11-28 19:15:00;56,96
2018-11-28 19:30:00;52,28
2018-11-28 19:45:00;52,32
2018-11-28 20:00:00;49,28
2018-11-28 20:15:00;43,52
2018-11-28 20:30:00;44,48
2018-11-28 20:45:00;40,64
2018-11-28 21:00:00;40,08
2018-11-28 21:15:00;43,28
2018-11-28 21:30:00;45,64
2018-11-28 21:45:00;43,48
2018-11-28 22:00:00;43,64
2018-11-28 22:15:00;43,12
2018-11-28 22:30:00;43,20
2018-11-28 22:45:00;43,08
2018-11-28 23:00:00;43,20
2018-11-28 23:15:00;43,72
2018-11-28 23:30:00;42,32
2018-11-28 23:45:00;42,72
2018-11-29 00:00:00;42,68
2018-11-29 00:15:00;42,48
2018-11-29 00:30:00;36,12
2018-11-29 00:45:00;35,36
2018-11-29 01:00:00;35,28
2018-11-29 01:15:00;33,88
2018-11-29 01:30:00;34,00
2018-11-29 01:45:00;34,04
2018-11-29 02:00:00;33,60
2018-11-29 02:15:00;31,32
2018-11-29 02:30:00;32,04
2018-11-29 02:45:00;31,60
2018-11-29 03:00:00;33,04
2018-11-29 03:15:00;32,20
2018-11-29 03:30:00;32,08
2018-11-29 03:45:00;31,32
2018-11-29 04:00:00;32,76
2018-11-29 04:15:00;31,84
2018-11-29 04:30:00;30,48
2018-11-29 04:45:00;29,76
2018-11-29 05:00:00;30,12
2018-11-29 05:15:00;30,84
2018-11-29 05:30:00;29,40
2018-11-29 05:45:00;27,88
2018-11-29 06:00:00;28,36
2018-11-29 06:15:00;30,84
2018-11-29 06:30:00;31,52
2018-11-29 06:45:00;45,12
2018-11-29 07:00:00;51,32
2018-11-29 07:15:00;78,12
2018-11-29 07:30:00;92,88
2018-11-29 07:45:00;94,20
2018-11-29 08:00:00;107,28
2018-11-29 08:15:00;101,12
2018-11-29 08:30:00;106,44
2018-11-29 08:45:00;116,44
2018-11-29 09:00:00;111,12
2018-11-29 09:15:00;102,32
2018-11-29 09:30:00;116,84
2018-11-29 09:45:00;130,92
2018-11-29 10:00:00;131,84
2018-11-29 10:15:00;133,00
2018-11-29 10:30:00;136,72
2018-11-29 10:45:00;129,48
2018-11-29 11:00:00;130,36
2018-11-29 11:15:00;131,20
2018-11-29 11:30:00;127,72
2018-11-29 11:45:00;130,96
2018-11-29 12:00:00;119,96
2018-11-29 12:15:00;111,76
2018-11-29 12:30:00;106,20
2018-11-29 12:45:00;110,64
2018-11-29 13:00:00;118,24
2018-11-29 13:15:00;122,84
2018-11-29 13:30:00;128,16
2018-11-29 13:45:00;122,20
2018-11-29 14:00:00;133,36
2018-11-29 14:15:00;137,04
2018-11-29 14:30:00;129,16
2018-11-29 14:45:00;121,48
2018-11-29 15:00:00;123,72
2018-11-29 15:15:00;122,28
2018-11-29 15:30:00;114,36
2018-11-29 15:45:00;121,60
2018-11-29 16:00:00;113,72
2018-11-29 16:15:00;125,96
2018-11-29 16:30:00;117,24
2018-11-29 16:45:00;110,24
2018-11-29 17:00:00;109,12
2018-11-29 17:15:00;89,52
2018-11-29 17:30:00;80,48
2018-11-29 17:45:00;64,56
2018-11-29 18:00:00;61,60
2018-11-29 18:15:00;51,20
2018-11-29 18:30:00;42,76
2018-11-29 18:45:00;41,64
2018-11-29 19:00:00;41,12
2018-11-29 19:15:00;39,88
2018-11-29 19:30:00;39,20
2018-11-29 19:45:00;38,40
2018-11-29 20:00:00;38,28
2018-11-29 20:15:00;37,48
2018-11-29 20:30:00;35,72
2018-11-29 20:45:00;35,88
2018-11-29 21:00:00;36,48
2018-11-29 21:15:00;40,36
2018-11-29 21:30:00;39,92
2018-11-29 21:45:00;39,64
2018-11-29 22:00:00;38,92
2018-11-29 22:15:00;41,36
2018-11-29 22:30:00;40,32
2018-11-29 22:45:00;41,04
2018-11-29 23:00:00;38,72
2018-11-29 23:15:00;39,88
2018-11-29 23:30:00;41,24
2018-11-29 23:45:00;39,28
2018-11-30 00:00:00;39,48
2018-11-30 00:15:00;39,80
2018-11-30 00:30:00;37,68
2018-11-30 00:45:00;40,68
2018-11-30 01:00:00;39,96
2018-11-30 01:15:00;39,92
2018-11-30 01:30:00;38,72
2018-11-30 01:45:00;38,28
2018-11-30 02:00:00;39,80
2018-11-30 02:15:00;37,76
2018-11-30 02:30:00;37,32
2018-11-30 02:45:00;35,68
2018-11-30 03:00:00;36,68
2018-11-30 03:15:00;37,16
2018-11-30 03:30:00;35,96
2018-11-30 03:45:00;36,76
2018-11-30 04:00:00;37,20
2018-11-30 04:15:00;35,56
2018-11-30 04:30:00;37,32
2018-11-30 04:45:00;34,28
2018-11-30 05:00:00;34,40
2018-11-30 05:15:00;34,48
2018-11-30 05:30:00;33,64
2018-11-30 05:45:00;33,08
2018-11-30 06:00:00;33,92
2018-11-30 06:15:00;35,80
2018-11-30 06:30:00;38,48
2018-11-30 06:45:00;47,80
2018-11-30 07:00:00;59,80
2018-11-30 07:15:00;91,44
2018-11-30 07:30:00;113,56
2018-11-30 07:45:00;122,08
2018-11-30 08:00:00;117,96
2018-11-30 08:15:00;131,08
2018-11-30 08:30:00;142,56
2018-11-30 08:45:00;139,72
2018-11-30 09:00:00;121,88
2018-11-30 09:15:00;104,84
2018-11-30 09:30:00;105,52
2018-11-30 09:45:00;114,76
2018-11-30 10:00:00;132,76
2018-11-30 10:15:00;130,00
2018-11-30 10:30:00;127,12
2018-11-30 10:45:00;125,28
2018-11-30 11:00:00;120,72
2018-11-30 11:15:00;127,12
2018-11-30 11:30:00;129,68
2018-11-30 11:45:00;123,16
2018-11-30 12:00:00;117,88
2018-11-30 12:15:00;93,52
2018-11-30 12:30:00;98,96
2018-11-30 12:45:00;102,88
2018-11-30 13:00:00;117,64
2018-11-30 13:15:00;126,68
2018-11-30 13:30:00;126,04
2018-11-30 13:45:00;134,36
2018-11-30 14:00:00;123,16
2018-11-30 14:15:00;120,72
2018-11-30 14:30:00;130,12
2018-11-30 14:45:00;120,72
2018-11-30 15:00:00;109,16
2018-11-30 15:15:00;105,56
2018-11-30 15:30:00;89,96
2018-11-30 15:45:00;80,60
2018-11-30 16:00:00;71,16
2018-11-30 16:15:00;69,28
2018-11-30 16:30:00;63,68
2018-11-30 16:45:00;55,96
2018-11-30 17:00:00;54,68
2018-11-30 17:15:00;50,08
2018-11-30 17:30:00;49,12
2018-11-30 17:45:00;50,20
2018-11-30 18:00:00;47,28
2018-11-30 18:15:00;46,20
2018-11-30 18:30:00;42,28
2018-11-30 18:45:00;41,68
2018-11-30 19:00:00;46,84
2018-11-30 19:15:00;45,92
2018-11-30 19:30:00;41,36
2018-11-30 19:45:00;42,52
2018-11-30 20:00:00;43,16
2018-11-30 20:15:00;40,28
2018-11-30 20:30:00;38,16
2018-11-30 20:45:00;37,28
2018-11-30 21:00:00;38,20
2018-11-30 21:15:00;43,04
2018-11-30 21:30:00;38,64
2018-11-30 21:45:00;37,20
2018-11-30 22:00:00;38,64
2018-11-30 22:15:00;38,40
2018-11-30 22:30:00;37,56
2018-11-30 22:45:00;37,84
2018-11-30 23:00:00;38,36
2018-11-30 23:15:00;37,64
2018-11-30 23:30:00;36,72
2018-11-30 23:45:00;36,76
2018-12-01 00:00:00;36,24
2018-12-01 00:15:00;37,16
2018-12-01 00:30:00;35,80
2018-12-01 00:45:00;37,28
2018-12-01 01:00:00;35,76
2018-12-01 01:15:00;37,12
2018-12-01 01:30:00;36,00
2018-12-01 01:45:00;36,96
2018-12-01 02:00:00;36,44
2018-12-01 02:15:00;36,72
2018-12-01 02:30:00;36,48
2018-12-01 02:45:00;35,28
2018-12-01 03:00:00;36,80
2018-12-01 03:15:00;35,56
2018-12-01 03:30:00;37,48
2018-12-01 03:45:00;36,60
2018-12-01 04:00:00;35,36
2018-12-01 04:15:00;36,56
2018-12-01 04:30:00;35,08
2018-12-01 04:45:00;35,64
2018-12-01 05:00:00;34,48
2018-12-01 05:15:00;35,32
2018-12-01 05:30:00;33,68
2018-12-01 05:45:00;34,32
2018-12-01 06:00:00;31,68
2018-12-01 06:15:00;33,92
2018-12-01 06:30:00;33,32
2018-12-01 06:45:00;34,28
2018-12-01 07:00:00;34,56
2018-12-01 07:15:00;34,20
2018-12-01 07:30:00;34,60
2018-12-01 07:45:00;33,76
2018-12-01 08:00:00;34,64
2018-12-01 08:15:00;35,00
2018-12-01 08:30:00;37,20
2018-12-01 08:45:00;39,32
2018-12-01 09:00:00;35,60
2018-12-01 09:15:00;36,08
2018-12-01 09:30:00;36,48
2018-12-01 09:45:00;34,36
2018-12-01 10:00:00;35,84
2018-12-01 10:15:00;40,32
2018-12-01 10:30:00;49,28
2018-12-01 10:45:00;51,52
2018-12-01 11:00:00;50,84
2018-12-01 11:15:00;50,00
2018-12-01 11:30:00;51,20
2018-12-01 11:45:00;55,72
2018-12-01 12:00:00;63,84
2018-12-01 12:15:00;64,04
2018-12-01 12:30:00;67,80
2018-12-01 12:45:00;76,16
2018-12-01 13:00:00;78,20
2018-12-01 13:15:00;78,64
2018-12-01 13:30:00;73,28
2018-12-01 13:45:00;72,92
2018-12-01 14:00:00;71,80
2018-12-01 14:15:00;60,60
2018-12-01 14:30:00;60,16
2018-12-01 14:45:00;59,16
2018-12-01 15:00:00;57,96
2018-12-01 15:15:00;57,76
2018-12-01 15:30:00;54,60
2018-12-01 15:45:00;52,68
2018-12-01 16:00:00;54,00
2018-12-01 16:15:00;50,12
2018-12-01 16:30:00;47,72
2018-12-01 16:45:00;47,56
2018-12-01 17:00:00;48,68
2018-12-01 17:15:00;47,44
2018-12-01 17:30:00;49,36
2018-12-01 17:45:00;52,68
2018-12-01 18:00:00;44,76
2018-12-01 18:15:00;45,32
2018-12-01 18:30:00;45,12
2018-12-01 18:45:00;43,00
2018-12-01 19:00:00;39,92
2018-12-01 19:15:00;44,40
2018-12-01 19:30:00;46,36
2018-12-01 19:45:00;42,32
2018-12-01 20:00:00;40,44
2018-12-01 20:15:00;41,60
2018-12-01 20:30:00;40,24
2018-12-01 20:45:00;36,84
2018-12-01 21:00:00;36,40
2018-12-01 21:15:00;41,60
2018-12-01 21:30:00;41,12
2018-12-01 21:45:00;42,16
2018-12-01 22:00:00;41,88
2018-12-01 22:15:00;40,72
2018-12-01 22:30:00;39,04
2018-12-01 22:45:00;38,80
2018-12-01 23:00:00;39,56
2018-12-01 23:15:00;38,60
2018-12-01 23:30:00;40,96
2018-12-01 23:45:00;38,20
2018-12-02 00:00:00;39,40
2018-12-02 00:15:00;38,84
2018-12-02 00:30:00;39,84
2018-12-02 00:45:00;39,68
2018-12-02 01:00:00;39,64
2018-12-02 01:15:00;39,64
2018-12-02 01:30:00;38,16
2018-12-02 01:45:00;40,40
2018-12-02 02:00:00;37,56
2018-12-02 02:15:00;37,64
2018-12-02 02:30:00;38,12
2018-12-02 02:45:00;36,20
2018-12-02 03:00:00;37,24
2018-12-02 03:15:00;33,92
2018-12-02 03:30:00;36,44
2018-12-02 03:45:00;34,44
2018-12-02 04:00:00;35,20
2018-12-02 04:15:00;34,40
2018-12-02 04:30:00;33,28
2018-12-02 04:45:00;34,12
2018-12-02 05:00:00;33,04
2018-12-02 05:15:00;35,28
2018-12-02 05:30:00;33,48
2018-12-02 05:45:00;34,44
2018-12-02 06:00:00;32,72
2018-12-02 06:15:00;33,84
2018-12-02 06:30:00;34,52
2018-12-02 06:45:00;32,44
2018-12-02 07:00:00;36,36
2018-12-02 07:15:00;32,16
2018-12-02 07:30:00;35,44
2018-12-02 07:45:00;33,36
2018-12-02 08:00:00;33,60
2018-12-02 08:15:00;33,20
2018-12-02 08:30:00;33,16
2018-12-02 08:45:00;33,84
2018-12-02 09:00:00;30,92
2018-12-02 09:15:00;32,92
2018-12-02 09:30:00;31,16
2018-12-02 09:45:00;32,80
2018-12-02 10:00:00;31,84
2018-12-02 10:15:00;31,44
2018-12-02 10:30:00;31,16
2018-12-02 10:45:00;31,56
2018-12-02 11:00:00;31,40
2018-12-02 11:15:00;32,20
2018-12-02 11:30:00;35,16
2018-12-02 11:45:00;32,32
2018-12-02 12:00:00;38,16
2018-12-02 12:15:00;36,48
2018-12-02 12:30:00;37,68
2018-12-02 12:45:00;38,84
2018-12-02 13:00:00;37,80
2018-12-02 13:15:00;34,36
2018-12-02 13:30:00;30,76
2018-12-02 13:45:00;31,88
2018-12-02 14:00:00;29,40
2018-12-02 14:15:00;32,44
2018-12-02 14:30:00;30,40
2018-12-02 14:45:00;31,32
2018-12-02 15:00:00;32,32
2018-12-02 15:15:00;30,80
2018-12-02 15:30:00;32,00
2018-12-02 15:45:00;30,80
2018-12-02 16:00:00;33,44
2018-12-02 16:15:00;30,24
2018-12-02 16:30:00;35,16
2018-12-02 16:45:00;32,76
2018-12-02 17:00:00;32,68
2018-12-02 17:15:00;32,92
2018-12-02 17:30:00;33,52
2018-12-02 17:45:00;34,32
2018-12-02 18:00:00;31,64
2018-12-02 18:15:00;33,48
2018-12-02 18:30:00;31,72
2018-12-02 18:45:00;33,88
2018-12-02 19:00:00;33,84
2018-12-02 19:15:00;32,84
2018-12-02 19:30:00;33,48
2018-12-02 19:45:00;36,84
2018-12-02 20:00:00;40,52
2018-12-02 20:15:00;40,04
2018-12-02 20:30:00;42,72
2018-12-02 20:45:00;38,08
2018-12-02 21:00:00;36,48
2018-12-02 21:15:00;39,08
2018-12-02 21:30:00;39,20
2018-12-02 21:45:00;41,40
2018-12-02 22:00:00;38,96
2018-12-02 22:15:00;39,80
2018-12-02 22:30:00;38,32
2018-12-02 22:45:00;40,52
2018-12-02 23:00:00;39,56
2018-12-02 23:15:00;39,56
2018-12-02 23:30:00;40,28
2018-12-02 23:45:00;39,16
2018-12-03 00:00:00;40,20
2018-12-03 00:15:00;37,92
2018-12-03 00:30:00;40,56
2018-12-03 00:45:00;40,20
2018-12-03 01:00:00;39,84
2018-12-03 01:15:00;40,00
2018-12-03 01:30:00;41,20
2018-12-03 01:45:00;40,08
2018-12-03 02:00:00;38,92
2018-12-03 02:15:00;39,88
2018-12-03 02:30:00;39,92
2018-12-03 02:45:00;39,36
2018-12-03 03:00:00;39,24
2018-12-03 03:15:00;38,52
2018-12-03 03:30:00;38,36
2018-12-03 03:45:00;36,00
2018-12-03 04:00:00;37,52
2018-12-03 04:15:00;34,00
2018-12-03 04:30:00;30,92
2018-12-03 04:45:00;34,04
2018-12-03 05:00:00;29,24
2018-12-03 05:15:00;30,48
2018-12-03 05:30:00;28,88
2018-12-03 05:45:00;30,28
2018-12-03 06:00:00;30,76
2018-12-03 06:15:00;32,08
2018-12-03 06:30:00;40,24
2018-12-03 06:45:00;48,84
2018-12-03 07:00:00;62,08
2018-12-03 07:15:00;93,88
2018-12-03 07:30:00;100,48
2018-12-03 07:45:00;101,32
2018-12-03 08:00:00;109,04
2018-12-03 08:15:00;114,56
2018-12-03 08:30:00;113,36
2018-12-03 08:45:00;124,20
2018-12-03 09:00:00;113,44
2018-12-03 09:15:00;106,44
2018-12-03 09:30:00;107,00
2018-12-03 09:45:00;102,44
2018-12-03 10:00:00;111,84
2018-12-03 10:15:00;119,92
2018-12-03 10:30:00;111,64
2018-12-03 10:45:00;118,64
2018-12-03 11:00:00;115,56
2018-12-03 11:15:00;116,80
2018-12-03 11:30:00;114,20
2018-12-03 11:45:00;117,28
2018-12-03 12:00:00;119,00
2018-12-03 12:15:00;108,08
2018-12-03 12:30:00;100,84
2018-12-03 12:45:00;114,76
2018-12-03 13:00:00;119,92
2018-12-03 13:15:00;129,80
2018-12-03 13:30:00;119,00
2018-12-03 13:45:00;127,72
2018-12-03 14:00:00;119,48
2018-12-03 14:15:00;134,84
2018-12-03 14:30:00;118,56
2018-12-03 14:45:00;130,64
2018-12-03 15:00:00;127,12
2018-12-03 15:15:00;128,00
2018-12-03 15:30:00;120,84
2018-12-03 15:45:00;113,56
2018-12-03 16:00:00;130,04
2018-12-03 16:15:00;129,40
2018-12-03 16:30:00;105,16
2018-12-03 16:45:00;70,24
2018-12-03 17:00:00;72,08
2018-12-03 17:15:00;62,80
2018-12-03 17:30:00;64,56
2018-12-03 17:45:00;60,56
2018-12-03 18:00:00;53,16
2018-12-03 18:15:00;48,32
2018-12-03 18:30:00;44,48
2018-12-03 18:45:00;45,08
2018-12-03 19:00:00;40,60
2018-12-03 19:15:00;42,52
2018-12-03 19:30:00;41,60
2018-12-03 19:45:00;40,28
2018-12-03 20:00:00;40,96
2018-12-03 20:15:00;40,04
2018-12-03 20:30:00;42,36
2018-12-03 20:45:00;38,08
2018-12-03 21:00:00;38,32
2018-12-03 21:15:00;42,24
2018-12-03 21:30:00;43,56
2018-12-03 21:45:00;45,28
2018-12-03 22:00:00;43,64
2018-12-03 22:15:00;42,20
2018-12-03 22:30:00;42,84
2018-12-03 22:45:00;41,80
2018-12-03 23:00:00;43,52
2018-12-03 23:15:00;41,32
2018-12-03 23:30:00;43,40
2018-12-03 23:45:00;41,36
2018-12-04 00:00:00;39,48
2018-12-04 00:15:00;39,84
2018-12-04 00:30:00;37,52
2018-12-04 00:45:00;38,80
2018-12-04 01:00:00;36,32
2018-12-04 01:15:00;36,76
2018-12-04 01:30:00;37,24
2018-12-04 01:45:00;35,92
2018-12-04 02:00:00;36,64
2018-12-04 02:15:00;35,80
2018-12-04 02:30:00;37,24
2018-12-04 02:45:00;36,68
2018-12-04 03:00:00;36,00
2018-12-04 03:15:00;36,68
2018-12-04 03:30:00;35,20
2018-12-04 03:45:00;37,28
2018-12-04 04:00:00;35,40
2018-12-04 04:15:00;34,72
2018-12-04 04:30:00;35,16
2018-12-04 04:45:00;34,68
2018-12-04 05:00:00;35,20
2018-12-04 05:15:00;33,12
2018-12-04 05:30:00;33,44
2018-12-04 05:45:00;33,76
2018-12-04 06:00:00;33,72
2018-12-04 06:15:00;35,84
2018-12-04 06:30:00;44,08
2018-12-04 06:45:00;57,00
2018-12-04 07:00:00;65,80
2018-12-04 07:15:00;89,36
2018-12-04 07:30:00;103,48
2018-12-04 07:45:00;116,04
2018-12-04 08:00:00;122,84
2018-12-04 08:15:00;129,52
2018-12-04 08:30:00;126,48
2018-12-04 08:45:00;123,96
2018-12-04 09:00:00;130,52
2018-12-04 09:15:00;110,60
2018-12-04 09:30:00;123,92
2018-12-04 09:45:00;132,76
2018-12-04 10:00:00;121,96
2018-12-04 10:15:00;128,44
2018-12-04 10:30:00;143,20
2018-12-04 10:45:00;138,04
2018-12-04 11:00:00;153,76
2018-12-04 11:15:00;146,24
2018-12-04 11:30:00;157,68
2018-12-04 11:45:00;146,28
2018-12-04 12:00:00;141,68
2018-12-04 12:15:00;107,60
2018-12-04 12:30:00;104,12
2018-12-04 12:45:00;117,16
2018-12-04 13:00:00;133,96
2018-12-04 13:15:00;125,56
2018-12-04 13:30:00;129,40
2018-12-04 13:45:00;137,60
2018-12-04 14:00:00;127,16
2018-12-04 14:15:00;134,04
2018-12-04 14:30:00;145,12
2018-12-04 14:45:00;135,68
2018-12-04 15:00:00;133,68
2018-12-04 15:15:00;131,00
2018-12-04 15:30:00;135,04
2018-12-04 15:45:00;127,44
2018-12-04 16:00:00;121,00
2018-12-04 16:15:00;125,08
2018-12-04 16:30:00;128,04
2018-12-04 16:45:00;95,72
2018-12-04 17:00:00;94,52
2018-12-04 17:15:00;86,64
2018-12-04 17:30:00;80,20
2018-12-04 17:45:00;82,56
2018-12-04 18:00:00;77,92
2018-12-04 18:15:00;73,92
2018-12-04 18:30:00;72,60
2018-12-04 18:45:00;64,36
2018-12-04 19:00:00;61,48
2018-12-04 19:15:00;57,60
2018-12-04 19:30:00;50,36
2018-12-04 19:45:00;45,64
2018-12-04 20:00:00;43,28
2018-12-04 20:15:00;45,72
2018-12-04 20:30:00;44,52
2018-12-04 20:45:00;43,00
2018-12-04 21:00:00;42,64
2018-12-04 21:15:00;46,04
2018-12-04 21:30:00;44,32
2018-12-04 21:45:00;44,92
2018-12-04 22:00:00;44,96
2018-12-04 22:15:00;45,08
2018-12-04 22:30:00;44,72
2018-12-04 22:45:00;43,32
2018-12-04 23:00:00;45,48
2018-12-04 23:15:00;45,48
2018-12-04 23:30:00;44,40
2018-12-04 23:45:00;44,48
2018-12-05 00:00:00;44,52
2018-12-05 00:15:00;43,32
2018-12-05 00:30:00;42,92
2018-12-05 00:45:00;40,16
2018-12-05 01:00:00;39,68
2018-12-05 01:15:00;40,60
2018-12-05 01:30:00;38,96
2018-12-05 01:45:00;39,28
2018-12-05 02:00:00;37,88
2018-12-05 02:15:00;38,56
2018-12-05 02:30:00;38,80
2018-12-05 02:45:00;39,56
2018-12-05 03:00:00;38,36
2018-12-05 03:15:00;37,96
2018-12-05 03:30:00;36,72
2018-12-05 03:45:00;37,52
2018-12-05 04:00:00;38,12
2018-12-05 04:15:00;37,32
2018-12-05 04:30:00;36,08
2018-12-05 04:45:00;37,72
2018-12-05 05:00:00;38,24
2018-12-05 05:15:00;39,00
2018-12-05 05:30:00;35,40
2018-12-05 05:45:00;38,28
2018-12-05 06:00:00;38,72
2018-12-05 06:15:00;40,48
2018-12-05 06:30:00;44,96
2018-12-05 06:45:00;52,40
2018-12-05 07:00:00;70,76
2018-12-05 07:15:00;105,76
2018-12-05 07:30:00;116,24
2018-12-05 07:45:00;115,00
2018-12-05 08:00:00;121,20
2018-12-05 08:15:00;134,76
2018-12-05 08:30:00;137,32
2018-12-05 08:45:00;144,28
2018-12-05 09:00:00;126,84
2018-12-05 09:15:00;106,36
2018-12-05 09:30:00;129,76
2018-12-05 09:45:00;125,76
2018-12-05 10:00:00;136,36
2018-12-05 10:15:00;134,12
2018-12-05 10:30:00;120,92
2018-12-05 10:45:00;130,04
2018-12-05 11:00:00;125,84
2018-12-05 11:15:00;124,20
2018-12-05 11:30:00;119,96
2018-12-05 11:45:00;119,16
2018-12-05 12:00:00;127,12
2018-12-05 12:15:00;103,16
2018-12-05 12:30:00;89,20
2018-12-05 12:45:00;108,24
2018-12-05 13:00:00;114,16
2018-12-05 13:15:00;121,80
2018-12-05 13:30:00;126,32
2018-12-05 13:45:00;127,84
2018-12-05 14:00:00;130,76
2018-12-05 14:15:00;129,12
2018-12-05 14:30:00;124,00
2018-12-05 14:45:00;141,24
2018-12-05 15:00:00;129,52
2018-12-05 15:15:00;129,40
2018-12-05 15:30:00;126,52
2018-12-05 15:45:00;124,16
2018-12-05 16:00:00;111,84
2018-12-05 16:15:00;111,00
2018-12-05 16:30:00;112,84
2018-12-05 16:45:00;93,60
2018-12-05 17:00:00;86,60
2018-12-05 17:15:00;80,80
2018-12-05 17:30:00;64,68
2018-12-05 17:45:00;55,28
2018-12-05 18:00:00;45,96
2018-12-05 18:15:00;43,68
2018-12-05 18:30:00;41,04
2018-12-05 18:45:00;36,64
2018-12-05 19:00:00;38,28
2018-12-05 19:15:00;36,56
2018-12-05 19:30:00;38,44
2018-12-05 19:45:00;37,08
2018-12-05 20:00:00;40,36
2018-12-05 20:15:00;42,16
2018-12-05 20:30:00;40,28
2018-12-05 20:45:00;38,76
2018-12-05 21:00:00;39,80
2018-12-05 21:15:00;41,76
2018-12-05 21:30:00;42,60
2018-12-05 21:45:00;42,68
2018-12-05 22:00:00;43,40
2018-12-05 22:15:00;41,32
2018-12-05 22:30:00;40,12
2018-12-05 22:45:00;42,24
2018-12-05 23:00:00;40,96
2018-12-05 23:15:00;42,20
2018-12-05 23:30:00;40,28
2018-12-05 23:45:00;40,96
2018-12-06 00:00:00;42,44
2018-12-06 00:15:00;41,68
2018-12-06 00:30:00;40,00
2018-12-06 00:45:00;40,68
2018-12-06 01:00:00;38,48
2018-12-06 01:15:00;40,40
2018-12-06 01:30:00;38,80
2018-12-06 01:45:00;37,64
2018-12-06 02:00:00;36,20
2018-12-06 02:15:00;35,32
2018-12-06 02:30:00;34,08
2018-12-06 02:45:00;34,36
2018-12-06 03:00:00;33,88
2018-12-06 03:15:00;35,04
2018-12-06 03:30:00;34,84
2018-12-06 03:45:00;34,64
2018-12-06 04:00:00;34,52
2018-12-06 04:15:00;34,80
2018-12-06 04:30:00;34,80
2018-12-06 04:45:00;32,00
2018-12-06 05:00:00;32,72
2018-12-06 05:15:00;32,36
2018-12-06 05:30:00;32,92
2018-12-06 05:45:00;30,96
2018-12-06 06:00:00;32,96
2018-12-06 06:15:00;42,40
2018-12-06 06:30:00;43,76
2018-12-06 06:45:00;50,40
2018-12-06 07:00:00;63,64
2018-12-06 07:15:00;97,08
2018-12-06 07:30:00;111,84
2018-12-06 07:45:00;116,04
2018-12-06 08:00:00;112,40
2018-12-06 08:15:00;115,80
2018-12-06 08:30:00;119,16
2018-12-06 08:45:00;119,64
2018-12-06 09:00:00;127,32
2018-12-06 09:15:00;116,36
2018-12-06 09:30:00;126,68
2018-12-06 09:45:00;130,24
2018-12-06 10:00:00;135,52
2018-12-06 10:15:00;127,12
2018-12-06 10:30:00;121,72
2018-12-06 10:45:00;121,20
2018-12-06 11:00:00;139,40
2018-12-06 11:15:00;131,72
2018-12-06 11:30:00;126,88
2018-12-06 11:45:00;151,48
2018-12-06 12:00:00;145,60
2018-12-06 12:15:00;120,36
2018-12-06 12:30:00;104,32
2018-12-06 12:45:00;108,44
2018-12-06 13:00:00;125,64
2018-12-06 13:15:00;134,04
2018-12-06 13:30:00;135,24
2018-12-06 13:45:00;128,04
2018-12-06 14:00:00;125,16
2018-12-06 14:15:00;132,48
2018-12-06 14:30:00;130,84
2018-12-06 14:45:00;143,08
2018-12-06 15:00:00;143,80
2018-12-06 15:15:00;142,72
2018-12-06 15:30:00;137,08
2018-12-06 15:45:00;130,12
2018-12-06 16:00:00;141,00
2018-12-06 16:15:00;129,68
2018-12-06 16:30:00;112,48
2018-12-06 16:45:00;90,00
2018-12-06 17:00:00;77,84
2018-12-06 17:15:00;65,44
2018-12-06 17:30:00;62,36
2018-12-06 17:45:00;56,92
2018-12-06 18:00:00;54,04
2018-12-06 18:15:00;58,00
2018-12-06 18:30:00;48,76
2018-12-06 18:45:00;40,96
2018-12-06 19:00:00;38,92
2018-12-06 19:15:00;43,28
2018-12-06 19:30:00;42,00
2018-12-06 19:45:00;39,76
2018-12-06 20:00:00;39,64
2018-12-06 20:15:00;41,52
2018-12-06 20:30:00;41,60
2018-12-06 20:45:00;42,36
2018-12-06 21:00:00;42,44
2018-12-06 21:15:00;47,56
2018-12-06 21:30:00;46,12
2018-12-06 21:45:00;44,28
2018-12-06 22:00:00;43,60
2018-12-06 22:15:00;45,84
2018-12-06 22:30:00;44,52
2018-12-06 22:45:00;43,68
2018-12-06 23:00:00;44,24
2018-12-06 23:15:00;45,12
2018-12-06 23:30:00;43,16
2018-12-06 23:45:00;42,80
2018-12-07 00:00:00;44,20
2018-12-07 00:15:00;44,68
2018-12-07 00:30:00;43,68
2018-12-07 00:45:00;40,52
2018-12-07 01:00:00;42,04
2018-12-07 01:15:00;41,72
2018-12-07 01:30:00;40,36
2018-12-07 01:45:00;40,00
2018-12-07 02:00:00;41,28
2018-12-07 02:15:00;39,36
2018-12-07 02:30:00;37,68
2018-12-07 02:45:00;36,60
2018-12-07 03:00:00;36,88
2018-12-07 03:15:00;36,40
2018-12-07 03:30:00;36,16
2018-12-07 03:45:00;36,00
2018-12-07 04:00:00;33,76
2018-12-07 04:15:00;34,84
2018-12-07 04:30:00;34,56
2018-12-07 04:45:00;35,08
2018-12-07 05:00:00;34,36
2018-12-07 05:15:00;34,80
2018-12-07 05:30:00;33,20
2018-12-07 05:45:00;36,48
2018-12-07 06:00:00;34,96
2018-12-07 06:15:00;43,24
2018-12-07 06:30:00;47,24
2018-12-07 06:45:00;50,32
2018-12-07 07:00:00;56,44
2018-12-07 07:15:00;99,72
2018-12-07 07:30:00;137,24
2018-12-07 07:45:00;141,56
2018-12-07 08:00:00;126,08
2018-12-07 08:15:00;134,92
2018-12-07 08:30:00;133,00
2018-12-07 08:45:00;127,20
2018-12-07 09:00:00;133,32
2018-12-07 09:15:00;110,40
2018-12-07 09:30:00;128,48
2018-12-07 09:45:00;140,04
2018-12-07 10:00:00;133,28
2018-12-07 10:15:00;139,32
2018-12-07 10:30:00;150,28
2018-12-07 10:45:00;132,28
2018-12-07 11:00:00;141,56
2018-12-07 11:15:00;129,84
2018-12-07 11:30:00;141,44
2018-12-07 11:45:00;146,12
2018-12-07 12:00:00;130,44
2018-12-07 12:15:00;94,40
2018-12-07 12:30:00;86,64
2018-12-07 12:45:00;104,80
2018-12-07 13:00:00;119,00
2018-12-07 13:15:00;111,04
2018-12-07 13:30:00;113,64
2018-12-07 13:45:00;111,12
2018-12-07 14:00:00;105,16
2018-12-07 14:15:00;114,36
2018-12-07 14:30:00;111,40
2018-12-07 14:45:00;98,68
2018-12-07 15:00:00;86,40
2018-12-07 15:15:00;96,24
2018-12-07 15:30:00;96,48
2018-12-07 15:45:00;73,60
2018-12-07 16:00:00;75,24
2018-12-07 16:15:00;71,84
2018-12-07 16:30:00;63,68
2018-12-07 16:45:00;58,80
2018-12-07 17:00:00;54,68
2018-12-07 17:15:00;54,60
2018-12-07 17:30:00;54,64
2018-12-07 17:45:00;53,76
2018-12-07 18:00:00;54,08
2018-12-07 18:15:00;52,12
2018-12-07 18:30:00;45,04
2018-12-07 18:45:00;47,16
2018-12-07 19:00:00;40,96
2018-12-07 19:15:00;38,48
2018-12-07 19:30:00;36,32
2018-12-07 19:45:00;37,20
2018-12-07 20:00:00;37,40
2018-12-07 20:15:00;37,12
2018-12-07 20:30:00;35,76
2018-12-07 20:45:00;37,32
2018-12-07 21:00:00;38,36
2018-12-07 21:15:00;40,44
2018-12-07 21:30:00;41,00
2018-12-07 21:45:00;41,76
2018-12-07 22:00:00;42,20
2018-12-07 22:15:00;40,08
2018-12-07 22:30:00;42,48
2018-12-07 22:45:00;41,92
2018-12-07 23:00:00;41,44
2018-12-07 23:15:00;41,80
2018-12-07 23:30:00;41,16
2018-12-07 23:45:00;41,36
2018-12-08 00:00:00;41,48
2018-12-08 00:15:00;41,32
2018-12-08 00:30:00;39,92
2018-12-08 00:45:00;38,88
2018-12-08 01:00:00;36,92
2018-12-08 01:15:00;37,04
2018-12-08 01:30:00;36,96
2018-12-08 01:45:00;36,16
2018-12-08 02:00:00;34,92
2018-12-08 02:15:00;35,64
2018-12-08 02:30:00;36,28
2018-12-08 02:45:00;36,68
2018-12-08 03:00:00;34,60
2018-12-08 03:15:00;36,00
2018-12-08 03:30:00;37,08
2018-12-08 03:45:00;34,72
2018-12-08 04:00:00;34,24
2018-12-08 04:15:00;35,84
2018-12-08 04:30:00;36,24
2018-12-08 04:45:00;35,52
2018-12-08 05:00:00;35,04
2018-12-08 05:15:00;36,24
2018-12-08 05:30:00;35,60
2018-12-08 05:45:00;33,72
2018-12-08 06:00:00;35,52
2018-12-08 06:15:00;37,04
2018-12-08 06:30:00;35,12
2018-12-08 06:45:00;36,20
2018-12-08 07:00:00;38,28
2018-12-08 07:15:00;38,72
2018-12-08 07:30:00;37,08
2018-12-08 07:45:00;36,60
2018-12-08 08:00:00;38,88
2018-12-08 08:15:00;36,92
2018-12-08 08:30:00;36,92
2018-12-08 08:45:00;36,64
2018-12-08 09:00:00;38,24
2018-12-08 09:15:00;35,08
2018-12-08 09:30:00;34,92
2018-12-08 09:45:00;39,24
2018-12-08 10:00:00;46,40
2018-12-08 10:15:00;46,36
2018-12-08 10:30:00;47,00
2018-12-08 10:45:00;51,36
2018-12-08 11:00:00;50,68
2018-12-08 11:15:00;50,72
2018-12-08 11:30:00;48,00
2018-12-08 11:45:00;50,68
2018-12-08 12:00:00;49,44
2018-12-08 12:15:00;50,16
2018-12-08 12:30:00;55,92
2018-12-08 12:45:00;59,48
2018-12-08 13:00:00;62,20
2018-12-08 13:15:00;65,52
2018-12-08 13:30:00;62,68
2018-12-08 13:45:00;67,56
2018-12-08 14:00:00;64,64
2018-12-08 14:15:00;63,00
2018-12-08 14:30:00;60,44
2018-12-08 14:45:00;55,44
2018-12-08 15:00:00;55,96
2018-12-08 15:15:00;52,88
2018-12-08 15:30:00;58,88
2018-12-08 15:45:00;54,88
2018-12-08 16:00:00;58,16
2018-12-08 16:15:00;55,00
2018-12-08 16:30:00;55,24
2018-12-08 16:45:00;49,16
2018-12-08 17:00:00;53,16
2018-12-08 17:15:00;52,52
2018-12-08 17:30:00;48,40
2018-12-08 17:45:00;47,64
2018-12-08 18:00:00;49,52
2018-12-08 18:15:00;50,84
2018-12-08 18:30:00;50,60
2018-12-08 18:45:00;46,04
2018-12-08 19:00:00;48,72
2018-12-08 19:15:00;46,88
2018-12-08 19:30:00;44,00
2018-12-08 19:45:00;37,16
2018-12-08 20:00:00;35,76
2018-12-08 20:15:00;32,80
2018-12-08 20:30:00;31,48
2018-12-08 20:45:00;31,44
2018-12-08 21:00:00;34,68
2018-12-08 21:15:00;36,32
2018-12-08 21:30:00;36,32
2018-12-08 21:45:00;37,88
2018-12-08 22:00:00;39,60
2018-12-08 22:15:00;35,72
2018-12-08 22:30:00;37,16
2018-12-08 22:45:00;38,52
2018-12-08 23:00:00;37,68
2018-12-08 23:15:00;35,80
2018-12-08 23:30:00;38,40
2018-12-08 23:45:00;38,48
2018-12-09 00:00:00;36,12
2018-12-09 00:15:00;35,96
2018-12-09 00:30:00;38,48
2018-12-09 00:45:00;38,16
2018-12-09 01:00:00;34,80
2018-12-09 01:15:00;36,60
2018-12-09 01:30:00;36,72
2018-12-09 01:45:00;34,24
2018-12-09 02:00:00;33,04
2018-12-09 02:15:00;34,04
2018-12-09 02:30:00;32,36
2018-12-09 02:45:00;34,24
2018-12-09 03:00:00;32,68
2018-12-09 03:15:00;30,64
2018-12-09 03:30:00;31,76
2018-12-09 03:45:00;31,76
2018-12-09 04:00:00;31,20
2018-12-09 04:15:00;31,44
2018-12-09 04:30:00;29,92
2018-12-09 04:45:00;30,64
2018-12-09 05:00:00;30,56
2018-12-09 05:15:00;30,20
2018-12-09 05:30:00;30,64
2018-12-09 05:45:00;30,56
2018-12-09 06:00:00;29,76
2018-12-09 06:15:00;29,48
2018-12-09 06:30:00;30,20
2018-12-09 06:45:00;30,00
2018-12-09 07:00:00;30,72
2018-12-09 07:15:00;29,88
2018-12-09 07:30:00;30,16
2018-12-09 07:45:00;30,08
2018-12-09 08:00:00;30,56
2018-12-09 08:15:00;29,36
2018-12-09 08:30:00;29,48
2018-12-09 08:45:00;30,24
2018-12-09 09:00:00;29,52
2018-12-09 09:15:00;28,44
2018-12-09 09:30:00;27,80
2018-12-09 09:45:00;27,92
2018-12-09 10:00:00;33,04
2018-12-09 10:15:00;38,00
2018-12-09 10:30:00;36,84
2018-12-09 10:45:00;35,80
2018-12-09 11:00:00;35,12
2018-12-09 11:15:00;37,52
2018-12-09 11:30:00;40,56
2018-12-09 11:45:00;33,24
2018-12-09 12:00:00;30,20
2018-12-09 12:15:00;29,60
2018-12-09 12:30:00;29,76
2018-12-09 12:45:00;31,84
2018-12-09 13:00:00;34,76
2018-12-09 13:15:00;38,16
2018-12-09 13:30:00;42,16
2018-12-09 13:45:00;40,24
2018-12-09 14:00:00;43,68
2018-12-09 14:15:00;39,00
2018-12-09 14:30:00;36,68
2018-12-09 14:45:00;36,16
2018-12-09 15:00:00;37,88
2018-12-09 15:15:00;38,52
2018-12-09 15:30:00;41,36
2018-12-09 15:45:00;41,60
2018-12-09 16:00:00;38,56
2018-12-09 16:15:00;37,28
2018-12-09 16:30:00;41,04
2018-12-09 16:45:00;44,28
2018-12-09 17:00:00;40,36
2018-12-09 17:15:00;41,28
2018-12-09 17:30:00;38,08
2018-12-09 17:45:00;44,12
2018-12-09 18:00:00;41,84
2018-12-09 18:15:00;37,96
2018-12-09 18:30:00;38,48
2018-12-09 18:45:00;36,08
2018-12-09 19:00:00;36,12
2018-12-09 19:15:00;35,64
2018-12-09 19:30:00;30,12
2018-12-09 19:45:00;26,72
2018-12-09 20:00:00;25,48
2018-12-09 20:15:00;25,00
2018-12-09 20:30:00;22,36
2018-12-09 20:45:00;22,16
2018-12-09 21:00:00;23,40
2018-12-09 21:15:00;27,56
2018-12-09 21:30:00;27,68
2018-12-09 21:45:00;27,24
2018-12-09 22:00:00;27,24
2018-12-09 22:15:00;28,04
2018-12-09 22:30:00;27,36
2018-12-09 22:45:00;27,60
2018-12-09 23:00:00;27,84
2018-12-09 23:15:00;26,24
2018-12-09 23:30:00;27,28
2018-12-09 23:45:00;28,28
2018-12-10 00:00:00;28,08
2018-12-10 00:15:00;27,16
2018-12-10 00:30:00;27,12
2018-12-10 00:45:00;27,04
2018-12-10 01:00:00;28,12
2018-12-10 01:15:00;26,20
2018-12-10 01:30:00;25,72
2018-12-10 01:45:00;25,88
2018-12-10 02:00:00;24,92
2018-12-10 02:15:00;26,20
2018-12-10 02:30:00;24,72
2018-12-10 02:45:00;24,04
2018-12-10 03:00:00;23,72
2018-12-10 03:15:00;23,64
2018-12-10 03:30:00;23,32
2018-12-10 03:45:00;24,84
2018-12-10 04:00:00;23,88
2018-12-10 04:15:00;24,40
2018-12-10 04:30:00;24,12
2018-12-10 04:45:00;23,24
2018-12-10 05:00:00;24,04
2018-12-10 05:15:00;23,76
2018-12-10 05:30:00;25,24
2018-12-10 05:45:00;23,84
2018-12-10 06:00:00;24,92
2018-12-10 06:15:00;25,84
2018-12-10 06:30:00;34,48
2018-12-10 06:45:00;43,24
2018-12-10 07:00:00;53,28
2018-12-10 07:15:00;83,04
2018-12-10 07:30:00;109,88
2018-12-10 07:45:00;124,08
2018-12-10 08:00:00;123,16
2018-12-10 08:15:00;123,36
2018-12-10 08:30:00;117,60
2018-12-10 08:45:00;140,92
2018-12-10 09:00:00;133,92
2018-12-10 09:15:00;109,52
2018-12-10 09:30:00;115,96
2018-12-10 09:45:00;129,12
2018-12-10 10:00:00;119,24
2018-12-10 10:15:00;123,84
2018-12-10 10:30:00;116,16
2018-12-10 10:45:00;116,68
2018-12-10 11:00:00;125,20
2018-12-10 11:15:00;127,80
2018-12-10 11:30:00;132,88
2018-12-10 11:45:00;124,12
2018-12-10 12:00:00;122,56
2018-12-10 12:15:00;95,04
2018-12-10 12:30:00;89,08
2018-12-10 12:45:00;92,48
2018-12-10 13:00:00;109,12
2018-12-10 13:15:00;119,88
2018-12-10 13:30:00;123,48
2018-12-10 13:45:00;128,68
2018-12-10 14:00:00;131,80
2018-12-10 14:15:00;135,28
2018-12-10 14:30:00;139,40
2018-12-10 14:45:00;139,68
2018-12-10 15:00:00;143,64
2018-12-10 15:15:00;141,76
2018-12-10 15:30:00;133,28
2018-12-10 15:45:00;134,48
2018-12-10 16:00:00;121,36
2018-12-10 16:15:00;136,16
2018-12-10 16:30:00;128,92
2018-12-10 16:45:00;100,76
2018-12-10 17:00:00;97,00
2018-12-10 17:15:00;92,20
2018-12-10 17:30:00;76,56
2018-12-10 17:45:00;68,52
2018-12-10 18:00:00;62,56
2018-12-10 18:15:00;58,40
2018-12-10 18:30:00;55,68
2018-12-10 18:45:00;47,08
2018-12-10 19:00:00;42,24
2018-12-10 19:15:00;38,84
2018-12-10 19:30:00;37,96
2018-12-10 19:45:00;40,32
2018-12-10 20:00:00;40,24
2018-12-10 20:15:00;39,36
2018-12-10 20:30:00;37,88
2018-12-10 20:45:00;39,16
2018-12-10 21:00:00;36,24
2018-12-10 21:15:00;42,32
2018-12-10 21:30:00;41,36
2018-12-10 21:45:00;44,16
2018-12-10 22:00:00;44,72
2018-12-10 22:15:00;43,04
2018-12-10 22:30:00;39,64
2018-12-10 22:45:00;41,52
2018-12-10 23:00:00;38,96
2018-12-10 23:15:00;38,80
2018-12-10 23:30:00;38,40
2018-12-10 23:45:00;38,84
2018-12-11 00:00:00;37,72
2018-12-11 00:15:00;39,00
2018-12-11 00:30:00;38,08
2018-12-11 00:45:00;37,96
2018-12-11 01:00:00;38,84
2018-12-11 01:15:00;39,00
2018-12-11 01:30:00;38,40
2018-12-11 01:45:00;37,52
2018-12-11 02:00:00;38,48
2018-12-11 02:15:00;37,88
2018-12-11 02:30:00;37,84
2018-12-11 02:45:00;37,20
2018-12-11 03:00:00;36,44
2018-12-11 03:15:00;36,52
2018-12-11 03:30:00;35,24
2018-12-11 03:45:00;36,36
2018-12-11 04:00:00;34,44
2018-12-11 04:15:00;33,88
2018-12-11 04:30:00;35,80
2018-12-11 04:45:00;34,64
2018-12-11 05:00:00;34,36
2018-12-11 05:15:00;34,60
2018-12-11 05:30:00;35,16
2018-12-11 05:45:00;34,12
2018-12-11 06:00:00;38,64
2018-12-11 06:15:00;46,72
2018-12-11 06:30:00;53,92
2018-12-11 06:45:00;60,96
2018-12-11 07:00:00;72,12
2018-12-11 07:15:00;100,24
2018-12-11 07:30:00;122,84
2018-12-11 07:45:00;119,40
2018-12-11 08:00:00;122,04
2018-12-11 08:15:00;124,12
2018-12-11 08:30:00;131,00
2018-12-11 08:45:00;134,08
2018-12-11 09:00:00;130,04
2018-12-11 09:15:00;106,88
2018-12-11 09:30:00;112,76
2018-12-11 09:45:00;110,80
2018-12-11 10:00:00;124,32
2018-12-11 10:15:00;132,04
2018-12-11 10:30:00;120,60
2018-12-11 10:45:00;122,36
2018-12-11 11:00:00;127,68
2018-12-11 11:15:00;125,36
2018-12-11 11:30:00;127,00
2018-12-11 11:45:00;130,56
2018-12-11 12:00:00;126,76
2018-12-11 12:15:00;102,60
2018-12-11 12:30:00;96,40
2018-12-11 12:45:00;101,96
2018-12-11 13:00:00;101,68
2018-12-11 13:15:00;104,64
2018-12-11 13:30:00;119,08
2018-12-11 13:45:00;128,96
2018-12-11 14:00:00;115,20
2018-12-11 14:15:00;109,72
2018-12-11 14:30:00;129,84
2018-12-11 14:45:00;110,36
2018-12-11 15:00:00;109,24
2018-12-11 15:15:00;116,60
2018-12-11 15:30:00;125,12
2018-12-11 15:45:00;123,08
2018-12-11 16:00:00;117,76
2018-12-11 16:15:00;116,48
2018-12-11 16:30:00;102,08
2018-12-11 16:45:00;90,20
2018-12-11 17:00:00;85,92
2018-12-11 17:15:00;86,28
2018-12-11 17:30:00;81,64
2018-12-11 17:45:00;75,08
2018-12-11 18:00:00;68,88
2018-12-11 18:15:00;58,40
2018-12-11 18:30:00;54,76
2018-12-11 18:45:00;55,16
2018-12-11 19:00:00;55,24
2018-12-11 19:15:00;51,00
2018-12-11 19:30:00;43,24
2018-12-11 19:45:00;35,52
2018-12-11 20:00:00;33,64
2018-12-11 20:15:00;29,92
2018-12-11 20:30:00;29,20
2018-12-11 20:45:00;33,32
2018-12-11 21:00:00;30,44
2018-12-11 21:15:00;34,68
2018-12-11 21:30:00;32,92
2018-12-11 21:45:00;32,84
2018-12-11 22:00:00;33,40
2018-12-11 22:15:00;34,24
2018-12-11 22:30:00;37,76
2018-12-11 22:45:00;34,52
2018-12-11 23:00:00;37,64
2018-12-11 23:15:00;32,44
2018-12-11 23:30:00;33,80
2018-12-11 23:45:00;31,84
2018-12-12 00:00:00;35,40
2018-12-12 00:15:00;36,12
2018-12-12 00:30:00;35,92
2018-12-12 00:45:00;35,52
2018-12-12 01:00:00;32,76
2018-12-12 01:15:00;33,36
2018-12-12 01:30:00;33,04
2018-12-12 01:45:00;36,04
2018-12-12 02:00:00;35,56
2018-12-12 02:15:00;36,12
2018-12-12 02:30:00;35,40
2018-12-12 02:45:00;32,84
2018-12-12 03:00:00;30,76
2018-12-12 03:15:00;31,88
2018-12-12 03:30:00;33,12
2018-12-12 03:45:00;34,16
2018-12-12 04:00:00;33,12
2018-12-12 04:15:00;32,92
2018-12-12 04:30:00;29,40
2018-12-12 04:45:00;30,20
2018-12-12 05:00:00;28,32
2018-12-12 05:15:00;30,12
2018-12-12 05:30:00;31,48
2018-12-12 05:45:00;33,12
2018-12-12 06:00:00;43,16
2018-12-12 06:15:00;41,40
2018-12-12 06:30:00;45,84
2018-12-12 06:45:00;51,36
2018-12-12 07:00:00;64,72
2018-12-12 07:15:00;98,84
2018-12-12 07:30:00;106,92
2018-12-12 07:45:00;110,20
2018-12-12 08:00:00;105,60
2018-12-12 08:15:00;116,44
2018-12-12 08:30:00;129,92
2018-12-12 08:45:00;139,00
2018-12-12 09:00:00;135,24
2018-12-12 09:15:00;108,80
2018-12-12 09:30:00;133,12
2018-12-12 09:45:00;144,92
2018-12-12 10:00:00;141,36
2018-12-12 10:15:00;146,04
2018-12-12 10:30:00;139,20
2018-12-12 10:45:00;148,72
2018-12-12 11:00:00;142,20
2018-12-12 11:15:00;144,76
2018-12-12 11:30:00;136,00
2018-12-12 11:45:00;134,60
2018-12-12 12:00:00;121,92
2018-12-12 12:15:00;99,48
2018-12-12 12:30:00;94,84
2018-12-12 12:45:00;103,96
2018-12-12 13:00:00;110,60
2018-12-12 13:15:00;106,76
2018-12-12 13:30:00;107,00
2018-12-12 13:45:00;122,92
2018-12-12 14:00:00;131,76
2018-12-12 14:15:00;130,48
2018-12-12 14:30:00;138,96
2018-12-12 14:45:00;121,84
2018-12-12 15:00:00;119,12
2018-12-12 15:15:00;126,84
2018-12-12 15:30:00;135,24
2018-12-12 15:45:00;123,48
2018-12-12 16:00:00;125,64
2018-12-12 16:15:00;125,64
2018-12-12 16:30:00;115,00
2018-12-12 16:45:00;95,68
2018-12-12 17:00:00;90,40
2018-12-12 17:15:00;78,12
2018-12-12 17:30:00;73,84
2018-12-12 17:45:00;69,36
2018-12-12 18:00:00;70,72
2018-12-12 18:15:00;69,04
2018-12-12 18:30:00;74,56
2018-12-12 18:45:00;70,00
2018-12-12 19:00:00;65,56
2018-12-12 19:15:00;62,48
2018-12-12 19:30:00;57,16
2018-12-12 19:45:00;56,48
2018-12-12 20:00:00;54,00
2018-12-12 20:15:00;49,48
2018-12-12 20:30:00;44,68
2018-12-12 20:45:00;40,16
2018-12-12 21:00:00;32,76
2018-12-12 21:15:00;41,40
2018-12-12 21:30:00;42,16
2018-12-12 21:45:00;40,76
2018-12-12 22:00:00;41,08
2018-12-12 22:15:00;37,68
2018-12-12 22:30:00;39,00
2018-12-12 22:45:00;38,72
2018-12-12 23:00:00;38,84
2018-12-12 23:15:00;42,80
2018-12-12 23:30:00;41,60
2018-12-12 23:45:00;40,40
2018-12-13 00:00:00;39,24
2018-12-13 00:15:00;37,64
2018-12-13 00:30:00;38,72
2018-12-13 00:45:00;41,52
2018-12-13 01:00:00;41,60
2018-12-13 01:15:00;41,48
2018-12-13 01:30:00;39,56
2018-12-13 01:45:00;38,76
2018-12-13 02:00:00;38,60
2018-12-13 02:15:00;37,24
2018-12-13 02:30:00;41,20
2018-12-13 02:45:00;40,64
2018-12-13 03:00:00;39,24
2018-12-13 03:15:00;37,16
2018-12-13 03:30:00;36,40
2018-12-13 03:45:00;34,12
2018-12-13 04:00:00;35,40
2018-12-13 04:15:00;36,96
2018-12-13 04:30:00;37,68
2018-12-13 04:45:00;37,12
2018-12-13 05:00:00;34,88
2018-12-13 05:15:00;33,28
2018-12-13 05:30:00;32,88
2018-12-13 05:45:00;32,56
2018-12-13 06:00:00;34,32
2018-12-13 06:15:00;36,08
2018-12-13 06:30:00;40,88
2018-12-13 06:45:00;57,20
2018-12-13 07:00:00;62,76
2018-12-13 07:15:00;87,96
2018-12-13 07:30:00;96,60
2018-12-13 07:45:00;103,24
2018-12-13 08:00:00;107,32
2018-12-13 08:15:00;100,76
2018-12-13 08:30:00;114,28
2018-12-13 08:45:00;120,96
2018-12-13 09:00:00;122,40
2018-12-13 09:15:00;109,12
2018-12-13 09:30:00;120,00
2018-12-13 09:45:00;128,28
2018-12-13 10:00:00;130,72
2018-12-13 10:15:00;134,32
2018-12-13 10:30:00;124,40
2018-12-13 10:45:00;117,52
2018-12-13 11:00:00;117,80
2018-12-13 11:15:00;118,64
2018-12-13 11:30:00;124,40
2018-12-13 11:45:00;126,40
2018-12-13 12:00:00;116,32
2018-12-13 12:15:00;94,48
2018-12-13 12:30:00;88,24
2018-12-13 12:45:00;102,92
2018-12-13 13:00:00;119,84
2018-12-13 13:15:00;110,68
2018-12-13 13:30:00;114,08
2018-12-13 13:45:00;117,56
2018-12-13 14:00:00;117,60
2018-12-13 14:15:00;125,36
2018-12-13 14:30:00;114,96
2018-12-13 14:45:00;113,16
2018-12-13 15:00:00;116,04
2018-12-13 15:15:00;123,48
2018-12-13 15:30:00;127,12
2018-12-13 15:45:00;116,56
2018-12-13 16:00:00;116,16
2018-12-13 16:15:00;127,28
2018-12-13 16:30:00;126,04
2018-12-13 16:45:00;96,60
2018-12-13 17:00:00;82,92
2018-12-13 17:15:00;84,28
2018-12-13 17:30:00;76,40
2018-12-13 17:45:00;67,56
2018-12-13 18:00:00;61,04
2018-12-13 18:15:00;61,80
2018-12-13 18:30:00;53,08
2018-12-13 18:45:00;46,56
2018-12-13 19:00:00;44,92
2018-12-13 19:15:00;46,16
2018-12-13 19:30:00;42,48
2018-12-13 19:45:00;41,80
2018-12-13 20:00:00;41,92
2018-12-13 20:15:00;42,04
2018-12-13 20:30:00;41,56
2018-12-13 20:45:00;42,20
2018-12-13 21:00:00;40,80
2018-12-13 21:15:00;38,48
2018-12-13 21:30:00;37,76
2018-12-13 21:45:00;39,40
2018-12-13 22:00:00;38,60
2018-12-13 22:15:00;39,08
2018-12-13 22:30:00;39,36
2018-12-13 22:45:00;36,40
2018-12-13 23:00:00;36,08
2018-12-13 23:15:00;35,36
2018-12-13 23:30:00;36,16
2018-12-13 23:45:00;39,64
2018-12-14 00:00:00;38,76
2018-12-14 00:15:00;39,04
2018-12-14 00:30:00;36,60
2018-12-14 00:45:00;35,44
2018-12-14 01:00:00;36,08
2018-12-14 01:15:00;36,24
2018-12-14 01:30:00;38,88
2018-12-14 01:45:00;38,84
2018-12-14 02:00:00;39,68
2018-12-14 02:15:00;35,40
2018-12-14 02:30:00;35,56
2018-12-14 02:45:00;35,40
2018-12-14 03:00:00;36,44
2018-12-14 03:15:00;39,44
2018-12-14 03:30:00;38,40
2018-12-14 03:45:00;38,48
2018-12-14 04:00:00;35,84
2018-12-14 04:15:00;34,52
2018-12-14 04:30:00;36,20
2018-12-14 04:45:00;36,88
2018-12-14 05:00:00;37,60
2018-12-14 05:15:00;37,52
2018-12-14 05:30:00;37,16
2018-12-14 05:45:00;34,72
2018-12-14 06:00:00;33,76
2018-12-14 06:15:00;43,68
2018-12-14 06:30:00;46,36
2018-12-14 06:45:00;53,68
2018-12-14 07:00:00;62,40
2018-12-14 07:15:00;93,64
2018-12-14 07:30:00;102,40
2018-12-14 07:45:00;105,96
2018-12-14 08:00:00;108,64
2018-12-14 08:15:00;111,64
2018-12-14 08:30:00;117,68
2018-12-14 08:45:00;119,12
2018-12-14 09:00:00;121,84
2018-12-14 09:15:00;107,08
2018-12-14 09:30:00;119,48
2018-12-14 09:45:00;126,28
2018-12-14 10:00:00;128,32
2018-12-14 10:15:00;136,60
2018-12-14 10:30:00;127,20
2018-12-14 10:45:00;129,40
2018-12-14 11:00:00;128,68
2018-12-14 11:15:00;121,80
2018-12-14 11:30:00;125,24
2018-12-14 11:45:00;126,56
2018-12-14 12:00:00;131,00
2018-12-14 12:15:00;104,48
2018-12-14 12:30:00;85,16
2018-12-14 12:45:00;90,12
2018-12-14 13:00:00;110,28
2018-12-14 13:15:00;107,08
2018-12-14 13:30:00;116,32
2018-12-14 13:45:00;116,12
2018-12-14 14:00:00;110,60
2018-12-14 14:15:00;100,08
2018-12-14 14:30:00;105,32
2018-12-14 14:45:00;102,76
2018-12-14 15:00:00;92,96
2018-12-14 15:15:00;85,60
2018-12-14 15:30:00;79,96
2018-12-14 15:45:00;70,36
2018-12-14 16:00:00;70,08
2018-12-14 16:15:00;64,96
2018-12-14 16:30:00;67,84
2018-12-14 16:45:00;64,96
2018-12-14 17:00:00;62,08
2018-12-14 17:15:00;64,20
2018-12-14 17:30:00;62,88
2018-12-14 17:45:00;56,44
2018-12-14 18:00:00;53,96
2018-12-14 18:15:00;52,60
2018-12-14 18:30:00;52,88
2018-12-14 18:45:00;56,84
2018-12-14 19:00:00;59,60
2018-12-14 19:15:00;54,80
2018-12-14 19:30:00;49,24
2018-12-14 19:45:00;41,08
2018-12-14 20:00:00;36,60
2018-12-14 20:15:00;33,84
2018-12-14 20:30:00;36,64
2018-12-14 20:45:00;37,44
2018-12-14 21:00:00;37,24
2018-12-14 21:15:00;41,32
2018-12-14 21:30:00;39,40
2018-12-14 21:45:00;38,40
2018-12-14 22:00:00;38,88
2018-12-14 22:15:00;37,28
2018-12-14 22:30:00;41,76
2018-12-14 22:45:00;40,76
2018-12-14 23:00:00;40,28
2018-12-14 23:15:00;37,76
2018-12-14 23:30:00;36,60
2018-12-14 23:45:00;37,68
2018-12-15 00:00:00;38,76
2018-12-15 00:15:00;40,64
2018-12-15 00:30:00;40,64
2018-12-15 00:45:00;40,92
2018-12-15 01:00:00;37,72
2018-12-15 01:15:00;36,92
2018-12-15 01:30:00;37,56
2018-12-15 01:45:00;37,76
2018-12-15 02:00:00;42,20
2018-12-15 02:15:00;40,52
2018-12-15 02:30:00;40,08
2018-12-15 02:45:00;36,96
2018-12-15 03:00:00;37,48
2018-12-15 03:15:00;38,04
2018-12-15 03:30:00;37,76
2018-12-15 03:45:00;41,32
2018-12-15 04:00:00;39,84
2018-12-15 04:15:00;41,44
2018-12-15 04:30:00;36,80
2018-12-15 04:45:00;37,48
2018-12-15 05:00:00;38,12
2018-12-15 05:15:00;38,40
2018-12-15 05:30:00;40,52
2018-12-15 05:45:00;39,88
2018-12-15 06:00:00;40,72
2018-12-15 06:15:00;37,52
2018-12-15 06:30:00;37,12
2018-12-15 06:45:00;38,44
2018-12-15 07:00:00;41,28
2018-12-15 07:15:00;45,56
2018-12-15 07:30:00;49,12
2018-12-15 07:45:00;51,00
2018-12-15 08:00:00;45,88
2018-12-15 08:15:00;46,60
2018-12-15 08:30:00;48,84
2018-12-15 08:45:00;52,08
2018-12-15 09:00:00;51,28
2018-12-15 09:15:00;53,96
2018-12-15 09:30:00;55,48
2018-12-15 09:45:00;51,00
2018-12-15 10:00:00;52,92
2018-12-15 10:15:00;51,40
2018-12-15 10:30:00;60,28
2018-12-15 10:45:00;63,32
2018-12-15 11:00:00;64,32
2018-12-15 11:15:00;61,84
2018-12-15 11:30:00;62,12
2018-12-15 11:45:00;55,40
2018-12-15 12:00:00;50,88
2018-12-15 12:15:00;54,96
2018-12-15 12:30:00;55,64
2018-12-15 12:45:00;54,48
2018-12-15 13:00:00;51,44
2018-12-15 13:15:00;47,52
2018-12-15 13:30:00;45,80
2018-12-15 13:45:00;47,88
2018-12-15 14:00:00;47,00
2018-12-15 14:15:00;46,64
2018-12-15 14:30:00;45,92
2018-12-15 14:45:00;46,24
2018-12-15 15:00:00;39,20
2018-12-15 15:15:00;41,60
2018-12-15 15:30:00;41,00
2018-12-15 15:45:00;44,96
2018-12-15 16:00:00;42,40
2018-12-15 16:15:00;43,12
2018-12-15 16:30:00;45,80
2018-12-15 16:45:00;43,12
2018-12-15 17:00:00;40,80
2018-12-15 17:15:00;40,96
2018-12-15 17:30:00;47,40
2018-12-15 17:45:00;46,12
2018-12-15 18:00:00;46,32
2018-12-15 18:15:00;44,84
2018-12-15 18:30:00;43,96
2018-12-15 18:45:00;46,88
2018-12-15 19:00:00;42,32
2018-12-15 19:15:00;45,44
2018-12-15 19:30:00;44,84
2018-12-15 19:45:00;37,24
2018-12-15 20:00:00;32,88
2018-12-15 20:15:00;34,24
2018-12-15 20:30:00;30,60
2018-12-15 20:45:00;28,80
2018-12-15 21:00:00;30,92
2018-12-15 21:15:00;37,08
2018-12-15 21:30:00;37,20
2018-12-15 21:45:00;31,04
2018-12-15 22:00:00;31,04
2018-12-15 22:15:00;32,96
2018-12-15 22:30:00;34,80
2018-12-15 22:45:00;33,84
2018-12-15 23:00:00;34,60
2018-12-15 23:15:00;36,08
2018-12-15 23:30:00;34,08
2018-12-15 23:45:00;30,24
2018-12-16 00:00:00;31,32
2018-12-16 00:15:00;33,44
2018-12-16 00:30:00;36,28
2018-12-16 00:45:00;33,68
2018-12-16 01:00:00;35,20
2018-12-16 01:15:00;33,96
2018-12-16 01:30:00;32,00
2018-12-16 01:45:00;30,88
2018-12-16 02:00:00;33,36
2018-12-16 02:15:00;36,40
2018-12-16 02:30:00;34,92
2018-12-16 02:45:00;34,32
2018-12-16 03:00:00;32,44
2018-12-16 03:15:00;33,36
2018-12-16 03:30:00;31,00
2018-12-16 03:45:00;34,48
2018-12-16 04:00:00;36,68
2018-12-16 04:15:00;35,68
2018-12-16 04:30:00;33,48
2018-12-16 04:45:00;31,36
2018-12-16 05:00:00;34,08
2018-12-16 05:15:00;32,60
2018-12-16 05:30:00;32,08
2018-12-16 05:45:00;34,92
2018-12-16 06:00:00;36,76
2018-12-16 06:15:00;35,52
2018-12-16 06:30:00;30,80
2018-12-16 06:45:00;30,48
2018-12-16 07:00:00;33,60
2018-12-16 07:15:00;33,68
2018-12-16 07:30:00;34,04
2018-12-16 07:45:00;34,64
2018-12-16 08:00:00;36,16
2018-12-16 08:15:00;31,00
2018-12-16 08:30:00;30,04
2018-12-16 08:45:00;31,64
2018-12-16 09:00:00;31,04
2018-12-16 09:15:00;28,56
2018-12-16 09:30:00;28,84
2018-12-16 09:45:00;27,36
2018-12-16 10:00:00;26,20
2018-12-16 10:15:00;25,88
2018-12-16 10:30:00;26,00
2018-12-16 10:45:00;26,16
2018-12-16 11:00:00;27,16
2018-12-16 11:15:00;29,44
2018-12-16 11:30:00;30,68
2018-12-16 11:45:00;24,04
2018-12-16 12:00:00;23,68
2018-12-16 12:15:00;28,60
2018-12-16 12:30:00;30,44
2018-12-16 12:45:00;30,80
2018-12-16 13:00:00;30,12
2018-12-16 13:15:00;31,16
2018-12-16 13:30:00;28,64
2018-12-16 13:45:00;27,56
2018-12-16 14:00:00;27,72
2018-12-16 14:15:00;23,36
2018-12-16 14:30:00;24,76
2018-12-16 14:45:00;24,88
2018-12-16 15:00:00;25,96
2018-12-16 15:15:00;23,16
2018-12-16 15:30:00;23,56
2018-12-16 15:45:00;19,48
2018-12-16 16:00:00;23,28
2018-12-16 16:15:00;25,76
2018-12-16 16:30:00;26,72
2018-12-16 16:45:00;32,00
2018-12-16 17:00:00;30,92
2018-12-16 17:15:00;27,80
2018-12-16 17:30:00;30,20
2018-12-16 17:45:00;34,96
2018-12-16 18:00:00;37,40
2018-12-16 18:15:00;35,68
2018-12-16 18:30:00;34,68
2018-12-16 18:45:00;34,56
2018-12-16 19:00:00;38,84
2018-12-16 19:15:00;45,52
2018-12-16 19:30:00;48,92
2018-12-16 19:45:00;51,04
2018-12-16 20:00:00;48,24
2018-12-16 20:15:00;43,80
2018-12-16 20:30:00;39,68
2018-12-16 20:45:00;40,24
2018-12-16 21:00:00;42,12
2018-12-16 21:15:00;48,00
2018-12-16 21:30:00;48,80
2018-12-16 21:45:00;46,32
2018-12-16 22:00:00;46,80
2018-12-16 22:15:00;44,88
2018-12-16 22:30:00;45,48
2018-12-16 22:45:00;47,32
2018-12-16 23:00:00;47,44
2018-12-16 23:15:00;47,36
2018-12-16 23:30:00;47,52
2018-12-16 23:45:00;45,52
2018-12-17 00:00:00;47,48
2018-12-17 00:15:00;45,16
2018-12-17 00:30:00;44,40
2018-12-17 00:45:00;45,68
2018-12-17 01:00:00;40,72
2018-12-17 01:15:00;42,44
2018-12-17 01:30:00;40,20
2018-12-17 01:45:00;37,36
2018-12-17 02:00:00;33,84
2018-12-17 02:15:00;36,80
2018-12-17 02:30:00;36,12
2018-12-17 02:45:00;40,68
2018-12-17 03:00:00;39,24
2018-12-17 03:15:00;38,28
2018-12-17 03:30:00;34,44
2018-12-17 03:45:00;34,56
2018-12-17 04:00:00;34,84
2018-12-17 04:15:00;39,80
2018-12-17 04:30:00;41,92
2018-12-17 04:45:00;39,44
2018-12-17 05:00:00;35,28
2018-12-17 05:15:00;33,56
2018-12-17 05:30:00;35,64
2018-12-17 05:45:00;41,52
2018-12-17 06:00:00;47,72
2018-12-17 06:15:00;49,52
2018-12-17 06:30:00;50,88
2018-12-17 06:45:00;59,84
2018-12-17 07:00:00;61,32
2018-12-17 07:15:00;90,56
2018-12-17 07:30:00;110,28
2018-12-17 07:45:00;118,32
2018-12-17 08:00:00;113,12
2018-12-17 08:15:00;115,92
2018-12-17 08:30:00;118,04
2018-12-17 08:45:00;132,44
2018-12-17 09:00:00;140,20
2018-12-17 09:15:00;112,04
2018-12-17 09:30:00;116,76
2018-12-17 09:45:00;132,80
2018-12-17 10:00:00;135,20
2018-12-17 10:15:00;136,92
2018-12-17 10:30:00;141,20
2018-12-17 10:45:00;144,16
2018-12-17 11:00:00;138,96
2018-12-17 11:15:00;141,64
2018-12-17 11:30:00;138,60
2018-12-17 11:45:00;140,28
2018-12-17 12:00:00;140,88
2018-12-17 12:15:00;107,24
2018-12-17 12:30:00;103,80
2018-12-17 12:45:00;127,96
2018-12-17 13:00:00;132,76
2018-12-17 13:15:00;129,08
2018-12-17 13:30:00;130,12
2018-12-17 13:45:00;130,92
2018-12-17 14:00:00;137,68
2018-12-17 14:15:00;124,12
2018-12-17 14:30:00;120,48
2018-12-17 14:45:00;131,12
2018-12-17 15:00:00;125,76
2018-12-17 15:15:00;125,08
2018-12-17 15:30:00;117,08
2018-12-17 15:45:00;117,48
2018-12-17 16:00:00;126,32
2018-12-17 16:15:00;127,96
2018-12-17 16:30:00;111,76
2018-12-17 16:45:00;90,80
2018-12-17 17:00:00;93,48
2018-12-17 17:15:00;81,60
2018-12-17 17:30:00;77,36
2018-12-17 17:45:00;68,56
2018-12-17 18:00:00;64,20
2018-12-17 18:15:00;64,12
2018-12-17 18:30:00;66,32
2018-12-17 18:45:00;62,20
2018-12-17 19:00:00;57,96
2018-12-17 19:15:00;47,04
2018-12-17 19:30:00;45,60
2018-12-17 19:45:00;41,68
2018-12-17 20:00:00;45,56
2018-12-17 20:15:00;45,04
2018-12-17 20:30:00;46,00
2018-12-17 20:45:00;44,52
2018-12-17 21:00:00;40,72
2018-12-17 21:15:00;45,80
2018-12-17 21:30:00;46,40
2018-12-17 21:45:00;46,96
2018-12-17 22:00:00;48,92
2018-12-17 22:15:00;49,44
2018-12-17 22:30:00;49,44
2018-12-17 22:45:00;45,64
2018-12-17 23:00:00;47,20
2018-12-17 23:15:00;44,16
2018-12-17 23:30:00;48,16
2018-12-17 23:45:00;49,16
2018-12-18 00:00:00;49,48
2018-12-18 00:15:00;49,04
2018-12-18 00:30:00;46,88
2018-12-18 00:45:00;43,28
2018-12-18 01:00:00;42,84
2018-12-18 01:15:00;42,48
2018-12-18 01:30:00;46,56
2018-12-18 01:45:00;45,08
2018-12-18 02:00:00;44,00
2018-12-18 02:15:00;40,60
2018-12-18 02:30:00;40,92
2018-12-18 02:45:00;42,08
2018-12-18 03:00:00;41,68
2018-12-18 03:15:00;44,40
2018-12-18 03:30:00;44,24
2018-12-18 03:45:00;43,96
2018-12-18 04:00:00;41,88
2018-12-18 04:15:00;39,92
2018-12-18 04:30:00;41,08
2018-12-18 04:45:00;41,20
2018-12-18 05:00:00;43,32
2018-12-18 05:15:00;45,00
2018-12-18 05:30:00;44,56
2018-12-18 05:45:00;40,60
2018-12-18 06:00:00;44,36
2018-12-18 06:15:00;52,20
2018-12-18 06:30:00;52,60
2018-12-18 06:45:00;58,52
2018-12-18 07:00:00;64,92
2018-12-18 07:15:00;95,64
2018-12-18 07:30:00;118,12
2018-12-18 07:45:00;118,40
2018-12-18 08:00:00;114,76
2018-12-18 08:15:00;120,24
2018-12-18 08:30:00;115,52
2018-12-18 08:45:00;120,72
2018-12-18 09:00:00;121,92
2018-12-18 09:15:00;104,88
2018-12-18 09:30:00;116,24
2018-12-18 09:45:00;129,32
2018-12-18 10:00:00;128,24
2018-12-18 10:15:00;131,96
2018-12-18 10:30:00;129,64
2018-12-18 10:45:00;123,80
2018-12-18 11:00:00;139,00
2018-12-18 11:15:00;138,76
2018-12-18 11:30:00;135,88
2018-12-18 11:45:00;137,52
2018-12-18 12:00:00;123,08
2018-12-18 12:15:00;103,28
2018-12-18 12:30:00;99,56
2018-12-18 12:45:00;109,92
2018-12-18 13:00:00;113,64
2018-12-18 13:15:00;123,00
2018-12-18 13:30:00;127,12
2018-12-18 13:45:00;122,44
2018-12-18 14:00:00;133,28
2018-12-18 14:15:00;139,64
2018-12-18 14:30:00;138,44
2018-12-18 14:45:00;141,28
2018-12-18 15:00:00;135,12
2018-12-18 15:15:00;115,72
2018-12-18 15:30:00;112,20
2018-12-18 15:45:00;131,40
2018-12-18 16:00:00;129,96
2018-12-18 16:15:00;135,52
2018-12-18 16:30:00;121,16
2018-12-18 16:45:00;86,40
2018-12-18 17:00:00;84,80
2018-12-18 17:15:00;78,08
2018-12-18 17:30:00;74,44
2018-12-18 17:45:00;62,76
2018-12-18 18:00:00;60,60
2018-12-18 18:15:00;56,20
2018-12-18 18:30:00;53,72
2018-12-18 18:45:00;46,80
2018-12-18 19:00:00;43,72
2018-12-18 19:15:00;43,68
2018-12-18 19:30:00;42,72
2018-12-18 19:45:00;41,16
2018-12-18 20:00:00;43,60
2018-12-18 20:15:00;44,84
2018-12-18 20:30:00;46,52
2018-12-18 20:45:00;48,48
2018-12-18 21:00:00;49,32
2018-12-18 21:15:00;50,16
2018-12-18 21:30:00;48,32
2018-12-18 21:45:00;45,12
2018-12-18 22:00:00;46,80
2018-12-18 22:15:00;44,96
2018-12-18 22:30:00;43,60
2018-12-18 22:45:00;45,80
2018-12-18 23:00:00;45,76
2018-12-18 23:15:00;46,08
2018-12-18 23:30:00;44,60
2018-12-18 23:45:00;41,60
2018-12-19 00:00:00;42,72
2018-12-19 00:15:00;43,72
2018-12-19 00:30:00;45,16
2018-12-19 00:45:00;45,68
2018-12-19 01:00:00;44,88
2018-12-19 01:15:00;40,16
2018-12-19 01:30:00;33,88
2018-12-19 01:45:00;37,32
2018-12-19 02:00:00;34,96
2018-12-19 02:15:00;39,08
2018-12-19 02:30:00;39,60
2018-12-19 02:45:00;35,40
2018-12-19 03:00:00;33,80
2018-12-19 03:15:00;31,72
2018-12-19 03:30:00;30,84
2018-12-19 03:45:00;32,08
2018-12-19 04:00:00;34,24
2018-12-19 04:15:00;34,60
2018-12-19 04:30:00;33,08
2018-12-19 04:45:00;29,32
2018-12-19 05:00:00;30,64
2018-12-19 05:15:00;29,24
2018-12-19 05:30:00;31,28
2018-12-19 05:45:00;32,12
2018-12-19 06:00:00;39,32
2018-12-19 06:15:00;43,56
2018-12-19 06:30:00;41,36
2018-12-19 06:45:00;50,68
2018-12-19 07:00:00;58,96
2018-12-19 07:15:00;92,80
2018-12-19 07:30:00;133,24
2018-12-19 07:45:00;145,44
2018-12-19 08:00:00;147,12
2018-12-19 08:15:00;132,32
2018-12-19 08:30:00;134,16
2018-12-19 08:45:00;138,76
2018-12-19 09:00:00;148,60
2018-12-19 09:15:00;128,56
2018-12-19 09:30:00;134,84
2018-12-19 09:45:00;141,92
2018-12-19 10:00:00;134,80
2018-12-19 10:15:00;145,72
2018-12-19 10:30:00;146,60
2018-12-19 10:45:00;150,84
2018-12-19 11:00:00;156,84
2018-12-19 11:15:00;158,96
2018-12-19 11:30:00;155,04
2018-12-19 11:45:00;143,88
2018-12-19 12:00:00;132,80
2018-12-19 12:15:00;112,12
2018-12-19 12:30:00;103,76
2018-12-19 12:45:00;129,60
2018-12-19 13:00:00;134,80
2018-12-19 13:15:00;137,72
2018-12-19 13:30:00;143,44
2018-12-19 13:45:00;138,68
2018-12-19 14:00:00;135,80
2018-12-19 14:15:00;148,32
2018-12-19 14:30:00;158,52
2018-12-19 14:45:00;140,72
2018-12-19 15:00:00;143,84
2018-12-19 15:15:00;135,96
2018-12-19 15:30:00;132,20
2018-12-19 15:45:00;145,76
2018-12-19 16:00:00;141,80
2018-12-19 16:15:00;146,44
2018-12-19 16:30:00;136,16
2018-12-19 16:45:00;89,24
2018-12-19 17:00:00;74,80
2018-12-19 17:15:00;70,24
2018-12-19 17:30:00;73,52
2018-12-19 17:45:00;74,20
2018-12-19 18:00:00;70,88
2018-12-19 18:15:00;73,88
2018-12-19 18:30:00;70,32
2018-12-19 18:45:00;75,64
2018-12-19 19:00:00;63,88
2018-12-19 19:15:00;58,20
2018-12-19 19:30:00;49,72
2018-12-19 19:45:00;48,16
2018-12-19 20:00:00;49,64
2018-12-19 20:15:00;51,16
2018-12-19 20:30:00;46,88
2018-12-19 20:45:00;47,52
2018-12-19 21:00:00;44,12
2018-12-19 21:15:00;49,76
2018-12-19 21:30:00;50,56
2018-12-19 21:45:00;50,76
2018-12-19 22:00:00;49,12
2018-12-19 22:15:00;50,72
2018-12-19 22:30:00;49,84
2018-12-19 22:45:00;47,00
2018-12-19 23:00:00;46,36
2018-12-19 23:15:00;48,24
2018-12-19 23:30:00;49,68
2018-12-19 23:45:00;48,88
2018-12-20 00:00:00;45,80
2018-12-20 00:15:00;43,68
2018-12-20 00:30:00;43,40
2018-12-20 00:45:00;41,64
2018-12-20 01:00:00;43,12
2018-12-20 01:15:00;45,52
2018-12-20 01:30:00;46,36
2018-12-20 01:45:00;45,80
2018-12-20 02:00:00;44,84
2018-12-20 02:15:00;43,60
2018-12-20 02:30:00;42,88
2018-12-20 02:45:00;44,52
2018-12-20 03:00:00;43,12
2018-12-20 03:15:00;47,64
2018-12-20 03:30:00;45,88
2018-12-20 03:45:00;45,76
2018-12-20 04:00:00;43,64
2018-12-20 04:15:00;42,76
2018-12-20 04:30:00;42,96
2018-12-20 04:45:00;44,88
2018-12-20 05:00:00;46,88
2018-12-20 05:15:00;46,88
2018-12-20 05:30:00;44,32
2018-12-20 05:45:00;43,36
2018-12-20 06:00:00;41,52
2018-12-20 06:15:00;47,24
2018-12-20 06:30:00;47,32
2018-12-20 06:45:00;60,48
2018-12-20 07:00:00;69,96
2018-12-20 07:15:00;96,92
2018-12-20 07:30:00;106,20
2018-12-20 07:45:00;103,24
2018-12-20 08:00:00;105,56
2018-12-20 08:15:00;124,84
2018-12-20 08:30:00;117,44
2018-12-20 08:45:00;127,00
2018-12-20 09:00:00;133,72
2018-12-20 09:15:00;106,52
2018-12-20 09:30:00;123,00
2018-12-20 09:45:00;114,08
2018-12-20 10:00:00;113,24
2018-12-20 10:15:00;108,20
2018-12-20 10:30:00;111,20
2018-12-20 10:45:00;131,32
2018-12-20 11:00:00;116,44
2018-12-20 11:15:00;125,32
2018-12-20 11:30:00;128,56
2018-12-20 11:45:00;123,96
2018-12-20 12:00:00;124,40
2018-12-20 12:15:00;92,56
2018-12-20 12:30:00;86,44
2018-12-20 12:45:00;92,72
2018-12-20 13:00:00;103,68
2018-12-20 13:15:00;109,60
2018-12-20 13:30:00;110,40
2018-12-20 13:45:00;104,68
2018-12-20 14:00:00;117,56
2018-12-20 14:15:00;108,92
2018-12-20 14:30:00;103,68
2018-12-20 14:45:00;88,36
2018-12-20 15:00:00;82,28
2018-12-20 15:15:00;80,48
2018-12-20 15:30:00;97,84
2018-12-20 15:45:00;87,56
2018-12-20 16:00:00;93,24
2018-12-20 16:15:00;92,92
2018-12-20 16:30:00;91,44
2018-12-20 16:45:00;82,36
2018-12-20 17:00:00;83,80
2018-12-20 17:15:00;72,40
2018-12-20 17:30:00;64,24
2018-12-20 17:45:00;50,72
2018-12-20 18:00:00;47,20
2018-12-20 18:15:00;44,28
2018-12-20 18:30:00;40,28
2018-12-20 18:45:00;43,20
2018-12-20 19:00:00;48,80
2018-12-20 19:15:00;51,32
2018-12-20 19:30:00;49,00
2018-12-20 19:45:00;42,64
2018-12-20 20:00:00;40,56
2018-12-20 20:15:00;38,80
2018-12-20 20:30:00;37,04
2018-12-20 20:45:00;39,48
2018-12-20 21:00:00;43,08
2018-12-20 21:15:00;50,52
2018-12-20 21:30:00;48,52
2018-12-20 21:45:00;44,88
2018-12-20 22:00:00;42,04
2018-12-20 22:15:00;40,00
2018-12-20 22:30:00;41,56
2018-12-20 22:45:00;41,40
2018-12-20 23:00:00;34,92
2018-12-20 23:15:00;33,08
2018-12-20 23:30:00;32,08
2018-12-20 23:45:00;29,72
2018-12-21 00:00:00;31,20
2018-12-21 00:15:00;32,32
2018-12-21 00:30:00;33,76
2018-12-21 00:45:00;34,92
2018-12-21 01:00:00;32,96
2018-12-21 01:15:00;31,56
2018-12-21 01:30:00;30,36
2018-12-21 01:45:00;30,08
2018-12-21 02:00:00;33,64
2018-12-21 02:15:00;34,60
2018-12-21 02:30:00;34,08
2018-12-21 02:45:00;32,76
2018-12-21 03:00:00;31,32
2018-12-21 03:15:00;30,76
2018-12-21 03:30:00;30,72
2018-12-21 03:45:00;33,40
2018-12-21 04:00:00;33,48
2018-12-21 04:15:00;34,32
2018-12-21 04:30:00;32,80
2018-12-21 04:45:00;30,44
2018-12-21 05:00:00;30,16
2018-12-21 05:15:00;27,84
2018-12-21 05:30:00;31,76
2018-12-21 05:45:00;31,84
2018-12-21 06:00:00;33,48
2018-12-21 06:15:00;32,48
2018-12-21 06:30:00;31,56
2018-12-21 06:45:00;35,40
2018-12-21 07:00:00;46,60
2018-12-21 07:15:00;60,76
2018-12-21 07:30:00;70,28
2018-12-21 07:45:00;74,04
2018-12-21 08:00:00;73,40
2018-12-21 08:15:00;85,00
2018-12-21 08:30:00;92,40
2018-12-21 08:45:00;81,84
2018-12-21 09:00:00;85,36
2018-12-21 09:15:00;83,16
2018-12-21 09:30:00;82,36
2018-12-21 09:45:00;85,84
2018-12-21 10:00:00;85,44
2018-12-21 10:15:00;83,52
2018-12-21 10:30:00;83,04
2018-12-21 10:45:00;78,52
2018-12-21 11:00:00;74,76
2018-12-21 11:15:00;77,88
2018-12-21 11:30:00;75,44
2018-12-21 11:45:00;73,20
2018-12-21 12:00:00;74,96
2018-12-21 12:15:00;76,36
2018-12-21 12:30:00;65,52
2018-12-21 12:45:00;71,96
2018-12-21 13:00:00;73,24
2018-12-21 13:15:00;91,56
2018-12-21 13:30:00;75,52
2018-12-21 13:45:00;68,40
2018-12-21 14:00:00;64,00
2018-12-21 14:15:00;66,16
2018-12-21 14:30:00;66,64
2018-12-21 14:45:00;57,60
2018-12-21 15:00:00;49,44
2018-12-21 15:15:00;43,20
2018-12-21 15:30:00;40,32
2018-12-21 15:45:00;37,36
2018-12-21 16:00:00;37,76
2018-12-21 16:15:00;32,36
2018-12-21 16:30:00;30,44
2018-12-21 16:45:00;24,60
2018-12-21 17:00:00;22,68
2018-12-21 17:15:00;25,48
2018-12-21 17:30:00;24,72
2018-12-21 17:45:00;27,84
2018-12-21 18:00:00;25,08
2018-12-21 18:15:00;24,72
2018-12-21 18:30:00;23,96
2018-12-21 18:45:00;20,40
2018-12-21 19:00:00;22,08
2018-12-21 19:15:00;21,44
2018-12-21 19:30:00;24,12
2018-12-21 19:45:00;20,52
2018-12-21 20:00:00;21,00
2018-12-21 20:15:00;19,84
2018-12-21 20:30:00;18,80
2018-12-21 20:45:00;18,44
2018-12-21 21:00:00;17,20
2018-12-21 21:15:00;23,20
2018-12-21 21:30:00;25,16
2018-12-21 21:45:00;23,64
2018-12-21 22:00:00;21,60
2018-12-21 22:15:00;22,00
2018-12-21 22:30:00;22,92
2018-12-21 22:45:00;21,24
2018-12-21 23:00:00;21,68
2018-12-21 23:15:00;22,56
2018-12-21 23:30:00;21,00
2018-12-21 23:45:00;22,72
2018-12-22 00:00:00;21,52
2018-12-22 00:15:00;22,24
2018-12-22 00:30:00;21,28
2018-12-22 00:45:00;19,88
2018-12-22 01:00:00;19,80
2018-12-22 01:15:00;19,20
2018-12-22 01:30:00;19,56
2018-12-22 01:45:00;17,60
2018-12-22 02:00:00;18,80
2018-12-22 02:15:00;16,68
2018-12-22 02:30:00;17,44
2018-12-22 02:45:00;17,44
2018-12-22 03:00:00;17,04
2018-12-22 03:15:00;17,92
2018-12-22 03:30:00;16,80
2018-12-22 03:45:00;17,56
2018-12-22 04:00:00;17,40
2018-12-22 04:15:00;15,72
2018-12-22 04:30:00;15,88
2018-12-22 04:45:00;15,12
2018-12-22 05:00:00;16,60
2018-12-22 05:15:00;14,64
2018-12-22 05:30:00;13,28
2018-12-22 05:45:00;12,96
2018-12-22 06:00:00;11,88
2018-12-22 06:15:00;13,00
2018-12-22 06:30:00;13,32
2018-12-22 06:45:00;17,32
2018-12-22 07:00:00;18,04
2018-12-22 07:15:00;17,80
2018-12-22 07:30:00;17,64
2018-12-22 07:45:00;18,24
2018-12-22 08:00:00;18,04
2018-12-22 08:15:00;17,68
2018-12-22 08:30:00;17,16
2018-12-22 08:45:00;18,00
2018-12-22 09:00:00;15,76
2018-12-22 09:15:00;15,64
2018-12-22 09:30:00;16,04
2018-12-22 09:45:00;16,44
2018-12-22 10:00:00;15,40
2018-12-22 10:15:00;15,48
2018-12-22 10:30:00;15,68
2018-12-22 10:45:00;15,96
2018-12-22 11:00:00;15,32
2018-12-22 11:15:00;15,64
2018-12-22 11:30:00;15,88
2018-12-22 11:45:00;16,40
2018-12-22 12:00:00;15,72
2018-12-22 12:15:00;15,60
2018-12-22 12:30:00;15,56
2018-12-22 12:45:00;16,04
2018-12-22 13:00:00;13,72
2018-12-22 13:15:00;10,88
2018-12-22 13:30:00;12,48
2018-12-22 13:45:00;12,52
2018-12-22 14:00:00;11,48
2018-12-22 14:15:00;12,08
2018-12-22 14:30:00;12,04
2018-12-22 14:45:00;11,96
2018-12-22 15:00:00;11,92
2018-12-22 15:15:00;11,16
2018-12-22 15:30:00;12,40
2018-12-22 15:45:00;11,68
2018-12-22 16:00:00;12,28
2018-12-22 16:15:00;9,32
2018-12-22 16:30:00;8,40
2018-12-22 16:45:00;8,76
2018-12-22 17:00:00;6,96
2018-12-22 17:15:00;7,80
2018-12-22 17:30:00;6,96
2018-12-22 17:45:00;7,64
2018-12-22 18:00:00;8,08
2018-12-22 18:15:00;9,80
2018-12-22 18:30:00;11,88
2018-12-22 18:45:00;12,32
2018-12-22 19:00:00;10,16
2018-12-22 19:15:00;8,16
2018-12-22 19:30:00;7,92
2018-12-22 19:45:00;7,00
2018-12-22 20:00:00;7,04
2018-12-22 20:15:00;8,28
2018-12-22 20:30:00;8,08
2018-12-22 20:45:00;7,52
2018-12-22 21:00:00;7,08
2018-12-22 21:15:00;11,72
2018-12-22 21:30:00;12,00
2018-12-22 21:45:00;12,24
2018-12-22 22:00:00;12,08
2018-12-22 22:15:00;12,12
2018-12-22 22:30:00;11,88
2018-12-22 22:45:00;12,04
2018-12-22 23:00:00;11,84
2018-12-22 23:15:00;11,84
2018-12-22 23:30:00;11,76
2018-12-22 23:45:00;12,28
2018-12-23 00:00:00;11,80
2018-12-23 00:15:00;11,88
2018-12-23 00:30:00;11,64
2018-12-23 00:45:00;12,00
2018-12-23 01:00:00;11,84
2018-12-23 01:15:00;11,80
2018-12-23 01:30:00;11,80
2018-12-23 01:45:00;11,16
2018-12-23 02:00:00;10,28
2018-12-23 02:15:00;10,00
2018-12-23 02:30:00;10,24
2018-12-23 02:45:00;10,40
2018-12-23 03:00:00;9,08
2018-12-23 03:15:00;10,16
2018-12-23 03:30:00;8,60
2018-12-23 03:45:00;8,56
2018-12-23 04:00:00;8,60
2018-12-23 04:15:00;8,60
2018-12-23 04:30:00;8,48
2018-12-23 04:45:00;8,44
2018-12-23 05:00:00;8,64
2018-12-23 05:15:00;8,60
2018-12-23 05:30:00;8,52
2018-12-23 05:45:00;8,88
2018-12-23 06:00:00;8,60
2018-12-23 06:15:00;8,80
2018-12-23 06:30:00;8,44
2018-12-23 06:45:00;8,64
2018-12-23 07:00:00;8,72
2018-12-23 07:15:00;8,76
2018-12-23 07:30:00;8,72
2018-12-23 07:45:00;8,68
2018-12-23 08:00:00;8,36
2018-12-23 08:15:00;8,40
2018-12-23 08:30:00;8,80
2018-12-23 08:45:00;9,88
2018-12-23 09:00:00;8,84
2018-12-23 09:15:00;8,92
2018-12-23 09:30:00;8,52
2018-12-23 09:45:00;8,24
2018-12-23 10:00:00;8,32
2018-12-23 10:15:00;9,40
2018-12-23 10:30:00;6,52
2018-12-23 10:45:00;6,36
2018-12-23 11:00:00;6,48
2018-12-23 11:15:00;6,40
2018-12-23 11:30:00;6,68
2018-12-23 11:45:00;8,80
2018-12-23 12:00:00;11,92
2018-12-23 12:15:00;12,84
2018-12-23 12:30:00;12,96
2018-12-23 12:45:00;8,92
2018-12-23 13:00:00;6,80
2018-12-23 13:15:00;7,44
2018-12-23 13:30:00;6,96
2018-12-23 13:45:00;9,48
2018-12-23 14:00:00;14,24
2018-12-23 14:15:00;15,92
2018-12-23 14:30:00;15,28
2018-12-23 14:45:00;16,20
2018-12-23 15:00:00;16,28
2018-12-23 15:15:00;17,24
2018-12-23 15:30:00;18,76
2018-12-23 15:45:00;18,28
2018-12-23 16:00:00;18,48
2018-12-23 16:15:00;19,60
2018-12-23 16:30:00;17,84
2018-12-23 16:45:00;15,84
2018-12-23 17:00:00;10,60
2018-12-23 17:15:00;8,32
2018-12-23 17:30:00;7,48
2018-12-23 17:45:00;7,44
2018-12-23 18:00:00;7,44
2018-12-23 18:15:00;7,20
2018-12-23 18:30:00;7,28
2018-12-23 18:45:00;7,16
2018-12-23 19:00:00;7,72
2018-12-23 19:15:00;7,40
2018-12-23 19:30:00;7,44
2018-12-23 19:45:00;7,24
2018-12-23 20:00:00;7,44
2018-12-23 20:15:00;7,36
2018-12-23 20:30:00;7,36
2018-12-23 20:45:00;7,12
2018-12-23 21:00:00;7,60
2018-12-23 21:15:00;11,76
2018-12-23 21:30:00;12,28
2018-12-23 21:45:00;11,88
2018-12-23 22:00:00;12,36
2018-12-23 22:15:00;11,88
2018-12-23 22:30:00;12,20
2018-12-23 22:45:00;11,92
2018-12-23 23:00:00;12,32
2018-12-23 23:15:00;11,88
2018-12-23 23:30:00;12,12
2018-12-23 23:45:00;12,12
2018-12-24 00:00:00;12,44
2018-12-24 00:15:00;12,12
2018-12-24 00:30:00;13,92
2018-12-24 00:45:00;12,20
2018-12-24 01:00:00;11,60
2018-12-24 01:15:00;10,40
2018-12-24 01:30:00;10,24
2018-12-24 01:45:00;10,40
2018-12-24 02:00:00;10,44
2018-12-24 02:15:00;9,96
2018-12-24 02:30:00;7,68
2018-12-24 02:45:00;7,24
2018-12-24 03:00:00;7,20
2018-12-24 03:15:00;7,32
2018-12-24 03:30:00;7,12
2018-12-24 03:45:00;7,28
2018-12-24 04:00:00;8,84
2018-12-24 04:15:00;8,76
2018-12-24 04:30:00;8,68
2018-12-24 04:45:00;8,96
2018-12-24 05:00:00;8,76
2018-12-24 05:15:00;8,88
2018-12-24 05:30:00;8,80
2018-12-24 05:45:00;9,16
2018-12-24 06:00:00;8,92
2018-12-24 06:15:00;8,92
2018-12-24 06:30:00;8,72
2018-12-24 06:45:00;9,24
2018-12-24 07:00:00;8,72
2018-12-24 07:15:00;8,88
2018-12-24 07:30:00;8,68
2018-12-24 07:45:00;9,36
2018-12-24 08:00:00;8,76
2018-12-24 08:15:00;9,08
2018-12-24 08:30:00;8,56
2018-12-24 08:45:00;9,04
2018-12-24 09:00:00;7,20
2018-12-24 09:15:00;6,96
2018-12-24 09:30:00;6,64
2018-12-24 09:45:00;7,28
2018-12-24 10:00:00;6,56
2018-12-24 10:15:00;6,68
2018-12-24 10:30:00;6,40
2018-12-24 10:45:00;7,24
2018-12-24 11:00:00;6,60
2018-12-24 11:15:00;7,24
2018-12-24 11:30:00;6,84
2018-12-24 11:45:00;6,56
2018-12-24 12:00:00;6,60
2018-12-24 12:15:00;8,64
2018-12-24 12:30:00;9,24
2018-12-24 12:45:00;9,40
2018-12-24 13:00:00;7,80
2018-12-24 13:15:00;6,56
2018-12-24 13:30:00;6,16
2018-12-24 13:45:00;6,84
2018-12-24 14:00:00;6,40
2018-12-24 14:15:00;7,12
2018-12-24 14:30:00;6,20
2018-12-24 14:45:00;6,72
2018-12-24 15:00:00;6,52
2018-12-24 15:15:00;8,80
2018-12-24 15:30:00;8,44
2018-12-24 15:45:00;7,20
2018-12-24 16:00:00;7,16
2018-12-24 16:15:00;6,76
2018-12-24 16:30:00;7,24
2018-12-24 16:45:00;7,12
2018-12-24 17:00:00;7,48
2018-12-24 17:15:00;7,56
2018-12-24 17:30:00;8,96
2018-12-24 17:45:00;9,36
2018-12-24 18:00:00;9,68
2018-12-24 18:15:00;9,08
2018-12-24 18:30:00;7,56
2018-12-24 18:45:00;7,84
2018-12-24 19:00:00;9,72
2018-12-24 19:15:00;7,96
2018-12-24 19:30:00;7,60
2018-12-24 19:45:00;7,52
2018-12-24 20:00:00;7,52
2018-12-24 20:15:00;7,64
2018-12-24 20:30:00;7,72
2018-12-24 20:45:00;7,44
2018-12-24 21:00:00;7,56
2018-12-24 21:15:00;12,16
2018-12-24 21:30:00;12,76
2018-12-24 21:45:00;12,60
2018-12-24 22:00:00;12,40
2018-12-24 22:15:00;12,84
2018-12-24 22:30:00;12,64
2018-12-24 22:45:00;12,28
2018-12-24 23:00:00;12,56
2018-12-24 23:15:00;12,64
2018-12-24 23:30:00;12,32
2018-12-24 23:45:00;12,44
2018-12-25 00:00:00;12,84
2018-12-25 00:15:00;12,24
2018-12-25 00:30:00;12,32
2018-12-25 00:45:00;12,32
2018-12-25 01:00:00;12,56
2018-12-25 01:15:00;12,44
2018-12-25 01:30:00;12,36
2018-12-25 01:45:00;11,96
2018-12-25 02:00:00;10,96
2018-12-25 02:15:00;10,60
2018-12-25 02:30:00;11,04
2018-12-25 02:45:00;10,44
2018-12-25 03:00:00;9,04
2018-12-25 03:15:00;9,12
2018-12-25 03:30:00;9,08
2018-12-25 03:45:00;9,20
2018-12-25 04:00:00;9,24
2018-12-25 04:15:00;9,24
2018-12-25 04:30:00;8,96
2018-12-25 04:45:00;9,36
2018-12-25 05:00:00;9,16
2018-12-25 05:15:00;8,88
2018-12-25 05:30:00;9,32
2018-12-25 05:45:00;9,28
2018-12-25 06:00:00;8,92
2018-12-25 06:15:00;9,28
2018-12-25 06:30:00;9,00
2018-12-25 06:45:00;8,88
2018-12-25 07:00:00;9,08
2018-12-25 07:15:00;9,08
2018-12-25 07:30:00;9,16
2018-12-25 07:45:00;8,96
2018-12-25 08:00:00;9,64
2018-12-25 08:15:00;8,84
2018-12-25 08:30:00;8,64
2018-12-25 08:45:00;8,44
2018-12-25 09:00:00;7,28
2018-12-25 09:15:00;7,12
2018-12-25 09:30:00;6,56
2018-12-25 09:45:00;6,84
2018-12-25 10:00:00;7,08
2018-12-25 10:15:00;6,68
2018-12-25 10:30:00;6,92
2018-12-25 10:45:00;6,84
2018-12-25 11:00:00;8,20
2018-12-25 11:15:00;8,12
2018-12-25 11:30:00;7,60
2018-12-25 11:45:00;7,12
2018-12-25 12:00:00;6,76
2018-12-25 12:15:00;6,28
2018-12-25 12:30:00;6,24
2018-12-25 12:45:00;6,04
2018-12-25 13:00:00;6,48
2018-12-25 13:15:00;6,16
2018-12-25 13:30:00;6,48
2018-12-25 13:45:00;6,32
2018-12-25 14:00:00;6,48
2018-12-25 14:15:00;6,20
2018-12-25 14:30:00;6,64
2018-12-25 14:45:00;6,04
2018-12-25 15:00:00;6,48
2018-12-25 15:15:00;6,28
2018-12-25 15:30:00;6,48
2018-12-25 15:45:00;6,12
2018-12-25 16:00:00;6,36
2018-12-25 16:15:00;6,44
2018-12-25 16:30:00;6,88
2018-12-25 16:45:00;6,68
2018-12-25 17:00:00;7,44
2018-12-25 17:15:00;6,64
2018-12-25 17:30:00;7,16
2018-12-25 17:45:00;6,84
2018-12-25 18:00:00;7,08
2018-12-25 18:15:00;8,04
2018-12-25 18:30:00;9,32
2018-12-25 18:45:00;8,88
2018-12-25 19:00:00;9,36
2018-12-25 19:15:00;7,84
2018-12-25 19:30:00;7,16
2018-12-25 19:45:00;7,12
2018-12-25 20:00:00;7,36
2018-12-25 20:15:00;6,76
2018-12-25 20:30:00;9,64
2018-12-25 20:45:00;9,56
2018-12-25 21:00:00;7,40
2018-12-25 21:15:00;12,28
2018-12-25 21:30:00;12,40
2018-12-25 21:45:00;12,00
2018-12-25 22:00:00;11,80
2018-12-25 22:15:00;11,64
2018-12-25 22:30:00;11,64
2018-12-25 22:45:00;11,32
2018-12-25 23:00:00;12,08
2018-12-25 23:15:00;11,64
2018-12-25 23:30:00;11,48
2018-12-25 23:45:00;11,68
2018-12-26 00:00:00;11,48
2018-12-26 00:15:00;11,60
2018-12-26 00:30:00;11,44
2018-12-26 00:45:00;11,76
2018-12-26 01:00:00;11,80
2018-12-26 01:15:00;11,56
2018-12-26 01:30:00;11,76
2018-12-26 01:45:00;11,52
2018-12-26 02:00:00;11,92
2018-12-26 02:15:00;11,80
2018-12-26 02:30:00;13,12
2018-12-26 02:45:00;11,64
2018-12-26 03:00:00;11,40
2018-12-26 03:15:00;11,80
2018-12-26 03:30:00;11,80
2018-12-26 03:45:00;11,52
2018-12-26 04:00:00;11,88
2018-12-26 04:15:00;11,84
2018-12-26 04:30:00;11,68
2018-12-26 04:45:00;10,44
2018-12-26 05:00:00;9,84
2018-12-26 05:15:00;10,16
2018-12-26 05:30:00;9,96
2018-12-26 05:45:00;9,96
2018-12-26 06:00:00;9,92
2018-12-26 06:15:00;9,76
2018-12-26 06:30:00;9,16
2018-12-26 06:45:00;8,20
2018-12-26 07:00:00;8,36
2018-12-26 07:15:00;8,36
2018-12-26 07:30:00;8,20
2018-12-26 07:45:00;8,36
2018-12-26 08:00:00;8,00
2018-12-26 08:15:00;7,88
2018-12-26 08:30:00;8,20
2018-12-26 08:45:00;7,88
2018-12-26 09:00:00;6,28
2018-12-26 09:15:00;6,00
2018-12-26 09:30:00;6,08
2018-12-26 09:45:00;6,32
2018-12-26 10:00:00;6,00
2018-12-26 10:15:00;6,16
2018-12-26 10:30:00;6,16
2018-12-26 10:45:00;6,12
2018-12-26 11:00:00;6,12
2018-12-26 11:15:00;5,76
2018-12-26 11:30:00;6,28
2018-12-26 11:45:00;6,04
2018-12-26 12:00:00;6,04
2018-12-26 12:15:00;6,28
2018-12-26 12:30:00;5,96
2018-12-26 12:45:00;6,04
2018-12-26 13:00:00;5,84
2018-12-26 13:15:00;6,04
2018-12-26 13:30:00;6,24
2018-12-26 13:45:00;5,88
2018-12-26 14:00:00;7,44
2018-12-26 14:15:00;8,32
2018-12-26 14:30:00;5,76
2018-12-26 14:45:00;5,84
2018-12-26 15:00:00;5,96
2018-12-26 15:15:00;6,16
2018-12-26 15:30:00;5,60
2018-12-26 15:45:00;5,84
2018-12-26 16:00:00;5,80
2018-12-26 16:15:00;5,80
2018-12-26 16:30:00;6,04
2018-12-26 16:45:00;6,24
2018-12-26 17:00:00;6,68
2018-12-26 17:15:00;6,36
2018-12-26 17:30:00;6,84
2018-12-26 17:45:00;6,52
2018-12-26 18:00:00;6,96
2018-12-26 18:15:00;6,68
2018-12-26 18:30:00;6,96
2018-12-26 18:45:00;6,64
2018-12-26 19:00:00;6,92
2018-12-26 19:15:00;6,68
2018-12-26 19:30:00;6,96
2018-12-26 19:45:00;6,76
2018-12-26 20:00:00;6,84
2018-12-26 20:15:00;6,76
2018-12-26 20:30:00;6,96
2018-12-26 20:45:00;6,84
2018-12-26 21:00:00;6,76
2018-12-26 21:15:00;11,48
2018-12-26 21:30:00;11,64
2018-12-26 21:45:00;11,84
2018-12-26 22:00:00;11,52
2018-12-26 22:15:00;11,68
2018-12-26 22:30:00;11,40
2018-12-26 22:45:00;12,04
2018-12-26 23:00:00;11,52
2018-12-26 23:15:00;11,76
2018-12-26 23:30:00;11,48
2018-12-26 23:45:00;11,88
2018-12-27 00:00:00;11,64
2018-12-27 00:15:00;12,00
2018-12-27 00:30:00;11,56
2018-12-27 00:45:00;11,68
2018-12-27 01:00:00;11,64
2018-12-27 01:15:00;11,76
2018-12-27 01:30:00;11,52
2018-12-27 01:45:00;11,44
2018-12-27 02:00:00;11,04
2018-12-27 02:15:00;11,16
2018-12-27 02:30:00;11,36
2018-12-27 02:45:00;11,32
2018-12-27 03:00:00;11,64
2018-12-27 03:15:00;11,12
2018-12-27 03:30:00;11,36
2018-12-27 03:45:00;11,04
2018-12-27 04:00:00;11,48
2018-12-27 04:15:00;11,16
2018-12-27 04:30:00;11,32
2018-12-27 04:45:00;11,20
2018-12-27 05:00:00;11,20
2018-12-27 05:15:00;11,72
2018-12-27 05:30:00;11,36
2018-12-27 05:45:00;11,32
2018-12-27 06:00:00;11,20
2018-12-27 06:15:00;11,44
2018-12-27 06:30:00;11,44
2018-12-27 06:45:00;11,48
2018-12-27 07:00:00;11,20
2018-12-27 07:15:00;10,32
2018-12-27 07:30:00;9,36
2018-12-27 07:45:00;9,92
2018-12-27 08:00:00;9,40
2018-12-27 08:15:00;9,32
2018-12-27 08:30:00;9,24
2018-12-27 08:45:00;9,08
2018-12-27 09:00:00;6,72
2018-12-27 09:15:00;6,08
2018-12-27 09:30:00;6,12
2018-12-27 09:45:00;6,04
2018-12-27 10:00:00;6,20
2018-12-27 10:15:00;6,20
2018-12-27 10:30:00;6,08
2018-12-27 10:45:00;5,96
2018-12-27 11:00:00;6,24
2018-12-27 11:15:00;6,12
2018-12-27 11:30:00;6,20
2018-12-27 11:45:00;5,88
2018-12-27 12:00:00;6,12
2018-12-27 12:15:00;6,12
2018-12-27 12:30:00;6,20
2018-12-27 12:45:00;7,24
2018-12-27 13:00:00;7,16
2018-12-27 13:15:00;6,80
2018-12-27 13:30:00;6,76
2018-12-27 13:45:00;6,68
2018-12-27 14:00:00;6,96
2018-12-27 14:15:00;6,88
2018-12-27 14:30:00;6,72
2018-12-27 14:45:00;6,72
2018-12-27 15:00:00;7,00
2018-12-27 15:15:00;10,24
2018-12-27 15:30:00;20,88
2018-12-27 15:45:00;18,96
2018-12-27 16:00:00;23,92
2018-12-27 16:15:00;12,84
2018-12-27 16:30:00;11,64
2018-12-27 16:45:00;13,00
2018-12-27 17:00:00;11,96
2018-12-27 17:15:00;13,24
2018-12-27 17:30:00;12,76
2018-12-27 17:45:00;13,76
2018-12-27 18:00:00;12,84
2018-12-27 18:15:00;14,92
2018-12-27 18:30:00;14,56
2018-12-27 18:45:00;16,92
2018-12-27 19:00:00;16,92
2018-12-27 19:15:00;19,48
2018-12-27 19:30:00;19,00
2018-12-27 19:45:00;25,84
2018-12-27 20:00:00;23,00
2018-12-27 20:15:00;17,44
2018-12-27 20:30:00;13,56
2018-12-27 20:45:00;11,28
2018-12-27 21:00:00;15,68
2018-12-27 21:15:00;15,80
2018-12-27 21:30:00;14,60
2018-12-27 21:45:00;13,92
2018-12-27 22:00:00;13,80
2018-12-27 22:15:00;15,40
2018-12-27 22:30:00;13,96
2018-12-27 22:45:00;13,64
2018-12-27 23:00:00;14,52
2018-12-27 23:15:00;13,76
2018-12-27 23:30:00;14,80
2018-12-27 23:45:00;14,68
2018-12-28 00:00:00;13,72
2018-12-28 00:15:00;14,80
2018-12-28 00:30:00;13,80
2018-12-28 00:45:00;14,20
2018-12-28 01:00:00;15,08
2018-12-28 01:15:00;13,44
2018-12-28 01:30:00;14,72
2018-12-28 01:45:00;14,04
2018-12-28 02:00:00;13,68
2018-12-28 02:15:00;14,72
2018-12-28 02:30:00;14,28
2018-12-28 02:45:00;14,00
2018-12-28 03:00:00;14,48
2018-12-28 03:15:00;13,60
2018-12-28 03:30:00;13,84
2018-12-28 03:45:00;14,80
2018-12-28 04:00:00;13,76
2018-12-28 04:15:00;15,28
2018-12-28 04:30:00;13,76
2018-12-28 04:45:00;13,56
2018-12-28 05:00:00;14,52
2018-12-28 05:15:00;13,80
2018-12-28 05:30:00;13,32
2018-12-28 05:45:00;15,92
2018-12-28 06:00:00;13,80
2018-12-28 06:15:00;14,44
2018-12-28 06:30:00;13,84
2018-12-28 06:45:00;13,92
2018-12-28 07:00:00;14,88
2018-12-28 07:15:00;14,52
2018-12-28 07:30:00;13,44
2018-12-28 07:45:00;12,92
2018-12-28 08:00:00;11,64
2018-12-28 08:15:00;13,92
2018-12-28 08:30:00;13,36
2018-12-28 08:45:00;13,32
2018-12-28 09:00:00;10,84
2018-12-28 09:15:00;9,28
2018-12-28 09:30:00;9,88
2018-12-28 09:45:00;10,64
2018-12-28 10:00:00;10,08
2018-12-28 10:15:00;10,56
2018-12-28 10:30:00;10,92
2018-12-28 10:45:00;10,00
2018-12-28 11:00:00;11,00
2018-12-28 11:15:00;10,40
2018-12-28 11:30:00;10,64
2018-12-28 11:45:00;11,84
2018-12-28 12:00:00;10,24
2018-12-28 12:15:00;10,40
2018-12-28 12:30:00;14,96
2018-12-28 12:45:00;23,76
2018-12-28 13:00:00;18,80
2018-12-28 13:15:00;22,96
2018-12-28 13:30:00;23,80
2018-12-28 13:45:00;18,08
2018-12-28 14:00:00;23,88
2018-12-28 14:15:00;21,64
2018-12-28 14:30:00;22,28
2018-12-28 14:45:00;22,92
2018-12-28 15:00:00;23,52
2018-12-28 15:15:00;21,72
2018-12-28 15:30:00;13,68
2018-12-28 15:45:00;11,84
2018-12-28 16:00:00;16,08
2018-12-28 16:15:00;24,04
2018-12-28 16:30:00;17,16
2018-12-28 16:45:00;17,76
2018-12-28 17:00:00;16,80
2018-12-28 17:15:00;21,84
2018-12-28 17:30:00;22,88
2018-12-28 17:45:00;17,20
2018-12-28 18:00:00;26,12
2018-12-28 18:15:00;21,20
2018-12-28 18:30:00;24,48
2018-12-28 18:45:00;14,92
2018-12-28 19:00:00;11,04
2018-12-28 19:15:00;10,36
2018-12-28 19:30:00;10,52
2018-12-28 19:45:00;10,16
2018-12-28 20:00:00;8,92
2018-12-28 20:15:00;10,04
2018-12-28 20:30:00;9,80
2018-12-28 20:45:00;10,88
2018-12-28 21:00:00;10,16
2018-12-28 21:15:00;14,96
2018-12-28 21:30:00;13,92
2018-12-28 21:45:00;14,88
2018-12-28 22:00:00;15,20
2018-12-28 22:15:00;15,92
2018-12-28 22:30:00;14,88
2018-12-28 22:45:00;13,80
2018-12-28 23:00:00;15,00
2018-12-28 23:15:00;14,72
2018-12-28 23:30:00;15,76
2018-12-28 23:45:00;14,96
2018-12-29 00:00:00;15,04
2018-12-29 00:15:00;13,76
2018-12-29 00:30:00;14,96
2018-12-29 00:45:00;14,76
2018-12-29 01:00:00;15,96
2018-12-29 01:15:00;15,28
2018-12-29 01:30:00;13,96
2018-12-29 01:45:00;14,72
2018-12-29 02:00:00;14,68
2018-12-29 02:15:00;15,48
2018-12-29 02:30:00;14,52
2018-12-29 02:45:00;14,04
2018-12-29 03:00:00;14,76
2018-12-29 03:15:00;15,08
2018-12-29 03:30:00;14,56
2018-12-29 03:45:00;15,76
2018-12-29 04:00:00;14,32
2018-12-29 04:15:00;15,56
2018-12-29 04:30:00;14,64
2018-12-29 04:45:00;15,08
2018-12-29 05:00:00;14,76
2018-12-29 05:15:00;15,68
2018-12-29 05:30:00;14,12
2018-12-29 05:45:00;14,68
2018-12-29 06:00:00;14,76
2018-12-29 06:15:00;14,52
2018-12-29 06:30:00;14,36
2018-12-29 06:45:00;13,28
2018-12-29 07:00:00;12,84
2018-12-29 07:15:00;12,84
2018-12-29 07:30:00;13,04
2018-12-29 07:45:00;13,04
2018-12-29 08:00:00;13,20
2018-12-29 08:15:00;12,60
2018-12-29 08:30:00;12,84
2018-12-29 08:45:00;13,08
2018-12-29 09:00:00;9,48
2018-12-29 09:15:00;9,24
2018-12-29 09:30:00;8,28
2018-12-29 09:45:00;10,44
2018-12-29 10:00:00;13,44
2018-12-29 10:15:00;23,60
2018-12-29 10:30:00;17,48
2018-12-29 10:45:00;19,84
2018-12-29 11:00:00;21,84
2018-12-29 11:15:00;21,80
2018-12-29 11:30:00;24,12
2018-12-29 11:45:00;18,56
2018-12-29 12:00:00;12,48
2018-12-29 12:15:00;10,80
2018-12-29 12:30:00;11,12
2018-12-29 12:45:00;22,48
2018-12-29 13:00:00;25,12
2018-12-29 13:15:00;24,48
2018-12-29 13:30:00;28,92
2018-12-29 13:45:00;26,40
2018-12-29 14:00:00;25,04
2018-12-29 14:15:00;18,68
2018-12-29 14:30:00;17,16
2018-12-29 14:45:00;15,28
2018-12-29 15:00:00;12,84
2018-12-29 15:15:00;13,36
2018-12-29 15:30:00;21,08
2018-12-29 15:45:00;13,64
2018-12-29 16:00:00;10,48
2018-12-29 16:15:00;12,00
2018-12-29 16:30:00;12,08
2018-12-29 16:45:00;11,16
2018-12-29 17:00:00;12,48
2018-12-29 17:15:00;12,48
2018-12-29 17:30:00;11,52
2018-12-29 17:45:00;12,36
2018-12-29 18:00:00;11,68
2018-12-29 18:15:00;12,72
2018-12-29 18:30:00;13,32
2018-12-29 18:45:00;13,28
2018-12-29 19:00:00;19,92
2018-12-29 19:15:00;21,92
2018-12-29 19:30:00;28,56
2018-12-29 19:45:00;27,56
2018-12-29 20:00:00;15,44
2018-12-29 20:15:00;15,44
2018-12-29 20:30:00;15,04
2018-12-29 20:45:00;15,08
2018-12-29 21:00:00;18,48
2018-12-29 21:15:00;19,52
2018-12-29 21:30:00;15,28
2018-12-29 21:45:00;15,96
2018-12-29 22:00:00;15,96
2018-12-29 22:15:00;15,88
2018-12-29 22:30:00;14,96
2018-12-29 22:45:00;14,72
2018-12-29 23:00:00;17,20
2018-12-29 23:15:00;14,88
2018-12-29 23:30:00;16,04
2018-12-29 23:45:00;15,80
2018-12-30 00:00:00;16,08
2018-12-30 00:15:00;15,24
2018-12-30 00:30:00;14,84
2018-12-30 00:45:00;16,80
2018-12-30 01:00:00;15,00
2018-12-30 01:15:00;16,08
2018-12-30 01:30:00;15,68
2018-12-30 01:45:00;16,24
2018-12-30 02:00:00;14,92
2018-12-30 02:15:00;15,08
2018-12-30 02:30:00;16,72
2018-12-30 02:45:00;15,24
2018-12-30 03:00:00;16,12
2018-12-30 03:15:00;15,60
2018-12-30 03:30:00;15,12
2018-12-30 03:45:00;16,04
2018-12-30 04:00:00;15,08
2018-12-30 04:15:00;16,68
2018-12-30 04:30:00;15,12
2018-12-30 04:45:00;15,76
2018-12-30 05:00:00;16,16
2018-12-30 05:15:00;14,96
2018-12-30 05:30:00;15,84
2018-12-30 05:45:00;15,28
2018-12-30 06:00:00;16,68
2018-12-30 06:15:00;15,24
2018-12-30 06:30:00;14,92
2018-12-30 06:45:00;16,68
2018-12-30 07:00:00;13,48
2018-12-30 07:15:00;14,52
2018-12-30 07:30:00;13,32
2018-12-30 07:45:00;14,00
2018-12-30 08:00:00;14,32
2018-12-30 08:15:00;12,12
2018-12-30 08:30:00;13,60
2018-12-30 08:45:00;11,24
2018-12-30 09:00:00;9,72
2018-12-30 09:15:00;10,56
2018-12-30 09:30:00;10,48
2018-12-30 09:45:00;10,60
2018-12-30 10:00:00;13,00
2018-12-30 10:15:00;25,32
2018-12-30 10:30:00;14,72
2018-12-30 10:45:00;18,32
2018-12-30 11:00:00;22,40
2018-12-30 11:15:00;22,04
2018-12-30 11:30:00;22,84
2018-12-30 11:45:00;22,00
2018-12-30 12:00:00;25,48
2018-12-30 12:15:00;21,44
2018-12-30 12:30:00;23,76
2018-12-30 12:45:00;24,48
2018-12-30 13:00:00;17,44
2018-12-30 13:15:00;16,60
2018-12-30 13:30:00;27,08
2018-12-30 13:45:00;18,32
2018-12-30 14:00:00;13,32
2018-12-30 14:15:00;14,64
2018-12-30 14:30:00;11,60
2018-12-30 14:45:00;13,32
2018-12-30 15:00:00;12,60
2018-12-30 15:15:00;11,80
2018-12-30 15:30:00;13,28
2018-12-30 15:45:00;12,36
2018-12-30 16:00:00;12,16
2018-12-30 16:15:00;12,92
2018-12-30 16:30:00;12,60
2018-12-30 16:45:00;13,20
2018-12-30 17:00:00;12,60
2018-12-30 17:15:00;13,88
2018-12-30 17:30:00;13,20
2018-12-30 17:45:00;11,92
2018-12-30 18:00:00;13,40
2018-12-30 18:15:00;15,44
2018-12-30 18:30:00;12,60
2018-12-30 18:45:00;23,44
2018-12-30 19:00:00;27,44
2018-12-30 19:15:00;25,44
2018-12-30 19:30:00;17,40
2018-12-30 19:45:00;17,12
2018-12-30 20:00:00;16,56
2018-12-30 20:15:00;16,16
2018-12-30 20:30:00;13,88
2018-12-30 20:45:00;10,52
2018-12-30 21:00:00;10,92
2018-12-30 21:15:00;14,68
2018-12-30 21:30:00;15,28
2018-12-30 21:45:00;15,48
2018-12-30 22:00:00;14,92
2018-12-30 22:15:00;15,60
2018-12-30 22:30:00;15,36
2018-12-30 22:45:00;15,80
2018-12-30 23:00:00;14,24
2018-12-30 23:15:00;14,80
2018-12-30 23:30:00;16,88
2018-12-30 23:45:00;14,36
2018-12-31 00:00:00;14,64
2018-12-31 00:15:00;16,76
2018-12-31 00:30:00;14,40
2018-12-31 00:45:00;15,80
2018-12-31 01:00:00;15,36
2018-12-31 01:15:00;15,04
2018-12-31 01:30:00;15,68
2018-12-31 01:45:00;15,00
2018-12-31 02:00:00;16,76
2018-12-31 02:15:00;14,84
2018-12-31 02:30:00;14,72
2018-12-31 02:45:00;16,32
2018-12-31 03:00:00;15,00
2018-12-31 03:15:00;15,04
2018-12-31 03:30:00;16,60
2018-12-31 03:45:00;14,60
2018-12-31 04:00:00;16,04
2018-12-31 04:15:00;15,00
2018-12-31 04:30:00;15,56
2018-12-31 04:45:00;15,72
2018-12-31 05:00:00;15,08
2018-12-31 05:15:00;15,48
2018-12-31 05:30:00;14,40
2018-12-31 05:45:00;13,04
2018-12-31 06:00:00;14,80
2018-12-31 06:15:00;14,64
2018-12-31 06:30:00;15,36
2018-12-31 06:45:00;13,84
2018-12-31 07:00:00;15,32
2018-12-31 07:15:00;13,64
2018-12-31 07:30:00;14,44
2018-12-31 07:45:00;14,76
2018-12-31 08:00:00;14,84
2018-12-31 08:15:00;13,16
2018-12-31 08:30:00;15,20
2018-12-31 08:45:00;14,20
2018-12-31 09:00:00;12,40
2018-12-31 09:15:00;13,68
2018-12-31 09:30:00;11,52
2018-12-31 09:45:00;12,72
2018-12-31 10:00:00;12,32
2018-12-31 10:15:00;13,04
2018-12-31 10:30:00;11,76
2018-12-31 10:45:00;12,96
2018-12-31 11:00:00;12,36
2018-12-31 11:15:00;12,40
2018-12-31 11:30:00;12,64
2018-12-31 11:45:00;16,24
2018-12-31 12:00:00;17,44
2018-12-31 12:15:00;16,44
2018-12-31 12:30:00;13,60
2018-12-31 12:45:00;24,52
2018-12-31 13:00:00;24,72
2018-12-31 13:15:00;20,72
2018-12-31 13:30:00;16,12
2018-12-31 13:45:00;12,56
2018-12-31 14:00:00;13,80
2018-12-31 14:15:00;19,00
2018-12-31 14:30:00;21,64
2018-12-31 14:45:00;19,12
2018-12-31 15:00:00;18,12
2018-12-31 15:15:00;17,24
2018-12-31 15:30:00;15,96
2018-12-31 15:45:00;13,16
2018-12-31 16:00:00;15,44
2018-12-31 16:15:00;12,40
2018-12-31 16:30:00;18,64
2018-12-31 16:45:00;14,12
2018-12-31 17:00:00;14,96
2018-12-31 17:15:00;11,40
2018-12-31 17:30:00;7,44
2018-12-31 17:45:00;7,12
2018-12-31 18:00:00;7,44
2018-12-31 18:15:00;8,08
2018-12-31 18:30:00;7,56
2018-12-31 18:45:00;7,32
2018-12-31 19:00:00;7,20
2018-12-31 19:15:00;7,92
2018-12-31 19:30:00;7,16
2018-12-31 19:45:00;7,48
2018-12-31 20:00:00;8,32
2018-12-31 20:15:00;7,32
2018-12-31 20:30:00;7,08
2018-12-31 20:45:00;7,36
2018-12-31 21:00:00;7,96
2018-12-31 21:15:00;11,44
2018-12-31 21:30:00;11,96
2018-12-31 21:45:00;13,08
2018-12-31 22:00:00;11,80
2018-12-31 22:15:00;12,08
2018-12-31 22:30:00;11,64
2018-12-31 22:45:00;13,24
2018-12-31 23:00:00;11,88
2018-12-31 23:15:00;11,52
2018-12-31 23:30:00;10,36
2018-12-31 23:45:00;10,04
2019-01-01 00:00:00;9,48
