time,poa_global,temp_air
2021-01-01 06:00:00+05:30,0.0,6.25
2021-01-01 07:00:00+05:30,0.0,6.41
2021-01-01 08:00:00+05:30,37.03,6.74
2021-01-01 09:00:00+05:30,118.29,9.08
2021-01-01 10:00:00+05:30,229.98,12.89
2021-01-01 11:00:00+05:30,301.25,15.43
2021-01-01 12:00:00+05:30,355.78,17.21
2021-01-01 13:00:00+05:30,364.56,18.44
2021-01-01 14:00:00+05:30,295.19,19.63
2021-01-01 15:00:00+05:30,220.18,20.16
2021-01-01 16:00:00+05:30,113.67,20.41
2021-01-01 17:00:00+05:30,33.97,19.96
2021-01-01 18:00:00+05:30,0.0,18.47
2021-01-01 19:00:00+05:30,0.0,16.5
2021-01-01 20:00:00+05:30,0.0,15.62
2021-01-01 21:00:00+05:30,0.0,15.07
2021-01-01 22:00:00+05:30,0.0,14.25
2021-01-01 23:00:00+05:30,0.0,13.84
2021-01-02 00:00:00+05:30,0.0,13.59
2021-01-02 01:00:00+05:30,0.0,13.31
2021-01-02 02:00:00+05:30,0.0,13.69
2021-01-02 03:00:00+05:30,0.0,13.47
2021-01-02 04:00:00+05:30,0.0,13.19
2021-01-02 05:00:00+05:30,0.0,13.16
2021-01-02 06:00:00+05:30,0.0,12.68
2021-01-02 07:00:00+05:30,0.0,12.59
2021-01-02 08:00:00+05:30,31.29,12.39
2021-01-02 09:00:00+05:30,98.58,12.79
2021-01-02 10:00:00+05:30,165.81,14.35
2021-01-02 11:00:00+05:30,256.62,15.66
2021-01-02 12:00:00+05:30,241.65,17.49
2021-01-02 13:00:00+05:30,254.32,19.04
2021-01-02 14:00:00+05:30,249.2,20.16
2021-01-02 15:00:00+05:30,204.66,20.99
2021-01-02 16:00:00+05:30,100.61,21.34
2021-01-02 17:00:00+05:30,28.95,20.82
2021-01-02 18:00:00+05:30,0.0,19.45
2021-01-02 19:00:00+05:30,0.0,17.98
2021-01-02 20:00:00+05:30,0.0,17.22
2021-01-02 21:00:00+05:30,0.0,16.8
2021-01-02 22:00:00+05:30,0.0,16.28
2021-01-02 23:00:00+05:30,0.0,15.96
2021-01-03 00:00:00+05:30,0.0,15.84
2021-01-03 01:00:00+05:30,0.0,15.91
2021-01-03 02:00:00+05:30,0.0,16.26
2021-01-03 03:00:00+05:30,0.0,16.34
2021-01-03 04:00:00+05:30,0.0,16.06
2021-01-03 05:00:00+05:30,0.0,15.92
2021-01-03 06:00:00+05:30,0.0,15.7
2021-01-03 07:00:00+05:30,0.0,15.7
2021-01-03 08:00:00+05:30,32.2,15.85
2021-01-03 09:00:00+05:30,97.74,16.56
2021-01-03 10:00:00+05:30,168.45,17.67
2021-01-03 11:00:00+05:30,258.83,19.01
2021-01-03 12:00:00+05:30,181.0,20.49
2021-01-03 13:00:00+05:30,294.22,19.39
2021-01-03 14:00:00+05:30,250.75,20.45
2021-01-03 15:00:00+05:30,197.87,21.38
2021-01-03 16:00:00+05:30,94.97,21.91
2021-01-03 17:00:00+05:30,34.64,21.4
2021-01-03 18:00:00+05:30,0.0,20.17
2021-01-03 19:00:00+05:30,0.0,18.69
2021-01-03 20:00:00+05:30,0.0,17.58
2021-01-03 21:00:00+05:30,0.0,16.97
2021-01-03 22:00:00+05:30,0.0,16.65
2021-01-03 23:00:00+05:30,0.0,16.69
2021-01-04 00:00:00+05:30,0.0,16.65
2021-01-04 01:00:00+05:30,0.0,15.61
2021-01-04 02:00:00+05:30,0.0,15.55
2021-01-04 03:00:00+05:30,0.0,15.7
2021-01-04 04:00:00+05:30,0.0,15.66
2021-01-04 05:00:00+05:30,0.0,15.15
2021-01-04 06:00:00+05:30,0.0,14.58
2021-01-04 07:00:00+05:30,0.0,14.17
2021-01-04 08:00:00+05:30,36.41,13.99
2021-01-04 09:00:00+05:30,122.56,14.76
2021-01-04 10:00:00+05:30,214.6,16.36
2021-01-04 11:00:00+05:30,305.5,18.02
2021-01-04 12:00:00+05:30,335.73,19.26
2021-01-04 13:00:00+05:30,334.98,20.96
2021-01-04 14:00:00+05:30,297.29,21.83
2021-01-04 15:00:00+05:30,222.38,22.56
2021-01-04 16:00:00+05:30,113.26,22.61
2021-01-04 17:00:00+05:30,32.54,22.02
2021-01-04 18:00:00+05:30,0.0,20.53
2021-01-04 19:00:00+05:30,0.0,19.02
2021-01-04 20:00:00+05:30,0.0,18.4
2021-01-04 21:00:00+05:30,0.0,17.8
2021-01-04 22:00:00+05:30,0.0,17.51
2021-01-04 23:00:00+05:30,0.0,17.23
2021-01-05 00:00:00+05:30,0.0,17.01
2021-01-05 01:00:00+05:30,0.0,16.11
2021-01-05 02:00:00+05:30,0.0,15.76
2021-01-05 03:00:00+05:30,0.0,15.4
2021-01-05 04:00:00+05:30,0.0,15.12
2021-01-05 05:00:00+05:30,0.0,15.21
2021-01-05 06:00:00+05:30,0.0,15.16
2021-01-05 07:00:00+05:30,0.0,15.29
2021-01-05 08:00:00+05:30,29.43,15.26
2021-01-05 09:00:00+05:30,97.5,15.74
2021-01-05 10:00:00+05:30,174.62,16.96
2021-01-05 11:00:00+05:30,258.24,18.27
2021-01-05 12:00:00+05:30,303.36,20.22
2021-01-05 13:00:00+05:30,322.08,20.78
2021-01-05 14:00:00+05:30,291.71,21.9
2021-01-05 15:00:00+05:30,223.42,22.59
2021-01-05 16:00:00+05:30,99.43,23.11
2021-01-05 17:00:00+05:30,37.5,21.94
2021-01-05 18:00:00+05:30,0.0,20.45
2021-01-05 19:00:00+05:30,0.0,19.08
2021-01-05 20:00:00+05:30,0.0,18.32
2021-01-05 21:00:00+05:30,0.0,17.42
2021-01-05 22:00:00+05:30,0.0,17.15
2021-01-05 23:00:00+05:30,0.0,16.98
2021-01-06 00:00:00+05:30,0.0,16.58
2021-01-06 01:00:00+05:30,0.0,16.65
2021-01-06 02:00:00+05:30,0.0,16.34
2021-01-06 03:00:00+05:30,0.0,15.48
2021-01-06 04:00:00+05:30,0.0,15.29
2021-01-06 05:00:00+05:30,0.0,13.74
2021-01-06 06:00:00+05:30,0.0,13.35
2021-01-06 07:00:00+05:30,0.0,13.4
2021-01-06 08:00:00+05:30,34.92,13.51
2021-01-06 09:00:00+05:30,124.27,13.82
2021-01-06 10:00:00+05:30,205.59,14.47
2021-01-06 11:00:00+05:30,311.15,15.6
2021-01-06 12:00:00+05:30,360.96,17.65
2021-01-06 13:00:00+05:30,338.36,19.06
2021-01-06 14:00:00+05:30,309.07,20.12
2021-01-06 15:00:00+05:30,227.22,20.7
2021-01-06 16:00:00+05:30,127.99,20.81
2021-01-06 17:00:00+05:30,40.04,20.53
2021-01-06 18:00:00+05:30,0.0,19.14
2021-01-06 19:00:00+05:30,0.0,16.72
2021-01-06 20:00:00+05:30,0.0,15.16
2021-01-06 21:00:00+05:30,0.0,14.1
2021-01-06 22:00:00+05:30,0.0,13.29
2021-01-06 23:00:00+05:30,0.0,12.66
2021-01-07 00:00:00+05:30,0.0,12.26
2021-01-07 01:00:00+05:30,0.0,12.1
2021-01-07 02:00:00+05:30,0.0,11.86
2021-01-07 03:00:00+05:30,0.0,11.54
2021-01-07 04:00:00+05:30,0.0,11.43
2021-01-07 05:00:00+05:30,0.0,11.52
2021-01-07 06:00:00+05:30,0.0,11.72
2021-01-07 07:00:00+05:30,0.0,11.24
2021-01-07 08:00:00+05:30,36.17,10.69
2021-01-07 09:00:00+05:30,120.02,11.76
2021-01-07 10:00:00+05:30,237.08,14.18
2021-01-07 11:00:00+05:30,335.68,16.48
2021-01-07 12:00:00+05:30,383.21,17.91
2021-01-07 13:00:00+05:30,365.2,18.66
2021-01-07 14:00:00+05:30,307.17,19.82
2021-01-07 15:00:00+05:30,223.43,20.37
2021-01-07 16:00:00+05:30,119.36,20.5
2021-01-07 17:00:00+05:30,40.66,20.17
2021-01-07 18:00:00+05:30,0.0,19.3
2021-01-07 19:00:00+05:30,0.0,17.7
2021-01-07 20:00:00+05:30,0.0,16.02
2021-01-07 21:00:00+05:30,0.0,14.43
2021-01-07 22:00:00+05:30,0.0,13.16
2021-01-07 23:00:00+05:30,0.0,12.22
2021-01-08 00:00:00+05:30,0.0,11.45
2021-01-08 01:00:00+05:30,0.0,11.33
2021-01-08 02:00:00+05:30,0.0,10.98
2021-01-08 03:00:00+05:30,0.0,10.57
2021-01-08 04:00:00+05:30,0.0,10.27
2021-01-08 05:00:00+05:30,0.0,10.05
2021-01-08 06:00:00+05:30,0.0,9.97
2021-01-08 07:00:00+05:30,0.0,9.9
2021-01-08 08:00:00+05:30,36.6,9.89
2021-01-08 09:00:00+05:30,114.85,11.68
2021-01-08 10:00:00+05:30,193.36,14.73
2021-01-08 11:00:00+05:30,280.19,16.44
2021-01-08 12:00:00+05:30,224.46,18.24
2021-01-08 13:00:00+05:30,227.54,16.82
2021-01-08 14:00:00+05:30,192.79,17.29
2021-01-08 15:00:00+05:30,168.65,17.71
2021-01-08 16:00:00+05:30,90.38,17.98
2021-01-08 17:00:00+05:30,23.84,17.66
2021-01-08 18:00:00+05:30,0.0,17.15
2021-01-08 19:00:00+05:30,0.0,16.43
2021-01-08 20:00:00+05:30,0.0,16.02
2021-01-08 21:00:00+05:30,0.0,15.6
2021-01-08 22:00:00+05:30,0.0,15.36
2021-01-08 23:00:00+05:30,0.0,14.71
2021-01-09 00:00:00+05:30,0.0,14.24
2021-01-09 01:00:00+05:30,0.0,12.91
2021-01-09 02:00:00+05:30,0.0,12.44
2021-01-09 03:00:00+05:30,0.0,12.53
2021-01-09 04:00:00+05:30,0.0,12.86
2021-01-09 05:00:00+05:30,0.0,12.62
2021-01-09 06:00:00+05:30,0.0,13.01
2021-01-09 07:00:00+05:30,0.0,13.12
2021-01-09 08:00:00+05:30,29.72,13.14
2021-01-09 09:00:00+05:30,103.4,13.53
2021-01-09 10:00:00+05:30,138.1,14.66
2021-01-09 11:00:00+05:30,152.43,15.7
2021-01-09 12:00:00+05:30,186.64,16.35
2021-01-09 13:00:00+05:30,201.92,17.17
2021-01-09 14:00:00+05:30,157.24,17.57
2021-01-09 15:00:00+05:30,141.58,17.81
2021-01-09 16:00:00+05:30,99.28,18.02
2021-01-09 17:00:00+05:30,35.55,18.07
2021-01-09 18:00:00+05:30,0.0,17.53
2021-01-09 19:00:00+05:30,0.0,16.56
2021-01-09 20:00:00+05:30,0.0,15.55
2021-01-09 21:00:00+05:30,0.0,14.84
2021-01-09 22:00:00+05:30,0.0,13.93
2021-01-09 23:00:00+05:30,0.0,13.47
2021-01-10 00:00:00+05:30,0.0,13.17
2021-01-10 01:00:00+05:30,0.0,13.08
2021-01-10 02:00:00+05:30,0.0,12.83
2021-01-10 03:00:00+05:30,0.0,12.36
2021-01-10 04:00:00+05:30,0.0,11.91
2021-01-10 05:00:00+05:30,0.0,11.74
2021-01-10 06:00:00+05:30,0.0,11.2
2021-01-10 07:00:00+05:30,0.0,10.43
2021-01-10 08:00:00+05:30,36.31,10.01
2021-01-10 09:00:00+05:30,122.54,11.0
2021-01-10 10:00:00+05:30,217.49,13.15
2021-01-10 11:00:00+05:30,288.4,15.38
2021-01-10 12:00:00+05:30,345.83,17.2
2021-01-10 13:00:00+05:30,352.25,18.42
2021-01-10 14:00:00+05:30,330.85,19.36
2021-01-10 15:00:00+05:30,250.42,20.0
2021-01-10 16:00:00+05:30,133.41,20.13
2021-01-10 17:00:00+05:30,40.56,19.73
2021-01-10 18:00:00+05:30,0.0,18.31
2021-01-10 19:00:00+05:30,0.0,15.93
2021-01-10 20:00:00+05:30,0.0,13.96
2021-01-10 21:00:00+05:30,0.0,12.51
2021-01-10 22:00:00+05:30,0.0,11.31
2021-01-10 23:00:00+05:30,0.0,10.2
2021-01-11 00:00:00+05:30,0.0,9.34
2021-01-11 01:00:00+05:30,0.0,9.29
2021-01-11 02:00:00+05:30,0.0,8.79
2021-01-11 03:00:00+05:30,0.0,8.45
2021-01-11 04:00:00+05:30,0.0,7.85
2021-01-11 05:00:00+05:30,0.0,7.34
2021-01-11 06:00:00+05:30,0.0,6.89
2021-01-11 07:00:00+05:30,0.0,6.52
2021-01-11 08:00:00+05:30,36.84,6.22
2021-01-11 09:00:00+05:30,130.3,7.89
2021-01-11 10:00:00+05:30,259.51,11.47
2021-01-11 11:00:00+05:30,358.61,14.35
2021-01-11 12:00:00+05:30,411.69,16.62
2021-01-11 13:00:00+05:30,413.19,18.34
2021-01-11 14:00:00+05:30,363.17,19.47
2021-01-11 15:00:00+05:30,267.54,20.12
2021-01-11 16:00:00+05:30,140.81,20.26
2021-01-11 17:00:00+05:30,42.38,19.81
2021-01-11 18:00:00+05:30,0.0,18.24
2021-01-11 19:00:00+05:30,0.0,15.57
2021-01-11 20:00:00+05:30,0.0,13.05
2021-01-11 21:00:00+05:30,0.0,11.59
2021-01-11 22:00:00+05:30,0.0,10.55
2021-01-11 23:00:00+05:30,0.0,9.63
2021-01-12 00:00:00+05:30,0.0,8.83
2021-01-12 01:00:00+05:30,0.0,7.95
2021-01-12 02:00:00+05:30,0.0,7.39
2021-01-12 03:00:00+05:30,0.0,6.95
2021-01-12 04:00:00+05:30,0.0,6.7
2021-01-12 05:00:00+05:30,0.0,6.53
2021-01-12 06:00:00+05:30,0.0,6.37
2021-01-12 07:00:00+05:30,0.0,6.17
2021-01-12 08:00:00+05:30,36.45,6.04
2021-01-12 09:00:00+05:30,131.91,8.13
2021-01-12 10:00:00+05:30,262.4,12.9
2021-01-12 11:00:00+05:30,362.52,16.13
2021-01-12 12:00:00+05:30,416.53,18.33
2021-01-12 13:00:00+05:30,418.54,19.73
2021-01-12 14:00:00+05:30,367.96,20.7
2021-01-12 15:00:00+05:30,271.41,21.12
2021-01-12 16:00:00+05:30,143.86,21.03
2021-01-12 17:00:00+05:30,42.76,20.3
2021-01-12 18:00:00+05:30,0.0,18.39
2021-01-12 19:00:00+05:30,0.0,15.42
2021-01-12 20:00:00+05:30,0.0,12.89
2021-01-12 21:00:00+05:30,0.0,11.44
2021-01-12 22:00:00+05:30,0.0,10.35
2021-01-12 23:00:00+05:30,0.0,9.39
2021-01-13 00:00:00+05:30,0.0,8.58
2021-01-13 01:00:00+05:30,0.0,7.89
2021-01-13 02:00:00+05:30,0.0,7.31
2021-01-13 03:00:00+05:30,0.0,6.71
2021-01-13 04:00:00+05:30,0.0,6.17
2021-01-13 05:00:00+05:30,0.0,5.67
2021-01-13 06:00:00+05:30,0.0,5.18
2021-01-13 07:00:00+05:30,0.0,4.65
2021-01-13 08:00:00+05:30,36.6,4.13
2021-01-13 09:00:00+05:30,134.21,6.32
2021-01-13 10:00:00+05:30,266.36,12.36
2021-01-13 11:00:00+05:30,367.45,16.02
2021-01-13 12:00:00+05:30,421.59,18.4
2021-01-13 13:00:00+05:30,423.16,19.58
2021-01-13 14:00:00+05:30,372.18,20.51
2021-01-13 15:00:00+05:30,275.28,20.99
2021-01-13 16:00:00+05:30,147.16,21.05
2021-01-13 17:00:00+05:30,43.24,20.65
2021-01-13 18:00:00+05:30,0.0,19.4
2021-01-13 19:00:00+05:30,0.0,16.68
2021-01-13 20:00:00+05:30,0.0,13.82
2021-01-13 21:00:00+05:30,0.0,11.62
2021-01-13 22:00:00+05:30,0.0,10.11
2021-01-13 23:00:00+05:30,0.0,8.75
2021-01-14 00:00:00+05:30,0.0,7.65
2021-01-14 01:00:00+05:30,0.0,8.18
2021-01-14 02:00:00+05:30,0.0,8.29
2021-01-14 03:00:00+05:30,0.0,8.19
2021-01-14 04:00:00+05:30,0.0,7.94
2021-01-14 05:00:00+05:30,0.0,7.45
2021-01-14 06:00:00+05:30,0.0,6.75
2021-01-14 07:00:00+05:30,0.0,6.01
2021-01-14 08:00:00+05:30,36.26,5.28
2021-01-14 09:00:00+05:30,134.06,8.02
2021-01-14 10:00:00+05:30,263.83,13.45
2021-01-14 11:00:00+05:30,363.83,16.5
2021-01-14 12:00:00+05:30,419.26,18.4
2021-01-14 13:00:00+05:30,422.78,19.59
2021-01-14 14:00:00+05:30,372.3,20.5
2021-01-14 15:00:00+05:30,277.42,20.99
2021-01-14 16:00:00+05:30,149.53,21.05
2021-01-14 17:00:00+05:30,43.48,20.61
2021-01-14 18:00:00+05:30,0.0,19.34
2021-01-14 19:00:00+05:30,0.0,16.81
2021-01-14 20:00:00+05:30,0.0,14.07
2021-01-14 21:00:00+05:30,0.0,12.32
2021-01-14 22:00:00+05:30,0.0,11.41
2021-01-14 23:00:00+05:30,0.0,10.66
2021-01-15 00:00:00+05:30,0.0,10.27
2021-01-15 01:00:00+05:30,0.0,9.67
2021-01-15 02:00:00+05:30,0.0,9.71
2021-01-15 03:00:00+05:30,0.0,9.8
2021-01-15 04:00:00+05:30,0.0,8.86
2021-01-15 05:00:00+05:30,0.0,7.67
2021-01-15 06:00:00+05:30,0.0,7.29
2021-01-15 07:00:00+05:30,0.0,7.06
2021-01-15 08:00:00+05:30,51.74,7.05
2021-01-15 09:00:00+05:30,151.85,9.12
2021-01-15 10:00:00+05:30,255.49,13.85
2021-01-15 11:00:00+05:30,362.94,16.7
2021-01-15 12:00:00+05:30,418.11,18.75
2021-01-15 13:00:00+05:30,425.07,20.11
2021-01-15 14:00:00+05:30,375.86,20.96
2021-01-15 15:00:00+05:30,280.35,21.44
2021-01-15 16:00:00+05:30,152.96,21.59
2021-01-15 17:00:00+05:30,44.53,21.21
2021-01-15 18:00:00+05:30,0.0,19.92
2021-01-15 19:00:00+05:30,0.0,17.43
2021-01-15 20:00:00+05:30,0.0,15.1
2021-01-15 21:00:00+05:30,0.0,13.0
2021-01-15 22:00:00+05:30,0.0,11.52
2021-01-15 23:00:00+05:30,0.0,10.61
2021-01-16 00:00:00+05:30,0.0,9.68
2021-01-16 01:00:00+05:30,0.0,9.15
2021-01-16 02:00:00+05:30,0.0,8.46
2021-01-16 03:00:00+05:30,0.0,7.9
2021-01-16 04:00:00+05:30,0.0,7.4
2021-01-16 05:00:00+05:30,0.0,6.93
2021-01-16 06:00:00+05:30,0.0,6.52
2021-01-16 07:00:00+05:30,0.0,6.15
2021-01-16 08:00:00+05:30,36.17,5.88
2021-01-16 09:00:00+05:30,136.47,8.79
2021-01-16 10:00:00+05:30,267.48,14.27
2021-01-16 11:00:00+05:30,367.95,17.39
2021-01-16 12:00:00+05:30,423.12,19.34
2021-01-16 13:00:00+05:30,426.11,20.45
2021-01-16 14:00:00+05:30,376.91,21.48
2021-01-16 15:00:00+05:30,281.7,22.09
2021-01-16 16:00:00+05:30,154.78,22.32
2021-01-16 17:00:00+05:30,44.57,22.07
2021-01-16 18:00:00+05:30,0.0,21.04
2021-01-16 19:00:00+05:30,0.0,18.33
2021-01-16 20:00:00+05:30,0.0,15.41
2021-01-16 21:00:00+05:30,0.0,12.97
2021-01-16 22:00:00+05:30,0.0,11.52
2021-01-16 23:00:00+05:30,0.0,10.57
2021-01-17 00:00:00+05:30,0.0,9.83
2021-01-17 01:00:00+05:30,0.0,9.31
2021-01-17 02:00:00+05:30,0.0,9.06
2021-01-17 03:00:00+05:30,0.0,8.83
2021-01-17 04:00:00+05:30,0.0,8.64
2021-01-17 05:00:00+05:30,0.0,8.66
2021-01-17 06:00:00+05:30,0.0,8.9
2021-01-17 07:00:00+05:30,0.0,9.19
2021-01-17 08:00:00+05:30,36.55,9.44
2021-01-17 09:00:00+05:30,133.32,11.11
2021-01-17 10:00:00+05:30,258.47,14.22
2021-01-17 11:00:00+05:30,355.6,16.91
2021-01-17 12:00:00+05:30,403.93,19.13
2021-01-17 13:00:00+05:30,411.12,19.79
2021-01-17 14:00:00+05:30,364.34,21.06
2021-01-17 15:00:00+05:30,268.47,21.82
2021-01-17 16:00:00+05:30,150.27,21.94
2021-01-17 17:00:00+05:30,45.86,21.39
2021-01-17 18:00:00+05:30,0.0,19.89
2021-01-17 19:00:00+05:30,0.0,18.11
2021-01-17 20:00:00+05:30,0.0,17.16
2021-01-17 21:00:00+05:30,0.0,16.55
2021-01-17 22:00:00+05:30,0.0,16.07
2021-01-17 23:00:00+05:30,0.0,15.54
2021-01-18 00:00:00+05:30,0.0,15.23
2021-01-18 01:00:00+05:30,0.0,14.54
2021-01-18 02:00:00+05:30,0.0,14.69
2021-01-18 03:00:00+05:30,0.0,14.68
2021-01-18 04:00:00+05:30,0.0,14.7
2021-01-18 05:00:00+05:30,0.0,14.35
2021-01-18 06:00:00+05:30,0.0,13.94
2021-01-18 07:00:00+05:30,0.0,13.83
2021-01-18 08:00:00+05:30,33.63,13.47
2021-01-18 09:00:00+05:30,124.05,14.44
2021-01-18 10:00:00+05:30,222.15,16.18
2021-01-18 11:00:00+05:30,297.72,17.96
2021-01-18 12:00:00+05:30,376.83,19.41
2021-01-18 13:00:00+05:30,385.49,20.45
2021-01-18 14:00:00+05:30,349.41,21.45
2021-01-18 15:00:00+05:30,266.12,22.09
2021-01-18 16:00:00+05:30,147.9,22.27
2021-01-18 17:00:00+05:30,38.02,21.94
2021-01-18 18:00:00+05:30,0.0,20.97
2021-01-18 19:00:00+05:30,0.0,18.76
2021-01-18 20:00:00+05:30,0.0,17.35
2021-01-18 21:00:00+05:30,0.0,16.21
2021-01-18 22:00:00+05:30,0.0,15.15
2021-01-18 23:00:00+05:30,0.0,14.24
2021-01-19 00:00:00+05:30,0.0,13.47
2021-01-19 01:00:00+05:30,0.0,12.55
2021-01-19 02:00:00+05:30,0.0,11.96
2021-01-19 03:00:00+05:30,0.0,11.7
2021-01-19 04:00:00+05:30,0.0,11.26
2021-01-19 05:00:00+05:30,0.0,10.89
2021-01-19 06:00:00+05:30,0.0,10.55
2021-01-19 07:00:00+05:30,0.0,10.21
2021-01-19 08:00:00+05:30,36.64,9.91
2021-01-19 09:00:00+05:30,138.68,11.49
2021-01-19 10:00:00+05:30,265.45,15.25
2021-01-19 11:00:00+05:30,361.46,17.92
2021-01-19 12:00:00+05:30,419.29,19.74
2021-01-19 13:00:00+05:30,424.0,20.81
2021-01-19 14:00:00+05:30,377.2,21.88
2021-01-19 15:00:00+05:30,285.03,22.56
2021-01-19 16:00:00+05:30,161.56,22.77
2021-01-19 17:00:00+05:30,35.49,22.45
2021-01-19 18:00:00+05:30,0.0,21.37
2021-01-19 19:00:00+05:30,0.0,19.24
2021-01-19 20:00:00+05:30,0.0,16.94
2021-01-19 21:00:00+05:30,0.0,15.08
2021-01-19 22:00:00+05:30,0.0,13.93
2021-01-19 23:00:00+05:30,0.0,13.2
2021-01-20 00:00:00+05:30,0.0,12.59
2021-01-20 01:00:00+05:30,0.0,11.9
2021-01-20 02:00:00+05:30,0.0,11.55
2021-01-20 03:00:00+05:30,0.0,11.2
2021-01-20 04:00:00+05:30,0.0,10.84
2021-01-20 05:00:00+05:30,0.0,10.47
2021-01-20 06:00:00+05:30,0.0,10.04
2021-01-20 07:00:00+05:30,0.0,9.47
2021-01-20 08:00:00+05:30,43.19,9.29
2021-01-20 09:00:00+05:30,136.71,10.15
2021-01-20 10:00:00+05:30,250.19,11.53
2021-01-20 11:00:00+05:30,346.86,13.72
2021-01-20 12:00:00+05:30,419.05,16.05
2021-01-20 13:00:00+05:30,439.26,19.3
2021-01-20 14:00:00+05:30,390.21,21.19
2021-01-20 15:00:00+05:30,295.61,22.26
2021-01-20 16:00:00+05:30,168.36,22.68
2021-01-20 17:00:00+05:30,37.14,22.4
2021-01-20 18:00:00+05:30,0.0,21.07
2021-01-20 19:00:00+05:30,0.0,18.71
2021-01-20 20:00:00+05:30,0.0,16.06
2021-01-20 21:00:00+05:30,0.0,14.07
2021-01-20 22:00:00+05:30,0.0,12.81
2021-01-20 23:00:00+05:30,0.0,11.84
2021-01-21 00:00:00+05:30,0.0,11.15
2021-01-21 01:00:00+05:30,0.0,10.89
2021-01-21 02:00:00+05:30,0.0,10.26
2021-01-21 03:00:00+05:30,0.0,9.71
2021-01-21 04:00:00+05:30,0.0,9.28
2021-01-21 05:00:00+05:30,0.0,8.88
2021-01-21 06:00:00+05:30,0.0,8.5
2021-01-21 07:00:00+05:30,0.0,8.22
2021-01-21 08:00:00+05:30,37.79,8.03
2021-01-21 09:00:00+05:30,146.96,9.81
2021-01-21 10:00:00+05:30,280.96,14.59
2021-01-21 11:00:00+05:30,384.6,18.2
2021-01-21 12:00:00+05:30,443.21,20.98
2021-01-21 13:00:00+05:30,448.21,22.7
2021-01-21 14:00:00+05:30,400.05,23.85
2021-01-21 15:00:00+05:30,304.36,24.41
2021-01-21 16:00:00+05:30,174.68,24.42
2021-01-21 17:00:00+05:30,39.86,23.78
2021-01-21 18:00:00+05:30,0.0,21.95
2021-01-21 19:00:00+05:30,0.0,19.54
2021-01-21 20:00:00+05:30,0.0,17.01
2021-01-21 21:00:00+05:30,0.0,14.84
2021-01-21 22:00:00+05:30,0.0,12.73
2021-01-21 23:00:00+05:30,0.0,11.39
2021-01-22 00:00:00+05:30,0.0,10.53
2021-01-22 01:00:00+05:30,0.0,10.13
2021-01-22 02:00:00+05:30,0.0,9.63
2021-01-22 03:00:00+05:30,0.0,9.44
2021-01-22 04:00:00+05:30,0.0,9.22
2021-01-22 05:00:00+05:30,0.0,8.85
2021-01-22 06:00:00+05:30,0.0,8.52
2021-01-22 07:00:00+05:30,0.0,8.37
2021-01-22 08:00:00+05:30,37.5,8.23
2021-01-22 09:00:00+05:30,146.76,10.63
2021-01-22 10:00:00+05:30,278.13,16.64
2021-01-22 11:00:00+05:30,379.39,19.59
2021-01-22 12:00:00+05:30,434.67,21.64
2021-01-22 13:00:00+05:30,439.54,22.59
2021-01-22 14:00:00+05:30,392.65,23.58
2021-01-22 15:00:00+05:30,299.46,24.1
2021-01-22 16:00:00+05:30,173.44,24.18
2021-01-22 17:00:00+05:30,42.87,23.67
2021-01-22 18:00:00+05:30,0.0,21.9
2021-01-22 19:00:00+05:30,0.0,19.19
2021-01-22 20:00:00+05:30,0.0,17.76
2021-01-22 21:00:00+05:30,0.0,16.87
2021-01-22 22:00:00+05:30,0.0,16.05
2021-01-22 23:00:00+05:30,0.0,15.25
2021-01-23 00:00:00+05:30,0.0,14.54
2021-01-23 01:00:00+05:30,0.0,13.7
2021-01-23 02:00:00+05:30,0.0,13.01
2021-01-23 03:00:00+05:30,0.0,12.29
2021-01-23 04:00:00+05:30,0.0,11.39
2021-01-23 05:00:00+05:30,0.0,10.6
2021-01-23 06:00:00+05:30,0.0,10.14
2021-01-23 07:00:00+05:30,0.0,9.71
2021-01-23 08:00:00+05:30,38.03,9.32
2021-01-23 09:00:00+05:30,146.94,11.7
2021-01-23 10:00:00+05:30,277.06,16.1
2021-01-23 11:00:00+05:30,377.3,18.83
2021-01-23 12:00:00+05:30,433.86,21.06
2021-01-23 13:00:00+05:30,439.24,21.8
2021-01-23 14:00:00+05:30,392.88,22.97
2021-01-23 15:00:00+05:30,300.48,23.78
2021-01-23 16:00:00+05:30,175.49,24.25
2021-01-23 17:00:00+05:30,46.13,24.2
2021-01-23 18:00:00+05:30,0.0,23.04
2021-01-23 19:00:00+05:30,0.0,20.98
2021-01-23 20:00:00+05:30,0.0,18.4
2021-01-23 21:00:00+05:30,0.0,15.96
2021-01-23 22:00:00+05:30,0.0,14.96
2021-01-23 23:00:00+05:30,0.0,14.03
2021-01-24 00:00:00+05:30,0.0,13.58
2021-01-24 01:00:00+05:30,0.0,13.08
2021-01-24 02:00:00+05:30,0.0,12.49
2021-01-24 03:00:00+05:30,0.0,11.78
2021-01-24 04:00:00+05:30,0.0,10.97
2021-01-24 05:00:00+05:30,0.0,10.16
2021-01-24 06:00:00+05:30,0.0,9.46
2021-01-24 07:00:00+05:30,0.0,8.89
2021-01-24 08:00:00+05:30,39.75,8.36
2021-01-24 09:00:00+05:30,156.54,9.92
2021-01-24 10:00:00+05:30,294.44,12.89
2021-01-24 11:00:00+05:30,400.8,15.32
2021-01-24 12:00:00+05:30,458.41,17.4
2021-01-24 13:00:00+05:30,463.74,18.45
2021-01-24 14:00:00+05:30,415.01,19.34
2021-01-24 15:00:00+05:30,318.27,19.84
2021-01-24 16:00:00+05:30,186.85,19.9
2021-01-24 17:00:00+05:30,48.95,19.43
2021-01-24 18:00:00+05:30,0.0,17.92
2021-01-24 19:00:00+05:30,0.0,15.17
2021-01-24 20:00:00+05:30,0.0,13.27
2021-01-24 21:00:00+05:30,0.0,11.98
2021-01-24 22:00:00+05:30,0.0,10.9
2021-01-24 23:00:00+05:30,0.0,9.95
2021-01-25 00:00:00+05:30,0.0,9.1
2021-01-25 01:00:00+05:30,0.0,8.55
2021-01-25 02:00:00+05:30,0.0,7.84
2021-01-25 03:00:00+05:30,0.0,7.14
2021-01-25 04:00:00+05:30,0.0,6.56
2021-01-25 05:00:00+05:30,0.0,6.09
2021-01-25 06:00:00+05:30,0.0,5.68
2021-01-25 07:00:00+05:30,0.0,5.25
2021-01-25 08:00:00+05:30,40.37,4.76
2021-01-25 09:00:00+05:30,157.76,7.19
2021-01-25 10:00:00+05:30,293.85,12.2
2021-01-25 11:00:00+05:30,399.5,14.51
2021-01-25 12:00:00+05:30,457.84,16.05
2021-01-25 13:00:00+05:30,463.75,16.72
2021-01-25 14:00:00+05:30,415.77,17.8
2021-01-25 15:00:00+05:30,319.95,18.55
2021-01-25 16:00:00+05:30,189.54,18.84
2021-01-25 17:00:00+05:30,52.41,18.65
2021-01-25 18:00:00+05:30,0.0,17.74
2021-01-25 19:00:00+05:30,0.0,16.0
2021-01-25 20:00:00+05:30,0.0,13.79
2021-01-25 21:00:00+05:30,0.0,11.97
2021-01-25 22:00:00+05:30,0.0,10.53
2021-01-25 23:00:00+05:30,0.0,9.67
2021-01-26 00:00:00+05:30,0.0,8.96
2021-01-26 01:00:00+05:30,0.0,8.28
2021-01-26 02:00:00+05:30,0.0,7.71
2021-01-26 03:00:00+05:30,0.0,7.08
2021-01-26 04:00:00+05:30,0.0,6.51
2021-01-26 05:00:00+05:30,0.0,6.02
2021-01-26 06:00:00+05:30,0.0,5.56
2021-01-26 07:00:00+05:30,0.0,5.12
2021-01-26 08:00:00+05:30,40.61,4.69
2021-01-26 09:00:00+05:30,160.0,7.55
2021-01-26 10:00:00+05:30,296.24,12.63
2021-01-26 11:00:00+05:30,401.57,15.09
2021-01-26 12:00:00+05:30,460.16,16.44
2021-01-26 13:00:00+05:30,466.02,17.15
2021-01-26 14:00:00+05:30,418.63,18.11
2021-01-26 15:00:00+05:30,323.04,18.79
2021-01-26 16:00:00+05:30,192.96,19.13
2021-01-26 17:00:00+05:30,55.56,18.98
2021-01-26 18:00:00+05:30,0.0,18.01
2021-01-26 19:00:00+05:30,0.0,16.12
2021-01-26 20:00:00+05:30,0.0,13.92
2021-01-26 21:00:00+05:30,0.0,12.16
2021-01-26 22:00:00+05:30,0.0,10.69
2021-01-26 23:00:00+05:30,0.0,9.63
2021-01-27 00:00:00+05:30,0.0,8.79
2021-01-27 01:00:00+05:30,0.0,8.22
2021-01-27 02:00:00+05:30,0.0,7.63
2021-01-27 03:00:00+05:30,0.0,7.02
2021-01-27 04:00:00+05:30,0.0,6.39
2021-01-27 05:00:00+05:30,0.0,5.81
2021-01-27 06:00:00+05:30,0.0,5.28
2021-01-27 07:00:00+05:30,0.0,4.8
2021-01-27 08:00:00+05:30,40.99,4.44
2021-01-27 09:00:00+05:30,162.54,7.67
2021-01-27 10:00:00+05:30,299.45,13.45
2021-01-27 11:00:00+05:30,405.5,16.03
2021-01-27 12:00:00+05:30,465.02,17.48
2021-01-27 13:00:00+05:30,471.41,18.23
2021-01-27 14:00:00+05:30,423.88,19.22
2021-01-27 15:00:00+05:30,328.13,19.88
2021-01-27 16:00:00+05:30,197.26,20.13
2021-01-27 17:00:00+05:30,58.53,19.94
2021-01-27 18:00:00+05:30,8.79,19.14
2021-01-27 19:00:00+05:30,0.0,17.32
2021-01-27 20:00:00+05:30,0.0,14.63
2021-01-27 21:00:00+05:30,0.0,12.24
2021-01-27 22:00:00+05:30,0.0,11.03
2021-01-27 23:00:00+05:30,0.0,9.89
2021-01-28 00:00:00+05:30,0.0,9.26
2021-01-28 01:00:00+05:30,0.0,8.61
2021-01-28 02:00:00+05:30,0.0,8.11
2021-01-28 03:00:00+05:30,0.0,7.67
2021-01-28 04:00:00+05:30,0.0,7.23
2021-01-28 05:00:00+05:30,0.0,6.79
2021-01-28 06:00:00+05:30,0.0,6.36
2021-01-28 07:00:00+05:30,0.0,5.93
2021-01-28 08:00:00+05:30,29.21,5.63
2021-01-28 09:00:00+05:30,164.97,9.22
2021-01-28 10:00:00+05:30,302.4,13.99
2021-01-28 11:00:00+05:30,408.89,16.32
2021-01-28 12:00:00+05:30,469.72,17.71
2021-01-28 13:00:00+05:30,475.9,18.25
2021-01-28 14:00:00+05:30,428.24,19.25
2021-01-28 15:00:00+05:30,332.49,19.94
2021-01-28 16:00:00+05:30,201.41,20.18
2021-01-28 17:00:00+05:30,61.69,19.94
2021-01-28 18:00:00+05:30,9.17,18.93
2021-01-28 19:00:00+05:30,0.0,16.88
2021-01-28 20:00:00+05:30,0.0,14.48
2021-01-28 21:00:00+05:30,0.0,12.49
2021-01-28 22:00:00+05:30,0.0,11.01
2021-01-28 23:00:00+05:30,0.0,10.04
2021-01-29 00:00:00+05:30,0.0,9.24
2021-01-29 01:00:00+05:30,0.0,8.66
2021-01-29 02:00:00+05:30,0.0,7.97
2021-01-29 03:00:00+05:30,0.0,7.25
2021-01-29 04:00:00+05:30,0.0,6.6
2021-01-29 05:00:00+05:30,0.0,5.98
2021-01-29 06:00:00+05:30,0.0,5.44
2021-01-29 07:00:00+05:30,0.0,4.92
2021-01-29 08:00:00+05:30,31.15,4.49
2021-01-29 09:00:00+05:30,169.7,7.84
2021-01-29 10:00:00+05:30,308.69,13.59
2021-01-29 11:00:00+05:30,415.93,16.24
2021-01-29 12:00:00+05:30,476.12,17.78
2021-01-29 13:00:00+05:30,482.31,18.67
2021-01-29 14:00:00+05:30,434.31,19.67
2021-01-29 15:00:00+05:30,337.89,20.29
2021-01-29 16:00:00+05:30,205.96,20.51
2021-01-29 17:00:00+05:30,64.85,20.26
2021-01-29 18:00:00+05:30,9.56,19.24
2021-01-29 19:00:00+05:30,0.0,17.21
2021-01-29 20:00:00+05:30,0.0,14.69
2021-01-29 21:00:00+05:30,0.0,12.36
2021-01-29 22:00:00+05:30,0.0,10.84
2021-01-29 23:00:00+05:30,0.0,9.89
2021-01-30 00:00:00+05:30,0.0,9.1
2021-01-30 01:00:00+05:30,0.0,8.42
2021-01-30 02:00:00+05:30,0.0,7.79
2021-01-30 03:00:00+05:30,0.0,7.19
2021-01-30 04:00:00+05:30,0.0,6.59
2021-01-30 05:00:00+05:30,0.0,6.01
2021-01-30 06:00:00+05:30,0.0,5.47
2021-01-30 07:00:00+05:30,0.0,4.93
2021-01-30 08:00:00+05:30,32.98,4.43
2021-01-30 09:00:00+05:30,173.14,7.6
2021-01-30 10:00:00+05:30,313.08,13.57
2021-01-30 11:00:00+05:30,420.91,16.69
2021-01-30 12:00:00+05:30,481.23,18.44
2021-01-30 13:00:00+05:30,487.6,19.59
2021-01-30 14:00:00+05:30,439.61,20.57
2021-01-30 15:00:00+05:30,343.02,21.16
2021-01-30 16:00:00+05:30,210.5,21.35
2021-01-30 17:00:00+05:30,68.18,21.1
2021-01-30 18:00:00+05:30,10.13,20.08
2021-01-30 19:00:00+05:30,0.0,18.13
2021-01-30 20:00:00+05:30,0.0,15.68
2021-01-30 21:00:00+05:30,0.0,13.75
2021-01-30 22:00:00+05:30,0.0,10.88
2021-01-30 23:00:00+05:30,0.0,9.71
2021-01-31 00:00:00+05:30,0.0,8.55
2021-01-31 01:00:00+05:30,0.0,8.0
2021-01-31 02:00:00+05:30,0.0,7.33
2021-01-31 03:00:00+05:30,0.0,6.81
2021-01-31 04:00:00+05:30,0.0,6.32
2021-01-31 05:00:00+05:30,0.0,6.07
2021-01-31 06:00:00+05:30,0.0,6.17
2021-01-31 07:00:00+05:30,0.0,6.67
2021-01-31 08:00:00+05:30,35.3,7.24
2021-01-31 09:00:00+05:30,175.41,10.51
2021-01-31 10:00:00+05:30,314.95,14.8
2021-01-31 11:00:00+05:30,422.16,17.91
2021-01-31 12:00:00+05:30,481.73,19.82
2021-01-31 13:00:00+05:30,487.63,20.99
2021-01-31 14:00:00+05:30,439.61,21.79
2021-01-31 15:00:00+05:30,343.49,22.25
2021-01-31 16:00:00+05:30,211.91,22.36
2021-01-31 17:00:00+05:30,70.74,22.09
2021-01-31 18:00:00+05:30,10.42,21.08
2021-01-31 19:00:00+05:30,0.0,18.91
2021-01-31 20:00:00+05:30,0.0,16.61
2021-01-31 21:00:00+05:30,0.0,15.13
2021-01-31 22:00:00+05:30,0.0,14.09
2021-01-31 23:00:00+05:30,0.0,13.31
2021-02-01 00:00:00+05:30,0.0,12.67
2021-02-01 01:00:00+05:30,0.0,11.75
2021-02-01 02:00:00+05:30,0.0,11.06
2021-02-01 03:00:00+05:30,0.0,11.15
2021-02-01 04:00:00+05:30,0.0,11.3
2021-02-01 05:00:00+05:30,0.0,11.41
2021-02-01 06:00:00+05:30,0.0,11.24
2021-02-01 07:00:00+05:30,0.0,10.63
2021-02-01 08:00:00+05:30,37.42,10.72
2021-02-01 09:00:00+05:30,175.76,12.84
2021-02-01 10:00:00+05:30,314.17,16.56
2021-02-01 11:00:00+05:30,421.23,19.51
2021-02-01 12:00:00+05:30,481.48,21.58
2021-02-01 13:00:00+05:30,488.77,22.82
2021-02-01 14:00:00+05:30,441.97,23.83
2021-02-01 15:00:00+05:30,346.58,24.4
2021-02-01 16:00:00+05:30,215.29,24.57
2021-02-01 17:00:00+05:30,73.91,24.3
2021-02-01 18:00:00+05:30,10.85,23.37
2021-02-01 19:00:00+05:30,0.0,21.1
2021-02-01 20:00:00+05:30,0.0,18.81
2021-02-01 21:00:00+05:30,0.0,16.9
2021-02-01 22:00:00+05:30,0.0,15.17
2021-02-01 23:00:00+05:30,0.0,13.74
2021-02-02 00:00:00+05:30,0.0,12.77
2021-02-02 01:00:00+05:30,0.0,13.64
2021-02-02 02:00:00+05:30,0.0,15.06
2021-02-02 03:00:00+05:30,0.0,14.82
2021-02-02 04:00:00+05:30,0.0,14.49
2021-02-02 05:00:00+05:30,0.0,13.99
2021-02-02 06:00:00+05:30,0.0,12.69
2021-02-02 07:00:00+05:30,0.0,12.34
2021-02-02 08:00:00+05:30,39.85,13.05
2021-02-02 09:00:00+05:30,178.45,13.8
2021-02-02 10:00:00+05:30,316.6,17.47
2021-02-02 11:00:00+05:30,423.27,20.67
2021-02-02 12:00:00+05:30,483.86,23.01
2021-02-02 13:00:00+05:30,491.06,24.26
2021-02-02 14:00:00+05:30,444.46,25.35
2021-02-02 15:00:00+05:30,349.31,26.04
2021-02-02 16:00:00+05:30,218.21,26.3
2021-02-02 17:00:00+05:30,76.79,26.12
2021-02-02 18:00:00+05:30,11.28,24.63
2021-02-02 19:00:00+05:30,0.0,21.47
2021-02-02 20:00:00+05:30,0.0,19.36
2021-02-02 21:00:00+05:30,0.0,17.92
2021-02-02 22:00:00+05:30,0.0,16.91
2021-02-02 23:00:00+05:30,0.0,16.09
2021-02-03 00:00:00+05:30,0.0,15.11
2021-02-03 01:00:00+05:30,0.0,14.0
2021-02-03 02:00:00+05:30,0.0,13.14
2021-02-03 03:00:00+05:30,0.0,12.44
2021-02-03 04:00:00+05:30,0.0,11.88
2021-02-03 05:00:00+05:30,0.0,11.34
2021-02-03 06:00:00+05:30,0.0,10.89
2021-02-03 07:00:00+05:30,0.0,11.31
2021-02-03 08:00:00+05:30,42.01,12.15
2021-02-03 09:00:00+05:30,179.69,14.35
2021-02-03 10:00:00+05:30,316.71,18.24
2021-02-03 11:00:00+05:30,422.63,21.36
2021-02-03 12:00:00+05:30,483.57,23.8
2021-02-03 13:00:00+05:30,491.19,25.48
2021-02-03 14:00:00+05:30,440.17,26.35
2021-02-03 15:00:00+05:30,335.27,26.72
2021-02-03 16:00:00+05:30,213.0,26.12
2021-02-03 17:00:00+05:30,79.13,25.88
2021-02-03 18:00:00+05:30,12.04,24.92
2021-02-03 19:00:00+05:30,0.0,22.83
2021-02-03 20:00:00+05:30,0.0,19.71
2021-02-03 21:00:00+05:30,0.0,17.57
2021-02-03 22:00:00+05:30,0.0,16.1
2021-02-03 23:00:00+05:30,0.0,15.2
2021-02-04 00:00:00+05:30,0.0,14.65
2021-02-04 01:00:00+05:30,0.0,14.48
2021-02-04 02:00:00+05:30,0.0,14.07
2021-02-04 03:00:00+05:30,0.0,13.96
2021-02-04 04:00:00+05:30,0.0,13.82
2021-02-04 05:00:00+05:30,0.0,13.77
2021-02-04 06:00:00+05:30,0.0,13.51
2021-02-04 07:00:00+05:30,0.0,12.92
2021-02-04 08:00:00+05:30,42.23,12.02
2021-02-04 09:00:00+05:30,180.24,13.72
2021-02-04 10:00:00+05:30,320.62,17.75
2021-02-04 11:00:00+05:30,421.67,20.21
2021-02-04 12:00:00+05:30,480.65,22.09
2021-02-04 13:00:00+05:30,477.04,23.35
2021-02-04 14:00:00+05:30,402.13,24.33
2021-02-04 15:00:00+05:30,307.9,24.8
2021-02-04 16:00:00+05:30,204.23,24.68
2021-02-04 17:00:00+05:30,82.66,24.3
2021-02-04 18:00:00+05:30,11.04,23.19
2021-02-04 19:00:00+05:30,0.0,20.77
2021-02-04 20:00:00+05:30,0.0,18.86
2021-02-04 21:00:00+05:30,0.0,16.91
2021-02-04 22:00:00+05:30,0.0,15.17
2021-02-04 23:00:00+05:30,0.0,13.83
2021-02-05 00:00:00+05:30,0.0,12.86
2021-02-05 01:00:00+05:30,0.0,12.55
2021-02-05 02:00:00+05:30,0.0,11.89
2021-02-05 03:00:00+05:30,0.0,11.41
2021-02-05 04:00:00+05:30,0.0,10.69
2021-02-05 05:00:00+05:30,0.0,10.06
2021-02-05 06:00:00+05:30,0.0,9.53
2021-02-05 07:00:00+05:30,0.0,9.04
2021-02-05 08:00:00+05:30,55.74,8.8
2021-02-05 09:00:00+05:30,185.97,9.89
2021-02-05 10:00:00+05:30,329.28,12.68
2021-02-05 11:00:00+05:30,440.63,16.32
2021-02-05 12:00:00+05:30,501.59,19.01
2021-02-05 13:00:00+05:30,509.44,20.92
2021-02-05 14:00:00+05:30,462.62,21.71
2021-02-05 15:00:00+05:30,366.33,22.19
2021-02-05 16:00:00+05:30,233.02,22.33
2021-02-05 17:00:00+05:30,87.77,21.97
2021-02-05 18:00:00+05:30,12.95,20.87
2021-02-05 19:00:00+05:30,0.0,18.32
2021-02-05 20:00:00+05:30,0.0,16.35
2021-02-05 21:00:00+05:30,0.0,15.12
2021-02-05 22:00:00+05:30,0.0,14.06
2021-02-05 23:00:00+05:30,0.0,13.04
2021-02-06 00:00:00+05:30,0.0,12.12
2021-02-06 01:00:00+05:30,0.0,11.77
2021-02-06 02:00:00+05:30,0.0,11.14
2021-02-06 03:00:00+05:30,0.0,10.48
2021-02-06 04:00:00+05:30,0.0,9.82
2021-02-06 05:00:00+05:30,0.0,9.26
2021-02-06 06:00:00+05:30,0.0,8.74
2021-02-06 07:00:00+05:30,0.0,8.34
2021-02-06 08:00:00+05:30,50.69,7.98
2021-02-06 09:00:00+05:30,193.85,10.56
2021-02-06 10:00:00+05:30,335.46,15.26
2021-02-06 11:00:00+05:30,444.91,17.65
2021-02-06 12:00:00+05:30,507.06,19.37
2021-02-06 13:00:00+05:30,515.23,20.52
2021-02-06 14:00:00+05:30,468.35,21.61
2021-02-06 15:00:00+05:30,371.97,22.28
2021-02-06 16:00:00+05:30,238.15,22.47
2021-02-06 17:00:00+05:30,91.5,22.21
2021-02-06 18:00:00+05:30,13.47,21.09
2021-02-06 19:00:00+05:30,0.0,18.57
2021-02-06 20:00:00+05:30,0.0,16.18
2021-02-06 21:00:00+05:30,0.0,14.61
2021-02-06 22:00:00+05:30,0.0,13.48
2021-02-06 23:00:00+05:30,0.0,12.46
2021-02-07 00:00:00+05:30,0.0,11.48
2021-02-07 01:00:00+05:30,0.0,10.59
2021-02-07 02:00:00+05:30,0.0,9.89
2021-02-07 03:00:00+05:30,0.0,9.28
2021-02-07 04:00:00+05:30,0.0,8.73
2021-02-07 05:00:00+05:30,0.0,8.24
2021-02-07 06:00:00+05:30,0.0,7.81
2021-02-07 07:00:00+05:30,0.0,7.4
2021-02-07 08:00:00+05:30,53.46,6.98
2021-02-07 09:00:00+05:30,199.13,10.55
2021-02-07 10:00:00+05:30,341.97,15.97
2021-02-07 11:00:00+05:30,451.62,19.0
2021-02-07 12:00:00+05:30,512.1,20.76
2021-02-07 13:00:00+05:30,519.76,21.71
2021-02-07 14:00:00+05:30,472.53,22.73
2021-02-07 15:00:00+05:30,375.58,23.39
2021-02-07 16:00:00+05:30,241.42,23.71
2021-02-07 17:00:00+05:30,94.43,23.58
2021-02-07 18:00:00+05:30,13.85,22.61
2021-02-07 19:00:00+05:30,0.0,20.77
2021-02-07 20:00:00+05:30,0.0,18.32
2021-02-07 21:00:00+05:30,0.0,16.22
2021-02-07 22:00:00+05:30,0.0,14.38
2021-02-07 23:00:00+05:30,0.0,13.08
2021-02-08 00:00:00+05:30,0.0,12.32
2021-02-08 01:00:00+05:30,0.0,11.48
2021-02-08 02:00:00+05:30,0.0,10.86
2021-02-08 03:00:00+05:30,0.0,10.34
2021-02-08 04:00:00+05:30,0.0,9.86
2021-02-08 05:00:00+05:30,0.0,9.41
2021-02-08 06:00:00+05:30,0.0,8.96
2021-02-08 07:00:00+05:30,0.0,8.57
2021-02-08 08:00:00+05:30,55.84,8.27
2021-02-08 09:00:00+05:30,201.18,12.44
2021-02-08 10:00:00+05:30,343.43,17.66
2021-02-08 11:00:00+05:30,452.73,20.53
2021-02-08 12:00:00+05:30,514.93,22.17
2021-02-08 13:00:00+05:30,522.89,23.28
2021-02-08 14:00:00+05:30,475.99,24.26
2021-02-08 15:00:00+05:30,379.45,24.96
2021-02-08 16:00:00+05:30,245.4,25.27
2021-02-08 17:00:00+05:30,97.82,25.18
2021-02-08 18:00:00+05:30,14.38,24.38
2021-02-08 19:00:00+05:30,0.0,22.38
2021-02-08 20:00:00+05:30,0.0,19.82
2021-02-08 21:00:00+05:30,0.0,17.43
2021-02-08 22:00:00+05:30,0.0,15.53
2021-02-08 23:00:00+05:30,0.0,14.17
2021-02-09 00:00:00+05:30,0.0,12.96
2021-02-09 01:00:00+05:30,0.0,12.66
2021-02-09 02:00:00+05:30,0.0,11.7
2021-02-09 03:00:00+05:30,0.0,10.96
2021-02-09 04:00:00+05:30,0.0,10.4
2021-02-09 05:00:00+05:30,0.0,9.95
2021-02-09 06:00:00+05:30,0.0,9.63
2021-02-09 07:00:00+05:30,0.0,9.36
2021-02-09 08:00:00+05:30,59.01,9.24
2021-02-09 09:00:00+05:30,205.96,13.3
2021-02-09 10:00:00+05:30,349.15,18.85
2021-02-09 11:00:00+05:30,459.15,22.38
2021-02-09 12:00:00+05:30,521.03,24.45
2021-02-09 13:00:00+05:30,529.11,25.5
2021-02-09 14:00:00+05:30,481.92,26.36
2021-02-09 15:00:00+05:30,383.2,26.89
2021-02-09 16:00:00+05:30,249.98,27.03
2021-02-09 17:00:00+05:30,108.05,26.76
2021-02-09 18:00:00+05:30,19.97,25.62
2021-02-09 19:00:00+05:30,0.0,23.6
2021-02-09 20:00:00+05:30,0.0,21.2
2021-02-09 21:00:00+05:30,0.0,19.36
2021-02-09 22:00:00+05:30,0.0,18.35
2021-02-09 23:00:00+05:30,0.0,18.4
2021-02-10 00:00:00+05:30,0.0,17.77
2021-02-10 01:00:00+05:30,0.0,17.33
2021-02-10 02:00:00+05:30,0.0,17.02
2021-02-10 03:00:00+05:30,0.0,16.79
2021-02-10 04:00:00+05:30,0.0,16.6
2021-02-10 05:00:00+05:30,0.0,16.44
2021-02-10 06:00:00+05:30,0.0,16.18
2021-02-10 07:00:00+05:30,0.0,15.79
2021-02-10 08:00:00+05:30,73.05,15.29
2021-02-10 09:00:00+05:30,207.95,15.64
2021-02-10 10:00:00+05:30,349.84,19.51
2021-02-10 11:00:00+05:30,460.33,22.71
2021-02-10 12:00:00+05:30,525.57,25.07
2021-02-10 13:00:00+05:30,535.07,26.74
2021-02-10 14:00:00+05:30,489.14,27.64
2021-02-10 15:00:00+05:30,392.24,28.09
2021-02-10 16:00:00+05:30,256.58,28.18
2021-02-10 17:00:00+05:30,105.85,27.83
2021-02-10 18:00:00+05:30,15.62,26.14
2021-02-10 19:00:00+05:30,0.0,23.49
2021-02-10 20:00:00+05:30,0.0,20.21
2021-02-10 21:00:00+05:30,0.0,18.12
2021-02-10 22:00:00+05:30,0.0,16.95
2021-02-10 23:00:00+05:30,0.0,16.03
2021-02-11 00:00:00+05:30,0.0,15.15
2021-02-11 01:00:00+05:30,0.0,14.69
2021-02-11 02:00:00+05:30,0.0,14.05
2021-02-11 03:00:00+05:30,0.0,13.36
2021-02-11 04:00:00+05:30,0.0,12.73
2021-02-11 05:00:00+05:30,0.0,12.21
2021-02-11 06:00:00+05:30,0.0,11.78
2021-02-11 07:00:00+05:30,0.0,11.33
2021-02-11 08:00:00+05:30,65.47,10.93
2021-02-11 09:00:00+05:30,215.9,13.7
2021-02-11 10:00:00+05:30,361.2,19.48
2021-02-11 11:00:00+05:30,472.37,22.62
2021-02-11 12:00:00+05:30,535.46,24.3
2021-02-11 13:00:00+05:30,543.65,25.25
2021-02-11 14:00:00+05:30,495.91,26.1
2021-02-11 15:00:00+05:30,397.98,26.59
2021-02-11 16:00:00+05:30,261.39,26.7
2021-02-11 17:00:00+05:30,113.05,26.42
2021-02-11 18:00:00+05:30,21.55,25.54
2021-02-11 19:00:00+05:30,0.0,23.87
2021-02-11 20:00:00+05:30,0.0,21.71
2021-02-11 21:00:00+05:30,0.0,18.36
2021-02-11 22:00:00+05:30,0.0,16.77
2021-02-11 23:00:00+05:30,0.0,15.33
2021-02-12 00:00:00+05:30,0.0,14.83
2021-02-12 01:00:00+05:30,0.0,14.34
2021-02-12 02:00:00+05:30,0.0,13.93
2021-02-12 03:00:00+05:30,0.0,14.03
2021-02-12 04:00:00+05:30,0.0,14.06
2021-02-12 05:00:00+05:30,0.0,13.76
2021-02-12 06:00:00+05:30,0.0,13.49
2021-02-12 07:00:00+05:30,0.0,13.01
2021-02-12 08:00:00+05:30,76.18,12.86
2021-02-12 09:00:00+05:30,215.1,15.53
2021-02-12 10:00:00+05:30,358.57,19.72
2021-02-12 11:00:00+05:30,466.86,22.27
2021-02-12 12:00:00+05:30,498.91,23.96
2021-02-12 13:00:00+05:30,514.63,24.26
2021-02-12 14:00:00+05:30,449.59,25.04
2021-02-12 15:00:00+05:30,381.5,25.24
2021-02-12 16:00:00+05:30,236.39,25.46
2021-02-12 17:00:00+05:30,114.04,25.15
2021-02-12 18:00:00+05:30,17.2,24.47
2021-02-12 19:00:00+05:30,0.0,22.96
2021-02-12 20:00:00+05:30,0.0,20.07
2021-02-12 21:00:00+05:30,0.0,17.6
2021-02-12 22:00:00+05:30,0.0,16.26
2021-02-12 23:00:00+05:30,0.0,15.1
2021-02-13 00:00:00+05:30,0.0,14.45
2021-02-13 01:00:00+05:30,0.0,14.21
2021-02-13 02:00:00+05:30,0.0,13.74
2021-02-13 03:00:00+05:30,0.0,13.26
2021-02-13 04:00:00+05:30,0.0,12.81
2021-02-13 05:00:00+05:30,0.0,12.38
2021-02-13 06:00:00+05:30,0.0,11.98
2021-02-13 07:00:00+05:30,0.0,11.64
2021-02-13 08:00:00+05:30,70.6,11.38
2021-02-13 09:00:00+05:30,219.78,14.17
2021-02-13 10:00:00+05:30,363.11,19.14
2021-02-13 11:00:00+05:30,472.68,21.97
2021-02-13 12:00:00+05:30,534.78,24.0
2021-02-13 13:00:00+05:30,540.81,25.03
2021-02-13 14:00:00+05:30,489.62,25.98
2021-02-13 15:00:00+05:30,394.68,26.48
2021-02-13 16:00:00+05:30,263.47,26.58
2021-02-13 17:00:00+05:30,116.19,26.33
2021-02-13 18:00:00+05:30,18.44,25.43
2021-02-13 19:00:00+05:30,0.0,23.47
2021-02-13 20:00:00+05:30,0.0,21.2
2021-02-13 21:00:00+05:30,0.0,19.54
2021-02-13 22:00:00+05:30,0.0,18.04
2021-02-13 23:00:00+05:30,0.0,17.14
2021-02-14 00:00:00+05:30,0.0,16.36
2021-02-14 01:00:00+05:30,0.0,15.87
2021-02-14 02:00:00+05:30,0.0,15.26
2021-02-14 03:00:00+05:30,0.0,14.64
2021-02-14 04:00:00+05:30,0.0,14.03
2021-02-14 05:00:00+05:30,0.0,13.38
2021-02-14 06:00:00+05:30,0.0,12.7
2021-02-14 07:00:00+05:30,0.0,12.15
2021-02-14 08:00:00+05:30,73.05,11.93
2021-02-14 09:00:00+05:30,221.62,15.01
2021-02-14 10:00:00+05:30,364.61,20.06
2021-02-14 11:00:00+05:30,474.08,22.85
2021-02-14 12:00:00+05:30,535.76,24.95
2021-02-14 13:00:00+05:30,543.88,26.19
2021-02-14 14:00:00+05:30,497.27,27.07
2021-02-14 15:00:00+05:30,400.85,27.44
2021-02-14 16:00:00+05:30,266.39,27.49
2021-02-14 17:00:00+05:30,116.65,27.17
2021-02-14 18:00:00+05:30,17.25,26.33
2021-02-14 19:00:00+05:30,0.0,24.55
2021-02-14 20:00:00+05:30,0.0,22.35
2021-02-14 21:00:00+05:30,0.0,20.45
2021-02-14 22:00:00+05:30,0.0,19.09
2021-02-14 23:00:00+05:30,0.0,17.79
2021-02-15 00:00:00+05:30,0.0,16.44
2021-02-15 01:00:00+05:30,0.0,15.79
2021-02-15 02:00:00+05:30,0.0,15.01
2021-02-15 03:00:00+05:30,0.0,14.27
2021-02-15 04:00:00+05:30,0.0,13.6
2021-02-15 05:00:00+05:30,0.0,13.01
2021-02-15 06:00:00+05:30,0.0,12.51
2021-02-15 07:00:00+05:30,0.0,12.11
2021-02-15 08:00:00+05:30,75.78,11.98
2021-02-15 09:00:00+05:30,224.07,15.11
2021-02-15 10:00:00+05:30,367.11,19.96
2021-02-15 11:00:00+05:30,475.34,22.57
2021-02-15 12:00:00+05:30,529.32,24.64
2021-02-15 13:00:00+05:30,537.67,26.25
2021-02-15 14:00:00+05:30,479.74,27.25
2021-02-15 15:00:00+05:30,378.26,27.73
2021-02-15 16:00:00+05:30,256.86,27.8
2021-02-15 17:00:00+05:30,92.45,27.4
2021-02-15 18:00:00+05:30,17.06,25.89
2021-02-15 19:00:00+05:30,0.0,23.78
2021-02-15 20:00:00+05:30,0.0,21.72
2021-02-15 21:00:00+05:30,0.0,20.22
2021-02-15 22:00:00+05:30,0.0,19.57
2021-02-15 23:00:00+05:30,0.0,18.68
2021-02-16 00:00:00+05:30,0.0,17.59
2021-02-16 01:00:00+05:30,0.0,17.28
2021-02-16 02:00:00+05:30,0.0,16.4
2021-02-16 03:00:00+05:30,0.0,16.75
2021-02-16 04:00:00+05:30,0.0,17.76
2021-02-16 05:00:00+05:30,0.0,17.61
2021-02-16 06:00:00+05:30,0.0,16.43
2021-02-16 07:00:00+05:30,0.0,14.28
2021-02-16 08:00:00+05:30,79.51,12.97
2021-02-16 09:00:00+05:30,228.97,16.14
2021-02-16 10:00:00+05:30,372.94,20.71
2021-02-16 11:00:00+05:30,479.53,23.44
2021-02-16 12:00:00+05:30,546.44,25.25
2021-02-16 13:00:00+05:30,547.58,26.54
2021-02-16 14:00:00+05:30,486.01,27.29
2021-02-16 15:00:00+05:30,384.33,27.62
2021-02-16 16:00:00+05:30,232.79,27.8
2021-02-16 17:00:00+05:30,112.05,26.85
2021-02-16 18:00:00+05:30,17.29,25.52
2021-02-16 19:00:00+05:30,0.0,23.92
2021-02-16 20:00:00+05:30,0.0,20.79
2021-02-16 21:00:00+05:30,0.0,19.18
2021-02-16 22:00:00+05:30,0.0,18.41
2021-02-16 23:00:00+05:30,0.0,17.68
2021-02-17 00:00:00+05:30,0.0,16.8
2021-02-17 01:00:00+05:30,0.0,15.67
2021-02-17 02:00:00+05:30,0.0,14.95
2021-02-17 03:00:00+05:30,0.0,14.05
2021-02-17 04:00:00+05:30,0.0,13.27
2021-02-17 05:00:00+05:30,0.0,12.64
2021-02-17 06:00:00+05:30,0.0,12.1
2021-02-17 07:00:00+05:30,0.0,11.75
2021-02-17 08:00:00+05:30,83.55,11.68
2021-02-17 09:00:00+05:30,236.95,15.34
2021-02-17 10:00:00+05:30,382.68,20.43
2021-02-17 11:00:00+05:30,493.9,23.0
2021-02-17 12:00:00+05:30,559.75,24.77
2021-02-17 13:00:00+05:30,567.32,25.91
2021-02-17 14:00:00+05:30,502.62,26.66
2021-02-17 15:00:00+05:30,414.77,26.98
2021-02-17 16:00:00+05:30,283.74,26.97
2021-02-17 17:00:00+05:30,127.4,26.67
2021-02-17 18:00:00+05:30,17.53,25.78
2021-02-17 19:00:00+05:30,0.0,23.87
2021-02-17 20:00:00+05:30,0.0,21.3
2021-02-17 21:00:00+05:30,0.0,19.3
2021-02-17 22:00:00+05:30,0.0,17.66
2021-02-17 23:00:00+05:30,0.0,16.45
2021-02-18 00:00:00+05:30,0.0,15.9
2021-02-18 01:00:00+05:30,0.0,15.54
2021-02-18 02:00:00+05:30,0.0,15.03
2021-02-18 03:00:00+05:30,0.0,14.49
2021-02-18 04:00:00+05:30,0.0,13.87
2021-02-18 05:00:00+05:30,0.0,13.24
2021-02-18 06:00:00+05:30,0.0,12.73
2021-02-18 07:00:00+05:30,0.0,12.32
2021-02-18 08:00:00+05:30,87.63,12.13
2021-02-18 09:00:00+05:30,242.99,15.59
2021-02-18 10:00:00+05:30,389.85,20.61
2021-02-18 11:00:00+05:30,501.25,23.05
2021-02-18 12:00:00+05:30,562.93,24.71
2021-02-18 13:00:00+05:30,563.41,25.5
2021-02-18 14:00:00+05:30,501.0,26.14
2021-02-18 15:00:00+05:30,419.36,26.31
2021-02-18 16:00:00+05:30,282.08,26.32
2021-02-18 17:00:00+05:30,124.54,26.04
2021-02-18 18:00:00+05:30,19.54,25.22
2021-02-18 19:00:00+05:30,0.0,23.52
2021-02-18 20:00:00+05:30,0.0,21.29
2021-02-18 21:00:00+05:30,0.0,19.47
2021-02-18 22:00:00+05:30,0.0,17.91
2021-02-18 23:00:00+05:30,0.0,16.78
2021-02-19 00:00:00+05:30,0.0,15.97
2021-02-19 01:00:00+05:30,0.0,15.79
2021-02-19 02:00:00+05:30,0.0,15.32
2021-02-19 03:00:00+05:30,0.0,14.78
2021-02-19 04:00:00+05:30,0.0,14.33
2021-02-19 05:00:00+05:30,0.0,13.97
2021-02-19 06:00:00+05:30,0.0,13.6
2021-02-19 07:00:00+05:30,0.0,13.23
2021-02-19 08:00:00+05:30,90.89,13.05
2021-02-19 09:00:00+05:30,247.02,16.25
2021-02-19 10:00:00+05:30,394.8,20.57
2021-02-19 11:00:00+05:30,507.34,23.01
2021-02-19 12:00:00+05:30,572.56,24.5
2021-02-19 13:00:00+05:30,580.77,25.29
2021-02-19 14:00:00+05:30,532.51,25.96
2021-02-19 15:00:00+05:30,433.0,26.33
2021-02-19 16:00:00+05:30,293.8,26.43
2021-02-19 17:00:00+05:30,136.67,26.19
2021-02-19 18:00:00+05:30,20.16,25.41
2021-02-19 19:00:00+05:30,0.0,23.94
2021-02-19 20:00:00+05:30,0.0,21.99
2021-02-19 21:00:00+05:30,0.0,18.77
2021-02-19 22:00:00+05:30,0.0,17.23
2021-02-19 23:00:00+05:30,0.0,16.2
2021-02-20 00:00:00+05:30,0.0,15.6
2021-02-20 01:00:00+05:30,0.0,15.09
2021-02-20 02:00:00+05:30,0.0,14.64
2021-02-20 03:00:00+05:30,0.0,14.15
2021-02-20 04:00:00+05:30,0.0,13.72
2021-02-20 05:00:00+05:30,0.0,13.35
2021-02-20 06:00:00+05:30,0.0,13.06
2021-02-20 07:00:00+05:30,0.0,12.81
2021-02-20 08:00:00+05:30,94.82,12.71
2021-02-20 09:00:00+05:30,252.37,16.09
2021-02-20 10:00:00+05:30,400.47,20.55
2021-02-20 11:00:00+05:30,512.93,22.86
2021-02-20 12:00:00+05:30,576.27,24.17
2021-02-20 13:00:00+05:30,583.1,24.97
2021-02-20 14:00:00+05:30,534.06,25.63
2021-02-20 15:00:00+05:30,434.39,26.09
2021-02-20 16:00:00+05:30,295.58,26.33
2021-02-20 17:00:00+05:30,138.98,26.21
2021-02-20 18:00:00+05:30,21.21,25.59
2021-02-20 19:00:00+05:30,0.0,24.09
2021-02-20 20:00:00+05:30,0.0,22.26
2021-02-20 21:00:00+05:30,0.0,20.61
2021-02-20 22:00:00+05:30,0.0,17.68
2021-02-20 23:00:00+05:30,0.0,16.63
2021-02-21 00:00:00+05:30,0.0,15.45
2021-02-21 01:00:00+05:30,0.0,14.42
2021-02-21 02:00:00+05:30,0.0,13.78
2021-02-21 03:00:00+05:30,0.0,13.21
2021-02-21 04:00:00+05:30,0.0,12.64
2021-02-21 05:00:00+05:30,0.0,12.15
2021-02-21 06:00:00+05:30,0.0,11.73
2021-02-21 07:00:00+05:30,0.0,11.34
2021-02-21 08:00:00+05:30,99.27,11.97
2021-02-21 09:00:00+05:30,259.14,15.19
2021-02-21 10:00:00+05:30,408.38,20.55
2021-02-21 11:00:00+05:30,521.22,23.26
2021-02-21 12:00:00+05:30,585.15,25.01
2021-02-21 13:00:00+05:30,592.81,26.1
2021-02-21 14:00:00+05:30,544.29,26.86
2021-02-21 15:00:00+05:30,444.23,27.37
2021-02-21 16:00:00+05:30,303.97,27.58
2021-02-21 17:00:00+05:30,144.58,27.41
2021-02-21 18:00:00+05:30,21.16,26.52
2021-02-21 19:00:00+05:30,0.0,24.76
2021-02-21 20:00:00+05:30,0.0,22.34
2021-02-21 21:00:00+05:30,0.0,20.05
2021-02-21 22:00:00+05:30,0.0,17.9
2021-02-21 23:00:00+05:30,0.0,16.38
2021-02-22 00:00:00+05:30,0.0,15.56
2021-02-22 01:00:00+05:30,0.0,15.04
2021-02-22 02:00:00+05:30,0.0,14.61
2021-02-22 03:00:00+05:30,0.0,14.18
2021-02-22 04:00:00+05:30,0.0,13.75
2021-02-22 05:00:00+05:30,0.0,13.21
2021-02-22 06:00:00+05:30,0.0,13.1
2021-02-22 07:00:00+05:30,0.0,13.16
2021-02-22 08:00:00+05:30,103.09,13.76
2021-02-22 09:00:00+05:30,263.92,15.94
2021-02-22 10:00:00+05:30,413.59,21.58
2021-02-22 11:00:00+05:30,526.84,24.79
2021-02-22 12:00:00+05:30,589.89,26.83
2021-02-22 13:00:00+05:30,597.62,27.96
2021-02-22 14:00:00+05:30,548.99,28.61
2021-02-22 15:00:00+05:30,448.71,29.02
2021-02-22 16:00:00+05:30,307.85,29.14
2021-02-22 17:00:00+05:30,147.78,28.92
2021-02-22 18:00:00+05:30,21.55,27.85
2021-02-22 19:00:00+05:30,0.0,26.07
2021-02-22 20:00:00+05:30,0.0,23.7
2021-02-22 21:00:00+05:30,0.0,22.74
2021-02-22 22:00:00+05:30,0.0,21.57
2021-02-22 23:00:00+05:30,0.0,19.58
2021-02-23 00:00:00+05:30,0.0,16.66
2021-02-23 01:00:00+05:30,0.0,16.85
2021-02-23 02:00:00+05:30,0.0,17.83
2021-02-23 03:00:00+05:30,0.0,17.12
2021-02-23 04:00:00+05:30,0.0,16.35
2021-02-23 05:00:00+05:30,0.0,15.67
2021-02-23 06:00:00+05:30,0.0,14.5
2021-02-23 07:00:00+05:30,0.0,13.6
2021-02-23 08:00:00+05:30,106.55,13.21
2021-02-23 09:00:00+05:30,267.91,16.97
2021-02-23 10:00:00+05:30,417.46,22.56
2021-02-23 11:00:00+05:30,530.47,25.86
2021-02-23 12:00:00+05:30,590.92,28.08
2021-02-23 13:00:00+05:30,598.86,29.21
2021-02-23 14:00:00+05:30,550.57,29.86
2021-02-23 15:00:00+05:30,450.7,30.16
2021-02-23 16:00:00+05:30,310.31,30.16
2021-02-23 17:00:00+05:30,150.34,29.83
2021-02-23 18:00:00+05:30,21.93,28.67
2021-02-23 19:00:00+05:30,0.0,26.86
2021-02-23 20:00:00+05:30,0.0,24.4
2021-02-23 21:00:00+05:30,0.0,23.28
2021-02-23 22:00:00+05:30,0.0,22.12
2021-02-23 23:00:00+05:30,0.0,20.08
2021-02-24 00:00:00+05:30,0.0,17.06
2021-02-24 01:00:00+05:30,0.0,16.24
2021-02-24 02:00:00+05:30,0.0,15.33
2021-02-24 03:00:00+05:30,0.0,14.76
2021-02-24 04:00:00+05:30,0.0,14.28
2021-02-24 05:00:00+05:30,0.0,13.81
2021-02-24 06:00:00+05:30,0.0,13.31
2021-02-24 07:00:00+05:30,0.0,12.92
2021-02-24 08:00:00+05:30,110.38,12.94
2021-02-24 09:00:00+05:30,272.06,17.08
2021-02-24 10:00:00+05:30,421.24,22.87
2021-02-24 11:00:00+05:30,533.56,26.21
2021-02-24 12:00:00+05:30,593.56,28.45
2021-02-24 13:00:00+05:30,600.62,29.57
2021-02-24 14:00:00+05:30,551.84,30.26
2021-02-24 15:00:00+05:30,451.97,30.53
2021-02-24 16:00:00+05:30,311.79,30.52
2021-02-24 17:00:00+05:30,152.88,30.1
2021-02-24 18:00:00+05:30,22.84,28.91
2021-02-24 19:00:00+05:30,0.0,26.93
2021-02-24 20:00:00+05:30,0.0,24.87
2021-02-24 21:00:00+05:30,0.0,23.28
2021-02-24 22:00:00+05:30,0.0,21.94
2021-02-24 23:00:00+05:30,0.0,20.51
2021-02-25 00:00:00+05:30,0.0,19.89
2021-02-25 01:00:00+05:30,0.0,19.67
2021-02-25 02:00:00+05:30,0.0,17.86
2021-02-25 03:00:00+05:30,0.0,16.44
2021-02-25 04:00:00+05:30,0.0,15.83
2021-02-25 05:00:00+05:30,0.0,15.58
2021-02-25 06:00:00+05:30,0.0,15.63
2021-02-25 07:00:00+05:30,10.32,15.84
2021-02-25 08:00:00+05:30,113.63,16.21
2021-02-25 09:00:00+05:30,275.57,19.3
2021-02-25 10:00:00+05:30,425.62,23.41
2021-02-25 11:00:00+05:30,539.65,26.44
2021-02-25 12:00:00+05:30,605.97,28.51
2021-02-25 13:00:00+05:30,613.81,29.5
2021-02-25 14:00:00+05:30,564.17,30.27
2021-02-25 15:00:00+05:30,462.44,30.67
2021-02-25 16:00:00+05:30,320.11,30.76
2021-02-25 17:00:00+05:30,157.83,30.47
2021-02-25 18:00:00+05:30,23.08,29.26
2021-02-25 19:00:00+05:30,0.0,27.23
2021-02-25 20:00:00+05:30,0.0,25.12
2021-02-25 21:00:00+05:30,0.0,23.48
2021-02-25 22:00:00+05:30,0.0,22.21
2021-02-25 23:00:00+05:30,0.0,21.05
2021-02-26 00:00:00+05:30,0.0,20.13
2021-02-26 01:00:00+05:30,0.0,19.01
2021-02-26 02:00:00+05:30,0.0,18.58
2021-02-26 03:00:00+05:30,0.0,18.31
2021-02-26 04:00:00+05:30,0.0,18.23
2021-02-26 05:00:00+05:30,0.0,18.15
2021-02-26 06:00:00+05:30,0.0,17.91
2021-02-26 07:00:00+05:30,11.04,17.47
2021-02-26 08:00:00+05:30,118.51,17.39
2021-02-26 09:00:00+05:30,281.76,20.15
2021-02-26 10:00:00+05:30,431.02,23.81
2021-02-26 11:00:00+05:30,542.9,26.83
2021-02-26 12:00:00+05:30,604.18,29.19
2021-02-26 13:00:00+05:30,610.51,30.79
2021-02-26 14:00:00+05:30,560.56,31.67
2021-02-26 15:00:00+05:30,459.4,32.19
2021-02-26 16:00:00+05:30,318.46,32.31
2021-02-26 17:00:00+05:30,158.25,32.04
2021-02-26 18:00:00+05:30,15.03,30.75
2021-02-26 19:00:00+05:30,0.0,28.8
2021-02-26 20:00:00+05:30,0.0,26.64
2021-02-26 21:00:00+05:30,0.0,24.73
2021-02-26 22:00:00+05:30,0.0,23.33
2021-02-26 23:00:00+05:30,0.0,22.42
2021-02-27 00:00:00+05:30,0.0,22.09
2021-02-27 01:00:00+05:30,0.0,21.78
2021-02-27 02:00:00+05:30,0.0,21.73
2021-02-27 03:00:00+05:30,0.0,21.53
2021-02-27 04:00:00+05:30,0.0,21.22
2021-02-27 05:00:00+05:30,0.0,20.55
2021-02-27 06:00:00+05:30,0.0,19.64
2021-02-27 07:00:00+05:30,11.42,18.7
2021-02-27 08:00:00+05:30,120.83,18.25
2021-02-27 09:00:00+05:30,282.19,20.96
2021-02-27 10:00:00+05:30,429.48,24.24
2021-02-27 11:00:00+05:30,541.02,26.89
2021-02-27 12:00:00+05:30,602.11,28.96
2021-02-27 13:00:00+05:30,592.41,30.38
2021-02-27 14:00:00+05:30,539.87,31.24
2021-02-27 15:00:00+05:30,417.93,31.8
2021-02-27 16:00:00+05:30,297.6,31.79
2021-02-27 17:00:00+05:30,155.18,31.56
2021-02-27 18:00:00+05:30,16.64,30.51
2021-02-27 19:00:00+05:30,0.0,27.85
2021-02-27 20:00:00+05:30,0.0,25.55
2021-02-27 21:00:00+05:30,0.0,23.94
2021-02-27 22:00:00+05:30,0.0,22.57
2021-02-27 23:00:00+05:30,0.0,21.29
2021-02-28 00:00:00+05:30,0.0,20.26
2021-02-28 01:00:00+05:30,0.0,19.97
2021-02-28 02:00:00+05:30,0.0,19.47
2021-02-28 03:00:00+05:30,0.0,19.26
2021-02-28 04:00:00+05:30,0.0,18.36
2021-02-28 05:00:00+05:30,0.0,17.89
2021-02-28 06:00:00+05:30,0.0,17.35
2021-02-28 07:00:00+05:30,11.32,16.98
2021-02-28 08:00:00+05:30,121.24,17.33
2021-02-28 09:00:00+05:30,265.59,20.15
2021-02-28 10:00:00+05:30,434.95,23.91
2021-02-28 11:00:00+05:30,537.34,27.06
2021-02-28 12:00:00+05:30,618.94,28.48
2021-02-28 13:00:00+05:30,627.59,29.08
2021-02-28 14:00:00+05:30,574.63,29.68
2021-02-28 15:00:00+05:30,476.27,29.85
2021-02-28 16:00:00+05:30,334.85,29.71
2021-02-28 17:00:00+05:30,170.02,29.27
2021-02-28 18:00:00+05:30,18.75,28.16
2021-02-28 19:00:00+05:30,0.0,25.74
2021-02-28 20:00:00+05:30,0.0,23.32
2021-02-28 21:00:00+05:30,0.0,21.61
2021-02-28 22:00:00+05:30,0.0,20.41
2021-02-28 23:00:00+05:30,0.0,19.39
2021-03-01 00:00:00+05:30,0.0,18.46
2021-03-01 01:00:00+05:30,0.0,17.86
2021-03-01 02:00:00+05:30,0.0,17.24
2021-03-01 03:00:00+05:30,0.0,16.77
2021-03-01 04:00:00+05:30,0.0,16.28
2021-03-01 05:00:00+05:30,0.0,15.73
2021-03-01 06:00:00+05:30,0.0,15.26
2021-03-01 07:00:00+05:30,12.9,14.92
2021-03-01 08:00:00+05:30,132.29,15.17
2021-03-01 09:00:00+05:30,299.27,18.4
2021-03-01 10:00:00+05:30,450.81,22.32
2021-03-01 11:00:00+05:30,564.11,25.26
2021-03-01 12:00:00+05:30,626.29,27.2
2021-03-01 13:00:00+05:30,632.68,27.72
2021-03-01 14:00:00+05:30,582.54,28.62
2021-03-01 15:00:00+05:30,480.69,29.14
2021-03-01 16:00:00+05:30,337.55,29.18
2021-03-01 17:00:00+05:30,172.8,28.84
2021-03-01 18:00:00+05:30,20.59,27.86
2021-03-01 19:00:00+05:30,0.0,25.71
2021-03-01 20:00:00+05:30,0.0,22.79
2021-03-01 21:00:00+05:30,0.0,21.17
2021-03-01 22:00:00+05:30,0.0,20.08
2021-03-01 23:00:00+05:30,0.0,19.03
2021-03-02 00:00:00+05:30,0.0,18.09
2021-03-02 01:00:00+05:30,0.0,17.37
2021-03-02 02:00:00+05:30,0.0,16.96
2021-03-02 03:00:00+05:30,0.0,16.7
2021-03-02 04:00:00+05:30,0.0,16.43
2021-03-02 05:00:00+05:30,0.0,15.97
2021-03-02 06:00:00+05:30,0.0,15.43
2021-03-02 07:00:00+05:30,13.76,14.94
2021-03-02 08:00:00+05:30,140.74,14.86
2021-03-02 09:00:00+05:30,313.42,17.98
2021-03-02 10:00:00+05:30,469.21,21.82
2021-03-02 11:00:00+05:30,585.31,24.37
2021-03-02 12:00:00+05:30,649.34,26.21
2021-03-02 13:00:00+05:30,655.32,27.44
2021-03-02 14:00:00+05:30,603.11,28.35
2021-03-02 15:00:00+05:30,498.02,28.87
2021-03-02 16:00:00+05:30,350.92,29.02
2021-03-02 17:00:00+05:30,181.15,28.75
2021-03-02 18:00:00+05:30,22.55,27.61
2021-03-02 19:00:00+05:30,0.0,24.95
2021-03-02 20:00:00+05:30,0.0,22.34
2021-03-02 21:00:00+05:30,0.0,20.49
2021-03-02 22:00:00+05:30,0.0,19.18
2021-03-02 23:00:00+05:30,0.0,18.12
2021-03-03 00:00:00+05:30,0.0,17.25
2021-03-03 01:00:00+05:30,0.0,16.77
2021-03-03 02:00:00+05:30,0.0,16.12
2021-03-03 03:00:00+05:30,0.0,15.65
2021-03-03 04:00:00+05:30,0.0,15.27
2021-03-03 05:00:00+05:30,0.0,14.87
2021-03-03 06:00:00+05:30,0.0,14.41
2021-03-03 07:00:00+05:30,14.24,13.86
2021-03-03 08:00:00+05:30,142.89,13.58
2021-03-03 09:00:00+05:30,313.73,17.88
2021-03-03 10:00:00+05:30,467.35,22.92
2021-03-03 11:00:00+05:30,581.53,26.19
2021-03-03 12:00:00+05:30,644.63,28.02
2021-03-03 13:00:00+05:30,650.65,29.05
2021-03-03 14:00:00+05:30,599.21,29.86
2021-03-03 15:00:00+05:30,495.19,30.36
2021-03-03 16:00:00+05:30,349.47,30.53
2021-03-03 17:00:00+05:30,181.41,30.35
2021-03-03 18:00:00+05:30,24.31,29.33
2021-03-03 19:00:00+05:30,0.0,27.6
2021-03-03 20:00:00+05:30,0.0,25.2
2021-03-03 21:00:00+05:30,0.0,23.06
2021-03-03 22:00:00+05:30,0.0,21.23
2021-03-03 23:00:00+05:30,0.0,19.69
2021-03-04 00:00:00+05:30,0.0,20.15
2021-03-04 01:00:00+05:30,0.0,20.63
2021-03-04 02:00:00+05:30,0.0,20.57
2021-03-04 03:00:00+05:30,0.0,20.27
2021-03-04 04:00:00+05:30,0.0,19.92
2021-03-04 05:00:00+05:30,0.0,19.76
2021-03-04 06:00:00+05:30,0.0,19.8
2021-03-04 07:00:00+05:30,14.81,19.61
2021-03-04 08:00:00+05:30,146.63,19.25
2021-03-04 09:00:00+05:30,317.48,18.97
2021-03-04 10:00:00+05:30,470.73,24.0
2021-03-04 11:00:00+05:30,584.65,26.86
2021-03-04 12:00:00+05:30,647.06,29.02
2021-03-04 13:00:00+05:30,652.75,30.53
2021-03-04 14:00:00+05:30,601.15,31.47
2021-03-04 15:00:00+05:30,497.24,31.9
2021-03-04 16:00:00+05:30,351.82,31.89
2021-03-04 17:00:00+05:30,183.98,31.59
2021-03-04 18:00:00+05:30,32.54,30.42
2021-03-04 19:00:00+05:30,0.0,28.64
2021-03-04 20:00:00+05:30,0.0,25.99
2021-03-04 21:00:00+05:30,0.0,23.78
2021-03-04 22:00:00+05:30,0.0,21.12
2021-03-04 23:00:00+05:30,0.0,20.18
2021-03-05 00:00:00+05:30,0.0,19.23
2021-03-05 01:00:00+05:30,0.0,18.61
2021-03-05 02:00:00+05:30,0.0,18.5
2021-03-05 03:00:00+05:30,0.0,18.61
2021-03-05 04:00:00+05:30,0.0,18.43
2021-03-05 05:00:00+05:30,0.0,17.88
2021-03-05 06:00:00+05:30,0.0,17.11
2021-03-05 07:00:00+05:30,16.0,16.24
2021-03-05 08:00:00+05:30,155.82,16.16
2021-03-05 09:00:00+05:30,330.21,19.42
2021-03-05 10:00:00+05:30,484.72,23.7
2021-03-05 11:00:00+05:30,599.35,27.05
2021-03-05 12:00:00+05:30,660.61,29.46
2021-03-05 13:00:00+05:30,665.98,30.85
2021-03-05 14:00:00+05:30,613.67,31.85
2021-03-05 15:00:00+05:30,508.33,32.21
2021-03-05 16:00:00+05:30,360.83,32.08
2021-03-05 17:00:00+05:30,190.31,31.51
2021-03-05 18:00:00+05:30,35.18,30.12
2021-03-05 19:00:00+05:30,0.0,27.08
2021-03-05 20:00:00+05:30,0.0,24.3
2021-03-05 21:00:00+05:30,0.0,22.46
2021-03-05 22:00:00+05:30,0.0,20.9
2021-03-05 23:00:00+05:30,0.0,19.62
2021-03-06 00:00:00+05:30,0.0,18.67
2021-03-06 01:00:00+05:30,0.0,18.14
2021-03-06 02:00:00+05:30,0.0,17.58
2021-03-06 03:00:00+05:30,0.0,17.0
2021-03-06 04:00:00+05:30,0.0,16.36
2021-03-06 05:00:00+05:30,0.0,15.69
2021-03-06 06:00:00+05:30,0.0,14.94
2021-03-06 07:00:00+05:30,16.2,14.19
2021-03-06 08:00:00+05:30,155.66,14.01
2021-03-06 09:00:00+05:30,327.4,19.08
2021-03-06 10:00:00+05:30,480.07,24.28
2021-03-06 11:00:00+05:30,592.98,27.59
2021-03-06 12:00:00+05:30,654.99,29.86
2021-03-06 13:00:00+05:30,659.62,31.42
2021-03-06 14:00:00+05:30,607.28,32.5
2021-03-06 15:00:00+05:30,503.08,33.17
2021-03-06 16:00:00+05:30,357.44,33.45
2021-03-06 17:00:00+05:30,189.18,33.3
2021-03-06 18:00:00+05:30,36.38,32.04
2021-03-06 19:00:00+05:30,0.0,29.91
2021-03-06 20:00:00+05:30,0.0,26.94
2021-03-06 21:00:00+05:30,0.0,24.62
2021-03-06 22:00:00+05:30,0.0,23.1
2021-03-06 23:00:00+05:30,0.0,22.23
2021-03-07 00:00:00+05:30,0.0,21.61
2021-03-07 01:00:00+05:30,0.0,21.12
2021-03-07 02:00:00+05:30,0.0,19.99
2021-03-07 03:00:00+05:30,0.0,19.42
2021-03-07 04:00:00+05:30,0.0,18.72
2021-03-07 05:00:00+05:30,0.0,18.2
2021-03-07 06:00:00+05:30,0.0,17.84
2021-03-07 07:00:00+05:30,11.91,17.55
2021-03-07 08:00:00+05:30,157.4,17.78
2021-03-07 09:00:00+05:30,327.69,22.33
2021-03-07 10:00:00+05:30,479.46,26.43
2021-03-07 11:00:00+05:30,592.28,29.09
2021-03-07 12:00:00+05:30,656.72,31.25
2021-03-07 13:00:00+05:30,662.33,32.67
2021-03-07 14:00:00+05:30,610.99,33.58
2021-03-07 15:00:00+05:30,505.93,34.07
2021-03-07 16:00:00+05:30,359.87,34.28
2021-03-07 17:00:00+05:30,191.92,34.06
2021-03-07 18:00:00+05:30,38.16,32.76
2021-03-07 19:00:00+05:30,0.0,30.54
2021-03-07 20:00:00+05:30,0.0,27.82
2021-03-07 21:00:00+05:30,0.0,25.59
2021-03-07 22:00:00+05:30,0.0,23.39
2021-03-07 23:00:00+05:30,0.0,22.03
2021-03-08 00:00:00+05:30,0.0,21.52
2021-03-08 01:00:00+05:30,0.0,21.67
2021-03-08 02:00:00+05:30,0.0,21.49
2021-03-08 03:00:00+05:30,0.0,21.2
2021-03-08 04:00:00+05:30,0.0,20.91
2021-03-08 05:00:00+05:30,0.0,20.68
2021-03-08 06:00:00+05:30,0.0,20.42
2021-03-08 07:00:00+05:30,14.62,20.1
2021-03-08 08:00:00+05:30,159.44,20.31
2021-03-08 09:00:00+05:30,327.15,23.37
2021-03-08 10:00:00+05:30,475.89,26.33
2021-03-08 11:00:00+05:30,589.52,28.77
2021-03-08 12:00:00+05:30,649.31,30.85
2021-03-08 13:00:00+05:30,640.72,32.3
2021-03-08 14:00:00+05:30,551.2,32.97
2021-03-08 15:00:00+05:30,417.53,33.33
2021-03-08 16:00:00+05:30,324.94,33.22
2021-03-08 17:00:00+05:30,159.67,32.98
2021-03-08 18:00:00+05:30,35.42,31.88
2021-03-08 19:00:00+05:30,0.0,30.4
2021-03-08 20:00:00+05:30,0.0,28.19
2021-03-08 21:00:00+05:30,0.0,26.02
2021-03-08 22:00:00+05:30,0.0,24.33
2021-03-08 23:00:00+05:30,0.0,22.99
2021-03-09 00:00:00+05:30,0.0,22.41
2021-03-09 01:00:00+05:30,0.0,21.93
2021-03-09 02:00:00+05:30,0.0,22.3
2021-03-09 03:00:00+05:30,0.0,22.01
2021-03-09 04:00:00+05:30,0.0,21.1
2021-03-09 05:00:00+05:30,0.0,18.36
2021-03-09 06:00:00+05:30,0.0,17.93
2021-03-09 07:00:00+05:30,17.48,17.59
2021-03-09 08:00:00+05:30,165.46,17.92
2021-03-09 09:00:00+05:30,337.64,22.39
2021-03-09 10:00:00+05:30,489.04,25.97
2021-03-09 11:00:00+05:30,598.75,28.4
2021-03-09 12:00:00+05:30,649.27,30.17
2021-03-09 13:00:00+05:30,666.21,31.65
2021-03-09 14:00:00+05:30,609.62,32.56
2021-03-09 15:00:00+05:30,505.4,32.79
2021-03-09 16:00:00+05:30,362.39,32.76
2021-03-09 17:00:00+05:30,198.55,32.5
2021-03-09 18:00:00+05:30,41.86,31.67
2021-03-09 19:00:00+05:30,0.0,29.95
2021-03-09 20:00:00+05:30,0.0,27.61
2021-03-09 21:00:00+05:30,0.0,25.66
2021-03-09 22:00:00+05:30,0.0,23.95
2021-03-09 23:00:00+05:30,0.0,21.68
2021-03-10 00:00:00+05:30,0.0,21.12
2021-03-10 01:00:00+05:30,0.0,20.61
2021-03-10 02:00:00+05:30,0.0,20.18
2021-03-10 03:00:00+05:30,0.0,19.65
2021-03-10 04:00:00+05:30,0.0,18.92
2021-03-10 05:00:00+05:30,0.0,18.14
2021-03-10 06:00:00+05:30,0.0,17.48
2021-03-10 07:00:00+05:30,20.07,17.01
2021-03-10 08:00:00+05:30,158.88,17.63
2021-03-10 09:00:00+05:30,309.08,22.44
2021-03-10 10:00:00+05:30,461.84,26.53
2021-03-10 11:00:00+05:30,580.43,29.56
2021-03-10 12:00:00+05:30,594.25,31.44
2021-03-10 13:00:00+05:30,647.74,31.58
2021-03-10 14:00:00+05:30,567.96,32.06
2021-03-10 15:00:00+05:30,484.64,32.06
2021-03-10 16:00:00+05:30,347.53,32.07
2021-03-10 17:00:00+05:30,191.86,31.56
2021-03-10 18:00:00+05:30,43.6,30.65
2021-03-10 19:00:00+05:30,0.0,28.76
2021-03-10 20:00:00+05:30,0.0,26.74
2021-03-10 21:00:00+05:30,0.0,24.72
2021-03-10 22:00:00+05:30,0.0,22.5
2021-03-10 23:00:00+05:30,0.0,21.67
2021-03-11 00:00:00+05:30,0.0,21.52
2021-03-11 01:00:00+05:30,0.0,21.07
2021-03-11 02:00:00+05:30,0.0,20.68
2021-03-11 03:00:00+05:30,0.0,20.05
2021-03-11 04:00:00+05:30,0.0,19.38
2021-03-11 05:00:00+05:30,0.0,18.8
2021-03-11 06:00:00+05:30,0.0,18.26
2021-03-11 07:00:00+05:30,22.76,17.81
2021-03-11 08:00:00+05:30,176.7,18.18
2021-03-11 09:00:00+05:30,350.0,22.03
2021-03-11 10:00:00+05:30,502.88,25.61
2021-03-11 11:00:00+05:30,616.02,28.5
2021-03-11 12:00:00+05:30,682.58,30.59
2021-03-11 13:00:00+05:30,679.06,31.57
2021-03-11 14:00:00+05:30,625.7,32.29
2021-03-11 15:00:00+05:30,504.19,32.59
2021-03-11 16:00:00+05:30,363.09,32.53
2021-03-11 17:00:00+05:30,199.35,32.16
2021-03-11 18:00:00+05:30,44.2,31.22
2021-03-11 19:00:00+05:30,0.0,29.32
2021-03-11 20:00:00+05:30,0.0,27.09
2021-03-11 21:00:00+05:30,0.0,25.67
2021-03-11 22:00:00+05:30,0.0,24.64
2021-03-11 23:00:00+05:30,0.0,23.86
2021-03-12 00:00:00+05:30,0.0,23.3
2021-03-12 01:00:00+05:30,0.0,22.53
2021-03-12 02:00:00+05:30,0.0,22.02
2021-03-12 03:00:00+05:30,0.0,21.55
2021-03-12 04:00:00+05:30,0.0,21.23
2021-03-12 05:00:00+05:30,0.0,20.42
2021-03-12 06:00:00+05:30,0.0,19.66
2021-03-12 07:00:00+05:30,24.26,18.87
2021-03-12 08:00:00+05:30,165.7,19.0
2021-03-12 09:00:00+05:30,312.48,22.13
2021-03-12 10:00:00+05:30,402.5,24.81
2021-03-12 11:00:00+05:30,538.33,26.66
2021-03-12 12:00:00+05:30,522.77,27.81
2021-03-12 13:00:00+05:30,604.05,29.8
2021-03-12 14:00:00+05:30,577.58,30.75
2021-03-12 15:00:00+05:30,500.25,31.08
2021-03-12 16:00:00+05:30,307.31,30.99
2021-03-12 17:00:00+05:30,136.1,30.33
2021-03-12 18:00:00+05:30,27.01,28.96
2021-03-12 19:00:00+05:30,0.0,24.26
2021-03-12 20:00:00+05:30,0.0,21.52
2021-03-12 21:00:00+05:30,0.0,20.96
2021-03-12 22:00:00+05:30,0.0,21.06
2021-03-12 23:00:00+05:30,0.0,20.41
2021-03-13 00:00:00+05:30,0.0,19.55
2021-03-13 01:00:00+05:30,0.0,19.17
2021-03-13 02:00:00+05:30,0.0,18.47
2021-03-13 03:00:00+05:30,0.0,17.76
2021-03-13 04:00:00+05:30,0.0,17.05
2021-03-13 05:00:00+05:30,0.0,17.36
2021-03-13 06:00:00+05:30,0.0,15.64
2021-03-13 07:00:00+05:30,28.04,15.04
2021-03-13 08:00:00+05:30,185.52,16.39
2021-03-13 09:00:00+05:30,359.72,20.3
2021-03-13 10:00:00+05:30,513.18,23.72
2021-03-13 11:00:00+05:30,626.08,26.5
2021-03-13 12:00:00+05:30,687.61,28.63
2021-03-13 13:00:00+05:30,689.37,29.26
2021-03-13 14:00:00+05:30,609.32,30.13
2021-03-13 15:00:00+05:30,526.74,30.46
2021-03-13 16:00:00+05:30,374.97,30.59
2021-03-13 17:00:00+05:30,210.4,30.3
2021-03-13 18:00:00+05:30,51.69,29.74
2021-03-13 19:00:00+05:30,0.0,28.15
2021-03-13 20:00:00+05:30,0.0,25.84
2021-03-13 21:00:00+05:30,0.0,24.04
2021-03-13 22:00:00+05:30,0.0,22.42
2021-03-13 23:00:00+05:30,0.0,21.17
2021-03-14 00:00:00+05:30,0.0,20.51
2021-03-14 01:00:00+05:30,0.0,20.69
2021-03-14 02:00:00+05:30,0.0,20.45
2021-03-14 03:00:00+05:30,0.0,19.94
2021-03-14 04:00:00+05:30,0.0,19.33
2021-03-14 05:00:00+05:30,0.0,18.63
2021-03-14 06:00:00+05:30,0.0,18.01
2021-03-14 07:00:00+05:30,28.89,17.55
2021-03-14 08:00:00+05:30,181.05,17.95
2021-03-14 09:00:00+05:30,357.45,22.25
2021-03-14 10:00:00+05:30,502.5,25.37
2021-03-14 11:00:00+05:30,622.71,27.32
2021-03-14 12:00:00+05:30,685.81,28.88
2021-03-14 13:00:00+05:30,678.25,30.07
2021-03-14 14:00:00+05:30,635.43,30.85
2021-03-14 15:00:00+05:30,508.88,31.28
2021-03-14 16:00:00+05:30,374.83,31.27
2021-03-14 17:00:00+05:30,215.85,31.04
2021-03-14 18:00:00+05:30,53.75,30.5
2021-03-14 19:00:00+05:30,0.0,29.07
2021-03-14 20:00:00+05:30,0.0,26.87
2021-03-14 21:00:00+05:30,0.0,24.97
2021-03-14 22:00:00+05:30,0.0,23.4
2021-03-14 23:00:00+05:30,0.0,21.68
2021-03-15 00:00:00+05:30,0.0,20.85
2021-03-15 01:00:00+05:30,0.0,20.91
2021-03-15 02:00:00+05:30,0.0,20.67
2021-03-15 03:00:00+05:30,0.0,20.2
2021-03-15 04:00:00+05:30,0.0,19.71
2021-03-15 05:00:00+05:30,0.0,19.33
2021-03-15 06:00:00+05:30,0.0,19.04
2021-03-15 07:00:00+05:30,33.79,18.8
2021-03-15 08:00:00+05:30,189.18,19.54
2021-03-15 09:00:00+05:30,363.96,23.13
2021-03-15 10:00:00+05:30,519.17,26.19
2021-03-15 11:00:00+05:30,621.58,28.22
2021-03-15 12:00:00+05:30,686.47,29.64
2021-03-15 13:00:00+05:30,679.51,30.93
2021-03-15 14:00:00+05:30,521.49,31.73
2021-03-15 15:00:00+05:30,501.58,31.81
2021-03-15 16:00:00+05:30,359.24,32.18
2021-03-15 17:00:00+05:30,210.6,32.01
2021-03-15 18:00:00+05:30,51.27,31.42
2021-03-15 19:00:00+05:30,0.0,30.18
2021-03-15 20:00:00+05:30,0.0,28.31
2021-03-15 21:00:00+05:30,0.0,26.53
2021-03-15 22:00:00+05:30,0.0,24.38
2021-03-15 23:00:00+05:30,0.0,23.21
2021-03-16 00:00:00+05:30,0.0,22.51
2021-03-16 01:00:00+05:30,0.0,21.85
2021-03-16 02:00:00+05:30,0.0,20.96
2021-03-16 03:00:00+05:30,0.0,20.08
2021-03-16 04:00:00+05:30,0.0,19.28
2021-03-16 05:00:00+05:30,0.0,18.7
2021-03-16 06:00:00+05:30,0.0,18.19
2021-03-16 07:00:00+05:30,36.27,17.7
2021-03-16 08:00:00+05:30,201.22,18.07
2021-03-16 09:00:00+05:30,377.29,23.09
2021-03-16 10:00:00+05:30,530.59,26.79
2021-03-16 11:00:00+05:30,642.72,29.02
2021-03-16 12:00:00+05:30,686.79,30.64
2021-03-16 13:00:00+05:30,669.74,31.43
2021-03-16 14:00:00+05:30,620.52,32.29
2021-03-16 15:00:00+05:30,515.58,32.86
2021-03-16 16:00:00+05:30,389.67,32.96
2021-03-16 17:00:00+05:30,200.65,32.78
2021-03-16 18:00:00+05:30,53.47,31.8
2021-03-16 19:00:00+05:30,0.0,30.1
2021-03-16 20:00:00+05:30,0.0,27.62
2021-03-16 21:00:00+05:30,0.0,25.38
2021-03-16 22:00:00+05:30,0.0,23.57
2021-03-16 23:00:00+05:30,0.0,23.01
2021-03-17 00:00:00+05:30,0.0,22.67
2021-03-17 01:00:00+05:30,0.0,22.35
2021-03-17 02:00:00+05:30,0.0,21.82
2021-03-17 03:00:00+05:30,0.0,21.21
2021-03-17 04:00:00+05:30,0.0,20.6
2021-03-17 05:00:00+05:30,0.0,19.78
2021-03-17 06:00:00+05:30,0.0,19.38
2021-03-17 07:00:00+05:30,38.75,18.55
2021-03-17 08:00:00+05:30,202.87,18.7
2021-03-17 09:00:00+05:30,380.67,23.23
2021-03-17 10:00:00+05:30,531.84,26.8
2021-03-17 11:00:00+05:30,633.68,29.45
2021-03-17 12:00:00+05:30,692.59,31.29
2021-03-17 13:00:00+05:30,593.39,32.98
2021-03-17 14:00:00+05:30,598.17,33.51
2021-03-17 15:00:00+05:30,478.22,34.04
2021-03-17 16:00:00+05:30,336.01,34.01
2021-03-17 17:00:00+05:30,167.76,33.52
2021-03-17 18:00:00+05:30,54.99,32.15
2021-03-17 19:00:00+05:30,0.0,30.51
2021-03-17 20:00:00+05:30,0.0,27.91
2021-03-17 21:00:00+05:30,0.0,25.72
2021-03-17 22:00:00+05:30,0.0,23.37
2021-03-17 23:00:00+05:30,0.0,22.3
2021-03-18 00:00:00+05:30,0.0,21.63
2021-03-18 01:00:00+05:30,0.0,21.19
2021-03-18 02:00:00+05:30,0.0,21.61
2021-03-18 03:00:00+05:30,0.0,21.24
2021-03-18 04:00:00+05:30,0.0,20.78
2021-03-18 05:00:00+05:30,0.0,20.24
2021-03-18 06:00:00+05:30,0.0,20.04
2021-03-18 07:00:00+05:30,40.4,19.78
2021-03-18 08:00:00+05:30,202.61,20.51
2021-03-18 09:00:00+05:30,378.88,23.67
2021-03-18 10:00:00+05:30,472.6,27.03
2021-03-18 11:00:00+05:30,613.05,29.18
2021-03-18 12:00:00+05:30,706.99,31.23
2021-03-18 13:00:00+05:30,702.37,32.46
2021-03-18 14:00:00+05:30,621.2,33.13
2021-03-18 15:00:00+05:30,370.47,31.41
2021-03-18 16:00:00+05:30,268.16,29.65
2021-03-18 17:00:00+05:30,177.95,29.74
2021-03-18 18:00:00+05:30,42.72,29.59
2021-03-18 19:00:00+05:30,0.0,27.44
2021-03-18 20:00:00+05:30,0.0,25.84
2021-03-18 21:00:00+05:30,0.0,24.79
2021-03-18 22:00:00+05:30,0.0,23.91
2021-03-18 23:00:00+05:30,0.0,23.46
2021-03-19 00:00:00+05:30,0.0,22.83
2021-03-19 01:00:00+05:30,0.0,21.74
2021-03-19 02:00:00+05:30,0.0,20.98
2021-03-19 03:00:00+05:30,0.0,20.43
2021-03-19 04:00:00+05:30,0.0,19.83
2021-03-19 05:00:00+05:30,0.0,19.45
2021-03-19 06:00:00+05:30,0.0,19.31
2021-03-19 07:00:00+05:30,44.13,19.13
2021-03-19 08:00:00+05:30,211.39,20.04
2021-03-19 09:00:00+05:30,389.41,24.2
2021-03-19 10:00:00+05:30,544.81,27.72
2021-03-19 11:00:00+05:30,663.8,29.84
2021-03-19 12:00:00+05:30,708.31,31.26
2021-03-19 13:00:00+05:30,704.65,30.99
2021-03-19 14:00:00+05:30,644.25,31.4
2021-03-19 15:00:00+05:30,499.8,31.71
2021-03-19 16:00:00+05:30,326.56,30.99
2021-03-19 17:00:00+05:30,183.2,29.71
2021-03-19 18:00:00+05:30,51.2,28.97
2021-03-19 19:00:00+05:30,0.0,26.85
2021-03-19 20:00:00+05:30,0.0,25.0
2021-03-19 21:00:00+05:30,0.0,23.65
2021-03-19 22:00:00+05:30,0.0,22.51
2021-03-19 23:00:00+05:30,0.0,21.24
2021-03-20 00:00:00+05:30,0.0,20.4
2021-03-20 01:00:00+05:30,0.0,20.3
2021-03-20 02:00:00+05:30,0.0,19.54
2021-03-20 03:00:00+05:30,0.0,18.98
2021-03-20 04:00:00+05:30,0.0,18.55
2021-03-20 05:00:00+05:30,0.0,17.99
2021-03-20 06:00:00+05:30,0.0,17.67
2021-03-20 07:00:00+05:30,47.58,17.79
2021-03-20 08:00:00+05:30,219.28,19.05
2021-03-20 09:00:00+05:30,396.56,23.83
2021-03-20 10:00:00+05:30,549.63,27.57
2021-03-20 11:00:00+05:30,660.91,29.54
2021-03-20 12:00:00+05:30,720.3,30.65
2021-03-20 13:00:00+05:30,722.21,31.4
2021-03-20 14:00:00+05:30,670.32,32.09
2021-03-20 15:00:00+05:30,559.41,32.48
2021-03-20 16:00:00+05:30,400.64,32.57
2021-03-20 17:00:00+05:30,224.6,32.34
2021-03-20 18:00:00+05:30,64.01,31.64
2021-03-20 19:00:00+05:30,0.0,30.05
2021-03-20 20:00:00+05:30,0.0,27.9
2021-03-20 21:00:00+05:30,0.0,25.32
2021-03-20 22:00:00+05:30,0.0,23.69
2021-03-20 23:00:00+05:30,0.0,22.22
2021-03-21 00:00:00+05:30,0.0,21.58
2021-03-21 01:00:00+05:30,0.0,21.35
2021-03-21 02:00:00+05:30,0.0,21.02
2021-03-21 03:00:00+05:30,0.0,20.72
2021-03-21 04:00:00+05:30,0.0,20.45
2021-03-21 05:00:00+05:30,0.0,20.13
2021-03-21 06:00:00+05:30,0.0,19.82
2021-03-21 07:00:00+05:30,57.9,19.49
2021-03-21 08:00:00+05:30,225.92,20.2
2021-03-21 09:00:00+05:30,404.57,24.6
2021-03-21 10:00:00+05:30,558.4,28.05
2021-03-21 11:00:00+05:30,651.3,30.51
2021-03-21 12:00:00+05:30,646.95,32.09
2021-03-21 13:00:00+05:30,653.08,33.02
2021-03-21 14:00:00+05:30,672.2,33.48
2021-03-21 15:00:00+05:30,560.73,33.86
2021-03-21 16:00:00+05:30,409.69,33.93
2021-03-21 17:00:00+05:30,197.27,33.52
2021-03-21 18:00:00+05:30,66.8,32.14
2021-03-21 19:00:00+05:30,0.0,29.68
2021-03-21 20:00:00+05:30,0.0,27.41
2021-03-21 21:00:00+05:30,0.0,26.13
2021-03-21 22:00:00+05:30,0.0,25.18
2021-03-21 23:00:00+05:30,0.0,24.58
2021-03-22 00:00:00+05:30,0.0,24.1
2021-03-22 01:00:00+05:30,0.0,23.29
2021-03-22 02:00:00+05:30,0.0,21.71
2021-03-22 03:00:00+05:30,0.0,20.01
2021-03-22 04:00:00+05:30,0.0,19.51
2021-03-22 05:00:00+05:30,0.0,19.18
2021-03-22 06:00:00+05:30,0.0,19.19
2021-03-22 07:00:00+05:30,60.78,18.98
2021-03-22 08:00:00+05:30,229.5,19.72
2021-03-22 09:00:00+05:30,406.82,24.29
2021-03-22 10:00:00+05:30,564.49,27.51
2021-03-22 11:00:00+05:30,677.01,30.34
2021-03-22 12:00:00+05:30,732.28,32.54
2021-03-22 13:00:00+05:30,723.42,32.91
2021-03-22 14:00:00+05:30,675.91,33.5
2021-03-22 15:00:00+05:30,547.72,33.8
2021-03-22 16:00:00+05:30,329.7,32.85
2021-03-22 17:00:00+05:30,165.35,31.07
2021-03-22 18:00:00+05:30,58.26,28.88
2021-03-22 19:00:00+05:30,0.0,27.65
2021-03-22 20:00:00+05:30,0.0,25.85
2021-03-22 21:00:00+05:30,0.0,23.69
2021-03-22 22:00:00+05:30,0.0,22.52
2021-03-22 23:00:00+05:30,0.0,21.51
2021-03-23 00:00:00+05:30,0.0,20.79
2021-03-23 01:00:00+05:30,0.0,21.33
2021-03-23 02:00:00+05:30,0.0,20.69
2021-03-23 03:00:00+05:30,0.0,20.11
2021-03-23 04:00:00+05:30,0.0,19.51
2021-03-23 05:00:00+05:30,0.0,18.89
2021-03-23 06:00:00+05:30,0.0,18.22
2021-03-23 07:00:00+05:30,65.56,18.15
2021-03-23 08:00:00+05:30,230.59,19.41
2021-03-23 09:00:00+05:30,395.99,22.8
2021-03-23 10:00:00+05:30,519.6,25.48
2021-03-23 11:00:00+05:30,642.77,27.59
2021-03-23 12:00:00+05:30,733.03,29.9
2021-03-23 13:00:00+05:30,714.52,31.55
2021-03-23 14:00:00+05:30,636.16,32.17
2021-03-23 15:00:00+05:30,567.8,32.22
2021-03-23 16:00:00+05:30,393.9,32.32
2021-03-23 17:00:00+05:30,200.39,31.81
2021-03-23 18:00:00+05:30,62.62,29.88
2021-03-23 19:00:00+05:30,0.0,27.69
2021-03-23 20:00:00+05:30,0.0,25.05
2021-03-23 21:00:00+05:30,0.0,23.07
2021-03-23 22:00:00+05:30,0.0,22.41
2021-03-23 23:00:00+05:30,0.0,21.91
2021-03-24 00:00:00+05:30,0.0,21.31
2021-03-24 01:00:00+05:30,0.0,20.21
2021-03-24 02:00:00+05:30,0.0,19.07
2021-03-24 03:00:00+05:30,0.0,19.32
2021-03-24 04:00:00+05:30,0.0,17.01
2021-03-24 05:00:00+05:30,0.0,16.46
2021-03-24 06:00:00+05:30,0.0,16.0
2021-03-24 07:00:00+05:30,68.27,15.57
2021-03-24 08:00:00+05:30,237.87,17.38
2021-03-24 09:00:00+05:30,424.16,22.09
2021-03-24 10:00:00+05:30,578.53,25.09
2021-03-24 11:00:00+05:30,693.11,27.37
2021-03-24 12:00:00+05:30,749.71,29.28
2021-03-24 13:00:00+05:30,747.08,30.46
2021-03-24 14:00:00+05:30,689.99,31.27
2021-03-24 15:00:00+05:30,567.67,31.61
2021-03-24 16:00:00+05:30,432.44,31.6
2021-03-24 17:00:00+05:30,213.74,31.26
2021-03-24 18:00:00+05:30,77.13,29.81
2021-03-24 19:00:00+05:30,0.0,27.46
2021-03-24 20:00:00+05:30,0.0,25.24
2021-03-24 21:00:00+05:30,0.0,23.86
2021-03-24 22:00:00+05:30,0.0,22.62
2021-03-24 23:00:00+05:30,0.0,21.38
2021-03-25 00:00:00+05:30,0.0,20.33
2021-03-25 01:00:00+05:30,0.0,19.96
2021-03-25 02:00:00+05:30,0.0,19.3
2021-03-25 03:00:00+05:30,0.0,18.85
2021-03-25 04:00:00+05:30,0.0,18.49
2021-03-25 05:00:00+05:30,0.0,17.92
2021-03-25 06:00:00+05:30,0.0,17.21
2021-03-25 07:00:00+05:30,75.57,16.48
2021-03-25 08:00:00+05:30,255.3,17.55
2021-03-25 09:00:00+05:30,439.36,21.5
2021-03-25 10:00:00+05:30,595.92,24.91
2021-03-25 11:00:00+05:30,708.57,27.24
2021-03-25 12:00:00+05:30,767.25,28.78
2021-03-25 13:00:00+05:30,767.23,29.98
2021-03-25 14:00:00+05:30,708.37,30.87
2021-03-25 15:00:00+05:30,595.96,31.43
2021-03-25 16:00:00+05:30,440.63,31.49
2021-03-25 17:00:00+05:30,258.63,31.06
2021-03-25 18:00:00+05:30,80.46,29.92
2021-03-25 19:00:00+05:30,0.0,27.38
2021-03-25 20:00:00+05:30,0.0,24.86
2021-03-25 21:00:00+05:30,0.0,22.92
2021-03-25 22:00:00+05:30,0.0,21.33
2021-03-25 23:00:00+05:30,0.0,20.1
2021-03-26 00:00:00+05:30,0.0,19.11
2021-03-26 01:00:00+05:30,0.0,18.42
2021-03-26 02:00:00+05:30,0.0,17.66
2021-03-26 03:00:00+05:30,0.0,16.88
2021-03-26 04:00:00+05:30,0.0,16.46
2021-03-26 05:00:00+05:30,0.0,16.21
2021-03-26 06:00:00+05:30,0.0,15.91
2021-03-26 07:00:00+05:30,77.12,15.47
2021-03-26 08:00:00+05:30,253.51,16.68
2021-03-26 09:00:00+05:30,433.89,21.89
2021-03-26 10:00:00+05:30,587.36,25.43
2021-03-26 11:00:00+05:30,698.27,27.58
2021-03-26 12:00:00+05:30,757.0,29.14
2021-03-26 13:00:00+05:30,756.38,30.23
2021-03-26 14:00:00+05:30,698.02,31.15
2021-03-26 15:00:00+05:30,587.25,31.79
2021-03-26 16:00:00+05:30,434.22,32.11
2021-03-26 17:00:00+05:30,255.03,32.02
2021-03-26 18:00:00+05:30,80.14,31.22
2021-03-26 19:00:00+05:30,0.0,29.17
2021-03-26 20:00:00+05:30,0.0,27.04
2021-03-26 21:00:00+05:30,0.0,25.17
2021-03-26 22:00:00+05:30,0.0,23.59
2021-03-26 23:00:00+05:30,0.0,22.29
2021-03-27 00:00:00+05:30,0.0,21.28
2021-03-27 01:00:00+05:30,0.0,20.54
2021-03-27 02:00:00+05:30,0.0,19.81
2021-03-27 03:00:00+05:30,0.0,19.1
2021-03-27 04:00:00+05:30,0.0,18.51
2021-03-27 05:00:00+05:30,0.0,18.08
2021-03-27 06:00:00+05:30,0.0,17.73
2021-03-27 07:00:00+05:30,80.26,17.47
2021-03-27 08:00:00+05:30,257.35,18.68
2021-03-27 09:00:00+05:30,438.17,23.79
2021-03-27 10:00:00+05:30,591.72,27.27
2021-03-27 11:00:00+05:30,702.1,29.86
2021-03-27 12:00:00+05:30,759.58,31.82
2021-03-27 13:00:00+05:30,759.56,33.19
2021-03-27 14:00:00+05:30,701.82,34.2
2021-03-27 15:00:00+05:30,591.09,34.88
2021-03-27 16:00:00+05:30,437.85,35.17
2021-03-27 17:00:00+05:30,258.37,35.05
2021-03-27 18:00:00+05:30,82.51,34.09
2021-03-27 19:00:00+05:30,0.0,32.36
2021-03-27 20:00:00+05:30,0.0,29.95
2021-03-27 21:00:00+05:30,0.0,27.4
2021-03-27 22:00:00+05:30,0.0,24.98
2021-03-27 23:00:00+05:30,0.0,24.2
2021-03-28 00:00:00+05:30,0.0,23.52
2021-03-28 01:00:00+05:30,0.0,22.71
2021-03-28 02:00:00+05:30,0.0,21.95
2021-03-28 03:00:00+05:30,0.0,21.19
2021-03-28 04:00:00+05:30,0.0,20.54
2021-03-28 05:00:00+05:30,0.0,20.0
2021-03-28 06:00:00+05:30,0.0,19.53
2021-03-28 07:00:00+05:30,84.61,19.2
2021-03-28 08:00:00+05:30,263.37,20.73
2021-03-28 09:00:00+05:30,444.22,25.34
2021-03-28 10:00:00+05:30,597.45,28.58
2021-03-28 11:00:00+05:30,707.55,30.99
2021-03-28 12:00:00+05:30,765.37,32.72
2021-03-28 13:00:00+05:30,765.37,34.07
2021-03-28 14:00:00+05:30,707.53,35.07
2021-03-28 15:00:00+05:30,596.79,35.74
2021-03-28 16:00:00+05:30,443.38,36.06
2021-03-28 17:00:00+05:30,263.06,36.04
2021-03-28 18:00:00+05:30,85.38,35.26
2021-03-28 19:00:00+05:30,0.0,33.37
2021-03-28 20:00:00+05:30,0.0,30.23
2021-03-28 21:00:00+05:30,0.0,28.01
2021-03-28 22:00:00+05:30,0.0,26.37
2021-03-28 23:00:00+05:30,0.0,24.98
2021-03-29 00:00:00+05:30,0.0,24.21
2021-03-29 01:00:00+05:30,0.0,24.12
2021-03-29 02:00:00+05:30,0.0,23.64
2021-03-29 03:00:00+05:30,0.0,23.4
2021-03-29 04:00:00+05:30,0.0,23.32
2021-03-29 05:00:00+05:30,0.0,23.37
2021-03-29 06:00:00+05:30,0.0,23.33
2021-03-29 07:00:00+05:30,90.98,23.08
2021-03-29 08:00:00+05:30,275.68,24.19
2021-03-29 09:00:00+05:30,461.06,27.41
2021-03-29 10:00:00+05:30,617.65,30.47
2021-03-29 11:00:00+05:30,730.01,33.24
2021-03-29 12:00:00+05:30,786.87,35.45
2021-03-29 13:00:00+05:30,786.92,37.16
2021-03-29 14:00:00+05:30,727.56,38.25
2021-03-29 15:00:00+05:30,614.62,38.84
2021-03-29 16:00:00+05:30,458.4,38.91
2021-03-29 17:00:00+05:30,273.58,38.47
2021-03-29 18:00:00+05:30,90.1,37.13
2021-03-29 19:00:00+05:30,0.0,34.08
2021-03-29 20:00:00+05:30,0.0,31.37
2021-03-29 21:00:00+05:30,0.0,29.91
2021-03-29 22:00:00+05:30,0.0,28.94
2021-03-29 23:00:00+05:30,0.0,28.25
2021-03-30 00:00:00+05:30,0.0,27.67
2021-03-30 01:00:00+05:30,0.0,27.51
2021-03-30 02:00:00+05:30,0.0,27.02
2021-03-30 03:00:00+05:30,0.0,26.63
2021-03-30 04:00:00+05:30,0.0,26.44
2021-03-30 05:00:00+05:30,0.0,26.34
2021-03-30 06:00:00+05:30,0.0,26.17
2021-03-30 07:00:00+05:30,92.33,25.88
2021-03-30 08:00:00+05:30,275.15,26.55
2021-03-30 09:00:00+05:30,459.47,28.48
2021-03-30 10:00:00+05:30,615.07,30.84
2021-03-30 11:00:00+05:30,725.95,33.12
2021-03-30 12:00:00+05:30,782.49,34.88
2021-03-30 13:00:00+05:30,783.98,36.19
2021-03-30 14:00:00+05:30,730.79,36.85
2021-03-30 15:00:00+05:30,625.59,37.15
2021-03-30 16:00:00+05:30,472.93,36.91
2021-03-30 17:00:00+05:30,286.8,36.1
2021-03-30 18:00:00+05:30,97.49,34.85
2021-03-30 19:00:00+05:30,0.0,32.72
2021-03-30 20:00:00+05:30,0.0,30.48
2021-03-30 21:00:00+05:30,0.0,28.72
2021-03-30 22:00:00+05:30,0.0,27.36
2021-03-30 23:00:00+05:30,0.0,26.25
2021-03-31 00:00:00+05:30,0.0,25.34
2021-03-31 01:00:00+05:30,0.0,25.22
2021-03-31 02:00:00+05:30,0.0,24.39
2021-03-31 03:00:00+05:30,0.0,23.39
2021-03-31 04:00:00+05:30,0.0,22.3
2021-03-31 05:00:00+05:30,0.0,21.15
2021-03-31 06:00:00+05:30,0.0,19.87
2021-03-31 07:00:00+05:30,101.47,18.62
2021-03-31 08:00:00+05:30,290.73,19.78
2021-03-31 09:00:00+05:30,477.31,24.56
2021-03-31 10:00:00+05:30,633.82,28.16
2021-03-31 11:00:00+05:30,745.6,30.61
2021-03-31 12:00:00+05:30,803.8,32.42
2021-03-31 13:00:00+05:30,802.03,34.07
2021-03-31 14:00:00+05:30,741.22,35.07
2021-03-31 15:00:00+05:30,626.87,35.65
2021-03-31 16:00:00+05:30,469.23,35.76
2021-03-31 17:00:00+05:30,283.03,35.36
2021-03-31 18:00:00+05:30,96.49,34.33
2021-03-31 19:00:00+05:30,0.0,31.67
2021-03-31 20:00:00+05:30,0.0,28.91
2021-03-31 21:00:00+05:30,0.0,27.14
2021-03-31 22:00:00+05:30,0.0,25.81
2021-03-31 23:00:00+05:30,0.0,24.72
2021-04-01 00:00:00+05:30,0.0,23.76
2021-04-01 01:00:00+05:30,0.0,23.56
2021-04-01 02:00:00+05:30,0.0,22.8
2021-04-01 03:00:00+05:30,0.0,22.02
2021-04-01 04:00:00+05:30,0.0,21.15
2021-04-01 05:00:00+05:30,0.0,20.03
2021-04-01 06:00:00+05:30,0.0,18.78
2021-04-01 07:00:00+05:30,108.57,17.86
2021-04-01 08:00:00+05:30,302.46,19.66
2021-04-01 09:00:00+05:30,492.07,24.79
2021-04-01 10:00:00+05:30,650.55,28.59
2021-04-01 11:00:00+05:30,762.74,31.13
2021-04-01 12:00:00+05:30,822.3,32.71
2021-04-01 13:00:00+05:30,819.0,34.14
2021-04-01 14:00:00+05:30,756.61,35.04
2021-04-01 15:00:00+05:30,640.53,35.43
2021-04-01 16:00:00+05:30,480.37,35.42
2021-04-01 17:00:00+05:30,291.16,35.02
2021-04-01 18:00:00+05:30,100.61,34.09
2021-04-01 19:00:00+05:30,0.0,31.53
2021-04-01 20:00:00+05:30,0.0,29.03
2021-04-01 21:00:00+05:30,0.0,26.77
2021-04-01 22:00:00+05:30,0.0,24.89
2021-04-01 23:00:00+05:30,0.0,23.97
2021-04-02 00:00:00+05:30,0.0,23.55
2021-04-02 01:00:00+05:30,0.0,23.16
2021-04-02 02:00:00+05:30,0.0,22.23
2021-04-02 03:00:00+05:30,0.0,21.05
2021-04-02 04:00:00+05:30,0.0,19.67
2021-04-02 05:00:00+05:30,0.0,18.32
2021-04-02 06:00:00+05:30,0.0,17.08
2021-04-02 07:00:00+05:30,110.75,16.15
2021-04-02 08:00:00+05:30,304.53,17.89
2021-04-02 09:00:00+05:30,493.86,24.32
2021-04-02 10:00:00+05:30,651.91,28.18
2021-04-02 11:00:00+05:30,763.95,30.55
2021-04-02 12:00:00+05:30,819.22,32.14
2021-04-02 13:00:00+05:30,815.73,32.96
2021-04-02 14:00:00+05:30,753.18,33.61
2021-04-02 15:00:00+05:30,637.02,33.94
2021-04-02 16:00:00+05:30,477.39,34.01
2021-04-02 17:00:00+05:30,289.58,33.75
2021-04-02 18:00:00+05:30,100.97,33.06
2021-04-02 19:00:00+05:30,0.0,31.43
2021-04-02 20:00:00+05:30,0.0,28.81
2021-04-02 21:00:00+05:30,0.0,25.68
2021-04-02 22:00:00+05:30,0.0,23.95
2021-04-02 23:00:00+05:30,0.0,22.31
2021-04-03 00:00:00+05:30,0.0,21.91
2021-04-03 01:00:00+05:30,0.0,22.34
2021-04-03 02:00:00+05:30,0.0,21.83
2021-04-03 03:00:00+05:30,0.0,21.12
2021-04-03 04:00:00+05:30,0.0,20.44
2021-04-03 05:00:00+05:30,0.0,19.75
2021-04-03 06:00:00+05:30,0.0,19.1
2021-04-03 07:00:00+05:30,112.91,18.65
2021-04-03 08:00:00+05:30,304.8,20.3
2021-04-03 09:00:00+05:30,491.65,24.13
2021-04-03 10:00:00+05:30,647.6,27.41
2021-04-03 11:00:00+05:30,758.22,29.92
2021-04-03 12:00:00+05:30,814.42,31.64
2021-04-03 13:00:00+05:30,811.51,32.7
2021-04-03 14:00:00+05:30,749.96,33.45
2021-04-03 15:00:00+05:30,634.75,33.83
2021-04-03 16:00:00+05:30,476.02,33.89
2021-04-03 17:00:00+05:30,289.41,33.57
2021-04-03 18:00:00+05:30,101.86,32.88
2021-04-03 19:00:00+05:30,0.0,31.09
2021-04-03 20:00:00+05:30,0.0,28.6
2021-04-03 21:00:00+05:30,0.0,26.28
2021-04-03 22:00:00+05:30,0.0,24.89
2021-04-03 23:00:00+05:30,0.0,23.91
2021-04-04 00:00:00+05:30,0.0,23.05
2021-04-04 01:00:00+05:30,0.0,22.37
2021-04-04 02:00:00+05:30,0.0,21.56
2021-04-04 03:00:00+05:30,0.0,20.83
2021-04-04 04:00:00+05:30,0.0,20.14
2021-04-04 05:00:00+05:30,0.0,19.51
2021-04-04 06:00:00+05:30,0.0,18.93
2021-04-04 07:00:00+05:30,116.35,18.41
2021-04-04 08:00:00+05:30,308.36,19.77
2021-04-04 09:00:00+05:30,494.69,25.14
2021-04-04 10:00:00+05:30,649.97,28.5
2021-04-04 11:00:00+05:30,759.77,31.11
2021-04-04 12:00:00+05:30,815.28,33.05
2021-04-04 13:00:00+05:30,811.62,34.62
2021-04-04 14:00:00+05:30,749.59,35.66
2021-04-04 15:00:00+05:30,634.62,36.22
2021-04-04 16:00:00+05:30,476.54,36.42
2021-04-04 17:00:00+05:30,290.32,36.25
2021-04-04 18:00:00+05:30,103.04,35.51
2021-04-04 19:00:00+05:30,0.0,33.71
2021-04-04 20:00:00+05:30,0.0,30.53
2021-04-04 21:00:00+05:30,0.0,28.46
2021-04-04 22:00:00+05:30,0.0,27.2
2021-04-04 23:00:00+05:30,0.0,26.19
2021-04-05 00:00:00+05:30,0.0,25.29
2021-04-05 01:00:00+05:30,0.0,24.37
2021-04-05 02:00:00+05:30,0.0,22.95
2021-04-05 03:00:00+05:30,0.0,21.76
2021-04-05 04:00:00+05:30,0.0,21.08
2021-04-05 05:00:00+05:30,0.0,20.44
2021-04-05 06:00:00+05:30,0.0,20.89
2021-04-05 07:00:00+05:30,116.1,21.96
2021-04-05 08:00:00+05:30,303.67,23.66
2021-04-05 09:00:00+05:30,485.99,27.46
2021-04-05 10:00:00+05:30,638.19,31.01
2021-04-05 11:00:00+05:30,743.82,33.95
2021-04-05 12:00:00+05:30,796.18,36.45
2021-04-05 13:00:00+05:30,756.94,38.39
2021-04-05 14:00:00+05:30,709.58,39.03
2021-04-05 15:00:00+05:30,561.52,39.44
2021-04-05 16:00:00+05:30,444.55,39.23
2021-04-05 17:00:00+05:30,272.16,38.98
2021-04-05 18:00:00+05:30,100.76,37.92
2021-04-05 19:00:00+05:30,0.0,35.17
2021-04-05 20:00:00+05:30,0.0,32.31
2021-04-05 21:00:00+05:30,0.0,30.86
2021-04-05 22:00:00+05:30,0.0,29.96
2021-04-05 23:00:00+05:30,0.0,29.35
2021-04-06 00:00:00+05:30,0.0,28.69
2021-04-06 01:00:00+05:30,0.0,28.23
2021-04-06 02:00:00+05:30,0.0,27.41
2021-04-06 03:00:00+05:30,0.0,26.7
2021-04-06 04:00:00+05:30,0.0,26.18
2021-04-06 05:00:00+05:30,0.0,25.62
2021-04-06 06:00:00+05:30,0.0,25.03
2021-04-06 07:00:00+05:30,118.93,24.44
2021-04-06 08:00:00+05:30,307.55,25.87
2021-04-06 09:00:00+05:30,488.9,29.15
2021-04-06 10:00:00+05:30,642.0,32.4
2021-04-06 11:00:00+05:30,750.09,35.31
2021-04-06 12:00:00+05:30,801.28,37.14
2021-04-06 13:00:00+05:30,798.43,38.13
2021-04-06 14:00:00+05:30,742.3,38.9
2021-04-06 15:00:00+05:30,635.7,39.3
2021-04-06 16:00:00+05:30,483.01,39.31
2021-04-06 17:00:00+05:30,293.68,38.84
2021-04-06 18:00:00+05:30,105.06,37.71
2021-04-06 19:00:00+05:30,0.0,35.14
2021-04-06 20:00:00+05:30,0.0,32.42
2021-04-06 21:00:00+05:30,0.0,30.81
2021-04-06 22:00:00+05:30,0.0,29.8
2021-04-06 23:00:00+05:30,0.0,29.21
2021-04-07 00:00:00+05:30,0.0,28.71
2021-04-07 01:00:00+05:30,0.0,28.5
2021-04-07 02:00:00+05:30,0.0,28.01
2021-04-07 03:00:00+05:30,0.0,26.81
2021-04-07 04:00:00+05:30,0.0,25.0
2021-04-07 05:00:00+05:30,0.0,23.28
2021-04-07 06:00:00+05:30,0.0,22.06
2021-04-07 07:00:00+05:30,125.01,21.21
2021-04-07 08:00:00+05:30,315.33,22.65
2021-04-07 09:00:00+05:30,498.98,26.49
2021-04-07 10:00:00+05:30,651.17,30.65
2021-04-07 11:00:00+05:30,758.5,33.46
2021-04-07 12:00:00+05:30,810.2,34.8
2021-04-07 13:00:00+05:30,806.88,34.69
2021-04-07 14:00:00+05:30,723.99,35.48
2021-04-07 15:00:00+05:30,614.45,36.05
2021-04-07 16:00:00+05:30,438.99,36.28
2021-04-07 17:00:00+05:30,256.6,35.7
2021-04-07 18:00:00+05:30,102.14,34.13
2021-04-07 19:00:00+05:30,0.0,32.44
2021-04-07 20:00:00+05:30,0.0,29.93
2021-04-07 21:00:00+05:30,0.0,28.28
2021-04-07 22:00:00+05:30,0.0,27.2
2021-04-07 23:00:00+05:30,0.0,26.17
2021-04-08 00:00:00+05:30,0.0,25.23
2021-04-08 01:00:00+05:30,0.0,24.88
2021-04-08 02:00:00+05:30,0.0,24.27
2021-04-08 03:00:00+05:30,0.0,23.61
2021-04-08 04:00:00+05:30,0.0,22.85
2021-04-08 05:00:00+05:30,0.0,22.15
2021-04-08 06:00:00+05:30,0.0,21.53
2021-04-08 07:00:00+05:30,126.41,21.1
2021-04-08 08:00:00+05:30,320.28,22.66
2021-04-08 09:00:00+05:30,504.71,26.08
2021-04-08 10:00:00+05:30,658.21,29.3
2021-04-08 11:00:00+05:30,766.77,31.28
2021-04-08 12:00:00+05:30,819.96,32.64
2021-04-08 13:00:00+05:30,816.26,33.47
2021-04-08 14:00:00+05:30,754.97,34.43
2021-04-08 15:00:00+05:30,641.33,34.85
2021-04-08 16:00:00+05:30,482.67,34.8
2021-04-08 17:00:00+05:30,300.51,34.36
2021-04-08 18:00:00+05:30,111.08,33.61
2021-04-08 19:00:00+05:30,0.0,31.74
2021-04-08 20:00:00+05:30,0.0,29.15
2021-04-08 21:00:00+05:30,0.0,27.48
2021-04-08 22:00:00+05:30,0.0,26.29
2021-04-08 23:00:00+05:30,0.0,25.17
2021-04-09 00:00:00+05:30,0.0,24.16
2021-04-09 01:00:00+05:30,0.0,23.78
2021-04-09 02:00:00+05:30,0.0,23.19
2021-04-09 03:00:00+05:30,0.0,22.69
2021-04-09 04:00:00+05:30,0.0,22.31
2021-04-09 05:00:00+05:30,0.0,21.91
2021-04-09 06:00:00+05:30,0.0,21.33
2021-04-09 07:00:00+05:30,131.8,20.6
2021-04-09 08:00:00+05:30,321.28,21.95
2021-04-09 09:00:00+05:30,499.51,25.97
2021-04-09 10:00:00+05:30,667.84,29.09
2021-04-09 11:00:00+05:30,779.6,31.51
2021-04-09 12:00:00+05:30,834.19,32.99
2021-04-09 13:00:00+05:30,828.63,33.97
2021-04-09 14:00:00+05:30,768.88,34.62
2021-04-09 15:00:00+05:30,652.82,34.92
2021-04-09 16:00:00+05:30,494.26,34.91
2021-04-09 17:00:00+05:30,306.43,34.59
2021-04-09 18:00:00+05:30,115.01,33.99
2021-04-09 19:00:00+05:30,0.0,32.64
2021-04-09 20:00:00+05:30,0.0,30.16
2021-04-09 21:00:00+05:30,0.0,27.5
2021-04-09 22:00:00+05:30,0.0,25.44
2021-04-09 23:00:00+05:30,0.0,24.76
2021-04-10 00:00:00+05:30,0.0,24.43
2021-04-10 01:00:00+05:30,0.0,24.23
2021-04-10 02:00:00+05:30,0.0,23.96
2021-04-10 03:00:00+05:30,0.0,23.59
2021-04-10 04:00:00+05:30,0.0,22.99
2021-04-10 05:00:00+05:30,0.0,22.21
2021-04-10 06:00:00+05:30,0.0,21.36
2021-04-10 07:00:00+05:30,140.37,20.66
2021-04-10 08:00:00+05:30,337.15,22.52
2021-04-10 09:00:00+05:30,523.02,26.82
2021-04-10 10:00:00+05:30,676.82,30.09
2021-04-10 11:00:00+05:30,785.09,32.57
2021-04-10 12:00:00+05:30,839.64,34.02
2021-04-10 13:00:00+05:30,834.83,35.05
2021-04-10 14:00:00+05:30,771.89,35.54
2021-04-10 15:00:00+05:30,656.22,35.72
2021-04-10 16:00:00+05:30,496.84,35.65
2021-04-10 17:00:00+05:30,309.26,35.33
2021-04-10 18:00:00+05:30,117.32,34.75
2021-04-10 19:00:00+05:30,0.0,33.41
2021-04-10 20:00:00+05:30,0.0,30.94
2021-04-10 21:00:00+05:30,0.0,28.11
2021-04-10 22:00:00+05:30,0.0,25.96
2021-04-10 23:00:00+05:30,0.0,25.42
2021-04-11 00:00:00+05:30,0.0,25.05
2021-04-11 01:00:00+05:30,0.0,24.74
2021-04-11 02:00:00+05:30,0.0,24.31
2021-04-11 03:00:00+05:30,0.0,23.67
2021-04-11 04:00:00+05:30,0.0,22.88
2021-04-11 05:00:00+05:30,0.0,22.05
2021-04-11 06:00:00+05:30,0.0,21.13
2021-04-11 07:00:00+05:30,142.36,20.3
2021-04-11 08:00:00+05:30,338.23,22.3
2021-04-11 09:00:00+05:30,520.5,27.66
2021-04-11 10:00:00+05:30,675.4,31.1
2021-04-11 11:00:00+05:30,786.06,33.39
2021-04-11 12:00:00+05:30,840.32,34.77
2021-04-11 13:00:00+05:30,835.63,35.6
2021-04-11 14:00:00+05:30,773.46,36.07
2021-04-11 15:00:00+05:30,657.72,36.3
2021-04-11 16:00:00+05:30,498.34,36.24
2021-04-11 17:00:00+05:30,299.6,35.99
2021-04-11 18:00:00+05:30,118.52,35.3
2021-04-11 19:00:00+05:30,0.0,33.92
2021-04-11 20:00:00+05:30,0.0,31.5
2021-04-11 21:00:00+05:30,0.0,30.41
2021-04-11 22:00:00+05:30,0.0,26.72
2021-04-11 23:00:00+05:30,0.0,24.94
2021-04-12 00:00:00+05:30,0.0,23.85
2021-04-12 01:00:00+05:30,0.0,23.56
2021-04-12 02:00:00+05:30,0.0,23.02
2021-04-12 03:00:00+05:30,0.0,22.14
2021-04-12 04:00:00+05:30,0.0,22.55
2021-04-12 05:00:00+05:30,0.0,24.19
2021-04-12 06:00:00+05:30,0.0,24.05
2021-04-12 07:00:00+05:30,147.85,23.96
2021-04-12 08:00:00+05:30,344.63,24.88
2021-04-12 09:00:00+05:30,530.21,28.3
2021-04-12 10:00:00+05:30,683.15,31.73
2021-04-12 11:00:00+05:30,790.44,34.37
2021-04-12 12:00:00+05:30,843.9,36.05
2021-04-12 13:00:00+05:30,844.76,37.23
2021-04-12 14:00:00+05:30,774.03,37.57
2021-04-12 15:00:00+05:30,662.8,37.74
2021-04-12 16:00:00+05:30,502.65,37.7
2021-04-12 17:00:00+05:30,305.48,37.35
2021-04-12 18:00:00+05:30,117.26,36.55
2021-04-12 19:00:00+05:30,0.0,34.23
2021-04-12 20:00:00+05:30,0.0,31.66
2021-04-12 21:00:00+05:30,0.0,30.0
2021-04-12 22:00:00+05:30,0.0,27.78
2021-04-12 23:00:00+05:30,0.0,26.49
2021-04-13 00:00:00+05:30,0.0,23.99
2021-04-13 01:00:00+05:30,0.0,24.04
2021-04-13 02:00:00+05:30,0.0,22.01
2021-04-13 03:00:00+05:30,0.0,20.93
2021-04-13 04:00:00+05:30,0.0,19.88
2021-04-13 05:00:00+05:30,0.0,19.26
2021-04-13 06:00:00+05:30,0.0,18.84
2021-04-13 07:00:00+05:30,152.58,18.65
2021-04-13 08:00:00+05:30,350.83,21.59
2021-04-13 09:00:00+05:30,537.12,28.28
2021-04-13 10:00:00+05:30,690.48,32.22
2021-04-13 11:00:00+05:30,797.79,34.64
2021-04-13 12:00:00+05:30,837.0,36.45
2021-04-13 13:00:00+05:30,776.87,37.96
2021-04-13 14:00:00+05:30,780.12,38.32
2021-04-13 15:00:00+05:30,631.18,38.61
2021-04-13 16:00:00+05:30,494.61,38.35
2021-04-13 17:00:00+05:30,316.76,37.95
2021-04-13 18:00:00+05:30,122.69,37.03
2021-04-13 19:00:00+05:30,0.0,35.44
2021-04-13 20:00:00+05:30,0.0,32.51
2021-04-13 21:00:00+05:30,0.0,29.61
2021-04-13 22:00:00+05:30,0.0,27.23
2021-04-13 23:00:00+05:30,0.0,25.98
2021-04-14 00:00:00+05:30,0.0,25.64
2021-04-14 01:00:00+05:30,0.0,25.22
2021-04-14 02:00:00+05:30,0.0,24.09
2021-04-14 03:00:00+05:30,0.0,23.84
2021-04-14 04:00:00+05:30,0.0,21.65
2021-04-14 05:00:00+05:30,0.0,20.81
2021-04-14 06:00:00+05:30,0.0,20.5
2021-04-14 07:00:00+05:30,129.21,20.53
2021-04-14 08:00:00+05:30,298.31,23.51
2021-04-14 09:00:00+05:30,469.24,28.83
2021-04-14 10:00:00+05:30,593.14,32.34
2021-04-14 11:00:00+05:30,636.76,34.12
2021-04-14 12:00:00+05:30,778.7,35.02
2021-04-14 13:00:00+05:30,772.22,36.31
2021-04-14 14:00:00+05:30,577.21,36.65
2021-04-14 15:00:00+05:30,490.58,35.87
2021-04-14 16:00:00+05:30,431.33,35.57
2021-04-14 17:00:00+05:30,299.86,35.44
2021-04-14 18:00:00+05:30,122.17,34.59
2021-04-14 19:00:00+05:30,0.0,32.3
2021-04-14 20:00:00+05:30,0.0,29.6
2021-04-14 21:00:00+05:30,0.0,27.8
2021-04-14 22:00:00+05:30,0.0,26.5
2021-04-14 23:00:00+05:30,0.0,25.68
2021-04-15 00:00:00+05:30,0.0,24.98
2021-04-15 01:00:00+05:30,0.0,25.11
2021-04-15 02:00:00+05:30,0.0,23.31
2021-04-15 03:00:00+05:30,0.0,22.7
2021-04-15 04:00:00+05:30,0.0,22.48
2021-04-15 05:00:00+05:30,0.0,22.31
2021-04-15 06:00:00+05:30,0.0,22.02
2021-04-15 07:00:00+05:30,156.83,21.69
2021-04-15 08:00:00+05:30,352.81,24.1
2021-04-15 09:00:00+05:30,536.83,28.42
2021-04-15 10:00:00+05:30,688.73,31.71
2021-04-15 11:00:00+05:30,794.75,34.26
2021-04-15 12:00:00+05:30,845.32,35.87
2021-04-15 13:00:00+05:30,818.24,36.81
2021-04-15 14:00:00+05:30,759.14,37.18
2021-04-15 15:00:00+05:30,634.69,37.24
2021-04-15 16:00:00+05:30,457.44,37.1
2021-04-15 17:00:00+05:30,319.36,36.58
2021-04-15 18:00:00+05:30,121.86,35.97
2021-04-15 19:00:00+05:30,0.0,34.13
2021-04-15 20:00:00+05:30,0.0,31.68
2021-04-15 21:00:00+05:30,0.0,29.39
2021-04-15 22:00:00+05:30,0.0,27.55
2021-04-15 23:00:00+05:30,0.0,26.32
2021-04-16 00:00:00+05:30,0.0,25.84
2021-04-16 01:00:00+05:30,0.0,26.07
2021-04-16 02:00:00+05:30,0.0,25.65
2021-04-16 03:00:00+05:30,0.0,25.06
2021-04-16 04:00:00+05:30,0.0,24.35
2021-04-16 05:00:00+05:30,0.0,23.43
2021-04-16 06:00:00+05:30,0.0,22.56
2021-04-16 07:00:00+05:30,157.53,21.86
2021-04-16 08:00:00+05:30,352.59,24.07
2021-04-16 09:00:00+05:30,533.52,28.24
2021-04-16 10:00:00+05:30,681.29,31.08
2021-04-16 11:00:00+05:30,768.08,33.41
2021-04-16 12:00:00+05:30,799.74,34.97
2021-04-16 13:00:00+05:30,715.67,35.66
2021-04-16 14:00:00+05:30,619.33,35.65
2021-04-16 15:00:00+05:30,523.75,36.07
2021-04-16 16:00:00+05:30,331.06,36.2
2021-04-16 17:00:00+05:30,125.66,31.7
2021-04-16 18:00:00+05:30,71.97,30.97
2021-04-16 19:00:00+05:30,0.0,29.81
2021-04-16 20:00:00+05:30,0.0,26.9
2021-04-16 21:00:00+05:30,0.0,25.95
2021-04-16 22:00:00+05:30,0.0,25.05
2021-04-16 23:00:00+05:30,0.0,24.38
2021-04-17 00:00:00+05:30,0.0,23.93
2021-04-17 01:00:00+05:30,0.0,22.62
2021-04-17 02:00:00+05:30,0.0,22.07
2021-04-17 03:00:00+05:30,0.0,21.74
2021-04-17 04:00:00+05:30,0.0,21.46
2021-04-17 05:00:00+05:30,0.0,20.83
2021-04-17 06:00:00+05:30,0.0,20.27
2021-04-17 07:00:00+05:30,158.89,19.94
2021-04-17 08:00:00+05:30,353.34,22.74
2021-04-17 09:00:00+05:30,533.78,26.66
2021-04-17 10:00:00+05:30,683.58,29.11
2021-04-17 11:00:00+05:30,789.34,30.7
2021-04-17 12:00:00+05:30,770.88,32.09
2021-04-17 13:00:00+05:30,798.77,33.22
2021-04-17 14:00:00+05:30,751.14,33.9
2021-04-17 15:00:00+05:30,626.78,34.09
2021-04-17 16:00:00+05:30,470.92,34.0
2021-04-17 17:00:00+05:30,278.73,33.6
2021-04-17 18:00:00+05:30,111.06,32.75
2021-04-17 19:00:00+05:30,0.0,31.09
2021-04-17 20:00:00+05:30,0.0,28.83
2021-04-17 21:00:00+05:30,0.0,27.68
2021-04-17 22:00:00+05:30,0.0,26.28
2021-04-17 23:00:00+05:30,0.0,25.03
2021-04-18 00:00:00+05:30,0.0,24.38
2021-04-18 01:00:00+05:30,0.0,24.53
2021-04-18 02:00:00+05:30,0.0,24.07
2021-04-18 03:00:00+05:30,0.0,23.55
2021-04-18 04:00:00+05:30,0.0,22.95
2021-04-18 05:00:00+05:30,0.0,22.21
2021-04-18 06:00:00+05:30,0.0,21.43
2021-04-18 07:00:00+05:30,166.43,20.74
2021-04-18 08:00:00+05:30,362.6,23.2
2021-04-18 09:00:00+05:30,544.8,27.12
2021-04-18 10:00:00+05:30,694.56,29.83
2021-04-18 11:00:00+05:30,799.29,31.72
2021-04-18 12:00:00+05:30,797.11,33.03
2021-04-18 13:00:00+05:30,821.77,34.03
2021-04-18 14:00:00+05:30,781.08,34.95
2021-04-18 15:00:00+05:30,661.0,35.47
2021-04-18 16:00:00+05:30,497.54,35.56
2021-04-18 17:00:00+05:30,318.92,35.22
2021-04-18 18:00:00+05:30,129.31,34.54
2021-04-18 19:00:00+05:30,0.0,32.8
2021-04-18 20:00:00+05:30,0.0,30.77
2021-04-18 21:00:00+05:30,0.0,28.56
2021-04-18 22:00:00+05:30,0.0,26.4
2021-04-18 23:00:00+05:30,0.0,24.87
2021-04-19 00:00:00+05:30,0.0,23.87
2021-04-19 01:00:00+05:30,0.0,23.04
2021-04-19 02:00:00+05:30,0.0,22.78
2021-04-19 03:00:00+05:30,0.0,22.44
2021-04-19 04:00:00+05:30,0.0,21.93
2021-04-19 05:00:00+05:30,0.0,21.3
2021-04-19 06:00:00+05:30,0.0,20.62
2021-04-19 07:00:00+05:30,170.7,20.32
2021-04-19 08:00:00+05:30,366.93,23.44
2021-04-19 09:00:00+05:30,550.04,28.16
2021-04-19 10:00:00+05:30,700.65,30.99
2021-04-19 11:00:00+05:30,804.91,33.13
2021-04-19 12:00:00+05:30,816.32,34.93
2021-04-19 13:00:00+05:30,809.51,36.76
2021-04-19 14:00:00+05:30,777.65,37.54
2021-04-19 15:00:00+05:30,639.13,37.75
2021-04-19 16:00:00+05:30,464.23,37.51
2021-04-19 17:00:00+05:30,276.93,37.0
2021-04-19 18:00:00+05:30,116.28,35.98
2021-04-19 19:00:00+05:30,0.0,33.82
2021-04-19 20:00:00+05:30,0.0,30.6
2021-04-19 21:00:00+05:30,0.0,28.79
2021-04-19 22:00:00+05:30,0.0,27.64
2021-04-19 23:00:00+05:30,0.0,26.75
2021-04-20 00:00:00+05:30,0.0,25.93
2021-04-20 01:00:00+05:30,0.0,25.59
2021-04-20 02:00:00+05:30,0.0,25.03
2021-04-20 03:00:00+05:30,0.0,24.23
2021-04-20 04:00:00+05:30,0.0,24.61
2021-04-20 05:00:00+05:30,0.0,24.22
2021-04-20 06:00:00+05:30,0.0,22.02
2021-04-20 07:00:00+05:30,111.55,21.3
2021-04-20 08:00:00+05:30,273.93,23.6
2021-04-20 09:00:00+05:30,461.75,27.78
2021-04-20 10:00:00+05:30,598.57,30.86
2021-04-20 11:00:00+05:30,688.28,32.65
2021-04-20 12:00:00+05:30,808.54,33.9
2021-04-20 13:00:00+05:30,790.47,35.28
2021-04-20 14:00:00+05:30,634.18,35.97
2021-04-20 15:00:00+05:30,325.21,35.2
2021-04-20 16:00:00+05:30,149.03,33.84
2021-04-20 17:00:00+05:30,203.84,33.62
2021-04-20 18:00:00+05:30,98.55,33.46
2021-04-20 19:00:00+05:30,0.0,31.51
2021-04-20 20:00:00+05:30,0.0,29.53
2021-04-20 21:00:00+05:30,0.0,27.34
2021-04-20 22:00:00+05:30,0.0,25.98
2021-04-20 23:00:00+05:30,0.0,24.85
2021-04-21 00:00:00+05:30,0.0,23.61
2021-04-21 01:00:00+05:30,0.0,22.77
2021-04-21 02:00:00+05:30,0.0,21.67
2021-04-21 03:00:00+05:30,0.0,20.73
2021-04-21 04:00:00+05:30,0.0,19.83
2021-04-21 05:00:00+05:30,0.0,19.19
2021-04-21 06:00:00+05:30,0.0,19.07
2021-04-21 07:00:00+05:30,175.46,19.5
2021-04-21 08:00:00+05:30,370.62,21.85
2021-04-21 09:00:00+05:30,551.33,24.32
2021-04-21 10:00:00+05:30,700.26,26.48
2021-04-21 11:00:00+05:30,804.09,28.18
2021-04-21 12:00:00+05:30,855.95,29.69
2021-04-21 13:00:00+05:30,837.07,31.2
2021-04-21 14:00:00+05:30,702.54,32.17
2021-04-21 15:00:00+05:30,577.63,32.49
2021-04-21 16:00:00+05:30,492.0,31.61
2021-04-21 17:00:00+05:30,261.57,32.04
2021-04-21 18:00:00+05:30,82.22,30.96
2021-04-21 19:00:00+05:30,0.0,29.09
2021-04-21 20:00:00+05:30,0.0,27.16
2021-04-21 21:00:00+05:30,0.0,25.66
2021-04-21 22:00:00+05:30,0.0,24.42
2021-04-21 23:00:00+05:30,0.0,23.28
2021-04-22 00:00:00+05:30,0.0,22.39
2021-04-22 01:00:00+05:30,0.0,21.8
2021-04-22 02:00:00+05:30,0.0,21.04
2021-04-22 03:00:00+05:30,0.0,20.28
2021-04-22 04:00:00+05:30,0.0,19.56
2021-04-22 05:00:00+05:30,0.0,18.83
2021-04-22 06:00:00+05:30,0.0,18.07
2021-04-22 07:00:00+05:30,184.32,17.59
2021-04-22 08:00:00+05:30,383.06,20.83
2021-04-22 09:00:00+05:30,565.86,24.95
2021-04-22 10:00:00+05:30,715.22,27.47
2021-04-22 11:00:00+05:30,818.25,29.2
2021-04-22 12:00:00+05:30,867.73,30.67
2021-04-22 13:00:00+05:30,860.32,31.65
2021-04-22 14:00:00+05:30,796.46,32.58
2021-04-22 15:00:00+05:30,680.83,33.18
2021-04-22 16:00:00+05:30,522.58,33.41
2021-04-22 17:00:00+05:30,335.09,33.28
2021-04-22 18:00:00+05:30,140.09,32.82
2021-04-22 19:00:00+05:30,0.0,31.13
2021-04-22 20:00:00+05:30,0.0,28.48
2021-04-22 21:00:00+05:30,0.0,27.14
2021-04-22 22:00:00+05:30,0.0,26.03
2021-04-22 23:00:00+05:30,0.0,25.09
2021-04-23 00:00:00+05:30,0.0,24.21
2021-04-23 01:00:00+05:30,0.0,24.13
2021-04-23 02:00:00+05:30,0.0,23.37
2021-04-23 03:00:00+05:30,0.0,22.65
2021-04-23 04:00:00+05:30,0.0,22.0
2021-04-23 05:00:00+05:30,0.0,21.5
2021-04-23 06:00:00+05:30,9.84,21.15
2021-04-23 07:00:00+05:30,181.69,21.11
2021-04-23 08:00:00+05:30,352.68,23.35
2021-04-23 09:00:00+05:30,517.22,26.45
2021-04-23 10:00:00+05:30,639.22,29.21
2021-04-23 11:00:00+05:30,736.75,31.25
2021-04-23 12:00:00+05:30,846.05,32.84
2021-04-23 13:00:00+05:30,805.98,35.32
2021-04-23 14:00:00+05:30,787.1,36.33
2021-04-23 15:00:00+05:30,664.96,37.1
2021-04-23 16:00:00+05:30,478.83,37.27
2021-04-23 17:00:00+05:30,306.26,37.01
2021-04-23 18:00:00+05:30,117.45,36.19
2021-04-23 19:00:00+05:30,0.0,33.99
2021-04-23 20:00:00+05:30,0.0,31.72
2021-04-23 21:00:00+05:30,0.0,29.87
2021-04-23 22:00:00+05:30,0.0,28.47
2021-04-23 23:00:00+05:30,0.0,26.78
2021-04-24 00:00:00+05:30,0.0,24.67
2021-04-24 01:00:00+05:30,0.0,24.63
2021-04-24 02:00:00+05:30,0.0,23.47
2021-04-24 03:00:00+05:30,0.0,22.37
2021-04-24 04:00:00+05:30,0.0,21.44
2021-04-24 05:00:00+05:30,0.0,20.62
2021-04-24 06:00:00+05:30,10.46,19.83
2021-04-24 07:00:00+05:30,192.69,19.42
2021-04-24 08:00:00+05:30,396.58,21.16
2021-04-24 09:00:00+05:30,585.91,24.13
2021-04-24 10:00:00+05:30,740.79,26.99
2021-04-24 11:00:00+05:30,848.32,29.0
2021-04-24 12:00:00+05:30,906.05,30.59
2021-04-24 13:00:00+05:30,897.19,32.22
2021-04-24 14:00:00+05:30,828.62,33.36
2021-04-24 15:00:00+05:30,709.94,34.21
2021-04-24 16:00:00+05:30,547.51,34.49
2021-04-24 17:00:00+05:30,355.16,34.18
2021-04-24 18:00:00+05:30,153.12,33.22
2021-04-24 19:00:00+05:30,0.0,30.93
2021-04-24 20:00:00+05:30,0.0,28.04
2021-04-24 21:00:00+05:30,0.0,26.15
2021-04-24 22:00:00+05:30,0.0,24.64
2021-04-24 23:00:00+05:30,0.0,23.31
2021-04-25 00:00:00+05:30,0.0,22.21
2021-04-25 01:00:00+05:30,0.0,22.14
2021-04-25 02:00:00+05:30,0.0,21.62
2021-04-25 03:00:00+05:30,0.0,21.07
2021-04-25 04:00:00+05:30,0.0,20.57
2021-04-25 05:00:00+05:30,0.0,20.12
2021-04-25 06:00:00+05:30,11.28,19.59
2021-04-25 07:00:00+05:30,203.94,19.28
2021-04-25 08:00:00+05:30,410.58,22.1
2021-04-25 09:00:00+05:30,599.51,26.28
2021-04-25 10:00:00+05:30,753.4,28.97
2021-04-25 11:00:00+05:30,859.54,30.81
2021-04-25 12:00:00+05:30,906.78,32.45
2021-04-25 13:00:00+05:30,898.04,34.25
2021-04-25 14:00:00+05:30,831.88,35.19
2021-04-25 15:00:00+05:30,712.93,35.75
2021-04-25 16:00:00+05:30,550.71,35.86
2021-04-25 17:00:00+05:30,358.34,35.6
2021-04-25 18:00:00+05:30,155.63,34.87
2021-04-25 19:00:00+05:30,0.0,33.07
2021-04-25 20:00:00+05:30,0.0,30.32
2021-04-25 21:00:00+05:30,0.0,27.48
2021-04-25 22:00:00+05:30,0.0,25.17
2021-04-25 23:00:00+05:30,0.0,23.7
2021-04-26 00:00:00+05:30,0.0,22.73
2021-04-26 01:00:00+05:30,0.0,22.21
2021-04-26 02:00:00+05:30,0.0,21.3
2021-04-26 03:00:00+05:30,0.0,20.36
2021-04-26 04:00:00+05:30,0.0,19.51
2021-04-26 05:00:00+05:30,0.0,18.78
2021-04-26 06:00:00+05:30,11.94,18.16
2021-04-26 07:00:00+05:30,209.21,17.96
2021-04-26 08:00:00+05:30,416.37,22.07
2021-04-26 09:00:00+05:30,603.33,28.71
2021-04-26 10:00:00+05:30,753.21,32.54
2021-04-26 11:00:00+05:30,855.89,34.26
2021-04-26 12:00:00+05:30,904.73,35.39
2021-04-26 13:00:00+05:30,894.76,36.44
2021-04-26 14:00:00+05:30,827.33,37.1
2021-04-26 15:00:00+05:30,707.95,37.46
2021-04-26 16:00:00+05:30,545.88,37.56
2021-04-26 17:00:00+05:30,354.49,37.27
2021-04-26 18:00:00+05:30,153.88,36.63
2021-04-26 19:00:00+05:30,0.0,35.03
2021-04-26 20:00:00+05:30,0.0,32.41
2021-04-26 21:00:00+05:30,0.0,30.56
2021-04-26 22:00:00+05:30,0.0,29.15
2021-04-26 23:00:00+05:30,0.0,27.98
2021-04-27 00:00:00+05:30,0.0,27.77
2021-04-27 01:00:00+05:30,0.0,27.76
2021-04-27 02:00:00+05:30,0.0,24.08
2021-04-27 03:00:00+05:30,0.0,22.04
2021-04-27 04:00:00+05:30,0.0,21.5
2021-04-27 05:00:00+05:30,0.0,21.17
2021-04-27 06:00:00+05:30,12.04,20.8
2021-04-27 07:00:00+05:30,205.33,20.64
2021-04-27 08:00:00+05:30,408.47,23.96
2021-04-27 09:00:00+05:30,593.59,29.75
2021-04-27 10:00:00+05:30,743.98,33.6
2021-04-27 11:00:00+05:30,847.85,36.51
2021-04-27 12:00:00+05:30,898.51,38.44
2021-04-27 13:00:00+05:30,889.18,39.26
2021-04-27 14:00:00+05:30,824.43,39.57
2021-04-27 15:00:00+05:30,707.56,39.74
2021-04-27 16:00:00+05:30,547.8,39.62
2021-04-27 17:00:00+05:30,356.95,39.17
2021-04-27 18:00:00+05:30,156.31,38.25
2021-04-27 19:00:00+05:30,0.0,36.48
2021-04-27 20:00:00+05:30,0.0,33.85
2021-04-27 21:00:00+05:30,0.0,31.33
2021-04-27 22:00:00+05:30,0.0,29.99
2021-04-27 23:00:00+05:30,0.0,27.86
2021-04-28 00:00:00+05:30,0.0,25.94
2021-04-28 01:00:00+05:30,0.0,24.05
2021-04-28 02:00:00+05:30,0.0,24.2
2021-04-28 03:00:00+05:30,0.0,24.24
2021-04-28 04:00:00+05:30,0.0,23.82
2021-04-28 05:00:00+05:30,0.0,23.1
2021-04-28 06:00:00+05:30,12.52,22.44
2021-04-28 07:00:00+05:30,208.51,22.15
2021-04-28 08:00:00+05:30,411.55,25.32
2021-04-28 09:00:00+05:30,596.0,30.1
2021-04-28 10:00:00+05:30,745.96,33.41
2021-04-28 11:00:00+05:30,849.93,35.83
2021-04-28 12:00:00+05:30,899.82,37.81
2021-04-28 13:00:00+05:30,883.51,40.26
2021-04-28 14:00:00+05:30,821.1,40.55
2021-04-28 15:00:00+05:30,710.0,40.62
2021-04-28 16:00:00+05:30,541.5,40.44
2021-04-28 17:00:00+05:30,346.29,39.99
2021-04-28 18:00:00+05:30,151.28,38.95
2021-04-28 19:00:00+05:30,0.0,36.85
2021-04-28 20:00:00+05:30,0.0,34.17
2021-04-28 21:00:00+05:30,0.0,31.81
2021-04-28 22:00:00+05:30,0.0,29.12
2021-04-28 23:00:00+05:30,0.0,26.96
2021-04-29 00:00:00+05:30,0.0,26.07
2021-04-29 01:00:00+05:30,0.0,25.7
2021-04-29 02:00:00+05:30,0.0,25.33
2021-04-29 03:00:00+05:30,0.0,25.12
2021-04-29 04:00:00+05:30,0.0,24.95
2021-04-29 05:00:00+05:30,0.0,24.67
2021-04-29 06:00:00+05:30,13.03,24.44
2021-04-29 07:00:00+05:30,203.58,24.67
2021-04-29 08:00:00+05:30,406.54,27.7
2021-04-29 09:00:00+05:30,581.57,32.46
2021-04-29 10:00:00+05:30,737.76,36.14
2021-04-29 11:00:00+05:30,811.59,38.2
2021-04-29 12:00:00+05:30,812.95,39.13
2021-04-29 13:00:00+05:30,813.86,39.69
2021-04-29 14:00:00+05:30,674.87,39.93
2021-04-29 15:00:00+05:30,666.98,39.92
2021-04-29 16:00:00+05:30,498.04,39.85
2021-04-29 17:00:00+05:30,301.86,39.34
2021-04-29 18:00:00+05:30,150.6,38.37
2021-04-29 19:00:00+05:30,0.0,36.95
2021-04-29 20:00:00+05:30,0.0,34.7
2021-04-29 21:00:00+05:30,0.0,32.72
2021-04-29 22:00:00+05:30,0.0,29.58
2021-04-29 23:00:00+05:30,0.0,27.97
2021-04-30 00:00:00+05:30,0.0,27.02
2021-04-30 01:00:00+05:30,0.0,27.59
2021-04-30 02:00:00+05:30,0.0,27.41
2021-04-30 03:00:00+05:30,0.0,26.65
2021-04-30 04:00:00+05:30,0.0,25.7
2021-04-30 05:00:00+05:30,0.0,24.78
2021-04-30 06:00:00+05:30,13.37,23.98
2021-04-30 07:00:00+05:30,205.83,23.56
2021-04-30 08:00:00+05:30,404.6,26.77
2021-04-30 09:00:00+05:30,584.06,30.97
2021-04-30 10:00:00+05:30,730.01,34.06
2021-04-30 11:00:00+05:30,831.15,36.41
2021-04-30 12:00:00+05:30,874.29,37.78
2021-04-30 13:00:00+05:30,856.44,38.92
2021-04-30 14:00:00+05:30,784.08,39.22
2021-04-30 15:00:00+05:30,675.08,39.21
2021-04-30 16:00:00+05:30,409.11,38.95
2021-04-30 17:00:00+05:30,257.48,37.21
2021-04-30 18:00:00+05:30,89.12,36.19
2021-04-30 19:00:00+05:30,0.0,34.65
2021-04-30 20:00:00+05:30,0.0,32.43
2021-04-30 21:00:00+05:30,0.0,30.94
2021-04-30 22:00:00+05:30,0.0,29.89
2021-04-30 23:00:00+05:30,0.0,29.07
2021-05-01 00:00:00+05:30,0.0,28.57
2021-05-01 01:00:00+05:30,0.0,28.1
2021-05-01 02:00:00+05:30,0.0,27.38
2021-05-01 03:00:00+05:30,0.0,26.62
2021-05-01 04:00:00+05:30,0.0,26.15
2021-05-01 05:00:00+05:30,0.0,25.79
2021-05-01 06:00:00+05:30,13.46,25.63
2021-05-01 07:00:00+05:30,171.99,25.24
2021-05-01 08:00:00+05:30,370.18,27.77
2021-05-01 09:00:00+05:30,558.83,31.51
2021-05-01 10:00:00+05:30,710.65,34.18
2021-05-01 11:00:00+05:30,831.23,36.06
2021-05-01 12:00:00+05:30,866.88,37.09
2021-05-01 13:00:00+05:30,847.5,38.78
2021-05-01 14:00:00+05:30,692.63,39.07
2021-05-01 15:00:00+05:30,650.25,38.58
2021-05-01 16:00:00+05:30,515.97,38.41
2021-05-01 17:00:00+05:30,278.99,38.24
2021-05-01 18:00:00+05:30,124.02,37.51
2021-05-01 19:00:00+05:30,0.0,34.82
2021-05-01 20:00:00+05:30,0.0,32.76
2021-05-01 21:00:00+05:30,0.0,31.09
2021-05-01 22:00:00+05:30,0.0,30.18
2021-05-01 23:00:00+05:30,0.0,29.62
2021-05-02 00:00:00+05:30,0.0,28.86
2021-05-02 01:00:00+05:30,0.0,27.99
2021-05-02 02:00:00+05:30,0.0,27.37
2021-05-02 03:00:00+05:30,0.0,26.96
2021-05-02 04:00:00+05:30,0.0,26.61
2021-05-02 05:00:00+05:30,0.0,26.08
2021-05-02 06:00:00+05:30,11.12,25.55
2021-05-02 07:00:00+05:30,112.15,26.26
2021-05-02 08:00:00+05:30,316.58,27.65
2021-05-02 09:00:00+05:30,506.83,30.87
2021-05-02 10:00:00+05:30,590.36,32.86
2021-05-02 11:00:00+05:30,533.81,34.14
2021-05-02 12:00:00+05:30,648.55,34.57
2021-05-02 13:00:00+05:30,553.06,34.83
2021-05-02 14:00:00+05:30,332.2,34.85
2021-05-02 15:00:00+05:30,536.15,34.04
2021-05-02 16:00:00+05:30,393.14,34.25
2021-05-02 17:00:00+05:30,274.93,34.29
2021-05-02 18:00:00+05:30,87.8,34.26
2021-05-02 19:00:00+05:30,0.0,32.45
2021-05-02 20:00:00+05:30,0.0,30.66
2021-05-02 21:00:00+05:30,0.0,29.21
2021-05-02 22:00:00+05:30,0.0,28.09
2021-05-02 23:00:00+05:30,0.0,27.33
2021-05-03 00:00:00+05:30,0.0,26.68
2021-05-03 01:00:00+05:30,0.0,26.35
2021-05-03 02:00:00+05:30,0.0,26.57
2021-05-03 03:00:00+05:30,0.0,26.0
2021-05-03 04:00:00+05:30,0.0,24.0
2021-05-03 05:00:00+05:30,0.0,23.25
2021-05-03 06:00:00+05:30,15.03,23.25
2021-05-03 07:00:00+05:30,169.44,23.12
2021-05-03 08:00:00+05:30,323.84,26.04
2021-05-03 09:00:00+05:30,534.86,28.86
2021-05-03 10:00:00+05:30,623.24,31.37
2021-05-03 11:00:00+05:30,785.46,32.84
2021-05-03 12:00:00+05:30,666.83,34.33
2021-05-03 13:00:00+05:30,639.32,34.04
2021-05-03 14:00:00+05:30,739.48,34.64
2021-05-03 15:00:00+05:30,633.6,35.81
2021-05-03 16:00:00+05:30,407.96,36.18
2021-05-03 17:00:00+05:30,321.24,35.86
2021-05-03 18:00:00+05:30,134.04,35.68
2021-05-03 19:00:00+05:30,0.0,34.4
2021-05-03 20:00:00+05:30,0.0,32.55
2021-05-03 21:00:00+05:30,0.0,30.63
2021-05-03 22:00:00+05:30,0.0,29.06
2021-05-03 23:00:00+05:30,0.0,27.91
2021-05-04 00:00:00+05:30,0.0,27.11
2021-05-04 01:00:00+05:30,0.0,25.77
2021-05-04 02:00:00+05:30,0.0,25.05
2021-05-04 03:00:00+05:30,0.0,24.82
2021-05-04 04:00:00+05:30,0.0,24.99
2021-05-04 05:00:00+05:30,0.0,24.9
2021-05-04 06:00:00+05:30,14.98,24.83
2021-05-04 07:00:00+05:30,211.52,24.9
2021-05-04 08:00:00+05:30,413.0,27.38
2021-05-04 09:00:00+05:30,589.58,30.59
2021-05-04 10:00:00+05:30,738.16,33.46
2021-05-04 11:00:00+05:30,816.32,35.62
2021-05-04 12:00:00+05:30,829.27,36.71
2021-05-04 13:00:00+05:30,809.78,37.15
2021-05-04 14:00:00+05:30,752.62,37.53
2021-05-04 15:00:00+05:30,680.17,37.61
2021-05-04 16:00:00+05:30,487.92,37.7
2021-05-04 17:00:00+05:30,350.78,37.42
2021-05-04 18:00:00+05:30,149.59,36.94
2021-05-04 19:00:00+05:30,0.0,35.39
2021-05-04 20:00:00+05:30,0.0,33.08
2021-05-04 21:00:00+05:30,0.0,31.13
2021-05-04 22:00:00+05:30,0.0,30.0
2021-05-04 23:00:00+05:30,0.0,29.23
2021-05-05 00:00:00+05:30,0.0,28.59
2021-05-05 01:00:00+05:30,0.0,27.83
2021-05-05 02:00:00+05:30,0.0,27.27
2021-05-05 03:00:00+05:30,0.0,26.71
2021-05-05 04:00:00+05:30,0.0,26.03
2021-05-05 05:00:00+05:30,0.0,25.03
2021-05-05 06:00:00+05:30,15.66,24.06
2021-05-05 07:00:00+05:30,209.54,24.17
2021-05-05 08:00:00+05:30,391.57,27.52
2021-05-05 09:00:00+05:30,575.71,30.92
2021-05-05 10:00:00+05:30,713.62,33.48
2021-05-05 11:00:00+05:30,744.57,35.72
2021-05-05 12:00:00+05:30,744.18,36.65
2021-05-05 13:00:00+05:30,819.49,37.14
2021-05-05 14:00:00+05:30,783.07,37.93
2021-05-05 15:00:00+05:30,669.83,38.4
2021-05-05 16:00:00+05:30,481.32,38.58
2021-05-05 17:00:00+05:30,328.16,38.17
2021-05-05 18:00:00+05:30,133.37,37.21
2021-05-05 19:00:00+05:30,0.0,35.47
2021-05-05 20:00:00+05:30,0.0,33.45
2021-05-05 21:00:00+05:30,0.0,32.0
2021-05-05 22:00:00+05:30,0.0,30.88
2021-05-05 23:00:00+05:30,0.0,30.02
2021-05-06 00:00:00+05:30,0.0,29.33
2021-05-06 01:00:00+05:30,0.0,28.21
2021-05-06 02:00:00+05:30,0.0,27.58
2021-05-06 03:00:00+05:30,0.0,26.8
2021-05-06 04:00:00+05:30,0.0,25.64
2021-05-06 05:00:00+05:30,0.0,24.58
2021-05-06 06:00:00+05:30,51.75,23.72
2021-05-06 07:00:00+05:30,216.98,23.61
2021-05-06 08:00:00+05:30,413.3,27.08
2021-05-06 09:00:00+05:30,593.69,30.46
2021-05-06 10:00:00+05:30,737.65,33.36
2021-05-06 11:00:00+05:30,838.33,35.83
2021-05-06 12:00:00+05:30,774.92,37.66
2021-05-06 13:00:00+05:30,801.25,38.32
2021-05-06 14:00:00+05:30,755.38,39.25
2021-05-06 15:00:00+05:30,618.34,39.36
2021-05-06 16:00:00+05:30,404.67,38.47
2021-05-06 17:00:00+05:30,235.17,37.52
2021-05-06 18:00:00+05:30,101.42,36.2
2021-05-06 19:00:00+05:30,0.0,34.51
2021-05-06 20:00:00+05:30,0.0,32.55
2021-05-06 21:00:00+05:30,0.0,31.2
2021-05-06 22:00:00+05:30,0.0,30.41
2021-05-06 23:00:00+05:30,0.0,29.6
2021-05-07 00:00:00+05:30,0.0,28.86
2021-05-07 01:00:00+05:30,0.0,25.94
2021-05-07 02:00:00+05:30,0.0,25.41
2021-05-07 03:00:00+05:30,0.0,25.0
2021-05-07 04:00:00+05:30,0.0,24.51
2021-05-07 05:00:00+05:30,0.0,24.09
2021-05-07 06:00:00+05:30,48.2,23.94
2021-05-07 07:00:00+05:30,204.46,24.02
2021-05-07 08:00:00+05:30,388.2,26.16
2021-05-07 09:00:00+05:30,585.16,28.51
2021-05-07 10:00:00+05:30,726.45,31.09
2021-05-07 11:00:00+05:30,823.7,33.46
2021-05-07 12:00:00+05:30,846.97,35.12
2021-05-07 13:00:00+05:30,804.22,35.61
2021-05-07 14:00:00+05:30,780.27,36.34
2021-05-07 15:00:00+05:30,635.06,36.81
2021-05-07 16:00:00+05:30,473.94,36.85
2021-05-07 17:00:00+05:30,307.71,37.06
2021-05-07 18:00:00+05:30,91.85,35.42
2021-05-07 19:00:00+05:30,0.0,32.53
2021-05-07 20:00:00+05:30,0.0,30.12
2021-05-07 21:00:00+05:30,0.0,29.0
2021-05-07 22:00:00+05:30,0.0,28.15
2021-05-07 23:00:00+05:30,0.0,27.44
2021-05-08 00:00:00+05:30,0.0,26.82
2021-05-08 01:00:00+05:30,0.0,26.56
2021-05-08 02:00:00+05:30,0.0,25.99
2021-05-08 03:00:00+05:30,0.0,25.37
2021-05-08 04:00:00+05:30,0.0,24.79
2021-05-08 05:00:00+05:30,0.0,24.27
2021-05-08 06:00:00+05:30,53.5,23.85
2021-05-08 07:00:00+05:30,222.4,24.14
2021-05-08 08:00:00+05:30,418.12,27.16
2021-05-08 09:00:00+05:30,595.94,30.14
2021-05-08 10:00:00+05:30,737.25,32.49
2021-05-08 11:00:00+05:30,785.44,34.17
2021-05-08 12:00:00+05:30,865.57,35.08
2021-05-08 13:00:00+05:30,830.53,36.59
2021-05-08 14:00:00+05:30,784.27,37.13
2021-05-08 15:00:00+05:30,678.31,37.47
2021-05-08 16:00:00+05:30,481.18,37.51
2021-05-08 17:00:00+05:30,342.31,37.13
2021-05-08 18:00:00+05:30,139.41,36.69
2021-05-08 19:00:00+05:30,0.0,35.8
2021-05-08 20:00:00+05:30,0.0,33.91
2021-05-08 21:00:00+05:30,0.0,31.98
2021-05-08 22:00:00+05:30,0.0,31.02
2021-05-08 23:00:00+05:30,0.0,30.25
2021-05-09 00:00:00+05:30,0.0,29.45
2021-05-09 01:00:00+05:30,0.0,28.61
2021-05-09 02:00:00+05:30,0.0,27.78
2021-05-09 03:00:00+05:30,0.0,27.16
2021-05-09 04:00:00+05:30,0.0,26.82
2021-05-09 05:00:00+05:30,0.0,26.67
2021-05-09 06:00:00+05:30,43.8,26.29
2021-05-09 07:00:00+05:30,226.36,26.15
2021-05-09 08:00:00+05:30,395.84,28.51
2021-05-09 09:00:00+05:30,498.78,31.12
2021-05-09 10:00:00+05:30,678.53,33.04
2021-05-09 11:00:00+05:30,834.62,35.04
2021-05-09 12:00:00+05:30,836.15,36.6
2021-05-09 13:00:00+05:30,752.79,37.49
2021-05-09 14:00:00+05:30,629.13,38.05
2021-05-09 15:00:00+05:30,540.0,38.09
2021-05-09 16:00:00+05:30,463.67,37.98
2021-05-09 17:00:00+05:30,263.37,37.37
2021-05-09 18:00:00+05:30,133.82,36.78
2021-05-09 19:00:00+05:30,0.0,35.24
2021-05-09 20:00:00+05:30,0.0,32.74
2021-05-09 21:00:00+05:30,0.0,31.21
2021-05-09 22:00:00+05:30,0.0,29.89
2021-05-09 23:00:00+05:30,0.0,29.02
2021-05-10 00:00:00+05:30,0.0,28.13
2021-05-10 01:00:00+05:30,0.0,28.11
2021-05-10 02:00:00+05:30,0.0,27.49
2021-05-10 03:00:00+05:30,0.0,26.89
2021-05-10 04:00:00+05:30,0.0,26.3
2021-05-10 05:00:00+05:30,0.0,25.75
2021-05-10 06:00:00+05:30,44.52,25.31
2021-05-10 07:00:00+05:30,203.46,25.68
2021-05-10 08:00:00+05:30,408.38,28.44
2021-05-10 09:00:00+05:30,593.01,31.58
2021-05-10 10:00:00+05:30,744.51,34.22
2021-05-10 11:00:00+05:30,844.19,36.41
2021-05-10 12:00:00+05:30,867.61,38.16
2021-05-10 13:00:00+05:30,777.96,38.47
2021-05-10 14:00:00+05:30,759.7,38.9
2021-05-10 15:00:00+05:30,458.0,38.89
2021-05-10 16:00:00+05:30,381.95,37.61
2021-05-10 17:00:00+05:30,192.57,36.2
2021-05-10 18:00:00+05:30,108.35,35.7
2021-05-10 19:00:00+05:30,8.39,34.25
2021-05-10 20:00:00+05:30,0.0,31.93
2021-05-10 21:00:00+05:30,0.0,30.49
2021-05-10 22:00:00+05:30,0.0,29.71
2021-05-10 23:00:00+05:30,0.0,29.28
2021-05-11 00:00:00+05:30,0.0,28.36
2021-05-11 01:00:00+05:30,0.0,27.49
2021-05-11 02:00:00+05:30,0.0,27.0
2021-05-11 03:00:00+05:30,0.0,26.48
2021-05-11 04:00:00+05:30,0.0,26.03
2021-05-11 05:00:00+05:30,0.0,25.58
2021-05-11 06:00:00+05:30,54.25,25.16
2021-05-11 07:00:00+05:30,215.42,25.32
2021-05-11 08:00:00+05:30,377.16,28.3
2021-05-11 09:00:00+05:30,570.46,31.29
2021-05-11 10:00:00+05:30,710.74,33.6
2021-05-11 11:00:00+05:30,735.14,35.57
2021-05-11 12:00:00+05:30,854.05,36.86
2021-05-11 13:00:00+05:30,782.06,37.6
2021-05-11 14:00:00+05:30,560.56,38.28
2021-05-11 15:00:00+05:30,467.08,36.15
2021-05-11 16:00:00+05:30,388.05,34.83
2021-05-11 17:00:00+05:30,249.3,35.2
2021-05-11 18:00:00+05:30,105.62,34.62
2021-05-11 19:00:00+05:30,8.24,32.78
2021-05-11 20:00:00+05:30,0.0,31.19
2021-05-11 21:00:00+05:30,0.0,29.38
2021-05-11 22:00:00+05:30,0.0,28.78
2021-05-11 23:00:00+05:30,0.0,28.52
2021-05-12 00:00:00+05:30,0.0,28.05
2021-05-12 01:00:00+05:30,0.0,27.03
2021-05-12 02:00:00+05:30,0.0,25.99
2021-05-12 03:00:00+05:30,0.0,25.22
2021-05-12 04:00:00+05:30,0.0,24.75
2021-05-12 05:00:00+05:30,0.0,24.34
2021-05-12 06:00:00+05:30,56.12,23.83
2021-05-12 07:00:00+05:30,229.65,23.82
2021-05-12 08:00:00+05:30,424.36,27.4
2021-05-12 09:00:00+05:30,601.06,30.45
2021-05-12 10:00:00+05:30,737.72,32.81
2021-05-12 11:00:00+05:30,836.31,34.76
2021-05-12 12:00:00+05:30,872.36,36.06
2021-05-12 13:00:00+05:30,766.73,36.66
2021-05-12 14:00:00+05:30,689.91,37.13
2021-05-12 15:00:00+05:30,456.19,37.16
2021-05-12 16:00:00+05:30,330.71,34.49
2021-05-12 17:00:00+05:30,228.93,32.36
2021-05-12 18:00:00+05:30,105.09,32.36
2021-05-12 19:00:00+05:30,7.46,31.62
2021-05-12 20:00:00+05:30,0.0,29.41
2021-05-12 21:00:00+05:30,0.0,28.03
2021-05-12 22:00:00+05:30,0.0,27.0
2021-05-12 23:00:00+05:30,0.0,26.16
2021-05-13 00:00:00+05:30,0.0,25.45
2021-05-13 01:00:00+05:30,0.0,26.21
2021-05-13 02:00:00+05:30,0.0,26.15
2021-05-13 03:00:00+05:30,0.0,25.9
2021-05-13 04:00:00+05:30,0.0,25.45
2021-05-13 05:00:00+05:30,0.0,24.36
2021-05-13 06:00:00+05:30,24.04,23.79
2021-05-13 07:00:00+05:30,154.07,23.98
2021-05-13 08:00:00+05:30,388.06,25.38
2021-05-13 09:00:00+05:30,594.53,27.87
2021-05-13 10:00:00+05:30,745.06,30.39
2021-05-13 11:00:00+05:30,825.85,32.34
2021-05-13 12:00:00+05:30,857.94,33.78
2021-05-13 13:00:00+05:30,849.58,33.59
2021-05-13 14:00:00+05:30,789.28,34.4
2021-05-13 15:00:00+05:30,673.05,34.91
2021-05-13 16:00:00+05:30,489.43,35.14
2021-05-13 17:00:00+05:30,267.65,34.9
2021-05-13 18:00:00+05:30,120.69,33.67
2021-05-13 19:00:00+05:30,8.98,31.6
2021-05-13 20:00:00+05:30,0.0,29.99
2021-05-13 21:00:00+05:30,0.0,28.87
2021-05-13 22:00:00+05:30,0.0,27.98
2021-05-13 23:00:00+05:30,0.0,27.24
2021-05-14 00:00:00+05:30,0.0,26.72
2021-05-14 01:00:00+05:30,0.0,26.5
2021-05-14 02:00:00+05:30,0.0,25.82
2021-05-14 03:00:00+05:30,0.0,25.12
2021-05-14 04:00:00+05:30,0.0,24.4
2021-05-14 05:00:00+05:30,0.0,23.98
2021-05-14 06:00:00+05:30,54.27,23.4
2021-05-14 07:00:00+05:30,219.54,23.39
2021-05-14 08:00:00+05:30,400.43,26.6
2021-05-14 09:00:00+05:30,580.49,29.29
2021-05-14 10:00:00+05:30,727.0,31.53
2021-05-14 11:00:00+05:30,822.7,33.57
2021-05-14 12:00:00+05:30,868.68,34.97
2021-05-14 13:00:00+05:30,887.98,35.86
2021-05-14 14:00:00+05:30,742.58,36.64
2021-05-14 15:00:00+05:30,654.73,36.78
2021-05-14 16:00:00+05:30,476.43,36.79
2021-05-14 17:00:00+05:30,294.06,35.91
2021-05-14 18:00:00+05:30,133.78,34.16
2021-05-14 19:00:00+05:30,8.49,33.26
2021-05-14 20:00:00+05:30,0.0,31.67
2021-05-14 21:00:00+05:30,0.0,30.11
2021-05-14 22:00:00+05:30,0.0,29.11
2021-05-14 23:00:00+05:30,0.0,28.57
2021-05-15 00:00:00+05:30,0.0,28.05
2021-05-15 01:00:00+05:30,0.0,27.04
2021-05-15 02:00:00+05:30,0.0,26.6
2021-05-15 03:00:00+05:30,0.0,25.81
2021-05-15 04:00:00+05:30,0.0,25.41
2021-05-15 05:00:00+05:30,0.0,25.3
2021-05-15 06:00:00+05:30,52.09,24.97
2021-05-15 07:00:00+05:30,190.28,25.25
2021-05-15 08:00:00+05:30,331.01,27.94
2021-05-15 09:00:00+05:30,522.05,30.48
2021-05-15 10:00:00+05:30,581.31,33.03
2021-05-15 11:00:00+05:30,792.05,34.25
2021-05-15 12:00:00+05:30,839.43,35.56
2021-05-15 13:00:00+05:30,848.53,36.53
2021-05-15 14:00:00+05:30,796.89,37.02
2021-05-15 15:00:00+05:30,662.17,37.38
2021-05-15 16:00:00+05:30,497.72,37.38
2021-05-15 17:00:00+05:30,257.92,36.05
2021-05-15 18:00:00+05:30,144.8,35.15
2021-05-15 19:00:00+05:30,8.1,34.32
2021-05-15 20:00:00+05:30,0.0,32.28
2021-05-15 21:00:00+05:30,0.0,30.91
2021-05-15 22:00:00+05:30,0.0,29.93
2021-05-15 23:00:00+05:30,0.0,29.33
2021-05-16 00:00:00+05:30,0.0,28.82
2021-05-16 01:00:00+05:30,0.0,28.08
2021-05-16 02:00:00+05:30,0.0,27.47
2021-05-16 03:00:00+05:30,0.0,27.05
2021-05-16 04:00:00+05:30,0.0,26.56
2021-05-16 05:00:00+05:30,0.0,26.12
2021-05-16 06:00:00+05:30,52.61,25.9
2021-05-16 07:00:00+05:30,207.12,26.23
2021-05-16 08:00:00+05:30,414.23,28.72
2021-05-16 09:00:00+05:30,591.24,31.47
2021-05-16 10:00:00+05:30,712.77,33.73
2021-05-16 11:00:00+05:30,801.14,35.36
2021-05-16 12:00:00+05:30,752.39,36.66
2021-05-16 13:00:00+05:30,664.48,37.3
2021-05-16 14:00:00+05:30,715.57,37.68
2021-05-16 15:00:00+05:30,532.83,38.12
2021-05-16 16:00:00+05:30,301.58,37.83
2021-05-16 17:00:00+05:30,204.84,37.11
2021-05-16 18:00:00+05:30,85.59,36.57
2021-05-16 19:00:00+05:30,5.85,35.21
2021-05-16 20:00:00+05:30,0.0,33.7
2021-05-16 21:00:00+05:30,0.0,32.61
2021-05-16 22:00:00+05:30,0.0,31.8
2021-05-16 23:00:00+05:30,0.0,30.65
2021-05-17 00:00:00+05:30,0.0,30.01
2021-05-17 01:00:00+05:30,0.0,28.97
2021-05-17 02:00:00+05:30,0.0,27.92
2021-05-17 03:00:00+05:30,0.0,27.27
2021-05-17 04:00:00+05:30,0.0,26.84
2021-05-17 05:00:00+05:30,0.0,26.6
2021-05-17 06:00:00+05:30,5.56,26.55
2021-05-17 07:00:00+05:30,24.49,26.88
2021-05-17 08:00:00+05:30,59.13,27.25
2021-05-17 09:00:00+05:30,109.65,27.59
2021-05-17 10:00:00+05:30,133.13,27.69
2021-05-17 11:00:00+05:30,120.52,27.77
2021-05-17 12:00:00+05:30,372.04,27.9
2021-05-17 13:00:00+05:30,416.7,31.93
2021-05-17 14:00:00+05:30,328.46,32.7
2021-05-17 15:00:00+05:30,166.26,32.13
2021-05-17 16:00:00+05:30,86.52,30.23
2021-05-17 17:00:00+05:30,62.15,28.34
2021-05-17 18:00:00+05:30,13.85,26.86
2021-05-17 19:00:00+05:30,2.0,25.83
2021-05-17 20:00:00+05:30,0.0,25.29
2021-05-17 21:00:00+05:30,0.0,25.08
2021-05-17 22:00:00+05:30,0.0,25.09
2021-05-17 23:00:00+05:30,0.0,25.0
2021-05-18 00:00:00+05:30,0.0,24.9
2021-05-18 01:00:00+05:30,0.0,23.9
2021-05-18 02:00:00+05:30,0.0,23.82
2021-05-18 03:00:00+05:30,0.0,23.83
2021-05-18 04:00:00+05:30,0.0,23.46
2021-05-18 05:00:00+05:30,0.0,22.63
2021-05-18 06:00:00+05:30,11.16,21.56
2021-05-18 07:00:00+05:30,50.74,20.39
2021-05-18 08:00:00+05:30,97.18,20.31
2021-05-18 09:00:00+05:30,255.57,20.27
2021-05-18 10:00:00+05:30,221.91,20.58
2021-05-18 11:00:00+05:30,320.31,20.46
2021-05-18 12:00:00+05:30,307.11,21.06
2021-05-18 13:00:00+05:30,374.47,21.59
2021-05-18 14:00:00+05:30,258.35,22.12
2021-05-18 15:00:00+05:30,197.84,22.9
2021-05-18 16:00:00+05:30,109.4,23.26
2021-05-18 17:00:00+05:30,76.97,22.43
2021-05-18 18:00:00+05:30,25.42,22.08
2021-05-18 19:00:00+05:30,2.98,21.5
2021-05-18 20:00:00+05:30,0.0,20.89
2021-05-18 21:00:00+05:30,0.0,20.6
2021-05-18 22:00:00+05:30,0.0,20.89
2021-05-18 23:00:00+05:30,0.0,20.57
2021-05-19 00:00:00+05:30,0.0,20.54
2021-05-19 01:00:00+05:30,0.0,20.44
2021-05-19 02:00:00+05:30,0.0,20.47
2021-05-19 03:00:00+05:30,0.0,20.63
2021-05-19 04:00:00+05:30,0.0,20.89
2021-05-19 05:00:00+05:30,0.0,21.11
2021-05-19 06:00:00+05:30,4.59,21.25
2021-05-19 07:00:00+05:30,17.9,21.37
2021-05-19 08:00:00+05:30,43.12,21.47
2021-05-19 09:00:00+05:30,65.86,21.6
2021-05-19 10:00:00+05:30,66.92,21.73
2021-05-19 11:00:00+05:30,50.94,21.8
2021-05-19 12:00:00+05:30,68.74,21.69
2021-05-19 13:00:00+05:30,56.92,21.32
2021-05-19 14:00:00+05:30,54.62,21.27
2021-05-19 15:00:00+05:30,23.86,21.33
2021-05-19 16:00:00+05:30,31.71,21.35
2021-05-19 17:00:00+05:30,19.51,21.52
2021-05-19 18:00:00+05:30,12.1,21.63
2021-05-19 19:00:00+05:30,0.88,21.78
2021-05-19 20:00:00+05:30,0.0,21.81
2021-05-19 21:00:00+05:30,0.0,21.82
2021-05-19 22:00:00+05:30,0.0,21.74
2021-05-19 23:00:00+05:30,0.0,21.59
2021-05-20 00:00:00+05:30,0.0,21.41
2021-05-20 01:00:00+05:30,0.0,21.34
2021-05-20 02:00:00+05:30,0.0,21.19
2021-05-20 03:00:00+05:30,0.0,21.02
2021-05-20 04:00:00+05:30,0.0,20.89
2021-05-20 05:00:00+05:30,0.0,20.57
2021-05-20 06:00:00+05:30,41.53,20.13
2021-05-20 07:00:00+05:30,192.8,20.2
2021-05-20 08:00:00+05:30,303.91,21.51
2021-05-20 09:00:00+05:30,425.0,23.18
2021-05-20 10:00:00+05:30,454.42,25.05
2021-05-20 11:00:00+05:30,451.29,26.59
2021-05-20 12:00:00+05:30,780.26,27.97
2021-05-20 13:00:00+05:30,806.64,29.48
2021-05-20 14:00:00+05:30,744.75,30.69
2021-05-20 15:00:00+05:30,623.83,31.41
2021-05-20 16:00:00+05:30,429.47,31.67
2021-05-20 17:00:00+05:30,328.65,31.46
2021-05-20 18:00:00+05:30,179.3,30.98
2021-05-20 19:00:00+05:30,11.71,29.6
2021-05-20 20:00:00+05:30,0.0,27.62
2021-05-20 21:00:00+05:30,0.0,26.18
2021-05-20 22:00:00+05:30,0.0,25.19
2021-05-20 23:00:00+05:30,0.0,24.08
2021-05-21 00:00:00+05:30,0.0,24.19
2021-05-21 01:00:00+05:30,0.0,22.68
2021-05-21 02:00:00+05:30,0.0,22.57
2021-05-21 03:00:00+05:30,0.0,22.33
2021-05-21 04:00:00+05:30,0.0,22.02
2021-05-21 05:00:00+05:30,0.0,21.72
2021-05-21 06:00:00+05:30,61.85,21.44
2021-05-21 07:00:00+05:30,238.9,21.81
2021-05-21 08:00:00+05:30,432.99,24.78
2021-05-21 09:00:00+05:30,605.59,27.31
2021-05-21 10:00:00+05:30,743.26,29.04
2021-05-21 11:00:00+05:30,842.47,30.45
2021-05-21 12:00:00+05:30,840.66,31.72
2021-05-21 13:00:00+05:30,829.36,32.04
2021-05-21 14:00:00+05:30,760.92,32.79
2021-05-21 15:00:00+05:30,626.83,33.24
2021-05-21 16:00:00+05:30,555.65,33.29
2021-05-21 17:00:00+05:30,371.5,33.29
2021-05-21 18:00:00+05:30,183.68,32.66
2021-05-21 19:00:00+05:30,11.9,31.23
2021-05-21 20:00:00+05:30,0.0,29.42
2021-05-21 21:00:00+05:30,0.0,28.25
2021-05-21 22:00:00+05:30,0.0,27.39
2021-05-21 23:00:00+05:30,0.0,26.52
2021-05-22 00:00:00+05:30,0.0,25.63
2021-05-22 01:00:00+05:30,0.0,25.29
2021-05-22 02:00:00+05:30,0.0,24.64
2021-05-22 03:00:00+05:30,0.0,23.85
2021-05-22 04:00:00+05:30,0.0,23.13
2021-05-22 05:00:00+05:30,0.0,22.71
2021-05-22 06:00:00+05:30,62.24,22.64
2021-05-22 07:00:00+05:30,240.01,23.22
2021-05-22 08:00:00+05:30,423.42,25.95
2021-05-22 09:00:00+05:30,600.34,28.07
2021-05-22 10:00:00+05:30,729.02,29.62
2021-05-22 11:00:00+05:30,830.83,31.12
2021-05-22 12:00:00+05:30,885.47,32.36
2021-05-22 13:00:00+05:30,843.69,33.1
2021-05-22 14:00:00+05:30,796.85,33.81
2021-05-22 15:00:00+05:30,664.36,34.31
2021-05-22 16:00:00+05:30,533.84,34.53
2021-05-22 17:00:00+05:30,269.32,33.5
2021-05-22 18:00:00+05:30,128.05,32.28
2021-05-22 19:00:00+05:30,10.05,30.77
2021-05-22 20:00:00+05:30,0.0,29.32
2021-05-22 21:00:00+05:30,0.0,27.94
2021-05-22 22:00:00+05:30,0.0,26.82
2021-05-22 23:00:00+05:30,0.0,25.94
2021-05-23 00:00:00+05:30,0.0,25.15
2021-05-23 01:00:00+05:30,0.0,24.09
2021-05-23 02:00:00+05:30,0.0,23.46
2021-05-23 03:00:00+05:30,0.0,23.41
2021-05-23 04:00:00+05:30,0.0,23.46
2021-05-23 05:00:00+05:30,0.0,23.69
2021-05-23 06:00:00+05:30,59.84,23.68
2021-05-23 07:00:00+05:30,239.59,23.69
2021-05-23 08:00:00+05:30,429.24,25.52
2021-05-23 09:00:00+05:30,598.66,27.86
2021-05-23 10:00:00+05:30,741.34,30.2
2021-05-23 11:00:00+05:30,844.99,31.97
2021-05-23 12:00:00+05:30,888.79,30.83
2021-05-23 13:00:00+05:30,880.83,31.23
2021-05-23 14:00:00+05:30,817.69,31.86
2021-05-23 15:00:00+05:30,701.44,32.23
2021-05-23 16:00:00+05:30,553.11,32.36
2021-05-23 17:00:00+05:30,371.59,32.19
2021-05-23 18:00:00+05:30,184.63,31.78
2021-05-23 19:00:00+05:30,12.68,30.41
2021-05-23 20:00:00+05:30,0.0,28.64
2021-05-23 21:00:00+05:30,0.0,27.29
2021-05-23 22:00:00+05:30,0.0,26.32
2021-05-23 23:00:00+05:30,0.0,25.53
2021-05-24 00:00:00+05:30,0.0,24.85
2021-05-24 01:00:00+05:30,0.0,24.24
2021-05-24 02:00:00+05:30,0.0,23.48
2021-05-24 03:00:00+05:30,0.0,22.73
2021-05-24 04:00:00+05:30,0.0,22.09
2021-05-24 05:00:00+05:30,0.0,21.52
2021-05-24 06:00:00+05:30,66.49,21.01
2021-05-24 07:00:00+05:30,251.59,21.15
2021-05-24 08:00:00+05:30,449.89,24.18
2021-05-24 09:00:00+05:30,626.44,27.56
2021-05-24 10:00:00+05:30,767.97,29.92
2021-05-24 11:00:00+05:30,864.38,31.59
2021-05-24 12:00:00+05:30,908.0,32.79
2021-05-24 13:00:00+05:30,897.96,33.99
2021-05-24 14:00:00+05:30,835.31,34.5
2021-05-24 15:00:00+05:30,724.03,34.8
2021-05-24 16:00:00+05:30,571.14,34.89
2021-05-24 17:00:00+05:30,389.35,34.71
2021-05-24 18:00:00+05:30,193.7,33.91
2021-05-24 19:00:00+05:30,13.22,32.54
2021-05-24 20:00:00+05:30,0.0,29.79
2021-05-24 21:00:00+05:30,0.0,27.14
2021-05-24 22:00:00+05:30,0.0,25.62
2021-05-24 23:00:00+05:30,0.0,24.46
2021-05-25 00:00:00+05:30,0.0,23.81
2021-05-25 01:00:00+05:30,0.0,23.56
2021-05-25 02:00:00+05:30,0.0,23.09
2021-05-25 03:00:00+05:30,0.0,23.52
2021-05-25 04:00:00+05:30,0.0,23.67
2021-05-25 05:00:00+05:30,0.0,23.39
2021-05-25 06:00:00+05:30,67.77,22.95
2021-05-25 07:00:00+05:30,253.7,23.04
2021-05-25 08:00:00+05:30,451.8,25.37
2021-05-25 09:00:00+05:30,628.11,28.59
2021-05-25 10:00:00+05:30,768.97,30.76
2021-05-25 11:00:00+05:30,864.82,32.36
2021-05-25 12:00:00+05:30,907.43,33.66
2021-05-25 13:00:00+05:30,897.21,35.29
2021-05-25 14:00:00+05:30,835.86,36.11
2021-05-25 15:00:00+05:30,718.82,36.6
2021-05-25 16:00:00+05:30,540.3,36.73
2021-05-25 17:00:00+05:30,372.33,36.37
2021-05-25 18:00:00+05:30,179.4,35.41
2021-05-25 19:00:00+05:30,12.34,33.65
2021-05-25 20:00:00+05:30,0.0,31.39
2021-05-25 21:00:00+05:30,0.0,29.53
2021-05-25 22:00:00+05:30,0.0,28.31
2021-05-25 23:00:00+05:30,0.0,27.39
2021-05-26 00:00:00+05:30,0.0,26.36
2021-05-26 01:00:00+05:30,0.0,26.54
2021-05-26 02:00:00+05:30,0.0,26.54
2021-05-26 03:00:00+05:30,0.0,26.27
2021-05-26 04:00:00+05:30,0.0,25.89
2021-05-26 05:00:00+05:30,0.0,25.54
2021-05-26 06:00:00+05:30,64.81,25.05
2021-05-26 07:00:00+05:30,245.58,24.93
2021-05-26 08:00:00+05:30,440.57,26.96
2021-05-26 09:00:00+05:30,615.87,29.55
2021-05-26 10:00:00+05:30,758.37,31.47
2021-05-26 11:00:00+05:30,856.51,33.34
2021-05-26 12:00:00+05:30,902.48,35.0
2021-05-26 13:00:00+05:30,873.66,36.47
2021-05-26 14:00:00+05:30,812.48,37.42
2021-05-26 15:00:00+05:30,668.7,38.01
2021-05-26 16:00:00+05:30,539.05,38.08
2021-05-26 17:00:00+05:30,360.96,37.9
2021-05-26 18:00:00+05:30,191.22,36.9
2021-05-26 19:00:00+05:30,13.51,35.26
2021-05-26 20:00:00+05:30,0.0,32.78
2021-05-26 21:00:00+05:30,0.0,30.34
2021-05-26 22:00:00+05:30,0.0,28.5
2021-05-26 23:00:00+05:30,0.0,26.95
2021-05-27 00:00:00+05:30,0.0,26.24
2021-05-27 01:00:00+05:30,0.0,26.34
2021-05-27 02:00:00+05:30,0.0,26.22
2021-05-27 03:00:00+05:30,0.0,25.96
2021-05-27 04:00:00+05:30,0.0,25.73
2021-05-27 05:00:00+05:30,0.0,25.46
2021-05-27 06:00:00+05:30,65.1,25.09
2021-05-27 07:00:00+05:30,246.39,25.36
2021-05-27 08:00:00+05:30,440.84,27.61
2021-05-27 09:00:00+05:30,613.85,30.4
2021-05-27 10:00:00+05:30,752.76,32.72
2021-05-27 11:00:00+05:30,836.42,34.63
2021-05-27 12:00:00+05:30,822.24,36.32
2021-05-27 13:00:00+05:30,705.21,37.5
2021-05-27 14:00:00+05:30,679.54,38.02
2021-05-27 15:00:00+05:30,593.43,38.59
2021-05-27 16:00:00+05:30,462.55,38.79
2021-05-27 17:00:00+05:30,334.62,38.73
2021-05-27 18:00:00+05:30,164.56,38.1
2021-05-27 19:00:00+05:30,14.05,35.94
2021-05-27 20:00:00+05:30,0.0,33.15
2021-05-27 21:00:00+05:30,0.0,30.68
2021-05-27 22:00:00+05:30,0.0,29.32
2021-05-27 23:00:00+05:30,0.0,28.32
2021-05-28 00:00:00+05:30,0.0,27.38
2021-05-28 01:00:00+05:30,0.0,27.16
2021-05-28 02:00:00+05:30,0.0,27.64
2021-05-28 03:00:00+05:30,0.0,25.26
2021-05-28 04:00:00+05:30,0.0,25.38
2021-05-28 05:00:00+05:30,0.0,25.39
2021-05-28 06:00:00+05:30,64.85,25.02
2021-05-28 07:00:00+05:30,244.48,25.33
2021-05-28 08:00:00+05:30,437.59,28.25
2021-05-28 09:00:00+05:30,612.46,30.79
2021-05-28 10:00:00+05:30,753.8,33.03
2021-05-28 11:00:00+05:30,851.45,35.22
2021-05-28 12:00:00+05:30,896.74,37.14
2021-05-28 13:00:00+05:30,883.4,38.62
2021-05-28 14:00:00+05:30,819.2,39.76
2021-05-28 15:00:00+05:30,709.28,40.38
2021-05-28 16:00:00+05:30,517.69,40.54
2021-05-28 17:00:00+05:30,344.8,40.22
2021-05-28 18:00:00+05:30,184.25,39.1
2021-05-28 19:00:00+05:30,14.68,37.09
2021-05-28 20:00:00+05:30,0.0,34.64
2021-05-28 21:00:00+05:30,0.0,32.52
2021-05-28 22:00:00+05:30,0.0,31.02
2021-05-28 23:00:00+05:30,0.0,28.48
2021-05-29 00:00:00+05:30,0.0,27.31
2021-05-29 01:00:00+05:30,0.0,30.59
2021-05-29 02:00:00+05:30,0.0,28.63
2021-05-29 03:00:00+05:30,0.0,27.16
2021-05-29 04:00:00+05:30,0.0,27.29
2021-05-29 05:00:00+05:30,0.0,26.24
2021-05-29 06:00:00+05:30,60.54,25.55
2021-05-29 07:00:00+05:30,236.08,25.95
2021-05-29 08:00:00+05:30,428.68,29.38
2021-05-29 09:00:00+05:30,600.73,31.75
2021-05-29 10:00:00+05:30,738.34,33.63
2021-05-29 11:00:00+05:30,833.49,35.59
2021-05-29 12:00:00+05:30,882.16,37.31
2021-05-29 13:00:00+05:30,869.17,37.94
2021-05-29 14:00:00+05:30,811.61,38.94
2021-05-29 15:00:00+05:30,694.52,39.59
2021-05-29 16:00:00+05:30,546.3,39.84
2021-05-29 17:00:00+05:30,311.69,39.77
2021-05-29 18:00:00+05:30,150.12,38.3
2021-05-29 19:00:00+05:30,11.66,36.28
2021-05-29 20:00:00+05:30,0.0,34.83
2021-05-29 21:00:00+05:30,0.0,33.55
2021-05-29 22:00:00+05:30,0.0,32.43
2021-05-29 23:00:00+05:30,0.0,32.09
2021-05-30 00:00:00+05:30,0.0,31.59
2021-05-30 01:00:00+05:30,0.0,30.78
2021-05-30 02:00:00+05:30,0.0,30.13
2021-05-30 03:00:00+05:30,0.0,29.28
2021-05-30 04:00:00+05:30,0.0,28.83
2021-05-30 05:00:00+05:30,0.0,28.43
2021-05-30 06:00:00+05:30,63.5,28.16
2021-05-30 07:00:00+05:30,240.07,28.36
2021-05-30 08:00:00+05:30,432.39,29.9
2021-05-30 09:00:00+05:30,605.11,31.89
2021-05-30 10:00:00+05:30,742.39,33.87
2021-05-30 11:00:00+05:30,837.91,35.72
2021-05-30 12:00:00+05:30,882.43,37.21
2021-05-30 13:00:00+05:30,873.43,37.8
2021-05-30 14:00:00+05:30,786.59,38.65
2021-05-30 15:00:00+05:30,672.28,39.16
2021-05-30 16:00:00+05:30,543.12,39.29
2021-05-30 17:00:00+05:30,363.28,39.23
2021-05-30 18:00:00+05:30,152.57,38.55
2021-05-30 19:00:00+05:30,13.56,36.46
2021-05-30 20:00:00+05:30,0.0,34.77
2021-05-30 21:00:00+05:30,0.0,33.06
2021-05-30 22:00:00+05:30,0.0,31.92
2021-05-30 23:00:00+05:30,0.0,31.53
2021-05-31 00:00:00+05:30,0.0,30.85
2021-05-31 01:00:00+05:30,0.0,28.94
2021-05-31 02:00:00+05:30,0.0,28.16
2021-05-31 03:00:00+05:30,0.0,27.77
2021-05-31 04:00:00+05:30,0.0,27.48
2021-05-31 05:00:00+05:30,0.0,27.15
2021-05-31 06:00:00+05:30,56.59,26.89
2021-05-31 07:00:00+05:30,184.39,27.22
2021-05-31 08:00:00+05:30,327.41,28.7
2021-05-31 09:00:00+05:30,496.52,30.39
2021-05-31 10:00:00+05:30,712.98,32.01
2021-05-31 11:00:00+05:30,831.25,34.1
2021-05-31 12:00:00+05:30,878.86,35.91
2021-05-31 13:00:00+05:30,829.13,37.19
2021-05-31 14:00:00+05:30,678.52,37.78
2021-05-31 15:00:00+05:30,583.87,37.92
2021-05-31 16:00:00+05:30,426.1,38.0
2021-05-31 17:00:00+05:30,290.0,37.78
2021-05-31 18:00:00+05:30,129.56,36.77
2021-05-31 19:00:00+05:30,30.7,35.35
2021-05-31 20:00:00+05:30,0.0,33.24
2021-05-31 21:00:00+05:30,0.0,32.09
2021-05-31 22:00:00+05:30,0.0,31.2
2021-05-31 23:00:00+05:30,0.0,30.12
2021-06-01 00:00:00+05:30,0.0,29.18
2021-06-01 01:00:00+05:30,0.0,28.86
2021-06-01 02:00:00+05:30,0.0,29.22
2021-06-01 03:00:00+05:30,0.0,29.42
2021-06-01 04:00:00+05:30,0.0,29.05
2021-06-01 05:00:00+05:30,0.0,28.34
2021-06-01 06:00:00+05:30,60.67,27.68
2021-06-01 07:00:00+05:30,235.84,27.73
2021-06-01 08:00:00+05:30,425.22,30.05
2021-06-01 09:00:00+05:30,596.83,31.73
2021-06-01 10:00:00+05:30,726.35,33.15
2021-06-01 11:00:00+05:30,834.09,34.6
2021-06-01 12:00:00+05:30,780.03,35.94
2021-06-01 13:00:00+05:30,819.14,34.35
2021-06-01 14:00:00+05:30,792.6,35.18
2021-06-01 15:00:00+05:30,672.51,35.67
2021-06-01 16:00:00+05:30,506.55,35.87
2021-06-01 17:00:00+05:30,352.1,35.72
2021-06-01 18:00:00+05:30,180.76,35.36
2021-06-01 19:00:00+05:30,36.63,34.55
2021-06-01 20:00:00+05:30,0.0,32.9
2021-06-01 21:00:00+05:30,0.0,31.71
2021-06-01 22:00:00+05:30,0.0,30.6
2021-06-01 23:00:00+05:30,0.0,29.7
2021-06-02 00:00:00+05:30,0.0,28.9
2021-06-02 01:00:00+05:30,0.0,27.73
2021-06-02 02:00:00+05:30,0.0,27.29
2021-06-02 03:00:00+05:30,0.0,26.88
2021-06-02 04:00:00+05:30,0.0,26.42
2021-06-02 05:00:00+05:30,0.0,25.92
2021-06-02 06:00:00+05:30,61.29,25.38
2021-06-02 07:00:00+05:30,228.74,25.57
2021-06-02 08:00:00+05:30,425.56,27.86
2021-06-02 09:00:00+05:30,594.94,30.27
2021-06-02 10:00:00+05:30,732.89,32.16
2021-06-02 11:00:00+05:30,812.29,33.61
2021-06-02 12:00:00+05:30,830.32,34.77
2021-06-02 13:00:00+05:30,815.43,33.74
2021-06-02 14:00:00+05:30,718.37,34.4
2021-06-02 15:00:00+05:30,666.27,34.74
2021-06-02 16:00:00+05:30,494.21,34.94
2021-06-02 17:00:00+05:30,344.94,34.99
2021-06-02 18:00:00+05:30,169.81,34.6
2021-06-02 19:00:00+05:30,35.76,33.88
2021-06-02 20:00:00+05:30,0.0,32.52
2021-06-02 21:00:00+05:30,0.0,31.09
2021-06-02 22:00:00+05:30,0.0,30.19
2021-06-02 23:00:00+05:30,0.0,28.94
2021-06-03 00:00:00+05:30,0.0,28.27
2021-06-03 01:00:00+05:30,0.0,26.75
2021-06-03 02:00:00+05:30,0.0,26.36
2021-06-03 03:00:00+05:30,0.0,26.05
2021-06-03 04:00:00+05:30,0.0,25.87
2021-06-03 05:00:00+05:30,0.0,25.67
2021-06-03 06:00:00+05:30,58.16,25.32
2021-06-03 07:00:00+05:30,220.63,25.71
2021-06-03 08:00:00+05:30,403.65,28.38
2021-06-03 09:00:00+05:30,492.28,30.46
2021-06-03 10:00:00+05:30,561.57,31.59
2021-06-03 11:00:00+05:30,735.01,32.51
2021-06-03 12:00:00+05:30,809.02,33.7
2021-06-03 13:00:00+05:30,780.6,34.81
2021-06-03 14:00:00+05:30,716.48,35.41
2021-06-03 15:00:00+05:30,618.8,35.7
2021-06-03 16:00:00+05:30,503.41,35.77
2021-06-03 17:00:00+05:30,342.02,35.92
2021-06-03 18:00:00+05:30,136.55,34.86
2021-06-03 19:00:00+05:30,28.13,33.33
2021-06-03 20:00:00+05:30,0.0,30.87
2021-06-03 21:00:00+05:30,0.0,29.11
2021-06-03 22:00:00+05:30,0.0,28.21
2021-06-03 23:00:00+05:30,0.0,27.5
2021-06-04 00:00:00+05:30,0.0,26.94
2021-06-04 01:00:00+05:30,0.0,27.74
2021-06-04 02:00:00+05:30,0.0,27.43
2021-06-04 03:00:00+05:30,0.0,26.96
2021-06-04 04:00:00+05:30,0.0,26.47
2021-06-04 05:00:00+05:30,0.0,25.93
2021-06-04 06:00:00+05:30,56.45,25.34
2021-06-04 07:00:00+05:30,221.23,25.74
2021-06-04 08:00:00+05:30,410.87,28.48
2021-06-04 09:00:00+05:30,578.28,31.04
2021-06-04 10:00:00+05:30,719.55,33.15
2021-06-04 11:00:00+05:30,764.09,34.72
2021-06-04 12:00:00+05:30,764.96,35.59
2021-06-04 13:00:00+05:30,700.89,36.48
2021-06-04 14:00:00+05:30,619.75,36.8
2021-06-04 15:00:00+05:30,451.01,36.92
2021-06-04 16:00:00+05:30,355.19,33.75
2021-06-04 17:00:00+05:30,293.84,32.85
2021-06-04 18:00:00+05:30,168.49,32.63
2021-06-04 19:00:00+05:30,34.65,31.99
2021-06-04 20:00:00+05:30,0.0,30.79
2021-06-04 21:00:00+05:30,0.0,29.99
2021-06-04 22:00:00+05:30,0.0,29.02
2021-06-04 23:00:00+05:30,0.0,28.53
2021-06-05 00:00:00+05:30,0.0,28.0
2021-06-05 01:00:00+05:30,0.0,27.57
2021-06-05 02:00:00+05:30,0.0,27.0
2021-06-05 03:00:00+05:30,0.0,26.44
2021-06-05 04:00:00+05:30,0.0,26.08
2021-06-05 05:00:00+05:30,0.0,25.83
2021-06-05 06:00:00+05:30,55.04,25.55
2021-06-05 07:00:00+05:30,219.04,25.98
2021-06-05 08:00:00+05:30,396.06,28.19
2021-06-05 09:00:00+05:30,594.18,30.49
2021-06-05 10:00:00+05:30,725.55,32.64
2021-06-05 11:00:00+05:30,822.02,34.56
2021-06-05 12:00:00+05:30,815.77,36.03
2021-06-05 13:00:00+05:30,762.46,36.98
2021-06-05 14:00:00+05:30,688.87,37.49
2021-06-05 15:00:00+05:30,574.38,37.74
2021-06-05 16:00:00+05:30,453.03,37.6
2021-06-05 17:00:00+05:30,286.02,37.31
2021-06-05 18:00:00+05:30,142.94,36.69
2021-06-05 19:00:00+05:30,30.73,34.79
2021-06-05 20:00:00+05:30,0.0,32.72
2021-06-05 21:00:00+05:30,0.0,30.88
2021-06-05 22:00:00+05:30,0.0,29.82
2021-06-05 23:00:00+05:30,0.0,29.19
2021-06-06 00:00:00+05:30,0.0,28.55
2021-06-06 01:00:00+05:30,0.0,26.1
2021-06-06 02:00:00+05:30,0.0,25.7
2021-06-06 03:00:00+05:30,0.0,25.41
2021-06-06 04:00:00+05:30,0.0,25.18
2021-06-06 05:00:00+05:30,0.0,24.99
2021-06-06 06:00:00+05:30,51.92,24.79
2021-06-06 07:00:00+05:30,212.73,25.22
2021-06-06 08:00:00+05:30,407.96,26.89
2021-06-06 09:00:00+05:30,576.41,28.92
2021-06-06 10:00:00+05:30,713.51,30.93
2021-06-06 11:00:00+05:30,811.68,32.79
2021-06-06 12:00:00+05:30,861.48,34.15
2021-06-06 13:00:00+05:30,839.16,35.3
2021-06-06 14:00:00+05:30,800.07,36.07
2021-06-06 15:00:00+05:30,695.46,36.68
2021-06-06 16:00:00+05:30,520.2,37.01
2021-06-06 17:00:00+05:30,345.65,36.89
2021-06-06 18:00:00+05:30,169.63,36.48
2021-06-06 19:00:00+05:30,29.64,35.43
2021-06-06 20:00:00+05:30,0.0,33.75
2021-06-06 21:00:00+05:30,0.0,32.5
2021-06-06 22:00:00+05:30,0.0,31.5
2021-06-06 23:00:00+05:30,0.0,30.8
2021-06-07 00:00:00+05:30,0.0,30.2
2021-06-07 01:00:00+05:30,0.0,29.84
2021-06-07 02:00:00+05:30,0.0,29.51
2021-06-07 03:00:00+05:30,0.0,29.01
2021-06-07 04:00:00+05:30,0.0,28.54
2021-06-07 05:00:00+05:30,0.0,28.26
2021-06-07 06:00:00+05:30,57.42,27.94
2021-06-07 07:00:00+05:30,229.58,28.33
2021-06-07 08:00:00+05:30,416.57,29.99
2021-06-07 09:00:00+05:30,582.76,31.94
2021-06-07 10:00:00+05:30,723.07,33.84
2021-06-07 11:00:00+05:30,668.43,35.51
2021-06-07 12:00:00+05:30,815.42,36.19
2021-06-07 13:00:00+05:30,710.14,37.48
2021-06-07 14:00:00+05:30,705.62,37.88
2021-06-07 15:00:00+05:30,616.55,38.39
2021-06-07 16:00:00+05:30,436.25,38.56
2021-06-07 17:00:00+05:30,258.02,38.48
2021-06-07 18:00:00+05:30,156.78,37.9
2021-06-07 19:00:00+05:30,29.17,36.9
2021-06-07 20:00:00+05:30,0.0,34.93
2021-06-07 21:00:00+05:30,0.0,33.53
2021-06-07 22:00:00+05:30,0.0,32.82
2021-06-07 23:00:00+05:30,0.0,32.5
2021-06-08 00:00:00+05:30,0.0,32.15
2021-06-08 01:00:00+05:30,0.0,31.54
2021-06-08 02:00:00+05:30,0.0,31.0
2021-06-08 03:00:00+05:30,0.0,30.53
2021-06-08 04:00:00+05:30,0.0,30.05
2021-06-08 05:00:00+05:30,0.0,29.71
2021-06-08 06:00:00+05:30,57.56,29.39
2021-06-08 07:00:00+05:30,228.36,29.58
2021-06-08 08:00:00+05:30,418.25,30.81
2021-06-08 09:00:00+05:30,593.5,32.43
2021-06-08 10:00:00+05:30,733.81,34.03
2021-06-08 11:00:00+05:30,831.98,35.63
2021-06-08 12:00:00+05:30,869.12,37.1
2021-06-08 13:00:00+05:30,808.75,38.29
2021-06-08 14:00:00+05:30,735.48,38.98
2021-06-08 15:00:00+05:30,656.36,39.32
2021-06-08 16:00:00+05:30,516.53,39.51
2021-06-08 17:00:00+05:30,359.62,39.38
2021-06-08 18:00:00+05:30,187.55,38.69
2021-06-08 19:00:00+05:30,38.45,37.45
2021-06-08 20:00:00+05:30,0.0,35.52
2021-06-08 21:00:00+05:30,0.0,34.08
2021-06-08 22:00:00+05:30,0.0,33.23
2021-06-08 23:00:00+05:30,0.0,32.57
2021-06-09 00:00:00+05:30,0.0,31.85
2021-06-09 01:00:00+05:30,0.0,31.65
2021-06-09 02:00:00+05:30,0.0,31.05
2021-06-09 03:00:00+05:30,0.0,30.51
2021-06-09 04:00:00+05:30,0.0,30.03
2021-06-09 05:00:00+05:30,0.0,29.67
2021-06-09 06:00:00+05:30,58.54,29.4
2021-06-09 07:00:00+05:30,229.18,29.63
2021-06-09 08:00:00+05:30,419.72,30.73
2021-06-09 09:00:00+05:30,592.49,31.95
2021-06-09 10:00:00+05:30,731.34,33.29
2021-06-09 11:00:00+05:30,828.81,34.83
2021-06-09 12:00:00+05:30,881.89,36.36
2021-06-09 13:00:00+05:30,849.11,37.7
2021-06-09 14:00:00+05:30,771.92,38.61
2021-06-09 15:00:00+05:30,667.65,39.16
2021-06-09 16:00:00+05:30,538.94,39.44
2021-06-09 17:00:00+05:30,374.91,39.33
2021-06-09 18:00:00+05:30,191.38,38.86
2021-06-09 19:00:00+05:30,39.28,37.62
2021-06-09 20:00:00+05:30,0.0,35.46
2021-06-09 21:00:00+05:30,0.0,33.81
2021-06-09 22:00:00+05:30,0.0,32.78
2021-06-09 23:00:00+05:30,0.0,32.14
2021-06-10 00:00:00+05:30,0.0,31.52
2021-06-10 01:00:00+05:30,0.0,31.32
2021-06-10 02:00:00+05:30,0.0,30.7
2021-06-10 03:00:00+05:30,0.0,30.14
2021-06-10 04:00:00+05:30,0.0,29.66
2021-06-10 05:00:00+05:30,0.0,29.32
2021-06-10 06:00:00+05:30,58.93,29.06
2021-06-10 07:00:00+05:30,229.13,29.26
2021-06-10 08:00:00+05:30,421.12,30.3
2021-06-10 09:00:00+05:30,593.31,31.65
2021-06-10 10:00:00+05:30,733.92,33.33
2021-06-10 11:00:00+05:30,832.51,34.99
2021-06-10 12:00:00+05:30,850.76,36.51
2021-06-10 13:00:00+05:30,851.92,37.69
2021-06-10 14:00:00+05:30,784.92,38.65
2021-06-10 15:00:00+05:30,669.39,39.17
2021-06-10 16:00:00+05:30,505.91,39.36
2021-06-10 17:00:00+05:30,365.01,39.32
2021-06-10 18:00:00+05:30,181.72,38.98
2021-06-10 19:00:00+05:30,38.11,37.86
2021-06-10 20:00:00+05:30,0.0,35.68
2021-06-10 21:00:00+05:30,0.0,34.1
2021-06-10 22:00:00+05:30,0.0,33.25
2021-06-10 23:00:00+05:30,0.0,32.78
2021-06-11 00:00:00+05:30,0.0,32.44
2021-06-11 01:00:00+05:30,0.0,31.9
2021-06-11 02:00:00+05:30,0.0,31.32
2021-06-11 03:00:00+05:30,0.0,30.82
2021-06-11 04:00:00+05:30,0.0,30.43
2021-06-11 05:00:00+05:30,0.0,30.08
2021-06-11 06:00:00+05:30,56.68,29.7
2021-06-11 07:00:00+05:30,226.61,29.6
2021-06-11 08:00:00+05:30,414.98,30.27
2021-06-11 09:00:00+05:30,586.83,31.46
2021-06-11 10:00:00+05:30,725.53,33.01
2021-06-11 11:00:00+05:30,826.02,34.68
2021-06-11 12:00:00+05:30,865.5,36.26
2021-06-11 13:00:00+05:30,866.84,37.59
2021-06-11 14:00:00+05:30,795.67,38.57
2021-06-11 15:00:00+05:30,695.99,39.19
2021-06-11 16:00:00+05:30,498.11,39.51
2021-06-11 17:00:00+05:30,332.5,39.36
2021-06-11 18:00:00+05:30,180.57,38.93
2021-06-11 19:00:00+05:30,35.53,37.94
2021-06-11 20:00:00+05:30,0.0,36.16
2021-06-11 21:00:00+05:30,0.0,34.49
2021-06-11 22:00:00+05:30,0.0,33.25
2021-06-11 23:00:00+05:30,0.0,32.36
2021-06-12 00:00:00+05:30,0.0,31.97
2021-06-12 01:00:00+05:30,0.0,31.71
2021-06-12 02:00:00+05:30,0.0,31.3
2021-06-12 03:00:00+05:30,0.0,30.86
2021-06-12 04:00:00+05:30,0.0,30.48
2021-06-12 05:00:00+05:30,0.0,30.14
2021-06-12 06:00:00+05:30,56.77,29.78
2021-06-12 07:00:00+05:30,225.37,29.84
2021-06-12 08:00:00+05:30,413.33,30.68
2021-06-12 09:00:00+05:30,585.08,31.91
2021-06-12 10:00:00+05:30,723.77,33.41
2021-06-12 11:00:00+05:30,820.38,34.99
2021-06-12 12:00:00+05:30,859.15,36.41
2021-06-12 13:00:00+05:30,858.5,37.81
2021-06-12 14:00:00+05:30,807.1,38.63
2021-06-12 15:00:00+05:30,689.72,39.14
2021-06-12 16:00:00+05:30,559.27,39.35
2021-06-12 17:00:00+05:30,385.83,39.28
2021-06-12 18:00:00+05:30,192.02,38.85
2021-06-12 19:00:00+05:30,40.15,37.72
2021-06-12 20:00:00+05:30,0.0,35.78
2021-06-12 21:00:00+05:30,0.0,34.29
2021-06-12 22:00:00+05:30,0.0,33.48
2021-06-12 23:00:00+05:30,0.0,32.68
2021-06-13 00:00:00+05:30,0.0,31.81
2021-06-13 01:00:00+05:30,0.0,30.6
2021-06-13 02:00:00+05:30,0.0,30.03
2021-06-13 03:00:00+05:30,0.0,29.49
2021-06-13 04:00:00+05:30,0.0,28.86
2021-06-13 05:00:00+05:30,0.0,28.27
2021-06-13 06:00:00+05:30,53.09,27.81
2021-06-13 07:00:00+05:30,191.91,28.15
2021-06-13 08:00:00+05:30,345.79,29.91
2021-06-13 09:00:00+05:30,488.88,31.87
2021-06-13 10:00:00+05:30,665.25,33.66
2021-06-13 11:00:00+05:30,809.5,35.16
2021-06-13 12:00:00+05:30,766.01,36.55
2021-06-13 13:00:00+05:30,776.47,36.54
2021-06-13 14:00:00+05:30,600.54,36.89
2021-06-13 15:00:00+05:30,584.68,34.3
2021-06-13 16:00:00+05:30,444.48,33.86
2021-06-13 17:00:00+05:30,358.39,34.49
2021-06-13 18:00:00+05:30,190.43,34.67
2021-06-13 19:00:00+05:30,37.97,34.31
2021-06-13 20:00:00+05:30,0.0,33.33
2021-06-13 21:00:00+05:30,0.0,32.03
2021-06-13 22:00:00+05:30,0.0,31.2
2021-06-13 23:00:00+05:30,0.0,30.55
2021-06-14 00:00:00+05:30,0.0,29.97
2021-06-14 01:00:00+05:30,0.0,28.53
2021-06-14 02:00:00+05:30,0.0,28.17
2021-06-14 03:00:00+05:30,0.0,27.94
2021-06-14 04:00:00+05:30,0.0,27.72
2021-06-14 05:00:00+05:30,0.0,27.18
2021-06-14 06:00:00+05:30,49.37,26.65
2021-06-14 07:00:00+05:30,193.35,26.79
2021-06-14 08:00:00+05:30,389.84,28.26
2021-06-14 09:00:00+05:30,524.83,30.27
2021-06-14 10:00:00+05:30,713.24,32.29
2021-06-14 11:00:00+05:30,783.24,34.39
2021-06-14 12:00:00+05:30,812.1,35.83
2021-06-14 13:00:00+05:30,747.5,37.17
2021-06-14 14:00:00+05:30,687.11,37.75
2021-06-14 15:00:00+05:30,613.87,38.23
2021-06-14 16:00:00+05:30,469.1,38.44
2021-06-14 17:00:00+05:30,300.95,38.24
2021-06-14 18:00:00+05:30,150.09,36.55
2021-06-14 19:00:00+05:30,32.77,35.55
2021-06-14 20:00:00+05:30,0.0,34.15
2021-06-14 21:00:00+05:30,0.0,33.2
2021-06-14 22:00:00+05:30,0.0,32.34
2021-06-14 23:00:00+05:30,0.0,31.66
2021-06-15 00:00:00+05:30,0.0,31.1
2021-06-15 01:00:00+05:30,0.0,30.37
2021-06-15 02:00:00+05:30,0.0,29.9
2021-06-15 03:00:00+05:30,0.0,29.7
2021-06-15 04:00:00+05:30,0.0,29.33
2021-06-15 05:00:00+05:30,0.0,29.26
2021-06-15 06:00:00+05:30,48.96,28.9
2021-06-15 07:00:00+05:30,208.65,29.16
2021-06-15 08:00:00+05:30,375.74,30.64
2021-06-15 09:00:00+05:30,486.34,32.32
2021-06-15 10:00:00+05:30,649.45,33.8
2021-06-15 11:00:00+05:30,587.32,35.12
2021-06-15 12:00:00+05:30,744.19,35.91
2021-06-15 13:00:00+05:30,744.66,36.13
2021-06-15 14:00:00+05:30,578.86,37.07
2021-06-15 15:00:00+05:30,512.13,37.31
2021-06-15 16:00:00+05:30,486.56,37.52
2021-06-15 17:00:00+05:30,371.69,37.79
2021-06-15 18:00:00+05:30,160.2,37.54
2021-06-15 19:00:00+05:30,28.04,35.35
2021-06-15 20:00:00+05:30,0.0,34.31
2021-06-15 21:00:00+05:30,0.0,33.3
2021-06-15 22:00:00+05:30,0.0,32.51
2021-06-15 23:00:00+05:30,0.0,31.53
2021-06-16 00:00:00+05:30,0.0,29.55
2021-06-16 01:00:00+05:30,0.0,28.13
2021-06-16 02:00:00+05:30,0.0,27.62
2021-06-16 03:00:00+05:30,0.0,26.96
2021-06-16 04:00:00+05:30,0.0,26.64
2021-06-16 05:00:00+05:30,0.0,26.39
2021-06-16 06:00:00+05:30,51.48,26.28
2021-06-16 07:00:00+05:30,199.7,26.67
2021-06-16 08:00:00+05:30,371.06,28.8
2021-06-16 09:00:00+05:30,516.41,31.17
2021-06-16 10:00:00+05:30,702.85,32.63
2021-06-16 11:00:00+05:30,677.82,33.0
2021-06-16 12:00:00+05:30,607.0,32.46
2021-06-16 13:00:00+05:30,618.16,30.2
2021-06-16 14:00:00+05:30,451.8,30.74
2021-06-16 15:00:00+05:30,496.69,31.34
2021-06-16 16:00:00+05:30,439.95,32.68
2021-06-16 17:00:00+05:30,317.89,33.18
2021-06-16 18:00:00+05:30,151.3,33.1
2021-06-16 19:00:00+05:30,22.54,31.52
2021-06-16 20:00:00+05:30,0.0,30.15
2021-06-16 21:00:00+05:30,0.0,29.35
2021-06-16 22:00:00+05:30,0.0,28.83
2021-06-16 23:00:00+05:30,0.0,28.41
2021-06-17 00:00:00+05:30,0.0,27.94
2021-06-17 01:00:00+05:30,0.0,27.92
2021-06-17 02:00:00+05:30,0.0,27.79
2021-06-17 03:00:00+05:30,0.0,27.59
2021-06-17 04:00:00+05:30,0.0,27.38
2021-06-17 05:00:00+05:30,0.0,27.08
2021-06-17 06:00:00+05:30,51.11,26.96
2021-06-17 07:00:00+05:30,213.07,26.91
2021-06-17 08:00:00+05:30,400.48,29.05
2021-06-17 09:00:00+05:30,541.26,31.29
2021-06-17 10:00:00+05:30,658.1,33.12
2021-06-17 11:00:00+05:30,680.92,34.41
2021-06-17 12:00:00+05:30,680.13,35.53
2021-06-17 13:00:00+05:30,692.01,35.2
2021-06-17 14:00:00+05:30,662.21,35.94
2021-06-17 15:00:00+05:30,630.16,36.47
2021-06-17 16:00:00+05:30,496.8,36.98
2021-06-17 17:00:00+05:30,354.33,36.85
2021-06-17 18:00:00+05:30,128.86,36.36
2021-06-17 19:00:00+05:30,29.86,35.15
2021-06-17 20:00:00+05:30,0.0,33.88
2021-06-17 21:00:00+05:30,0.0,32.7
2021-06-17 22:00:00+05:30,0.0,31.68
2021-06-17 23:00:00+05:30,0.0,30.66
2021-06-18 00:00:00+05:30,0.0,29.95
2021-06-18 01:00:00+05:30,0.0,29.48
2021-06-18 02:00:00+05:30,0.0,28.97
2021-06-18 03:00:00+05:30,0.0,28.3
2021-06-18 04:00:00+05:30,0.0,27.75
2021-06-18 05:00:00+05:30,0.0,27.15
2021-06-18 06:00:00+05:30,47.58,26.7
2021-06-18 07:00:00+05:30,193.96,26.89
2021-06-18 08:00:00+05:30,375.19,28.3
2021-06-18 09:00:00+05:30,565.26,30.21
2021-06-18 10:00:00+05:30,672.6,32.19
2021-06-18 11:00:00+05:30,692.65,33.78
2021-06-18 12:00:00+05:30,717.39,34.79
2021-06-18 13:00:00+05:30,690.8,35.37
2021-06-18 14:00:00+05:30,711.46,35.79
2021-06-18 15:00:00+05:30,543.33,36.53
2021-06-18 16:00:00+05:30,419.78,36.52
2021-06-18 17:00:00+05:30,282.08,36.58
2021-06-18 18:00:00+05:30,159.12,36.09
2021-06-18 19:00:00+05:30,26.18,35.67
2021-06-18 20:00:00+05:30,0.0,34.18
2021-06-18 21:00:00+05:30,0.0,32.77
2021-06-18 22:00:00+05:30,0.0,31.26
2021-06-18 23:00:00+05:30,0.0,29.85
2021-06-19 00:00:00+05:30,0.0,28.78
2021-06-19 01:00:00+05:30,0.0,28.78
2021-06-19 02:00:00+05:30,0.0,28.3
2021-06-19 03:00:00+05:30,0.0,27.85
2021-06-19 04:00:00+05:30,0.0,27.7
2021-06-19 05:00:00+05:30,0.0,27.48
2021-06-19 06:00:00+05:30,42.74,27.15
2021-06-19 07:00:00+05:30,199.99,27.14
2021-06-19 08:00:00+05:30,378.72,28.26
2021-06-19 09:00:00+05:30,524.22,30.05
2021-06-19 10:00:00+05:30,643.81,31.87
2021-06-19 11:00:00+05:30,645.24,33.65
2021-06-19 12:00:00+05:30,654.22,35.05
2021-06-19 13:00:00+05:30,535.87,35.34
2021-06-19 14:00:00+05:30,501.56,35.75
2021-06-19 15:00:00+05:30,448.42,36.08
2021-06-19 16:00:00+05:30,327.08,36.28
2021-06-19 17:00:00+05:30,227.34,36.15
2021-06-19 18:00:00+05:30,107.22,35.73
2021-06-19 19:00:00+05:30,19.97,35.15
2021-06-19 20:00:00+05:30,0.0,33.55
2021-06-19 21:00:00+05:30,0.0,32.12
2021-06-19 22:00:00+05:30,0.0,30.68
2021-06-19 23:00:00+05:30,0.0,29.65
2021-06-20 00:00:00+05:30,0.0,29.01
2021-06-20 01:00:00+05:30,0.0,28.29
2021-06-20 02:00:00+05:30,0.0,28.06
2021-06-20 03:00:00+05:30,0.0,27.93
2021-06-20 04:00:00+05:30,0.0,27.75
2021-06-20 05:00:00+05:30,0.0,27.52
2021-06-20 06:00:00+05:30,15.9,27.28
2021-06-20 07:00:00+05:30,91.99,27.23
2021-06-20 08:00:00+05:30,128.37,27.74
2021-06-20 09:00:00+05:30,180.33,28.3
2021-06-20 10:00:00+05:30,228.25,29.32
2021-06-20 11:00:00+05:30,248.46,30.51
2021-06-20 12:00:00+05:30,340.5,31.43
2021-06-20 13:00:00+05:30,327.54,31.3
2021-06-20 14:00:00+05:30,340.51,32.05
2021-06-20 15:00:00+05:30,333.95,32.57
2021-06-20 16:00:00+05:30,234.37,33.22
2021-06-20 17:00:00+05:30,175.63,33.35
2021-06-20 18:00:00+05:30,112.81,33.37
2021-06-20 19:00:00+05:30,16.62,33.11
2021-06-20 20:00:00+05:30,0.0,32.37
2021-06-20 21:00:00+05:30,0.0,31.23
2021-06-20 22:00:00+05:30,0.0,30.56
2021-06-20 23:00:00+05:30,0.0,30.07
2021-06-21 00:00:00+05:30,0.0,29.57
2021-06-21 01:00:00+05:30,0.0,28.78
2021-06-21 02:00:00+05:30,0.0,28.31
2021-06-21 03:00:00+05:30,0.0,27.8
2021-06-21 04:00:00+05:30,0.0,27.08
2021-06-21 05:00:00+05:30,0.0,26.6
2021-06-21 06:00:00+05:30,44.5,26.25
2021-06-21 07:00:00+05:30,186.69,26.27
2021-06-21 08:00:00+05:30,371.53,27.29
2021-06-21 09:00:00+05:30,509.18,28.97
2021-06-21 10:00:00+05:30,681.05,30.77
2021-06-21 11:00:00+05:30,787.1,32.75
2021-06-21 12:00:00+05:30,707.4,34.25
2021-06-21 13:00:00+05:30,788.9,35.11
2021-06-21 14:00:00+05:30,607.48,36.21
2021-06-21 15:00:00+05:30,533.77,36.41
2021-06-21 16:00:00+05:30,492.92,36.67
2021-06-21 17:00:00+05:30,320.56,37.05
2021-06-21 18:00:00+05:30,157.45,36.77
2021-06-21 19:00:00+05:30,31.52,35.52
2021-06-21 20:00:00+05:30,0.0,34.11
2021-06-21 21:00:00+05:30,0.0,33.07
2021-06-21 22:00:00+05:30,0.0,32.13
2021-06-21 23:00:00+05:30,0.0,31.46
2021-06-22 00:00:00+05:30,0.0,30.79
2021-06-22 01:00:00+05:30,0.0,30.04
2021-06-22 02:00:00+05:30,0.0,29.58
2021-06-22 03:00:00+05:30,0.0,29.13
2021-06-22 04:00:00+05:30,0.0,28.67
2021-06-22 05:00:00+05:30,0.0,28.3
2021-06-22 06:00:00+05:30,34.5,27.76
2021-06-22 07:00:00+05:30,151.35,27.44
2021-06-22 08:00:00+05:30,323.36,28.08
2021-06-22 09:00:00+05:30,465.52,29.96
2021-06-22 10:00:00+05:30,571.65,31.85
2021-06-22 11:00:00+05:30,641.2,33.22
2021-06-22 12:00:00+05:30,711.92,34.22
2021-06-22 13:00:00+05:30,755.6,36.43
2021-06-22 14:00:00+05:30,694.07,37.41
2021-06-22 15:00:00+05:30,534.85,37.82
2021-06-22 16:00:00+05:30,460.89,37.72
2021-06-22 17:00:00+05:30,298.78,37.63
2021-06-22 18:00:00+05:30,119.84,36.74
2021-06-22 19:00:00+05:30,28.59,35.59
2021-06-22 20:00:00+05:30,0.0,34.53
2021-06-22 21:00:00+05:30,0.0,33.53
2021-06-22 22:00:00+05:30,0.0,32.92
2021-06-22 23:00:00+05:30,0.0,32.37
2021-06-23 00:00:00+05:30,0.0,31.62
2021-06-23 01:00:00+05:30,0.0,31.14
2021-06-23 02:00:00+05:30,0.0,30.64
2021-06-23 03:00:00+05:30,0.0,30.09
2021-06-23 04:00:00+05:30,0.0,29.4
2021-06-23 05:00:00+05:30,0.0,28.88
2021-06-23 06:00:00+05:30,37.9,28.47
2021-06-23 07:00:00+05:30,165.36,28.46
2021-06-23 08:00:00+05:30,317.11,29.58
2021-06-23 09:00:00+05:30,451.38,31.3
2021-06-23 10:00:00+05:30,611.41,33.22
2021-06-23 11:00:00+05:30,751.08,35.19
2021-06-23 12:00:00+05:30,718.33,36.86
2021-06-23 13:00:00+05:30,721.74,37.37
2021-06-23 14:00:00+05:30,672.48,38.2
2021-06-23 15:00:00+05:30,546.67,38.57
2021-06-23 16:00:00+05:30,469.54,38.4
2021-06-23 17:00:00+05:30,327.07,38.35
2021-06-23 18:00:00+05:30,134.48,37.8
2021-06-23 19:00:00+05:30,28.39,36.52
2021-06-23 20:00:00+05:30,0.0,35.28
2021-06-23 21:00:00+05:30,0.0,33.69
2021-06-23 22:00:00+05:30,0.0,33.0
2021-06-23 23:00:00+05:30,0.0,32.31
2021-06-24 00:00:00+05:30,0.0,31.83
2021-06-24 01:00:00+05:30,0.0,30.39
2021-06-24 02:00:00+05:30,0.0,29.7
2021-06-24 03:00:00+05:30,0.0,29.31
2021-06-24 04:00:00+05:30,0.0,28.95
2021-06-24 05:00:00+05:30,0.0,28.48
2021-06-24 06:00:00+05:30,38.47,28.07
2021-06-24 07:00:00+05:30,171.28,28.19
2021-06-24 08:00:00+05:30,346.65,29.42
2021-06-24 09:00:00+05:30,502.15,30.86
2021-06-24 10:00:00+05:30,672.63,32.43
2021-06-24 11:00:00+05:30,797.55,34.25
2021-06-24 12:00:00+05:30,831.96,36.02
2021-06-24 13:00:00+05:30,841.03,37.11
2021-06-24 14:00:00+05:30,764.11,38.09
2021-06-24 15:00:00+05:30,520.01,38.71
2021-06-24 16:00:00+05:30,447.68,38.31
2021-06-24 17:00:00+05:30,277.87,38.29
2021-06-24 18:00:00+05:30,147.75,37.36
2021-06-24 19:00:00+05:30,28.03,36.05
2021-06-24 20:00:00+05:30,0.0,34.94
2021-06-24 21:00:00+05:30,0.0,33.77
2021-06-24 22:00:00+05:30,0.0,32.84
2021-06-24 23:00:00+05:30,0.0,32.47
2021-06-25 00:00:00+05:30,0.0,31.82
2021-06-25 01:00:00+05:30,0.0,29.43
2021-06-25 02:00:00+05:30,0.0,29.21
2021-06-25 03:00:00+05:30,0.0,29.15
2021-06-25 04:00:00+05:30,0.0,29.07
2021-06-25 05:00:00+05:30,0.0,28.84
2021-06-25 06:00:00+05:30,35.54,28.37
2021-06-25 07:00:00+05:30,139.28,28.29
2021-06-25 08:00:00+05:30,269.31,29.04
2021-06-25 09:00:00+05:30,405.97,30.05
2021-06-25 10:00:00+05:30,536.64,31.44
2021-06-25 11:00:00+05:30,752.15,33.01
2021-06-25 12:00:00+05:30,716.77,35.22
2021-06-25 13:00:00+05:30,646.63,36.25
2021-06-25 14:00:00+05:30,611.12,36.82
2021-06-25 15:00:00+05:30,634.66,37.21
2021-06-25 16:00:00+05:30,423.71,37.83
2021-06-25 17:00:00+05:30,367.81,37.51
2021-06-25 18:00:00+05:30,167.32,36.91
2021-06-25 19:00:00+05:30,36.84,35.48
2021-06-25 20:00:00+05:30,0.0,32.28
2021-06-25 21:00:00+05:30,0.0,30.65
2021-06-25 22:00:00+05:30,0.0,29.73
2021-06-25 23:00:00+05:30,0.0,28.74
2021-06-26 00:00:00+05:30,0.0,28.44
2021-06-26 01:00:00+05:30,0.0,26.38
2021-06-26 02:00:00+05:30,0.0,26.25
2021-06-26 03:00:00+05:30,0.0,26.12
2021-06-26 04:00:00+05:30,0.0,25.74
2021-06-26 05:00:00+05:30,0.0,25.53
2021-06-26 06:00:00+05:30,26.36,25.34
2021-06-26 07:00:00+05:30,136.54,25.83
2021-06-26 08:00:00+05:30,232.76,27.51
2021-06-26 09:00:00+05:30,406.22,29.51
2021-06-26 10:00:00+05:30,552.08,31.44
2021-06-26 11:00:00+05:30,715.07,33.17
2021-06-26 12:00:00+05:30,809.38,34.83
2021-06-26 13:00:00+05:30,826.91,34.63
2021-06-26 14:00:00+05:30,743.51,35.77
2021-06-26 15:00:00+05:30,633.77,36.32
2021-06-26 16:00:00+05:30,493.28,36.51
2021-06-26 17:00:00+05:30,345.53,36.07
2021-06-26 18:00:00+05:30,162.89,34.75
2021-06-26 19:00:00+05:30,26.69,33.33
2021-06-26 20:00:00+05:30,0.0,32.03
2021-06-26 21:00:00+05:30,0.0,31.13
2021-06-26 22:00:00+05:30,0.0,30.57
2021-06-26 23:00:00+05:30,0.0,29.82
2021-06-27 00:00:00+05:30,0.0,29.24
2021-06-27 01:00:00+05:30,0.0,28.24
2021-06-27 02:00:00+05:30,0.0,27.77
2021-06-27 03:00:00+05:30,0.0,27.45
2021-06-27 04:00:00+05:30,0.0,27.22
2021-06-27 05:00:00+05:30,0.0,26.92
2021-06-27 06:00:00+05:30,39.71,26.52
2021-06-27 07:00:00+05:30,165.42,27.04
2021-06-27 08:00:00+05:30,340.85,28.76
2021-06-27 09:00:00+05:30,489.19,31.05
2021-06-27 10:00:00+05:30,670.71,32.98
2021-06-27 11:00:00+05:30,779.51,34.58
2021-06-27 12:00:00+05:30,674.36,35.8
2021-06-27 13:00:00+05:30,813.52,36.23
2021-06-27 14:00:00+05:30,648.27,37.36
2021-06-27 15:00:00+05:30,516.72,37.4
2021-06-27 16:00:00+05:30,437.47,37.36
2021-06-27 17:00:00+05:30,313.65,37.28
2021-06-27 18:00:00+05:30,146.09,36.96
2021-06-27 19:00:00+05:30,35.47,36.11
2021-06-27 20:00:00+05:30,0.0,34.62
2021-06-27 21:00:00+05:30,0.0,33.18
2021-06-27 22:00:00+05:30,0.0,32.05
2021-06-27 23:00:00+05:30,0.0,31.33
2021-06-28 00:00:00+05:30,0.0,30.62
2021-06-28 01:00:00+05:30,0.0,30.89
2021-06-28 02:00:00+05:30,0.0,29.55
2021-06-28 03:00:00+05:30,0.0,29.22
2021-06-28 04:00:00+05:30,0.0,28.92
2021-06-28 05:00:00+05:30,0.0,28.45
2021-06-28 06:00:00+05:30,32.95,28.35
2021-06-28 07:00:00+05:30,161.64,28.39
2021-06-28 08:00:00+05:30,287.58,30.39
2021-06-28 09:00:00+05:30,492.69,32.29
2021-06-28 10:00:00+05:30,676.85,34.49
2021-06-28 11:00:00+05:30,749.16,36.32
2021-06-28 12:00:00+05:30,817.67,37.43
2021-06-28 13:00:00+05:30,827.53,37.27
2021-06-28 14:00:00+05:30,764.72,38.11
2021-06-28 15:00:00+05:30,688.3,38.67
2021-06-28 16:00:00+05:30,494.37,38.97
2021-06-28 17:00:00+05:30,360.19,38.72
2021-06-28 18:00:00+05:30,162.04,38.36
2021-06-28 19:00:00+05:30,35.9,37.41
2021-06-28 20:00:00+05:30,0.0,36.17
2021-06-28 21:00:00+05:30,0.0,34.9
2021-06-28 22:00:00+05:30,0.0,33.68
2021-06-28 23:00:00+05:30,0.0,32.5
2021-06-29 00:00:00+05:30,0.0,31.82
2021-06-29 01:00:00+05:30,0.0,30.86
2021-06-29 02:00:00+05:30,0.0,30.25
2021-06-29 03:00:00+05:30,0.0,29.7
2021-06-29 04:00:00+05:30,0.0,29.74
2021-06-29 05:00:00+05:30,0.0,29.9
2021-06-29 06:00:00+05:30,43.73,29.92
2021-06-29 07:00:00+05:30,202.68,30.19
2021-06-29 08:00:00+05:30,375.43,31.63
2021-06-29 09:00:00+05:30,524.97,33.34
2021-06-29 10:00:00+05:30,691.92,34.97
2021-06-29 11:00:00+05:30,707.79,36.67
2021-06-29 12:00:00+05:30,735.02,37.81
2021-06-29 13:00:00+05:30,771.66,38.49
2021-06-29 14:00:00+05:30,702.77,39.25
2021-06-29 15:00:00+05:30,647.11,39.74
2021-06-29 16:00:00+05:30,530.35,39.97
2021-06-29 17:00:00+05:30,309.4,39.96
2021-06-29 18:00:00+05:30,177.42,39.41
2021-06-29 19:00:00+05:30,37.23,38.32
2021-06-29 20:00:00+05:30,0.0,36.42
2021-06-29 21:00:00+05:30,0.0,35.16
2021-06-29 22:00:00+05:30,0.0,34.51
2021-06-29 23:00:00+05:30,0.0,33.97
2021-06-30 00:00:00+05:30,0.0,33.55
2021-06-30 01:00:00+05:30,0.0,32.96
2021-06-30 02:00:00+05:30,0.0,32.38
2021-06-30 03:00:00+05:30,0.0,31.8
2021-06-30 04:00:00+05:30,0.0,31.18
2021-06-30 05:00:00+05:30,0.0,30.71
2021-06-30 06:00:00+05:30,45.26,30.32
2021-06-30 07:00:00+05:30,204.72,30.36
2021-06-30 08:00:00+05:30,391.08,31.3
2021-06-30 09:00:00+05:30,563.25,32.64
2021-06-30 10:00:00+05:30,704.74,34.17
2021-06-30 11:00:00+05:30,795.97,35.71
2021-06-30 12:00:00+05:30,854.01,37.11
2021-06-30 13:00:00+05:30,576.8,38.26
2021-06-30 14:00:00+05:30,680.8,38.21
2021-06-30 15:00:00+05:30,533.4,38.9
2021-06-30 16:00:00+05:30,446.18,38.87
2021-06-30 17:00:00+05:30,306.91,38.75
2021-06-30 18:00:00+05:30,166.21,38.32
2021-06-30 19:00:00+05:30,36.57,37.37
2021-06-30 20:00:00+05:30,0.0,35.87
2021-06-30 21:00:00+05:30,0.0,34.68
2021-06-30 22:00:00+05:30,0.0,33.87
2021-06-30 23:00:00+05:30,0.0,33.1
2021-07-01 00:00:00+05:30,0.0,32.34
2021-07-01 01:00:00+05:30,0.0,32.17
2021-07-01 02:00:00+05:30,0.0,31.61
2021-07-01 03:00:00+05:30,0.0,31.12
2021-07-01 04:00:00+05:30,0.0,30.67
2021-07-01 05:00:00+05:30,0.0,30.13
2021-07-01 06:00:00+05:30,45.87,29.58
2021-07-01 07:00:00+05:30,197.64,29.4
2021-07-01 08:00:00+05:30,389.53,29.93
2021-07-01 09:00:00+05:30,560.17,30.87
2021-07-01 10:00:00+05:30,702.64,32.21
2021-07-01 11:00:00+05:30,803.26,33.72
2021-07-01 12:00:00+05:30,851.65,35.24
2021-07-01 13:00:00+05:30,847.01,36.29
2021-07-01 14:00:00+05:30,754.54,37.33
2021-07-01 15:00:00+05:30,599.27,37.91
2021-07-01 16:00:00+05:30,450.9,38.08
2021-07-01 17:00:00+05:30,339.26,38.01
2021-07-01 18:00:00+05:30,193.52,37.65
2021-07-01 19:00:00+05:30,42.74,36.87
2021-07-01 20:00:00+05:30,0.0,35.16
2021-07-01 21:00:00+05:30,0.0,33.77
2021-07-01 22:00:00+05:30,0.0,32.9
2021-07-01 23:00:00+05:30,0.0,32.32
2021-07-02 00:00:00+05:30,0.0,31.69
2021-07-02 01:00:00+05:30,0.0,31.44
2021-07-02 02:00:00+05:30,0.0,30.83
2021-07-02 03:00:00+05:30,0.0,30.27
2021-07-02 04:00:00+05:30,0.0,29.78
2021-07-02 05:00:00+05:30,0.0,29.36
2021-07-02 06:00:00+05:30,44.3,28.91
2021-07-02 07:00:00+05:30,201.13,28.82
2021-07-02 08:00:00+05:30,387.9,29.4
2021-07-02 09:00:00+05:30,560.31,30.36
2021-07-02 10:00:00+05:30,703.28,31.78
2021-07-02 11:00:00+05:30,805.1,33.42
2021-07-02 12:00:00+05:30,852.39,34.97
2021-07-02 13:00:00+05:30,852.62,36.4
2021-07-02 14:00:00+05:30,691.78,37.44
2021-07-02 15:00:00+05:30,609.46,37.72
2021-07-02 16:00:00+05:30,448.56,37.98
2021-07-02 17:00:00+05:30,311.41,37.89
2021-07-02 18:00:00+05:30,141.85,37.29
2021-07-02 19:00:00+05:30,31.25,36.53
2021-07-02 20:00:00+05:30,0.0,35.12
2021-07-02 21:00:00+05:30,0.0,33.88
2021-07-02 22:00:00+05:30,0.0,33.18
2021-07-02 23:00:00+05:30,0.0,32.31
2021-07-03 00:00:00+05:30,0.0,31.68
2021-07-03 01:00:00+05:30,0.0,31.07
2021-07-03 02:00:00+05:30,0.0,30.53
2021-07-03 03:00:00+05:30,0.0,30.1
2021-07-03 04:00:00+05:30,0.0,29.77
2021-07-03 05:00:00+05:30,0.0,29.44
2021-07-03 06:00:00+05:30,41.63,29.09
2021-07-03 07:00:00+05:30,180.22,29.01
2021-07-03 08:00:00+05:30,377.3,29.9
2021-07-03 09:00:00+05:30,529.48,31.16
2021-07-03 10:00:00+05:30,642.31,32.62
2021-07-03 11:00:00+05:30,792.1,33.71
2021-07-03 12:00:00+05:30,670.0,35.02
2021-07-03 13:00:00+05:30,764.17,34.65
2021-07-03 14:00:00+05:30,678.58,35.56
2021-07-03 15:00:00+05:30,600.43,35.97
2021-07-03 16:00:00+05:30,486.34,36.24
2021-07-03 17:00:00+05:30,354.4,36.2
2021-07-03 18:00:00+05:30,174.24,36.03
2021-07-03 19:00:00+05:30,30.24,34.11
2021-07-03 20:00:00+05:30,0.0,33.32
2021-07-03 21:00:00+05:30,0.0,32.64
2021-07-03 22:00:00+05:30,0.0,32.03
2021-07-03 23:00:00+05:30,0.0,31.43
2021-07-04 00:00:00+05:30,0.0,31.13
2021-07-04 01:00:00+05:30,0.0,30.16
2021-07-04 02:00:00+05:30,0.0,29.68
2021-07-04 03:00:00+05:30,0.0,29.42
2021-07-04 04:00:00+05:30,0.0,29.21
2021-07-04 05:00:00+05:30,0.0,29.1
2021-07-04 06:00:00+05:30,33.85,29.02
2021-07-04 07:00:00+05:30,173.92,29.14
2021-07-04 08:00:00+05:30,324.41,30.01
2021-07-04 09:00:00+05:30,512.87,31.08
2021-07-04 10:00:00+05:30,588.9,32.62
2021-07-04 11:00:00+05:30,593.98,34.1
2021-07-04 12:00:00+05:30,728.85,35.28
2021-07-04 13:00:00+05:30,654.18,36.35
2021-07-04 14:00:00+05:30,540.86,36.78
2021-07-04 15:00:00+05:30,450.38,36.67
2021-07-04 16:00:00+05:30,330.54,36.6
2021-07-04 17:00:00+05:30,313.02,35.82
2021-07-04 18:00:00+05:30,148.44,35.47
2021-07-04 19:00:00+05:30,31.14,33.93
2021-07-04 20:00:00+05:30,0.0,32.92
2021-07-04 21:00:00+05:30,0.0,32.01
2021-07-04 22:00:00+05:30,0.0,31.39
2021-07-04 23:00:00+05:30,0.0,30.93
2021-07-05 00:00:00+05:30,0.0,30.5
2021-07-05 01:00:00+05:30,0.0,28.14
2021-07-05 02:00:00+05:30,0.0,27.6
2021-07-05 03:00:00+05:30,0.0,27.46
2021-07-05 04:00:00+05:30,0.0,27.58
2021-07-05 05:00:00+05:30,0.0,27.53
2021-07-05 06:00:00+05:30,19.37,27.53
2021-07-05 07:00:00+05:30,116.94,27.89
2021-07-05 08:00:00+05:30,271.3,29.18
2021-07-05 09:00:00+05:30,399.0,30.97
2021-07-05 10:00:00+05:30,548.79,32.46
2021-07-05 11:00:00+05:30,624.8,33.86
2021-07-05 12:00:00+05:30,667.27,34.96
2021-07-05 13:00:00+05:30,668.23,35.2
2021-07-05 14:00:00+05:30,672.89,36.13
2021-07-05 15:00:00+05:30,600.96,36.79
2021-07-05 16:00:00+05:30,430.82,37.08
2021-07-05 17:00:00+05:30,294.64,36.71
2021-07-05 18:00:00+05:30,130.85,35.73
2021-07-05 19:00:00+05:30,31.05,34.52
2021-07-05 20:00:00+05:30,0.0,33.65
2021-07-05 21:00:00+05:30,0.0,32.82
2021-07-05 22:00:00+05:30,0.0,32.2
2021-07-05 23:00:00+05:30,0.0,31.6
2021-07-06 00:00:00+05:30,0.0,31.03
2021-07-06 01:00:00+05:30,0.0,29.0
2021-07-06 02:00:00+05:30,0.0,28.21
2021-07-06 03:00:00+05:30,0.0,27.84
2021-07-06 04:00:00+05:30,0.0,27.9
2021-07-06 05:00:00+05:30,0.0,27.85
2021-07-06 06:00:00+05:30,30.34,27.82
2021-07-06 07:00:00+05:30,127.99,27.75
2021-07-06 08:00:00+05:30,286.57,28.75
2021-07-06 09:00:00+05:30,431.89,30.44
2021-07-06 10:00:00+05:30,543.37,32.12
2021-07-06 11:00:00+05:30,704.49,33.65
2021-07-06 12:00:00+05:30,724.42,35.26
2021-07-06 13:00:00+05:30,805.81,35.59
2021-07-06 14:00:00+05:30,698.23,36.56
2021-07-06 15:00:00+05:30,596.44,36.86
2021-07-06 16:00:00+05:30,498.79,36.86
2021-07-06 17:00:00+05:30,346.84,36.5
2021-07-06 18:00:00+05:30,172.69,36.44
2021-07-06 19:00:00+05:30,37.97,35.26
2021-07-06 20:00:00+05:30,0.0,34.03
2021-07-06 21:00:00+05:30,0.0,33.0
2021-07-06 22:00:00+05:30,0.0,32.28
2021-07-06 23:00:00+05:30,0.0,31.76
2021-07-07 00:00:00+05:30,0.0,31.19
2021-07-07 01:00:00+05:30,0.0,31.12
2021-07-07 02:00:00+05:30,0.0,30.98
2021-07-07 03:00:00+05:30,0.0,30.59
2021-07-07 04:00:00+05:30,0.0,30.23
2021-07-07 05:00:00+05:30,0.0,29.8
2021-07-07 06:00:00+05:30,38.56,29.39
2021-07-07 07:00:00+05:30,187.08,29.37
2021-07-07 08:00:00+05:30,354.93,30.51
2021-07-07 09:00:00+05:30,547.24,32.25
2021-07-07 10:00:00+05:30,675.13,34.08
2021-07-07 11:00:00+05:30,766.28,35.66
2021-07-07 12:00:00+05:30,624.33,36.85
2021-07-07 13:00:00+05:30,788.59,37.04
2021-07-07 14:00:00+05:30,748.97,37.97
2021-07-07 15:00:00+05:30,622.55,38.51
2021-07-07 16:00:00+05:30,472.77,38.42
2021-07-07 17:00:00+05:30,323.64,37.63
2021-07-07 18:00:00+05:30,143.89,36.95
2021-07-07 19:00:00+05:30,31.75,36.05
2021-07-07 20:00:00+05:30,0.0,34.9
2021-07-07 21:00:00+05:30,0.0,33.7
2021-07-07 22:00:00+05:30,0.0,33.05
2021-07-07 23:00:00+05:30,0.0,32.61
2021-07-08 00:00:00+05:30,0.0,32.18
2021-07-08 01:00:00+05:30,0.0,31.74
2021-07-08 02:00:00+05:30,0.0,31.02
2021-07-08 03:00:00+05:30,0.0,30.47
2021-07-08 04:00:00+05:30,0.0,30.02
2021-07-08 05:00:00+05:30,0.0,29.69
2021-07-08 06:00:00+05:30,40.64,29.35
2021-07-08 07:00:00+05:30,192.98,29.29
2021-07-08 08:00:00+05:30,367.16,30.15
2021-07-08 09:00:00+05:30,543.95,31.34
2021-07-08 10:00:00+05:30,665.93,32.91
2021-07-08 11:00:00+05:30,748.08,34.45
2021-07-08 12:00:00+05:30,830.69,35.92
2021-07-08 13:00:00+05:30,805.98,37.16
2021-07-08 14:00:00+05:30,664.19,37.76
2021-07-08 15:00:00+05:30,564.03,37.89
2021-07-08 16:00:00+05:30,397.54,37.96
2021-07-08 17:00:00+05:30,309.99,37.73
2021-07-08 18:00:00+05:30,153.49,37.47
2021-07-08 19:00:00+05:30,29.09,36.77
2021-07-08 20:00:00+05:30,0.0,35.48
2021-07-08 21:00:00+05:30,0.0,34.15
2021-07-08 22:00:00+05:30,0.0,33.2
2021-07-08 23:00:00+05:30,0.0,32.33
2021-07-09 00:00:00+05:30,0.0,31.56
2021-07-09 01:00:00+05:30,0.0,30.8
2021-07-09 02:00:00+05:30,0.0,30.2
2021-07-09 03:00:00+05:30,0.0,29.77
2021-07-09 04:00:00+05:30,0.0,29.24
2021-07-09 05:00:00+05:30,0.0,28.71
2021-07-09 06:00:00+05:30,34.94,28.26
2021-07-09 07:00:00+05:30,162.54,28.32
2021-07-09 08:00:00+05:30,346.07,29.9
2021-07-09 09:00:00+05:30,498.17,31.62
2021-07-09 10:00:00+05:30,612.77,33.28
2021-07-09 11:00:00+05:30,769.66,34.92
2021-07-09 12:00:00+05:30,792.96,36.51
2021-07-09 13:00:00+05:30,646.23,36.33
2021-07-09 14:00:00+05:30,646.64,36.87
2021-07-09 15:00:00+05:30,508.33,37.48
2021-07-09 16:00:00+05:30,387.29,37.58
2021-07-09 17:00:00+05:30,221.56,37.37
2021-07-09 18:00:00+05:30,102.3,36.41
2021-07-09 19:00:00+05:30,30.19,34.75
2021-07-09 20:00:00+05:30,0.0,33.36
2021-07-09 21:00:00+05:30,0.0,32.54
2021-07-09 22:00:00+05:30,0.0,32.24
2021-07-09 23:00:00+05:30,0.0,31.89
2021-07-10 00:00:00+05:30,0.0,31.25
2021-07-10 01:00:00+05:30,0.0,31.46
2021-07-10 02:00:00+05:30,0.0,31.08
2021-07-10 03:00:00+05:30,0.0,30.44
2021-07-10 04:00:00+05:30,0.0,30.16
2021-07-10 05:00:00+05:30,0.0,29.63
2021-07-10 06:00:00+05:30,27.05,29.25
2021-07-10 07:00:00+05:30,130.27,29.35
2021-07-10 08:00:00+05:30,276.19,30.74
2021-07-10 09:00:00+05:30,458.53,32.18
2021-07-10 10:00:00+05:30,607.02,33.78
2021-07-10 11:00:00+05:30,633.31,35.48
2021-07-10 12:00:00+05:30,690.25,36.57
2021-07-10 13:00:00+05:30,681.94,36.61
2021-07-10 14:00:00+05:30,680.51,37.22
2021-07-10 15:00:00+05:30,608.95,37.74
2021-07-10 16:00:00+05:30,485.88,37.9
2021-07-10 17:00:00+05:30,315.15,37.65
2021-07-10 18:00:00+05:30,179.7,37.09
2021-07-10 19:00:00+05:30,26.02,35.94
2021-07-10 20:00:00+05:30,0.0,34.57
2021-07-10 21:00:00+05:30,0.0,33.09
2021-07-10 22:00:00+05:30,0.0,32.3
2021-07-10 23:00:00+05:30,0.0,31.79
2021-07-11 00:00:00+05:30,0.0,31.39
2021-07-11 01:00:00+05:30,0.0,31.25
2021-07-11 02:00:00+05:30,0.0,30.86
2021-07-11 03:00:00+05:30,0.0,30.52
2021-07-11 04:00:00+05:30,0.0,29.91
2021-07-11 05:00:00+05:30,0.0,28.26
2021-07-11 06:00:00+05:30,21.85,27.0
2021-07-11 07:00:00+05:30,122.59,27.04
2021-07-11 08:00:00+05:30,275.15,28.14
2021-07-11 09:00:00+05:30,394.74,30.08
2021-07-11 10:00:00+05:30,516.14,31.81
2021-07-11 11:00:00+05:30,568.49,33.17
2021-07-11 12:00:00+05:30,780.86,34.07
2021-07-11 13:00:00+05:30,735.54,36.29
2021-07-11 14:00:00+05:30,636.43,36.84
2021-07-11 15:00:00+05:30,609.42,36.89
2021-07-11 16:00:00+05:30,470.89,37.06
2021-07-11 17:00:00+05:30,268.84,36.16
2021-07-11 18:00:00+05:30,136.05,35.13
2021-07-11 19:00:00+05:30,27.06,34.38
2021-07-11 20:00:00+05:30,0.0,33.23
2021-07-11 21:00:00+05:30,0.0,31.24
2021-07-11 22:00:00+05:30,0.0,30.61
2021-07-11 23:00:00+05:30,0.0,30.2
2021-07-12 00:00:00+05:30,0.0,29.68
2021-07-12 01:00:00+05:30,0.0,28.4
2021-07-12 02:00:00+05:30,0.0,27.99
2021-07-12 03:00:00+05:30,0.0,27.78
2021-07-12 04:00:00+05:30,0.0,27.17
2021-07-12 05:00:00+05:30,0.0,26.27
2021-07-12 06:00:00+05:30,4.68,25.93
2021-07-12 07:00:00+05:30,25.81,25.85
2021-07-12 08:00:00+05:30,64.2,25.79
2021-07-12 09:00:00+05:30,139.81,26.09
2021-07-12 10:00:00+05:30,339.46,27.07
2021-07-12 11:00:00+05:30,390.38,28.72
2021-07-12 12:00:00+05:30,449.54,30.07
2021-07-12 13:00:00+05:30,408.72,30.11
2021-07-12 14:00:00+05:30,488.48,30.63
2021-07-12 15:00:00+05:30,380.17,31.51
2021-07-12 16:00:00+05:30,406.78,31.52
2021-07-12 17:00:00+05:30,315.14,32.07
2021-07-12 18:00:00+05:30,168.11,32.16
2021-07-12 19:00:00+05:30,34.36,31.74
2021-07-12 20:00:00+05:30,0.0,30.86
2021-07-12 21:00:00+05:30,0.0,30.14
2021-07-12 22:00:00+05:30,0.0,29.81
2021-07-12 23:00:00+05:30,0.0,29.55
2021-07-13 00:00:00+05:30,0.0,29.18
2021-07-13 01:00:00+05:30,0.0,27.56
2021-07-13 02:00:00+05:30,0.0,27.35
2021-07-13 03:00:00+05:30,0.0,27.18
2021-07-13 04:00:00+05:30,0.0,27.1
2021-07-13 05:00:00+05:30,0.0,26.99
2021-07-13 06:00:00+05:30,26.65,26.86
2021-07-13 07:00:00+05:30,143.87,27.01
2021-07-13 08:00:00+05:30,330.44,27.94
2021-07-13 09:00:00+05:30,487.85,29.36
2021-07-13 10:00:00+05:30,568.29,30.41
2021-07-13 11:00:00+05:30,562.67,31.34
2021-07-13 12:00:00+05:30,498.08,32.19
2021-07-13 13:00:00+05:30,553.9,31.12
2021-07-13 14:00:00+05:30,676.26,31.64
2021-07-13 15:00:00+05:30,519.78,32.96
2021-07-13 16:00:00+05:30,464.16,33.12
2021-07-13 17:00:00+05:30,214.54,33.11
2021-07-13 18:00:00+05:30,116.96,32.42
2021-07-13 19:00:00+05:30,21.85,31.88
2021-07-13 20:00:00+05:30,0.0,31.02
2021-07-13 21:00:00+05:30,0.0,30.29
2021-07-13 22:00:00+05:30,0.0,29.79
2021-07-13 23:00:00+05:30,0.0,29.36
2021-07-14 00:00:00+05:30,0.0,29.0
2021-07-14 01:00:00+05:30,0.0,28.97
2021-07-14 02:00:00+05:30,0.0,28.72
2021-07-14 03:00:00+05:30,0.0,28.42
2021-07-14 04:00:00+05:30,0.0,27.98
2021-07-14 05:00:00+05:30,0.0,27.81
2021-07-14 06:00:00+05:30,32.62,27.49
2021-07-14 07:00:00+05:30,159.14,27.59
2021-07-14 08:00:00+05:30,341.97,28.77
2021-07-14 09:00:00+05:30,510.23,30.39
2021-07-14 10:00:00+05:30,611.7,31.91
2021-07-14 11:00:00+05:30,743.87,32.95
2021-07-14 12:00:00+05:30,735.23,34.19
2021-07-14 13:00:00+05:30,636.67,34.85
2021-07-14 14:00:00+05:30,521.82,35.28
2021-07-14 15:00:00+05:30,436.16,35.44
2021-07-14 16:00:00+05:30,369.83,35.2
2021-07-14 17:00:00+05:30,274.3,34.25
2021-07-14 18:00:00+05:30,149.29,33.16
2021-07-14 19:00:00+05:30,28.7,32.65
2021-07-14 20:00:00+05:30,0.0,31.7
2021-07-14 21:00:00+05:30,0.0,31.05
2021-07-14 22:00:00+05:30,0.0,30.44
2021-07-14 23:00:00+05:30,0.0,29.77
2021-07-15 00:00:00+05:30,0.0,29.22
2021-07-15 01:00:00+05:30,0.0,27.58
2021-07-15 02:00:00+05:30,0.0,27.46
2021-07-15 03:00:00+05:30,0.0,27.55
2021-07-15 04:00:00+05:30,0.0,27.52
2021-07-15 05:00:00+05:30,0.0,27.52
2021-07-15 06:00:00+05:30,22.63,27.45
2021-07-15 07:00:00+05:30,151.57,27.64
2021-07-15 08:00:00+05:30,325.55,28.71
2021-07-15 09:00:00+05:30,513.58,30.23
2021-07-15 10:00:00+05:30,640.74,31.85
2021-07-15 11:00:00+05:30,710.95,33.05
2021-07-15 12:00:00+05:30,767.91,34.11
2021-07-15 13:00:00+05:30,721.78,35.05
2021-07-15 14:00:00+05:30,694.65,35.47
2021-07-15 15:00:00+05:30,563.01,35.74
2021-07-15 16:00:00+05:30,490.63,35.58
2021-07-15 17:00:00+05:30,323.72,35.5
2021-07-15 18:00:00+05:30,162.95,34.5
2021-07-15 19:00:00+05:30,34.36,33.8
2021-07-15 20:00:00+05:30,0.0,32.76
2021-07-15 21:00:00+05:30,0.0,31.86
2021-07-15 22:00:00+05:30,0.0,31.27
2021-07-15 23:00:00+05:30,0.0,30.92
2021-07-16 00:00:00+05:30,0.0,30.68
2021-07-16 01:00:00+05:30,0.0,30.13
2021-07-16 02:00:00+05:30,0.0,29.79
2021-07-16 03:00:00+05:30,0.0,29.52
2021-07-16 04:00:00+05:30,0.0,29.2
2021-07-16 05:00:00+05:30,0.0,28.91
2021-07-16 06:00:00+05:30,22.58,28.59
2021-07-16 07:00:00+05:30,102.72,28.74
2021-07-16 08:00:00+05:30,267.04,29.43
2021-07-16 09:00:00+05:30,387.91,30.84
2021-07-16 10:00:00+05:30,500.83,32.02
2021-07-16 11:00:00+05:30,703.23,33.13
2021-07-16 12:00:00+05:30,796.34,34.43
2021-07-16 13:00:00+05:30,815.88,35.01
2021-07-16 14:00:00+05:30,722.71,35.79
2021-07-16 15:00:00+05:30,606.09,36.18
2021-07-16 16:00:00+05:30,518.64,36.25
2021-07-16 17:00:00+05:30,317.29,36.17
2021-07-16 18:00:00+05:30,180.97,35.56
2021-07-16 19:00:00+05:30,35.1,34.89
2021-07-16 20:00:00+05:30,0.0,33.72
2021-07-16 21:00:00+05:30,0.0,32.71
2021-07-16 22:00:00+05:30,0.0,31.9
2021-07-16 23:00:00+05:30,0.0,31.34
2021-07-17 00:00:00+05:30,0.0,30.81
2021-07-17 01:00:00+05:30,0.0,30.87
2021-07-17 02:00:00+05:30,0.0,30.32
2021-07-17 03:00:00+05:30,0.0,30.05
2021-07-17 04:00:00+05:30,0.0,29.66
2021-07-17 05:00:00+05:30,0.0,29.29
2021-07-17 06:00:00+05:30,30.14,29.06
2021-07-17 07:00:00+05:30,148.84,29.25
2021-07-17 08:00:00+05:30,351.36,30.72
2021-07-17 09:00:00+05:30,512.92,32.62
2021-07-17 10:00:00+05:30,643.47,34.18
2021-07-17 11:00:00+05:30,742.05,35.37
2021-07-17 12:00:00+05:30,685.04,36.42
2021-07-17 13:00:00+05:30,679.15,36.7
2021-07-17 14:00:00+05:30,614.57,37.14
2021-07-17 15:00:00+05:30,473.61,37.27
2021-07-17 16:00:00+05:30,378.31,37.27
2021-07-17 17:00:00+05:30,256.4,36.95
2021-07-17 18:00:00+05:30,88.06,34.14
2021-07-17 19:00:00+05:30,22.95,32.93
2021-07-17 20:00:00+05:30,0.0,32.4
2021-07-17 21:00:00+05:30,0.0,31.67
2021-07-17 22:00:00+05:30,0.0,30.86
2021-07-17 23:00:00+05:30,0.0,30.27
2021-07-18 00:00:00+05:30,0.0,29.89
2021-07-18 01:00:00+05:30,0.0,28.07
2021-07-18 02:00:00+05:30,0.0,28.23
2021-07-18 03:00:00+05:30,0.0,28.29
2021-07-18 04:00:00+05:30,0.0,28.14
2021-07-18 05:00:00+05:30,0.0,27.77
2021-07-18 06:00:00+05:30,5.07,27.51
2021-07-18 07:00:00+05:30,31.17,27.47
2021-07-18 08:00:00+05:30,109.5,27.68
2021-07-18 09:00:00+05:30,163.54,28.7
2021-07-18 10:00:00+05:30,271.6,29.57
2021-07-18 11:00:00+05:30,388.78,30.5
2021-07-18 12:00:00+05:30,447.24,31.11
2021-07-18 13:00:00+05:30,469.38,31.22
2021-07-18 14:00:00+05:30,313.68,31.16
2021-07-18 15:00:00+05:30,360.22,30.41
2021-07-18 16:00:00+05:30,268.35,30.95
2021-07-18 17:00:00+05:30,182.91,31.43
2021-07-18 18:00:00+05:30,59.33,31.64
2021-07-18 19:00:00+05:30,14.68,31.26
2021-07-18 20:00:00+05:30,0.0,30.69
2021-07-18 21:00:00+05:30,0.0,30.12
2021-07-18 22:00:00+05:30,0.0,29.76
2021-07-18 23:00:00+05:30,0.0,29.51
2021-07-19 00:00:00+05:30,0.0,29.32
2021-07-19 01:00:00+05:30,0.0,27.24
2021-07-19 02:00:00+05:30,0.0,26.24
2021-07-19 03:00:00+05:30,0.0,25.93
2021-07-19 04:00:00+05:30,0.0,25.8
2021-07-19 05:00:00+05:30,0.0,25.83
2021-07-19 06:00:00+05:30,4.39,26.0
2021-07-19 07:00:00+05:30,22.34,26.04
2021-07-19 08:00:00+05:30,43.42,26.24
2021-07-19 09:00:00+05:30,90.83,26.44
2021-07-19 10:00:00+05:30,108.37,26.85
2021-07-19 11:00:00+05:30,171.48,27.08
2021-07-19 12:00:00+05:30,152.35,27.59
2021-07-19 13:00:00+05:30,130.44,26.7
2021-07-19 14:00:00+05:30,92.74,26.84
2021-07-19 15:00:00+05:30,99.52,26.83
2021-07-19 16:00:00+05:30,82.34,26.95
2021-07-19 17:00:00+05:30,88.34,26.91
2021-07-19 18:00:00+05:30,49.23,26.97
2021-07-19 19:00:00+05:30,12.24,26.8
2021-07-19 20:00:00+05:30,0.0,26.54
2021-07-19 21:00:00+05:30,0.0,26.28
2021-07-19 22:00:00+05:30,0.0,26.2
2021-07-19 23:00:00+05:30,0.0,26.14
2021-07-20 00:00:00+05:30,0.0,26.01
2021-07-20 01:00:00+05:30,0.0,25.68
2021-07-20 02:00:00+05:30,0.0,25.58
2021-07-20 03:00:00+05:30,0.0,25.48
2021-07-20 04:00:00+05:30,0.0,25.41
2021-07-20 05:00:00+05:30,0.0,25.39
2021-07-20 06:00:00+05:30,17.61,25.5
2021-07-20 07:00:00+05:30,85.0,25.77
2021-07-20 08:00:00+05:30,186.29,26.59
2021-07-20 09:00:00+05:30,269.07,27.74
2021-07-20 10:00:00+05:30,377.34,28.63
2021-07-20 11:00:00+05:30,479.95,29.42
2021-07-20 12:00:00+05:30,617.5,30.24
2021-07-20 13:00:00+05:30,647.84,31.15
2021-07-20 14:00:00+05:30,551.73,32.05
2021-07-20 15:00:00+05:30,516.02,32.42
2021-07-20 16:00:00+05:30,362.81,32.68
2021-07-20 17:00:00+05:30,223.25,32.42
2021-07-20 18:00:00+05:30,82.09,31.9
2021-07-20 19:00:00+05:30,13.51,31.04
2021-07-20 20:00:00+05:30,0.0,30.27
2021-07-20 21:00:00+05:30,0.0,29.64
2021-07-20 22:00:00+05:30,0.0,29.15
2021-07-20 23:00:00+05:30,0.0,28.77
2021-07-21 00:00:00+05:30,0.0,28.37
2021-07-21 01:00:00+05:30,0.0,27.47
2021-07-21 02:00:00+05:30,0.0,27.1
2021-07-21 03:00:00+05:30,0.0,26.83
2021-07-21 04:00:00+05:30,0.0,26.66
2021-07-21 05:00:00+05:30,0.0,26.41
2021-07-21 06:00:00+05:30,9.12,26.15
2021-07-21 07:00:00+05:30,59.87,26.06
2021-07-21 08:00:00+05:30,126.95,26.38
2021-07-21 09:00:00+05:30,256.85,26.66
2021-07-21 10:00:00+05:30,394.14,27.52
2021-07-21 11:00:00+05:30,554.75,28.47
2021-07-21 12:00:00+05:30,524.8,29.99
2021-07-21 13:00:00+05:30,618.61,29.94
2021-07-21 14:00:00+05:30,457.37,31.09
2021-07-21 15:00:00+05:30,463.37,31.56
2021-07-21 16:00:00+05:30,328.48,32.1
2021-07-21 17:00:00+05:30,255.91,32.26
2021-07-21 18:00:00+05:30,134.01,32.36
2021-07-21 19:00:00+05:30,28.21,31.71
2021-07-21 20:00:00+05:30,0.0,30.88
2021-07-21 21:00:00+05:30,0.0,29.86
2021-07-21 22:00:00+05:30,0.0,28.93
2021-07-21 23:00:00+05:30,0.0,28.68
2021-07-22 00:00:00+05:30,0.0,28.11
2021-07-22 01:00:00+05:30,0.0,28.04
2021-07-22 02:00:00+05:30,0.0,27.77
2021-07-22 03:00:00+05:30,0.0,27.4
2021-07-22 04:00:00+05:30,0.0,27.14
2021-07-22 05:00:00+05:30,0.0,26.8
2021-07-22 06:00:00+05:30,12.68,26.44
2021-07-22 07:00:00+05:30,131.2,26.43
2021-07-22 08:00:00+05:30,298.75,27.31
2021-07-22 09:00:00+05:30,430.71,28.52
2021-07-22 10:00:00+05:30,615.53,29.89
2021-07-22 11:00:00+05:30,681.54,31.3
2021-07-22 12:00:00+05:30,660.86,32.3
2021-07-22 13:00:00+05:30,758.75,32.76
2021-07-22 14:00:00+05:30,642.52,33.33
2021-07-22 15:00:00+05:30,561.24,33.52
2021-07-22 16:00:00+05:30,378.1,33.61
2021-07-22 17:00:00+05:30,239.98,32.68
2021-07-22 18:00:00+05:30,115.73,31.84
2021-07-22 19:00:00+05:30,15.46,31.47
2021-07-22 20:00:00+05:30,0.0,30.52
2021-07-22 21:00:00+05:30,0.0,29.34
2021-07-22 22:00:00+05:30,0.0,28.65
2021-07-22 23:00:00+05:30,0.0,28.08
2021-07-23 00:00:00+05:30,0.0,27.57
2021-07-23 01:00:00+05:30,0.0,26.67
2021-07-23 02:00:00+05:30,0.0,26.37
2021-07-23 03:00:00+05:30,0.0,26.09
2021-07-23 04:00:00+05:30,0.0,25.9
2021-07-23 05:00:00+05:30,0.0,25.79
2021-07-23 06:00:00+05:30,4.49,25.78
2021-07-23 07:00:00+05:30,16.34,25.78
2021-07-23 08:00:00+05:30,38.95,26.12
2021-07-23 09:00:00+05:30,50.98,26.24
2021-07-23 10:00:00+05:30,75.48,26.42
2021-07-23 11:00:00+05:30,147.12,26.56
2021-07-23 12:00:00+05:30,446.46,26.8
2021-07-23 13:00:00+05:30,521.7,28.78
2021-07-23 14:00:00+05:30,420.33,29.81
2021-07-23 15:00:00+05:30,397.23,30.36
2021-07-23 16:00:00+05:30,259.63,30.69
2021-07-23 17:00:00+05:30,181.71,30.67
2021-07-23 18:00:00+05:30,87.13,30.5
2021-07-23 19:00:00+05:30,16.65,29.95
2021-07-23 20:00:00+05:30,0.0,29.23
2021-07-23 21:00:00+05:30,0.0,28.47
2021-07-23 22:00:00+05:30,0.0,27.89
2021-07-23 23:00:00+05:30,0.0,27.05
2021-07-24 00:00:00+05:30,0.0,26.44
2021-07-24 01:00:00+05:30,0.0,26.15
2021-07-24 02:00:00+05:30,0.0,26.09
2021-07-24 03:00:00+05:30,0.0,25.84
2021-07-24 04:00:00+05:30,0.0,25.68
2021-07-24 05:00:00+05:30,0.0,25.58
2021-07-24 06:00:00+05:30,11.71,25.54
2021-07-24 07:00:00+05:30,82.39,25.86
2021-07-24 08:00:00+05:30,146.52,26.64
2021-07-24 09:00:00+05:30,222.7,27.17
2021-07-24 10:00:00+05:30,385.18,27.64
2021-07-24 11:00:00+05:30,527.98,28.76
2021-07-24 12:00:00+05:30,545.06,30.05
2021-07-24 13:00:00+05:30,582.26,31.19
2021-07-24 14:00:00+05:30,587.48,31.54
2021-07-24 15:00:00+05:30,544.68,31.98
2021-07-24 16:00:00+05:30,455.46,32.36
2021-07-24 17:00:00+05:30,274.87,32.51
2021-07-24 18:00:00+05:30,111.57,32.44
2021-07-24 19:00:00+05:30,13.37,31.79
2021-07-24 20:00:00+05:30,0.0,30.76
2021-07-24 21:00:00+05:30,0.0,29.19
2021-07-24 22:00:00+05:30,0.0,27.98
2021-07-24 23:00:00+05:30,0.0,27.53
2021-07-25 00:00:00+05:30,0.0,27.01
2021-07-25 01:00:00+05:30,0.0,27.59
2021-07-25 02:00:00+05:30,0.0,27.08
2021-07-25 03:00:00+05:30,0.0,26.82
2021-07-25 04:00:00+05:30,0.0,26.67
2021-07-25 05:00:00+05:30,0.0,26.53
2021-07-25 06:00:00+05:30,11.27,26.42
2021-07-25 07:00:00+05:30,80.04,26.55
2021-07-25 08:00:00+05:30,208.24,27.64
2021-07-25 09:00:00+05:30,414.57,29.0
2021-07-25 10:00:00+05:30,611.6,30.6
2021-07-25 11:00:00+05:30,729.82,31.79
2021-07-25 12:00:00+05:30,761.31,32.76
2021-07-25 13:00:00+05:30,751.08,33.4
2021-07-25 14:00:00+05:30,680.14,34.21
2021-07-25 15:00:00+05:30,618.85,34.63
2021-07-25 16:00:00+05:30,472.03,34.9
2021-07-25 17:00:00+05:30,311.7,34.74
2021-07-25 18:00:00+05:30,135.79,33.83
2021-07-25 19:00:00+05:30,26.4,32.44
2021-07-25 20:00:00+05:30,0.0,31.65
2021-07-25 21:00:00+05:30,0.0,30.82
2021-07-25 22:00:00+05:30,0.0,30.17
2021-07-25 23:00:00+05:30,0.0,29.64
2021-07-26 00:00:00+05:30,0.0,29.25
2021-07-26 01:00:00+05:30,0.0,27.94
2021-07-26 02:00:00+05:30,0.0,27.64
2021-07-26 03:00:00+05:30,0.0,27.36
2021-07-26 04:00:00+05:30,0.0,27.17
2021-07-26 05:00:00+05:30,0.0,26.88
2021-07-26 06:00:00+05:30,13.03,26.61
2021-07-26 07:00:00+05:30,105.98,26.3
2021-07-26 08:00:00+05:30,234.09,26.52
2021-07-26 09:00:00+05:30,319.65,27.45
2021-07-26 10:00:00+05:30,463.25,28.56
2021-07-26 11:00:00+05:30,551.25,30.03
2021-07-26 12:00:00+05:30,605.52,31.04
2021-07-26 13:00:00+05:30,561.18,31.97
2021-07-26 14:00:00+05:30,534.84,32.17
2021-07-26 15:00:00+05:30,453.07,32.41
2021-07-26 16:00:00+05:30,322.62,32.76
2021-07-26 17:00:00+05:30,204.57,32.7
2021-07-26 18:00:00+05:30,81.52,31.29
2021-07-26 19:00:00+05:30,14.75,29.18
2021-07-26 20:00:00+05:30,0.0,28.26
2021-07-26 21:00:00+05:30,0.0,27.73
2021-07-26 22:00:00+05:30,0.0,27.19
2021-07-26 23:00:00+05:30,0.0,26.69
2021-07-27 00:00:00+05:30,0.0,26.44
2021-07-27 01:00:00+05:30,0.0,26.27
2021-07-27 02:00:00+05:30,0.0,26.21
2021-07-27 03:00:00+05:30,0.0,26.29
2021-07-27 04:00:00+05:30,0.0,26.19
2021-07-27 05:00:00+05:30,0.0,25.9
2021-07-27 06:00:00+05:30,3.12,25.55
2021-07-27 07:00:00+05:30,35.17,25.3
2021-07-27 08:00:00+05:30,69.97,25.33
2021-07-27 09:00:00+05:30,79.04,25.56
2021-07-27 10:00:00+05:30,204.39,25.74
2021-07-27 11:00:00+05:30,312.53,26.14
2021-07-27 12:00:00+05:30,180.21,26.88
2021-07-27 13:00:00+05:30,170.07,27.83
2021-07-27 14:00:00+05:30,181.22,27.8
2021-07-27 15:00:00+05:30,176.38,27.92
2021-07-27 16:00:00+05:30,194.27,28.07
2021-07-27 17:00:00+05:30,93.73,28.28
2021-07-27 18:00:00+05:30,42.06,28.08
2021-07-27 19:00:00+05:30,10.11,27.76
2021-07-27 20:00:00+05:30,0.0,27.19
2021-07-27 21:00:00+05:30,0.0,26.82
2021-07-27 22:00:00+05:30,0.0,26.54
2021-07-27 23:00:00+05:30,0.0,26.18
2021-07-28 00:00:00+05:30,0.0,25.89
2021-07-28 01:00:00+05:30,0.0,24.78
2021-07-28 02:00:00+05:30,0.0,24.66
2021-07-28 03:00:00+05:30,0.0,24.56
2021-07-28 04:00:00+05:30,0.0,24.54
2021-07-28 05:00:00+05:30,0.0,24.56
2021-07-28 06:00:00+05:30,3.32,24.57
2021-07-28 07:00:00+05:30,37.34,24.57
2021-07-28 08:00:00+05:30,101.15,24.6
2021-07-28 09:00:00+05:30,151.09,24.79
2021-07-28 10:00:00+05:30,251.45,25.2
2021-07-28 11:00:00+05:30,305.17,25.68
2021-07-28 12:00:00+05:30,261.57,26.46
2021-07-28 13:00:00+05:30,368.11,27.17
2021-07-28 14:00:00+05:30,285.84,28.21
2021-07-28 15:00:00+05:30,255.09,28.35
2021-07-28 16:00:00+05:30,200.74,28.27
2021-07-28 17:00:00+05:30,140.31,28.05
2021-07-28 18:00:00+05:30,61.14,27.86
2021-07-28 19:00:00+05:30,9.66,27.41
2021-07-28 20:00:00+05:30,0.0,26.87
2021-07-28 21:00:00+05:30,0.0,26.47
2021-07-28 22:00:00+05:30,0.0,26.17
2021-07-28 23:00:00+05:30,0.0,25.79
2021-07-29 00:00:00+05:30,0.0,25.66
2021-07-29 01:00:00+05:30,0.0,25.77
2021-07-29 02:00:00+05:30,0.0,25.55
2021-07-29 03:00:00+05:30,0.0,25.41
2021-07-29 04:00:00+05:30,0.0,25.29
2021-07-29 05:00:00+05:30,0.0,25.04
2021-07-29 06:00:00+05:30,9.22,24.96
2021-07-29 07:00:00+05:30,78.75,24.91
2021-07-29 08:00:00+05:30,171.84,25.33
2021-07-29 09:00:00+05:30,240.82,25.91
2021-07-29 10:00:00+05:30,366.06,26.65
2021-07-29 11:00:00+05:30,321.0,27.67
2021-07-29 12:00:00+05:30,234.42,28.23
2021-07-29 13:00:00+05:30,182.48,27.24
2021-07-29 14:00:00+05:30,148.44,27.69
2021-07-29 15:00:00+05:30,305.7,28.08
2021-07-29 16:00:00+05:30,261.23,29.1
2021-07-29 17:00:00+05:30,164.76,29.49
2021-07-29 18:00:00+05:30,78.02,29.16
2021-07-29 19:00:00+05:30,10.73,28.73
2021-07-29 20:00:00+05:30,0.0,28.04
2021-07-29 21:00:00+05:30,0.0,27.64
2021-07-29 22:00:00+05:30,0.0,27.19
2021-07-29 23:00:00+05:30,0.0,26.83
2021-07-30 00:00:00+05:30,0.0,26.49
2021-07-30 01:00:00+05:30,0.0,25.29
2021-07-30 02:00:00+05:30,0.0,25.08
2021-07-30 03:00:00+05:30,0.0,24.69
2021-07-30 04:00:00+05:30,0.0,24.53
2021-07-30 05:00:00+05:30,0.0,24.43
2021-07-30 06:00:00+05:30,2.88,24.37
2021-07-30 07:00:00+05:30,33.04,24.34
2021-07-30 08:00:00+05:30,60.27,24.38
2021-07-30 09:00:00+05:30,73.46,24.5
2021-07-30 10:00:00+05:30,45.57,24.75
2021-07-30 11:00:00+05:30,91.27,24.71
2021-07-30 12:00:00+05:30,157.12,24.9
2021-07-30 13:00:00+05:30,202.24,24.94
2021-07-30 14:00:00+05:30,329.69,25.29
2021-07-30 15:00:00+05:30,326.88,26.74
2021-07-30 16:00:00+05:30,248.03,27.35
2021-07-30 17:00:00+05:30,162.89,27.4
2021-07-30 18:00:00+05:30,90.76,26.92
2021-07-30 19:00:00+05:30,11.52,26.69
2021-07-30 20:00:00+05:30,0.0,26.21
2021-07-30 21:00:00+05:30,0.0,25.55
2021-07-30 22:00:00+05:30,0.0,25.26
2021-07-30 23:00:00+05:30,0.0,25.09
2021-07-31 00:00:00+05:30,0.0,24.97
2021-07-31 01:00:00+05:30,0.0,24.39
2021-07-31 02:00:00+05:30,0.0,24.3
2021-07-31 03:00:00+05:30,0.0,24.4
2021-07-31 04:00:00+05:30,0.0,24.63
2021-07-31 05:00:00+05:30,0.0,24.73
2021-07-31 06:00:00+05:30,2.44,24.76
2021-07-31 07:00:00+05:30,9.51,24.77
2021-07-31 08:00:00+05:30,23.56,24.75
2021-07-31 09:00:00+05:30,54.89,24.81
2021-07-31 10:00:00+05:30,89.09,24.92
2021-07-31 11:00:00+05:30,202.71,25.4
2021-07-31 12:00:00+05:30,136.3,26.54
2021-07-31 13:00:00+05:30,116.06,25.84
2021-07-31 14:00:00+05:30,127.95,25.9
2021-07-31 15:00:00+05:30,121.95,26.04
2021-07-31 16:00:00+05:30,121.95,26.32
2021-07-31 17:00:00+05:30,142.12,26.55
2021-07-31 18:00:00+05:30,76.55,26.8
2021-07-31 19:00:00+05:30,12.09,26.73
2021-07-31 20:00:00+05:30,0.0,26.17
2021-07-31 21:00:00+05:30,0.0,25.9
2021-07-31 22:00:00+05:30,0.0,25.69
2021-07-31 23:00:00+05:30,0.0,25.29
2021-08-01 00:00:00+05:30,0.0,24.85
2021-08-01 01:00:00+05:30,0.0,25.08
2021-08-01 02:00:00+05:30,0.0,25.02
2021-08-01 03:00:00+05:30,0.0,24.73
2021-08-01 04:00:00+05:30,0.0,24.49
2021-08-01 05:00:00+05:30,0.0,24.37
2021-08-01 06:00:00+05:30,3.49,24.22
2021-08-01 07:00:00+05:30,45.14,24.13
2021-08-01 08:00:00+05:30,132.32,24.33
2021-08-01 09:00:00+05:30,200.43,24.82
2021-08-01 10:00:00+05:30,313.53,25.37
2021-08-01 11:00:00+05:30,450.11,26.42
2021-08-01 12:00:00+05:30,568.92,27.79
2021-08-01 13:00:00+05:30,449.26,29.25
2021-08-01 14:00:00+05:30,392.9,29.68
2021-08-01 15:00:00+05:30,302.52,29.86
2021-08-01 16:00:00+05:30,342.43,29.64
2021-08-01 17:00:00+05:30,179.82,29.66
2021-08-01 18:00:00+05:30,86.2,29.18
2021-08-01 19:00:00+05:30,9.44,28.14
2021-08-01 20:00:00+05:30,0.0,27.17
2021-08-01 21:00:00+05:30,0.0,26.37
2021-08-01 22:00:00+05:30,0.0,25.76
2021-08-01 23:00:00+05:30,0.0,25.3
2021-08-02 00:00:00+05:30,0.0,24.98
2021-08-02 01:00:00+05:30,0.0,25.07
2021-08-02 02:00:00+05:30,0.0,25.03
2021-08-02 03:00:00+05:30,0.0,24.99
2021-08-02 04:00:00+05:30,0.0,24.79
2021-08-02 05:00:00+05:30,0.0,24.67
2021-08-02 06:00:00+05:30,5.11,24.56
2021-08-02 07:00:00+05:30,33.9,24.42
2021-08-02 08:00:00+05:30,76.39,24.32
2021-08-02 09:00:00+05:30,50.0,24.71
2021-08-02 10:00:00+05:30,92.01,25.07
2021-08-02 11:00:00+05:30,101.9,25.64
2021-08-02 12:00:00+05:30,200.52,26.05
2021-08-02 13:00:00+05:30,177.69,25.95
2021-08-02 14:00:00+05:30,313.2,26.48
2021-08-02 15:00:00+05:30,269.83,28.06
2021-08-02 16:00:00+05:30,217.0,28.95
2021-08-02 17:00:00+05:30,111.58,29.27
2021-08-02 18:00:00+05:30,52.05,28.7
2021-08-02 19:00:00+05:30,6.54,27.71
2021-08-02 20:00:00+05:30,0.0,26.67
2021-08-02 21:00:00+05:30,0.0,26.26
2021-08-02 22:00:00+05:30,0.0,25.83
2021-08-02 23:00:00+05:30,0.0,25.34
2021-08-03 00:00:00+05:30,0.0,24.97
2021-08-03 01:00:00+05:30,0.0,24.63
2021-08-03 02:00:00+05:30,0.0,24.45
2021-08-03 03:00:00+05:30,0.0,24.26
2021-08-03 04:00:00+05:30,0.0,24.06
2021-08-03 05:00:00+05:30,0.0,23.87
2021-08-03 06:00:00+05:30,2.44,23.82
2021-08-03 07:00:00+05:30,22.25,23.85
2021-08-03 08:00:00+05:30,28.15,24.0
2021-08-03 09:00:00+05:30,46.54,24.07
2021-08-03 10:00:00+05:30,77.13,24.36
2021-08-03 11:00:00+05:30,112.4,24.84
2021-08-03 12:00:00+05:30,415.43,25.86
2021-08-03 13:00:00+05:30,459.45,28.59
2021-08-03 14:00:00+05:30,293.43,29.79
2021-08-03 15:00:00+05:30,357.99,30.01
2021-08-03 16:00:00+05:30,288.08,30.58
2021-08-03 17:00:00+05:30,124.38,30.48
2021-08-03 18:00:00+05:30,56.89,29.19
2021-08-03 19:00:00+05:30,5.02,27.95
2021-08-03 20:00:00+05:30,0.0,26.73
2021-08-03 21:00:00+05:30,0.0,25.99
2021-08-03 22:00:00+05:30,0.0,25.54
2021-08-03 23:00:00+05:30,0.0,25.3
2021-08-04 00:00:00+05:30,0.0,24.99
2021-08-04 01:00:00+05:30,0.0,24.93
2021-08-04 02:00:00+05:30,0.0,24.81
2021-08-04 03:00:00+05:30,0.0,24.43
2021-08-04 04:00:00+05:30,0.0,24.17
2021-08-04 05:00:00+05:30,0.0,24.08
2021-08-04 06:00:00+05:30,5.06,24.02
2021-08-04 07:00:00+05:30,50.36,24.05
2021-08-04 08:00:00+05:30,117.39,24.6
2021-08-04 09:00:00+05:30,189.06,25.52
2021-08-04 10:00:00+05:30,235.16,26.77
2021-08-04 11:00:00+05:30,126.06,27.9
2021-08-04 12:00:00+05:30,302.8,27.92
2021-08-04 13:00:00+05:30,306.57,29.33
2021-08-04 14:00:00+05:30,318.26,29.62
2021-08-04 15:00:00+05:30,377.03,29.53
2021-08-04 16:00:00+05:30,210.24,30.01
2021-08-04 17:00:00+05:30,188.43,29.68
2021-08-04 18:00:00+05:30,81.05,28.56
2021-08-04 19:00:00+05:30,8.1,27.37
2021-08-04 20:00:00+05:30,0.0,26.72
2021-08-04 21:00:00+05:30,0.0,26.09
2021-08-04 22:00:00+05:30,0.0,25.85
2021-08-04 23:00:00+05:30,0.0,25.65
2021-08-05 00:00:00+05:30,0.0,25.21
2021-08-05 01:00:00+05:30,0.0,25.05
2021-08-05 02:00:00+05:30,0.0,24.84
2021-08-05 03:00:00+05:30,0.0,24.69
2021-08-05 04:00:00+05:30,0.0,24.55
2021-08-05 05:00:00+05:30,0.0,24.36
2021-08-05 06:00:00+05:30,8.36,24.29
2021-08-05 07:00:00+05:30,121.02,24.27
2021-08-05 08:00:00+05:30,282.07,25.25
2021-08-05 09:00:00+05:30,455.84,26.79
2021-08-05 10:00:00+05:30,541.38,28.39
2021-08-05 11:00:00+05:30,661.61,29.7
2021-08-05 12:00:00+05:30,607.48,30.7
2021-08-05 13:00:00+05:30,656.57,31.19
2021-08-05 14:00:00+05:30,544.04,31.87
2021-08-05 15:00:00+05:30,490.27,32.03
2021-08-05 16:00:00+05:30,278.96,31.95
2021-08-05 17:00:00+05:30,165.56,30.52
2021-08-05 18:00:00+05:30,66.54,29.18
2021-08-05 19:00:00+05:30,8.0,28.03
2021-08-05 20:00:00+05:30,0.0,27.06
2021-08-05 21:00:00+05:30,0.0,26.5
2021-08-05 22:00:00+05:30,0.0,26.14
2021-08-05 23:00:00+05:30,0.0,25.96
2021-08-06 00:00:00+05:30,0.0,25.58
2021-08-06 01:00:00+05:30,0.0,25.8
2021-08-06 02:00:00+05:30,0.0,25.41
2021-08-06 03:00:00+05:30,0.0,25.21
2021-08-06 04:00:00+05:30,0.0,25.07
2021-08-06 05:00:00+05:30,0.0,24.82
2021-08-06 06:00:00+05:30,6.88,24.72
2021-08-06 07:00:00+05:30,113.37,24.81
2021-08-06 08:00:00+05:30,269.37,25.9
2021-08-06 09:00:00+05:30,400.07,27.16
2021-08-06 10:00:00+05:30,556.42,28.21
2021-08-06 11:00:00+05:30,617.5,29.38
2021-08-06 12:00:00+05:30,621.98,30.36
2021-08-06 13:00:00+05:30,602.42,30.85
2021-08-06 14:00:00+05:30,567.67,31.54
2021-08-06 15:00:00+05:30,488.63,32.0
2021-08-06 16:00:00+05:30,404.99,32.33
2021-08-06 17:00:00+05:30,182.09,32.32
2021-08-06 18:00:00+05:30,84.96,31.32
2021-08-06 19:00:00+05:30,9.42,30.01
2021-08-06 20:00:00+05:30,0.0,28.32
2021-08-06 21:00:00+05:30,0.0,27.29
2021-08-06 22:00:00+05:30,0.0,26.85
2021-08-06 23:00:00+05:30,0.0,26.56
2021-08-07 00:00:00+05:30,0.0,26.06
2021-08-07 01:00:00+05:30,0.0,25.16
2021-08-07 02:00:00+05:30,0.0,25.1
2021-08-07 03:00:00+05:30,0.0,24.99
2021-08-07 04:00:00+05:30,0.0,24.81
2021-08-07 05:00:00+05:30,0.0,24.72
2021-08-07 06:00:00+05:30,5.88,24.6
2021-08-07 07:00:00+05:30,48.26,24.76
2021-08-07 08:00:00+05:30,151.53,25.23
2021-08-07 09:00:00+05:30,283.93,26.12
2021-08-07 10:00:00+05:30,460.29,27.34
2021-08-07 11:00:00+05:30,488.98,28.78
2021-08-07 12:00:00+05:30,680.51,29.57
2021-08-07 13:00:00+05:30,570.76,30.89
2021-08-07 14:00:00+05:30,595.81,31.26
2021-08-07 15:00:00+05:30,465.54,31.79
2021-08-07 16:00:00+05:30,348.09,31.71
2021-08-07 17:00:00+05:30,225.87,31.47
2021-08-07 18:00:00+05:30,81.46,30.8
2021-08-07 19:00:00+05:30,6.88,29.93
2021-08-07 20:00:00+05:30,0.0,28.68
2021-08-07 21:00:00+05:30,0.0,27.4
2021-08-07 22:00:00+05:30,0.0,26.71
2021-08-07 23:00:00+05:30,0.0,26.33
2021-08-08 00:00:00+05:30,0.0,26.03
2021-08-08 01:00:00+05:30,0.0,25.9
2021-08-08 02:00:00+05:30,0.0,25.68
2021-08-08 03:00:00+05:30,0.0,25.53
2021-08-08 04:00:00+05:30,0.0,25.58
2021-08-08 05:00:00+05:30,0.0,25.48
2021-08-08 06:00:00+05:30,7.02,25.26
2021-08-08 07:00:00+05:30,93.37,25.29
2021-08-08 08:00:00+05:30,228.95,26.1
2021-08-08 09:00:00+05:30,324.48,27.47
2021-08-08 10:00:00+05:30,340.14,28.48
2021-08-08 11:00:00+05:30,328.22,29.33
2021-08-08 12:00:00+05:30,606.92,29.93
2021-08-08 13:00:00+05:30,538.58,31.26
2021-08-08 14:00:00+05:30,468.92,31.62
2021-08-08 15:00:00+05:30,372.74,31.89
2021-08-08 16:00:00+05:30,327.64,31.71
2021-08-08 17:00:00+05:30,225.44,31.74
2021-08-08 18:00:00+05:30,104.85,31.58
2021-08-08 19:00:00+05:30,10.29,30.89
2021-08-08 20:00:00+05:30,0.0,29.71
2021-08-08 21:00:00+05:30,0.0,28.84
2021-08-08 22:00:00+05:30,0.0,28.46
2021-08-08 23:00:00+05:30,0.0,27.91
2021-08-09 00:00:00+05:30,0.0,27.36
2021-08-09 01:00:00+05:30,0.0,26.73
2021-08-09 02:00:00+05:30,0.0,26.47
2021-08-09 03:00:00+05:30,0.0,26.39
2021-08-09 04:00:00+05:30,0.0,26.34
2021-08-09 05:00:00+05:30,0.0,26.18
2021-08-09 06:00:00+05:30,9.46,26.06
2021-08-09 07:00:00+05:30,130.94,26.06
2021-08-09 08:00:00+05:30,267.8,26.96
2021-08-09 09:00:00+05:30,462.47,27.83
2021-08-09 10:00:00+05:30,590.3,28.83
2021-08-09 11:00:00+05:30,691.65,29.87
2021-08-09 12:00:00+05:30,774.24,30.81
2021-08-09 13:00:00+05:30,729.12,31.74
2021-08-09 14:00:00+05:30,667.85,32.34
2021-08-09 15:00:00+05:30,564.68,32.64
2021-08-09 16:00:00+05:30,408.17,32.76
2021-08-09 17:00:00+05:30,241.07,32.5
2021-08-09 18:00:00+05:30,85.59,31.29
2021-08-09 19:00:00+05:30,9.85,30.59
2021-08-09 20:00:00+05:30,0.0,29.68
2021-08-09 21:00:00+05:30,0.0,28.86
2021-08-09 22:00:00+05:30,0.0,27.88
2021-08-09 23:00:00+05:30,0.0,27.33
2021-08-10 00:00:00+05:30,0.0,26.62
2021-08-10 01:00:00+05:30,0.0,26.55
2021-08-10 02:00:00+05:30,0.0,26.46
2021-08-10 03:00:00+05:30,0.0,26.18
2021-08-10 04:00:00+05:30,0.0,26.02
2021-08-10 05:00:00+05:30,0.0,25.74
2021-08-10 06:00:00+05:30,7.36,25.65
2021-08-10 07:00:00+05:30,117.68,25.59
2021-08-10 08:00:00+05:30,271.81,26.13
2021-08-10 09:00:00+05:30,411.84,27.16
2021-08-10 10:00:00+05:30,541.71,28.22
2021-08-10 11:00:00+05:30,717.47,29.37
2021-08-10 12:00:00+05:30,770.65,30.6
2021-08-10 13:00:00+05:30,776.05,31.38
2021-08-10 14:00:00+05:30,734.15,32.08
2021-08-10 15:00:00+05:30,588.63,32.38
2021-08-10 16:00:00+05:30,411.66,32.31
2021-08-10 17:00:00+05:30,225.2,31.11
2021-08-10 18:00:00+05:30,108.64,30.94
2021-08-10 19:00:00+05:30,8.59,30.18
2021-08-10 20:00:00+05:30,0.0,29.13
2021-08-10 21:00:00+05:30,0.0,28.37
2021-08-10 22:00:00+05:30,0.0,27.77
2021-08-10 23:00:00+05:30,0.0,27.25
2021-08-11 00:00:00+05:30,0.0,26.68
2021-08-11 01:00:00+05:30,0.0,26.25
2021-08-11 02:00:00+05:30,0.0,25.82
2021-08-11 03:00:00+05:30,0.0,25.43
2021-08-11 04:00:00+05:30,0.0,25.09
2021-08-11 05:00:00+05:30,0.0,24.7
2021-08-11 06:00:00+05:30,0.0,24.39
2021-08-11 07:00:00+05:30,138.33,24.27
2021-08-11 08:00:00+05:30,316.3,25.05
2021-08-11 09:00:00+05:30,489.7,26.34
2021-08-11 10:00:00+05:30,635.47,27.64
2021-08-11 11:00:00+05:30,741.24,28.91
2021-08-11 12:00:00+05:30,803.26,30.02
2021-08-11 13:00:00+05:30,796.29,30.68
2021-08-11 14:00:00+05:30,741.44,31.36
2021-08-11 15:00:00+05:30,606.18,31.77
2021-08-11 16:00:00+05:30,473.55,31.84
2021-08-11 17:00:00+05:30,308.15,31.67
2021-08-11 18:00:00+05:30,137.19,31.1
2021-08-11 19:00:00+05:30,10.34,29.86
2021-08-11 20:00:00+05:30,0.0,28.44
2021-08-11 21:00:00+05:30,0.0,27.47
2021-08-11 22:00:00+05:30,0.0,26.7
2021-08-11 23:00:00+05:30,0.0,26.07
2021-08-12 00:00:00+05:30,0.0,25.59
2021-08-12 01:00:00+05:30,0.0,25.4
2021-08-12 02:00:00+05:30,0.0,24.97
2021-08-12 03:00:00+05:30,0.0,24.59
2021-08-12 04:00:00+05:30,0.0,24.44
2021-08-12 05:00:00+05:30,0.0,24.21
2021-08-12 06:00:00+05:30,0.0,24.1
2021-08-12 07:00:00+05:30,125.43,24.05
2021-08-12 08:00:00+05:30,300.78,25.13
2021-08-12 09:00:00+05:30,470.66,26.5
2021-08-12 10:00:00+05:30,619.57,27.81
2021-08-12 11:00:00+05:30,695.68,29.13
2021-08-12 12:00:00+05:30,779.99,30.28
2021-08-12 13:00:00+05:30,666.47,30.9
2021-08-12 14:00:00+05:30,667.92,31.19
2021-08-12 15:00:00+05:30,566.91,31.69
2021-08-12 16:00:00+05:30,436.7,31.9
2021-08-12 17:00:00+05:30,277.41,31.79
2021-08-12 18:00:00+05:30,121.93,31.24
2021-08-12 19:00:00+05:30,9.61,30.03
2021-08-12 20:00:00+05:30,0.0,28.71
2021-08-12 21:00:00+05:30,0.0,27.89
2021-08-12 22:00:00+05:30,0.0,27.13
2021-08-12 23:00:00+05:30,0.0,26.48
2021-08-13 00:00:00+05:30,0.0,26.06
2021-08-13 01:00:00+05:30,0.0,25.93
2021-08-13 02:00:00+05:30,0.0,25.63
2021-08-13 03:00:00+05:30,0.0,25.33
2021-08-13 04:00:00+05:30,0.0,25.04
2021-08-13 05:00:00+05:30,0.0,24.75
2021-08-13 06:00:00+05:30,0.0,24.51
2021-08-13 07:00:00+05:30,130.56,24.47
2021-08-13 08:00:00+05:30,302.89,25.25
2021-08-13 09:00:00+05:30,479.45,26.57
2021-08-13 10:00:00+05:30,626.18,27.95
2021-08-13 11:00:00+05:30,738.08,29.36
2021-08-13 12:00:00+05:30,759.36,30.57
2021-08-13 13:00:00+05:30,760.63,31.32
2021-08-13 14:00:00+05:30,703.81,31.86
2021-08-13 15:00:00+05:30,500.0,32.07
2021-08-13 16:00:00+05:30,393.48,31.85
2021-08-13 17:00:00+05:30,197.26,31.55
2021-08-13 18:00:00+05:30,113.12,30.63
2021-08-13 19:00:00+05:30,8.98,29.78
2021-08-13 20:00:00+05:30,0.0,28.59
2021-08-13 21:00:00+05:30,0.0,27.73
2021-08-13 22:00:00+05:30,0.0,27.05
2021-08-13 23:00:00+05:30,0.0,26.51
2021-08-14 00:00:00+05:30,0.0,25.97
2021-08-14 01:00:00+05:30,0.0,26.0
2021-08-14 02:00:00+05:30,0.0,25.6
2021-08-14 03:00:00+05:30,0.0,25.12
2021-08-14 04:00:00+05:30,0.0,24.81
2021-08-14 05:00:00+05:30,0.0,24.43
2021-08-14 06:00:00+05:30,0.0,24.19
2021-08-14 07:00:00+05:30,131.77,24.12
2021-08-14 08:00:00+05:30,304.55,24.94
2021-08-14 09:00:00+05:30,469.81,26.19
2021-08-14 10:00:00+05:30,621.26,27.46
2021-08-14 11:00:00+05:30,696.82,28.82
2021-08-14 12:00:00+05:30,790.82,29.88
2021-08-14 13:00:00+05:30,762.23,30.98
2021-08-14 14:00:00+05:30,639.36,31.72
2021-08-14 15:00:00+05:30,530.49,31.94
2021-08-14 16:00:00+05:30,436.06,32.02
2021-08-14 17:00:00+05:30,276.84,31.86
2021-08-14 18:00:00+05:30,115.11,31.2
2021-08-14 19:00:00+05:30,8.83,29.97
2021-08-14 20:00:00+05:30,0.0,28.44
2021-08-14 21:00:00+05:30,0.0,27.47
2021-08-14 22:00:00+05:30,0.0,26.75
2021-08-14 23:00:00+05:30,0.0,26.08
2021-08-15 00:00:00+05:30,0.0,25.46
2021-08-15 01:00:00+05:30,0.0,25.3
2021-08-15 02:00:00+05:30,0.0,24.88
2021-08-15 03:00:00+05:30,0.0,24.47
2021-08-15 04:00:00+05:30,0.0,24.11
2021-08-15 05:00:00+05:30,0.0,23.82
2021-08-15 06:00:00+05:30,0.0,23.63
2021-08-15 07:00:00+05:30,132.35,23.62
2021-08-15 08:00:00+05:30,309.47,24.71
2021-08-15 09:00:00+05:30,484.15,26.23
2021-08-15 10:00:00+05:30,629.53,27.62
2021-08-15 11:00:00+05:30,726.55,29.01
2021-08-15 12:00:00+05:30,790.09,30.2
2021-08-15 13:00:00+05:30,695.88,31.26
2021-08-15 14:00:00+05:30,684.57,31.81
2021-08-15 15:00:00+05:30,557.63,32.28
2021-08-15 16:00:00+05:30,448.4,32.32
2021-08-15 17:00:00+05:30,280.49,32.15
2021-08-15 18:00:00+05:30,131.48,31.53
2021-08-15 19:00:00+05:30,8.44,30.18
2021-08-15 20:00:00+05:30,0.0,28.64
2021-08-15 21:00:00+05:30,0.0,27.54
2021-08-15 22:00:00+05:30,0.0,26.77
2021-08-15 23:00:00+05:30,0.0,26.15
2021-08-16 00:00:00+05:30,0.0,25.59
2021-08-16 01:00:00+05:30,0.0,25.34
2021-08-16 02:00:00+05:30,0.0,24.97
2021-08-16 03:00:00+05:30,0.0,24.6
2021-08-16 04:00:00+05:30,0.0,24.22
2021-08-16 05:00:00+05:30,0.0,23.87
2021-08-16 06:00:00+05:30,0.0,23.63
2021-08-16 07:00:00+05:30,125.35,23.54
2021-08-16 08:00:00+05:30,307.54,24.87
2021-08-16 09:00:00+05:30,474.58,26.95
2021-08-16 10:00:00+05:30,592.65,28.85
2021-08-16 11:00:00+05:30,685.38,30.45
2021-08-16 12:00:00+05:30,784.95,31.64
2021-08-16 13:00:00+05:30,749.34,32.44
2021-08-16 14:00:00+05:30,594.06,32.79
2021-08-16 15:00:00+05:30,590.48,32.87
2021-08-16 16:00:00+05:30,405.4,33.21
2021-08-16 17:00:00+05:30,258.59,33.07
2021-08-16 18:00:00+05:30,115.39,32.69
2021-08-16 19:00:00+05:30,0.0,31.55
2021-08-16 20:00:00+05:30,0.0,30.06
2021-08-16 21:00:00+05:30,0.0,28.72
2021-08-16 22:00:00+05:30,0.0,27.93
2021-08-16 23:00:00+05:30,0.0,27.39
2021-08-17 00:00:00+05:30,0.0,26.88
2021-08-17 01:00:00+05:30,0.0,26.5
2021-08-17 02:00:00+05:30,0.0,26.01
2021-08-17 03:00:00+05:30,0.0,25.55
2021-08-17 04:00:00+05:30,0.0,25.21
2021-08-17 05:00:00+05:30,0.0,25.12
2021-08-17 06:00:00+05:30,0.0,25.18
2021-08-17 07:00:00+05:30,106.95,25.14
2021-08-17 08:00:00+05:30,237.12,26.09
2021-08-17 09:00:00+05:30,420.91,27.69
2021-08-17 10:00:00+05:30,585.25,29.47
2021-08-17 11:00:00+05:30,728.9,31.24
2021-08-17 12:00:00+05:30,776.48,32.81
2021-08-17 13:00:00+05:30,715.2,34.2
2021-08-17 14:00:00+05:30,672.83,34.75
2021-08-17 15:00:00+05:30,560.92,35.1
2021-08-17 16:00:00+05:30,448.83,35.14
2021-08-17 17:00:00+05:30,258.08,35.04
2021-08-17 18:00:00+05:30,126.21,34.04
2021-08-17 19:00:00+05:30,0.0,32.88
2021-08-17 20:00:00+05:30,0.0,30.94
2021-08-17 21:00:00+05:30,0.0,29.31
2021-08-17 22:00:00+05:30,0.0,28.47
2021-08-17 23:00:00+05:30,0.0,27.78
2021-08-18 00:00:00+05:30,0.0,27.32
2021-08-18 01:00:00+05:30,0.0,27.12
2021-08-18 02:00:00+05:30,0.0,26.78
2021-08-18 03:00:00+05:30,0.0,26.61
2021-08-18 04:00:00+05:30,0.0,26.51
2021-08-18 05:00:00+05:30,0.0,26.48
2021-08-18 06:00:00+05:30,0.0,26.5
2021-08-18 07:00:00+05:30,118.49,26.58
2021-08-18 08:00:00+05:30,281.48,27.32
2021-08-18 09:00:00+05:30,480.51,28.96
2021-08-18 10:00:00+05:30,627.78,30.84
2021-08-18 11:00:00+05:30,722.51,32.6
2021-08-18 12:00:00+05:30,760.23,33.89
2021-08-18 13:00:00+05:30,670.86,34.53
2021-08-18 14:00:00+05:30,620.41,34.86
2021-08-18 15:00:00+05:30,529.69,34.85
2021-08-18 16:00:00+05:30,425.6,34.73
2021-08-18 17:00:00+05:30,276.65,34.61
2021-08-18 18:00:00+05:30,109.47,33.96
2021-08-18 19:00:00+05:30,0.0,32.96
2021-08-18 20:00:00+05:30,0.0,31.89
2021-08-18 21:00:00+05:30,0.0,29.99
2021-08-18 22:00:00+05:30,0.0,29.12
2021-08-18 23:00:00+05:30,0.0,28.35
2021-08-19 00:00:00+05:30,0.0,27.79
2021-08-19 01:00:00+05:30,0.0,27.41
2021-08-19 02:00:00+05:30,0.0,26.95
2021-08-19 03:00:00+05:30,0.0,27.08
2021-08-19 04:00:00+05:30,0.0,26.85
2021-08-19 05:00:00+05:30,0.0,26.8
2021-08-19 06:00:00+05:30,0.0,27.06
2021-08-19 07:00:00+05:30,90.09,27.21
2021-08-19 08:00:00+05:30,210.55,27.95
2021-08-19 09:00:00+05:30,390.55,29.2
2021-08-19 10:00:00+05:30,573.85,30.93
2021-08-19 11:00:00+05:30,687.94,32.68
2021-08-19 12:00:00+05:30,692.58,34.19
2021-08-19 13:00:00+05:30,688.05,34.79
2021-08-19 14:00:00+05:30,570.8,35.2
2021-08-19 15:00:00+05:30,420.88,34.99
2021-08-19 16:00:00+05:30,358.97,34.81
2021-08-19 17:00:00+05:30,211.52,34.68
2021-08-19 18:00:00+05:30,74.54,33.92
2021-08-19 19:00:00+05:30,0.0,32.94
2021-08-19 20:00:00+05:30,0.0,31.54
2021-08-19 21:00:00+05:30,0.0,30.05
2021-08-19 22:00:00+05:30,0.0,29.1
2021-08-19 23:00:00+05:30,0.0,28.4
2021-08-20 00:00:00+05:30,0.0,27.97
2021-08-20 01:00:00+05:30,0.0,27.59
2021-08-20 02:00:00+05:30,0.0,27.22
2021-08-20 03:00:00+05:30,0.0,27.53
2021-08-20 04:00:00+05:30,0.0,27.14
2021-08-20 05:00:00+05:30,0.0,27.21
2021-08-20 06:00:00+05:30,0.0,26.86
2021-08-20 07:00:00+05:30,52.15,26.44
2021-08-20 08:00:00+05:30,111.61,27.21
2021-08-20 09:00:00+05:30,220.3,27.98
2021-08-20 10:00:00+05:30,372.34,28.65
2021-08-20 11:00:00+05:30,351.0,29.66
2021-08-20 12:00:00+05:30,448.41,30.16
2021-08-20 13:00:00+05:30,487.0,32.29
2021-08-20 14:00:00+05:30,469.75,33.14
2021-08-20 15:00:00+05:30,324.52,33.75
2021-08-20 16:00:00+05:30,258.68,33.91
2021-08-20 17:00:00+05:30,144.72,33.59
2021-08-20 18:00:00+05:30,35.59,32.38
2021-08-20 19:00:00+05:30,0.0,30.51
2021-08-20 20:00:00+05:30,0.0,29.12
2021-08-20 21:00:00+05:30,0.0,28.23
2021-08-20 22:00:00+05:30,0.0,27.65
2021-08-20 23:00:00+05:30,0.0,27.22
2021-08-21 00:00:00+05:30,0.0,26.81
2021-08-21 01:00:00+05:30,0.0,25.69
2021-08-21 02:00:00+05:30,0.0,25.42
2021-08-21 03:00:00+05:30,0.0,25.18
2021-08-21 04:00:00+05:30,0.0,25.05
2021-08-21 05:00:00+05:30,0.0,24.97
2021-08-21 06:00:00+05:30,0.0,24.96
2021-08-21 07:00:00+05:30,41.63,25.05
2021-08-21 08:00:00+05:30,119.99,25.54
2021-08-21 09:00:00+05:30,178.54,26.31
2021-08-21 10:00:00+05:30,203.68,27.09
2021-08-21 11:00:00+05:30,147.02,27.67
2021-08-21 12:00:00+05:30,306.54,27.72
2021-08-21 13:00:00+05:30,321.53,28.69
2021-08-21 14:00:00+05:30,297.94,29.1
2021-08-21 15:00:00+05:30,241.6,29.51
2021-08-21 16:00:00+05:30,221.88,29.92
2021-08-21 17:00:00+05:30,126.51,30.15
2021-08-21 18:00:00+05:30,70.87,29.89
2021-08-21 19:00:00+05:30,0.0,29.21
2021-08-21 20:00:00+05:30,0.0,27.89
2021-08-21 21:00:00+05:30,0.0,27.06
2021-08-21 22:00:00+05:30,0.0,26.42
2021-08-21 23:00:00+05:30,0.0,25.84
2021-08-22 00:00:00+05:30,0.0,25.38
2021-08-22 01:00:00+05:30,0.0,25.48
2021-08-22 02:00:00+05:30,0.0,25.2
2021-08-22 03:00:00+05:30,0.0,24.97
2021-08-22 04:00:00+05:30,0.0,24.8
2021-08-22 05:00:00+05:30,0.0,24.67
2021-08-22 06:00:00+05:30,0.0,24.59
2021-08-22 07:00:00+05:30,96.85,24.46
2021-08-22 08:00:00+05:30,239.29,25.38
2021-08-22 09:00:00+05:30,415.29,26.7
2021-08-22 10:00:00+05:30,498.23,28.02
2021-08-22 11:00:00+05:30,627.14,28.95
2021-08-22 12:00:00+05:30,604.63,30.04
2021-08-22 13:00:00+05:30,523.79,30.53
2021-08-22 14:00:00+05:30,587.28,30.91
2021-08-22 15:00:00+05:30,459.97,31.46
2021-08-22 16:00:00+05:30,350.82,31.43
2021-08-22 17:00:00+05:30,204.93,31.2
2021-08-22 18:00:00+05:30,60.38,29.71
2021-08-22 19:00:00+05:30,0.0,29.08
2021-08-22 20:00:00+05:30,0.0,28.51
2021-08-22 21:00:00+05:30,0.0,27.99
2021-08-22 22:00:00+05:30,0.0,27.35
2021-08-22 23:00:00+05:30,0.0,26.83
2021-08-23 00:00:00+05:30,0.0,26.33
2021-08-23 01:00:00+05:30,0.0,26.04
2021-08-23 02:00:00+05:30,0.0,25.84
2021-08-23 03:00:00+05:30,0.0,25.6
2021-08-23 04:00:00+05:30,0.0,25.49
2021-08-23 05:00:00+05:30,0.0,25.32
2021-08-23 06:00:00+05:30,0.0,25.16
2021-08-23 07:00:00+05:30,82.82,25.15
2021-08-23 08:00:00+05:30,174.6,25.94
2021-08-23 09:00:00+05:30,273.2,26.8
2021-08-23 10:00:00+05:30,390.07,27.73
2021-08-23 11:00:00+05:30,482.23,28.77
2021-08-23 12:00:00+05:30,401.91,29.77
2021-08-23 13:00:00+05:30,547.58,29.53
2021-08-23 14:00:00+05:30,412.32,30.54
2021-08-23 15:00:00+05:30,433.33,30.86
2021-08-23 16:00:00+05:30,354.76,31.41
2021-08-23 17:00:00+05:30,176.61,31.79
2021-08-23 18:00:00+05:30,73.99,31.37
2021-08-23 19:00:00+05:30,0.0,30.75
2021-08-23 20:00:00+05:30,0.0,29.68
2021-08-23 21:00:00+05:30,0.0,28.69
2021-08-23 22:00:00+05:30,0.0,28.11
2021-08-23 23:00:00+05:30,0.0,27.54
2021-08-24 00:00:00+05:30,0.0,26.99
2021-08-24 01:00:00+05:30,0.0,27.33
2021-08-24 02:00:00+05:30,0.0,27.26
2021-08-24 03:00:00+05:30,0.0,27.27
2021-08-24 04:00:00+05:30,0.0,27.25
2021-08-24 05:00:00+05:30,0.0,27.31
2021-08-24 06:00:00+05:30,0.0,27.29
2021-08-24 07:00:00+05:30,73.77,27.27
2021-08-24 08:00:00+05:30,226.94,27.66
2021-08-24 09:00:00+05:30,409.49,28.58
2021-08-24 10:00:00+05:30,564.77,29.78
2021-08-24 11:00:00+05:30,668.67,31.1
2021-08-24 12:00:00+05:30,657.89,32.39
2021-08-24 13:00:00+05:30,609.94,33.01
2021-08-24 14:00:00+05:30,648.96,33.69
2021-08-24 15:00:00+05:30,551.35,34.55
2021-08-24 16:00:00+05:30,381.48,34.73
2021-08-24 17:00:00+05:30,240.29,34.43
2021-08-24 18:00:00+05:30,91.58,33.74
2021-08-24 19:00:00+05:30,0.0,32.49
2021-08-24 20:00:00+05:30,0.0,31.11
2021-08-24 21:00:00+05:30,0.0,30.2
2021-08-24 22:00:00+05:30,0.0,29.62
2021-08-24 23:00:00+05:30,0.0,29.22
2021-08-25 00:00:00+05:30,0.0,28.91
2021-08-25 01:00:00+05:30,0.0,28.82
2021-08-25 02:00:00+05:30,0.0,28.54
2021-08-25 03:00:00+05:30,0.0,28.14
2021-08-25 04:00:00+05:30,0.0,27.78
2021-08-25 05:00:00+05:30,0.0,27.52
2021-08-25 06:00:00+05:30,0.0,27.23
2021-08-25 07:00:00+05:30,85.59,26.95
2021-08-25 08:00:00+05:30,268.27,27.09
2021-08-25 09:00:00+05:30,412.38,27.83
2021-08-25 10:00:00+05:30,591.93,28.97
2021-08-25 11:00:00+05:30,647.42,30.49
2021-08-25 12:00:00+05:30,695.94,31.67
2021-08-25 13:00:00+05:30,708.32,32.83
2021-08-25 14:00:00+05:30,657.48,33.61
2021-08-25 15:00:00+05:30,577.82,34.08
2021-08-25 16:00:00+05:30,435.94,34.22
2021-08-25 17:00:00+05:30,271.99,33.9
2021-08-25 18:00:00+05:30,97.0,33.13
2021-08-25 19:00:00+05:30,0.0,31.69
2021-08-25 20:00:00+05:30,0.0,30.27
2021-08-25 21:00:00+05:30,0.0,29.29
2021-08-25 22:00:00+05:30,0.0,28.46
2021-08-25 23:00:00+05:30,0.0,27.76
2021-08-26 00:00:00+05:30,0.0,27.12
2021-08-26 01:00:00+05:30,0.0,26.9
2021-08-26 02:00:00+05:30,0.0,26.5
2021-08-26 03:00:00+05:30,0.0,26.09
2021-08-26 04:00:00+05:30,0.0,25.73
2021-08-26 05:00:00+05:30,0.0,25.36
2021-08-26 06:00:00+05:30,0.0,25.12
2021-08-26 07:00:00+05:30,119.8,24.9
2021-08-26 08:00:00+05:30,296.21,25.65
2021-08-26 09:00:00+05:30,465.26,26.83
2021-08-26 10:00:00+05:30,602.44,28.0
2021-08-26 11:00:00+05:30,716.64,29.31
2021-08-26 12:00:00+05:30,672.46,30.6
2021-08-26 13:00:00+05:30,691.56,31.53
2021-08-26 14:00:00+05:30,692.41,32.16
2021-08-26 15:00:00+05:30,537.92,32.51
2021-08-26 16:00:00+05:30,380.43,32.48
2021-08-26 17:00:00+05:30,236.78,32.1
2021-08-26 18:00:00+05:30,88.56,31.59
2021-08-26 19:00:00+05:30,0.0,30.37
2021-08-26 20:00:00+05:30,0.0,29.02
2021-08-26 21:00:00+05:30,0.0,28.05
2021-08-26 22:00:00+05:30,0.0,27.21
2021-08-26 23:00:00+05:30,0.0,26.59
2021-08-27 00:00:00+05:30,0.0,25.91
2021-08-27 01:00:00+05:30,0.0,25.7
2021-08-27 02:00:00+05:30,0.0,25.29
2021-08-27 03:00:00+05:30,0.0,24.9
2021-08-27 04:00:00+05:30,0.0,24.58
2021-08-27 05:00:00+05:30,0.0,24.21
2021-08-27 06:00:00+05:30,0.0,24.07
2021-08-27 07:00:00+05:30,110.77,23.95
2021-08-27 08:00:00+05:30,283.76,25.03
2021-08-27 09:00:00+05:30,449.02,26.88
2021-08-27 10:00:00+05:30,603.02,28.53
2021-08-27 11:00:00+05:30,710.15,30.06
2021-08-27 12:00:00+05:30,767.05,31.39
2021-08-27 13:00:00+05:30,600.16,32.24
2021-08-27 14:00:00+05:30,510.26,32.71
2021-08-27 15:00:00+05:30,437.02,32.85
2021-08-27 16:00:00+05:30,343.97,32.95
2021-08-27 17:00:00+05:30,242.0,32.86
2021-08-27 18:00:00+05:30,97.61,32.33
2021-08-27 19:00:00+05:30,0.0,30.76
2021-08-27 20:00:00+05:30,0.0,29.01
2021-08-27 21:00:00+05:30,0.0,28.01
2021-08-27 22:00:00+05:30,0.0,27.24
2021-08-27 23:00:00+05:30,0.0,26.6
2021-08-28 00:00:00+05:30,0.0,26.05
2021-08-28 01:00:00+05:30,0.0,25.94
2021-08-28 02:00:00+05:30,0.0,25.49
2021-08-28 03:00:00+05:30,0.0,25.03
2021-08-28 04:00:00+05:30,0.0,24.55
2021-08-28 05:00:00+05:30,0.0,24.17
2021-08-28 06:00:00+05:30,0.0,23.85
2021-08-28 07:00:00+05:30,106.75,23.55
2021-08-28 08:00:00+05:30,278.05,25.19
2021-08-28 09:00:00+05:30,435.99,27.61
2021-08-28 10:00:00+05:30,568.88,29.63
2021-08-28 11:00:00+05:30,677.22,31.11
2021-08-28 12:00:00+05:30,665.34,32.16
2021-08-28 13:00:00+05:30,585.23,32.73
2021-08-28 14:00:00+05:30,581.14,32.91
2021-08-28 15:00:00+05:30,479.45,33.24
2021-08-28 16:00:00+05:30,398.19,33.43
2021-08-28 17:00:00+05:30,209.83,33.38
2021-08-28 18:00:00+05:30,76.81,32.95
2021-08-28 19:00:00+05:30,0.0,31.79
2021-08-28 20:00:00+05:30,0.0,30.27
2021-08-28 21:00:00+05:30,0.0,29.27
2021-08-28 22:00:00+05:30,0.0,28.59
2021-08-28 23:00:00+05:30,0.0,27.87
2021-08-29 00:00:00+05:30,0.0,27.38
2021-08-29 01:00:00+05:30,0.0,27.22
2021-08-29 02:00:00+05:30,0.0,26.89
2021-08-29 03:00:00+05:30,0.0,26.73
2021-08-29 04:00:00+05:30,0.0,26.39
2021-08-29 05:00:00+05:30,0.0,26.31
2021-08-29 06:00:00+05:30,0.0,26.11
2021-08-29 07:00:00+05:30,33.47,25.94
2021-08-29 08:00:00+05:30,90.64,26.46
2021-08-29 09:00:00+05:30,155.64,27.16
2021-08-29 10:00:00+05:30,214.67,27.75
2021-08-29 11:00:00+05:30,279.45,28.52
2021-08-29 12:00:00+05:30,248.17,28.87
2021-08-29 13:00:00+05:30,304.55,28.43
2021-08-29 14:00:00+05:30,388.33,28.81
2021-08-29 15:00:00+05:30,347.28,29.6
2021-08-29 16:00:00+05:30,280.34,29.99
2021-08-29 17:00:00+05:30,181.95,30.22
2021-08-29 18:00:00+05:30,72.87,30.11
2021-08-29 19:00:00+05:30,0.0,29.54
2021-08-29 20:00:00+05:30,0.0,28.64
2021-08-29 21:00:00+05:30,0.0,27.55
2021-08-29 22:00:00+05:30,0.0,27.12
2021-08-29 23:00:00+05:30,0.0,26.68
2021-08-30 00:00:00+05:30,0.0,26.42
2021-08-30 01:00:00+05:30,0.0,25.63
2021-08-30 02:00:00+05:30,0.0,25.59
2021-08-30 03:00:00+05:30,0.0,25.31
2021-08-30 04:00:00+05:30,0.0,25.07
2021-08-30 05:00:00+05:30,0.0,24.82
2021-08-30 06:00:00+05:30,0.0,24.53
2021-08-30 07:00:00+05:30,84.87,24.36
2021-08-30 08:00:00+05:30,199.54,25.56
2021-08-30 09:00:00+05:30,283.28,26.91
2021-08-30 10:00:00+05:30,423.28,28.12
2021-08-30 11:00:00+05:30,516.04,29.11
2021-08-30 12:00:00+05:30,605.6,29.87
2021-08-30 13:00:00+05:30,628.82,31.09
2021-08-30 14:00:00+05:30,601.95,31.86
2021-08-30 15:00:00+05:30,322.82,31.54
2021-08-30 16:00:00+05:30,245.77,30.23
2021-08-30 17:00:00+05:30,155.41,29.42
2021-08-30 18:00:00+05:30,63.2,28.78
2021-08-30 19:00:00+05:30,0.0,28.28
2021-08-30 20:00:00+05:30,0.0,27.57
2021-08-30 21:00:00+05:30,0.0,27.05
2021-08-30 22:00:00+05:30,0.0,26.59
2021-08-30 23:00:00+05:30,0.0,26.21
2021-08-31 00:00:00+05:30,0.0,25.7
2021-08-31 01:00:00+05:30,0.0,25.01
2021-08-31 02:00:00+05:30,0.0,24.78
2021-08-31 03:00:00+05:30,0.0,24.73
2021-08-31 04:00:00+05:30,0.0,24.73
2021-08-31 05:00:00+05:30,0.0,24.82
2021-08-31 06:00:00+05:30,0.0,24.95
2021-08-31 07:00:00+05:30,30.34,24.91
2021-08-31 08:00:00+05:30,75.49,25.11
2021-08-31 09:00:00+05:30,228.22,25.38
2021-08-31 10:00:00+05:30,326.33,26.5
2021-08-31 11:00:00+05:30,501.66,27.66
2021-08-31 12:00:00+05:30,345.61,29.04
2021-08-31 13:00:00+05:30,404.93,28.68
2021-08-31 14:00:00+05:30,386.62,29.32
2021-08-31 15:00:00+05:30,426.7,29.59
2021-08-31 16:00:00+05:30,395.78,30.16
2021-08-31 17:00:00+05:30,222.77,30.53
2021-08-31 18:00:00+05:30,51.84,29.67
2021-08-31 19:00:00+05:30,0.0,28.24
2021-08-31 20:00:00+05:30,0.0,27.12
2021-08-31 21:00:00+05:30,0.0,26.31
2021-08-31 22:00:00+05:30,0.0,25.68
2021-08-31 23:00:00+05:30,0.0,25.36
2021-09-01 00:00:00+05:30,0.0,25.1
2021-09-01 01:00:00+05:30,0.0,24.26
2021-09-01 02:00:00+05:30,0.0,24.19
2021-09-01 03:00:00+05:30,0.0,24.1
2021-09-01 04:00:00+05:30,0.0,23.96
2021-09-01 05:00:00+05:30,0.0,23.8
2021-09-01 06:00:00+05:30,0.0,23.7
2021-09-01 07:00:00+05:30,23.07,23.69
2021-09-01 08:00:00+05:30,100.59,23.85
2021-09-01 09:00:00+05:30,160.48,24.28
2021-09-01 10:00:00+05:30,281.05,24.95
2021-09-01 11:00:00+05:30,324.17,25.7
2021-09-01 12:00:00+05:30,487.22,26.83
2021-09-01 13:00:00+05:30,458.93,28.5
2021-09-01 14:00:00+05:30,529.43,29.09
2021-09-01 15:00:00+05:30,382.94,29.83
2021-09-01 16:00:00+05:30,307.54,29.98
2021-09-01 17:00:00+05:30,177.96,29.16
2021-09-01 18:00:00+05:30,45.19,26.95
2021-09-01 19:00:00+05:30,0.0,26.22
2021-09-01 20:00:00+05:30,0.0,25.38
2021-09-01 21:00:00+05:30,0.0,24.94
2021-09-01 22:00:00+05:30,0.0,24.74
2021-09-01 23:00:00+05:30,0.0,24.58
2021-09-02 00:00:00+05:30,0.0,24.44
2021-09-02 01:00:00+05:30,0.0,24.34
2021-09-02 02:00:00+05:30,0.0,24.32
2021-09-02 03:00:00+05:30,0.0,24.31
2021-09-02 04:00:00+05:30,0.0,24.29
2021-09-02 05:00:00+05:30,0.0,24.37
2021-09-02 06:00:00+05:30,0.0,24.31
2021-09-02 07:00:00+05:30,48.3,23.91
2021-09-02 08:00:00+05:30,147.98,23.95
2021-09-02 09:00:00+05:30,284.55,24.6
2021-09-02 10:00:00+05:30,447.46,25.82
2021-09-02 11:00:00+05:30,568.19,27.72
2021-09-02 12:00:00+05:30,516.39,28.99
2021-09-02 13:00:00+05:30,305.51,29.87
2021-09-02 14:00:00+05:30,308.34,28.9
2021-09-02 15:00:00+05:30,430.5,29.4
2021-09-02 16:00:00+05:30,285.46,30.07
2021-09-02 17:00:00+05:30,139.49,28.33
2021-09-02 18:00:00+05:30,38.23,26.6
2021-09-02 19:00:00+05:30,0.0,26.13
2021-09-02 20:00:00+05:30,0.0,25.8
2021-09-02 21:00:00+05:30,0.0,25.47
2021-09-02 22:00:00+05:30,0.0,25.1
2021-09-02 23:00:00+05:30,0.0,24.84
2021-09-03 00:00:00+05:30,0.0,24.74
2021-09-03 01:00:00+05:30,0.0,24.57
2021-09-03 02:00:00+05:30,0.0,24.49
2021-09-03 03:00:00+05:30,0.0,24.43
2021-09-03 04:00:00+05:30,0.0,24.34
2021-09-03 05:00:00+05:30,0.0,24.1
2021-09-03 06:00:00+05:30,0.0,24.0
2021-09-03 07:00:00+05:30,83.6,23.9
2021-09-03 08:00:00+05:30,200.14,24.7
2021-09-03 09:00:00+05:30,337.5,25.72
2021-09-03 10:00:00+05:30,501.78,26.79
2021-09-03 11:00:00+05:30,572.31,27.95
2021-09-03 12:00:00+05:30,646.46,29.08
2021-09-03 13:00:00+05:30,616.63,29.5
2021-09-03 14:00:00+05:30,497.83,29.93
2021-09-03 15:00:00+05:30,415.63,30.11
2021-09-03 16:00:00+05:30,289.38,30.03
2021-09-03 17:00:00+05:30,173.26,28.78
2021-09-03 18:00:00+05:30,55.86,27.96
2021-09-03 19:00:00+05:30,0.0,27.57
2021-09-03 20:00:00+05:30,0.0,26.99
2021-09-03 21:00:00+05:30,0.0,26.66
2021-09-03 22:00:00+05:30,0.0,26.1
2021-09-03 23:00:00+05:30,0.0,25.95
2021-09-04 00:00:00+05:30,0.0,25.32
2021-09-04 01:00:00+05:30,0.0,25.07
2021-09-04 02:00:00+05:30,0.0,25.21
2021-09-04 03:00:00+05:30,0.0,24.93
2021-09-04 04:00:00+05:30,0.0,24.93
2021-09-04 05:00:00+05:30,0.0,24.79
2021-09-04 06:00:00+05:30,0.0,24.6
2021-09-04 07:00:00+05:30,75.72,24.54
2021-09-04 08:00:00+05:30,183.67,25.41
2021-09-04 09:00:00+05:30,318.01,26.39
2021-09-04 10:00:00+05:30,473.73,27.57
2021-09-04 11:00:00+05:30,553.95,28.86
2021-09-04 12:00:00+05:30,533.59,29.73
2021-09-04 13:00:00+05:30,628.38,30.48
2021-09-04 14:00:00+05:30,437.77,31.29
2021-09-04 15:00:00+05:30,436.4,31.17
2021-09-04 16:00:00+05:30,271.22,31.22
2021-09-04 17:00:00+05:30,154.29,29.76
2021-09-04 18:00:00+05:30,48.79,29.47
2021-09-04 19:00:00+05:30,0.0,29.0
2021-09-04 20:00:00+05:30,0.0,28.28
2021-09-04 21:00:00+05:30,0.0,27.51
2021-09-04 22:00:00+05:30,0.0,27.1
2021-09-04 23:00:00+05:30,0.0,26.64
2021-09-05 00:00:00+05:30,0.0,26.3
2021-09-05 01:00:00+05:30,0.0,25.92
2021-09-05 02:00:00+05:30,0.0,25.74
2021-09-05 03:00:00+05:30,0.0,25.7
2021-09-05 04:00:00+05:30,0.0,25.38
2021-09-05 05:00:00+05:30,0.0,25.01
2021-09-05 06:00:00+05:30,0.0,24.86
2021-09-05 07:00:00+05:30,80.73,24.72
2021-09-05 08:00:00+05:30,227.81,25.51
2021-09-05 09:00:00+05:30,347.47,26.91
2021-09-05 10:00:00+05:30,385.68,28.14
2021-09-05 11:00:00+05:30,582.56,28.83
2021-09-05 12:00:00+05:30,657.9,30.03
2021-09-05 13:00:00+05:30,619.91,30.88
2021-09-05 14:00:00+05:30,546.88,31.09
2021-09-05 15:00:00+05:30,408.61,31.26
2021-09-05 16:00:00+05:30,301.53,31.14
2021-09-05 17:00:00+05:30,165.39,30.56
2021-09-05 18:00:00+05:30,57.58,30.11
2021-09-05 19:00:00+05:30,0.0,28.99
2021-09-05 20:00:00+05:30,0.0,28.24
2021-09-05 21:00:00+05:30,0.0,27.36
2021-09-05 22:00:00+05:30,0.0,26.86
2021-09-05 23:00:00+05:30,0.0,26.52
2021-09-06 00:00:00+05:30,0.0,26.11
2021-09-06 01:00:00+05:30,0.0,25.78
2021-09-06 02:00:00+05:30,0.0,25.55
2021-09-06 03:00:00+05:30,0.0,25.26
2021-09-06 04:00:00+05:30,0.0,24.96
2021-09-06 05:00:00+05:30,0.0,24.72
2021-09-06 06:00:00+05:30,0.0,24.53
2021-09-06 07:00:00+05:30,92.96,24.4
2021-09-06 08:00:00+05:30,255.47,25.98
2021-09-06 09:00:00+05:30,406.75,27.71
2021-09-06 10:00:00+05:30,555.05,29.17
2021-09-06 11:00:00+05:30,632.25,30.42
2021-09-06 12:00:00+05:30,651.16,31.11
2021-09-06 13:00:00+05:30,580.78,31.43
2021-09-06 14:00:00+05:30,583.76,31.71
2021-09-06 15:00:00+05:30,479.94,32.0
2021-09-06 16:00:00+05:30,330.31,32.23
2021-09-06 17:00:00+05:30,198.4,31.87
2021-09-06 18:00:00+05:30,55.24,31.2
2021-09-06 19:00:00+05:30,0.0,30.32
2021-09-06 20:00:00+05:30,0.0,29.23
2021-09-06 21:00:00+05:30,0.0,28.54
2021-09-06 22:00:00+05:30,0.0,27.87
2021-09-06 23:00:00+05:30,0.0,27.29
2021-09-07 00:00:00+05:30,0.0,26.93
2021-09-07 01:00:00+05:30,0.0,26.82
2021-09-07 02:00:00+05:30,0.0,26.49
2021-09-07 03:00:00+05:30,0.0,26.17
2021-09-07 04:00:00+05:30,0.0,25.75
2021-09-07 05:00:00+05:30,0.0,25.42
2021-09-07 06:00:00+05:30,0.0,25.27
2021-09-07 07:00:00+05:30,90.69,25.16
2021-09-07 08:00:00+05:30,249.6,26.63
2021-09-07 09:00:00+05:30,404.03,28.42
2021-09-07 10:00:00+05:30,475.4,29.45
2021-09-07 11:00:00+05:30,566.33,30.21
2021-09-07 12:00:00+05:30,617.46,31.08
2021-09-07 13:00:00+05:30,584.09,31.55
2021-09-07 14:00:00+05:30,505.29,31.61
2021-09-07 15:00:00+05:30,360.92,30.15
2021-09-07 16:00:00+05:30,243.02,30.13
2021-09-07 17:00:00+05:30,169.04,29.75
2021-09-07 18:00:00+05:30,50.0,29.44
2021-09-07 19:00:00+05:30,0.0,28.7
2021-09-07 20:00:00+05:30,0.0,27.9
2021-09-07 21:00:00+05:30,0.0,27.33
2021-09-07 22:00:00+05:30,0.0,26.83
2021-09-07 23:00:00+05:30,0.0,26.48
2021-09-08 00:00:00+05:30,0.0,26.16
2021-09-08 01:00:00+05:30,0.0,26.26
2021-09-08 02:00:00+05:30,0.0,26.18
2021-09-08 03:00:00+05:30,0.0,25.92
2021-09-08 04:00:00+05:30,0.0,25.69
2021-09-08 05:00:00+05:30,0.0,25.48
2021-09-08 06:00:00+05:30,0.0,25.22
2021-09-08 07:00:00+05:30,50.96,25.12
2021-09-08 08:00:00+05:30,150.26,25.52
2021-09-08 09:00:00+05:30,286.59,26.22
2021-09-08 10:00:00+05:30,410.04,27.37
2021-09-08 11:00:00+05:30,475.58,28.36
2021-09-08 12:00:00+05:30,516.91,29.06
2021-09-08 13:00:00+05:30,564.7,29.52
2021-09-08 14:00:00+05:30,490.76,29.85
2021-09-08 15:00:00+05:30,411.86,30.25
2021-09-08 16:00:00+05:30,291.36,29.81
2021-09-08 17:00:00+05:30,151.92,29.72
2021-09-08 18:00:00+05:30,46.43,28.96
2021-09-08 19:00:00+05:30,0.0,28.17
2021-09-08 20:00:00+05:30,0.0,27.51
2021-09-08 21:00:00+05:30,0.0,27.14
2021-09-08 22:00:00+05:30,0.0,26.59
2021-09-08 23:00:00+05:30,0.0,26.19
2021-09-09 00:00:00+05:30,0.0,25.88
2021-09-09 01:00:00+05:30,0.0,25.59
2021-09-09 02:00:00+05:30,0.0,25.4
2021-09-09 03:00:00+05:30,0.0,25.18
2021-09-09 04:00:00+05:30,0.0,24.89
2021-09-09 05:00:00+05:30,0.0,24.77
2021-09-09 06:00:00+05:30,0.0,24.67
2021-09-09 07:00:00+05:30,54.86,24.72
2021-09-09 08:00:00+05:30,189.75,25.14
2021-09-09 09:00:00+05:30,287.92,26.04
2021-09-09 10:00:00+05:30,429.03,26.97
2021-09-09 11:00:00+05:30,474.92,28.03
2021-09-09 12:00:00+05:30,416.0,28.92
2021-09-09 13:00:00+05:30,386.8,29.53
2021-09-09 14:00:00+05:30,312.95,30.03
2021-09-09 15:00:00+05:30,357.66,29.22
2021-09-09 16:00:00+05:30,267.48,29.41
2021-09-09 17:00:00+05:30,165.07,29.1
2021-09-09 18:00:00+05:30,45.66,28.44
2021-09-09 19:00:00+05:30,0.0,27.73
2021-09-09 20:00:00+05:30,0.0,26.93
2021-09-09 21:00:00+05:30,0.0,26.22
2021-09-09 22:00:00+05:30,0.0,25.74
2021-09-09 23:00:00+05:30,0.0,25.29
2021-09-10 00:00:00+05:30,0.0,25.18
2021-09-10 01:00:00+05:30,0.0,24.88
2021-09-10 02:00:00+05:30,0.0,24.75
2021-09-10 03:00:00+05:30,0.0,24.48
2021-09-10 04:00:00+05:30,0.0,24.24
2021-09-10 05:00:00+05:30,0.0,23.91
2021-09-10 06:00:00+05:30,0.0,23.82
2021-09-10 07:00:00+05:30,49.59,23.75
2021-09-10 08:00:00+05:30,123.76,24.24
2021-09-10 09:00:00+05:30,223.0,25.13
2021-09-10 10:00:00+05:30,289.4,26.35
2021-09-10 11:00:00+05:30,413.88,27.0
2021-09-10 12:00:00+05:30,402.87,27.6
2021-09-10 13:00:00+05:30,429.28,28.26
2021-09-10 14:00:00+05:30,384.62,28.84
2021-09-10 15:00:00+05:30,214.69,28.84
2021-09-10 16:00:00+05:30,250.25,27.9
2021-09-10 17:00:00+05:30,124.64,28.03
2021-09-10 18:00:00+05:30,25.12,27.75
2021-09-10 19:00:00+05:30,0.0,25.78
2021-09-10 20:00:00+05:30,0.0,25.17
2021-09-10 21:00:00+05:30,0.0,24.98
2021-09-10 22:00:00+05:30,0.0,24.74
2021-09-10 23:00:00+05:30,0.0,24.55
2021-09-11 00:00:00+05:30,0.0,24.49
2021-09-11 01:00:00+05:30,0.0,24.54
2021-09-11 02:00:00+05:30,0.0,23.9
2021-09-11 03:00:00+05:30,0.0,23.69
2021-09-11 04:00:00+05:30,0.0,23.41
2021-09-11 05:00:00+05:30,0.0,23.25
2021-09-11 06:00:00+05:30,0.0,23.32
2021-09-11 07:00:00+05:30,15.86,23.41
2021-09-11 08:00:00+05:30,64.15,23.61
2021-09-11 09:00:00+05:30,122.02,24.1
2021-09-11 10:00:00+05:30,117.16,24.8
2021-09-11 11:00:00+05:30,134.46,25.16
2021-09-11 12:00:00+05:30,337.64,25.37
2021-09-11 13:00:00+05:30,316.86,26.8
2021-09-11 14:00:00+05:30,342.45,26.6
2021-09-11 15:00:00+05:30,341.42,27.05
2021-09-11 16:00:00+05:30,199.48,27.49
2021-09-11 17:00:00+05:30,128.7,26.87
2021-09-11 18:00:00+05:30,38.13,26.71
2021-09-11 19:00:00+05:30,0.0,26.03
2021-09-11 20:00:00+05:30,0.0,25.22
2021-09-11 21:00:00+05:30,0.0,24.64
2021-09-11 22:00:00+05:30,0.0,24.25
2021-09-11 23:00:00+05:30,0.0,24.16
2021-09-12 00:00:00+05:30,0.0,24.01
2021-09-12 01:00:00+05:30,0.0,23.61
2021-09-12 02:00:00+05:30,0.0,23.54
2021-09-12 03:00:00+05:30,0.0,23.57
2021-09-12 04:00:00+05:30,0.0,23.43
2021-09-12 05:00:00+05:30,0.0,23.24
2021-09-12 06:00:00+05:30,0.0,23.2
2021-09-12 07:00:00+05:30,25.77,23.2
2021-09-12 08:00:00+05:30,64.77,23.31
2021-09-12 09:00:00+05:30,143.88,23.59
2021-09-12 10:00:00+05:30,261.52,24.18
2021-09-12 11:00:00+05:30,353.69,25.72
2021-09-12 12:00:00+05:30,559.59,27.06
2021-09-12 13:00:00+05:30,495.52,28.32
2021-09-12 14:00:00+05:30,306.22,28.84
2021-09-12 15:00:00+05:30,202.88,29.01
2021-09-12 16:00:00+05:30,160.77,27.35
2021-09-12 17:00:00+05:30,101.54,26.52
2021-09-12 18:00:00+05:30,29.08,26.37
2021-09-12 19:00:00+05:30,0.0,26.09
2021-09-12 20:00:00+05:30,0.0,25.77
2021-09-12 21:00:00+05:30,0.0,25.46
2021-09-12 22:00:00+05:30,0.0,25.36
2021-09-12 23:00:00+05:30,0.0,25.19
2021-09-13 00:00:00+05:30,0.0,24.83
2021-09-13 01:00:00+05:30,0.0,25.05
2021-09-13 02:00:00+05:30,0.0,24.72
2021-09-13 03:00:00+05:30,0.0,24.64
2021-09-13 04:00:00+05:30,0.0,24.47
2021-09-13 05:00:00+05:30,0.0,24.26
2021-09-13 06:00:00+05:30,0.0,24.11
2021-09-13 07:00:00+05:30,62.48,24.01
2021-09-13 08:00:00+05:30,192.11,24.47
2021-09-13 09:00:00+05:30,318.6,25.76
2021-09-13 10:00:00+05:30,507.04,27.01
2021-09-13 11:00:00+05:30,606.71,28.39
2021-09-13 12:00:00+05:30,619.27,29.39
2021-09-13 13:00:00+05:30,527.98,30.54
2021-09-13 14:00:00+05:30,498.73,30.85
2021-09-13 15:00:00+05:30,441.91,30.85
2021-09-13 16:00:00+05:30,296.97,29.29
2021-09-13 17:00:00+05:30,122.48,28.54
2021-09-13 18:00:00+05:30,37.72,28.03
2021-09-13 19:00:00+05:30,0.0,27.3
2021-09-13 20:00:00+05:30,0.0,26.64
2021-09-13 21:00:00+05:30,0.0,26.29
2021-09-13 22:00:00+05:30,0.0,26.22
2021-09-13 23:00:00+05:30,0.0,26.06
2021-09-14 00:00:00+05:30,0.0,25.84
2021-09-14 01:00:00+05:30,0.0,24.86
2021-09-14 02:00:00+05:30,0.0,24.7
2021-09-14 03:00:00+05:30,0.0,24.64
2021-09-14 04:00:00+05:30,0.0,24.6
2021-09-14 05:00:00+05:30,0.0,24.59
2021-09-14 06:00:00+05:30,0.0,24.47
2021-09-14 07:00:00+05:30,63.83,24.42
2021-09-14 08:00:00+05:30,198.71,25.05
2021-09-14 09:00:00+05:30,344.63,26.5
2021-09-14 10:00:00+05:30,500.65,27.87
2021-09-14 11:00:00+05:30,573.25,29.14
2021-09-14 12:00:00+05:30,661.0,30.07
2021-09-14 13:00:00+05:30,609.68,30.68
2021-09-14 14:00:00+05:30,568.14,31.13
2021-09-14 15:00:00+05:30,438.52,31.45
2021-09-14 16:00:00+05:30,227.16,31.01
2021-09-14 17:00:00+05:30,145.96,29.17
2021-09-14 18:00:00+05:30,38.59,28.9
2021-09-14 19:00:00+05:30,0.0,28.47
2021-09-14 20:00:00+05:30,0.0,28.15
2021-09-14 21:00:00+05:30,0.0,27.78
2021-09-14 22:00:00+05:30,0.0,27.33
2021-09-14 23:00:00+05:30,0.0,26.97
2021-09-15 00:00:00+05:30,0.0,26.57
2021-09-15 01:00:00+05:30,0.0,25.79
2021-09-15 02:00:00+05:30,0.0,25.53
2021-09-15 03:00:00+05:30,0.0,25.4
2021-09-15 04:00:00+05:30,0.0,25.35
2021-09-15 05:00:00+05:30,0.0,25.21
2021-09-15 06:00:00+05:30,0.0,25.09
2021-09-15 07:00:00+05:30,36.92,24.91
2021-09-15 08:00:00+05:30,107.74,25.18
2021-09-15 09:00:00+05:30,131.57,25.64
2021-09-15 10:00:00+05:30,235.69,25.95
2021-09-15 11:00:00+05:30,281.89,26.63
2021-09-15 12:00:00+05:30,395.46,27.0
2021-09-15 13:00:00+05:30,507.18,28.27
2021-09-15 14:00:00+05:30,520.7,29.13
2021-09-15 15:00:00+05:30,407.28,29.67
2021-09-15 16:00:00+05:30,278.08,29.83
2021-09-15 17:00:00+05:30,125.76,29.48
2021-09-15 18:00:00+05:30,34.53,28.79
2021-09-15 19:00:00+05:30,0.0,28.03
2021-09-15 20:00:00+05:30,0.0,27.47
2021-09-15 21:00:00+05:30,0.0,27.11
2021-09-15 22:00:00+05:30,0.0,26.73
2021-09-15 23:00:00+05:30,0.0,26.37
2021-09-16 00:00:00+05:30,0.0,25.96
2021-09-16 01:00:00+05:30,0.0,25.42
2021-09-16 02:00:00+05:30,0.0,24.84
2021-09-16 03:00:00+05:30,0.0,24.32
2021-09-16 04:00:00+05:30,0.0,23.88
2021-09-16 05:00:00+05:30,0.0,23.55
2021-09-16 06:00:00+05:30,0.0,23.26
2021-09-16 07:00:00+05:30,76.84,23.09
2021-09-16 08:00:00+05:30,215.72,23.88
2021-09-16 09:00:00+05:30,355.87,25.41
2021-09-16 10:00:00+05:30,514.08,26.86
2021-09-16 11:00:00+05:30,652.84,28.4
2021-09-16 12:00:00+05:30,612.8,29.99
2021-09-16 13:00:00+05:30,598.52,30.46
2021-09-16 14:00:00+05:30,501.13,30.81
2021-09-16 15:00:00+05:30,425.4,30.17
2021-09-16 16:00:00+05:30,244.43,29.33
2021-09-16 17:00:00+05:30,148.06,28.94
2021-09-16 18:00:00+05:30,39.3,28.34
2021-09-16 19:00:00+05:30,0.0,27.41
2021-09-16 20:00:00+05:30,0.0,26.59
2021-09-16 21:00:00+05:30,0.0,26.13
2021-09-16 22:00:00+05:30,0.0,25.75
2021-09-16 23:00:00+05:30,0.0,25.42
2021-09-17 00:00:00+05:30,0.0,25.05
2021-09-17 01:00:00+05:30,0.0,23.94
2021-09-17 02:00:00+05:30,0.0,23.77
2021-09-17 03:00:00+05:30,0.0,23.68
2021-09-17 04:00:00+05:30,0.0,23.6
2021-09-17 05:00:00+05:30,0.0,23.58
2021-09-17 06:00:00+05:30,0.0,23.54
2021-09-17 07:00:00+05:30,50.52,23.57
2021-09-17 08:00:00+05:30,149.3,24.2
2021-09-17 09:00:00+05:30,248.31,25.73
2021-09-17 10:00:00+05:30,274.16,27.4
2021-09-17 11:00:00+05:30,329.33,28.48
2021-09-17 12:00:00+05:30,185.28,29.56
2021-09-17 13:00:00+05:30,116.53,27.62
2021-09-17 14:00:00+05:30,73.91,26.48
2021-09-17 15:00:00+05:30,62.19,25.57
2021-09-17 16:00:00+05:30,121.67,25.13
2021-09-17 17:00:00+05:30,89.1,25.2
2021-09-17 18:00:00+05:30,24.45,25.25
2021-09-17 19:00:00+05:30,0.0,24.98
2021-09-17 20:00:00+05:30,0.0,24.74
2021-09-17 21:00:00+05:30,0.0,24.5
2021-09-17 22:00:00+05:30,0.0,24.33
2021-09-17 23:00:00+05:30,0.0,24.17
2021-09-18 00:00:00+05:30,0.0,24.12
2021-09-18 01:00:00+05:30,0.0,24.3
2021-09-18 02:00:00+05:30,0.0,24.16
2021-09-18 03:00:00+05:30,0.0,24.26
2021-09-18 04:00:00+05:30,0.0,24.39
2021-09-18 05:00:00+05:30,0.0,24.42
2021-09-18 06:00:00+05:30,0.0,24.41
2021-09-18 07:00:00+05:30,22.87,24.33
2021-09-18 08:00:00+05:30,138.86,24.48
2021-09-18 09:00:00+05:30,270.98,25.05
2021-09-18 10:00:00+05:30,361.17,26.06
2021-09-18 11:00:00+05:30,368.52,27.16
2021-09-18 12:00:00+05:30,283.29,28.01
2021-09-18 13:00:00+05:30,360.55,27.59
2021-09-18 14:00:00+05:30,324.43,28.21
2021-09-18 15:00:00+05:30,279.26,28.45
2021-09-18 16:00:00+05:30,241.03,28.86
2021-09-18 17:00:00+05:30,111.45,28.33
2021-09-18 18:00:00+05:30,22.84,27.15
2021-09-18 19:00:00+05:30,0.0,26.44
2021-09-18 20:00:00+05:30,0.0,25.79
2021-09-18 21:00:00+05:30,0.0,25.45
2021-09-18 22:00:00+05:30,0.0,25.28
2021-09-18 23:00:00+05:30,0.0,24.97
2021-09-19 00:00:00+05:30,0.0,24.72
2021-09-19 01:00:00+05:30,0.0,24.52
2021-09-19 02:00:00+05:30,0.0,24.43
2021-09-19 03:00:00+05:30,0.0,24.24
2021-09-19 04:00:00+05:30,0.0,24.15
2021-09-19 05:00:00+05:30,0.0,24.05
2021-09-19 06:00:00+05:30,0.0,24.01
2021-09-19 07:00:00+05:30,44.25,24.11
2021-09-19 08:00:00+05:30,143.23,24.64
2021-09-19 09:00:00+05:30,255.12,25.44
2021-09-19 10:00:00+05:30,365.78,26.31
2021-09-19 11:00:00+05:30,450.32,27.29
2021-09-19 12:00:00+05:30,462.99,28.01
2021-09-19 13:00:00+05:30,483.89,28.67
2021-09-19 14:00:00+05:30,374.78,29.07
2021-09-19 15:00:00+05:30,296.95,29.29
2021-09-19 16:00:00+05:30,180.21,29.56
2021-09-19 17:00:00+05:30,111.67,28.56
2021-09-19 18:00:00+05:30,22.57,27.36
2021-09-19 19:00:00+05:30,0.0,26.73
2021-09-19 20:00:00+05:30,0.0,26.09
2021-09-19 21:00:00+05:30,0.0,25.61
2021-09-19 22:00:00+05:30,0.0,25.21
2021-09-19 23:00:00+05:30,0.0,24.79
2021-09-20 00:00:00+05:30,0.0,24.55
2021-09-20 01:00:00+05:30,0.0,24.38
2021-09-20 02:00:00+05:30,0.0,23.97
2021-09-20 03:00:00+05:30,0.0,23.92
2021-09-20 04:00:00+05:30,0.0,23.75
2021-09-20 05:00:00+05:30,0.0,23.6
2021-09-20 06:00:00+05:30,0.0,23.36
2021-09-20 07:00:00+05:30,63.32,23.28
2021-09-20 08:00:00+05:30,187.22,24.18
2021-09-20 09:00:00+05:30,295.8,25.81
2021-09-20 10:00:00+05:30,319.39,27.36
2021-09-20 11:00:00+05:30,381.3,27.92
2021-09-20 12:00:00+05:30,437.14,28.45
2021-09-20 13:00:00+05:30,385.98,29.06
2021-09-20 14:00:00+05:30,442.46,29.28
2021-09-20 15:00:00+05:30,307.62,29.69
2021-09-20 16:00:00+05:30,249.8,29.51
2021-09-20 17:00:00+05:30,134.88,29.54
2021-09-20 18:00:00+05:30,22.8,29.18
2021-09-20 19:00:00+05:30,0.0,27.86
2021-09-20 20:00:00+05:30,0.0,26.7
2021-09-20 21:00:00+05:30,0.0,26.0
2021-09-20 22:00:00+05:30,0.0,25.64
2021-09-20 23:00:00+05:30,0.0,25.3
2021-09-21 00:00:00+05:30,0.0,24.82
2021-09-21 01:00:00+05:30,0.0,25.06
2021-09-21 02:00:00+05:30,0.0,24.93
2021-09-21 03:00:00+05:30,0.0,24.38
2021-09-21 04:00:00+05:30,0.0,24.17
2021-09-21 05:00:00+05:30,0.0,23.98
2021-09-21 06:00:00+05:30,0.0,23.86
2021-09-21 07:00:00+05:30,49.9,23.82
2021-09-21 08:00:00+05:30,164.57,24.43
2021-09-21 09:00:00+05:30,286.63,25.49
2021-09-21 10:00:00+05:30,381.48,26.65
2021-09-21 11:00:00+05:30,528.48,27.83
2021-09-21 12:00:00+05:30,500.85,29.36
2021-09-21 13:00:00+05:30,414.67,30.27
2021-09-21 14:00:00+05:30,450.19,30.24
2021-09-21 15:00:00+05:30,345.36,29.71
2021-09-21 16:00:00+05:30,249.77,29.52
2021-09-21 17:00:00+05:30,107.45,28.75
2021-09-21 18:00:00+05:30,24.83,27.96
2021-09-21 19:00:00+05:30,0.0,27.4
2021-09-21 20:00:00+05:30,0.0,26.88
2021-09-21 21:00:00+05:30,0.0,26.18
2021-09-21 22:00:00+05:30,0.0,25.61
2021-09-21 23:00:00+05:30,0.0,25.23
2021-09-22 00:00:00+05:30,0.0,24.66
2021-09-22 01:00:00+05:30,0.0,24.41
2021-09-22 02:00:00+05:30,0.0,24.18
2021-09-22 03:00:00+05:30,0.0,23.95
2021-09-22 04:00:00+05:30,0.0,23.9
2021-09-22 05:00:00+05:30,0.0,23.79
2021-09-22 06:00:00+05:30,0.0,23.5
2021-09-22 07:00:00+05:30,58.82,23.29
2021-09-22 08:00:00+05:30,138.48,23.74
2021-09-22 09:00:00+05:30,228.62,24.41
2021-09-22 10:00:00+05:30,390.91,25.42
2021-09-22 11:00:00+05:30,484.46,26.67
2021-09-22 12:00:00+05:30,589.17,27.68
2021-09-22 13:00:00+05:30,452.3,29.02
2021-09-22 14:00:00+05:30,462.12,29.25
2021-09-22 15:00:00+05:30,299.92,29.55
2021-09-22 16:00:00+05:30,221.0,29.0
2021-09-22 17:00:00+05:30,104.53,28.66
2021-09-22 18:00:00+05:30,23.77,28.23
2021-09-22 19:00:00+05:30,0.0,27.46
2021-09-22 20:00:00+05:30,0.0,26.55
2021-09-22 21:00:00+05:30,0.0,26.01
2021-09-22 22:00:00+05:30,0.0,25.48
2021-09-22 23:00:00+05:30,0.0,25.0
2021-09-23 00:00:00+05:30,0.0,24.53
2021-09-23 01:00:00+05:30,0.0,23.89
2021-09-23 02:00:00+05:30,0.0,23.68
2021-09-23 03:00:00+05:30,0.0,23.47
2021-09-23 04:00:00+05:30,0.0,23.28
2021-09-23 05:00:00+05:30,0.0,23.23
2021-09-23 06:00:00+05:30,0.0,23.09
2021-09-23 07:00:00+05:30,51.41,23.03
2021-09-23 08:00:00+05:30,152.37,23.83
2021-09-23 09:00:00+05:30,279.02,24.92
2021-09-23 10:00:00+05:30,368.26,26.49
2021-09-23 11:00:00+05:30,498.22,27.58
2021-09-23 12:00:00+05:30,551.81,28.98
2021-09-23 13:00:00+05:30,595.25,29.3
2021-09-23 14:00:00+05:30,552.24,30.09
2021-09-23 15:00:00+05:30,372.25,30.38
2021-09-23 16:00:00+05:30,193.93,29.85
2021-09-23 17:00:00+05:30,135.24,29.19
2021-09-23 18:00:00+05:30,20.0,28.63
2021-09-23 19:00:00+05:30,0.0,27.77
2021-09-23 20:00:00+05:30,0.0,27.03
2021-09-23 21:00:00+05:30,0.0,26.52
2021-09-23 22:00:00+05:30,0.0,26.07
2021-09-23 23:00:00+05:30,0.0,25.65
2021-09-24 00:00:00+05:30,0.0,25.2
2021-09-24 01:00:00+05:30,0.0,24.93
2021-09-24 02:00:00+05:30,0.0,24.77
2021-09-24 03:00:00+05:30,0.0,24.5
2021-09-24 04:00:00+05:30,0.0,24.41
2021-09-24 05:00:00+05:30,0.0,24.05
2021-09-24 06:00:00+05:30,0.0,23.78
2021-09-24 07:00:00+05:30,67.87,23.6
2021-09-24 08:00:00+05:30,210.23,24.46
2021-09-24 09:00:00+05:30,307.43,25.87
2021-09-24 10:00:00+05:30,413.09,27.01
2021-09-24 11:00:00+05:30,494.0,27.78
2021-09-24 12:00:00+05:30,486.34,28.39
2021-09-24 13:00:00+05:30,505.86,29.52
2021-09-24 14:00:00+05:30,484.26,29.78
2021-09-24 15:00:00+05:30,399.14,30.19
2021-09-24 16:00:00+05:30,213.6,30.14
2021-09-24 17:00:00+05:30,97.99,29.02
2021-09-24 18:00:00+05:30,20.87,28.33
2021-09-24 19:00:00+05:30,0.0,27.43
2021-09-24 20:00:00+05:30,0.0,26.64
2021-09-24 21:00:00+05:30,0.0,26.07
2021-09-24 22:00:00+05:30,0.0,25.64
2021-09-24 23:00:00+05:30,0.0,25.18
2021-09-25 00:00:00+05:30,0.0,24.72
2021-09-25 01:00:00+05:30,0.0,24.68
2021-09-25 02:00:00+05:30,0.0,24.25
2021-09-25 03:00:00+05:30,0.0,23.91
2021-09-25 04:00:00+05:30,0.0,23.59
2021-09-25 05:00:00+05:30,0.0,23.33
2021-09-25 06:00:00+05:30,0.0,23.15
2021-09-25 07:00:00+05:30,58.49,23.08
2021-09-25 08:00:00+05:30,191.42,24.09
2021-09-25 09:00:00+05:30,306.98,25.67
2021-09-25 10:00:00+05:30,342.71,27.12
2021-09-25 11:00:00+05:30,471.19,27.99
2021-09-25 12:00:00+05:30,461.91,28.7
2021-09-25 13:00:00+05:30,511.41,29.16
2021-09-25 14:00:00+05:30,413.81,29.97
2021-09-25 15:00:00+05:30,281.13,30.27
2021-09-25 16:00:00+05:30,230.74,28.86
2021-09-25 17:00:00+05:30,112.16,27.62
2021-09-25 18:00:00+05:30,16.68,27.55
2021-09-25 19:00:00+05:30,0.0,27.0
2021-09-25 20:00:00+05:30,0.0,26.44
2021-09-25 21:00:00+05:30,0.0,25.89
2021-09-25 22:00:00+05:30,0.0,25.44
2021-09-25 23:00:00+05:30,0.0,25.09
2021-09-26 00:00:00+05:30,0.0,24.66
2021-09-26 01:00:00+05:30,0.0,24.66
2021-09-26 02:00:00+05:30,0.0,24.36
2021-09-26 03:00:00+05:30,0.0,23.97
2021-09-26 04:00:00+05:30,0.0,23.69
2021-09-26 05:00:00+05:30,0.0,23.47
2021-09-26 06:00:00+05:30,0.0,23.24
2021-09-26 07:00:00+05:30,49.82,23.28
2021-09-26 08:00:00+05:30,156.55,24.08
2021-09-26 09:00:00+05:30,293.86,25.7
2021-09-26 10:00:00+05:30,414.21,27.03
2021-09-26 11:00:00+05:30,497.85,28.08
2021-09-26 12:00:00+05:30,517.71,28.77
2021-09-26 13:00:00+05:30,556.9,29.27
2021-09-26 14:00:00+05:30,289.04,30.1
2021-09-26 15:00:00+05:30,287.77,28.79
2021-09-26 16:00:00+05:30,196.54,28.63
2021-09-26 17:00:00+05:30,117.65,27.18
2021-09-26 18:00:00+05:30,16.34,26.35
2021-09-26 19:00:00+05:30,0.0,25.79
2021-09-26 20:00:00+05:30,0.0,25.41
2021-09-26 21:00:00+05:30,0.0,24.98
2021-09-26 22:00:00+05:30,0.0,24.72
2021-09-26 23:00:00+05:30,0.0,24.49
2021-09-27 00:00:00+05:30,0.0,24.38
2021-09-27 01:00:00+05:30,0.0,24.8
2021-09-27 02:00:00+05:30,0.0,24.59
2021-09-27 03:00:00+05:30,0.0,24.28
2021-09-27 04:00:00+05:30,0.0,23.99
2021-09-27 05:00:00+05:30,0.0,23.82
2021-09-27 06:00:00+05:30,0.0,23.72
2021-09-27 07:00:00+05:30,49.33,23.6
2021-09-27 08:00:00+05:30,121.22,24.06
2021-09-27 09:00:00+05:30,211.59,24.67
2021-09-27 10:00:00+05:30,264.51,25.78
2021-09-27 11:00:00+05:30,335.18,26.55
2021-09-27 12:00:00+05:30,335.39,27.38
2021-09-27 13:00:00+05:30,421.7,28.6
2021-09-27 14:00:00+05:30,422.34,29.37
2021-09-27 15:00:00+05:30,411.85,30.04
2021-09-27 16:00:00+05:30,253.92,30.49
2021-09-27 17:00:00+05:30,106.65,30.05
2021-09-27 18:00:00+05:30,17.37,28.42
2021-09-27 19:00:00+05:30,0.0,27.28
2021-09-27 20:00:00+05:30,0.0,26.44
2021-09-27 21:00:00+05:30,0.0,26.08
2021-09-27 22:00:00+05:30,0.0,25.63
2021-09-27 23:00:00+05:30,0.0,25.2
2021-09-28 00:00:00+05:30,0.0,24.84
2021-09-28 01:00:00+05:30,0.0,25.07
2021-09-28 02:00:00+05:30,0.0,25.13
2021-09-28 03:00:00+05:30,0.0,25.07
2021-09-28 04:00:00+05:30,0.0,24.99
2021-09-28 05:00:00+05:30,0.0,24.84
2021-09-28 06:00:00+05:30,0.0,24.82
2021-09-28 07:00:00+05:30,61.17,24.72
2021-09-28 08:00:00+05:30,204.47,25.48
2021-09-28 09:00:00+05:30,310.76,26.99
2021-09-28 10:00:00+05:30,419.55,28.26
2021-09-28 11:00:00+05:30,515.0,29.25
2021-09-28 12:00:00+05:30,594.82,30.23
2021-09-28 13:00:00+05:30,566.78,31.01
2021-09-28 14:00:00+05:30,478.23,31.19
2021-09-28 15:00:00+05:30,344.99,31.08
2021-09-28 16:00:00+05:30,235.38,30.06
2021-09-28 17:00:00+05:30,98.36,29.21
2021-09-28 18:00:00+05:30,15.32,28.49
2021-09-28 19:00:00+05:30,0.0,27.56
2021-09-28 20:00:00+05:30,0.0,26.72
2021-09-28 21:00:00+05:30,0.0,26.03
2021-09-28 22:00:00+05:30,0.0,25.56
2021-09-28 23:00:00+05:30,0.0,25.33
2021-09-29 00:00:00+05:30,0.0,25.17
2021-09-29 01:00:00+05:30,0.0,25.97
2021-09-29 02:00:00+05:30,0.0,25.66
2021-09-29 03:00:00+05:30,0.0,25.31
2021-09-29 04:00:00+05:30,0.0,25.03
2021-09-29 05:00:00+05:30,0.0,24.72
2021-09-29 06:00:00+05:30,0.0,24.51
2021-09-29 07:00:00+05:30,59.96,24.3
2021-09-29 08:00:00+05:30,192.57,24.9
2021-09-29 09:00:00+05:30,334.8,26.18
2021-09-29 10:00:00+05:30,443.65,27.37
2021-09-29 11:00:00+05:30,557.86,28.61
2021-09-29 12:00:00+05:30,604.07,29.75
2021-09-29 13:00:00+05:30,531.26,30.32
2021-09-29 14:00:00+05:30,431.7,30.74
2021-09-29 15:00:00+05:30,384.83,30.8
2021-09-29 16:00:00+05:30,266.09,30.8
2021-09-29 17:00:00+05:30,127.27,30.44
2021-09-29 18:00:00+05:30,14.05,29.63
2021-09-29 19:00:00+05:30,0.0,28.54
2021-09-29 20:00:00+05:30,0.0,27.89
2021-09-29 21:00:00+05:30,0.0,27.26
2021-09-29 22:00:00+05:30,0.0,26.74
2021-09-29 23:00:00+05:30,0.0,26.11
2021-09-30 00:00:00+05:30,0.0,25.16
2021-09-30 01:00:00+05:30,0.0,26.07
2021-09-30 02:00:00+05:30,0.0,25.68
2021-09-30 03:00:00+05:30,0.0,25.44
2021-09-30 04:00:00+05:30,0.0,25.22
2021-09-30 05:00:00+05:30,0.0,24.73
2021-09-30 06:00:00+05:30,0.0,24.43
2021-09-30 07:00:00+05:30,62.07,24.22
2021-09-30 08:00:00+05:30,204.24,25.04
2021-09-30 09:00:00+05:30,356.53,26.53
2021-09-30 10:00:00+05:30,460.93,27.99
2021-09-30 11:00:00+05:30,529.55,29.09
2021-09-30 12:00:00+05:30,573.22,29.88
2021-09-30 13:00:00+05:30,499.64,30.99
2021-09-30 14:00:00+05:30,456.21,31.19
2021-09-30 15:00:00+05:30,391.45,31.37
2021-09-30 16:00:00+05:30,258.67,31.29
2021-09-30 17:00:00+05:30,115.03,30.64
2021-09-30 18:00:00+05:30,12.48,29.53
2021-09-30 19:00:00+05:30,0.0,28.42
2021-09-30 20:00:00+05:30,0.0,27.4
2021-09-30 21:00:00+05:30,0.0,26.95
2021-09-30 22:00:00+05:30,0.0,26.53
2021-09-30 23:00:00+05:30,0.0,25.94
2021-10-01 00:00:00+05:30,0.0,25.4
2021-10-01 01:00:00+05:30,0.0,24.44
2021-10-01 02:00:00+05:30,0.0,24.24
2021-10-01 03:00:00+05:30,0.0,24.01
2021-10-01 04:00:00+05:30,0.0,23.49
2021-10-01 05:00:00+05:30,0.0,23.29
2021-10-01 06:00:00+05:30,0.0,23.19
2021-10-01 07:00:00+05:30,59.73,23.09
2021-10-01 08:00:00+05:30,207.76,24.22
2021-10-01 09:00:00+05:30,348.32,26.45
2021-10-01 10:00:00+05:30,467.44,28.16
2021-10-01 11:00:00+05:30,555.99,29.38
2021-10-01 12:00:00+05:30,570.47,30.14
2021-10-01 13:00:00+05:30,538.65,30.92
2021-10-01 14:00:00+05:30,470.83,31.2
2021-10-01 15:00:00+05:30,366.78,31.43
2021-10-01 16:00:00+05:30,244.04,31.35
2021-10-01 17:00:00+05:30,97.66,30.11
2021-10-01 18:00:00+05:30,10.93,28.5
2021-10-01 19:00:00+05:30,0.0,27.71
2021-10-01 20:00:00+05:30,0.0,27.08
2021-10-01 21:00:00+05:30,0.0,26.42
2021-10-01 22:00:00+05:30,0.0,25.95
2021-10-01 23:00:00+05:30,0.0,25.48
2021-10-02 00:00:00+05:30,0.0,25.05
2021-10-02 01:00:00+05:30,0.0,25.11
2021-10-02 02:00:00+05:30,0.0,24.73
2021-10-02 03:00:00+05:30,0.0,24.4
2021-10-02 04:00:00+05:30,0.0,24.15
2021-10-02 05:00:00+05:30,0.0,23.93
2021-10-02 06:00:00+05:30,0.0,23.71
2021-10-02 07:00:00+05:30,58.91,23.6
2021-10-02 08:00:00+05:30,203.44,24.71
2021-10-02 09:00:00+05:30,343.8,26.65
2021-10-02 10:00:00+05:30,481.57,28.31
2021-10-02 11:00:00+05:30,562.33,29.65
2021-10-02 12:00:00+05:30,563.08,30.9
2021-10-02 13:00:00+05:30,477.06,31.11
2021-10-02 14:00:00+05:30,452.95,31.34
2021-10-02 15:00:00+05:30,358.42,31.76
2021-10-02 16:00:00+05:30,237.92,32.02
2021-10-02 17:00:00+05:30,123.23,30.72
2021-10-02 18:00:00+05:30,10.18,29.86
2021-10-02 19:00:00+05:30,0.0,28.71
2021-10-02 20:00:00+05:30,0.0,27.82
2021-10-02 21:00:00+05:30,0.0,27.17
2021-10-02 22:00:00+05:30,0.0,26.75
2021-10-02 23:00:00+05:30,0.0,26.28
2021-10-03 00:00:00+05:30,0.0,25.9
2021-10-03 01:00:00+05:30,0.0,24.71
2021-10-03 02:00:00+05:30,0.0,24.46
2021-10-03 03:00:00+05:30,0.0,24.21
2021-10-03 04:00:00+05:30,0.0,23.98
2021-10-03 05:00:00+05:30,0.0,23.89
2021-10-03 06:00:00+05:30,0.0,23.72
2021-10-03 07:00:00+05:30,52.05,23.76
2021-10-03 08:00:00+05:30,176.6,24.71
2021-10-03 09:00:00+05:30,319.58,26.26
2021-10-03 10:00:00+05:30,418.92,27.93
2021-10-03 11:00:00+05:30,535.34,29.46
2021-10-03 12:00:00+05:30,573.22,30.46
2021-10-03 13:00:00+05:30,506.74,31.0
2021-10-03 14:00:00+05:30,514.71,31.33
2021-10-03 15:00:00+05:30,393.37,31.84
2021-10-03 16:00:00+05:30,255.89,31.8
2021-10-03 17:00:00+05:30,89.81,30.58
2021-10-03 18:00:00+05:30,10.65,29.68
2021-10-03 19:00:00+05:30,0.0,28.67
2021-10-03 20:00:00+05:30,0.0,27.93
2021-10-03 21:00:00+05:30,0.0,27.42
2021-10-03 22:00:00+05:30,0.0,26.77
2021-10-03 23:00:00+05:30,0.0,26.36
2021-10-04 00:00:00+05:30,0.0,25.86
2021-10-04 01:00:00+05:30,0.0,25.85
2021-10-04 02:00:00+05:30,0.0,25.46
2021-10-04 03:00:00+05:30,0.0,24.94
2021-10-04 04:00:00+05:30,0.0,24.39
2021-10-04 05:00:00+05:30,0.0,23.86
2021-10-04 06:00:00+05:30,0.0,23.35
2021-10-04 07:00:00+05:30,58.85,22.93
2021-10-04 08:00:00+05:30,206.1,23.77
2021-10-04 09:00:00+05:30,361.24,25.56
2021-10-04 10:00:00+05:30,493.16,27.24
2021-10-04 11:00:00+05:30,584.66,28.89
2021-10-04 12:00:00+05:30,607.18,30.15
2021-10-04 13:00:00+05:30,607.74,30.97
2021-10-04 14:00:00+05:30,526.21,31.62
2021-10-04 15:00:00+05:30,427.3,31.94
2021-10-04 16:00:00+05:30,267.96,31.99
2021-10-04 17:00:00+05:30,120.64,31.64
2021-10-04 18:00:00+05:30,11.71,30.61
2021-10-04 19:00:00+05:30,0.0,29.08
2021-10-04 20:00:00+05:30,0.0,27.87
2021-10-04 21:00:00+05:30,0.0,26.98
2021-10-04 22:00:00+05:30,0.0,26.28
2021-10-04 23:00:00+05:30,0.0,25.82
2021-10-05 00:00:00+05:30,0.0,25.33
2021-10-05 01:00:00+05:30,0.0,25.22
2021-10-05 02:00:00+05:30,0.0,24.76
2021-10-05 03:00:00+05:30,0.0,24.36
2021-10-05 04:00:00+05:30,0.0,23.93
2021-10-05 05:00:00+05:30,0.0,23.72
2021-10-05 06:00:00+05:30,0.0,23.35
2021-10-05 07:00:00+05:30,56.42,23.02
2021-10-05 08:00:00+05:30,188.87,24.15
2021-10-05 09:00:00+05:30,353.58,26.32
2021-10-05 10:00:00+05:30,485.23,28.22
2021-10-05 11:00:00+05:30,527.76,29.58
2021-10-05 12:00:00+05:30,528.54,30.32
2021-10-05 13:00:00+05:30,493.57,30.85
2021-10-05 14:00:00+05:30,435.56,30.99
2021-10-05 15:00:00+05:30,344.49,31.11
2021-10-05 16:00:00+05:30,239.54,31.13
2021-10-05 17:00:00+05:30,111.12,31.13
2021-10-05 18:00:00+05:30,10.65,30.63
2021-10-05 19:00:00+05:30,0.0,29.35
2021-10-05 20:00:00+05:30,0.0,28.31
2021-10-05 21:00:00+05:30,0.0,26.57
2021-10-05 22:00:00+05:30,0.0,25.87
2021-10-05 23:00:00+05:30,0.0,25.35
2021-10-06 00:00:00+05:30,0.0,24.84
2021-10-06 01:00:00+05:30,0.0,24.82
2021-10-06 02:00:00+05:30,0.0,24.65
2021-10-06 03:00:00+05:30,0.0,24.44
2021-10-06 04:00:00+05:30,0.0,24.27
2021-10-06 05:00:00+05:30,0.0,24.22
2021-10-06 06:00:00+05:30,0.0,24.15
2021-10-06 07:00:00+05:30,52.8,24.01
2021-10-06 08:00:00+05:30,200.38,24.97
2021-10-06 09:00:00+05:30,337.11,27.44
2021-10-06 10:00:00+05:30,486.4,29.36
2021-10-06 11:00:00+05:30,563.24,30.98
2021-10-06 12:00:00+05:30,516.24,31.55
2021-10-06 13:00:00+05:30,445.43,31.57
2021-10-06 14:00:00+05:30,484.26,31.65
2021-10-06 15:00:00+05:30,381.67,32.07
2021-10-06 16:00:00+05:30,251.23,32.1
2021-10-06 17:00:00+05:30,107.35,32.0
2021-10-06 18:00:00+05:30,8.46,30.69
2021-10-06 19:00:00+05:30,0.0,29.57
2021-10-06 20:00:00+05:30,0.0,28.34
2021-10-06 21:00:00+05:30,0.0,27.19
2021-10-06 22:00:00+05:30,0.0,26.61
2021-10-06 23:00:00+05:30,0.0,26.14
2021-10-07 00:00:00+05:30,0.0,25.84
2021-10-07 01:00:00+05:30,0.0,24.04
2021-10-07 02:00:00+05:30,0.0,23.55
2021-10-07 03:00:00+05:30,0.0,23.09
2021-10-07 04:00:00+05:30,0.0,22.73
2021-10-07 05:00:00+05:30,0.0,22.5
2021-10-07 06:00:00+05:30,0.0,22.27
2021-10-07 07:00:00+05:30,55.03,22.01
2021-10-07 08:00:00+05:30,202.57,23.18
2021-10-07 09:00:00+05:30,360.23,27.07
2021-10-07 10:00:00+05:30,494.23,29.05
2021-10-07 11:00:00+05:30,581.63,30.23
2021-10-07 12:00:00+05:30,621.88,31.17
2021-10-07 13:00:00+05:30,606.96,31.8
2021-10-07 14:00:00+05:30,530.58,32.39
2021-10-07 15:00:00+05:30,404.99,32.76
2021-10-07 16:00:00+05:30,269.99,32.83
2021-10-07 17:00:00+05:30,113.27,32.65
2021-10-07 18:00:00+05:30,10.46,31.62
2021-10-07 19:00:00+05:30,0.0,29.57
2021-10-07 20:00:00+05:30,0.0,27.86
2021-10-07 21:00:00+05:30,0.0,26.34
2021-10-07 22:00:00+05:30,0.0,24.99
2021-10-07 23:00:00+05:30,0.0,24.01
2021-10-08 00:00:00+05:30,0.0,23.27
2021-10-08 01:00:00+05:30,0.0,25.44
2021-10-08 02:00:00+05:30,0.0,25.01
2021-10-08 03:00:00+05:30,0.0,23.28
2021-10-08 04:00:00+05:30,0.0,22.89
2021-10-08 05:00:00+05:30,0.0,22.78
2021-10-08 06:00:00+05:30,0.0,22.7
2021-10-08 07:00:00+05:30,54.3,22.46
2021-10-08 08:00:00+05:30,203.93,22.9
2021-10-08 09:00:00+05:30,363.22,26.0
2021-10-08 10:00:00+05:30,497.26,28.79
2021-10-08 11:00:00+05:30,588.87,30.77
2021-10-08 12:00:00+05:30,625.33,32.1
2021-10-08 13:00:00+05:30,607.78,32.93
2021-10-08 14:00:00+05:30,536.76,33.46
2021-10-08 15:00:00+05:30,418.83,33.71
2021-10-08 16:00:00+05:30,269.32,33.71
2021-10-08 17:00:00+05:30,111.85,33.26
2021-10-08 18:00:00+05:30,9.79,31.84
2021-10-08 19:00:00+05:30,0.0,29.44
2021-10-08 20:00:00+05:30,0.0,27.7
2021-10-08 21:00:00+05:30,0.0,26.57
2021-10-08 22:00:00+05:30,0.0,25.73
2021-10-08 23:00:00+05:30,0.0,25.12
2021-10-09 00:00:00+05:30,0.0,24.64
2021-10-09 01:00:00+05:30,0.0,23.91
2021-10-09 02:00:00+05:30,0.0,23.3
2021-10-09 03:00:00+05:30,0.0,22.76
2021-10-09 04:00:00+05:30,0.0,22.23
2021-10-09 05:00:00+05:30,0.0,21.69
2021-10-09 06:00:00+05:30,0.0,21.2
2021-10-09 07:00:00+05:30,52.3,20.81
2021-10-09 08:00:00+05:30,199.56,21.91
2021-10-09 09:00:00+05:30,356.02,25.95
2021-10-09 10:00:00+05:30,488.35,28.75
2021-10-09 11:00:00+05:30,577.72,31.04
2021-10-09 12:00:00+05:30,616.46,32.71
2021-10-09 13:00:00+05:30,596.95,33.57
2021-10-09 14:00:00+05:30,517.75,34.17
2021-10-09 15:00:00+05:30,401.19,34.31
2021-10-09 16:00:00+05:30,249.0,34.32
2021-10-09 17:00:00+05:30,106.75,33.81
2021-10-09 18:00:00+05:30,9.03,32.2
2021-10-09 19:00:00+05:30,0.0,29.91
2021-10-09 20:00:00+05:30,0.0,28.5
2021-10-09 21:00:00+05:30,0.0,27.68
2021-10-09 22:00:00+05:30,0.0,27.18
2021-10-09 23:00:00+05:30,0.0,26.94
2021-10-10 00:00:00+05:30,0.0,26.46
2021-10-10 01:00:00+05:30,0.0,25.34
2021-10-10 02:00:00+05:30,0.0,24.77
2021-10-10 03:00:00+05:30,0.0,24.19
2021-10-10 04:00:00+05:30,0.0,23.82
2021-10-10 05:00:00+05:30,0.0,23.4
2021-10-10 06:00:00+05:30,0.0,23.18
2021-10-10 07:00:00+05:30,49.01,23.0
2021-10-10 08:00:00+05:30,191.5,24.01
2021-10-10 09:00:00+05:30,336.58,26.7
2021-10-10 10:00:00+05:30,478.13,29.01
2021-10-10 11:00:00+05:30,560.04,31.11
2021-10-10 12:00:00+05:30,607.33,32.66
2021-10-10 13:00:00+05:30,560.9,33.77
2021-10-10 14:00:00+05:30,508.49,34.1
2021-10-10 15:00:00+05:30,396.81,34.29
2021-10-10 16:00:00+05:30,259.22,34.19
2021-10-10 17:00:00+05:30,98.25,33.66
2021-10-10 18:00:00+05:30,0.0,31.9
2021-10-10 19:00:00+05:30,0.0,29.58
2021-10-10 20:00:00+05:30,0.0,28.08
2021-10-10 21:00:00+05:30,0.0,27.05
2021-10-10 22:00:00+05:30,0.0,26.15
2021-10-10 23:00:00+05:30,0.0,25.41
2021-10-11 00:00:00+05:30,0.0,24.88
2021-10-11 01:00:00+05:30,0.0,23.81
2021-10-11 02:00:00+05:30,0.0,22.88
2021-10-11 03:00:00+05:30,0.0,22.01
2021-10-11 04:00:00+05:30,0.0,21.36
2021-10-11 05:00:00+05:30,0.0,20.87
2021-10-11 06:00:00+05:30,0.0,20.48
2021-10-11 07:00:00+05:30,48.36,20.24
2021-10-11 08:00:00+05:30,194.7,21.5
2021-10-11 09:00:00+05:30,350.84,25.83
2021-10-11 10:00:00+05:30,482.66,28.46
2021-10-11 11:00:00+05:30,571.89,30.85
2021-10-11 12:00:00+05:30,611.08,32.48
2021-10-11 13:00:00+05:30,594.84,33.44
2021-10-11 14:00:00+05:30,518.34,33.86
2021-10-11 15:00:00+05:30,404.56,33.95
2021-10-11 16:00:00+05:30,256.8,33.76
2021-10-11 17:00:00+05:30,100.96,33.2
2021-10-11 18:00:00+05:30,0.0,31.54
2021-10-11 19:00:00+05:30,0.0,29.17
2021-10-11 20:00:00+05:30,0.0,27.81
2021-10-11 21:00:00+05:30,0.0,26.74
2021-10-11 22:00:00+05:30,0.0,25.89
2021-10-11 23:00:00+05:30,0.0,25.07
2021-10-12 00:00:00+05:30,0.0,24.28
2021-10-12 01:00:00+05:30,0.0,23.48
2021-10-12 02:00:00+05:30,0.0,22.59
2021-10-12 03:00:00+05:30,0.0,21.82
2021-10-12 04:00:00+05:30,0.0,21.22
2021-10-12 05:00:00+05:30,0.0,20.73
2021-10-12 06:00:00+05:30,0.0,20.31
2021-10-12 07:00:00+05:30,46.21,20.06
2021-10-12 08:00:00+05:30,193.33,21.43
2021-10-12 09:00:00+05:30,348.43,26.01
2021-10-12 10:00:00+05:30,481.14,28.95
2021-10-12 11:00:00+05:30,567.46,31.25
2021-10-12 12:00:00+05:30,608.42,32.51
2021-10-12 13:00:00+05:30,582.93,33.24
2021-10-12 14:00:00+05:30,519.38,33.66
2021-10-12 15:00:00+05:30,405.33,33.84
2021-10-12 16:00:00+05:30,253.82,33.74
2021-10-12 17:00:00+05:30,93.83,33.35
2021-10-12 18:00:00+05:30,0.0,31.9
2021-10-12 19:00:00+05:30,0.0,29.51
2021-10-12 20:00:00+05:30,0.0,27.79
2021-10-12 21:00:00+05:30,0.0,26.55
2021-10-12 22:00:00+05:30,0.0,25.59
2021-10-12 23:00:00+05:30,0.0,24.74
2021-10-13 00:00:00+05:30,0.0,24.01
2021-10-13 01:00:00+05:30,0.0,23.45
2021-10-13 02:00:00+05:30,0.0,22.63
2021-10-13 03:00:00+05:30,0.0,22.09
2021-10-13 04:00:00+05:30,0.0,21.81
2021-10-13 05:00:00+05:30,0.0,21.82
2021-10-13 06:00:00+05:30,0.0,21.96
2021-10-13 07:00:00+05:30,44.23,21.98
2021-10-13 08:00:00+05:30,188.85,22.95
2021-10-13 09:00:00+05:30,344.54,26.43
2021-10-13 10:00:00+05:30,476.17,29.5
2021-10-13 11:00:00+05:30,565.2,31.49
2021-10-13 12:00:00+05:30,601.86,32.64
2021-10-13 13:00:00+05:30,584.12,33.31
2021-10-13 14:00:00+05:30,512.98,33.82
2021-10-13 15:00:00+05:30,396.2,34.09
2021-10-13 16:00:00+05:30,247.87,34.02
2021-10-13 17:00:00+05:30,94.38,33.46
2021-10-13 18:00:00+05:30,0.0,31.77
2021-10-13 19:00:00+05:30,0.0,29.15
2021-10-13 20:00:00+05:30,0.0,27.22
2021-10-13 21:00:00+05:30,0.0,25.83
2021-10-13 22:00:00+05:30,0.0,24.84
2021-10-13 23:00:00+05:30,0.0,23.79
2021-10-14 00:00:00+05:30,0.0,22.75
2021-10-14 01:00:00+05:30,0.0,21.91
2021-10-14 02:00:00+05:30,0.0,21.19
2021-10-14 03:00:00+05:30,0.0,20.76
2021-10-14 04:00:00+05:30,0.0,20.55
2021-10-14 05:00:00+05:30,0.0,20.36
2021-10-14 06:00:00+05:30,0.0,20.08
2021-10-14 07:00:00+05:30,44.01,19.73
2021-10-14 08:00:00+05:30,194.38,20.49
2021-10-14 09:00:00+05:30,354.11,24.84
2021-10-14 10:00:00+05:30,487.58,28.38
2021-10-14 11:00:00+05:30,577.57,30.29
2021-10-14 12:00:00+05:30,609.8,31.41
2021-10-14 13:00:00+05:30,590.25,31.89
2021-10-14 14:00:00+05:30,516.91,32.58
2021-10-14 15:00:00+05:30,397.37,32.96
2021-10-14 16:00:00+05:30,246.43,32.96
2021-10-14 17:00:00+05:30,91.67,32.5
2021-10-14 18:00:00+05:30,0.0,31.07
2021-10-14 19:00:00+05:30,0.0,28.69
2021-10-14 20:00:00+05:30,0.0,26.64
2021-10-14 21:00:00+05:30,0.0,25.11
2021-10-14 22:00:00+05:30,0.0,23.88
2021-10-14 23:00:00+05:30,0.0,22.76
2021-10-15 00:00:00+05:30,0.0,21.78
2021-10-15 01:00:00+05:30,0.0,21.03
2021-10-15 02:00:00+05:30,0.0,20.74
2021-10-15 03:00:00+05:30,0.0,20.43
2021-10-15 04:00:00+05:30,0.0,20.05
2021-10-15 05:00:00+05:30,0.0,19.55
2021-10-15 06:00:00+05:30,0.0,18.98
2021-10-15 07:00:00+05:30,41.9,18.43
2021-10-15 08:00:00+05:30,191.53,19.13
2021-10-15 09:00:00+05:30,350.57,24.51
2021-10-15 10:00:00+05:30,483.21,28.47
2021-10-15 11:00:00+05:30,571.71,30.04
2021-10-15 12:00:00+05:30,609.85,31.0
2021-10-15 13:00:00+05:30,589.96,31.52
2021-10-15 14:00:00+05:30,516.21,32.07
2021-10-15 15:00:00+05:30,396.08,32.33
2021-10-15 16:00:00+05:30,244.26,32.3
2021-10-15 17:00:00+05:30,88.78,31.84
2021-10-15 18:00:00+05:30,0.0,30.36
2021-10-15 19:00:00+05:30,0.0,27.52
2021-10-15 20:00:00+05:30,0.0,25.13
2021-10-15 21:00:00+05:30,0.0,23.35
2021-10-15 22:00:00+05:30,0.0,22.4
2021-10-15 23:00:00+05:30,0.0,22.23
2021-10-16 00:00:00+05:30,0.0,22.21
2021-10-16 01:00:00+05:30,0.0,22.37
2021-10-16 02:00:00+05:30,0.0,22.11
2021-10-16 03:00:00+05:30,0.0,21.52
2021-10-16 04:00:00+05:30,0.0,20.52
2021-10-16 05:00:00+05:30,0.0,19.02
2021-10-16 06:00:00+05:30,0.0,18.26
2021-10-16 07:00:00+05:30,38.55,17.55
2021-10-16 08:00:00+05:30,182.86,18.82
2021-10-16 09:00:00+05:30,336.96,24.63
2021-10-16 10:00:00+05:30,465.98,28.59
2021-10-16 11:00:00+05:30,551.85,30.45
2021-10-16 12:00:00+05:30,584.59,31.5
2021-10-16 13:00:00+05:30,563.65,32.25
2021-10-16 14:00:00+05:30,490.55,32.74
2021-10-16 15:00:00+05:30,371.88,32.91
2021-10-16 16:00:00+05:30,222.3,32.76
2021-10-16 17:00:00+05:30,80.26,32.12
2021-10-16 18:00:00+05:30,0.0,30.68
2021-10-16 19:00:00+05:30,0.0,28.85
2021-10-16 20:00:00+05:30,0.0,27.59
2021-10-16 21:00:00+05:30,0.0,26.25
2021-10-16 22:00:00+05:30,0.0,25.09
2021-10-16 23:00:00+05:30,0.0,24.3
2021-10-17 00:00:00+05:30,0.0,23.9
2021-10-17 01:00:00+05:30,0.0,23.44
2021-10-17 02:00:00+05:30,0.0,23.18
2021-10-17 03:00:00+05:30,0.0,23.01
2021-10-17 04:00:00+05:30,0.0,23.08
2021-10-17 05:00:00+05:30,0.0,23.33
2021-10-17 06:00:00+05:30,0.0,23.65
2021-10-17 07:00:00+05:30,33.68,23.87
2021-10-17 08:00:00+05:30,154.74,24.66
2021-10-17 09:00:00+05:30,280.01,26.93
2021-10-17 10:00:00+05:30,398.46,28.85
2021-10-17 11:00:00+05:30,472.79,30.37
2021-10-17 12:00:00+05:30,459.29,31.28
2021-10-17 13:00:00+05:30,449.78,31.55
2021-10-17 14:00:00+05:30,336.73,31.79
2021-10-17 15:00:00+05:30,207.33,31.32
2021-10-17 16:00:00+05:30,123.37,28.64
2021-10-17 17:00:00+05:30,60.38,28.57
2021-10-17 18:00:00+05:30,0.0,28.17
2021-10-17 19:00:00+05:30,0.0,26.98
2021-10-17 20:00:00+05:30,0.0,25.78
2021-10-17 21:00:00+05:30,0.0,25.01
2021-10-17 22:00:00+05:30,0.0,24.06
2021-10-17 23:00:00+05:30,0.0,23.69
2021-10-18 00:00:00+05:30,0.0,23.63
2021-10-18 01:00:00+05:30,0.0,23.7
2021-10-18 02:00:00+05:30,0.0,23.42
2021-10-18 03:00:00+05:30,0.0,23.17
2021-10-18 04:00:00+05:30,0.0,22.94
2021-10-18 05:00:00+05:30,0.0,22.79
2021-10-18 06:00:00+05:30,0.0,22.73
2021-10-18 07:00:00+05:30,6.84,22.49
2021-10-18 08:00:00+05:30,30.88,22.42
2021-10-18 09:00:00+05:30,39.71,22.5
2021-10-18 10:00:00+05:30,47.99,22.52
2021-10-18 11:00:00+05:30,51.76,22.57
2021-10-18 12:00:00+05:30,314.61,22.64
2021-10-18 13:00:00+05:30,364.09,26.37
2021-10-18 14:00:00+05:30,360.75,27.69
2021-10-18 15:00:00+05:30,197.07,27.4
2021-10-18 16:00:00+05:30,152.41,24.56
2021-10-18 17:00:00+05:30,50.33,23.75
2021-10-18 18:00:00+05:30,0.0,23.59
2021-10-18 19:00:00+05:30,0.0,23.37
2021-10-18 20:00:00+05:30,0.0,22.81
2021-10-18 21:00:00+05:30,0.0,22.32
2021-10-18 22:00:00+05:30,0.0,21.94
2021-10-18 23:00:00+05:30,0.0,21.45
2021-10-19 00:00:00+05:30,0.0,20.9
2021-10-19 01:00:00+05:30,0.0,20.59
2021-10-19 02:00:00+05:30,0.0,20.5
2021-10-19 03:00:00+05:30,0.0,20.41
2021-10-19 04:00:00+05:30,0.0,20.45
2021-10-19 05:00:00+05:30,0.0,20.31
2021-10-19 06:00:00+05:30,0.0,20.12
2021-10-19 07:00:00+05:30,32.11,19.81
2021-10-19 08:00:00+05:30,164.89,20.32
2021-10-19 09:00:00+05:30,312.26,22.67
2021-10-19 10:00:00+05:30,440.92,24.58
2021-10-19 11:00:00+05:30,522.2,26.19
2021-10-19 12:00:00+05:30,566.71,27.5
2021-10-19 13:00:00+05:30,547.77,28.24
2021-10-19 14:00:00+05:30,478.8,29.11
2021-10-19 15:00:00+05:30,361.76,29.62
2021-10-19 16:00:00+05:30,209.3,29.68
2021-10-19 17:00:00+05:30,72.34,29.04
2021-10-19 18:00:00+05:30,0.0,27.49
2021-10-19 19:00:00+05:30,0.0,25.47
2021-10-19 20:00:00+05:30,0.0,24.15
2021-10-19 21:00:00+05:30,0.0,23.08
2021-10-19 22:00:00+05:30,0.0,22.06
2021-10-19 23:00:00+05:30,0.0,20.94
2021-10-20 00:00:00+05:30,0.0,20.81
2021-10-20 01:00:00+05:30,0.0,19.41
2021-10-20 02:00:00+05:30,0.0,18.95
2021-10-20 03:00:00+05:30,0.0,18.73
2021-10-20 04:00:00+05:30,0.0,18.54
2021-10-20 05:00:00+05:30,0.0,18.42
2021-10-20 06:00:00+05:30,0.0,18.24
2021-10-20 07:00:00+05:30,30.57,17.89
2021-10-20 08:00:00+05:30,168.13,18.57
2021-10-20 09:00:00+05:30,319.45,22.88
2021-10-20 10:00:00+05:30,448.32,25.4
2021-10-20 11:00:00+05:30,535.6,27.49
2021-10-20 12:00:00+05:30,572.45,29.14
2021-10-20 13:00:00+05:30,553.48,29.92
2021-10-20 14:00:00+05:30,481.26,30.71
2021-10-20 15:00:00+05:30,364.0,31.13
2021-10-20 16:00:00+05:30,217.35,31.09
2021-10-20 17:00:00+05:30,70.64,30.15
2021-10-20 18:00:00+05:30,0.0,28.05
2021-10-20 19:00:00+05:30,0.0,25.68
2021-10-20 20:00:00+05:30,0.0,24.18
2021-10-20 21:00:00+05:30,0.0,22.76
2021-10-20 22:00:00+05:30,0.0,21.46
2021-10-20 23:00:00+05:30,0.0,20.62
2021-10-21 00:00:00+05:30,0.0,20.19
2021-10-21 01:00:00+05:30,0.0,19.76
2021-10-21 02:00:00+05:30,0.0,19.51
2021-10-21 03:00:00+05:30,0.0,19.29
2021-10-21 04:00:00+05:30,0.0,19.1
2021-10-21 05:00:00+05:30,0.0,18.96
2021-10-21 06:00:00+05:30,0.0,18.86
2021-10-21 07:00:00+05:30,28.54,18.75
2021-10-21 08:00:00+05:30,169.83,19.5
2021-10-21 09:00:00+05:30,323.96,22.08
2021-10-21 10:00:00+05:30,454.25,24.97
2021-10-21 11:00:00+05:30,541.74,27.27
2021-10-21 12:00:00+05:30,575.4,28.9
2021-10-21 13:00:00+05:30,554.83,29.94
2021-10-21 14:00:00+05:30,481.22,30.56
2021-10-21 15:00:00+05:30,362.74,30.73
2021-10-21 16:00:00+05:30,214.91,30.49
2021-10-21 17:00:00+05:30,67.79,29.63
2021-10-21 18:00:00+05:30,0.0,27.64
2021-10-21 19:00:00+05:30,0.0,25.38
2021-10-21 20:00:00+05:30,0.0,23.97
2021-10-21 21:00:00+05:30,0.0,22.92
2021-10-21 22:00:00+05:30,0.0,22.21
2021-10-21 23:00:00+05:30,0.0,21.91
2021-10-22 00:00:00+05:30,0.0,21.68
2021-10-22 01:00:00+05:30,0.0,21.3
2021-10-22 02:00:00+05:30,0.0,20.95
2021-10-22 03:00:00+05:30,0.0,20.6
2021-10-22 04:00:00+05:30,0.0,20.25
2021-10-22 05:00:00+05:30,0.0,19.89
2021-10-22 06:00:00+05:30,0.0,19.47
2021-10-22 07:00:00+05:30,26.42,19.01
2021-10-22 08:00:00+05:30,163.7,19.58
2021-10-22 09:00:00+05:30,315.02,22.32
2021-10-22 10:00:00+05:30,443.51,24.98
2021-10-22 11:00:00+05:30,529.9,27.04
2021-10-22 12:00:00+05:30,563.89,28.43
2021-10-22 13:00:00+05:30,543.72,29.4
2021-10-22 14:00:00+05:30,470.88,29.97
2021-10-22 15:00:00+05:30,353.86,30.18
2021-10-22 16:00:00+05:30,208.04,30.04
2021-10-22 17:00:00+05:30,64.08,29.33
2021-10-22 18:00:00+05:30,0.0,27.4
2021-10-22 19:00:00+05:30,0.0,25.14
2021-10-22 20:00:00+05:30,0.0,23.77
2021-10-22 21:00:00+05:30,0.0,22.84
2021-10-22 22:00:00+05:30,0.0,22.12
2021-10-22 23:00:00+05:30,0.0,21.51
2021-10-23 00:00:00+05:30,0.0,20.92
2021-10-23 01:00:00+05:30,0.0,20.41
2021-10-23 02:00:00+05:30,0.0,19.85
2021-10-23 03:00:00+05:30,0.0,19.28
2021-10-23 04:00:00+05:30,0.0,18.79
2021-10-23 05:00:00+05:30,0.0,18.28
2021-10-23 06:00:00+05:30,0.0,17.72
2021-10-23 07:00:00+05:30,19.0,17.08
2021-10-23 08:00:00+05:30,157.12,18.2
2021-10-23 09:00:00+05:30,305.86,21.84
2021-10-23 10:00:00+05:30,432.21,24.1
2021-10-23 11:00:00+05:30,517.83,25.82
2021-10-23 12:00:00+05:30,552.3,27.05
2021-10-23 13:00:00+05:30,517.44,27.84
2021-10-23 14:00:00+05:30,424.05,28.3
2021-10-23 15:00:00+05:30,324.32,28.39
2021-10-23 16:00:00+05:30,191.44,28.3
2021-10-23 17:00:00+05:30,59.31,27.83
2021-10-23 18:00:00+05:30,0.0,26.37
2021-10-23 19:00:00+05:30,0.0,24.4
2021-10-23 20:00:00+05:30,0.0,23.23
2021-10-23 21:00:00+05:30,0.0,22.35
2021-10-23 22:00:00+05:30,0.0,21.78
2021-10-23 23:00:00+05:30,0.0,21.32
2021-10-24 00:00:00+05:30,0.0,20.88
2021-10-24 01:00:00+05:30,0.0,20.78
2021-10-24 02:00:00+05:30,0.0,20.68
2021-10-24 03:00:00+05:30,0.0,20.66
2021-10-24 04:00:00+05:30,0.0,20.61
2021-10-24 05:00:00+05:30,0.0,20.24
2021-10-24 06:00:00+05:30,0.0,19.86
2021-10-24 07:00:00+05:30,18.65,20.05
2021-10-24 08:00:00+05:30,139.01,19.84
2021-10-24 09:00:00+05:30,264.75,22.93
2021-10-24 10:00:00+05:30,379.83,24.57
2021-10-24 11:00:00+05:30,473.96,26.08
2021-10-24 12:00:00+05:30,491.99,27.1
2021-10-24 13:00:00+05:30,486.84,27.71
2021-10-24 14:00:00+05:30,398.25,27.97
2021-10-24 15:00:00+05:30,297.56,27.94
2021-10-24 16:00:00+05:30,170.12,27.8
2021-10-24 17:00:00+05:30,56.79,27.33
2021-10-24 18:00:00+05:30,0.0,25.98
2021-10-24 19:00:00+05:30,0.0,24.3
2021-10-24 20:00:00+05:30,0.0,23.02
2021-10-24 21:00:00+05:30,0.0,22.23
2021-10-24 22:00:00+05:30,0.0,22.52
2021-10-24 23:00:00+05:30,0.0,21.78
2021-10-25 00:00:00+05:30,0.0,19.91
2021-10-25 01:00:00+05:30,0.0,19.12
2021-10-25 02:00:00+05:30,0.0,18.75
2021-10-25 03:00:00+05:30,0.0,18.4
2021-10-25 04:00:00+05:30,0.0,18.16
2021-10-25 05:00:00+05:30,0.0,17.97
2021-10-25 06:00:00+05:30,0.0,17.64
2021-10-25 07:00:00+05:30,24.6,17.41
2021-10-25 08:00:00+05:30,147.09,18.25
2021-10-25 09:00:00+05:30,289.83,22.38
2021-10-25 10:00:00+05:30,416.62,25.12
2021-10-25 11:00:00+05:30,465.74,26.46
2021-10-25 12:00:00+05:30,519.83,27.13
2021-10-25 13:00:00+05:30,471.2,27.8
2021-10-25 14:00:00+05:30,408.29,28.21
2021-10-25 15:00:00+05:30,290.42,28.44
2021-10-25 16:00:00+05:30,183.89,28.41
2021-10-25 17:00:00+05:30,51.15,28.22
2021-10-25 18:00:00+05:30,0.0,27.24
2021-10-25 19:00:00+05:30,0.0,24.92
2021-10-25 20:00:00+05:30,0.0,23.14
2021-10-25 21:00:00+05:30,0.0,21.69
2021-10-25 22:00:00+05:30,0.0,21.23
2021-10-25 23:00:00+05:30,0.0,20.82
2021-10-26 00:00:00+05:30,0.0,20.5
2021-10-26 01:00:00+05:30,0.0,19.85
2021-10-26 02:00:00+05:30,0.0,19.36
2021-10-26 03:00:00+05:30,0.0,18.83
2021-10-26 04:00:00+05:30,0.0,18.4
2021-10-26 05:00:00+05:30,0.0,18.03
2021-10-26 06:00:00+05:30,0.0,17.84
2021-10-26 07:00:00+05:30,25.85,17.43
2021-10-26 08:00:00+05:30,146.32,18.14
2021-10-26 09:00:00+05:30,290.92,21.26
2021-10-26 10:00:00+05:30,414.73,23.72
2021-10-26 11:00:00+05:30,490.76,25.21
2021-10-26 12:00:00+05:30,537.06,26.33
2021-10-26 13:00:00+05:30,490.31,27.41
2021-10-26 14:00:00+05:30,423.86,27.99
2021-10-26 15:00:00+05:30,328.84,28.26
2021-10-26 16:00:00+05:30,181.2,28.28
2021-10-26 17:00:00+05:30,52.12,27.87
2021-10-26 18:00:00+05:30,0.0,26.72
2021-10-26 19:00:00+05:30,0.0,24.33
2021-10-26 20:00:00+05:30,0.0,21.39
2021-10-26 21:00:00+05:30,0.0,20.07
2021-10-26 22:00:00+05:30,0.0,19.13
2021-10-26 23:00:00+05:30,0.0,18.64
2021-10-27 00:00:00+05:30,0.0,18.17
2021-10-27 01:00:00+05:30,0.0,17.62
2021-10-27 02:00:00+05:30,0.0,17.06
2021-10-27 03:00:00+05:30,0.0,16.56
2021-10-27 04:00:00+05:30,0.0,16.08
2021-10-27 05:00:00+05:30,0.0,15.69
2021-10-27 06:00:00+05:30,0.0,15.36
2021-10-27 07:00:00+05:30,25.32,15.05
2021-10-27 08:00:00+05:30,146.42,15.92
2021-10-27 09:00:00+05:30,293.48,21.13
2021-10-27 10:00:00+05:30,419.2,24.09
2021-10-27 11:00:00+05:30,504.24,25.57
2021-10-27 12:00:00+05:30,538.37,26.57
2021-10-27 13:00:00+05:30,518.54,27.27
2021-10-27 14:00:00+05:30,446.64,27.89
2021-10-27 15:00:00+05:30,331.26,28.28
2021-10-27 16:00:00+05:30,188.03,28.33
2021-10-27 17:00:00+05:30,49.42,28.0
2021-10-27 18:00:00+05:30,0.0,26.76
2021-10-27 19:00:00+05:30,0.0,23.81
2021-10-27 20:00:00+05:30,0.0,21.34
2021-10-27 21:00:00+05:30,0.0,19.96
2021-10-27 22:00:00+05:30,0.0,18.91
2021-10-27 23:00:00+05:30,0.0,18.12
2021-10-28 00:00:00+05:30,0.0,17.43
2021-10-28 01:00:00+05:30,0.0,16.82
2021-10-28 02:00:00+05:30,0.0,16.41
2021-10-28 03:00:00+05:30,0.0,16.09
2021-10-28 04:00:00+05:30,0.0,15.9
2021-10-28 05:00:00+05:30,0.0,15.72
2021-10-28 06:00:00+05:30,0.0,15.47
2021-10-28 07:00:00+05:30,24.7,15.13
2021-10-28 08:00:00+05:30,143.04,15.69
2021-10-28 09:00:00+05:30,290.1,20.87
2021-10-28 10:00:00+05:30,416.7,24.09
2021-10-28 11:00:00+05:30,502.44,25.71
2021-10-28 12:00:00+05:30,535.58,26.93
2021-10-28 13:00:00+05:30,515.27,27.62
2021-10-28 14:00:00+05:30,442.8,28.42
2021-10-28 15:00:00+05:30,327.02,28.84
2021-10-28 16:00:00+05:30,183.94,28.91
2021-10-28 17:00:00+05:30,46.67,28.44
2021-10-28 18:00:00+05:30,0.0,26.95
2021-10-28 19:00:00+05:30,0.0,24.3
2021-10-28 20:00:00+05:30,0.0,22.11
2021-10-28 21:00:00+05:30,0.0,20.53
2021-10-28 22:00:00+05:30,0.0,19.56
2021-10-28 23:00:00+05:30,0.0,18.75
2021-10-29 00:00:00+05:30,0.0,17.94
2021-10-29 01:00:00+05:30,0.0,16.98
2021-10-29 02:00:00+05:30,0.0,16.23
2021-10-29 03:00:00+05:30,0.0,15.67
2021-10-29 04:00:00+05:30,0.0,15.21
2021-10-29 05:00:00+05:30,0.0,14.69
2021-10-29 06:00:00+05:30,0.0,14.18
2021-10-29 07:00:00+05:30,24.17,13.89
2021-10-29 08:00:00+05:30,141.08,14.67
2021-10-29 09:00:00+05:30,288.41,20.49
2021-10-29 10:00:00+05:30,414.85,24.27
2021-10-29 11:00:00+05:30,500.43,25.92
2021-10-29 12:00:00+05:30,534.98,26.88
2021-10-29 13:00:00+05:30,515.0,27.8
2021-10-29 14:00:00+05:30,442.57,28.33
2021-10-29 15:00:00+05:30,326.02,28.6
2021-10-29 16:00:00+05:30,182.15,28.54
2021-10-29 17:00:00+05:30,44.14,28.0
2021-10-29 18:00:00+05:30,0.0,26.28
2021-10-29 19:00:00+05:30,0.0,23.59
2021-10-29 20:00:00+05:30,0.0,21.52
2021-10-29 21:00:00+05:30,0.0,20.19
2021-10-29 22:00:00+05:30,0.0,19.13
2021-10-29 23:00:00+05:30,0.0,18.15
2021-10-30 00:00:00+05:30,0.0,17.13
2021-10-30 01:00:00+05:30,0.0,16.25
2021-10-30 02:00:00+05:30,0.0,15.54
2021-10-30 03:00:00+05:30,0.0,15.06
2021-10-30 04:00:00+05:30,0.0,14.51
2021-10-30 05:00:00+05:30,0.0,13.92
2021-10-30 06:00:00+05:30,0.0,13.42
2021-10-30 07:00:00+05:30,23.7,12.98
2021-10-30 08:00:00+05:30,139.07,13.85
2021-10-30 09:00:00+05:30,287.47,19.96
2021-10-30 10:00:00+05:30,414.69,24.25
2021-10-30 11:00:00+05:30,500.42,26.37
2021-10-30 12:00:00+05:30,534.04,27.71
2021-10-30 13:00:00+05:30,513.11,28.4
2021-10-30 14:00:00+05:30,439.58,29.15
2021-10-30 15:00:00+05:30,322.36,29.51
2021-10-30 16:00:00+05:30,178.46,29.45
2021-10-30 17:00:00+05:30,41.38,28.75
2021-10-30 18:00:00+05:30,0.0,26.86
2021-10-30 19:00:00+05:30,0.0,24.24
2021-10-30 20:00:00+05:30,0.0,22.02
2021-10-30 21:00:00+05:30,0.0,20.0
2021-10-30 22:00:00+05:30,0.0,19.59
2021-10-30 23:00:00+05:30,0.0,19.36
2021-10-31 00:00:00+05:30,0.0,18.9
2021-10-31 01:00:00+05:30,0.0,16.54
2021-10-31 02:00:00+05:30,0.0,15.88
2021-10-31 03:00:00+05:30,0.0,15.29
2021-10-31 04:00:00+05:30,0.0,14.74
2021-10-31 05:00:00+05:30,0.0,14.3
2021-10-31 06:00:00+05:30,0.0,13.93
2021-10-31 07:00:00+05:30,22.84,13.62
2021-10-31 08:00:00+05:30,134.6,14.54
2021-10-31 09:00:00+05:30,281.17,20.35
2021-10-31 10:00:00+05:30,406.88,24.99
2021-10-31 11:00:00+05:30,491.73,27.34
2021-10-31 12:00:00+05:30,523.96,28.82
2021-10-31 13:00:00+05:30,503.57,29.35
2021-10-31 14:00:00+05:30,431.34,29.99
2021-10-31 15:00:00+05:30,315.79,30.25
2021-10-31 16:00:00+05:30,173.7,30.15
2021-10-31 17:00:00+05:30,38.73,29.48
2021-10-31 18:00:00+05:30,0.0,27.74
2021-10-31 19:00:00+05:30,0.0,24.94
2021-10-31 20:00:00+05:30,0.0,22.21
2021-10-31 21:00:00+05:30,0.0,20.47
2021-10-31 22:00:00+05:30,0.0,19.69
2021-10-31 23:00:00+05:30,0.0,18.78
2021-11-01 00:00:00+05:30,0.0,17.83
2021-11-01 01:00:00+05:30,0.0,16.6
2021-11-01 02:00:00+05:30,0.0,15.39
2021-11-01 03:00:00+05:30,0.0,14.9
2021-11-01 04:00:00+05:30,0.0,14.72
2021-11-01 05:00:00+05:30,0.0,14.84
2021-11-01 06:00:00+05:30,0.0,15.21
2021-11-01 07:00:00+05:30,22.26,15.72
2021-11-01 08:00:00+05:30,131.03,15.95
2021-11-01 09:00:00+05:30,276.67,19.6
2021-11-01 10:00:00+05:30,402.04,23.32
2021-11-01 11:00:00+05:30,486.75,26.09
2021-11-01 12:00:00+05:30,520.08,28.15
2021-11-01 13:00:00+05:30,499.73,29.23
2021-11-01 14:00:00+05:30,427.38,29.86
2021-11-01 15:00:00+05:30,311.79,30.03
2021-11-01 16:00:00+05:30,170.05,29.86
2021-11-01 17:00:00+05:30,36.07,29.02
2021-11-01 18:00:00+05:30,0.0,26.56
2021-11-01 19:00:00+05:30,0.0,24.12
2021-11-01 20:00:00+05:30,0.0,22.71
2021-11-01 21:00:00+05:30,0.0,21.66
2021-11-01 22:00:00+05:30,0.0,20.77
2021-11-01 23:00:00+05:30,0.0,19.9
2021-11-02 00:00:00+05:30,0.0,19.11
2021-11-02 01:00:00+05:30,0.0,18.49
2021-11-02 02:00:00+05:30,0.0,17.83
2021-11-02 03:00:00+05:30,0.0,17.02
2021-11-02 04:00:00+05:30,0.0,16.15
2021-11-02 05:00:00+05:30,0.0,16.83
2021-11-02 06:00:00+05:30,0.0,18.4
2021-11-02 07:00:00+05:30,21.55,18.12
2021-11-02 08:00:00+05:30,126.53,15.79
2021-11-02 09:00:00+05:30,269.62,20.23
2021-11-02 10:00:00+05:30,392.61,23.26
2021-11-02 11:00:00+05:30,475.73,25.51
2021-11-02 12:00:00+05:30,509.4,27.24
2021-11-02 13:00:00+05:30,490.14,28.44
2021-11-02 14:00:00+05:30,419.57,29.1
2021-11-02 15:00:00+05:30,305.38,29.23
2021-11-02 16:00:00+05:30,165.67,29.0
2021-11-02 17:00:00+05:30,33.78,28.25
2021-11-02 18:00:00+05:30,0.0,26.19
2021-11-02 19:00:00+05:30,0.0,23.84
2021-11-02 20:00:00+05:30,0.0,22.45
2021-11-02 21:00:00+05:30,0.0,21.38
2021-11-02 22:00:00+05:30,0.0,20.55
2021-11-02 23:00:00+05:30,0.0,19.9
2021-11-03 00:00:00+05:30,0.0,19.29
2021-11-03 01:00:00+05:30,0.0,18.7
2021-11-03 02:00:00+05:30,0.0,17.97
2021-11-03 03:00:00+05:30,0.0,17.25
2021-11-03 04:00:00+05:30,0.0,16.45
2021-11-03 05:00:00+05:30,0.0,15.62
2021-11-03 06:00:00+05:30,0.0,15.7
2021-11-03 07:00:00+05:30,21.12,17.25
2021-11-03 08:00:00+05:30,117.54,17.15
2021-11-03 09:00:00+05:30,265.99,19.36
2021-11-03 10:00:00+05:30,389.07,22.82
2021-11-03 11:00:00+05:30,473.39,25.18
2021-11-03 12:00:00+05:30,504.26,26.92
2021-11-03 13:00:00+05:30,488.94,28.22
2021-11-03 14:00:00+05:30,408.15,29.01
2021-11-03 15:00:00+05:30,301.2,29.26
2021-11-03 16:00:00+05:30,157.99,29.19
2021-11-03 17:00:00+05:30,31.25,28.55
2021-11-03 18:00:00+05:30,0.0,26.62
2021-11-03 19:00:00+05:30,0.0,23.89
2021-11-03 20:00:00+05:30,0.0,22.17
2021-11-03 21:00:00+05:30,0.0,21.72
2021-11-03 22:00:00+05:30,0.0,21.48
2021-11-03 23:00:00+05:30,0.0,19.62
2021-11-04 00:00:00+05:30,0.0,17.98
2021-11-04 01:00:00+05:30,0.0,16.14
2021-11-04 02:00:00+05:30,0.0,15.76
2021-11-04 03:00:00+05:30,0.0,15.68
2021-11-04 04:00:00+05:30,0.0,15.62
2021-11-04 05:00:00+05:30,0.0,15.43
2021-11-04 06:00:00+05:30,0.0,15.07
2021-11-04 07:00:00+05:30,20.69,14.59
2021-11-04 08:00:00+05:30,121.46,14.89
2021-11-04 09:00:00+05:30,266.0,19.54
2021-11-04 10:00:00+05:30,391.27,23.51
2021-11-04 11:00:00+05:30,476.27,25.54
2021-11-04 12:00:00+05:30,510.58,26.86
2021-11-04 13:00:00+05:30,490.18,27.45
2021-11-04 14:00:00+05:30,417.81,28.05
2021-11-04 15:00:00+05:30,302.28,28.28
2021-11-04 16:00:00+05:30,161.03,28.16
2021-11-04 17:00:00+05:30,28.88,27.52
2021-11-04 18:00:00+05:30,0.0,25.91
2021-11-04 19:00:00+05:30,0.0,23.25
2021-11-04 20:00:00+05:30,0.0,21.03
2021-11-04 21:00:00+05:30,0.0,19.45
2021-11-04 22:00:00+05:30,0.0,18.3
2021-11-04 23:00:00+05:30,0.0,17.48
2021-11-05 00:00:00+05:30,0.0,16.84
2021-11-05 01:00:00+05:30,0.0,16.24
2021-11-05 02:00:00+05:30,0.0,15.69
2021-11-05 03:00:00+05:30,0.0,15.16
2021-11-05 04:00:00+05:30,0.0,14.7
2021-11-05 05:00:00+05:30,0.0,14.34
2021-11-05 06:00:00+05:30,0.0,14.01
2021-11-05 07:00:00+05:30,21.02,13.72
2021-11-05 08:00:00+05:30,120.01,14.16
2021-11-05 09:00:00+05:30,260.68,19.2
2021-11-05 10:00:00+05:30,382.66,22.9
2021-11-05 11:00:00+05:30,466.69,24.62
2021-11-05 12:00:00+05:30,499.15,25.74
2021-11-05 13:00:00+05:30,479.79,26.61
2021-11-05 14:00:00+05:30,409.41,27.25
2021-11-05 15:00:00+05:30,295.8,27.62
2021-11-05 16:00:00+05:30,156.46,27.68
2021-11-05 17:00:00+05:30,36.55,27.31
2021-11-05 18:00:00+05:30,0.0,25.87
2021-11-05 19:00:00+05:30,0.0,23.07
2021-11-05 20:00:00+05:30,0.0,20.78
2021-11-05 21:00:00+05:30,0.0,19.31
2021-11-05 22:00:00+05:30,0.0,18.17
2021-11-05 23:00:00+05:30,0.0,17.3
2021-11-06 00:00:00+05:30,0.0,16.45
2021-11-06 01:00:00+05:30,0.0,15.88
2021-11-06 02:00:00+05:30,0.0,16.44
2021-11-06 03:00:00+05:30,0.0,15.9
2021-11-06 04:00:00+05:30,0.0,15.19
2021-11-06 05:00:00+05:30,0.0,15.02
2021-11-06 06:00:00+05:30,0.0,14.12
2021-11-06 07:00:00+05:30,24.56,13.45
2021-11-06 08:00:00+05:30,119.41,14.19
2021-11-06 09:00:00+05:30,256.25,18.54
2021-11-06 10:00:00+05:30,378.27,23.3
2021-11-06 11:00:00+05:30,462.24,25.53
2021-11-06 12:00:00+05:30,495.07,26.97
2021-11-06 13:00:00+05:30,474.55,27.75
2021-11-06 14:00:00+05:30,402.88,28.6
2021-11-06 15:00:00+05:30,289.15,29.09
2021-11-06 16:00:00+05:30,151.87,29.13
2021-11-06 17:00:00+05:30,35.12,28.65
2021-11-06 18:00:00+05:30,0.0,27.03
2021-11-06 19:00:00+05:30,0.0,24.4
2021-11-06 20:00:00+05:30,0.0,21.47
2021-11-06 21:00:00+05:30,0.0,19.74
2021-11-06 22:00:00+05:30,0.0,18.89
2021-11-06 23:00:00+05:30,0.0,18.55
2021-11-07 00:00:00+05:30,0.0,19.77
2021-11-07 01:00:00+05:30,0.0,18.46
2021-11-07 02:00:00+05:30,0.0,17.58
2021-11-07 03:00:00+05:30,0.0,15.62
2021-11-07 04:00:00+05:30,0.0,14.61
2021-11-07 05:00:00+05:30,0.0,14.03
2021-11-07 06:00:00+05:30,0.0,13.74
2021-11-07 07:00:00+05:30,18.92,13.54
2021-11-07 08:00:00+05:30,110.36,13.89
2021-11-07 09:00:00+05:30,251.1,19.18
2021-11-07 10:00:00+05:30,374.0,23.72
2021-11-07 11:00:00+05:30,457.76,26.44
2021-11-07 12:00:00+05:30,491.17,28.19
2021-11-07 13:00:00+05:30,470.96,29.04
2021-11-07 14:00:00+05:30,399.97,29.85
2021-11-07 15:00:00+05:30,286.6,30.24
2021-11-07 16:00:00+05:30,148.9,30.24
2021-11-07 17:00:00+05:30,34.59,29.5
2021-11-07 18:00:00+05:30,0.0,27.6
2021-11-07 19:00:00+05:30,0.0,24.77
2021-11-07 20:00:00+05:30,0.0,22.58
2021-11-07 21:00:00+05:30,0.0,20.94
2021-11-07 22:00:00+05:30,0.0,19.86
2021-11-07 23:00:00+05:30,0.0,18.98
2021-11-08 00:00:00+05:30,0.0,18.26
2021-11-08 01:00:00+05:30,0.0,17.16
2021-11-08 02:00:00+05:30,0.0,16.61
2021-11-08 03:00:00+05:30,0.0,16.13
2021-11-08 04:00:00+05:30,0.0,15.85
2021-11-08 05:00:00+05:30,0.0,15.67
2021-11-08 06:00:00+05:30,0.0,15.54
2021-11-08 07:00:00+05:30,21.26,15.35
2021-11-08 08:00:00+05:30,110.2,15.58
2021-11-08 09:00:00+05:30,247.92,19.75
2021-11-08 10:00:00+05:30,370.25,24.21
2021-11-08 11:00:00+05:30,453.53,26.48
2021-11-08 12:00:00+05:30,487.36,27.9
2021-11-08 13:00:00+05:30,467.7,28.56
2021-11-08 14:00:00+05:30,396.87,29.41
2021-11-08 15:00:00+05:30,284.07,29.91
2021-11-08 16:00:00+05:30,146.59,29.98
2021-11-08 17:00:00+05:30,34.16,29.41
2021-11-08 18:00:00+05:30,0.0,27.63
2021-11-08 19:00:00+05:30,0.0,24.59
2021-11-08 20:00:00+05:30,0.0,22.04
2021-11-08 21:00:00+05:30,0.0,20.5
2021-11-08 22:00:00+05:30,0.0,19.25
2021-11-08 23:00:00+05:30,0.0,18.35
2021-11-09 00:00:00+05:30,0.0,17.7
2021-11-09 01:00:00+05:30,0.0,16.97
2021-11-09 02:00:00+05:30,0.0,16.54
2021-11-09 03:00:00+05:30,0.0,16.22
2021-11-09 04:00:00+05:30,0.0,15.96
2021-11-09 05:00:00+05:30,0.0,15.7
2021-11-09 06:00:00+05:30,0.0,15.4
2021-11-09 07:00:00+05:30,17.72,15.04
2021-11-09 08:00:00+05:30,104.05,15.21
2021-11-09 09:00:00+05:30,242.91,19.72
2021-11-09 10:00:00+05:30,366.36,24.05
2021-11-09 11:00:00+05:30,449.6,26.61
2021-11-09 12:00:00+05:30,482.9,28.28
2021-11-09 13:00:00+05:30,462.83,29.28
2021-11-09 14:00:00+05:30,391.91,30.14
2021-11-09 15:00:00+05:30,279.16,30.58
2021-11-09 16:00:00+05:30,142.57,30.51
2021-11-09 17:00:00+05:30,33.11,29.73
2021-11-09 18:00:00+05:30,0.0,27.54
2021-11-09 19:00:00+05:30,0.0,24.53
2021-11-09 20:00:00+05:30,0.0,22.17
2021-11-09 21:00:00+05:30,0.0,20.29
2021-11-09 22:00:00+05:30,0.0,19.47
2021-11-09 23:00:00+05:30,0.0,19.94
2021-11-10 00:00:00+05:30,0.0,20.13
2021-11-10 01:00:00+05:30,0.0,19.66
2021-11-10 02:00:00+05:30,0.0,19.53
2021-11-10 03:00:00+05:30,0.0,19.13
2021-11-10 04:00:00+05:30,0.0,16.17
2021-11-10 05:00:00+05:30,0.0,14.67
2021-11-10 06:00:00+05:30,0.0,14.09
2021-11-10 07:00:00+05:30,17.34,13.7
2021-11-10 08:00:00+05:30,101.27,14.02
2021-11-10 09:00:00+05:30,240.84,19.52
2021-11-10 10:00:00+05:30,363.07,24.88
2021-11-10 11:00:00+05:30,446.22,27.39
2021-11-10 12:00:00+05:30,478.14,28.76
2021-11-10 13:00:00+05:30,458.64,29.18
2021-11-10 14:00:00+05:30,388.17,29.73
2021-11-10 15:00:00+05:30,275.9,29.91
2021-11-10 16:00:00+05:30,139.87,29.75
2021-11-10 17:00:00+05:30,32.49,29.02
2021-11-10 18:00:00+05:30,0.0,27.09
2021-11-10 19:00:00+05:30,0.0,24.27
2021-11-10 20:00:00+05:30,0.0,22.06
2021-11-10 21:00:00+05:30,0.0,20.37
2021-11-10 22:00:00+05:30,0.0,19.04
2021-11-10 23:00:00+05:30,0.0,17.89
2021-11-11 00:00:00+05:30,0.0,16.89
2021-11-11 01:00:00+05:30,0.0,17.78
2021-11-11 02:00:00+05:30,0.0,17.7
2021-11-11 03:00:00+05:30,0.0,16.62
2021-11-11 04:00:00+05:30,0.0,15.11
2021-11-11 05:00:00+05:30,0.0,14.16
2021-11-11 06:00:00+05:30,0.0,13.68
2021-11-11 07:00:00+05:30,16.63,13.13
2021-11-11 08:00:00+05:30,97.81,13.21
2021-11-11 09:00:00+05:30,236.96,18.57
2021-11-11 10:00:00+05:30,359.21,24.08
2021-11-11 11:00:00+05:30,442.29,26.5
2021-11-11 12:00:00+05:30,475.77,27.83
2021-11-11 13:00:00+05:30,456.31,28.04
2021-11-11 14:00:00+05:30,385.93,28.73
2021-11-11 15:00:00+05:30,274.15,29.06
2021-11-11 16:00:00+05:30,140.79,28.98
2021-11-11 17:00:00+05:30,33.25,28.16
2021-11-11 18:00:00+05:30,0.0,26.14
2021-11-11 19:00:00+05:30,0.0,23.29
2021-11-11 20:00:00+05:30,0.0,21.26
2021-11-11 21:00:00+05:30,0.0,19.84
2021-11-11 22:00:00+05:30,0.0,18.63
2021-11-11 23:00:00+05:30,0.0,17.52
2021-11-12 00:00:00+05:30,0.0,17.68
2021-11-12 01:00:00+05:30,0.0,18.86
2021-11-12 02:00:00+05:30,0.0,18.41
2021-11-12 03:00:00+05:30,0.0,16.88
2021-11-12 04:00:00+05:30,0.0,15.28
2021-11-12 05:00:00+05:30,0.0,14.19
2021-11-12 06:00:00+05:30,0.0,13.6
2021-11-12 07:00:00+05:30,16.15,13.01
2021-11-12 08:00:00+05:30,94.49,13.17
2021-11-12 09:00:00+05:30,230.79,18.66
2021-11-12 10:00:00+05:30,351.3,23.41
2021-11-12 11:00:00+05:30,433.96,25.36
2021-11-12 12:00:00+05:30,467.89,26.52
2021-11-12 13:00:00+05:30,450.07,27.12
2021-11-12 14:00:00+05:30,379.81,27.9
2021-11-12 15:00:00+05:30,268.69,28.25
2021-11-12 16:00:00+05:30,134.08,28.21
2021-11-12 17:00:00+05:30,32.11,27.64
2021-11-12 18:00:00+05:30,0.0,25.76
2021-11-12 19:00:00+05:30,0.0,23.0
2021-11-12 20:00:00+05:30,0.0,20.97
2021-11-12 21:00:00+05:30,0.0,19.54
2021-11-12 22:00:00+05:30,0.0,18.48
2021-11-12 23:00:00+05:30,0.0,17.59
2021-11-13 00:00:00+05:30,0.0,16.73
2021-11-13 01:00:00+05:30,0.0,16.01
2021-11-13 02:00:00+05:30,0.0,15.25
2021-11-13 03:00:00+05:30,0.0,14.62
2021-11-13 04:00:00+05:30,0.0,14.03
2021-11-13 05:00:00+05:30,0.0,13.5
2021-11-13 06:00:00+05:30,0.0,13.08
2021-11-13 07:00:00+05:30,15.62,12.73
2021-11-13 08:00:00+05:30,91.36,12.94
2021-11-13 09:00:00+05:30,228.55,18.2
2021-11-13 10:00:00+05:30,349.82,22.97
2021-11-13 11:00:00+05:30,432.84,25.09
2021-11-13 12:00:00+05:30,466.49,26.16
2021-11-13 13:00:00+05:30,447.54,26.56
2021-11-13 14:00:00+05:30,378.06,27.14
2021-11-13 15:00:00+05:30,266.86,27.42
2021-11-13 16:00:00+05:30,132.21,27.4
2021-11-13 17:00:00+05:30,31.05,26.89
2021-11-13 18:00:00+05:30,0.0,25.38
2021-11-13 19:00:00+05:30,0.0,22.65
2021-11-13 20:00:00+05:30,0.0,20.26
2021-11-13 21:00:00+05:30,0.0,18.6
2021-11-13 22:00:00+05:30,0.0,17.36
2021-11-13 23:00:00+05:30,0.0,16.36
2021-11-14 00:00:00+05:30,0.0,15.53
2021-11-14 01:00:00+05:30,0.0,14.72
2021-11-14 02:00:00+05:30,0.0,14.09
2021-11-14 03:00:00+05:30,0.0,13.54
2021-11-14 04:00:00+05:30,0.0,13.06
2021-11-14 05:00:00+05:30,0.0,12.68
2021-11-14 06:00:00+05:30,0.0,12.37
2021-11-14 07:00:00+05:30,15.19,12.38
2021-11-14 08:00:00+05:30,88.47,12.97
2021-11-14 09:00:00+05:30,225.62,17.23
2021-11-14 10:00:00+05:30,347.35,21.65
2021-11-14 11:00:00+05:30,430.59,23.72
2021-11-14 12:00:00+05:30,464.63,24.71
2021-11-14 13:00:00+05:30,445.73,25.42
2021-11-14 14:00:00+05:30,376.22,25.92
2021-11-14 15:00:00+05:30,264.9,26.16
2021-11-14 16:00:00+05:30,130.09,26.09
2021-11-14 17:00:00+05:30,30.58,25.61
2021-11-14 18:00:00+05:30,0.0,24.32
2021-11-14 19:00:00+05:30,0.0,21.92
2021-11-14 20:00:00+05:30,0.0,20.44
2021-11-14 21:00:00+05:30,0.0,19.65
2021-11-14 22:00:00+05:30,0.0,18.23
2021-11-14 23:00:00+05:30,0.0,16.9
2021-11-15 00:00:00+05:30,0.0,16.27
2021-11-15 01:00:00+05:30,0.0,16.95
2021-11-15 02:00:00+05:30,0.0,16.77
2021-11-15 03:00:00+05:30,0.0,16.31
2021-11-15 04:00:00+05:30,0.0,14.66
2021-11-15 05:00:00+05:30,0.0,12.97
2021-11-15 06:00:00+05:30,0.0,12.24
2021-11-15 07:00:00+05:30,14.67,11.88
2021-11-15 08:00:00+05:30,85.26,12.19
2021-11-15 09:00:00+05:30,221.36,16.49
2021-11-15 10:00:00+05:30,342.7,21.0
2021-11-15 11:00:00+05:30,425.83,23.29
2021-11-15 12:00:00+05:30,459.64,24.61
2021-11-15 13:00:00+05:30,440.87,25.21
2021-11-15 14:00:00+05:30,371.76,25.87
2021-11-15 15:00:00+05:30,261.02,26.17
2021-11-15 16:00:00+05:30,127.13,26.13
2021-11-15 17:00:00+05:30,29.86,25.55
2021-11-15 18:00:00+05:30,0.0,23.83
2021-11-15 19:00:00+05:30,0.0,21.2
2021-11-15 20:00:00+05:30,0.0,19.25
2021-11-15 21:00:00+05:30,0.0,17.87
2021-11-15 22:00:00+05:30,0.0,16.62
2021-11-15 23:00:00+05:30,0.0,15.41
2021-11-16 00:00:00+05:30,0.0,14.46
2021-11-16 01:00:00+05:30,0.0,13.63
2021-11-16 02:00:00+05:30,0.0,13.01
2021-11-16 03:00:00+05:30,0.0,12.46
2021-11-16 04:00:00+05:30,0.0,11.86
2021-11-16 05:00:00+05:30,0.0,11.3
2021-11-16 06:00:00+05:30,0.0,10.91
2021-11-16 07:00:00+05:30,14.19,10.6
2021-11-16 08:00:00+05:30,82.5,10.81
2021-11-16 09:00:00+05:30,219.43,15.92
2021-11-16 10:00:00+05:30,341.36,20.96
2021-11-16 11:00:00+05:30,425.07,23.03
2021-11-16 12:00:00+05:30,458.41,24.17
2021-11-16 13:00:00+05:30,439.92,24.66
2021-11-16 14:00:00+05:30,370.63,25.31
2021-11-16 15:00:00+05:30,259.56,25.65
2021-11-16 16:00:00+05:30,125.41,25.58
2021-11-16 17:00:00+05:30,29.62,24.91
2021-11-16 18:00:00+05:30,0.0,22.98
2021-11-16 19:00:00+05:30,0.0,20.49
2021-11-16 20:00:00+05:30,0.0,18.74
2021-11-16 21:00:00+05:30,0.0,17.43
2021-11-16 22:00:00+05:30,0.0,16.35
2021-11-16 23:00:00+05:30,0.0,15.32
2021-11-17 00:00:00+05:30,0.0,14.38
2021-11-17 01:00:00+05:30,0.0,13.69
2021-11-17 02:00:00+05:30,0.0,12.86
2021-11-17 03:00:00+05:30,0.0,12.23
2021-11-17 04:00:00+05:30,0.0,11.68
2021-11-17 05:00:00+05:30,0.0,11.23
2021-11-17 06:00:00+05:30,0.0,10.9
2021-11-17 07:00:00+05:30,15.96,10.69
2021-11-17 08:00:00+05:30,83.16,10.85
2021-11-17 09:00:00+05:30,216.86,15.67
2021-11-17 10:00:00+05:30,337.53,20.14
2021-11-17 11:00:00+05:30,421.07,22.2
2021-11-17 12:00:00+05:30,454.68,23.4
2021-11-17 13:00:00+05:30,436.75,23.99
2021-11-17 14:00:00+05:30,368.29,24.58
2021-11-17 15:00:00+05:30,259.37,24.84
2021-11-17 16:00:00+05:30,134.99,24.67
2021-11-17 17:00:00+05:30,37.74,23.86
2021-11-17 18:00:00+05:30,0.0,21.65
2021-11-17 19:00:00+05:30,0.0,19.34
2021-11-17 20:00:00+05:30,0.0,18.0
2021-11-17 21:00:00+05:30,0.0,16.98
2021-11-17 22:00:00+05:30,0.0,16.12
2021-11-17 23:00:00+05:30,0.0,15.39
2021-11-18 00:00:00+05:30,0.0,15.46
2021-11-18 01:00:00+05:30,0.0,15.02
2021-11-18 02:00:00+05:30,0.0,14.41
2021-11-18 03:00:00+05:30,0.0,13.7
2021-11-18 04:00:00+05:30,0.0,13.45
2021-11-18 05:00:00+05:30,0.0,13.01
2021-11-18 06:00:00+05:30,0.0,12.73
2021-11-18 07:00:00+05:30,12.76,12.48
2021-11-18 08:00:00+05:30,73.53,12.81
2021-11-18 09:00:00+05:30,205.21,16.55
2021-11-18 10:00:00+05:30,287.33,19.94
2021-11-18 11:00:00+05:30,345.13,21.55
2021-11-18 12:00:00+05:30,355.59,22.71
2021-11-18 13:00:00+05:30,355.92,23.32
2021-11-18 14:00:00+05:30,283.96,23.72
2021-11-18 15:00:00+05:30,154.54,23.59
2021-11-18 16:00:00+05:30,63.64,22.92
2021-11-18 17:00:00+05:30,13.04,21.8
2021-11-18 18:00:00+05:30,0.0,20.38
2021-11-18 19:00:00+05:30,0.0,19.21
2021-11-18 20:00:00+05:30,0.0,18.36
2021-11-18 21:00:00+05:30,0.0,17.7
2021-11-18 22:00:00+05:30,0.0,17.18
2021-11-18 23:00:00+05:30,0.0,16.89
2021-11-19 00:00:00+05:30,0.0,16.67
2021-11-19 01:00:00+05:30,0.0,16.22
2021-11-19 02:00:00+05:30,0.0,15.94
2021-11-19 03:00:00+05:30,0.0,15.7
2021-11-19 04:00:00+05:30,0.0,15.27
2021-11-19 05:00:00+05:30,0.0,14.82
2021-11-19 06:00:00+05:30,0.0,14.61
2021-11-19 07:00:00+05:30,12.9,14.74
2021-11-19 08:00:00+05:30,74.24,14.99
2021-11-19 09:00:00+05:30,181.09,16.99
2021-11-19 10:00:00+05:30,298.67,19.73
2021-11-19 11:00:00+05:30,344.8,21.74
2021-11-19 12:00:00+05:30,161.84,22.9
2021-11-19 13:00:00+05:30,277.13,21.38
2021-11-19 14:00:00+05:30,168.55,21.7
2021-11-19 15:00:00+05:30,121.87,20.67
2021-11-19 16:00:00+05:30,34.88,20.4
2021-11-19 17:00:00+05:30,5.88,19.49
2021-11-19 18:00:00+05:30,0.0,18.51
2021-11-19 19:00:00+05:30,0.0,17.67
2021-11-19 20:00:00+05:30,0.0,17.2
2021-11-19 21:00:00+05:30,0.0,16.87
2021-11-19 22:00:00+05:30,0.0,16.64
2021-11-19 23:00:00+05:30,0.0,16.27
2021-11-20 00:00:00+05:30,0.0,16.02
2021-11-20 01:00:00+05:30,0.0,15.95
2021-11-20 02:00:00+05:30,0.0,16.19
2021-11-20 03:00:00+05:30,0.0,16.03
2021-11-20 04:00:00+05:30,0.0,16.0
2021-11-20 05:00:00+05:30,0.0,16.08
2021-11-20 06:00:00+05:30,0.0,15.96
2021-11-20 07:00:00+05:30,6.69,16.14
2021-11-20 08:00:00+05:30,48.97,16.5
2021-11-20 09:00:00+05:30,97.78,17.5
2021-11-20 10:00:00+05:30,220.65,18.72
2021-11-20 11:00:00+05:30,271.71,20.09
2021-11-20 12:00:00+05:30,315.25,20.87
2021-11-20 13:00:00+05:30,348.69,22.39
2021-11-20 14:00:00+05:30,245.31,23.41
2021-11-20 15:00:00+05:30,189.95,23.52
2021-11-20 16:00:00+05:30,91.73,23.44
2021-11-20 17:00:00+05:30,23.17,22.85
2021-11-20 18:00:00+05:30,0.0,21.72
2021-11-20 19:00:00+05:30,0.0,20.55
2021-11-20 20:00:00+05:30,0.0,19.44
2021-11-20 21:00:00+05:30,0.0,18.57
2021-11-20 22:00:00+05:30,0.0,17.92
2021-11-20 23:00:00+05:30,0.0,17.32
2021-11-21 00:00:00+05:30,0.0,16.59
2021-11-21 01:00:00+05:30,0.0,16.14
2021-11-21 02:00:00+05:30,0.0,15.43
2021-11-21 03:00:00+05:30,0.0,15.04
2021-11-21 04:00:00+05:30,0.0,14.74
2021-11-21 05:00:00+05:30,0.0,14.55
2021-11-21 06:00:00+05:30,0.0,14.41
2021-11-21 07:00:00+05:30,10.94,14.26
2021-11-21 08:00:00+05:30,65.99,14.47
2021-11-21 09:00:00+05:30,189.99,18.09
2021-11-21 10:00:00+05:30,303.78,20.94
2021-11-21 11:00:00+05:30,382.74,22.98
2021-11-21 12:00:00+05:30,417.49,24.44
2021-11-21 13:00:00+05:30,398.91,25.14
2021-11-21 14:00:00+05:30,336.22,25.85
2021-11-21 15:00:00+05:30,233.38,26.25
2021-11-21 16:00:00+05:30,109.96,26.27
2021-11-21 17:00:00+05:30,27.09,25.91
2021-11-21 18:00:00+05:30,0.0,24.75
2021-11-21 19:00:00+05:30,0.0,22.76
2021-11-21 20:00:00+05:30,0.0,20.98
2021-11-21 21:00:00+05:30,0.0,19.77
2021-11-21 22:00:00+05:30,0.0,18.09
2021-11-21 23:00:00+05:30,0.0,17.21
2021-11-22 00:00:00+05:30,0.0,16.51
2021-11-22 01:00:00+05:30,0.0,16.13
2021-11-22 02:00:00+05:30,0.0,15.69
2021-11-22 03:00:00+05:30,0.0,15.32
2021-11-22 04:00:00+05:30,0.0,15.04
2021-11-22 05:00:00+05:30,0.0,14.91
2021-11-22 06:00:00+05:30,0.0,14.76
2021-11-22 07:00:00+05:30,11.08,14.45
2021-11-22 08:00:00+05:30,63.99,14.28
2021-11-22 09:00:00+05:30,193.55,17.16
2021-11-22 10:00:00+05:30,313.21,20.71
2021-11-22 11:00:00+05:30,397.41,23.44
2021-11-22 12:00:00+05:30,435.91,25.34
2021-11-22 13:00:00+05:30,419.53,26.35
2021-11-22 14:00:00+05:30,352.69,27.17
2021-11-22 15:00:00+05:30,244.21,27.52
2021-11-22 16:00:00+05:30,112.89,27.37
2021-11-22 17:00:00+05:30,27.71,26.25
2021-11-22 18:00:00+05:30,0.0,23.77
2021-11-22 19:00:00+05:30,0.0,20.69
2021-11-22 20:00:00+05:30,0.0,18.78
2021-11-22 21:00:00+05:30,0.0,17.4
2021-11-22 22:00:00+05:30,0.0,16.28
2021-11-22 23:00:00+05:30,0.0,15.26
2021-11-23 00:00:00+05:30,0.0,14.41
2021-11-23 01:00:00+05:30,0.0,14.09
2021-11-23 02:00:00+05:30,0.0,13.5
2021-11-23 03:00:00+05:30,0.0,12.95
2021-11-23 04:00:00+05:30,0.0,12.39
2021-11-23 05:00:00+05:30,0.0,11.8
2021-11-23 06:00:00+05:30,0.0,11.2
2021-11-23 07:00:00+05:30,10.85,10.6
2021-11-23 08:00:00+05:30,61.79,10.42
2021-11-23 09:00:00+05:30,194.84,14.8
2021-11-23 10:00:00+05:30,315.55,20.08
2021-11-23 11:00:00+05:30,399.22,23.11
2021-11-23 12:00:00+05:30,434.19,25.04
2021-11-23 13:00:00+05:30,417.06,25.83
2021-11-23 14:00:00+05:30,349.82,26.49
2021-11-23 15:00:00+05:30,241.31,26.75
2021-11-23 16:00:00+05:30,110.66,26.61
2021-11-23 17:00:00+05:30,27.28,25.77
2021-11-23 18:00:00+05:30,0.0,23.99
2021-11-23 19:00:00+05:30,0.0,21.03
2021-11-23 20:00:00+05:30,0.0,19.61
2021-11-23 21:00:00+05:30,0.0,19.39
2021-11-23 22:00:00+05:30,0.0,18.53
2021-11-23 23:00:00+05:30,0.0,17.77
2021-11-24 00:00:00+05:30,0.0,16.87
2021-11-24 01:00:00+05:30,0.0,17.06
2021-11-24 02:00:00+05:30,0.0,16.6
2021-11-24 03:00:00+05:30,0.0,16.31
2021-11-24 04:00:00+05:30,0.0,16.01
2021-11-24 05:00:00+05:30,0.0,15.68
2021-11-24 06:00:00+05:30,0.0,15.35
2021-11-24 07:00:00+05:30,10.37,15.09
2021-11-24 08:00:00+05:30,58.78,14.98
2021-11-24 09:00:00+05:30,188.06,16.63
2021-11-24 10:00:00+05:30,306.26,20.06
2021-11-24 11:00:00+05:30,388.53,22.59
2021-11-24 12:00:00+05:30,425.29,24.48
2021-11-24 13:00:00+05:30,408.96,25.47
2021-11-24 14:00:00+05:30,342.92,26.09
2021-11-24 15:00:00+05:30,236.18,26.29
2021-11-24 16:00:00+05:30,107.82,26.1
2021-11-24 17:00:00+05:30,26.85,25.27
2021-11-24 18:00:00+05:30,0.0,23.0
2021-11-24 19:00:00+05:30,0.0,20.48
2021-11-24 20:00:00+05:30,0.0,19.09
2021-11-24 21:00:00+05:30,0.0,18.07
2021-11-24 22:00:00+05:30,0.0,17.28
2021-11-24 23:00:00+05:30,0.0,16.67
2021-11-25 00:00:00+05:30,0.0,16.05
2021-11-25 01:00:00+05:30,0.0,15.4
2021-11-25 02:00:00+05:30,0.0,14.79
2021-11-25 03:00:00+05:30,0.0,14.13
2021-11-25 04:00:00+05:30,0.0,13.53
2021-11-25 05:00:00+05:30,0.0,13.2
2021-11-25 06:00:00+05:30,0.0,12.98
2021-11-25 07:00:00+05:30,9.79,12.9
2021-11-25 08:00:00+05:30,56.16,13.09
2021-11-25 09:00:00+05:30,181.78,16.53
2021-11-25 10:00:00+05:30,297.83,20.7
2021-11-25 11:00:00+05:30,379.33,23.09
2021-11-25 12:00:00+05:30,415.06,24.65
2021-11-25 13:00:00+05:30,399.08,25.58
2021-11-25 14:00:00+05:30,334.26,26.35
2021-11-25 15:00:00+05:30,229.79,26.73
2021-11-25 16:00:00+05:30,104.82,26.69
2021-11-25 17:00:00+05:30,26.42,26.05
2021-11-25 18:00:00+05:30,0.0,23.91
2021-11-25 19:00:00+05:30,0.0,21.39
2021-11-25 20:00:00+05:30,0.0,19.85
2021-11-25 21:00:00+05:30,0.0,18.76
2021-11-25 22:00:00+05:30,0.0,17.95
2021-11-25 23:00:00+05:30,0.0,17.23
2021-11-26 00:00:00+05:30,0.0,16.47
2021-11-26 01:00:00+05:30,0.0,15.38
2021-11-26 02:00:00+05:30,0.0,14.52
2021-11-26 03:00:00+05:30,0.0,13.82
2021-11-26 04:00:00+05:30,0.0,13.72
2021-11-26 05:00:00+05:30,0.0,14.08
2021-11-26 06:00:00+05:30,0.0,14.75
2021-11-26 07:00:00+05:30,9.32,15.0
2021-11-26 08:00:00+05:30,53.47,14.77
2021-11-26 09:00:00+05:30,177.86,16.5
2021-11-26 10:00:00+05:30,293.51,20.55
2021-11-26 11:00:00+05:30,374.94,23.09
2021-11-26 12:00:00+05:30,410.18,25.02
2021-11-26 13:00:00+05:30,394.84,26.06
2021-11-26 14:00:00+05:30,330.85,26.9
2021-11-26 15:00:00+05:30,227.2,27.23
2021-11-26 16:00:00+05:30,103.16,27.14
2021-11-26 17:00:00+05:30,26.28,26.51
2021-11-26 18:00:00+05:30,0.0,24.25
2021-11-26 19:00:00+05:30,0.0,21.92
2021-11-26 20:00:00+05:30,0.0,20.53
2021-11-26 21:00:00+05:30,0.0,19.43
2021-11-26 22:00:00+05:30,0.0,18.48
2021-11-26 23:00:00+05:30,0.0,17.7
2021-11-27 00:00:00+05:30,0.0,16.82
2021-11-27 01:00:00+05:30,0.0,15.98
2021-11-27 02:00:00+05:30,0.0,15.36
2021-11-27 03:00:00+05:30,0.0,15.25
2021-11-27 04:00:00+05:30,0.0,15.28
2021-11-27 05:00:00+05:30,0.0,15.52
2021-11-27 06:00:00+05:30,0.0,16.04
2021-11-27 07:00:00+05:30,0.0,15.88
2021-11-27 08:00:00+05:30,51.3,15.59
2021-11-27 09:00:00+05:30,175.5,16.93
2021-11-27 10:00:00+05:30,291.32,20.86
2021-11-27 11:00:00+05:30,372.77,23.19
2021-11-27 12:00:00+05:30,407.79,24.85
2021-11-27 13:00:00+05:30,392.47,25.79
2021-11-27 14:00:00+05:30,328.78,26.49
2021-11-27 15:00:00+05:30,225.57,26.69
2021-11-27 16:00:00+05:30,101.96,26.47
2021-11-27 17:00:00+05:30,26.75,25.68
2021-11-27 18:00:00+05:30,0.0,23.62
2021-11-27 19:00:00+05:30,0.0,21.39
2021-11-27 20:00:00+05:30,0.0,20.08
2021-11-27 21:00:00+05:30,0.0,19.12
2021-11-27 22:00:00+05:30,0.0,18.36
2021-11-27 23:00:00+05:30,0.0,17.73
2021-11-28 00:00:00+05:30,0.0,17.18
2021-11-28 01:00:00+05:30,0.0,16.69
2021-11-28 02:00:00+05:30,0.0,16.15
2021-11-28 03:00:00+05:30,0.0,15.6
2021-11-28 04:00:00+05:30,0.0,15.06
2021-11-28 05:00:00+05:30,0.0,14.55
2021-11-28 06:00:00+05:30,0.0,14.1
2021-11-28 07:00:00+05:30,0.0,13.72
2021-11-28 08:00:00+05:30,48.8,13.62
2021-11-28 09:00:00+05:30,171.41,16.91
2021-11-28 10:00:00+05:30,286.21,20.25
2021-11-28 11:00:00+05:30,367.63,22.6
2021-11-28 12:00:00+05:30,403.29,24.43
2021-11-28 13:00:00+05:30,388.5,25.47
2021-11-28 14:00:00+05:30,325.68,26.23
2021-11-28 15:00:00+05:30,223.47,26.47
2021-11-28 16:00:00+05:30,100.32,26.35
2021-11-28 17:00:00+05:30,26.04,25.78
2021-11-28 18:00:00+05:30,0.0,23.93
2021-11-28 19:00:00+05:30,0.0,21.64
2021-11-28 20:00:00+05:30,0.0,20.28
2021-11-28 21:00:00+05:30,0.0,19.17
2021-11-28 22:00:00+05:30,0.0,18.3
2021-11-28 23:00:00+05:30,0.0,17.53
2021-11-29 00:00:00+05:30,0.0,16.81
2021-11-29 01:00:00+05:30,0.0,16.1
2021-11-29 02:00:00+05:30,0.0,15.46
2021-11-29 03:00:00+05:30,0.0,14.86
2021-11-29 04:00:00+05:30,0.0,14.37
2021-11-29 05:00:00+05:30,0.0,13.98
2021-11-29 06:00:00+05:30,0.0,13.64
2021-11-29 07:00:00+05:30,0.0,13.36
2021-11-29 08:00:00+05:30,46.83,13.3
2021-11-29 09:00:00+05:30,168.89,16.86
2021-11-29 10:00:00+05:30,283.96,20.82
2021-11-29 11:00:00+05:30,365.61,23.01
2021-11-29 12:00:00+05:30,401.23,24.33
2021-11-29 13:00:00+05:30,387.21,24.9
2021-11-29 14:00:00+05:30,324.75,25.58
2021-11-29 15:00:00+05:30,222.2,26.07
2021-11-29 16:00:00+05:30,101.24,26.19
2021-11-29 17:00:00+05:30,28.86,25.74
2021-11-29 18:00:00+05:30,0.0,24.1
2021-11-29 19:00:00+05:30,0.0,21.6
2021-11-29 20:00:00+05:30,0.0,19.58
2021-11-29 21:00:00+05:30,0.0,18.06
2021-11-29 22:00:00+05:30,0.0,16.89
2021-11-29 23:00:00+05:30,0.0,15.8
2021-11-30 00:00:00+05:30,0.0,14.9
2021-11-30 01:00:00+05:30,0.0,14.14
2021-11-30 02:00:00+05:30,0.0,13.41
2021-11-30 03:00:00+05:30,0.0,12.98
2021-11-30 04:00:00+05:30,0.0,12.76
2021-11-30 05:00:00+05:30,0.0,12.59
2021-11-30 06:00:00+05:30,0.0,12.32
2021-11-30 07:00:00+05:30,0.0,12.06
2021-11-30 08:00:00+05:30,63.17,12.14
2021-11-30 09:00:00+05:30,178.48,15.06
2021-11-30 10:00:00+05:30,291.34,18.96
2021-11-30 11:00:00+05:30,373.74,21.57
2021-11-30 12:00:00+05:30,408.74,23.16
2021-11-30 13:00:00+05:30,391.28,23.95
2021-11-30 14:00:00+05:30,328.35,24.65
2021-11-30 15:00:00+05:30,227.76,25.01
2021-11-30 16:00:00+05:30,108.41,24.96
2021-11-30 17:00:00+05:30,35.16,24.47
2021-11-30 18:00:00+05:30,0.0,22.99
2021-11-30 19:00:00+05:30,0.0,20.6
2021-11-30 20:00:00+05:30,0.0,18.51
2021-11-30 21:00:00+05:30,0.0,17.25
2021-11-30 22:00:00+05:30,0.0,16.73
2021-11-30 23:00:00+05:30,0.0,15.97
2021-12-01 00:00:00+05:30,0.0,14.94
2021-12-01 01:00:00+05:30,0.0,16.56
2021-12-01 02:00:00+05:30,0.0,14.67
2021-12-01 03:00:00+05:30,0.0,13.78
2021-12-01 04:00:00+05:30,0.0,13.4
2021-12-01 05:00:00+05:30,0.0,12.96
2021-12-01 06:00:00+05:30,0.0,12.72
2021-12-01 07:00:00+05:30,0.0,12.71
2021-12-01 08:00:00+05:30,75.02,12.7
2021-12-01 09:00:00+05:30,179.35,15.6
2021-12-01 10:00:00+05:30,261.37,19.15
2021-12-01 11:00:00+05:30,279.57,21.18
2021-12-01 12:00:00+05:30,306.22,21.97
2021-12-01 13:00:00+05:30,297.52,21.73
2021-12-01 14:00:00+05:30,271.41,22.2
2021-12-01 15:00:00+05:30,204.06,22.3
2021-12-01 16:00:00+05:30,122.48,22.19
2021-12-01 17:00:00+05:30,32.25,21.78
2021-12-01 18:00:00+05:30,0.0,20.4
2021-12-01 19:00:00+05:30,0.0,19.01
2021-12-01 20:00:00+05:30,0.0,18.16
2021-12-01 21:00:00+05:30,0.0,17.56
2021-12-01 22:00:00+05:30,0.0,17.01
2021-12-01 23:00:00+05:30,0.0,16.43
2021-12-02 00:00:00+05:30,0.0,16.17
2021-12-02 01:00:00+05:30,0.0,16.56
2021-12-02 02:00:00+05:30,0.0,16.37
2021-12-02 03:00:00+05:30,0.0,15.47
2021-12-02 04:00:00+05:30,0.0,15.18
2021-12-02 05:00:00+05:30,0.0,15.06
2021-12-02 06:00:00+05:30,0.0,15.02
2021-12-02 07:00:00+05:30,0.0,15.07
2021-12-02 08:00:00+05:30,49.86,15.08
2021-12-02 09:00:00+05:30,99.3,16.33
2021-12-02 10:00:00+05:30,126.76,17.67
2021-12-02 11:00:00+05:30,146.56,18.57
2021-12-02 12:00:00+05:30,99.62,19.29
2021-12-02 13:00:00+05:30,78.05,19.94
2021-12-02 14:00:00+05:30,58.47,19.24
2021-12-02 15:00:00+05:30,38.49,18.07
2021-12-02 16:00:00+05:30,16.39,16.66
2021-12-02 17:00:00+05:30,4.11,16.05
2021-12-02 18:00:00+05:30,0.0,15.64
2021-12-02 19:00:00+05:30,0.0,15.59
2021-12-02 20:00:00+05:30,0.0,15.6
2021-12-02 21:00:00+05:30,0.0,15.69
2021-12-02 22:00:00+05:30,0.0,15.7
2021-12-02 23:00:00+05:30,0.0,15.61
2021-12-03 00:00:00+05:30,0.0,15.33
2021-12-03 01:00:00+05:30,0.0,14.39
2021-12-03 02:00:00+05:30,0.0,14.07
2021-12-03 03:00:00+05:30,0.0,13.76
2021-12-03 04:00:00+05:30,0.0,13.75
2021-12-03 05:00:00+05:30,0.0,13.64
2021-12-03 06:00:00+05:30,0.0,13.56
2021-12-03 07:00:00+05:30,0.0,13.09
2021-12-03 08:00:00+05:30,38.53,12.66
2021-12-03 09:00:00+05:30,149.63,14.99
2021-12-03 10:00:00+05:30,232.99,17.61
2021-12-03 11:00:00+05:30,251.41,19.56
2021-12-03 12:00:00+05:30,312.83,21.15
2021-12-03 13:00:00+05:30,307.84,21.02
2021-12-03 14:00:00+05:30,292.35,21.87
2021-12-03 15:00:00+05:30,212.96,22.39
2021-12-03 16:00:00+05:30,93.78,22.38
2021-12-03 17:00:00+05:30,25.89,21.74
2021-12-03 18:00:00+05:30,0.0,20.05
2021-12-03 19:00:00+05:30,0.0,18.22
2021-12-03 20:00:00+05:30,0.0,16.99
2021-12-03 21:00:00+05:30,0.0,15.97
2021-12-03 22:00:00+05:30,0.0,15.04
2021-12-03 23:00:00+05:30,0.0,14.27
2021-12-04 00:00:00+05:30,0.0,13.49
2021-12-04 01:00:00+05:30,0.0,13.14
2021-12-04 02:00:00+05:30,0.0,12.77
2021-12-04 03:00:00+05:30,0.0,11.77
2021-12-04 04:00:00+05:30,0.0,11.33
2021-12-04 05:00:00+05:30,0.0,11.07
2021-12-04 06:00:00+05:30,0.0,10.89
2021-12-04 07:00:00+05:30,0.0,10.77
2021-12-04 08:00:00+05:30,39.48,10.7
2021-12-04 09:00:00+05:30,154.73,14.04
2021-12-04 10:00:00+05:30,268.56,18.44
2021-12-04 11:00:00+05:30,348.58,20.64
2021-12-04 12:00:00+05:30,387.23,22.09
2021-12-04 13:00:00+05:30,374.75,23.07
2021-12-04 14:00:00+05:30,314.34,23.81
2021-12-04 15:00:00+05:30,214.64,24.17
2021-12-04 16:00:00+05:30,94.71,24.12
2021-12-04 17:00:00+05:30,25.99,23.59
2021-12-04 18:00:00+05:30,0.0,21.81
2021-12-04 19:00:00+05:30,0.0,19.71
2021-12-04 20:00:00+05:30,0.0,18.35
2021-12-04 21:00:00+05:30,0.0,17.34
2021-12-04 22:00:00+05:30,0.0,16.43
2021-12-04 23:00:00+05:30,0.0,15.46
2021-12-05 00:00:00+05:30,0.0,14.48
2021-12-05 01:00:00+05:30,0.0,14.09
2021-12-05 02:00:00+05:30,0.0,13.61
2021-12-05 03:00:00+05:30,0.0,12.86
2021-12-05 04:00:00+05:30,0.0,12.54
2021-12-05 05:00:00+05:30,0.0,12.55
2021-12-05 06:00:00+05:30,0.0,12.48
2021-12-05 07:00:00+05:30,0.0,12.8
2021-12-05 08:00:00+05:30,45.63,13.05
2021-12-05 09:00:00+05:30,133.31,15.17
2021-12-05 10:00:00+05:30,191.45,18.94
2021-12-05 11:00:00+05:30,202.27,20.16
2021-12-05 12:00:00+05:30,256.71,20.55
2021-12-05 13:00:00+05:30,244.18,21.03
2021-12-05 14:00:00+05:30,210.74,21.51
2021-12-05 15:00:00+05:30,136.88,22.05
2021-12-05 16:00:00+05:30,66.64,22.03
2021-12-05 17:00:00+05:30,15.14,21.74
2021-12-05 18:00:00+05:30,0.0,20.88
2021-12-05 19:00:00+05:30,0.0,19.8
2021-12-05 20:00:00+05:30,0.0,18.64
2021-12-05 21:00:00+05:30,0.0,18.0
2021-12-05 22:00:00+05:30,0.0,17.3
2021-12-05 23:00:00+05:30,0.0,16.56
2021-12-06 00:00:00+05:30,0.0,16.07
2021-12-06 01:00:00+05:30,0.0,15.64
2021-12-06 02:00:00+05:30,0.0,15.48
2021-12-06 03:00:00+05:30,0.0,14.93
2021-12-06 04:00:00+05:30,0.0,14.97
2021-12-06 05:00:00+05:30,0.0,14.88
2021-12-06 06:00:00+05:30,0.0,14.71
2021-12-06 07:00:00+05:30,0.0,14.19
2021-12-06 08:00:00+05:30,46.96,14.14
2021-12-06 09:00:00+05:30,135.54,16.51
2021-12-06 10:00:00+05:30,213.21,19.48
2021-12-06 11:00:00+05:30,310.91,21.27
2021-12-06 12:00:00+05:30,334.79,22.75
2021-12-06 13:00:00+05:30,327.56,23.44
2021-12-06 14:00:00+05:30,274.65,24.13
2021-12-06 15:00:00+05:30,197.84,24.53
2021-12-06 16:00:00+05:30,91.77,24.66
2021-12-06 17:00:00+05:30,24.89,24.29
2021-12-06 18:00:00+05:30,0.0,22.71
2021-12-06 19:00:00+05:30,0.0,20.45
2021-12-06 20:00:00+05:30,0.0,19.05
2021-12-06 21:00:00+05:30,0.0,17.87
2021-12-06 22:00:00+05:30,0.0,17.35
2021-12-06 23:00:00+05:30,0.0,16.61
2021-12-07 00:00:00+05:30,0.0,15.87
2021-12-07 01:00:00+05:30,0.0,14.88
2021-12-07 02:00:00+05:30,0.0,14.46
2021-12-07 03:00:00+05:30,0.0,14.09
2021-12-07 04:00:00+05:30,0.0,13.78
2021-12-07 05:00:00+05:30,0.0,13.43
2021-12-07 06:00:00+05:30,0.0,13.0
2021-12-07 07:00:00+05:30,0.0,12.52
2021-12-07 08:00:00+05:30,48.21,12.18
2021-12-07 09:00:00+05:30,149.82,14.32
2021-12-07 10:00:00+05:30,266.11,18.87
2021-12-07 11:00:00+05:30,350.3,21.19
2021-12-07 12:00:00+05:30,389.51,22.61
2021-12-07 13:00:00+05:30,377.71,23.27
2021-12-07 14:00:00+05:30,317.02,23.88
2021-12-07 15:00:00+05:30,216.04,24.1
2021-12-07 16:00:00+05:30,93.83,23.97
2021-12-07 17:00:00+05:30,26.28,23.4
2021-12-07 18:00:00+05:30,0.0,21.9
2021-12-07 19:00:00+05:30,0.0,19.47
2021-12-07 20:00:00+05:30,0.0,17.36
2021-12-07 21:00:00+05:30,0.0,15.74
2021-12-07 22:00:00+05:30,0.0,14.68
2021-12-07 23:00:00+05:30,0.0,13.87
2021-12-08 00:00:00+05:30,0.0,13.26
2021-12-08 01:00:00+05:30,0.0,12.82
2021-12-08 02:00:00+05:30,0.0,12.41
2021-12-08 03:00:00+05:30,0.0,11.97
2021-12-08 04:00:00+05:30,0.0,11.53
2021-12-08 05:00:00+05:30,0.0,11.14
2021-12-08 06:00:00+05:30,0.0,10.81
2021-12-08 07:00:00+05:30,0.0,10.5
2021-12-08 08:00:00+05:30,47.58,10.3
2021-12-08 09:00:00+05:30,147.78,13.28
2021-12-08 10:00:00+05:30,264.15,17.84
2021-12-08 11:00:00+05:30,348.34,20.09
2021-12-08 12:00:00+05:30,386.89,21.27
2021-12-08 13:00:00+05:30,375.4,21.99
2021-12-08 14:00:00+05:30,315.23,22.57
2021-12-08 15:00:00+05:30,214.95,22.82
2021-12-08 16:00:00+05:30,93.53,22.73
2021-12-08 17:00:00+05:30,26.52,22.29
2021-12-08 18:00:00+05:30,0.0,21.12
2021-12-08 19:00:00+05:30,0.0,18.97
2021-12-08 20:00:00+05:30,0.0,17.69
2021-12-08 21:00:00+05:30,0.0,16.51
2021-12-08 22:00:00+05:30,0.0,14.96
2021-12-08 23:00:00+05:30,0.0,12.35
2021-12-09 00:00:00+05:30,0.0,11.57
2021-12-09 01:00:00+05:30,0.0,11.06
2021-12-09 02:00:00+05:30,0.0,10.63
2021-12-09 03:00:00+05:30,0.0,10.17
2021-12-09 04:00:00+05:30,0.0,9.81
2021-12-09 05:00:00+05:30,0.0,9.57
2021-12-09 06:00:00+05:30,0.0,9.34
2021-12-09 07:00:00+05:30,0.0,9.12
2021-12-09 08:00:00+05:30,47.2,9.05
2021-12-09 09:00:00+05:30,145.78,13.14
2021-12-09 10:00:00+05:30,262.24,17.69
2021-12-09 11:00:00+05:30,347.16,19.98
2021-12-09 12:00:00+05:30,386.46,21.07
2021-12-09 13:00:00+05:30,375.21,21.78
2021-12-09 14:00:00+05:30,315.48,22.31
2021-12-09 15:00:00+05:30,214.78,22.57
2021-12-09 16:00:00+05:30,93.27,22.56
2021-12-09 17:00:00+05:30,26.75,22.18
2021-12-09 18:00:00+05:30,0.0,20.98
2021-12-09 19:00:00+05:30,0.0,18.81
2021-12-09 20:00:00+05:30,0.0,17.02
2021-12-09 21:00:00+05:30,0.0,15.45
2021-12-09 22:00:00+05:30,0.0,13.17
2021-12-09 23:00:00+05:30,0.0,12.55
2021-12-10 00:00:00+05:30,0.0,11.88
2021-12-10 01:00:00+05:30,0.0,11.37
2021-12-10 02:00:00+05:30,0.0,10.87
2021-12-10 03:00:00+05:30,0.0,10.47
2021-12-10 04:00:00+05:30,0.0,10.13
2021-12-10 05:00:00+05:30,0.0,9.82
2021-12-10 06:00:00+05:30,0.0,9.5
2021-12-10 07:00:00+05:30,0.0,9.17
2021-12-10 08:00:00+05:30,46.63,8.9
2021-12-10 09:00:00+05:30,144.0,12.08
2021-12-10 10:00:00+05:30,261.0,17.44
2021-12-10 11:00:00+05:30,346.1,19.65
2021-12-10 12:00:00+05:30,385.95,20.84
2021-12-10 13:00:00+05:30,375.3,21.42
2021-12-10 14:00:00+05:30,315.61,22.19
2021-12-10 15:00:00+05:30,215.29,22.68
2021-12-10 16:00:00+05:30,93.35,22.78
2021-12-10 17:00:00+05:30,26.99,22.31
2021-12-10 18:00:00+05:30,0.0,20.72
2021-12-10 19:00:00+05:30,0.0,18.38
2021-12-10 20:00:00+05:30,0.0,16.45
2021-12-10 21:00:00+05:30,0.0,14.86
2021-12-10 22:00:00+05:30,0.0,13.74
2021-12-10 23:00:00+05:30,0.0,12.86
2021-12-11 00:00:00+05:30,0.0,12.13
2021-12-11 01:00:00+05:30,0.0,11.65
2021-12-11 02:00:00+05:30,0.0,11.05
2021-12-11 03:00:00+05:30,0.0,10.54
2021-12-11 04:00:00+05:30,0.0,10.09
2021-12-11 05:00:00+05:30,0.0,9.67
2021-12-11 06:00:00+05:30,0.0,9.19
2021-12-11 07:00:00+05:30,0.0,8.67
2021-12-11 08:00:00+05:30,46.1,8.21
2021-12-11 09:00:00+05:30,143.4,11.04
2021-12-11 10:00:00+05:30,261.86,16.39
2021-12-11 11:00:00+05:30,347.78,18.8
2021-12-11 12:00:00+05:30,386.85,20.02
2021-12-11 13:00:00+05:30,376.16,20.77
2021-12-11 14:00:00+05:30,316.49,21.43
2021-12-11 15:00:00+05:30,216.03,21.8
2021-12-11 16:00:00+05:30,93.51,21.74
2021-12-11 17:00:00+05:30,27.23,21.33
2021-12-11 18:00:00+05:30,0.0,20.11
2021-12-11 19:00:00+05:30,0.0,17.73
2021-12-11 20:00:00+05:30,0.0,15.61
2021-12-11 21:00:00+05:30,0.0,14.14
2021-12-11 22:00:00+05:30,0.0,13.07
2021-12-11 23:00:00+05:30,0.0,12.15
2021-12-12 00:00:00+05:30,0.0,11.53
2021-12-12 01:00:00+05:30,0.0,10.55
2021-12-12 02:00:00+05:30,0.0,11.75
2021-12-12 03:00:00+05:30,0.0,12.15
2021-12-12 04:00:00+05:30,0.0,11.95
2021-12-12 05:00:00+05:30,0.0,11.73
2021-12-12 06:00:00+05:30,0.0,10.6
2021-12-12 07:00:00+05:30,0.0,8.85
2021-12-12 08:00:00+05:30,61.3,8.37
2021-12-12 09:00:00+05:30,144.84,12.18
2021-12-12 10:00:00+05:30,258.03,16.08
2021-12-12 11:00:00+05:30,344.53,18.53
2021-12-12 12:00:00+05:30,384.46,19.79
2021-12-12 13:00:00+05:30,374.39,20.27
2021-12-12 14:00:00+05:30,315.2,20.84
2021-12-12 15:00:00+05:30,215.25,21.09
2021-12-12 16:00:00+05:30,93.17,20.96
2021-12-12 17:00:00+05:30,27.52,20.4
2021-12-12 18:00:00+05:30,0.0,18.7
2021-12-12 19:00:00+05:30,0.0,16.46
2021-12-12 20:00:00+05:30,0.0,14.94
2021-12-12 21:00:00+05:30,0.0,13.9
2021-12-12 22:00:00+05:30,0.0,13.06
2021-12-12 23:00:00+05:30,0.0,12.36
2021-12-13 00:00:00+05:30,0.0,11.72
2021-12-13 01:00:00+05:30,0.0,11.11
2021-12-13 02:00:00+05:30,0.0,10.5
2021-12-13 03:00:00+05:30,0.0,9.86
2021-12-13 04:00:00+05:30,0.0,9.3
2021-12-13 05:00:00+05:30,0.0,8.88
2021-12-13 06:00:00+05:30,0.0,8.59
2021-12-13 07:00:00+05:30,0.0,8.42
2021-12-13 08:00:00+05:30,48.73,8.44
2021-12-13 09:00:00+05:30,143.38,11.2
2021-12-13 10:00:00+05:30,257.0,15.59
2021-12-13 11:00:00+05:30,334.03,17.9
2021-12-13 12:00:00+05:30,371.28,19.26
2021-12-13 13:00:00+05:30,359.22,20.08
2021-12-13 14:00:00+05:30,310.03,20.85
2021-12-13 15:00:00+05:30,212.17,21.12
2021-12-13 16:00:00+05:30,112.59,20.95
2021-12-13 17:00:00+05:30,37.31,20.63
2021-12-13 18:00:00+05:30,0.0,19.39
2021-12-13 19:00:00+05:30,0.0,17.68
2021-12-13 20:00:00+05:30,0.0,16.35
2021-12-13 21:00:00+05:30,0.0,15.29
2021-12-13 22:00:00+05:30,0.0,14.55
2021-12-13 23:00:00+05:30,0.0,13.91
2021-12-14 00:00:00+05:30,0.0,13.37
2021-12-14 01:00:00+05:30,0.0,12.92
2021-12-14 02:00:00+05:30,0.0,12.54
2021-12-14 03:00:00+05:30,0.0,12.19
2021-12-14 04:00:00+05:30,0.0,11.91
2021-12-14 05:00:00+05:30,0.0,11.65
2021-12-14 06:00:00+05:30,0.0,11.55
2021-12-14 07:00:00+05:30,0.0,11.84
2021-12-14 08:00:00+05:30,42.19,12.32
2021-12-14 09:00:00+05:30,113.21,14.01
2021-12-14 10:00:00+05:30,206.82,16.58
2021-12-14 11:00:00+05:30,290.32,18.71
2021-12-14 12:00:00+05:30,315.41,20.54
2021-12-14 13:00:00+05:30,306.9,21.13
2021-12-14 14:00:00+05:30,267.77,21.86
2021-12-14 15:00:00+05:30,170.41,22.05
2021-12-14 16:00:00+05:30,83.33,21.92
2021-12-14 17:00:00+05:30,25.7,21.64
2021-12-14 18:00:00+05:30,0.0,20.17
2021-12-14 19:00:00+05:30,0.0,18.29
2021-12-14 20:00:00+05:30,0.0,17.01
2021-12-14 21:00:00+05:30,0.0,16.07
2021-12-14 22:00:00+05:30,0.0,15.18
2021-12-14 23:00:00+05:30,0.0,14.51
2021-12-15 00:00:00+05:30,0.0,13.9
2021-12-15 01:00:00+05:30,0.0,13.15
2021-12-15 02:00:00+05:30,0.0,12.61
2021-12-15 03:00:00+05:30,0.0,12.21
2021-12-15 04:00:00+05:30,0.0,11.89
2021-12-15 05:00:00+05:30,0.0,11.7
2021-12-15 06:00:00+05:30,0.0,11.6
2021-12-15 07:00:00+05:30,0.0,11.72
2021-12-15 08:00:00+05:30,49.35,11.83
2021-12-15 09:00:00+05:30,125.22,13.48
2021-12-15 10:00:00+05:30,244.47,16.1
2021-12-15 11:00:00+05:30,305.47,18.52
2021-12-15 12:00:00+05:30,372.5,19.86
2021-12-15 13:00:00+05:30,328.23,20.89
2021-12-15 14:00:00+05:30,288.44,21.2
2021-12-15 15:00:00+05:30,208.14,21.53
2021-12-15 16:00:00+05:30,93.57,21.44
2021-12-15 17:00:00+05:30,29.86,21.05
2021-12-15 18:00:00+05:30,0.0,20.09
2021-12-15 19:00:00+05:30,0.0,18.28
2021-12-15 20:00:00+05:30,0.0,16.71
2021-12-15 21:00:00+05:30,0.0,15.63
2021-12-15 22:00:00+05:30,0.0,15.18
2021-12-15 23:00:00+05:30,0.0,14.63
2021-12-16 00:00:00+05:30,0.0,14.44
2021-12-16 01:00:00+05:30,0.0,13.55
2021-12-16 02:00:00+05:30,0.0,12.88
2021-12-16 03:00:00+05:30,0.0,12.28
2021-12-16 04:00:00+05:30,0.0,11.92
2021-12-16 05:00:00+05:30,0.0,11.57
2021-12-16 06:00:00+05:30,0.0,11.38
2021-12-16 07:00:00+05:30,0.0,11.63
2021-12-16 08:00:00+05:30,40.23,11.75
2021-12-16 09:00:00+05:30,116.03,13.34
2021-12-16 10:00:00+05:30,215.55,15.47
2021-12-16 11:00:00+05:30,280.05,17.67
2021-12-16 12:00:00+05:30,318.38,18.91
2021-12-16 13:00:00+05:30,313.04,19.3
2021-12-16 14:00:00+05:30,259.54,20.01
2021-12-16 15:00:00+05:30,181.52,20.81
2021-12-16 16:00:00+05:30,85.98,20.87
2021-12-16 17:00:00+05:30,26.28,20.69
2021-12-16 18:00:00+05:30,0.0,19.23
2021-12-16 19:00:00+05:30,0.0,17.09
2021-12-16 20:00:00+05:30,0.0,15.88
2021-12-16 21:00:00+05:30,0.0,15.11
2021-12-16 22:00:00+05:30,0.0,14.38
2021-12-16 23:00:00+05:30,0.0,13.55
2021-12-17 00:00:00+05:30,0.0,12.77
2021-12-17 01:00:00+05:30,0.0,12.15
2021-12-17 02:00:00+05:30,0.0,11.76
2021-12-17 03:00:00+05:30,0.0,11.34
2021-12-17 04:00:00+05:30,0.0,11.01
2021-12-17 05:00:00+05:30,0.0,10.69
2021-12-17 06:00:00+05:30,0.0,10.2
2021-12-17 07:00:00+05:30,0.0,9.86
2021-12-17 08:00:00+05:30,44.43,9.35
2021-12-17 09:00:00+05:30,135.04,10.91
2021-12-17 10:00:00+05:30,252.4,13.73
2021-12-17 11:00:00+05:30,343.1,15.82
2021-12-17 12:00:00+05:30,383.17,17.16
2021-12-17 13:00:00+05:30,375.84,18.21
2021-12-17 14:00:00+05:30,321.39,18.9
2021-12-17 15:00:00+05:30,222.25,19.21
2021-12-17 16:00:00+05:30,101.11,19.06
2021-12-17 17:00:00+05:30,29.43,18.37
2021-12-17 18:00:00+05:30,0.0,16.26
2021-12-17 19:00:00+05:30,0.0,13.87
2021-12-17 20:00:00+05:30,0.0,12.36
2021-12-17 21:00:00+05:30,0.0,11.22
2021-12-17 22:00:00+05:30,0.0,10.3
2021-12-17 23:00:00+05:30,0.0,9.51
2021-12-18 00:00:00+05:30,0.0,8.81
2021-12-18 01:00:00+05:30,0.0,8.32
2021-12-18 02:00:00+05:30,0.0,7.71
2021-12-18 03:00:00+05:30,0.0,7.13
2021-12-18 04:00:00+05:30,0.0,6.6
2021-12-18 05:00:00+05:30,0.0,6.13
2021-12-18 06:00:00+05:30,0.0,5.72
2021-12-18 07:00:00+05:30,0.0,5.39
2021-12-18 08:00:00+05:30,43.24,5.11
2021-12-18 09:00:00+05:30,133.83,7.64
2021-12-18 10:00:00+05:30,255.81,11.99
2021-12-18 11:00:00+05:30,345.79,14.6
2021-12-18 12:00:00+05:30,388.97,16.59
2021-12-18 13:00:00+05:30,380.87,17.8
2021-12-18 14:00:00+05:30,322.37,18.79
2021-12-18 15:00:00+05:30,221.57,19.28
2021-12-18 16:00:00+05:30,96.7,19.29
2021-12-18 17:00:00+05:30,29.76,18.66
2021-12-18 18:00:00+05:30,0.0,16.84
2021-12-18 19:00:00+05:30,0.0,14.22
2021-12-18 20:00:00+05:30,0.0,12.02
2021-12-18 21:00:00+05:30,0.0,10.57
2021-12-18 22:00:00+05:30,0.0,9.54
2021-12-18 23:00:00+05:30,0.0,8.65
2021-12-19 00:00:00+05:30,0.0,7.78
2021-12-19 01:00:00+05:30,0.0,6.58
2021-12-19 02:00:00+05:30,0.0,5.97
2021-12-19 03:00:00+05:30,0.0,5.52
2021-12-19 04:00:00+05:30,0.0,5.28
2021-12-19 05:00:00+05:30,0.0,5.12
2021-12-19 06:00:00+05:30,0.0,4.92
2021-12-19 07:00:00+05:30,0.0,4.67
2021-12-19 08:00:00+05:30,42.47,4.43
2021-12-19 09:00:00+05:30,132.01,6.96
2021-12-19 10:00:00+05:30,253.63,11.58
2021-12-19 11:00:00+05:30,343.24,14.63
2021-12-19 12:00:00+05:30,386.57,16.89
2021-12-19 13:00:00+05:30,378.77,18.13
2021-12-19 14:00:00+05:30,320.99,19.19
2021-12-19 15:00:00+05:30,221.02,19.81
2021-12-19 16:00:00+05:30,96.91,19.97
2021-12-19 17:00:00+05:30,29.76,19.58
2021-12-19 18:00:00+05:30,0.0,18.32
2021-12-19 19:00:00+05:30,0.0,15.52
2021-12-19 20:00:00+05:30,0.0,12.5
2021-12-19 21:00:00+05:30,0.0,10.64
2021-12-19 22:00:00+05:30,0.0,9.41
2021-12-19 23:00:00+05:30,0.0,8.49
2021-12-20 00:00:00+05:30,0.0,7.71
2021-12-20 01:00:00+05:30,0.0,6.85
2021-12-20 02:00:00+05:30,0.0,6.36
2021-12-20 03:00:00+05:30,0.0,5.99
2021-12-20 04:00:00+05:30,0.0,5.6
2021-12-20 05:00:00+05:30,0.0,5.23
2021-12-20 06:00:00+05:30,0.0,4.8
2021-12-20 07:00:00+05:30,0.0,4.35
2021-12-20 08:00:00+05:30,41.13,3.95
2021-12-20 09:00:00+05:30,128.81,7.35
2021-12-20 10:00:00+05:30,248.49,12.78
2021-12-20 11:00:00+05:30,337.0,16.32
2021-12-20 12:00:00+05:30,380.22,18.31
2021-12-20 13:00:00+05:30,373.01,19.45
2021-12-20 14:00:00+05:30,316.37,20.42
2021-12-20 15:00:00+05:30,218.19,20.93
2021-12-20 16:00:00+05:30,96.42,20.91
2021-12-20 17:00:00+05:30,29.48,20.38
2021-12-20 18:00:00+05:30,0.0,18.7
2021-12-20 19:00:00+05:30,0.0,16.1
2021-12-20 20:00:00+05:30,0.0,14.27
2021-12-20 21:00:00+05:30,0.0,12.75
2021-12-20 22:00:00+05:30,0.0,11.37
2021-12-20 23:00:00+05:30,0.0,10.45
2021-12-21 00:00:00+05:30,0.0,10.85
2021-12-21 01:00:00+05:30,0.0,10.18
2021-12-21 02:00:00+05:30,0.0,10.97
2021-12-21 03:00:00+05:30,0.0,10.79
2021-12-21 04:00:00+05:30,0.0,10.03
2021-12-21 05:00:00+05:30,0.0,9.0
2021-12-21 06:00:00+05:30,0.0,8.31
2021-12-21 07:00:00+05:30,0.0,7.75
2021-12-21 08:00:00+05:30,40.27,8.07
2021-12-21 09:00:00+05:30,125.98,10.58
2021-12-21 10:00:00+05:30,244.14,14.3
2021-12-21 11:00:00+05:30,332.28,17.29
2021-12-21 12:00:00+05:30,375.65,19.48
2021-12-21 13:00:00+05:30,369.01,20.86
2021-12-21 14:00:00+05:30,313.4,21.92
2021-12-21 15:00:00+05:30,216.75,22.51
2021-12-21 16:00:00+05:30,96.56,22.6
2021-12-21 17:00:00+05:30,29.81,22.15
2021-12-21 18:00:00+05:30,0.0,20.77
2021-12-21 19:00:00+05:30,0.0,17.75
2021-12-21 20:00:00+05:30,0.0,15.36
2021-12-21 21:00:00+05:30,0.0,13.8
2021-12-21 22:00:00+05:30,0.0,14.1
2021-12-21 23:00:00+05:30,0.0,13.5
2021-12-22 00:00:00+05:30,0.0,13.14
2021-12-22 01:00:00+05:30,0.0,12.64
2021-12-22 02:00:00+05:30,0.0,12.42
2021-12-22 03:00:00+05:30,0.0,11.76
2021-12-22 04:00:00+05:30,0.0,11.8
2021-12-22 05:00:00+05:30,0.0,11.16
2021-12-22 06:00:00+05:30,0.0,9.17
2021-12-22 07:00:00+05:30,0.0,8.17
2021-12-22 08:00:00+05:30,39.61,8.54
2021-12-22 09:00:00+05:30,124.0,11.61
2021-12-22 10:00:00+05:30,241.1,15.36
2021-12-22 11:00:00+05:30,328.62,18.22
2021-12-22 12:00:00+05:30,371.11,20.24
2021-12-22 13:00:00+05:30,365.16,21.6
2021-12-22 14:00:00+05:30,310.68,22.54
2021-12-22 15:00:00+05:30,215.4,23.02
2021-12-22 16:00:00+05:30,96.74,23.04
2021-12-22 17:00:00+05:30,30.0,22.55
2021-12-22 18:00:00+05:30,0.0,21.22
2021-12-22 19:00:00+05:30,0.0,18.57
2021-12-22 20:00:00+05:30,0.0,15.98
2021-12-22 21:00:00+05:30,0.0,14.21
2021-12-22 22:00:00+05:30,0.0,12.94
2021-12-22 23:00:00+05:30,0.0,11.99
2021-12-23 00:00:00+05:30,0.0,11.53
2021-12-23 01:00:00+05:30,0.0,10.71
2021-12-23 02:00:00+05:30,0.0,10.92
2021-12-23 03:00:00+05:30,0.0,11.72
2021-12-23 04:00:00+05:30,0.0,13.34
2021-12-23 05:00:00+05:30,0.0,13.28
2021-12-23 06:00:00+05:30,0.0,13.16
2021-12-23 07:00:00+05:30,0.0,12.6
2021-12-23 08:00:00+05:30,39.08,10.91
2021-12-23 09:00:00+05:30,121.56,12.41
2021-12-23 10:00:00+05:30,236.2,16.52
2021-12-23 11:00:00+05:30,322.47,19.44
2021-12-23 12:00:00+05:30,351.37,21.49
2021-12-23 13:00:00+05:30,351.16,22.32
2021-12-23 14:00:00+05:30,304.35,23.18
2021-12-23 15:00:00+05:30,211.54,23.64
2021-12-23 16:00:00+05:30,97.36,23.63
2021-12-23 17:00:00+05:30,30.34,23.04
2021-12-23 18:00:00+05:30,0.0,21.11
2021-12-23 19:00:00+05:30,0.0,18.71
2021-12-23 20:00:00+05:30,0.0,17.19
2021-12-23 21:00:00+05:30,0.0,16.14
2021-12-23 22:00:00+05:30,0.0,15.47
2021-12-23 23:00:00+05:30,0.0,14.92
2021-12-24 00:00:00+05:30,0.0,14.45
2021-12-24 01:00:00+05:30,0.0,13.76
2021-12-24 02:00:00+05:30,0.0,13.02
2021-12-24 03:00:00+05:30,0.0,12.39
2021-12-24 04:00:00+05:30,0.0,12.08
2021-12-24 05:00:00+05:30,0.0,11.7
2021-12-24 06:00:00+05:30,0.0,10.99
2021-12-24 07:00:00+05:30,0.0,10.47
2021-12-24 08:00:00+05:30,40.56,10.15
2021-12-24 09:00:00+05:30,120.6,12.41
2021-12-24 10:00:00+05:30,235.27,17.13
2021-12-24 11:00:00+05:30,322.05,19.7
2021-12-24 12:00:00+05:30,366.02,21.5
2021-12-24 13:00:00+05:30,361.53,22.44
2021-12-24 14:00:00+05:30,308.99,23.2
2021-12-24 15:00:00+05:30,216.02,23.56
2021-12-24 16:00:00+05:30,97.67,23.51
2021-12-24 17:00:00+05:30,31.48,23.06
2021-12-24 18:00:00+05:30,0.0,21.76
2021-12-24 19:00:00+05:30,0.0,19.41
2021-12-24 20:00:00+05:30,0.0,17.82
2021-12-24 21:00:00+05:30,0.0,16.7
2021-12-24 22:00:00+05:30,0.0,15.82
2021-12-24 23:00:00+05:30,0.0,14.87
2021-12-25 00:00:00+05:30,0.0,13.89
2021-12-25 01:00:00+05:30,0.0,13.16
2021-12-25 02:00:00+05:30,0.0,12.55
2021-12-25 03:00:00+05:30,0.0,12.11
2021-12-25 04:00:00+05:30,0.0,11.82
2021-12-25 05:00:00+05:30,0.0,11.66
2021-12-25 06:00:00+05:30,0.0,11.44
2021-12-25 07:00:00+05:30,0.0,11.33
2021-12-25 08:00:00+05:30,38.79,11.12
2021-12-25 09:00:00+05:30,119.99,13.4
2021-12-25 10:00:00+05:30,234.63,16.91
2021-12-25 11:00:00+05:30,315.39,19.44
2021-12-25 12:00:00+05:30,365.03,21.13
2021-12-25 13:00:00+05:30,360.73,21.93
2021-12-25 14:00:00+05:30,308.43,22.7
2021-12-25 15:00:00+05:30,214.59,23.03
2021-12-25 16:00:00+05:30,99.98,23.0
2021-12-25 17:00:00+05:30,32.15,22.55
2021-12-25 18:00:00+05:30,0.0,21.4
2021-12-25 19:00:00+05:30,0.0,19.19
2021-12-25 20:00:00+05:30,0.0,17.98
2021-12-25 21:00:00+05:30,0.0,16.89
2021-12-25 22:00:00+05:30,0.0,15.92
2021-12-25 23:00:00+05:30,0.0,15.21
2021-12-26 00:00:00+05:30,0.0,14.68
2021-12-26 01:00:00+05:30,0.0,14.14
2021-12-26 02:00:00+05:30,0.0,13.46
2021-12-26 03:00:00+05:30,0.0,12.91
2021-12-26 04:00:00+05:30,0.0,12.43
2021-12-26 05:00:00+05:30,0.0,12.06
2021-12-26 06:00:00+05:30,0.0,11.89
2021-12-26 07:00:00+05:30,0.0,11.47
2021-12-26 08:00:00+05:30,39.18,11.15
2021-12-26 09:00:00+05:30,119.23,13.26
2021-12-26 10:00:00+05:30,220.41,16.72
2021-12-26 11:00:00+05:30,304.48,18.81
2021-12-26 12:00:00+05:30,345.1,20.38
2021-12-26 13:00:00+05:30,341.01,21.73
2021-12-26 14:00:00+05:30,292.22,22.45
2021-12-26 15:00:00+05:30,175.58,22.95
2021-12-26 16:00:00+05:30,87.49,22.64
2021-12-26 17:00:00+05:30,24.51,22.19
2021-12-26 18:00:00+05:30,0.0,20.89
2021-12-26 19:00:00+05:30,0.0,19.04
2021-12-26 20:00:00+05:30,0.0,17.4
2021-12-26 21:00:00+05:30,0.0,16.96
2021-12-26 22:00:00+05:30,0.0,16.25
2021-12-26 23:00:00+05:30,0.0,15.7
2021-12-27 00:00:00+05:30,0.0,15.34
2021-12-27 01:00:00+05:30,0.0,14.69
2021-12-27 02:00:00+05:30,0.0,14.14
2021-12-27 03:00:00+05:30,0.0,13.79
2021-12-27 04:00:00+05:30,0.0,13.52
2021-12-27 05:00:00+05:30,0.0,13.37
2021-12-27 06:00:00+05:30,0.0,13.27
2021-12-27 07:00:00+05:30,0.0,12.88
2021-12-27 08:00:00+05:30,35.64,12.74
2021-12-27 09:00:00+05:30,112.72,13.56
2021-12-27 10:00:00+05:30,209.59,15.21
2021-12-27 11:00:00+05:30,311.32,17.05
2021-12-27 12:00:00+05:30,356.84,18.89
2021-12-27 13:00:00+05:30,326.72,19.77
2021-12-27 14:00:00+05:30,305.7,20.4
2021-12-27 15:00:00+05:30,192.1,20.85
2021-12-27 16:00:00+05:30,111.88,20.57
2021-12-27 17:00:00+05:30,34.54,20.19
2021-12-27 18:00:00+05:30,0.0,19.15
2021-12-27 19:00:00+05:30,0.0,17.45
2021-12-27 20:00:00+05:30,0.0,16.44
2021-12-27 21:00:00+05:30,0.0,16.02
2021-12-27 22:00:00+05:30,0.0,15.47
2021-12-27 23:00:00+05:30,0.0,15.16
2021-12-28 00:00:00+05:30,0.0,14.78
2021-12-28 01:00:00+05:30,0.0,14.52
2021-12-28 02:00:00+05:30,0.0,14.38
2021-12-28 03:00:00+05:30,0.0,14.29
2021-12-28 04:00:00+05:30,0.0,14.24
2021-12-28 05:00:00+05:30,0.0,14.02
2021-12-28 06:00:00+05:30,0.0,13.68
2021-12-28 07:00:00+05:30,0.0,13.03
2021-12-28 08:00:00+05:30,19.83,12.74
2021-12-28 09:00:00+05:30,60.37,12.88
2021-12-28 10:00:00+05:30,90.31,13.27
2021-12-28 11:00:00+05:30,126.15,13.72
2021-12-28 12:00:00+05:30,315.41,14.24
2021-12-28 13:00:00+05:30,312.94,17.46
2021-12-28 14:00:00+05:30,222.67,17.82
2021-12-28 15:00:00+05:30,157.21,17.64
2021-12-28 16:00:00+05:30,105.53,16.97
2021-12-28 17:00:00+05:30,30.58,16.76
2021-12-28 18:00:00+05:30,0.0,16.17
2021-12-28 19:00:00+05:30,0.0,15.25
2021-12-28 20:00:00+05:30,0.0,14.51
2021-12-28 21:00:00+05:30,0.0,13.68
2021-12-28 22:00:00+05:30,0.0,12.63
2021-12-28 23:00:00+05:30,0.0,11.8
2021-12-29 00:00:00+05:30,0.0,11.21
2021-12-29 01:00:00+05:30,0.0,10.71
2021-12-29 02:00:00+05:30,0.0,10.21
2021-12-29 03:00:00+05:30,0.0,9.86
2021-12-29 04:00:00+05:30,0.0,9.48
2021-12-29 05:00:00+05:30,0.0,9.18
2021-12-29 06:00:00+05:30,0.0,8.87
2021-12-29 07:00:00+05:30,0.0,8.57
2021-12-29 08:00:00+05:30,38.32,8.32
2021-12-29 09:00:00+05:30,120.37,9.95
2021-12-29 10:00:00+05:30,239.21,13.67
2021-12-29 11:00:00+05:30,328.88,16.48
2021-12-29 12:00:00+05:30,377.63,17.98
2021-12-29 13:00:00+05:30,373.97,19.01
2021-12-29 14:00:00+05:30,322.53,19.74
2021-12-29 15:00:00+05:30,228.27,20.06
2021-12-29 16:00:00+05:30,107.62,19.98
2021-12-29 17:00:00+05:30,34.45,19.53
2021-12-29 18:00:00+05:30,0.0,18.11
2021-12-29 19:00:00+05:30,0.0,15.78
2021-12-29 20:00:00+05:30,0.0,13.68
2021-12-29 21:00:00+05:30,0.0,12.36
2021-12-29 22:00:00+05:30,0.0,11.33
2021-12-29 23:00:00+05:30,0.0,10.49
2021-12-30 00:00:00+05:30,0.0,9.88
2021-12-30 01:00:00+05:30,0.0,9.26
2021-12-30 02:00:00+05:30,0.0,8.66
2021-12-30 03:00:00+05:30,0.0,8.04
2021-12-30 04:00:00+05:30,0.0,7.53
2021-12-30 05:00:00+05:30,0.0,7.16
2021-12-30 06:00:00+05:30,0.0,6.8
2021-12-30 07:00:00+05:30,0.0,6.57
2021-12-30 08:00:00+05:30,38.7,6.57
2021-12-30 09:00:00+05:30,137.53,8.67
2021-12-30 10:00:00+05:30,247.41,13.56
2021-12-30 11:00:00+05:30,337.93,16.21
2021-12-30 12:00:00+05:30,382.76,17.71
2021-12-30 13:00:00+05:30,380.83,18.17
2021-12-30 14:00:00+05:30,328.46,18.66
2021-12-30 15:00:00+05:30,233.79,18.83
2021-12-30 16:00:00+05:30,114.81,18.7
2021-12-30 17:00:00+05:30,36.02,18.12
2021-12-30 18:00:00+05:30,0.0,16.27
2021-12-30 19:00:00+05:30,0.0,13.95
2021-12-30 20:00:00+05:30,0.0,12.42
2021-12-30 21:00:00+05:30,0.0,11.35
2021-12-30 22:00:00+05:30,0.0,10.52
2021-12-30 23:00:00+05:30,0.0,9.83
2021-12-31 00:00:00+05:30,0.0,9.16
2021-12-31 01:00:00+05:30,0.0,8.52
2021-12-31 02:00:00+05:30,0.0,7.93
2021-12-31 03:00:00+05:30,0.0,7.43
2021-12-31 04:00:00+05:30,0.0,7.13
2021-12-31 05:00:00+05:30,0.0,6.85
2021-12-31 06:00:00+05:30,0.0,6.84
2021-12-31 07:00:00+05:30,0.0,6.75
2021-12-31 08:00:00+05:30,56.42,6.58
2021-12-31 09:00:00+05:30,139.9,8.21
2021-12-31 10:00:00+05:30,232.7,12.16
2021-12-31 11:00:00+05:30,308.78,15.02
2021-12-31 12:00:00+05:30,378.63,16.33
2021-12-31 13:00:00+05:30,358.91,16.94
2021-12-31 14:00:00+05:30,299.1,17.48
2021-12-31 15:00:00+05:30,223.13,17.81
2021-12-31 16:00:00+05:30,95.6,17.76
2021-12-31 17:00:00+05:30,40.37,17.17
2021-12-31 18:00:00+05:30,0.0,16.09
2021-12-31 19:00:00+05:30,0.0,14.71
2021-12-31 20:00:00+05:30,0.0,13.73
2021-12-31 21:00:00+05:30,0.0,12.75
2021-12-31 22:00:00+05:30,0.0,11.69
2021-12-31 23:00:00+05:30,0.0,11.41
2022-01-01 00:00:00+05:30,0.0,10.98
2022-01-01 01:00:00+05:30,0.0,9.19
2022-01-01 02:00:00+05:30,0.0,7.93
2022-01-01 03:00:00+05:30,0.0,6.92
2022-01-01 04:00:00+05:30,0.0,6.39
2022-01-01 05:00:00+05:30,0.0,5.85
2022-01-01 06:00:00+05:30,0.0,5.45
2022-01-01 07:00:00+05:30,0.0,5.15
2022-01-01 08:00:00+05:30,39.46,4.96
2022-01-01 09:00:00+05:30,123.2,8.5
2022-01-01 10:00:00+05:30,241.79,13.41
2022-01-01 11:00:00+05:30,333.21,15.92
2022-01-01 12:00:00+05:30,379.95,17.38
2022-01-01 13:00:00+05:30,374.24,17.74
2022-01-01 14:00:00+05:30,326.4,18.53
2022-01-01 15:00:00+05:30,232.72,19.03
2022-01-01 16:00:00+05:30,112.72,19.14
2022-01-01 17:00:00+05:30,35.78,18.8
2022-01-01 18:00:00+05:30,0.0,17.75
2022-01-01 19:00:00+05:30,0.0,15.71
2022-01-01 20:00:00+05:30,0.0,13.88
2022-01-01 21:00:00+05:30,0.0,12.44
2022-01-01 22:00:00+05:30,0.0,11.09
2022-01-01 23:00:00+05:30,0.0,9.93
2022-01-02 00:00:00+05:30,0.0,9.09
2022-01-02 01:00:00+05:30,0.0,8.44
2022-01-02 02:00:00+05:30,0.0,7.94
2022-01-02 03:00:00+05:30,0.0,7.45
2022-01-02 04:00:00+05:30,0.0,7.11
2022-01-02 05:00:00+05:30,0.0,6.86
2022-01-02 06:00:00+05:30,0.0,6.66
2022-01-02 07:00:00+05:30,0.0,6.54
2022-01-02 08:00:00+05:30,48.25,6.44
2022-01-02 09:00:00+05:30,134.1,8.92
2022-01-02 10:00:00+05:30,243.41,13.14
2022-01-02 11:00:00+05:30,330.22,16.16
2022-01-02 12:00:00+05:30,379.4,17.59
2022-01-02 13:00:00+05:30,377.78,18.54
2022-01-02 14:00:00+05:30,326.94,19.39
2022-01-02 15:00:00+05:30,235.5,19.9
2022-01-02 16:00:00+05:30,114.06,19.99
2022-01-02 17:00:00+05:30,36.12,19.55
2022-01-02 18:00:00+05:30,0.0,18.24
2022-01-02 19:00:00+05:30,0.0,16.43
2022-01-02 20:00:00+05:30,0.0,14.29
2022-01-02 21:00:00+05:30,0.0,12.54
2022-01-02 22:00:00+05:30,0.0,11.32
2022-01-02 23:00:00+05:30,0.0,10.4
2022-01-03 00:00:00+05:30,0.0,9.68
2022-01-03 01:00:00+05:30,0.0,9.05
2022-01-03 02:00:00+05:30,0.0,8.54
2022-01-03 03:00:00+05:30,0.0,7.97
2022-01-03 04:00:00+05:30,0.0,7.59
2022-01-03 05:00:00+05:30,0.0,7.33
2022-01-03 06:00:00+05:30,0.0,7.28
2022-01-03 07:00:00+05:30,0.0,7.05
2022-01-03 08:00:00+05:30,36.31,6.67
2022-01-03 09:00:00+05:30,119.79,10.3
2022-01-03 10:00:00+05:30,239.57,14.19
2022-01-03 11:00:00+05:30,331.34,16.68
2022-01-03 12:00:00+05:30,379.34,18.31
2022-01-03 13:00:00+05:30,378.22,19.54
2022-01-03 14:00:00+05:30,327.73,20.54
2022-01-03 15:00:00+05:30,234.82,21.11
2022-01-03 16:00:00+05:30,115.58,21.22
2022-01-03 17:00:00+05:30,36.45,20.89
2022-01-03 18:00:00+05:30,0.0,19.72
2022-01-03 19:00:00+05:30,0.0,17.44
2022-01-03 20:00:00+05:30,0.0,15.64
2022-01-03 21:00:00+05:30,0.0,14.41
2022-01-03 22:00:00+05:30,0.0,13.28
2022-01-03 23:00:00+05:30,0.0,12.0
2022-01-04 00:00:00+05:30,0.0,11.55
2022-01-04 01:00:00+05:30,0.0,12.23
2022-01-04 02:00:00+05:30,0.0,12.73
2022-01-04 03:00:00+05:30,0.0,12.73
2022-01-04 04:00:00+05:30,0.0,12.6
2022-01-04 05:00:00+05:30,0.0,12.36
2022-01-04 06:00:00+05:30,0.0,12.12
2022-01-04 07:00:00+05:30,0.0,11.9
2022-01-04 08:00:00+05:30,35.64,11.73
2022-01-04 09:00:00+05:30,118.65,12.35
2022-01-04 10:00:00+05:30,236.42,15.66
2022-01-04 11:00:00+05:30,326.67,18.28
2022-01-04 12:00:00+05:30,375.12,20.09
2022-01-04 13:00:00+05:30,374.13,21.0
2022-01-04 14:00:00+05:30,323.65,22.04
2022-01-04 15:00:00+05:30,232.77,22.59
2022-01-04 16:00:00+05:30,122.96,22.74
2022-01-04 17:00:00+05:30,39.56,22.36
2022-01-04 18:00:00+05:30,0.0,20.93
2022-01-04 19:00:00+05:30,0.0,18.65
2022-01-04 20:00:00+05:30,0.0,17.51
2022-01-04 21:00:00+05:30,0.0,16.77
2022-01-04 22:00:00+05:30,0.0,15.88
2022-01-04 23:00:00+05:30,0.0,14.86
2022-01-05 00:00:00+05:30,0.0,14.22
2022-01-05 01:00:00+05:30,0.0,13.9
2022-01-05 02:00:00+05:30,0.0,13.71
2022-01-05 03:00:00+05:30,0.0,13.69
2022-01-05 04:00:00+05:30,0.0,13.73
2022-01-05 05:00:00+05:30,0.0,13.9
2022-01-05 06:00:00+05:30,0.0,13.93
2022-01-05 07:00:00+05:30,0.0,13.42
2022-01-05 08:00:00+05:30,21.07,13.56
2022-01-05 09:00:00+05:30,71.27,13.74
2022-01-05 10:00:00+05:30,149.69,14.33
2022-01-05 11:00:00+05:30,200.82,15.55
2022-01-05 12:00:00+05:30,178.52,17.2
2022-01-05 13:00:00+05:30,194.93,16.64
2022-01-05 14:00:00+05:30,157.09,16.76
2022-01-05 15:00:00+05:30,111.02,16.33
2022-01-05 16:00:00+05:30,43.58,15.94
2022-01-05 17:00:00+05:30,15.57,15.43
2022-01-05 18:00:00+05:30,0.0,14.98
2022-01-05 19:00:00+05:30,0.0,14.52
2022-01-05 20:00:00+05:30,0.0,14.18
2022-01-05 21:00:00+05:30,0.0,14.09
2022-01-05 22:00:00+05:30,0.0,14.05
2022-01-05 23:00:00+05:30,0.0,14.15
2022-01-06 00:00:00+05:30,0.0,14.22
2022-01-06 01:00:00+05:30,0.0,14.06
2022-01-06 02:00:00+05:30,0.0,14.16
2022-01-06 03:00:00+05:30,0.0,14.18
2022-01-06 04:00:00+05:30,0.0,13.82
2022-01-06 05:00:00+05:30,0.0,13.57
2022-01-06 06:00:00+05:30,0.0,13.36
2022-01-06 07:00:00+05:30,0.0,13.19
2022-01-06 08:00:00+05:30,30.82,13.28
2022-01-06 09:00:00+05:30,100.89,13.96
2022-01-06 10:00:00+05:30,170.46,15.02
2022-01-06 11:00:00+05:30,206.77,16.19
2022-01-06 12:00:00+05:30,189.69,17.11
2022-01-06 13:00:00+05:30,190.52,16.92
2022-01-06 14:00:00+05:30,195.08,17.12
2022-01-06 15:00:00+05:30,146.16,16.93
2022-01-06 16:00:00+05:30,93.8,16.97
2022-01-06 17:00:00+05:30,30.15,17.17
2022-01-06 18:00:00+05:30,0.0,16.76
2022-01-06 19:00:00+05:30,0.0,15.85
2022-01-06 20:00:00+05:30,0.0,15.45
2022-01-06 21:00:00+05:30,0.0,14.88
2022-01-06 22:00:00+05:30,0.0,14.6
2022-01-06 23:00:00+05:30,0.0,14.41
2022-01-07 00:00:00+05:30,0.0,14.19
2022-01-07 01:00:00+05:30,0.0,14.01
2022-01-07 02:00:00+05:30,0.0,13.5
2022-01-07 03:00:00+05:30,0.0,13.33
2022-01-07 04:00:00+05:30,0.0,13.5
2022-01-07 05:00:00+05:30,0.0,13.51
2022-01-07 06:00:00+05:30,0.0,13.4
2022-01-07 07:00:00+05:30,0.0,13.51
2022-01-07 08:00:00+05:30,37.98,13.19
2022-01-07 09:00:00+05:30,117.33,13.85
2022-01-07 10:00:00+05:30,221.0,14.95
2022-01-07 11:00:00+05:30,283.54,16.4
2022-01-07 12:00:00+05:30,313.82,17.79
2022-01-07 13:00:00+05:30,286.48,18.39
2022-01-07 14:00:00+05:30,267.64,19.0
2022-01-07 15:00:00+05:30,190.3,19.27
2022-01-07 16:00:00+05:30,105.1,19.3
2022-01-07 17:00:00+05:30,38.75,18.92
2022-01-07 18:00:00+05:30,0.0,17.81
2022-01-07 19:00:00+05:30,0.0,16.42
2022-01-07 20:00:00+05:30,0.0,15.79
2022-01-07 21:00:00+05:30,0.0,15.4
2022-01-07 22:00:00+05:30,0.0,15.52
2022-01-07 23:00:00+05:30,0.0,15.52
2022-01-08 00:00:00+05:30,0.0,15.47
2022-01-08 01:00:00+05:30,0.0,15.4
2022-01-08 02:00:00+05:30,0.0,15.38
2022-01-08 03:00:00+05:30,0.0,15.34
2022-01-08 04:00:00+05:30,0.0,15.25
2022-01-08 05:00:00+05:30,0.0,15.29
2022-01-08 06:00:00+05:30,0.0,15.24
2022-01-08 07:00:00+05:30,0.0,15.2
2022-01-08 08:00:00+05:30,9.13,15.16
2022-01-08 09:00:00+05:30,34.74,15.21
2022-01-08 10:00:00+05:30,87.05,15.47
2022-01-08 11:00:00+05:30,182.98,16.09
2022-01-08 12:00:00+05:30,220.46,17.28
2022-01-08 13:00:00+05:30,249.3,17.65
2022-01-08 14:00:00+05:30,254.78,18.62
2022-01-08 15:00:00+05:30,176.54,19.54
2022-01-08 16:00:00+05:30,117.06,19.41
2022-01-08 17:00:00+05:30,36.36,17.97
2022-01-08 18:00:00+05:30,0.0,16.72
2022-01-08 19:00:00+05:30,0.0,15.84
2022-01-08 20:00:00+05:30,0.0,15.13
2022-01-08 21:00:00+05:30,0.0,14.4
2022-01-08 22:00:00+05:30,0.0,13.89
2022-01-08 23:00:00+05:30,0.0,13.38
2022-01-09 00:00:00+05:30,0.0,12.97
2022-01-09 01:00:00+05:30,0.0,13.16
2022-01-09 02:00:00+05:30,0.0,12.84
2022-01-09 03:00:00+05:30,0.0,12.67
2022-01-09 04:00:00+05:30,0.0,12.5
2022-01-09 05:00:00+05:30,0.0,11.98
2022-01-09 06:00:00+05:30,0.0,11.97
2022-01-09 07:00:00+05:30,0.0,11.66
2022-01-09 08:00:00+05:30,31.05,11.12
2022-01-09 09:00:00+05:30,108.19,11.35
2022-01-09 10:00:00+05:30,220.18,12.51
2022-01-09 11:00:00+05:30,308.09,14.13
2022-01-09 12:00:00+05:30,333.48,15.49
2022-01-09 13:00:00+05:30,374.91,16.48
2022-01-09 14:00:00+05:30,321.09,17.26
2022-01-09 15:00:00+05:30,230.92,17.56
2022-01-09 16:00:00+05:30,128.63,17.43
2022-01-09 17:00:00+05:30,46.29,16.87
2022-01-09 18:00:00+05:30,0.0,15.46
2022-01-09 19:00:00+05:30,0.0,13.55
2022-01-09 20:00:00+05:30,0.0,12.48
2022-01-09 21:00:00+05:30,0.0,11.52
2022-01-09 22:00:00+05:30,0.0,10.7
2022-01-09 23:00:00+05:30,0.0,10.02
2022-01-10 00:00:00+05:30,0.0,9.49
2022-01-10 01:00:00+05:30,0.0,9.02
2022-01-10 02:00:00+05:30,0.0,8.45
2022-01-10 03:00:00+05:30,0.0,8.06
2022-01-10 04:00:00+05:30,0.0,7.8
2022-01-10 05:00:00+05:30,0.0,7.64
2022-01-10 06:00:00+05:30,0.0,7.41
2022-01-10 07:00:00+05:30,0.0,7.11
2022-01-10 08:00:00+05:30,37.55,6.83
2022-01-10 09:00:00+05:30,129.12,8.54
2022-01-10 10:00:00+05:30,240.64,11.6
2022-01-10 11:00:00+05:30,348.25,12.74
2022-01-10 12:00:00+05:30,396.06,13.77
2022-01-10 13:00:00+05:30,404.05,15.15
2022-01-10 14:00:00+05:30,354.71,15.8
2022-01-10 15:00:00+05:30,257.81,16.26
2022-01-10 16:00:00+05:30,137.53,16.33
2022-01-10 17:00:00+05:30,43.81,16.08
2022-01-10 18:00:00+05:30,0.0,15.16
2022-01-10 19:00:00+05:30,0.0,13.39
2022-01-10 20:00:00+05:30,0.0,11.73
2022-01-10 21:00:00+05:30,0.0,10.52
2022-01-10 22:00:00+05:30,0.0,9.78
2022-01-10 23:00:00+05:30,0.0,9.61
2022-01-11 00:00:00+05:30,0.0,9.07
2022-01-11 01:00:00+05:30,0.0,9.12
2022-01-11 02:00:00+05:30,0.0,8.84
2022-01-11 03:00:00+05:30,0.0,8.62
2022-01-11 04:00:00+05:30,0.0,8.27
2022-01-11 05:00:00+05:30,0.0,8.23
2022-01-11 06:00:00+05:30,0.0,8.27
2022-01-11 07:00:00+05:30,0.0,8.02
2022-01-11 08:00:00+05:30,36.36,7.73
2022-01-11 09:00:00+05:30,111.76,8.89
2022-01-11 10:00:00+05:30,231.16,12.19
2022-01-11 11:00:00+05:30,304.37,13.81
2022-01-11 12:00:00+05:30,383.34,14.4
2022-01-11 13:00:00+05:30,396.26,15.2
2022-01-11 14:00:00+05:30,348.99,15.81
2022-01-11 15:00:00+05:30,261.36,16.12
2022-01-11 16:00:00+05:30,140.14,16.14
2022-01-11 17:00:00+05:30,45.0,15.75
2022-01-11 18:00:00+05:30,0.0,14.58
2022-01-11 19:00:00+05:30,0.0,12.72
2022-01-11 20:00:00+05:30,0.0,11.23
2022-01-11 21:00:00+05:30,0.0,10.55
2022-01-11 22:00:00+05:30,0.0,10.42
2022-01-11 23:00:00+05:30,0.0,10.17
2022-01-12 00:00:00+05:30,0.0,9.67
2022-01-12 01:00:00+05:30,0.0,9.41
2022-01-12 02:00:00+05:30,0.0,8.69
2022-01-12 03:00:00+05:30,0.0,8.2
2022-01-12 04:00:00+05:30,0.0,7.75
2022-01-12 05:00:00+05:30,0.0,7.02
2022-01-12 06:00:00+05:30,0.0,6.4
2022-01-12 07:00:00+05:30,0.0,6.38
2022-01-12 08:00:00+05:30,34.3,6.35
2022-01-12 09:00:00+05:30,125.4,8.18
2022-01-12 10:00:00+05:30,224.84,10.85
2022-01-12 11:00:00+05:30,318.34,12.61
2022-01-12 12:00:00+05:30,389.85,13.31
2022-01-12 13:00:00+05:30,408.59,14.06
2022-01-12 14:00:00+05:30,358.22,14.79
2022-01-12 15:00:00+05:30,266.87,15.2
2022-01-12 16:00:00+05:30,143.06,15.37
2022-01-12 17:00:00+05:30,45.05,15.25
2022-01-12 18:00:00+05:30,0.0,14.58
2022-01-12 19:00:00+05:30,0.0,12.8
2022-01-12 20:00:00+05:30,0.0,10.81
2022-01-12 21:00:00+05:30,0.0,10.62
2022-01-12 22:00:00+05:30,0.0,10.5
2022-01-12 23:00:00+05:30,0.0,9.89
2022-01-13 00:00:00+05:30,0.0,9.62
2022-01-13 01:00:00+05:30,0.0,6.94
2022-01-13 02:00:00+05:30,0.0,6.38
2022-01-13 03:00:00+05:30,0.0,6.22
2022-01-13 04:00:00+05:30,0.0,5.81
2022-01-13 05:00:00+05:30,0.0,5.35
2022-01-13 06:00:00+05:30,0.0,5.42
2022-01-13 07:00:00+05:30,0.0,5.58
2022-01-13 08:00:00+05:30,36.5,5.82
2022-01-13 09:00:00+05:30,118.25,7.83
2022-01-13 10:00:00+05:30,241.81,11.69
2022-01-13 11:00:00+05:30,334.58,13.59
2022-01-13 12:00:00+05:30,401.37,14.53
2022-01-13 13:00:00+05:30,407.96,15.02
2022-01-13 14:00:00+05:30,357.61,15.56
2022-01-13 15:00:00+05:30,270.28,15.88
2022-01-13 16:00:00+05:30,144.61,16.01
2022-01-13 17:00:00+05:30,49.83,15.7
2022-01-13 18:00:00+05:30,0.0,14.75
2022-01-13 19:00:00+05:30,0.0,13.25
2022-01-13 20:00:00+05:30,0.0,11.57
2022-01-13 21:00:00+05:30,0.0,10.55
2022-01-13 22:00:00+05:30,0.0,10.11
2022-01-13 23:00:00+05:30,0.0,9.69
2022-01-14 00:00:00+05:30,0.0,9.18
2022-01-14 01:00:00+05:30,0.0,9.12
2022-01-14 02:00:00+05:30,0.0,9.03
2022-01-14 03:00:00+05:30,0.0,8.47
2022-01-14 04:00:00+05:30,0.0,8.3
2022-01-14 05:00:00+05:30,0.0,8.17
2022-01-14 06:00:00+05:30,0.0,7.87
2022-01-14 07:00:00+05:30,0.0,7.39
2022-01-14 08:00:00+05:30,33.35,7.42
2022-01-14 09:00:00+05:30,113.49,9.22
2022-01-14 10:00:00+05:30,230.26,12.06
2022-01-14 11:00:00+05:30,311.45,13.61
2022-01-14 12:00:00+05:30,385.75,14.45
2022-01-14 13:00:00+05:30,409.1,15.19
2022-01-14 14:00:00+05:30,351.7,15.81
2022-01-14 15:00:00+05:30,272.59,16.17
2022-01-14 16:00:00+05:30,148.74,16.37
2022-01-14 17:00:00+05:30,50.55,16.18
2022-01-14 18:00:00+05:30,0.0,15.16
2022-01-14 19:00:00+05:30,0.0,13.38
2022-01-14 20:00:00+05:30,0.0,12.04
2022-01-14 21:00:00+05:30,0.0,11.17
2022-01-14 22:00:00+05:30,0.0,10.41
2022-01-14 23:00:00+05:30,0.0,9.44
2022-01-15 00:00:00+05:30,0.0,8.46
2022-01-15 01:00:00+05:30,0.0,8.31
2022-01-15 02:00:00+05:30,0.0,8.08
2022-01-15 03:00:00+05:30,0.0,7.35
2022-01-15 04:00:00+05:30,0.0,7.31
2022-01-15 05:00:00+05:30,0.0,7.06
2022-01-15 06:00:00+05:30,0.0,6.78
2022-01-15 07:00:00+05:30,0.0,6.68
2022-01-15 08:00:00+05:30,34.3,6.26
2022-01-15 09:00:00+05:30,134.25,8.17
2022-01-15 10:00:00+05:30,257.79,12.58
2022-01-15 11:00:00+05:30,360.51,13.94
2022-01-15 12:00:00+05:30,402.12,14.86
2022-01-15 13:00:00+05:30,409.84,14.81
2022-01-15 14:00:00+05:30,364.29,15.44
2022-01-15 15:00:00+05:30,276.28,15.74
2022-01-15 16:00:00+05:30,154.08,15.75
2022-01-15 17:00:00+05:30,50.64,15.52
2022-01-15 18:00:00+05:30,0.0,14.72
2022-01-15 19:00:00+05:30,0.0,12.96
2022-01-15 20:00:00+05:30,0.0,11.3
2022-01-15 21:00:00+05:30,0.0,10.12
2022-01-15 22:00:00+05:30,0.0,9.1
2022-01-15 23:00:00+05:30,0.0,8.27
2022-01-16 00:00:00+05:30,0.0,7.45
2022-01-16 01:00:00+05:30,0.0,6.77
2022-01-16 02:00:00+05:30,0.0,6.15
2022-01-16 03:00:00+05:30,0.0,5.43
2022-01-16 04:00:00+05:30,0.0,5.19
2022-01-16 05:00:00+05:30,0.0,5.28
2022-01-16 06:00:00+05:30,0.0,5.59
2022-01-16 07:00:00+05:30,0.0,5.33
2022-01-16 08:00:00+05:30,36.74,4.22
2022-01-16 09:00:00+05:30,136.87,6.56
2022-01-16 10:00:00+05:30,266.36,10.32
2022-01-16 11:00:00+05:30,365.79,12.33
2022-01-16 12:00:00+05:30,421.26,13.91
2022-01-16 13:00:00+05:30,424.85,13.95
2022-01-16 14:00:00+05:30,376.72,15.11
2022-01-16 15:00:00+05:30,281.95,15.85
2022-01-16 16:00:00+05:30,155.16,16.23
2022-01-16 17:00:00+05:30,45.34,16.11
2022-01-16 18:00:00+05:30,0.0,15.0
2022-01-16 19:00:00+05:30,0.0,12.93
2022-01-16 20:00:00+05:30,0.0,11.2
2022-01-16 21:00:00+05:30,0.0,10.06
2022-01-16 22:00:00+05:30,0.0,9.08
2022-01-16 23:00:00+05:30,0.0,8.15
2022-01-17 00:00:00+05:30,0.0,7.33
2022-01-17 01:00:00+05:30,0.0,6.33
2022-01-17 02:00:00+05:30,0.0,5.89
2022-01-17 03:00:00+05:30,0.0,5.55
2022-01-17 04:00:00+05:30,0.0,5.38
2022-01-17 05:00:00+05:30,0.0,5.39
2022-01-17 06:00:00+05:30,0.0,5.35
2022-01-17 07:00:00+05:30,0.0,5.14
2022-01-17 08:00:00+05:30,38.55,4.76
2022-01-17 09:00:00+05:30,132.06,6.56
2022-01-17 10:00:00+05:30,257.19,10.33
2022-01-17 11:00:00+05:30,358.9,12.92
2022-01-17 12:00:00+05:30,412.71,14.53
2022-01-17 13:00:00+05:30,420.62,15.33
2022-01-17 14:00:00+05:30,368.62,16.44
2022-01-17 15:00:00+05:30,266.55,17.12
2022-01-17 16:00:00+05:30,153.01,17.19
2022-01-17 17:00:00+05:30,53.13,17.13
2022-01-17 18:00:00+05:30,0.0,16.33
2022-01-17 19:00:00+05:30,0.0,14.3
2022-01-17 20:00:00+05:30,0.0,12.37
2022-01-17 21:00:00+05:30,0.0,11.08
2022-01-17 22:00:00+05:30,0.0,10.1
2022-01-17 23:00:00+05:30,0.0,9.3
2022-01-18 00:00:00+05:30,0.0,8.66
2022-01-18 01:00:00+05:30,0.0,7.97
2022-01-18 02:00:00+05:30,0.0,7.42
2022-01-18 03:00:00+05:30,0.0,6.82
2022-01-18 04:00:00+05:30,0.0,6.32
2022-01-18 05:00:00+05:30,0.0,5.92
2022-01-18 06:00:00+05:30,0.0,5.39
2022-01-18 07:00:00+05:30,0.0,5.01
2022-01-18 08:00:00+05:30,54.27,4.97
2022-01-18 09:00:00+05:30,154.95,6.99
2022-01-18 10:00:00+05:30,274.09,9.21
2022-01-18 11:00:00+05:30,352.29,12.11
2022-01-18 12:00:00+05:30,417.65,14.44
2022-01-18 13:00:00+05:30,426.24,15.33
2022-01-18 14:00:00+05:30,376.88,16.79
2022-01-18 15:00:00+05:30,283.59,17.74
2022-01-18 16:00:00+05:30,159.0,18.24
2022-01-18 17:00:00+05:30,32.65,18.14
2022-01-18 18:00:00+05:30,0.0,17.3
2022-01-18 19:00:00+05:30,0.0,15.41
2022-01-18 20:00:00+05:30,0.0,13.25
2022-01-18 21:00:00+05:30,0.0,11.48
2022-01-18 22:00:00+05:30,0.0,10.14
2022-01-18 23:00:00+05:30,0.0,9.14
2022-01-19 00:00:00+05:30,0.0,8.39
2022-01-19 01:00:00+05:30,0.0,7.89
2022-01-19 02:00:00+05:30,0.0,7.27
2022-01-19 03:00:00+05:30,0.0,6.88
2022-01-19 04:00:00+05:30,0.0,6.59
2022-01-19 05:00:00+05:30,0.0,6.4
2022-01-19 06:00:00+05:30,0.0,6.09
2022-01-19 07:00:00+05:30,0.0,6.07
2022-01-19 08:00:00+05:30,41.23,6.31
2022-01-19 09:00:00+05:30,136.99,9.25
2022-01-19 10:00:00+05:30,261.07,12.6
2022-01-19 11:00:00+05:30,359.38,14.93
2022-01-19 12:00:00+05:30,411.44,16.76
2022-01-19 13:00:00+05:30,416.32,17.72
2022-01-19 14:00:00+05:30,372.75,18.81
2022-01-19 15:00:00+05:30,282.74,19.49
2022-01-19 16:00:00+05:30,157.53,19.72
2022-01-19 17:00:00+05:30,37.39,19.47
2022-01-19 18:00:00+05:30,0.0,18.41
2022-01-19 19:00:00+05:30,0.0,16.47
2022-01-19 20:00:00+05:30,0.0,14.77
2022-01-19 21:00:00+05:30,0.0,13.73
2022-01-19 22:00:00+05:30,0.0,13.03
2022-01-19 23:00:00+05:30,0.0,12.54
2022-01-20 00:00:00+05:30,0.0,11.84
2022-01-20 01:00:00+05:30,0.0,10.97
2022-01-20 02:00:00+05:30,0.0,10.29
2022-01-20 03:00:00+05:30,0.0,9.69
2022-01-20 04:00:00+05:30,0.0,9.28
2022-01-20 05:00:00+05:30,0.0,8.86
2022-01-20 06:00:00+05:30,0.0,8.52
2022-01-20 07:00:00+05:30,0.0,8.24
2022-01-20 08:00:00+05:30,36.31,8.11
2022-01-20 09:00:00+05:30,137.25,9.98
2022-01-20 10:00:00+05:30,254.19,13.61
2022-01-20 11:00:00+05:30,341.57,15.77
2022-01-20 12:00:00+05:30,371.88,17.41
2022-01-20 13:00:00+05:30,385.67,18.46
2022-01-20 14:00:00+05:30,350.42,19.33
2022-01-20 15:00:00+05:30,266.32,19.88
2022-01-20 16:00:00+05:30,159.92,19.99
2022-01-20 17:00:00+05:30,39.21,19.73
2022-01-20 18:00:00+05:30,0.0,18.93
2022-01-20 19:00:00+05:30,0.0,17.06
2022-01-20 20:00:00+05:30,0.0,15.43
2022-01-20 21:00:00+05:30,0.0,14.27
2022-01-20 22:00:00+05:30,0.0,13.23
2022-01-20 23:00:00+05:30,0.0,12.36
2022-01-21 00:00:00+05:30,0.0,11.68
2022-01-21 01:00:00+05:30,0.0,11.2
2022-01-21 02:00:00+05:30,0.0,10.78
2022-01-21 03:00:00+05:30,0.0,10.38
2022-01-21 04:00:00+05:30,0.0,10.08
2022-01-21 05:00:00+05:30,0.0,9.84
2022-01-21 06:00:00+05:30,0.0,9.53
2022-01-21 07:00:00+05:30,0.0,9.29
2022-01-21 08:00:00+05:30,37.6,8.91
2022-01-21 09:00:00+05:30,142.17,10.36
2022-01-21 10:00:00+05:30,269.43,13.36
2022-01-21 11:00:00+05:30,369.25,15.72
2022-01-21 12:00:00+05:30,418.33,17.55
2022-01-21 13:00:00+05:30,415.17,17.93
2022-01-21 14:00:00+05:30,362.2,18.79
2022-01-21 15:00:00+05:30,278.89,19.32
2022-01-21 16:00:00+05:30,154.52,19.4
2022-01-21 17:00:00+05:30,50.02,19.05
2022-01-21 18:00:00+05:30,0.0,17.97
2022-01-21 19:00:00+05:30,0.0,16.44
2022-01-21 20:00:00+05:30,0.0,15.31
2022-01-21 21:00:00+05:30,0.0,14.47
2022-01-21 22:00:00+05:30,0.0,14.15
2022-01-21 23:00:00+05:30,0.0,13.96
2022-01-22 00:00:00+05:30,0.0,13.81
2022-01-22 01:00:00+05:30,0.0,13.09
2022-01-22 02:00:00+05:30,0.0,13.0
2022-01-22 03:00:00+05:30,0.0,12.68
2022-01-22 04:00:00+05:30,0.0,12.69
2022-01-22 05:00:00+05:30,0.0,12.94
2022-01-22 06:00:00+05:30,0.0,12.77
2022-01-22 07:00:00+05:30,0.0,12.36
2022-01-22 08:00:00+05:30,39.99,12.08
2022-01-22 09:00:00+05:30,133.36,13.14
2022-01-22 10:00:00+05:30,244.94,15.72
2022-01-22 11:00:00+05:30,316.74,17.6
2022-01-22 12:00:00+05:30,363.0,18.95
2022-01-22 13:00:00+05:30,356.48,19.44
2022-01-22 14:00:00+05:30,330.31,19.95
2022-01-22 15:00:00+05:30,232.23,20.2
2022-01-22 16:00:00+05:30,144.02,20.11
2022-01-22 17:00:00+05:30,46.73,19.88
2022-01-22 18:00:00+05:30,0.0,18.59
2022-01-22 19:00:00+05:30,0.0,17.05
2022-01-22 20:00:00+05:30,0.0,15.36
2022-01-22 21:00:00+05:30,0.0,13.99
2022-01-22 22:00:00+05:30,0.0,13.48
2022-01-22 23:00:00+05:30,0.0,12.78
2022-01-23 00:00:00+05:30,0.0,12.01
2022-01-23 01:00:00+05:30,0.0,11.49
2022-01-23 02:00:00+05:30,0.0,10.89
2022-01-23 03:00:00+05:30,0.0,10.42
2022-01-23 04:00:00+05:30,0.0,9.89
2022-01-23 05:00:00+05:30,0.0,9.24
2022-01-23 06:00:00+05:30,0.0,8.65
2022-01-23 07:00:00+05:30,0.0,8.12
2022-01-23 08:00:00+05:30,38.98,7.6
2022-01-23 09:00:00+05:30,147.38,9.04
2022-01-23 10:00:00+05:30,284.61,11.86
2022-01-23 11:00:00+05:30,384.72,13.64
2022-01-23 12:00:00+05:30,359.53,15.07
2022-01-23 13:00:00+05:30,334.17,15.42
2022-01-23 14:00:00+05:30,301.21,15.88
2022-01-23 15:00:00+05:30,208.0,16.0
2022-01-23 16:00:00+05:30,132.63,15.83
2022-01-23 17:00:00+05:30,60.87,15.53
2022-01-23 18:00:00+05:30,0.0,14.64
2022-01-23 19:00:00+05:30,0.0,13.52
2022-01-23 20:00:00+05:30,0.0,12.32
2022-01-23 21:00:00+05:30,0.0,11.39
2022-01-23 22:00:00+05:30,0.0,10.36
2022-01-23 23:00:00+05:30,0.0,9.45
2022-01-24 00:00:00+05:30,0.0,8.75
2022-01-24 01:00:00+05:30,0.0,8.37
2022-01-24 02:00:00+05:30,0.0,8.08
2022-01-24 03:00:00+05:30,0.0,7.68
2022-01-24 04:00:00+05:30,0.0,7.28
2022-01-24 05:00:00+05:30,0.0,6.91
2022-01-24 06:00:00+05:30,0.0,6.77
2022-01-24 07:00:00+05:30,0.0,6.38
2022-01-24 08:00:00+05:30,40.18,6.22
2022-01-24 09:00:00+05:30,153.23,8.15
2022-01-24 10:00:00+05:30,281.03,12.54
2022-01-24 11:00:00+05:30,368.49,14.75
2022-01-24 12:00:00+05:30,418.91,15.88
2022-01-24 13:00:00+05:30,402.85,16.42
2022-01-24 14:00:00+05:30,317.61,16.96
2022-01-24 15:00:00+05:30,261.71,17.12
2022-01-24 16:00:00+05:30,143.5,17.17
2022-01-24 17:00:00+05:30,65.31,16.71
2022-01-24 18:00:00+05:30,0.0,15.8
2022-01-24 19:00:00+05:30,0.0,13.85
2022-01-24 20:00:00+05:30,0.0,12.15
2022-01-24 21:00:00+05:30,0.0,10.72
2022-01-24 22:00:00+05:30,0.0,9.54
2022-01-24 23:00:00+05:30,0.0,8.55
2022-01-25 00:00:00+05:30,0.0,7.84
2022-01-25 01:00:00+05:30,0.0,7.89
2022-01-25 02:00:00+05:30,0.0,7.4
2022-01-25 03:00:00+05:30,0.0,6.82
2022-01-25 04:00:00+05:30,0.0,6.24
2022-01-25 05:00:00+05:30,0.0,5.68
2022-01-25 06:00:00+05:30,0.0,5.25
2022-01-25 07:00:00+05:30,0.0,4.8
2022-01-25 08:00:00+05:30,39.99,4.42
2022-01-25 09:00:00+05:30,154.24,7.16
2022-01-25 10:00:00+05:30,287.11,11.83
2022-01-25 11:00:00+05:30,390.26,14.24
2022-01-25 12:00:00+05:30,444.99,15.55
2022-01-25 13:00:00+05:30,416.59,16.25
2022-01-25 14:00:00+05:30,349.28,16.77
2022-01-25 15:00:00+05:30,289.89,17.0
2022-01-25 16:00:00+05:30,175.84,17.04
2022-01-25 17:00:00+05:30,69.44,16.78
2022-01-25 18:00:00+05:30,0.0,16.0
2022-01-25 19:00:00+05:30,0.0,14.67
2022-01-25 20:00:00+05:30,0.0,13.74
2022-01-25 21:00:00+05:30,0.0,12.39
2022-01-25 22:00:00+05:30,0.0,10.84
2022-01-25 23:00:00+05:30,0.0,9.83
2022-01-26 00:00:00+05:30,0.0,8.96
2022-01-26 01:00:00+05:30,0.0,8.02
2022-01-26 02:00:00+05:30,0.0,7.29
2022-01-26 03:00:00+05:30,0.0,6.42
2022-01-26 04:00:00+05:30,0.0,5.65
2022-01-26 05:00:00+05:30,0.0,5.1
2022-01-26 06:00:00+05:30,0.0,4.71
2022-01-26 07:00:00+05:30,0.0,4.43
2022-01-26 08:00:00+05:30,40.47,4.24
2022-01-26 09:00:00+05:30,157.67,6.89
2022-01-26 10:00:00+05:30,292.35,12.04
2022-01-26 11:00:00+05:30,395.86,14.27
2022-01-26 12:00:00+05:30,457.87,15.51
2022-01-26 13:00:00+05:30,449.92,16.2
2022-01-26 14:00:00+05:30,412.4,16.8
2022-01-26 15:00:00+05:30,313.66,17.2
2022-01-26 16:00:00+05:30,191.9,17.27
2022-01-26 17:00:00+05:30,56.58,16.92
2022-01-26 18:00:00+05:30,0.0,15.84
2022-01-26 19:00:00+05:30,0.0,13.84
2022-01-26 20:00:00+05:30,0.0,11.79
2022-01-26 21:00:00+05:30,0.0,10.2
2022-01-26 22:00:00+05:30,0.0,9.1
2022-01-26 23:00:00+05:30,0.0,8.3
2022-01-27 00:00:00+05:30,0.0,7.66
2022-01-27 01:00:00+05:30,0.0,7.43
2022-01-27 02:00:00+05:30,0.0,6.84
2022-01-27 03:00:00+05:30,0.0,6.21
2022-01-27 04:00:00+05:30,0.0,5.71
2022-01-27 05:00:00+05:30,0.0,5.25
2022-01-27 06:00:00+05:30,0.0,4.85
2022-01-27 07:00:00+05:30,0.0,4.48
2022-01-27 08:00:00+05:30,40.99,4.13
2022-01-27 09:00:00+05:30,162.28,6.81
2022-01-27 10:00:00+05:30,298.97,12.38
2022-01-27 11:00:00+05:30,404.67,14.6
2022-01-27 12:00:00+05:30,463.91,15.75
2022-01-27 13:00:00+05:30,470.21,16.8
2022-01-27 14:00:00+05:30,422.71,17.57
2022-01-27 15:00:00+05:30,327.23,18.0
2022-01-27 16:00:00+05:30,196.62,18.12
2022-01-27 17:00:00+05:30,58.46,17.84
2022-01-27 18:00:00+05:30,8.65,16.85
2022-01-27 19:00:00+05:30,0.0,15.0
2022-01-27 20:00:00+05:30,0.0,12.68
2022-01-27 21:00:00+05:30,0.0,10.64
2022-01-27 22:00:00+05:30,0.0,9.13
2022-01-27 23:00:00+05:30,0.0,8.19
2022-01-28 00:00:00+05:30,0.0,7.54
2022-01-28 01:00:00+05:30,0.0,7.33
2022-01-28 02:00:00+05:30,0.0,6.89
2022-01-28 03:00:00+05:30,0.0,6.34
2022-01-28 04:00:00+05:30,0.0,5.84
2022-01-28 05:00:00+05:30,0.0,5.38
2022-01-28 06:00:00+05:30,0.0,4.91
2022-01-28 07:00:00+05:30,0.0,4.47
2022-01-28 08:00:00+05:30,28.66,3.95
2022-01-28 09:00:00+05:30,166.11,6.71
2022-01-28 10:00:00+05:30,303.86,12.04
2022-01-28 11:00:00+05:30,409.74,15.12
2022-01-28 12:00:00+05:30,469.03,16.84
2022-01-28 13:00:00+05:30,474.97,17.94
2022-01-28 14:00:00+05:30,427.09,18.85
2022-01-28 15:00:00+05:30,331.2,19.39
2022-01-28 16:00:00+05:30,200.26,19.55
2022-01-28 17:00:00+05:30,61.27,19.26
2022-01-28 18:00:00+05:30,8.93,18.05
2022-01-28 19:00:00+05:30,0.0,16.0
2022-01-28 20:00:00+05:30,0.0,13.79
2022-01-28 21:00:00+05:30,0.0,11.97
2022-01-28 22:00:00+05:30,0.0,10.53
2022-01-28 23:00:00+05:30,0.0,9.42
2022-01-29 00:00:00+05:30,0.0,8.53
2022-01-29 01:00:00+05:30,0.0,7.75
2022-01-29 02:00:00+05:30,0.0,7.11
2022-01-29 03:00:00+05:30,0.0,7.08
2022-01-29 04:00:00+05:30,0.0,8.42
2022-01-29 05:00:00+05:30,0.0,9.63
2022-01-29 06:00:00+05:30,0.0,9.62
2022-01-29 07:00:00+05:30,0.0,9.63
2022-01-29 08:00:00+05:30,30.7,9.58
2022-01-29 09:00:00+05:30,166.32,10.17
2022-01-29 10:00:00+05:30,303.15,13.76
2022-01-29 11:00:00+05:30,409.0,16.8
2022-01-29 12:00:00+05:30,468.65,18.88
2022-01-29 13:00:00+05:30,475.29,20.11
2022-01-29 14:00:00+05:30,428.14,21.08
2022-01-29 15:00:00+05:30,333.01,21.68
2022-01-29 16:00:00+05:30,202.84,21.91
2022-01-29 17:00:00+05:30,64.12,21.61
2022-01-29 18:00:00+05:30,9.32,20.59
2022-01-29 19:00:00+05:30,0.0,18.03
2022-01-29 20:00:00+05:30,0.0,15.44
2022-01-29 21:00:00+05:30,0.0,13.41
2022-01-29 22:00:00+05:30,0.0,11.45
2022-01-29 23:00:00+05:30,0.0,10.08
2022-01-30 00:00:00+05:30,0.0,9.08
2022-01-30 01:00:00+05:30,0.0,8.41
2022-01-30 02:00:00+05:30,0.0,7.76
2022-01-30 03:00:00+05:30,0.0,7.28
2022-01-30 04:00:00+05:30,0.0,6.74
2022-01-30 05:00:00+05:30,0.0,6.28
2022-01-30 06:00:00+05:30,0.0,5.87
2022-01-30 07:00:00+05:30,0.0,5.53
2022-01-30 08:00:00+05:30,32.78,5.32
2022-01-30 09:00:00+05:30,169.82,9.05
2022-01-30 10:00:00+05:30,307.39,15.13
2022-01-30 11:00:00+05:30,413.64,18.72
2022-01-30 12:00:00+05:30,473.91,20.85
2022-01-30 13:00:00+05:30,480.71,22.3
2022-01-30 14:00:00+05:30,433.75,23.13
2022-01-30 15:00:00+05:30,338.48,23.57
2022-01-30 16:00:00+05:30,207.62,23.6
2022-01-30 17:00:00+05:30,67.44,23.07
2022-01-30 18:00:00+05:30,9.79,21.38
2022-01-30 19:00:00+05:30,0.0,18.88
2022-01-30 20:00:00+05:30,0.0,16.18
2022-01-30 21:00:00+05:30,0.0,14.23
2022-01-30 22:00:00+05:30,0.0,12.76
2022-01-30 23:00:00+05:30,0.0,11.45
2022-01-31 00:00:00+05:30,0.0,10.39
2022-01-31 01:00:00+05:30,0.0,10.74
2022-01-31 02:00:00+05:30,0.0,11.76
2022-01-31 03:00:00+05:30,0.0,10.14
2022-01-31 04:00:00+05:30,0.0,8.91
2022-01-31 05:00:00+05:30,0.0,8.44
2022-01-31 06:00:00+05:30,0.0,8.17
2022-01-31 07:00:00+05:30,0.0,7.96
2022-01-31 08:00:00+05:30,35.33,7.84
2022-01-31 09:00:00+05:30,170.18,10.34
2022-01-31 10:00:00+05:30,306.07,15.77
2022-01-31 11:00:00+05:30,411.69,18.66
2022-01-31 12:00:00+05:30,470.79,21.08
2022-01-31 13:00:00+05:30,477.95,22.62
2022-01-31 14:00:00+05:30,431.61,23.58
2022-01-31 15:00:00+05:30,337.4,24.06
2022-01-31 16:00:00+05:30,208.24,24.17
2022-01-31 17:00:00+05:30,70.02,23.84
2022-01-31 18:00:00+05:30,10.13,22.5
2022-01-31 19:00:00+05:30,0.0,20.27
2022-01-31 20:00:00+05:30,0.0,17.86
2022-01-31 21:00:00+05:30,0.0,15.84
2022-01-31 22:00:00+05:30,0.0,14.2
2022-01-31 23:00:00+05:30,0.0,12.84
2022-02-01 00:00:00+05:30,0.0,11.78
2022-02-01 01:00:00+05:30,0.0,11.4
2022-02-01 02:00:00+05:30,0.0,12.65
2022-02-01 03:00:00+05:30,0.0,13.4
2022-02-01 04:00:00+05:30,0.0,12.86
2022-02-01 05:00:00+05:30,0.0,12.08
2022-02-01 06:00:00+05:30,0.0,11.55
2022-02-01 07:00:00+05:30,0.0,10.91
2022-02-01 08:00:00+05:30,37.04,10.23
2022-02-01 09:00:00+05:30,172.39,12.7
2022-02-01 10:00:00+05:30,307.19,17.76
2022-02-01 11:00:00+05:30,411.46,20.64
2022-02-01 12:00:00+05:30,470.04,22.54
2022-02-01 13:00:00+05:30,477.45,24.0
2022-02-01 14:00:00+05:30,430.6,24.73
2022-02-01 15:00:00+05:30,339.41,25.06
2022-02-01 16:00:00+05:30,211.31,24.98
2022-02-01 17:00:00+05:30,73.84,24.41
2022-02-01 18:00:00+05:30,10.8,22.64
2022-02-01 19:00:00+05:30,0.0,19.69
2022-02-01 20:00:00+05:30,0.0,17.41
2022-02-01 21:00:00+05:30,0.0,15.71
2022-02-01 22:00:00+05:30,0.0,14.35
2022-02-01 23:00:00+05:30,0.0,13.25
2022-02-02 00:00:00+05:30,0.0,12.29
2022-02-02 01:00:00+05:30,0.0,11.92
2022-02-02 02:00:00+05:30,0.0,11.27
2022-02-02 03:00:00+05:30,0.0,10.6
2022-02-02 04:00:00+05:30,0.0,9.92
2022-02-02 05:00:00+05:30,0.0,9.19
2022-02-02 06:00:00+05:30,0.0,8.52
2022-02-02 07:00:00+05:30,0.0,7.83
2022-02-02 08:00:00+05:30,40.26,7.16
2022-02-02 09:00:00+05:30,180.46,10.75
2022-02-02 10:00:00+05:30,319.64,15.32
2022-02-02 11:00:00+05:30,426.51,18.38
2022-02-02 12:00:00+05:30,484.53,20.26
2022-02-02 13:00:00+05:30,490.99,21.41
2022-02-02 14:00:00+05:30,443.62,22.51
2022-02-02 15:00:00+05:30,347.76,23.24
2022-02-02 16:00:00+05:30,216.47,23.52
2022-02-02 17:00:00+05:30,76.17,23.36
2022-02-02 18:00:00+05:30,11.04,21.97
2022-02-02 19:00:00+05:30,0.0,19.11
2022-02-02 20:00:00+05:30,0.0,17.61
2022-02-02 21:00:00+05:30,0.0,16.67
2022-02-02 22:00:00+05:30,0.0,15.97
2022-02-02 23:00:00+05:30,0.0,15.33
2022-02-03 00:00:00+05:30,0.0,14.67
2022-02-03 01:00:00+05:30,0.0,14.2
2022-02-03 02:00:00+05:30,0.0,13.68
2022-02-03 03:00:00+05:30,0.0,13.29
2022-02-03 04:00:00+05:30,0.0,12.88
2022-02-03 05:00:00+05:30,0.0,12.31
2022-02-03 06:00:00+05:30,0.0,11.65
2022-02-03 07:00:00+05:30,0.0,10.96
2022-02-03 08:00:00+05:30,42.41,10.48
2022-02-03 09:00:00+05:30,179.43,12.15
2022-02-03 10:00:00+05:30,317.09,16.35
2022-02-03 11:00:00+05:30,424.43,19.03
2022-02-03 12:00:00+05:30,489.58,20.66
2022-02-03 13:00:00+05:30,496.78,20.67
2022-02-03 14:00:00+05:30,444.9,20.71
2022-02-03 15:00:00+05:30,341.64,20.54
2022-02-03 16:00:00+05:30,204.99,20.1
2022-02-03 17:00:00+05:30,73.71,19.37
2022-02-03 18:00:00+05:30,11.94,18.35
2022-02-03 19:00:00+05:30,0.0,16.76
2022-02-03 20:00:00+05:30,0.0,15.43
2022-02-03 21:00:00+05:30,0.0,14.4
2022-02-03 22:00:00+05:30,0.0,13.5
2022-02-03 23:00:00+05:30,0.0,12.76
2022-02-04 00:00:00+05:30,0.0,12.12
2022-02-04 01:00:00+05:30,0.0,11.0
2022-02-04 02:00:00+05:30,0.0,10.34
2022-02-04 03:00:00+05:30,0.0,9.77
2022-02-04 04:00:00+05:30,0.0,9.3
2022-02-04 05:00:00+05:30,0.0,8.93
2022-02-04 06:00:00+05:30,0.0,8.56
2022-02-04 07:00:00+05:30,0.0,8.18
2022-02-04 08:00:00+05:30,45.71,7.82
2022-02-04 09:00:00+05:30,188.13,9.68
2022-02-04 10:00:00+05:30,329.0,12.92
2022-02-04 11:00:00+05:30,439.26,15.51
2022-02-04 12:00:00+05:30,497.03,17.59
2022-02-04 13:00:00+05:30,502.5,19.05
2022-02-04 14:00:00+05:30,455.26,20.09
2022-02-04 15:00:00+05:30,359.65,20.74
2022-02-04 16:00:00+05:30,227.28,20.98
2022-02-04 17:00:00+05:30,83.93,20.87
2022-02-04 18:00:00+05:30,12.28,19.71
2022-02-04 19:00:00+05:30,0.0,16.94
2022-02-04 20:00:00+05:30,0.0,14.77
2022-02-04 21:00:00+05:30,0.0,13.3
2022-02-04 22:00:00+05:30,0.0,12.11
2022-02-04 23:00:00+05:30,0.0,11.05
2022-02-05 00:00:00+05:30,0.0,10.15
2022-02-05 01:00:00+05:30,0.0,9.84
2022-02-05 02:00:00+05:30,0.0,9.28
2022-02-05 03:00:00+05:30,0.0,8.77
2022-02-05 04:00:00+05:30,0.0,8.32
2022-02-05 05:00:00+05:30,0.0,7.88
2022-02-05 06:00:00+05:30,0.0,7.44
2022-02-05 07:00:00+05:30,0.0,6.97
2022-02-05 08:00:00+05:30,48.23,6.52
2022-02-05 09:00:00+05:30,192.33,8.77
2022-02-05 10:00:00+05:30,334.87,13.43
2022-02-05 11:00:00+05:30,444.68,15.79
2022-02-05 12:00:00+05:30,507.33,17.46
2022-02-05 13:00:00+05:30,515.29,18.46
2022-02-05 14:00:00+05:30,468.09,19.49
2022-02-05 15:00:00+05:30,370.58,20.21
2022-02-05 16:00:00+05:30,235.65,20.55
2022-02-05 17:00:00+05:30,88.42,20.46
2022-02-05 18:00:00+05:30,12.9,19.63
2022-02-05 19:00:00+05:30,0.0,17.96
2022-02-05 20:00:00+05:30,0.0,15.43
2022-02-05 21:00:00+05:30,0.0,13.43
2022-02-05 22:00:00+05:30,0.0,12.2
2022-02-05 23:00:00+05:30,0.0,11.4
2022-02-06 00:00:00+05:30,0.0,10.73
2022-02-06 01:00:00+05:30,0.0,10.08
2022-02-06 02:00:00+05:30,0.0,9.48
2022-02-06 03:00:00+05:30,0.0,8.92
2022-02-06 04:00:00+05:30,0.0,8.4
2022-02-06 05:00:00+05:30,0.0,7.93
2022-02-06 06:00:00+05:30,0.0,7.55
2022-02-06 07:00:00+05:30,0.0,7.25
2022-02-06 08:00:00+05:30,50.03,7.06
2022-02-06 09:00:00+05:30,192.55,9.75
2022-02-06 10:00:00+05:30,333.42,14.15
2022-02-06 11:00:00+05:30,442.08,16.97
2022-02-06 12:00:00+05:30,504.89,19.16
2022-02-06 13:00:00+05:30,513.2,20.65
2022-02-06 14:00:00+05:30,466.79,21.92
2022-02-06 15:00:00+05:30,370.65,22.7
2022-02-06 16:00:00+05:30,237.2,22.97
2022-02-06 17:00:00+05:30,91.03,22.73
2022-02-06 18:00:00+05:30,13.33,21.5
2022-02-06 19:00:00+05:30,0.0,18.86
2022-02-06 20:00:00+05:30,0.0,16.74
2022-02-06 21:00:00+05:30,0.0,15.61
2022-02-06 22:00:00+05:30,0.0,14.84
2022-02-06 23:00:00+05:30,0.0,14.21
2022-02-07 00:00:00+05:30,0.0,13.56
2022-02-07 01:00:00+05:30,0.0,13.16
2022-02-07 02:00:00+05:30,0.0,12.06
2022-02-07 03:00:00+05:30,0.0,11.71
2022-02-07 04:00:00+05:30,0.0,12.73
2022-02-07 05:00:00+05:30,0.0,11.8
2022-02-07 06:00:00+05:30,0.0,10.22
2022-02-07 07:00:00+05:30,0.0,9.39
2022-02-07 08:00:00+05:30,52.31,9.37
2022-02-07 09:00:00+05:30,193.32,13.1
2022-02-07 10:00:00+05:30,333.59,16.79
2022-02-07 11:00:00+05:30,441.42,19.55
2022-02-07 12:00:00+05:30,501.15,21.65
2022-02-07 13:00:00+05:30,509.86,23.01
2022-02-07 14:00:00+05:30,464.11,23.9
2022-02-07 15:00:00+05:30,368.97,24.36
2022-02-07 16:00:00+05:30,236.07,24.47
2022-02-07 17:00:00+05:30,93.2,24.23
2022-02-07 18:00:00+05:30,13.62,23.31
2022-02-07 19:00:00+05:30,0.0,21.28
2022-02-07 20:00:00+05:30,0.0,18.67
2022-02-07 21:00:00+05:30,0.0,16.76
2022-02-07 22:00:00+05:30,0.0,15.29
2022-02-07 23:00:00+05:30,0.0,14.39
2022-02-08 00:00:00+05:30,0.0,15.07
2022-02-08 01:00:00+05:30,0.0,15.74
2022-02-08 02:00:00+05:30,0.0,15.55
2022-02-08 03:00:00+05:30,0.0,15.1
2022-02-08 04:00:00+05:30,0.0,14.05
2022-02-08 05:00:00+05:30,0.0,12.86
2022-02-08 06:00:00+05:30,0.0,12.35
2022-02-08 07:00:00+05:30,0.0,11.99
2022-02-08 08:00:00+05:30,55.16,12.2
2022-02-08 09:00:00+05:30,195.35,14.61
2022-02-08 10:00:00+05:30,335.83,18.36
2022-02-08 11:00:00+05:30,442.56,21.35
2022-02-08 12:00:00+05:30,486.19,23.25
2022-02-08 13:00:00+05:30,465.95,23.92
2022-02-08 14:00:00+05:30,428.0,24.29
2022-02-08 15:00:00+05:30,315.11,24.62
2022-02-08 16:00:00+05:30,201.93,24.47
2022-02-08 17:00:00+05:30,79.58,24.19
2022-02-08 18:00:00+05:30,12.42,23.16
2022-02-08 19:00:00+05:30,0.0,21.07
2022-02-08 20:00:00+05:30,0.0,18.98
2022-02-08 21:00:00+05:30,0.0,17.75
2022-02-08 22:00:00+05:30,0.0,16.86
2022-02-08 23:00:00+05:30,0.0,15.9
2022-02-09 00:00:00+05:30,0.0,15.39
2022-02-09 01:00:00+05:30,0.0,15.16
2022-02-09 02:00:00+05:30,0.0,14.57
2022-02-09 03:00:00+05:30,0.0,14.22
2022-02-09 04:00:00+05:30,0.0,14.04
2022-02-09 05:00:00+05:30,0.0,13.42
2022-02-09 06:00:00+05:30,0.0,13.21
2022-02-09 07:00:00+05:30,0.0,12.92
2022-02-09 08:00:00+05:30,51.15,12.64
2022-02-09 09:00:00+05:30,183.34,14.1
2022-02-09 10:00:00+05:30,302.08,16.72
2022-02-09 11:00:00+05:30,426.58,18.6
2022-02-09 12:00:00+05:30,491.2,20.35
2022-02-09 13:00:00+05:30,461.15,21.24
2022-02-09 14:00:00+05:30,373.69,21.9
2022-02-09 15:00:00+05:30,311.53,21.91
2022-02-09 16:00:00+05:30,204.79,21.37
2022-02-09 17:00:00+05:30,92.93,20.56
2022-02-09 18:00:00+05:30,13.09,19.49
2022-02-09 19:00:00+05:30,0.0,17.53
2022-02-09 20:00:00+05:30,0.0,16.3
2022-02-09 21:00:00+05:30,0.0,15.32
2022-02-09 22:00:00+05:30,0.0,14.42
2022-02-09 23:00:00+05:30,0.0,13.87
2022-02-10 00:00:00+05:30,0.0,13.1
2022-02-10 01:00:00+05:30,0.0,12.27
2022-02-10 02:00:00+05:30,0.0,11.47
2022-02-10 03:00:00+05:30,0.0,10.68
2022-02-10 04:00:00+05:30,0.0,9.94
2022-02-10 05:00:00+05:30,0.0,9.35
2022-02-10 06:00:00+05:30,0.0,8.81
2022-02-10 07:00:00+05:30,0.0,8.33
2022-02-10 08:00:00+05:30,63.76,7.93
2022-02-10 09:00:00+05:30,201.61,10.87
2022-02-10 10:00:00+05:30,347.37,15.48
2022-02-10 11:00:00+05:30,462.27,18.04
2022-02-10 12:00:00+05:30,525.67,19.56
2022-02-10 13:00:00+05:30,533.96,20.45
2022-02-10 14:00:00+05:30,487.21,21.19
2022-02-10 15:00:00+05:30,390.14,21.65
2022-02-10 16:00:00+05:30,254.92,21.82
2022-02-10 17:00:00+05:30,105.17,21.61
2022-02-10 18:00:00+05:30,15.53,20.7
2022-02-10 19:00:00+05:30,0.0,18.67
2022-02-10 20:00:00+05:30,0.0,16.36
2022-02-10 21:00:00+05:30,0.0,14.52
2022-02-10 22:00:00+05:30,0.0,13.36
2022-02-10 23:00:00+05:30,0.0,12.53
2022-02-11 00:00:00+05:30,0.0,11.9
2022-02-11 01:00:00+05:30,0.0,11.67
2022-02-11 02:00:00+05:30,0.0,11.17
2022-02-11 03:00:00+05:30,0.0,10.58
2022-02-11 04:00:00+05:30,0.0,9.95
2022-02-11 05:00:00+05:30,0.0,9.28
2022-02-11 06:00:00+05:30,0.0,8.53
2022-02-11 07:00:00+05:30,0.0,7.8
2022-02-11 08:00:00+05:30,65.07,7.28
2022-02-11 09:00:00+05:30,213.69,10.78
2022-02-11 10:00:00+05:30,357.48,16.13
2022-02-11 11:00:00+05:30,467.84,18.89
2022-02-11 12:00:00+05:30,530.45,20.45
2022-02-11 13:00:00+05:30,538.94,21.41
2022-02-11 14:00:00+05:30,492.0,22.2
2022-02-11 15:00:00+05:30,394.93,22.7
2022-02-11 16:00:00+05:30,259.48,22.83
2022-02-11 17:00:00+05:30,108.86,22.53
2022-02-11 18:00:00+05:30,16.05,21.35
2022-02-11 19:00:00+05:30,0.0,18.75
2022-02-11 20:00:00+05:30,0.0,16.36
2022-02-11 21:00:00+05:30,0.0,14.84
2022-02-11 22:00:00+05:30,0.0,13.71
2022-02-11 23:00:00+05:30,0.0,12.73
2022-02-12 00:00:00+05:30,0.0,11.92
2022-02-12 01:00:00+05:30,0.0,11.21
2022-02-12 02:00:00+05:30,0.0,10.59
2022-02-12 03:00:00+05:30,0.0,9.96
2022-02-12 04:00:00+05:30,0.0,9.28
2022-02-12 05:00:00+05:30,0.0,8.59
2022-02-12 06:00:00+05:30,0.0,7.88
2022-02-12 07:00:00+05:30,0.0,7.16
2022-02-12 08:00:00+05:30,69.38,6.69
2022-02-12 09:00:00+05:30,223.13,11.3
2022-02-12 10:00:00+05:30,370.43,16.39
2022-02-12 11:00:00+05:30,482.63,19.39
2022-02-12 12:00:00+05:30,543.72,21.02
2022-02-12 13:00:00+05:30,551.22,22.33
2022-02-12 14:00:00+05:30,502.83,23.31
2022-02-12 15:00:00+05:30,403.78,23.85
2022-02-12 16:00:00+05:30,266.15,24.04
2022-02-12 17:00:00+05:30,113.07,23.8
2022-02-12 18:00:00+05:30,16.72,22.93
2022-02-12 19:00:00+05:30,0.0,21.16
2022-02-12 20:00:00+05:30,0.0,18.82
2022-02-12 21:00:00+05:30,0.0,15.52
2022-02-12 22:00:00+05:30,0.0,13.19
2022-02-12 23:00:00+05:30,0.0,12.04
2022-02-13 00:00:00+05:30,0.0,11.05
2022-02-13 01:00:00+05:30,0.0,10.46
2022-02-13 02:00:00+05:30,0.0,9.93
2022-02-13 03:00:00+05:30,0.0,10.86
2022-02-13 04:00:00+05:30,0.0,12.61
2022-02-13 05:00:00+05:30,0.0,12.62
2022-02-13 06:00:00+05:30,0.0,12.52
2022-02-13 07:00:00+05:30,0.0,12.21
2022-02-13 08:00:00+05:30,71.69,11.95
2022-02-13 09:00:00+05:30,224.01,13.26
2022-02-13 10:00:00+05:30,370.24,17.01
2022-02-13 11:00:00+05:30,482.07,19.9
2022-02-13 12:00:00+05:30,545.0,21.92
2022-02-13 13:00:00+05:30,552.91,22.92
2022-02-13 14:00:00+05:30,504.87,23.59
2022-02-13 15:00:00+05:30,406.24,23.98
2022-02-13 16:00:00+05:30,268.94,24.05
2022-02-13 17:00:00+05:30,116.01,23.78
2022-02-13 18:00:00+05:30,17.1,22.75
2022-02-13 19:00:00+05:30,0.0,20.05
2022-02-13 20:00:00+05:30,0.0,17.79
2022-02-13 21:00:00+05:30,0.0,16.39
2022-02-13 22:00:00+05:30,0.0,15.42
2022-02-13 23:00:00+05:30,0.0,14.67
2022-02-14 00:00:00+05:30,0.0,14.02
2022-02-14 01:00:00+05:30,0.0,13.61
2022-02-14 02:00:00+05:30,0.0,12.96
2022-02-14 03:00:00+05:30,0.0,12.27
2022-02-14 04:00:00+05:30,0.0,11.56
2022-02-14 05:00:00+05:30,0.0,10.86
2022-02-14 06:00:00+05:30,0.0,10.18
2022-02-14 07:00:00+05:30,0.0,9.51
2022-02-14 08:00:00+05:30,74.55,9.49
2022-02-14 09:00:00+05:30,227.09,12.95
2022-02-14 10:00:00+05:30,373.11,17.79
2022-02-14 11:00:00+05:30,484.77,20.74
2022-02-14 12:00:00+05:30,548.28,22.73
2022-02-14 13:00:00+05:30,556.55,23.74
2022-02-14 14:00:00+05:30,508.98,24.37
2022-02-14 15:00:00+05:30,410.53,24.69
2022-02-14 16:00:00+05:30,273.1,24.72
2022-02-14 17:00:00+05:30,119.5,24.4
2022-02-14 18:00:00+05:30,17.63,23.39
2022-02-14 19:00:00+05:30,0.0,20.77
2022-02-14 20:00:00+05:30,0.0,18.48
2022-02-14 21:00:00+05:30,0.0,16.93
2022-02-14 22:00:00+05:30,0.0,15.97
2022-02-14 23:00:00+05:30,0.0,15.18
2022-02-15 00:00:00+05:30,0.0,14.49
2022-02-15 01:00:00+05:30,0.0,14.02
2022-02-15 02:00:00+05:30,0.0,13.44
2022-02-15 03:00:00+05:30,0.0,12.92
2022-02-15 04:00:00+05:30,0.0,12.45
2022-02-15 05:00:00+05:30,0.0,12.02
2022-02-15 06:00:00+05:30,0.0,11.54
2022-02-15 07:00:00+05:30,0.0,10.98
2022-02-15 08:00:00+05:30,77.44,10.47
2022-02-15 09:00:00+05:30,229.25,13.24
2022-02-15 10:00:00+05:30,372.2,18.21
2022-02-15 11:00:00+05:30,477.97,21.29
2022-02-15 12:00:00+05:30,548.54,23.44
2022-02-15 13:00:00+05:30,556.2,24.62
2022-02-15 14:00:00+05:30,507.58,25.3
2022-02-15 15:00:00+05:30,409.31,25.62
2022-02-15 16:00:00+05:30,273.19,25.63
2022-02-15 17:00:00+05:30,120.88,25.31
2022-02-15 18:00:00+05:30,17.68,24.35
2022-02-15 19:00:00+05:30,0.0,21.92
2022-02-15 20:00:00+05:30,0.0,19.68
2022-02-15 21:00:00+05:30,0.0,17.89
2022-02-15 22:00:00+05:30,0.0,16.54
2022-02-15 23:00:00+05:30,0.0,15.55
2022-02-16 00:00:00+05:30,0.0,14.72
2022-02-16 01:00:00+05:30,0.0,14.17
2022-02-16 02:00:00+05:30,0.0,13.23
2022-02-16 03:00:00+05:30,0.0,12.21
2022-02-16 04:00:00+05:30,0.0,12.29
2022-02-16 05:00:00+05:30,0.0,12.67
2022-02-16 06:00:00+05:30,0.0,13.64
2022-02-16 07:00:00+05:30,0.0,13.68
2022-02-16 08:00:00+05:30,79.97,13.6
2022-02-16 09:00:00+05:30,232.18,15.0
2022-02-16 10:00:00+05:30,377.58,18.6
2022-02-16 11:00:00+05:30,488.69,21.48
2022-02-16 12:00:00+05:30,552.59,23.65
2022-02-16 13:00:00+05:30,560.78,24.87
2022-02-16 14:00:00+05:30,514.64,25.62
2022-02-16 15:00:00+05:30,398.52,26.03
2022-02-16 16:00:00+05:30,273.11,26.12
2022-02-16 17:00:00+05:30,124.01,25.91
2022-02-16 18:00:00+05:30,19.11,25.12
2022-02-16 19:00:00+05:30,0.0,22.99
2022-02-16 20:00:00+05:30,0.0,20.66
2022-02-16 21:00:00+05:30,0.0,18.63
2022-02-16 22:00:00+05:30,0.0,17.05
2022-02-16 23:00:00+05:30,0.0,15.61
2022-02-17 00:00:00+05:30,0.0,14.96
2022-02-17 01:00:00+05:30,0.0,14.39
2022-02-17 02:00:00+05:30,0.0,13.55
2022-02-17 03:00:00+05:30,0.0,12.82
2022-02-17 04:00:00+05:30,0.0,12.26
2022-02-17 05:00:00+05:30,0.0,11.85
2022-02-17 06:00:00+05:30,0.0,11.54
2022-02-17 07:00:00+05:30,0.0,11.49
2022-02-17 08:00:00+05:30,83.54,11.23
2022-02-17 09:00:00+05:30,236.59,14.76
2022-02-17 10:00:00+05:30,382.47,19.88
2022-02-17 11:00:00+05:30,495.17,22.42
2022-02-17 12:00:00+05:30,524.42,24.26
2022-02-17 13:00:00+05:30,528.32,25.02
2022-02-17 14:00:00+05:30,493.14,25.83
2022-02-17 15:00:00+05:30,389.85,26.33
2022-02-17 16:00:00+05:30,256.91,26.39
2022-02-17 17:00:00+05:30,124.59,26.17
2022-02-17 18:00:00+05:30,18.58,25.37
2022-02-17 19:00:00+05:30,0.0,23.0
2022-02-17 20:00:00+05:30,0.0,20.35
2022-02-17 21:00:00+05:30,0.0,18.73
2022-02-17 22:00:00+05:30,0.0,17.61
2022-02-17 23:00:00+05:30,0.0,16.41
2022-02-18 00:00:00+05:30,0.0,15.16
2022-02-18 01:00:00+05:30,0.0,14.15
2022-02-18 02:00:00+05:30,0.0,13.22
2022-02-18 03:00:00+05:30,0.0,12.58
2022-02-18 04:00:00+05:30,0.0,12.19
2022-02-18 05:00:00+05:30,0.0,11.92
2022-02-18 06:00:00+05:30,0.0,11.6
2022-02-18 07:00:00+05:30,0.0,11.17
2022-02-18 08:00:00+05:30,86.51,10.84
2022-02-18 09:00:00+05:30,240.35,14.29
2022-02-18 10:00:00+05:30,387.42,19.67
2022-02-18 11:00:00+05:30,491.29,22.72
2022-02-18 12:00:00+05:30,529.14,24.71
2022-02-18 13:00:00+05:30,546.24,26.14
2022-02-18 14:00:00+05:30,447.09,26.97
2022-02-18 15:00:00+05:30,339.6,27.14
2022-02-18 16:00:00+05:30,236.26,26.82
2022-02-18 17:00:00+05:30,101.73,26.42
2022-02-18 18:00:00+05:30,20.59,25.53
2022-02-18 19:00:00+05:30,0.0,23.4
2022-02-18 20:00:00+05:30,0.0,21.7
2022-02-18 21:00:00+05:30,0.0,20.03
2022-02-18 22:00:00+05:30,0.0,18.55
2022-02-18 23:00:00+05:30,0.0,17.0
2022-02-19 00:00:00+05:30,0.0,16.66
2022-02-19 01:00:00+05:30,0.0,16.95
2022-02-19 02:00:00+05:30,0.0,16.42
2022-02-19 03:00:00+05:30,0.0,15.86
2022-02-19 04:00:00+05:30,0.0,15.42
2022-02-19 05:00:00+05:30,0.0,14.89
2022-02-19 06:00:00+05:30,0.0,14.09
2022-02-19 07:00:00+05:30,0.0,13.41
2022-02-19 08:00:00+05:30,88.33,12.98
2022-02-19 09:00:00+05:30,235.41,16.0
2022-02-19 10:00:00+05:30,362.79,20.41
2022-02-19 11:00:00+05:30,494.86,23.03
2022-02-19 12:00:00+05:30,553.98,24.89
2022-02-19 13:00:00+05:30,562.13,25.54
2022-02-19 14:00:00+05:30,525.8,26.35
2022-02-19 15:00:00+05:30,425.79,26.92
2022-02-19 16:00:00+05:30,291.4,27.1
2022-02-19 17:00:00+05:30,135.74,26.79
2022-02-19 18:00:00+05:30,19.92,25.72
2022-02-19 19:00:00+05:30,0.0,23.09
2022-02-19 20:00:00+05:30,0.0,20.87
2022-02-19 21:00:00+05:30,0.0,19.5
2022-02-19 22:00:00+05:30,0.0,18.31
2022-02-19 23:00:00+05:30,0.0,17.19
2022-02-20 00:00:00+05:30,0.0,16.26
2022-02-20 01:00:00+05:30,0.0,15.66
2022-02-20 02:00:00+05:30,0.0,14.85
2022-02-20 03:00:00+05:30,0.0,13.85
2022-02-20 04:00:00+05:30,0.0,12.85
2022-02-20 05:00:00+05:30,0.0,12.08
2022-02-20 06:00:00+05:30,0.0,11.56
2022-02-20 07:00:00+05:30,0.0,11.23
2022-02-20 08:00:00+05:30,95.29,11.06
2022-02-20 09:00:00+05:30,253.83,14.57
2022-02-20 10:00:00+05:30,402.42,19.28
2022-02-20 11:00:00+05:30,514.98,22.36
2022-02-20 12:00:00+05:30,578.41,24.45
2022-02-20 13:00:00+05:30,586.87,25.61
2022-02-20 14:00:00+05:30,539.02,26.44
2022-02-20 15:00:00+05:30,439.57,26.83
2022-02-20 16:00:00+05:30,299.94,26.76
2022-02-20 17:00:00+05:30,141.01,26.31
2022-02-20 18:00:00+05:30,20.64,25.3
2022-02-20 19:00:00+05:30,0.0,23.03
2022-02-20 20:00:00+05:30,0.0,20.81
2022-02-20 21:00:00+05:30,0.0,19.14
2022-02-20 22:00:00+05:30,0.0,17.79
2022-02-20 23:00:00+05:30,0.0,16.71
2022-02-21 00:00:00+05:30,0.0,15.87
2022-02-21 01:00:00+05:30,0.0,15.56
2022-02-21 02:00:00+05:30,0.0,14.79
2022-02-21 03:00:00+05:30,0.0,14.0
2022-02-21 04:00:00+05:30,0.0,13.23
2022-02-21 05:00:00+05:30,0.0,12.52
2022-02-21 06:00:00+05:30,0.0,11.82
2022-02-21 07:00:00+05:30,0.0,11.16
2022-02-21 08:00:00+05:30,100.63,10.53
2022-02-21 09:00:00+05:30,262.34,14.11
2022-02-21 10:00:00+05:30,412.07,19.27
2022-02-21 11:00:00+05:30,524.58,22.7
2022-02-21 12:00:00+05:30,586.71,25.13
2022-02-21 13:00:00+05:30,593.39,26.5
2022-02-21 14:00:00+05:30,543.66,27.52
2022-02-21 15:00:00+05:30,442.58,28.12
2022-02-21 16:00:00+05:30,301.83,28.41
2022-02-21 17:00:00+05:30,142.88,28.34
2022-02-21 18:00:00+05:30,20.64,27.36
2022-02-21 19:00:00+05:30,0.0,24.97
2022-02-21 20:00:00+05:30,0.0,22.2
2022-02-21 21:00:00+05:30,0.0,20.12
2022-02-21 22:00:00+05:30,0.0,18.62
2022-02-21 23:00:00+05:30,0.0,17.77
2022-02-22 00:00:00+05:30,0.0,17.09
2022-02-22 01:00:00+05:30,0.0,16.69
2022-02-22 02:00:00+05:30,0.0,16.0
2022-02-22 03:00:00+05:30,0.0,15.25
2022-02-22 04:00:00+05:30,0.0,14.45
2022-02-22 05:00:00+05:30,0.0,13.64
2022-02-22 06:00:00+05:30,0.0,12.83
2022-02-22 07:00:00+05:30,0.0,12.23
2022-02-22 08:00:00+05:30,101.23,12.18
2022-02-22 09:00:00+05:30,259.36,16.2
2022-02-22 10:00:00+05:30,406.87,20.7
2022-02-22 11:00:00+05:30,519.13,23.92
2022-02-22 12:00:00+05:30,582.63,26.54
2022-02-22 13:00:00+05:30,591.95,28.58
2022-02-22 14:00:00+05:30,544.68,30.09
2022-02-22 15:00:00+05:30,444.63,31.03
2022-02-22 16:00:00+05:30,304.0,31.59
2022-02-22 17:00:00+05:30,145.77,31.83
2022-02-22 18:00:00+05:30,21.36,30.7
2022-02-22 19:00:00+05:30,0.0,27.21
2022-02-22 20:00:00+05:30,0.0,24.56
2022-02-22 21:00:00+05:30,0.0,22.8
2022-02-22 22:00:00+05:30,0.0,21.64
2022-02-22 23:00:00+05:30,0.0,21.02
2022-02-23 00:00:00+05:30,0.0,20.48
2022-02-23 01:00:00+05:30,0.0,20.1
2022-02-23 02:00:00+05:30,0.0,19.3
2022-02-23 03:00:00+05:30,0.0,18.34
2022-02-23 04:00:00+05:30,0.0,17.23
2022-02-23 05:00:00+05:30,0.0,16.22
2022-02-23 06:00:00+05:30,0.0,15.49
2022-02-23 07:00:00+05:30,0.0,14.96
2022-02-23 08:00:00+05:30,105.6,14.88
2022-02-23 09:00:00+05:30,266.4,17.5
2022-02-23 10:00:00+05:30,416.59,20.89
2022-02-23 11:00:00+05:30,530.14,24.01
2022-02-23 12:00:00+05:30,587.6,26.19
2022-02-23 13:00:00+05:30,591.77,27.46
2022-02-23 14:00:00+05:30,546.35,28.22
2022-02-23 15:00:00+05:30,448.57,28.63
2022-02-23 16:00:00+05:30,308.3,28.7
2022-02-23 17:00:00+05:30,149.61,28.37
2022-02-23 18:00:00+05:30,21.88,27.54
2022-02-23 19:00:00+05:30,0.0,25.67
2022-02-23 20:00:00+05:30,0.0,23.05
2022-02-23 21:00:00+05:30,0.0,20.58
2022-02-23 22:00:00+05:30,0.0,18.89
2022-02-23 23:00:00+05:30,0.0,18.14
2022-02-24 00:00:00+05:30,0.0,17.73
2022-02-24 01:00:00+05:30,0.0,17.61
2022-02-24 02:00:00+05:30,0.0,17.3
2022-02-24 03:00:00+05:30,0.0,16.78
2022-02-24 04:00:00+05:30,0.0,16.19
2022-02-24 05:00:00+05:30,0.0,15.56
2022-02-24 06:00:00+05:30,0.0,15.13
2022-02-24 07:00:00+05:30,0.0,14.75
2022-02-24 08:00:00+05:30,105.3,14.81
2022-02-24 09:00:00+05:30,258.4,17.53
2022-02-24 10:00:00+05:30,386.59,20.73
2022-02-24 11:00:00+05:30,511.15,23.2
2022-02-24 12:00:00+05:30,564.57,25.32
2022-02-24 13:00:00+05:30,586.46,26.12
2022-02-24 14:00:00+05:30,501.63,26.88
2022-02-24 15:00:00+05:30,425.61,27.15
2022-02-24 16:00:00+05:30,248.28,27.49
2022-02-24 17:00:00+05:30,140.97,26.95
2022-02-24 18:00:00+05:30,20.88,26.37
2022-02-24 19:00:00+05:30,0.0,24.56
2022-02-24 20:00:00+05:30,0.0,22.36
2022-02-24 21:00:00+05:30,0.0,20.08
2022-02-24 22:00:00+05:30,0.0,18.66
2022-02-24 23:00:00+05:30,0.0,17.57
2022-02-25 00:00:00+05:30,0.0,16.86
2022-02-25 01:00:00+05:30,0.0,15.9
2022-02-25 02:00:00+05:30,0.0,15.29
2022-02-25 03:00:00+05:30,0.0,14.82
2022-02-25 04:00:00+05:30,0.0,14.44
2022-02-25 05:00:00+05:30,0.0,14.11
2022-02-25 06:00:00+05:30,0.0,13.85
2022-02-25 07:00:00+05:30,10.22,13.61
2022-02-25 08:00:00+05:30,113.16,13.68
2022-02-25 09:00:00+05:30,274.71,17.17
2022-02-25 10:00:00+05:30,423.79,21.08
2022-02-25 11:00:00+05:30,535.88,23.9
2022-02-25 12:00:00+05:30,595.96,25.91
2022-02-25 13:00:00+05:30,600.53,26.98
2022-02-25 14:00:00+05:30,544.37,27.71
2022-02-25 15:00:00+05:30,423.54,27.99
2022-02-25 16:00:00+05:30,292.21,27.96
2022-02-25 17:00:00+05:30,150.06,27.66
2022-02-25 18:00:00+05:30,23.03,26.88
2022-02-25 19:00:00+05:30,0.0,24.9
2022-02-25 20:00:00+05:30,0.0,22.32
2022-02-25 21:00:00+05:30,0.0,21.08
2022-02-25 22:00:00+05:30,0.0,20.37
2022-02-25 23:00:00+05:30,0.0,19.5
2022-02-26 00:00:00+05:30,0.0,18.65
2022-02-26 01:00:00+05:30,0.0,18.29
2022-02-26 02:00:00+05:30,0.0,17.42
2022-02-26 03:00:00+05:30,0.0,16.7
2022-02-26 04:00:00+05:30,0.0,16.16
2022-02-26 05:00:00+05:30,0.0,15.75
2022-02-26 06:00:00+05:30,0.0,15.36
2022-02-26 07:00:00+05:30,10.75,15.04
2022-02-26 08:00:00+05:30,115.58,15.1
2022-02-26 09:00:00+05:30,265.32,17.89
2022-02-26 10:00:00+05:30,420.14,20.96
2022-02-26 11:00:00+05:30,536.56,23.29
2022-02-26 12:00:00+05:30,597.85,25.18
2022-02-26 13:00:00+05:30,605.88,25.24
2022-02-26 14:00:00+05:30,559.7,26.32
2022-02-26 15:00:00+05:30,414.02,26.97
2022-02-26 16:00:00+05:30,298.89,26.98
2022-02-26 17:00:00+05:30,149.69,26.83
2022-02-26 18:00:00+05:30,16.22,26.09
2022-02-26 19:00:00+05:30,0.0,23.8
2022-02-26 20:00:00+05:30,0.0,22.01
2022-02-26 21:00:00+05:30,0.0,20.92
2022-02-26 22:00:00+05:30,0.0,20.09
2022-02-26 23:00:00+05:30,0.0,19.34
2022-02-27 00:00:00+05:30,0.0,18.57
2022-02-27 01:00:00+05:30,0.0,17.18
2022-02-27 02:00:00+05:30,0.0,16.5
2022-02-27 03:00:00+05:30,0.0,15.85
2022-02-27 04:00:00+05:30,0.0,15.26
2022-02-27 05:00:00+05:30,0.0,14.77
2022-02-27 06:00:00+05:30,0.0,14.36
2022-02-27 07:00:00+05:30,11.32,13.99
2022-02-27 08:00:00+05:30,119.62,14.06
2022-02-27 09:00:00+05:30,282.35,16.24
2022-02-27 10:00:00+05:30,430.36,19.07
2022-02-27 11:00:00+05:30,542.38,21.61
2022-02-27 12:00:00+05:30,606.68,23.55
2022-02-27 13:00:00+05:30,614.35,24.57
2022-02-27 14:00:00+05:30,545.2,25.4
2022-02-27 15:00:00+05:30,426.22,25.69
2022-02-27 16:00:00+05:30,313.09,25.63
2022-02-27 17:00:00+05:30,156.66,25.48
2022-02-27 18:00:00+05:30,17.17,24.81
2022-02-27 19:00:00+05:30,0.0,22.71
2022-02-27 20:00:00+05:30,0.0,20.38
2022-02-27 21:00:00+05:30,0.0,18.9
2022-02-27 22:00:00+05:30,0.0,17.83
2022-02-27 23:00:00+05:30,0.0,16.95
2022-02-28 00:00:00+05:30,0.0,16.16
2022-02-28 01:00:00+05:30,0.0,15.46
2022-02-28 02:00:00+05:30,0.0,14.71
2022-02-28 03:00:00+05:30,0.0,14.01
2022-02-28 04:00:00+05:30,0.0,13.37
2022-02-28 05:00:00+05:30,0.0,12.71
2022-02-28 06:00:00+05:30,0.0,12.01
2022-02-28 07:00:00+05:30,12.42,11.29
2022-02-28 08:00:00+05:30,129.93,10.91
2022-02-28 09:00:00+05:30,299.78,14.14
2022-02-28 10:00:00+05:30,454.84,17.58
2022-02-28 11:00:00+05:30,571.17,20.06
2022-02-28 12:00:00+05:30,638.07,22.15
2022-02-28 13:00:00+05:30,644.9,23.55
2022-02-28 14:00:00+05:30,593.13,24.7
2022-02-28 15:00:00+05:30,487.9,25.48
2022-02-28 16:00:00+05:30,340.85,25.79
2022-02-28 17:00:00+05:30,172.4,25.59
2022-02-28 18:00:00+05:30,18.62,24.71
2022-02-28 19:00:00+05:30,0.0,22.57
2022-02-28 20:00:00+05:30,0.0,19.98
2022-02-28 21:00:00+05:30,0.0,18.15
2022-02-28 22:00:00+05:30,0.0,16.75
2022-02-28 23:00:00+05:30,0.0,15.63
2022-03-01 00:00:00+05:30,0.0,14.91
2022-03-01 01:00:00+05:30,0.0,14.69
2022-03-01 02:00:00+05:30,0.0,14.12
2022-03-01 03:00:00+05:30,0.0,13.51
2022-03-01 04:00:00+05:30,0.0,13.01
2022-03-01 05:00:00+05:30,0.0,12.43
2022-03-01 06:00:00+05:30,0.0,11.92
2022-03-01 07:00:00+05:30,12.66,11.49
2022-03-01 08:00:00+05:30,130.8,11.51
2022-03-01 09:00:00+05:30,297.08,16.01
2022-03-01 10:00:00+05:30,447.82,20.26
2022-03-01 11:00:00+05:30,560.57,22.48
2022-03-01 12:00:00+05:30,621.93,23.99
2022-03-01 13:00:00+05:30,627.69,24.95
2022-03-01 14:00:00+05:30,576.77,25.86
2022-03-01 15:00:00+05:30,475.65,26.41
2022-03-01 16:00:00+05:30,333.5,26.66
2022-03-01 17:00:00+05:30,170.42,26.49
2022-03-01 18:00:00+05:30,20.43,25.9
2022-03-01 19:00:00+05:30,0.0,24.3
2022-03-01 20:00:00+05:30,0.0,22.03
2022-03-01 21:00:00+05:30,0.0,20.28
2022-03-01 22:00:00+05:30,0.0,18.63
2022-03-01 23:00:00+05:30,0.0,17.02
2022-03-02 00:00:00+05:30,0.0,15.94
2022-03-02 01:00:00+05:30,0.0,15.23
2022-03-02 02:00:00+05:30,0.0,14.83
2022-03-02 03:00:00+05:30,0.0,14.45
2022-03-02 04:00:00+05:30,0.0,14.02
2022-03-02 05:00:00+05:30,0.0,13.63
2022-03-02 06:00:00+05:30,0.0,13.29
2022-03-02 07:00:00+05:30,13.19,13.01
2022-03-02 08:00:00+05:30,134.51,13.12
2022-03-02 09:00:00+05:30,300.99,17.29
2022-03-02 10:00:00+05:30,451.89,21.15
2022-03-02 11:00:00+05:30,564.67,23.75
2022-03-02 12:00:00+05:30,626.91,25.5
2022-03-02 13:00:00+05:30,633.46,26.69
2022-03-02 14:00:00+05:30,583.27,27.54
2022-03-02 15:00:00+05:30,481.24,28.01
2022-03-02 16:00:00+05:30,337.66,28.12
2022-03-02 17:00:00+05:30,174.68,27.79
2022-03-02 18:00:00+05:30,22.4,26.93
2022-03-02 19:00:00+05:30,0.0,24.53
2022-03-02 20:00:00+05:30,0.0,22.68
2022-03-02 21:00:00+05:30,0.0,21.55
2022-03-02 22:00:00+05:30,0.0,20.79
2022-03-02 23:00:00+05:30,0.0,20.16
2022-03-03 00:00:00+05:30,0.0,19.0
2022-03-03 01:00:00+05:30,0.0,18.12
2022-03-03 02:00:00+05:30,0.0,17.43
2022-03-03 03:00:00+05:30,0.0,16.8
2022-03-03 04:00:00+05:30,0.0,16.28
2022-03-03 05:00:00+05:30,0.0,15.89
2022-03-03 06:00:00+05:30,0.0,15.6
2022-03-03 07:00:00+05:30,13.85,15.23
2022-03-03 08:00:00+05:30,135.95,15.2
2022-03-03 09:00:00+05:30,299.27,18.25
2022-03-03 10:00:00+05:30,448.68,21.28
2022-03-03 11:00:00+05:30,564.46,23.56
2022-03-03 12:00:00+05:30,628.0,25.5
2022-03-03 13:00:00+05:30,578.24,26.97
2022-03-03 14:00:00+05:30,548.95,27.7
2022-03-03 15:00:00+05:30,476.06,28.36
2022-03-03 16:00:00+05:30,329.69,28.68
2022-03-03 17:00:00+05:30,174.85,28.33
2022-03-03 18:00:00+05:30,23.93,27.41
2022-03-03 19:00:00+05:30,0.0,24.89
2022-03-03 20:00:00+05:30,0.0,22.5
2022-03-03 21:00:00+05:30,0.0,21.0
2022-03-03 22:00:00+05:30,0.0,20.09
2022-03-03 23:00:00+05:30,0.0,19.06
2022-03-04 00:00:00+05:30,0.0,18.11
2022-03-04 01:00:00+05:30,0.0,17.77
2022-03-04 02:00:00+05:30,0.0,17.15
2022-03-04 03:00:00+05:30,0.0,16.52
2022-03-04 04:00:00+05:30,0.0,15.86
2022-03-04 05:00:00+05:30,0.0,15.23
2022-03-04 06:00:00+05:30,0.0,14.66
2022-03-04 07:00:00+05:30,14.76,14.19
2022-03-04 08:00:00+05:30,144.49,14.37
2022-03-04 09:00:00+05:30,314.29,17.21
2022-03-04 10:00:00+05:30,467.19,20.56
2022-03-04 11:00:00+05:30,580.98,22.93
2022-03-04 12:00:00+05:30,644.46,24.54
2022-03-04 13:00:00+05:30,650.52,25.41
2022-03-04 14:00:00+05:30,598.53,26.42
2022-03-04 15:00:00+05:30,496.38,26.98
2022-03-04 16:00:00+05:30,351.37,27.14
2022-03-04 17:00:00+05:30,183.53,26.79
2022-03-04 18:00:00+05:30,32.5,25.83
2022-03-04 19:00:00+05:30,0.0,23.52
2022-03-04 20:00:00+05:30,0.0,21.47
2022-03-04 21:00:00+05:30,0.0,20.13
2022-03-04 22:00:00+05:30,0.0,19.02
2022-03-04 23:00:00+05:30,0.0,17.98
2022-03-05 00:00:00+05:30,0.0,17.04
2022-03-05 01:00:00+05:30,0.0,16.48
2022-03-05 02:00:00+05:30,0.0,15.75
2022-03-05 03:00:00+05:30,0.0,14.95
2022-03-05 04:00:00+05:30,0.0,14.24
2022-03-05 05:00:00+05:30,0.0,13.55
2022-03-05 06:00:00+05:30,0.0,12.81
2022-03-05 07:00:00+05:30,15.53,12.11
2022-03-05 08:00:00+05:30,150.98,12.03
2022-03-05 09:00:00+05:30,323.07,16.2
2022-03-05 10:00:00+05:30,477.59,19.54
2022-03-05 11:00:00+05:30,592.91,22.11
2022-03-05 12:00:00+05:30,655.88,24.33
2022-03-05 13:00:00+05:30,661.41,25.98
2022-03-05 14:00:00+05:30,609.14,27.12
2022-03-05 15:00:00+05:30,504.07,27.72
2022-03-05 16:00:00+05:30,357.26,27.82
2022-03-05 17:00:00+05:30,187.94,27.47
2022-03-05 18:00:00+05:30,34.78,26.54
2022-03-05 19:00:00+05:30,0.0,24.04
2022-03-05 20:00:00+05:30,0.0,21.51
2022-03-05 21:00:00+05:30,0.0,19.86
2022-03-05 22:00:00+05:30,0.0,18.55
2022-03-05 23:00:00+05:30,0.0,17.35
2022-03-06 00:00:00+05:30,0.0,16.27
2022-03-06 01:00:00+05:30,0.0,15.74
2022-03-06 02:00:00+05:30,0.0,15.14
2022-03-06 03:00:00+05:30,0.0,14.7
2022-03-06 04:00:00+05:30,0.0,14.29
2022-03-06 05:00:00+05:30,0.0,13.88
2022-03-06 06:00:00+05:30,0.0,13.55
2022-03-06 07:00:00+05:30,19.4,13.1
2022-03-06 08:00:00+05:30,149.31,13.26
2022-03-06 09:00:00+05:30,315.92,17.96
2022-03-06 10:00:00+05:30,456.95,22.16
2022-03-06 11:00:00+05:30,564.46,24.13
2022-03-06 12:00:00+05:30,636.31,25.44
2022-03-06 13:00:00+05:30,648.82,26.78
2022-03-06 14:00:00+05:30,602.96,27.73
2022-03-06 15:00:00+05:30,501.68,28.29
2022-03-06 16:00:00+05:30,328.43,28.43
2022-03-06 17:00:00+05:30,174.45,28.03
2022-03-06 18:00:00+05:30,36.14,27.16
2022-03-06 19:00:00+05:30,0.0,25.24
2022-03-06 20:00:00+05:30,0.0,23.3
2022-03-06 21:00:00+05:30,0.0,21.73
2022-03-06 22:00:00+05:30,0.0,20.85
2022-03-06 23:00:00+05:30,0.0,20.27
2022-03-07 00:00:00+05:30,0.0,19.94
2022-03-07 01:00:00+05:30,0.0,19.54
2022-03-07 02:00:00+05:30,0.0,19.06
2022-03-07 03:00:00+05:30,0.0,18.52
2022-03-07 04:00:00+05:30,0.0,18.04
2022-03-07 05:00:00+05:30,0.0,17.73
2022-03-07 06:00:00+05:30,0.0,17.34
2022-03-07 07:00:00+05:30,16.25,16.92
2022-03-07 08:00:00+05:30,140.6,17.21
2022-03-07 09:00:00+05:30,282.76,19.72
2022-03-07 10:00:00+05:30,453.92,22.4
2022-03-07 11:00:00+05:30,538.74,25.13
2022-03-07 12:00:00+05:30,654.06,26.93
2022-03-07 13:00:00+05:30,658.94,28.46
2022-03-07 14:00:00+05:30,607.22,29.42
2022-03-07 15:00:00+05:30,500.85,29.92
2022-03-07 16:00:00+05:30,358.21,29.96
2022-03-07 17:00:00+05:30,185.12,29.72
2022-03-07 18:00:00+05:30,33.13,29.03
2022-03-07 19:00:00+05:30,0.0,27.48
2022-03-07 20:00:00+05:30,0.0,24.59
2022-03-07 21:00:00+05:30,0.0,22.71
2022-03-07 22:00:00+05:30,0.0,21.55
2022-03-07 23:00:00+05:30,0.0,20.8
2022-03-08 00:00:00+05:30,0.0,20.15
2022-03-08 01:00:00+05:30,0.0,19.81
2022-03-08 02:00:00+05:30,0.0,19.17
2022-03-08 03:00:00+05:30,0.0,18.46
2022-03-08 04:00:00+05:30,0.0,17.75
2022-03-08 05:00:00+05:30,0.0,17.04
2022-03-08 06:00:00+05:30,0.0,16.55
2022-03-08 07:00:00+05:30,20.2,16.33
2022-03-08 08:00:00+05:30,154.43,16.84
2022-03-08 09:00:00+05:30,311.75,20.33
2022-03-08 10:00:00+05:30,468.58,23.79
2022-03-08 11:00:00+05:30,578.84,26.21
2022-03-08 12:00:00+05:30,633.77,27.86
2022-03-08 13:00:00+05:30,643.91,28.49
2022-03-08 14:00:00+05:30,601.7,29.43
2022-03-08 15:00:00+05:30,474.44,30.02
2022-03-08 16:00:00+05:30,341.2,29.93
2022-03-08 17:00:00+05:30,184.97,29.63
2022-03-08 18:00:00+05:30,38.52,28.77
2022-03-08 19:00:00+05:30,0.0,26.56
2022-03-08 20:00:00+05:30,0.0,24.92
2022-03-08 21:00:00+05:30,0.0,23.81
2022-03-08 22:00:00+05:30,0.0,22.7
2022-03-08 23:00:00+05:30,0.0,21.98
2022-03-09 00:00:00+05:30,0.0,21.28
2022-03-09 01:00:00+05:30,0.0,20.44
2022-03-09 02:00:00+05:30,0.0,19.2
2022-03-09 03:00:00+05:30,0.0,18.36
2022-03-09 04:00:00+05:30,0.0,17.71
2022-03-09 05:00:00+05:30,0.0,17.26
2022-03-09 06:00:00+05:30,0.0,16.92
2022-03-09 07:00:00+05:30,17.16,16.63
2022-03-09 08:00:00+05:30,157.98,16.91
2022-03-09 09:00:00+05:30,281.41,21.42
2022-03-09 10:00:00+05:30,445.59,22.99
2022-03-09 11:00:00+05:30,545.86,26.57
2022-03-09 12:00:00+05:30,653.57,28.55
2022-03-09 13:00:00+05:30,578.16,29.55
2022-03-09 14:00:00+05:30,477.88,29.75
2022-03-09 15:00:00+05:30,431.35,29.83
2022-03-09 16:00:00+05:30,292.85,29.85
2022-03-09 17:00:00+05:30,137.13,28.88
2022-03-09 18:00:00+05:30,36.45,27.61
2022-03-09 19:00:00+05:30,0.0,26.14
2022-03-09 20:00:00+05:30,0.0,23.25
2022-03-09 21:00:00+05:30,0.0,21.62
2022-03-09 22:00:00+05:30,0.0,21.05
2022-03-09 23:00:00+05:30,0.0,20.34
2022-03-10 00:00:00+05:30,0.0,20.12
2022-03-10 01:00:00+05:30,0.0,18.83
2022-03-10 02:00:00+05:30,0.0,18.34
2022-03-10 03:00:00+05:30,0.0,17.84
2022-03-10 04:00:00+05:30,0.0,17.24
2022-03-10 05:00:00+05:30,0.0,16.68
2022-03-10 06:00:00+05:30,0.0,16.21
2022-03-10 07:00:00+05:30,19.72,16.04
2022-03-10 08:00:00+05:30,167.59,17.0
2022-03-10 09:00:00+05:30,337.56,21.15
2022-03-10 10:00:00+05:30,488.64,24.75
2022-03-10 11:00:00+05:30,600.63,26.98
2022-03-10 12:00:00+05:30,627.23,28.21
2022-03-10 13:00:00+05:30,634.82,28.52
2022-03-10 14:00:00+05:30,590.77,29.25
2022-03-10 15:00:00+05:30,481.01,29.76
2022-03-10 16:00:00+05:30,348.44,29.9
2022-03-10 17:00:00+05:30,187.89,29.68
2022-03-10 18:00:00+05:30,38.35,29.09
2022-03-10 19:00:00+05:30,0.0,27.5
2022-03-10 20:00:00+05:30,0.0,25.75
2022-03-10 21:00:00+05:30,0.0,24.03
2022-03-10 22:00:00+05:30,0.0,22.18
2022-03-10 23:00:00+05:30,0.0,20.71
2022-03-11 00:00:00+05:30,0.0,19.59
2022-03-11 01:00:00+05:30,0.0,18.79
2022-03-11 02:00:00+05:30,0.0,17.96
2022-03-11 03:00:00+05:30,0.0,17.27
2022-03-11 04:00:00+05:30,0.0,17.02
2022-03-11 05:00:00+05:30,0.0,16.95
2022-03-11 06:00:00+05:30,0.0,16.89
2022-03-11 07:00:00+05:30,22.64,16.71
2022-03-11 08:00:00+05:30,176.0,17.2
2022-03-11 09:00:00+05:30,349.54,21.12
2022-03-11 10:00:00+05:30,503.02,24.97
2022-03-11 11:00:00+05:30,617.18,27.17
2022-03-11 12:00:00+05:30,678.29,28.68
2022-03-11 13:00:00+05:30,683.92,29.75
2022-03-11 14:00:00+05:30,631.82,30.56
2022-03-11 15:00:00+05:30,526.22,30.98
2022-03-11 16:00:00+05:30,378.4,31.0
2022-03-11 17:00:00+05:30,206.83,30.61
2022-03-11 18:00:00+05:30,47.27,29.67
2022-03-11 19:00:00+05:30,0.0,27.17
2022-03-11 20:00:00+05:30,0.0,24.78
2022-03-11 21:00:00+05:30,0.0,23.3
2022-03-11 22:00:00+05:30,0.0,22.12
2022-03-11 23:00:00+05:30,0.0,21.03
2022-03-12 00:00:00+05:30,0.0,20.07
2022-03-12 01:00:00+05:30,0.0,19.36
2022-03-12 02:00:00+05:30,0.0,18.74
2022-03-12 03:00:00+05:30,0.0,18.13
2022-03-12 04:00:00+05:30,0.0,17.54
2022-03-12 05:00:00+05:30,0.0,16.94
2022-03-12 06:00:00+05:30,0.0,16.34
2022-03-12 07:00:00+05:30,25.46,15.72
2022-03-12 08:00:00+05:30,182.96,15.91
2022-03-12 09:00:00+05:30,358.28,21.51
2022-03-12 10:00:00+05:30,512.63,25.68
2022-03-12 11:00:00+05:30,625.97,27.68
2022-03-12 12:00:00+05:30,688.52,29.3
2022-03-12 13:00:00+05:30,692.42,30.58
2022-03-12 14:00:00+05:30,638.33,31.47
2022-03-12 15:00:00+05:30,531.43,31.96
2022-03-12 16:00:00+05:30,382.67,32.05
2022-03-12 17:00:00+05:30,210.19,31.74
2022-03-12 18:00:00+05:30,49.6,30.85
2022-03-12 19:00:00+05:30,0.0,28.59
2022-03-12 20:00:00+05:30,0.0,26.27
2022-03-12 21:00:00+05:30,0.0,24.42
2022-03-12 22:00:00+05:30,0.0,22.91
2022-03-12 23:00:00+05:30,0.0,21.59
2022-03-13 00:00:00+05:30,0.0,20.3
2022-03-13 01:00:00+05:30,0.0,19.5
2022-03-13 02:00:00+05:30,0.0,18.67
2022-03-13 03:00:00+05:30,0.0,18.01
2022-03-13 04:00:00+05:30,0.0,17.51
2022-03-13 05:00:00+05:30,0.0,17.23
2022-03-13 06:00:00+05:30,0.0,17.55
2022-03-13 07:00:00+05:30,27.63,18.38
2022-03-13 08:00:00+05:30,184.44,19.9
2022-03-13 09:00:00+05:30,357.87,22.68
2022-03-13 10:00:00+05:30,510.32,27.14
2022-03-13 11:00:00+05:30,622.45,29.94
2022-03-13 12:00:00+05:30,682.82,31.79
2022-03-13 13:00:00+05:30,686.99,32.96
2022-03-13 14:00:00+05:30,634.02,33.96
2022-03-13 15:00:00+05:30,528.81,34.54
2022-03-13 16:00:00+05:30,381.84,34.72
2022-03-13 17:00:00+05:30,210.84,34.44
2022-03-13 18:00:00+05:30,51.07,33.37
2022-03-13 19:00:00+05:30,0.0,31.2
2022-03-13 20:00:00+05:30,0.0,28.95
2022-03-13 21:00:00+05:30,0.0,26.87
2022-03-13 22:00:00+05:30,0.0,24.93
2022-03-13 23:00:00+05:30,0.0,23.54
2022-03-14 00:00:00+05:30,0.0,22.02
2022-03-14 01:00:00+05:30,0.0,21.15
2022-03-14 02:00:00+05:30,0.0,20.43
2022-03-14 03:00:00+05:30,0.0,19.71
2022-03-14 04:00:00+05:30,0.0,19.06
2022-03-14 05:00:00+05:30,0.0,18.47
2022-03-14 06:00:00+05:30,0.0,17.96
2022-03-14 07:00:00+05:30,30.66,17.5
2022-03-14 08:00:00+05:30,190.89,17.85
2022-03-14 09:00:00+05:30,365.64,23.7
2022-03-14 10:00:00+05:30,518.53,28.26
2022-03-14 11:00:00+05:30,630.69,31.05
2022-03-14 12:00:00+05:30,690.98,32.95
2022-03-14 13:00:00+05:30,694.21,34.2
2022-03-14 14:00:00+05:30,640.22,35.32
2022-03-14 15:00:00+05:30,533.98,35.86
2022-03-14 16:00:00+05:30,386.14,35.94
2022-03-14 17:00:00+05:30,214.35,35.59
2022-03-14 18:00:00+05:30,53.36,34.53
2022-03-14 19:00:00+05:30,0.0,31.88
2022-03-14 20:00:00+05:30,0.0,29.51
2022-03-14 21:00:00+05:30,0.0,27.64
2022-03-14 22:00:00+05:30,0.0,25.93
2022-03-14 23:00:00+05:30,0.0,24.28
2022-03-15 00:00:00+05:30,0.0,23.05
2022-03-15 01:00:00+05:30,0.0,22.27
2022-03-15 02:00:00+05:30,0.0,21.53
2022-03-15 03:00:00+05:30,0.0,20.74
2022-03-15 04:00:00+05:30,0.0,19.93
2022-03-15 05:00:00+05:30,0.0,19.25
2022-03-15 06:00:00+05:30,0.0,18.62
2022-03-15 07:00:00+05:30,33.28,18.26
2022-03-15 08:00:00+05:30,196.24,18.93
2022-03-15 09:00:00+05:30,372.78,24.28
2022-03-15 10:00:00+05:30,527.27,28.62
2022-03-15 11:00:00+05:30,640.71,31.97
2022-03-15 12:00:00+05:30,700.52,34.58
2022-03-15 13:00:00+05:30,703.84,35.98
2022-03-15 14:00:00+05:30,649.21,37.02
2022-03-15 15:00:00+05:30,541.96,37.34
2022-03-15 16:00:00+05:30,392.82,37.25
2022-03-15 17:00:00+05:30,219.4,36.77
2022-03-15 18:00:00+05:30,55.97,35.59
2022-03-15 19:00:00+05:30,0.0,32.64
2022-03-15 20:00:00+05:30,0.0,29.78
2022-03-15 21:00:00+05:30,0.0,27.71
2022-03-15 22:00:00+05:30,0.0,26.19
2022-03-15 23:00:00+05:30,0.0,24.95
2022-03-16 00:00:00+05:30,0.0,23.86
2022-03-16 01:00:00+05:30,0.0,23.57
2022-03-16 02:00:00+05:30,0.0,22.76
2022-03-16 03:00:00+05:30,0.0,21.92
2022-03-16 04:00:00+05:30,0.0,21.14
2022-03-16 05:00:00+05:30,0.0,20.4
2022-03-16 06:00:00+05:30,0.0,19.71
2022-03-16 07:00:00+05:30,36.43,19.11
2022-03-16 08:00:00+05:30,202.69,19.69
2022-03-16 09:00:00+05:30,379.49,24.09
2022-03-16 10:00:00+05:30,533.13,28.2
2022-03-16 11:00:00+05:30,645.64,31.26
2022-03-16 12:00:00+05:30,705.34,33.84
2022-03-16 13:00:00+05:30,708.64,35.67
2022-03-16 14:00:00+05:30,654.2,36.94
2022-03-16 15:00:00+05:30,547.0,37.46
2022-03-16 16:00:00+05:30,397.38,37.45
2022-03-16 17:00:00+05:30,223.16,36.96
2022-03-16 18:00:00+05:30,58.04,35.85
2022-03-16 19:00:00+05:30,0.0,33.01
2022-03-16 20:00:00+05:30,0.0,30.23
2022-03-16 21:00:00+05:30,0.0,28.18
2022-03-16 22:00:00+05:30,0.0,26.71
2022-03-16 23:00:00+05:30,0.0,25.51
2022-03-17 00:00:00+05:30,0.0,24.42
2022-03-17 01:00:00+05:30,0.0,23.76
2022-03-17 02:00:00+05:30,0.0,22.93
2022-03-17 03:00:00+05:30,0.0,22.16
2022-03-17 04:00:00+05:30,0.0,21.47
2022-03-17 05:00:00+05:30,0.0,20.9
2022-03-17 06:00:00+05:30,0.0,20.31
2022-03-17 07:00:00+05:30,39.2,19.74
2022-03-17 08:00:00+05:30,207.49,20.29
2022-03-17 09:00:00+05:30,385.09,24.62
2022-03-17 10:00:00+05:30,539.27,28.79
2022-03-17 11:00:00+05:30,652.08,31.75
2022-03-17 12:00:00+05:30,712.41,33.8
2022-03-17 13:00:00+05:30,715.12,35.3
2022-03-17 14:00:00+05:30,660.01,36.63
2022-03-17 15:00:00+05:30,552.16,37.45
2022-03-17 16:00:00+05:30,401.99,37.74
2022-03-17 17:00:00+05:30,226.98,37.39
2022-03-17 18:00:00+05:30,60.45,36.21
2022-03-17 19:00:00+05:30,0.0,33.38
2022-03-17 20:00:00+05:30,0.0,30.43
2022-03-17 21:00:00+05:30,0.0,28.21
2022-03-17 22:00:00+05:30,0.0,26.3
2022-03-17 23:00:00+05:30,0.0,24.86
2022-03-18 00:00:00+05:30,0.0,24.24
2022-03-18 01:00:00+05:30,0.0,24.2
2022-03-18 02:00:00+05:30,0.0,23.57
2022-03-18 03:00:00+05:30,0.0,22.64
2022-03-18 04:00:00+05:30,0.0,21.6
2022-03-18 05:00:00+05:30,0.0,21.02
2022-03-18 06:00:00+05:30,0.0,20.73
2022-03-18 07:00:00+05:30,41.13,20.48
2022-03-18 08:00:00+05:30,207.39,21.41
2022-03-18 09:00:00+05:30,382.5,25.85
2022-03-18 10:00:00+05:30,534.27,29.21
2022-03-18 11:00:00+05:30,644.68,31.61
2022-03-18 12:00:00+05:30,704.32,33.24
2022-03-18 13:00:00+05:30,706.62,34.24
2022-03-18 14:00:00+05:30,654.17,35.15
2022-03-18 15:00:00+05:30,540.67,35.77
2022-03-18 16:00:00+05:30,351.49,36.09
2022-03-18 17:00:00+05:30,211.66,35.77
2022-03-18 18:00:00+05:30,59.28,35.22
2022-03-18 19:00:00+05:30,0.0,33.33
2022-03-18 20:00:00+05:30,0.0,30.67
2022-03-18 21:00:00+05:30,0.0,28.66
2022-03-18 22:00:00+05:30,0.0,27.34
2022-03-18 23:00:00+05:30,0.0,26.39
2022-03-19 00:00:00+05:30,0.0,25.63
2022-03-19 01:00:00+05:30,0.0,25.18
2022-03-19 02:00:00+05:30,0.0,24.62
2022-03-19 03:00:00+05:30,0.0,23.53
2022-03-19 04:00:00+05:30,0.0,22.32
2022-03-19 05:00:00+05:30,0.0,21.75
2022-03-19 06:00:00+05:30,0.0,21.11
2022-03-19 07:00:00+05:30,43.8,20.65
2022-03-19 08:00:00+05:30,210.87,21.7
2022-03-19 09:00:00+05:30,385.31,26.15
2022-03-19 10:00:00+05:30,537.65,29.26
2022-03-19 11:00:00+05:30,652.51,31.77
2022-03-19 12:00:00+05:30,715.57,33.83
2022-03-19 13:00:00+05:30,708.27,35.56
2022-03-19 14:00:00+05:30,658.44,36.81
2022-03-19 15:00:00+05:30,564.14,37.42
2022-03-19 16:00:00+05:30,405.25,37.46
2022-03-19 17:00:00+05:30,230.26,37.06
2022-03-19 18:00:00+05:30,64.69,35.99
2022-03-19 19:00:00+05:30,0.0,33.61
2022-03-19 20:00:00+05:30,0.0,31.0
2022-03-19 21:00:00+05:30,0.0,29.01
2022-03-19 22:00:00+05:30,0.0,27.25
2022-03-19 23:00:00+05:30,0.0,25.44
2022-03-20 00:00:00+05:30,0.0,23.76
2022-03-20 01:00:00+05:30,0.0,23.23
2022-03-20 02:00:00+05:30,0.0,22.26
2022-03-20 03:00:00+05:30,0.0,21.47
2022-03-20 04:00:00+05:30,0.0,21.4
2022-03-20 05:00:00+05:30,0.0,21.37
2022-03-20 06:00:00+05:30,0.0,21.52
2022-03-20 07:00:00+05:30,41.18,22.01
2022-03-20 08:00:00+05:30,185.24,22.88
2022-03-20 09:00:00+05:30,353.73,26.31
2022-03-20 10:00:00+05:30,501.08,29.87
2022-03-20 11:00:00+05:30,656.53,32.61
2022-03-20 12:00:00+05:30,732.34,35.05
2022-03-20 13:00:00+05:30,735.59,35.98
2022-03-20 14:00:00+05:30,680.44,36.5
2022-03-20 15:00:00+05:30,571.46,36.74
2022-03-20 16:00:00+05:30,419.12,36.69
2022-03-20 17:00:00+05:30,240.83,36.21
2022-03-20 18:00:00+05:30,68.56,35.05
2022-03-20 19:00:00+05:30,0.0,32.0
2022-03-20 20:00:00+05:30,0.0,29.1
2022-03-20 21:00:00+05:30,0.0,27.36
2022-03-20 22:00:00+05:30,0.0,26.05
2022-03-20 23:00:00+05:30,0.0,24.91
2022-03-21 00:00:00+05:30,0.0,23.9
2022-03-21 01:00:00+05:30,0.0,23.31
2022-03-21 02:00:00+05:30,0.0,22.66
2022-03-21 03:00:00+05:30,0.0,22.17
2022-03-21 04:00:00+05:30,0.0,21.9
2022-03-21 05:00:00+05:30,0.0,21.56
2022-03-21 06:00:00+05:30,0.0,21.47
2022-03-21 07:00:00+05:30,57.16,21.49
2022-03-21 08:00:00+05:30,225.95,22.63
2022-03-21 09:00:00+05:30,406.45,26.3
2022-03-21 10:00:00+05:30,557.4,30.03
2022-03-21 11:00:00+05:30,670.21,33.21
2022-03-21 12:00:00+05:30,732.35,35.16
2022-03-21 13:00:00+05:30,715.58,35.94
2022-03-21 14:00:00+05:30,679.02,36.35
2022-03-21 15:00:00+05:30,568.25,36.53
2022-03-21 16:00:00+05:30,417.67,36.43
2022-03-21 17:00:00+05:30,236.68,35.99
2022-03-21 18:00:00+05:30,69.1,34.96
2022-03-21 19:00:00+05:30,0.0,32.36
2022-03-21 20:00:00+05:30,0.0,29.61
2022-03-21 21:00:00+05:30,0.0,27.92
2022-03-21 22:00:00+05:30,0.0,26.51
2022-03-21 23:00:00+05:30,0.0,25.23
2022-03-22 00:00:00+05:30,0.0,24.05
2022-03-22 01:00:00+05:30,0.0,23.38
2022-03-22 02:00:00+05:30,0.0,22.81
2022-03-22 03:00:00+05:30,0.0,22.62
2022-03-22 04:00:00+05:30,0.0,22.7
2022-03-22 05:00:00+05:30,0.0,22.6
2022-03-22 06:00:00+05:30,0.0,22.11
2022-03-22 07:00:00+05:30,61.46,21.37
2022-03-22 08:00:00+05:30,232.06,21.67
2022-03-22 09:00:00+05:30,411.76,26.04
2022-03-22 10:00:00+05:30,565.64,29.58
2022-03-22 11:00:00+05:30,677.01,32.24
2022-03-22 12:00:00+05:30,732.85,34.03
2022-03-22 13:00:00+05:30,737.14,35.46
2022-03-22 14:00:00+05:30,669.7,36.1
2022-03-22 15:00:00+05:30,564.72,36.25
2022-03-22 16:00:00+05:30,419.08,36.1
2022-03-22 17:00:00+05:30,237.77,35.65
2022-03-22 18:00:00+05:30,71.37,34.72
2022-03-22 19:00:00+05:30,0.0,32.23
2022-03-22 20:00:00+05:30,0.0,29.59
2022-03-22 21:00:00+05:30,0.0,27.63
2022-03-22 22:00:00+05:30,0.0,26.09
2022-03-22 23:00:00+05:30,0.0,24.75
2022-03-23 00:00:00+05:30,0.0,23.85
2022-03-23 01:00:00+05:30,0.0,23.73
2022-03-23 02:00:00+05:30,0.0,23.41
2022-03-23 03:00:00+05:30,0.0,22.94
2022-03-23 04:00:00+05:30,0.0,22.25
2022-03-23 05:00:00+05:30,0.0,21.28
2022-03-23 06:00:00+05:30,0.0,21.91
2022-03-23 07:00:00+05:30,64.66,19.39
2022-03-23 08:00:00+05:30,235.25,20.25
2022-03-23 09:00:00+05:30,414.19,25.65
2022-03-23 10:00:00+05:30,567.8,29.54
2022-03-23 11:00:00+05:30,678.86,32.25
2022-03-23 12:00:00+05:30,723.77,33.97
2022-03-23 13:00:00+05:30,714.29,34.46
2022-03-23 14:00:00+05:30,609.09,35.14
2022-03-23 15:00:00+05:30,567.06,35.26
2022-03-23 16:00:00+05:30,369.28,35.51
2022-03-23 17:00:00+05:30,222.64,35.14
2022-03-23 18:00:00+05:30,69.31,34.44
2022-03-23 19:00:00+05:30,0.0,32.51
2022-03-23 20:00:00+05:30,0.0,30.27
2022-03-23 21:00:00+05:30,0.0,28.14
2022-03-23 22:00:00+05:30,0.0,26.72
2022-03-23 23:00:00+05:30,0.0,25.28
2022-03-24 00:00:00+05:30,0.0,24.31
2022-03-24 01:00:00+05:30,0.0,24.41
2022-03-24 02:00:00+05:30,0.0,24.45
2022-03-24 03:00:00+05:30,0.0,23.98
2022-03-24 04:00:00+05:30,0.0,23.46
2022-03-24 05:00:00+05:30,0.0,23.2
2022-03-24 06:00:00+05:30,0.0,22.66
2022-03-24 07:00:00+05:30,67.82,22.33
2022-03-24 08:00:00+05:30,233.45,23.02
2022-03-24 09:00:00+05:30,421.51,26.15
2022-03-24 10:00:00+05:30,576.44,28.92
2022-03-24 11:00:00+05:30,685.57,31.34
2022-03-24 12:00:00+05:30,702.89,33.33
2022-03-24 13:00:00+05:30,687.75,34.35
2022-03-24 14:00:00+05:30,661.61,34.9
2022-03-24 15:00:00+05:30,569.92,35.23
2022-03-24 16:00:00+05:30,425.9,35.28
2022-03-24 17:00:00+05:30,247.1,34.96
2022-03-24 18:00:00+05:30,75.8,34.1
2022-03-24 19:00:00+05:30,0.0,32.26
2022-03-24 20:00:00+05:30,0.0,30.15
2022-03-24 21:00:00+05:30,0.0,28.15
2022-03-24 22:00:00+05:30,0.0,26.36
2022-03-24 23:00:00+05:30,0.0,24.86
2022-03-25 00:00:00+05:30,0.0,23.64
2022-03-25 01:00:00+05:30,0.0,23.31
2022-03-25 02:00:00+05:30,0.0,22.73
2022-03-25 03:00:00+05:30,0.0,22.12
2022-03-25 04:00:00+05:30,0.0,21.45
2022-03-25 05:00:00+05:30,0.0,20.73
2022-03-25 06:00:00+05:30,0.0,20.02
2022-03-25 07:00:00+05:30,72.64,19.43
2022-03-25 08:00:00+05:30,248.47,20.34
2022-03-25 09:00:00+05:30,430.14,25.37
2022-03-25 10:00:00+05:30,585.33,29.19
2022-03-25 11:00:00+05:30,697.82,31.63
2022-03-25 12:00:00+05:30,754.19,33.59
2022-03-25 13:00:00+05:30,730.95,34.97
2022-03-25 14:00:00+05:30,695.25,35.83
2022-03-25 15:00:00+05:30,582.56,35.98
2022-03-25 16:00:00+05:30,433.76,35.75
2022-03-25 17:00:00+05:30,250.2,35.23
2022-03-25 18:00:00+05:30,79.03,34.17
2022-03-25 19:00:00+05:30,0.0,31.58
2022-03-25 20:00:00+05:30,0.0,29.02
2022-03-25 21:00:00+05:30,0.0,27.12
2022-03-25 22:00:00+05:30,0.0,25.35
2022-03-25 23:00:00+05:30,0.0,23.89
2022-03-26 00:00:00+05:30,0.0,23.2
2022-03-26 01:00:00+05:30,0.0,23.56
2022-03-26 02:00:00+05:30,0.0,22.86
2022-03-26 03:00:00+05:30,0.0,21.99
2022-03-26 04:00:00+05:30,0.0,21.11
2022-03-26 05:00:00+05:30,0.0,20.27
2022-03-26 06:00:00+05:30,0.0,19.55
2022-03-26 07:00:00+05:30,77.54,18.81
2022-03-26 08:00:00+05:30,256.32,19.82
2022-03-26 09:00:00+05:30,439.05,25.21
2022-03-26 10:00:00+05:30,594.21,29.36
2022-03-26 11:00:00+05:30,705.89,31.94
2022-03-26 12:00:00+05:30,767.32,33.8
2022-03-26 13:00:00+05:30,768.74,35.47
2022-03-26 14:00:00+05:30,711.81,35.94
2022-03-26 15:00:00+05:30,601.4,36.07
2022-03-26 16:00:00+05:30,446.92,35.98
2022-03-26 17:00:00+05:30,264.23,35.54
2022-03-26 18:00:00+05:30,83.77,34.55
2022-03-26 19:00:00+05:30,0.0,32.04
2022-03-26 20:00:00+05:30,0.0,29.66
2022-03-26 21:00:00+05:30,0.0,27.46
2022-03-26 22:00:00+05:30,0.0,25.51
2022-03-26 23:00:00+05:30,0.0,23.75
2022-03-27 00:00:00+05:30,0.0,22.16
2022-03-27 01:00:00+05:30,0.0,21.65
2022-03-27 02:00:00+05:30,0.0,20.77
2022-03-27 03:00:00+05:30,0.0,20.17
2022-03-27 04:00:00+05:30,0.0,19.57
2022-03-27 05:00:00+05:30,0.0,18.8
2022-03-27 06:00:00+05:30,0.0,18.12
2022-03-27 07:00:00+05:30,83.46,18.29
2022-03-27 08:00:00+05:30,267.31,20.43
2022-03-27 09:00:00+05:30,453.74,25.75
2022-03-27 10:00:00+05:30,611.69,30.14
2022-03-27 11:00:00+05:30,725.04,33.11
2022-03-27 12:00:00+05:30,781.25,35.36
2022-03-27 13:00:00+05:30,781.33,36.58
2022-03-27 14:00:00+05:30,722.77,37.1
2022-03-27 15:00:00+05:30,610.38,37.29
2022-03-27 16:00:00+05:30,453.9,37.23
2022-03-27 17:00:00+05:30,269.36,36.8
2022-03-27 18:00:00+05:30,86.64,35.53
2022-03-27 19:00:00+05:30,0.0,33.52
2022-03-27 20:00:00+05:30,0.0,30.8
2022-03-27 21:00:00+05:30,0.0,27.74
2022-03-27 22:00:00+05:30,0.0,25.46
2022-03-27 23:00:00+05:30,0.0,24.34
2022-03-28 00:00:00+05:30,0.0,23.53
2022-03-28 01:00:00+05:30,0.0,23.55
2022-03-28 02:00:00+05:30,0.0,23.14
2022-03-28 03:00:00+05:30,0.0,22.54
2022-03-28 04:00:00+05:30,0.0,21.89
2022-03-28 05:00:00+05:30,0.0,21.38
2022-03-28 06:00:00+05:30,0.0,21.05
2022-03-28 07:00:00+05:30,87.61,20.7
2022-03-28 08:00:00+05:30,272.68,21.95
2022-03-28 09:00:00+05:30,459.03,26.8
2022-03-28 10:00:00+05:30,616.38,31.06
2022-03-28 11:00:00+05:30,729.01,34.0
2022-03-28 12:00:00+05:30,786.19,36.21
2022-03-28 13:00:00+05:30,785.34,37.54
2022-03-28 14:00:00+05:30,726.03,38.07
2022-03-28 15:00:00+05:30,612.95,38.32
2022-03-28 16:00:00+05:30,455.95,38.25
2022-03-28 17:00:00+05:30,271.16,37.82
2022-03-28 18:00:00+05:30,88.25,36.6
2022-03-28 19:00:00+05:30,0.0,34.49
2022-03-28 20:00:00+05:30,0.0,31.84
2022-03-28 21:00:00+05:30,0.0,29.59
2022-03-28 22:00:00+05:30,0.0,27.6
2022-03-28 23:00:00+05:30,0.0,25.68
2022-03-29 00:00:00+05:30,0.0,24.38
2022-03-29 01:00:00+05:30,0.0,23.6
2022-03-29 02:00:00+05:30,0.0,23.14
2022-03-29 03:00:00+05:30,0.0,22.79
2022-03-29 04:00:00+05:30,0.0,22.28
2022-03-29 05:00:00+05:30,0.0,21.58
2022-03-29 06:00:00+05:30,0.0,20.89
2022-03-29 07:00:00+05:30,91.73,20.21
2022-03-29 08:00:00+05:30,278.23,21.07
2022-03-29 09:00:00+05:30,464.72,26.31
2022-03-29 10:00:00+05:30,621.88,30.14
2022-03-29 11:00:00+05:30,734.16,33.48
2022-03-29 12:00:00+05:30,791.58,36.31
2022-03-29 13:00:00+05:30,790.33,37.55
2022-03-29 14:00:00+05:30,730.38,38.36
2022-03-29 15:00:00+05:30,616.63,38.73
2022-03-29 16:00:00+05:30,458.96,38.76
2022-03-29 17:00:00+05:30,273.59,38.42
2022-03-29 18:00:00+05:30,90.07,37.38
2022-03-29 19:00:00+05:30,0.0,35.28
2022-03-29 20:00:00+05:30,0.0,32.46
2022-03-29 21:00:00+05:30,0.0,29.84
2022-03-29 22:00:00+05:30,0.0,27.52
2022-03-29 23:00:00+05:30,0.0,26.08
2022-03-30 00:00:00+05:30,0.0,25.06
2022-03-30 01:00:00+05:30,0.0,24.36
2022-03-30 02:00:00+05:30,0.0,23.55
2022-03-30 03:00:00+05:30,0.0,22.69
2022-03-30 04:00:00+05:30,0.0,21.87
2022-03-30 05:00:00+05:30,0.0,21.22
2022-03-30 06:00:00+05:30,0.0,20.63
2022-03-30 07:00:00+05:30,94.5,20.03
2022-03-30 08:00:00+05:30,280.42,21.2
2022-03-30 09:00:00+05:30,465.85,27.25
2022-03-30 10:00:00+05:30,621.75,31.29
2022-03-30 11:00:00+05:30,732.8,34.42
2022-03-30 12:00:00+05:30,789.14,36.64
2022-03-30 13:00:00+05:30,787.91,37.96
2022-03-30 14:00:00+05:30,728.55,38.58
2022-03-30 15:00:00+05:30,615.65,38.85
2022-03-30 16:00:00+05:30,459.3,38.8
2022-03-30 17:00:00+05:30,275.07,38.46
2022-03-30 18:00:00+05:30,91.87,37.53
2022-03-30 19:00:00+05:30,0.0,35.59
2022-03-30 20:00:00+05:30,0.0,32.28
2022-03-30 21:00:00+05:30,0.0,29.76
2022-03-30 22:00:00+05:30,0.0,28.33
2022-03-30 23:00:00+05:30,0.0,26.35
2022-03-31 00:00:00+05:30,0.0,24.52
2022-03-31 01:00:00+05:30,0.0,23.34
2022-03-31 02:00:00+05:30,0.0,22.56
2022-03-31 03:00:00+05:30,0.0,21.98
2022-03-31 04:00:00+05:30,0.0,21.6
2022-03-31 05:00:00+05:30,0.0,21.85
2022-03-31 06:00:00+05:30,0.0,22.17
2022-03-31 07:00:00+05:30,97.41,22.0
2022-03-31 08:00:00+05:30,283.81,23.37
2022-03-31 09:00:00+05:30,469.43,27.43
2022-03-31 10:00:00+05:30,625.5,31.3
2022-03-31 11:00:00+05:30,736.86,34.81
2022-03-31 12:00:00+05:30,796.61,37.4
2022-03-31 13:00:00+05:30,796.09,38.6
2022-03-31 14:00:00+05:30,736.61,38.95
2022-03-31 15:00:00+05:30,623.43,38.99
2022-03-31 16:00:00+05:30,466.17,38.69
2022-03-31 17:00:00+05:30,280.56,38.08
2022-03-31 18:00:00+05:30,95.14,36.97
2022-03-31 19:00:00+05:30,0.0,34.15
2022-03-31 20:00:00+05:30,0.0,31.17
2022-03-31 21:00:00+05:30,0.0,29.19
2022-03-31 22:00:00+05:30,0.0,27.72
2022-03-31 23:00:00+05:30,0.0,26.63
2022-04-01 00:00:00+05:30,0.0,25.91
2022-04-01 01:00:00+05:30,0.0,26.38
2022-04-01 02:00:00+05:30,0.0,26.33
2022-04-01 03:00:00+05:30,0.0,25.95
2022-04-01 04:00:00+05:30,0.0,25.29
2022-04-01 05:00:00+05:30,0.0,24.51
2022-04-01 06:00:00+05:30,0.0,23.59
2022-04-01 07:00:00+05:30,102.09,22.61
2022-04-01 08:00:00+05:30,290.78,23.68
2022-04-01 09:00:00+05:30,478.26,27.86
2022-04-01 10:00:00+05:30,636.32,31.51
2022-04-01 11:00:00+05:30,749.66,33.54
2022-04-01 12:00:00+05:30,807.68,34.89
2022-04-01 13:00:00+05:30,807.42,35.79
2022-04-01 14:00:00+05:30,747.9,36.57
2022-04-01 15:00:00+05:30,634.03,37.0
2022-04-01 16:00:00+05:30,475.56,37.0
2022-04-01 17:00:00+05:30,288.09,36.58
2022-04-01 18:00:00+05:30,99.39,35.62
2022-04-01 19:00:00+05:30,0.0,33.06
2022-04-01 20:00:00+05:30,0.0,30.15
2022-04-01 21:00:00+05:30,0.0,28.29
2022-04-01 22:00:00+05:30,0.0,26.82
2022-04-01 23:00:00+05:30,0.0,25.46
2022-04-02 00:00:00+05:30,0.0,24.3
2022-04-02 01:00:00+05:30,0.0,23.22
2022-04-02 02:00:00+05:30,0.0,22.29
2022-04-02 03:00:00+05:30,0.0,21.63
2022-04-02 04:00:00+05:30,0.0,21.18
2022-04-02 05:00:00+05:30,0.0,20.72
2022-04-02 06:00:00+05:30,0.0,20.22
2022-04-02 07:00:00+05:30,108.31,19.72
2022-04-02 08:00:00+05:30,299.48,21.43
2022-04-02 09:00:00+05:30,486.58,27.96
2022-04-02 10:00:00+05:30,642.85,32.27
2022-04-02 11:00:00+05:30,753.68,34.68
2022-04-02 12:00:00+05:30,812.62,36.21
2022-04-02 13:00:00+05:30,810.43,37.49
2022-04-02 14:00:00+05:30,749.53,38.06
2022-04-02 15:00:00+05:30,634.67,38.39
2022-04-02 16:00:00+05:30,475.9,38.41
2022-04-02 17:00:00+05:30,288.59,38.11
2022-04-02 18:00:00+05:30,100.49,37.26
2022-04-02 19:00:00+05:30,0.0,35.04
2022-04-02 20:00:00+05:30,0.0,31.82
2022-04-02 21:00:00+05:30,0.0,29.43
2022-04-02 22:00:00+05:30,0.0,26.65
2022-04-02 23:00:00+05:30,0.0,24.78
2022-04-03 00:00:00+05:30,0.0,23.79
2022-04-03 01:00:00+05:30,0.0,23.05
2022-04-03 02:00:00+05:30,0.0,22.3
2022-04-03 03:00:00+05:30,0.0,21.73
2022-04-03 04:00:00+05:30,0.0,21.16
2022-04-03 05:00:00+05:30,0.0,20.16
2022-04-03 06:00:00+05:30,0.0,19.71
2022-04-03 07:00:00+05:30,112.59,19.44
2022-04-03 08:00:00+05:30,305.55,21.41
2022-04-03 09:00:00+05:30,493.81,27.58
2022-04-03 10:00:00+05:30,651.01,31.59
2022-04-03 11:00:00+05:30,762.58,34.99
2022-04-03 12:00:00+05:30,819.84,37.51
2022-04-03 13:00:00+05:30,817.43,38.95
2022-04-03 14:00:00+05:30,756.29,39.32
2022-04-03 15:00:00+05:30,641.33,39.46
2022-04-03 16:00:00+05:30,482.21,39.31
2022-04-03 17:00:00+05:30,294.02,38.81
2022-04-03 18:00:00+05:30,103.84,37.7
2022-04-03 19:00:00+05:30,0.0,34.85
2022-04-03 20:00:00+05:30,0.0,31.79
2022-04-03 21:00:00+05:30,0.0,29.38
2022-04-03 22:00:00+05:30,0.0,27.48
2022-04-03 23:00:00+05:30,0.0,26.02
2022-04-04 00:00:00+05:30,0.0,25.09
2022-04-04 01:00:00+05:30,0.0,24.18
2022-04-04 02:00:00+05:30,0.0,23.35
2022-04-04 03:00:00+05:30,0.0,22.58
2022-04-04 04:00:00+05:30,0.0,21.83
2022-04-04 05:00:00+05:30,0.0,21.16
2022-04-04 06:00:00+05:30,0.0,20.6
2022-04-04 07:00:00+05:30,116.56,20.16
2022-04-04 08:00:00+05:30,309.82,22.22
2022-04-04 09:00:00+05:30,497.32,28.05
2022-04-04 10:00:00+05:30,653.51,32.79
2022-04-04 11:00:00+05:30,764.19,35.5
2022-04-04 12:00:00+05:30,819.15,37.13
2022-04-04 13:00:00+05:30,815.52,37.99
2022-04-04 14:00:00+05:30,753.34,38.54
2022-04-04 15:00:00+05:30,637.95,38.6
2022-04-04 16:00:00+05:30,479.44,38.33
2022-04-04 17:00:00+05:30,292.67,37.76
2022-04-04 18:00:00+05:30,104.27,36.74
2022-04-04 19:00:00+05:30,0.0,34.06
2022-04-04 20:00:00+05:30,0.0,31.05
2022-04-04 21:00:00+05:30,0.0,28.95
2022-04-04 22:00:00+05:30,0.0,27.36
2022-04-04 23:00:00+05:30,0.0,26.19
2022-04-05 00:00:00+05:30,0.0,25.39
2022-04-05 01:00:00+05:30,0.0,24.88
2022-04-05 02:00:00+05:30,0.0,24.24
2022-04-05 03:00:00+05:30,0.0,23.86
2022-04-05 04:00:00+05:30,0.0,23.64
2022-04-05 05:00:00+05:30,0.0,23.19
2022-04-05 06:00:00+05:30,0.0,22.56
2022-04-05 07:00:00+05:30,118.05,21.82
2022-04-05 08:00:00+05:30,310.62,23.01
2022-04-05 09:00:00+05:30,497.15,28.36
2022-04-05 10:00:00+05:30,652.79,32.2
2022-04-05 11:00:00+05:30,762.57,34.85
2022-04-05 12:00:00+05:30,818.55,36.62
2022-04-05 13:00:00+05:30,815.34,37.76
2022-04-05 14:00:00+05:30,753.94,38.5
2022-04-05 15:00:00+05:30,639.16,38.85
2022-04-05 16:00:00+05:30,480.64,38.86
2022-04-05 17:00:00+05:30,294.17,38.48
2022-04-05 18:00:00+05:30,105.8,37.69
2022-04-05 19:00:00+05:30,0.0,35.79
2022-04-05 20:00:00+05:30,0.0,32.92
2022-04-05 21:00:00+05:30,0.0,29.75
2022-04-05 22:00:00+05:30,0.0,27.49
2022-04-05 23:00:00+05:30,0.0,25.62
2022-04-06 00:00:00+05:30,0.0,23.81
2022-04-06 01:00:00+05:30,0.0,22.47
2022-04-06 02:00:00+05:30,0.0,21.78
2022-04-06 03:00:00+05:30,0.0,21.33
2022-04-06 04:00:00+05:30,0.0,21.07
2022-04-06 05:00:00+05:30,0.0,20.63
2022-04-06 06:00:00+05:30,0.0,20.0
2022-04-06 07:00:00+05:30,122.71,19.57
2022-04-06 08:00:00+05:30,316.47,22.64
2022-04-06 09:00:00+05:30,494.27,28.59
2022-04-06 10:00:00+05:30,660.17,32.52
2022-04-06 11:00:00+05:30,770.67,35.4
2022-04-06 12:00:00+05:30,823.9,37.5
2022-04-06 13:00:00+05:30,819.54,38.34
2022-04-06 14:00:00+05:30,759.62,39.08
2022-04-06 15:00:00+05:30,645.06,39.36
2022-04-06 16:00:00+05:30,486.83,39.27
2022-04-06 17:00:00+05:30,299.74,38.77
2022-04-06 18:00:00+05:30,109.42,37.76
2022-04-06 19:00:00+05:30,0.0,35.25
2022-04-06 20:00:00+05:30,0.0,32.1
2022-04-06 21:00:00+05:30,0.0,29.32
2022-04-06 22:00:00+05:30,0.0,27.46
2022-04-06 23:00:00+05:30,0.0,26.23
2022-04-07 00:00:00+05:30,0.0,25.4
2022-04-07 01:00:00+05:30,0.0,24.77
2022-04-07 02:00:00+05:30,0.0,24.09
2022-04-07 03:00:00+05:30,0.0,23.42
2022-04-07 04:00:00+05:30,0.0,22.64
2022-04-07 05:00:00+05:30,0.0,21.81
2022-04-07 06:00:00+05:30,0.0,21.11
2022-04-07 07:00:00+05:30,127.88,20.68
2022-04-07 08:00:00+05:30,322.88,22.92
2022-04-07 09:00:00+05:30,510.18,29.9
2022-04-07 10:00:00+05:30,666.49,34.4
2022-04-07 11:00:00+05:30,776.89,37.04
2022-04-07 12:00:00+05:30,834.42,38.44
2022-04-07 13:00:00+05:30,830.68,39.59
2022-04-07 14:00:00+05:30,768.03,40.07
2022-04-07 15:00:00+05:30,651.65,40.28
2022-04-07 16:00:00+05:30,491.34,40.15
2022-04-07 17:00:00+05:30,302.85,39.7
2022-04-07 18:00:00+05:30,111.29,38.7
2022-04-07 19:00:00+05:30,0.0,36.34
2022-04-07 20:00:00+05:30,0.0,33.14
2022-04-07 21:00:00+05:30,0.0,30.23
2022-04-07 22:00:00+05:30,0.0,28.0
2022-04-07 23:00:00+05:30,0.0,26.39
2022-04-08 00:00:00+05:30,0.0,25.36
2022-04-08 01:00:00+05:30,0.0,24.88
2022-04-08 02:00:00+05:30,0.0,23.96
2022-04-08 03:00:00+05:30,0.0,24.45
2022-04-08 04:00:00+05:30,0.0,23.33
2022-04-08 05:00:00+05:30,0.0,21.91
2022-04-08 06:00:00+05:30,0.0,21.21
2022-04-08 07:00:00+05:30,132.04,21.04
2022-04-08 08:00:00+05:30,328.12,23.98
2022-04-08 09:00:00+05:30,515.84,30.3
2022-04-08 10:00:00+05:30,671.56,35.15
2022-04-08 11:00:00+05:30,781.34,37.99
2022-04-08 12:00:00+05:30,837.54,39.5
2022-04-08 13:00:00+05:30,833.11,40.38
2022-04-08 14:00:00+05:30,770.3,40.75
2022-04-08 15:00:00+05:30,654.15,40.87
2022-04-08 16:00:00+05:30,494.31,40.72
2022-04-08 17:00:00+05:30,305.56,40.26
2022-04-08 18:00:00+05:30,113.52,39.29
2022-04-08 19:00:00+05:30,0.0,37.36
2022-04-08 20:00:00+05:30,0.0,34.53
2022-04-08 21:00:00+05:30,0.0,31.32
2022-04-08 22:00:00+05:30,0.0,30.32
2022-04-08 23:00:00+05:30,0.0,30.26
2022-04-09 00:00:00+05:30,0.0,26.39
2022-04-09 01:00:00+05:30,0.0,24.89
2022-04-09 02:00:00+05:30,0.0,24.3
2022-04-09 03:00:00+05:30,0.0,23.7
2022-04-09 04:00:00+05:30,0.0,22.99
2022-04-09 05:00:00+05:30,0.0,22.19
2022-04-09 06:00:00+05:30,0.0,21.78
2022-04-09 07:00:00+05:30,130.07,23.55
2022-04-09 08:00:00+05:30,324.66,23.97
2022-04-09 09:00:00+05:30,510.21,29.55
2022-04-09 10:00:00+05:30,663.89,33.26
2022-04-09 11:00:00+05:30,772.26,36.62
2022-04-09 12:00:00+05:30,826.0,39.36
2022-04-09 13:00:00+05:30,822.17,40.82
2022-04-09 14:00:00+05:30,758.39,41.2
2022-04-09 15:00:00+05:30,581.2,41.3
2022-04-09 16:00:00+05:30,458.24,41.01
2022-04-09 17:00:00+05:30,269.46,40.56
2022-04-09 18:00:00+05:30,103.35,39.55
2022-04-09 19:00:00+05:30,0.0,37.25
2022-04-09 20:00:00+05:30,0.0,33.96
2022-04-09 21:00:00+05:30,0.0,31.64
2022-04-09 22:00:00+05:30,0.0,30.24
2022-04-09 23:00:00+05:30,0.0,29.21
2022-04-10 00:00:00+05:30,0.0,28.37
2022-04-10 01:00:00+05:30,0.0,28.28
2022-04-10 02:00:00+05:30,0.0,27.58
2022-04-10 03:00:00+05:30,0.0,26.88
2022-04-10 04:00:00+05:30,0.0,26.35
2022-04-10 05:00:00+05:30,0.0,25.96
2022-04-10 06:00:00+05:30,0.0,25.59
2022-04-10 07:00:00+05:30,137.38,25.25
2022-04-10 08:00:00+05:30,331.89,27.04
2022-04-10 09:00:00+05:30,517.34,30.9
2022-04-10 10:00:00+05:30,670.69,34.59
2022-04-10 11:00:00+05:30,778.9,37.66
2022-04-10 12:00:00+05:30,828.56,39.65
2022-04-10 13:00:00+05:30,824.55,40.22
2022-04-10 14:00:00+05:30,762.67,40.89
2022-04-10 15:00:00+05:30,648.19,41.2
2022-04-10 16:00:00+05:30,490.85,41.08
2022-04-10 17:00:00+05:30,305.1,40.61
2022-04-10 18:00:00+05:30,115.53,39.74
2022-04-10 19:00:00+05:30,0.0,37.66
2022-04-10 20:00:00+05:30,0.0,34.59
2022-04-10 21:00:00+05:30,0.0,32.17
2022-04-10 22:00:00+05:30,0.0,30.43
2022-04-10 23:00:00+05:30,0.0,28.88
2022-04-11 00:00:00+05:30,0.0,27.48
2022-04-11 01:00:00+05:30,0.0,27.24
2022-04-11 02:00:00+05:30,0.0,27.15
2022-04-11 03:00:00+05:30,0.0,26.85
2022-04-11 04:00:00+05:30,0.0,26.28
2022-04-11 05:00:00+05:30,0.0,25.67
2022-04-11 06:00:00+05:30,0.0,25.06
2022-04-11 07:00:00+05:30,141.33,24.59
2022-04-11 08:00:00+05:30,336.25,26.54
2022-04-11 09:00:00+05:30,522.02,30.53
2022-04-11 10:00:00+05:30,673.88,34.12
2022-04-11 11:00:00+05:30,780.73,37.09
2022-04-11 12:00:00+05:30,835.19,39.05
2022-04-11 13:00:00+05:30,830.69,40.19
2022-04-11 14:00:00+05:30,767.87,40.91
2022-04-11 15:00:00+05:30,648.97,41.18
2022-04-11 16:00:00+05:30,487.14,41.01
2022-04-11 17:00:00+05:30,296.6,40.55
2022-04-11 18:00:00+05:30,110.09,39.7
2022-04-11 19:00:00+05:30,0.0,37.78
2022-04-11 20:00:00+05:30,0.0,35.05
2022-04-11 21:00:00+05:30,0.0,32.7
2022-04-11 22:00:00+05:30,0.0,29.45
2022-04-11 23:00:00+05:30,0.0,28.37
2022-04-12 00:00:00+05:30,0.0,27.65
2022-04-12 01:00:00+05:30,0.0,27.04
2022-04-12 02:00:00+05:30,0.0,26.85
2022-04-12 03:00:00+05:30,0.0,26.81
2022-04-12 04:00:00+05:30,0.0,26.53
2022-04-12 05:00:00+05:30,0.0,26.23
2022-04-12 06:00:00+05:30,0.0,25.78
2022-04-12 07:00:00+05:30,126.54,25.4
2022-04-12 08:00:00+05:30,319.55,27.33
2022-04-12 09:00:00+05:30,497.13,30.66
2022-04-12 10:00:00+05:30,616.23,33.16
2022-04-12 11:00:00+05:30,747.86,35.32
2022-04-12 12:00:00+05:30,642.72,37.16
2022-04-12 13:00:00+05:30,733.83,37.35
2022-04-12 14:00:00+05:30,620.25,38.29
2022-04-12 15:00:00+05:30,574.59,38.53
2022-04-12 16:00:00+05:30,427.22,38.84
2022-04-12 17:00:00+05:30,267.23,38.58
2022-04-12 18:00:00+05:30,97.46,37.96
2022-04-12 19:00:00+05:30,0.0,35.57
2022-04-12 20:00:00+05:30,0.0,32.72
2022-04-12 21:00:00+05:30,0.0,30.47
2022-04-12 22:00:00+05:30,0.0,28.68
2022-04-12 23:00:00+05:30,0.0,27.11
2022-04-13 00:00:00+05:30,0.0,26.3
2022-04-13 01:00:00+05:30,0.0,25.91
2022-04-13 02:00:00+05:30,0.0,25.17
2022-04-13 03:00:00+05:30,0.0,24.46
2022-04-13 04:00:00+05:30,0.0,23.86
2022-04-13 05:00:00+05:30,0.0,23.39
2022-04-13 06:00:00+05:30,0.0,23.12
2022-04-13 07:00:00+05:30,147.18,23.11
2022-04-13 08:00:00+05:30,340.89,25.39
2022-04-13 09:00:00+05:30,528.92,29.87
2022-04-13 10:00:00+05:30,677.32,32.76
2022-04-13 11:00:00+05:30,793.96,35.18
2022-04-13 12:00:00+05:30,848.84,36.76
2022-04-13 13:00:00+05:30,844.65,37.52
2022-04-13 14:00:00+05:30,781.81,38.05
2022-04-13 15:00:00+05:30,666.45,38.36
2022-04-13 16:00:00+05:30,509.86,38.42
2022-04-13 17:00:00+05:30,319.03,38.04
2022-04-13 18:00:00+05:30,124.05,37.26
2022-04-13 19:00:00+05:30,0.0,35.09
2022-04-13 20:00:00+05:30,0.0,32.34
2022-04-13 21:00:00+05:30,0.0,30.25
2022-04-13 22:00:00+05:30,0.0,29.24
2022-04-13 23:00:00+05:30,0.0,28.49
2022-04-14 00:00:00+05:30,0.0,27.81
2022-04-14 01:00:00+05:30,0.0,27.44
2022-04-14 02:00:00+05:30,0.0,26.96
2022-04-14 03:00:00+05:30,0.0,26.57
2022-04-14 04:00:00+05:30,0.0,26.04
2022-04-14 05:00:00+05:30,0.0,25.32
2022-04-14 06:00:00+05:30,0.0,24.71
2022-04-14 07:00:00+05:30,150.18,24.11
2022-04-14 08:00:00+05:30,336.71,26.32
2022-04-14 09:00:00+05:30,526.41,30.37
2022-04-14 10:00:00+05:30,677.82,33.7
2022-04-14 11:00:00+05:30,767.53,36.14
2022-04-14 12:00:00+05:30,830.61,37.54
2022-04-14 13:00:00+05:30,803.21,37.92
2022-04-14 14:00:00+05:30,764.61,38.39
2022-04-14 15:00:00+05:30,653.64,38.65
2022-04-14 16:00:00+05:30,493.01,38.54
2022-04-14 17:00:00+05:30,302.61,38.13
2022-04-14 18:00:00+05:30,113.69,37.53
2022-04-14 19:00:00+05:30,0.0,35.45
2022-04-14 20:00:00+05:30,0.0,33.38
2022-04-14 21:00:00+05:30,0.0,31.63
2022-04-14 22:00:00+05:30,0.0,29.95
2022-04-14 23:00:00+05:30,0.0,28.64
2022-04-15 00:00:00+05:30,0.0,27.94
2022-04-15 01:00:00+05:30,0.0,27.78
2022-04-15 02:00:00+05:30,0.0,27.23
2022-04-15 03:00:00+05:30,0.0,26.36
2022-04-15 04:00:00+05:30,0.0,25.89
2022-04-15 05:00:00+05:30,0.0,25.18
2022-04-15 06:00:00+05:30,0.0,24.18
2022-04-15 07:00:00+05:30,150.95,24.01
2022-04-15 08:00:00+05:30,335.2,26.04
2022-04-15 09:00:00+05:30,527.3,30.63
2022-04-15 10:00:00+05:30,682.46,33.67
2022-04-15 11:00:00+05:30,729.29,35.95
2022-04-15 12:00:00+05:30,816.07,37.42
2022-04-15 13:00:00+05:30,803.9,38.13
2022-04-15 14:00:00+05:30,724.03,38.73
2022-04-15 15:00:00+05:30,558.44,38.98
2022-04-15 16:00:00+05:30,408.66,38.73
2022-04-15 17:00:00+05:30,271.65,38.26
2022-04-15 18:00:00+05:30,116.01,37.5
2022-04-15 19:00:00+05:30,0.0,35.35
2022-04-15 20:00:00+05:30,0.0,32.54
2022-04-15 21:00:00+05:30,0.0,30.74
2022-04-15 22:00:00+05:30,0.0,29.23
2022-04-15 23:00:00+05:30,0.0,27.51
2022-04-16 00:00:00+05:30,0.0,26.58
2022-04-16 01:00:00+05:30,0.0,24.82
2022-04-16 02:00:00+05:30,0.0,23.91
2022-04-16 03:00:00+05:30,0.0,23.12
2022-04-16 04:00:00+05:30,0.0,22.13
2022-04-16 05:00:00+05:30,0.0,21.2
2022-04-16 06:00:00+05:30,0.0,20.4
2022-04-16 07:00:00+05:30,163.13,20.02
2022-04-16 08:00:00+05:30,362.5,23.28
2022-04-16 09:00:00+05:30,547.55,29.28
2022-04-16 10:00:00+05:30,699.88,33.4
2022-04-16 11:00:00+05:30,807.33,36.26
2022-04-16 12:00:00+05:30,825.87,38.31
2022-04-16 13:00:00+05:30,855.37,39.19
2022-04-16 14:00:00+05:30,792.38,39.81
2022-04-16 15:00:00+05:30,675.41,40.01
2022-04-16 16:00:00+05:30,515.6,39.92
2022-04-16 17:00:00+05:30,325.67,39.46
2022-04-16 18:00:00+05:30,130.84,38.58
2022-04-16 19:00:00+05:30,0.0,36.21
2022-04-16 20:00:00+05:30,0.0,33.21
2022-04-16 21:00:00+05:30,0.0,30.79
2022-04-16 22:00:00+05:30,0.0,28.82
2022-04-16 23:00:00+05:30,0.0,27.21
2022-04-17 00:00:00+05:30,0.0,26.17
2022-04-17 01:00:00+05:30,0.0,25.72
2022-04-17 02:00:00+05:30,0.0,24.35
2022-04-17 03:00:00+05:30,0.0,24.9
2022-04-17 04:00:00+05:30,0.0,23.88
2022-04-17 05:00:00+05:30,0.0,22.54
2022-04-17 06:00:00+05:30,0.0,22.44
2022-04-17 07:00:00+05:30,166.87,26.22
2022-04-17 08:00:00+05:30,366.29,26.86
2022-04-17 09:00:00+05:30,551.88,30.64
2022-04-17 10:00:00+05:30,703.9,34.25
2022-04-17 11:00:00+05:30,809.57,36.87
2022-04-17 12:00:00+05:30,807.93,38.7
2022-04-17 13:00:00+05:30,796.62,39.29
2022-04-17 14:00:00+05:30,758.08,39.88
2022-04-17 15:00:00+05:30,664.46,40.13
2022-04-17 16:00:00+05:30,488.71,40.06
2022-04-17 17:00:00+05:30,255.14,39.67
2022-04-17 18:00:00+05:30,92.86,38.6
2022-04-17 19:00:00+05:30,0.0,37.15
2022-04-17 20:00:00+05:30,0.0,35.52
2022-04-17 21:00:00+05:30,0.0,33.37
2022-04-17 22:00:00+05:30,0.0,30.13
2022-04-17 23:00:00+05:30,0.0,28.74
2022-04-18 00:00:00+05:30,0.0,27.96
2022-04-18 01:00:00+05:30,0.0,28.05
2022-04-18 02:00:00+05:30,0.0,27.88
2022-04-18 03:00:00+05:30,0.0,27.58
2022-04-18 04:00:00+05:30,0.0,27.28
2022-04-18 05:00:00+05:30,0.0,27.08
2022-04-18 06:00:00+05:30,0.0,26.79
2022-04-18 07:00:00+05:30,166.32,26.5
2022-04-18 08:00:00+05:30,361.28,28.41
2022-04-18 09:00:00+05:30,547.41,31.6
2022-04-18 10:00:00+05:30,698.15,34.45
2022-04-18 11:00:00+05:30,803.02,37.01
2022-04-18 12:00:00+05:30,854.23,39.11
2022-04-18 13:00:00+05:30,847.0,40.27
2022-04-18 14:00:00+05:30,762.45,41.03
2022-04-18 15:00:00+05:30,591.32,41.14
2022-04-18 16:00:00+05:30,465.11,40.76
2022-04-18 17:00:00+05:30,317.37,40.19
2022-04-18 18:00:00+05:30,132.71,39.46
2022-04-18 19:00:00+05:30,0.0,37.09
2022-04-18 20:00:00+05:30,0.0,34.34
2022-04-18 21:00:00+05:30,0.0,32.1
2022-04-18 22:00:00+05:30,0.0,30.61
2022-04-18 23:00:00+05:30,0.0,29.88
2022-04-19 00:00:00+05:30,0.0,29.42
2022-04-19 01:00:00+05:30,0.0,29.53
2022-04-19 02:00:00+05:30,0.0,28.86
2022-04-19 03:00:00+05:30,0.0,28.1
2022-04-19 04:00:00+05:30,0.0,27.46
2022-04-19 05:00:00+05:30,0.0,26.99
2022-04-19 06:00:00+05:30,0.0,26.54
2022-04-19 07:00:00+05:30,169.04,26.3
2022-04-19 08:00:00+05:30,365.52,28.29
2022-04-19 09:00:00+05:30,548.51,31.68
2022-04-19 10:00:00+05:30,698.74,34.84
2022-04-19 11:00:00+05:30,803.64,37.48
2022-04-19 12:00:00+05:30,835.41,39.28
2022-04-19 13:00:00+05:30,805.5,40.06
2022-04-19 14:00:00+05:30,733.83,40.5
2022-04-19 15:00:00+05:30,629.8,40.63
2022-04-19 16:00:00+05:30,509.7,40.49
2022-04-19 17:00:00+05:30,268.27,40.15
2022-04-19 18:00:00+05:30,126.82,39.08
2022-04-19 19:00:00+05:30,0.0,36.78
2022-04-19 20:00:00+05:30,0.0,33.93
2022-04-19 21:00:00+05:30,0.0,32.05
2022-04-19 22:00:00+05:30,0.0,30.81
2022-04-19 23:00:00+05:30,0.0,30.04
2022-04-20 00:00:00+05:30,0.0,29.56
2022-04-20 01:00:00+05:30,0.0,29.44
2022-04-20 02:00:00+05:30,0.0,28.87
2022-04-20 03:00:00+05:30,0.0,28.24
2022-04-20 04:00:00+05:30,0.0,27.55
2022-04-20 05:00:00+05:30,0.0,26.82
2022-04-20 06:00:00+05:30,0.0,25.97
2022-04-20 07:00:00+05:30,173.26,25.39
2022-04-20 08:00:00+05:30,370.5,27.61
2022-04-20 09:00:00+05:30,553.63,31.73
2022-04-20 10:00:00+05:30,704.21,35.31
2022-04-20 11:00:00+05:30,809.7,37.72
2022-04-20 12:00:00+05:30,850.67,38.91
2022-04-20 13:00:00+05:30,833.39,39.45
2022-04-20 14:00:00+05:30,757.93,39.83
2022-04-20 15:00:00+05:30,647.68,39.98
2022-04-20 16:00:00+05:30,500.22,39.84
2022-04-20 17:00:00+05:30,282.12,39.53
2022-04-20 18:00:00+05:30,118.66,38.58
2022-04-20 19:00:00+05:30,0.0,36.6
2022-04-20 20:00:00+05:30,0.0,34.3
2022-04-20 21:00:00+05:30,0.0,32.71
2022-04-20 22:00:00+05:30,0.0,31.52
2022-04-20 23:00:00+05:30,0.0,30.65
2022-04-21 00:00:00+05:30,0.0,30.07
2022-04-21 01:00:00+05:30,0.0,29.09
2022-04-21 02:00:00+05:30,0.0,28.33
2022-04-21 03:00:00+05:30,0.0,28.06
2022-04-21 04:00:00+05:30,0.0,28.05
2022-04-21 05:00:00+05:30,0.0,27.96
2022-04-21 06:00:00+05:30,0.0,27.43
2022-04-21 07:00:00+05:30,113.16,26.71
2022-04-21 08:00:00+05:30,255.4,28.16
2022-04-21 09:00:00+05:30,333.73,30.58
2022-04-21 10:00:00+05:30,403.58,32.27
2022-04-21 11:00:00+05:30,430.49,33.74
2022-04-21 12:00:00+05:30,627.54,35.01
2022-04-21 13:00:00+05:30,588.55,34.43
2022-04-21 14:00:00+05:30,723.52,34.81
2022-04-21 15:00:00+05:30,655.7,35.73
2022-04-21 16:00:00+05:30,475.05,36.19
2022-04-21 17:00:00+05:30,233.25,35.49
2022-04-21 18:00:00+05:30,89.18,34.41
2022-04-21 19:00:00+05:30,0.0,33.02
2022-04-21 20:00:00+05:30,0.0,31.46
2022-04-21 21:00:00+05:30,0.0,29.64
2022-04-21 22:00:00+05:30,0.0,27.95
2022-04-21 23:00:00+05:30,0.0,27.17
2022-04-22 00:00:00+05:30,0.0,26.35
2022-04-22 01:00:00+05:30,0.0,25.29
2022-04-22 02:00:00+05:30,0.0,24.65
2022-04-22 03:00:00+05:30,0.0,23.88
2022-04-22 04:00:00+05:30,0.0,23.3
2022-04-22 05:00:00+05:30,0.0,23.16
2022-04-22 06:00:00+05:30,0.0,23.45
2022-04-22 07:00:00+05:30,170.74,23.96
2022-04-22 08:00:00+05:30,378.37,24.95
2022-04-22 09:00:00+05:30,565.58,29.16
2022-04-22 10:00:00+05:30,715.45,32.38
2022-04-22 11:00:00+05:30,788.87,35.07
2022-04-22 12:00:00+05:30,714.11,36.84
2022-04-22 13:00:00+05:30,771.16,36.05
2022-04-22 14:00:00+05:30,730.58,36.88
2022-04-22 15:00:00+05:30,654.01,37.32
2022-04-22 16:00:00+05:30,505.09,37.49
2022-04-22 17:00:00+05:30,322.53,37.35
2022-04-22 18:00:00+05:30,136.8,36.81
2022-04-22 19:00:00+05:30,0.0,35.06
2022-04-22 20:00:00+05:30,0.0,32.47
2022-04-22 21:00:00+05:30,0.0,30.22
2022-04-22 22:00:00+05:30,0.0,29.09
2022-04-22 23:00:00+05:30,0.0,27.79
2022-04-23 00:00:00+05:30,0.0,25.67
2022-04-23 01:00:00+05:30,0.0,24.45
2022-04-23 02:00:00+05:30,0.0,23.42
2022-04-23 03:00:00+05:30,0.0,22.45
2022-04-23 04:00:00+05:30,0.0,21.9
2022-04-23 05:00:00+05:30,0.0,21.61
2022-04-23 06:00:00+05:30,9.56,21.58
2022-04-23 07:00:00+05:30,184.56,21.86
2022-04-23 08:00:00+05:30,379.2,25.2
2022-04-23 09:00:00+05:30,558.07,29.85
2022-04-23 10:00:00+05:30,712.04,32.89
2022-04-23 11:00:00+05:30,799.08,35.21
2022-04-23 12:00:00+05:30,818.15,36.7
2022-04-23 13:00:00+05:30,763.0,37.4
2022-04-23 14:00:00+05:30,762.42,37.76
2022-04-23 15:00:00+05:30,620.17,38.07
2022-04-23 16:00:00+05:30,473.79,37.92
2022-04-23 17:00:00+05:30,315.67,37.58
2022-04-23 18:00:00+05:30,135.37,36.93
2022-04-23 19:00:00+05:30,0.0,35.15
2022-04-23 20:00:00+05:30,0.0,32.64
2022-04-23 21:00:00+05:30,0.0,30.79
2022-04-23 22:00:00+05:30,0.0,29.96
2022-04-23 23:00:00+05:30,0.0,26.61
2022-04-24 00:00:00+05:30,0.0,25.78
2022-04-24 01:00:00+05:30,0.0,25.04
2022-04-24 02:00:00+05:30,0.0,24.62
2022-04-24 03:00:00+05:30,0.0,24.41
2022-04-24 04:00:00+05:30,0.0,24.19
2022-04-24 05:00:00+05:30,0.0,23.92
2022-04-24 06:00:00+05:30,10.13,23.52
2022-04-24 07:00:00+05:30,189.38,23.36
2022-04-24 08:00:00+05:30,389.53,26.17
2022-04-24 09:00:00+05:30,573.75,30.85
2022-04-24 10:00:00+05:30,724.66,34.31
2022-04-24 11:00:00+05:30,830.48,36.19
2022-04-24 12:00:00+05:30,866.81,37.59
2022-04-24 13:00:00+05:30,872.39,38.6
2022-04-24 14:00:00+05:30,809.04,39.13
2022-04-24 15:00:00+05:30,692.84,39.35
2022-04-24 16:00:00+05:30,533.53,39.25
2022-04-24 17:00:00+05:30,345.02,38.87
2022-04-24 18:00:00+05:30,146.15,38.01
2022-04-24 19:00:00+05:30,0.0,35.81
2022-04-24 20:00:00+05:30,0.0,33.18
2022-04-24 21:00:00+05:30,0.0,30.8
2022-04-24 22:00:00+05:30,0.0,29.01
2022-04-24 23:00:00+05:30,0.0,27.65
2022-04-25 00:00:00+05:30,0.0,26.53
2022-04-25 01:00:00+05:30,0.0,26.59
2022-04-25 02:00:00+05:30,0.0,26.05
2022-04-25 03:00:00+05:30,0.0,24.91
2022-04-25 04:00:00+05:30,0.0,26.08
2022-04-25 05:00:00+05:30,0.0,23.61
2022-04-25 06:00:00+05:30,10.61,22.32
2022-04-25 07:00:00+05:30,191.58,21.73
2022-04-25 08:00:00+05:30,390.2,25.39
2022-04-25 09:00:00+05:30,572.48,31.09
2022-04-25 10:00:00+05:30,721.33,34.23
2022-04-25 11:00:00+05:30,825.14,36.44
2022-04-25 12:00:00+05:30,866.83,37.99
2022-04-25 13:00:00+05:30,858.06,38.62
2022-04-25 14:00:00+05:30,782.29,39.46
2022-04-25 15:00:00+05:30,651.05,39.86
2022-04-25 16:00:00+05:30,468.48,39.76
2022-04-25 17:00:00+05:30,308.39,39.37
2022-04-25 18:00:00+05:30,109.22,38.41
2022-04-25 19:00:00+05:30,0.0,36.38
2022-04-25 20:00:00+05:30,0.0,33.95
2022-04-25 21:00:00+05:30,0.0,32.01
2022-04-25 22:00:00+05:30,0.0,30.18
2022-04-25 23:00:00+05:30,0.0,30.42
2022-04-26 00:00:00+05:30,0.0,28.35
2022-04-26 01:00:00+05:30,0.0,26.66
2022-04-26 02:00:00+05:30,0.0,26.22
2022-04-26 03:00:00+05:30,0.0,25.55
2022-04-26 04:00:00+05:30,0.0,24.57
2022-04-26 05:00:00+05:30,0.0,24.4
2022-04-26 06:00:00+05:30,10.99,26.12
2022-04-26 07:00:00+05:30,194.25,23.01
2022-04-26 08:00:00+05:30,393.15,26.27
2022-04-26 09:00:00+05:30,575.84,30.47
2022-04-26 10:00:00+05:30,724.8,33.62
2022-04-26 11:00:00+05:30,829.07,36.29
2022-04-26 12:00:00+05:30,852.96,38.24
2022-04-26 13:00:00+05:30,820.45,38.67
2022-04-26 14:00:00+05:30,784.72,39.24
2022-04-26 15:00:00+05:30,686.43,39.62
2022-04-26 16:00:00+05:30,523.73,39.62
2022-04-26 17:00:00+05:30,312.18,39.32
2022-04-26 18:00:00+05:30,134.22,38.57
2022-04-26 19:00:00+05:30,0.0,37.02
2022-04-26 20:00:00+05:30,0.0,35.0
2022-04-26 21:00:00+05:30,0.0,32.34
2022-04-26 22:00:00+05:30,0.0,30.46
2022-04-26 23:00:00+05:30,0.0,29.04
2022-04-27 00:00:00+05:30,0.0,27.9
2022-04-27 01:00:00+05:30,0.0,28.2
2022-04-27 02:00:00+05:30,0.0,27.32
2022-04-27 03:00:00+05:30,0.0,26.43
2022-04-27 04:00:00+05:30,0.0,25.91
2022-04-27 05:00:00+05:30,0.0,25.46
2022-04-27 06:00:00+05:30,11.56,25.12
2022-04-27 07:00:00+05:30,196.85,25.14
2022-04-27 08:00:00+05:30,395.26,27.85
2022-04-27 09:00:00+05:30,577.53,31.89
2022-04-27 10:00:00+05:30,726.55,35.14
2022-04-27 11:00:00+05:30,830.32,37.61
2022-04-27 12:00:00+05:30,879.69,39.56
2022-04-27 13:00:00+05:30,874.16,40.86
2022-04-27 14:00:00+05:30,810.6,41.33
2022-04-27 15:00:00+05:30,695.37,41.51
2022-04-27 16:00:00+05:30,536.83,41.38
2022-04-27 17:00:00+05:30,349.77,40.94
2022-04-27 18:00:00+05:30,151.99,40.08
2022-04-27 19:00:00+05:30,0.0,37.74
2022-04-27 20:00:00+05:30,0.0,35.27
2022-04-27 21:00:00+05:30,0.0,33.03
2022-04-27 22:00:00+05:30,0.0,31.01
2022-04-27 23:00:00+05:30,0.0,28.81
2022-04-28 00:00:00+05:30,0.0,27.47
2022-04-28 01:00:00+05:30,0.0,27.16
2022-04-28 02:00:00+05:30,0.0,26.66
2022-04-28 03:00:00+05:30,0.0,26.33
2022-04-28 04:00:00+05:30,0.0,26.3
2022-04-28 05:00:00+05:30,0.0,26.28
2022-04-28 06:00:00+05:30,12.14,26.11
2022-04-28 07:00:00+05:30,200.46,26.19
2022-04-28 08:00:00+05:30,399.08,29.06
2022-04-28 09:00:00+05:30,580.8,33.37
2022-04-28 10:00:00+05:30,728.88,36.51
2022-04-28 11:00:00+05:30,831.28,38.93
2022-04-28 12:00:00+05:30,880.65,40.6
2022-04-28 13:00:00+05:30,864.26,41.3
2022-04-28 14:00:00+05:30,798.27,41.74
2022-04-28 15:00:00+05:30,676.44,41.9
2022-04-28 16:00:00+05:30,499.05,41.82
2022-04-28 17:00:00+05:30,294.37,41.63
2022-04-28 18:00:00+05:30,134.41,40.51
2022-04-28 19:00:00+05:30,0.0,38.58
2022-04-28 20:00:00+05:30,0.0,36.15
2022-04-28 21:00:00+05:30,0.0,33.99
2022-04-28 22:00:00+05:30,0.0,31.71
2022-04-28 23:00:00+05:30,0.0,31.09
2022-04-29 00:00:00+05:30,0.0,28.71
2022-04-29 01:00:00+05:30,0.0,27.73
2022-04-29 02:00:00+05:30,0.0,27.44
2022-04-29 03:00:00+05:30,0.0,27.44
2022-04-29 04:00:00+05:30,0.0,27.4
2022-04-29 05:00:00+05:30,0.0,27.18
2022-04-29 06:00:00+05:30,12.93,26.84
2022-04-29 07:00:00+05:30,205.0,26.75
2022-04-29 08:00:00+05:30,402.86,29.12
2022-04-29 09:00:00+05:30,582.14,32.61
2022-04-29 10:00:00+05:30,730.92,35.58
2022-04-29 11:00:00+05:30,837.92,38.22
2022-04-29 12:00:00+05:30,882.34,40.01
2022-04-29 13:00:00+05:30,874.58,40.62
2022-04-29 14:00:00+05:30,809.08,41.19
2022-04-29 15:00:00+05:30,697.41,41.42
2022-04-29 16:00:00+05:30,539.07,41.36
2022-04-29 17:00:00+05:30,349.67,40.98
2022-04-29 18:00:00+05:30,155.08,40.28
2022-04-29 19:00:00+05:30,0.0,38.44
2022-04-29 20:00:00+05:30,0.0,35.96
2022-04-29 21:00:00+05:30,0.0,33.58
2022-04-29 22:00:00+05:30,0.0,31.72
2022-04-29 23:00:00+05:30,0.0,30.29
2022-04-30 00:00:00+05:30,0.0,29.47
2022-04-30 01:00:00+05:30,0.0,29.18
2022-04-30 02:00:00+05:30,0.0,28.68
2022-04-30 03:00:00+05:30,0.0,28.09
2022-04-30 04:00:00+05:30,0.0,27.52
2022-04-30 05:00:00+05:30,0.0,26.91
2022-04-30 06:00:00+05:30,13.42,26.35
2022-04-30 07:00:00+05:30,208.7,25.92
2022-04-30 08:00:00+05:30,408.41,28.79
2022-04-30 09:00:00+05:30,589.93,32.91
2022-04-30 10:00:00+05:30,737.11,35.86
2022-04-30 11:00:00+05:30,837.85,38.02
2022-04-30 12:00:00+05:30,883.72,39.54
2022-04-30 13:00:00+05:30,874.76,40.54
2022-04-30 14:00:00+05:30,772.63,41.12
2022-04-30 15:00:00+05:30,669.73,41.14
2022-04-30 16:00:00+05:30,475.5,40.8
2022-04-30 17:00:00+05:30,307.2,40.31
2022-04-30 18:00:00+05:30,138.25,39.54
2022-04-30 19:00:00+05:30,0.0,37.84
2022-04-30 20:00:00+05:30,0.0,35.48
2022-04-30 21:00:00+05:30,0.0,33.31
2022-04-30 22:00:00+05:30,0.0,31.92
2022-04-30 23:00:00+05:30,0.0,31.1
2022-05-01 00:00:00+05:30,0.0,30.79
2022-05-01 01:00:00+05:30,0.0,27.85
2022-05-01 02:00:00+05:30,0.0,27.5
2022-05-01 03:00:00+05:30,0.0,28.69
2022-05-01 04:00:00+05:30,0.0,26.6
2022-05-01 05:00:00+05:30,0.0,25.08
2022-05-01 06:00:00+05:30,13.71,24.56
2022-05-01 07:00:00+05:30,205.41,24.51
2022-05-01 08:00:00+05:30,406.51,28.51
2022-05-01 09:00:00+05:30,587.46,32.99
2022-05-01 10:00:00+05:30,734.76,36.0
2022-05-01 11:00:00+05:30,830.47,38.9
2022-05-01 12:00:00+05:30,864.12,40.88
2022-05-01 13:00:00+05:30,808.87,41.49
2022-05-01 14:00:00+05:30,716.31,41.9
2022-05-01 15:00:00+05:30,479.79,42.04
2022-05-01 16:00:00+05:30,457.93,41.55
2022-05-01 17:00:00+05:30,301.12,41.26
2022-05-01 18:00:00+05:30,110.52,40.14
2022-05-01 19:00:00+05:30,0.0,37.97
2022-05-01 20:00:00+05:30,0.0,35.57
2022-05-01 21:00:00+05:30,0.0,33.66
2022-05-01 22:00:00+05:30,0.0,32.58
2022-05-01 23:00:00+05:30,0.0,31.87
2022-05-02 00:00:00+05:30,0.0,30.91
2022-05-02 01:00:00+05:30,0.0,29.72
2022-05-02 02:00:00+05:30,0.0,29.3
2022-05-02 03:00:00+05:30,0.0,28.82
2022-05-02 04:00:00+05:30,0.0,28.21
2022-05-02 05:00:00+05:30,0.0,27.96
2022-05-02 06:00:00+05:30,13.66,27.92
2022-05-02 07:00:00+05:30,204.41,28.49
2022-05-02 08:00:00+05:30,392.08,30.98
2022-05-02 09:00:00+05:30,558.94,33.43
2022-05-02 10:00:00+05:30,696.43,35.85
2022-05-02 11:00:00+05:30,788.6,37.99
2022-05-02 12:00:00+05:30,875.51,39.7
2022-05-02 13:00:00+05:30,796.46,41.01
2022-05-02 14:00:00+05:30,639.97,41.46
2022-05-02 15:00:00+05:30,555.88,41.22
2022-05-02 16:00:00+05:30,431.75,41.17
2022-05-02 17:00:00+05:30,294.49,40.63
2022-05-02 18:00:00+05:30,135.36,39.94
2022-05-02 19:00:00+05:30,0.0,37.95
2022-05-02 20:00:00+05:30,0.0,35.5
2022-05-02 21:00:00+05:30,0.0,33.68
2022-05-02 22:00:00+05:30,0.0,32.62
2022-05-02 23:00:00+05:30,0.0,31.9
2022-05-03 00:00:00+05:30,0.0,31.29
2022-05-03 01:00:00+05:30,0.0,31.24
2022-05-03 02:00:00+05:30,0.0,30.93
2022-05-03 03:00:00+05:30,0.0,30.41
2022-05-03 04:00:00+05:30,0.0,29.71
2022-05-03 05:00:00+05:30,0.0,28.92
2022-05-03 06:00:00+05:30,14.68,28.02
2022-05-03 07:00:00+05:30,209.23,27.41
2022-05-03 08:00:00+05:30,409.34,29.43
2022-05-03 09:00:00+05:30,587.21,32.02
2022-05-03 10:00:00+05:30,727.31,34.13
2022-05-03 11:00:00+05:30,832.49,35.97
2022-05-03 12:00:00+05:30,879.11,37.29
2022-05-03 13:00:00+05:30,873.58,38.2
2022-05-03 14:00:00+05:30,811.65,38.9
2022-05-03 15:00:00+05:30,699.56,39.41
2022-05-03 16:00:00+05:30,501.57,39.65
2022-05-03 17:00:00+05:30,363.78,39.36
2022-05-03 18:00:00+05:30,164.33,38.87
2022-05-03 19:00:00+05:30,0.0,37.03
2022-05-03 20:00:00+05:30,0.0,34.51
2022-05-03 21:00:00+05:30,0.0,32.41
2022-05-03 22:00:00+05:30,0.0,30.62
2022-05-03 23:00:00+05:30,0.0,29.27
2022-05-04 00:00:00+05:30,0.0,28.24
2022-05-04 01:00:00+05:30,0.0,27.82
2022-05-04 02:00:00+05:30,0.0,27.13
2022-05-04 03:00:00+05:30,0.0,26.47
2022-05-04 04:00:00+05:30,0.0,25.65
2022-05-04 05:00:00+05:30,0.0,25.94
2022-05-04 06:00:00+05:30,15.22,25.43
2022-05-04 07:00:00+05:30,214.11,25.19
2022-05-04 08:00:00+05:30,410.37,28.46
2022-05-04 09:00:00+05:30,589.68,31.75
2022-05-04 10:00:00+05:30,734.95,33.92
2022-05-04 11:00:00+05:30,754.55,35.89
2022-05-04 12:00:00+05:30,821.34,37.08
2022-05-04 13:00:00+05:30,853.57,37.64
2022-05-04 14:00:00+05:30,786.68,38.41
2022-05-04 15:00:00+05:30,658.14,38.79
2022-05-04 16:00:00+05:30,476.12,38.88
2022-05-04 17:00:00+05:30,314.08,38.54
2022-05-04 18:00:00+05:30,158.78,38.06
2022-05-04 19:00:00+05:30,0.0,36.64
2022-05-04 20:00:00+05:30,0.0,34.15
2022-05-04 21:00:00+05:30,0.0,32.15
2022-05-04 22:00:00+05:30,0.0,30.76
2022-05-04 23:00:00+05:30,0.0,29.94
2022-05-05 00:00:00+05:30,0.0,29.38
2022-05-05 01:00:00+05:30,0.0,27.55
2022-05-05 02:00:00+05:30,0.0,26.45
2022-05-05 03:00:00+05:30,0.0,25.78
2022-05-05 04:00:00+05:30,0.0,25.2
2022-05-05 05:00:00+05:30,0.0,24.58
2022-05-05 06:00:00+05:30,15.66,23.81
2022-05-05 07:00:00+05:30,215.69,23.8
2022-05-05 08:00:00+05:30,411.53,27.14
2022-05-05 09:00:00+05:30,573.93,30.09
2022-05-05 10:00:00+05:30,738.52,33.16
2022-05-05 11:00:00+05:30,840.06,35.75
2022-05-05 12:00:00+05:30,829.23,37.54
2022-05-05 13:00:00+05:30,833.3,38.0
2022-05-05 14:00:00+05:30,769.76,38.7
2022-05-05 15:00:00+05:30,646.1,39.04
2022-05-05 16:00:00+05:30,523.52,39.08
2022-05-05 17:00:00+05:30,332.04,38.84
2022-05-05 18:00:00+05:30,147.0,38.21
2022-05-05 19:00:00+05:30,0.0,36.63
2022-05-05 20:00:00+05:30,0.0,34.19
2022-05-05 21:00:00+05:30,0.0,31.95
2022-05-05 22:00:00+05:30,0.0,30.61
2022-05-05 23:00:00+05:30,0.0,29.92
2022-05-06 00:00:00+05:30,0.0,29.04
2022-05-06 01:00:00+05:30,0.0,28.33
2022-05-06 02:00:00+05:30,0.0,27.41
2022-05-06 03:00:00+05:30,0.0,26.67
2022-05-06 04:00:00+05:30,0.0,25.74
2022-05-06 05:00:00+05:30,0.0,25.35
2022-05-06 06:00:00+05:30,51.21,24.94
2022-05-06 07:00:00+05:30,216.34,24.95
2022-05-06 08:00:00+05:30,411.6,28.83
2022-05-06 09:00:00+05:30,588.14,31.94
2022-05-06 10:00:00+05:30,731.53,34.32
2022-05-06 11:00:00+05:30,741.48,36.06
2022-05-06 12:00:00+05:30,762.34,36.77
2022-05-06 13:00:00+05:30,701.18,36.86
2022-05-06 14:00:00+05:30,633.53,37.17
2022-05-06 15:00:00+05:30,596.97,37.55
2022-05-06 16:00:00+05:30,459.85,37.98
2022-05-06 17:00:00+05:30,316.45,37.88
2022-05-06 18:00:00+05:30,134.5,37.3
2022-05-06 19:00:00+05:30,0.0,35.6
2022-05-06 20:00:00+05:30,0.0,34.01
2022-05-06 21:00:00+05:30,0.0,32.33
2022-05-06 22:00:00+05:30,0.0,30.88
2022-05-06 23:00:00+05:30,0.0,29.39
2022-05-07 00:00:00+05:30,0.0,27.99
2022-05-07 01:00:00+05:30,0.0,27.21
2022-05-07 02:00:00+05:30,0.0,26.95
2022-05-07 03:00:00+05:30,0.0,26.67
2022-05-07 04:00:00+05:30,0.0,26.26
2022-05-07 05:00:00+05:30,0.0,25.87
2022-05-07 06:00:00+05:30,48.7,25.37
2022-05-07 07:00:00+05:30,218.86,25.4
2022-05-07 08:00:00+05:30,423.62,28.87
2022-05-07 09:00:00+05:30,601.59,32.48
2022-05-07 10:00:00+05:30,745.71,35.13
2022-05-07 11:00:00+05:30,835.93,37.24
2022-05-07 12:00:00+05:30,761.07,38.91
2022-05-07 13:00:00+05:30,758.93,39.32
2022-05-07 14:00:00+05:30,752.07,39.88
2022-05-07 15:00:00+05:30,596.69,40.18
2022-05-07 16:00:00+05:30,434.46,39.96
2022-05-07 17:00:00+05:30,319.49,39.55
2022-05-07 18:00:00+05:30,150.44,39.07
2022-05-07 19:00:00+05:30,0.0,37.41
2022-05-07 20:00:00+05:30,0.0,35.52
2022-05-07 21:00:00+05:30,0.0,32.98
2022-05-07 22:00:00+05:30,0.0,30.52
2022-05-07 23:00:00+05:30,0.0,29.0
2022-05-08 00:00:00+05:30,0.0,27.58
2022-05-08 01:00:00+05:30,0.0,27.31
2022-05-08 02:00:00+05:30,0.0,26.7
2022-05-08 03:00:00+05:30,0.0,27.84
2022-05-08 04:00:00+05:30,0.0,28.06
2022-05-08 05:00:00+05:30,0.0,27.61
2022-05-08 06:00:00+05:30,55.51,27.21
2022-05-08 07:00:00+05:30,226.28,27.08
2022-05-08 08:00:00+05:30,430.23,28.3
2022-05-08 09:00:00+05:30,612.48,32.75
2022-05-08 10:00:00+05:30,758.75,35.36
2022-05-08 11:00:00+05:30,858.67,37.68
2022-05-08 12:00:00+05:30,897.62,39.61
2022-05-08 13:00:00+05:30,862.68,40.75
2022-05-08 14:00:00+05:30,823.51,41.3
2022-05-08 15:00:00+05:30,698.44,41.6
2022-05-08 16:00:00+05:30,558.63,41.53
2022-05-08 17:00:00+05:30,370.88,41.13
2022-05-08 18:00:00+05:30,173.14,40.38
2022-05-08 19:00:00+05:30,0.0,38.32
2022-05-08 20:00:00+05:30,0.0,35.82
2022-05-08 21:00:00+05:30,0.0,33.65
2022-05-08 22:00:00+05:30,0.0,31.6
2022-05-08 23:00:00+05:30,0.0,29.99
2022-05-09 00:00:00+05:30,0.0,29.72
2022-05-09 01:00:00+05:30,0.0,29.65
2022-05-09 02:00:00+05:30,0.0,28.79
2022-05-09 03:00:00+05:30,0.0,27.78
2022-05-09 04:00:00+05:30,0.0,26.92
2022-05-09 05:00:00+05:30,0.0,26.39
2022-05-09 06:00:00+05:30,54.88,26.02
2022-05-09 07:00:00+05:30,228.94,25.91
2022-05-09 08:00:00+05:30,429.11,28.86
2022-05-09 09:00:00+05:30,607.33,32.09
2022-05-09 10:00:00+05:30,753.91,35.04
2022-05-09 11:00:00+05:30,854.27,37.66
2022-05-09 12:00:00+05:30,900.36,39.91
2022-05-09 13:00:00+05:30,894.67,41.11
2022-05-09 14:00:00+05:30,813.67,41.86
2022-05-09 15:00:00+05:30,672.27,42.23
2022-05-09 16:00:00+05:30,519.06,42.13
2022-05-09 17:00:00+05:30,345.91,41.71
2022-05-09 18:00:00+05:30,170.78,40.9
2022-05-09 19:00:00+05:30,0.0,38.93
2022-05-09 20:00:00+05:30,0.0,36.28
2022-05-09 21:00:00+05:30,0.0,33.88
2022-05-09 22:00:00+05:30,0.0,31.76
2022-05-09 23:00:00+05:30,0.0,30.62
2022-05-10 00:00:00+05:30,0.0,30.18
2022-05-10 01:00:00+05:30,0.0,29.73
2022-05-10 02:00:00+05:30,0.0,29.29
2022-05-10 03:00:00+05:30,0.0,28.58
2022-05-10 04:00:00+05:30,0.0,28.0
2022-05-10 05:00:00+05:30,0.0,27.55
2022-05-10 06:00:00+05:30,55.01,26.76
2022-05-10 07:00:00+05:30,228.28,26.77
2022-05-10 08:00:00+05:30,419.93,29.16
2022-05-10 09:00:00+05:30,599.01,31.67
2022-05-10 10:00:00+05:30,742.21,33.82
2022-05-10 11:00:00+05:30,840.4,35.78
2022-05-10 12:00:00+05:30,892.29,37.38
2022-05-10 13:00:00+05:30,849.12,39.04
2022-05-10 14:00:00+05:30,703.93,40.36
2022-05-10 15:00:00+05:30,647.2,41.43
2022-05-10 16:00:00+05:30,528.81,42.16
2022-05-10 17:00:00+05:30,349.23,42.2
2022-05-10 18:00:00+05:30,172.42,41.56
2022-05-10 19:00:00+05:30,8.1,39.73
2022-05-10 20:00:00+05:30,0.0,36.82
2022-05-10 21:00:00+05:30,0.0,34.48
2022-05-10 22:00:00+05:30,0.0,32.64
2022-05-10 23:00:00+05:30,0.0,31.38
2022-05-11 00:00:00+05:30,0.0,30.39
2022-05-11 01:00:00+05:30,0.0,29.75
2022-05-11 02:00:00+05:30,0.0,28.91
2022-05-11 03:00:00+05:30,0.0,28.16
2022-05-11 04:00:00+05:30,0.0,27.58
2022-05-11 05:00:00+05:30,0.0,27.27
2022-05-11 06:00:00+05:30,55.32,26.79
2022-05-11 07:00:00+05:30,226.46,27.04
2022-05-11 08:00:00+05:30,420.94,29.52
2022-05-11 09:00:00+05:30,597.33,32.16
2022-05-11 10:00:00+05:30,740.62,34.58
2022-05-11 11:00:00+05:30,839.71,36.77
2022-05-11 12:00:00+05:30,874.49,38.61
2022-05-11 13:00:00+05:30,795.94,41.09
2022-05-11 14:00:00+05:30,752.55,42.13
2022-05-11 15:00:00+05:30,645.88,42.7
2022-05-11 16:00:00+05:30,512.12,42.83
2022-05-11 17:00:00+05:30,359.69,42.47
2022-05-11 18:00:00+05:30,177.85,41.77
2022-05-11 19:00:00+05:30,8.78,39.88
2022-05-11 20:00:00+05:30,0.0,37.01
2022-05-11 21:00:00+05:30,0.0,34.88
2022-05-11 22:00:00+05:30,0.0,33.06
2022-05-11 23:00:00+05:30,0.0,31.67
2022-05-12 00:00:00+05:30,0.0,30.5
2022-05-12 01:00:00+05:30,0.0,30.42
2022-05-12 02:00:00+05:30,0.0,29.54
2022-05-12 03:00:00+05:30,0.0,28.73
2022-05-12 04:00:00+05:30,0.0,28.14
2022-05-12 05:00:00+05:30,0.0,27.65
2022-05-12 06:00:00+05:30,58.38,27.09
2022-05-12 07:00:00+05:30,234.63,27.04
2022-05-12 08:00:00+05:30,431.84,29.86
2022-05-12 09:00:00+05:30,609.69,32.74
2022-05-12 10:00:00+05:30,753.72,35.47
2022-05-12 11:00:00+05:30,853.37,37.86
2022-05-12 12:00:00+05:30,882.32,39.81
2022-05-12 13:00:00+05:30,786.47,42.36
2022-05-12 14:00:00+05:30,780.63,43.1
2022-05-12 15:00:00+05:30,661.95,43.65
2022-05-12 16:00:00+05:30,492.06,43.72
2022-05-12 17:00:00+05:30,370.85,43.42
2022-05-12 18:00:00+05:30,161.23,42.77
2022-05-12 19:00:00+05:30,8.98,41.02
2022-05-12 20:00:00+05:30,0.0,38.18
2022-05-12 21:00:00+05:30,0.0,36.21
2022-05-12 22:00:00+05:30,0.0,34.92
2022-05-12 23:00:00+05:30,0.0,33.94
2022-05-13 00:00:00+05:30,0.0,33.09
2022-05-13 01:00:00+05:30,0.0,33.27
2022-05-13 02:00:00+05:30,0.0,33.31
2022-05-13 03:00:00+05:30,0.0,33.61
2022-05-13 04:00:00+05:30,0.0,33.73
2022-05-13 05:00:00+05:30,0.0,33.09
2022-05-13 06:00:00+05:30,53.2,32.5
2022-05-13 07:00:00+05:30,241.08,32.11
2022-05-13 08:00:00+05:30,442.87,33.78
2022-05-13 09:00:00+05:30,623.29,36.35
2022-05-13 10:00:00+05:30,767.81,38.73
2022-05-13 11:00:00+05:30,866.97,40.69
2022-05-13 12:00:00+05:30,907.52,42.19
2022-05-13 13:00:00+05:30,905.47,43.0
2022-05-13 14:00:00+05:30,815.0,43.64
2022-05-13 15:00:00+05:30,721.69,43.87
2022-05-13 16:00:00+05:30,568.88,43.83
2022-05-13 17:00:00+05:30,375.73,43.41
2022-05-13 18:00:00+05:30,182.31,42.71
2022-05-13 19:00:00+05:30,9.46,41.02
2022-05-13 20:00:00+05:30,0.0,38.23
2022-05-13 21:00:00+05:30,0.0,36.37
2022-05-13 22:00:00+05:30,0.0,35.22
2022-05-13 23:00:00+05:30,0.0,34.46
2022-05-14 00:00:00+05:30,0.0,34.19
2022-05-14 01:00:00+05:30,0.0,34.05
2022-05-14 02:00:00+05:30,0.0,33.35
2022-05-14 03:00:00+05:30,0.0,32.4
2022-05-14 04:00:00+05:30,0.0,31.65
2022-05-14 05:00:00+05:30,0.0,31.09
2022-05-14 06:00:00+05:30,62.34,30.57
2022-05-14 07:00:00+05:30,244.51,30.68
2022-05-14 08:00:00+05:30,444.97,32.66
2022-05-14 09:00:00+05:30,624.85,35.24
2022-05-14 10:00:00+05:30,769.27,37.82
2022-05-14 11:00:00+05:30,867.52,40.19
2022-05-14 12:00:00+05:30,893.55,42.12
2022-05-14 13:00:00+05:30,867.76,43.09
2022-05-14 14:00:00+05:30,839.45,43.67
2022-05-14 15:00:00+05:30,726.71,43.98
2022-05-14 16:00:00+05:30,570.61,43.99
2022-05-14 17:00:00+05:30,386.64,43.62
2022-05-14 18:00:00+05:30,183.96,42.9
2022-05-14 19:00:00+05:30,9.76,40.95
2022-05-14 20:00:00+05:30,0.0,38.44
2022-05-14 21:00:00+05:30,0.0,36.37
2022-05-14 22:00:00+05:30,0.0,34.87
2022-05-14 23:00:00+05:30,0.0,33.78
2022-05-15 00:00:00+05:30,0.0,33.26
2022-05-15 01:00:00+05:30,0.0,33.3
2022-05-15 02:00:00+05:30,0.0,32.31
2022-05-15 03:00:00+05:30,0.0,31.41
2022-05-15 04:00:00+05:30,0.0,30.47
2022-05-15 05:00:00+05:30,0.0,29.65
2022-05-15 06:00:00+05:30,61.57,29.09
2022-05-15 07:00:00+05:30,241.87,29.37
2022-05-15 08:00:00+05:30,438.04,32.07
2022-05-15 09:00:00+05:30,616.49,34.77
2022-05-15 10:00:00+05:30,759.85,37.16
2022-05-15 11:00:00+05:30,857.97,39.46
2022-05-15 12:00:00+05:30,868.97,41.34
2022-05-15 13:00:00+05:30,747.89,42.26
2022-05-15 14:00:00+05:30,698.55,42.84
2022-05-15 15:00:00+05:30,595.95,43.15
2022-05-15 16:00:00+05:30,493.98,43.32
2022-05-15 17:00:00+05:30,245.85,43.13
2022-05-15 18:00:00+05:30,115.15,42.29
2022-05-15 19:00:00+05:30,9.51,40.24
2022-05-15 20:00:00+05:30,0.0,37.66
2022-05-15 21:00:00+05:30,0.0,36.07
2022-05-15 22:00:00+05:30,0.0,34.94
2022-05-15 23:00:00+05:30,0.0,33.97
2022-05-16 00:00:00+05:30,0.0,33.21
2022-05-16 01:00:00+05:30,0.0,33.23
2022-05-16 02:00:00+05:30,0.0,33.17
2022-05-16 03:00:00+05:30,0.0,32.86
2022-05-16 04:00:00+05:30,0.0,32.45
2022-05-16 05:00:00+05:30,0.0,32.07
2022-05-16 06:00:00+05:30,53.57,31.26
2022-05-16 07:00:00+05:30,221.69,30.87
2022-05-16 08:00:00+05:30,396.71,31.96
2022-05-16 09:00:00+05:30,576.61,33.34
2022-05-16 10:00:00+05:30,752.26,35.14
2022-05-16 11:00:00+05:30,856.22,37.09
2022-05-16 12:00:00+05:30,920.75,38.54
2022-05-16 13:00:00+05:30,917.0,39.56
2022-05-16 14:00:00+05:30,856.98,40.21
2022-05-16 15:00:00+05:30,742.31,40.59
2022-05-16 16:00:00+05:30,588.79,40.74
2022-05-16 17:00:00+05:30,404.18,40.48
2022-05-16 18:00:00+05:30,198.01,39.8
2022-05-16 19:00:00+05:30,10.59,38.18
2022-05-16 20:00:00+05:30,0.0,35.91
2022-05-16 21:00:00+05:30,0.0,33.73
2022-05-16 22:00:00+05:30,0.0,32.6
2022-05-16 23:00:00+05:30,0.0,31.76
2022-05-17 00:00:00+05:30,0.0,31.23
2022-05-17 01:00:00+05:30,0.0,30.75
2022-05-17 02:00:00+05:30,0.0,30.29
2022-05-17 03:00:00+05:30,0.0,29.78
2022-05-17 04:00:00+05:30,0.0,29.2
2022-05-17 05:00:00+05:30,0.0,28.74
2022-05-17 06:00:00+05:30,64.51,28.51
2022-05-17 07:00:00+05:30,246.74,28.74
2022-05-17 08:00:00+05:30,445.73,30.99
2022-05-17 09:00:00+05:30,624.15,33.31
2022-05-17 10:00:00+05:30,768.96,35.57
2022-05-17 11:00:00+05:30,835.77,37.65
2022-05-17 12:00:00+05:30,892.03,38.84
2022-05-17 13:00:00+05:30,903.88,39.72
2022-05-17 14:00:00+05:30,816.32,40.43
2022-05-17 15:00:00+05:30,726.72,40.83
2022-05-17 16:00:00+05:30,549.83,40.92
2022-05-17 17:00:00+05:30,352.99,40.62
2022-05-17 18:00:00+05:30,168.44,40.03
2022-05-17 19:00:00+05:30,10.34,38.69
2022-05-17 20:00:00+05:30,0.0,36.72
2022-05-17 21:00:00+05:30,0.0,35.15
2022-05-17 22:00:00+05:30,0.0,33.78
2022-05-17 23:00:00+05:30,0.0,32.03
2022-05-18 00:00:00+05:30,0.0,30.98
2022-05-18 01:00:00+05:30,0.0,30.11
2022-05-18 02:00:00+05:30,0.0,29.58
2022-05-18 03:00:00+05:30,0.0,29.27
2022-05-18 04:00:00+05:30,0.0,28.97
2022-05-18 05:00:00+05:30,0.0,28.6
2022-05-18 06:00:00+05:30,61.31,27.96
2022-05-18 07:00:00+05:30,243.54,27.83
2022-05-18 08:00:00+05:30,446.38,30.61
2022-05-18 09:00:00+05:30,622.65,33.76
2022-05-18 10:00:00+05:30,767.15,36.25
2022-05-18 11:00:00+05:30,849.98,38.18
2022-05-18 12:00:00+05:30,885.05,39.53
2022-05-18 13:00:00+05:30,874.02,40.31
2022-05-18 14:00:00+05:30,728.48,41.22
2022-05-18 15:00:00+05:30,687.21,41.19
2022-05-18 16:00:00+05:30,563.0,41.36
2022-05-18 17:00:00+05:30,358.05,41.17
2022-05-18 18:00:00+05:30,193.87,40.53
2022-05-18 19:00:00+05:30,11.12,38.98
2022-05-18 20:00:00+05:30,0.0,36.32
2022-05-18 21:00:00+05:30,0.0,34.48
2022-05-18 22:00:00+05:30,0.0,33.3
2022-05-18 23:00:00+05:30,0.0,31.88
2022-05-19 00:00:00+05:30,0.0,30.41
2022-05-19 01:00:00+05:30,0.0,29.78
2022-05-19 02:00:00+05:30,0.0,28.67
2022-05-19 03:00:00+05:30,0.0,27.64
2022-05-19 04:00:00+05:30,0.0,26.76
2022-05-19 05:00:00+05:30,0.0,26.11
2022-05-19 06:00:00+05:30,65.22,25.47
2022-05-19 07:00:00+05:30,249.56,25.56
2022-05-19 08:00:00+05:30,448.53,30.06
2022-05-19 09:00:00+05:30,626.46,34.24
2022-05-19 10:00:00+05:30,769.8,37.62
2022-05-19 11:00:00+05:30,868.22,40.14
2022-05-19 12:00:00+05:30,912.74,41.44
2022-05-19 13:00:00+05:30,903.75,42.55
2022-05-19 14:00:00+05:30,833.66,43.09
2022-05-19 15:00:00+05:30,687.93,43.41
2022-05-19 16:00:00+05:30,571.46,43.44
2022-05-19 17:00:00+05:30,374.39,43.3
2022-05-19 18:00:00+05:30,181.16,42.74
2022-05-19 19:00:00+05:30,11.17,41.15
2022-05-19 20:00:00+05:30,0.0,38.27
2022-05-19 21:00:00+05:30,0.0,36.3
2022-05-19 22:00:00+05:30,0.0,35.02
2022-05-19 23:00:00+05:30,0.0,33.98
2022-05-20 00:00:00+05:30,0.0,32.64
2022-05-20 01:00:00+05:30,0.0,32.71
2022-05-20 02:00:00+05:30,0.0,32.29
2022-05-20 03:00:00+05:30,0.0,31.37
2022-05-20 04:00:00+05:30,0.0,30.32
2022-05-20 05:00:00+05:30,0.0,29.63
2022-05-20 06:00:00+05:30,65.71,29.17
2022-05-20 07:00:00+05:30,249.46,29.5
2022-05-20 08:00:00+05:30,446.83,32.25
2022-05-20 09:00:00+05:30,623.06,35.35
2022-05-20 10:00:00+05:30,764.46,38.0
2022-05-20 11:00:00+05:30,854.65,40.11
2022-05-20 12:00:00+05:30,856.16,41.67
2022-05-20 13:00:00+05:30,869.77,42.69
2022-05-20 14:00:00+05:30,811.81,43.3
2022-05-20 15:00:00+05:30,681.17,43.66
2022-05-20 16:00:00+05:30,554.28,43.6
2022-05-20 17:00:00+05:30,383.22,43.31
2022-05-20 18:00:00+05:30,166.21,42.6
2022-05-20 19:00:00+05:30,12.44,41.08
2022-05-20 20:00:00+05:30,0.0,38.7
2022-05-20 21:00:00+05:30,0.0,36.99
2022-05-20 22:00:00+05:30,0.0,35.81
2022-05-20 23:00:00+05:30,0.0,35.09
2022-05-21 00:00:00+05:30,0.0,34.42
2022-05-21 01:00:00+05:30,0.0,33.98
2022-05-21 02:00:00+05:30,0.0,33.24
2022-05-21 03:00:00+05:30,0.0,32.61
2022-05-21 04:00:00+05:30,0.0,32.12
2022-05-21 05:00:00+05:30,0.0,31.26
2022-05-21 06:00:00+05:30,64.61,30.34
2022-05-21 07:00:00+05:30,227.4,30.07
2022-05-21 08:00:00+05:30,452.51,31.06
2022-05-21 09:00:00+05:30,634.24,32.56
2022-05-21 10:00:00+05:30,757.47,34.28
2022-05-21 11:00:00+05:30,851.37,35.91
2022-05-21 12:00:00+05:30,892.79,37.43
2022-05-21 13:00:00+05:30,883.29,38.87
2022-05-21 14:00:00+05:30,818.54,39.75
2022-05-21 15:00:00+05:30,700.58,39.82
2022-05-21 16:00:00+05:30,430.49,39.02
2022-05-21 17:00:00+05:30,233.71,38.86
2022-05-21 18:00:00+05:30,127.84,38.01
2022-05-21 19:00:00+05:30,9.07,37.07
2022-05-21 20:00:00+05:30,0.0,35.47
2022-05-21 21:00:00+05:30,0.0,34.28
2022-05-21 22:00:00+05:30,0.0,33.66
2022-05-21 23:00:00+05:30,0.0,32.99
2022-05-22 00:00:00+05:30,0.0,32.09
2022-05-22 01:00:00+05:30,0.0,31.6
2022-05-22 02:00:00+05:30,0.0,30.92
2022-05-22 03:00:00+05:30,0.0,30.16
2022-05-22 04:00:00+05:30,0.0,29.41
2022-05-22 05:00:00+05:30,0.0,28.72
2022-05-22 06:00:00+05:30,64.93,28.03
2022-05-22 07:00:00+05:30,246.69,28.12
2022-05-22 08:00:00+05:30,443.01,29.67
2022-05-22 09:00:00+05:30,619.51,31.82
2022-05-22 10:00:00+05:30,761.8,34.27
2022-05-22 11:00:00+05:30,824.52,36.48
2022-05-22 12:00:00+05:30,828.22,38.12
2022-05-22 13:00:00+05:30,786.13,38.99
2022-05-22 14:00:00+05:30,692.89,39.68
2022-05-22 15:00:00+05:30,645.44,39.93
2022-05-22 16:00:00+05:30,546.82,40.03
2022-05-22 17:00:00+05:30,360.39,39.81
2022-05-22 18:00:00+05:30,189.44,39.09
2022-05-22 19:00:00+05:30,11.76,38.02
2022-05-22 20:00:00+05:30,0.0,35.65
2022-05-22 21:00:00+05:30,0.0,34.13
2022-05-22 22:00:00+05:30,0.0,32.71
2022-05-22 23:00:00+05:30,0.0,31.85
2022-05-23 00:00:00+05:30,0.0,31.28
2022-05-23 01:00:00+05:30,0.0,31.46
2022-05-23 02:00:00+05:30,0.0,30.52
2022-05-23 03:00:00+05:30,0.0,29.81
2022-05-23 04:00:00+05:30,0.0,29.29
2022-05-23 05:00:00+05:30,0.0,29.15
2022-05-23 06:00:00+05:30,61.48,29.12
2022-05-23 07:00:00+05:30,236.55,29.55
2022-05-23 08:00:00+05:30,428.7,30.85
2022-05-23 09:00:00+05:30,603.45,32.15
2022-05-23 10:00:00+05:30,742.22,33.71
2022-05-23 11:00:00+05:30,840.0,35.26
2022-05-23 12:00:00+05:30,760.02,36.62
2022-05-23 13:00:00+05:30,784.02,36.54
2022-05-23 14:00:00+05:30,608.11,37.23
2022-05-23 15:00:00+05:30,526.76,37.52
2022-05-23 16:00:00+05:30,309.37,36.95
2022-05-23 17:00:00+05:30,233.42,33.89
2022-05-23 18:00:00+05:30,97.48,32.61
2022-05-23 19:00:00+05:30,8.34,29.8
2022-05-23 20:00:00+05:30,0.0,28.07
2022-05-23 21:00:00+05:30,0.0,27.06
2022-05-23 22:00:00+05:30,0.0,26.55
2022-05-23 23:00:00+05:30,0.0,26.35
2022-05-24 00:00:00+05:30,0.0,25.93
2022-05-24 01:00:00+05:30,0.0,25.51
2022-05-24 02:00:00+05:30,0.0,24.65
2022-05-24 03:00:00+05:30,0.0,24.37
2022-05-24 04:00:00+05:30,0.0,24.32
2022-05-24 05:00:00+05:30,0.0,23.97
2022-05-24 06:00:00+05:30,58.74,23.78
2022-05-24 07:00:00+05:30,235.78,24.32
2022-05-24 08:00:00+05:30,431.89,26.39
2022-05-24 09:00:00+05:30,609.1,29.15
2022-05-24 10:00:00+05:30,755.43,31.81
2022-05-24 11:00:00+05:30,856.32,34.06
2022-05-24 12:00:00+05:30,871.13,35.97
2022-05-24 13:00:00+05:30,869.25,33.22
2022-05-24 14:00:00+05:30,808.45,34.68
2022-05-24 15:00:00+05:30,675.27,35.57
2022-05-24 16:00:00+05:30,479.35,36.13
2022-05-24 17:00:00+05:30,301.75,36.26
2022-05-24 18:00:00+05:30,167.97,35.98
2022-05-24 19:00:00+05:30,10.1,34.98
2022-05-24 20:00:00+05:30,0.0,32.06
2022-05-24 21:00:00+05:30,0.0,30.32
2022-05-24 22:00:00+05:30,0.0,28.5
2022-05-24 23:00:00+05:30,0.0,26.88
2022-05-25 00:00:00+05:30,0.0,25.88
2022-05-25 01:00:00+05:30,0.0,26.37
2022-05-25 02:00:00+05:30,0.0,25.99
2022-05-25 03:00:00+05:30,0.0,25.53
2022-05-25 04:00:00+05:30,0.0,25.07
2022-05-25 05:00:00+05:30,0.0,24.69
2022-05-25 06:00:00+05:30,61.29,24.39
2022-05-25 07:00:00+05:30,232.86,24.88
2022-05-25 08:00:00+05:30,429.44,27.14
2022-05-25 09:00:00+05:30,604.87,29.09
2022-05-25 10:00:00+05:30,746.63,30.92
2022-05-25 11:00:00+05:30,856.59,32.9
2022-05-25 12:00:00+05:30,895.06,34.86
2022-05-25 13:00:00+05:30,884.13,36.56
2022-05-25 14:00:00+05:30,833.82,37.64
2022-05-25 15:00:00+05:30,721.17,38.19
2022-05-25 16:00:00+05:30,571.19,38.26
2022-05-25 17:00:00+05:30,375.13,37.92
2022-05-25 18:00:00+05:30,197.05,37.04
2022-05-25 19:00:00+05:30,13.51,35.37
2022-05-25 20:00:00+05:30,0.0,32.86
2022-05-25 21:00:00+05:30,0.0,31.15
2022-05-25 22:00:00+05:30,0.0,29.83
2022-05-25 23:00:00+05:30,0.0,28.66
2022-05-26 00:00:00+05:30,0.0,27.63
2022-05-26 01:00:00+05:30,0.0,27.29
2022-05-26 02:00:00+05:30,0.0,26.5
2022-05-26 03:00:00+05:30,0.0,25.7
2022-05-26 04:00:00+05:30,0.0,24.84
2022-05-26 05:00:00+05:30,0.0,24.23
2022-05-26 06:00:00+05:30,63.63,23.78
2022-05-26 07:00:00+05:30,241.79,24.15
2022-05-26 08:00:00+05:30,433.98,27.87
2022-05-26 09:00:00+05:30,606.96,30.65
2022-05-26 10:00:00+05:30,747.86,33.1
2022-05-26 11:00:00+05:30,847.96,35.03
2022-05-26 12:00:00+05:30,835.11,36.78
2022-05-26 13:00:00+05:30,832.68,37.66
2022-05-26 14:00:00+05:30,754.24,38.83
2022-05-26 15:00:00+05:30,620.75,39.52
2022-05-26 16:00:00+05:30,477.86,39.55
2022-05-26 17:00:00+05:30,280.74,39.29
2022-05-26 18:00:00+05:30,141.84,38.47
2022-05-26 19:00:00+05:30,10.93,36.9
2022-05-26 20:00:00+05:30,0.0,34.77
2022-05-26 21:00:00+05:30,0.0,33.3
2022-05-26 22:00:00+05:30,0.0,32.61
2022-05-26 23:00:00+05:30,0.0,31.92
2022-05-27 00:00:00+05:30,0.0,31.13
2022-05-27 01:00:00+05:30,0.0,30.25
2022-05-27 02:00:00+05:30,0.0,29.35
2022-05-27 03:00:00+05:30,0.0,28.62
2022-05-27 04:00:00+05:30,0.0,28.0
2022-05-27 05:00:00+05:30,0.0,27.36
2022-05-27 06:00:00+05:30,63.07,26.89
2022-05-27 07:00:00+05:30,239.77,27.48
2022-05-27 08:00:00+05:30,433.67,29.96
2022-05-27 09:00:00+05:30,591.54,31.65
2022-05-27 10:00:00+05:30,743.06,33.3
2022-05-27 11:00:00+05:30,840.91,35.01
2022-05-27 12:00:00+05:30,893.18,36.58
2022-05-27 13:00:00+05:30,880.18,37.97
2022-05-27 14:00:00+05:30,766.98,38.91
2022-05-27 15:00:00+05:30,663.85,39.32
2022-05-27 16:00:00+05:30,546.09,39.56
2022-05-27 17:00:00+05:30,385.52,39.48
2022-05-27 18:00:00+05:30,192.42,38.9
2022-05-27 19:00:00+05:30,14.0,37.65
2022-05-27 20:00:00+05:30,0.0,35.49
2022-05-27 21:00:00+05:30,0.0,34.09
2022-05-27 22:00:00+05:30,0.0,33.15
2022-05-27 23:00:00+05:30,0.0,32.37
2022-05-28 00:00:00+05:30,0.0,31.69
2022-05-28 01:00:00+05:30,0.0,31.39
2022-05-28 02:00:00+05:30,0.0,30.79
2022-05-28 03:00:00+05:30,0.0,30.27
2022-05-28 04:00:00+05:30,0.0,29.85
2022-05-28 05:00:00+05:30,0.0,29.47
2022-05-28 06:00:00+05:30,63.45,28.95
2022-05-28 07:00:00+05:30,240.22,28.92
2022-05-28 08:00:00+05:30,431.78,29.71
2022-05-28 09:00:00+05:30,604.9,30.84
2022-05-28 10:00:00+05:30,745.98,32.49
2022-05-28 11:00:00+05:30,842.86,34.38
2022-05-28 12:00:00+05:30,892.89,36.22
2022-05-28 13:00:00+05:30,886.33,37.76
2022-05-28 14:00:00+05:30,823.45,38.82
2022-05-28 15:00:00+05:30,681.67,39.49
2022-05-28 16:00:00+05:30,557.83,39.67
2022-05-28 17:00:00+05:30,379.82,39.55
2022-05-28 18:00:00+05:30,192.36,38.96
2022-05-28 19:00:00+05:30,14.24,37.79
2022-05-28 20:00:00+05:30,0.0,35.87
2022-05-28 21:00:00+05:30,0.0,34.8
2022-05-28 22:00:00+05:30,0.0,33.88
2022-05-28 23:00:00+05:30,0.0,33.15
2022-05-29 00:00:00+05:30,0.0,32.48
2022-05-29 01:00:00+05:30,0.0,31.52
2022-05-29 02:00:00+05:30,0.0,30.9
2022-05-29 03:00:00+05:30,0.0,30.34
2022-05-29 04:00:00+05:30,0.0,29.88
2022-05-29 05:00:00+05:30,0.0,29.48
2022-05-29 06:00:00+05:30,64.36,29.02
2022-05-29 07:00:00+05:30,244.04,29.06
2022-05-29 08:00:00+05:30,437.83,30.14
2022-05-29 09:00:00+05:30,611.36,31.62
2022-05-29 10:00:00+05:30,751.07,33.59
2022-05-29 11:00:00+05:30,847.71,35.8
2022-05-29 12:00:00+05:30,893.11,37.92
2022-05-29 13:00:00+05:30,886.92,39.64
2022-05-29 14:00:00+05:30,779.79,40.85
2022-05-29 15:00:00+05:30,615.6,41.46
2022-05-29 16:00:00+05:30,437.44,41.41
2022-05-29 17:00:00+05:30,314.29,40.69
2022-05-29 18:00:00+05:30,179.2,39.83
2022-05-29 19:00:00+05:30,13.32,38.49
2022-05-29 20:00:00+05:30,0.0,36.32
2022-05-29 21:00:00+05:30,0.0,34.78
2022-05-29 22:00:00+05:30,0.0,33.93
2022-05-29 23:00:00+05:30,0.0,33.11
2022-05-30 00:00:00+05:30,0.0,32.44
2022-05-30 01:00:00+05:30,0.0,31.66
2022-05-30 02:00:00+05:30,0.0,30.91
2022-05-30 03:00:00+05:30,0.0,30.2
2022-05-30 04:00:00+05:30,0.0,29.68
2022-05-30 05:00:00+05:30,0.0,29.34
2022-05-30 06:00:00+05:30,64.29,28.93
2022-05-30 07:00:00+05:30,243.68,29.07
2022-05-30 08:00:00+05:30,437.7,30.51
2022-05-30 09:00:00+05:30,612.93,32.15
2022-05-30 10:00:00+05:30,753.76,34.17
2022-05-30 11:00:00+05:30,850.55,36.41
2022-05-30 12:00:00+05:30,875.43,38.58
2022-05-30 13:00:00+05:30,715.44,40.26
2022-05-30 14:00:00+05:30,555.99,40.76
2022-05-30 15:00:00+05:30,504.7,40.43
2022-05-30 16:00:00+05:30,381.44,40.29
2022-05-30 17:00:00+05:30,301.23,39.72
2022-05-30 18:00:00+05:30,156.77,39.24
2022-05-30 19:00:00+05:30,14.1,37.98
2022-05-30 20:00:00+05:30,0.0,35.58
2022-05-30 21:00:00+05:30,0.0,33.97
2022-05-30 22:00:00+05:30,0.0,32.89
2022-05-30 23:00:00+05:30,0.0,32.17
2022-05-31 00:00:00+05:30,0.0,31.62
2022-05-31 01:00:00+05:30,0.0,31.09
2022-05-31 02:00:00+05:30,0.0,30.59
2022-05-31 03:00:00+05:30,0.0,30.09
2022-05-31 04:00:00+05:30,0.0,29.65
2022-05-31 05:00:00+05:30,0.0,29.28
2022-05-31 06:00:00+05:30,64.46,28.97
2022-05-31 07:00:00+05:30,244.61,29.37
2022-05-31 08:00:00+05:30,439.42,31.06
2022-05-31 09:00:00+05:30,614.92,33.05
2022-05-31 10:00:00+05:30,756.23,35.1
2022-05-31 11:00:00+05:30,853.16,37.2
2022-05-31 12:00:00+05:30,906.38,39.0
2022-05-31 13:00:00+05:30,861.04,40.31
2022-05-31 14:00:00+05:30,807.66,40.88
2022-05-31 15:00:00+05:30,722.4,41.21
2022-05-31 16:00:00+05:30,569.07,41.26
2022-05-31 17:00:00+05:30,383.94,40.94
2022-05-31 18:00:00+05:30,201.94,40.3
2022-05-31 19:00:00+05:30,41.18,38.61
2022-05-31 20:00:00+05:30,0.0,36.19
2022-05-31 21:00:00+05:30,0.0,34.03
2022-05-31 22:00:00+05:30,0.0,32.23
2022-05-31 23:00:00+05:30,0.0,30.63
2022-06-01 00:00:00+05:30,0.0,29.55
2022-06-01 01:00:00+05:30,0.0,29.67
2022-06-01 02:00:00+05:30,0.0,29.39
2022-06-01 03:00:00+05:30,0.0,29.15
2022-06-01 04:00:00+05:30,0.0,28.88
2022-06-01 05:00:00+05:30,0.0,28.62
2022-06-01 06:00:00+05:30,63.75,28.33
2022-06-01 07:00:00+05:30,241.25,28.83
2022-06-01 08:00:00+05:30,433.87,31.32
2022-06-01 09:00:00+05:30,608.8,33.78
2022-06-01 10:00:00+05:30,729.3,36.02
2022-06-01 11:00:00+05:30,845.25,37.9
2022-06-01 12:00:00+05:30,790.31,39.51
2022-06-01 13:00:00+05:30,768.49,39.9
2022-06-01 14:00:00+05:30,628.34,40.46
2022-06-01 15:00:00+05:30,593.55,40.54
2022-06-01 16:00:00+05:30,475.75,40.51
2022-06-01 17:00:00+05:30,337.34,40.23
2022-06-01 18:00:00+05:30,183.31,39.74
2022-06-01 19:00:00+05:30,39.06,38.41
2022-06-01 20:00:00+05:30,0.0,36.42
2022-06-01 21:00:00+05:30,0.0,34.64
2022-06-01 22:00:00+05:30,0.0,33.01
2022-06-01 23:00:00+05:30,0.0,31.96
2022-06-02 00:00:00+05:30,0.0,31.49
2022-06-02 01:00:00+05:30,0.0,31.4
2022-06-02 02:00:00+05:30,0.0,30.93
2022-06-02 03:00:00+05:30,0.0,30.38
2022-06-02 04:00:00+05:30,0.0,29.89
2022-06-02 05:00:00+05:30,0.0,29.4
2022-06-02 06:00:00+05:30,66.03,28.91
2022-06-02 07:00:00+05:30,248.81,29.2
2022-06-02 08:00:00+05:30,445.14,31.29
2022-06-02 09:00:00+05:30,621.27,33.67
2022-06-02 10:00:00+05:30,763.37,35.87
2022-06-02 11:00:00+05:30,863.29,37.96
2022-06-02 12:00:00+05:30,862.92,39.55
2022-06-02 13:00:00+05:30,845.35,40.62
2022-06-02 14:00:00+05:30,817.45,41.09
2022-06-02 15:00:00+05:30,699.98,41.3
2022-06-02 16:00:00+05:30,552.03,41.28
2022-06-02 17:00:00+05:30,391.27,40.9
2022-06-02 18:00:00+05:30,187.43,40.31
2022-06-02 19:00:00+05:30,36.11,38.73
2022-06-02 20:00:00+05:30,0.0,36.53
2022-06-02 21:00:00+05:30,0.0,34.37
2022-06-02 22:00:00+05:30,0.0,32.9
2022-06-02 23:00:00+05:30,0.0,32.16
2022-06-03 00:00:00+05:30,0.0,31.71
2022-06-03 01:00:00+05:30,0.0,32.61
2022-06-03 02:00:00+05:30,0.0,32.21
2022-06-03 03:00:00+05:30,0.0,31.66
2022-06-03 04:00:00+05:30,0.0,31.15
2022-06-03 05:00:00+05:30,0.0,30.69
2022-06-03 06:00:00+05:30,56.51,30.35
2022-06-03 07:00:00+05:30,181.13,30.58
2022-06-03 08:00:00+05:30,393.22,32.1
2022-06-03 09:00:00+05:30,572.19,34.27
2022-06-03 10:00:00+05:30,709.51,36.25
2022-06-03 11:00:00+05:30,839.16,38.28
2022-06-03 12:00:00+05:30,742.89,40.3
2022-06-03 13:00:00+05:30,660.16,40.94
2022-06-03 14:00:00+05:30,611.14,41.27
2022-06-03 15:00:00+05:30,494.26,41.42
2022-06-03 16:00:00+05:30,378.58,41.18
2022-06-03 17:00:00+05:30,320.19,40.72
2022-06-03 18:00:00+05:30,158.33,40.22
2022-06-03 19:00:00+05:30,36.41,38.72
2022-06-03 20:00:00+05:30,0.0,36.53
2022-06-03 21:00:00+05:30,0.0,35.24
2022-06-03 22:00:00+05:30,0.0,33.96
2022-06-03 23:00:00+05:30,0.0,33.04
2022-06-04 00:00:00+05:30,0.0,32.22
2022-06-04 01:00:00+05:30,0.0,33.2
2022-06-04 02:00:00+05:30,0.0,32.87
2022-06-04 03:00:00+05:30,0.0,32.7
2022-06-04 04:00:00+05:30,0.0,32.04
2022-06-04 05:00:00+05:30,0.0,31.38
2022-06-04 06:00:00+05:30,50.49,30.93
2022-06-04 07:00:00+05:30,231.06,31.12
2022-06-04 08:00:00+05:30,446.1,32.52
2022-06-04 09:00:00+05:30,625.55,34.53
2022-06-04 10:00:00+05:30,767.38,36.66
2022-06-04 11:00:00+05:30,870.04,38.77
2022-06-04 12:00:00+05:30,895.85,40.43
2022-06-04 13:00:00+05:30,883.84,41.42
2022-06-04 14:00:00+05:30,801.08,41.9
2022-06-04 15:00:00+05:30,662.6,42.11
2022-06-04 16:00:00+05:30,510.44,41.94
2022-06-04 17:00:00+05:30,362.16,41.57
2022-06-04 18:00:00+05:30,189.96,40.97
2022-06-04 19:00:00+05:30,40.3,39.42
2022-06-04 20:00:00+05:30,0.0,36.9
2022-06-04 21:00:00+05:30,0.0,35.27
2022-06-04 22:00:00+05:30,0.0,34.28
2022-06-04 23:00:00+05:30,0.0,33.57
2022-06-05 00:00:00+05:30,0.0,32.91
2022-06-05 01:00:00+05:30,0.0,32.42
2022-06-05 02:00:00+05:30,0.0,31.79
2022-06-05 03:00:00+05:30,0.0,31.04
2022-06-05 04:00:00+05:30,0.0,30.33
2022-06-05 05:00:00+05:30,0.0,29.75
2022-06-05 06:00:00+05:30,64.76,29.4
2022-06-05 07:00:00+05:30,245.42,29.68
2022-06-05 08:00:00+05:30,439.64,31.49
2022-06-05 09:00:00+05:30,614.48,33.54
2022-06-05 10:00:00+05:30,756.25,35.67
2022-06-05 11:00:00+05:30,854.52,37.75
2022-06-05 12:00:00+05:30,900.09,39.21
2022-06-05 13:00:00+05:30,895.01,40.05
2022-06-05 14:00:00+05:30,835.13,40.76
2022-06-05 15:00:00+05:30,727.78,41.18
2022-06-05 16:00:00+05:30,579.77,41.33
2022-06-05 17:00:00+05:30,401.18,41.05
2022-06-05 18:00:00+05:30,206.48,40.27
2022-06-05 19:00:00+05:30,42.14,38.68
2022-06-05 20:00:00+05:30,0.0,35.99
2022-06-05 21:00:00+05:30,0.0,34.12
2022-06-05 22:00:00+05:30,0.0,32.83
2022-06-05 23:00:00+05:30,0.0,31.87
2022-06-06 00:00:00+05:30,0.0,31.17
2022-06-06 01:00:00+05:30,0.0,30.76
2022-06-06 02:00:00+05:30,0.0,30.37
2022-06-06 03:00:00+05:30,0.0,29.97
2022-06-06 04:00:00+05:30,0.0,29.64
2022-06-06 05:00:00+05:30,0.0,29.56
2022-06-06 06:00:00+05:30,64.65,29.61
2022-06-06 07:00:00+05:30,244.26,29.89
2022-06-06 08:00:00+05:30,438.4,31.52
2022-06-06 09:00:00+05:30,615.58,33.47
2022-06-06 10:00:00+05:30,760.27,35.6
2022-06-06 11:00:00+05:30,850.7,37.68
2022-06-06 12:00:00+05:30,885.26,39.29
2022-06-06 13:00:00+05:30,862.83,39.79
2022-06-06 14:00:00+05:30,718.85,40.35
2022-06-06 15:00:00+05:30,426.09,40.75
2022-06-06 16:00:00+05:30,430.15,40.18
2022-06-06 17:00:00+05:30,314.62,40.22
2022-06-06 18:00:00+05:30,184.55,39.76
2022-06-06 19:00:00+05:30,37.61,38.76
2022-06-06 20:00:00+05:30,0.0,36.53
2022-06-06 21:00:00+05:30,0.0,34.64
2022-06-06 22:00:00+05:30,0.0,33.63
2022-06-06 23:00:00+05:30,0.0,32.91
2022-06-07 00:00:00+05:30,0.0,32.3
2022-06-07 01:00:00+05:30,0.0,32.42
2022-06-07 02:00:00+05:30,0.0,32.27
2022-06-07 03:00:00+05:30,0.0,32.4
2022-06-07 04:00:00+05:30,0.0,32.45
2022-06-07 05:00:00+05:30,0.0,32.21
2022-06-07 06:00:00+05:30,56.42,31.63
2022-06-07 07:00:00+05:30,229.21,31.37
2022-06-07 08:00:00+05:30,425.82,31.84
2022-06-07 09:00:00+05:30,599.98,33.1
2022-06-07 10:00:00+05:30,742.27,34.91
2022-06-07 11:00:00+05:30,830.23,36.97
2022-06-07 12:00:00+05:30,820.05,38.79
2022-06-07 13:00:00+05:30,852.92,39.65
2022-06-07 14:00:00+05:30,781.03,40.63
2022-06-07 15:00:00+05:30,659.3,41.08
2022-06-07 16:00:00+05:30,551.61,41.18
2022-06-07 17:00:00+05:30,379.48,41.0
2022-06-07 18:00:00+05:30,202.61,40.41
2022-06-07 19:00:00+05:30,39.75,39.17
2022-06-07 20:00:00+05:30,0.0,36.82
2022-06-07 21:00:00+05:30,0.0,35.17
2022-06-07 22:00:00+05:30,0.0,34.16
2022-06-07 23:00:00+05:30,0.0,33.64
2022-06-08 00:00:00+05:30,0.0,33.31
2022-06-08 01:00:00+05:30,0.0,33.69
2022-06-08 02:00:00+05:30,0.0,33.13
2022-06-08 03:00:00+05:30,0.0,32.63
2022-06-08 04:00:00+05:30,0.0,32.01
2022-06-08 05:00:00+05:30,0.0,31.15
2022-06-08 06:00:00+05:30,62.07,30.2
2022-06-08 07:00:00+05:30,245.66,29.84
2022-06-08 08:00:00+05:30,439.8,30.51
2022-06-08 09:00:00+05:30,610.46,32.02
2022-06-08 10:00:00+05:30,715.68,34.23
2022-06-08 11:00:00+05:30,865.77,36.57
2022-06-08 12:00:00+05:30,919.92,38.61
2022-06-08 13:00:00+05:30,913.2,39.68
2022-06-08 14:00:00+05:30,852.81,40.39
2022-06-08 15:00:00+05:30,741.88,40.73
2022-06-08 16:00:00+05:30,588.55,40.74
2022-06-08 17:00:00+05:30,404.14,40.41
2022-06-08 18:00:00+05:30,206.21,39.69
2022-06-08 19:00:00+05:30,41.55,38.37
2022-06-08 20:00:00+05:30,0.0,36.08
2022-06-08 21:00:00+05:30,0.0,34.47
2022-06-08 22:00:00+05:30,0.0,33.51
2022-06-08 23:00:00+05:30,0.0,32.95
2022-06-09 00:00:00+05:30,0.0,32.55
2022-06-09 01:00:00+05:30,0.0,32.92
2022-06-09 02:00:00+05:30,0.0,32.55
2022-06-09 03:00:00+05:30,0.0,32.09
2022-06-09 04:00:00+05:30,0.0,31.84
2022-06-09 05:00:00+05:30,0.0,31.53
2022-06-09 06:00:00+05:30,51.67,30.72
2022-06-09 07:00:00+05:30,222.59,30.62
2022-06-09 08:00:00+05:30,392.69,31.06
2022-06-09 09:00:00+05:30,559.85,32.12
2022-06-09 10:00:00+05:30,709.24,33.8
2022-06-09 11:00:00+05:30,820.66,35.72
2022-06-09 12:00:00+05:30,842.75,37.57
2022-06-09 13:00:00+05:30,747.44,39.44
2022-06-09 14:00:00+05:30,706.69,40.28
2022-06-09 15:00:00+05:30,595.76,40.65
2022-06-09 16:00:00+05:30,459.27,40.63
2022-06-09 17:00:00+05:30,307.84,40.35
2022-06-09 18:00:00+05:30,161.07,39.73
2022-06-09 19:00:00+05:30,31.95,38.77
2022-06-09 20:00:00+05:30,0.0,36.83
2022-06-09 21:00:00+05:30,0.0,35.16
2022-06-09 22:00:00+05:30,0.0,34.21
2022-06-09 23:00:00+05:30,0.0,33.42
2022-06-10 00:00:00+05:30,0.0,32.89
2022-06-10 01:00:00+05:30,0.0,32.86
2022-06-10 02:00:00+05:30,0.0,32.45
2022-06-10 03:00:00+05:30,0.0,31.98
2022-06-10 04:00:00+05:30,0.0,31.45
2022-06-10 05:00:00+05:30,0.0,30.91
2022-06-10 06:00:00+05:30,59.1,30.27
2022-06-10 07:00:00+05:30,230.96,30.2
2022-06-10 08:00:00+05:30,420.63,31.2
2022-06-10 09:00:00+05:30,592.51,32.77
2022-06-10 10:00:00+05:30,740.67,34.78
2022-06-10 11:00:00+05:30,837.72,36.86
2022-06-10 12:00:00+05:30,872.18,38.63
2022-06-10 13:00:00+05:30,861.01,40.0
2022-06-10 14:00:00+05:30,685.04,41.04
2022-06-10 15:00:00+05:30,591.03,41.15
2022-06-10 16:00:00+05:30,454.84,41.2
2022-06-10 17:00:00+05:30,347.55,40.86
2022-06-10 18:00:00+05:30,190.79,40.51
2022-06-10 19:00:00+05:30,39.94,39.45
2022-06-10 20:00:00+05:30,0.0,37.3
2022-06-10 21:00:00+05:30,0.0,35.39
2022-06-10 22:00:00+05:30,0.0,34.22
2022-06-10 23:00:00+05:30,0.0,33.5
2022-06-11 00:00:00+05:30,0.0,32.97
2022-06-11 01:00:00+05:30,0.0,32.37
2022-06-11 02:00:00+05:30,0.0,31.82
2022-06-11 03:00:00+05:30,0.0,31.24
2022-06-11 04:00:00+05:30,0.0,30.66
2022-06-11 05:00:00+05:30,0.0,30.09
2022-06-11 06:00:00+05:30,61.44,29.56
2022-06-11 07:00:00+05:30,238.77,29.67
2022-06-11 08:00:00+05:30,427.1,31.26
2022-06-11 09:00:00+05:30,603.03,32.92
2022-06-11 10:00:00+05:30,746.21,34.63
2022-06-11 11:00:00+05:30,845.39,36.37
2022-06-11 12:00:00+05:30,891.53,38.0
2022-06-11 13:00:00+05:30,869.23,39.58
2022-06-11 14:00:00+05:30,801.18,40.58
2022-06-11 15:00:00+05:30,626.84,41.25
2022-06-11 16:00:00+05:30,485.04,41.21
2022-06-11 17:00:00+05:30,325.44,41.09
2022-06-11 18:00:00+05:30,163.58,40.54
2022-06-11 19:00:00+05:30,39.8,39.53
2022-06-11 20:00:00+05:30,0.0,37.18
2022-06-11 21:00:00+05:30,0.0,35.31
2022-06-11 22:00:00+05:30,0.0,34.21
2022-06-11 23:00:00+05:30,0.0,33.4
2022-06-12 00:00:00+05:30,0.0,32.76
2022-06-12 01:00:00+05:30,0.0,32.02
2022-06-12 02:00:00+05:30,0.0,31.67
2022-06-12 03:00:00+05:30,0.0,31.44
2022-06-12 04:00:00+05:30,0.0,31.19
2022-06-12 05:00:00+05:30,0.0,30.83
2022-06-12 06:00:00+05:30,58.31,30.43
2022-06-12 07:00:00+05:30,231.43,30.69
2022-06-12 08:00:00+05:30,419.91,32.4
2022-06-12 09:00:00+05:30,580.36,34.07
2022-06-12 10:00:00+05:30,730.57,35.5
2022-06-12 11:00:00+05:30,830.06,37.04
2022-06-12 12:00:00+05:30,741.39,38.49
2022-06-12 13:00:00+05:30,685.0,38.98
2022-06-12 14:00:00+05:30,647.27,39.74
2022-06-12 15:00:00+05:30,450.93,40.39
2022-06-12 16:00:00+05:30,292.04,40.03
2022-06-12 17:00:00+05:30,184.42,38.92
2022-06-12 18:00:00+05:30,138.7,37.32
2022-06-12 19:00:00+05:30,29.7,36.51
2022-06-12 20:00:00+05:30,0.0,35.03
2022-06-12 21:00:00+05:30,0.0,33.77
2022-06-12 22:00:00+05:30,0.0,33.08
2022-06-12 23:00:00+05:30,0.0,32.26
2022-06-13 00:00:00+05:30,0.0,31.83
2022-06-13 01:00:00+05:30,0.0,32.61
2022-06-13 02:00:00+05:30,0.0,32.5
2022-06-13 03:00:00+05:30,0.0,32.2
2022-06-13 04:00:00+05:30,0.0,31.73
2022-06-13 05:00:00+05:30,0.0,31.34
2022-06-13 06:00:00+05:30,8.2,31.04
2022-06-13 07:00:00+05:30,48.78,30.77
2022-06-13 08:00:00+05:30,182.83,30.93
2022-06-13 09:00:00+05:30,350.58,31.75
2022-06-13 10:00:00+05:30,491.8,32.87
2022-06-13 11:00:00+05:30,674.36,34.15
2022-06-13 12:00:00+05:30,647.3,35.97
2022-06-13 13:00:00+05:30,679.38,38.06
2022-06-13 14:00:00+05:30,601.72,38.57
2022-06-13 15:00:00+05:30,628.42,39.12
2022-06-13 16:00:00+05:30,389.83,39.0
2022-06-13 17:00:00+05:30,128.06,35.59
2022-06-13 18:00:00+05:30,63.78,34.02
2022-06-13 19:00:00+05:30,24.94,33.01
2022-06-13 20:00:00+05:30,0.0,32.14
2022-06-13 21:00:00+05:30,0.0,31.82
2022-06-13 22:00:00+05:30,0.0,31.65
2022-06-13 23:00:00+05:30,0.0,31.62
2022-06-14 00:00:00+05:30,0.0,31.38
2022-06-14 01:00:00+05:30,0.0,29.05
2022-06-14 02:00:00+05:30,0.0,28.53
2022-06-14 03:00:00+05:30,0.0,28.24
2022-06-14 04:00:00+05:30,0.0,28.07
2022-06-14 05:00:00+05:30,0.0,27.96
2022-06-14 06:00:00+05:30,11.46,27.92
2022-06-14 07:00:00+05:30,55.49,27.97
2022-06-14 08:00:00+05:30,148.0,28.06
2022-06-14 09:00:00+05:30,265.39,28.41
2022-06-14 10:00:00+05:30,439.76,29.29
2022-06-14 11:00:00+05:30,511.41,30.72
2022-06-14 12:00:00+05:30,383.31,31.65
2022-06-14 13:00:00+05:30,458.18,32.55
2022-06-14 14:00:00+05:30,468.73,33.42
2022-06-14 15:00:00+05:30,487.01,33.9
2022-06-14 16:00:00+05:30,394.93,34.41
2022-06-14 17:00:00+05:30,317.8,34.34
2022-06-14 18:00:00+05:30,182.0,34.4
2022-06-14 19:00:00+05:30,27.16,33.87
2022-06-14 20:00:00+05:30,0.0,32.66
2022-06-14 21:00:00+05:30,0.0,31.8
2022-06-14 22:00:00+05:30,0.0,30.98
2022-06-14 23:00:00+05:30,0.0,30.41
2022-06-15 00:00:00+05:30,0.0,29.86
2022-06-15 01:00:00+05:30,0.0,29.48
2022-06-15 02:00:00+05:30,0.0,29.29
2022-06-15 03:00:00+05:30,0.0,28.95
2022-06-15 04:00:00+05:30,0.0,28.66
2022-06-15 05:00:00+05:30,0.0,28.39
2022-06-15 06:00:00+05:30,47.01,28.13
2022-06-15 07:00:00+05:30,195.72,28.41
2022-06-15 08:00:00+05:30,355.04,29.68
2022-06-15 09:00:00+05:30,473.86,31.36
2022-06-15 10:00:00+05:30,567.19,32.89
2022-06-15 11:00:00+05:30,737.65,34.28
2022-06-15 12:00:00+05:30,801.78,35.57
2022-06-15 13:00:00+05:30,738.75,36.92
2022-06-15 14:00:00+05:30,763.74,37.61
2022-06-15 15:00:00+05:30,656.85,38.42
2022-06-15 16:00:00+05:30,511.24,38.56
2022-06-15 17:00:00+05:30,298.36,38.33
2022-06-15 18:00:00+05:30,126.29,36.64
2022-06-15 19:00:00+05:30,26.63,35.49
2022-06-15 20:00:00+05:30,0.0,34.2
2022-06-15 21:00:00+05:30,0.0,33.33
2022-06-15 22:00:00+05:30,0.0,32.59
2022-06-15 23:00:00+05:30,0.0,31.97
2022-06-16 00:00:00+05:30,0.0,31.44
2022-06-16 01:00:00+05:30,0.0,31.19
2022-06-16 02:00:00+05:30,0.0,30.61
2022-06-16 03:00:00+05:30,0.0,30.08
2022-06-16 04:00:00+05:30,0.0,29.66
2022-06-16 05:00:00+05:30,0.0,29.28
2022-06-16 06:00:00+05:30,49.44,28.93
2022-06-16 07:00:00+05:30,206.79,29.12
2022-06-16 08:00:00+05:30,380.2,30.11
2022-06-16 09:00:00+05:30,508.74,31.35
2022-06-16 10:00:00+05:30,674.97,32.7
2022-06-16 11:00:00+05:30,783.5,34.24
2022-06-16 12:00:00+05:30,822.69,35.76
2022-06-16 13:00:00+05:30,741.62,37.33
2022-06-16 14:00:00+05:30,623.89,37.85
2022-06-16 15:00:00+05:30,524.44,38.17
2022-06-16 16:00:00+05:30,407.45,38.35
2022-06-16 17:00:00+05:30,272.65,37.95
2022-06-16 18:00:00+05:30,137.12,35.85
2022-06-16 19:00:00+05:30,28.95,35.34
2022-06-16 20:00:00+05:30,0.0,34.46
2022-06-16 21:00:00+05:30,0.0,33.55
2022-06-16 22:00:00+05:30,0.0,33.1
2022-06-16 23:00:00+05:30,0.0,32.58
2022-06-17 00:00:00+05:30,0.0,31.89
2022-06-17 01:00:00+05:30,0.0,29.32
2022-06-17 02:00:00+05:30,0.0,29.28
2022-06-17 03:00:00+05:30,0.0,29.1
2022-06-17 04:00:00+05:30,0.0,28.98
2022-06-17 05:00:00+05:30,0.0,28.94
2022-06-17 06:00:00+05:30,50.49,28.7
2022-06-17 07:00:00+05:30,203.64,29.03
2022-06-17 08:00:00+05:30,390.6,30.31
2022-06-17 09:00:00+05:30,569.61,31.55
2022-06-17 10:00:00+05:30,709.54,32.97
2022-06-17 11:00:00+05:30,813.61,34.47
2022-06-17 12:00:00+05:30,683.9,35.74
2022-06-17 13:00:00+05:30,592.64,36.12
2022-06-17 14:00:00+05:30,617.58,36.57
2022-06-17 15:00:00+05:30,574.61,37.06
2022-06-17 16:00:00+05:30,429.4,37.33
2022-06-17 17:00:00+05:30,227.09,37.11
2022-06-17 18:00:00+05:30,136.42,36.55
2022-06-17 19:00:00+05:30,29.16,35.8
2022-06-17 20:00:00+05:30,0.0,34.56
2022-06-17 21:00:00+05:30,0.0,33.22
2022-06-17 22:00:00+05:30,0.0,32.32
2022-06-17 23:00:00+05:30,0.0,31.57
2022-06-18 00:00:00+05:30,0.0,31.13
2022-06-18 01:00:00+05:30,0.0,26.95
2022-06-18 02:00:00+05:30,0.0,26.87
2022-06-18 03:00:00+05:30,0.0,26.79
2022-06-18 04:00:00+05:30,0.0,26.67
2022-06-18 05:00:00+05:30,0.0,26.59
2022-06-18 06:00:00+05:30,51.48,26.54
2022-06-18 07:00:00+05:30,215.2,27.13
2022-06-18 08:00:00+05:30,401.34,29.37
2022-06-18 09:00:00+05:30,577.67,31.64
2022-06-18 10:00:00+05:30,715.85,33.34
2022-06-18 11:00:00+05:30,777.15,34.74
2022-06-18 12:00:00+05:30,715.96,36.02
2022-06-18 13:00:00+05:30,656.3,35.69
2022-06-18 14:00:00+05:30,572.35,36.24
2022-06-18 15:00:00+05:30,477.67,36.45
2022-06-18 16:00:00+05:30,376.18,36.38
2022-06-18 17:00:00+05:30,284.49,35.65
2022-06-18 18:00:00+05:30,112.46,33.6
2022-06-18 19:00:00+05:30,24.14,31.3
2022-06-18 20:00:00+05:30,0.0,30.48
2022-06-18 21:00:00+05:30,0.0,30.05
2022-06-18 22:00:00+05:30,0.0,29.3
2022-06-18 23:00:00+05:30,0.0,28.99
2022-06-19 00:00:00+05:30,0.0,28.54
2022-06-19 01:00:00+05:30,0.0,26.12
2022-06-19 02:00:00+05:30,0.0,26.13
2022-06-19 03:00:00+05:30,0.0,26.15
2022-06-19 04:00:00+05:30,0.0,26.21
2022-06-19 05:00:00+05:30,0.0,26.25
2022-06-19 06:00:00+05:30,33.75,26.31
2022-06-19 07:00:00+05:30,166.84,26.79
2022-06-19 08:00:00+05:30,340.93,28.35
2022-06-19 09:00:00+05:30,547.52,30.25
2022-06-19 10:00:00+05:30,674.98,31.9
2022-06-19 11:00:00+05:30,749.44,33.19
2022-06-19 12:00:00+05:30,419.36,34.37
2022-06-19 13:00:00+05:30,498.48,28.24
2022-06-19 14:00:00+05:30,603.16,29.57
2022-06-19 15:00:00+05:30,570.14,31.53
2022-06-19 16:00:00+05:30,517.9,32.45
2022-06-19 17:00:00+05:30,267.67,32.9
2022-06-19 18:00:00+05:30,124.59,30.87
2022-06-19 19:00:00+05:30,24.0,27.49
2022-06-19 20:00:00+05:30,0.0,26.68
2022-06-19 21:00:00+05:30,0.0,26.39
2022-06-19 22:00:00+05:30,0.0,25.48
2022-06-19 23:00:00+05:30,0.0,25.11
2022-06-20 00:00:00+05:30,0.0,24.87
2022-06-20 01:00:00+05:30,0.0,25.29
2022-06-20 02:00:00+05:30,0.0,25.25
2022-06-20 03:00:00+05:30,0.0,25.08
2022-06-20 04:00:00+05:30,0.0,24.88
2022-06-20 05:00:00+05:30,0.0,24.87
2022-06-20 06:00:00+05:30,45.54,24.95
2022-06-20 07:00:00+05:30,194.93,25.68
2022-06-20 08:00:00+05:30,362.09,27.54
2022-06-20 09:00:00+05:30,439.42,28.95
2022-06-20 10:00:00+05:30,383.78,29.28
2022-06-20 11:00:00+05:30,636.95,30.0
2022-06-20 12:00:00+05:30,536.48,31.52
2022-06-20 13:00:00+05:30,451.65,28.93
2022-06-20 14:00:00+05:30,562.23,29.77
2022-06-20 15:00:00+05:30,408.51,31.23
2022-06-20 16:00:00+05:30,110.25,30.7
2022-06-20 17:00:00+05:30,159.25,28.25
2022-06-20 18:00:00+05:30,121.22,27.85
2022-06-20 19:00:00+05:30,26.27,27.6
2022-06-20 20:00:00+05:30,0.0,26.98
2022-06-20 21:00:00+05:30,0.0,26.11
2022-06-20 22:00:00+05:30,0.0,25.49
2022-06-20 23:00:00+05:30,0.0,25.21
2022-06-21 00:00:00+05:30,0.0,24.82
2022-06-21 01:00:00+05:30,0.0,25.13
2022-06-21 02:00:00+05:30,0.0,24.72
2022-06-21 03:00:00+05:30,0.0,24.21
2022-06-21 04:00:00+05:30,0.0,23.95
2022-06-21 05:00:00+05:30,0.0,23.74
2022-06-21 06:00:00+05:30,37.05,23.67
2022-06-21 07:00:00+05:30,153.53,23.9
2022-06-21 08:00:00+05:30,318.23,25.16
2022-06-21 09:00:00+05:30,445.81,27.22
2022-06-21 10:00:00+05:30,590.31,29.01
2022-06-21 11:00:00+05:30,796.61,30.63
2022-06-21 12:00:00+05:30,705.53,32.27
2022-06-21 13:00:00+05:30,766.85,31.15
2022-06-21 14:00:00+05:30,773.69,32.23
2022-06-21 15:00:00+05:30,611.67,33.17
2022-06-21 16:00:00+05:30,509.13,33.19
2022-06-21 17:00:00+05:30,352.61,32.82
2022-06-21 18:00:00+05:30,131.65,31.74
2022-06-21 19:00:00+05:30,29.2,30.74
2022-06-21 20:00:00+05:30,0.0,29.86
2022-06-21 21:00:00+05:30,0.0,29.13
2022-06-21 22:00:00+05:30,0.0,28.25
2022-06-21 23:00:00+05:30,0.0,27.66
2022-06-22 00:00:00+05:30,0.0,27.22
2022-06-22 01:00:00+05:30,0.0,27.14
2022-06-22 02:00:00+05:30,0.0,26.82
2022-06-22 03:00:00+05:30,0.0,26.48
2022-06-22 04:00:00+05:30,0.0,26.03
2022-06-22 05:00:00+05:30,0.0,25.7
2022-06-22 06:00:00+05:30,42.18,25.43
2022-06-22 07:00:00+05:30,190.72,25.55
2022-06-22 08:00:00+05:30,364.52,27.13
2022-06-22 09:00:00+05:30,545.71,28.73
2022-06-22 10:00:00+05:30,686.21,30.65
2022-06-22 11:00:00+05:30,790.89,32.16
2022-06-22 12:00:00+05:30,816.16,33.23
2022-06-22 13:00:00+05:30,830.93,33.84
2022-06-22 14:00:00+05:30,719.17,34.53
2022-06-22 15:00:00+05:30,640.29,34.59
2022-06-22 16:00:00+05:30,466.21,34.02
2022-06-22 17:00:00+05:30,273.42,30.44
2022-06-22 18:00:00+05:30,131.12,28.99
2022-06-22 19:00:00+05:30,33.5,28.92
2022-06-22 20:00:00+05:30,0.0,28.38
2022-06-22 21:00:00+05:30,0.0,27.92
2022-06-22 22:00:00+05:30,0.0,27.6
2022-06-22 23:00:00+05:30,0.0,27.23
2022-06-23 00:00:00+05:30,0.0,26.83
2022-06-23 01:00:00+05:30,0.0,27.31
2022-06-23 02:00:00+05:30,0.0,27.06
2022-06-23 03:00:00+05:30,0.0,26.83
2022-06-23 04:00:00+05:30,0.0,26.6
2022-06-23 05:00:00+05:30,0.0,26.34
2022-06-23 06:00:00+05:30,49.92,26.07
2022-06-23 07:00:00+05:30,210.02,26.34
2022-06-23 08:00:00+05:30,391.8,27.92
2022-06-23 09:00:00+05:30,561.82,29.83
2022-06-23 10:00:00+05:30,707.3,31.51
2022-06-23 11:00:00+05:30,770.93,32.87
2022-06-23 12:00:00+05:30,838.37,33.94
2022-06-23 13:00:00+05:30,844.32,35.26
2022-06-23 14:00:00+05:30,786.95,36.12
2022-06-23 15:00:00+05:30,591.11,36.65
2022-06-23 16:00:00+05:30,496.03,36.47
2022-06-23 17:00:00+05:30,349.1,36.27
2022-06-23 18:00:00+05:30,174.13,35.57
2022-06-23 19:00:00+05:30,35.97,33.98
2022-06-23 20:00:00+05:30,0.0,31.97
2022-06-23 21:00:00+05:30,0.0,30.48
2022-06-23 22:00:00+05:30,0.0,29.29
2022-06-23 23:00:00+05:30,0.0,28.2
2022-06-24 00:00:00+05:30,0.0,27.32
2022-06-24 01:00:00+05:30,0.0,26.89
2022-06-24 02:00:00+05:30,0.0,26.33
2022-06-24 03:00:00+05:30,0.0,25.68
2022-06-24 04:00:00+05:30,0.0,25.01
2022-06-24 05:00:00+05:30,0.0,24.43
2022-06-24 06:00:00+05:30,53.77,23.94
2022-06-24 07:00:00+05:30,225.28,24.26
2022-06-24 08:00:00+05:30,419.43,26.75
2022-06-24 09:00:00+05:30,596.31,29.56
2022-06-24 10:00:00+05:30,740.87,31.64
2022-06-24 11:00:00+05:30,841.06,33.16
2022-06-24 12:00:00+05:30,890.73,34.39
2022-06-24 13:00:00+05:30,887.51,35.78
2022-06-24 14:00:00+05:30,832.21,36.51
2022-06-24 15:00:00+05:30,725.82,36.94
2022-06-24 16:00:00+05:30,578.74,37.11
2022-06-24 17:00:00+05:30,401.25,36.92
2022-06-24 18:00:00+05:30,209.44,36.38
2022-06-24 19:00:00+05:30,45.4,34.86
2022-06-24 20:00:00+05:30,0.0,32.96
2022-06-24 21:00:00+05:30,0.0,30.92
2022-06-24 22:00:00+05:30,0.0,29.28
2022-06-24 23:00:00+05:30,0.0,27.92
2022-06-25 00:00:00+05:30,0.0,26.9
2022-06-25 01:00:00+05:30,0.0,26.5
2022-06-25 02:00:00+05:30,0.0,26.2
2022-06-25 03:00:00+05:30,0.0,26.13
2022-06-25 04:00:00+05:30,0.0,26.01
2022-06-25 05:00:00+05:30,0.0,25.89
2022-06-25 06:00:00+05:30,50.88,25.45
2022-06-25 07:00:00+05:30,201.55,25.63
2022-06-25 08:00:00+05:30,376.75,28.47
2022-06-25 09:00:00+05:30,568.0,31.1
2022-06-25 10:00:00+05:30,722.41,33.55
2022-06-25 11:00:00+05:30,825.36,35.47
2022-06-25 12:00:00+05:30,866.22,36.69
2022-06-25 13:00:00+05:30,867.6,37.53
2022-06-25 14:00:00+05:30,819.46,38.09
2022-06-25 15:00:00+05:30,713.24,38.43
2022-06-25 16:00:00+05:30,565.7,38.51
2022-06-25 17:00:00+05:30,392.14,38.38
2022-06-25 18:00:00+05:30,205.06,37.97
2022-06-25 19:00:00+05:30,43.99,36.74
2022-06-25 20:00:00+05:30,0.0,34.32
2022-06-25 21:00:00+05:30,0.0,32.26
2022-06-25 22:00:00+05:30,0.0,31.29
2022-06-25 23:00:00+05:30,0.0,30.53
2022-06-26 00:00:00+05:30,0.0,29.84
2022-06-26 01:00:00+05:30,0.0,29.18
2022-06-26 02:00:00+05:30,0.0,28.33
2022-06-26 03:00:00+05:30,0.0,27.65
2022-06-26 04:00:00+05:30,0.0,27.23
2022-06-26 05:00:00+05:30,0.0,27.03
2022-06-26 06:00:00+05:30,50.91,26.74
2022-06-26 07:00:00+05:30,215.78,27.02
2022-06-26 08:00:00+05:30,399.61,29.33
2022-06-26 09:00:00+05:30,579.56,32.02
2022-06-26 10:00:00+05:30,723.13,34.41
2022-06-26 11:00:00+05:30,815.82,36.36
2022-06-26 12:00:00+05:30,801.84,37.61
2022-06-26 13:00:00+05:30,831.84,38.3
2022-06-26 14:00:00+05:30,764.51,38.99
2022-06-26 15:00:00+05:30,658.78,39.25
2022-06-26 16:00:00+05:30,536.49,39.25
2022-06-26 17:00:00+05:30,351.17,38.9
2022-06-26 18:00:00+05:30,192.86,38.23
2022-06-26 19:00:00+05:30,40.92,36.97
2022-06-26 20:00:00+05:30,0.0,34.99
2022-06-26 21:00:00+05:30,0.0,33.83
2022-06-26 22:00:00+05:30,0.0,33.03
2022-06-26 23:00:00+05:30,0.0,32.33
2022-06-27 00:00:00+05:30,0.0,31.36
2022-06-27 01:00:00+05:30,0.0,31.26
2022-06-27 02:00:00+05:30,0.0,30.73
2022-06-27 03:00:00+05:30,0.0,30.08
2022-06-27 04:00:00+05:30,0.0,29.6
2022-06-27 05:00:00+05:30,0.0,29.27
2022-06-27 06:00:00+05:30,39.96,28.87
2022-06-27 07:00:00+05:30,187.66,29.06
2022-06-27 08:00:00+05:30,364.14,30.74
2022-06-27 09:00:00+05:30,545.43,32.53
2022-06-27 10:00:00+05:30,687.63,34.25
2022-06-27 11:00:00+05:30,785.01,35.65
2022-06-27 12:00:00+05:30,809.96,36.71
2022-06-27 13:00:00+05:30,619.43,37.6
2022-06-27 14:00:00+05:30,736.34,37.49
2022-06-27 15:00:00+05:30,637.58,38.21
2022-06-27 16:00:00+05:30,483.81,38.39
2022-06-27 17:00:00+05:30,350.75,38.27
2022-06-27 18:00:00+05:30,163.62,37.89
2022-06-27 19:00:00+05:30,37.88,37.07
2022-06-27 20:00:00+05:30,0.0,35.4
2022-06-27 21:00:00+05:30,0.0,34.12
2022-06-27 22:00:00+05:30,0.0,33.2
2022-06-27 23:00:00+05:30,0.0,32.45
2022-06-28 00:00:00+05:30,0.0,31.76
2022-06-28 01:00:00+05:30,0.0,31.65
2022-06-28 02:00:00+05:30,0.0,31.17
2022-06-28 03:00:00+05:30,0.0,30.7
2022-06-28 04:00:00+05:30,0.0,30.24
2022-06-28 05:00:00+05:30,0.0,29.83
2022-06-28 06:00:00+05:30,37.79,29.68
2022-06-28 07:00:00+05:30,182.22,30.26
2022-06-28 08:00:00+05:30,375.56,32.2
2022-06-28 09:00:00+05:30,552.48,33.93
2022-06-28 10:00:00+05:30,696.47,35.65
2022-06-28 11:00:00+05:30,793.82,37.38
2022-06-28 12:00:00+05:30,844.5,38.87
2022-06-28 13:00:00+05:30,837.44,39.4
2022-06-28 14:00:00+05:30,719.7,40.21
2022-06-28 15:00:00+05:30,534.94,40.62
2022-06-28 16:00:00+05:30,413.69,40.34
2022-06-28 17:00:00+05:30,239.61,39.88
2022-06-28 18:00:00+05:30,136.56,39.27
2022-06-28 19:00:00+05:30,24.46,38.47
2022-06-28 20:00:00+05:30,0.0,36.87
2022-06-28 21:00:00+05:30,0.0,35.99
2022-06-28 22:00:00+05:30,0.0,35.06
2022-06-28 23:00:00+05:30,0.0,34.25
2022-06-29 00:00:00+05:30,0.0,33.44
2022-06-29 01:00:00+05:30,0.0,31.84
2022-06-29 02:00:00+05:30,0.0,31.36
2022-06-29 03:00:00+05:30,0.0,31.14
2022-06-29 04:00:00+05:30,0.0,30.95
2022-06-29 05:00:00+05:30,0.0,30.75
2022-06-29 06:00:00+05:30,34.73,30.61
2022-06-29 07:00:00+05:30,182.18,30.7
2022-06-29 08:00:00+05:30,362.25,31.58
2022-06-29 09:00:00+05:30,549.93,32.84
2022-06-29 10:00:00+05:30,681.92,34.26
2022-06-29 11:00:00+05:30,797.74,35.74
2022-06-29 12:00:00+05:30,856.38,37.23
2022-06-29 13:00:00+05:30,845.5,38.35
2022-06-29 14:00:00+05:30,683.32,39.24
2022-06-29 15:00:00+05:30,573.24,39.57
2022-06-29 16:00:00+05:30,415.16,39.6
2022-06-29 17:00:00+05:30,253.89,39.17
2022-06-29 18:00:00+05:30,112.73,38.02
2022-06-29 19:00:00+05:30,20.53,36.95
2022-06-29 20:00:00+05:30,0.0,35.24
2022-06-29 21:00:00+05:30,0.0,34.4
2022-06-29 22:00:00+05:30,0.0,33.39
2022-06-29 23:00:00+05:30,0.0,32.96
2022-06-30 00:00:00+05:30,0.0,32.08
2022-06-30 01:00:00+05:30,0.0,31.59
2022-06-30 02:00:00+05:30,0.0,31.29
2022-06-30 03:00:00+05:30,0.0,31.12
2022-06-30 04:00:00+05:30,0.0,30.93
2022-06-30 05:00:00+05:30,0.0,30.88
2022-06-30 06:00:00+05:30,15.14,30.52
2022-06-30 07:00:00+05:30,56.59,30.3
2022-06-30 08:00:00+05:30,160.96,30.55
2022-06-30 09:00:00+05:30,222.37,31.31
2022-06-30 10:00:00+05:30,281.16,32.14
2022-06-30 11:00:00+05:30,351.38,33.32
2022-06-30 12:00:00+05:30,208.22,34.44
2022-06-30 13:00:00+05:30,184.7,28.2
2022-06-30 14:00:00+05:30,207.52,28.07
2022-06-30 15:00:00+05:30,266.22,27.91
2022-06-30 16:00:00+05:30,160.8,27.93
2022-06-30 17:00:00+05:30,113.44,27.8
2022-06-30 18:00:00+05:30,58.98,27.99
2022-06-30 19:00:00+05:30,13.24,27.83
2022-06-30 20:00:00+05:30,0.0,27.31
2022-06-30 21:00:00+05:30,0.0,26.93
2022-06-30 22:00:00+05:30,0.0,26.6
2022-06-30 23:00:00+05:30,0.0,26.17
2022-07-01 00:00:00+05:30,0.0,25.91
2022-07-01 01:00:00+05:30,0.0,24.4
2022-07-01 02:00:00+05:30,0.0,24.32
2022-07-01 03:00:00+05:30,0.0,24.28
2022-07-01 04:00:00+05:30,0.0,24.26
2022-07-01 05:00:00+05:30,0.0,24.32
2022-07-01 06:00:00+05:30,7.46,24.39
2022-07-01 07:00:00+05:30,31.14,24.47
2022-07-01 08:00:00+05:30,59.25,24.58
2022-07-01 09:00:00+05:30,82.1,24.88
2022-07-01 10:00:00+05:30,127.75,25.29
2022-07-01 11:00:00+05:30,195.78,25.72
2022-07-01 12:00:00+05:30,252.5,26.14
2022-07-01 13:00:00+05:30,295.13,26.9
2022-07-01 14:00:00+05:30,194.76,27.59
2022-07-01 15:00:00+05:30,212.13,27.77
2022-07-01 16:00:00+05:30,155.8,28.12
2022-07-01 17:00:00+05:30,96.25,28.33
2022-07-01 18:00:00+05:30,62.51,28.23
2022-07-01 19:00:00+05:30,14.8,28.01
2022-07-01 20:00:00+05:30,0.0,27.57
2022-07-01 21:00:00+05:30,0.0,27.05
2022-07-01 22:00:00+05:30,0.0,26.76
2022-07-01 23:00:00+05:30,0.0,26.53
2022-07-02 00:00:00+05:30,0.0,26.29
2022-07-02 01:00:00+05:30,0.0,25.68
2022-07-02 02:00:00+05:30,0.0,25.53
2022-07-02 03:00:00+05:30,0.0,25.38
2022-07-02 04:00:00+05:30,0.0,25.13
2022-07-02 05:00:00+05:30,0.0,25.05
2022-07-02 06:00:00+05:30,22.01,24.96
2022-07-02 07:00:00+05:30,110.43,25.02
2022-07-02 08:00:00+05:30,213.09,25.58
2022-07-02 09:00:00+05:30,323.27,26.68
2022-07-02 10:00:00+05:30,387.65,27.6
2022-07-02 11:00:00+05:30,542.15,28.26
2022-07-02 12:00:00+05:30,599.32,29.42
2022-07-02 13:00:00+05:30,635.25,30.53
2022-07-02 14:00:00+05:30,541.68,31.23
2022-07-02 15:00:00+05:30,538.54,31.25
2022-07-02 16:00:00+05:30,437.36,31.56
2022-07-02 17:00:00+05:30,279.68,31.56
2022-07-02 18:00:00+05:30,96.99,31.29
2022-07-02 19:00:00+05:30,20.95,28.16
2022-07-02 20:00:00+05:30,0.0,26.81
2022-07-02 21:00:00+05:30,0.0,26.18
2022-07-02 22:00:00+05:30,0.0,25.72
2022-07-02 23:00:00+05:30,0.0,25.49
2022-07-03 00:00:00+05:30,0.0,25.45
2022-07-03 01:00:00+05:30,0.0,25.26
2022-07-03 02:00:00+05:30,0.0,25.14
2022-07-03 03:00:00+05:30,0.0,25.1
2022-07-03 04:00:00+05:30,0.0,25.1
2022-07-03 05:00:00+05:30,0.0,25.01
2022-07-03 06:00:00+05:30,19.68,25.0
2022-07-03 07:00:00+05:30,104.35,25.16
2022-07-03 08:00:00+05:30,237.56,25.66
2022-07-03 09:00:00+05:30,361.57,26.72
2022-07-03 10:00:00+05:30,455.24,27.8
2022-07-03 11:00:00+05:30,628.55,28.82
2022-07-03 12:00:00+05:30,652.06,30.22
2022-07-03 13:00:00+05:30,667.25,30.52
2022-07-03 14:00:00+05:30,451.15,31.18
2022-07-03 15:00:00+05:30,407.69,30.46
2022-07-03 16:00:00+05:30,293.26,30.64
2022-07-03 17:00:00+05:30,244.38,29.94
2022-07-03 18:00:00+05:30,107.48,29.47
2022-07-03 19:00:00+05:30,23.16,29.1
2022-07-03 20:00:00+05:30,0.0,28.36
2022-07-03 21:00:00+05:30,0.0,27.41
2022-07-03 22:00:00+05:30,0.0,26.87
2022-07-03 23:00:00+05:30,0.0,26.84
2022-07-04 00:00:00+05:30,0.0,26.65
2022-07-04 01:00:00+05:30,0.0,26.46
2022-07-04 02:00:00+05:30,0.0,26.21
2022-07-04 03:00:00+05:30,0.0,26.09
2022-07-04 04:00:00+05:30,0.0,25.98
2022-07-04 05:00:00+05:30,0.0,25.76
2022-07-04 06:00:00+05:30,24.63,25.51
2022-07-04 07:00:00+05:30,147.38,25.79
2022-07-04 08:00:00+05:30,304.0,26.79
2022-07-04 09:00:00+05:30,451.77,28.07
2022-07-04 10:00:00+05:30,538.58,29.25
2022-07-04 11:00:00+05:30,614.42,30.16
2022-07-04 12:00:00+05:30,668.95,30.99
2022-07-04 13:00:00+05:30,653.18,31.87
2022-07-04 14:00:00+05:30,592.17,32.24
2022-07-04 15:00:00+05:30,598.44,32.49
2022-07-04 16:00:00+05:30,418.46,32.5
2022-07-04 17:00:00+05:30,296.12,32.4
2022-07-04 18:00:00+05:30,118.13,32.13
2022-07-04 19:00:00+05:30,27.51,31.12
2022-07-04 20:00:00+05:30,0.0,30.41
2022-07-04 21:00:00+05:30,0.0,29.66
2022-07-04 22:00:00+05:30,0.0,29.04
2022-07-04 23:00:00+05:30,0.0,28.47
2022-07-05 00:00:00+05:30,0.0,28.08
2022-07-05 01:00:00+05:30,0.0,28.78
2022-07-05 02:00:00+05:30,0.0,28.13
2022-07-05 03:00:00+05:30,0.0,27.66
2022-07-05 04:00:00+05:30,0.0,27.27
2022-07-05 05:00:00+05:30,0.0,26.96
2022-07-05 06:00:00+05:30,26.3,26.71
2022-07-05 07:00:00+05:30,117.83,26.36
2022-07-05 08:00:00+05:30,213.91,26.84
2022-07-05 09:00:00+05:30,373.77,27.51
2022-07-05 10:00:00+05:30,562.47,28.94
2022-07-05 11:00:00+05:30,699.81,30.53
2022-07-05 12:00:00+05:30,712.39,31.46
2022-07-05 13:00:00+05:30,571.16,33.74
2022-07-05 14:00:00+05:30,664.44,33.58
2022-07-05 15:00:00+05:30,573.07,34.18
2022-07-05 16:00:00+05:30,458.76,34.37
2022-07-05 17:00:00+05:30,302.71,34.36
2022-07-05 18:00:00+05:30,148.67,33.96
2022-07-05 19:00:00+05:30,35.86,33.1
2022-07-05 20:00:00+05:30,0.0,30.96
2022-07-05 21:00:00+05:30,0.0,28.86
2022-07-05 22:00:00+05:30,0.0,28.42
2022-07-05 23:00:00+05:30,0.0,28.42
2022-07-06 00:00:00+05:30,0.0,28.41
2022-07-06 01:00:00+05:30,0.0,29.78
2022-07-06 02:00:00+05:30,0.0,29.57
2022-07-06 03:00:00+05:30,0.0,29.27
2022-07-06 04:00:00+05:30,0.0,29.0
2022-07-06 05:00:00+05:30,0.0,28.71
2022-07-06 06:00:00+05:30,33.96,28.33
2022-07-06 07:00:00+05:30,184.01,28.24
2022-07-06 08:00:00+05:30,359.22,29.13
2022-07-06 09:00:00+05:30,538.52,30.31
2022-07-06 10:00:00+05:30,651.76,31.47
2022-07-06 11:00:00+05:30,746.15,32.5
2022-07-06 12:00:00+05:30,742.37,33.36
2022-07-06 13:00:00+05:30,698.44,34.08
2022-07-06 14:00:00+05:30,694.57,34.22
2022-07-06 15:00:00+05:30,547.17,33.78
2022-07-06 16:00:00+05:30,476.96,33.5
2022-07-06 17:00:00+05:30,328.22,33.51
2022-07-06 18:00:00+05:30,171.69,33.24
2022-07-06 19:00:00+05:30,32.78,32.37
2022-07-06 20:00:00+05:30,0.0,31.45
2022-07-06 21:00:00+05:30,0.0,30.58
2022-07-06 22:00:00+05:30,0.0,29.96
2022-07-06 23:00:00+05:30,0.0,29.3
2022-07-07 00:00:00+05:30,0.0,27.76
2022-07-07 01:00:00+05:30,0.0,27.93
2022-07-07 02:00:00+05:30,0.0,27.39
2022-07-07 03:00:00+05:30,0.0,27.08
2022-07-07 04:00:00+05:30,0.0,26.66
2022-07-07 05:00:00+05:30,0.0,26.43
2022-07-07 06:00:00+05:30,24.88,26.23
2022-07-07 07:00:00+05:30,138.17,26.24
2022-07-07 08:00:00+05:30,284.65,27.08
2022-07-07 09:00:00+05:30,320.9,28.04
2022-07-07 10:00:00+05:30,576.63,28.82
2022-07-07 11:00:00+05:30,693.45,30.06
2022-07-07 12:00:00+05:30,685.4,31.23
2022-07-07 13:00:00+05:30,775.0,32.69
2022-07-07 14:00:00+05:30,728.26,33.35
2022-07-07 15:00:00+05:30,552.18,33.55
2022-07-07 16:00:00+05:30,435.62,33.44
2022-07-07 17:00:00+05:30,299.48,33.17
2022-07-07 18:00:00+05:30,166.76,32.6
2022-07-07 19:00:00+05:30,34.76,31.87
2022-07-07 20:00:00+05:30,0.0,30.92
2022-07-07 21:00:00+05:30,0.0,30.02
2022-07-07 22:00:00+05:30,0.0,29.39
2022-07-07 23:00:00+05:30,0.0,28.8
2022-07-08 00:00:00+05:30,0.0,28.31
2022-07-08 01:00:00+05:30,0.0,28.31
2022-07-08 02:00:00+05:30,0.0,27.96
2022-07-08 03:00:00+05:30,0.0,27.69
2022-07-08 04:00:00+05:30,0.0,27.29
2022-07-08 05:00:00+05:30,0.0,26.91
2022-07-08 06:00:00+05:30,31.42,26.55
2022-07-08 07:00:00+05:30,166.71,26.79
2022-07-08 08:00:00+05:30,351.89,28.09
2022-07-08 09:00:00+05:30,531.38,29.73
2022-07-08 10:00:00+05:30,660.27,31.18
2022-07-08 11:00:00+05:30,690.69,32.18
2022-07-08 12:00:00+05:30,728.93,32.7
2022-07-08 13:00:00+05:30,724.77,33.83
2022-07-08 14:00:00+05:30,652.65,34.13
2022-07-08 15:00:00+05:30,591.15,34.09
2022-07-08 16:00:00+05:30,469.42,34.32
2022-07-08 17:00:00+05:30,268.63,33.76
2022-07-08 18:00:00+05:30,117.04,30.62
2022-07-08 19:00:00+05:30,21.99,28.93
2022-07-08 20:00:00+05:30,0.0,27.99
2022-07-08 21:00:00+05:30,0.0,27.68
2022-07-08 22:00:00+05:30,0.0,27.5
2022-07-08 23:00:00+05:30,0.0,27.3
2022-07-09 00:00:00+05:30,0.0,27.0
2022-07-09 01:00:00+05:30,0.0,28.7
2022-07-09 02:00:00+05:30,0.0,28.52
2022-07-09 03:00:00+05:30,0.0,28.23
2022-07-09 04:00:00+05:30,0.0,27.24
2022-07-09 05:00:00+05:30,0.0,26.93
2022-07-09 06:00:00+05:30,28.04,26.49
2022-07-09 07:00:00+05:30,157.84,26.41
2022-07-09 08:00:00+05:30,357.08,27.16
2022-07-09 09:00:00+05:30,453.81,28.59
2022-07-09 10:00:00+05:30,620.36,29.82
2022-07-09 11:00:00+05:30,744.29,31.06
2022-07-09 12:00:00+05:30,798.89,32.06
2022-07-09 13:00:00+05:30,764.46,32.17
2022-07-09 14:00:00+05:30,612.09,32.49
2022-07-09 15:00:00+05:30,542.24,32.54
2022-07-09 16:00:00+05:30,364.05,32.73
2022-07-09 17:00:00+05:30,235.96,32.55
2022-07-09 18:00:00+05:30,80.31,32.2
2022-07-09 19:00:00+05:30,15.3,31.15
2022-07-09 20:00:00+05:30,0.0,30.29
2022-07-09 21:00:00+05:30,0.0,29.78
2022-07-09 22:00:00+05:30,0.0,28.96
2022-07-09 23:00:00+05:30,0.0,27.1
2022-07-10 00:00:00+05:30,0.0,26.62
2022-07-10 01:00:00+05:30,0.0,26.35
2022-07-10 02:00:00+05:30,0.0,26.13
2022-07-10 03:00:00+05:30,0.0,26.0
2022-07-10 04:00:00+05:30,0.0,25.94
2022-07-10 05:00:00+05:30,0.0,25.8
2022-07-10 06:00:00+05:30,13.1,25.61
2022-07-10 07:00:00+05:30,68.93,25.6
2022-07-10 08:00:00+05:30,208.17,25.94
2022-07-10 09:00:00+05:30,312.26,26.92
2022-07-10 10:00:00+05:30,343.13,28.19
2022-07-10 11:00:00+05:30,403.52,29.04
2022-07-10 12:00:00+05:30,155.38,29.47
2022-07-10 13:00:00+05:30,102.01,26.12
2022-07-10 14:00:00+05:30,178.16,26.08
2022-07-10 15:00:00+05:30,282.9,26.36
2022-07-10 16:00:00+05:30,415.82,27.04
2022-07-10 17:00:00+05:30,296.95,28.66
2022-07-10 18:00:00+05:30,128.44,29.11
2022-07-10 19:00:00+05:30,27.85,28.96
2022-07-10 20:00:00+05:30,0.0,28.39
2022-07-10 21:00:00+05:30,0.0,27.52
2022-07-10 22:00:00+05:30,0.0,27.15
2022-07-10 23:00:00+05:30,0.0,26.96
2022-07-11 00:00:00+05:30,0.0,26.7
2022-07-11 01:00:00+05:30,0.0,25.35
2022-07-11 02:00:00+05:30,0.0,25.11
2022-07-11 03:00:00+05:30,0.0,24.91
2022-07-11 04:00:00+05:30,0.0,24.79
2022-07-11 05:00:00+05:30,0.0,24.71
2022-07-11 06:00:00+05:30,31.49,24.65
2022-07-11 07:00:00+05:30,152.17,24.77
2022-07-11 08:00:00+05:30,314.42,26.02
2022-07-11 09:00:00+05:30,418.69,27.38
2022-07-11 10:00:00+05:30,499.37,28.67
2022-07-11 11:00:00+05:30,653.32,29.71
2022-07-11 12:00:00+05:30,755.03,30.76
2022-07-11 13:00:00+05:30,754.83,31.71
2022-07-11 14:00:00+05:30,703.27,32.37
2022-07-11 15:00:00+05:30,586.46,32.74
2022-07-11 16:00:00+05:30,458.15,32.94
2022-07-11 17:00:00+05:30,267.35,32.76
2022-07-11 18:00:00+05:30,164.24,32.0
2022-07-11 19:00:00+05:30,28.49,31.44
2022-07-11 20:00:00+05:30,0.0,30.72
2022-07-11 21:00:00+05:30,0.0,29.79
2022-07-11 22:00:00+05:30,0.0,29.04
2022-07-11 23:00:00+05:30,0.0,28.36
2022-07-12 00:00:00+05:30,0.0,27.79
2022-07-12 01:00:00+05:30,0.0,27.31
2022-07-12 02:00:00+05:30,0.0,26.64
2022-07-12 03:00:00+05:30,0.0,25.99
2022-07-12 04:00:00+05:30,0.0,25.76
2022-07-12 05:00:00+05:30,0.0,25.58
2022-07-12 06:00:00+05:30,31.08,25.48
2022-07-12 07:00:00+05:30,166.66,25.76
2022-07-12 08:00:00+05:30,322.3,27.08
2022-07-12 09:00:00+05:30,469.71,28.68
2022-07-12 10:00:00+05:30,621.39,30.15
2022-07-12 11:00:00+05:30,762.43,31.25
2022-07-12 12:00:00+05:30,804.72,32.42
2022-07-12 13:00:00+05:30,662.35,33.76
2022-07-12 14:00:00+05:30,558.59,33.91
2022-07-12 15:00:00+05:30,471.13,33.17
2022-07-12 16:00:00+05:30,407.07,31.31
2022-07-12 17:00:00+05:30,331.13,31.68
2022-07-12 18:00:00+05:30,182.03,31.97
2022-07-12 19:00:00+05:30,37.63,31.56
2022-07-12 20:00:00+05:30,0.0,30.82
2022-07-12 21:00:00+05:30,0.0,29.95
2022-07-12 22:00:00+05:30,0.0,28.93
2022-07-12 23:00:00+05:30,0.0,28.18
2022-07-13 00:00:00+05:30,0.0,27.33
2022-07-13 01:00:00+05:30,0.0,27.6
2022-07-13 02:00:00+05:30,0.0,27.24
2022-07-13 03:00:00+05:30,0.0,26.88
2022-07-13 04:00:00+05:30,0.0,26.26
2022-07-13 05:00:00+05:30,0.0,25.93
2022-07-13 06:00:00+05:30,20.27,25.82
2022-07-13 07:00:00+05:30,124.42,26.04
2022-07-13 08:00:00+05:30,258.66,27.12
2022-07-13 09:00:00+05:30,448.81,28.31
2022-07-13 10:00:00+05:30,622.61,29.52
2022-07-13 11:00:00+05:30,701.49,30.56
2022-07-13 12:00:00+05:30,592.19,31.56
2022-07-13 13:00:00+05:30,745.74,31.73
2022-07-13 14:00:00+05:30,683.85,32.76
2022-07-13 15:00:00+05:30,587.43,33.28
2022-07-13 16:00:00+05:30,469.57,33.41
2022-07-13 17:00:00+05:30,341.68,33.37
2022-07-13 18:00:00+05:30,130.7,31.56
2022-07-13 19:00:00+05:30,23.47,30.46
2022-07-13 20:00:00+05:30,0.0,29.4
2022-07-13 21:00:00+05:30,0.0,28.26
2022-07-13 22:00:00+05:30,0.0,27.56
2022-07-13 23:00:00+05:30,0.0,27.58
2022-07-14 00:00:00+05:30,0.0,27.36
2022-07-14 01:00:00+05:30,0.0,28.37
2022-07-14 02:00:00+05:30,0.0,28.22
2022-07-14 03:00:00+05:30,0.0,27.68
2022-07-14 04:00:00+05:30,0.0,27.08
2022-07-14 05:00:00+05:30,0.0,26.71
2022-07-14 06:00:00+05:30,28.74,26.52
2022-07-14 07:00:00+05:30,155.46,26.64
2022-07-14 08:00:00+05:30,338.8,27.82
2022-07-14 09:00:00+05:30,506.18,29.42
2022-07-14 10:00:00+05:30,642.05,30.9
2022-07-14 11:00:00+05:30,718.12,31.84
2022-07-14 12:00:00+05:30,764.36,32.47
2022-07-14 13:00:00+05:30,614.95,33.55
2022-07-14 14:00:00+05:30,564.57,33.55
2022-07-14 15:00:00+05:30,482.25,32.98
2022-07-14 16:00:00+05:30,514.22,32.72
2022-07-14 17:00:00+05:30,284.03,33.07
2022-07-14 18:00:00+05:30,103.03,30.93
2022-07-14 19:00:00+05:30,22.93,29.12
2022-07-14 20:00:00+05:30,0.0,28.66
2022-07-14 21:00:00+05:30,0.0,28.39
2022-07-14 22:00:00+05:30,0.0,28.25
2022-07-14 23:00:00+05:30,0.0,28.12
2022-07-15 00:00:00+05:30,0.0,28.04
2022-07-15 01:00:00+05:30,0.0,27.78
2022-07-15 02:00:00+05:30,0.0,28.04
2022-07-15 03:00:00+05:30,0.0,28.25
2022-07-15 04:00:00+05:30,0.0,28.28
2022-07-15 05:00:00+05:30,0.0,28.12
2022-07-15 06:00:00+05:30,33.83,27.83
2022-07-15 07:00:00+05:30,171.77,27.69
2022-07-15 08:00:00+05:30,338.37,28.42
2022-07-15 09:00:00+05:30,495.62,29.59
2022-07-15 10:00:00+05:30,591.93,30.55
2022-07-15 11:00:00+05:30,756.31,31.31
2022-07-15 12:00:00+05:30,534.06,32.23
2022-07-15 13:00:00+05:30,670.97,31.12
2022-07-15 14:00:00+05:30,616.24,32.4
2022-07-15 15:00:00+05:30,576.0,33.04
2022-07-15 16:00:00+05:30,321.72,33.19
2022-07-15 17:00:00+05:30,223.11,31.26
2022-07-15 18:00:00+05:30,109.42,29.21
2022-07-15 19:00:00+05:30,17.54,28.01
2022-07-15 20:00:00+05:30,0.0,27.22
2022-07-15 21:00:00+05:30,0.0,26.7
2022-07-15 22:00:00+05:30,0.0,26.73
2022-07-15 23:00:00+05:30,0.0,26.71
2022-07-16 00:00:00+05:30,0.0,26.55
2022-07-16 01:00:00+05:30,0.0,27.6
2022-07-16 02:00:00+05:30,0.0,27.11
2022-07-16 03:00:00+05:30,0.0,26.37
2022-07-16 04:00:00+05:30,0.0,25.71
2022-07-16 05:00:00+05:30,0.0,25.38
2022-07-16 06:00:00+05:30,21.84,25.09
2022-07-16 07:00:00+05:30,113.9,25.15
2022-07-16 08:00:00+05:30,215.03,25.78
2022-07-16 09:00:00+05:30,350.63,26.77
2022-07-16 10:00:00+05:30,444.95,27.76
2022-07-16 11:00:00+05:30,637.25,28.68
2022-07-16 12:00:00+05:30,549.49,29.97
2022-07-16 13:00:00+05:30,552.49,30.36
2022-07-16 14:00:00+05:30,525.78,30.25
2022-07-16 15:00:00+05:30,341.43,30.07
2022-07-16 16:00:00+05:30,180.19,29.71
2022-07-16 17:00:00+05:30,121.7,27.57
2022-07-16 18:00:00+05:30,65.36,26.56
2022-07-16 19:00:00+05:30,12.43,26.39
2022-07-16 20:00:00+05:30,0.0,26.07
2022-07-16 21:00:00+05:30,0.0,25.84
2022-07-16 22:00:00+05:30,0.0,25.59
2022-07-16 23:00:00+05:30,0.0,25.28
2022-07-17 00:00:00+05:30,0.0,25.03
2022-07-17 01:00:00+05:30,0.0,24.71
2022-07-17 02:00:00+05:30,0.0,24.6
2022-07-17 03:00:00+05:30,0.0,24.52
2022-07-17 04:00:00+05:30,0.0,24.39
2022-07-17 05:00:00+05:30,0.0,24.41
2022-07-17 06:00:00+05:30,13.43,24.45
2022-07-17 07:00:00+05:30,69.52,24.65
2022-07-17 08:00:00+05:30,190.53,25.07
2022-07-17 09:00:00+05:30,314.32,26.04
2022-07-17 10:00:00+05:30,405.28,27.16
2022-07-17 11:00:00+05:30,471.79,28.24
2022-07-17 12:00:00+05:30,761.97,29.21
2022-07-17 13:00:00+05:30,674.76,30.7
2022-07-17 14:00:00+05:30,666.73,31.2
2022-07-17 15:00:00+05:30,481.71,31.73
2022-07-17 16:00:00+05:30,300.94,31.77
2022-07-17 17:00:00+05:30,228.87,31.21
2022-07-17 18:00:00+05:30,122.7,30.72
2022-07-17 19:00:00+05:30,28.26,30.48
2022-07-17 20:00:00+05:30,0.0,29.84
2022-07-17 21:00:00+05:30,0.0,28.59
2022-07-17 22:00:00+05:30,0.0,27.84
2022-07-17 23:00:00+05:30,0.0,27.06
2022-07-18 00:00:00+05:30,0.0,26.28
2022-07-18 01:00:00+05:30,0.0,26.52
2022-07-18 02:00:00+05:30,0.0,26.26
2022-07-18 03:00:00+05:30,0.0,26.0
2022-07-18 04:00:00+05:30,0.0,25.86
2022-07-18 05:00:00+05:30,0.0,25.83
2022-07-18 06:00:00+05:30,24.64,25.56
2022-07-18 07:00:00+05:30,134.48,25.76
2022-07-18 08:00:00+05:30,284.74,26.91
2022-07-18 09:00:00+05:30,439.81,28.3
2022-07-18 10:00:00+05:30,575.36,29.49
2022-07-18 11:00:00+05:30,542.27,30.94
2022-07-18 12:00:00+05:30,673.42,31.33
2022-07-18 13:00:00+05:30,604.51,32.87
2022-07-18 14:00:00+05:30,569.11,33.28
2022-07-18 15:00:00+05:30,437.1,33.38
2022-07-18 16:00:00+05:30,489.5,33.09
2022-07-18 17:00:00+05:30,289.07,33.03
2022-07-18 18:00:00+05:30,129.31,32.39
2022-07-18 19:00:00+05:30,27.79,31.7
2022-07-18 20:00:00+05:30,0.0,30.74
2022-07-18 21:00:00+05:30,0.0,29.82
2022-07-18 22:00:00+05:30,0.0,29.09
2022-07-18 23:00:00+05:30,0.0,28.44
2022-07-19 00:00:00+05:30,0.0,27.6
2022-07-19 01:00:00+05:30,0.0,27.1
2022-07-19 02:00:00+05:30,0.0,26.93
2022-07-19 03:00:00+05:30,0.0,26.8
2022-07-19 04:00:00+05:30,0.0,26.69
2022-07-19 05:00:00+05:30,0.0,26.49
2022-07-19 06:00:00+05:30,24.66,26.35
2022-07-19 07:00:00+05:30,155.17,26.48
2022-07-19 08:00:00+05:30,304.62,27.42
2022-07-19 09:00:00+05:30,455.24,28.74
2022-07-19 10:00:00+05:30,590.51,30.07
2022-07-19 11:00:00+05:30,672.86,30.79
2022-07-19 12:00:00+05:30,735.24,31.95
2022-07-19 13:00:00+05:30,737.74,33.05
2022-07-19 14:00:00+05:30,677.3,33.61
2022-07-19 15:00:00+05:30,573.77,33.97
2022-07-19 16:00:00+05:30,468.27,34.13
2022-07-19 17:00:00+05:30,253.06,34.03
2022-07-19 18:00:00+05:30,146.03,33.16
2022-07-19 19:00:00+05:30,21.25,32.09
2022-07-19 20:00:00+05:30,0.0,30.57
2022-07-19 21:00:00+05:30,0.0,29.53
2022-07-19 22:00:00+05:30,0.0,28.6
2022-07-19 23:00:00+05:30,0.0,27.97
2022-07-20 00:00:00+05:30,0.0,27.48
2022-07-20 01:00:00+05:30,0.0,27.64
2022-07-20 02:00:00+05:30,0.0,26.98
2022-07-20 03:00:00+05:30,0.0,26.54
2022-07-20 04:00:00+05:30,0.0,26.08
2022-07-20 05:00:00+05:30,0.0,25.84
2022-07-20 06:00:00+05:30,13.91,25.57
2022-07-20 07:00:00+05:30,65.58,25.42
2022-07-20 08:00:00+05:30,120.68,25.71
2022-07-20 09:00:00+05:30,150.76,25.89
2022-07-20 10:00:00+05:30,206.06,26.13
2022-07-20 11:00:00+05:30,294.01,26.76
2022-07-20 12:00:00+05:30,322.54,27.75
2022-07-20 13:00:00+05:30,415.54,29.91
2022-07-20 14:00:00+05:30,382.84,30.64
2022-07-20 15:00:00+05:30,420.73,31.14
2022-07-20 16:00:00+05:30,254.13,31.73
2022-07-20 17:00:00+05:30,139.84,30.65
2022-07-20 18:00:00+05:30,45.71,28.41
2022-07-20 19:00:00+05:30,6.54,27.21
2022-07-20 20:00:00+05:30,0.0,26.5
2022-07-20 21:00:00+05:30,0.0,26.1
2022-07-20 22:00:00+05:30,0.0,26.08
2022-07-20 23:00:00+05:30,0.0,26.22
2022-07-21 00:00:00+05:30,0.0,25.84
2022-07-21 01:00:00+05:30,0.0,25.17
2022-07-21 02:00:00+05:30,0.0,25.22
2022-07-21 03:00:00+05:30,0.0,25.13
2022-07-21 04:00:00+05:30,0.0,25.02
2022-07-21 05:00:00+05:30,0.0,25.07
2022-07-21 06:00:00+05:30,11.27,25.05
2022-07-21 07:00:00+05:30,78.7,24.97
2022-07-21 08:00:00+05:30,190.6,25.47
2022-07-21 09:00:00+05:30,241.84,26.68
2022-07-21 10:00:00+05:30,332.63,27.61
2022-07-21 11:00:00+05:30,478.99,28.71
2022-07-21 12:00:00+05:30,493.52,29.83
2022-07-21 13:00:00+05:30,510.83,30.23
2022-07-21 14:00:00+05:30,527.41,30.63
2022-07-21 15:00:00+05:30,390.02,31.09
2022-07-21 16:00:00+05:30,265.98,30.8
2022-07-21 17:00:00+05:30,214.24,30.58
2022-07-21 18:00:00+05:30,69.05,29.65
2022-07-21 19:00:00+05:30,15.18,28.97
2022-07-21 20:00:00+05:30,0.0,28.57
2022-07-21 21:00:00+05:30,0.0,27.98
2022-07-21 22:00:00+05:30,0.0,27.59
2022-07-21 23:00:00+05:30,0.0,27.17
2022-07-22 00:00:00+05:30,0.0,26.86
2022-07-22 01:00:00+05:30,0.0,26.76
2022-07-22 02:00:00+05:30,0.0,26.73
2022-07-22 03:00:00+05:30,0.0,26.23
2022-07-22 04:00:00+05:30,0.0,26.22
2022-07-22 05:00:00+05:30,0.0,26.09
2022-07-22 06:00:00+05:30,8.34,26.02
2022-07-22 07:00:00+05:30,71.84,25.94
2022-07-22 08:00:00+05:30,140.12,26.19
2022-07-22 09:00:00+05:30,157.99,26.47
2022-07-22 10:00:00+05:30,205.71,26.83
2022-07-22 11:00:00+05:30,269.98,27.59
2022-07-22 12:00:00+05:30,290.11,28.38
2022-07-22 13:00:00+05:30,420.07,29.64
2022-07-22 14:00:00+05:30,361.25,30.59
2022-07-22 15:00:00+05:30,308.83,30.48
2022-07-22 16:00:00+05:30,186.2,29.31
2022-07-22 17:00:00+05:30,74.59,27.59
2022-07-22 18:00:00+05:30,33.81,26.92
2022-07-22 19:00:00+05:30,6.78,26.63
2022-07-22 20:00:00+05:30,0.0,26.16
2022-07-22 21:00:00+05:30,0.0,25.52
2022-07-22 22:00:00+05:30,0.0,25.28
2022-07-22 23:00:00+05:30,0.0,25.11
2022-07-23 00:00:00+05:30,0.0,24.94
2022-07-23 01:00:00+05:30,0.0,25.01
2022-07-23 02:00:00+05:30,0.0,24.92
2022-07-23 03:00:00+05:30,0.0,24.94
2022-07-23 04:00:00+05:30,0.0,24.97
2022-07-23 05:00:00+05:30,0.0,24.75
2022-07-23 06:00:00+05:30,1.95,24.61
2022-07-23 07:00:00+05:30,22.73,24.55
2022-07-23 08:00:00+05:30,74.88,24.65
2022-07-23 09:00:00+05:30,160.98,24.92
2022-07-23 10:00:00+05:30,181.23,25.5
2022-07-23 11:00:00+05:30,248.37,25.96
2022-07-23 12:00:00+05:30,432.78,26.43
2022-07-23 13:00:00+05:30,359.78,28.47
2022-07-23 14:00:00+05:30,256.96,28.41
2022-07-23 15:00:00+05:30,194.37,27.59
2022-07-23 16:00:00+05:30,172.69,27.54
2022-07-23 17:00:00+05:30,132.21,27.87
2022-07-23 18:00:00+05:30,43.86,28.03
2022-07-23 19:00:00+05:30,8.93,27.15
2022-07-23 20:00:00+05:30,0.0,26.71
2022-07-23 21:00:00+05:30,0.0,26.37
2022-07-23 22:00:00+05:30,0.0,26.17
2022-07-23 23:00:00+05:30,0.0,26.02
2022-07-24 00:00:00+05:30,0.0,25.92
2022-07-24 01:00:00+05:30,0.0,24.95
2022-07-24 02:00:00+05:30,0.0,24.76
2022-07-24 03:00:00+05:30,0.0,24.73
2022-07-24 04:00:00+05:30,0.0,24.83
2022-07-24 05:00:00+05:30,0.0,24.77
2022-07-24 06:00:00+05:30,6.1,24.86
2022-07-24 07:00:00+05:30,64.82,24.88
2022-07-24 08:00:00+05:30,109.6,25.32
2022-07-24 09:00:00+05:30,232.55,25.82
2022-07-24 10:00:00+05:30,416.02,26.67
2022-07-24 11:00:00+05:30,537.26,27.87
2022-07-24 12:00:00+05:30,591.75,28.85
2022-07-24 13:00:00+05:30,610.16,29.59
2022-07-24 14:00:00+05:30,500.37,30.29
2022-07-24 15:00:00+05:30,287.93,29.9
2022-07-24 16:00:00+05:30,248.14,28.21
2022-07-24 17:00:00+05:30,222.66,28.35
2022-07-24 18:00:00+05:30,120.73,28.48
2022-07-24 19:00:00+05:30,16.45,28.4
2022-07-24 20:00:00+05:30,0.0,27.12
2022-07-24 21:00:00+05:30,0.0,25.85
2022-07-24 22:00:00+05:30,0.0,25.4
2022-07-24 23:00:00+05:30,0.0,25.07
2022-07-25 00:00:00+05:30,0.0,24.93
2022-07-25 01:00:00+05:30,0.0,25.26
2022-07-25 02:00:00+05:30,0.0,25.13
2022-07-25 03:00:00+05:30,0.0,25.09
2022-07-25 04:00:00+05:30,0.0,25.07
2022-07-25 05:00:00+05:30,0.0,24.92
2022-07-25 06:00:00+05:30,6.29,24.87
2022-07-25 07:00:00+05:30,62.27,24.8
2022-07-25 08:00:00+05:30,159.83,25.23
2022-07-25 09:00:00+05:30,139.92,25.87
2022-07-25 10:00:00+05:30,254.66,26.17
2022-07-25 11:00:00+05:30,302.76,27.47
2022-07-25 12:00:00+05:30,358.01,28.37
2022-07-25 13:00:00+05:30,478.75,29.36
2022-07-25 14:00:00+05:30,510.65,30.11
2022-07-25 15:00:00+05:30,503.48,30.24
2022-07-25 16:00:00+05:30,337.86,29.56
2022-07-25 17:00:00+05:30,179.32,29.2
2022-07-25 18:00:00+05:30,84.75,28.94
2022-07-25 19:00:00+05:30,6.65,27.17
2022-07-25 20:00:00+05:30,0.0,25.71
2022-07-25 21:00:00+05:30,0.0,25.41
2022-07-25 22:00:00+05:30,0.0,25.25
2022-07-25 23:00:00+05:30,0.0,25.16
2022-07-26 00:00:00+05:30,0.0,25.13
2022-07-26 01:00:00+05:30,0.0,24.84
2022-07-26 02:00:00+05:30,0.0,24.75
2022-07-26 03:00:00+05:30,0.0,24.9
2022-07-26 04:00:00+05:30,0.0,24.69
2022-07-26 05:00:00+05:30,0.0,24.7
2022-07-26 06:00:00+05:30,5.51,24.62
2022-07-26 07:00:00+05:30,41.43,24.26
2022-07-26 08:00:00+05:30,93.76,24.61
2022-07-26 09:00:00+05:30,96.35,25.08
2022-07-26 10:00:00+05:30,181.11,25.43
2022-07-26 11:00:00+05:30,209.34,26.25
2022-07-26 12:00:00+05:30,221.73,26.92
2022-07-26 13:00:00+05:30,267.46,27.61
2022-07-26 14:00:00+05:30,134.16,27.8
2022-07-26 15:00:00+05:30,241.42,26.76
2022-07-26 16:00:00+05:30,223.35,26.7
2022-07-26 17:00:00+05:30,181.92,26.97
2022-07-26 18:00:00+05:30,103.97,27.18
2022-07-26 19:00:00+05:30,11.65,27.14
2022-07-26 20:00:00+05:30,0.0,25.94
2022-07-26 21:00:00+05:30,0.0,25.46
2022-07-26 22:00:00+05:30,0.0,25.32
2022-07-26 23:00:00+05:30,0.0,25.17
2022-07-27 00:00:00+05:30,0.0,25.02
2022-07-27 01:00:00+05:30,0.0,25.3
2022-07-27 02:00:00+05:30,0.0,25.09
2022-07-27 03:00:00+05:30,0.0,24.77
2022-07-27 04:00:00+05:30,0.0,24.51
2022-07-27 05:00:00+05:30,0.0,24.35
2022-07-27 06:00:00+05:30,4.63,24.29
2022-07-27 07:00:00+05:30,37.82,24.32
2022-07-27 08:00:00+05:30,138.44,24.5
2022-07-27 09:00:00+05:30,323.7,25.17
2022-07-27 10:00:00+05:30,316.35,26.49
2022-07-27 11:00:00+05:30,356.65,27.43
2022-07-27 12:00:00+05:30,521.88,28.45
2022-07-27 13:00:00+05:30,544.39,28.6
2022-07-27 14:00:00+05:30,527.71,29.28
2022-07-27 15:00:00+05:30,470.12,29.63
2022-07-27 16:00:00+05:30,323.63,29.88
2022-07-27 17:00:00+05:30,207.92,29.46
2022-07-27 18:00:00+05:30,84.08,28.41
2022-07-27 19:00:00+05:30,11.4,27.84
2022-07-27 20:00:00+05:30,0.0,27.4
2022-07-27 21:00:00+05:30,0.0,26.93
2022-07-27 22:00:00+05:30,0.0,26.71
2022-07-27 23:00:00+05:30,0.0,26.38
2022-07-28 00:00:00+05:30,0.0,26.19
2022-07-28 01:00:00+05:30,0.0,25.25
2022-07-28 02:00:00+05:30,0.0,25.05
2022-07-28 03:00:00+05:30,0.0,24.92
2022-07-28 04:00:00+05:30,0.0,24.74
2022-07-28 05:00:00+05:30,0.0,24.75
2022-07-28 06:00:00+05:30,5.22,24.66
2022-07-28 07:00:00+05:30,56.3,24.76
2022-07-28 08:00:00+05:30,145.14,25.2
2022-07-28 09:00:00+05:30,177.35,25.72
2022-07-28 10:00:00+05:30,273.87,26.17
2022-07-28 11:00:00+05:30,316.14,27.1
2022-07-28 12:00:00+05:30,477.29,27.87
2022-07-28 13:00:00+05:30,374.57,28.54
2022-07-28 14:00:00+05:30,391.05,29.03
2022-07-28 15:00:00+05:30,237.45,29.08
2022-07-28 16:00:00+05:30,233.18,28.47
2022-07-28 17:00:00+05:30,163.5,28.36
2022-07-28 18:00:00+05:30,66.86,28.2
2022-07-28 19:00:00+05:30,14.37,27.78
2022-07-28 20:00:00+05:30,0.0,27.14
2022-07-28 21:00:00+05:30,0.0,26.6
2022-07-28 22:00:00+05:30,0.0,26.43
2022-07-28 23:00:00+05:30,0.0,26.22
2022-07-29 00:00:00+05:30,0.0,25.97
2022-07-29 01:00:00+05:30,0.0,25.49
2022-07-29 02:00:00+05:30,0.0,25.35
2022-07-29 03:00:00+05:30,0.0,25.23
2022-07-29 04:00:00+05:30,0.0,25.14
2022-07-29 05:00:00+05:30,0.0,24.88
2022-07-29 06:00:00+05:30,8.59,24.69
2022-07-29 07:00:00+05:30,57.79,24.61
2022-07-29 08:00:00+05:30,182.06,25.01
2022-07-29 09:00:00+05:30,322.44,25.97
2022-07-29 10:00:00+05:30,363.75,27.09
2022-07-29 11:00:00+05:30,374.93,27.87
2022-07-29 12:00:00+05:30,397.25,28.4
2022-07-29 13:00:00+05:30,519.0,28.25
2022-07-29 14:00:00+05:30,417.25,29.0
2022-07-29 15:00:00+05:30,383.35,28.9
2022-07-29 16:00:00+05:30,261.09,29.41
2022-07-29 17:00:00+05:30,177.39,28.09
2022-07-29 18:00:00+05:30,75.35,28.28
2022-07-29 19:00:00+05:30,9.07,27.9
2022-07-29 20:00:00+05:30,0.0,27.03
2022-07-29 21:00:00+05:30,0.0,26.44
2022-07-29 22:00:00+05:30,0.0,26.15
2022-07-29 23:00:00+05:30,0.0,25.95
2022-07-30 00:00:00+05:30,0.0,25.79
2022-07-30 01:00:00+05:30,0.0,25.79
2022-07-30 02:00:00+05:30,0.0,25.55
2022-07-30 03:00:00+05:30,0.0,25.25
2022-07-30 04:00:00+05:30,0.0,24.91
2022-07-30 05:00:00+05:30,0.0,24.77
2022-07-30 06:00:00+05:30,11.56,24.59
2022-07-30 07:00:00+05:30,114.03,24.53
2022-07-30 08:00:00+05:30,268.89,25.31
2022-07-30 09:00:00+05:30,384.35,26.49
2022-07-30 10:00:00+05:30,482.4,27.52
2022-07-30 11:00:00+05:30,482.69,28.38
2022-07-30 12:00:00+05:30,628.79,29.01
2022-07-30 13:00:00+05:30,614.81,29.91
2022-07-30 14:00:00+05:30,661.12,30.37
2022-07-30 15:00:00+05:30,449.61,30.69
2022-07-30 16:00:00+05:30,392.79,30.33
2022-07-30 17:00:00+05:30,285.09,30.16
2022-07-30 18:00:00+05:30,132.15,29.83
2022-07-30 19:00:00+05:30,18.91,29.08
2022-07-30 20:00:00+05:30,0.0,28.12
2022-07-30 21:00:00+05:30,0.0,27.44
2022-07-30 22:00:00+05:30,0.0,26.87
2022-07-30 23:00:00+05:30,0.0,26.29
2022-07-31 00:00:00+05:30,0.0,25.76
2022-07-31 01:00:00+05:30,0.0,25.58
2022-07-31 02:00:00+05:30,0.0,25.32
2022-07-31 03:00:00+05:30,0.0,24.89
2022-07-31 04:00:00+05:30,0.0,24.47
2022-07-31 05:00:00+05:30,0.0,24.22
2022-07-31 06:00:00+05:30,12.29,23.95
2022-07-31 07:00:00+05:30,121.2,23.89
2022-07-31 08:00:00+05:30,289.35,24.73
2022-07-31 09:00:00+05:30,403.86,25.99
2022-07-31 10:00:00+05:30,486.22,26.86
2022-07-31 11:00:00+05:30,586.93,27.27
2022-07-31 12:00:00+05:30,423.7,27.94
2022-07-31 13:00:00+05:30,592.39,27.65
2022-07-31 14:00:00+05:30,315.66,28.15
2022-07-31 15:00:00+05:30,425.28,27.18
2022-07-31 16:00:00+05:30,129.23,27.43
2022-07-31 17:00:00+05:30,112.92,26.89
2022-07-31 18:00:00+05:30,65.48,26.85
2022-07-31 19:00:00+05:30,15.74,26.87
2022-07-31 20:00:00+05:30,0.0,26.54
2022-07-31 21:00:00+05:30,0.0,26.11
2022-07-31 22:00:00+05:30,0.0,25.84
2022-07-31 23:00:00+05:30,0.0,25.57
2022-08-01 00:00:00+05:30,0.0,25.37
2022-08-01 01:00:00+05:30,0.0,25.31
2022-08-01 02:00:00+05:30,0.0,25.14
2022-08-01 03:00:00+05:30,0.0,24.89
2022-08-01 04:00:00+05:30,0.0,24.72
2022-08-01 05:00:00+05:30,0.0,24.62
2022-08-01 06:00:00+05:30,6.88,24.67
2022-08-01 07:00:00+05:30,66.68,24.57
2022-08-01 08:00:00+05:30,177.41,24.73
2022-08-01 09:00:00+05:30,252.12,25.22
2022-08-01 10:00:00+05:30,234.09,25.55
2022-08-01 11:00:00+05:30,250.82,25.67
2022-08-01 12:00:00+05:30,566.5,26.3
2022-08-01 13:00:00+05:30,630.38,28.23
2022-08-01 14:00:00+05:30,436.85,29.62
2022-08-01 15:00:00+05:30,446.46,28.75
2022-08-01 16:00:00+05:30,369.62,27.88
2022-08-01 17:00:00+05:30,224.22,28.39
2022-08-01 18:00:00+05:30,113.63,28.68
2022-08-01 19:00:00+05:30,19.34,27.93
2022-08-01 20:00:00+05:30,0.0,26.59
2022-08-01 21:00:00+05:30,0.0,26.0
2022-08-01 22:00:00+05:30,0.0,25.76
2022-08-01 23:00:00+05:30,0.0,25.49
2022-08-02 00:00:00+05:30,0.0,25.18
2022-08-02 01:00:00+05:30,0.0,24.93
2022-08-02 02:00:00+05:30,0.0,24.86
2022-08-02 03:00:00+05:30,0.0,24.79
2022-08-02 04:00:00+05:30,0.0,24.7
2022-08-02 05:00:00+05:30,0.0,24.55
2022-08-02 06:00:00+05:30,7.6,24.39
2022-08-02 07:00:00+05:30,85.49,24.22
2022-08-02 08:00:00+05:30,205.21,24.73
2022-08-02 09:00:00+05:30,265.14,25.68
2022-08-02 10:00:00+05:30,367.99,26.69
2022-08-02 11:00:00+05:30,475.48,27.69
2022-08-02 12:00:00+05:30,691.94,28.38
2022-08-02 13:00:00+05:30,616.62,30.61
2022-08-02 14:00:00+05:30,500.42,31.2
2022-08-02 15:00:00+05:30,380.97,31.26
2022-08-02 16:00:00+05:30,382.64,30.72
2022-08-02 17:00:00+05:30,190.4,30.9
2022-08-02 18:00:00+05:30,86.75,28.96
2022-08-02 19:00:00+05:30,9.95,28.03
2022-08-02 20:00:00+05:30,0.0,27.44
2022-08-02 21:00:00+05:30,0.0,26.85
2022-08-02 22:00:00+05:30,0.0,26.38
2022-08-02 23:00:00+05:30,0.0,25.98
2022-08-03 00:00:00+05:30,0.0,25.73
2022-08-03 01:00:00+05:30,0.0,25.84
2022-08-03 02:00:00+05:30,0.0,25.74
2022-08-03 03:00:00+05:30,0.0,25.58
2022-08-03 04:00:00+05:30,0.0,25.13
2022-08-03 05:00:00+05:30,0.0,24.81
2022-08-03 06:00:00+05:30,7.74,24.54
2022-08-03 07:00:00+05:30,107.4,24.53
2022-08-03 08:00:00+05:30,212.36,25.35
2022-08-03 09:00:00+05:30,300.74,26.31
2022-08-03 10:00:00+05:30,403.3,27.36
2022-08-03 11:00:00+05:30,395.14,28.56
2022-08-03 12:00:00+05:30,558.67,29.33
2022-08-03 13:00:00+05:30,528.68,30.27
2022-08-03 14:00:00+05:30,393.08,30.75
2022-08-03 15:00:00+05:30,353.03,30.87
2022-08-03 16:00:00+05:30,293.81,31.21
2022-08-03 17:00:00+05:30,159.81,30.84
2022-08-03 18:00:00+05:30,61.26,28.79
2022-08-03 19:00:00+05:30,7.71,27.34
2022-08-03 20:00:00+05:30,0.0,26.71
2022-08-03 21:00:00+05:30,0.0,26.26
2022-08-03 22:00:00+05:30,0.0,25.94
2022-08-03 23:00:00+05:30,0.0,25.78
2022-08-04 00:00:00+05:30,0.0,25.6
2022-08-04 01:00:00+05:30,0.0,25.75
2022-08-04 02:00:00+05:30,0.0,25.69
2022-08-04 03:00:00+05:30,0.0,25.58
2022-08-04 04:00:00+05:30,0.0,25.51
2022-08-04 05:00:00+05:30,0.0,25.38
2022-08-04 06:00:00+05:30,3.97,25.17
2022-08-04 07:00:00+05:30,43.82,25.01
2022-08-04 08:00:00+05:30,140.61,24.72
2022-08-04 09:00:00+05:30,200.68,24.99
2022-08-04 10:00:00+05:30,348.94,25.78
2022-08-04 11:00:00+05:30,482.95,27.15
2022-08-04 12:00:00+05:30,611.8,28.55
2022-08-04 13:00:00+05:30,472.93,30.58
2022-08-04 14:00:00+05:30,509.98,30.78
2022-08-04 15:00:00+05:30,473.65,31.02
2022-08-04 16:00:00+05:30,447.31,31.35
2022-08-04 17:00:00+05:30,218.08,30.9
2022-08-04 18:00:00+05:30,90.94,29.53
2022-08-04 19:00:00+05:30,10.39,28.8
2022-08-04 20:00:00+05:30,0.0,28.0
2022-08-04 21:00:00+05:30,0.0,27.55
2022-08-04 22:00:00+05:30,0.0,27.19
2022-08-04 23:00:00+05:30,0.0,26.71
2022-08-05 00:00:00+05:30,0.0,26.41
2022-08-05 01:00:00+05:30,0.0,26.07
2022-08-05 02:00:00+05:30,0.0,25.8
2022-08-05 03:00:00+05:30,0.0,25.4
2022-08-05 04:00:00+05:30,0.0,25.08
2022-08-05 05:00:00+05:30,0.0,24.75
2022-08-05 06:00:00+05:30,5.59,24.77
2022-08-05 07:00:00+05:30,83.36,24.82
2022-08-05 08:00:00+05:30,199.79,25.27
2022-08-05 09:00:00+05:30,330.35,25.96
2022-08-05 10:00:00+05:30,421.5,26.91
2022-08-05 11:00:00+05:30,448.95,27.83
2022-08-05 12:00:00+05:30,241.26,29.15
2022-08-05 13:00:00+05:30,342.43,28.61
2022-08-05 14:00:00+05:30,393.56,28.68
2022-08-05 15:00:00+05:30,554.08,28.95
2022-08-05 16:00:00+05:30,392.61,29.91
2022-08-05 17:00:00+05:30,252.52,29.92
2022-08-05 18:00:00+05:30,104.75,29.96
2022-08-05 19:00:00+05:30,10.63,29.49
2022-08-05 20:00:00+05:30,0.0,28.58
2022-08-05 21:00:00+05:30,0.0,27.5
2022-08-05 22:00:00+05:30,0.0,26.79
2022-08-05 23:00:00+05:30,0.0,26.34
2022-08-06 00:00:00+05:30,0.0,25.93
2022-08-06 01:00:00+05:30,0.0,25.49
2022-08-06 02:00:00+05:30,0.0,25.24
2022-08-06 03:00:00+05:30,0.0,25.0
2022-08-06 04:00:00+05:30,0.0,24.76
2022-08-06 05:00:00+05:30,0.0,24.69
2022-08-06 06:00:00+05:30,8.12,24.5
2022-08-06 07:00:00+05:30,63.32,24.47
2022-08-06 08:00:00+05:30,173.14,25.16
2022-08-06 09:00:00+05:30,238.19,25.76
2022-08-06 10:00:00+05:30,476.68,26.39
2022-08-06 11:00:00+05:30,584.23,27.77
2022-08-06 12:00:00+05:30,611.02,28.76
2022-08-06 13:00:00+05:30,662.86,29.96
2022-08-06 14:00:00+05:30,540.58,30.57
2022-08-06 15:00:00+05:30,547.62,30.95
2022-08-06 16:00:00+05:30,397.8,31.29
2022-08-06 17:00:00+05:30,266.15,31.19
2022-08-06 18:00:00+05:30,115.98,31.01
2022-08-06 19:00:00+05:30,11.27,30.49
2022-08-06 20:00:00+05:30,0.0,29.53
2022-08-06 21:00:00+05:30,0.0,28.67
2022-08-06 22:00:00+05:30,0.0,28.01
2022-08-06 23:00:00+05:30,0.0,27.53
2022-08-07 00:00:00+05:30,0.0,27.01
2022-08-07 01:00:00+05:30,0.0,26.71
2022-08-07 02:00:00+05:30,0.0,26.25
2022-08-07 03:00:00+05:30,0.0,25.84
2022-08-07 04:00:00+05:30,0.0,25.35
2022-08-07 05:00:00+05:30,0.0,25.11
2022-08-07 06:00:00+05:30,8.27,24.86
2022-08-07 07:00:00+05:30,81.29,24.66
2022-08-07 08:00:00+05:30,180.62,25.49
2022-08-07 09:00:00+05:30,307.27,26.44
2022-08-07 10:00:00+05:30,407.5,27.49
2022-08-07 11:00:00+05:30,426.88,28.33
2022-08-07 12:00:00+05:30,475.45,28.99
2022-08-07 13:00:00+05:30,451.14,30.48
2022-08-07 14:00:00+05:30,383.73,30.27
2022-08-07 15:00:00+05:30,360.98,28.61
2022-08-07 16:00:00+05:30,267.12,28.22
2022-08-07 17:00:00+05:30,265.19,28.49
2022-08-07 18:00:00+05:30,113.63,29.02
2022-08-07 19:00:00+05:30,10.39,28.98
2022-08-07 20:00:00+05:30,0.0,28.37
2022-08-07 21:00:00+05:30,0.0,27.61
2022-08-07 22:00:00+05:30,0.0,27.08
2022-08-07 23:00:00+05:30,0.0,26.72
2022-08-08 00:00:00+05:30,0.0,26.51
2022-08-08 01:00:00+05:30,0.0,26.0
2022-08-08 02:00:00+05:30,0.0,25.71
2022-08-08 03:00:00+05:30,0.0,25.41
2022-08-08 04:00:00+05:30,0.0,25.26
2022-08-08 05:00:00+05:30,0.0,25.03
2022-08-08 06:00:00+05:30,7.88,24.89
2022-08-08 07:00:00+05:30,74.26,24.94
2022-08-08 08:00:00+05:30,173.56,25.55
2022-08-08 09:00:00+05:30,244.44,26.45
2022-08-08 10:00:00+05:30,333.93,27.34
2022-08-08 11:00:00+05:30,578.84,28.14
2022-08-08 12:00:00+05:30,618.62,29.28
2022-08-08 13:00:00+05:30,639.18,30.66
2022-08-08 14:00:00+05:30,642.42,31.1
2022-08-08 15:00:00+05:30,580.05,31.48
2022-08-08 16:00:00+05:30,454.47,31.7
2022-08-08 17:00:00+05:30,290.84,31.63
2022-08-08 18:00:00+05:30,126.61,31.41
2022-08-08 19:00:00+05:30,10.1,30.49
2022-08-08 20:00:00+05:30,0.0,29.42
2022-08-08 21:00:00+05:30,0.0,28.75
2022-08-08 22:00:00+05:30,0.0,28.14
2022-08-08 23:00:00+05:30,0.0,27.3
2022-08-09 00:00:00+05:30,0.0,26.91
2022-08-09 01:00:00+05:30,0.0,27.24
2022-08-09 02:00:00+05:30,0.0,26.98
2022-08-09 03:00:00+05:30,0.0,26.79
2022-08-09 04:00:00+05:30,0.0,26.57
2022-08-09 05:00:00+05:30,0.0,26.36
2022-08-09 06:00:00+05:30,8.7,26.11
2022-08-09 07:00:00+05:30,123.56,26.1
2022-08-09 08:00:00+05:30,279.52,27.01
2022-08-09 09:00:00+05:30,457.47,28.18
2022-08-09 10:00:00+05:30,514.14,29.41
2022-08-09 11:00:00+05:30,657.97,30.29
2022-08-09 12:00:00+05:30,715.74,31.16
2022-08-09 13:00:00+05:30,768.74,31.81
2022-08-09 14:00:00+05:30,660.59,32.45
2022-08-09 15:00:00+05:30,565.97,32.64
2022-08-09 16:00:00+05:30,375.22,32.83
2022-08-09 17:00:00+05:30,155.35,30.45
2022-08-09 18:00:00+05:30,105.12,29.67
2022-08-09 19:00:00+05:30,10.88,29.26
2022-08-09 20:00:00+05:30,0.0,28.54
2022-08-09 21:00:00+05:30,0.0,28.13
2022-08-09 22:00:00+05:30,0.0,27.87
2022-08-09 23:00:00+05:30,0.0,27.69
2022-08-10 00:00:00+05:30,0.0,27.43
2022-08-10 01:00:00+05:30,0.0,28.09
2022-08-10 02:00:00+05:30,0.0,27.99
2022-08-10 03:00:00+05:30,0.0,27.73
2022-08-10 04:00:00+05:30,0.0,27.39
2022-08-10 05:00:00+05:30,0.0,27.09
2022-08-10 06:00:00+05:30,6.35,26.76
2022-08-10 07:00:00+05:30,111.78,26.57
2022-08-10 08:00:00+05:30,278.06,27.05
2022-08-10 09:00:00+05:30,429.39,27.9
2022-08-10 10:00:00+05:30,545.66,28.87
2022-08-10 11:00:00+05:30,641.25,29.82
2022-08-10 12:00:00+05:30,718.56,30.66
2022-08-10 13:00:00+05:30,659.63,31.52
2022-08-10 14:00:00+05:30,660.12,31.92
2022-08-10 15:00:00+05:30,456.36,32.2
2022-08-10 16:00:00+05:30,449.76,31.79
2022-08-10 17:00:00+05:30,300.13,31.74
2022-08-10 18:00:00+05:30,125.72,31.24
2022-08-10 19:00:00+05:30,9.51,30.39
2022-08-10 20:00:00+05:30,0.0,29.7
2022-08-10 21:00:00+05:30,0.0,29.21
2022-08-10 22:00:00+05:30,0.0,28.99
2022-08-10 23:00:00+05:30,0.0,28.52
2022-08-11 00:00:00+05:30,0.0,28.03
2022-08-11 01:00:00+05:30,0.0,27.62
2022-08-11 02:00:00+05:30,0.0,27.15
2022-08-11 03:00:00+05:30,0.0,26.76
2022-08-11 04:00:00+05:30,0.0,26.51
2022-08-11 05:00:00+05:30,0.0,26.34
2022-08-11 06:00:00+05:30,0.0,26.24
2022-08-11 07:00:00+05:30,73.91,26.17
2022-08-11 08:00:00+05:30,171.96,26.55
2022-08-11 09:00:00+05:30,257.39,27.21
2022-08-11 10:00:00+05:30,337.89,27.62
2022-08-11 11:00:00+05:30,465.31,27.92
2022-08-11 12:00:00+05:30,431.28,28.65
2022-08-11 13:00:00+05:30,445.82,28.95
2022-08-11 14:00:00+05:30,458.22,29.25
2022-08-11 15:00:00+05:30,332.31,29.34
2022-08-11 16:00:00+05:30,250.79,28.95
2022-08-11 17:00:00+05:30,127.06,28.71
2022-08-11 18:00:00+05:30,59.83,28.21
2022-08-11 19:00:00+05:30,6.98,27.66
2022-08-11 20:00:00+05:30,0.0,27.04
2022-08-11 21:00:00+05:30,0.0,26.77
2022-08-11 22:00:00+05:30,0.0,26.58
2022-08-11 23:00:00+05:30,0.0,26.33
2022-08-12 00:00:00+05:30,0.0,26.13
2022-08-12 01:00:00+05:30,0.0,25.2
2022-08-12 02:00:00+05:30,0.0,25.02
2022-08-12 03:00:00+05:30,0.0,24.95
2022-08-12 04:00:00+05:30,0.0,24.94
2022-08-12 05:00:00+05:30,0.0,24.93
2022-08-12 06:00:00+05:30,0.0,24.96
2022-08-12 07:00:00+05:30,56.46,25.01
2022-08-12 08:00:00+05:30,164.86,25.44
2022-08-12 09:00:00+05:30,275.69,25.98
2022-08-12 10:00:00+05:30,318.16,26.76
2022-08-12 11:00:00+05:30,269.25,27.79
2022-08-12 12:00:00+05:30,435.01,27.57
2022-08-12 13:00:00+05:30,449.75,28.32
2022-08-12 14:00:00+05:30,433.41,29.42
2022-08-12 15:00:00+05:30,449.99,29.41
2022-08-12 16:00:00+05:30,244.13,28.6
2022-08-12 17:00:00+05:30,147.8,28.3
2022-08-12 18:00:00+05:30,55.11,26.58
2022-08-12 19:00:00+05:30,4.68,25.83
2022-08-12 20:00:00+05:30,0.0,25.41
2022-08-12 21:00:00+05:30,0.0,25.02
2022-08-12 22:00:00+05:30,0.0,24.9
2022-08-12 23:00:00+05:30,0.0,24.86
2022-08-13 00:00:00+05:30,0.0,24.75
2022-08-13 01:00:00+05:30,0.0,24.47
2022-08-13 02:00:00+05:30,0.0,24.46
2022-08-13 03:00:00+05:30,0.0,24.39
2022-08-13 04:00:00+05:30,0.0,24.4
2022-08-13 05:00:00+05:30,0.0,24.43
2022-08-13 06:00:00+05:30,0.0,24.44
2022-08-13 07:00:00+05:30,30.18,24.47
2022-08-13 08:00:00+05:30,78.84,24.65
2022-08-13 09:00:00+05:30,97.57,25.46
2022-08-13 10:00:00+05:30,130.66,25.91
2022-08-13 11:00:00+05:30,252.42,26.25
2022-08-13 12:00:00+05:30,489.21,26.92
2022-08-13 13:00:00+05:30,376.97,28.7
2022-08-13 14:00:00+05:30,504.87,28.78
2022-08-13 15:00:00+05:30,321.32,28.41
2022-08-13 16:00:00+05:30,174.25,27.77
2022-08-13 17:00:00+05:30,162.67,27.03
2022-08-13 18:00:00+05:30,81.84,26.87
2022-08-13 19:00:00+05:30,7.37,26.53
2022-08-13 20:00:00+05:30,0.0,26.02
2022-08-13 21:00:00+05:30,0.0,25.76
2022-08-13 22:00:00+05:30,0.0,25.44
2022-08-13 23:00:00+05:30,0.0,25.24
2022-08-14 00:00:00+05:30,0.0,24.99
2022-08-14 01:00:00+05:30,0.0,24.54
2022-08-14 02:00:00+05:30,0.0,24.22
2022-08-14 03:00:00+05:30,0.0,24.03
2022-08-14 04:00:00+05:30,0.0,23.88
2022-08-14 05:00:00+05:30,0.0,23.85
2022-08-14 06:00:00+05:30,0.0,23.78
2022-08-14 07:00:00+05:30,100.44,23.9
2022-08-14 08:00:00+05:30,225.71,24.7
2022-08-14 09:00:00+05:30,355.74,25.95
2022-08-14 10:00:00+05:30,367.4,27.2
2022-08-14 11:00:00+05:30,469.16,27.9
2022-08-14 12:00:00+05:30,142.24,28.6
2022-08-14 13:00:00+05:30,97.57,27.55
2022-08-14 14:00:00+05:30,171.57,27.23
2022-08-14 15:00:00+05:30,244.22,27.55
2022-08-14 16:00:00+05:30,237.42,27.95
2022-08-14 17:00:00+05:30,137.46,28.12
2022-08-14 18:00:00+05:30,50.26,28.09
2022-08-14 19:00:00+05:30,4.15,27.59
2022-08-14 20:00:00+05:30,0.0,26.93
2022-08-14 21:00:00+05:30,0.0,26.24
2022-08-14 22:00:00+05:30,0.0,26.0
2022-08-14 23:00:00+05:30,0.0,25.38
2022-08-15 00:00:00+05:30,0.0,25.34
2022-08-15 01:00:00+05:30,0.0,24.95
2022-08-15 02:00:00+05:30,0.0,25.02
2022-08-15 03:00:00+05:30,0.0,24.82
2022-08-15 04:00:00+05:30,0.0,24.54
2022-08-15 05:00:00+05:30,0.0,24.37
2022-08-15 06:00:00+05:30,0.0,24.18
2022-08-15 07:00:00+05:30,44.73,24.28
2022-08-15 08:00:00+05:30,90.16,24.71
2022-08-15 09:00:00+05:30,171.87,25.07
2022-08-15 10:00:00+05:30,255.53,25.59
2022-08-15 11:00:00+05:30,401.33,26.61
2022-08-15 12:00:00+05:30,564.74,27.66
2022-08-15 13:00:00+05:30,557.89,29.18
2022-08-15 14:00:00+05:30,453.37,29.69
2022-08-15 15:00:00+05:30,314.84,29.47
2022-08-15 16:00:00+05:30,219.21,28.94
2022-08-15 17:00:00+05:30,132.88,28.07
2022-08-15 18:00:00+05:30,38.95,27.27
2022-08-15 19:00:00+05:30,4.59,26.29
2022-08-15 20:00:00+05:30,0.0,25.9
2022-08-15 21:00:00+05:30,0.0,25.63
2022-08-15 22:00:00+05:30,0.0,25.13
2022-08-15 23:00:00+05:30,0.0,24.83
2022-08-16 00:00:00+05:30,0.0,24.79
2022-08-16 01:00:00+05:30,0.0,25.3
2022-08-16 02:00:00+05:30,0.0,25.14
2022-08-16 03:00:00+05:30,0.0,24.84
2022-08-16 04:00:00+05:30,0.0,24.76
2022-08-16 05:00:00+05:30,0.0,24.68
2022-08-16 06:00:00+05:30,0.0,24.65
2022-08-16 07:00:00+05:30,13.56,24.47
2022-08-16 08:00:00+05:30,11.56,24.32
2022-08-16 09:00:00+05:30,26.34,23.79
2022-08-16 10:00:00+05:30,40.7,23.52
2022-08-16 11:00:00+05:30,67.6,23.56
2022-08-16 12:00:00+05:30,90.04,23.92
2022-08-16 13:00:00+05:30,60.61,24.72
2022-08-16 14:00:00+05:30,61.42,24.84
2022-08-16 15:00:00+05:30,90.61,24.6
2022-08-16 16:00:00+05:30,44.3,24.35
2022-08-16 17:00:00+05:30,34.83,24.1
2022-08-16 18:00:00+05:30,15.23,24.11
2022-08-16 19:00:00+05:30,0.0,24.17
2022-08-16 20:00:00+05:30,0.0,24.23
2022-08-16 21:00:00+05:30,0.0,24.09
2022-08-16 22:00:00+05:30,0.0,23.9
2022-08-16 23:00:00+05:30,0.0,23.77
2022-08-17 00:00:00+05:30,0.0,23.53
2022-08-17 01:00:00+05:30,0.0,23.42
2022-08-17 02:00:00+05:30,0.0,23.35
2022-08-17 03:00:00+05:30,0.0,23.26
2022-08-17 04:00:00+05:30,0.0,23.12
2022-08-17 05:00:00+05:30,0.0,22.99
2022-08-17 06:00:00+05:30,0.0,22.98
2022-08-17 07:00:00+05:30,12.59,22.85
2022-08-17 08:00:00+05:30,47.47,23.12
2022-08-17 09:00:00+05:30,140.01,23.56
2022-08-17 10:00:00+05:30,154.58,24.09
2022-08-17 11:00:00+05:30,264.72,24.37
2022-08-17 12:00:00+05:30,369.39,24.82
2022-08-17 13:00:00+05:30,564.25,26.51
2022-08-17 14:00:00+05:30,508.1,27.79
2022-08-17 15:00:00+05:30,386.11,28.8
2022-08-17 16:00:00+05:30,236.36,28.16
2022-08-17 17:00:00+05:30,186.99,27.14
2022-08-17 18:00:00+05:30,67.94,27.29
2022-08-17 19:00:00+05:30,0.0,26.36
2022-08-17 20:00:00+05:30,0.0,25.75
2022-08-17 21:00:00+05:30,0.0,25.23
2022-08-17 22:00:00+05:30,0.0,25.01
2022-08-17 23:00:00+05:30,0.0,24.84
2022-08-18 00:00:00+05:30,0.0,24.77
2022-08-18 01:00:00+05:30,0.0,24.81
2022-08-18 02:00:00+05:30,0.0,24.64
2022-08-18 03:00:00+05:30,0.0,24.39
2022-08-18 04:00:00+05:30,0.0,24.44
2022-08-18 05:00:00+05:30,0.0,24.42
2022-08-18 06:00:00+05:30,0.0,24.4
2022-08-18 07:00:00+05:30,73.54,24.41
2022-08-18 08:00:00+05:30,251.13,24.75
2022-08-18 09:00:00+05:30,358.48,25.61
2022-08-18 10:00:00+05:30,475.5,26.58
2022-08-18 11:00:00+05:30,489.59,27.77
2022-08-18 12:00:00+05:30,474.57,28.55
2022-08-18 13:00:00+05:30,540.17,28.81
2022-08-18 14:00:00+05:30,619.86,29.14
2022-08-18 15:00:00+05:30,511.86,29.6
2022-08-18 16:00:00+05:30,380.9,29.74
2022-08-18 17:00:00+05:30,246.13,29.45
2022-08-18 18:00:00+05:30,103.44,29.1
2022-08-18 19:00:00+05:30,0.0,28.23
2022-08-18 20:00:00+05:30,0.0,27.12
2022-08-18 21:00:00+05:30,0.0,26.39
2022-08-18 22:00:00+05:30,0.0,25.91
2022-08-18 23:00:00+05:30,0.0,25.53
2022-08-19 00:00:00+05:30,0.0,25.2
2022-08-19 01:00:00+05:30,0.0,25.16
2022-08-19 02:00:00+05:30,0.0,24.84
2022-08-19 03:00:00+05:30,0.0,24.54
2022-08-19 04:00:00+05:30,0.0,24.19
2022-08-19 05:00:00+05:30,0.0,24.1
2022-08-19 06:00:00+05:30,0.0,24.06
2022-08-19 07:00:00+05:30,112.43,24.02
2022-08-19 08:00:00+05:30,277.84,24.82
2022-08-19 09:00:00+05:30,360.71,25.96
2022-08-19 10:00:00+05:30,453.08,27.06
2022-08-19 11:00:00+05:30,546.87,28.02
2022-08-19 12:00:00+05:30,612.54,28.67
2022-08-19 13:00:00+05:30,577.33,29.3
2022-08-19 14:00:00+05:30,590.58,29.33
2022-08-19 15:00:00+05:30,447.57,29.8
2022-08-19 16:00:00+05:30,355.6,29.75
2022-08-19 17:00:00+05:30,235.17,29.77
2022-08-19 18:00:00+05:30,98.6,29.21
2022-08-19 19:00:00+05:30,0.0,28.39
2022-08-19 20:00:00+05:30,0.0,27.56
2022-08-19 21:00:00+05:30,0.0,26.9
2022-08-19 22:00:00+05:30,0.0,26.31
2022-08-19 23:00:00+05:30,0.0,25.91
2022-08-20 00:00:00+05:30,0.0,25.53
2022-08-20 01:00:00+05:30,0.0,25.23
2022-08-20 02:00:00+05:30,0.0,24.86
2022-08-20 03:00:00+05:30,0.0,24.52
2022-08-20 04:00:00+05:30,0.0,24.3
2022-08-20 05:00:00+05:30,0.0,24.15
2022-08-20 06:00:00+05:30,0.0,23.93
2022-08-20 07:00:00+05:30,110.09,23.8
2022-08-20 08:00:00+05:30,272.47,24.8
2022-08-20 09:00:00+05:30,408.56,26.19
2022-08-20 10:00:00+05:30,490.33,27.41
2022-08-20 11:00:00+05:30,551.86,28.44
2022-08-20 12:00:00+05:30,548.5,29.16
2022-08-20 13:00:00+05:30,546.94,29.6
2022-08-20 14:00:00+05:30,438.27,29.92
2022-08-20 15:00:00+05:30,445.35,29.46
2022-08-20 16:00:00+05:30,258.5,29.59
2022-08-20 17:00:00+05:30,213.61,29.01
2022-08-20 18:00:00+05:30,81.81,28.76
2022-08-20 19:00:00+05:30,0.0,28.24
2022-08-20 20:00:00+05:30,0.0,27.5
2022-08-20 21:00:00+05:30,0.0,27.03
2022-08-20 22:00:00+05:30,0.0,25.91
2022-08-20 23:00:00+05:30,0.0,25.43
2022-08-21 00:00:00+05:30,0.0,25.14
2022-08-21 01:00:00+05:30,0.0,25.52
2022-08-21 02:00:00+05:30,0.0,25.56
2022-08-21 03:00:00+05:30,0.0,25.49
2022-08-21 04:00:00+05:30,0.0,25.38
2022-08-21 05:00:00+05:30,0.0,25.29
2022-08-21 06:00:00+05:30,0.0,25.11
2022-08-21 07:00:00+05:30,81.25,24.91
2022-08-21 08:00:00+05:30,206.99,25.47
2022-08-21 09:00:00+05:30,289.22,26.5
2022-08-21 10:00:00+05:30,304.63,27.57
2022-08-21 11:00:00+05:30,313.82,28.37
2022-08-21 12:00:00+05:30,349.49,28.8
2022-08-21 13:00:00+05:30,493.84,28.89
2022-08-21 14:00:00+05:30,453.81,29.49
2022-08-21 15:00:00+05:30,431.69,29.71
2022-08-21 16:00:00+05:30,328.93,29.94
2022-08-21 17:00:00+05:30,152.65,28.59
2022-08-21 18:00:00+05:30,44.03,28.01
2022-08-21 19:00:00+05:30,0.0,27.36
2022-08-21 20:00:00+05:30,0.0,26.72
2022-08-21 21:00:00+05:30,0.0,26.22
2022-08-21 22:00:00+05:30,0.0,26.09
2022-08-21 23:00:00+05:30,0.0,25.94
2022-08-22 00:00:00+05:30,0.0,25.65
2022-08-22 01:00:00+05:30,0.0,25.68
2022-08-22 02:00:00+05:30,0.0,24.89
2022-08-22 03:00:00+05:30,0.0,24.73
2022-08-22 04:00:00+05:30,0.0,24.77
2022-08-22 05:00:00+05:30,0.0,24.75
2022-08-22 06:00:00+05:30,0.0,24.56
2022-08-22 07:00:00+05:30,14.34,24.21
2022-08-22 08:00:00+05:30,12.0,24.2
2022-08-22 09:00:00+05:30,118.72,24.2
2022-08-22 10:00:00+05:30,183.15,24.78
2022-08-22 11:00:00+05:30,247.01,25.35
2022-08-22 12:00:00+05:30,423.17,26.02
2022-08-22 13:00:00+05:30,425.56,28.5
2022-08-22 14:00:00+05:30,332.35,29.52
2022-08-22 15:00:00+05:30,296.93,29.74
2022-08-22 16:00:00+05:30,186.48,29.45
2022-08-22 17:00:00+05:30,121.68,28.28
2022-08-22 18:00:00+05:30,28.25,27.98
2022-08-22 19:00:00+05:30,0.0,27.28
2022-08-22 20:00:00+05:30,0.0,26.17
2022-08-22 21:00:00+05:30,0.0,25.53
2022-08-22 22:00:00+05:30,0.0,25.16
2022-08-22 23:00:00+05:30,0.0,25.09
2022-08-23 00:00:00+05:30,0.0,24.86
2022-08-23 01:00:00+05:30,0.0,25.04
2022-08-23 02:00:00+05:30,0.0,24.75
2022-08-23 03:00:00+05:30,0.0,24.66
2022-08-23 04:00:00+05:30,0.0,24.6
2022-08-23 05:00:00+05:30,0.0,24.51
2022-08-23 06:00:00+05:30,0.0,24.35
2022-08-23 07:00:00+05:30,27.12,24.32
2022-08-23 08:00:00+05:30,71.86,24.41
2022-08-23 09:00:00+05:30,65.42,24.69
2022-08-23 10:00:00+05:30,106.35,24.71
2022-08-23 11:00:00+05:30,143.22,25.1
2022-08-23 12:00:00+05:30,138.69,25.54
2022-08-23 13:00:00+05:30,142.64,25.68
2022-08-23 14:00:00+05:30,108.54,25.78
2022-08-23 15:00:00+05:30,221.85,25.85
2022-08-23 16:00:00+05:30,162.38,26.62
2022-08-23 17:00:00+05:30,144.96,26.49
2022-08-23 18:00:00+05:30,59.45,26.58
2022-08-23 19:00:00+05:30,0.0,26.21
2022-08-23 20:00:00+05:30,0.0,25.69
2022-08-23 21:00:00+05:30,0.0,25.24
2022-08-23 22:00:00+05:30,0.0,24.94
2022-08-23 23:00:00+05:30,0.0,24.72
2022-08-24 00:00:00+05:30,0.0,24.54
2022-08-24 01:00:00+05:30,0.0,24.08
2022-08-24 02:00:00+05:30,0.0,24.03
2022-08-24 03:00:00+05:30,0.0,24.0
2022-08-24 04:00:00+05:30,0.0,23.95
2022-08-24 05:00:00+05:30,0.0,23.76
2022-08-24 06:00:00+05:30,0.0,23.55
2022-08-24 07:00:00+05:30,97.21,23.27
2022-08-24 08:00:00+05:30,244.26,23.78
2022-08-24 09:00:00+05:30,347.59,24.86
2022-08-24 10:00:00+05:30,396.64,26.07
2022-08-24 11:00:00+05:30,435.49,27.07
2022-08-24 12:00:00+05:30,526.99,27.58
2022-08-24 13:00:00+05:30,584.07,28.28
2022-08-24 14:00:00+05:30,555.42,28.94
2022-08-24 15:00:00+05:30,442.57,29.26
2022-08-24 16:00:00+05:30,312.51,29.02
2022-08-24 17:00:00+05:30,221.94,28.05
2022-08-24 18:00:00+05:30,68.91,27.0
2022-08-24 19:00:00+05:30,0.0,26.12
2022-08-24 20:00:00+05:30,0.0,25.56
2022-08-24 21:00:00+05:30,0.0,25.17
2022-08-24 22:00:00+05:30,0.0,24.5
2022-08-24 23:00:00+05:30,0.0,24.02
2022-08-25 00:00:00+05:30,0.0,23.45
2022-08-25 01:00:00+05:30,0.0,23.47
2022-08-25 02:00:00+05:30,0.0,23.57
2022-08-25 03:00:00+05:30,0.0,23.56
2022-08-25 04:00:00+05:30,0.0,23.48
2022-08-25 05:00:00+05:30,0.0,23.12
2022-08-25 06:00:00+05:30,0.0,22.81
2022-08-25 07:00:00+05:30,110.32,22.68
2022-08-25 08:00:00+05:30,283.25,23.64
2022-08-25 09:00:00+05:30,440.39,25.07
2022-08-25 10:00:00+05:30,549.81,26.36
2022-08-25 11:00:00+05:30,605.11,27.49
2022-08-25 12:00:00+05:30,543.75,28.26
2022-08-25 13:00:00+05:30,659.26,28.47
2022-08-25 14:00:00+05:30,584.0,29.04
2022-08-25 15:00:00+05:30,423.74,29.29
2022-08-25 16:00:00+05:30,352.99,29.12
2022-08-25 17:00:00+05:30,254.34,28.99
2022-08-25 18:00:00+05:30,79.0,28.54
2022-08-25 19:00:00+05:30,0.0,27.78
2022-08-25 20:00:00+05:30,0.0,27.05
2022-08-25 21:00:00+05:30,0.0,26.16
2022-08-25 22:00:00+05:30,0.0,25.58
2022-08-25 23:00:00+05:30,0.0,25.22
2022-08-26 00:00:00+05:30,0.0,25.05
2022-08-26 01:00:00+05:30,0.0,25.09
2022-08-26 02:00:00+05:30,0.0,24.9
2022-08-26 03:00:00+05:30,0.0,24.66
2022-08-26 04:00:00+05:30,0.0,24.41
2022-08-26 05:00:00+05:30,0.0,24.18
2022-08-26 06:00:00+05:30,0.0,23.92
2022-08-26 07:00:00+05:30,64.61,23.89
2022-08-26 08:00:00+05:30,125.34,24.39
2022-08-26 09:00:00+05:30,227.32,25.17
2022-08-26 10:00:00+05:30,409.02,26.25
2022-08-26 11:00:00+05:30,459.55,27.6
2022-08-26 12:00:00+05:30,568.17,28.41
2022-08-26 13:00:00+05:30,623.2,28.77
2022-08-26 14:00:00+05:30,548.66,29.43
2022-08-26 15:00:00+05:30,428.6,29.73
2022-08-26 16:00:00+05:30,351.8,29.74
2022-08-26 17:00:00+05:30,192.66,29.72
2022-08-26 18:00:00+05:30,75.42,29.14
2022-08-26 19:00:00+05:30,0.0,28.16
2022-08-26 20:00:00+05:30,0.0,27.1
2022-08-26 21:00:00+05:30,0.0,26.44
2022-08-26 22:00:00+05:30,0.0,25.86
2022-08-26 23:00:00+05:30,0.0,25.49
2022-08-27 00:00:00+05:30,0.0,25.14
2022-08-27 01:00:00+05:30,0.0,25.41
2022-08-27 02:00:00+05:30,0.0,25.48
2022-08-27 03:00:00+05:30,0.0,25.39
2022-08-27 04:00:00+05:30,0.0,25.27
2022-08-27 05:00:00+05:30,0.0,25.13
2022-08-27 06:00:00+05:30,0.0,24.95
2022-08-27 07:00:00+05:30,45.93,24.72
2022-08-27 08:00:00+05:30,123.68,24.75
2022-08-27 09:00:00+05:30,255.59,25.05
2022-08-27 10:00:00+05:30,359.87,25.87
2022-08-27 11:00:00+05:30,521.82,26.73
2022-08-27 12:00:00+05:30,731.39,27.91
2022-08-27 13:00:00+05:30,690.85,29.67
2022-08-27 14:00:00+05:30,585.79,29.85
2022-08-27 15:00:00+05:30,460.74,29.86
2022-08-27 16:00:00+05:30,362.54,29.86
2022-08-27 17:00:00+05:30,228.73,29.69
2022-08-27 18:00:00+05:30,82.2,29.11
2022-08-27 19:00:00+05:30,0.0,28.13
2022-08-27 20:00:00+05:30,0.0,27.06
2022-08-27 21:00:00+05:30,0.0,26.22
2022-08-27 22:00:00+05:30,0.0,25.59
2022-08-27 23:00:00+05:30,0.0,25.05
2022-08-28 00:00:00+05:30,0.0,24.58
2022-08-28 01:00:00+05:30,0.0,24.54
2022-08-28 02:00:00+05:30,0.0,24.2
2022-08-28 03:00:00+05:30,0.0,23.91
2022-08-28 04:00:00+05:30,0.0,23.58
2022-08-28 05:00:00+05:30,0.0,23.29
2022-08-28 06:00:00+05:30,0.0,23.01
2022-08-28 07:00:00+05:30,103.66,22.95
2022-08-28 08:00:00+05:30,250.68,23.67
2022-08-28 09:00:00+05:30,431.71,24.84
2022-08-28 10:00:00+05:30,572.0,26.24
2022-08-28 11:00:00+05:30,677.72,27.48
2022-08-28 12:00:00+05:30,675.01,28.53
2022-08-28 13:00:00+05:30,677.64,29.4
2022-08-28 14:00:00+05:30,584.97,29.88
2022-08-28 15:00:00+05:30,510.74,29.92
2022-08-28 16:00:00+05:30,368.99,29.78
2022-08-28 17:00:00+05:30,236.34,29.43
2022-08-28 18:00:00+05:30,80.15,28.79
2022-08-28 19:00:00+05:30,0.0,27.55
2022-08-28 20:00:00+05:30,0.0,26.44
2022-08-28 21:00:00+05:30,0.0,25.69
2022-08-28 22:00:00+05:30,0.0,25.03
2022-08-28 23:00:00+05:30,0.0,24.51
2022-08-29 00:00:00+05:30,0.0,23.98
2022-08-29 01:00:00+05:30,0.0,23.76
2022-08-29 02:00:00+05:30,0.0,23.42
2022-08-29 03:00:00+05:30,0.0,23.21
2022-08-29 04:00:00+05:30,0.0,22.92
2022-08-29 05:00:00+05:30,0.0,22.69
2022-08-29 06:00:00+05:30,0.0,22.55
2022-08-29 07:00:00+05:30,108.71,22.39
2022-08-29 08:00:00+05:30,283.8,23.53
2022-08-29 09:00:00+05:30,451.56,25.44
2022-08-29 10:00:00+05:30,593.71,27.05
2022-08-29 11:00:00+05:30,680.58,28.35
2022-08-29 12:00:00+05:30,588.07,29.29
2022-08-29 13:00:00+05:30,666.36,29.51
2022-08-29 14:00:00+05:30,623.64,30.23
2022-08-29 15:00:00+05:30,415.22,30.69
2022-08-29 16:00:00+05:30,394.47,30.49
2022-08-29 17:00:00+05:30,214.41,30.48
2022-08-29 18:00:00+05:30,83.97,29.79
2022-08-29 19:00:00+05:30,0.0,28.62
2022-08-29 20:00:00+05:30,0.0,27.25
2022-08-29 21:00:00+05:30,0.0,26.34
2022-08-29 22:00:00+05:30,0.0,25.41
2022-08-29 23:00:00+05:30,0.0,24.81
2022-08-30 00:00:00+05:30,0.0,24.1
2022-08-30 01:00:00+05:30,0.0,23.59
2022-08-30 02:00:00+05:30,0.0,23.33
2022-08-30 03:00:00+05:30,0.0,23.33
2022-08-30 04:00:00+05:30,0.0,23.15
2022-08-30 05:00:00+05:30,0.0,23.04
2022-08-30 06:00:00+05:30,0.0,23.11
2022-08-30 07:00:00+05:30,86.59,23.2
2022-08-30 08:00:00+05:30,245.11,24.26
2022-08-30 09:00:00+05:30,390.91,26.17
2022-08-30 10:00:00+05:30,418.25,28.12
2022-08-30 11:00:00+05:30,391.74,29.28
2022-08-30 12:00:00+05:30,641.89,29.77
2022-08-30 13:00:00+05:30,562.58,30.63
2022-08-30 14:00:00+05:30,560.99,30.95
2022-08-30 15:00:00+05:30,516.67,31.28
2022-08-30 16:00:00+05:30,386.35,31.52
2022-08-30 17:00:00+05:30,226.87,31.49
2022-08-30 18:00:00+05:30,84.19,30.92
2022-08-30 19:00:00+05:30,0.0,29.78
2022-08-30 20:00:00+05:30,0.0,28.63
2022-08-30 21:00:00+05:30,0.0,27.74
2022-08-30 22:00:00+05:30,0.0,27.01
2022-08-30 23:00:00+05:30,0.0,26.43
2022-08-31 00:00:00+05:30,0.0,25.99
2022-08-31 01:00:00+05:30,0.0,25.55
2022-08-31 02:00:00+05:30,0.0,25.23
2022-08-31 03:00:00+05:30,0.0,25.02
2022-08-31 04:00:00+05:30,0.0,25.09
2022-08-31 05:00:00+05:30,0.0,24.82
2022-08-31 06:00:00+05:30,0.0,24.66
2022-08-31 07:00:00+05:30,101.56,24.62
2022-08-31 08:00:00+05:30,263.98,25.49
2022-08-31 09:00:00+05:30,408.98,27.18
2022-08-31 10:00:00+05:30,571.75,28.73
2022-08-31 11:00:00+05:30,658.79,30.34
2022-08-31 12:00:00+05:30,709.55,31.29
2022-08-31 13:00:00+05:30,669.66,32.11
2022-08-31 14:00:00+05:30,615.81,32.27
2022-08-31 15:00:00+05:30,500.48,32.44
2022-08-31 16:00:00+05:30,346.61,32.16
2022-08-31 17:00:00+05:30,178.22,31.6
2022-08-31 18:00:00+05:30,68.44,30.77
2022-08-31 19:00:00+05:30,0.0,29.75
2022-08-31 20:00:00+05:30,0.0,28.79
2022-08-31 21:00:00+05:30,0.0,27.99
2022-08-31 22:00:00+05:30,0.0,27.5
2022-08-31 23:00:00+05:30,0.0,27.15
2022-09-01 00:00:00+05:30,0.0,26.75
2022-09-01 01:00:00+05:30,0.0,26.53
2022-09-01 02:00:00+05:30,0.0,26.21
2022-09-01 03:00:00+05:30,0.0,25.94
2022-09-01 04:00:00+05:30,0.0,25.67
2022-09-01 05:00:00+05:30,0.0,25.41
2022-09-01 06:00:00+05:30,0.0,25.16
2022-09-01 07:00:00+05:30,102.11,25.01
2022-09-01 08:00:00+05:30,270.16,25.84
2022-09-01 09:00:00+05:30,440.36,27.46
2022-09-01 10:00:00+05:30,581.63,29.01
2022-09-01 11:00:00+05:30,685.36,30.44
2022-09-01 12:00:00+05:30,707.81,31.57
2022-09-01 13:00:00+05:30,680.72,32.24
2022-09-01 14:00:00+05:30,630.96,32.48
2022-09-01 15:00:00+05:30,490.19,32.58
2022-09-01 16:00:00+05:30,377.01,32.39
2022-09-01 17:00:00+05:30,207.8,32.14
2022-09-01 18:00:00+05:30,57.38,31.11
2022-09-01 19:00:00+05:30,0.0,30.24
2022-09-01 20:00:00+05:30,0.0,29.21
2022-09-01 21:00:00+05:30,0.0,28.38
2022-09-01 22:00:00+05:30,0.0,27.7
2022-09-01 23:00:00+05:30,0.0,27.17
2022-09-02 00:00:00+05:30,0.0,26.87
2022-09-02 01:00:00+05:30,0.0,26.6
2022-09-02 02:00:00+05:30,0.0,26.33
2022-09-02 03:00:00+05:30,0.0,26.15
2022-09-02 04:00:00+05:30,0.0,26.05
2022-09-02 05:00:00+05:30,0.0,25.92
2022-09-02 06:00:00+05:30,0.0,25.86
2022-09-02 07:00:00+05:30,64.79,25.7
2022-09-02 08:00:00+05:30,183.39,26.19
2022-09-02 09:00:00+05:30,323.77,27.29
2022-09-02 10:00:00+05:30,432.94,28.59
2022-09-02 11:00:00+05:30,524.31,29.91
2022-09-02 12:00:00+05:30,524.7,30.96
2022-09-02 13:00:00+05:30,582.38,30.48
2022-09-02 14:00:00+05:30,448.59,31.15
2022-09-02 15:00:00+05:30,292.45,31.28
2022-09-02 16:00:00+05:30,241.84,30.9
2022-09-02 17:00:00+05:30,135.29,30.12
2022-09-02 18:00:00+05:30,68.6,29.5
2022-09-02 19:00:00+05:30,0.0,28.99
2022-09-02 20:00:00+05:30,0.0,28.13
2022-09-02 21:00:00+05:30,0.0,27.48
2022-09-02 22:00:00+05:30,0.0,27.18
2022-09-02 23:00:00+05:30,0.0,26.74
2022-09-03 00:00:00+05:30,0.0,26.37
2022-09-03 01:00:00+05:30,0.0,26.0
2022-09-03 02:00:00+05:30,0.0,25.75
2022-09-03 03:00:00+05:30,0.0,25.51
2022-09-03 04:00:00+05:30,0.0,25.32
2022-09-03 05:00:00+05:30,0.0,25.12
2022-09-03 06:00:00+05:30,0.0,24.97
2022-09-03 07:00:00+05:30,98.46,24.83
2022-09-03 08:00:00+05:30,267.11,25.71
2022-09-03 09:00:00+05:30,440.58,27.17
2022-09-03 10:00:00+05:30,581.18,28.69
2022-09-03 11:00:00+05:30,685.29,30.1
2022-09-03 12:00:00+05:30,698.71,31.24
2022-09-03 13:00:00+05:30,639.34,31.42
2022-09-03 14:00:00+05:30,585.6,31.77
2022-09-03 15:00:00+05:30,532.23,31.95
2022-09-03 16:00:00+05:30,370.71,32.08
2022-09-03 17:00:00+05:30,210.07,31.47
2022-09-03 18:00:00+05:30,71.77,30.96
2022-09-03 19:00:00+05:30,0.0,29.64
2022-09-03 20:00:00+05:30,0.0,28.47
2022-09-03 21:00:00+05:30,0.0,27.83
2022-09-03 22:00:00+05:30,0.0,27.35
2022-09-03 23:00:00+05:30,0.0,26.96
2022-09-04 00:00:00+05:30,0.0,26.49
2022-09-04 01:00:00+05:30,0.0,25.96
2022-09-04 02:00:00+05:30,0.0,25.62
2022-09-04 03:00:00+05:30,0.0,25.28
2022-09-04 04:00:00+05:30,0.0,24.91
2022-09-04 05:00:00+05:30,0.0,24.51
2022-09-04 06:00:00+05:30,0.0,24.14
2022-09-04 07:00:00+05:30,106.53,23.88
2022-09-04 08:00:00+05:30,276.83,24.69
2022-09-04 09:00:00+05:30,429.58,26.12
2022-09-04 10:00:00+05:30,596.88,27.49
2022-09-04 11:00:00+05:30,691.17,28.8
2022-09-04 12:00:00+05:30,664.18,29.78
2022-09-04 13:00:00+05:30,668.64,30.59
2022-09-04 14:00:00+05:30,653.49,31.28
2022-09-04 15:00:00+05:30,513.7,31.65
2022-09-04 16:00:00+05:30,397.77,31.6
2022-09-04 17:00:00+05:30,226.05,31.29
2022-09-04 18:00:00+05:30,76.35,30.42
2022-09-04 19:00:00+05:30,0.0,29.03
2022-09-04 20:00:00+05:30,0.0,27.81
2022-09-04 21:00:00+05:30,0.0,26.97
2022-09-04 22:00:00+05:30,0.0,26.2
2022-09-04 23:00:00+05:30,0.0,25.44
2022-09-05 00:00:00+05:30,0.0,24.73
2022-09-05 01:00:00+05:30,0.0,24.38
2022-09-05 02:00:00+05:30,0.0,23.89
2022-09-05 03:00:00+05:30,0.0,23.5
2022-09-05 04:00:00+05:30,0.0,23.18
2022-09-05 05:00:00+05:30,0.0,22.92
2022-09-05 06:00:00+05:30,0.0,22.73
2022-09-05 07:00:00+05:30,99.37,22.64
2022-09-05 08:00:00+05:30,262.89,23.8
2022-09-05 09:00:00+05:30,426.49,25.44
2022-09-05 10:00:00+05:30,498.52,27.11
2022-09-05 11:00:00+05:30,594.5,28.4
2022-09-05 12:00:00+05:30,614.51,29.38
2022-09-05 13:00:00+05:30,601.81,29.93
2022-09-05 14:00:00+05:30,579.32,30.37
2022-09-05 15:00:00+05:30,468.97,30.69
2022-09-05 16:00:00+05:30,297.86,30.55
2022-09-05 17:00:00+05:30,213.21,30.15
2022-09-05 18:00:00+05:30,74.66,29.68
2022-09-05 19:00:00+05:30,0.0,28.5
2022-09-05 20:00:00+05:30,0.0,27.2
2022-09-05 21:00:00+05:30,0.0,26.26
2022-09-05 22:00:00+05:30,0.0,25.58
2022-09-05 23:00:00+05:30,0.0,25.04
2022-09-06 00:00:00+05:30,0.0,24.58
2022-09-06 01:00:00+05:30,0.0,24.66
2022-09-06 02:00:00+05:30,0.0,24.17
2022-09-06 03:00:00+05:30,0.0,23.75
2022-09-06 04:00:00+05:30,0.0,23.39
2022-09-06 05:00:00+05:30,0.0,23.24
2022-09-06 06:00:00+05:30,0.0,23.02
2022-09-06 07:00:00+05:30,78.5,23.33
2022-09-06 08:00:00+05:30,227.85,24.34
2022-09-06 09:00:00+05:30,363.76,25.98
2022-09-06 10:00:00+05:30,479.37,27.6
2022-09-06 11:00:00+05:30,645.71,28.93
2022-09-06 12:00:00+05:30,639.94,30.29
2022-09-06 13:00:00+05:30,662.88,30.66
2022-09-06 14:00:00+05:30,533.22,31.13
2022-09-06 15:00:00+05:30,453.29,31.19
2022-09-06 16:00:00+05:30,360.45,31.21
2022-09-06 17:00:00+05:30,212.17,31.1
2022-09-06 18:00:00+05:30,62.19,30.56
2022-09-06 19:00:00+05:30,0.0,29.35
2022-09-06 20:00:00+05:30,0.0,27.88
2022-09-06 21:00:00+05:30,0.0,26.99
2022-09-06 22:00:00+05:30,0.0,26.22
2022-09-06 23:00:00+05:30,0.0,25.57
2022-09-07 00:00:00+05:30,0.0,24.99
2022-09-07 01:00:00+05:30,0.0,24.79
2022-09-07 02:00:00+05:30,0.0,24.43
2022-09-07 03:00:00+05:30,0.0,24.11
2022-09-07 04:00:00+05:30,0.0,23.96
2022-09-07 05:00:00+05:30,0.0,23.83
2022-09-07 06:00:00+05:30,0.0,23.81
2022-09-07 07:00:00+05:30,99.4,23.86
2022-09-07 08:00:00+05:30,260.29,25.01
2022-09-07 09:00:00+05:30,411.16,27.15
2022-09-07 10:00:00+05:30,576.7,29.0
2022-09-07 11:00:00+05:30,663.93,30.75
2022-09-07 12:00:00+05:30,620.02,31.76
2022-09-07 13:00:00+05:30,625.59,32.13
2022-09-07 14:00:00+05:30,550.24,32.22
2022-09-07 15:00:00+05:30,464.68,32.19
2022-09-07 16:00:00+05:30,342.15,32.1
2022-09-07 17:00:00+05:30,195.01,31.91
2022-09-07 18:00:00+05:30,55.71,31.49
2022-09-07 19:00:00+05:30,0.0,30.32
2022-09-07 20:00:00+05:30,0.0,29.17
2022-09-07 21:00:00+05:30,0.0,28.75
2022-09-07 22:00:00+05:30,0.0,27.23
2022-09-07 23:00:00+05:30,0.0,26.67
2022-09-08 00:00:00+05:30,0.0,26.22
2022-09-08 01:00:00+05:30,0.0,27.5
2022-09-08 02:00:00+05:30,0.0,25.87
2022-09-08 03:00:00+05:30,0.0,24.87
2022-09-08 04:00:00+05:30,0.0,24.63
2022-09-08 05:00:00+05:30,0.0,24.26
2022-09-08 06:00:00+05:30,0.0,24.06
2022-09-08 07:00:00+05:30,97.11,23.95
2022-09-08 08:00:00+05:30,262.94,25.67
2022-09-08 09:00:00+05:30,431.78,28.84
2022-09-08 10:00:00+05:30,573.4,30.5
2022-09-08 11:00:00+05:30,634.84,31.48
2022-09-08 12:00:00+05:30,608.25,32.15
2022-09-08 13:00:00+05:30,593.39,32.36
2022-09-08 14:00:00+05:30,580.14,32.68
2022-09-08 15:00:00+05:30,460.36,32.95
2022-09-08 16:00:00+05:30,373.98,32.97
2022-09-08 17:00:00+05:30,194.57,32.9
2022-09-08 18:00:00+05:30,66.35,32.25
2022-09-08 19:00:00+05:30,0.0,31.08
2022-09-08 20:00:00+05:30,0.0,29.31
2022-09-08 21:00:00+05:30,0.0,28.06
2022-09-08 22:00:00+05:30,0.0,27.3
2022-09-08 23:00:00+05:30,0.0,26.66
2022-09-09 00:00:00+05:30,0.0,26.16
2022-09-09 01:00:00+05:30,0.0,25.88
2022-09-09 02:00:00+05:30,0.0,25.76
2022-09-09 03:00:00+05:30,0.0,25.28
2022-09-09 04:00:00+05:30,0.0,24.94
2022-09-09 05:00:00+05:30,0.0,24.67
2022-09-09 06:00:00+05:30,0.0,24.49
2022-09-09 07:00:00+05:30,97.24,24.44
2022-09-09 08:00:00+05:30,258.21,25.89
2022-09-09 09:00:00+05:30,428.94,27.88
2022-09-09 10:00:00+05:30,566.97,29.4
2022-09-09 11:00:00+05:30,588.11,30.57
2022-09-09 12:00:00+05:30,645.83,31.4
2022-09-09 13:00:00+05:30,601.94,32.28
2022-09-09 14:00:00+05:30,622.83,32.69
2022-09-09 15:00:00+05:30,429.42,33.15
2022-09-09 16:00:00+05:30,372.55,33.08
2022-09-09 17:00:00+05:30,203.65,33.02
2022-09-09 18:00:00+05:30,62.96,32.27
2022-09-09 19:00:00+05:30,0.0,31.0
2022-09-09 20:00:00+05:30,0.0,29.53
2022-09-09 21:00:00+05:30,0.0,28.56
2022-09-09 22:00:00+05:30,0.0,27.96
2022-09-09 23:00:00+05:30,0.0,27.43
2022-09-10 00:00:00+05:30,0.0,26.95
2022-09-10 01:00:00+05:30,0.0,26.61
2022-09-10 02:00:00+05:30,0.0,26.23
2022-09-10 03:00:00+05:30,0.0,25.86
2022-09-10 04:00:00+05:30,0.0,25.6
2022-09-10 05:00:00+05:30,0.0,25.38
2022-09-10 06:00:00+05:30,0.0,25.16
2022-09-10 07:00:00+05:30,87.35,25.05
2022-09-10 08:00:00+05:30,247.51,26.33
2022-09-10 09:00:00+05:30,404.88,28.16
2022-09-10 10:00:00+05:30,537.08,29.64
2022-09-10 11:00:00+05:30,567.98,30.88
2022-09-10 12:00:00+05:30,632.34,31.89
2022-09-10 13:00:00+05:30,670.09,31.69
2022-09-10 14:00:00+05:30,517.81,32.27
2022-09-10 15:00:00+05:30,463.93,32.46
2022-09-10 16:00:00+05:30,300.1,32.35
2022-09-10 17:00:00+05:30,184.48,32.01
2022-09-10 18:00:00+05:30,55.02,31.55
2022-09-10 19:00:00+05:30,0.0,30.4
2022-09-10 20:00:00+05:30,0.0,29.46
2022-09-10 21:00:00+05:30,0.0,28.52
2022-09-10 22:00:00+05:30,0.0,27.83
2022-09-10 23:00:00+05:30,0.0,27.23
2022-09-11 00:00:00+05:30,0.0,26.74
2022-09-11 01:00:00+05:30,0.0,26.04
2022-09-11 02:00:00+05:30,0.0,25.82
2022-09-11 03:00:00+05:30,0.0,25.51
2022-09-11 04:00:00+05:30,0.0,25.33
2022-09-11 05:00:00+05:30,0.0,25.21
2022-09-11 06:00:00+05:30,0.0,25.11
2022-09-11 07:00:00+05:30,87.49,25.06
2022-09-11 08:00:00+05:30,236.55,26.03
2022-09-11 09:00:00+05:30,377.92,27.46
2022-09-11 10:00:00+05:30,537.12,28.78
2022-09-11 11:00:00+05:30,606.6,29.98
2022-09-11 12:00:00+05:30,495.68,30.96
2022-09-11 13:00:00+05:30,403.57,32.07
2022-09-11 14:00:00+05:30,495.7,31.52
2022-09-11 15:00:00+05:30,392.04,30.63
2022-09-11 16:00:00+05:30,294.78,31.06
2022-09-11 17:00:00+05:30,184.33,31.12
2022-09-11 18:00:00+05:30,52.57,30.8
2022-09-11 19:00:00+05:30,0.0,29.83
2022-09-11 20:00:00+05:30,0.0,28.77
2022-09-11 21:00:00+05:30,0.0,28.03
2022-09-11 22:00:00+05:30,0.0,27.77
2022-09-11 23:00:00+05:30,0.0,27.53
2022-09-12 00:00:00+05:30,0.0,27.16
2022-09-12 01:00:00+05:30,0.0,26.9
2022-09-12 02:00:00+05:30,0.0,26.56
2022-09-12 03:00:00+05:30,0.0,26.24
2022-09-12 04:00:00+05:30,0.0,26.04
2022-09-12 05:00:00+05:30,0.0,25.83
2022-09-12 06:00:00+05:30,0.0,25.62
2022-09-12 07:00:00+05:30,72.61,25.36
2022-09-12 08:00:00+05:30,221.57,26.07
2022-09-12 09:00:00+05:30,370.01,27.34
2022-09-12 10:00:00+05:30,399.46,28.59
2022-09-12 11:00:00+05:30,565.38,29.34
2022-09-12 12:00:00+05:30,661.01,30.45
2022-09-12 13:00:00+05:30,614.87,31.58
2022-09-12 14:00:00+05:30,547.61,32.08
2022-09-12 15:00:00+05:30,452.45,32.28
2022-09-12 16:00:00+05:30,302.82,32.21
2022-09-12 17:00:00+05:30,184.23,31.73
2022-09-12 18:00:00+05:30,38.19,30.55
2022-09-12 19:00:00+05:30,0.0,29.52
2022-09-12 20:00:00+05:30,0.0,28.86
2022-09-12 21:00:00+05:30,0.0,28.29
2022-09-12 22:00:00+05:30,0.0,27.87
2022-09-12 23:00:00+05:30,0.0,27.59
2022-09-13 00:00:00+05:30,0.0,27.2
2022-09-13 01:00:00+05:30,0.0,27.03
2022-09-13 02:00:00+05:30,0.0,26.73
2022-09-13 03:00:00+05:30,0.0,26.34
2022-09-13 04:00:00+05:30,0.0,25.99
2022-09-13 05:00:00+05:30,0.0,25.67
2022-09-13 06:00:00+05:30,0.0,25.38
2022-09-13 07:00:00+05:30,58.41,25.35
2022-09-13 08:00:00+05:30,173.14,25.87
2022-09-13 09:00:00+05:30,281.16,26.9
2022-09-13 10:00:00+05:30,365.49,27.83
2022-09-13 11:00:00+05:30,448.42,28.84
2022-09-13 12:00:00+05:30,463.6,29.72
2022-09-13 13:00:00+05:30,540.26,29.27
2022-09-13 14:00:00+05:30,475.94,29.95
2022-09-13 15:00:00+05:30,289.65,30.16
2022-09-13 16:00:00+05:30,225.3,29.92
2022-09-13 17:00:00+05:30,128.53,29.65
2022-09-13 18:00:00+05:30,29.24,29.05
2022-09-13 19:00:00+05:30,0.0,28.44
2022-09-13 20:00:00+05:30,0.0,27.89
2022-09-13 21:00:00+05:30,0.0,27.64
2022-09-13 22:00:00+05:30,0.0,27.01
2022-09-13 23:00:00+05:30,0.0,26.17
2022-09-14 00:00:00+05:30,0.0,25.56
2022-09-14 01:00:00+05:30,0.0,25.66
2022-09-14 02:00:00+05:30,0.0,25.38
2022-09-14 03:00:00+05:30,0.0,25.36
2022-09-14 04:00:00+05:30,0.0,25.31
2022-09-14 05:00:00+05:30,0.0,25.38
2022-09-14 06:00:00+05:30,0.0,25.4
2022-09-14 07:00:00+05:30,38.45,25.46
2022-09-14 08:00:00+05:30,128.3,25.61
2022-09-14 09:00:00+05:30,186.42,26.3
2022-09-14 10:00:00+05:30,318.68,27.01
2022-09-14 11:00:00+05:30,379.35,28.09
2022-09-14 12:00:00+05:30,456.36,29.25
2022-09-14 13:00:00+05:30,353.95,29.42
2022-09-14 14:00:00+05:30,273.16,28.3
2022-09-14 15:00:00+05:30,172.51,27.54
2022-09-14 16:00:00+05:30,184.59,26.63
2022-09-14 17:00:00+05:30,108.92,26.82
2022-09-14 18:00:00+05:30,23.03,26.88
2022-09-14 19:00:00+05:30,0.0,26.18
2022-09-14 20:00:00+05:30,0.0,25.69
2022-09-14 21:00:00+05:30,0.0,25.29
2022-09-14 22:00:00+05:30,0.0,25.1
2022-09-14 23:00:00+05:30,0.0,24.99
2022-09-15 00:00:00+05:30,0.0,24.7
2022-09-15 01:00:00+05:30,0.0,24.72
2022-09-15 02:00:00+05:30,0.0,24.46
2022-09-15 03:00:00+05:30,0.0,24.53
2022-09-15 04:00:00+05:30,0.0,24.42
2022-09-15 05:00:00+05:30,0.0,24.49
2022-09-15 06:00:00+05:30,0.0,24.28
2022-09-15 07:00:00+05:30,58.48,24.14
2022-09-15 08:00:00+05:30,158.8,24.73
2022-09-15 09:00:00+05:30,304.07,25.61
2022-09-15 10:00:00+05:30,344.31,26.85
2022-09-15 11:00:00+05:30,387.9,27.77
2022-09-15 12:00:00+05:30,508.61,28.83
2022-09-15 13:00:00+05:30,537.47,29.46
2022-09-15 14:00:00+05:30,397.25,30.27
2022-09-15 15:00:00+05:30,356.3,30.34
2022-09-15 16:00:00+05:30,309.0,30.34
2022-09-15 17:00:00+05:30,166.58,30.49
2022-09-15 18:00:00+05:30,38.69,30.23
2022-09-15 19:00:00+05:30,0.0,28.35
2022-09-15 20:00:00+05:30,0.0,26.36
2022-09-15 21:00:00+05:30,0.0,25.52
2022-09-15 22:00:00+05:30,0.0,25.0
2022-09-15 23:00:00+05:30,0.0,24.57
2022-09-16 00:00:00+05:30,0.0,24.25
2022-09-16 01:00:00+05:30,0.0,24.1
2022-09-16 02:00:00+05:30,0.0,23.69
2022-09-16 03:00:00+05:30,0.0,23.31
2022-09-16 04:00:00+05:30,0.0,22.92
2022-09-16 05:00:00+05:30,0.0,22.68
2022-09-16 06:00:00+05:30,0.0,22.46
2022-09-16 07:00:00+05:30,88.76,22.31
2022-09-16 08:00:00+05:30,253.98,23.43
2022-09-16 09:00:00+05:30,415.67,25.82
2022-09-16 10:00:00+05:30,554.18,27.95
2022-09-16 11:00:00+05:30,660.51,29.54
2022-09-16 12:00:00+05:30,636.46,30.75
2022-09-16 13:00:00+05:30,558.91,31.9
2022-09-16 14:00:00+05:30,516.27,32.26
2022-09-16 15:00:00+05:30,479.57,32.64
2022-09-16 16:00:00+05:30,298.94,32.77
2022-09-16 17:00:00+05:30,162.53,32.44
2022-09-16 18:00:00+05:30,38.83,31.41
2022-09-16 19:00:00+05:30,0.0,29.83
2022-09-16 20:00:00+05:30,0.0,28.64
2022-09-16 21:00:00+05:30,0.0,27.62
2022-09-16 22:00:00+05:30,0.0,27.14
2022-09-16 23:00:00+05:30,0.0,26.62
2022-09-17 00:00:00+05:30,0.0,26.13
2022-09-17 01:00:00+05:30,0.0,25.22
2022-09-17 02:00:00+05:30,0.0,24.96
2022-09-17 03:00:00+05:30,0.0,24.66
2022-09-17 04:00:00+05:30,0.0,24.19
2022-09-17 05:00:00+05:30,0.0,23.85
2022-09-17 06:00:00+05:30,0.0,23.52
2022-09-17 07:00:00+05:30,86.35,23.28
2022-09-17 08:00:00+05:30,245.72,24.1
2022-09-17 09:00:00+05:30,408.03,25.47
2022-09-17 10:00:00+05:30,553.76,26.96
2022-09-17 11:00:00+05:30,655.08,28.45
2022-09-17 12:00:00+05:30,695.38,29.77
2022-09-17 13:00:00+05:30,684.78,30.62
2022-09-17 14:00:00+05:30,627.16,31.32
2022-09-17 15:00:00+05:30,508.61,31.7
2022-09-17 16:00:00+05:30,344.67,31.77
2022-09-17 17:00:00+05:30,161.79,31.36
2022-09-17 18:00:00+05:30,36.0,30.41
2022-09-17 19:00:00+05:30,0.0,29.0
2022-09-17 20:00:00+05:30,0.0,27.78
2022-09-17 21:00:00+05:30,0.0,26.95
2022-09-17 22:00:00+05:30,0.0,26.28
2022-09-17 23:00:00+05:30,0.0,25.67
2022-09-18 00:00:00+05:30,0.0,25.03
2022-09-18 01:00:00+05:30,0.0,24.87
2022-09-18 02:00:00+05:30,0.0,24.44
2022-09-18 03:00:00+05:30,0.0,24.05
2022-09-18 04:00:00+05:30,0.0,23.76
2022-09-18 05:00:00+05:30,0.0,23.46
2022-09-18 06:00:00+05:30,0.0,23.07
2022-09-18 07:00:00+05:30,87.03,22.73
2022-09-18 08:00:00+05:30,249.77,23.63
2022-09-18 09:00:00+05:30,410.83,25.46
2022-09-18 10:00:00+05:30,555.84,27.47
2022-09-18 11:00:00+05:30,653.95,29.36
2022-09-18 12:00:00+05:30,671.58,30.96
2022-09-18 13:00:00+05:30,665.52,32.12
2022-09-18 14:00:00+05:30,613.78,32.97
2022-09-18 15:00:00+05:30,473.13,33.42
2022-09-18 16:00:00+05:30,323.15,33.42
2022-09-18 17:00:00+05:30,174.4,33.08
2022-09-18 18:00:00+05:30,34.55,32.0
2022-09-18 19:00:00+05:30,0.0,30.23
2022-09-18 20:00:00+05:30,0.0,28.66
2022-09-18 21:00:00+05:30,0.0,27.7
2022-09-18 22:00:00+05:30,0.0,27.38
2022-09-18 23:00:00+05:30,0.0,27.17
2022-09-19 00:00:00+05:30,0.0,26.76
2022-09-19 01:00:00+05:30,0.0,26.08
2022-09-19 02:00:00+05:30,0.0,25.86
2022-09-19 03:00:00+05:30,0.0,25.61
2022-09-19 04:00:00+05:30,0.0,25.45
2022-09-19 05:00:00+05:30,0.0,25.22
2022-09-19 06:00:00+05:30,0.0,25.04
2022-09-19 07:00:00+05:30,80.31,24.75
2022-09-19 08:00:00+05:30,233.43,25.34
2022-09-19 09:00:00+05:30,387.43,27.0
2022-09-19 10:00:00+05:30,504.27,28.73
2022-09-19 11:00:00+05:30,636.45,30.39
2022-09-19 12:00:00+05:30,569.23,31.76
2022-09-19 13:00:00+05:30,605.96,32.26
2022-09-19 14:00:00+05:30,526.56,32.9
2022-09-19 15:00:00+05:30,388.76,33.19
2022-09-19 16:00:00+05:30,274.77,33.07
2022-09-19 17:00:00+05:30,150.93,32.85
2022-09-19 18:00:00+05:30,29.36,31.98
2022-09-19 19:00:00+05:30,0.0,30.39
2022-09-19 20:00:00+05:30,0.0,28.97
2022-09-19 21:00:00+05:30,0.0,27.65
2022-09-19 22:00:00+05:30,0.0,26.91
2022-09-19 23:00:00+05:30,0.0,26.58
2022-09-20 00:00:00+05:30,0.0,26.09
2022-09-20 01:00:00+05:30,0.0,25.7
2022-09-20 02:00:00+05:30,0.0,25.59
2022-09-20 03:00:00+05:30,0.0,24.38
2022-09-20 04:00:00+05:30,0.0,23.96
2022-09-20 05:00:00+05:30,0.0,23.65
2022-09-20 06:00:00+05:30,0.0,23.56
2022-09-20 07:00:00+05:30,79.22,23.5
2022-09-20 08:00:00+05:30,226.91,24.86
2022-09-20 09:00:00+05:30,386.23,26.76
2022-09-20 10:00:00+05:30,510.15,28.53
2022-09-20 11:00:00+05:30,590.84,30.3
2022-09-20 12:00:00+05:30,632.65,31.56
2022-09-20 13:00:00+05:30,581.81,32.55
2022-09-20 14:00:00+05:30,533.53,33.1
2022-09-20 15:00:00+05:30,405.29,33.47
2022-09-20 16:00:00+05:30,291.44,33.35
2022-09-20 17:00:00+05:30,130.87,32.83
2022-09-20 18:00:00+05:30,28.09,31.59
2022-09-20 19:00:00+05:30,0.0,30.42
2022-09-20 20:00:00+05:30,0.0,29.26
2022-09-20 21:00:00+05:30,0.0,28.34
2022-09-20 22:00:00+05:30,0.0,27.93
2022-09-20 23:00:00+05:30,0.0,27.42
2022-09-21 00:00:00+05:30,0.0,26.72
2022-09-21 01:00:00+05:30,0.0,26.29
2022-09-21 02:00:00+05:30,0.0,26.07
2022-09-21 03:00:00+05:30,0.0,25.82
2022-09-21 04:00:00+05:30,0.0,25.52
2022-09-21 05:00:00+05:30,0.0,25.35
2022-09-21 06:00:00+05:30,0.0,25.38
2022-09-21 07:00:00+05:30,59.65,25.43
2022-09-21 08:00:00+05:30,184.06,26.07
2022-09-21 09:00:00+05:30,344.76,27.46
2022-09-21 10:00:00+05:30,433.33,29.06
2022-09-21 11:00:00+05:30,499.39,30.29
2022-09-21 12:00:00+05:30,563.62,31.29
2022-09-21 13:00:00+05:30,448.7,31.46
2022-09-21 14:00:00+05:30,368.35,31.96
2022-09-21 15:00:00+05:30,356.17,31.59
2022-09-21 16:00:00+05:30,169.43,29.99
2022-09-21 17:00:00+05:30,69.61,27.97
2022-09-21 18:00:00+05:30,15.71,26.23
2022-09-21 19:00:00+05:30,0.0,25.5
2022-09-21 20:00:00+05:30,0.0,25.28
2022-09-21 21:00:00+05:30,0.0,25.23
2022-09-21 22:00:00+05:30,0.0,24.94
2022-09-21 23:00:00+05:30,0.0,24.72
2022-09-22 00:00:00+05:30,0.0,24.6
2022-09-22 01:00:00+05:30,0.0,24.63
2022-09-22 02:00:00+05:30,0.0,24.44
2022-09-22 03:00:00+05:30,0.0,24.51
2022-09-22 04:00:00+05:30,0.0,24.55
2022-09-22 05:00:00+05:30,0.0,24.56
2022-09-22 06:00:00+05:30,0.0,24.31
2022-09-22 07:00:00+05:30,22.6,24.14
2022-09-22 08:00:00+05:30,18.64,24.24
2022-09-22 09:00:00+05:30,36.98,24.04
2022-09-22 10:00:00+05:30,94.4,23.92
2022-09-22 11:00:00+05:30,112.1,24.1
2022-09-22 12:00:00+05:30,331.92,24.28
2022-09-22 13:00:00+05:30,376.07,26.25
2022-09-22 14:00:00+05:30,193.22,26.48
2022-09-22 15:00:00+05:30,220.64,26.83
2022-09-22 16:00:00+05:30,132.96,27.61
2022-09-22 17:00:00+05:30,91.38,27.84
2022-09-22 18:00:00+05:30,12.64,27.62
2022-09-22 19:00:00+05:30,0.0,25.55
2022-09-22 20:00:00+05:30,0.0,24.7
2022-09-22 21:00:00+05:30,0.0,24.34
2022-09-22 22:00:00+05:30,0.0,24.19
2022-09-22 23:00:00+05:30,0.0,24.07
2022-09-23 00:00:00+05:30,0.0,24.04
2022-09-23 01:00:00+05:30,0.0,23.86
2022-09-23 02:00:00+05:30,0.0,23.86
2022-09-23 03:00:00+05:30,0.0,23.76
2022-09-23 04:00:00+05:30,0.0,23.55
2022-09-23 05:00:00+05:30,0.0,23.4
2022-09-23 06:00:00+05:30,0.0,23.31
2022-09-23 07:00:00+05:30,8.24,23.22
2022-09-23 08:00:00+05:30,11.12,23.27
2022-09-23 09:00:00+05:30,43.86,23.41
2022-09-23 10:00:00+05:30,29.95,23.51
2022-09-23 11:00:00+05:30,88.79,23.7
2022-09-23 12:00:00+05:30,78.98,24.22
2022-09-23 13:00:00+05:30,33.37,23.93
2022-09-23 14:00:00+05:30,80.1,24.05
2022-09-23 15:00:00+05:30,69.66,24.27
2022-09-23 16:00:00+05:30,69.73,24.44
2022-09-23 17:00:00+05:30,36.01,24.59
2022-09-23 18:00:00+05:30,8.58,24.51
2022-09-23 19:00:00+05:30,0.0,24.3
2022-09-23 20:00:00+05:30,0.0,24.07
2022-09-23 21:00:00+05:30,0.0,23.84
2022-09-23 22:00:00+05:30,0.0,23.88
2022-09-23 23:00:00+05:30,0.0,23.67
2022-09-24 00:00:00+05:30,0.0,23.38
2022-09-24 01:00:00+05:30,0.0,23.59
2022-09-24 02:00:00+05:30,0.0,23.43
2022-09-24 03:00:00+05:30,0.0,23.21
2022-09-24 04:00:00+05:30,0.0,23.18
2022-09-24 05:00:00+05:30,0.0,23.24
2022-09-24 06:00:00+05:30,0.0,23.23
2022-09-24 07:00:00+05:30,5.32,23.14
2022-09-24 08:00:00+05:30,15.27,23.23
2022-09-24 09:00:00+05:30,38.49,23.45
2022-09-24 10:00:00+05:30,83.6,23.78
2022-09-24 11:00:00+05:30,59.17,24.08
2022-09-24 12:00:00+05:30,38.54,24.1
2022-09-24 13:00:00+05:30,113.03,24.4
2022-09-24 14:00:00+05:30,227.82,25.05
2022-09-24 15:00:00+05:30,171.63,25.95
2022-09-24 16:00:00+05:30,151.67,26.48
2022-09-24 17:00:00+05:30,65.26,27.03
2022-09-24 18:00:00+05:30,16.84,26.81
2022-09-24 19:00:00+05:30,0.0,26.1
2022-09-24 20:00:00+05:30,0.0,25.48
2022-09-24 21:00:00+05:30,0.0,24.96
2022-09-24 22:00:00+05:30,0.0,24.61
2022-09-24 23:00:00+05:30,0.0,24.43
2022-09-25 00:00:00+05:30,0.0,24.41
2022-09-25 01:00:00+05:30,0.0,24.71
2022-09-25 02:00:00+05:30,0.0,24.41
2022-09-25 03:00:00+05:30,0.0,23.99
2022-09-25 04:00:00+05:30,0.0,23.64
2022-09-25 05:00:00+05:30,0.0,23.33
2022-09-25 06:00:00+05:30,0.0,23.04
2022-09-25 07:00:00+05:30,73.66,22.76
2022-09-25 08:00:00+05:30,228.79,23.41
2022-09-25 09:00:00+05:30,388.98,24.89
2022-09-25 10:00:00+05:30,524.79,26.27
2022-09-25 11:00:00+05:30,617.79,27.62
2022-09-25 12:00:00+05:30,624.85,28.78
2022-09-25 13:00:00+05:30,613.23,29.43
2022-09-25 14:00:00+05:30,537.06,29.9
2022-09-25 15:00:00+05:30,408.4,29.99
2022-09-25 16:00:00+05:30,301.27,29.76
2022-09-25 17:00:00+05:30,140.38,29.3
2022-09-25 18:00:00+05:30,22.32,28.39
2022-09-25 19:00:00+05:30,0.0,27.44
2022-09-25 20:00:00+05:30,0.0,26.31
2022-09-25 21:00:00+05:30,0.0,24.99
2022-09-25 22:00:00+05:30,0.0,24.34
2022-09-25 23:00:00+05:30,0.0,23.74
2022-09-26 00:00:00+05:30,0.0,23.02
2022-09-26 01:00:00+05:30,0.0,22.74
2022-09-26 02:00:00+05:30,0.0,22.41
2022-09-26 03:00:00+05:30,0.0,22.13
2022-09-26 04:00:00+05:30,0.0,21.81
2022-09-26 05:00:00+05:30,0.0,21.6
2022-09-26 06:00:00+05:30,0.0,21.43
2022-09-26 07:00:00+05:30,73.22,21.35
2022-09-26 08:00:00+05:30,225.43,22.47
2022-09-26 09:00:00+05:30,376.07,24.79
2022-09-26 10:00:00+05:30,518.24,26.65
2022-09-26 11:00:00+05:30,612.55,28.23
2022-09-26 12:00:00+05:30,641.98,29.26
2022-09-26 13:00:00+05:30,562.08,30.11
2022-09-26 14:00:00+05:30,503.59,30.33
2022-09-26 15:00:00+05:30,418.39,30.55
2022-09-26 16:00:00+05:30,256.16,30.4
2022-09-26 17:00:00+05:30,127.03,29.39
2022-09-26 18:00:00+05:30,15.45,28.54
2022-09-26 19:00:00+05:30,0.0,27.36
2022-09-26 20:00:00+05:30,0.0,26.27
2022-09-26 21:00:00+05:30,0.0,25.44
2022-09-26 22:00:00+05:30,0.0,24.88
2022-09-26 23:00:00+05:30,0.0,23.99
2022-09-27 00:00:00+05:30,0.0,23.28
2022-09-27 01:00:00+05:30,0.0,24.0
2022-09-27 02:00:00+05:30,0.0,23.91
2022-09-27 03:00:00+05:30,0.0,23.47
2022-09-27 04:00:00+05:30,0.0,22.16
2022-09-27 05:00:00+05:30,0.0,21.48
2022-09-27 06:00:00+05:30,0.0,21.37
2022-09-27 07:00:00+05:30,70.88,21.3
2022-09-27 08:00:00+05:30,224.02,22.73
2022-09-27 09:00:00+05:30,380.78,25.31
2022-09-27 10:00:00+05:30,499.79,27.01
2022-09-27 11:00:00+05:30,595.24,28.46
2022-09-27 12:00:00+05:30,628.47,29.58
2022-09-27 13:00:00+05:30,647.31,30.41
2022-09-27 14:00:00+05:30,565.59,31.06
2022-09-27 15:00:00+05:30,428.11,31.31
2022-09-27 16:00:00+05:30,297.81,31.28
2022-09-27 17:00:00+05:30,137.68,30.89
2022-09-27 18:00:00+05:30,18.26,29.53
2022-09-27 19:00:00+05:30,0.0,27.83
2022-09-27 20:00:00+05:30,0.0,26.11
2022-09-27 21:00:00+05:30,0.0,24.67
2022-09-27 22:00:00+05:30,0.0,24.53
2022-09-27 23:00:00+05:30,0.0,24.97
2022-09-28 00:00:00+05:30,0.0,24.82
2022-09-28 01:00:00+05:30,0.0,22.18
2022-09-28 02:00:00+05:30,0.0,21.95
2022-09-28 03:00:00+05:30,0.0,21.69
2022-09-28 04:00:00+05:30,0.0,21.62
2022-09-28 05:00:00+05:30,0.0,21.64
2022-09-28 06:00:00+05:30,0.0,21.57
2022-09-28 07:00:00+05:30,71.41,21.39
2022-09-28 08:00:00+05:30,221.5,22.55
2022-09-28 09:00:00+05:30,378.59,25.28
2022-09-28 10:00:00+05:30,520.21,27.22
2022-09-28 11:00:00+05:30,609.28,28.87
2022-09-28 12:00:00+05:30,632.93,30.08
2022-09-28 13:00:00+05:30,630.17,30.95
2022-09-28 14:00:00+05:30,507.87,31.44
2022-09-28 15:00:00+05:30,412.73,31.58
2022-09-28 16:00:00+05:30,264.38,31.49
2022-09-28 17:00:00+05:30,120.0,30.17
2022-09-28 18:00:00+05:30,16.68,29.34
2022-09-28 19:00:00+05:30,0.0,27.79
2022-09-28 20:00:00+05:30,0.0,26.33
2022-09-28 21:00:00+05:30,0.0,25.2
2022-09-28 22:00:00+05:30,0.0,24.7
2022-09-28 23:00:00+05:30,0.0,24.26
2022-09-29 00:00:00+05:30,0.0,23.91
2022-09-29 01:00:00+05:30,0.0,23.63
2022-09-29 02:00:00+05:30,0.0,23.21
2022-09-29 03:00:00+05:30,0.0,22.8
2022-09-29 04:00:00+05:30,0.0,22.47
2022-09-29 05:00:00+05:30,0.0,22.31
2022-09-29 06:00:00+05:30,0.0,22.28
2022-09-29 07:00:00+05:30,67.61,22.18
2022-09-29 08:00:00+05:30,215.68,23.12
2022-09-29 09:00:00+05:30,371.73,25.56
2022-09-29 10:00:00+05:30,497.83,27.47
2022-09-29 11:00:00+05:30,595.04,29.05
2022-09-29 12:00:00+05:30,645.67,30.36
2022-09-29 13:00:00+05:30,618.92,31.62
2022-09-29 14:00:00+05:30,532.78,32.16
2022-09-29 15:00:00+05:30,399.17,32.33
2022-09-29 16:00:00+05:30,266.76,32.01
2022-09-29 17:00:00+05:30,98.35,30.58
2022-09-29 18:00:00+05:30,12.46,29.39
2022-09-29 19:00:00+05:30,0.0,28.07
2022-09-29 20:00:00+05:30,0.0,26.39
2022-09-29 21:00:00+05:30,0.0,25.18
2022-09-29 22:00:00+05:30,0.0,24.4
2022-09-29 23:00:00+05:30,0.0,23.89
2022-09-30 00:00:00+05:30,0.0,23.38
2022-09-30 01:00:00+05:30,0.0,23.1
2022-09-30 02:00:00+05:30,0.0,22.75
2022-09-30 03:00:00+05:30,0.0,22.48
2022-09-30 04:00:00+05:30,0.0,22.28
2022-09-30 05:00:00+05:30,0.0,22.14
2022-09-30 06:00:00+05:30,0.0,21.94
2022-09-30 07:00:00+05:30,67.78,21.79
2022-09-30 08:00:00+05:30,220.25,22.84
2022-09-30 09:00:00+05:30,384.89,25.34
2022-09-30 10:00:00+05:30,521.37,27.46
2022-09-30 11:00:00+05:30,611.86,29.23
2022-09-30 12:00:00+05:30,655.91,30.65
2022-09-30 13:00:00+05:30,643.29,31.59
2022-09-30 14:00:00+05:30,574.91,32.22
2022-09-30 15:00:00+05:30,448.6,32.49
2022-09-30 16:00:00+05:30,303.75,32.38
2022-09-30 17:00:00+05:30,122.69,31.54
2022-09-30 18:00:00+05:30,13.95,30.14
2022-09-30 19:00:00+05:30,0.0,27.86
2022-09-30 20:00:00+05:30,0.0,25.78
2022-09-30 21:00:00+05:30,0.0,24.67
2022-09-30 22:00:00+05:30,0.0,25.35
2022-09-30 23:00:00+05:30,0.0,22.94
2022-10-01 00:00:00+05:30,0.0,22.22
2022-10-01 01:00:00+05:30,0.0,22.32
2022-10-01 02:00:00+05:30,0.0,22.19
2022-10-01 03:00:00+05:30,0.0,22.03
2022-10-01 04:00:00+05:30,0.0,21.79
2022-10-01 05:00:00+05:30,0.0,21.63
2022-10-01 06:00:00+05:30,0.0,21.54
2022-10-01 07:00:00+05:30,66.72,21.39
2022-10-01 08:00:00+05:30,220.96,22.67
2022-10-01 09:00:00+05:30,381.77,25.55
2022-10-01 10:00:00+05:30,516.77,27.72
2022-10-01 11:00:00+05:30,605.93,29.56
2022-10-01 12:00:00+05:30,653.18,31.02
2022-10-01 13:00:00+05:30,618.36,32.07
2022-10-01 14:00:00+05:30,552.02,32.56
2022-10-01 15:00:00+05:30,404.59,32.67
2022-10-01 16:00:00+05:30,243.49,32.11
2022-10-01 17:00:00+05:30,105.57,31.31
2022-10-01 18:00:00+05:30,13.81,29.92
2022-10-01 19:00:00+05:30,0.0,28.06
2022-10-01 20:00:00+05:30,0.0,26.26
2022-10-01 21:00:00+05:30,0.0,25.04
2022-10-01 22:00:00+05:30,0.0,24.22
2022-10-01 23:00:00+05:30,0.0,23.8
2022-10-02 00:00:00+05:30,0.0,23.61
2022-10-02 01:00:00+05:30,0.0,23.85
2022-10-02 02:00:00+05:30,0.0,23.72
2022-10-02 03:00:00+05:30,0.0,23.53
2022-10-02 04:00:00+05:30,0.0,23.33
2022-10-02 05:00:00+05:30,0.0,23.04
2022-10-02 06:00:00+05:30,0.0,22.74
2022-10-02 07:00:00+05:30,64.73,22.49
2022-10-02 08:00:00+05:30,212.77,23.13
2022-10-02 09:00:00+05:30,373.39,25.05
2022-10-02 10:00:00+05:30,514.55,27.05
2022-10-02 11:00:00+05:30,605.03,28.84
2022-10-02 12:00:00+05:30,640.73,30.29
2022-10-02 13:00:00+05:30,634.15,31.49
2022-10-02 14:00:00+05:30,561.98,32.07
2022-10-02 15:00:00+05:30,416.66,32.31
2022-10-02 16:00:00+05:30,232.21,32.09
2022-10-02 17:00:00+05:30,119.13,31.35
2022-10-02 18:00:00+05:30,12.33,30.14
2022-10-02 19:00:00+05:30,0.0,28.22
2022-10-02 20:00:00+05:30,0.0,26.26
2022-10-02 21:00:00+05:30,0.0,24.83
2022-10-02 22:00:00+05:30,0.0,23.9
2022-10-02 23:00:00+05:30,0.0,23.31
2022-10-03 00:00:00+05:30,0.0,23.07
2022-10-03 01:00:00+05:30,0.0,22.88
2022-10-03 02:00:00+05:30,0.0,22.88
2022-10-03 03:00:00+05:30,0.0,22.78
2022-10-03 04:00:00+05:30,0.0,22.6
2022-10-03 05:00:00+05:30,0.0,22.45
2022-10-03 06:00:00+05:30,0.0,22.28
2022-10-03 07:00:00+05:30,62.67,22.09
2022-10-03 08:00:00+05:30,216.61,22.8
2022-10-03 09:00:00+05:30,376.45,25.04
2022-10-03 10:00:00+05:30,510.23,27.22
2022-10-03 11:00:00+05:30,604.22,29.04
2022-10-03 12:00:00+05:30,646.22,30.48
2022-10-03 13:00:00+05:30,612.92,31.34
2022-10-03 14:00:00+05:30,471.98,31.92
2022-10-03 15:00:00+05:30,361.43,31.95
2022-10-03 16:00:00+05:30,220.71,31.82
2022-10-03 17:00:00+05:30,123.57,30.97
2022-10-03 18:00:00+05:30,12.37,29.83
2022-10-03 19:00:00+05:30,0.0,27.64
2022-10-03 20:00:00+05:30,0.0,26.29
2022-10-03 21:00:00+05:30,0.0,24.75
2022-10-03 22:00:00+05:30,0.0,23.02
2022-10-03 23:00:00+05:30,0.0,22.46
2022-10-04 00:00:00+05:30,0.0,22.09
2022-10-04 01:00:00+05:30,0.0,21.63
2022-10-04 02:00:00+05:30,0.0,21.37
2022-10-04 03:00:00+05:30,0.0,21.15
2022-10-04 04:00:00+05:30,0.0,20.86
2022-10-04 05:00:00+05:30,0.0,20.52
2022-10-04 06:00:00+05:30,0.0,20.28
2022-10-04 07:00:00+05:30,61.19,20.12
2022-10-04 08:00:00+05:30,212.81,21.54
2022-10-04 09:00:00+05:30,370.54,25.5
2022-10-04 10:00:00+05:30,495.53,28.06
2022-10-04 11:00:00+05:30,600.26,29.78
2022-10-04 12:00:00+05:30,635.36,30.94
2022-10-04 13:00:00+05:30,618.34,31.68
2022-10-04 14:00:00+05:30,549.05,32.03
2022-10-04 15:00:00+05:30,422.13,32.13
2022-10-04 16:00:00+05:30,275.43,31.89
2022-10-04 17:00:00+05:30,121.69,31.25
2022-10-04 18:00:00+05:30,12.23,29.8
2022-10-04 19:00:00+05:30,0.0,27.9
2022-10-04 20:00:00+05:30,0.0,26.42
2022-10-04 21:00:00+05:30,0.0,25.46
2022-10-04 22:00:00+05:30,0.0,25.21
2022-10-04 23:00:00+05:30,0.0,24.87
2022-10-05 00:00:00+05:30,0.0,24.82
2022-10-05 01:00:00+05:30,0.0,24.83
2022-10-05 02:00:00+05:30,0.0,24.65
2022-10-05 03:00:00+05:30,0.0,24.18
2022-10-05 04:00:00+05:30,0.0,23.81
2022-10-05 05:00:00+05:30,0.0,23.44
2022-10-05 06:00:00+05:30,0.0,23.24
2022-10-05 07:00:00+05:30,51.53,23.03
2022-10-05 08:00:00+05:30,157.65,23.51
2022-10-05 09:00:00+05:30,298.54,25.35
2022-10-05 10:00:00+05:30,452.05,27.12
2022-10-05 11:00:00+05:30,515.04,28.79
2022-10-05 12:00:00+05:30,571.32,29.84
2022-10-05 13:00:00+05:30,563.06,31.06
2022-10-05 14:00:00+05:30,510.75,31.49
2022-10-05 15:00:00+05:30,374.57,31.73
2022-10-05 16:00:00+05:30,212.01,31.61
2022-10-05 17:00:00+05:30,94.04,31.23
2022-10-05 18:00:00+05:30,9.08,29.78
2022-10-05 19:00:00+05:30,0.0,27.47
2022-10-05 20:00:00+05:30,0.0,25.74
2022-10-05 21:00:00+05:30,0.0,24.88
2022-10-05 22:00:00+05:30,0.0,24.34
2022-10-05 23:00:00+05:30,0.0,23.97
2022-10-06 00:00:00+05:30,0.0,23.55
2022-10-06 01:00:00+05:30,0.0,23.73
2022-10-06 02:00:00+05:30,0.0,23.46
2022-10-06 03:00:00+05:30,0.0,23.26
2022-10-06 04:00:00+05:30,0.0,23.09
2022-10-06 05:00:00+05:30,0.0,22.76
2022-10-06 06:00:00+05:30,0.0,22.39
2022-10-06 07:00:00+05:30,52.06,21.93
2022-10-06 08:00:00+05:30,192.75,22.86
2022-10-06 09:00:00+05:30,313.23,25.14
2022-10-06 10:00:00+05:30,448.35,26.61
2022-10-06 11:00:00+05:30,533.25,28.0
2022-10-06 12:00:00+05:30,529.52,29.11
2022-10-06 13:00:00+05:30,530.07,29.2
2022-10-06 14:00:00+05:30,476.89,29.95
2022-10-06 15:00:00+05:30,362.09,30.28
2022-10-06 16:00:00+05:30,259.14,30.17
2022-10-06 17:00:00+05:30,111.09,29.69
2022-10-06 18:00:00+05:30,10.56,28.63
2022-10-06 19:00:00+05:30,0.0,26.89
2022-10-06 20:00:00+05:30,0.0,25.77
2022-10-06 21:00:00+05:30,0.0,24.91
2022-10-06 22:00:00+05:30,0.0,24.14
2022-10-06 23:00:00+05:30,0.0,23.45
2022-10-07 00:00:00+05:30,0.0,22.95
2022-10-07 01:00:00+05:30,0.0,22.74
2022-10-07 02:00:00+05:30,0.0,22.31
2022-10-07 03:00:00+05:30,0.0,22.12
2022-10-07 04:00:00+05:30,0.0,21.87
2022-10-07 05:00:00+05:30,0.0,21.74
2022-10-07 06:00:00+05:30,0.0,21.96
2022-10-07 07:00:00+05:30,32.14,21.92
2022-10-07 08:00:00+05:30,91.67,22.39
2022-10-07 09:00:00+05:30,155.8,23.44
2022-10-07 10:00:00+05:30,137.57,24.56
2022-10-07 11:00:00+05:30,247.53,25.23
2022-10-07 12:00:00+05:30,205.37,26.01
2022-10-07 13:00:00+05:30,211.13,26.26
2022-10-07 14:00:00+05:30,180.47,26.39
2022-10-07 15:00:00+05:30,130.77,26.43
2022-10-07 16:00:00+05:30,123.56,26.28
2022-10-07 17:00:00+05:30,46.73,26.14
2022-10-07 18:00:00+05:30,5.59,25.63
2022-10-07 19:00:00+05:30,0.0,24.99
2022-10-07 20:00:00+05:30,0.0,24.39
2022-10-07 21:00:00+05:30,0.0,23.85
2022-10-07 22:00:00+05:30,0.0,23.33
2022-10-07 23:00:00+05:30,0.0,22.81
2022-10-08 00:00:00+05:30,0.0,22.55
2022-10-08 01:00:00+05:30,0.0,22.9
2022-10-08 02:00:00+05:30,0.0,22.88
2022-10-08 03:00:00+05:30,0.0,22.8
2022-10-08 04:00:00+05:30,0.0,22.73
2022-10-08 05:00:00+05:30,0.0,22.52
2022-10-08 06:00:00+05:30,0.0,22.37
2022-10-08 07:00:00+05:30,2.68,22.39
2022-10-08 08:00:00+05:30,4.88,22.47
2022-10-08 09:00:00+05:30,21.67,22.73
2022-10-08 10:00:00+05:30,31.17,22.7
2022-10-08 11:00:00+05:30,48.93,22.74
2022-10-08 12:00:00+05:30,67.17,22.84
2022-10-08 13:00:00+05:30,151.26,23.26
2022-10-08 14:00:00+05:30,147.43,23.74
2022-10-08 15:00:00+05:30,94.31,23.87
2022-10-08 16:00:00+05:30,67.9,23.57
2022-10-08 17:00:00+05:30,31.94,23.31
2022-10-08 18:00:00+05:30,1.43,23.07
2022-10-08 19:00:00+05:30,0.0,22.89
2022-10-08 20:00:00+05:30,0.0,22.65
2022-10-08 21:00:00+05:30,0.0,22.26
2022-10-08 22:00:00+05:30,0.0,22.21
2022-10-08 23:00:00+05:30,0.0,22.23
2022-10-09 00:00:00+05:30,0.0,22.21
2022-10-09 01:00:00+05:30,0.0,21.91
2022-10-09 02:00:00+05:30,0.0,21.92
2022-10-09 03:00:00+05:30,0.0,21.98
2022-10-09 04:00:00+05:30,0.0,22.01
2022-10-09 05:00:00+05:30,0.0,22.08
2022-10-09 06:00:00+05:30,0.0,22.12
2022-10-09 07:00:00+05:30,3.32,22.12
2022-10-09 08:00:00+05:30,8.1,22.09
2022-10-09 09:00:00+05:30,14.54,22.1
2022-10-09 10:00:00+05:30,29.47,22.11
2022-10-09 11:00:00+05:30,128.97,22.11
2022-10-09 12:00:00+05:30,103.17,22.58
2022-10-09 13:00:00+05:30,204.04,23.0
2022-10-09 14:00:00+05:30,214.78,23.81
2022-10-09 15:00:00+05:30,206.6,24.32
2022-10-09 16:00:00+05:30,196.95,25.06
2022-10-09 17:00:00+05:30,76.0,25.74
2022-10-09 18:00:00+05:30,8.12,25.44
2022-10-09 19:00:00+05:30,0.0,24.61
2022-10-09 20:00:00+05:30,0.0,23.57
2022-10-09 21:00:00+05:30,0.0,22.76
2022-10-09 22:00:00+05:30,0.0,22.38
2022-10-09 23:00:00+05:30,0.0,22.68
2022-10-10 00:00:00+05:30,0.0,21.38
2022-10-10 01:00:00+05:30,0.0,21.37
2022-10-10 02:00:00+05:30,0.0,21.4
2022-10-10 03:00:00+05:30,0.0,21.51
2022-10-10 04:00:00+05:30,0.0,21.18
2022-10-10 05:00:00+05:30,0.0,20.26
2022-10-10 06:00:00+05:30,0.0,19.97
2022-10-10 07:00:00+05:30,35.26,19.71
2022-10-10 08:00:00+05:30,147.75,20.85
2022-10-10 09:00:00+05:30,273.85,22.45
2022-10-10 10:00:00+05:30,431.39,24.39
2022-10-10 11:00:00+05:30,411.32,25.97
2022-10-10 12:00:00+05:30,462.57,26.76
2022-10-10 13:00:00+05:30,465.23,27.51
2022-10-10 14:00:00+05:30,414.65,27.91
2022-10-10 15:00:00+05:30,351.78,28.18
2022-10-10 16:00:00+05:30,203.25,28.4
2022-10-10 17:00:00+05:30,89.69,27.93
2022-10-10 18:00:00+05:30,0.0,27.08
2022-10-10 19:00:00+05:30,0.0,25.52
2022-10-10 20:00:00+05:30,0.0,24.25
2022-10-10 21:00:00+05:30,0.0,23.29
2022-10-10 22:00:00+05:30,0.0,22.45
2022-10-10 23:00:00+05:30,0.0,21.82
2022-10-11 00:00:00+05:30,0.0,21.28
2022-10-11 01:00:00+05:30,0.0,21.06
2022-10-11 02:00:00+05:30,0.0,20.76
2022-10-11 03:00:00+05:30,0.0,20.48
2022-10-11 04:00:00+05:30,0.0,20.14
2022-10-11 05:00:00+05:30,0.0,19.82
2022-10-11 06:00:00+05:30,0.0,19.47
2022-10-11 07:00:00+05:30,43.67,19.1
2022-10-11 08:00:00+05:30,169.88,20.16
2022-10-11 09:00:00+05:30,332.36,23.06
2022-10-11 10:00:00+05:30,451.49,24.88
2022-10-11 11:00:00+05:30,517.17,26.17
2022-10-11 12:00:00+05:30,577.62,27.11
2022-10-11 13:00:00+05:30,500.28,27.9
2022-10-11 14:00:00+05:30,454.19,28.18
2022-10-11 15:00:00+05:30,350.29,28.41
2022-10-11 16:00:00+05:30,205.89,28.16
2022-10-11 17:00:00+05:30,87.05,27.56
2022-10-11 18:00:00+05:30,0.0,26.67
2022-10-11 19:00:00+05:30,0.0,25.26
2022-10-11 20:00:00+05:30,0.0,24.33
2022-10-11 21:00:00+05:30,0.0,23.37
2022-10-11 22:00:00+05:30,0.0,22.8
2022-10-11 23:00:00+05:30,0.0,22.36
2022-10-12 00:00:00+05:30,0.0,21.74
2022-10-12 01:00:00+05:30,0.0,21.56
2022-10-12 02:00:00+05:30,0.0,20.99
2022-10-12 03:00:00+05:30,0.0,20.8
2022-10-12 04:00:00+05:30,0.0,20.35
2022-10-12 05:00:00+05:30,0.0,19.92
2022-10-12 06:00:00+05:30,0.0,19.45
2022-10-12 07:00:00+05:30,47.32,19.0
2022-10-12 08:00:00+05:30,189.96,19.72
2022-10-12 09:00:00+05:30,341.01,22.01
2022-10-12 10:00:00+05:30,479.2,24.36
2022-10-12 11:00:00+05:30,565.39,26.11
2022-10-12 12:00:00+05:30,607.03,27.39
2022-10-12 13:00:00+05:30,589.58,28.25
2022-10-12 14:00:00+05:30,518.36,28.95
2022-10-12 15:00:00+05:30,401.23,29.29
2022-10-12 16:00:00+05:30,252.86,29.19
2022-10-12 17:00:00+05:30,98.12,28.6
2022-10-12 18:00:00+05:30,0.0,27.14
2022-10-12 19:00:00+05:30,0.0,24.96
2022-10-12 20:00:00+05:30,0.0,22.96
2022-10-12 21:00:00+05:30,0.0,21.56
2022-10-12 22:00:00+05:30,0.0,20.52
2022-10-12 23:00:00+05:30,0.0,19.69
2022-10-13 00:00:00+05:30,0.0,19.13
2022-10-13 01:00:00+05:30,0.0,19.09
2022-10-13 02:00:00+05:30,0.0,18.6
2022-10-13 03:00:00+05:30,0.0,18.09
2022-10-13 04:00:00+05:30,0.0,17.71
2022-10-13 05:00:00+05:30,0.0,17.76
2022-10-13 06:00:00+05:30,0.0,18.32
2022-10-13 07:00:00+05:30,45.1,19.73
2022-10-13 08:00:00+05:30,191.31,20.11
2022-10-13 09:00:00+05:30,347.28,22.81
2022-10-13 10:00:00+05:30,478.3,25.03
2022-10-13 11:00:00+05:30,566.79,26.52
2022-10-13 12:00:00+05:30,603.44,27.55
2022-10-13 13:00:00+05:30,584.87,28.27
2022-10-13 14:00:00+05:30,513.06,28.83
2022-10-13 15:00:00+05:30,396.28,29.24
2022-10-13 16:00:00+05:30,248.01,29.32
2022-10-13 17:00:00+05:30,93.45,28.83
2022-10-13 18:00:00+05:30,0.0,27.48
2022-10-13 19:00:00+05:30,0.0,25.29
2022-10-13 20:00:00+05:30,0.0,23.12
2022-10-13 21:00:00+05:30,0.0,21.78
2022-10-13 22:00:00+05:30,0.0,20.83
2022-10-13 23:00:00+05:30,0.0,20.0
2022-10-14 00:00:00+05:30,0.0,19.25
2022-10-14 01:00:00+05:30,0.0,18.96
2022-10-14 02:00:00+05:30,0.0,18.41
2022-10-14 03:00:00+05:30,0.0,17.82
2022-10-14 04:00:00+05:30,0.0,17.23
2022-10-14 05:00:00+05:30,0.0,17.29
2022-10-14 06:00:00+05:30,0.0,18.05
2022-10-14 07:00:00+05:30,43.56,19.64
2022-10-14 08:00:00+05:30,190.59,19.74
2022-10-14 09:00:00+05:30,347.0,22.35
2022-10-14 10:00:00+05:30,478.34,24.72
2022-10-14 11:00:00+05:30,567.13,26.42
2022-10-14 12:00:00+05:30,603.72,27.53
2022-10-14 13:00:00+05:30,585.13,28.23
2022-10-14 14:00:00+05:30,512.82,28.84
2022-10-14 15:00:00+05:30,394.64,29.15
2022-10-14 16:00:00+05:30,244.79,29.13
2022-10-14 17:00:00+05:30,91.47,28.44
2022-10-14 18:00:00+05:30,0.0,26.88
2022-10-14 19:00:00+05:30,0.0,24.51
2022-10-14 20:00:00+05:30,0.0,22.48
2022-10-14 21:00:00+05:30,0.0,21.17
2022-10-14 22:00:00+05:30,0.0,20.02
2022-10-14 23:00:00+05:30,0.0,18.94
2022-10-15 00:00:00+05:30,0.0,18.17
2022-10-15 01:00:00+05:30,0.0,17.83
2022-10-15 02:00:00+05:30,0.0,17.48
2022-10-15 03:00:00+05:30,0.0,17.12
2022-10-15 04:00:00+05:30,0.0,16.79
2022-10-15 05:00:00+05:30,0.0,16.42
2022-10-15 06:00:00+05:30,0.0,16.13
2022-10-15 07:00:00+05:30,41.41,15.82
2022-10-15 08:00:00+05:30,186.6,17.5
2022-10-15 09:00:00+05:30,342.5,22.37
2022-10-15 10:00:00+05:30,473.62,25.09
2022-10-15 11:00:00+05:30,561.95,26.59
2022-10-15 12:00:00+05:30,598.12,27.54
2022-10-15 13:00:00+05:30,578.41,28.25
2022-10-15 14:00:00+05:30,503.97,28.73
2022-10-15 15:00:00+05:30,386.98,28.95
2022-10-15 16:00:00+05:30,237.74,28.89
2022-10-15 17:00:00+05:30,86.68,28.38
2022-10-15 18:00:00+05:30,0.0,26.94
2022-10-15 19:00:00+05:30,0.0,24.57
2022-10-15 20:00:00+05:30,0.0,22.36
2022-10-15 21:00:00+05:30,0.0,21.11
2022-10-15 22:00:00+05:30,0.0,20.3
2022-10-15 23:00:00+05:30,0.0,20.34
2022-10-16 00:00:00+05:30,0.0,20.81
2022-10-16 01:00:00+05:30,0.0,21.17
2022-10-16 02:00:00+05:30,0.0,21.45
2022-10-16 03:00:00+05:30,0.0,21.48
2022-10-16 04:00:00+05:30,0.0,21.11
2022-10-16 05:00:00+05:30,0.0,20.79
2022-10-16 06:00:00+05:30,0.0,20.48
2022-10-16 07:00:00+05:30,39.21,20.17
2022-10-16 08:00:00+05:30,183.23,20.29
2022-10-16 09:00:00+05:30,338.81,22.72
2022-10-16 10:00:00+05:30,470.3,25.14
2022-10-16 11:00:00+05:30,558.83,26.72
2022-10-16 12:00:00+05:30,594.38,27.69
2022-10-16 13:00:00+05:30,576.24,28.52
2022-10-16 14:00:00+05:30,502.35,28.86
2022-10-16 15:00:00+05:30,381.98,28.92
2022-10-16 16:00:00+05:30,232.24,28.82
2022-10-16 17:00:00+05:30,83.22,28.47
2022-10-16 18:00:00+05:30,0.0,27.03
2022-10-16 19:00:00+05:30,0.0,26.12
2022-10-16 20:00:00+05:30,0.0,25.01
2022-10-16 21:00:00+05:30,0.0,24.08
2022-10-16 22:00:00+05:30,0.0,23.36
2022-10-16 23:00:00+05:30,0.0,22.74
2022-10-17 00:00:00+05:30,0.0,21.29
2022-10-17 01:00:00+05:30,0.0,19.71
2022-10-17 02:00:00+05:30,0.0,19.16
2022-10-17 03:00:00+05:30,0.0,18.86
2022-10-17 04:00:00+05:30,0.0,18.68
2022-10-17 05:00:00+05:30,0.0,18.74
2022-10-17 06:00:00+05:30,0.0,19.13
2022-10-17 07:00:00+05:30,37.04,19.55
2022-10-17 08:00:00+05:30,179.46,19.97
2022-10-17 09:00:00+05:30,333.69,22.45
2022-10-17 10:00:00+05:30,464.15,25.05
2022-10-17 11:00:00+05:30,552.53,26.69
2022-10-17 12:00:00+05:30,589.55,27.71
2022-10-17 13:00:00+05:30,570.33,28.5
2022-10-17 14:00:00+05:30,497.67,28.92
2022-10-17 15:00:00+05:30,379.56,29.04
2022-10-17 16:00:00+05:30,231.11,28.97
2022-10-17 17:00:00+05:30,80.95,28.6
2022-10-17 18:00:00+05:30,0.0,26.91
2022-10-17 19:00:00+05:30,0.0,24.47
2022-10-17 20:00:00+05:30,0.0,22.17
2022-10-17 21:00:00+05:30,0.0,20.68
2022-10-17 22:00:00+05:30,0.0,19.82
2022-10-17 23:00:00+05:30,0.0,19.25
2022-10-18 00:00:00+05:30,0.0,18.91
2022-10-18 01:00:00+05:30,0.0,18.72
2022-10-18 02:00:00+05:30,0.0,18.33
2022-10-18 03:00:00+05:30,0.0,17.85
2022-10-18 04:00:00+05:30,0.0,17.37
2022-10-18 05:00:00+05:30,0.0,16.87
2022-10-18 06:00:00+05:30,0.0,16.42
2022-10-18 07:00:00+05:30,35.05,16.0
2022-10-18 08:00:00+05:30,177.4,17.05
2022-10-18 09:00:00+05:30,331.73,21.85
2022-10-18 10:00:00+05:30,461.95,24.42
2022-10-18 11:00:00+05:30,549.46,26.32
2022-10-18 12:00:00+05:30,585.19,27.67
2022-10-18 13:00:00+05:30,565.52,28.74
2022-10-18 14:00:00+05:30,492.65,29.32
2022-10-18 15:00:00+05:30,374.33,29.51
2022-10-18 16:00:00+05:30,226.32,29.45
2022-10-18 17:00:00+05:30,77.36,28.94
2022-10-18 18:00:00+05:30,0.0,27.23
2022-10-18 19:00:00+05:30,0.0,24.31
2022-10-18 20:00:00+05:30,0.0,22.32
2022-10-18 21:00:00+05:30,0.0,20.94
2022-10-18 22:00:00+05:30,0.0,20.35
2022-10-18 23:00:00+05:30,0.0,19.98
2022-10-19 00:00:00+05:30,0.0,19.72
2022-10-19 01:00:00+05:30,0.0,19.56
2022-10-19 02:00:00+05:30,0.0,19.06
2022-10-19 03:00:00+05:30,0.0,18.42
2022-10-19 04:00:00+05:30,0.0,17.79
2022-10-19 05:00:00+05:30,0.0,17.18
2022-10-19 06:00:00+05:30,0.0,16.7
2022-10-19 07:00:00+05:30,32.67,16.37
2022-10-19 08:00:00+05:30,173.51,17.49
2022-10-19 09:00:00+05:30,326.33,22.27
2022-10-19 10:00:00+05:30,455.44,24.66
2022-10-19 11:00:00+05:30,542.31,26.43
2022-10-19 12:00:00+05:30,578.32,27.76
2022-10-19 13:00:00+05:30,558.94,28.89
2022-10-19 14:00:00+05:30,486.78,29.47
2022-10-19 15:00:00+05:30,370.27,29.73
2022-10-19 16:00:00+05:30,221.84,29.66
2022-10-19 17:00:00+05:30,73.93,29.14
2022-10-19 18:00:00+05:30,0.0,27.52
2022-10-19 19:00:00+05:30,0.0,25.09
2022-10-19 20:00:00+05:30,0.0,23.37
2022-10-19 21:00:00+05:30,0.0,22.23
2022-10-19 22:00:00+05:30,0.0,21.42
2022-10-19 23:00:00+05:30,0.0,20.81
2022-10-20 00:00:00+05:30,0.0,20.37
2022-10-20 01:00:00+05:30,0.0,19.95
2022-10-20 02:00:00+05:30,0.0,19.36
2022-10-20 03:00:00+05:30,0.0,18.72
2022-10-20 04:00:00+05:30,0.0,18.1
2022-10-20 05:00:00+05:30,0.0,17.56
2022-10-20 06:00:00+05:30,0.0,17.12
2022-10-20 07:00:00+05:30,30.47,16.69
2022-10-20 08:00:00+05:30,169.69,17.36
2022-10-20 09:00:00+05:30,321.75,21.83
2022-10-20 10:00:00+05:30,450.68,24.13
2022-10-20 11:00:00+05:30,537.88,26.04
2022-10-20 12:00:00+05:30,573.9,27.53
2022-10-20 13:00:00+05:30,554.5,28.89
2022-10-20 14:00:00+05:30,482.8,29.42
2022-10-20 15:00:00+05:30,367.17,29.58
2022-10-20 16:00:00+05:30,219.09,29.4
2022-10-20 17:00:00+05:30,71.26,28.68
2022-10-20 18:00:00+05:30,0.0,27.08
2022-10-20 19:00:00+05:30,0.0,24.21
2022-10-20 20:00:00+05:30,0.0,22.19
2022-10-20 21:00:00+05:30,0.0,21.07
2022-10-20 22:00:00+05:30,0.0,20.12
2022-10-20 23:00:00+05:30,0.0,19.4
2022-10-21 00:00:00+05:30,0.0,18.7
2022-10-21 01:00:00+05:30,0.0,19.96
2022-10-21 02:00:00+05:30,0.0,20.6
2022-10-21 03:00:00+05:30,0.0,19.88
2022-10-21 04:00:00+05:30,0.0,18.93
2022-10-21 05:00:00+05:30,0.0,17.82
2022-10-21 06:00:00+05:30,0.0,16.91
2022-10-21 07:00:00+05:30,28.33,16.06
2022-10-21 08:00:00+05:30,167.0,16.96
2022-10-21 09:00:00+05:30,318.7,21.88
2022-10-21 10:00:00+05:30,447.16,24.48
2022-10-21 11:00:00+05:30,533.68,26.45
2022-10-21 12:00:00+05:30,569.77,27.96
2022-10-21 13:00:00+05:30,550.41,29.28
2022-10-21 14:00:00+05:30,480.02,29.79
2022-10-21 15:00:00+05:30,361.74,29.96
2022-10-21 16:00:00+05:30,216.32,29.79
2022-10-21 17:00:00+05:30,68.0,29.1
2022-10-21 18:00:00+05:30,0.0,27.08
2022-10-21 19:00:00+05:30,0.0,23.98
2022-10-21 20:00:00+05:30,0.0,22.23
2022-10-21 21:00:00+05:30,0.0,20.92
2022-10-21 22:00:00+05:30,0.0,19.8
2022-10-21 23:00:00+05:30,0.0,19.3
2022-10-22 00:00:00+05:30,0.0,18.69
2022-10-22 01:00:00+05:30,0.0,17.94
2022-10-22 02:00:00+05:30,0.0,17.45
2022-10-22 03:00:00+05:30,0.0,16.86
2022-10-22 04:00:00+05:30,0.0,16.66
2022-10-22 05:00:00+05:30,0.0,16.12
2022-10-22 06:00:00+05:30,0.0,15.62
2022-10-22 07:00:00+05:30,26.19,15.26
2022-10-22 08:00:00+05:30,163.54,16.16
2022-10-22 09:00:00+05:30,314.86,21.33
2022-10-22 10:00:00+05:30,443.06,24.58
2022-10-22 11:00:00+05:30,529.22,26.98
2022-10-22 12:00:00+05:30,562.21,28.67
2022-10-22 13:00:00+05:30,535.56,29.92
2022-10-22 14:00:00+05:30,454.03,30.37
2022-10-22 15:00:00+05:30,338.74,30.46
2022-10-22 16:00:00+05:30,202.93,30.2
2022-10-22 17:00:00+05:30,64.26,29.36
2022-10-22 18:00:00+05:30,0.0,27.29
2022-10-22 19:00:00+05:30,0.0,24.61
2022-10-22 20:00:00+05:30,0.0,21.98
2022-10-22 21:00:00+05:30,0.0,20.66
2022-10-22 22:00:00+05:30,0.0,19.69
2022-10-22 23:00:00+05:30,0.0,18.87
2022-10-23 00:00:00+05:30,0.0,18.18
2022-10-23 01:00:00+05:30,0.0,17.73
2022-10-23 02:00:00+05:30,0.0,17.45
2022-10-23 03:00:00+05:30,0.0,17.12
2022-10-23 04:00:00+05:30,0.0,16.76
2022-10-23 05:00:00+05:30,0.0,16.34
2022-10-23 06:00:00+05:30,0.0,16.0
2022-10-23 07:00:00+05:30,18.24,15.66
2022-10-23 08:00:00+05:30,159.96,16.45
2022-10-23 09:00:00+05:30,310.09,21.8
2022-10-23 10:00:00+05:30,437.87,24.87
2022-10-23 11:00:00+05:30,524.07,26.63
2022-10-23 12:00:00+05:30,559.53,27.82
2022-10-23 13:00:00+05:30,539.47,28.46
2022-10-23 14:00:00+05:30,466.89,28.96
2022-10-23 15:00:00+05:30,349.76,29.19
2022-10-23 16:00:00+05:30,204.24,29.13
2022-10-23 17:00:00+05:30,61.29,28.47
2022-10-23 18:00:00+05:30,0.0,26.82
2022-10-23 19:00:00+05:30,0.0,24.27
2022-10-23 20:00:00+05:30,0.0,22.1
2022-10-23 21:00:00+05:30,0.0,20.76
2022-10-23 22:00:00+05:30,0.0,19.63
2022-10-23 23:00:00+05:30,0.0,18.64
2022-10-24 00:00:00+05:30,0.0,17.75
2022-10-24 01:00:00+05:30,0.0,17.16
2022-10-24 02:00:00+05:30,0.0,16.55
2022-10-24 03:00:00+05:30,0.0,16.0
2022-10-24 04:00:00+05:30,0.0,15.49
2022-10-24 05:00:00+05:30,0.0,15.0
2022-10-24 06:00:00+05:30,0.0,14.52
2022-10-24 07:00:00+05:30,16.36,14.11
2022-10-24 08:00:00+05:30,158.14,15.26
2022-10-24 09:00:00+05:30,308.98,20.8
2022-10-24 10:00:00+05:30,437.64,24.21
2022-10-24 11:00:00+05:30,524.81,25.85
2022-10-24 12:00:00+05:30,561.72,26.86
2022-10-24 13:00:00+05:30,541.8,27.88
2022-10-24 14:00:00+05:30,468.62,28.37
2022-10-24 15:00:00+05:30,350.49,28.58
2022-10-24 16:00:00+05:30,203.62,28.47
2022-10-24 17:00:00+05:30,59.0,27.66
2022-10-24 18:00:00+05:30,0.0,25.84
2022-10-24 19:00:00+05:30,0.0,23.32
2022-10-24 20:00:00+05:30,0.0,21.13
2022-10-24 21:00:00+05:30,0.0,19.48
2022-10-24 22:00:00+05:30,0.0,18.04
2022-10-24 23:00:00+05:30,0.0,16.86
2022-10-25 00:00:00+05:30,0.0,16.01
2022-10-25 01:00:00+05:30,0.0,15.21
2022-10-25 02:00:00+05:30,0.0,14.87
2022-10-25 03:00:00+05:30,0.0,14.63
2022-10-25 04:00:00+05:30,0.0,14.38
2022-10-25 05:00:00+05:30,0.0,14.13
2022-10-25 06:00:00+05:30,0.0,13.77
2022-10-25 07:00:00+05:30,26.61,13.46
2022-10-25 08:00:00+05:30,155.54,14.91
2022-10-25 09:00:00+05:30,306.14,20.15
2022-10-25 10:00:00+05:30,434.19,23.79
2022-10-25 11:00:00+05:30,520.63,26.22
2022-10-25 12:00:00+05:30,553.84,27.76
2022-10-25 13:00:00+05:30,533.01,28.78
2022-10-25 14:00:00+05:30,459.92,29.47
2022-10-25 15:00:00+05:30,342.62,29.85
2022-10-25 16:00:00+05:30,197.38,29.81
2022-10-25 17:00:00+05:30,55.4,29.08
2022-10-25 18:00:00+05:30,0.0,28.12
2022-10-25 19:00:00+05:30,0.0,26.29
2022-10-25 20:00:00+05:30,0.0,24.54
2022-10-25 21:00:00+05:30,0.0,23.22
2022-10-25 22:00:00+05:30,0.0,22.66
2022-10-25 23:00:00+05:30,0.0,22.29
2022-10-26 00:00:00+05:30,0.0,21.96
2022-10-26 01:00:00+05:30,0.0,18.18
2022-10-26 02:00:00+05:30,0.0,16.46
2022-10-26 03:00:00+05:30,0.0,16.13
2022-10-26 04:00:00+05:30,0.0,15.93
2022-10-26 05:00:00+05:30,0.0,15.9
2022-10-26 06:00:00+05:30,0.0,15.87
2022-10-26 07:00:00+05:30,25.8,15.79
2022-10-26 08:00:00+05:30,151.6,16.46
2022-10-26 09:00:00+05:30,301.33,20.7
2022-10-26 10:00:00+05:30,428.71,24.28
2022-10-26 11:00:00+05:30,514.24,26.69
2022-10-26 12:00:00+05:30,546.79,28.46
2022-10-26 13:00:00+05:30,526.01,29.53
2022-10-26 14:00:00+05:30,452.9,30.32
2022-10-26 15:00:00+05:30,336.22,30.68
2022-10-26 16:00:00+05:30,192.01,30.67
2022-10-26 17:00:00+05:30,52.26,29.97
2022-10-26 18:00:00+05:30,0.0,27.89
2022-10-26 19:00:00+05:30,0.0,24.93
2022-10-26 20:00:00+05:30,0.0,23.03
2022-10-26 21:00:00+05:30,0.0,21.51
2022-10-26 22:00:00+05:30,0.0,20.39
2022-10-26 23:00:00+05:30,0.0,21.09
2022-10-27 00:00:00+05:30,0.0,21.5
2022-10-27 01:00:00+05:30,0.0,17.74
2022-10-27 02:00:00+05:30,0.0,17.24
2022-10-27 03:00:00+05:30,0.0,16.82
2022-10-27 04:00:00+05:30,0.0,16.52
2022-10-27 05:00:00+05:30,0.0,16.35
2022-10-27 06:00:00+05:30,0.0,16.32
2022-10-27 07:00:00+05:30,25.13,16.37
2022-10-27 08:00:00+05:30,147.14,17.34
2022-10-27 09:00:00+05:30,295.25,21.32
2022-10-27 10:00:00+05:30,421.49,24.95
2022-10-27 11:00:00+05:30,506.57,27.55
2022-10-27 12:00:00+05:30,538.81,29.42
2022-10-27 13:00:00+05:30,518.32,30.36
2022-10-27 14:00:00+05:30,445.91,31.11
2022-10-27 15:00:00+05:30,330.17,31.4
2022-10-27 16:00:00+05:30,187.4,31.24
2022-10-27 17:00:00+05:30,49.35,30.39
2022-10-27 18:00:00+05:30,0.0,28.8
2022-10-27 19:00:00+05:30,0.0,26.36
2022-10-27 20:00:00+05:30,0.0,25.27
2022-10-27 21:00:00+05:30,0.0,24.36
2022-10-27 22:00:00+05:30,0.0,23.69
2022-10-27 23:00:00+05:30,0.0,23.07
2022-10-28 00:00:00+05:30,0.0,20.63
2022-10-28 01:00:00+05:30,0.0,17.91
2022-10-28 02:00:00+05:30,0.0,17.51
2022-10-28 03:00:00+05:30,0.0,17.12
2022-10-28 04:00:00+05:30,0.0,16.91
2022-10-28 05:00:00+05:30,0.0,16.88
2022-10-28 06:00:00+05:30,0.0,17.0
2022-10-28 07:00:00+05:30,24.51,17.2
2022-10-28 08:00:00+05:30,143.08,18.22
2022-10-28 09:00:00+05:30,289.72,21.86
2022-10-28 10:00:00+05:30,415.16,25.55
2022-10-28 11:00:00+05:30,499.75,28.05
2022-10-28 12:00:00+05:30,533.45,29.83
2022-10-28 13:00:00+05:30,512.84,30.92
2022-10-28 14:00:00+05:30,440.86,31.34
2022-10-28 15:00:00+05:30,325.51,31.43
2022-10-28 16:00:00+05:30,183.58,31.25
2022-10-28 17:00:00+05:30,46.4,30.38
2022-10-28 18:00:00+05:30,0.0,29.25
2022-10-28 19:00:00+05:30,0.0,27.53
2022-10-28 20:00:00+05:30,0.0,25.98
2022-10-28 21:00:00+05:30,0.0,24.71
2022-10-28 22:00:00+05:30,0.0,21.83
2022-10-28 23:00:00+05:30,0.0,19.65
2022-10-29 00:00:00+05:30,0.0,18.69
2022-10-29 01:00:00+05:30,0.0,18.04
2022-10-29 02:00:00+05:30,0.0,17.6
2022-10-29 03:00:00+05:30,0.0,17.31
2022-10-29 04:00:00+05:30,0.0,16.96
2022-10-29 05:00:00+05:30,0.0,16.58
2022-10-29 06:00:00+05:30,0.0,16.21
2022-10-29 07:00:00+05:30,24.03,15.88
2022-10-29 08:00:00+05:30,140.72,16.41
2022-10-29 09:00:00+05:30,288.0,21.75
2022-10-29 10:00:00+05:30,414.53,25.56
2022-10-29 11:00:00+05:30,499.63,27.81
2022-10-29 12:00:00+05:30,535.68,29.17
2022-10-29 13:00:00+05:30,514.77,29.72
2022-10-29 14:00:00+05:30,441.47,30.14
2022-10-29 15:00:00+05:30,325.49,30.24
2022-10-29 16:00:00+05:30,181.83,30.03
2022-10-29 17:00:00+05:30,44.17,29.12
2022-10-29 18:00:00+05:30,0.0,27.15
2022-10-29 19:00:00+05:30,0.0,24.47
2022-10-29 20:00:00+05:30,0.0,22.53
2022-10-29 21:00:00+05:30,0.0,21.15
2022-10-29 22:00:00+05:30,0.0,20.02
2022-10-29 23:00:00+05:30,0.0,19.12
2022-10-30 00:00:00+05:30,0.0,18.36
2022-10-30 01:00:00+05:30,0.0,17.81
2022-10-30 02:00:00+05:30,0.0,17.2
2022-10-30 03:00:00+05:30,0.0,16.71
2022-10-30 04:00:00+05:30,0.0,16.28
2022-10-30 05:00:00+05:30,0.0,16.0
2022-10-30 06:00:00+05:30,0.0,16.09
2022-10-30 07:00:00+05:30,23.7,16.69
2022-10-30 08:00:00+05:30,137.27,18.17
2022-10-30 09:00:00+05:30,282.98,21.21
2022-10-30 10:00:00+05:30,407.67,24.56
2022-10-30 11:00:00+05:30,491.69,26.33
2022-10-30 12:00:00+05:30,526.0,27.56
2022-10-30 13:00:00+05:30,505.33,28.43
2022-10-30 14:00:00+05:30,432.97,29.06
2022-10-30 15:00:00+05:30,317.52,29.45
2022-10-30 16:00:00+05:30,175.95,29.5
2022-10-30 17:00:00+05:30,41.4,28.91
2022-10-30 18:00:00+05:30,0.0,27.08
2022-10-30 19:00:00+05:30,0.0,24.46
2022-10-30 20:00:00+05:30,0.0,23.77
2022-10-30 21:00:00+05:30,0.0,23.33
2022-10-30 22:00:00+05:30,0.0,22.55
2022-10-30 23:00:00+05:30,0.0,21.8
2022-10-31 00:00:00+05:30,0.0,21.13
2022-10-31 01:00:00+05:30,0.0,20.45
2022-10-31 02:00:00+05:30,0.0,20.3
2022-10-31 03:00:00+05:30,0.0,19.93
2022-10-31 04:00:00+05:30,0.0,19.03
2022-10-31 05:00:00+05:30,0.0,18.13
2022-10-31 06:00:00+05:30,0.0,17.29
2022-10-31 07:00:00+05:30,22.98,16.74
2022-10-31 08:00:00+05:30,133.23,16.75
2022-10-31 09:00:00+05:30,277.56,20.83
2022-10-31 10:00:00+05:30,401.58,24.5
2022-10-31 11:00:00+05:30,485.5,26.63
2022-10-31 12:00:00+05:30,520.03,28.02
2022-10-31 13:00:00+05:30,499.51,28.84
2022-10-31 14:00:00+05:30,427.45,29.43
2022-10-31 15:00:00+05:30,312.42,29.72
2022-10-31 16:00:00+05:30,171.61,29.74
2022-10-31 17:00:00+05:30,38.69,29.28
2022-10-31 18:00:00+05:30,0.0,27.47
2022-10-31 19:00:00+05:30,0.0,24.64
2022-10-31 20:00:00+05:30,0.0,22.73
2022-10-31 21:00:00+05:30,0.0,21.35
2022-10-31 22:00:00+05:30,0.0,20.18
2022-10-31 23:00:00+05:30,0.0,19.13
2022-11-01 00:00:00+05:30,0.0,18.27
2022-11-01 01:00:00+05:30,0.0,17.7
2022-11-01 02:00:00+05:30,0.0,17.11
2022-11-01 03:00:00+05:30,0.0,16.4
2022-11-01 04:00:00+05:30,0.0,15.9
2022-11-01 05:00:00+05:30,0.0,15.5
2022-11-01 06:00:00+05:30,0.0,15.18
2022-11-01 07:00:00+05:30,22.07,14.95
2022-11-01 08:00:00+05:30,129.17,15.9
2022-11-01 09:00:00+05:30,272.53,20.7
2022-11-01 10:00:00+05:30,396.07,24.15
2022-11-01 11:00:00+05:30,479.48,26.48
2022-11-01 12:00:00+05:30,512.15,28.17
2022-11-01 13:00:00+05:30,491.89,29.38
2022-11-01 14:00:00+05:30,420.37,30.05
2022-11-01 15:00:00+05:30,306.39,30.32
2022-11-01 16:00:00+05:30,167.18,30.19
2022-11-01 17:00:00+05:30,35.96,29.29
2022-11-01 18:00:00+05:30,0.0,26.98
2022-11-01 19:00:00+05:30,0.0,24.73
2022-11-01 20:00:00+05:30,0.0,23.41
2022-11-01 21:00:00+05:30,0.0,22.36
2022-11-01 22:00:00+05:30,0.0,21.53
2022-11-01 23:00:00+05:30,0.0,20.69
2022-11-02 00:00:00+05:30,0.0,19.78
2022-11-02 01:00:00+05:30,0.0,18.92
2022-11-02 02:00:00+05:30,0.0,18.56
2022-11-02 03:00:00+05:30,0.0,18.28
2022-11-02 04:00:00+05:30,0.0,17.98
2022-11-02 05:00:00+05:30,0.0,17.57
2022-11-02 06:00:00+05:30,0.0,17.15
2022-11-02 07:00:00+05:30,21.64,16.9
2022-11-02 08:00:00+05:30,126.76,17.46
2022-11-02 09:00:00+05:30,270.84,21.03
2022-11-02 10:00:00+05:30,395.68,24.88
2022-11-02 11:00:00+05:30,480.58,27.43
2022-11-02 12:00:00+05:30,513.66,29.02
2022-11-02 13:00:00+05:30,492.96,30.01
2022-11-02 14:00:00+05:30,420.57,30.67
2022-11-02 15:00:00+05:30,305.64,30.95
2022-11-02 16:00:00+05:30,165.29,30.85
2022-11-02 17:00:00+05:30,33.59,29.84
2022-11-02 18:00:00+05:30,0.0,27.83
2022-11-02 19:00:00+05:30,0.0,25.35
2022-11-02 20:00:00+05:30,0.0,23.32
2022-11-02 21:00:00+05:30,0.0,21.78
2022-11-02 22:00:00+05:30,0.0,20.58
2022-11-02 23:00:00+05:30,0.0,19.63
2022-11-03 00:00:00+05:30,0.0,19.04
2022-11-03 01:00:00+05:30,0.0,18.95
2022-11-03 02:00:00+05:30,0.0,18.61
2022-11-03 03:00:00+05:30,0.0,18.24
2022-11-03 04:00:00+05:30,0.0,17.86
2022-11-03 05:00:00+05:30,0.0,17.46
2022-11-03 06:00:00+05:30,0.0,17.04
2022-11-03 07:00:00+05:30,20.88,16.52
2022-11-03 08:00:00+05:30,121.96,16.61
2022-11-03 09:00:00+05:30,262.59,21.56
2022-11-03 10:00:00+05:30,384.12,25.37
2022-11-03 11:00:00+05:30,466.51,27.66
2022-11-03 12:00:00+05:30,499.35,29.04
2022-11-03 13:00:00+05:30,480.06,29.97
2022-11-03 14:00:00+05:30,409.73,30.65
2022-11-03 15:00:00+05:30,297.17,31.06
2022-11-03 16:00:00+05:30,159.76,31.09
2022-11-03 17:00:00+05:30,31.33,30.44
2022-11-03 18:00:00+05:30,0.0,28.86
2022-11-03 19:00:00+05:30,0.0,26.22
2022-11-03 20:00:00+05:30,0.0,24.23
2022-11-03 21:00:00+05:30,0.0,22.65
2022-11-03 22:00:00+05:30,0.0,21.34
2022-11-03 23:00:00+05:30,0.0,20.36
2022-11-04 00:00:00+05:30,0.0,19.65
2022-11-04 01:00:00+05:30,0.0,18.82
2022-11-04 02:00:00+05:30,0.0,18.15
2022-11-04 03:00:00+05:30,0.0,17.56
2022-11-04 04:00:00+05:30,0.0,17.1
2022-11-04 05:00:00+05:30,0.0,16.7
2022-11-04 06:00:00+05:30,0.0,16.35
2022-11-04 07:00:00+05:30,20.3,16.0
2022-11-04 08:00:00+05:30,119.19,16.45
2022-11-04 09:00:00+05:30,260.7,21.26
2022-11-04 10:00:00+05:30,383.46,24.59
2022-11-04 11:00:00+05:30,466.82,26.76
2022-11-04 12:00:00+05:30,499.01,28.6
2022-11-04 13:00:00+05:30,478.96,30.03
2022-11-04 14:00:00+05:30,408.11,31.04
2022-11-04 15:00:00+05:30,295.07,31.59
2022-11-04 16:00:00+05:30,157.19,31.67
2022-11-04 17:00:00+05:30,28.78,30.85
2022-11-04 18:00:00+05:30,0.0,28.71
2022-11-04 19:00:00+05:30,0.0,25.96
2022-11-04 20:00:00+05:30,0.0,24.26
2022-11-04 21:00:00+05:30,0.0,22.68
2022-11-04 22:00:00+05:30,0.0,21.65
2022-11-04 23:00:00+05:30,0.0,22.89
2022-11-05 00:00:00+05:30,0.0,21.76
2022-11-05 01:00:00+05:30,0.0,18.62
2022-11-05 02:00:00+05:30,0.0,18.21
2022-11-05 03:00:00+05:30,0.0,17.92
2022-11-05 04:00:00+05:30,0.0,17.69
2022-11-05 05:00:00+05:30,0.0,17.44
2022-11-05 06:00:00+05:30,0.0,17.1
2022-11-05 07:00:00+05:30,19.73,16.55
2022-11-05 08:00:00+05:30,116.2,16.97
2022-11-05 09:00:00+05:30,257.1,21.05
2022-11-05 10:00:00+05:30,379.45,24.6
2022-11-05 11:00:00+05:30,462.25,26.79
2022-11-05 12:00:00+05:30,494.88,28.41
2022-11-05 13:00:00+05:30,474.75,30.37
2022-11-05 14:00:00+05:30,404.82,31.24
2022-11-05 15:00:00+05:30,283.36,31.61
2022-11-05 16:00:00+05:30,153.99,31.38
2022-11-05 17:00:00+05:30,36.55,30.3
2022-11-05 18:00:00+05:30,0.0,27.74
2022-11-05 19:00:00+05:30,0.0,25.3
2022-11-05 20:00:00+05:30,0.0,23.75
2022-11-05 21:00:00+05:30,0.0,22.62
2022-11-05 22:00:00+05:30,0.0,21.69
2022-11-05 23:00:00+05:30,0.0,20.75
2022-11-06 00:00:00+05:30,0.0,19.63
2022-11-06 01:00:00+05:30,0.0,20.25
2022-11-06 02:00:00+05:30,0.0,21.55
2022-11-06 03:00:00+05:30,0.0,21.21
2022-11-06 04:00:00+05:30,0.0,19.95
2022-11-06 05:00:00+05:30,0.0,18.78
2022-11-06 06:00:00+05:30,0.0,18.58
2022-11-06 07:00:00+05:30,20.93,18.46
2022-11-06 08:00:00+05:30,115.11,17.93
2022-11-06 09:00:00+05:30,253.09,21.58
2022-11-06 10:00:00+05:30,374.11,25.01
2022-11-06 11:00:00+05:30,454.04,27.34
2022-11-06 12:00:00+05:30,483.72,28.95
2022-11-06 13:00:00+05:30,463.3,30.29
2022-11-06 14:00:00+05:30,393.6,31.09
2022-11-06 15:00:00+05:30,279.51,31.38
2022-11-06 16:00:00+05:30,151.0,31.33
2022-11-06 17:00:00+05:30,38.12,30.51
2022-11-06 18:00:00+05:30,0.0,28.35
2022-11-06 19:00:00+05:30,0.0,25.55
2022-11-06 20:00:00+05:30,0.0,23.88
2022-11-06 21:00:00+05:30,0.0,22.81
2022-11-06 22:00:00+05:30,0.0,22.1
2022-11-06 23:00:00+05:30,0.0,21.21
2022-11-07 00:00:00+05:30,0.0,20.18
2022-11-07 01:00:00+05:30,0.0,21.19
2022-11-07 02:00:00+05:30,0.0,22.02
2022-11-07 03:00:00+05:30,0.0,21.7
2022-11-07 04:00:00+05:30,0.0,18.05
2022-11-07 05:00:00+05:30,0.0,17.62
2022-11-07 06:00:00+05:30,0.0,17.72
2022-11-07 07:00:00+05:30,23.46,17.97
2022-11-07 08:00:00+05:30,116.15,18.5
2022-11-07 09:00:00+05:30,245.91,22.13
2022-11-07 10:00:00+05:30,369.98,25.06
2022-11-07 11:00:00+05:30,449.19,27.53
2022-11-07 12:00:00+05:30,485.12,29.16
2022-11-07 13:00:00+05:30,420.91,30.33
2022-11-07 14:00:00+05:30,311.42,30.58
2022-11-07 15:00:00+05:30,252.05,30.43
2022-11-07 16:00:00+05:30,123.87,30.38
2022-11-07 17:00:00+05:30,32.2,29.53
2022-11-07 18:00:00+05:30,0.0,27.65
2022-11-07 19:00:00+05:30,0.0,26.34
2022-11-07 20:00:00+05:30,0.0,24.22
2022-11-07 21:00:00+05:30,0.0,22.43
2022-11-07 22:00:00+05:30,0.0,21.04
2022-11-07 23:00:00+05:30,0.0,20.39
2022-11-08 00:00:00+05:30,0.0,19.9
2022-11-08 01:00:00+05:30,0.0,21.86
2022-11-08 02:00:00+05:30,0.0,18.72
2022-11-08 03:00:00+05:30,0.0,18.2
2022-11-08 04:00:00+05:30,0.0,19.06
2022-11-08 05:00:00+05:30,0.0,20.18
2022-11-08 06:00:00+05:30,0.0,18.6
2022-11-08 07:00:00+05:30,17.92,18.37
2022-11-08 08:00:00+05:30,98.03,19.71
2022-11-08 09:00:00+05:30,200.88,22.36
2022-11-08 10:00:00+05:30,325.17,24.99
2022-11-08 11:00:00+05:30,398.97,26.69
2022-11-08 12:00:00+05:30,400.52,27.49
2022-11-08 13:00:00+05:30,386.09,28.2
2022-11-08 14:00:00+05:30,313.38,28.17
2022-11-08 15:00:00+05:30,207.39,26.33
2022-11-08 16:00:00+05:30,136.37,26.54
2022-11-08 17:00:00+05:30,35.07,26.08
2022-11-08 18:00:00+05:30,0.0,24.72
2022-11-08 19:00:00+05:30,0.0,23.19
2022-11-08 20:00:00+05:30,0.0,21.44
2022-11-08 21:00:00+05:30,0.0,20.3
2022-11-08 22:00:00+05:30,0.0,19.88
2022-11-08 23:00:00+05:30,0.0,19.47
2022-11-09 00:00:00+05:30,0.0,18.76
2022-11-09 01:00:00+05:30,0.0,18.97
2022-11-09 02:00:00+05:30,0.0,18.86
2022-11-09 03:00:00+05:30,0.0,18.65
2022-11-09 04:00:00+05:30,0.0,18.6
2022-11-09 05:00:00+05:30,0.0,18.63
2022-11-09 06:00:00+05:30,0.0,18.23
2022-11-09 07:00:00+05:30,15.67,17.88
2022-11-09 08:00:00+05:30,95.18,18.16
2022-11-09 09:00:00+05:30,225.61,20.98
2022-11-09 10:00:00+05:30,328.52,23.47
2022-11-09 11:00:00+05:30,415.41,24.94
2022-11-09 12:00:00+05:30,444.99,26.07
2022-11-09 13:00:00+05:30,441.98,26.8
2022-11-09 14:00:00+05:30,366.17,27.33
2022-11-09 15:00:00+05:30,249.72,27.48
2022-11-09 16:00:00+05:30,128.23,27.3
2022-11-09 17:00:00+05:30,31.63,26.73
2022-11-09 18:00:00+05:30,0.0,25.3
2022-11-09 19:00:00+05:30,0.0,23.96
2022-11-09 20:00:00+05:30,0.0,22.64
2022-11-09 21:00:00+05:30,0.0,23.07
2022-11-09 22:00:00+05:30,0.0,21.72
2022-11-09 23:00:00+05:30,0.0,19.88
2022-11-10 00:00:00+05:30,0.0,19.08
2022-11-10 01:00:00+05:30,0.0,18.49
2022-11-10 02:00:00+05:30,0.0,18.05
2022-11-10 03:00:00+05:30,0.0,17.72
2022-11-10 04:00:00+05:30,0.0,17.46
2022-11-10 05:00:00+05:30,0.0,17.06
2022-11-10 06:00:00+05:30,0.0,16.69
2022-11-10 07:00:00+05:30,16.58,16.4
2022-11-10 08:00:00+05:30,97.79,17.39
2022-11-10 09:00:00+05:30,209.13,21.03
2022-11-10 10:00:00+05:30,328.43,23.43
2022-11-10 11:00:00+05:30,404.21,25.45
2022-11-10 12:00:00+05:30,454.52,26.61
2022-11-10 13:00:00+05:30,430.53,27.55
2022-11-10 14:00:00+05:30,314.01,28.12
2022-11-10 15:00:00+05:30,213.93,27.97
2022-11-10 16:00:00+05:30,120.61,27.8
2022-11-10 17:00:00+05:30,27.71,26.94
2022-11-10 18:00:00+05:30,0.0,25.84
2022-11-10 19:00:00+05:30,0.0,23.62
2022-11-10 20:00:00+05:30,0.0,22.02
2022-11-10 21:00:00+05:30,0.0,21.2
2022-11-10 22:00:00+05:30,0.0,20.46
2022-11-10 23:00:00+05:30,0.0,19.78
2022-11-11 00:00:00+05:30,0.0,19.02
2022-11-11 01:00:00+05:30,0.0,18.37
2022-11-11 02:00:00+05:30,0.0,17.83
2022-11-11 03:00:00+05:30,0.0,17.36
2022-11-11 04:00:00+05:30,0.0,17.0
2022-11-11 05:00:00+05:30,0.0,16.66
2022-11-11 06:00:00+05:30,0.0,16.25
2022-11-11 07:00:00+05:30,16.58,15.81
2022-11-11 08:00:00+05:30,96.16,15.88
2022-11-11 09:00:00+05:30,230.97,19.65
2022-11-11 10:00:00+05:30,350.74,22.92
2022-11-11 11:00:00+05:30,432.82,24.81
2022-11-11 12:00:00+05:30,465.77,25.94
2022-11-11 13:00:00+05:30,447.17,26.86
2022-11-11 14:00:00+05:30,379.49,27.44
2022-11-11 15:00:00+05:30,269.89,27.66
2022-11-11 16:00:00+05:30,135.92,27.49
2022-11-11 17:00:00+05:30,31.96,26.7
2022-11-11 18:00:00+05:30,0.0,24.93
2022-11-11 19:00:00+05:30,0.0,22.35
2022-11-11 20:00:00+05:30,0.0,20.6
2022-11-11 21:00:00+05:30,0.0,19.63
2022-11-11 22:00:00+05:30,0.0,18.86
2022-11-11 23:00:00+05:30,0.0,18.11
2022-11-12 00:00:00+05:30,0.0,17.35
2022-11-12 01:00:00+05:30,0.0,16.75
2022-11-12 02:00:00+05:30,0.0,16.18
2022-11-12 03:00:00+05:30,0.0,15.68
2022-11-12 04:00:00+05:30,0.0,15.34
2022-11-12 05:00:00+05:30,0.0,15.03
2022-11-12 06:00:00+05:30,0.0,14.69
2022-11-12 07:00:00+05:30,16.1,14.36
2022-11-12 08:00:00+05:30,93.47,14.45
2022-11-12 09:00:00+05:30,228.29,18.65
2022-11-12 10:00:00+05:30,347.73,22.13
2022-11-12 11:00:00+05:30,429.76,24.21
2022-11-12 12:00:00+05:30,463.91,25.48
2022-11-12 13:00:00+05:30,445.43,26.51
2022-11-12 14:00:00+05:30,376.6,27.02
2022-11-12 15:00:00+05:30,266.5,27.22
2022-11-12 16:00:00+05:30,133.33,27.12
2022-11-12 17:00:00+05:30,31.39,26.32
2022-11-12 18:00:00+05:30,0.0,24.51
2022-11-12 19:00:00+05:30,0.0,21.98
2022-11-12 20:00:00+05:30,0.0,20.06
2022-11-12 21:00:00+05:30,0.0,18.84
2022-11-12 22:00:00+05:30,0.0,17.93
2022-11-12 23:00:00+05:30,0.0,17.08
2022-11-13 00:00:00+05:30,0.0,16.18
2022-11-13 01:00:00+05:30,0.0,15.12
2022-11-13 02:00:00+05:30,0.0,14.38
2022-11-13 03:00:00+05:30,0.0,13.79
2022-11-13 04:00:00+05:30,0.0,13.34
2022-11-13 05:00:00+05:30,0.0,12.95
2022-11-13 06:00:00+05:30,0.0,12.59
2022-11-13 07:00:00+05:30,15.48,12.27
2022-11-13 08:00:00+05:30,90.74,13.05
2022-11-13 09:00:00+05:30,226.67,17.78
2022-11-13 10:00:00+05:30,346.31,22.44
2022-11-13 11:00:00+05:30,427.95,24.56
2022-11-13 12:00:00+05:30,460.13,25.87
2022-11-13 13:00:00+05:30,441.14,26.66
2022-11-13 14:00:00+05:30,372.22,27.23
2022-11-13 15:00:00+05:30,262.27,27.48
2022-11-13 16:00:00+05:30,129.97,27.39
2022-11-13 17:00:00+05:30,30.24,26.88
2022-11-13 18:00:00+05:30,0.0,25.36
2022-11-13 19:00:00+05:30,0.0,22.78
2022-11-13 20:00:00+05:30,0.0,20.92
2022-11-13 21:00:00+05:30,0.0,19.73
2022-11-13 22:00:00+05:30,0.0,18.85
2022-11-13 23:00:00+05:30,0.0,18.01
2022-11-14 00:00:00+05:30,0.0,17.14
2022-11-14 01:00:00+05:30,0.0,16.33
2022-11-14 02:00:00+05:30,0.0,15.74
2022-11-14 03:00:00+05:30,0.0,15.16
2022-11-14 04:00:00+05:30,0.0,14.58
2022-11-14 05:00:00+05:30,0.0,14.03
2022-11-14 06:00:00+05:30,0.0,14.04
2022-11-14 07:00:00+05:30,14.81,14.16
2022-11-14 08:00:00+05:30,87.06,14.55
2022-11-14 09:00:00+05:30,221.5,18.03
2022-11-14 10:00:00+05:30,340.66,21.59
2022-11-14 11:00:00+05:30,422.19,23.85
2022-11-14 12:00:00+05:30,454.86,25.57
2022-11-14 13:00:00+05:30,436.38,26.5
2022-11-14 14:00:00+05:30,368.25,27.05
2022-11-14 15:00:00+05:30,259.1,27.25
2022-11-14 16:00:00+05:30,127.44,27.11
2022-11-14 17:00:00+05:30,29.91,26.43
2022-11-14 18:00:00+05:30,0.0,24.65
2022-11-14 19:00:00+05:30,0.0,22.34
2022-11-14 20:00:00+05:30,0.0,21.0
2022-11-14 21:00:00+05:30,0.0,20.03
2022-11-14 22:00:00+05:30,0.0,19.24
2022-11-14 23:00:00+05:30,0.0,18.55
2022-11-15 00:00:00+05:30,0.0,17.91
2022-11-15 01:00:00+05:30,0.0,17.32
2022-11-15 02:00:00+05:30,0.0,16.61
2022-11-15 03:00:00+05:30,0.0,15.94
2022-11-15 04:00:00+05:30,0.0,15.43
2022-11-15 05:00:00+05:30,0.0,15.57
2022-11-15 06:00:00+05:30,0.0,15.06
2022-11-15 07:00:00+05:30,12.61,14.45
2022-11-15 08:00:00+05:30,81.34,14.67
2022-11-15 09:00:00+05:30,209.46,18.5
2022-11-15 10:00:00+05:30,320.36,21.33
2022-11-15 11:00:00+05:30,412.35,23.32
2022-11-15 12:00:00+05:30,443.31,24.91
2022-11-15 13:00:00+05:30,429.45,26.11
2022-11-15 14:00:00+05:30,361.83,26.95
2022-11-15 15:00:00+05:30,253.08,27.38
2022-11-15 16:00:00+05:30,122.51,27.42
2022-11-15 17:00:00+05:30,28.62,26.88
2022-11-15 18:00:00+05:30,0.0,25.5
2022-11-15 19:00:00+05:30,0.0,23.2
2022-11-15 20:00:00+05:30,0.0,21.72
2022-11-15 21:00:00+05:30,0.0,20.9
2022-11-15 22:00:00+05:30,0.0,18.55
2022-11-15 23:00:00+05:30,0.0,17.76
2022-11-16 00:00:00+05:30,0.0,17.12
2022-11-16 01:00:00+05:30,0.0,16.94
2022-11-16 02:00:00+05:30,0.0,16.69
2022-11-16 03:00:00+05:30,0.0,16.43
2022-11-16 04:00:00+05:30,0.0,16.19
2022-11-16 05:00:00+05:30,0.0,15.94
2022-11-16 06:00:00+05:30,0.0,15.67
2022-11-16 07:00:00+05:30,14.05,15.39
2022-11-16 08:00:00+05:30,81.07,15.61
2022-11-16 09:00:00+05:30,212.69,18.13
2022-11-16 10:00:00+05:30,330.91,20.94
2022-11-16 11:00:00+05:30,412.93,23.03
2022-11-16 12:00:00+05:30,447.39,24.34
2022-11-16 13:00:00+05:30,430.33,25.09
2022-11-16 14:00:00+05:30,361.95,25.58
2022-11-16 15:00:00+05:30,253.51,25.73
2022-11-16 16:00:00+05:30,123.11,25.54
2022-11-16 17:00:00+05:30,29.53,24.8
2022-11-16 18:00:00+05:30,0.0,22.79
2022-11-16 19:00:00+05:30,0.0,20.53
2022-11-16 20:00:00+05:30,0.0,19.16
2022-11-16 21:00:00+05:30,0.0,18.1
2022-11-16 22:00:00+05:30,0.0,17.17
2022-11-16 23:00:00+05:30,0.0,16.28
2022-11-17 00:00:00+05:30,0.0,15.48
2022-11-17 01:00:00+05:30,0.0,14.65
2022-11-17 02:00:00+05:30,0.0,14.1
2022-11-17 03:00:00+05:30,0.0,13.63
2022-11-17 04:00:00+05:30,0.0,13.25
2022-11-17 05:00:00+05:30,0.0,12.9
2022-11-17 06:00:00+05:30,0.0,12.56
2022-11-17 07:00:00+05:30,13.66,12.22
2022-11-17 08:00:00+05:30,78.95,12.3
2022-11-17 09:00:00+05:30,212.83,16.47
2022-11-17 10:00:00+05:30,332.9,20.37
2022-11-17 11:00:00+05:30,415.75,22.47
2022-11-17 12:00:00+05:30,449.9,23.73
2022-11-17 13:00:00+05:30,431.8,24.46
2022-11-17 14:00:00+05:30,363.45,25.07
2022-11-17 15:00:00+05:30,254.02,25.26
2022-11-17 16:00:00+05:30,122.11,25.07
2022-11-17 17:00:00+05:30,29.29,24.26
2022-11-17 18:00:00+05:30,0.0,22.16
2022-11-17 19:00:00+05:30,0.0,19.86
2022-11-17 20:00:00+05:30,0.0,18.22
2022-11-17 21:00:00+05:30,0.0,16.91
2022-11-17 22:00:00+05:30,0.0,15.75
2022-11-17 23:00:00+05:30,0.0,14.67
2022-11-18 00:00:00+05:30,0.0,13.75
2022-11-18 01:00:00+05:30,0.0,13.01
2022-11-18 02:00:00+05:30,0.0,12.5
2022-11-18 03:00:00+05:30,0.0,12.05
2022-11-18 04:00:00+05:30,0.0,11.64
2022-11-18 05:00:00+05:30,0.0,11.24
2022-11-18 06:00:00+05:30,0.0,10.82
2022-11-18 07:00:00+05:30,13.33,10.42
2022-11-18 08:00:00+05:30,76.33,10.8
2022-11-18 09:00:00+05:30,210.27,15.43
2022-11-18 10:00:00+05:30,330.4,19.92
2022-11-18 11:00:00+05:30,413.01,21.98
2022-11-18 12:00:00+05:30,445.74,23.17
2022-11-18 13:00:00+05:30,427.57,24.14
2022-11-18 14:00:00+05:30,359.49,24.72
2022-11-18 15:00:00+05:30,250.54,24.98
2022-11-18 16:00:00+05:30,119.48,24.98
2022-11-18 17:00:00+05:30,28.76,24.51
2022-11-18 18:00:00+05:30,0.0,23.31
2022-11-18 19:00:00+05:30,0.0,21.74
2022-11-18 20:00:00+05:30,0.0,20.08
2022-11-18 21:00:00+05:30,0.0,17.27
2022-11-18 22:00:00+05:30,0.0,15.23
2022-11-18 23:00:00+05:30,0.0,14.26
2022-11-19 00:00:00+05:30,0.0,13.59
2022-11-19 01:00:00+05:30,0.0,13.22
2022-11-19 02:00:00+05:30,0.0,12.73
2022-11-19 03:00:00+05:30,0.0,12.33
2022-11-19 04:00:00+05:30,0.0,12.16
2022-11-19 05:00:00+05:30,0.0,12.49
2022-11-19 06:00:00+05:30,0.0,12.91
2022-11-19 07:00:00+05:30,12.66,12.82
2022-11-19 08:00:00+05:30,72.12,12.77
2022-11-19 09:00:00+05:30,203.24,15.94
2022-11-19 10:00:00+05:30,321.45,19.97
2022-11-19 11:00:00+05:30,403.4,22.08
2022-11-19 12:00:00+05:30,437.53,23.57
2022-11-19 13:00:00+05:30,420.11,24.58
2022-11-19 14:00:00+05:30,352.96,25.32
2022-11-19 15:00:00+05:30,245.34,25.74
2022-11-19 16:00:00+05:30,116.3,25.78
2022-11-19 17:00:00+05:30,28.19,25.33
2022-11-19 18:00:00+05:30,0.0,23.91
2022-11-19 19:00:00+05:30,0.0,21.4
2022-11-19 20:00:00+05:30,0.0,19.43
2022-11-19 21:00:00+05:30,0.0,17.84
2022-11-19 22:00:00+05:30,0.0,16.69
2022-11-19 23:00:00+05:30,0.0,15.84
2022-11-20 00:00:00+05:30,0.0,15.05
2022-11-20 01:00:00+05:30,0.0,14.27
2022-11-20 02:00:00+05:30,0.0,13.71
2022-11-20 03:00:00+05:30,0.0,13.19
2022-11-20 04:00:00+05:30,0.0,12.67
2022-11-20 05:00:00+05:30,0.0,12.19
2022-11-20 06:00:00+05:30,0.0,11.72
2022-11-20 07:00:00+05:30,12.14,11.29
2022-11-20 08:00:00+05:30,69.77,11.35
2022-11-20 09:00:00+05:30,200.57,16.05
2022-11-20 10:00:00+05:30,319.14,20.51
2022-11-20 11:00:00+05:30,401.47,22.55
2022-11-20 12:00:00+05:30,435.96,23.79
2022-11-20 13:00:00+05:30,418.85,24.8
2022-11-20 14:00:00+05:30,352.06,25.57
2022-11-20 15:00:00+05:30,244.44,25.94
2022-11-20 16:00:00+05:30,114.85,25.86
2022-11-20 17:00:00+05:30,27.81,25.03
2022-11-20 18:00:00+05:30,0.0,23.01
2022-11-20 19:00:00+05:30,0.0,20.43
2022-11-20 20:00:00+05:30,0.0,18.52
2022-11-20 21:00:00+05:30,0.0,17.15
2022-11-20 22:00:00+05:30,0.0,16.09
2022-11-20 23:00:00+05:30,0.0,15.24
2022-11-21 00:00:00+05:30,0.0,14.6
2022-11-21 01:00:00+05:30,0.0,14.04
2022-11-21 02:00:00+05:30,0.0,13.73
2022-11-21 03:00:00+05:30,0.0,13.45
2022-11-21 04:00:00+05:30,0.0,13.28
2022-11-21 05:00:00+05:30,0.0,13.16
2022-11-21 06:00:00+05:30,0.0,13.1
2022-11-21 07:00:00+05:30,11.75,13.0
2022-11-21 08:00:00+05:30,67.17,13.28
2022-11-21 09:00:00+05:30,199.33,16.36
2022-11-21 10:00:00+05:30,318.55,20.18
2022-11-21 11:00:00+05:30,400.77,22.72
2022-11-21 12:00:00+05:30,435.11,24.52
2022-11-21 13:00:00+05:30,417.49,25.66
2022-11-21 14:00:00+05:30,350.24,26.36
2022-11-21 15:00:00+05:30,242.35,26.65
2022-11-21 16:00:00+05:30,112.93,26.56
2022-11-21 17:00:00+05:30,27.61,25.89
2022-11-21 18:00:00+05:30,0.0,24.07
2022-11-21 19:00:00+05:30,0.0,21.08
2022-11-21 20:00:00+05:30,0.0,18.76
2022-11-21 21:00:00+05:30,0.0,16.92
2022-11-21 22:00:00+05:30,0.0,15.88
2022-11-21 23:00:00+05:30,0.0,15.24
2022-11-22 00:00:00+05:30,0.0,14.73
2022-11-22 01:00:00+05:30,0.0,14.29
2022-11-22 02:00:00+05:30,0.0,13.88
2022-11-22 03:00:00+05:30,0.0,13.46
2022-11-22 04:00:00+05:30,0.0,13.12
2022-11-22 05:00:00+05:30,0.0,12.81
2022-11-22 06:00:00+05:30,0.0,12.45
2022-11-22 07:00:00+05:30,11.28,12.02
2022-11-22 08:00:00+05:30,64.13,11.81
2022-11-22 09:00:00+05:30,194.97,15.46
2022-11-22 10:00:00+05:30,313.8,19.77
2022-11-22 11:00:00+05:30,396.43,22.29
2022-11-22 12:00:00+05:30,431.32,23.66
2022-11-22 13:00:00+05:30,414.31,24.59
2022-11-22 14:00:00+05:30,347.62,25.2
2022-11-22 15:00:00+05:30,240.25,25.45
2022-11-22 16:00:00+05:30,111.18,25.37
2022-11-22 17:00:00+05:30,27.23,24.66
2022-11-22 18:00:00+05:30,0.0,23.0
2022-11-22 19:00:00+05:30,0.0,20.63
2022-11-22 20:00:00+05:30,0.0,18.48
2022-11-22 21:00:00+05:30,0.0,16.8
2022-11-22 22:00:00+05:30,0.0,15.7
2022-11-22 23:00:00+05:30,0.0,14.89
2022-11-23 00:00:00+05:30,0.0,14.15
2022-11-23 01:00:00+05:30,0.0,13.5
2022-11-23 02:00:00+05:30,0.0,13.09
2022-11-23 03:00:00+05:30,0.0,12.83
2022-11-23 04:00:00+05:30,0.0,12.57
2022-11-23 05:00:00+05:30,0.0,12.24
2022-11-23 06:00:00+05:30,0.0,11.9
2022-11-23 07:00:00+05:30,10.99,11.57
2022-11-23 08:00:00+05:30,61.78,11.42
2022-11-23 09:00:00+05:30,194.56,14.97
2022-11-23 10:00:00+05:30,315.93,19.85
2022-11-23 11:00:00+05:30,400.42,22.47
2022-11-23 12:00:00+05:30,434.87,23.79
2022-11-23 13:00:00+05:30,417.99,24.67
2022-11-23 14:00:00+05:30,349.51,25.27
2022-11-23 15:00:00+05:30,242.09,25.5
2022-11-23 16:00:00+05:30,111.0,25.33
2022-11-23 17:00:00+05:30,27.57,24.47
2022-11-23 18:00:00+05:30,0.0,22.68
2022-11-23 19:00:00+05:30,0.0,20.14
2022-11-23 20:00:00+05:30,0.0,17.86
2022-11-23 21:00:00+05:30,0.0,16.06
2022-11-23 22:00:00+05:30,0.0,14.88
2022-11-23 23:00:00+05:30,0.0,14.04
2022-11-24 00:00:00+05:30,0.0,13.32
2022-11-24 01:00:00+05:30,0.0,12.66
2022-11-24 02:00:00+05:30,0.0,12.31
2022-11-24 03:00:00+05:30,0.0,12.03
2022-11-24 04:00:00+05:30,0.0,11.78
2022-11-24 05:00:00+05:30,0.0,11.38
2022-11-24 06:00:00+05:30,0.0,10.88
2022-11-24 07:00:00+05:30,10.61,10.32
2022-11-24 08:00:00+05:30,59.36,9.96
2022-11-24 09:00:00+05:30,192.87,13.72
2022-11-24 10:00:00+05:30,314.2,19.15
2022-11-24 11:00:00+05:30,398.36,22.16
2022-11-24 12:00:00+05:30,433.78,23.68
2022-11-24 13:00:00+05:30,416.75,24.34
2022-11-24 14:00:00+05:30,349.44,24.94
2022-11-24 15:00:00+05:30,240.71,25.23
2022-11-24 16:00:00+05:30,109.67,25.19
2022-11-24 17:00:00+05:30,27.38,24.54
2022-11-24 18:00:00+05:30,0.0,22.79
2022-11-24 19:00:00+05:30,0.0,20.99
2022-11-24 20:00:00+05:30,0.0,19.7
2022-11-24 21:00:00+05:30,0.0,18.58
2022-11-24 22:00:00+05:30,0.0,17.75
2022-11-24 23:00:00+05:30,0.0,17.12
2022-11-25 00:00:00+05:30,0.0,16.58
2022-11-25 01:00:00+05:30,0.0,15.87
2022-11-25 02:00:00+05:30,0.0,15.45
2022-11-25 03:00:00+05:30,0.0,15.06
2022-11-25 04:00:00+05:30,0.0,13.6
2022-11-25 05:00:00+05:30,0.0,12.09
2022-11-25 06:00:00+05:30,0.0,10.88
2022-11-25 07:00:00+05:30,11.28,10.07
2022-11-25 08:00:00+05:30,58.75,9.8
2022-11-25 09:00:00+05:30,188.08,13.88
2022-11-25 10:00:00+05:30,307.89,19.76
2022-11-25 11:00:00+05:30,391.13,22.45
2022-11-25 12:00:00+05:30,426.28,23.92
2022-11-25 13:00:00+05:30,409.86,24.58
2022-11-25 14:00:00+05:30,343.65,25.16
2022-11-25 15:00:00+05:30,236.66,25.38
2022-11-25 16:00:00+05:30,110.12,25.4
2022-11-25 17:00:00+05:30,28.43,24.86
2022-11-25 18:00:00+05:30,0.0,23.36
2022-11-25 19:00:00+05:30,0.0,21.58
2022-11-25 20:00:00+05:30,0.0,20.06
2022-11-25 21:00:00+05:30,0.0,18.73
2022-11-25 22:00:00+05:30,0.0,16.49
2022-11-25 23:00:00+05:30,0.0,13.78
2022-11-26 00:00:00+05:30,0.0,12.36
2022-11-26 01:00:00+05:30,0.0,11.51
2022-11-26 02:00:00+05:30,0.0,10.88
2022-11-26 03:00:00+05:30,0.0,10.36
2022-11-26 04:00:00+05:30,0.0,9.89
2022-11-26 05:00:00+05:30,0.0,9.48
2022-11-26 06:00:00+05:30,0.0,9.17
2022-11-26 07:00:00+05:30,9.6,8.93
2022-11-26 08:00:00+05:30,53.67,9.05
2022-11-26 09:00:00+05:30,184.18,13.73
2022-11-26 10:00:00+05:30,304.11,19.58
2022-11-26 11:00:00+05:30,387.78,22.65
2022-11-26 12:00:00+05:30,423.06,24.41
2022-11-26 13:00:00+05:30,406.74,25.44
2022-11-26 14:00:00+05:30,340.63,26.23
2022-11-26 15:00:00+05:30,233.82,26.63
2022-11-26 16:00:00+05:30,105.36,26.58
2022-11-26 17:00:00+05:30,26.71,25.67
2022-11-26 18:00:00+05:30,0.0,23.81
2022-11-26 19:00:00+05:30,0.0,20.4
2022-11-26 20:00:00+05:30,0.0,17.91
2022-11-26 21:00:00+05:30,0.0,16.03
2022-11-26 22:00:00+05:30,0.0,14.68
2022-11-26 23:00:00+05:30,0.0,13.61
2022-11-27 00:00:00+05:30,0.0,12.75
2022-11-27 01:00:00+05:30,0.0,12.23
2022-11-27 02:00:00+05:30,0.0,11.52
2022-11-27 03:00:00+05:30,0.0,10.94
2022-11-27 04:00:00+05:30,0.0,10.46
2022-11-27 05:00:00+05:30,0.0,10.01
2022-11-27 06:00:00+05:30,0.0,9.67
2022-11-27 07:00:00+05:30,0.0,9.35
2022-11-27 08:00:00+05:30,50.95,9.35
2022-11-27 09:00:00+05:30,180.46,13.48
2022-11-27 10:00:00+05:30,299.77,19.98
2022-11-27 11:00:00+05:30,383.32,22.67
2022-11-27 12:00:00+05:30,418.48,24.13
2022-11-27 13:00:00+05:30,402.72,24.93
2022-11-27 14:00:00+05:30,337.39,25.55
2022-11-27 15:00:00+05:30,231.3,25.81
2022-11-27 16:00:00+05:30,103.65,25.78
2022-11-27 17:00:00+05:30,26.47,25.08
2022-11-27 18:00:00+05:30,0.0,23.48
2022-11-27 19:00:00+05:30,0.0,20.28
2022-11-27 20:00:00+05:30,0.0,17.82
2022-11-27 21:00:00+05:30,0.0,16.35
2022-11-27 22:00:00+05:30,0.0,15.81
2022-11-27 23:00:00+05:30,0.0,16.58
2022-11-28 00:00:00+05:30,0.0,17.09
2022-11-28 01:00:00+05:30,0.0,16.43
2022-11-28 02:00:00+05:30,0.0,16.21
2022-11-28 03:00:00+05:30,0.0,15.82
2022-11-28 04:00:00+05:30,0.0,14.43
2022-11-28 05:00:00+05:30,0.0,12.13
2022-11-28 06:00:00+05:30,0.0,10.98
2022-11-28 07:00:00+05:30,0.0,10.47
2022-11-28 08:00:00+05:30,48.49,10.49
2022-11-28 09:00:00+05:30,175.05,14.39
2022-11-28 10:00:00+05:30,292.67,19.67
2022-11-28 11:00:00+05:30,375.39,22.04
2022-11-28 12:00:00+05:30,410.75,23.57
2022-11-28 13:00:00+05:30,395.76,24.25
2022-11-28 14:00:00+05:30,331.76,24.88
2022-11-28 15:00:00+05:30,227.39,25.15
2022-11-28 16:00:00+05:30,101.74,25.08
2022-11-28 17:00:00+05:30,26.37,24.52
2022-11-28 18:00:00+05:30,0.0,23.01
2022-11-28 19:00:00+05:30,0.0,20.48
2022-11-28 20:00:00+05:30,0.0,18.33
2022-11-28 21:00:00+05:30,0.0,16.74
2022-11-28 22:00:00+05:30,0.0,15.56
2022-11-28 23:00:00+05:30,0.0,14.84
2022-11-29 00:00:00+05:30,0.0,16.09
2022-11-29 01:00:00+05:30,0.0,16.11
2022-11-29 02:00:00+05:30,0.0,16.1
2022-11-29 03:00:00+05:30,0.0,13.88
2022-11-29 04:00:00+05:30,0.0,12.43
2022-11-29 05:00:00+05:30,0.0,11.72
2022-11-29 06:00:00+05:30,0.0,11.38
2022-11-29 07:00:00+05:30,0.0,11.31
2022-11-29 08:00:00+05:30,46.63,11.43
2022-11-29 09:00:00+05:30,171.9,14.84
2022-11-29 10:00:00+05:30,288.88,19.34
2022-11-29 11:00:00+05:30,371.41,21.59
2022-11-29 12:00:00+05:30,407.31,23.05
2022-11-29 13:00:00+05:30,390.88,23.94
2022-11-29 14:00:00+05:30,329.07,24.46
2022-11-29 15:00:00+05:30,225.1,24.76
2022-11-29 16:00:00+05:30,101.67,24.74
2022-11-29 17:00:00+05:30,28.33,24.28
2022-11-29 18:00:00+05:30,0.0,23.01
2022-11-29 19:00:00+05:30,0.0,20.35
2022-11-29 20:00:00+05:30,0.0,18.65
2022-11-29 21:00:00+05:30,0.0,18.26
2022-11-29 22:00:00+05:30,0.0,17.6
2022-11-29 23:00:00+05:30,0.0,17.01
2022-11-30 00:00:00+05:30,0.0,15.0
2022-11-30 01:00:00+05:30,0.0,14.13
2022-11-30 02:00:00+05:30,0.0,12.34
2022-11-30 03:00:00+05:30,0.0,11.54
2022-11-30 04:00:00+05:30,0.0,11.01
2022-11-30 05:00:00+05:30,0.0,10.59
2022-11-30 06:00:00+05:30,0.0,10.19
2022-11-30 07:00:00+05:30,0.0,9.76
2022-11-30 08:00:00+05:30,46.62,9.61
2022-11-30 09:00:00+05:30,169.23,13.32
2022-11-30 10:00:00+05:30,286.21,18.99
2022-11-30 11:00:00+05:30,368.84,21.43
2022-11-30 12:00:00+05:30,405.17,22.84
2022-11-30 13:00:00+05:30,390.65,23.66
2022-11-30 14:00:00+05:30,327.3,24.32
2022-11-30 15:00:00+05:30,223.82,24.68
2022-11-30 16:00:00+05:30,99.42,24.63
2022-11-30 17:00:00+05:30,26.37,24.13
2022-11-30 18:00:00+05:30,0.0,22.78
2022-11-30 19:00:00+05:30,0.0,20.41
2022-11-30 20:00:00+05:30,0.0,19.31
2022-11-30 21:00:00+05:30,0.0,18.49
2022-11-30 22:00:00+05:30,0.0,17.68
2022-11-30 23:00:00+05:30,0.0,15.37
2022-12-01 00:00:00+05:30,0.0,13.05
2022-12-01 01:00:00+05:30,0.0,12.52
2022-12-01 02:00:00+05:30,0.0,11.87
2022-12-01 03:00:00+05:30,0.0,11.41
2022-12-01 04:00:00+05:30,0.0,11.03
2022-12-01 05:00:00+05:30,0.0,10.62
2022-12-01 06:00:00+05:30,0.0,10.25
2022-12-01 07:00:00+05:30,0.0,9.89
2022-12-01 08:00:00+05:30,42.19,9.71
2022-12-01 09:00:00+05:30,166.48,13.4
2022-12-01 10:00:00+05:30,283.67,18.85
2022-12-01 11:00:00+05:30,366.71,21.16
2022-12-01 12:00:00+05:30,403.1,22.52
2022-12-01 13:00:00+05:30,388.71,23.13
2022-12-01 14:00:00+05:30,325.53,23.75
2022-12-01 15:00:00+05:30,222.34,24.08
2022-12-01 16:00:00+05:30,98.32,24.1
2022-12-01 17:00:00+05:30,26.28,23.73
2022-12-01 18:00:00+05:30,0.0,22.5
2022-12-01 19:00:00+05:30,0.0,19.79
2022-12-01 20:00:00+05:30,0.0,17.58
2022-12-01 21:00:00+05:30,0.0,16.78
2022-12-01 22:00:00+05:30,0.0,16.91
2022-12-01 23:00:00+05:30,0.0,16.31
2022-12-02 00:00:00+05:30,0.0,15.94
2022-12-02 01:00:00+05:30,0.0,15.28
2022-12-02 02:00:00+05:30,0.0,14.91
2022-12-02 03:00:00+05:30,0.0,14.12
2022-12-02 04:00:00+05:30,0.0,11.74
2022-12-02 05:00:00+05:30,0.0,11.11
2022-12-02 06:00:00+05:30,0.0,10.94
2022-12-02 07:00:00+05:30,0.0,10.81
2022-12-02 08:00:00+05:30,39.92,11.14
2022-12-02 09:00:00+05:30,163.14,13.72
2022-12-02 10:00:00+05:30,279.68,18.31
2022-12-02 11:00:00+05:30,362.66,20.72
2022-12-02 12:00:00+05:30,400.02,22.08
2022-12-02 13:00:00+05:30,386.63,22.77
2022-12-02 14:00:00+05:30,324.31,23.32
2022-12-02 15:00:00+05:30,221.62,23.55
2022-12-02 16:00:00+05:30,97.67,23.41
2022-12-02 17:00:00+05:30,26.37,22.81
2022-12-02 18:00:00+05:30,0.0,21.41
2022-12-02 19:00:00+05:30,0.0,19.34
2022-12-02 20:00:00+05:30,0.0,17.68
2022-12-02 21:00:00+05:30,0.0,16.46
2022-12-02 22:00:00+05:30,0.0,15.41
2022-12-02 23:00:00+05:30,0.0,14.41
2022-12-03 00:00:00+05:30,0.0,13.44
2022-12-03 01:00:00+05:30,0.0,13.29
2022-12-03 02:00:00+05:30,0.0,15.22
2022-12-03 03:00:00+05:30,0.0,15.05
2022-12-03 04:00:00+05:30,0.0,12.95
2022-12-03 05:00:00+05:30,0.0,11.2
2022-12-03 06:00:00+05:30,0.0,10.73
2022-12-03 07:00:00+05:30,0.0,10.47
2022-12-03 08:00:00+05:30,37.62,10.36
2022-12-03 09:00:00+05:30,160.36,14.54
2022-12-03 10:00:00+05:30,277.01,18.66
2022-12-03 11:00:00+05:30,360.33,20.65
2022-12-03 12:00:00+05:30,397.9,21.83
2022-12-03 13:00:00+05:30,384.61,22.41
2022-12-03 14:00:00+05:30,322.38,23.05
2022-12-03 15:00:00+05:30,219.96,23.41
2022-12-03 16:00:00+05:30,96.59,23.41
2022-12-03 17:00:00+05:30,26.32,22.89
2022-12-03 18:00:00+05:30,0.0,21.54
2022-12-03 19:00:00+05:30,0.0,19.26
2022-12-03 20:00:00+05:30,0.0,16.93
2022-12-03 21:00:00+05:30,0.0,15.79
2022-12-03 22:00:00+05:30,0.0,14.84
2022-12-03 23:00:00+05:30,0.0,13.76
2022-12-04 00:00:00+05:30,0.0,12.86
2022-12-04 01:00:00+05:30,0.0,11.95
2022-12-04 02:00:00+05:30,0.0,11.83
2022-12-04 03:00:00+05:30,0.0,11.82
2022-12-04 04:00:00+05:30,0.0,11.57
2022-12-04 05:00:00+05:30,0.0,10.99
2022-12-04 06:00:00+05:30,0.0,10.54
2022-12-04 07:00:00+05:30,0.0,10.01
2022-12-04 08:00:00+05:30,35.6,9.79
2022-12-04 09:00:00+05:30,157.83,13.68
2022-12-04 10:00:00+05:30,274.33,18.73
2022-12-04 11:00:00+05:30,357.58,21.02
2022-12-04 12:00:00+05:30,395.69,22.22
2022-12-04 13:00:00+05:30,382.39,22.85
2022-12-04 14:00:00+05:30,320.38,23.38
2022-12-04 15:00:00+05:30,218.42,23.59
2022-12-04 16:00:00+05:30,95.7,23.47
2022-12-04 17:00:00+05:30,26.23,23.02
2022-12-04 18:00:00+05:30,0.0,21.79
2022-12-04 19:00:00+05:30,0.0,19.26
2022-12-04 20:00:00+05:30,0.0,17.14
2022-12-04 21:00:00+05:30,0.0,15.77
2022-12-04 22:00:00+05:30,0.0,15.48
2022-12-04 23:00:00+05:30,0.0,16.39
2022-12-05 00:00:00+05:30,0.0,15.77
2022-12-05 01:00:00+05:30,0.0,14.94
2022-12-05 02:00:00+05:30,0.0,14.5
2022-12-05 03:00:00+05:30,0.0,13.05
2022-12-05 04:00:00+05:30,0.0,11.05
2022-12-05 05:00:00+05:30,0.0,10.31
2022-12-05 06:00:00+05:30,0.0,9.67
2022-12-05 07:00:00+05:30,0.0,9.13
2022-12-05 08:00:00+05:30,49.4,8.82
2022-12-05 09:00:00+05:30,155.21,12.86
2022-12-05 10:00:00+05:30,271.46,17.95
2022-12-05 11:00:00+05:30,354.79,20.38
2022-12-05 12:00:00+05:30,391.92,21.74
2022-12-05 13:00:00+05:30,379.45,22.63
2022-12-05 14:00:00+05:30,318.23,23.23
2022-12-05 15:00:00+05:30,216.99,23.45
2022-12-05 16:00:00+05:30,94.94,23.43
2022-12-05 17:00:00+05:30,26.23,23.02
2022-12-05 18:00:00+05:30,0.0,21.91
2022-12-05 19:00:00+05:30,0.0,19.97
2022-12-05 20:00:00+05:30,0.0,18.38
2022-12-05 21:00:00+05:30,0.0,16.78
2022-12-05 22:00:00+05:30,0.0,14.91
2022-12-05 23:00:00+05:30,0.0,12.83
2022-12-06 00:00:00+05:30,0.0,12.11
2022-12-06 01:00:00+05:30,0.0,11.56
2022-12-06 02:00:00+05:30,0.0,10.96
2022-12-06 03:00:00+05:30,0.0,10.34
2022-12-06 04:00:00+05:30,0.0,9.73
2022-12-06 05:00:00+05:30,0.0,9.33
2022-12-06 06:00:00+05:30,0.0,9.1
2022-12-06 07:00:00+05:30,0.0,8.84
2022-12-06 08:00:00+05:30,48.87,8.66
2022-12-06 09:00:00+05:30,153.16,12.07
2022-12-06 10:00:00+05:30,269.95,17.32
2022-12-06 11:00:00+05:30,354.12,19.85
2022-12-06 12:00:00+05:30,393.2,21.3
2022-12-06 13:00:00+05:30,381.27,22.41
2022-12-06 14:00:00+05:30,320.15,23.21
2022-12-06 15:00:00+05:30,218.23,23.63
2022-12-06 16:00:00+05:30,94.75,23.69
2022-12-06 17:00:00+05:30,26.28,23.05
2022-12-06 18:00:00+05:30,0.0,21.5
2022-12-06 19:00:00+05:30,0.0,18.98
2022-12-06 20:00:00+05:30,0.0,16.72
2022-12-06 21:00:00+05:30,0.0,14.94
2022-12-06 22:00:00+05:30,0.0,14.09
2022-12-06 23:00:00+05:30,0.0,13.47
2022-12-07 00:00:00+05:30,0.0,12.88
2022-12-07 01:00:00+05:30,0.0,12.14
2022-12-07 02:00:00+05:30,0.0,11.62
2022-12-07 03:00:00+05:30,0.0,11.12
2022-12-07 04:00:00+05:30,0.0,10.66
2022-12-07 05:00:00+05:30,0.0,10.24
2022-12-07 06:00:00+05:30,0.0,9.92
2022-12-07 07:00:00+05:30,0.0,9.65
2022-12-07 08:00:00+05:30,48.16,9.56
2022-12-07 09:00:00+05:30,152.11,12.43
2022-12-07 10:00:00+05:30,270.23,16.94
2022-12-07 11:00:00+05:30,354.98,19.76
2022-12-07 12:00:00+05:30,393.98,21.86
2022-12-07 13:00:00+05:30,381.76,23.4
2022-12-07 14:00:00+05:30,320.14,24.3
2022-12-07 15:00:00+05:30,217.92,24.72
2022-12-07 16:00:00+05:30,94.18,24.6
2022-12-07 17:00:00+05:30,26.32,23.59
2022-12-07 18:00:00+05:30,0.0,21.28
2022-12-07 19:00:00+05:30,0.0,18.43
2022-12-07 20:00:00+05:30,0.0,16.6
2022-12-07 21:00:00+05:30,0.0,15.38
2022-12-07 22:00:00+05:30,0.0,14.37
2022-12-07 23:00:00+05:30,0.0,13.48
2022-12-08 00:00:00+05:30,0.0,12.52
2022-12-08 01:00:00+05:30,0.0,11.46
2022-12-08 02:00:00+05:30,0.0,10.73
2022-12-08 03:00:00+05:30,0.0,10.19
2022-12-08 04:00:00+05:30,0.0,9.8
2022-12-08 05:00:00+05:30,0.0,9.49
2022-12-08 06:00:00+05:30,0.0,9.27
2022-12-08 07:00:00+05:30,0.0,9.15
2022-12-08 08:00:00+05:30,47.11,9.31
2022-12-08 09:00:00+05:30,147.96,12.39
2022-12-08 10:00:00+05:30,264.65,18.11
2022-12-08 11:00:00+05:30,348.72,21.12
2022-12-08 12:00:00+05:30,387.68,23.1
2022-12-08 13:00:00+05:30,375.66,24.03
2022-12-08 14:00:00+05:30,314.92,24.8
2022-12-08 15:00:00+05:30,214.38,25.19
2022-12-08 16:00:00+05:30,92.81,25.22
2022-12-08 17:00:00+05:30,26.04,24.58
2022-12-08 18:00:00+05:30,0.0,23.03
2022-12-08 19:00:00+05:30,0.0,21.09
2022-12-08 20:00:00+05:30,0.0,19.57
2022-12-08 21:00:00+05:30,0.0,16.81
2022-12-08 22:00:00+05:30,0.0,14.26
2022-12-08 23:00:00+05:30,0.0,13.16
2022-12-09 00:00:00+05:30,0.0,12.44
2022-12-09 01:00:00+05:30,0.0,11.86
2022-12-09 02:00:00+05:30,0.0,11.3
2022-12-09 03:00:00+05:30,0.0,10.82
2022-12-09 04:00:00+05:30,0.0,10.48
2022-12-09 05:00:00+05:30,0.0,10.34
2022-12-09 06:00:00+05:30,0.0,10.21
2022-12-09 07:00:00+05:30,0.0,9.7
2022-12-09 08:00:00+05:30,46.2,9.58
2022-12-09 09:00:00+05:30,145.04,13.06
2022-12-09 10:00:00+05:30,261.34,19.02
2022-12-09 11:00:00+05:30,345.5,21.91
2022-12-09 12:00:00+05:30,383.1,23.53
2022-12-09 13:00:00+05:30,371.74,24.16
2022-12-09 14:00:00+05:30,312.07,24.87
2022-12-09 15:00:00+05:30,212.65,25.22
2022-12-09 16:00:00+05:30,92.29,25.1
2022-12-09 17:00:00+05:30,26.18,24.28
2022-12-09 18:00:00+05:30,0.0,22.53
2022-12-09 19:00:00+05:30,0.0,20.18
2022-12-09 20:00:00+05:30,0.0,18.43
2022-12-09 21:00:00+05:30,0.0,17.11
2022-12-09 22:00:00+05:30,0.0,15.96
2022-12-09 23:00:00+05:30,0.0,14.82
2022-12-10 00:00:00+05:30,0.0,13.68
2022-12-10 01:00:00+05:30,0.0,13.67
2022-12-10 02:00:00+05:30,0.0,14.09
2022-12-10 03:00:00+05:30,0.0,13.29
2022-12-10 04:00:00+05:30,0.0,11.48
2022-12-10 05:00:00+05:30,0.0,10.83
2022-12-10 06:00:00+05:30,0.0,10.19
2022-12-10 07:00:00+05:30,0.0,9.79
2022-12-10 08:00:00+05:30,45.77,9.67
2022-12-10 09:00:00+05:30,142.72,13.28
2022-12-10 10:00:00+05:30,258.47,18.95
2022-12-10 11:00:00+05:30,342.39,21.68
2022-12-10 12:00:00+05:30,382.35,23.19
2022-12-10 13:00:00+05:30,371.51,23.99
2022-12-10 14:00:00+05:30,312.22,24.72
2022-12-10 15:00:00+05:30,212.92,25.13
2022-12-10 16:00:00+05:30,92.41,25.07
2022-12-10 17:00:00+05:30,26.56,24.25
2022-12-10 18:00:00+05:30,0.0,22.12
2022-12-10 19:00:00+05:30,0.0,19.59
2022-12-10 20:00:00+05:30,0.0,17.93
2022-12-10 21:00:00+05:30,0.0,16.75
2022-12-10 22:00:00+05:30,0.0,15.79
2022-12-10 23:00:00+05:30,0.0,14.94
2022-12-11 00:00:00+05:30,0.0,14.17
2022-12-11 01:00:00+05:30,0.0,13.67
2022-12-11 02:00:00+05:30,0.0,12.92
2022-12-11 03:00:00+05:30,0.0,12.3
2022-12-11 04:00:00+05:30,0.0,12.0
2022-12-11 05:00:00+05:30,0.0,11.88
2022-12-11 06:00:00+05:30,0.0,11.8
2022-12-11 07:00:00+05:30,0.0,11.65
2022-12-11 08:00:00+05:30,45.43,11.56
2022-12-11 09:00:00+05:30,141.26,14.03
2022-12-11 10:00:00+05:30,257.78,18.53
2022-12-11 11:00:00+05:30,342.48,21.58
2022-12-11 12:00:00+05:30,381.38,23.6
2022-12-11 13:00:00+05:30,371.02,24.79
2022-12-11 14:00:00+05:30,312.07,25.59
2022-12-11 15:00:00+05:30,212.94,25.91
2022-12-11 16:00:00+05:30,92.34,25.82
2022-12-11 17:00:00+05:30,26.71,24.94
2022-12-11 18:00:00+05:30,0.0,23.1
2022-12-11 19:00:00+05:30,0.0,20.6
2022-12-11 20:00:00+05:30,0.0,18.58
2022-12-11 21:00:00+05:30,0.0,17.06
2022-12-11 22:00:00+05:30,0.0,15.97
2022-12-11 23:00:00+05:30,0.0,15.08
2022-12-12 00:00:00+05:30,0.0,14.23
2022-12-12 01:00:00+05:30,0.0,13.35
2022-12-12 02:00:00+05:30,0.0,12.81
2022-12-12 03:00:00+05:30,0.0,12.42
2022-12-12 04:00:00+05:30,0.0,12.36
2022-12-12 05:00:00+05:30,0.0,12.4
2022-12-12 06:00:00+05:30,0.0,12.32
2022-12-12 07:00:00+05:30,0.0,12.19
2022-12-12 08:00:00+05:30,44.43,12.15
2022-12-12 09:00:00+05:30,137.23,14.55
2022-12-12 10:00:00+05:30,251.53,18.65
2022-12-12 11:00:00+05:30,335.45,21.79
2022-12-12 12:00:00+05:30,374.24,23.89
2022-12-12 13:00:00+05:30,364.29,25.11
2022-12-12 14:00:00+05:30,306.73,25.75
2022-12-12 15:00:00+05:30,209.54,26.01
2022-12-12 16:00:00+05:30,91.39,25.91
2022-12-12 17:00:00+05:30,26.61,25.06
2022-12-12 18:00:00+05:30,0.0,23.02
2022-12-12 19:00:00+05:30,0.0,20.22
2022-12-12 20:00:00+05:30,0.0,18.47
2022-12-12 21:00:00+05:30,0.0,17.25
2022-12-12 22:00:00+05:30,0.0,16.23
2022-12-12 23:00:00+05:30,0.0,15.35
2022-12-13 00:00:00+05:30,0.0,14.6
2022-12-13 01:00:00+05:30,0.0,13.96
2022-12-13 02:00:00+05:30,0.0,13.63
2022-12-13 03:00:00+05:30,0.0,13.53
2022-12-13 04:00:00+05:30,0.0,13.55
2022-12-13 05:00:00+05:30,0.0,13.64
2022-12-13 06:00:00+05:30,0.0,13.59
2022-12-13 07:00:00+05:30,0.0,13.41
2022-12-13 08:00:00+05:30,45.63,13.29
2022-12-13 09:00:00+05:30,135.68,15.29
2022-12-13 10:00:00+05:30,250.81,18.84
2022-12-13 11:00:00+05:30,331.91,21.74
2022-12-13 12:00:00+05:30,378.35,23.8
2022-12-13 13:00:00+05:30,368.94,24.8
2022-12-13 14:00:00+05:30,311.31,25.42
2022-12-13 15:00:00+05:30,213.14,25.58
2022-12-13 16:00:00+05:30,92.65,25.35
2022-12-13 17:00:00+05:30,27.28,24.25
2022-12-13 18:00:00+05:30,0.0,21.83
2022-12-13 19:00:00+05:30,0.0,18.92
2022-12-13 20:00:00+05:30,0.0,17.4
2022-12-13 21:00:00+05:30,0.0,16.38
2022-12-13 22:00:00+05:30,0.0,15.59
2022-12-13 23:00:00+05:30,0.0,14.85
2022-12-14 00:00:00+05:30,0.0,14.15
2022-12-14 01:00:00+05:30,0.0,13.3
2022-12-14 02:00:00+05:30,0.0,12.8
2022-12-14 03:00:00+05:30,0.0,12.34
2022-12-14 04:00:00+05:30,0.0,11.94
2022-12-14 05:00:00+05:30,0.0,11.65
2022-12-14 06:00:00+05:30,0.0,11.49
2022-12-14 07:00:00+05:30,0.0,11.42
2022-12-14 08:00:00+05:30,44.05,11.38
2022-12-14 09:00:00+05:30,136.53,13.57
2022-12-14 10:00:00+05:30,253.99,17.59
2022-12-14 11:00:00+05:30,339.72,20.54
2022-12-14 12:00:00+05:30,378.25,22.51
2022-12-14 13:00:00+05:30,368.02,23.93
2022-12-14 14:00:00+05:30,310.53,24.73
2022-12-14 15:00:00+05:30,212.71,25.1
2022-12-14 16:00:00+05:30,92.6,25.0
2022-12-14 17:00:00+05:30,27.57,23.99
2022-12-14 18:00:00+05:30,0.0,21.83
2022-12-14 19:00:00+05:30,0.0,19.02
2022-12-14 20:00:00+05:30,0.0,16.73
2022-12-14 21:00:00+05:30,0.0,15.16
2022-12-14 22:00:00+05:30,0.0,14.13
2022-12-14 23:00:00+05:30,0.0,13.22
2022-12-15 00:00:00+05:30,0.0,12.31
2022-12-15 01:00:00+05:30,0.0,11.38
2022-12-15 02:00:00+05:30,0.0,10.79
2022-12-15 03:00:00+05:30,0.0,10.33
2022-12-15 04:00:00+05:30,0.0,10.21
2022-12-15 05:00:00+05:30,0.0,10.18
2022-12-15 06:00:00+05:30,0.0,9.94
2022-12-15 07:00:00+05:30,0.0,9.55
2022-12-15 08:00:00+05:30,43.81,9.11
2022-12-15 09:00:00+05:30,136.23,11.33
2022-12-15 10:00:00+05:30,255.48,16.67
2022-12-15 11:00:00+05:30,342.5,19.88
2022-12-15 12:00:00+05:30,383.08,21.79
2022-12-15 13:00:00+05:30,372.77,22.83
2022-12-15 14:00:00+05:30,315.77,23.62
2022-12-15 15:00:00+05:30,216.28,24.02
2022-12-15 16:00:00+05:30,93.88,23.96
2022-12-15 17:00:00+05:30,28.09,23.09
2022-12-15 18:00:00+05:30,0.0,21.16
2022-12-15 19:00:00+05:30,0.0,18.37
2022-12-15 20:00:00+05:30,0.0,15.88
2022-12-15 21:00:00+05:30,0.0,14.2
2022-12-15 22:00:00+05:30,0.0,12.96
2022-12-15 23:00:00+05:30,0.0,11.89
2022-12-16 00:00:00+05:30,0.0,11.01
2022-12-16 01:00:00+05:30,0.0,10.53
2022-12-16 02:00:00+05:30,0.0,10.23
2022-12-16 03:00:00+05:30,0.0,9.93
2022-12-16 04:00:00+05:30,0.0,9.53
2022-12-16 05:00:00+05:30,0.0,8.91
2022-12-16 06:00:00+05:30,0.0,8.23
2022-12-16 07:00:00+05:30,0.0,7.68
2022-12-16 08:00:00+05:30,43.48,7.28
2022-12-16 09:00:00+05:30,134.98,10.77
2022-12-16 10:00:00+05:30,254.79,16.5
2022-12-16 11:00:00+05:30,342.49,19.8
2022-12-16 12:00:00+05:30,383.24,21.62
2022-12-16 13:00:00+05:30,374.47,22.37
2022-12-16 14:00:00+05:30,316.41,23.2
2022-12-16 15:00:00+05:30,217.04,23.63
2022-12-16 16:00:00+05:30,94.44,23.65
2022-12-16 17:00:00+05:30,28.47,23.0
2022-12-16 18:00:00+05:30,0.0,21.6
2022-12-16 19:00:00+05:30,0.0,19.02
2022-12-16 20:00:00+05:30,0.0,17.74
2022-12-16 21:00:00+05:30,0.0,15.0
2022-12-16 22:00:00+05:30,0.0,12.52
2022-12-16 23:00:00+05:30,0.0,11.47
2022-12-17 00:00:00+05:30,0.0,10.32
2022-12-17 01:00:00+05:30,0.0,9.41
2022-12-17 02:00:00+05:30,0.0,8.79
2022-12-17 03:00:00+05:30,0.0,8.27
2022-12-17 04:00:00+05:30,0.0,7.78
2022-12-17 05:00:00+05:30,0.0,7.41
2022-12-17 06:00:00+05:30,0.0,7.07
2022-12-17 07:00:00+05:30,0.0,6.73
2022-12-17 08:00:00+05:30,43.05,6.49
2022-12-17 09:00:00+05:30,133.18,10.51
2022-12-17 10:00:00+05:30,252.47,16.11
2022-12-17 11:00:00+05:30,340.18,19.43
2022-12-17 12:00:00+05:30,381.3,21.26
2022-12-17 13:00:00+05:30,372.99,22.43
2022-12-17 14:00:00+05:30,315.48,23.37
2022-12-17 15:00:00+05:30,216.69,23.93
2022-12-17 16:00:00+05:30,94.74,24.02
2022-12-17 17:00:00+05:30,28.76,23.46
2022-12-17 18:00:00+05:30,0.0,22.03
2022-12-17 19:00:00+05:30,0.0,19.23
2022-12-17 20:00:00+05:30,0.0,16.5
2022-12-17 21:00:00+05:30,0.0,14.13
2022-12-17 22:00:00+05:30,0.0,12.59
2022-12-17 23:00:00+05:30,0.0,11.59
2022-12-18 00:00:00+05:30,0.0,10.81
2022-12-18 01:00:00+05:30,0.0,10.23
2022-12-18 02:00:00+05:30,0.0,9.78
2022-12-18 03:00:00+05:30,0.0,9.41
2022-12-18 04:00:00+05:30,0.0,9.01
2022-12-18 05:00:00+05:30,0.0,8.62
2022-12-18 06:00:00+05:30,0.0,8.35
2022-12-18 07:00:00+05:30,0.0,8.12
2022-12-18 08:00:00+05:30,42.33,7.97
2022-12-18 09:00:00+05:30,130.95,12.04
2022-12-18 10:00:00+05:30,249.27,16.62
2022-12-18 11:00:00+05:30,336.32,19.47
2022-12-18 12:00:00+05:30,377.14,21.25
2022-12-18 13:00:00+05:30,369.31,22.21
2022-12-18 14:00:00+05:30,312.63,23.01
2022-12-18 15:00:00+05:30,215.01,23.46
2022-12-18 16:00:00+05:30,94.51,23.48
2022-12-18 17:00:00+05:30,28.71,23.01
2022-12-18 18:00:00+05:30,0.0,21.62
2022-12-18 19:00:00+05:30,0.0,18.79
2022-12-18 20:00:00+05:30,0.0,16.81
2022-12-18 21:00:00+05:30,0.0,15.82
2022-12-18 22:00:00+05:30,0.0,14.81
2022-12-18 23:00:00+05:30,0.0,13.71
2022-12-19 00:00:00+05:30,0.0,12.54
2022-12-19 01:00:00+05:30,0.0,11.85
2022-12-19 02:00:00+05:30,0.0,11.39
2022-12-19 03:00:00+05:30,0.0,11.09
2022-12-19 04:00:00+05:30,0.0,10.9
2022-12-19 05:00:00+05:30,0.0,10.95
2022-12-19 06:00:00+05:30,0.0,10.97
2022-12-19 07:00:00+05:30,0.0,10.59
2022-12-19 08:00:00+05:30,42.57,10.46
2022-12-19 09:00:00+05:30,128.91,13.0
2022-12-19 10:00:00+05:30,245.98,17.08
2022-12-19 11:00:00+05:30,332.94,19.85
2022-12-19 12:00:00+05:30,377.06,21.54
2022-12-19 13:00:00+05:30,369.69,22.4
2022-12-19 14:00:00+05:30,314.49,23.16
2022-12-19 15:00:00+05:30,223.69,23.45
2022-12-19 16:00:00+05:30,108.47,23.33
2022-12-19 17:00:00+05:30,42.28,22.83
2022-12-19 18:00:00+05:30,0.0,21.44
2022-12-19 19:00:00+05:30,0.0,19.29
2022-12-19 20:00:00+05:30,0.0,17.52
2022-12-19 21:00:00+05:30,0.0,16.06
2022-12-19 22:00:00+05:30,0.0,14.76
2022-12-19 23:00:00+05:30,0.0,13.58
2022-12-20 00:00:00+05:30,0.0,12.56
2022-12-20 01:00:00+05:30,0.0,14.68
2022-12-20 02:00:00+05:30,0.0,14.4
2022-12-20 03:00:00+05:30,0.0,13.02
2022-12-20 04:00:00+05:30,0.0,10.91
2022-12-20 05:00:00+05:30,0.0,9.85
2022-12-20 06:00:00+05:30,0.0,9.08
2022-12-20 07:00:00+05:30,0.0,8.54
2022-12-20 08:00:00+05:30,40.99,8.14
2022-12-20 09:00:00+05:30,126.08,11.09
2022-12-20 10:00:00+05:30,241.74,16.64
2022-12-20 11:00:00+05:30,327.63,19.46
2022-12-20 12:00:00+05:30,371.05,21.24
2022-12-20 13:00:00+05:30,363.64,22.3
2022-12-20 14:00:00+05:30,308.88,23.12
2022-12-20 15:00:00+05:30,210.6,23.53
2022-12-20 16:00:00+05:30,95.71,23.56
2022-12-20 17:00:00+05:30,32.49,23.08
2022-12-20 18:00:00+05:30,0.0,21.76
2022-12-20 19:00:00+05:30,0.0,19.4
2022-12-20 20:00:00+05:30,0.0,17.33
2022-12-20 21:00:00+05:30,0.0,15.88
2022-12-20 22:00:00+05:30,0.0,14.9
2022-12-20 23:00:00+05:30,0.0,14.12
2022-12-21 00:00:00+05:30,0.0,13.46
2022-12-21 01:00:00+05:30,0.0,12.74
2022-12-21 02:00:00+05:30,0.0,12.15
2022-12-21 03:00:00+05:30,0.0,11.61
2022-12-21 04:00:00+05:30,0.0,11.15
2022-12-21 05:00:00+05:30,0.0,10.92
2022-12-21 06:00:00+05:30,0.0,10.72
2022-12-21 07:00:00+05:30,0.0,10.87
2022-12-21 08:00:00+05:30,40.56,11.02
2022-12-21 09:00:00+05:30,123.32,13.14
2022-12-21 10:00:00+05:30,236.81,16.43
2022-12-21 11:00:00+05:30,321.78,18.97
2022-12-21 12:00:00+05:30,364.09,20.73
2022-12-21 13:00:00+05:30,355.98,21.6
2022-12-21 14:00:00+05:30,305.06,22.38
2022-12-21 15:00:00+05:30,211.55,22.75
2022-12-21 16:00:00+05:30,95.42,22.66
2022-12-21 17:00:00+05:30,29.81,21.95
2022-12-21 18:00:00+05:30,0.0,19.9
2022-12-21 19:00:00+05:30,0.0,17.64
2022-12-21 20:00:00+05:30,0.0,16.34
2022-12-21 21:00:00+05:30,0.0,15.26
2022-12-21 22:00:00+05:30,0.0,14.46
2022-12-21 23:00:00+05:30,0.0,13.74
2022-12-22 00:00:00+05:30,0.0,13.1
2022-12-22 01:00:00+05:30,0.0,12.61
2022-12-22 02:00:00+05:30,0.0,12.13
2022-12-22 03:00:00+05:30,0.0,11.73
2022-12-22 04:00:00+05:30,0.0,11.42
2022-12-22 05:00:00+05:30,0.0,11.22
2022-12-22 06:00:00+05:30,0.0,11.05
2022-12-22 07:00:00+05:30,0.0,10.85
2022-12-22 08:00:00+05:30,41.95,10.63
2022-12-22 09:00:00+05:30,123.38,12.08
2022-12-22 10:00:00+05:30,237.78,15.11
2022-12-22 11:00:00+05:30,324.91,17.7
2022-12-22 12:00:00+05:30,369.24,19.84
2022-12-22 13:00:00+05:30,363.73,20.85
2022-12-22 14:00:00+05:30,309.91,21.71
2022-12-22 15:00:00+05:30,215.27,22.13
2022-12-22 16:00:00+05:30,97.26,22.06
2022-12-22 17:00:00+05:30,30.58,21.38
2022-12-22 18:00:00+05:30,0.0,19.23
2022-12-22 19:00:00+05:30,0.0,16.78
2022-12-22 20:00:00+05:30,0.0,15.33
2022-12-22 21:00:00+05:30,0.0,14.21
2022-12-22 22:00:00+05:30,0.0,13.28
2022-12-22 23:00:00+05:30,0.0,12.51
2022-12-23 00:00:00+05:30,0.0,11.94
2022-12-23 01:00:00+05:30,0.0,11.82
2022-12-23 02:00:00+05:30,0.0,11.4
2022-12-23 03:00:00+05:30,0.0,10.97
2022-12-23 04:00:00+05:30,0.0,10.68
2022-12-23 05:00:00+05:30,0.0,10.49
2022-12-23 06:00:00+05:30,0.0,10.34
2022-12-23 07:00:00+05:30,0.0,10.22
2022-12-23 08:00:00+05:30,39.75,10.17
2022-12-23 09:00:00+05:30,122.06,12.04
2022-12-23 10:00:00+05:30,236.69,15.31
2022-12-23 11:00:00+05:30,322.98,17.88
2022-12-23 12:00:00+05:30,367.75,19.66
2022-12-23 13:00:00+05:30,362.74,20.38
2022-12-23 14:00:00+05:30,309.49,21.07
2022-12-23 15:00:00+05:30,215.87,21.39
2022-12-23 16:00:00+05:30,98.18,21.31
2022-12-23 17:00:00+05:30,31.05,20.8
2022-12-23 18:00:00+05:30,0.0,19.16
2022-12-23 19:00:00+05:30,0.0,17.0
2022-12-23 20:00:00+05:30,0.0,15.62
2022-12-23 21:00:00+05:30,0.0,14.86
2022-12-23 22:00:00+05:30,0.0,14.11
2022-12-23 23:00:00+05:30,0.0,13.45
2022-12-24 00:00:00+05:30,0.0,12.82
2022-12-24 01:00:00+05:30,0.0,12.15
2022-12-24 02:00:00+05:30,0.0,11.59
2022-12-24 03:00:00+05:30,0.0,11.07
2022-12-24 04:00:00+05:30,0.0,10.57
2022-12-24 05:00:00+05:30,0.0,10.15
2022-12-24 06:00:00+05:30,0.0,9.83
2022-12-24 07:00:00+05:30,0.0,9.52
2022-12-24 08:00:00+05:30,40.04,9.3
2022-12-24 09:00:00+05:30,123.3,11.04
2022-12-24 10:00:00+05:30,241.07,14.26
2022-12-24 11:00:00+05:30,329.67,17.03
2022-12-24 12:00:00+05:30,373.99,18.89
2022-12-24 13:00:00+05:30,368.83,19.62
2022-12-24 14:00:00+05:30,314.93,20.27
2022-12-24 15:00:00+05:30,219.69,20.53
2022-12-24 16:00:00+05:30,100.2,20.42
2022-12-24 17:00:00+05:30,31.72,19.81
2022-12-24 18:00:00+05:30,0.0,17.93
2022-12-24 19:00:00+05:30,0.0,15.36
2022-12-24 20:00:00+05:30,0.0,13.69
2022-12-24 21:00:00+05:30,0.0,12.56
2022-12-24 22:00:00+05:30,0.0,11.63
2022-12-24 23:00:00+05:30,0.0,10.83
2022-12-25 00:00:00+05:30,0.0,10.13
2022-12-25 01:00:00+05:30,0.0,9.46
2022-12-25 02:00:00+05:30,0.0,8.85
2022-12-25 03:00:00+05:30,0.0,8.29
2022-12-25 04:00:00+05:30,0.0,7.71
2022-12-25 05:00:00+05:30,0.0,7.17
2022-12-25 06:00:00+05:30,0.0,6.69
2022-12-25 07:00:00+05:30,0.0,6.33
2022-12-25 08:00:00+05:30,40.85,5.99
2022-12-25 09:00:00+05:30,124.46,7.78
2022-12-25 10:00:00+05:30,245.17,11.63
2022-12-25 11:00:00+05:30,335.44,14.81
2022-12-25 12:00:00+05:30,381.24,16.97
2022-12-25 13:00:00+05:30,375.77,18.09
2022-12-25 14:00:00+05:30,320.5,18.93
2022-12-25 15:00:00+05:30,224.16,19.35
2022-12-25 16:00:00+05:30,102.23,19.41
2022-12-25 17:00:00+05:30,32.15,19.01
2022-12-25 18:00:00+05:30,0.0,17.98
2022-12-25 19:00:00+05:30,0.0,15.95
2022-12-25 20:00:00+05:30,0.0,13.29
2022-12-25 21:00:00+05:30,0.0,11.09
2022-12-25 22:00:00+05:30,0.0,9.89
2022-12-25 23:00:00+05:30,0.0,9.02
2022-12-26 00:00:00+05:30,0.0,8.46
2022-12-26 01:00:00+05:30,0.0,8.02
2022-12-26 02:00:00+05:30,0.0,7.54
2022-12-26 03:00:00+05:30,0.0,7.06
2022-12-26 04:00:00+05:30,0.0,6.65
2022-12-26 05:00:00+05:30,0.0,6.19
2022-12-26 06:00:00+05:30,0.0,5.85
2022-12-26 07:00:00+05:30,0.0,5.77
2022-12-26 08:00:00+05:30,42.85,5.5
2022-12-26 09:00:00+05:30,122.5,7.81
2022-12-26 10:00:00+05:30,241.91,12.3
2022-12-26 11:00:00+05:30,331.75,15.09
2022-12-26 12:00:00+05:30,377.88,16.76
2022-12-26 13:00:00+05:30,373.54,18.03
2022-12-26 14:00:00+05:30,319.71,18.95
2022-12-26 15:00:00+05:30,223.84,19.48
2022-12-26 16:00:00+05:30,102.9,19.6
2022-12-26 17:00:00+05:30,32.54,19.18
2022-12-26 18:00:00+05:30,0.0,17.87
2022-12-26 19:00:00+05:30,0.0,15.57
2022-12-26 20:00:00+05:30,0.0,13.45
2022-12-26 21:00:00+05:30,0.0,11.72
2022-12-26 22:00:00+05:30,0.0,10.51
2022-12-26 23:00:00+05:30,0.0,9.61
2022-12-27 00:00:00+05:30,0.0,8.86
2022-12-27 01:00:00+05:30,0.0,8.1
2022-12-27 02:00:00+05:30,0.0,7.65
2022-12-27 03:00:00+05:30,0.0,7.2
2022-12-27 04:00:00+05:30,0.0,6.73
2022-12-27 05:00:00+05:30,0.0,6.3
2022-12-27 06:00:00+05:30,0.0,6.01
2022-12-27 07:00:00+05:30,0.0,5.73
2022-12-27 08:00:00+05:30,38.84,5.55
2022-12-27 09:00:00+05:30,122.9,7.5
2022-12-27 10:00:00+05:30,243.61,11.96
2022-12-27 11:00:00+05:30,334.5,15.16
2022-12-27 12:00:00+05:30,380.29,17.58
2022-12-27 13:00:00+05:30,375.91,18.95
2022-12-27 14:00:00+05:30,321.76,20.16
2022-12-27 15:00:00+05:30,225.5,20.87
2022-12-27 16:00:00+05:30,104.17,20.95
2022-12-27 17:00:00+05:30,32.82,20.41
2022-12-27 18:00:00+05:30,0.0,18.81
2022-12-27 19:00:00+05:30,0.0,16.14
2022-12-27 20:00:00+05:30,0.0,13.65
2022-12-27 21:00:00+05:30,0.0,12.04
2022-12-27 22:00:00+05:30,0.0,10.77
2022-12-27 23:00:00+05:30,0.0,9.75
2022-12-28 00:00:00+05:30,0.0,9.08
2022-12-28 01:00:00+05:30,0.0,8.7
2022-12-28 02:00:00+05:30,0.0,8.3
2022-12-28 03:00:00+05:30,0.0,7.86
2022-12-28 04:00:00+05:30,0.0,7.44
2022-12-28 05:00:00+05:30,0.0,7.13
2022-12-28 06:00:00+05:30,0.0,6.93
2022-12-28 07:00:00+05:30,0.0,6.78
2022-12-28 08:00:00+05:30,37.93,6.69
2022-12-28 09:00:00+05:30,120.87,8.85
2022-12-28 10:00:00+05:30,239.78,13.47
2022-12-28 11:00:00+05:30,329.53,16.76
2022-12-28 12:00:00+05:30,375.23,19.27
2022-12-28 13:00:00+05:30,371.04,21.06
2022-12-28 14:00:00+05:30,317.94,22.16
2022-12-28 15:00:00+05:30,223.37,22.74
2022-12-28 16:00:00+05:30,104.24,22.83
2022-12-28 17:00:00+05:30,32.73,22.2
2022-12-28 18:00:00+05:30,0.0,20.67
2022-12-28 19:00:00+05:30,0.0,18.33
2022-12-28 20:00:00+05:30,0.0,16.24
2022-12-28 21:00:00+05:30,0.0,14.34
2022-12-28 22:00:00+05:30,0.0,12.89
2022-12-28 23:00:00+05:30,0.0,11.9
2022-12-29 00:00:00+05:30,0.0,11.26
2022-12-29 01:00:00+05:30,0.0,11.44
2022-12-29 02:00:00+05:30,0.0,10.8
2022-12-29 03:00:00+05:30,0.0,10.35
2022-12-29 04:00:00+05:30,0.0,9.69
2022-12-29 05:00:00+05:30,0.0,9.19
2022-12-29 06:00:00+05:30,0.0,8.84
2022-12-29 07:00:00+05:30,0.0,8.71
2022-12-29 08:00:00+05:30,35.07,8.6
2022-12-29 09:00:00+05:30,116.85,11.61
2022-12-29 10:00:00+05:30,237.99,16.64
2022-12-29 11:00:00+05:30,326.44,19.37
2022-12-29 12:00:00+05:30,367.51,21.17
2022-12-29 13:00:00+05:30,364.65,22.21
2022-12-29 14:00:00+05:30,315.43,23.1
2022-12-29 15:00:00+05:30,221.82,23.59
2022-12-29 16:00:00+05:30,104.61,23.52
2022-12-29 17:00:00+05:30,33.16,22.84
2022-12-29 18:00:00+05:30,0.0,20.84
2022-12-29 19:00:00+05:30,0.0,18.54
2022-12-29 20:00:00+05:30,0.0,17.7
2022-12-29 21:00:00+05:30,0.0,16.81
2022-12-29 22:00:00+05:30,0.0,16.19
2022-12-29 23:00:00+05:30,0.0,15.56
2022-12-30 00:00:00+05:30,0.0,15.06
2022-12-30 01:00:00+05:30,0.0,13.77
2022-12-30 02:00:00+05:30,0.0,13.36
2022-12-30 03:00:00+05:30,0.0,14.34
2022-12-30 04:00:00+05:30,0.0,15.06
2022-12-30 05:00:00+05:30,0.0,15.16
2022-12-30 06:00:00+05:30,0.0,14.93
2022-12-30 07:00:00+05:30,0.0,14.32
2022-12-30 08:00:00+05:30,39.08,13.89
2022-12-30 09:00:00+05:30,117.13,14.1
2022-12-30 10:00:00+05:30,224.45,17.22
2022-12-30 11:00:00+05:30,309.95,19.67
2022-12-30 12:00:00+05:30,319.8,21.64
2022-12-30 13:00:00+05:30,332.96,22.13
2022-12-30 14:00:00+05:30,310.48,22.98
2022-12-30 15:00:00+05:30,225.23,23.61
2022-12-30 16:00:00+05:30,112.22,23.54
2022-12-30 17:00:00+05:30,37.46,22.68
2022-12-30 18:00:00+05:30,0.0,20.57
2022-12-30 19:00:00+05:30,0.0,18.35
2022-12-30 20:00:00+05:30,0.0,16.68
2022-12-30 21:00:00+05:30,0.0,15.27
2022-12-30 22:00:00+05:30,0.0,14.11
2022-12-30 23:00:00+05:30,0.0,13.15
2022-12-31 00:00:00+05:30,0.0,12.39
2022-12-31 01:00:00+05:30,0.0,11.84
2022-12-31 02:00:00+05:30,0.0,11.42
2022-12-31 03:00:00+05:30,0.0,11.01
2022-12-31 04:00:00+05:30,0.0,10.64
2022-12-31 05:00:00+05:30,0.0,10.28
2022-12-31 06:00:00+05:30,0.0,9.91
2022-12-31 07:00:00+05:30,0.0,9.57
2022-12-31 08:00:00+05:30,38.08,9.27
2022-12-31 09:00:00+05:30,121.6,10.57
2022-12-31 10:00:00+05:30,242.64,13.75
2022-12-31 11:00:00+05:30,334.96,16.55
2022-12-31 12:00:00+05:30,383.34,18.74
2022-12-31 13:00:00+05:30,380.17,19.33
2022-12-31 14:00:00+05:30,327.83,20.28
2022-12-31 15:00:00+05:30,232.74,20.62
2022-12-31 16:00:00+05:30,111.1,20.54
2022-12-31 17:00:00+05:30,35.35,19.95
2022-12-31 18:00:00+05:30,0.0,18.13
2022-12-31 19:00:00+05:30,0.0,15.4
2022-12-31 20:00:00+05:30,0.0,13.53
2022-12-31 21:00:00+05:30,0.0,12.21
2022-12-31 22:00:00+05:30,0.0,11.17
2022-12-31 23:00:00+05:30,0.0,10.21
2023-01-01 00:00:00+05:30,0.0,9.37
2023-01-01 01:00:00+05:30,0.0,8.61
2023-01-01 02:00:00+05:30,0.0,8.27
2023-01-01 03:00:00+05:30,0.0,7.97
2023-01-01 04:00:00+05:30,0.0,7.6
2023-01-01 05:00:00+05:30,0.0,7.28
2023-01-01 06:00:00+05:30,0.0,7.03
2023-01-01 07:00:00+05:30,0.0,6.74
2023-01-01 08:00:00+05:30,37.41,6.38
2023-01-01 09:00:00+05:30,121.42,8.04
2023-01-01 10:00:00+05:30,242.67,12.91
2023-01-01 11:00:00+05:30,335.19,15.59
2023-01-01 12:00:00+05:30,383.04,17.2
2023-01-01 13:00:00+05:30,381.33,17.96
2023-01-01 14:00:00+05:30,329.56,18.78
2023-01-01 15:00:00+05:30,234.85,19.24
2023-01-01 16:00:00+05:30,113.44,19.31
2023-01-01 17:00:00+05:30,35.98,18.99
2023-01-01 18:00:00+05:30,0.0,18.08
2023-01-01 19:00:00+05:30,0.0,16.22
2023-01-01 20:00:00+05:30,0.0,13.74
2023-01-01 21:00:00+05:30,0.0,11.73
2023-01-01 22:00:00+05:30,0.0,10.7
2023-01-01 23:00:00+05:30,0.0,9.91
2023-01-02 00:00:00+05:30,0.0,9.32
2023-01-02 01:00:00+05:30,0.0,8.86
2023-01-02 02:00:00+05:30,0.0,8.4
2023-01-02 03:00:00+05:30,0.0,7.9
2023-01-02 04:00:00+05:30,0.0,7.49
2023-01-02 05:00:00+05:30,0.0,7.2
2023-01-02 06:00:00+05:30,0.0,7.0
2023-01-02 07:00:00+05:30,0.0,6.84
2023-01-02 08:00:00+05:30,37.31,6.75
2023-01-02 09:00:00+05:30,121.21,8.71
2023-01-02 10:00:00+05:30,241.85,13.45
2023-01-02 11:00:00+05:30,333.85,15.9
2023-01-02 12:00:00+05:30,381.95,17.36
2023-01-02 13:00:00+05:30,380.29,17.94
2023-01-02 14:00:00+05:30,329.05,18.66
2023-01-02 15:00:00+05:30,235.34,19.02
2023-01-02 16:00:00+05:30,115.04,19.04
2023-01-02 17:00:00+05:30,36.64,18.68
2023-01-02 18:00:00+05:30,0.0,17.53
2023-01-02 19:00:00+05:30,0.0,15.52
2023-01-02 20:00:00+05:30,0.0,13.66
2023-01-02 21:00:00+05:30,0.0,12.45
2023-01-02 22:00:00+05:30,0.0,11.46
2023-01-02 23:00:00+05:30,0.0,10.65
2023-01-03 00:00:00+05:30,0.0,9.97
2023-01-03 01:00:00+05:30,0.0,9.14
2023-01-03 02:00:00+05:30,0.0,8.61
2023-01-03 03:00:00+05:30,0.0,8.17
2023-01-03 04:00:00+05:30,0.0,7.81
2023-01-03 05:00:00+05:30,0.0,7.6
2023-01-03 06:00:00+05:30,0.0,7.36
2023-01-03 07:00:00+05:30,0.0,7.08
2023-01-03 08:00:00+05:30,37.26,6.83
2023-01-03 09:00:00+05:30,120.97,8.5
2023-01-03 10:00:00+05:30,241.22,12.63
2023-01-03 11:00:00+05:30,333.41,15.1
2023-01-03 12:00:00+05:30,382.5,16.73
2023-01-03 13:00:00+05:30,381.19,17.25
2023-01-03 14:00:00+05:30,330.29,17.97
2023-01-03 15:00:00+05:30,237.37,18.42
2023-01-03 16:00:00+05:30,117.31,18.59
2023-01-03 17:00:00+05:30,37.41,18.3
2023-01-03 18:00:00+05:30,0.0,17.14
2023-01-03 19:00:00+05:30,0.0,15.05
2023-01-03 20:00:00+05:30,0.0,13.06
2023-01-03 21:00:00+05:30,0.0,11.74
2023-01-03 22:00:00+05:30,0.0,10.79
2023-01-03 23:00:00+05:30,0.0,9.94
2023-01-04 00:00:00+05:30,0.0,9.1
2023-01-04 01:00:00+05:30,0.0,8.16
2023-01-04 02:00:00+05:30,0.0,7.67
2023-01-04 03:00:00+05:30,0.0,7.2
2023-01-04 04:00:00+05:30,0.0,6.79
2023-01-04 05:00:00+05:30,0.0,6.4
2023-01-04 06:00:00+05:30,0.0,6.12
2023-01-04 07:00:00+05:30,0.0,5.9
2023-01-04 08:00:00+05:30,37.79,5.6
2023-01-04 09:00:00+05:30,124.09,7.16
2023-01-04 10:00:00+05:30,248.97,11.19
2023-01-04 11:00:00+05:30,344.81,13.48
2023-01-04 12:00:00+05:30,395.64,15.27
2023-01-04 13:00:00+05:30,394.92,16.33
2023-01-04 14:00:00+05:30,342.78,17.23
2023-01-04 15:00:00+05:30,246.32,17.7
2023-01-04 16:00:00+05:30,121.71,17.75
2023-01-04 17:00:00+05:30,38.36,17.29
2023-01-04 18:00:00+05:30,0.0,15.79
2023-01-04 19:00:00+05:30,0.0,13.51
2023-01-04 20:00:00+05:30,0.0,11.45
2023-01-04 21:00:00+05:30,0.0,9.96
2023-01-04 22:00:00+05:30,0.0,8.86
2023-01-04 23:00:00+05:30,0.0,7.98
2023-01-05 00:00:00+05:30,0.0,7.23
2023-01-05 01:00:00+05:30,0.0,6.54
2023-01-05 02:00:00+05:30,0.0,6.03
2023-01-05 03:00:00+05:30,0.0,5.6
2023-01-05 04:00:00+05:30,0.0,5.25
2023-01-05 05:00:00+05:30,0.0,4.91
2023-01-05 06:00:00+05:30,0.0,4.51
2023-01-05 07:00:00+05:30,0.0,4.02
2023-01-05 08:00:00+05:30,37.74,3.46
2023-01-05 09:00:00+05:30,125.03,5.86
2023-01-05 10:00:00+05:30,250.77,10.23
2023-01-05 11:00:00+05:30,347.02,12.52
2023-01-05 12:00:00+05:30,398.63,14.32
2023-01-05 13:00:00+05:30,398.34,15.21
2023-01-05 14:00:00+05:30,346.5,16.69
2023-01-05 15:00:00+05:30,250.0,17.6
2023-01-05 16:00:00+05:30,124.58,17.91
2023-01-05 17:00:00+05:30,39.03,17.62
2023-01-05 18:00:00+05:30,0.0,16.44
2023-01-05 19:00:00+05:30,0.0,14.33
2023-01-05 20:00:00+05:30,0.0,12.21
2023-01-05 21:00:00+05:30,0.0,10.5
2023-01-05 22:00:00+05:30,0.0,9.35
2023-01-05 23:00:00+05:30,0.0,8.4
2023-01-06 00:00:00+05:30,0.0,7.46
2023-01-06 01:00:00+05:30,0.0,6.35
2023-01-06 02:00:00+05:30,0.0,5.85
2023-01-06 03:00:00+05:30,0.0,5.33
2023-01-06 04:00:00+05:30,0.0,4.78
2023-01-06 05:00:00+05:30,0.0,4.27
2023-01-06 06:00:00+05:30,0.0,3.79
2023-01-06 07:00:00+05:30,0.0,3.25
2023-01-06 08:00:00+05:30,50.55,2.77
2023-01-06 09:00:00+05:30,149.49,5.41
2023-01-06 10:00:00+05:30,264.12,8.96
2023-01-06 11:00:00+05:30,349.34,11.63
2023-01-06 12:00:00+05:30,395.58,14.11
2023-01-06 13:00:00+05:30,400.98,14.5
2023-01-06 14:00:00+05:30,348.75,16.42
2023-01-06 15:00:00+05:30,252.39,17.52
2023-01-06 16:00:00+05:30,126.84,17.86
2023-01-06 17:00:00+05:30,39.46,17.51
2023-01-06 18:00:00+05:30,0.0,16.05
2023-01-06 19:00:00+05:30,0.0,13.45
2023-01-06 20:00:00+05:30,0.0,11.44
2023-01-06 21:00:00+05:30,0.0,10.08
2023-01-06 22:00:00+05:30,0.0,8.94
2023-01-06 23:00:00+05:30,0.0,7.91
2023-01-07 00:00:00+05:30,0.0,7.06
2023-01-07 01:00:00+05:30,0.0,6.33
2023-01-07 02:00:00+05:30,0.0,5.66
2023-01-07 03:00:00+05:30,0.0,4.99
2023-01-07 04:00:00+05:30,0.0,4.38
2023-01-07 05:00:00+05:30,0.0,3.88
2023-01-07 06:00:00+05:30,0.0,3.3
2023-01-07 07:00:00+05:30,0.0,2.86
2023-01-07 08:00:00+05:30,54.32,2.73
2023-01-07 09:00:00+05:30,150.79,5.25
2023-01-07 10:00:00+05:30,252.69,8.2
2023-01-07 11:00:00+05:30,337.8,11.33
2023-01-07 12:00:00+05:30,396.7,14.49
2023-01-07 13:00:00+05:30,400.41,16.74
2023-01-07 14:00:00+05:30,349.35,18.49
2023-01-07 15:00:00+05:30,253.58,19.51
2023-01-07 16:00:00+05:30,128.63,19.92
2023-01-07 17:00:00+05:30,39.51,19.72
2023-01-07 18:00:00+05:30,0.0,18.59
2023-01-07 19:00:00+05:30,0.0,15.87
2023-01-07 20:00:00+05:30,0.0,13.38
2023-01-07 21:00:00+05:30,0.0,12.61
2023-01-07 22:00:00+05:30,0.0,11.67
2023-01-07 23:00:00+05:30,0.0,8.8
2023-01-08 00:00:00+05:30,0.0,7.48
2023-01-08 01:00:00+05:30,0.0,6.57
2023-01-08 02:00:00+05:30,0.0,6.03
2023-01-08 03:00:00+05:30,0.0,5.8
2023-01-08 04:00:00+05:30,0.0,6.41
2023-01-08 05:00:00+05:30,0.0,7.03
2023-01-08 06:00:00+05:30,0.0,6.17
2023-01-08 07:00:00+05:30,0.0,5.03
2023-01-08 08:00:00+05:30,35.59,4.34
2023-01-08 09:00:00+05:30,125.28,7.26
2023-01-08 10:00:00+05:30,252.57,12.45
2023-01-08 11:00:00+05:30,349.27,15.99
2023-01-08 12:00:00+05:30,401.12,18.72
2023-01-08 13:00:00+05:30,401.84,20.37
2023-01-08 14:00:00+05:30,351.17,21.71
2023-01-08 15:00:00+05:30,255.69,22.47
2023-01-08 16:00:00+05:30,130.82,22.67
2023-01-08 17:00:00+05:30,39.94,22.26
2023-01-08 18:00:00+05:30,0.0,20.89
2023-01-08 19:00:00+05:30,0.0,17.9
2023-01-08 20:00:00+05:30,0.0,15.09
2023-01-08 21:00:00+05:30,0.0,13.13
2023-01-08 22:00:00+05:30,0.0,11.8
2023-01-08 23:00:00+05:30,0.0,10.62
2023-01-09 00:00:00+05:30,0.0,9.83
2023-01-09 01:00:00+05:30,0.0,9.84
2023-01-09 02:00:00+05:30,0.0,9.3
2023-01-09 03:00:00+05:30,0.0,8.63
2023-01-09 04:00:00+05:30,0.0,7.97
2023-01-09 05:00:00+05:30,0.0,7.77
2023-01-09 06:00:00+05:30,0.0,8.64
2023-01-09 07:00:00+05:30,0.0,10.31
2023-01-09 08:00:00+05:30,36.88,10.76
2023-01-09 09:00:00+05:30,126.94,11.65
2023-01-09 10:00:00+05:30,248.39,14.95
2023-01-09 11:00:00+05:30,342.99,18.02
2023-01-09 12:00:00+05:30,393.73,20.24
2023-01-09 13:00:00+05:30,394.69,21.36
2023-01-09 14:00:00+05:30,345.07,22.5
2023-01-09 15:00:00+05:30,253.32,23.08
2023-01-09 16:00:00+05:30,135.82,23.18
2023-01-09 17:00:00+05:30,45.58,22.81
2023-01-09 18:00:00+05:30,0.0,21.71
2023-01-09 19:00:00+05:30,0.0,19.52
2023-01-09 20:00:00+05:30,0.0,17.68
2023-01-09 21:00:00+05:30,0.0,16.42
2023-01-09 22:00:00+05:30,0.0,15.32
2023-01-09 23:00:00+05:30,0.0,13.94
2023-01-10 00:00:00+05:30,0.0,12.63
2023-01-10 01:00:00+05:30,0.0,11.71
2023-01-10 02:00:00+05:30,0.0,10.81
2023-01-10 03:00:00+05:30,0.0,10.32
2023-01-10 04:00:00+05:30,0.0,9.98
2023-01-10 05:00:00+05:30,0.0,9.51
2023-01-10 06:00:00+05:30,0.0,9.32
2023-01-10 07:00:00+05:30,0.0,9.62
2023-01-10 08:00:00+05:30,35.69,9.65
2023-01-10 09:00:00+05:30,124.48,11.67
2023-01-10 10:00:00+05:30,247.71,15.91
2023-01-10 11:00:00+05:30,343.25,18.68
2023-01-10 12:00:00+05:30,394.4,20.62
2023-01-10 13:00:00+05:30,395.89,21.97
2023-01-10 14:00:00+05:30,347.15,22.9
2023-01-10 15:00:00+05:30,254.65,23.44
2023-01-10 16:00:00+05:30,133.28,23.64
2023-01-10 17:00:00+05:30,40.7,23.31
2023-01-10 18:00:00+05:30,0.0,22.05
2023-01-10 19:00:00+05:30,0.0,19.65
2023-01-10 20:00:00+05:30,0.0,16.76
2023-01-10 21:00:00+05:30,0.0,14.86
2023-01-10 22:00:00+05:30,0.0,13.19
2023-01-10 23:00:00+05:30,0.0,12.35
2023-01-11 00:00:00+05:30,0.0,11.69
2023-01-11 01:00:00+05:30,0.0,11.08
2023-01-11 02:00:00+05:30,0.0,10.49
2023-01-11 03:00:00+05:30,0.0,9.9
2023-01-11 04:00:00+05:30,0.0,9.38
2023-01-11 05:00:00+05:30,0.0,9.0
2023-01-11 06:00:00+05:30,0.0,8.81
2023-01-11 07:00:00+05:30,0.0,8.98
2023-01-11 08:00:00+05:30,35.4,9.03
2023-01-11 09:00:00+05:30,124.98,11.14
2023-01-11 10:00:00+05:30,247.22,15.72
2023-01-11 11:00:00+05:30,341.17,18.52
2023-01-11 12:00:00+05:30,391.66,20.6
2023-01-11 13:00:00+05:30,393.65,22.09
2023-01-11 14:00:00+05:30,346.21,23.29
2023-01-11 15:00:00+05:30,254.98,24.17
2023-01-11 16:00:00+05:30,134.92,24.71
2023-01-11 17:00:00+05:30,41.18,24.66
2023-01-11 18:00:00+05:30,0.0,23.17
2023-01-11 19:00:00+05:30,0.0,20.59
2023-01-11 20:00:00+05:30,0.0,18.42
2023-01-11 21:00:00+05:30,0.0,17.78
2023-01-11 22:00:00+05:30,0.0,16.54
2023-01-11 23:00:00+05:30,0.0,15.66
2023-01-12 00:00:00+05:30,0.0,13.71
2023-01-12 01:00:00+05:30,0.0,15.53
2023-01-12 02:00:00+05:30,0.0,15.34
2023-01-12 03:00:00+05:30,0.0,14.95
2023-01-12 04:00:00+05:30,0.0,14.5
2023-01-12 05:00:00+05:30,0.0,14.34
2023-01-12 06:00:00+05:30,0.0,14.13
2023-01-12 07:00:00+05:30,0.0,13.91
2023-01-12 08:00:00+05:30,35.4,13.74
2023-01-12 09:00:00+05:30,124.38,13.99
2023-01-12 10:00:00+05:30,237.49,16.81
2023-01-12 11:00:00+05:30,328.79,19.08
2023-01-12 12:00:00+05:30,373.99,21.16
2023-01-12 13:00:00+05:30,368.69,22.01
2023-01-12 14:00:00+05:30,336.49,23.1
2023-01-12 15:00:00+05:30,223.82,23.75
2023-01-12 16:00:00+05:30,126.48,23.8
2023-01-12 17:00:00+05:30,37.17,23.44
2023-01-12 18:00:00+05:30,0.0,22.09
2023-01-12 19:00:00+05:30,0.0,19.86
2023-01-12 20:00:00+05:30,0.0,17.83
2023-01-12 21:00:00+05:30,0.0,16.5
2023-01-12 22:00:00+05:30,0.0,16.05
2023-01-12 23:00:00+05:30,0.0,16.88
2023-01-13 00:00:00+05:30,0.0,15.75
2023-01-13 01:00:00+05:30,0.0,14.29
2023-01-13 02:00:00+05:30,0.0,13.96
2023-01-13 03:00:00+05:30,0.0,13.8
2023-01-13 04:00:00+05:30,0.0,13.4
2023-01-13 05:00:00+05:30,0.0,12.45
2023-01-13 06:00:00+05:30,0.0,12.08
2023-01-13 07:00:00+05:30,0.0,11.88
2023-01-13 08:00:00+05:30,36.17,11.54
2023-01-13 09:00:00+05:30,120.92,13.11
2023-01-13 10:00:00+05:30,222.15,16.78
2023-01-13 11:00:00+05:30,312.97,19.11
2023-01-13 12:00:00+05:30,385.01,21.08
2023-01-13 13:00:00+05:30,389.89,21.97
2023-01-13 14:00:00+05:30,340.61,22.63
2023-01-13 15:00:00+05:30,255.49,22.73
2023-01-13 16:00:00+05:30,142.96,22.58
2023-01-13 17:00:00+05:30,41.13,22.02
2023-01-13 18:00:00+05:30,0.0,20.22
2023-01-13 19:00:00+05:30,0.0,18.06
2023-01-13 20:00:00+05:30,0.0,16.56
2023-01-13 21:00:00+05:30,0.0,15.64
2023-01-13 22:00:00+05:30,0.0,14.74
2023-01-13 23:00:00+05:30,0.0,13.77
2023-01-14 00:00:00+05:30,0.0,12.92
2023-01-14 01:00:00+05:30,0.0,12.06
2023-01-14 02:00:00+05:30,0.0,11.3
2023-01-14 03:00:00+05:30,0.0,10.64
2023-01-14 04:00:00+05:30,0.0,10.05
2023-01-14 05:00:00+05:30,0.0,9.49
2023-01-14 06:00:00+05:30,0.0,8.93
2023-01-14 07:00:00+05:30,0.0,8.5
2023-01-14 08:00:00+05:30,37.31,8.05
2023-01-14 09:00:00+05:30,132.97,9.65
2023-01-14 10:00:00+05:30,262.14,12.69
2023-01-14 11:00:00+05:30,361.84,14.97
2023-01-14 12:00:00+05:30,417.71,16.11
2023-01-14 13:00:00+05:30,421.2,16.85
2023-01-14 14:00:00+05:30,372.29,17.66
2023-01-14 15:00:00+05:30,277.06,18.13
2023-01-14 16:00:00+05:30,149.84,18.21
2023-01-14 17:00:00+05:30,43.86,17.76
2023-01-14 18:00:00+05:30,0.0,16.09
2023-01-14 19:00:00+05:30,0.0,13.45
2023-01-14 20:00:00+05:30,0.0,11.6
2023-01-14 21:00:00+05:30,0.0,10.31
2023-01-14 22:00:00+05:30,0.0,9.31
2023-01-14 23:00:00+05:30,0.0,8.42
2023-01-15 00:00:00+05:30,0.0,7.62
2023-01-15 01:00:00+05:30,0.0,7.03
2023-01-15 02:00:00+05:30,0.0,6.39
2023-01-15 03:00:00+05:30,0.0,5.88
2023-01-15 04:00:00+05:30,0.0,5.58
2023-01-15 05:00:00+05:30,0.0,5.33
2023-01-15 06:00:00+05:30,0.0,5.02
2023-01-15 07:00:00+05:30,0.0,4.52
2023-01-15 08:00:00+05:30,37.12,3.81
2023-01-15 09:00:00+05:30,137.94,5.29
2023-01-15 10:00:00+05:30,271.75,9.65
2023-01-15 11:00:00+05:30,374.01,12.18
2023-01-15 12:00:00+05:30,429.79,13.87
2023-01-15 13:00:00+05:30,432.23,15.22
2023-01-15 14:00:00+05:30,381.38,16.35
2023-01-15 15:00:00+05:30,283.94,17.07
2023-01-15 16:00:00+05:30,154.32,17.28
2023-01-15 17:00:00+05:30,44.34,16.98
2023-01-15 18:00:00+05:30,0.0,15.74
2023-01-15 19:00:00+05:30,0.0,13.76
2023-01-15 20:00:00+05:30,0.0,11.59
2023-01-15 21:00:00+05:30,0.0,9.74
2023-01-15 22:00:00+05:30,0.0,8.38
2023-01-15 23:00:00+05:30,0.0,7.53
2023-01-16 00:00:00+05:30,0.0,6.93
2023-01-16 01:00:00+05:30,0.0,6.27
2023-01-16 02:00:00+05:30,0.0,5.71
2023-01-16 03:00:00+05:30,0.0,5.03
2023-01-16 04:00:00+05:30,0.0,4.37
2023-01-16 05:00:00+05:30,0.0,3.81
2023-01-16 06:00:00+05:30,0.0,3.32
2023-01-16 07:00:00+05:30,0.0,2.9
2023-01-16 08:00:00+05:30,36.45,2.54
2023-01-16 09:00:00+05:30,137.76,5.22
2023-01-16 10:00:00+05:30,269.85,11.1
2023-01-16 11:00:00+05:30,371.14,13.89
2023-01-16 12:00:00+05:30,426.07,15.19
2023-01-16 13:00:00+05:30,429.45,15.97
2023-01-16 14:00:00+05:30,380.35,16.78
2023-01-16 15:00:00+05:30,284.7,17.32
2023-01-16 16:00:00+05:30,156.45,17.58
2023-01-16 17:00:00+05:30,44.72,17.42
2023-01-16 18:00:00+05:30,0.0,16.56
2023-01-16 19:00:00+05:30,0.0,14.71
2023-01-16 20:00:00+05:30,0.0,11.98
2023-01-16 21:00:00+05:30,0.0,10.14
2023-01-16 22:00:00+05:30,0.0,8.61
2023-01-16 23:00:00+05:30,0.0,7.76
2023-01-17 00:00:00+05:30,0.0,7.12
2023-01-17 01:00:00+05:30,0.0,6.61
2023-01-17 02:00:00+05:30,0.0,6.03
2023-01-17 03:00:00+05:30,0.0,5.44
2023-01-17 04:00:00+05:30,0.0,4.9
2023-01-17 05:00:00+05:30,0.0,4.49
2023-01-17 06:00:00+05:30,0.0,4.15
2023-01-17 07:00:00+05:30,0.0,3.79
2023-01-17 08:00:00+05:30,36.6,3.38
2023-01-17 09:00:00+05:30,139.09,5.37
2023-01-17 10:00:00+05:30,271.35,10.83
2023-01-17 11:00:00+05:30,373.1,13.73
2023-01-17 12:00:00+05:30,428.79,15.21
2023-01-17 13:00:00+05:30,432.18,16.19
2023-01-17 14:00:00+05:30,383.03,17.14
2023-01-17 15:00:00+05:30,287.39,17.76
2023-01-17 16:00:00+05:30,159.27,18.04
2023-01-17 17:00:00+05:30,45.24,17.85
2023-01-17 18:00:00+05:30,0.0,17.04
2023-01-17 19:00:00+05:30,0.0,15.11
2023-01-17 20:00:00+05:30,0.0,12.76
2023-01-17 21:00:00+05:30,0.0,10.13
2023-01-17 22:00:00+05:30,0.0,8.7
2023-01-17 23:00:00+05:30,0.0,7.59
2023-01-18 00:00:00+05:30,0.0,7.0
2023-01-18 01:00:00+05:30,0.0,6.55
2023-01-18 02:00:00+05:30,0.0,6.3
2023-01-18 03:00:00+05:30,0.0,5.94
2023-01-18 04:00:00+05:30,0.0,5.52
2023-01-18 05:00:00+05:30,0.0,5.16
2023-01-18 06:00:00+05:30,0.0,4.85
2023-01-18 07:00:00+05:30,0.0,4.56
2023-01-18 08:00:00+05:30,36.41,4.3
2023-01-18 09:00:00+05:30,139.48,6.44
2023-01-18 10:00:00+05:30,270.54,12.16
2023-01-18 11:00:00+05:30,371.34,15.0
2023-01-18 12:00:00+05:30,426.57,16.52
2023-01-18 13:00:00+05:30,430.23,17.23
2023-01-18 14:00:00+05:30,381.91,18.06
2023-01-18 15:00:00+05:30,287.48,18.57
2023-01-18 16:00:00+05:30,160.82,18.8
2023-01-18 17:00:00+05:30,31.56,18.56
2023-01-18 18:00:00+05:30,0.0,17.52
2023-01-18 19:00:00+05:30,0.0,15.45
2023-01-18 20:00:00+05:30,0.0,13.29
2023-01-18 21:00:00+05:30,0.0,11.81
2023-01-18 22:00:00+05:30,0.0,10.82
2023-01-18 23:00:00+05:30,0.0,10.0
2023-01-19 00:00:00+05:30,0.0,9.19
2023-01-19 01:00:00+05:30,0.0,9.28
2023-01-19 02:00:00+05:30,0.0,8.21
2023-01-19 03:00:00+05:30,0.0,6.97
2023-01-19 04:00:00+05:30,0.0,6.06
2023-01-19 05:00:00+05:30,0.0,5.89
2023-01-19 06:00:00+05:30,0.0,6.13
2023-01-19 07:00:00+05:30,0.0,6.23
2023-01-19 08:00:00+05:30,36.17,6.24
2023-01-19 09:00:00+05:30,139.07,8.31
2023-01-19 10:00:00+05:30,268.24,12.88
2023-01-19 11:00:00+05:30,367.76,15.49
2023-01-19 12:00:00+05:30,422.12,17.18
2023-01-19 13:00:00+05:30,426.25,18.66
2023-01-19 14:00:00+05:30,378.9,19.62
2023-01-19 15:00:00+05:30,286.37,20.15
2023-01-19 16:00:00+05:30,162.61,20.28
2023-01-19 17:00:00+05:30,35.68,19.87
2023-01-19 18:00:00+05:30,0.0,18.41
2023-01-19 19:00:00+05:30,0.0,16.61
2023-01-19 20:00:00+05:30,0.0,14.85
2023-01-19 21:00:00+05:30,0.0,12.95
2023-01-19 22:00:00+05:30,0.0,11.72
2023-01-19 23:00:00+05:30,0.0,10.95
2023-01-20 00:00:00+05:30,0.0,10.34
2023-01-20 01:00:00+05:30,0.0,9.88
2023-01-20 02:00:00+05:30,0.0,9.51
2023-01-20 03:00:00+05:30,0.0,9.17
2023-01-20 04:00:00+05:30,0.0,8.88
2023-01-20 05:00:00+05:30,0.0,8.63
2023-01-20 06:00:00+05:30,0.0,8.68
2023-01-20 07:00:00+05:30,0.0,8.53
2023-01-20 08:00:00+05:30,37.03,8.42
2023-01-20 09:00:00+05:30,139.86,10.21
2023-01-20 10:00:00+05:30,267.84,13.56
2023-01-20 11:00:00+05:30,363.35,16.07
2023-01-20 12:00:00+05:30,423.95,17.91
2023-01-20 13:00:00+05:30,428.7,19.03
2023-01-20 14:00:00+05:30,381.75,19.89
2023-01-20 15:00:00+05:30,288.96,20.41
2023-01-20 16:00:00+05:30,164.06,20.54
2023-01-20 17:00:00+05:30,38.96,20.22
2023-01-20 18:00:00+05:30,0.0,18.93
2023-01-20 19:00:00+05:30,0.0,16.52
2023-01-20 20:00:00+05:30,0.0,14.72
2023-01-20 21:00:00+05:30,0.0,13.68
2023-01-20 22:00:00+05:30,0.0,12.93
2023-01-20 23:00:00+05:30,0.0,12.38
2023-01-21 00:00:00+05:30,0.0,11.93
2023-01-21 01:00:00+05:30,0.0,11.13
2023-01-21 02:00:00+05:30,0.0,10.66
2023-01-21 03:00:00+05:30,0.0,10.2
2023-01-21 04:00:00+05:30,0.0,9.75
2023-01-21 05:00:00+05:30,0.0,9.31
2023-01-21 06:00:00+05:30,0.0,8.91
2023-01-21 07:00:00+05:30,0.0,8.57
2023-01-21 08:00:00+05:30,37.69,8.35
2023-01-21 09:00:00+05:30,142.39,10.12
2023-01-21 10:00:00+05:30,270.87,13.9
2023-01-21 11:00:00+05:30,370.49,16.69
2023-01-21 12:00:00+05:30,426.48,18.48
2023-01-21 13:00:00+05:30,430.92,19.73
2023-01-21 14:00:00+05:30,382.45,20.73
2023-01-21 15:00:00+05:30,292.85,21.32
2023-01-21 16:00:00+05:30,169.35,21.56
2023-01-21 17:00:00+05:30,41.55,21.3
2023-01-21 18:00:00+05:30,0.0,20.2
2023-01-21 19:00:00+05:30,0.0,18.41
2023-01-21 20:00:00+05:30,0.0,16.51
2023-01-21 21:00:00+05:30,0.0,15.67
2023-01-21 22:00:00+05:30,0.0,15.19
2023-01-21 23:00:00+05:30,0.0,14.83
2023-01-22 00:00:00+05:30,0.0,14.34
2023-01-22 01:00:00+05:30,0.0,13.99
2023-01-22 02:00:00+05:30,0.0,13.31
2023-01-22 03:00:00+05:30,0.0,12.88
2023-01-22 04:00:00+05:30,0.0,12.53
2023-01-22 05:00:00+05:30,0.0,11.99
2023-01-22 06:00:00+05:30,0.0,11.69
2023-01-22 07:00:00+05:30,0.0,11.36
2023-01-22 08:00:00+05:30,38.79,11.12
2023-01-22 09:00:00+05:30,139.09,12.74
2023-01-22 10:00:00+05:30,229.93,15.43
2023-01-22 11:00:00+05:30,316.71,17.5
2023-01-22 12:00:00+05:30,351.27,18.99
2023-01-22 13:00:00+05:30,338.66,20.07
2023-01-22 14:00:00+05:30,301.76,20.59
2023-01-22 15:00:00+05:30,250.3,20.85
2023-01-22 16:00:00+05:30,153.78,20.91
2023-01-22 17:00:00+05:30,43.61,20.43
2023-01-22 18:00:00+05:30,0.0,19.25
2023-01-22 19:00:00+05:30,0.0,17.35
2023-01-22 20:00:00+05:30,0.0,16.3
2023-01-22 21:00:00+05:30,0.0,15.84
2023-01-22 22:00:00+05:30,0.0,15.2
2023-01-22 23:00:00+05:30,0.0,14.47
2023-01-23 00:00:00+05:30,0.0,14.17
2023-01-23 01:00:00+05:30,0.0,13.25
2023-01-23 02:00:00+05:30,0.0,12.69
2023-01-23 03:00:00+05:30,0.0,11.99
2023-01-23 04:00:00+05:30,0.0,11.43
2023-01-23 05:00:00+05:30,0.0,11.04
2023-01-23 06:00:00+05:30,0.0,10.73
2023-01-23 07:00:00+05:30,0.0,10.47
2023-01-23 08:00:00+05:30,38.27,10.32
2023-01-23 09:00:00+05:30,142.55,11.97
2023-01-23 10:00:00+05:30,253.71,15.82
2023-01-23 11:00:00+05:30,347.48,18.29
2023-01-23 12:00:00+05:30,408.19,20.03
2023-01-23 13:00:00+05:30,363.65,21.09
2023-01-23 14:00:00+05:30,301.51,21.73
2023-01-23 15:00:00+05:30,212.4,21.93
2023-01-23 16:00:00+05:30,122.79,20.92
2023-01-23 17:00:00+05:30,42.59,20.1
2023-01-23 18:00:00+05:30,0.0,18.99
2023-01-23 19:00:00+05:30,0.0,17.6
2023-01-23 20:00:00+05:30,0.0,16.54
2023-01-23 21:00:00+05:30,0.0,15.98
2023-01-23 22:00:00+05:30,0.0,15.44
2023-01-23 23:00:00+05:30,0.0,14.83
2023-01-24 00:00:00+05:30,0.0,14.37
2023-01-24 01:00:00+05:30,0.0,14.12
2023-01-24 02:00:00+05:30,0.0,13.96
2023-01-24 03:00:00+05:30,0.0,14.06
2023-01-24 04:00:00+05:30,0.0,13.89
2023-01-24 05:00:00+05:30,0.0,13.75
2023-01-24 06:00:00+05:30,0.0,13.36
2023-01-24 07:00:00+05:30,0.0,12.8
2023-01-24 08:00:00+05:30,42.09,12.35
2023-01-24 09:00:00+05:30,139.2,13.82
2023-01-24 10:00:00+05:30,236.79,16.37
2023-01-24 11:00:00+05:30,291.89,18.42
2023-01-24 12:00:00+05:30,311.8,19.68
2023-01-24 13:00:00+05:30,332.28,19.59
2023-01-24 14:00:00+05:30,318.68,20.54
2023-01-24 15:00:00+05:30,251.41,20.86
2023-01-24 16:00:00+05:30,159.45,21.1
2023-01-24 17:00:00+05:30,48.58,20.98
2023-01-24 18:00:00+05:30,0.0,20.07
2023-01-24 19:00:00+05:30,0.0,18.78
2023-01-24 20:00:00+05:30,0.0,17.74
2023-01-24 21:00:00+05:30,0.0,16.74
2023-01-24 22:00:00+05:30,0.0,16.5
2023-01-24 23:00:00+05:30,0.0,13.93
2023-01-25 00:00:00+05:30,0.0,13.2
2023-01-25 01:00:00+05:30,0.0,12.25
2023-01-25 02:00:00+05:30,0.0,11.89
2023-01-25 03:00:00+05:30,0.0,11.47
2023-01-25 04:00:00+05:30,0.0,11.11
2023-01-25 05:00:00+05:30,0.0,10.81
2023-01-25 06:00:00+05:30,0.0,10.58
2023-01-25 07:00:00+05:30,0.0,10.3
2023-01-25 08:00:00+05:30,38.32,10.16
2023-01-25 09:00:00+05:30,148.14,11.71
2023-01-25 10:00:00+05:30,265.59,14.8
2023-01-25 11:00:00+05:30,362.69,17.62
2023-01-25 12:00:00+05:30,434.77,19.44
2023-01-25 13:00:00+05:30,423.82,20.03
2023-01-25 14:00:00+05:30,401.17,20.76
2023-01-25 15:00:00+05:30,307.8,21.26
2023-01-25 16:00:00+05:30,183.66,21.37
2023-01-25 17:00:00+05:30,52.51,21.1
2023-01-25 18:00:00+05:30,0.0,19.94
2023-01-25 19:00:00+05:30,0.0,17.44
2023-01-25 20:00:00+05:30,0.0,15.64
2023-01-25 21:00:00+05:30,0.0,14.54
2023-01-25 22:00:00+05:30,0.0,13.69
2023-01-25 23:00:00+05:30,0.0,13.11
2023-01-26 00:00:00+05:30,0.0,12.81
2023-01-26 01:00:00+05:30,0.0,12.59
2023-01-26 02:00:00+05:30,0.0,12.44
2023-01-26 03:00:00+05:30,0.0,12.52
2023-01-26 04:00:00+05:30,0.0,12.34
2023-01-26 05:00:00+05:30,0.0,12.11
2023-01-26 06:00:00+05:30,0.0,11.74
2023-01-26 07:00:00+05:30,0.0,11.35
2023-01-26 08:00:00+05:30,43.28,11.13
2023-01-26 09:00:00+05:30,148.26,11.79
2023-01-26 10:00:00+05:30,273.8,14.12
2023-01-26 11:00:00+05:30,380.02,16.74
2023-01-26 12:00:00+05:30,446.97,18.07
2023-01-26 13:00:00+05:30,463.43,18.9
2023-01-26 14:00:00+05:30,414.08,19.75
2023-01-26 15:00:00+05:30,318.71,20.29
2023-01-26 16:00:00+05:30,190.29,20.46
2023-01-26 17:00:00+05:30,55.11,20.11
2023-01-26 18:00:00+05:30,0.0,18.77
2023-01-26 19:00:00+05:30,0.0,16.22
2023-01-26 20:00:00+05:30,0.0,14.35
2023-01-26 21:00:00+05:30,0.0,13.15
2023-01-26 22:00:00+05:30,0.0,12.23
2023-01-26 23:00:00+05:30,0.0,11.43
2023-01-27 00:00:00+05:30,0.0,10.67
2023-01-27 01:00:00+05:30,0.0,10.04
2023-01-27 02:00:00+05:30,0.0,9.35
2023-01-27 03:00:00+05:30,0.0,8.6
2023-01-27 04:00:00+05:30,0.0,7.85
2023-01-27 05:00:00+05:30,0.0,7.15
2023-01-27 06:00:00+05:30,0.0,6.48
2023-01-27 07:00:00+05:30,0.0,5.9
2023-01-27 08:00:00+05:30,40.94,5.36
2023-01-27 09:00:00+05:30,164.2,7.6
2023-01-27 10:00:00+05:30,302.81,11.95
2023-01-27 11:00:00+05:30,409.98,14.51
2023-01-27 12:00:00+05:30,469.5,16.41
2023-01-27 13:00:00+05:30,475.85,17.91
2023-01-27 14:00:00+05:30,428.17,19.18
2023-01-27 15:00:00+05:30,331.58,20.06
2023-01-27 16:00:00+05:30,199.22,20.45
2023-01-27 17:00:00+05:30,58.54,20.22
2023-01-27 18:00:00+05:30,8.55,19.03
2023-01-27 19:00:00+05:30,0.0,16.78
2023-01-27 20:00:00+05:30,0.0,14.28
2023-01-27 21:00:00+05:30,0.0,12.07
2023-01-27 22:00:00+05:30,0.0,10.48
2023-01-27 23:00:00+05:30,0.0,9.42
2023-01-28 00:00:00+05:30,0.0,8.63
2023-01-28 01:00:00+05:30,0.0,8.27
2023-01-28 02:00:00+05:30,0.0,8.03
2023-01-28 03:00:00+05:30,0.0,7.69
2023-01-28 04:00:00+05:30,0.0,7.34
2023-01-28 05:00:00+05:30,0.0,6.98
2023-01-28 06:00:00+05:30,0.0,6.56
2023-01-28 07:00:00+05:30,0.0,5.96
2023-01-28 08:00:00+05:30,28.48,5.18
2023-01-28 09:00:00+05:30,167.39,7.11
2023-01-28 10:00:00+05:30,306.91,11.91
2023-01-28 11:00:00+05:30,414.76,15.51
2023-01-28 12:00:00+05:30,475.02,17.98
2023-01-28 13:00:00+05:30,481.52,19.8
2023-01-28 14:00:00+05:30,432.84,20.99
2023-01-28 15:00:00+05:30,335.07,21.71
2023-01-28 16:00:00+05:30,201.31,21.94
2023-01-28 17:00:00+05:30,61.28,21.67
2023-01-28 18:00:00+05:30,8.89,20.62
2023-01-28 19:00:00+05:30,0.0,18.4
2023-01-28 20:00:00+05:30,0.0,16.29
2023-01-28 21:00:00+05:30,0.0,14.63
2023-01-28 22:00:00+05:30,0.0,13.21
2023-01-28 23:00:00+05:30,0.0,12.11
2023-01-29 00:00:00+05:30,0.0,11.92
2023-01-29 01:00:00+05:30,0.0,11.98
2023-01-29 02:00:00+05:30,0.0,11.59
2023-01-29 03:00:00+05:30,0.0,12.11
2023-01-29 04:00:00+05:30,0.0,12.42
2023-01-29 05:00:00+05:30,0.0,12.47
2023-01-29 06:00:00+05:30,0.0,12.18
2023-01-29 07:00:00+05:30,0.0,12.03
2023-01-29 08:00:00+05:30,38.11,11.96
2023-01-29 09:00:00+05:30,126.23,13.1
2023-01-29 10:00:00+05:30,197.12,14.16
2023-01-29 11:00:00+05:30,221.56,14.55
2023-01-29 12:00:00+05:30,312.88,15.02
2023-01-29 13:00:00+05:30,343.09,16.63
2023-01-29 14:00:00+05:30,351.29,17.32
2023-01-29 15:00:00+05:30,287.84,17.94
2023-01-29 16:00:00+05:30,169.51,18.16
2023-01-29 17:00:00+05:30,62.11,17.87
2023-01-29 18:00:00+05:30,7.12,17.05
2023-01-29 19:00:00+05:30,0.0,15.84
2023-01-29 20:00:00+05:30,0.0,14.98
2023-01-29 21:00:00+05:30,0.0,14.41
2023-01-29 22:00:00+05:30,0.0,13.68
2023-01-29 23:00:00+05:30,0.0,13.4
2023-01-30 00:00:00+05:30,0.0,13.38
2023-01-30 01:00:00+05:30,0.0,12.75
2023-01-30 02:00:00+05:30,0.0,12.64
2023-01-30 03:00:00+05:30,0.0,12.49
2023-01-30 04:00:00+05:30,0.0,12.25
2023-01-30 05:00:00+05:30,0.0,12.21
2023-01-30 06:00:00+05:30,0.0,12.13
2023-01-30 07:00:00+05:30,0.0,12.19
2023-01-30 08:00:00+05:30,46.6,11.99
2023-01-30 09:00:00+05:30,149.95,12.81
2023-01-30 10:00:00+05:30,268.35,14.69
2023-01-30 11:00:00+05:30,377.28,16.4
2023-01-30 12:00:00+05:30,419.48,18.07
2023-01-30 13:00:00+05:30,411.51,19.46
2023-01-30 14:00:00+05:30,286.25,20.03
2023-01-30 15:00:00+05:30,227.58,20.19
2023-01-30 16:00:00+05:30,133.36,20.23
2023-01-30 17:00:00+05:30,56.35,20.08
2023-01-30 18:00:00+05:30,6.78,19.3
2023-01-30 19:00:00+05:30,0.0,17.74
2023-01-30 20:00:00+05:30,0.0,16.12
2023-01-30 21:00:00+05:30,0.0,15.1
2023-01-30 22:00:00+05:30,0.0,14.21
2023-01-30 23:00:00+05:30,0.0,13.44
2023-01-31 00:00:00+05:30,0.0,12.76
2023-01-31 01:00:00+05:30,0.0,12.94
2023-01-31 02:00:00+05:30,0.0,13.01
2023-01-31 03:00:00+05:30,0.0,12.97
2023-01-31 04:00:00+05:30,0.0,13.14
2023-01-31 05:00:00+05:30,0.0,13.51
2023-01-31 06:00:00+05:30,0.0,13.2
2023-01-31 07:00:00+05:30,0.0,13.0
2023-01-31 08:00:00+05:30,39.64,12.88
2023-01-31 09:00:00+05:30,160.49,14.18
2023-01-31 10:00:00+05:30,268.58,16.35
2023-01-31 11:00:00+05:30,385.26,17.85
2023-01-31 12:00:00+05:30,443.51,18.91
2023-01-31 13:00:00+05:30,473.86,19.35
2023-01-31 14:00:00+05:30,430.98,20.0
2023-01-31 15:00:00+05:30,340.67,20.36
2023-01-31 16:00:00+05:30,210.54,20.43
2023-01-31 17:00:00+05:30,70.88,20.07
2023-01-31 18:00:00+05:30,10.42,18.7
2023-01-31 19:00:00+05:30,0.0,16.18
2023-01-31 20:00:00+05:30,0.0,14.52
2023-01-31 21:00:00+05:30,0.0,13.37
2023-01-31 22:00:00+05:30,0.0,12.3
2023-01-31 23:00:00+05:30,0.0,11.17
2023-02-01 00:00:00+05:30,0.0,10.1
2023-02-01 01:00:00+05:30,0.0,9.77
2023-02-01 02:00:00+05:30,0.0,9.28
2023-02-01 03:00:00+05:30,0.0,8.87
2023-02-01 04:00:00+05:30,0.0,8.56
2023-02-01 05:00:00+05:30,0.0,8.38
2023-02-01 06:00:00+05:30,0.0,8.19
2023-02-01 07:00:00+05:30,0.0,8.0
2023-02-01 08:00:00+05:30,38.58,7.84
2023-02-01 09:00:00+05:30,179.37,9.4
2023-02-01 10:00:00+05:30,320.38,12.57
2023-02-01 11:00:00+05:30,428.86,15.25
2023-02-01 12:00:00+05:30,489.7,17.48
2023-02-01 13:00:00+05:30,495.97,18.86
2023-02-01 14:00:00+05:30,447.81,20.19
2023-02-01 15:00:00+05:30,350.84,21.05
2023-02-01 16:00:00+05:30,217.78,21.37
2023-02-01 17:00:00+05:30,74.64,21.21
2023-02-01 18:00:00+05:30,10.89,20.05
2023-02-01 19:00:00+05:30,0.0,17.62
2023-02-01 20:00:00+05:30,0.0,15.0
2023-02-01 21:00:00+05:30,0.0,13.25
2023-02-01 22:00:00+05:30,0.0,12.35
2023-02-01 23:00:00+05:30,0.0,11.79
2023-02-02 00:00:00+05:30,0.0,11.27
2023-02-02 01:00:00+05:30,0.0,10.73
2023-02-02 02:00:00+05:30,0.0,10.11
2023-02-02 03:00:00+05:30,0.0,9.51
2023-02-02 04:00:00+05:30,0.0,8.98
2023-02-02 05:00:00+05:30,0.0,8.55
2023-02-02 06:00:00+05:30,0.0,8.18
2023-02-02 07:00:00+05:30,0.0,7.77
2023-02-02 08:00:00+05:30,40.29,7.41
2023-02-02 09:00:00+05:30,181.34,9.46
2023-02-02 10:00:00+05:30,321.58,14.07
2023-02-02 11:00:00+05:30,429.37,17.22
2023-02-02 12:00:00+05:30,488.97,19.66
2023-02-02 13:00:00+05:30,495.74,21.61
2023-02-02 14:00:00+05:30,448.33,22.86
2023-02-02 15:00:00+05:30,352.2,23.6
2023-02-02 16:00:00+05:30,220.0,23.87
2023-02-02 17:00:00+05:30,77.33,23.55
2023-02-02 18:00:00+05:30,11.23,22.33
2023-02-02 19:00:00+05:30,0.0,19.73
2023-02-02 20:00:00+05:30,0.0,16.93
2023-02-02 21:00:00+05:30,0.0,14.58
2023-02-02 22:00:00+05:30,0.0,13.18
2023-02-02 23:00:00+05:30,0.0,12.2
2023-02-03 00:00:00+05:30,0.0,11.44
2023-02-03 01:00:00+05:30,0.0,10.81
2023-02-03 02:00:00+05:30,0.0,10.15
2023-02-03 03:00:00+05:30,0.0,9.51
2023-02-03 04:00:00+05:30,0.0,8.91
2023-02-03 05:00:00+05:30,0.0,8.4
2023-02-03 06:00:00+05:30,0.0,7.95
2023-02-03 07:00:00+05:30,0.0,7.6
2023-02-03 08:00:00+05:30,42.3,7.34
2023-02-03 09:00:00+05:30,182.76,9.94
2023-02-03 10:00:00+05:30,322.52,16.0
2023-02-03 11:00:00+05:30,430.44,19.53
2023-02-03 12:00:00+05:30,493.09,21.55
2023-02-03 13:00:00+05:30,500.47,22.85
2023-02-03 14:00:00+05:30,453.42,23.74
2023-02-03 15:00:00+05:30,357.28,24.24
2023-02-03 16:00:00+05:30,224.61,24.37
2023-02-03 17:00:00+05:30,80.79,24.08
2023-02-03 18:00:00+05:30,11.71,22.94
2023-02-03 19:00:00+05:30,0.0,20.29
2023-02-03 20:00:00+05:30,0.0,17.33
2023-02-03 21:00:00+05:30,0.0,15.29
2023-02-03 22:00:00+05:30,0.0,14.46
2023-02-03 23:00:00+05:30,0.0,14.35
2023-02-04 00:00:00+05:30,0.0,13.58
2023-02-04 01:00:00+05:30,0.0,12.07
2023-02-04 02:00:00+05:30,0.0,10.57
2023-02-04 03:00:00+05:30,0.0,9.9
2023-02-04 04:00:00+05:30,0.0,9.33
2023-02-04 05:00:00+05:30,0.0,8.93
2023-02-04 06:00:00+05:30,0.0,8.58
2023-02-04 07:00:00+05:30,0.0,8.24
2023-02-04 08:00:00+05:30,44.62,8.0
2023-02-04 09:00:00+05:30,184.06,11.52
2023-02-04 10:00:00+05:30,322.41,17.1
2023-02-04 11:00:00+05:30,428.98,20.38
2023-02-04 12:00:00+05:30,488.17,22.33
2023-02-04 13:00:00+05:30,495.11,23.49
2023-02-04 14:00:00+05:30,448.59,24.33
2023-02-04 15:00:00+05:30,353.93,24.78
2023-02-04 16:00:00+05:30,223.6,24.87
2023-02-04 17:00:00+05:30,82.61,24.47
2023-02-04 18:00:00+05:30,11.99,23.19
2023-02-04 19:00:00+05:30,0.0,21.0
2023-02-04 20:00:00+05:30,0.0,18.14
2023-02-04 21:00:00+05:30,0.0,16.0
2023-02-04 22:00:00+05:30,0.0,14.54
2023-02-04 23:00:00+05:30,0.0,13.21
2023-02-05 00:00:00+05:30,0.0,12.24
2023-02-05 01:00:00+05:30,0.0,12.23
2023-02-05 02:00:00+05:30,0.0,11.92
2023-02-05 03:00:00+05:30,0.0,11.6
2023-02-05 04:00:00+05:30,0.0,11.24
2023-02-05 05:00:00+05:30,0.0,10.85
2023-02-05 06:00:00+05:30,0.0,10.39
2023-02-05 07:00:00+05:30,0.0,9.91
2023-02-05 08:00:00+05:30,46.99,9.52
2023-02-05 09:00:00+05:30,186.37,12.09
2023-02-05 10:00:00+05:30,324.54,17.61
2023-02-05 11:00:00+05:30,431.0,21.15
2023-02-05 12:00:00+05:30,491.47,22.96
2023-02-05 13:00:00+05:30,498.7,24.33
2023-02-05 14:00:00+05:30,452.21,25.11
2023-02-05 15:00:00+05:30,357.41,25.55
2023-02-05 16:00:00+05:30,226.95,25.61
2023-02-05 17:00:00+05:30,85.65,25.29
2023-02-05 18:00:00+05:30,12.37,24.21
2023-02-05 19:00:00+05:30,0.0,21.97
2023-02-05 20:00:00+05:30,0.0,19.64
2023-02-05 21:00:00+05:30,0.0,18.03
2023-02-05 22:00:00+05:30,0.0,16.9
2023-02-05 23:00:00+05:30,0.0,16.11
2023-02-06 00:00:00+05:30,0.0,15.48
2023-02-06 01:00:00+05:30,0.0,15.05
2023-02-06 02:00:00+05:30,0.0,14.43
2023-02-06 03:00:00+05:30,0.0,13.7
2023-02-06 04:00:00+05:30,0.0,13.0
2023-02-06 05:00:00+05:30,0.0,12.29
2023-02-06 06:00:00+05:30,0.0,11.99
2023-02-06 07:00:00+05:30,0.0,11.86
2023-02-06 08:00:00+05:30,49.29,11.67
2023-02-06 09:00:00+05:30,187.52,14.11
2023-02-06 10:00:00+05:30,325.34,18.61
2023-02-06 11:00:00+05:30,432.48,21.22
2023-02-06 12:00:00+05:30,492.52,23.21
2023-02-06 13:00:00+05:30,500.85,24.62
2023-02-06 14:00:00+05:30,456.38,25.48
2023-02-06 15:00:00+05:30,362.3,25.97
2023-02-06 16:00:00+05:30,230.79,26.05
2023-02-06 17:00:00+05:30,88.9,25.71
2023-02-06 18:00:00+05:30,12.95,24.48
2023-02-06 19:00:00+05:30,0.0,22.54
2023-02-06 20:00:00+05:30,0.0,20.02
2023-02-06 21:00:00+05:30,0.0,17.92
2023-02-06 22:00:00+05:30,0.0,16.65
2023-02-06 23:00:00+05:30,0.0,15.75
2023-02-07 00:00:00+05:30,0.0,15.23
2023-02-07 01:00:00+05:30,0.0,15.84
2023-02-07 02:00:00+05:30,0.0,15.61
2023-02-07 03:00:00+05:30,0.0,15.05
2023-02-07 04:00:00+05:30,0.0,14.45
2023-02-07 05:00:00+05:30,0.0,13.78
2023-02-07 06:00:00+05:30,0.0,13.0
2023-02-07 07:00:00+05:30,0.0,12.23
2023-02-07 08:00:00+05:30,53.43,11.7
2023-02-07 09:00:00+05:30,198.88,13.59
2023-02-07 10:00:00+05:30,340.8,16.92
2023-02-07 11:00:00+05:30,449.38,19.85
2023-02-07 12:00:00+05:30,508.82,21.94
2023-02-07 13:00:00+05:30,516.0,23.22
2023-02-07 14:00:00+05:30,468.98,24.14
2023-02-07 15:00:00+05:30,372.68,24.62
2023-02-07 16:00:00+05:30,239.38,24.67
2023-02-07 17:00:00+05:30,93.64,24.18
2023-02-07 18:00:00+05:30,13.62,22.55
2023-02-07 19:00:00+05:30,0.0,19.85
2023-02-07 20:00:00+05:30,0.0,17.52
2023-02-07 21:00:00+05:30,0.0,15.96
2023-02-07 22:00:00+05:30,0.0,14.82
2023-02-07 23:00:00+05:30,0.0,13.87
2023-02-08 00:00:00+05:30,0.0,13.09
2023-02-08 01:00:00+05:30,0.0,12.36
2023-02-08 02:00:00+05:30,0.0,11.91
2023-02-08 03:00:00+05:30,0.0,11.52
2023-02-08 04:00:00+05:30,0.0,11.35
2023-02-08 05:00:00+05:30,0.0,11.15
2023-02-08 06:00:00+05:30,0.0,10.78
2023-02-08 07:00:00+05:30,0.0,10.27
2023-02-08 08:00:00+05:30,55.28,9.77
2023-02-08 09:00:00+05:30,199.49,11.9
2023-02-08 10:00:00+05:30,340.79,17.15
2023-02-08 11:00:00+05:30,449.49,20.5
2023-02-08 12:00:00+05:30,509.8,22.41
2023-02-08 13:00:00+05:30,517.54,23.66
2023-02-08 14:00:00+05:30,470.91,24.55
2023-02-08 15:00:00+05:30,374.95,25.11
2023-02-08 16:00:00+05:30,242.14,25.28
2023-02-08 17:00:00+05:30,96.44,24.99
2023-02-08 18:00:00+05:30,13.95,23.88
2023-02-08 19:00:00+05:30,0.0,21.64
2023-02-08 20:00:00+05:30,0.0,19.12
2023-02-08 21:00:00+05:30,0.0,17.03
2023-02-08 22:00:00+05:30,0.0,16.91
2023-02-08 23:00:00+05:30,0.0,17.45
2023-02-09 00:00:00+05:30,0.0,16.87
2023-02-09 01:00:00+05:30,0.0,15.83
2023-02-09 02:00:00+05:30,0.0,15.68
2023-02-09 03:00:00+05:30,0.0,15.35
2023-02-09 04:00:00+05:30,0.0,15.12
2023-02-09 05:00:00+05:30,0.0,14.94
2023-02-09 06:00:00+05:30,0.0,14.76
2023-02-09 07:00:00+05:30,0.0,14.55
2023-02-09 08:00:00+05:30,57.67,14.04
2023-02-09 09:00:00+05:30,200.92,13.63
2023-02-09 10:00:00+05:30,340.77,18.31
2023-02-09 11:00:00+05:30,447.98,20.91
2023-02-09 12:00:00+05:30,507.97,22.93
2023-02-09 13:00:00+05:30,515.84,24.64
2023-02-09 14:00:00+05:30,470.09,25.64
2023-02-09 15:00:00+05:30,375.46,26.22
2023-02-09 16:00:00+05:30,243.7,26.42
2023-02-09 17:00:00+05:30,98.79,26.15
2023-02-09 18:00:00+05:30,14.33,24.51
2023-02-09 19:00:00+05:30,0.0,21.75
2023-02-09 20:00:00+05:30,0.0,20.2
2023-02-09 21:00:00+05:30,0.0,19.11
2023-02-09 22:00:00+05:30,0.0,18.12
2023-02-09 23:00:00+05:30,0.0,17.25
2023-02-10 00:00:00+05:30,0.0,16.6
2023-02-10 01:00:00+05:30,0.0,16.19
2023-02-10 02:00:00+05:30,0.0,15.82
2023-02-10 03:00:00+05:30,0.0,15.58
2023-02-10 04:00:00+05:30,0.0,15.41
2023-02-10 05:00:00+05:30,0.0,15.2
2023-02-10 06:00:00+05:30,0.0,14.88
2023-02-10 07:00:00+05:30,0.0,14.39
2023-02-10 08:00:00+05:30,60.82,13.81
2023-02-10 09:00:00+05:30,206.77,15.46
2023-02-10 10:00:00+05:30,348.96,19.94
2023-02-10 11:00:00+05:30,458.37,22.48
2023-02-10 12:00:00+05:30,519.56,24.55
2023-02-10 13:00:00+05:30,528.15,26.14
2023-02-10 14:00:00+05:30,482.16,27.25
2023-02-10 15:00:00+05:30,385.91,27.97
2023-02-10 16:00:00+05:30,251.48,28.24
2023-02-10 17:00:00+05:30,103.49,27.75
2023-02-10 18:00:00+05:30,15.1,25.94
2023-02-10 19:00:00+05:30,0.0,23.27
2023-02-10 20:00:00+05:30,0.0,21.08
2023-02-10 21:00:00+05:30,0.0,19.79
2023-02-10 22:00:00+05:30,0.0,18.84
2023-02-10 23:00:00+05:30,0.0,18.09
2023-02-11 00:00:00+05:30,0.0,17.5
2023-02-11 01:00:00+05:30,0.0,17.41
2023-02-11 02:00:00+05:30,0.0,17.09
2023-02-11 03:00:00+05:30,0.0,16.7
2023-02-11 04:00:00+05:30,0.0,16.12
2023-02-11 05:00:00+05:30,0.0,15.39
2023-02-11 06:00:00+05:30,0.0,14.71
2023-02-11 07:00:00+05:30,0.0,14.02
2023-02-11 08:00:00+05:30,63.55,13.4
2023-02-11 09:00:00+05:30,209.05,15.62
2023-02-11 10:00:00+05:30,351.86,19.97
2023-02-11 11:00:00+05:30,462.31,23.09
2023-02-11 12:00:00+05:30,526.97,25.04
2023-02-11 13:00:00+05:30,535.63,25.97
2023-02-11 14:00:00+05:30,488.99,26.6
2023-02-11 15:00:00+05:30,392.31,26.91
2023-02-11 16:00:00+05:30,257.53,26.9
2023-02-11 17:00:00+05:30,107.94,26.37
2023-02-11 18:00:00+05:30,15.81,24.74
2023-02-11 19:00:00+05:30,0.0,22.03
2023-02-11 20:00:00+05:30,0.0,19.24
2023-02-11 21:00:00+05:30,0.0,17.51
2023-02-11 22:00:00+05:30,0.0,16.44
2023-02-11 23:00:00+05:30,0.0,15.66
2023-02-12 00:00:00+05:30,0.0,15.08
2023-02-12 01:00:00+05:30,0.0,15.04
2023-02-12 02:00:00+05:30,0.0,14.78
2023-02-12 03:00:00+05:30,0.0,14.32
2023-02-12 04:00:00+05:30,0.0,13.71
2023-02-12 05:00:00+05:30,0.0,12.98
2023-02-12 06:00:00+05:30,0.0,12.16
2023-02-12 07:00:00+05:30,0.0,11.32
2023-02-12 08:00:00+05:30,68.16,10.58
2023-02-12 09:00:00+05:30,219.37,12.38
2023-02-12 10:00:00+05:30,365.33,16.37
2023-02-12 11:00:00+05:30,477.37,19.48
2023-02-12 12:00:00+05:30,539.75,21.79
2023-02-12 13:00:00+05:30,548.09,23.26
2023-02-12 14:00:00+05:30,501.03,24.2
2023-02-12 15:00:00+05:30,403.46,24.58
2023-02-12 16:00:00+05:30,267.02,24.44
2023-02-12 17:00:00+05:30,113.96,23.74
2023-02-12 18:00:00+05:30,16.72,22.03
2023-02-12 19:00:00+05:30,0.0,19.12
2023-02-12 20:00:00+05:30,0.0,17.03
2023-02-12 21:00:00+05:30,0.0,15.61
2023-02-12 22:00:00+05:30,0.0,14.48
2023-02-12 23:00:00+05:30,0.0,13.58
2023-02-13 00:00:00+05:30,0.0,12.9
2023-02-13 01:00:00+05:30,0.0,12.62
2023-02-13 02:00:00+05:30,0.0,11.96
2023-02-13 03:00:00+05:30,0.0,11.24
2023-02-13 04:00:00+05:30,0.0,10.63
2023-02-13 05:00:00+05:30,0.0,10.08
2023-02-13 06:00:00+05:30,0.0,9.48
2023-02-13 07:00:00+05:30,0.0,8.97
2023-02-13 08:00:00+05:30,72.19,8.58
2023-02-13 09:00:00+05:30,226.42,10.73
2023-02-13 10:00:00+05:30,373.48,14.22
2023-02-13 11:00:00+05:30,485.03,17.01
2023-02-13 12:00:00+05:30,547.01,19.37
2023-02-13 13:00:00+05:30,553.94,21.25
2023-02-13 14:00:00+05:30,505.12,22.61
2023-02-13 15:00:00+05:30,406.05,23.49
2023-02-13 16:00:00+05:30,268.66,23.9
2023-02-13 17:00:00+05:30,115.72,23.63
2023-02-13 18:00:00+05:30,16.82,22.1
2023-02-13 19:00:00+05:30,0.0,19.36
2023-02-13 20:00:00+05:30,0.0,17.21
2023-02-13 21:00:00+05:30,0.0,15.71
2023-02-13 22:00:00+05:30,0.0,14.65
2023-02-13 23:00:00+05:30,0.0,13.98
2023-02-14 00:00:00+05:30,0.0,13.4
2023-02-14 01:00:00+05:30,0.0,12.71
2023-02-14 02:00:00+05:30,0.0,12.32
2023-02-14 03:00:00+05:30,0.0,12.13
2023-02-14 04:00:00+05:30,0.0,12.02
2023-02-14 05:00:00+05:30,0.0,11.78
2023-02-14 06:00:00+05:30,0.0,11.34
2023-02-14 07:00:00+05:30,0.0,10.8
2023-02-14 08:00:00+05:30,73.56,10.38
2023-02-14 09:00:00+05:30,224.55,12.94
2023-02-14 10:00:00+05:30,369.36,17.96
2023-02-14 11:00:00+05:30,479.85,21.24
2023-02-14 12:00:00+05:30,541.23,23.51
2023-02-14 13:00:00+05:30,548.86,25.07
2023-02-14 14:00:00+05:30,501.46,26.18
2023-02-14 15:00:00+05:30,404.21,26.88
2023-02-14 16:00:00+05:30,268.55,27.19
2023-02-14 17:00:00+05:30,117.35,26.9
2023-02-14 18:00:00+05:30,17.2,25.72
2023-02-14 19:00:00+05:30,0.0,23.53
2023-02-14 20:00:00+05:30,0.0,20.68
2023-02-14 21:00:00+05:30,0.0,18.46
2023-02-14 22:00:00+05:30,0.0,16.38
2023-02-14 23:00:00+05:30,0.0,15.28
2023-02-15 00:00:00+05:30,0.0,14.84
2023-02-15 01:00:00+05:30,0.0,14.35
2023-02-15 02:00:00+05:30,0.0,13.7
2023-02-15 03:00:00+05:30,0.0,13.07
2023-02-15 04:00:00+05:30,0.0,12.79
2023-02-15 05:00:00+05:30,0.0,12.94
2023-02-15 06:00:00+05:30,0.0,13.15
2023-02-15 07:00:00+05:30,0.0,13.22
2023-02-15 08:00:00+05:30,77.01,13.43
2023-02-15 09:00:00+05:30,229.8,16.04
2023-02-15 10:00:00+05:30,375.95,20.38
2023-02-15 11:00:00+05:30,487.57,23.85
2023-02-15 12:00:00+05:30,548.83,26.34
2023-02-15 13:00:00+05:30,556.76,28.08
2023-02-15 14:00:00+05:30,508.89,29.25
2023-02-15 15:00:00+05:30,410.88,29.84
2023-02-15 16:00:00+05:30,274.28,30.01
2023-02-15 17:00:00+05:30,121.52,29.42
2023-02-15 18:00:00+05:30,17.77,27.46
2023-02-15 19:00:00+05:30,0.0,24.39
2023-02-15 20:00:00+05:30,0.0,21.64
2023-02-15 21:00:00+05:30,0.0,19.9
2023-02-15 22:00:00+05:30,0.0,18.55
2023-02-15 23:00:00+05:30,0.0,17.58
2023-02-16 00:00:00+05:30,0.0,16.82
2023-02-16 01:00:00+05:30,0.0,16.21
2023-02-16 02:00:00+05:30,0.0,15.74
2023-02-16 03:00:00+05:30,0.0,15.46
2023-02-16 04:00:00+05:30,0.0,15.3
2023-02-16 05:00:00+05:30,0.0,15.07
2023-02-16 06:00:00+05:30,0.0,14.74
2023-02-16 07:00:00+05:30,0.0,14.35
2023-02-16 08:00:00+05:30,80.8,14.08
2023-02-16 09:00:00+05:30,235.29,16.33
2023-02-16 10:00:00+05:30,382.36,21.43
2023-02-16 11:00:00+05:30,494.27,24.71
2023-02-16 12:00:00+05:30,555.91,26.98
2023-02-16 13:00:00+05:30,563.54,27.92
2023-02-16 14:00:00+05:30,515.31,29.17
2023-02-16 15:00:00+05:30,416.46,30.07
2023-02-16 16:00:00+05:30,278.93,30.56
2023-02-16 17:00:00+05:30,124.99,30.5
2023-02-16 18:00:00+05:30,18.3,29.05
2023-02-16 19:00:00+05:30,0.0,26.31
2023-02-16 20:00:00+05:30,0.0,22.61
2023-02-16 21:00:00+05:30,0.0,20.07
2023-02-16 22:00:00+05:30,0.0,18.57
2023-02-16 23:00:00+05:30,0.0,17.54
2023-02-17 00:00:00+05:30,0.0,16.87
2023-02-17 01:00:00+05:30,0.0,16.23
2023-02-17 02:00:00+05:30,0.0,15.64
2023-02-17 03:00:00+05:30,0.0,15.07
2023-02-17 04:00:00+05:30,0.0,14.56
2023-02-17 05:00:00+05:30,0.0,14.12
2023-02-17 06:00:00+05:30,0.0,13.76
2023-02-17 07:00:00+05:30,0.0,13.38
2023-02-17 08:00:00+05:30,83.82,13.16
2023-02-17 09:00:00+05:30,238.0,16.12
2023-02-17 10:00:00+05:30,384.52,21.32
2023-02-17 11:00:00+05:30,496.22,23.94
2023-02-17 12:00:00+05:30,560.12,25.8
2023-02-17 13:00:00+05:30,567.87,27.1
2023-02-17 14:00:00+05:30,519.56,28.09
2023-02-17 15:00:00+05:30,420.56,28.76
2023-02-17 16:00:00+05:30,282.7,29.08
2023-02-17 17:00:00+05:30,128.3,29.09
2023-02-17 18:00:00+05:30,18.92,28.17
2023-02-17 19:00:00+05:30,0.0,25.78
2023-02-17 20:00:00+05:30,0.0,23.14
2023-02-17 21:00:00+05:30,0.0,21.07
2023-02-17 22:00:00+05:30,0.0,21.11
2023-02-17 23:00:00+05:30,0.0,20.34
2023-02-18 00:00:00+05:30,0.0,18.97
2023-02-18 01:00:00+05:30,0.0,15.37
2023-02-18 02:00:00+05:30,0.0,14.47
2023-02-18 03:00:00+05:30,0.0,13.68
2023-02-18 04:00:00+05:30,0.0,13.14
2023-02-18 05:00:00+05:30,0.0,12.83
2023-02-18 06:00:00+05:30,0.0,12.65
2023-02-18 07:00:00+05:30,0.0,12.49
2023-02-18 08:00:00+05:30,87.6,12.44
2023-02-18 09:00:00+05:30,243.38,15.94
2023-02-18 10:00:00+05:30,390.81,21.44
2023-02-18 11:00:00+05:30,502.91,24.32
2023-02-18 12:00:00+05:30,565.42,26.34
2023-02-18 13:00:00+05:30,572.96,27.66
2023-02-18 14:00:00+05:30,524.6,28.65
2023-02-18 15:00:00+05:30,425.6,29.31
2023-02-18 16:00:00+05:30,287.51,29.65
2023-02-18 17:00:00+05:30,132.13,29.56
2023-02-18 18:00:00+05:30,19.49,28.5
2023-02-18 19:00:00+05:30,0.0,25.96
2023-02-18 20:00:00+05:30,0.0,23.17
2023-02-18 21:00:00+05:30,0.0,21.56
2023-02-18 22:00:00+05:30,0.0,20.38
2023-02-18 23:00:00+05:30,0.0,19.31
2023-02-19 00:00:00+05:30,0.0,17.83
2023-02-19 01:00:00+05:30,0.0,17.7
2023-02-19 02:00:00+05:30,0.0,16.58
2023-02-19 03:00:00+05:30,0.0,14.97
2023-02-19 04:00:00+05:30,0.0,14.07
2023-02-19 05:00:00+05:30,0.0,13.79
2023-02-19 06:00:00+05:30,0.0,14.0
2023-02-19 07:00:00+05:30,0.0,15.03
2023-02-19 08:00:00+05:30,91.52,16.05
2023-02-19 09:00:00+05:30,249.0,18.01
2023-02-19 10:00:00+05:30,397.18,22.14
2023-02-19 11:00:00+05:30,509.44,25.31
2023-02-19 12:00:00+05:30,571.08,27.56
2023-02-19 13:00:00+05:30,578.29,28.83
2023-02-19 14:00:00+05:30,529.32,29.84
2023-02-19 15:00:00+05:30,429.82,30.44
2023-02-19 16:00:00+05:30,291.28,30.66
2023-02-19 17:00:00+05:30,135.29,30.42
2023-02-19 18:00:00+05:30,19.83,28.89
2023-02-19 19:00:00+05:30,0.0,25.81
2023-02-19 20:00:00+05:30,0.0,23.44
2023-02-19 21:00:00+05:30,0.0,21.99
2023-02-19 22:00:00+05:30,0.0,20.89
2023-02-19 23:00:00+05:30,0.0,20.01
2023-02-20 00:00:00+05:30,0.0,19.21
2023-02-20 01:00:00+05:30,0.0,18.63
2023-02-20 02:00:00+05:30,0.0,17.78
2023-02-20 03:00:00+05:30,0.0,16.98
2023-02-20 04:00:00+05:30,0.0,16.25
2023-02-20 05:00:00+05:30,0.0,15.54
2023-02-20 06:00:00+05:30,0.0,14.74
2023-02-20 07:00:00+05:30,0.0,13.91
2023-02-20 08:00:00+05:30,95.3,13.44
2023-02-20 09:00:00+05:30,244.81,16.82
2023-02-20 10:00:00+05:30,404.4,22.15
2023-02-20 11:00:00+05:30,518.49,25.62
2023-02-20 12:00:00+05:30,580.9,28.23
2023-02-20 13:00:00+05:30,589.14,30.34
2023-02-20 14:00:00+05:30,540.89,31.52
2023-02-20 15:00:00+05:30,440.03,32.18
2023-02-20 16:00:00+05:30,299.26,32.39
2023-02-20 17:00:00+05:30,140.46,31.95
2023-02-20 18:00:00+05:30,20.35,30.01
2023-02-20 19:00:00+05:30,0.0,26.62
2023-02-20 20:00:00+05:30,0.0,24.08
2023-02-20 21:00:00+05:30,0.0,22.35
2023-02-20 22:00:00+05:30,0.0,20.81
2023-02-20 23:00:00+05:30,0.0,19.78
2023-02-21 00:00:00+05:30,0.0,19.48
2023-02-21 01:00:00+05:30,0.0,19.35
2023-02-21 02:00:00+05:30,0.0,19.39
2023-02-21 03:00:00+05:30,0.0,19.16
2023-02-21 04:00:00+05:30,0.0,18.92
2023-02-21 05:00:00+05:30,0.0,18.65
2023-02-21 06:00:00+05:30,0.0,18.23
2023-02-21 07:00:00+05:30,0.0,17.63
2023-02-21 08:00:00+05:30,97.6,17.08
2023-02-21 09:00:00+05:30,255.08,19.12
2023-02-21 10:00:00+05:30,402.01,22.59
2023-02-21 11:00:00+05:30,513.34,25.57
2023-02-21 12:00:00+05:30,575.21,27.97
2023-02-21 13:00:00+05:30,582.8,29.57
2023-02-21 14:00:00+05:30,534.22,30.57
2023-02-21 15:00:00+05:30,434.8,31.07
2023-02-21 16:00:00+05:30,296.28,31.23
2023-02-21 17:00:00+05:30,140.4,30.83
2023-02-21 18:00:00+05:30,20.5,29.35
2023-02-21 19:00:00+05:30,0.0,27.16
2023-02-21 20:00:00+05:30,0.0,24.88
2023-02-21 21:00:00+05:30,0.0,22.92
2023-02-21 22:00:00+05:30,0.0,21.35
2023-02-21 23:00:00+05:30,0.0,20.23
2023-02-22 00:00:00+05:30,0.0,19.28
2023-02-22 01:00:00+05:30,0.0,18.87
2023-02-22 02:00:00+05:30,0.0,18.17
2023-02-22 03:00:00+05:30,0.0,17.43
2023-02-22 04:00:00+05:30,0.0,16.76
2023-02-22 05:00:00+05:30,0.0,16.2
2023-02-22 06:00:00+05:30,0.0,15.86
2023-02-22 07:00:00+05:30,0.0,15.61
2023-02-22 08:00:00+05:30,102.41,15.51
2023-02-22 09:00:00+05:30,252.4,18.46
2023-02-22 10:00:00+05:30,397.67,22.27
2023-02-22 11:00:00+05:30,518.79,25.15
2023-02-22 12:00:00+05:30,578.31,27.33
2023-02-22 13:00:00+05:30,586.28,28.29
2023-02-22 14:00:00+05:30,529.93,29.0
2023-02-22 15:00:00+05:30,425.87,29.3
2023-02-22 16:00:00+05:30,293.17,29.2
2023-02-22 17:00:00+05:30,144.21,28.93
2023-02-22 18:00:00+05:30,23.08,28.04
2023-02-22 19:00:00+05:30,0.0,26.37
2023-02-22 20:00:00+05:30,0.0,24.15
2023-02-22 21:00:00+05:30,0.0,22.49
2023-02-22 22:00:00+05:30,0.0,21.04
2023-02-22 23:00:00+05:30,0.0,19.67
2023-02-23 00:00:00+05:30,0.0,19.43
2023-02-23 01:00:00+05:30,0.0,17.6
2023-02-23 02:00:00+05:30,0.0,16.77
2023-02-23 03:00:00+05:30,0.0,16.79
2023-02-23 04:00:00+05:30,0.0,16.76
2023-02-23 05:00:00+05:30,0.0,16.5
2023-02-23 06:00:00+05:30,0.0,16.11
2023-02-23 07:00:00+05:30,0.0,15.68
2023-02-23 08:00:00+05:30,103.51,15.6
2023-02-23 09:00:00+05:30,261.02,18.58
2023-02-23 10:00:00+05:30,408.65,22.51
2023-02-23 11:00:00+05:30,520.54,25.13
2023-02-23 12:00:00+05:30,580.8,26.74
2023-02-23 13:00:00+05:30,588.02,27.6
2023-02-23 14:00:00+05:30,539.86,28.48
2023-02-23 15:00:00+05:30,441.18,29.08
2023-02-23 16:00:00+05:30,303.89,29.32
2023-02-23 17:00:00+05:30,146.91,29.19
2023-02-23 18:00:00+05:30,21.45,28.31
2023-02-23 19:00:00+05:30,0.0,26.57
2023-02-23 20:00:00+05:30,0.0,23.68
2023-02-23 21:00:00+05:30,0.0,21.62
2023-02-23 22:00:00+05:30,0.0,19.77
2023-02-23 23:00:00+05:30,0.0,18.98
2023-02-24 00:00:00+05:30,0.0,18.47
2023-02-24 01:00:00+05:30,0.0,18.15
2023-02-24 02:00:00+05:30,0.0,17.83
2023-02-24 03:00:00+05:30,0.0,17.58
2023-02-24 04:00:00+05:30,0.0,17.32
2023-02-24 05:00:00+05:30,0.0,17.11
2023-02-24 06:00:00+05:30,0.0,17.08
2023-02-24 07:00:00+05:30,0.0,16.9
2023-02-24 08:00:00+05:30,109.59,16.74
2023-02-24 09:00:00+05:30,251.43,18.84
2023-02-24 10:00:00+05:30,400.03,22.15
2023-02-24 11:00:00+05:30,509.36,24.82
2023-02-24 12:00:00+05:30,575.27,26.57
2023-02-24 13:00:00+05:30,580.13,27.3
2023-02-24 14:00:00+05:30,520.91,28.01
2023-02-24 15:00:00+05:30,430.68,28.35
2023-02-24 16:00:00+05:30,300.61,28.52
2023-02-24 17:00:00+05:30,152.18,28.37
2023-02-24 18:00:00+05:30,27.9,27.54
2023-02-24 19:00:00+05:30,0.0,25.93
2023-02-24 20:00:00+05:30,0.0,23.99
2023-02-24 21:00:00+05:30,0.0,22.24
2023-02-24 22:00:00+05:30,0.0,20.6
2023-02-24 23:00:00+05:30,0.0,19.21
2023-02-25 00:00:00+05:30,0.0,18.27
2023-02-25 01:00:00+05:30,0.0,17.73
2023-02-25 02:00:00+05:30,0.0,16.58
2023-02-25 03:00:00+05:30,0.0,15.87
2023-02-25 04:00:00+05:30,0.0,15.15
2023-02-25 05:00:00+05:30,0.0,14.43
2023-02-25 06:00:00+05:30,0.0,13.98
2023-02-25 07:00:00+05:30,10.13,13.73
2023-02-25 08:00:00+05:30,112.54,13.71
2023-02-25 09:00:00+05:30,273.51,17.77
2023-02-25 10:00:00+05:30,422.25,23.31
2023-02-25 11:00:00+05:30,534.36,26.05
2023-02-25 12:00:00+05:30,595.2,27.69
2023-02-25 13:00:00+05:30,602.34,28.83
2023-02-25 14:00:00+05:30,543.39,29.47
2023-02-25 15:00:00+05:30,452.78,29.76
2023-02-25 16:00:00+05:30,305.7,29.81
2023-02-25 17:00:00+05:30,154.35,29.52
2023-02-25 18:00:00+05:30,22.31,28.52
2023-02-25 19:00:00+05:30,0.0,26.31
2023-02-25 20:00:00+05:30,0.0,24.17
2023-02-25 21:00:00+05:30,0.0,22.77
2023-02-25 22:00:00+05:30,0.0,21.82
2023-02-25 23:00:00+05:30,0.0,20.95
2023-02-26 00:00:00+05:30,0.0,20.22
2023-02-26 01:00:00+05:30,0.0,19.25
2023-02-26 02:00:00+05:30,0.0,19.61
2023-02-26 03:00:00+05:30,0.0,17.56
2023-02-26 04:00:00+05:30,0.0,16.62
2023-02-26 05:00:00+05:30,0.0,15.85
2023-02-26 06:00:00+05:30,0.0,15.15
2023-02-26 07:00:00+05:30,10.65,16.81
2023-02-26 08:00:00+05:30,114.78,16.79
2023-02-26 09:00:00+05:30,276.73,18.77
2023-02-26 10:00:00+05:30,424.94,23.26
2023-02-26 11:00:00+05:30,536.95,25.96
2023-02-26 12:00:00+05:30,599.55,27.83
2023-02-26 13:00:00+05:30,576.36,28.7
2023-02-26 14:00:00+05:30,505.43,29.32
2023-02-26 15:00:00+05:30,429.52,29.51
2023-02-26 16:00:00+05:30,312.91,29.62
2023-02-26 17:00:00+05:30,150.96,29.47
2023-02-26 18:00:00+05:30,20.49,28.37
2023-02-26 19:00:00+05:30,0.0,26.0
2023-02-26 20:00:00+05:30,0.0,24.01
2023-02-26 21:00:00+05:30,0.0,23.01
2023-02-26 22:00:00+05:30,0.0,22.26
2023-02-26 23:00:00+05:30,0.0,21.7
2023-02-27 00:00:00+05:30,0.0,20.95
2023-02-27 01:00:00+05:30,0.0,19.54
2023-02-27 02:00:00+05:30,0.0,21.26
2023-02-27 03:00:00+05:30,0.0,21.02
2023-02-27 04:00:00+05:30,0.0,18.77
2023-02-27 05:00:00+05:30,0.0,17.5
2023-02-27 06:00:00+05:30,0.0,17.45
2023-02-27 07:00:00+05:30,12.61,17.21
2023-02-27 08:00:00+05:30,116.23,16.2
2023-02-27 09:00:00+05:30,273.7,19.12
2023-02-27 10:00:00+05:30,425.78,23.77
2023-02-27 11:00:00+05:30,539.67,26.21
2023-02-27 12:00:00+05:30,604.76,28.02
2023-02-27 13:00:00+05:30,593.47,29.43
2023-02-27 14:00:00+05:30,527.79,30.16
2023-02-27 15:00:00+05:30,432.85,30.49
2023-02-27 16:00:00+05:30,311.36,30.53
2023-02-27 17:00:00+05:30,152.7,30.28
2023-02-27 18:00:00+05:30,18.53,29.22
2023-02-27 19:00:00+05:30,0.0,27.0
2023-02-27 20:00:00+05:30,0.0,24.28
2023-02-27 21:00:00+05:30,0.0,22.44
2023-02-27 22:00:00+05:30,0.0,21.23
2023-02-27 23:00:00+05:30,0.0,20.41
2023-02-28 00:00:00+05:30,0.0,19.64
2023-02-28 01:00:00+05:30,0.0,18.87
2023-02-28 02:00:00+05:30,0.0,18.44
2023-02-28 03:00:00+05:30,0.0,18.0
2023-02-28 04:00:00+05:30,0.0,17.49
2023-02-28 05:00:00+05:30,0.0,16.85
2023-02-28 06:00:00+05:30,0.0,16.22
2023-02-28 07:00:00+05:30,11.8,15.64
2023-02-28 08:00:00+05:30,125.18,15.74
2023-02-28 09:00:00+05:30,289.63,19.61
2023-02-28 10:00:00+05:30,439.56,24.43
2023-02-28 11:00:00+05:30,551.88,26.91
2023-02-28 12:00:00+05:30,614.08,28.58
2023-02-28 13:00:00+05:30,570.98,29.45
2023-02-28 14:00:00+05:30,551.11,29.88
2023-02-28 15:00:00+05:30,438.1,30.14
2023-02-28 16:00:00+05:30,313.16,30.18
2023-02-28 17:00:00+05:30,161.33,29.94
2023-02-28 18:00:00+05:30,19.06,28.7
2023-02-28 19:00:00+05:30,0.0,26.14
2023-02-28 20:00:00+05:30,0.0,24.29
2023-02-28 21:00:00+05:30,0.0,23.21
2023-02-28 22:00:00+05:30,0.0,22.27
2023-02-28 23:00:00+05:30,0.0,21.04
2023-03-01 00:00:00+05:30,0.0,20.22
2023-03-01 01:00:00+05:30,0.0,19.53
2023-03-01 02:00:00+05:30,0.0,19.03
2023-03-01 03:00:00+05:30,0.0,18.63
2023-03-01 04:00:00+05:30,0.0,18.28
2023-03-01 05:00:00+05:30,0.0,17.92
2023-03-01 06:00:00+05:30,0.0,17.59
2023-03-01 07:00:00+05:30,12.33,17.29
2023-03-01 08:00:00+05:30,127.82,17.48
2023-03-01 09:00:00+05:30,291.59,20.48
2023-03-01 10:00:00+05:30,441.09,24.05
2023-03-01 11:00:00+05:30,552.26,26.67
2023-03-01 12:00:00+05:30,611.77,28.52
2023-03-01 13:00:00+05:30,607.26,28.94
2023-03-01 14:00:00+05:30,533.51,29.54
2023-03-01 15:00:00+05:30,434.33,29.88
2023-03-01 16:00:00+05:30,276.64,28.11
2023-03-01 17:00:00+05:30,132.42,27.96
2023-03-01 18:00:00+05:30,23.77,27.0
2023-03-01 19:00:00+05:30,0.0,25.04
2023-03-01 20:00:00+05:30,0.0,23.19
2023-03-01 21:00:00+05:30,0.0,21.82
2023-03-01 22:00:00+05:30,0.0,21.15
2023-03-01 23:00:00+05:30,0.0,20.62
2023-03-02 00:00:00+05:30,0.0,20.27
2023-03-02 01:00:00+05:30,0.0,19.79
2023-03-02 02:00:00+05:30,0.0,19.24
2023-03-02 03:00:00+05:30,0.0,18.62
2023-03-02 04:00:00+05:30,0.0,18.06
2023-03-02 05:00:00+05:30,0.0,17.64
2023-03-02 06:00:00+05:30,0.0,17.32
2023-03-02 07:00:00+05:30,12.85,17.0
2023-03-02 08:00:00+05:30,131.88,17.08
2023-03-02 09:00:00+05:30,296.19,20.63
2023-03-02 10:00:00+05:30,445.71,24.48
2023-03-02 11:00:00+05:30,557.9,26.92
2023-03-02 12:00:00+05:30,614.08,28.62
2023-03-02 13:00:00+05:30,621.16,29.58
2023-03-02 14:00:00+05:30,564.91,30.27
2023-03-02 15:00:00+05:30,468.29,30.63
2023-03-02 16:00:00+05:30,308.08,30.48
2023-03-02 17:00:00+05:30,166.8,29.92
2023-03-02 18:00:00+05:30,23.12,29.18
2023-03-02 19:00:00+05:30,0.0,27.36
2023-03-02 20:00:00+05:30,0.0,25.13
2023-03-02 21:00:00+05:30,0.0,23.92
2023-03-02 22:00:00+05:30,0.0,22.93
2023-03-02 23:00:00+05:30,0.0,21.77
2023-03-03 00:00:00+05:30,0.0,20.73
2023-03-03 01:00:00+05:30,0.0,19.79
2023-03-03 02:00:00+05:30,0.0,19.1
2023-03-03 03:00:00+05:30,0.0,18.32
2023-03-03 04:00:00+05:30,0.0,17.51
2023-03-03 05:00:00+05:30,0.0,16.86
2023-03-03 06:00:00+05:30,0.0,16.33
2023-03-03 07:00:00+05:30,13.38,16.02
2023-03-03 08:00:00+05:30,135.25,16.27
2023-03-03 09:00:00+05:30,299.59,20.47
2023-03-03 10:00:00+05:30,448.88,24.49
2023-03-03 11:00:00+05:30,560.72,26.86
2023-03-03 12:00:00+05:30,621.44,28.56
2023-03-03 13:00:00+05:30,627.6,29.67
2023-03-03 14:00:00+05:30,579.21,30.52
2023-03-03 15:00:00+05:30,473.7,31.04
2023-03-03 16:00:00+05:30,332.16,31.1
2023-03-03 17:00:00+05:30,173.7,30.88
2023-03-03 18:00:00+05:30,22.97,29.99
2023-03-03 19:00:00+05:30,0.0,27.6
2023-03-03 20:00:00+05:30,0.0,26.18
2023-03-03 21:00:00+05:30,0.0,24.28
2023-03-03 22:00:00+05:30,0.0,22.08
2023-03-03 23:00:00+05:30,0.0,20.91
2023-03-04 00:00:00+05:30,0.0,20.45
2023-03-04 01:00:00+05:30,0.0,20.02
2023-03-04 02:00:00+05:30,0.0,19.64
2023-03-04 03:00:00+05:30,0.0,19.32
2023-03-04 04:00:00+05:30,0.0,19.01
2023-03-04 05:00:00+05:30,0.0,18.55
2023-03-04 06:00:00+05:30,0.0,17.99
2023-03-04 07:00:00+05:30,14.05,17.49
2023-03-04 08:00:00+05:30,134.4,17.73
2023-03-04 09:00:00+05:30,299.71,20.14
2023-03-04 10:00:00+05:30,453.52,23.35
2023-03-04 11:00:00+05:30,522.86,25.98
2023-03-04 12:00:00+05:30,625.82,27.35
2023-03-04 13:00:00+05:30,627.01,29.45
2023-03-04 14:00:00+05:30,565.83,30.19
2023-03-04 15:00:00+05:30,448.57,30.42
2023-03-04 16:00:00+05:30,306.74,29.7
2023-03-04 17:00:00+05:30,165.62,29.58
2023-03-04 18:00:00+05:30,31.94,28.02
2023-03-04 19:00:00+05:30,0.0,26.05
2023-03-04 20:00:00+05:30,0.0,24.26
2023-03-04 21:00:00+05:30,0.0,22.46
2023-03-04 22:00:00+05:30,0.0,20.8
2023-03-04 23:00:00+05:30,0.0,20.11
2023-03-05 00:00:00+05:30,0.0,19.21
2023-03-05 01:00:00+05:30,0.0,18.35
2023-03-05 02:00:00+05:30,0.0,18.17
2023-03-05 03:00:00+05:30,0.0,18.26
2023-03-05 04:00:00+05:30,0.0,19.04
2023-03-05 05:00:00+05:30,0.0,20.03
2023-03-05 06:00:00+05:30,0.0,19.8
2023-03-05 07:00:00+05:30,14.71,17.12
2023-03-05 08:00:00+05:30,143.91,16.4
2023-03-05 09:00:00+05:30,309.11,20.65
2023-03-05 10:00:00+05:30,458.25,24.4
2023-03-05 11:00:00+05:30,569.82,26.34
2023-03-05 12:00:00+05:30,633.05,27.56
2023-03-05 13:00:00+05:30,639.82,28.74
2023-03-05 14:00:00+05:30,582.26,29.36
2023-03-05 15:00:00+05:30,448.55,29.77
2023-03-05 16:00:00+05:30,311.64,29.85
2023-03-05 17:00:00+05:30,158.75,29.48
2023-03-05 18:00:00+05:30,32.72,28.65
2023-03-05 19:00:00+05:30,0.0,26.76
2023-03-05 20:00:00+05:30,0.0,24.5
2023-03-05 21:00:00+05:30,0.0,22.57
2023-03-05 22:00:00+05:30,0.0,21.29
2023-03-05 23:00:00+05:30,0.0,20.67
2023-03-06 00:00:00+05:30,0.0,19.98
2023-03-06 01:00:00+05:30,0.0,18.93
2023-03-06 02:00:00+05:30,0.0,18.26
2023-03-06 03:00:00+05:30,0.0,17.55
2023-03-06 04:00:00+05:30,0.0,16.93
2023-03-06 05:00:00+05:30,0.0,16.37
2023-03-06 06:00:00+05:30,0.0,15.83
2023-03-06 07:00:00+05:30,15.77,15.3
2023-03-06 08:00:00+05:30,151.92,15.32
2023-03-06 09:00:00+05:30,321.36,19.57
2023-03-06 10:00:00+05:30,472.84,23.85
2023-03-06 11:00:00+05:30,585.19,25.92
2023-03-06 12:00:00+05:30,610.17,27.37
2023-03-06 13:00:00+05:30,593.12,28.93
2023-03-06 14:00:00+05:30,552.56,29.47
2023-03-06 15:00:00+05:30,467.95,29.8
2023-03-06 16:00:00+05:30,312.15,29.84
2023-03-06 17:00:00+05:30,176.56,29.49
2023-03-06 18:00:00+05:30,34.53,28.47
2023-03-06 19:00:00+05:30,0.0,26.84
2023-03-06 20:00:00+05:30,0.0,24.62
2023-03-06 21:00:00+05:30,0.0,22.1
2023-03-06 22:00:00+05:30,0.0,20.64
2023-03-06 23:00:00+05:30,0.0,19.51
2023-03-07 00:00:00+05:30,0.0,18.77
2023-03-07 01:00:00+05:30,0.0,19.17
2023-03-07 02:00:00+05:30,0.0,18.83
2023-03-07 03:00:00+05:30,0.0,18.47
2023-03-07 04:00:00+05:30,0.0,18.14
2023-03-07 05:00:00+05:30,0.0,17.94
2023-03-07 06:00:00+05:30,0.0,17.6
2023-03-07 07:00:00+05:30,12.23,17.18
2023-03-07 08:00:00+05:30,154.88,17.01
2023-03-07 09:00:00+05:30,324.6,20.39
2023-03-07 10:00:00+05:30,476.22,23.7
2023-03-07 11:00:00+05:30,587.72,26.16
2023-03-07 12:00:00+05:30,650.12,27.98
2023-03-07 13:00:00+05:30,578.17,28.7
2023-03-07 14:00:00+05:30,590.81,29.34
2023-03-07 15:00:00+05:30,484.14,29.87
2023-03-07 16:00:00+05:30,355.25,29.84
2023-03-07 17:00:00+05:30,169.51,29.41
2023-03-07 18:00:00+05:30,37.02,28.41
2023-03-07 19:00:00+05:30,0.0,26.78
2023-03-07 20:00:00+05:30,0.0,24.68
2023-03-07 21:00:00+05:30,0.0,22.7
2023-03-07 22:00:00+05:30,0.0,20.67
2023-03-07 23:00:00+05:30,0.0,19.18
2023-03-08 00:00:00+05:30,0.0,18.13
2023-03-08 01:00:00+05:30,0.0,17.98
2023-03-08 02:00:00+05:30,0.0,17.73
2023-03-08 03:00:00+05:30,0.0,16.78
2023-03-08 04:00:00+05:30,0.0,16.05
2023-03-08 05:00:00+05:30,0.0,15.46
2023-03-08 06:00:00+05:30,0.0,15.05
2023-03-08 07:00:00+05:30,17.34,14.99
2023-03-08 08:00:00+05:30,159.27,15.31
2023-03-08 09:00:00+05:30,326.59,20.11
2023-03-08 10:00:00+05:30,475.41,23.71
2023-03-08 11:00:00+05:30,572.18,26.0
2023-03-08 12:00:00+05:30,623.35,27.42
2023-03-08 13:00:00+05:30,611.89,27.47
2023-03-08 14:00:00+05:30,585.39,27.75
2023-03-08 15:00:00+05:30,475.39,27.98
2023-03-08 16:00:00+05:30,319.94,27.55
2023-03-08 17:00:00+05:30,159.24,26.64
2023-03-08 18:00:00+05:30,26.52,25.45
2023-03-08 19:00:00+05:30,0.0,23.2
2023-03-08 20:00:00+05:30,0.0,21.46
2023-03-08 21:00:00+05:30,0.0,20.54
2023-03-08 22:00:00+05:30,0.0,19.78
2023-03-08 23:00:00+05:30,0.0,18.79
2023-03-09 00:00:00+05:30,0.0,17.62
2023-03-09 01:00:00+05:30,0.0,16.2
2023-03-09 02:00:00+05:30,0.0,15.82
2023-03-09 03:00:00+05:30,0.0,15.75
2023-03-09 04:00:00+05:30,0.0,15.12
2023-03-09 05:00:00+05:30,0.0,14.45
2023-03-09 06:00:00+05:30,0.0,13.93
2023-03-09 07:00:00+05:30,17.26,13.59
2023-03-09 08:00:00+05:30,158.91,14.35
2023-03-09 09:00:00+05:30,331.71,18.4
2023-03-09 10:00:00+05:30,480.97,21.18
2023-03-09 11:00:00+05:30,585.22,23.08
2023-03-09 12:00:00+05:30,646.27,24.51
2023-03-09 13:00:00+05:30,631.35,26.44
2023-03-09 14:00:00+05:30,568.0,27.38
2023-03-09 15:00:00+05:30,458.28,27.74
2023-03-09 16:00:00+05:30,329.15,26.15
2023-03-09 17:00:00+05:30,150.94,25.81
2023-03-09 18:00:00+05:30,36.73,25.07
2023-03-09 19:00:00+05:30,0.0,23.67
2023-03-09 20:00:00+05:30,0.0,22.06
2023-03-09 21:00:00+05:30,0.0,20.75
2023-03-09 22:00:00+05:30,0.0,19.91
2023-03-09 23:00:00+05:30,0.0,19.13
2023-03-10 00:00:00+05:30,0.0,18.6
2023-03-10 01:00:00+05:30,0.0,17.76
2023-03-10 02:00:00+05:30,0.0,18.65
2023-03-10 03:00:00+05:30,0.0,18.4
2023-03-10 04:00:00+05:30,0.0,16.88
2023-03-10 05:00:00+05:30,0.0,15.66
2023-03-10 06:00:00+05:30,0.0,14.6
2023-03-10 07:00:00+05:30,19.86,13.99
2023-03-10 08:00:00+05:30,169.8,14.37
2023-03-10 09:00:00+05:30,342.13,19.37
2023-03-10 10:00:00+05:30,494.79,22.93
2023-03-10 11:00:00+05:30,607.51,25.2
2023-03-10 12:00:00+05:30,667.52,26.67
2023-03-10 13:00:00+05:30,666.32,28.01
2023-03-10 14:00:00+05:30,607.64,28.77
2023-03-10 15:00:00+05:30,507.54,29.25
2023-03-10 16:00:00+05:30,369.75,29.44
2023-03-10 17:00:00+05:30,197.91,29.3
2023-03-10 18:00:00+05:30,44.41,28.62
2023-03-10 19:00:00+05:30,0.0,27.03
2023-03-10 20:00:00+05:30,0.0,24.48
2023-03-10 21:00:00+05:30,0.0,21.97
2023-03-10 22:00:00+05:30,0.0,20.52
2023-03-10 23:00:00+05:30,0.0,19.35
2023-03-11 00:00:00+05:30,0.0,18.36
2023-03-11 01:00:00+05:30,0.0,18.0
2023-03-11 02:00:00+05:30,0.0,18.36
2023-03-11 03:00:00+05:30,0.0,19.37
2023-03-11 04:00:00+05:30,0.0,19.43
2023-03-11 05:00:00+05:30,0.0,19.0
2023-03-11 06:00:00+05:30,0.0,18.65
2023-03-11 07:00:00+05:30,22.49,18.35
2023-03-11 08:00:00+05:30,175.13,18.16
2023-03-11 09:00:00+05:30,347.98,20.3
2023-03-11 10:00:00+05:30,500.47,24.01
2023-03-11 11:00:00+05:30,612.92,26.41
2023-03-11 12:00:00+05:30,674.45,28.0
2023-03-11 13:00:00+05:30,678.55,29.08
2023-03-11 14:00:00+05:30,625.51,29.71
2023-03-11 15:00:00+05:30,520.34,30.1
2023-03-11 16:00:00+05:30,373.66,30.18
2023-03-11 17:00:00+05:30,203.75,30.02
2023-03-11 18:00:00+05:30,46.3,29.16
2023-03-11 19:00:00+05:30,0.0,26.76
2023-03-11 20:00:00+05:30,0.0,24.43
2023-03-11 21:00:00+05:30,0.0,23.08
2023-03-11 22:00:00+05:30,0.0,22.14
2023-03-11 23:00:00+05:30,0.0,21.37
2023-03-12 00:00:00+05:30,0.0,20.42
2023-03-12 01:00:00+05:30,0.0,19.25
2023-03-12 02:00:00+05:30,0.0,19.79
2023-03-12 03:00:00+05:30,0.0,20.84
2023-03-12 04:00:00+05:30,0.0,20.59
2023-03-12 05:00:00+05:30,0.0,20.25
2023-03-12 06:00:00+05:30,0.0,19.78
2023-03-12 07:00:00+05:30,24.89,19.39
2023-03-12 08:00:00+05:30,179.75,19.17
2023-03-12 09:00:00+05:30,353.03,21.2
2023-03-12 10:00:00+05:30,505.87,24.87
2023-03-12 11:00:00+05:30,618.01,27.17
2023-03-12 12:00:00+05:30,678.19,28.88
2023-03-12 13:00:00+05:30,682.17,30.45
2023-03-12 14:00:00+05:30,628.82,31.16
2023-03-12 15:00:00+05:30,513.25,31.53
2023-03-12 16:00:00+05:30,367.51,31.56
2023-03-12 17:00:00+05:30,200.63,31.35
2023-03-12 18:00:00+05:30,47.23,30.41
2023-03-12 19:00:00+05:30,0.0,28.03
2023-03-12 20:00:00+05:30,0.0,25.85
2023-03-12 21:00:00+05:30,0.0,24.56
2023-03-12 22:00:00+05:30,0.0,23.63
2023-03-12 23:00:00+05:30,0.0,22.86
2023-03-13 00:00:00+05:30,0.0,22.49
2023-03-13 01:00:00+05:30,0.0,21.86
2023-03-13 02:00:00+05:30,0.0,23.07
2023-03-13 03:00:00+05:30,0.0,21.1
2023-03-13 04:00:00+05:30,0.0,19.89
2023-03-13 05:00:00+05:30,0.0,19.02
2023-03-13 06:00:00+05:30,0.0,18.42
2023-03-13 07:00:00+05:30,29.41,18.6
2023-03-13 08:00:00+05:30,162.43,20.26
2023-03-13 09:00:00+05:30,327.23,22.37
2023-03-13 10:00:00+05:30,458.28,25.95
2023-03-13 11:00:00+05:30,555.76,27.88
2023-03-13 12:00:00+05:30,626.77,29.4
2023-03-13 13:00:00+05:30,625.26,31.35
2023-03-13 14:00:00+05:30,566.21,32.0
2023-03-13 15:00:00+05:30,463.24,32.25
2023-03-13 16:00:00+05:30,324.05,32.31
2023-03-13 17:00:00+05:30,175.59,32.12
2023-03-13 18:00:00+05:30,36.94,30.71
2023-03-13 19:00:00+05:30,0.0,28.28
2023-03-13 20:00:00+05:30,0.0,26.25
2023-03-13 21:00:00+05:30,0.0,24.71
2023-03-13 22:00:00+05:30,0.0,23.16
2023-03-13 23:00:00+05:30,0.0,22.55
2023-03-14 00:00:00+05:30,0.0,22.03
2023-03-14 01:00:00+05:30,0.0,21.19
2023-03-14 02:00:00+05:30,0.0,20.55
2023-03-14 03:00:00+05:30,0.0,19.78
2023-03-14 04:00:00+05:30,0.0,18.96
2023-03-14 05:00:00+05:30,0.0,18.39
2023-03-14 06:00:00+05:30,0.0,18.05
2023-03-14 07:00:00+05:30,30.06,17.69
2023-03-14 08:00:00+05:30,189.14,17.8
2023-03-14 09:00:00+05:30,363.71,22.52
2023-03-14 10:00:00+05:30,516.41,26.22
2023-03-14 11:00:00+05:30,628.64,28.55
2023-03-14 12:00:00+05:30,687.29,30.11
2023-03-14 13:00:00+05:30,682.26,31.75
2023-03-14 14:00:00+05:30,619.41,32.34
2023-03-14 15:00:00+05:30,480.2,32.63
2023-03-14 16:00:00+05:30,300.8,32.51
2023-03-14 17:00:00+05:30,166.54,31.24
2023-03-14 18:00:00+05:30,45.92,30.0
2023-03-14 19:00:00+05:30,0.0,27.83
2023-03-14 20:00:00+05:30,0.0,25.36
2023-03-14 21:00:00+05:30,0.0,23.96
2023-03-14 22:00:00+05:30,0.0,22.76
2023-03-14 23:00:00+05:30,0.0,21.78
2023-03-15 00:00:00+05:30,0.0,20.87
2023-03-15 01:00:00+05:30,0.0,20.16
2023-03-15 02:00:00+05:30,0.0,19.34
2023-03-15 03:00:00+05:30,0.0,18.63
2023-03-15 04:00:00+05:30,0.0,18.07
2023-03-15 05:00:00+05:30,0.0,17.59
2023-03-15 06:00:00+05:30,0.0,17.13
2023-03-15 07:00:00+05:30,32.91,16.75
2023-03-15 08:00:00+05:30,194.5,17.3
2023-03-15 09:00:00+05:30,369.74,22.86
2023-03-15 10:00:00+05:30,522.38,26.95
2023-03-15 11:00:00+05:30,634.99,29.29
2023-03-15 12:00:00+05:30,646.38,30.93
2023-03-15 13:00:00+05:30,580.29,31.64
2023-03-15 14:00:00+05:30,530.92,31.83
2023-03-15 15:00:00+05:30,442.67,32.02
2023-03-15 16:00:00+05:30,294.1,31.98
2023-03-15 17:00:00+05:30,150.51,30.95
2023-03-15 18:00:00+05:30,37.91,29.45
2023-03-15 19:00:00+05:30,0.0,27.48
2023-03-15 20:00:00+05:30,0.0,25.86
2023-03-15 21:00:00+05:30,0.0,24.61
2023-03-15 22:00:00+05:30,0.0,23.53
2023-03-15 23:00:00+05:30,0.0,22.81
2023-03-16 00:00:00+05:30,0.0,22.25
2023-03-16 01:00:00+05:30,0.0,21.99
2023-03-16 02:00:00+05:30,0.0,21.07
2023-03-16 03:00:00+05:30,0.0,20.57
2023-03-16 04:00:00+05:30,0.0,20.28
2023-03-16 05:00:00+05:30,0.0,19.95
2023-03-16 06:00:00+05:30,0.0,20.58
2023-03-16 07:00:00+05:30,20.98,21.2
2023-03-16 08:00:00+05:30,121.35,20.11
2023-03-16 09:00:00+05:30,258.17,22.57
2023-03-16 10:00:00+05:30,411.87,24.99
2023-03-16 11:00:00+05:30,432.18,27.34
2023-03-16 12:00:00+05:30,612.46,28.63
2023-03-16 13:00:00+05:30,514.87,28.91
2023-03-16 14:00:00+05:30,398.85,28.39
2023-03-16 15:00:00+05:30,435.82,28.13
2023-03-16 16:00:00+05:30,313.38,28.58
2023-03-16 17:00:00+05:30,172.6,28.59
2023-03-16 18:00:00+05:30,55.28,28.01
2023-03-16 19:00:00+05:30,0.0,26.74
2023-03-16 20:00:00+05:30,0.0,24.69
2023-03-16 21:00:00+05:30,0.0,23.27
2023-03-16 22:00:00+05:30,0.0,21.55
2023-03-16 23:00:00+05:30,0.0,20.27
2023-03-17 00:00:00+05:30,0.0,19.32
2023-03-17 01:00:00+05:30,0.0,18.52
2023-03-17 02:00:00+05:30,0.0,18.12
2023-03-17 03:00:00+05:30,0.0,17.7
2023-03-17 04:00:00+05:30,0.0,17.29
2023-03-17 05:00:00+05:30,0.0,17.14
2023-03-17 06:00:00+05:30,0.0,16.86
2023-03-17 07:00:00+05:30,34.4,16.92
2023-03-17 08:00:00+05:30,177.53,18.07
2023-03-17 09:00:00+05:30,345.79,22.06
2023-03-17 10:00:00+05:30,511.48,24.76
2023-03-17 11:00:00+05:30,619.54,26.43
2023-03-17 12:00:00+05:30,680.18,27.41
2023-03-17 13:00:00+05:30,672.75,28.0
2023-03-17 14:00:00+05:30,557.16,28.73
2023-03-17 15:00:00+05:30,504.46,28.8
2023-03-17 16:00:00+05:30,308.4,28.03
2023-03-17 17:00:00+05:30,171.25,26.05
2023-03-17 18:00:00+05:30,48.69,24.81
2023-03-17 19:00:00+05:30,0.0,23.13
2023-03-17 20:00:00+05:30,0.0,20.85
2023-03-17 21:00:00+05:30,0.0,19.29
2023-03-17 22:00:00+05:30,0.0,18.9
2023-03-17 23:00:00+05:30,0.0,18.44
2023-03-18 00:00:00+05:30,0.0,17.9
2023-03-18 01:00:00+05:30,0.0,18.07
2023-03-18 02:00:00+05:30,0.0,17.35
2023-03-18 03:00:00+05:30,0.0,17.05
2023-03-18 04:00:00+05:30,0.0,16.77
2023-03-18 05:00:00+05:30,0.0,16.51
2023-03-18 06:00:00+05:30,0.0,16.29
2023-03-18 07:00:00+05:30,39.98,16.03
2023-03-18 08:00:00+05:30,204.48,16.78
2023-03-18 09:00:00+05:30,358.8,20.28
2023-03-18 10:00:00+05:30,523.61,22.64
2023-03-18 11:00:00+05:30,620.5,24.49
2023-03-18 12:00:00+05:30,694.63,25.31
2023-03-18 13:00:00+05:30,696.32,26.11
2023-03-18 14:00:00+05:30,640.11,26.82
2023-03-18 15:00:00+05:30,500.52,27.35
2023-03-18 16:00:00+05:30,373.97,27.51
2023-03-18 17:00:00+05:30,195.98,26.94
2023-03-18 18:00:00+05:30,53.44,25.54
2023-03-18 19:00:00+05:30,0.0,24.73
2023-03-18 20:00:00+05:30,0.0,22.6
2023-03-18 21:00:00+05:30,0.0,20.91
2023-03-18 22:00:00+05:30,0.0,20.06
2023-03-18 23:00:00+05:30,0.0,18.91
2023-03-19 00:00:00+05:30,0.0,18.52
2023-03-19 01:00:00+05:30,0.0,18.68
2023-03-19 02:00:00+05:30,0.0,18.11
2023-03-19 03:00:00+05:30,0.0,17.69
2023-03-19 04:00:00+05:30,0.0,17.39
2023-03-19 05:00:00+05:30,0.0,17.13
2023-03-19 06:00:00+05:30,0.0,16.75
2023-03-19 07:00:00+05:30,42.64,16.35
2023-03-19 08:00:00+05:30,206.17,17.13
2023-03-19 09:00:00+05:30,379.79,20.25
2023-03-19 10:00:00+05:30,512.74,22.83
2023-03-19 11:00:00+05:30,613.58,24.75
2023-03-19 12:00:00+05:30,670.03,26.09
2023-03-19 13:00:00+05:30,693.16,26.93
2023-03-19 14:00:00+05:30,541.65,27.57
2023-03-19 15:00:00+05:30,422.71,27.6
2023-03-19 16:00:00+05:30,334.28,26.9
2023-03-19 17:00:00+05:30,194.93,27.06
2023-03-19 18:00:00+05:30,42.51,25.81
2023-03-19 19:00:00+05:30,0.0,23.15
2023-03-19 20:00:00+05:30,0.0,20.79
2023-03-19 21:00:00+05:30,0.0,19.95
2023-03-19 22:00:00+05:30,0.0,19.39
2023-03-19 23:00:00+05:30,0.0,18.96
2023-03-20 00:00:00+05:30,0.0,18.41
2023-03-20 01:00:00+05:30,0.0,17.81
2023-03-20 02:00:00+05:30,0.0,17.55
2023-03-20 03:00:00+05:30,0.0,17.19
2023-03-20 04:00:00+05:30,0.0,16.94
2023-03-20 05:00:00+05:30,0.0,16.09
2023-03-20 06:00:00+05:30,0.0,16.18
2023-03-20 07:00:00+05:30,38.98,15.66
2023-03-20 08:00:00+05:30,193.85,16.31
2023-03-20 09:00:00+05:30,294.99,18.18
2023-03-20 10:00:00+05:30,465.4,19.61
2023-03-20 11:00:00+05:30,554.64,21.76
2023-03-20 12:00:00+05:30,636.5,22.85
2023-03-20 13:00:00+05:30,683.53,23.99
2023-03-20 14:00:00+05:30,625.86,25.04
2023-03-20 15:00:00+05:30,424.8,25.28
2023-03-20 16:00:00+05:30,303.85,23.55
2023-03-20 17:00:00+05:30,146.27,21.64
2023-03-20 18:00:00+05:30,49.0,20.75
2023-03-20 19:00:00+05:30,0.0,20.42
2023-03-20 20:00:00+05:30,0.0,19.81
2023-03-20 21:00:00+05:30,0.0,18.98
2023-03-20 22:00:00+05:30,0.0,17.97
2023-03-20 23:00:00+05:30,0.0,17.27
2023-03-21 00:00:00+05:30,0.0,16.97
2023-03-21 01:00:00+05:30,0.0,16.27
2023-03-21 02:00:00+05:30,0.0,15.61
2023-03-21 03:00:00+05:30,0.0,15.1
2023-03-21 04:00:00+05:30,0.0,14.58
2023-03-21 05:00:00+05:30,0.0,14.07
2023-03-21 06:00:00+05:30,0.0,14.25
2023-03-21 07:00:00+05:30,44.27,14.09
2023-03-21 08:00:00+05:30,182.87,14.93
2023-03-21 09:00:00+05:30,344.75,16.74
2023-03-21 10:00:00+05:30,531.89,19.78
2023-03-21 11:00:00+05:30,664.11,23.12
2023-03-21 12:00:00+05:30,703.29,24.94
2023-03-21 13:00:00+05:30,583.4,26.68
2023-03-21 14:00:00+05:30,659.94,27.06
2023-03-21 15:00:00+05:30,493.69,27.8
2023-03-21 16:00:00+05:30,372.24,27.74
2023-03-21 17:00:00+05:30,219.33,27.51
2023-03-21 18:00:00+05:30,63.93,26.58
2023-03-21 19:00:00+05:30,0.0,24.59
2023-03-21 20:00:00+05:30,0.0,22.21
2023-03-21 21:00:00+05:30,0.0,20.56
2023-03-21 22:00:00+05:30,0.0,19.54
2023-03-21 23:00:00+05:30,0.0,18.78
2023-03-22 00:00:00+05:30,0.0,18.14
2023-03-22 01:00:00+05:30,0.0,17.58
2023-03-22 02:00:00+05:30,0.0,16.9
2023-03-22 03:00:00+05:30,0.0,16.19
2023-03-22 04:00:00+05:30,0.0,15.65
2023-03-22 05:00:00+05:30,0.0,15.13
2023-03-22 06:00:00+05:30,0.0,14.77
2023-03-22 07:00:00+05:30,59.24,14.49
2023-03-22 08:00:00+05:30,226.7,15.61
2023-03-22 09:00:00+05:30,402.85,19.43
2023-03-22 10:00:00+05:30,552.83,22.1
2023-03-22 11:00:00+05:30,661.7,24.16
2023-03-22 12:00:00+05:30,722.73,25.75
2023-03-22 13:00:00+05:30,705.89,26.02
2023-03-22 14:00:00+05:30,666.49,26.71
2023-03-22 15:00:00+05:30,521.64,27.16
2023-03-22 16:00:00+05:30,392.98,27.13
2023-03-22 17:00:00+05:30,221.68,26.93
2023-03-22 18:00:00+05:30,66.47,25.84
2023-03-22 19:00:00+05:30,0.0,24.88
2023-03-22 20:00:00+05:30,0.0,22.98
2023-03-22 21:00:00+05:30,0.0,21.31
2023-03-22 22:00:00+05:30,0.0,20.25
2023-03-22 23:00:00+05:30,0.0,19.36
2023-03-23 00:00:00+05:30,0.0,18.72
2023-03-23 01:00:00+05:30,0.0,20.69
2023-03-23 02:00:00+05:30,0.0,20.28
2023-03-23 03:00:00+05:30,0.0,19.08
2023-03-23 04:00:00+05:30,0.0,19.45
2023-03-23 05:00:00+05:30,0.0,19.17
2023-03-23 06:00:00+05:30,0.0,18.87
2023-03-23 07:00:00+05:30,62.23,18.73
2023-03-23 08:00:00+05:30,228.68,18.89
2023-03-23 09:00:00+05:30,404.42,21.74
2023-03-23 10:00:00+05:30,554.44,24.37
2023-03-23 11:00:00+05:30,637.67,26.24
2023-03-23 12:00:00+05:30,672.58,27.5
2023-03-23 13:00:00+05:30,689.54,28.09
2023-03-23 14:00:00+05:30,567.2,28.69
2023-03-23 15:00:00+05:30,475.7,28.88
2023-03-23 16:00:00+05:30,370.9,28.96
2023-03-23 17:00:00+05:30,172.51,28.83
2023-03-23 18:00:00+05:30,49.48,27.38
2023-03-23 19:00:00+05:30,0.0,26.17
2023-03-23 20:00:00+05:30,0.0,24.86
2023-03-23 21:00:00+05:30,0.0,23.04
2023-03-23 22:00:00+05:30,0.0,21.72
2023-03-23 23:00:00+05:30,0.0,20.76
2023-03-24 00:00:00+05:30,0.0,20.05
2023-03-24 01:00:00+05:30,0.0,20.8
2023-03-24 02:00:00+05:30,0.0,20.07
2023-03-24 03:00:00+05:30,0.0,19.39
2023-03-24 04:00:00+05:30,0.0,18.76
2023-03-24 05:00:00+05:30,0.0,18.15
2023-03-24 06:00:00+05:30,0.0,17.79
2023-03-24 07:00:00+05:30,51.76,17.96
2023-03-24 08:00:00+05:30,201.16,18.73
2023-03-24 09:00:00+05:30,382.85,22.04
2023-03-24 10:00:00+05:30,560.58,24.72
2023-03-24 11:00:00+05:30,663.75,26.95
2023-03-24 12:00:00+05:30,703.67,28.31
2023-03-24 13:00:00+05:30,621.47,29.04
2023-03-24 14:00:00+05:30,543.94,29.27
2023-03-24 15:00:00+05:30,480.39,29.36
2023-03-24 16:00:00+05:30,315.11,29.25
2023-03-24 17:00:00+05:30,180.22,27.92
2023-03-24 18:00:00+05:30,61.42,26.97
2023-03-24 19:00:00+05:30,0.0,25.98
2023-03-24 20:00:00+05:30,0.0,24.99
2023-03-24 21:00:00+05:30,0.0,23.46
2023-03-24 22:00:00+05:30,0.0,21.59
2023-03-24 23:00:00+05:30,0.0,20.6
2023-03-25 00:00:00+05:30,0.0,20.46
2023-03-25 01:00:00+05:30,0.0,20.95
2023-03-25 02:00:00+05:30,0.0,19.92
2023-03-25 03:00:00+05:30,0.0,19.21
2023-03-25 04:00:00+05:30,0.0,18.74
2023-03-25 05:00:00+05:30,0.0,18.09
2023-03-25 06:00:00+05:30,0.0,17.42
2023-03-25 07:00:00+05:30,71.37,16.63
2023-03-25 08:00:00+05:30,245.76,17.26
2023-03-25 09:00:00+05:30,426.31,21.27
2023-03-25 10:00:00+05:30,580.29,23.95
2023-03-25 11:00:00+05:30,683.72,26.11
2023-03-25 12:00:00+05:30,679.76,27.57
2023-03-25 13:00:00+05:30,604.9,27.81
2023-03-25 14:00:00+05:30,586.49,28.26
2023-03-25 15:00:00+05:30,411.73,28.65
2023-03-25 16:00:00+05:30,362.26,28.38
2023-03-25 17:00:00+05:30,188.14,28.34
2023-03-25 18:00:00+05:30,69.03,27.66
2023-03-25 19:00:00+05:30,0.0,26.57
2023-03-25 20:00:00+05:30,0.0,24.75
2023-03-25 21:00:00+05:30,0.0,23.12
2023-03-25 22:00:00+05:30,0.0,20.57
2023-03-25 23:00:00+05:30,0.0,19.43
2023-03-26 00:00:00+05:30,0.0,19.03
2023-03-26 01:00:00+05:30,0.0,19.29
2023-03-26 02:00:00+05:30,0.0,18.79
2023-03-26 03:00:00+05:30,0.0,18.27
2023-03-26 04:00:00+05:30,0.0,17.66
2023-03-26 05:00:00+05:30,0.0,17.3
2023-03-26 06:00:00+05:30,0.0,17.25
2023-03-26 07:00:00+05:30,68.3,17.06
2023-03-26 08:00:00+05:30,242.27,18.03
2023-03-26 09:00:00+05:30,388.0,21.43
2023-03-26 10:00:00+05:30,556.87,23.8
2023-03-26 11:00:00+05:30,597.5,25.97
2023-03-26 12:00:00+05:30,478.65,26.94
2023-03-26 13:00:00+05:30,538.77,27.06
2023-03-26 14:00:00+05:30,522.94,27.48
2023-03-26 15:00:00+05:30,477.44,27.81
2023-03-26 16:00:00+05:30,359.27,28.02
2023-03-26 17:00:00+05:30,222.38,27.79
2023-03-26 18:00:00+05:30,71.14,27.43
2023-03-26 19:00:00+05:30,0.0,26.14
2023-03-26 20:00:00+05:30,0.0,24.54
2023-03-26 21:00:00+05:30,0.0,22.85
2023-03-26 22:00:00+05:30,0.0,21.82
2023-03-26 23:00:00+05:30,0.0,20.36
2023-03-27 00:00:00+05:30,0.0,19.77
2023-03-27 01:00:00+05:30,0.0,19.9
2023-03-27 02:00:00+05:30,0.0,19.43
2023-03-27 03:00:00+05:30,0.0,18.99
2023-03-27 04:00:00+05:30,0.0,18.61
2023-03-27 05:00:00+05:30,0.0,17.92
2023-03-27 06:00:00+05:30,0.0,17.14
2023-03-27 07:00:00+05:30,78.71,16.5
2023-03-27 08:00:00+05:30,255.41,17.55
2023-03-27 09:00:00+05:30,428.54,20.9
2023-03-27 10:00:00+05:30,586.15,23.86
2023-03-27 11:00:00+05:30,656.34,25.79
2023-03-27 12:00:00+05:30,660.24,27.18
2023-03-27 13:00:00+05:30,672.44,28.54
2023-03-27 14:00:00+05:30,646.16,29.25
2023-03-27 15:00:00+05:30,556.07,29.65
2023-03-27 16:00:00+05:30,420.87,29.7
2023-03-27 17:00:00+05:30,251.65,29.47
2023-03-27 18:00:00+05:30,82.23,28.8
2023-03-27 19:00:00+05:30,0.0,26.97
2023-03-27 20:00:00+05:30,0.0,24.83
2023-03-27 21:00:00+05:30,0.0,22.96
2023-03-27 22:00:00+05:30,0.0,21.33
2023-03-27 23:00:00+05:30,0.0,20.13
2023-03-28 00:00:00+05:30,0.0,19.23
2023-03-28 01:00:00+05:30,0.0,18.86
2023-03-28 02:00:00+05:30,0.0,18.39
2023-03-28 03:00:00+05:30,0.0,18.21
2023-03-28 04:00:00+05:30,0.0,17.86
2023-03-28 05:00:00+05:30,0.0,17.29
2023-03-28 06:00:00+05:30,0.0,16.55
2023-03-28 07:00:00+05:30,83.34,15.94
2023-03-28 08:00:00+05:30,262.32,16.95
2023-03-28 09:00:00+05:30,444.63,22.01
2023-03-28 10:00:00+05:30,598.95,25.04
2023-03-28 11:00:00+05:30,709.33,27.13
2023-03-28 12:00:00+05:30,767.16,28.52
2023-03-28 13:00:00+05:30,767.84,29.93
2023-03-28 14:00:00+05:30,708.72,30.67
2023-03-28 15:00:00+05:30,598.89,31.13
2023-03-28 16:00:00+05:30,444.85,31.3
2023-03-28 17:00:00+05:30,263.23,31.14
2023-03-28 18:00:00+05:30,85.2,30.45
2023-03-28 19:00:00+05:30,0.0,28.66
2023-03-28 20:00:00+05:30,0.0,26.07
2023-03-28 21:00:00+05:30,0.0,23.85
2023-03-28 22:00:00+05:30,0.0,22.23
2023-03-28 23:00:00+05:30,0.0,20.99
2023-03-29 00:00:00+05:30,0.0,20.09
2023-03-29 01:00:00+05:30,0.0,19.47
2023-03-29 02:00:00+05:30,0.0,18.71
2023-03-29 03:00:00+05:30,0.0,17.91
2023-03-29 04:00:00+05:30,0.0,17.74
2023-03-29 05:00:00+05:30,0.0,17.64
2023-03-29 06:00:00+05:30,0.0,17.51
2023-03-29 07:00:00+05:30,85.66,17.33
2023-03-29 08:00:00+05:30,262.11,18.86
2023-03-29 09:00:00+05:30,439.57,22.98
2023-03-29 10:00:00+05:30,578.61,26.34
2023-03-29 11:00:00+05:30,663.22,28.83
2023-03-29 12:00:00+05:30,673.19,30.46
2023-03-29 13:00:00+05:30,637.07,31.29
2023-03-29 14:00:00+05:30,553.6,31.43
2023-03-29 15:00:00+05:30,523.58,31.54
2023-03-29 16:00:00+05:30,407.65,31.78
2023-03-29 17:00:00+05:30,234.62,31.61
2023-03-29 18:00:00+05:30,71.0,30.57
2023-03-29 19:00:00+05:30,0.0,29.36
2023-03-29 20:00:00+05:30,0.0,27.68
2023-03-29 21:00:00+05:30,0.0,26.68
2023-03-29 22:00:00+05:30,0.0,24.04
2023-03-29 23:00:00+05:30,0.0,23.22
2023-03-30 00:00:00+05:30,0.0,22.9
2023-03-30 01:00:00+05:30,0.0,22.11
2023-03-30 02:00:00+05:30,0.0,22.15
2023-03-30 03:00:00+05:30,0.0,19.97
2023-03-30 04:00:00+05:30,0.0,19.18
2023-03-30 05:00:00+05:30,0.0,18.68
2023-03-30 06:00:00+05:30,0.0,17.64
2023-03-30 07:00:00+05:30,89.12,17.52
2023-03-30 08:00:00+05:30,267.19,19.8
2023-03-30 09:00:00+05:30,448.5,25.45
2023-03-30 10:00:00+05:30,531.32,28.24
2023-03-30 11:00:00+05:30,592.69,29.37
2023-03-30 12:00:00+05:30,689.58,30.07
2023-03-30 13:00:00+05:30,640.05,30.94
2023-03-30 14:00:00+05:30,591.14,29.66
2023-03-30 15:00:00+05:30,389.8,30.06
2023-03-30 16:00:00+05:30,240.18,28.1
2023-03-30 17:00:00+05:30,120.76,22.74
2023-03-30 18:00:00+05:30,50.33,21.07
2023-03-30 19:00:00+05:30,0.0,20.37
2023-03-30 20:00:00+05:30,0.0,19.5
2023-03-30 21:00:00+05:30,0.0,19.09
2023-03-30 22:00:00+05:30,0.0,18.83
2023-03-30 23:00:00+05:30,0.0,18.63
2023-03-31 00:00:00+05:30,0.0,18.22
2023-03-31 01:00:00+05:30,0.0,18.66
2023-03-31 02:00:00+05:30,0.0,18.41
2023-03-31 03:00:00+05:30,0.0,17.36
2023-03-31 04:00:00+05:30,0.0,17.12
2023-03-31 05:00:00+05:30,0.0,16.33
2023-03-31 06:00:00+05:30,0.0,15.69
2023-03-31 07:00:00+05:30,82.12,15.53
2023-03-31 08:00:00+05:30,261.7,17.02
2023-03-31 09:00:00+05:30,406.41,19.74
2023-03-31 10:00:00+05:30,565.25,21.92
2023-03-31 11:00:00+05:30,622.79,23.9
2023-03-31 12:00:00+05:30,694.42,24.97
2023-03-31 13:00:00+05:30,693.49,25.42
2023-03-31 14:00:00+05:30,555.24,26.15
2023-03-31 15:00:00+05:30,501.43,25.97
2023-03-31 16:00:00+05:30,393.0,26.01
2023-03-31 17:00:00+05:30,216.89,25.65
2023-03-31 18:00:00+05:30,75.46,25.43
2023-03-31 19:00:00+05:30,0.0,21.89
2023-03-31 20:00:00+05:30,0.0,19.97
2023-03-31 21:00:00+05:30,0.0,19.47
2023-03-31 22:00:00+05:30,0.0,18.46
2023-03-31 23:00:00+05:30,0.0,17.83
2023-04-01 00:00:00+05:30,0.0,17.49
2023-04-01 01:00:00+05:30,0.0,17.25
2023-04-01 02:00:00+05:30,0.0,16.59
2023-04-01 03:00:00+05:30,0.0,15.91
2023-04-01 04:00:00+05:30,0.0,15.77
2023-04-01 05:00:00+05:30,0.0,15.77
2023-04-01 06:00:00+05:30,0.0,15.57
2023-04-01 07:00:00+05:30,82.95,15.38
2023-04-01 08:00:00+05:30,249.27,16.4
2023-04-01 09:00:00+05:30,441.0,18.53
2023-04-01 10:00:00+05:30,601.52,21.42
2023-04-01 11:00:00+05:30,714.79,23.86
2023-04-01 12:00:00+05:30,693.28,25.61
2023-04-01 13:00:00+05:30,661.29,26.92
2023-04-01 14:00:00+05:30,630.29,27.38
2023-04-01 15:00:00+05:30,492.02,27.86
2023-04-01 16:00:00+05:30,370.45,27.79
2023-04-01 17:00:00+05:30,223.21,27.62
2023-04-01 18:00:00+05:30,67.39,27.11
2023-04-01 19:00:00+05:30,0.0,25.73
2023-04-01 20:00:00+05:30,0.0,24.15
2023-04-01 21:00:00+05:30,0.0,22.63
2023-04-01 22:00:00+05:30,0.0,21.22
2023-04-01 23:00:00+05:30,0.0,19.98
2023-04-02 00:00:00+05:30,0.0,19.49
2023-04-02 01:00:00+05:30,0.0,18.82
2023-04-02 02:00:00+05:30,0.0,18.3
2023-04-02 03:00:00+05:30,0.0,17.87
2023-04-02 04:00:00+05:30,0.0,17.42
2023-04-02 05:00:00+05:30,0.0,16.99
2023-04-02 06:00:00+05:30,0.0,16.51
2023-04-02 07:00:00+05:30,92.06,16.27
2023-04-02 08:00:00+05:30,260.73,18.3
2023-04-02 09:00:00+05:30,410.39,22.18
2023-04-02 10:00:00+05:30,531.56,24.84
2023-04-02 11:00:00+05:30,642.26,26.62
2023-04-02 12:00:00+05:30,642.83,28.04
2023-04-02 13:00:00+05:30,725.39,28.81
2023-04-02 14:00:00+05:30,682.67,29.66
2023-04-02 15:00:00+05:30,575.01,30.2
2023-04-02 16:00:00+05:30,407.03,30.52
2023-04-02 17:00:00+05:30,235.83,30.25
2023-04-02 18:00:00+05:30,68.95,28.58
2023-04-02 19:00:00+05:30,0.0,27.2
2023-04-02 20:00:00+05:30,0.0,26.06
2023-04-02 21:00:00+05:30,0.0,24.28
2023-04-02 22:00:00+05:30,0.0,22.12
2023-04-02 23:00:00+05:30,0.0,21.04
2023-04-03 00:00:00+05:30,0.0,20.32
2023-04-03 01:00:00+05:30,0.0,21.52
2023-04-03 02:00:00+05:30,0.0,21.04
2023-04-03 03:00:00+05:30,0.0,20.32
2023-04-03 04:00:00+05:30,0.0,20.32
2023-04-03 05:00:00+05:30,0.0,20.28
2023-04-03 06:00:00+05:30,0.0,18.13
2023-04-03 07:00:00+05:30,105.89,16.31
2023-04-03 08:00:00+05:30,291.59,18.16
2023-04-03 09:00:00+05:30,474.0,23.54
2023-04-03 10:00:00+05:30,627.27,26.4
2023-04-03 11:00:00+05:30,736.38,28.63
2023-04-03 12:00:00+05:30,701.32,30.64
2023-04-03 13:00:00+05:30,672.31,31.79
2023-04-03 14:00:00+05:30,628.66,32.2
2023-04-03 15:00:00+05:30,533.72,32.61
2023-04-03 16:00:00+05:30,397.89,32.7
2023-04-03 17:00:00+05:30,234.2,32.44
2023-04-03 18:00:00+05:30,84.84,31.51
2023-04-03 19:00:00+05:30,0.0,29.19
2023-04-03 20:00:00+05:30,0.0,26.79
2023-04-03 21:00:00+05:30,0.0,25.63
2023-04-03 22:00:00+05:30,0.0,24.64
2023-04-03 23:00:00+05:30,0.0,23.64
2023-04-04 00:00:00+05:30,0.0,22.85
2023-04-04 01:00:00+05:30,0.0,21.82
2023-04-04 02:00:00+05:30,0.0,20.87
2023-04-04 03:00:00+05:30,0.0,20.33
2023-04-04 04:00:00+05:30,0.0,19.69
2023-04-04 05:00:00+05:30,0.0,19.14
2023-04-04 06:00:00+05:30,0.0,18.91
2023-04-04 07:00:00+05:30,105.34,18.4
2023-04-04 08:00:00+05:30,281.69,19.93
2023-04-04 09:00:00+05:30,475.57,23.21
2023-04-04 10:00:00+05:30,621.38,25.8
2023-04-04 11:00:00+05:30,731.51,27.9
2023-04-04 12:00:00+05:30,787.63,29.64
2023-04-04 13:00:00+05:30,787.49,29.54
2023-04-04 14:00:00+05:30,693.2,30.61
2023-04-04 15:00:00+05:30,509.24,31.1
2023-04-04 16:00:00+05:30,433.88,30.96
2023-04-04 17:00:00+05:30,252.95,30.98
2023-04-04 18:00:00+05:30,85.8,30.4
2023-04-04 19:00:00+05:30,0.0,28.98
2023-04-04 20:00:00+05:30,0.0,27.03
2023-04-04 21:00:00+05:30,0.0,24.98
2023-04-04 22:00:00+05:30,0.0,23.33
2023-04-04 23:00:00+05:30,0.0,22.58
2023-04-05 00:00:00+05:30,0.0,22.01
2023-04-05 01:00:00+05:30,0.0,21.05
2023-04-05 02:00:00+05:30,0.0,20.44
2023-04-05 03:00:00+05:30,0.0,20.03
2023-04-05 04:00:00+05:30,0.0,19.62
2023-04-05 05:00:00+05:30,0.0,19.15
2023-04-05 06:00:00+05:30,0.0,18.72
2023-04-05 07:00:00+05:30,111.84,18.3
2023-04-05 08:00:00+05:30,297.33,19.89
2023-04-05 09:00:00+05:30,479.43,23.48
2023-04-05 10:00:00+05:30,631.06,26.17
2023-04-05 11:00:00+05:30,737.56,28.03
2023-04-05 12:00:00+05:30,714.7,29.47
2023-04-05 13:00:00+05:30,746.27,30.54
2023-04-05 14:00:00+05:30,707.78,31.31
2023-04-05 15:00:00+05:30,615.84,31.75
2023-04-05 16:00:00+05:30,431.28,31.9
2023-04-05 17:00:00+05:30,271.63,31.56
2023-04-05 18:00:00+05:30,83.08,31.05
2023-04-05 19:00:00+05:30,0.0,29.48
2023-04-05 20:00:00+05:30,0.0,26.9
2023-04-05 21:00:00+05:30,0.0,25.5
2023-04-05 22:00:00+05:30,0.0,24.35
2023-04-05 23:00:00+05:30,0.0,22.69
2023-04-06 00:00:00+05:30,0.0,21.3
2023-04-06 01:00:00+05:30,0.0,20.66
2023-04-06 02:00:00+05:30,0.0,20.69
2023-04-06 03:00:00+05:30,0.0,20.87
2023-04-06 04:00:00+05:30,0.0,20.41
2023-04-06 05:00:00+05:30,0.0,19.92
2023-04-06 06:00:00+05:30,0.0,19.35
2023-04-06 07:00:00+05:30,118.01,18.82
2023-04-06 08:00:00+05:30,308.08,20.29
2023-04-06 09:00:00+05:30,488.37,23.54
2023-04-06 10:00:00+05:30,644.01,26.44
2023-04-06 11:00:00+05:30,750.17,28.67
2023-04-06 12:00:00+05:30,784.13,30.2
2023-04-06 13:00:00+05:30,725.7,30.82
2023-04-06 14:00:00+05:30,699.76,31.24
2023-04-06 15:00:00+05:30,541.29,31.59
2023-04-06 16:00:00+05:30,457.58,31.52
2023-04-06 17:00:00+05:30,259.7,31.55
2023-04-06 18:00:00+05:30,96.8,30.96
2023-04-06 19:00:00+05:30,0.0,29.53
2023-04-06 20:00:00+05:30,0.0,27.19
2023-04-06 21:00:00+05:30,0.0,24.94
2023-04-06 22:00:00+05:30,0.0,23.5
2023-04-06 23:00:00+05:30,0.0,22.72
2023-04-07 00:00:00+05:30,0.0,21.82
2023-04-07 01:00:00+05:30,0.0,21.52
2023-04-07 02:00:00+05:30,0.0,20.74
2023-04-07 03:00:00+05:30,0.0,20.36
2023-04-07 04:00:00+05:30,0.0,20.43
2023-04-07 05:00:00+05:30,0.0,20.28
2023-04-07 06:00:00+05:30,0.0,19.91
2023-04-07 07:00:00+05:30,122.84,19.44
2023-04-07 08:00:00+05:30,311.41,21.0
2023-04-07 09:00:00+05:30,496.23,24.54
2023-04-07 10:00:00+05:30,650.4,27.73
2023-04-07 11:00:00+05:30,746.86,29.97
2023-04-07 12:00:00+05:30,788.81,31.19
2023-04-07 13:00:00+05:30,796.63,32.32
2023-04-07 14:00:00+05:30,723.75,32.9
2023-04-07 15:00:00+05:30,571.26,33.28
2023-04-07 16:00:00+05:30,477.31,33.26
2023-04-07 17:00:00+05:30,282.58,33.19
2023-04-07 18:00:00+05:30,105.12,32.52
2023-04-07 19:00:00+05:30,0.0,30.09
2023-04-07 20:00:00+05:30,0.0,27.87
2023-04-07 21:00:00+05:30,0.0,25.5
2023-04-07 22:00:00+05:30,0.0,23.67
2023-04-07 23:00:00+05:30,0.0,22.38
2023-04-08 00:00:00+05:30,0.0,22.06
2023-04-08 01:00:00+05:30,0.0,21.98
2023-04-08 02:00:00+05:30,0.0,21.86
2023-04-08 03:00:00+05:30,0.0,21.39
2023-04-08 04:00:00+05:30,0.0,20.76
2023-04-08 05:00:00+05:30,0.0,20.17
2023-04-08 06:00:00+05:30,0.0,19.6
2023-04-08 07:00:00+05:30,120.12,19.18
2023-04-08 08:00:00+05:30,312.72,21.07
2023-04-08 09:00:00+05:30,468.25,25.02
2023-04-08 10:00:00+05:30,609.17,27.87
2023-04-08 11:00:00+05:30,721.34,29.82
2023-04-08 12:00:00+05:30,779.95,31.37
2023-04-08 13:00:00+05:30,753.93,32.58
2023-04-08 14:00:00+05:30,689.19,32.98
2023-04-08 15:00:00+05:30,574.74,33.27
2023-04-08 16:00:00+05:30,435.26,33.22
2023-04-08 17:00:00+05:30,235.23,32.04
2023-04-08 18:00:00+05:30,91.45,31.41
2023-04-08 19:00:00+05:30,0.0,29.55
2023-04-08 20:00:00+05:30,0.0,27.43
2023-04-08 21:00:00+05:30,0.0,25.98
2023-04-08 22:00:00+05:30,0.0,25.09
2023-04-08 23:00:00+05:30,0.0,23.39
2023-04-09 00:00:00+05:30,0.0,21.58
2023-04-09 01:00:00+05:30,0.0,20.43
2023-04-09 02:00:00+05:30,0.0,19.77
2023-04-09 03:00:00+05:30,0.0,19.05
2023-04-09 04:00:00+05:30,0.0,18.24
2023-04-09 05:00:00+05:30,0.0,17.88
2023-04-09 06:00:00+05:30,0.0,19.61
2023-04-09 07:00:00+05:30,130.34,20.6
2023-04-09 08:00:00+05:30,322.3,21.86
2023-04-09 09:00:00+05:30,506.66,25.56
2023-04-09 10:00:00+05:30,659.78,28.77
2023-04-09 11:00:00+05:30,769.79,31.18
2023-04-09 12:00:00+05:30,770.68,32.75
2023-04-09 13:00:00+05:30,822.2,34.16
2023-04-09 14:00:00+05:30,759.82,34.76
2023-04-09 15:00:00+05:30,648.76,34.99
2023-04-09 16:00:00+05:30,468.91,34.92
2023-04-09 17:00:00+05:30,304.25,34.49
2023-04-09 18:00:00+05:30,115.06,33.65
2023-04-09 19:00:00+05:30,0.0,31.41
2023-04-09 20:00:00+05:30,0.0,28.3
2023-04-09 21:00:00+05:30,0.0,25.99
2023-04-09 22:00:00+05:30,0.0,24.58
2023-04-09 23:00:00+05:30,0.0,23.57
2023-04-10 00:00:00+05:30,0.0,22.77
2023-04-10 01:00:00+05:30,0.0,22.46
2023-04-10 02:00:00+05:30,0.0,22.25
2023-04-10 03:00:00+05:30,0.0,21.95
2023-04-10 04:00:00+05:30,0.0,21.38
2023-04-10 05:00:00+05:30,0.0,20.92
2023-04-10 06:00:00+05:30,0.0,20.31
2023-04-10 07:00:00+05:30,118.28,19.64
2023-04-10 08:00:00+05:30,304.88,21.17
2023-04-10 09:00:00+05:30,505.64,26.43
2023-04-10 10:00:00+05:30,659.43,29.75
2023-04-10 11:00:00+05:30,767.53,32.0
2023-04-10 12:00:00+05:30,821.71,33.44
2023-04-10 13:00:00+05:30,818.65,34.94
2023-04-10 14:00:00+05:30,755.68,35.53
2023-04-10 15:00:00+05:30,641.71,35.78
2023-04-10 16:00:00+05:30,466.9,35.8
2023-04-10 17:00:00+05:30,292.47,35.34
2023-04-10 18:00:00+05:30,115.04,34.55
2023-04-10 19:00:00+05:30,0.0,32.35
2023-04-10 20:00:00+05:30,0.0,29.3
2023-04-10 21:00:00+05:30,0.0,27.25
2023-04-10 22:00:00+05:30,0.0,26.02
2023-04-10 23:00:00+05:30,0.0,25.17
2023-04-11 00:00:00+05:30,0.0,24.55
2023-04-11 01:00:00+05:30,0.0,24.0
2023-04-11 02:00:00+05:30,0.0,23.21
2023-04-11 03:00:00+05:30,0.0,22.38
2023-04-11 04:00:00+05:30,0.0,21.63
2023-04-11 05:00:00+05:30,0.0,20.76
2023-04-11 06:00:00+05:30,0.0,21.43
2023-04-11 07:00:00+05:30,113.39,20.62
2023-04-11 08:00:00+05:30,316.57,21.75
2023-04-11 09:00:00+05:30,510.54,27.29
2023-04-11 10:00:00+05:30,663.0,30.71
2023-04-11 11:00:00+05:30,770.93,32.7
2023-04-11 12:00:00+05:30,820.16,34.01
2023-04-11 13:00:00+05:30,748.39,35.43
2023-04-11 14:00:00+05:30,678.95,35.85
2023-04-11 15:00:00+05:30,560.18,36.06
2023-04-11 16:00:00+05:30,443.31,36.04
2023-04-11 17:00:00+05:30,286.72,35.77
2023-04-11 18:00:00+05:30,94.76,35.09
2023-04-11 19:00:00+05:30,0.0,33.47
2023-04-11 20:00:00+05:30,0.0,31.41
2023-04-11 21:00:00+05:30,0.0,28.97
2023-04-11 22:00:00+05:30,0.0,27.68
2023-04-11 23:00:00+05:30,0.0,26.17
2023-04-12 00:00:00+05:30,0.0,25.03
2023-04-12 01:00:00+05:30,0.0,24.08
2023-04-12 02:00:00+05:30,0.0,23.45
2023-04-12 03:00:00+05:30,0.0,22.86
2023-04-12 04:00:00+05:30,0.0,22.57
2023-04-12 05:00:00+05:30,0.0,22.67
2023-04-12 06:00:00+05:30,0.0,22.52
2023-04-12 07:00:00+05:30,135.99,22.36
2023-04-12 08:00:00+05:30,320.78,24.54
2023-04-12 09:00:00+05:30,489.36,28.7
2023-04-12 10:00:00+05:30,618.67,31.8
2023-04-12 11:00:00+05:30,738.87,33.33
2023-04-12 12:00:00+05:30,810.05,34.35
2023-04-12 13:00:00+05:30,740.51,35.83
2023-04-12 14:00:00+05:30,714.92,35.72
2023-04-12 15:00:00+05:30,601.74,35.99
2023-04-12 16:00:00+05:30,429.83,35.91
2023-04-12 17:00:00+05:30,278.74,35.23
2023-04-12 18:00:00+05:30,101.39,34.55
2023-04-12 19:00:00+05:30,0.0,33.27
2023-04-12 20:00:00+05:30,0.0,31.47
2023-04-12 21:00:00+05:30,0.0,29.0
2023-04-12 22:00:00+05:30,0.0,27.17
2023-04-12 23:00:00+05:30,0.0,26.13
2023-04-13 00:00:00+05:30,0.0,24.92
2023-04-13 01:00:00+05:30,0.0,24.27
2023-04-13 02:00:00+05:30,0.0,23.55
2023-04-13 03:00:00+05:30,0.0,22.73
2023-04-13 04:00:00+05:30,0.0,22.09
2023-04-13 05:00:00+05:30,0.0,21.65
2023-04-13 06:00:00+05:30,0.0,20.98
2023-04-13 07:00:00+05:30,143.35,20.3
2023-04-13 08:00:00+05:30,334.38,23.1
2023-04-13 09:00:00+05:30,517.75,28.87
2023-04-13 10:00:00+05:30,668.49,32.26
2023-04-13 11:00:00+05:30,774.64,34.16
2023-04-13 12:00:00+05:30,826.15,35.28
2023-04-13 13:00:00+05:30,820.28,36.25
2023-04-13 14:00:00+05:30,741.57,36.75
2023-04-13 15:00:00+05:30,625.4,36.87
2023-04-13 16:00:00+05:30,479.11,36.83
2023-04-13 17:00:00+05:30,287.03,36.37
2023-04-13 18:00:00+05:30,101.64,35.8
2023-04-13 19:00:00+05:30,0.0,33.62
2023-04-13 20:00:00+05:30,0.0,31.51
2023-04-13 21:00:00+05:30,0.0,29.39
2023-04-13 22:00:00+05:30,0.0,27.6
2023-04-13 23:00:00+05:30,0.0,26.33
2023-04-14 00:00:00+05:30,0.0,25.26
2023-04-14 01:00:00+05:30,0.0,27.57
2023-04-14 02:00:00+05:30,0.0,25.7
2023-04-14 03:00:00+05:30,0.0,23.2
2023-04-14 04:00:00+05:30,0.0,22.66
2023-04-14 05:00:00+05:30,0.0,22.29
2023-04-14 06:00:00+05:30,0.0,22.4
2023-04-14 07:00:00+05:30,128.89,22.53
2023-04-14 08:00:00+05:30,316.04,24.52
2023-04-14 09:00:00+05:30,514.68,29.14
2023-04-14 10:00:00+05:30,668.05,32.59
2023-04-14 11:00:00+05:30,777.36,34.81
2023-04-14 12:00:00+05:30,788.25,36.09
2023-04-14 13:00:00+05:30,752.57,37.1
2023-04-14 14:00:00+05:30,713.03,37.57
2023-04-14 15:00:00+05:30,582.82,37.71
2023-04-14 16:00:00+05:30,432.53,37.56
2023-04-14 17:00:00+05:30,187.49,36.09
2023-04-14 18:00:00+05:30,86.24,34.99
2023-04-14 19:00:00+05:30,0.0,33.48
2023-04-14 20:00:00+05:30,0.0,31.24
2023-04-14 21:00:00+05:30,0.0,29.77
2023-04-14 22:00:00+05:30,0.0,28.69
2023-04-14 23:00:00+05:30,0.0,27.34
2023-04-15 00:00:00+05:30,0.0,26.09
2023-04-15 01:00:00+05:30,0.0,25.38
2023-04-15 02:00:00+05:30,0.0,24.41
2023-04-15 03:00:00+05:30,0.0,23.57
2023-04-15 04:00:00+05:30,0.0,22.95
2023-04-15 05:00:00+05:30,0.0,22.48
2023-04-15 06:00:00+05:30,0.0,22.21
2023-04-15 07:00:00+05:30,152.48,22.11
2023-04-15 08:00:00+05:30,347.36,24.63
2023-04-15 09:00:00+05:30,530.3,29.56
2023-04-15 10:00:00+05:30,680.81,32.74
2023-04-15 11:00:00+05:30,772.94,35.25
2023-04-15 12:00:00+05:30,808.05,36.69
2023-04-15 13:00:00+05:30,784.26,37.9
2023-04-15 14:00:00+05:30,694.08,38.31
2023-04-15 15:00:00+05:30,533.59,38.25
2023-04-15 16:00:00+05:30,396.77,37.58
2023-04-15 17:00:00+05:30,233.52,36.98
2023-04-15 18:00:00+05:30,99.53,35.96
2023-04-15 19:00:00+05:30,0.0,34.78
2023-04-15 20:00:00+05:30,0.0,32.62
2023-04-15 21:00:00+05:30,0.0,29.95
2023-04-15 22:00:00+05:30,0.0,28.41
2023-04-15 23:00:00+05:30,0.0,27.17
2023-04-16 00:00:00+05:30,0.0,26.51
2023-04-16 01:00:00+05:30,0.0,26.02
2023-04-16 02:00:00+05:30,0.0,25.08
2023-04-16 03:00:00+05:30,0.0,24.49
2023-04-16 04:00:00+05:30,0.0,24.06
2023-04-16 05:00:00+05:30,0.0,23.93
2023-04-16 06:00:00+05:30,0.0,23.63
2023-04-16 07:00:00+05:30,154.56,23.52
2023-04-16 08:00:00+05:30,348.71,25.88
2023-04-16 09:00:00+05:30,529.55,29.66
2023-04-16 10:00:00+05:30,682.04,32.6
2023-04-16 11:00:00+05:30,777.46,34.85
2023-04-16 12:00:00+05:30,819.8,36.18
2023-04-16 13:00:00+05:30,776.0,37.3
2023-04-16 14:00:00+05:30,689.83,37.7
2023-04-16 15:00:00+05:30,595.04,37.73
2023-04-16 16:00:00+05:30,477.67,37.66
2023-04-16 17:00:00+05:30,300.59,37.41
2023-04-16 18:00:00+05:30,113.58,36.7
2023-04-16 19:00:00+05:30,0.0,35.04
2023-04-16 20:00:00+05:30,0.0,32.74
2023-04-16 21:00:00+05:30,0.0,30.07
2023-04-16 22:00:00+05:30,0.0,28.25
2023-04-16 23:00:00+05:30,0.0,27.41
2023-04-17 00:00:00+05:30,0.0,26.48
2023-04-17 01:00:00+05:30,0.0,24.39
2023-04-17 02:00:00+05:30,0.0,23.71
2023-04-17 03:00:00+05:30,0.0,23.35
2023-04-17 04:00:00+05:30,0.0,23.35
2023-04-17 05:00:00+05:30,0.0,23.35
2023-04-17 06:00:00+05:30,0.0,23.25
2023-04-17 07:00:00+05:30,161.76,23.31
2023-04-17 08:00:00+05:30,357.67,25.74
2023-04-17 09:00:00+05:30,539.68,29.69
2023-04-17 10:00:00+05:30,689.41,32.91
2023-04-17 11:00:00+05:30,793.89,35.3
2023-04-17 12:00:00+05:30,843.65,36.64
2023-04-17 13:00:00+05:30,813.41,37.5
2023-04-17 14:00:00+05:30,733.73,37.94
2023-04-17 15:00:00+05:30,602.57,38.02
2023-04-17 16:00:00+05:30,448.88,37.86
2023-04-17 17:00:00+05:30,260.57,37.28
2023-04-17 18:00:00+05:30,101.24,35.9
2023-04-17 19:00:00+05:30,0.0,34.32
2023-04-17 20:00:00+05:30,0.0,32.32
2023-04-17 21:00:00+05:30,0.0,30.9
2023-04-17 22:00:00+05:30,0.0,29.77
2023-04-17 23:00:00+05:30,0.0,28.65
2023-04-18 00:00:00+05:30,0.0,27.66
2023-04-18 01:00:00+05:30,0.0,26.82
2023-04-18 02:00:00+05:30,0.0,26.37
2023-04-18 03:00:00+05:30,0.0,25.86
2023-04-18 04:00:00+05:30,0.0,25.4
2023-04-18 05:00:00+05:30,0.0,25.02
2023-04-18 06:00:00+05:30,0.0,24.65
2023-04-18 07:00:00+05:30,162.51,24.46
2023-04-18 08:00:00+05:30,356.57,26.73
2023-04-18 09:00:00+05:30,538.6,30.19
2023-04-18 10:00:00+05:30,688.13,33.09
2023-04-18 11:00:00+05:30,793.29,35.53
2023-04-18 12:00:00+05:30,835.51,37.03
2023-04-18 13:00:00+05:30,808.11,37.83
2023-04-18 14:00:00+05:30,764.79,38.3
2023-04-18 15:00:00+05:30,650.43,38.59
2023-04-18 16:00:00+05:30,478.9,38.55
2023-04-18 17:00:00+05:30,314.41,38.24
2023-04-18 18:00:00+05:30,117.78,37.58
2023-04-18 19:00:00+05:30,0.0,35.61
2023-04-18 20:00:00+05:30,0.0,33.17
2023-04-18 21:00:00+05:30,0.0,31.09
2023-04-18 22:00:00+05:30,0.0,29.83
2023-04-18 23:00:00+05:30,0.0,29.31
2023-04-19 00:00:00+05:30,0.0,28.92
2023-04-19 01:00:00+05:30,0.0,28.11
2023-04-19 02:00:00+05:30,0.0,27.83
2023-04-19 03:00:00+05:30,0.0,27.25
2023-04-19 04:00:00+05:30,0.0,26.32
2023-04-19 05:00:00+05:30,0.0,25.37
2023-04-19 06:00:00+05:30,0.0,24.4
2023-04-19 07:00:00+05:30,155.9,23.62
2023-04-19 08:00:00+05:30,346.36,25.52
2023-04-19 09:00:00+05:30,515.7,28.77
2023-04-19 10:00:00+05:30,669.49,31.82
2023-04-19 11:00:00+05:30,784.21,33.97
2023-04-19 12:00:00+05:30,813.26,35.31
2023-04-19 13:00:00+05:30,780.58,36.21
2023-04-19 14:00:00+05:30,733.54,36.77
2023-04-19 15:00:00+05:30,634.73,37.09
2023-04-19 16:00:00+05:30,506.22,37.21
2023-04-19 17:00:00+05:30,233.06,37.08
2023-04-19 18:00:00+05:30,80.99,35.4
2023-04-19 19:00:00+05:30,0.0,34.0
2023-04-19 20:00:00+05:30,0.0,32.21
2023-04-19 21:00:00+05:30,0.0,30.82
2023-04-19 22:00:00+05:30,0.0,29.5
2023-04-19 23:00:00+05:30,0.0,28.19
2023-04-20 00:00:00+05:30,0.0,26.97
2023-04-20 01:00:00+05:30,0.0,26.43
2023-04-20 02:00:00+05:30,0.0,25.63
2023-04-20 03:00:00+05:30,0.0,24.68
2023-04-20 04:00:00+05:30,0.0,23.81
2023-04-20 05:00:00+05:30,0.0,23.42
2023-04-20 06:00:00+05:30,0.0,23.1
2023-04-20 07:00:00+05:30,161.71,22.44
2023-04-20 08:00:00+05:30,359.11,24.97
2023-04-20 09:00:00+05:30,539.88,28.15
2023-04-20 10:00:00+05:30,686.58,30.63
2023-04-20 11:00:00+05:30,780.31,32.49
2023-04-20 12:00:00+05:30,814.97,33.73
2023-04-20 13:00:00+05:30,830.39,34.62
2023-04-20 14:00:00+05:30,755.95,35.38
2023-04-20 15:00:00+05:30,627.51,35.72
2023-04-20 16:00:00+05:30,411.67,35.71
2023-04-20 17:00:00+05:30,190.41,34.95
2023-04-20 18:00:00+05:30,85.19,32.87
2023-04-20 19:00:00+05:30,0.0,31.6
2023-04-20 20:00:00+05:30,0.0,30.24
2023-04-20 21:00:00+05:30,0.0,28.88
2023-04-20 22:00:00+05:30,0.0,27.86
2023-04-20 23:00:00+05:30,0.0,26.63
2023-04-21 00:00:00+05:30,0.0,25.37
2023-04-21 01:00:00+05:30,0.0,25.08
2023-04-21 02:00:00+05:30,0.0,24.17
2023-04-21 03:00:00+05:30,0.0,23.44
2023-04-21 04:00:00+05:30,0.0,22.97
2023-04-21 05:00:00+05:30,0.0,22.37
2023-04-21 06:00:00+05:30,0.0,21.39
2023-04-21 07:00:00+05:30,176.08,20.49
2023-04-21 08:00:00+05:30,378.82,23.31
2023-04-21 09:00:00+05:30,561.97,27.45
2023-04-21 10:00:00+05:30,714.94,30.82
2023-04-21 11:00:00+05:30,821.79,33.21
2023-04-21 12:00:00+05:30,842.34,34.61
2023-04-21 13:00:00+05:30,852.79,34.95
2023-04-21 14:00:00+05:30,806.51,35.6
2023-04-21 15:00:00+05:30,681.19,35.91
2023-04-21 16:00:00+05:30,526.22,35.81
2023-04-21 17:00:00+05:30,342.26,35.34
2023-04-21 18:00:00+05:30,143.88,34.35
2023-04-21 19:00:00+05:30,0.0,32.39
2023-04-21 20:00:00+05:30,0.0,29.8
2023-04-21 21:00:00+05:30,0.0,28.11
2023-04-21 22:00:00+05:30,0.0,26.68
2023-04-21 23:00:00+05:30,0.0,25.33
2023-04-22 00:00:00+05:30,0.0,24.17
2023-04-22 01:00:00+05:30,0.0,24.09
2023-04-22 02:00:00+05:30,0.0,23.68
2023-04-22 03:00:00+05:30,0.0,23.26
2023-04-22 04:00:00+05:30,0.0,22.65
2023-04-22 05:00:00+05:30,0.0,22.02
2023-04-22 06:00:00+05:30,0.0,21.34
2023-04-22 07:00:00+05:30,180.41,20.91
2023-04-22 08:00:00+05:30,384.01,23.26
2023-04-22 09:00:00+05:30,570.85,27.09
2023-04-22 10:00:00+05:30,720.1,30.12
2023-04-22 11:00:00+05:30,811.83,32.65
2023-04-22 12:00:00+05:30,816.57,34.21
2023-04-22 13:00:00+05:30,835.43,34.86
2023-04-22 14:00:00+05:30,714.72,35.35
2023-04-22 15:00:00+05:30,649.03,35.39
2023-04-22 16:00:00+05:30,517.49,35.41
2023-04-22 17:00:00+05:30,258.75,34.95
2023-04-22 18:00:00+05:30,114.32,33.85
2023-04-22 19:00:00+05:30,0.0,32.49
2023-04-22 20:00:00+05:30,0.0,30.5
2023-04-22 21:00:00+05:30,0.0,27.75
2023-04-22 22:00:00+05:30,0.0,25.85
2023-04-22 23:00:00+05:30,0.0,24.54
2023-04-23 00:00:00+05:30,0.0,24.77
2023-04-23 01:00:00+05:30,0.0,24.39
2023-04-23 02:00:00+05:30,0.0,24.6
2023-04-23 03:00:00+05:30,0.0,24.25
2023-04-23 04:00:00+05:30,0.0,23.59
2023-04-23 05:00:00+05:30,0.0,22.99
2023-04-23 06:00:00+05:30,9.51,22.41
2023-04-23 07:00:00+05:30,155.85,22.22
2023-04-23 08:00:00+05:30,329.5,24.04
2023-04-23 09:00:00+05:30,515.04,27.07
2023-04-23 10:00:00+05:30,688.32,29.89
2023-04-23 11:00:00+05:30,809.29,32.04
2023-04-23 12:00:00+05:30,817.77,33.53
2023-04-23 13:00:00+05:30,687.26,32.88
2023-04-23 14:00:00+05:30,557.55,32.19
2023-04-23 15:00:00+05:30,415.65,30.31
2023-04-23 16:00:00+05:30,301.64,28.84
2023-04-23 17:00:00+05:30,263.54,28.78
2023-04-23 18:00:00+05:30,121.29,28.61
2023-04-23 19:00:00+05:30,0.0,27.06
2023-04-23 20:00:00+05:30,0.0,24.93
2023-04-23 21:00:00+05:30,0.0,23.8
2023-04-23 22:00:00+05:30,0.0,23.14
2023-04-23 23:00:00+05:30,0.0,22.6
2023-04-24 00:00:00+05:30,0.0,22.09
2023-04-24 01:00:00+05:30,0.0,21.3
2023-04-24 02:00:00+05:30,0.0,20.56
2023-04-24 03:00:00+05:30,0.0,19.54
2023-04-24 04:00:00+05:30,0.0,20.13
2023-04-24 05:00:00+05:30,0.0,18.4
2023-04-24 06:00:00+05:30,9.99,17.6
2023-04-24 07:00:00+05:30,184.46,17.75
2023-04-24 08:00:00+05:30,379.49,21.56
2023-04-24 09:00:00+05:30,563.38,25.7
2023-04-24 10:00:00+05:30,706.41,28.25
2023-04-24 11:00:00+05:30,763.22,29.51
2023-04-24 12:00:00+05:30,818.2,30.24
2023-04-24 13:00:00+05:30,772.95,30.65
2023-04-24 14:00:00+05:30,728.45,31.24
2023-04-24 15:00:00+05:30,575.14,31.79
2023-04-24 16:00:00+05:30,451.33,31.06
2023-04-24 17:00:00+05:30,304.23,30.04
2023-04-24 18:00:00+05:30,137.37,29.01
2023-04-24 19:00:00+05:30,0.0,27.67
2023-04-24 20:00:00+05:30,0.0,25.84
2023-04-24 21:00:00+05:30,0.0,24.54
2023-04-24 22:00:00+05:30,0.0,23.58
2023-04-24 23:00:00+05:30,0.0,22.76
2023-04-25 00:00:00+05:30,0.0,22.01
2023-04-25 01:00:00+05:30,0.0,22.22
2023-04-25 02:00:00+05:30,0.0,21.64
2023-04-25 03:00:00+05:30,0.0,20.97
2023-04-25 04:00:00+05:30,0.0,20.43
2023-04-25 05:00:00+05:30,0.0,19.93
2023-04-25 06:00:00+05:30,11.13,19.42
2023-04-25 07:00:00+05:30,178.1,19.21
2023-04-25 08:00:00+05:30,371.37,21.72
2023-04-25 09:00:00+05:30,542.21,24.49
2023-04-25 10:00:00+05:30,696.62,26.81
2023-04-25 11:00:00+05:30,806.9,29.0
2023-04-25 12:00:00+05:30,852.36,30.61
2023-04-25 13:00:00+05:30,832.75,32.09
2023-04-25 14:00:00+05:30,725.24,32.87
2023-04-25 15:00:00+05:30,612.62,33.0
2023-04-25 16:00:00+05:30,463.4,33.05
2023-04-25 17:00:00+05:30,307.58,32.8
2023-04-25 18:00:00+05:30,143.41,32.25
2023-04-25 19:00:00+05:30,0.0,30.77
2023-04-25 20:00:00+05:30,0.0,28.36
2023-04-25 21:00:00+05:30,0.0,26.54
2023-04-25 22:00:00+05:30,0.0,25.35
2023-04-25 23:00:00+05:30,0.0,24.46
2023-04-26 00:00:00+05:30,0.0,23.74
2023-04-26 01:00:00+05:30,0.0,23.47
2023-04-26 02:00:00+05:30,0.0,22.82
2023-04-26 03:00:00+05:30,0.0,22.15
2023-04-26 04:00:00+05:30,0.0,21.63
2023-04-26 05:00:00+05:30,0.0,21.22
2023-04-26 06:00:00+05:30,12.18,20.72
2023-04-26 07:00:00+05:30,150.6,20.29
2023-04-26 08:00:00+05:30,322.11,23.2
2023-04-26 09:00:00+05:30,489.9,26.77
2023-04-26 10:00:00+05:30,615.29,29.32
2023-04-26 11:00:00+05:30,736.3,31.23
2023-04-26 12:00:00+05:30,792.99,32.61
2023-04-26 13:00:00+05:30,809.74,33.44
2023-04-26 14:00:00+05:30,743.48,34.07
2023-04-26 15:00:00+05:30,584.88,34.42
2023-04-26 16:00:00+05:30,497.55,34.25
2023-04-26 17:00:00+05:30,325.82,34.17
2023-04-26 18:00:00+05:30,137.07,33.67
2023-04-26 19:00:00+05:30,0.0,32.19
2023-04-26 20:00:00+05:30,0.0,29.69
2023-04-26 21:00:00+05:30,0.0,28.0
2023-04-26 22:00:00+05:30,0.0,26.67
2023-04-26 23:00:00+05:30,0.0,25.46
2023-04-27 00:00:00+05:30,0.0,24.3
2023-04-27 01:00:00+05:30,0.0,23.15
2023-04-27 02:00:00+05:30,0.0,24.26
2023-04-27 03:00:00+05:30,0.0,23.07
2023-04-27 04:00:00+05:30,0.0,20.85
2023-04-27 05:00:00+05:30,0.0,20.53
2023-04-27 06:00:00+05:30,11.66,20.41
2023-04-27 07:00:00+05:30,163.97,20.24
2023-04-27 08:00:00+05:30,351.68,22.93
2023-04-27 09:00:00+05:30,505.18,26.1
2023-04-27 10:00:00+05:30,637.12,28.84
2023-04-27 11:00:00+05:30,749.49,31.18
2023-04-27 12:00:00+05:30,856.17,32.94
2023-04-27 13:00:00+05:30,765.57,34.85
2023-04-27 14:00:00+05:30,749.41,35.18
2023-04-27 15:00:00+05:30,552.02,35.38
2023-04-27 16:00:00+05:30,417.54,34.49
2023-04-27 17:00:00+05:30,242.42,33.03
2023-04-27 18:00:00+05:30,93.69,32.63
2023-04-27 19:00:00+05:30,0.0,31.58
2023-04-27 20:00:00+05:30,0.0,30.2
2023-04-27 21:00:00+05:30,0.0,27.99
2023-04-27 22:00:00+05:30,0.0,26.3
2023-04-27 23:00:00+05:30,0.0,25.09
2023-04-28 00:00:00+05:30,0.0,24.77
2023-04-28 01:00:00+05:30,0.0,23.51
2023-04-28 02:00:00+05:30,0.0,23.17
2023-04-28 03:00:00+05:30,0.0,23.22
2023-04-28 04:00:00+05:30,0.0,22.96
2023-04-28 05:00:00+05:30,0.0,22.79
2023-04-28 06:00:00+05:30,10.03,22.4
2023-04-28 07:00:00+05:30,99.37,22.46
2023-04-28 08:00:00+05:30,237.47,24.64
2023-04-28 09:00:00+05:30,454.73,27.86
2023-04-28 10:00:00+05:30,598.36,30.66
2023-04-28 11:00:00+05:30,725.36,31.93
2023-04-28 12:00:00+05:30,842.22,32.84
2023-04-28 13:00:00+05:30,789.98,33.88
2023-04-28 14:00:00+05:30,604.72,33.7
2023-04-28 15:00:00+05:30,540.33,31.55
2023-04-28 16:00:00+05:30,224.6,31.97
2023-04-28 17:00:00+05:30,153.11,30.63
2023-04-28 18:00:00+05:30,57.0,27.71
2023-04-28 19:00:00+05:30,0.0,26.16
2023-04-28 20:00:00+05:30,0.0,25.2
2023-04-28 21:00:00+05:30,0.0,24.53
2023-04-28 22:00:00+05:30,0.0,23.66
2023-04-28 23:00:00+05:30,0.0,23.02
2023-04-29 00:00:00+05:30,0.0,22.92
2023-04-29 01:00:00+05:30,0.0,22.74
2023-04-29 02:00:00+05:30,0.0,22.41
2023-04-29 03:00:00+05:30,0.0,22.44
2023-04-29 04:00:00+05:30,0.0,23.13
2023-04-29 05:00:00+05:30,0.0,21.64
2023-04-29 06:00:00+05:30,11.51,21.85
2023-04-29 07:00:00+05:30,130.6,22.3
2023-04-29 08:00:00+05:30,257.81,23.85
2023-04-29 09:00:00+05:30,415.39,25.33
2023-04-29 10:00:00+05:30,563.8,27.32
2023-04-29 11:00:00+05:30,679.87,28.73
2023-04-29 12:00:00+05:30,787.32,29.79
2023-04-29 13:00:00+05:30,625.6,29.54
2023-04-29 14:00:00+05:30,690.05,29.77
2023-04-29 15:00:00+05:30,633.77,30.22
2023-04-29 16:00:00+05:30,470.06,30.45
2023-04-29 17:00:00+05:30,265.12,29.9
2023-04-29 18:00:00+05:30,53.38,28.58
2023-04-29 19:00:00+05:30,0.0,23.19
2023-04-29 20:00:00+05:30,0.0,21.54
2023-04-29 21:00:00+05:30,0.0,21.42
2023-04-29 22:00:00+05:30,0.0,21.11
2023-04-29 23:00:00+05:30,0.0,20.89
2023-04-30 00:00:00+05:30,0.0,20.64
2023-04-30 01:00:00+05:30,0.0,22.02
2023-04-30 02:00:00+05:30,0.0,21.71
2023-04-30 03:00:00+05:30,0.0,21.12
2023-04-30 04:00:00+05:30,0.0,21.32
2023-04-30 05:00:00+05:30,0.0,20.69
2023-04-30 06:00:00+05:30,12.44,20.14
2023-04-30 07:00:00+05:30,89.5,20.15
2023-04-30 08:00:00+05:30,213.32,20.74
2023-04-30 09:00:00+05:30,393.92,22.0
2023-04-30 10:00:00+05:30,534.18,23.91
2023-04-30 11:00:00+05:30,658.88,25.1
2023-04-30 12:00:00+05:30,568.11,26.19
2023-04-30 13:00:00+05:30,692.47,27.47
2023-04-30 14:00:00+05:30,706.41,28.52
2023-04-30 15:00:00+05:30,583.88,29.11
2023-04-30 16:00:00+05:30,405.71,29.24
2023-04-30 17:00:00+05:30,262.1,28.91
2023-04-30 18:00:00+05:30,115.62,27.13
2023-04-30 19:00:00+05:30,0.0,23.27
2023-04-30 20:00:00+05:30,0.0,21.99
2023-04-30 21:00:00+05:30,0.0,21.51
2023-04-30 22:00:00+05:30,0.0,20.98
2023-04-30 23:00:00+05:30,0.0,20.48
2023-05-01 00:00:00+05:30,0.0,20.08
2023-05-01 01:00:00+05:30,0.0,20.39
2023-05-01 02:00:00+05:30,0.0,20.3
2023-05-01 03:00:00+05:30,0.0,20.0
2023-05-01 04:00:00+05:30,0.0,20.01
2023-05-01 05:00:00+05:30,0.0,19.52
2023-05-01 06:00:00+05:30,12.15,19.22
2023-05-01 07:00:00+05:30,127.08,19.35
2023-05-01 08:00:00+05:30,276.26,20.37
2023-05-01 09:00:00+05:30,497.06,21.93
2023-05-01 10:00:00+05:30,663.02,23.84
2023-05-01 11:00:00+05:30,510.71,25.42
2023-05-01 12:00:00+05:30,694.96,25.93
2023-05-01 13:00:00+05:30,508.28,26.89
2023-05-01 14:00:00+05:30,582.52,26.46
2023-05-01 15:00:00+05:30,548.69,26.86
2023-05-01 16:00:00+05:30,314.0,27.24
2023-05-01 17:00:00+05:30,248.97,26.03
2023-05-01 18:00:00+05:30,117.03,25.66
2023-05-01 19:00:00+05:30,0.0,23.33
2023-05-01 20:00:00+05:30,0.0,22.38
2023-05-01 21:00:00+05:30,0.0,21.92
2023-05-01 22:00:00+05:30,0.0,21.44
2023-05-01 23:00:00+05:30,0.0,21.04
2023-05-02 00:00:00+05:30,0.0,20.53
2023-05-02 01:00:00+05:30,0.0,20.55
2023-05-02 02:00:00+05:30,0.0,20.19
2023-05-02 03:00:00+05:30,0.0,19.88
2023-05-02 04:00:00+05:30,0.0,19.5
2023-05-02 05:00:00+05:30,0.0,19.3
2023-05-02 06:00:00+05:30,13.61,18.83
2023-05-02 07:00:00+05:30,185.44,18.84
2023-05-02 08:00:00+05:30,384.57,20.74
2023-05-02 09:00:00+05:30,522.31,22.83
2023-05-02 10:00:00+05:30,658.39,24.75
2023-05-02 11:00:00+05:30,765.8,26.1
2023-05-02 12:00:00+05:30,849.72,27.31
2023-05-02 13:00:00+05:30,814.18,29.5
2023-05-02 14:00:00+05:30,716.21,30.03
2023-05-02 15:00:00+05:30,596.24,30.17
2023-05-02 16:00:00+05:30,368.4,30.34
2023-05-02 17:00:00+05:30,242.21,29.58
2023-05-02 18:00:00+05:30,113.28,27.92
2023-05-02 19:00:00+05:30,0.0,26.39
2023-05-02 20:00:00+05:30,0.0,25.15
2023-05-02 21:00:00+05:30,0.0,23.95
2023-05-02 22:00:00+05:30,0.0,22.86
2023-05-02 23:00:00+05:30,0.0,21.4
2023-05-03 00:00:00+05:30,0.0,20.8
2023-05-03 01:00:00+05:30,0.0,21.33
2023-05-03 02:00:00+05:30,0.0,21.03
2023-05-03 03:00:00+05:30,0.0,20.65
2023-05-03 04:00:00+05:30,0.0,20.35
2023-05-03 05:00:00+05:30,0.0,19.88
2023-05-03 06:00:00+05:30,11.9,19.68
2023-05-03 07:00:00+05:30,192.96,19.81
2023-05-03 08:00:00+05:30,362.81,21.84
2023-05-03 09:00:00+05:30,565.17,23.78
2023-05-03 10:00:00+05:30,711.6,25.83
2023-05-03 11:00:00+05:30,817.07,27.64
2023-05-03 12:00:00+05:30,880.75,29.19
2023-05-03 13:00:00+05:30,829.62,30.07
2023-05-03 14:00:00+05:30,667.81,30.65
2023-05-03 15:00:00+05:30,554.25,28.55
2023-05-03 16:00:00+05:30,426.85,26.25
2023-05-03 17:00:00+05:30,259.92,26.72
2023-05-03 18:00:00+05:30,133.79,26.66
2023-05-03 19:00:00+05:30,0.0,26.35
2023-05-03 20:00:00+05:30,0.0,25.32
2023-05-03 21:00:00+05:30,0.0,24.09
2023-05-03 22:00:00+05:30,0.0,23.26
2023-05-03 23:00:00+05:30,0.0,22.38
2023-05-04 00:00:00+05:30,0.0,21.64
2023-05-04 01:00:00+05:30,0.0,21.48
2023-05-04 02:00:00+05:30,0.0,20.84
2023-05-04 03:00:00+05:30,0.0,20.27
2023-05-04 04:00:00+05:30,0.0,19.79
2023-05-04 05:00:00+05:30,0.0,19.39
2023-05-04 06:00:00+05:30,15.12,19.03
2023-05-04 07:00:00+05:30,197.81,19.17
2023-05-04 08:00:00+05:30,400.52,21.35
2023-05-04 09:00:00+05:30,582.75,23.86
2023-05-04 10:00:00+05:30,670.72,25.97
2023-05-04 11:00:00+05:30,728.11,27.28
2023-05-04 12:00:00+05:30,811.15,28.19
2023-05-04 13:00:00+05:30,726.41,29.42
2023-05-04 14:00:00+05:30,598.99,29.78
2023-05-04 15:00:00+05:30,576.96,29.89
2023-05-04 16:00:00+05:30,478.59,30.09
2023-05-04 17:00:00+05:30,297.45,30.08
2023-05-04 18:00:00+05:30,128.98,29.7
2023-05-04 19:00:00+05:30,0.0,28.97
2023-05-04 20:00:00+05:30,0.0,27.56
2023-05-04 21:00:00+05:30,0.0,25.52
2023-05-04 22:00:00+05:30,0.0,24.28
2023-05-04 23:00:00+05:30,0.0,23.28
2023-05-05 00:00:00+05:30,0.0,22.72
2023-05-05 01:00:00+05:30,0.0,22.86
2023-05-05 02:00:00+05:30,0.0,22.38
2023-05-05 03:00:00+05:30,0.0,21.94
2023-05-05 04:00:00+05:30,0.0,21.48
2023-05-05 05:00:00+05:30,0.0,20.99
2023-05-05 06:00:00+05:30,15.76,20.52
2023-05-05 07:00:00+05:30,214.43,20.42
2023-05-05 08:00:00+05:30,410.71,23.58
2023-05-05 09:00:00+05:30,588.74,26.49
2023-05-05 10:00:00+05:30,732.34,28.72
2023-05-05 11:00:00+05:30,759.57,30.27
2023-05-05 12:00:00+05:30,717.77,31.06
2023-05-05 13:00:00+05:30,613.98,31.86
2023-05-05 14:00:00+05:30,632.39,31.93
2023-05-05 15:00:00+05:30,647.85,32.23
2023-05-05 16:00:00+05:30,428.02,32.47
2023-05-05 17:00:00+05:30,277.4,32.21
2023-05-05 18:00:00+05:30,111.83,31.04
2023-05-05 19:00:00+05:30,0.0,29.72
2023-05-05 20:00:00+05:30,0.0,28.38
2023-05-05 21:00:00+05:30,0.0,26.93
2023-05-05 22:00:00+05:30,0.0,25.96
2023-05-05 23:00:00+05:30,0.0,24.96
2023-05-06 00:00:00+05:30,0.0,24.86
2023-05-06 01:00:00+05:30,0.0,24.66
2023-05-06 02:00:00+05:30,0.0,25.87
2023-05-06 03:00:00+05:30,0.0,26.32
2023-05-06 04:00:00+05:30,0.0,25.71
2023-05-06 05:00:00+05:30,0.0,21.9
2023-05-06 06:00:00+05:30,50.04,20.68
2023-05-06 07:00:00+05:30,214.83,20.42
2023-05-06 08:00:00+05:30,410.33,24.35
2023-05-06 09:00:00+05:30,588.15,28.15
2023-05-06 10:00:00+05:30,731.37,30.16
2023-05-06 11:00:00+05:30,831.89,31.74
2023-05-06 12:00:00+05:30,851.58,33.1
2023-05-06 13:00:00+05:30,812.46,34.66
2023-05-06 14:00:00+05:30,717.55,35.23
2023-05-06 15:00:00+05:30,648.38,35.48
2023-05-06 16:00:00+05:30,420.87,35.72
2023-05-06 17:00:00+05:30,255.22,35.24
2023-05-06 18:00:00+05:30,134.11,34.16
2023-05-06 19:00:00+05:30,0.0,32.66
2023-05-06 20:00:00+05:30,0.0,30.16
2023-05-06 21:00:00+05:30,0.0,28.02
2023-05-06 22:00:00+05:30,0.0,26.82
2023-05-06 23:00:00+05:30,0.0,26.12
2023-05-07 00:00:00+05:30,0.0,25.24
2023-05-07 01:00:00+05:30,0.0,24.6
2023-05-07 02:00:00+05:30,0.0,24.06
2023-05-07 03:00:00+05:30,0.0,25.32
2023-05-07 04:00:00+05:30,0.0,24.91
2023-05-07 05:00:00+05:30,0.0,24.5
2023-05-07 06:00:00+05:30,52.36,23.95
2023-05-07 07:00:00+05:30,221.64,21.78
2023-05-07 08:00:00+05:30,419.01,25.18
2023-05-07 09:00:00+05:30,598.04,28.72
2023-05-07 10:00:00+05:30,743.46,31.44
2023-05-07 11:00:00+05:30,843.78,33.62
2023-05-07 12:00:00+05:30,773.86,35.17
2023-05-07 13:00:00+05:30,742.11,36.0
2023-05-07 14:00:00+05:30,781.43,36.67
2023-05-07 15:00:00+05:30,655.19,37.16
2023-05-07 16:00:00+05:30,474.78,37.17
2023-05-07 17:00:00+05:30,333.54,36.63
2023-05-07 18:00:00+05:30,146.77,35.68
2023-05-07 19:00:00+05:30,0.0,33.56
2023-05-07 20:00:00+05:30,0.0,30.91
2023-05-07 21:00:00+05:30,0.0,29.04
2023-05-07 22:00:00+05:30,0.0,27.39
2023-05-07 23:00:00+05:30,0.0,26.72
2023-05-08 00:00:00+05:30,0.0,25.1
2023-05-08 01:00:00+05:30,0.0,24.72
2023-05-08 02:00:00+05:30,0.0,24.07
2023-05-08 03:00:00+05:30,0.0,23.88
2023-05-08 04:00:00+05:30,0.0,24.02
2023-05-08 05:00:00+05:30,0.0,24.04
2023-05-08 06:00:00+05:30,45.65,23.63
2023-05-08 07:00:00+05:30,207.83,23.45
2023-05-08 08:00:00+05:30,424.65,25.55
2023-05-08 09:00:00+05:30,605.63,28.6
2023-05-08 10:00:00+05:30,758.97,31.45
2023-05-08 11:00:00+05:30,863.57,34.09
2023-05-08 12:00:00+05:30,922.13,35.99
2023-05-08 13:00:00+05:30,894.03,37.11
2023-05-08 14:00:00+05:30,851.42,37.57
2023-05-08 15:00:00+05:30,734.29,37.76
2023-05-08 16:00:00+05:30,574.65,37.72
2023-05-08 17:00:00+05:30,383.87,37.39
2023-05-08 18:00:00+05:30,179.58,36.23
2023-05-08 19:00:00+05:30,0.0,33.67
2023-05-08 20:00:00+05:30,0.0,30.87
2023-05-08 21:00:00+05:30,0.0,29.15
2023-05-08 22:00:00+05:30,0.0,28.0
2023-05-08 23:00:00+05:30,0.0,26.97
2023-05-09 00:00:00+05:30,0.0,26.03
2023-05-09 01:00:00+05:30,0.0,26.31
2023-05-09 02:00:00+05:30,0.0,26.39
2023-05-09 03:00:00+05:30,0.0,25.82
2023-05-09 04:00:00+05:30,0.0,24.99
2023-05-09 05:00:00+05:30,0.0,23.98
2023-05-09 06:00:00+05:30,59.8,22.83
2023-05-09 07:00:00+05:30,244.77,22.16
2023-05-09 08:00:00+05:30,452.17,24.92
2023-05-09 09:00:00+05:30,637.75,29.73
2023-05-09 10:00:00+05:30,786.69,32.7
2023-05-09 11:00:00+05:30,887.84,34.57
2023-05-09 12:00:00+05:30,935.59,36.02
2023-05-09 13:00:00+05:30,924.13,36.89
2023-05-09 14:00:00+05:30,856.42,37.48
2023-05-09 15:00:00+05:30,737.68,37.8
2023-05-09 16:00:00+05:30,576.75,37.87
2023-05-09 17:00:00+05:30,385.81,37.59
2023-05-09 18:00:00+05:30,181.83,36.71
2023-05-09 19:00:00+05:30,0.0,34.6
2023-05-09 20:00:00+05:30,0.0,31.41
2023-05-09 21:00:00+05:30,0.0,28.59
2023-05-09 22:00:00+05:30,0.0,27.1
2023-05-09 23:00:00+05:30,0.0,26.22
2023-05-10 00:00:00+05:30,0.0,25.81
2023-05-10 01:00:00+05:30,0.0,25.76
2023-05-10 02:00:00+05:30,0.0,25.15
2023-05-10 03:00:00+05:30,0.0,24.27
2023-05-10 04:00:00+05:30,0.0,23.35
2023-05-10 05:00:00+05:30,0.0,22.35
2023-05-10 06:00:00+05:30,60.33,21.28
2023-05-10 07:00:00+05:30,244.12,20.75
2023-05-10 08:00:00+05:30,448.7,24.17
2023-05-10 09:00:00+05:30,631.33,28.65
2023-05-10 10:00:00+05:30,777.83,31.47
2023-05-10 11:00:00+05:30,877.73,33.3
2023-05-10 12:00:00+05:30,924.97,34.89
2023-05-10 13:00:00+05:30,914.57,36.87
2023-05-10 14:00:00+05:30,848.68,37.85
2023-05-10 15:00:00+05:30,732.2,38.47
2023-05-10 16:00:00+05:30,573.69,38.58
2023-05-10 17:00:00+05:30,384.88,38.24
2023-05-10 18:00:00+05:30,182.44,37.32
2023-05-10 19:00:00+05:30,8.83,34.97
2023-05-10 20:00:00+05:30,0.0,31.71
2023-05-10 21:00:00+05:30,0.0,29.28
2023-05-10 22:00:00+05:30,0.0,27.45
2023-05-10 23:00:00+05:30,0.0,26.17
2023-05-11 00:00:00+05:30,0.0,25.28
2023-05-11 01:00:00+05:30,0.0,25.44
2023-05-11 02:00:00+05:30,0.0,25.02
2023-05-11 03:00:00+05:30,0.0,24.33
2023-05-11 04:00:00+05:30,0.0,23.52
2023-05-11 05:00:00+05:30,0.0,22.64
2023-05-11 06:00:00+05:30,60.71,21.76
2023-05-11 07:00:00+05:30,243.85,21.28
2023-05-11 08:00:00+05:30,447.36,25.27
2023-05-11 09:00:00+05:30,630.23,30.39
2023-05-11 10:00:00+05:30,778.04,33.42
2023-05-11 11:00:00+05:30,879.66,35.2
2023-05-11 12:00:00+05:30,925.53,36.57
2023-05-11 13:00:00+05:30,915.39,38.33
2023-05-11 14:00:00+05:30,849.77,39.15
2023-05-11 15:00:00+05:30,733.46,39.57
2023-05-11 16:00:00+05:30,574.77,39.67
2023-05-11 17:00:00+05:30,385.78,39.46
2023-05-11 18:00:00+05:30,183.4,38.7
2023-05-11 19:00:00+05:30,9.02,37.02
2023-05-11 20:00:00+05:30,0.0,34.0
2023-05-11 21:00:00+05:30,0.0,30.85
2023-05-11 22:00:00+05:30,0.0,28.77
2023-05-11 23:00:00+05:30,0.0,27.68
2023-05-12 00:00:00+05:30,0.0,26.85
2023-05-12 01:00:00+05:30,0.0,25.92
2023-05-12 02:00:00+05:30,0.0,25.2
2023-05-12 03:00:00+05:30,0.0,24.44
2023-05-12 04:00:00+05:30,0.0,23.44
2023-05-12 05:00:00+05:30,0.0,22.52
2023-05-12 06:00:00+05:30,60.5,21.81
2023-05-12 07:00:00+05:30,242.21,21.78
2023-05-12 08:00:00+05:30,443.6,25.85
2023-05-12 09:00:00+05:30,624.59,30.07
2023-05-12 10:00:00+05:30,770.7,33.36
2023-05-12 11:00:00+05:30,870.86,36.11
2023-05-12 12:00:00+05:30,917.61,38.14
2023-05-12 13:00:00+05:30,907.61,40.48
2023-05-12 14:00:00+05:30,814.07,41.31
2023-05-12 15:00:00+05:30,706.53,41.68
2023-05-12 16:00:00+05:30,553.88,41.74
2023-05-12 17:00:00+05:30,370.28,41.38
2023-05-12 18:00:00+05:30,179.4,40.36
2023-05-12 19:00:00+05:30,9.07,38.09
2023-05-12 20:00:00+05:30,0.0,35.38
2023-05-12 21:00:00+05:30,0.0,32.94
2023-05-12 22:00:00+05:30,0.0,31.0
2023-05-12 23:00:00+05:30,0.0,29.14
2023-05-13 00:00:00+05:30,0.0,27.72
2023-05-13 01:00:00+05:30,0.0,28.02
2023-05-13 02:00:00+05:30,0.0,27.33
2023-05-13 03:00:00+05:30,0.0,26.46
2023-05-13 04:00:00+05:30,0.0,25.42
2023-05-13 05:00:00+05:30,0.0,24.83
2023-05-13 06:00:00+05:30,61.27,24.71
2023-05-13 07:00:00+05:30,243.42,25.42
2023-05-13 08:00:00+05:30,444.16,29.09
2023-05-13 09:00:00+05:30,623.98,33.63
2023-05-13 10:00:00+05:30,768.62,36.68
2023-05-13 11:00:00+05:30,868.54,39.11
2023-05-13 12:00:00+05:30,842.76,41.1
2023-05-13 13:00:00+05:30,869.24,42.34
2023-05-13 14:00:00+05:30,785.33,42.65
2023-05-13 15:00:00+05:30,716.46,42.53
2023-05-13 16:00:00+05:30,545.35,42.42
2023-05-13 17:00:00+05:30,368.59,41.97
2023-05-13 18:00:00+05:30,174.74,41.07
2023-05-13 19:00:00+05:30,9.37,38.7
2023-05-13 20:00:00+05:30,0.0,35.49
2023-05-13 21:00:00+05:30,0.0,33.64
2023-05-13 22:00:00+05:30,0.0,32.44
2023-05-13 23:00:00+05:30,0.0,31.0
2023-05-14 00:00:00+05:30,0.0,27.61
2023-05-14 01:00:00+05:30,0.0,27.51
2023-05-14 02:00:00+05:30,0.0,27.61
2023-05-14 03:00:00+05:30,0.0,27.94
2023-05-14 04:00:00+05:30,0.0,28.51
2023-05-14 05:00:00+05:30,0.0,28.33
2023-05-14 06:00:00+05:30,58.67,27.71
2023-05-14 07:00:00+05:30,220.76,27.27
2023-05-14 08:00:00+05:30,433.68,29.39
2023-05-14 09:00:00+05:30,612.38,32.8
2023-05-14 10:00:00+05:30,761.31,35.94
2023-05-14 11:00:00+05:30,845.73,38.62
2023-05-14 12:00:00+05:30,873.24,40.53
2023-05-14 13:00:00+05:30,879.19,41.27
2023-05-14 14:00:00+05:30,749.64,41.74
2023-05-14 15:00:00+05:30,579.47,40.73
2023-05-14 16:00:00+05:30,487.87,40.48
2023-05-14 17:00:00+05:30,256.64,40.54
2023-05-14 18:00:00+05:30,128.35,38.82
2023-05-14 19:00:00+05:30,9.71,36.88
2023-05-14 20:00:00+05:30,0.0,33.62
2023-05-14 21:00:00+05:30,0.0,31.86
2023-05-14 22:00:00+05:30,0.0,30.84
2023-05-14 23:00:00+05:30,0.0,29.87
2023-05-15 00:00:00+05:30,0.0,28.25
2023-05-15 01:00:00+05:30,0.0,27.69
2023-05-15 02:00:00+05:30,0.0,27.64
2023-05-15 03:00:00+05:30,0.0,27.29
2023-05-15 04:00:00+05:30,0.0,26.71
2023-05-15 05:00:00+05:30,0.0,26.51
2023-05-15 06:00:00+05:30,59.58,26.78
2023-05-15 07:00:00+05:30,237.11,27.29
2023-05-15 08:00:00+05:30,428.45,29.53
2023-05-15 09:00:00+05:30,601.2,31.89
2023-05-15 10:00:00+05:30,759.31,34.09
2023-05-15 11:00:00+05:30,865.76,36.35
2023-05-15 12:00:00+05:30,883.76,38.41
2023-05-15 13:00:00+05:30,891.76,40.26
2023-05-15 14:00:00+05:30,828.43,40.76
2023-05-15 15:00:00+05:30,726.08,40.99
2023-05-15 16:00:00+05:30,576.56,40.95
2023-05-15 17:00:00+05:30,382.33,40.59
2023-05-15 18:00:00+05:30,177.46,39.45
2023-05-15 19:00:00+05:30,10.15,37.09
2023-05-15 20:00:00+05:30,0.0,34.66
2023-05-15 21:00:00+05:30,0.0,33.6
2023-05-15 22:00:00+05:30,0.0,32.81
2023-05-15 23:00:00+05:30,0.0,31.94
2023-05-16 00:00:00+05:30,0.0,31.17
2023-05-16 01:00:00+05:30,0.0,29.75
2023-05-16 02:00:00+05:30,0.0,28.91
2023-05-16 03:00:00+05:30,0.0,28.49
2023-05-16 04:00:00+05:30,0.0,28.35
2023-05-16 05:00:00+05:30,0.0,28.17
2023-05-16 06:00:00+05:30,59.02,27.89
2023-05-16 07:00:00+05:30,229.29,28.16
2023-05-16 08:00:00+05:30,393.26,29.83
2023-05-16 09:00:00+05:30,592.76,31.37
2023-05-16 10:00:00+05:30,736.8,33.3
2023-05-16 11:00:00+05:30,838.79,35.15
2023-05-16 12:00:00+05:30,864.54,36.55
2023-05-16 13:00:00+05:30,813.35,38.46
2023-05-16 14:00:00+05:30,738.82,39.0
2023-05-16 15:00:00+05:30,606.45,39.0
2023-05-16 16:00:00+05:30,436.75,38.66
2023-05-16 17:00:00+05:30,248.51,38.21
2023-05-16 18:00:00+05:30,152.77,37.27
2023-05-16 19:00:00+05:30,7.46,35.76
2023-05-16 20:00:00+05:30,0.0,33.62
2023-05-16 21:00:00+05:30,0.0,32.6
2023-05-16 22:00:00+05:30,0.0,31.7
2023-05-16 23:00:00+05:30,0.0,31.21
2023-05-17 00:00:00+05:30,0.0,30.15
2023-05-17 01:00:00+05:30,0.0,28.77
2023-05-17 02:00:00+05:30,0.0,28.17
2023-05-17 03:00:00+05:30,0.0,27.7
2023-05-17 04:00:00+05:30,0.0,27.29
2023-05-17 05:00:00+05:30,0.0,26.87
2023-05-17 06:00:00+05:30,61.98,26.53
2023-05-17 07:00:00+05:30,240.68,26.87
2023-05-17 08:00:00+05:30,436.26,29.31
2023-05-17 09:00:00+05:30,612.01,31.88
2023-05-17 10:00:00+05:30,753.97,34.2
2023-05-17 11:00:00+05:30,826.14,36.29
2023-05-17 12:00:00+05:30,892.85,37.8
2023-05-17 13:00:00+05:30,735.86,38.86
2023-05-17 14:00:00+05:30,688.09,38.97
2023-05-17 15:00:00+05:30,638.93,39.1
2023-05-17 16:00:00+05:30,476.97,39.16
2023-05-17 17:00:00+05:30,343.39,38.85
2023-05-17 18:00:00+05:30,128.58,38.31
2023-05-17 19:00:00+05:30,7.27,36.93
2023-05-17 20:00:00+05:30,0.0,34.59
2023-05-17 21:00:00+05:30,0.0,32.89
2023-05-17 22:00:00+05:30,0.0,31.76
2023-05-17 23:00:00+05:30,0.0,30.68
2023-05-18 00:00:00+05:30,0.0,30.13
2023-05-18 01:00:00+05:30,0.0,30.18
2023-05-18 02:00:00+05:30,0.0,29.47
2023-05-18 03:00:00+05:30,0.0,28.66
2023-05-18 04:00:00+05:30,0.0,27.84
2023-05-18 05:00:00+05:30,0.0,27.19
2023-05-18 06:00:00+05:30,60.0,26.33
2023-05-18 07:00:00+05:30,235.99,26.12
2023-05-18 08:00:00+05:30,431.8,29.24
2023-05-18 09:00:00+05:30,601.66,32.11
2023-05-18 10:00:00+05:30,749.71,33.79
2023-05-18 11:00:00+05:30,846.82,35.43
2023-05-18 12:00:00+05:30,898.58,37.07
2023-05-18 13:00:00+05:30,892.55,35.78
2023-05-18 14:00:00+05:30,807.47,36.87
2023-05-18 15:00:00+05:30,660.72,37.5
2023-05-18 16:00:00+05:30,467.35,37.68
2023-05-18 17:00:00+05:30,264.53,37.78
2023-05-18 18:00:00+05:30,123.9,36.56
2023-05-18 19:00:00+05:30,9.07,35.12
2023-05-18 20:00:00+05:30,0.0,32.94
2023-05-18 21:00:00+05:30,0.0,30.98
2023-05-18 22:00:00+05:30,0.0,29.72
2023-05-18 23:00:00+05:30,0.0,28.91
2023-05-19 00:00:00+05:30,0.0,28.32
2023-05-19 01:00:00+05:30,0.0,26.59
2023-05-19 02:00:00+05:30,0.0,25.77
2023-05-19 03:00:00+05:30,0.0,25.05
2023-05-19 04:00:00+05:30,0.0,24.57
2023-05-19 05:00:00+05:30,0.0,24.26
2023-05-19 06:00:00+05:30,64.86,23.83
2023-05-19 07:00:00+05:30,248.54,23.69
2023-05-19 08:00:00+05:30,447.47,27.04
2023-05-19 09:00:00+05:30,625.39,30.39
2023-05-19 10:00:00+05:30,767.46,33.05
2023-05-19 11:00:00+05:30,864.63,34.97
2023-05-19 12:00:00+05:30,904.12,36.48
2023-05-19 13:00:00+05:30,903.54,38.13
2023-05-19 14:00:00+05:30,841.16,38.73
2023-05-19 15:00:00+05:30,727.31,39.05
2023-05-19 16:00:00+05:30,568.66,39.1
2023-05-19 17:00:00+05:30,386.02,38.84
2023-05-19 18:00:00+05:30,189.64,38.18
2023-05-19 19:00:00+05:30,11.32,36.43
2023-05-19 20:00:00+05:30,0.0,34.13
2023-05-19 21:00:00+05:30,0.0,32.11
2023-05-19 22:00:00+05:30,0.0,30.69
2023-05-19 23:00:00+05:30,0.0,29.64
2023-05-20 00:00:00+05:30,0.0,28.75
2023-05-20 01:00:00+05:30,0.0,27.74
2023-05-20 02:00:00+05:30,0.0,27.43
2023-05-20 03:00:00+05:30,0.0,26.89
2023-05-20 04:00:00+05:30,0.0,25.88
2023-05-20 05:00:00+05:30,0.0,25.4
2023-05-20 06:00:00+05:30,64.95,23.69
2023-05-20 07:00:00+05:30,247.97,23.6
2023-05-20 08:00:00+05:30,446.14,27.69
2023-05-20 09:00:00+05:30,624.91,31.59
2023-05-20 10:00:00+05:30,770.1,34.35
2023-05-20 11:00:00+05:30,870.66,36.44
2023-05-20 12:00:00+05:30,873.68,38.16
2023-05-20 13:00:00+05:30,851.55,39.52
2023-05-20 14:00:00+05:30,841.0,40.22
2023-05-20 15:00:00+05:30,729.71,40.6
2023-05-20 16:00:00+05:30,565.47,40.71
2023-05-20 17:00:00+05:30,394.89,40.49
2023-05-20 18:00:00+05:30,191.05,39.85
2023-05-20 19:00:00+05:30,11.71,38.08
2023-05-20 20:00:00+05:30,0.0,35.87
2023-05-20 21:00:00+05:30,0.0,33.43
2023-05-20 22:00:00+05:30,0.0,31.81
2023-05-20 23:00:00+05:30,0.0,31.5
2023-05-21 00:00:00+05:30,0.0,31.2
2023-05-21 01:00:00+05:30,0.0,31.45
2023-05-21 02:00:00+05:30,0.0,30.86
2023-05-21 03:00:00+05:30,0.0,30.48
2023-05-21 04:00:00+05:30,0.0,30.24
2023-05-21 05:00:00+05:30,0.0,30.1
2023-05-21 06:00:00+05:30,64.04,29.71
2023-05-21 07:00:00+05:30,247.16,29.63
2023-05-21 08:00:00+05:30,443.02,31.23
2023-05-21 09:00:00+05:30,619.1,33.43
2023-05-21 10:00:00+05:30,760.58,35.66
2023-05-21 11:00:00+05:30,857.41,37.85
2023-05-21 12:00:00+05:30,820.03,39.69
2023-05-21 13:00:00+05:30,863.32,41.04
2023-05-21 14:00:00+05:30,772.06,41.81
2023-05-21 15:00:00+05:30,680.53,42.04
2023-05-21 16:00:00+05:30,551.94,42.05
2023-05-21 17:00:00+05:30,345.82,41.8
2023-05-21 18:00:00+05:30,141.05,41.09
2023-05-21 19:00:00+05:30,11.03,39.06
2023-05-21 20:00:00+05:30,0.0,36.56
2023-05-21 21:00:00+05:30,0.0,34.74
2023-05-21 22:00:00+05:30,0.0,33.08
2023-05-21 23:00:00+05:30,0.0,32.39
2023-05-22 00:00:00+05:30,0.0,31.88
2023-05-22 01:00:00+05:30,0.0,31.94
2023-05-22 02:00:00+05:30,0.0,31.28
2023-05-22 03:00:00+05:30,0.0,30.69
2023-05-22 04:00:00+05:30,0.0,30.27
2023-05-22 05:00:00+05:30,0.0,29.92
2023-05-22 06:00:00+05:30,64.55,29.34
2023-05-22 07:00:00+05:30,246.35,29.28
2023-05-22 08:00:00+05:30,442.04,30.84
2023-05-22 09:00:00+05:30,617.34,32.81
2023-05-22 10:00:00+05:30,758.45,34.97
2023-05-22 11:00:00+05:30,854.79,37.12
2023-05-22 12:00:00+05:30,897.83,38.91
2023-05-22 13:00:00+05:30,879.16,40.55
2023-05-22 14:00:00+05:30,814.21,41.37
2023-05-22 15:00:00+05:30,686.23,41.79
2023-05-22 16:00:00+05:30,475.95,41.85
2023-05-22 17:00:00+05:30,311.42,41.31
2023-05-22 18:00:00+05:30,119.96,40.45
2023-05-22 19:00:00+05:30,11.12,38.62
2023-05-22 20:00:00+05:30,0.0,36.54
2023-05-22 21:00:00+05:30,0.0,34.7
2023-05-22 22:00:00+05:30,0.0,33.32
2023-05-22 23:00:00+05:30,0.0,32.41
2023-05-23 00:00:00+05:30,0.0,31.98
2023-05-23 01:00:00+05:30,0.0,31.53
2023-05-23 02:00:00+05:30,0.0,30.92
2023-05-23 03:00:00+05:30,0.0,30.3
2023-05-23 04:00:00+05:30,0.0,29.77
2023-05-23 05:00:00+05:30,0.0,29.35
2023-05-23 06:00:00+05:30,64.38,28.93
2023-05-23 07:00:00+05:30,244.83,29.13
2023-05-23 08:00:00+05:30,439.03,31.0
2023-05-23 09:00:00+05:30,615.2,33.19
2023-05-23 10:00:00+05:30,753.49,35.39
2023-05-23 11:00:00+05:30,840.46,37.41
2023-05-23 12:00:00+05:30,889.14,39.06
2023-05-23 13:00:00+05:30,879.82,40.4
2023-05-23 14:00:00+05:30,814.98,41.07
2023-05-23 15:00:00+05:30,678.17,41.28
2023-05-23 16:00:00+05:30,501.18,41.26
2023-05-23 17:00:00+05:30,252.89,40.95
2023-05-23 18:00:00+05:30,109.92,39.43
2023-05-23 19:00:00+05:30,11.03,38.12
2023-05-23 20:00:00+05:30,0.0,36.12
2023-05-23 21:00:00+05:30,0.0,34.32
2023-05-23 22:00:00+05:30,0.0,33.05
2023-05-23 23:00:00+05:30,0.0,32.08
2023-05-24 00:00:00+05:30,0.0,31.24
2023-05-24 01:00:00+05:30,0.0,31.02
2023-05-24 02:00:00+05:30,0.0,30.25
2023-05-24 03:00:00+05:30,0.0,29.42
2023-05-24 04:00:00+05:30,0.0,28.72
2023-05-24 05:00:00+05:30,0.0,28.2
2023-05-24 06:00:00+05:30,60.59,27.81
2023-05-24 07:00:00+05:30,240.7,28.37
2023-05-24 08:00:00+05:30,433.02,30.79
2023-05-24 09:00:00+05:30,604.76,32.9
2023-05-24 10:00:00+05:30,742.26,34.79
2023-05-24 11:00:00+05:30,821.68,36.39
2023-05-24 12:00:00+05:30,336.84,37.4
2023-05-24 13:00:00+05:30,214.48,30.05
2023-05-24 14:00:00+05:30,379.77,30.21
2023-05-24 15:00:00+05:30,403.45,32.35
2023-05-24 16:00:00+05:30,438.15,32.72
2023-05-24 17:00:00+05:30,323.74,33.5
2023-05-24 18:00:00+05:30,162.54,33.47
2023-05-24 19:00:00+05:30,12.78,33.21
2023-05-24 20:00:00+05:30,0.0,32.0
2023-05-24 21:00:00+05:30,0.0,30.49
2023-05-24 22:00:00+05:30,0.0,27.35
2023-05-24 23:00:00+05:30,0.0,24.85
2023-05-25 00:00:00+05:30,0.0,25.09
2023-05-25 01:00:00+05:30,0.0,22.55
2023-05-25 02:00:00+05:30,0.0,22.48
2023-05-25 03:00:00+05:30,0.0,22.46
2023-05-25 04:00:00+05:30,0.0,22.33
2023-05-25 05:00:00+05:30,0.0,22.58
2023-05-25 06:00:00+05:30,53.24,22.86
2023-05-25 07:00:00+05:30,224.42,23.48
2023-05-25 08:00:00+05:30,382.15,25.52
2023-05-25 09:00:00+05:30,539.38,27.8
2023-05-25 10:00:00+05:30,552.08,28.6
2023-05-25 11:00:00+05:30,637.58,28.52
2023-05-25 12:00:00+05:30,771.08,29.22
2023-05-25 13:00:00+05:30,785.06,32.66
2023-05-25 14:00:00+05:30,728.95,33.8
2023-05-25 15:00:00+05:30,592.04,34.58
2023-05-25 16:00:00+05:30,500.39,34.88
2023-05-25 17:00:00+05:30,306.83,35.11
2023-05-25 18:00:00+05:30,130.85,34.15
2023-05-25 19:00:00+05:30,11.27,31.61
2023-05-25 20:00:00+05:30,0.0,29.44
2023-05-25 21:00:00+05:30,0.0,28.37
2023-05-25 22:00:00+05:30,0.0,27.63
2023-05-25 23:00:00+05:30,0.0,26.76
2023-05-26 00:00:00+05:30,0.0,25.36
2023-05-26 01:00:00+05:30,0.0,24.59
2023-05-26 02:00:00+05:30,0.0,24.37
2023-05-26 03:00:00+05:30,0.0,24.06
2023-05-26 04:00:00+05:30,0.0,23.69
2023-05-26 05:00:00+05:30,0.0,23.17
2023-05-26 06:00:00+05:30,43.06,22.86
2023-05-26 07:00:00+05:30,174.66,23.55
2023-05-26 08:00:00+05:30,387.67,24.9
2023-05-26 09:00:00+05:30,584.15,26.88
2023-05-26 10:00:00+05:30,730.51,29.08
2023-05-26 11:00:00+05:30,810.5,31.22
2023-05-26 12:00:00+05:30,866.3,32.71
2023-05-26 13:00:00+05:30,783.97,31.61
2023-05-26 14:00:00+05:30,755.86,32.76
2023-05-26 15:00:00+05:30,698.85,33.66
2023-05-26 16:00:00+05:30,544.36,34.25
2023-05-26 17:00:00+05:30,366.35,34.43
2023-05-26 18:00:00+05:30,180.98,34.25
2023-05-26 19:00:00+05:30,11.76,33.43
2023-05-26 20:00:00+05:30,0.0,31.64
2023-05-26 21:00:00+05:30,0.0,28.82
2023-05-26 22:00:00+05:30,0.0,25.74
2023-05-26 23:00:00+05:30,0.0,24.76
2023-05-27 00:00:00+05:30,0.0,24.21
2023-05-27 01:00:00+05:30,0.0,25.49
2023-05-27 02:00:00+05:30,0.0,25.5
2023-05-27 03:00:00+05:30,0.0,24.73
2023-05-27 04:00:00+05:30,0.0,24.47
2023-05-27 05:00:00+05:30,0.0,24.28
2023-05-27 06:00:00+05:30,59.02,24.06
2023-05-27 07:00:00+05:30,234.34,24.64
2023-05-27 08:00:00+05:30,429.06,27.23
2023-05-27 09:00:00+05:30,601.4,29.33
2023-05-27 10:00:00+05:30,713.15,30.51
2023-05-27 11:00:00+05:30,734.14,31.89
2023-05-27 12:00:00+05:30,775.31,32.54
2023-05-27 13:00:00+05:30,776.09,33.49
2023-05-27 14:00:00+05:30,763.56,34.54
2023-05-27 15:00:00+05:30,659.68,35.34
2023-05-27 16:00:00+05:30,532.97,35.69
2023-05-27 17:00:00+05:30,352.93,35.76
2023-05-27 18:00:00+05:30,128.94,35.18
2023-05-27 19:00:00+05:30,10.15,33.24
2023-05-27 20:00:00+05:30,0.0,31.15
2023-05-27 21:00:00+05:30,0.0,29.73
2023-05-27 22:00:00+05:30,0.0,28.72
2023-05-27 23:00:00+05:30,0.0,27.72
2023-05-28 00:00:00+05:30,0.0,26.71
2023-05-28 01:00:00+05:30,0.0,26.92
2023-05-28 02:00:00+05:30,0.0,26.56
2023-05-28 03:00:00+05:30,0.0,26.16
2023-05-28 04:00:00+05:30,0.0,25.78
2023-05-28 05:00:00+05:30,0.0,25.45
2023-05-28 06:00:00+05:30,51.71,25.15
2023-05-28 07:00:00+05:30,192.52,25.52
2023-05-28 08:00:00+05:30,416.97,26.9
2023-05-28 09:00:00+05:30,583.48,29.02
2023-05-28 10:00:00+05:30,716.06,31.03
2023-05-28 11:00:00+05:30,812.15,32.7
2023-05-28 12:00:00+05:30,828.23,33.91
2023-05-28 13:00:00+05:30,761.1,33.44
2023-05-28 14:00:00+05:30,579.67,33.84
2023-05-28 15:00:00+05:30,539.51,33.67
2023-05-28 16:00:00+05:30,334.72,33.69
2023-05-28 17:00:00+05:30,215.16,32.27
2023-05-28 18:00:00+05:30,72.09,32.01
2023-05-28 19:00:00+05:30,11.9,31.21
2023-05-28 20:00:00+05:30,0.0,30.15
2023-05-28 21:00:00+05:30,0.0,29.26
2023-05-28 22:00:00+05:30,0.0,28.62
2023-05-28 23:00:00+05:30,0.0,27.79
2023-05-29 00:00:00+05:30,0.0,26.06
2023-05-29 01:00:00+05:30,0.0,25.74
2023-05-29 02:00:00+05:30,0.0,25.26
2023-05-29 03:00:00+05:30,0.0,24.83
2023-05-29 04:00:00+05:30,0.0,24.17
2023-05-29 05:00:00+05:30,0.0,23.73
2023-05-29 06:00:00+05:30,13.07,23.49
2023-05-29 07:00:00+05:30,72.8,23.54
2023-05-29 08:00:00+05:30,100.86,23.96
2023-05-29 09:00:00+05:30,287.41,24.52
2023-05-29 10:00:00+05:30,460.61,26.02
2023-05-29 11:00:00+05:30,489.1,28.15
2023-05-29 12:00:00+05:30,491.44,29.45
2023-05-29 13:00:00+05:30,484.79,29.79
2023-05-29 14:00:00+05:30,513.52,30.25
2023-05-29 15:00:00+05:30,519.68,30.66
2023-05-29 16:00:00+05:30,420.24,31.04
2023-05-29 17:00:00+05:30,272.57,30.93
2023-05-29 18:00:00+05:30,134.33,30.14
2023-05-29 19:00:00+05:30,12.63,28.78
2023-05-29 20:00:00+05:30,0.0,27.56
2023-05-29 21:00:00+05:30,0.0,26.22
2023-05-29 22:00:00+05:30,0.0,25.5
2023-05-29 23:00:00+05:30,0.0,25.12
2023-05-30 00:00:00+05:30,0.0,24.51
2023-05-30 01:00:00+05:30,0.0,24.72
2023-05-30 02:00:00+05:30,0.0,24.22
2023-05-30 03:00:00+05:30,0.0,23.88
2023-05-30 04:00:00+05:30,0.0,23.22
2023-05-30 05:00:00+05:30,0.0,22.68
2023-05-30 06:00:00+05:30,60.79,22.23
2023-05-30 07:00:00+05:30,236.08,22.49
2023-05-30 08:00:00+05:30,427.79,25.54
2023-05-30 09:00:00+05:30,600.66,27.72
2023-05-30 10:00:00+05:30,740.8,29.51
2023-05-30 11:00:00+05:30,831.61,31.05
2023-05-30 12:00:00+05:30,836.6,32.28
2023-05-30 13:00:00+05:30,782.26,32.69
2023-05-30 14:00:00+05:30,743.99,33.35
2023-05-30 15:00:00+05:30,621.01,33.69
2023-05-30 16:00:00+05:30,479.17,33.76
2023-05-30 17:00:00+05:30,322.55,33.51
2023-05-30 18:00:00+05:30,139.02,32.84
2023-05-30 19:00:00+05:30,11.95,31.3
2023-05-30 20:00:00+05:30,0.0,28.31
2023-05-30 21:00:00+05:30,0.0,23.99
2023-05-30 22:00:00+05:30,0.0,23.01
2023-05-30 23:00:00+05:30,0.0,22.95
2023-05-31 00:00:00+05:30,0.0,22.68
2023-05-31 01:00:00+05:30,0.0,23.42
2023-05-31 02:00:00+05:30,0.0,22.92
2023-05-31 03:00:00+05:30,0.0,22.5
2023-05-31 04:00:00+05:30,0.0,22.08
2023-05-31 05:00:00+05:30,0.0,21.67
2023-05-31 06:00:00+05:30,60.06,21.38
2023-05-31 07:00:00+05:30,233.51,21.86
2023-05-31 08:00:00+05:30,432.54,23.66
2023-05-31 09:00:00+05:30,606.01,25.59
2023-05-31 10:00:00+05:30,689.21,27.37
2023-05-31 11:00:00+05:30,776.31,28.84
2023-05-31 12:00:00+05:30,839.81,29.88
2023-05-31 13:00:00+05:30,815.64,30.41
2023-05-31 14:00:00+05:30,720.11,30.94
2023-05-31 15:00:00+05:30,616.74,31.05
2023-05-31 16:00:00+05:30,494.2,31.0
2023-05-31 17:00:00+05:30,339.84,30.55
2023-05-31 18:00:00+05:30,138.46,28.86
2023-05-31 19:00:00+05:30,31.96,27.98
2023-05-31 20:00:00+05:30,0.0,27.0
2023-05-31 21:00:00+05:30,0.0,25.99
2023-05-31 22:00:00+05:30,0.0,25.22
2023-05-31 23:00:00+05:30,0.0,24.54
2023-06-01 00:00:00+05:30,0.0,23.91
2023-06-01 01:00:00+05:30,0.0,23.74
2023-06-01 02:00:00+05:30,0.0,23.35
2023-06-01 03:00:00+05:30,0.0,22.94
2023-06-01 04:00:00+05:30,0.0,22.52
2023-06-01 05:00:00+05:30,0.0,22.18
2023-06-01 06:00:00+05:30,60.04,21.88
2023-06-01 07:00:00+05:30,231.03,22.41
2023-06-01 08:00:00+05:30,393.72,24.73
2023-06-01 09:00:00+05:30,537.65,26.99
2023-06-01 10:00:00+05:30,723.07,29.13
2023-06-01 11:00:00+05:30,833.72,31.12
2023-06-01 12:00:00+05:30,880.41,32.48
2023-06-01 13:00:00+05:30,877.25,32.4
2023-06-01 14:00:00+05:30,791.39,33.33
2023-06-01 15:00:00+05:30,671.66,33.82
2023-06-01 16:00:00+05:30,535.87,34.17
2023-06-01 17:00:00+05:30,324.57,34.05
2023-06-01 18:00:00+05:30,134.05,33.7
2023-06-01 19:00:00+05:30,32.07,31.75
2023-06-01 20:00:00+05:30,0.0,29.01
2023-06-01 21:00:00+05:30,0.0,25.76
2023-06-01 22:00:00+05:30,0.0,24.07
2023-06-01 23:00:00+05:30,0.0,23.57
2023-06-02 00:00:00+05:30,0.0,23.32
2023-06-02 01:00:00+05:30,0.0,23.71
2023-06-02 02:00:00+05:30,0.0,23.74
2023-06-02 03:00:00+05:30,0.0,22.74
2023-06-02 04:00:00+05:30,0.0,22.34
2023-06-02 05:00:00+05:30,0.0,22.77
2023-06-02 06:00:00+05:30,51.36,22.77
2023-06-02 07:00:00+05:30,195.33,23.26
2023-06-02 08:00:00+05:30,307.42,25.2
2023-06-02 09:00:00+05:30,514.53,25.54
2023-06-02 10:00:00+05:30,701.51,27.85
2023-06-02 11:00:00+05:30,813.34,29.94
2023-06-02 12:00:00+05:30,832.34,31.44
2023-06-02 13:00:00+05:30,747.85,33.76
2023-06-02 14:00:00+05:30,698.49,34.16
2023-06-02 15:00:00+05:30,601.3,34.53
2023-06-02 16:00:00+05:30,417.98,34.52
2023-06-02 17:00:00+05:30,284.34,31.86
2023-06-02 18:00:00+05:30,108.92,30.03
2023-06-02 19:00:00+05:30,21.45,27.43
2023-06-02 20:00:00+05:30,0.0,26.76
2023-06-02 21:00:00+05:30,0.0,26.14
2023-06-02 22:00:00+05:30,0.0,25.41
2023-06-02 23:00:00+05:30,0.0,25.02
2023-06-03 00:00:00+05:30,0.0,24.67
2023-06-03 01:00:00+05:30,0.0,24.95
2023-06-03 02:00:00+05:30,0.0,24.4
2023-06-03 03:00:00+05:30,0.0,24.0
2023-06-03 04:00:00+05:30,0.0,23.62
2023-06-03 05:00:00+05:30,0.0,23.15
2023-06-03 06:00:00+05:30,59.06,22.75
2023-06-03 07:00:00+05:30,230.52,23.48
2023-06-03 08:00:00+05:30,416.38,26.53
2023-06-03 09:00:00+05:30,585.7,28.83
2023-06-03 10:00:00+05:30,705.23,30.73
2023-06-03 11:00:00+05:30,581.15,32.18
2023-06-03 12:00:00+05:30,816.45,32.99
2023-06-03 13:00:00+05:30,819.38,34.98
2023-06-03 14:00:00+05:30,721.19,35.83
2023-06-03 15:00:00+05:30,665.65,36.18
2023-06-03 16:00:00+05:30,494.83,36.48
2023-06-03 17:00:00+05:30,345.28,36.32
2023-06-03 18:00:00+05:30,98.65,35.32
2023-06-03 19:00:00+05:30,16.89,31.28
2023-06-03 20:00:00+05:30,0.0,30.34
2023-06-03 21:00:00+05:30,0.0,29.3
2023-06-03 22:00:00+05:30,0.0,28.26
2023-06-03 23:00:00+05:30,0.0,27.33
2023-06-04 00:00:00+05:30,0.0,26.39
2023-06-04 01:00:00+05:30,0.0,26.36
2023-06-04 02:00:00+05:30,0.0,25.48
2023-06-04 03:00:00+05:30,0.0,24.83
2023-06-04 04:00:00+05:30,0.0,24.35
2023-06-04 05:00:00+05:30,0.0,24.0
2023-06-04 06:00:00+05:30,59.42,23.7
2023-06-04 07:00:00+05:30,221.18,24.09
2023-06-04 08:00:00+05:30,420.67,27.58
2023-06-04 09:00:00+05:30,592.72,30.41
2023-06-04 10:00:00+05:30,731.76,32.44
2023-06-04 11:00:00+05:30,825.42,34.03
2023-06-04 12:00:00+05:30,865.03,34.9
2023-06-04 13:00:00+05:30,867.5,34.09
2023-06-04 14:00:00+05:30,719.72,34.75
2023-06-04 15:00:00+05:30,633.07,34.91
2023-06-04 16:00:00+05:30,463.13,34.97
2023-06-04 17:00:00+05:30,287.25,34.25
2023-06-04 18:00:00+05:30,146.02,32.42
2023-06-04 19:00:00+05:30,29.6,30.76
2023-06-04 20:00:00+05:30,0.0,29.17
2023-06-04 21:00:00+05:30,0.0,28.02
2023-06-04 22:00:00+05:30,0.0,27.04
2023-06-04 23:00:00+05:30,0.0,26.28
2023-06-05 00:00:00+05:30,0.0,25.55
2023-06-05 01:00:00+05:30,0.0,25.48
2023-06-05 02:00:00+05:30,0.0,25.09
2023-06-05 03:00:00+05:30,0.0,24.59
2023-06-05 04:00:00+05:30,0.0,24.05
2023-06-05 05:00:00+05:30,0.0,23.53
2023-06-05 06:00:00+05:30,60.73,23.02
2023-06-05 07:00:00+05:30,235.21,23.41
2023-06-05 08:00:00+05:30,428.05,25.86
2023-06-05 09:00:00+05:30,603.25,28.45
2023-06-05 10:00:00+05:30,745.76,30.22
2023-06-05 11:00:00+05:30,844.63,31.67
2023-06-05 12:00:00+05:30,886.52,32.99
2023-06-05 13:00:00+05:30,873.31,34.21
2023-06-05 14:00:00+05:30,801.82,34.88
2023-06-05 15:00:00+05:30,702.68,35.35
2023-06-05 16:00:00+05:30,568.24,35.53
2023-06-05 17:00:00+05:30,388.42,35.44
2023-06-05 18:00:00+05:30,197.63,35.05
2023-06-05 19:00:00+05:30,38.97,33.83
2023-06-05 20:00:00+05:30,0.0,32.02
2023-06-05 21:00:00+05:30,0.0,30.11
2023-06-05 22:00:00+05:30,0.0,28.3
2023-06-05 23:00:00+05:30,0.0,27.31
2023-06-06 00:00:00+05:30,0.0,26.88
2023-06-06 01:00:00+05:30,0.0,26.92
2023-06-06 02:00:00+05:30,0.0,26.21
2023-06-06 03:00:00+05:30,0.0,25.38
2023-06-06 04:00:00+05:30,0.0,24.62
2023-06-06 05:00:00+05:30,0.0,24.04
2023-06-06 06:00:00+05:30,61.19,23.66
2023-06-06 07:00:00+05:30,235.79,24.05
2023-06-06 08:00:00+05:30,427.16,27.63
2023-06-06 09:00:00+05:30,600.23,31.0
2023-06-06 10:00:00+05:30,742.36,33.1
2023-06-06 11:00:00+05:30,784.68,34.57
2023-06-06 12:00:00+05:30,872.33,35.64
2023-06-06 13:00:00+05:30,851.14,37.3
2023-06-06 14:00:00+05:30,763.8,37.81
2023-06-06 15:00:00+05:30,693.71,37.96
2023-06-06 16:00:00+05:30,549.12,38.05
2023-06-06 17:00:00+05:30,352.78,37.73
2023-06-06 18:00:00+05:30,188.47,37.09
2023-06-06 19:00:00+05:30,35.69,35.42
2023-06-06 20:00:00+05:30,0.0,32.64
2023-06-06 21:00:00+05:30,0.0,30.78
2023-06-06 22:00:00+05:30,0.0,29.61
2023-06-06 23:00:00+05:30,0.0,28.61
2023-06-07 00:00:00+05:30,0.0,27.52
2023-06-07 01:00:00+05:30,0.0,26.37
2023-06-07 02:00:00+05:30,0.0,25.72
2023-06-07 03:00:00+05:30,0.0,24.99
2023-06-07 04:00:00+05:30,0.0,24.39
2023-06-07 05:00:00+05:30,0.0,24.0
2023-06-07 06:00:00+05:30,60.26,23.83
2023-06-07 07:00:00+05:30,235.81,24.26
2023-06-07 08:00:00+05:30,417.67,27.83
2023-06-07 09:00:00+05:30,514.59,30.97
2023-06-07 10:00:00+05:30,613.87,32.57
2023-06-07 11:00:00+05:30,734.18,33.49
2023-06-07 12:00:00+05:30,858.31,34.53
2023-06-07 13:00:00+05:30,820.72,36.94
2023-06-07 14:00:00+05:30,688.92,37.64
2023-06-07 15:00:00+05:30,666.51,37.75
2023-06-07 16:00:00+05:30,526.59,37.95
2023-06-07 17:00:00+05:30,351.52,37.87
2023-06-07 18:00:00+05:30,179.67,37.4
2023-06-07 19:00:00+05:30,34.9,35.71
2023-06-07 20:00:00+05:30,0.0,33.27
2023-06-07 21:00:00+05:30,0.0,30.96
2023-06-07 22:00:00+05:30,0.0,29.58
2023-06-07 23:00:00+05:30,0.0,28.79
2023-06-08 00:00:00+05:30,0.0,27.94
2023-06-08 01:00:00+05:30,0.0,27.12
2023-06-08 02:00:00+05:30,0.0,26.48
2023-06-08 03:00:00+05:30,0.0,26.78
2023-06-08 04:00:00+05:30,0.0,27.89
2023-06-08 05:00:00+05:30,0.0,27.65
2023-06-08 06:00:00+05:30,60.76,24.43
2023-06-08 07:00:00+05:30,215.02,24.88
2023-06-08 08:00:00+05:30,388.66,28.3
2023-06-08 09:00:00+05:30,552.17,31.49
2023-06-08 10:00:00+05:30,679.06,33.78
2023-06-08 11:00:00+05:30,790.78,35.35
2023-06-08 12:00:00+05:30,587.86,36.72
2023-06-08 13:00:00+05:30,607.89,37.57
2023-06-08 14:00:00+05:30,657.18,37.84
2023-06-08 15:00:00+05:30,653.42,38.32
2023-06-08 16:00:00+05:30,488.97,38.6
2023-06-08 17:00:00+05:30,306.74,38.37
2023-06-08 18:00:00+05:30,156.46,37.78
2023-06-08 19:00:00+05:30,19.66,35.45
2023-06-08 20:00:00+05:30,0.0,30.65
2023-06-08 21:00:00+05:30,0.0,30.53
2023-06-08 22:00:00+05:30,0.0,30.13
2023-06-08 23:00:00+05:30,0.0,30.19
2023-06-09 00:00:00+05:30,0.0,29.66
2023-06-09 01:00:00+05:30,0.0,28.59
2023-06-09 02:00:00+05:30,0.0,28.32
2023-06-09 03:00:00+05:30,0.0,28.04
2023-06-09 04:00:00+05:30,0.0,27.65
2023-06-09 05:00:00+05:30,0.0,27.24
2023-06-09 06:00:00+05:30,58.49,26.99
2023-06-09 07:00:00+05:30,221.92,27.47
2023-06-09 08:00:00+05:30,420.04,29.49
2023-06-09 09:00:00+05:30,591.54,31.7
2023-06-09 10:00:00+05:30,704.08,33.68
2023-06-09 11:00:00+05:30,824.92,35.43
2023-06-09 12:00:00+05:30,845.76,36.86
2023-06-09 13:00:00+05:30,783.44,38.27
2023-06-09 14:00:00+05:30,685.93,38.86
2023-06-09 15:00:00+05:30,559.36,39.11
2023-06-09 16:00:00+05:30,446.97,39.09
2023-06-09 17:00:00+05:30,305.04,38.72
2023-06-09 18:00:00+05:30,165.58,37.99
2023-06-09 19:00:00+05:30,33.92,36.42
2023-06-09 20:00:00+05:30,0.0,34.3
2023-06-09 21:00:00+05:30,0.0,33.08
2023-06-09 22:00:00+05:30,0.0,31.98
2023-06-09 23:00:00+05:30,0.0,31.12
2023-06-10 00:00:00+05:30,0.0,30.36
2023-06-10 01:00:00+05:30,0.0,29.72
2023-06-10 02:00:00+05:30,0.0,29.23
2023-06-10 03:00:00+05:30,0.0,28.94
2023-06-10 04:00:00+05:30,0.0,28.66
2023-06-10 05:00:00+05:30,0.0,28.56
2023-06-10 06:00:00+05:30,55.01,28.39
2023-06-10 07:00:00+05:30,221.18,28.86
2023-06-10 08:00:00+05:30,412.31,30.41
2023-06-10 09:00:00+05:30,576.87,32.25
2023-06-10 10:00:00+05:30,719.0,34.24
2023-06-10 11:00:00+05:30,819.23,36.08
2023-06-10 12:00:00+05:30,848.1,37.35
2023-06-10 13:00:00+05:30,795.12,38.55
2023-06-10 14:00:00+05:30,681.67,39.04
2023-06-10 15:00:00+05:30,525.08,39.2
2023-06-10 16:00:00+05:30,465.91,38.81
2023-06-10 17:00:00+05:30,357.27,38.65
2023-06-10 18:00:00+05:30,191.09,38.04
2023-06-10 19:00:00+05:30,39.91,36.58
2023-06-10 20:00:00+05:30,0.0,34.45
2023-06-10 21:00:00+05:30,0.0,32.99
2023-06-10 22:00:00+05:30,0.0,32.07
2023-06-10 23:00:00+05:30,0.0,31.39
2023-06-11 00:00:00+05:30,0.0,30.91
2023-06-11 01:00:00+05:30,0.0,30.29
2023-06-11 02:00:00+05:30,0.0,29.99
2023-06-11 03:00:00+05:30,0.0,29.77
2023-06-11 04:00:00+05:30,0.0,29.52
2023-06-11 05:00:00+05:30,0.0,29.27
2023-06-11 06:00:00+05:30,53.53,29.11
2023-06-11 07:00:00+05:30,214.17,29.46
2023-06-11 08:00:00+05:30,401.88,30.74
2023-06-11 09:00:00+05:30,585.87,32.24
2023-06-11 10:00:00+05:30,722.24,33.91
2023-06-11 11:00:00+05:30,798.21,35.5
2023-06-11 12:00:00+05:30,863.57,36.76
2023-06-11 13:00:00+05:30,851.46,37.85
2023-06-11 14:00:00+05:30,763.51,38.57
2023-06-11 15:00:00+05:30,638.3,38.88
2023-06-11 16:00:00+05:30,470.66,38.82
2023-06-11 17:00:00+05:30,313.63,38.44
2023-06-11 18:00:00+05:30,144.6,37.22
2023-06-11 19:00:00+05:30,31.32,35.99
2023-06-11 20:00:00+05:30,0.0,34.6
2023-06-11 21:00:00+05:30,0.0,33.4
2023-06-11 22:00:00+05:30,0.0,32.67
2023-06-11 23:00:00+05:30,0.0,32.13
2023-06-12 00:00:00+05:30,0.0,31.98
2023-06-12 01:00:00+05:30,0.0,31.68
2023-06-12 02:00:00+05:30,0.0,31.12
2023-06-12 03:00:00+05:30,0.0,30.37
2023-06-12 04:00:00+05:30,0.0,29.69
2023-06-12 05:00:00+05:30,0.0,29.26
2023-06-12 06:00:00+05:30,56.62,28.77
2023-06-12 07:00:00+05:30,225.0,28.85
2023-06-12 08:00:00+05:30,415.64,30.12
2023-06-12 09:00:00+05:30,586.59,31.97
2023-06-12 10:00:00+05:30,727.47,33.97
2023-06-12 11:00:00+05:30,822.81,35.86
2023-06-12 12:00:00+05:30,876.92,37.33
2023-06-12 13:00:00+05:30,846.59,38.45
2023-06-12 14:00:00+05:30,652.01,39.26
2023-06-12 15:00:00+05:30,594.78,39.43
2023-06-12 16:00:00+05:30,482.29,39.55
2023-06-12 17:00:00+05:30,352.6,39.3
2023-06-12 18:00:00+05:30,171.62,38.9
2023-06-12 19:00:00+05:30,39.71,37.45
2023-06-12 20:00:00+05:30,0.0,35.26
2023-06-12 21:00:00+05:30,0.0,33.58
2023-06-12 22:00:00+05:30,0.0,32.63
2023-06-12 23:00:00+05:30,0.0,31.99
2023-06-13 00:00:00+05:30,0.0,31.32
2023-06-13 01:00:00+05:30,0.0,30.7
2023-06-13 02:00:00+05:30,0.0,29.79
2023-06-13 03:00:00+05:30,0.0,29.19
2023-06-13 04:00:00+05:30,0.0,28.94
2023-06-13 05:00:00+05:30,0.0,28.92
2023-06-13 06:00:00+05:30,56.67,28.52
2023-06-13 07:00:00+05:30,224.52,28.55
2023-06-13 08:00:00+05:30,413.5,29.82
2023-06-13 09:00:00+05:30,587.88,31.72
2023-06-13 10:00:00+05:30,728.5,33.88
2023-06-13 11:00:00+05:30,824.23,35.91
2023-06-13 12:00:00+05:30,789.68,37.47
2023-06-13 13:00:00+05:30,577.44,38.87
2023-06-13 14:00:00+05:30,620.7,38.78
2023-06-13 15:00:00+05:30,563.1,39.04
2023-06-13 16:00:00+05:30,459.21,39.29
2023-06-13 17:00:00+05:30,250.27,38.56
2023-06-13 18:00:00+05:30,130.79,37.64
2023-06-13 19:00:00+05:30,31.97,36.53
2023-06-13 20:00:00+05:30,0.0,35.08
2023-06-13 21:00:00+05:30,0.0,34.01
2023-06-13 22:00:00+05:30,0.0,33.2
2023-06-13 23:00:00+05:30,0.0,32.35
2023-06-14 00:00:00+05:30,0.0,31.77
2023-06-14 01:00:00+05:30,0.0,31.87
2023-06-14 02:00:00+05:30,0.0,31.5
2023-06-14 03:00:00+05:30,0.0,31.19
2023-06-14 04:00:00+05:30,0.0,30.66
2023-06-14 05:00:00+05:30,0.0,29.97
2023-06-14 06:00:00+05:30,53.12,29.37
2023-06-14 07:00:00+05:30,216.85,29.14
2023-06-14 08:00:00+05:30,405.3,29.58
2023-06-14 09:00:00+05:30,564.49,30.81
2023-06-14 10:00:00+05:30,702.6,32.4
2023-06-14 11:00:00+05:30,809.17,34.02
2023-06-14 12:00:00+05:30,860.22,35.54
2023-06-14 13:00:00+05:30,854.35,37.14
2023-06-14 14:00:00+05:30,765.06,37.98
2023-06-14 15:00:00+05:30,604.39,38.5
2023-06-14 16:00:00+05:30,465.29,38.51
2023-06-14 17:00:00+05:30,229.83,38.22
2023-06-14 18:00:00+05:30,124.14,37.33
2023-06-14 19:00:00+05:30,28.09,36.14
2023-06-14 20:00:00+05:30,0.0,34.77
2023-06-14 21:00:00+05:30,0.0,33.84
2023-06-14 22:00:00+05:30,0.0,32.93
2023-06-14 23:00:00+05:30,0.0,32.2
2023-06-15 00:00:00+05:30,0.0,31.64
2023-06-15 01:00:00+05:30,0.0,31.54
2023-06-15 02:00:00+05:30,0.0,31.12
2023-06-15 03:00:00+05:30,0.0,30.64
2023-06-15 04:00:00+05:30,0.0,30.07
2023-06-15 05:00:00+05:30,0.0,29.49
2023-06-15 06:00:00+05:30,45.5,28.83
2023-06-15 07:00:00+05:30,205.55,28.6
2023-06-15 08:00:00+05:30,394.58,29.27
2023-06-15 09:00:00+05:30,576.24,30.66
2023-06-15 10:00:00+05:30,718.43,32.32
2023-06-15 11:00:00+05:30,820.88,33.87
2023-06-15 12:00:00+05:30,776.71,35.25
2023-06-15 13:00:00+05:30,798.72,36.17
2023-06-15 14:00:00+05:30,719.58,36.78
2023-06-15 15:00:00+05:30,623.3,37.28
2023-06-15 16:00:00+05:30,354.4,37.66
2023-06-15 17:00:00+05:30,259.82,37.03
2023-06-15 18:00:00+05:30,117.78,36.54
2023-06-15 19:00:00+05:30,24.41,34.48
2023-06-15 20:00:00+05:30,0.0,33.05
2023-06-15 21:00:00+05:30,0.0,32.41
2023-06-15 22:00:00+05:30,0.0,31.9
2023-06-15 23:00:00+05:30,0.0,31.22
2023-06-16 00:00:00+05:30,0.0,31.12
2023-06-16 01:00:00+05:30,0.0,30.82
2023-06-16 02:00:00+05:30,0.0,30.22
2023-06-16 03:00:00+05:30,0.0,29.46
2023-06-16 04:00:00+05:30,0.0,28.82
2023-06-16 05:00:00+05:30,0.0,28.33
2023-06-16 06:00:00+05:30,49.02,27.88
2023-06-16 07:00:00+05:30,182.25,27.97
2023-06-16 08:00:00+05:30,363.05,28.73
2023-06-16 09:00:00+05:30,441.9,29.93
2023-06-16 10:00:00+05:30,480.05,30.66
2023-06-16 11:00:00+05:30,431.68,31.58
2023-06-16 12:00:00+05:30,437.81,31.81
2023-06-16 13:00:00+05:30,552.31,32.81
2023-06-16 14:00:00+05:30,675.36,33.86
2023-06-16 15:00:00+05:30,565.12,35.17
2023-06-16 16:00:00+05:30,365.29,35.39
2023-06-16 17:00:00+05:30,246.07,34.97
2023-06-16 18:00:00+05:30,126.47,34.64
2023-06-16 19:00:00+05:30,30.81,34.07
2023-06-16 20:00:00+05:30,0.0,32.78
2023-06-16 21:00:00+05:30,0.0,30.91
2023-06-16 22:00:00+05:30,0.0,30.15
2023-06-16 23:00:00+05:30,0.0,29.73
2023-06-17 00:00:00+05:30,0.0,29.4
2023-06-17 01:00:00+05:30,0.0,28.88
2023-06-17 02:00:00+05:30,0.0,28.82
2023-06-17 03:00:00+05:30,0.0,28.71
2023-06-17 04:00:00+05:30,0.0,28.47
2023-06-17 05:00:00+05:30,0.0,28.09
2023-06-17 06:00:00+05:30,34.58,27.86
2023-06-17 07:00:00+05:30,178.72,27.91
2023-06-17 08:00:00+05:30,350.24,28.65
2023-06-17 09:00:00+05:30,432.9,29.62
2023-06-17 10:00:00+05:30,669.8,30.57
2023-06-17 11:00:00+05:30,784.19,32.4
2023-06-17 12:00:00+05:30,829.93,34.17
2023-06-17 13:00:00+05:30,648.63,34.75
2023-06-17 14:00:00+05:30,490.02,34.35
2023-06-17 15:00:00+05:30,432.77,33.55
2023-06-17 16:00:00+05:30,185.05,32.56
2023-06-17 17:00:00+05:30,114.75,31.28
2023-06-17 18:00:00+05:30,53.04,30.88
2023-06-17 19:00:00+05:30,16.45,30.63
2023-06-17 20:00:00+05:30,0.0,30.22
2023-06-17 21:00:00+05:30,0.0,29.79
2023-06-17 22:00:00+05:30,0.0,29.31
2023-06-17 23:00:00+05:30,0.0,29.4
2023-06-18 00:00:00+05:30,0.0,29.4
2023-06-18 01:00:00+05:30,0.0,27.67
2023-06-18 02:00:00+05:30,0.0,27.52
2023-06-18 03:00:00+05:30,0.0,27.32
2023-06-18 04:00:00+05:30,0.0,27.21
2023-06-18 05:00:00+05:30,0.0,27.01
2023-06-18 06:00:00+05:30,40.41,26.9
2023-06-18 07:00:00+05:30,136.44,27.28
2023-06-18 08:00:00+05:30,220.98,27.36
2023-06-18 09:00:00+05:30,224.59,27.76
2023-06-18 10:00:00+05:30,330.09,28.24
2023-06-18 11:00:00+05:30,501.43,29.13
2023-06-18 12:00:00+05:30,398.51,30.46
2023-06-18 13:00:00+05:30,477.86,30.97
2023-06-18 14:00:00+05:30,529.09,32.05
2023-06-18 15:00:00+05:30,204.23,31.82
2023-06-18 16:00:00+05:30,69.41,28.61
2023-06-18 17:00:00+05:30,53.17,26.19
2023-06-18 18:00:00+05:30,20.68,25.56
2023-06-18 19:00:00+05:30,2.83,25.08
2023-06-18 20:00:00+05:30,0.0,24.85
2023-06-18 21:00:00+05:30,0.0,24.89
2023-06-18 22:00:00+05:30,0.0,24.95
2023-06-18 23:00:00+05:30,0.0,24.78
2023-06-19 00:00:00+05:30,0.0,24.86
2023-06-19 01:00:00+05:30,0.0,25.11
2023-06-19 02:00:00+05:30,0.0,24.88
2023-06-19 03:00:00+05:30,0.0,24.71
2023-06-19 04:00:00+05:30,0.0,24.58
2023-06-19 05:00:00+05:30,0.0,24.55
2023-06-19 06:00:00+05:30,3.81,24.48
2023-06-19 07:00:00+05:30,11.56,24.48
2023-06-19 08:00:00+05:30,19.56,24.46
2023-06-19 09:00:00+05:30,35.56,24.51
2023-06-19 10:00:00+05:30,91.47,24.65
2023-06-19 11:00:00+05:30,85.66,25.07
2023-06-19 12:00:00+05:30,33.03,25.62
2023-06-19 13:00:00+05:30,47.81,26.07
2023-06-19 14:00:00+05:30,77.96,26.32
2023-06-19 15:00:00+05:30,146.03,26.33
2023-06-19 16:00:00+05:30,133.51,26.96
2023-06-19 17:00:00+05:30,131.64,27.24
2023-06-19 18:00:00+05:30,33.26,27.41
2023-06-19 19:00:00+05:30,7.32,26.82
2023-06-19 20:00:00+05:30,0.0,26.15
2023-06-19 21:00:00+05:30,0.0,25.52
2023-06-19 22:00:00+05:30,0.0,25.25
2023-06-19 23:00:00+05:30,0.0,25.21
2023-06-20 00:00:00+05:30,0.0,25.12
2023-06-20 01:00:00+05:30,0.0,25.94
2023-06-20 02:00:00+05:30,0.0,25.87
2023-06-20 03:00:00+05:30,0.0,25.68
2023-06-20 04:00:00+05:30,0.0,25.24
2023-06-20 05:00:00+05:30,0.0,24.92
2023-06-20 06:00:00+05:30,32.21,24.77
2023-06-20 07:00:00+05:30,145.7,24.94
2023-06-20 08:00:00+05:30,182.87,25.99
2023-06-20 09:00:00+05:30,336.19,26.91
2023-06-20 10:00:00+05:30,286.24,28.55
2023-06-20 11:00:00+05:30,483.58,29.66
2023-06-20 12:00:00+05:30,649.9,31.19
2023-06-20 13:00:00+05:30,714.12,32.57
2023-06-20 14:00:00+05:30,602.92,32.75
2023-06-20 15:00:00+05:30,467.17,33.19
2023-06-20 16:00:00+05:30,388.78,33.14
2023-06-20 17:00:00+05:30,283.77,32.74
2023-06-20 18:00:00+05:30,144.26,31.3
2023-06-20 19:00:00+05:30,23.62,29.44
2023-06-20 20:00:00+05:30,0.0,28.52
2023-06-20 21:00:00+05:30,0.0,28.06
2023-06-20 22:00:00+05:30,0.0,27.9
2023-06-20 23:00:00+05:30,0.0,27.57
2023-06-21 00:00:00+05:30,0.0,27.36
2023-06-21 01:00:00+05:30,0.0,27.31
2023-06-21 02:00:00+05:30,0.0,26.9
2023-06-21 03:00:00+05:30,0.0,26.49
2023-06-21 04:00:00+05:30,0.0,26.17
2023-06-21 05:00:00+05:30,0.0,25.84
2023-06-21 06:00:00+05:30,39.64,25.55
2023-06-21 07:00:00+05:30,177.88,25.74
2023-06-21 08:00:00+05:30,349.83,26.7
2023-06-21 09:00:00+05:30,493.21,27.98
2023-06-21 10:00:00+05:30,676.02,29.32
2023-06-21 11:00:00+05:30,782.89,30.89
2023-06-21 12:00:00+05:30,729.22,32.28
2023-06-21 13:00:00+05:30,704.69,33.04
2023-06-21 14:00:00+05:30,617.51,33.61
2023-06-21 15:00:00+05:30,495.49,33.75
2023-06-21 16:00:00+05:30,459.9,33.84
2023-06-21 17:00:00+05:30,284.84,34.15
2023-06-21 18:00:00+05:30,143.42,33.81
2023-06-21 19:00:00+05:30,24.71,32.98
2023-06-21 20:00:00+05:30,0.0,31.45
2023-06-21 21:00:00+05:30,0.0,30.62
2023-06-21 22:00:00+05:30,0.0,29.9
2023-06-21 23:00:00+05:30,0.0,29.42
2023-06-22 00:00:00+05:30,0.0,28.76
2023-06-22 01:00:00+05:30,0.0,28.71
2023-06-22 02:00:00+05:30,0.0,28.19
2023-06-22 03:00:00+05:30,0.0,27.66
2023-06-22 04:00:00+05:30,0.0,27.32
2023-06-22 05:00:00+05:30,0.0,27.01
2023-06-22 06:00:00+05:30,41.1,26.78
2023-06-22 07:00:00+05:30,163.45,26.78
2023-06-22 08:00:00+05:30,270.96,27.57
2023-06-22 09:00:00+05:30,411.54,28.65
2023-06-22 10:00:00+05:30,510.85,29.7
2023-06-22 11:00:00+05:30,542.39,30.8
2023-06-22 12:00:00+05:30,447.85,31.6
2023-06-22 13:00:00+05:30,700.69,32.09
2023-06-22 14:00:00+05:30,715.54,33.47
2023-06-22 15:00:00+05:30,520.97,34.31
2023-06-22 16:00:00+05:30,364.86,34.42
2023-06-22 17:00:00+05:30,228.37,34.25
2023-06-22 18:00:00+05:30,82.56,33.88
2023-06-22 19:00:00+05:30,20.09,32.82
2023-06-22 20:00:00+05:30,0.0,31.76
2023-06-22 21:00:00+05:30,0.0,30.93
2023-06-22 22:00:00+05:30,0.0,30.32
2023-06-22 23:00:00+05:30,0.0,29.66
2023-06-23 00:00:00+05:30,0.0,29.04
2023-06-23 01:00:00+05:30,0.0,28.77
2023-06-23 02:00:00+05:30,0.0,28.29
2023-06-23 03:00:00+05:30,0.0,27.78
2023-06-23 04:00:00+05:30,0.0,27.42
2023-06-23 05:00:00+05:30,0.0,27.12
2023-06-23 06:00:00+05:30,31.0,26.83
2023-06-23 07:00:00+05:30,137.6,26.77
2023-06-23 08:00:00+05:30,194.06,27.5
2023-06-23 09:00:00+05:30,326.85,28.32
2023-06-23 10:00:00+05:30,598.48,29.53
2023-06-23 11:00:00+05:30,525.38,31.43
2023-06-23 12:00:00+05:30,649.59,32.61
2023-06-23 13:00:00+05:30,483.02,33.72
2023-06-23 14:00:00+05:30,545.99,33.94
2023-06-23 15:00:00+05:30,520.3,34.62
2023-06-23 16:00:00+05:30,318.82,35.01
2023-06-23 17:00:00+05:30,210.71,34.91
2023-06-23 18:00:00+05:30,144.41,34.62
2023-06-23 19:00:00+05:30,31.53,33.84
2023-06-23 20:00:00+05:30,0.0,32.51
2023-06-23 21:00:00+05:30,0.0,31.46
2023-06-23 22:00:00+05:30,0.0,30.67
2023-06-23 23:00:00+05:30,0.0,30.18
2023-06-24 00:00:00+05:30,0.0,29.63
2023-06-24 01:00:00+05:30,0.0,29.38
2023-06-24 02:00:00+05:30,0.0,28.73
2023-06-24 03:00:00+05:30,0.0,28.18
2023-06-24 04:00:00+05:30,0.0,27.68
2023-06-24 05:00:00+05:30,0.0,27.21
2023-06-24 06:00:00+05:30,39.65,26.82
2023-06-24 07:00:00+05:30,153.95,26.81
2023-06-24 08:00:00+05:30,285.85,27.49
2023-06-24 09:00:00+05:30,472.79,28.61
2023-06-24 10:00:00+05:30,548.27,30.33
2023-06-24 11:00:00+05:30,643.8,31.76
2023-06-24 12:00:00+05:30,784.46,33.12
2023-06-24 13:00:00+05:30,822.99,35.06
2023-06-24 14:00:00+05:30,725.8,36.06
2023-06-24 15:00:00+05:30,630.42,36.27
2023-06-24 16:00:00+05:30,445.17,36.31
2023-06-24 17:00:00+05:30,298.86,36.13
2023-06-24 18:00:00+05:30,152.34,35.91
2023-06-24 19:00:00+05:30,25.97,33.98
2023-06-24 20:00:00+05:30,0.0,32.77
2023-06-24 21:00:00+05:30,0.0,31.72
2023-06-24 22:00:00+05:30,0.0,31.05
2023-06-24 23:00:00+05:30,0.0,30.57
2023-06-25 00:00:00+05:30,0.0,30.06
2023-06-25 01:00:00+05:30,0.0,27.35
2023-06-25 02:00:00+05:30,0.0,27.1
2023-06-25 03:00:00+05:30,0.0,27.13
2023-06-25 04:00:00+05:30,0.0,27.39
2023-06-25 05:00:00+05:30,0.0,27.47
2023-06-25 06:00:00+05:30,20.96,27.23
2023-06-25 07:00:00+05:30,96.12,27.01
2023-06-25 08:00:00+05:30,216.77,27.87
2023-06-25 09:00:00+05:30,324.91,29.08
2023-06-25 10:00:00+05:30,413.71,30.05
2023-06-25 11:00:00+05:30,574.02,31.34
2023-06-25 12:00:00+05:30,143.33,32.69
2023-06-25 13:00:00+05:30,206.57,26.98
2023-06-25 14:00:00+05:30,248.18,26.66
2023-06-25 15:00:00+05:30,206.89,26.63
2023-06-25 16:00:00+05:30,134.42,26.9
2023-06-25 17:00:00+05:30,121.92,26.93
2023-06-25 18:00:00+05:30,95.74,27.36
2023-06-25 19:00:00+05:30,31.9,27.39
2023-06-25 20:00:00+05:30,0.0,26.75
2023-06-25 21:00:00+05:30,0.0,26.22
2023-06-25 22:00:00+05:30,0.0,25.9
2023-06-25 23:00:00+05:30,0.0,25.53
2023-06-26 00:00:00+05:30,0.0,25.37
2023-06-26 01:00:00+05:30,0.0,24.9
2023-06-26 02:00:00+05:30,0.0,24.85
2023-06-26 03:00:00+05:30,0.0,24.73
2023-06-26 04:00:00+05:30,0.0,24.65
2023-06-26 05:00:00+05:30,0.0,24.71
2023-06-26 06:00:00+05:30,22.94,24.92
2023-06-26 07:00:00+05:30,109.57,25.1
2023-06-26 08:00:00+05:30,181.2,26.17
2023-06-26 09:00:00+05:30,168.89,27.33
2023-06-26 10:00:00+05:30,217.61,27.89
2023-06-26 11:00:00+05:30,302.94,28.48
2023-06-26 12:00:00+05:30,518.17,28.5
2023-06-26 13:00:00+05:30,536.95,31.18
2023-06-26 14:00:00+05:30,372.69,31.73
2023-06-26 15:00:00+05:30,460.87,29.75
2023-06-26 16:00:00+05:30,328.28,29.66
2023-06-26 17:00:00+05:30,245.7,29.73
2023-06-26 18:00:00+05:30,128.53,29.64
2023-06-26 19:00:00+05:30,32.18,28.96
2023-06-26 20:00:00+05:30,0.0,28.01
2023-06-26 21:00:00+05:30,0.0,27.22
2023-06-26 22:00:00+05:30,0.0,26.73
2023-06-26 23:00:00+05:30,0.0,26.42
2023-06-27 00:00:00+05:30,0.0,26.01
2023-06-27 01:00:00+05:30,0.0,25.46
2023-06-27 02:00:00+05:30,0.0,25.39
2023-06-27 03:00:00+05:30,0.0,25.29
2023-06-27 04:00:00+05:30,0.0,25.22
2023-06-27 05:00:00+05:30,0.0,25.23
2023-06-27 06:00:00+05:30,37.49,25.25
2023-06-27 07:00:00+05:30,172.62,25.54
2023-06-27 08:00:00+05:30,320.86,26.76
2023-06-27 09:00:00+05:30,422.86,28.06
2023-06-27 10:00:00+05:30,612.01,29.36
2023-06-27 11:00:00+05:30,649.61,30.69
2023-06-27 12:00:00+05:30,533.7,31.69
2023-06-27 13:00:00+05:30,622.25,31.73
2023-06-27 14:00:00+05:30,509.97,31.85
2023-06-27 15:00:00+05:30,445.45,31.37
2023-06-27 16:00:00+05:30,435.47,31.05
2023-06-27 17:00:00+05:30,304.3,31.34
2023-06-27 18:00:00+05:30,138.69,31.27
2023-06-27 19:00:00+05:30,21.55,30.37
2023-06-27 20:00:00+05:30,0.0,28.91
2023-06-27 21:00:00+05:30,0.0,28.18
2023-06-27 22:00:00+05:30,0.0,27.72
2023-06-27 23:00:00+05:30,0.0,27.33
2023-06-28 00:00:00+05:30,0.0,27.08
2023-06-28 01:00:00+05:30,0.0,26.44
2023-06-28 02:00:00+05:30,0.0,26.06
2023-06-28 03:00:00+05:30,0.0,25.7
2023-06-28 04:00:00+05:30,0.0,25.27
2023-06-28 05:00:00+05:30,0.0,25.04
2023-06-28 06:00:00+05:30,27.81,24.84
2023-06-28 07:00:00+05:30,156.76,25.02
2023-06-28 08:00:00+05:30,282.8,26.12
2023-06-28 09:00:00+05:30,426.41,27.53
2023-06-28 10:00:00+05:30,475.49,28.84
2023-06-28 11:00:00+05:30,597.03,29.72
2023-06-28 12:00:00+05:30,575.02,30.76
2023-06-28 13:00:00+05:30,636.04,30.05
2023-06-28 14:00:00+05:30,587.32,31.19
2023-06-28 15:00:00+05:30,423.75,31.76
2023-06-28 16:00:00+05:30,348.73,31.86
2023-06-28 17:00:00+05:30,251.71,31.82
2023-06-28 18:00:00+05:30,119.92,31.38
2023-06-28 19:00:00+05:30,30.02,30.53
2023-06-28 20:00:00+05:30,0.0,29.51
2023-06-28 21:00:00+05:30,0.0,28.52
2023-06-28 22:00:00+05:30,0.0,27.62
2023-06-28 23:00:00+05:30,0.0,27.08
2023-06-29 00:00:00+05:30,0.0,26.7
2023-06-29 01:00:00+05:30,0.0,26.38
2023-06-29 02:00:00+05:30,0.0,26.03
2023-06-29 03:00:00+05:30,0.0,25.45
2023-06-29 04:00:00+05:30,0.0,25.26
2023-06-29 05:00:00+05:30,0.0,25.14
2023-06-29 06:00:00+05:30,23.03,24.97
2023-06-29 07:00:00+05:30,99.86,25.01
2023-06-29 08:00:00+05:30,211.96,25.54
2023-06-29 09:00:00+05:30,332.94,26.65
2023-06-29 10:00:00+05:30,428.47,27.81
2023-06-29 11:00:00+05:30,405.43,29.06
2023-06-29 12:00:00+05:30,655.64,30.28
2023-06-29 13:00:00+05:30,621.7,31.21
2023-06-29 14:00:00+05:30,470.06,31.88
2023-06-29 15:00:00+05:30,300.36,31.89
2023-06-29 16:00:00+05:30,252.29,31.19
2023-06-29 17:00:00+05:30,108.11,29.23
2023-06-29 18:00:00+05:30,49.51,27.1
2023-06-29 19:00:00+05:30,12.83,26.87
2023-06-29 20:00:00+05:30,0.0,26.57
2023-06-29 21:00:00+05:30,0.0,26.29
2023-06-29 22:00:00+05:30,0.0,26.11
2023-06-29 23:00:00+05:30,0.0,25.86
2023-06-30 00:00:00+05:30,0.0,25.7
2023-06-30 01:00:00+05:30,0.0,25.61
2023-06-30 02:00:00+05:30,0.0,25.67
2023-06-30 03:00:00+05:30,0.0,25.53
2023-06-30 04:00:00+05:30,0.0,25.44
2023-06-30 05:00:00+05:30,0.0,25.44
2023-06-30 06:00:00+05:30,23.59,25.42
2023-06-30 07:00:00+05:30,99.51,25.65
2023-06-30 08:00:00+05:30,237.01,26.49
2023-06-30 09:00:00+05:30,321.11,27.51
2023-06-30 10:00:00+05:30,420.14,28.95
2023-06-30 11:00:00+05:30,472.65,30.18
2023-06-30 12:00:00+05:30,368.74,30.96
2023-06-30 13:00:00+05:30,521.02,29.92
2023-06-30 14:00:00+05:30,582.02,30.98
2023-06-30 15:00:00+05:30,530.09,31.8
2023-06-30 16:00:00+05:30,412.84,32.64
2023-06-30 17:00:00+05:30,237.53,32.65
2023-06-30 18:00:00+05:30,103.79,31.47
2023-06-30 19:00:00+05:30,16.02,29.41
2023-06-30 20:00:00+05:30,0.0,27.89
2023-06-30 21:00:00+05:30,0.0,27.53
2023-06-30 22:00:00+05:30,0.0,27.12
2023-06-30 23:00:00+05:30,0.0,26.87
2023-07-01 00:00:00+05:30,0.0,26.58
2023-07-01 01:00:00+05:30,0.0,26.49
2023-07-01 02:00:00+05:30,0.0,26.18
2023-07-01 03:00:00+05:30,0.0,25.78
2023-07-01 04:00:00+05:30,0.0,25.55
2023-07-01 05:00:00+05:30,0.0,25.3
2023-07-01 06:00:00+05:30,16.01,25.36
2023-07-01 07:00:00+05:30,52.34,25.44
2023-07-01 08:00:00+05:30,230.28,25.74
2023-07-01 09:00:00+05:30,367.17,26.79
2023-07-01 10:00:00+05:30,473.98,28.14
2023-07-01 11:00:00+05:30,592.38,29.38
2023-07-01 12:00:00+05:30,624.54,30.57
2023-07-01 13:00:00+05:30,546.58,32.64
2023-07-01 14:00:00+05:30,460.88,33.05
2023-07-01 15:00:00+05:30,474.67,33.12
2023-07-01 16:00:00+05:30,344.76,33.36
2023-07-01 17:00:00+05:30,230.87,33.21
2023-07-01 18:00:00+05:30,134.52,31.36
2023-07-01 19:00:00+05:30,21.22,30.43
2023-07-01 20:00:00+05:30,0.0,29.35
2023-07-01 21:00:00+05:30,0.0,28.9
2023-07-01 22:00:00+05:30,0.0,28.49
2023-07-01 23:00:00+05:30,0.0,27.99
2023-07-02 00:00:00+05:30,0.0,27.52
2023-07-02 01:00:00+05:30,0.0,27.18
2023-07-02 02:00:00+05:30,0.0,26.33
2023-07-02 03:00:00+05:30,0.0,25.61
2023-07-02 04:00:00+05:30,0.0,25.43
2023-07-02 05:00:00+05:30,0.0,25.52
2023-07-02 06:00:00+05:30,33.12,25.46
2023-07-02 07:00:00+05:30,158.95,25.66
2023-07-02 08:00:00+05:30,348.14,26.51
2023-07-02 09:00:00+05:30,521.73,27.87
2023-07-02 10:00:00+05:30,667.23,29.42
2023-07-02 11:00:00+05:30,744.42,30.92
2023-07-02 12:00:00+05:30,799.97,32.16
2023-07-02 13:00:00+05:30,771.15,33.56
2023-07-02 14:00:00+05:30,701.85,34.19
2023-07-02 15:00:00+05:30,620.3,34.43
2023-07-02 16:00:00+05:30,429.91,34.38
2023-07-02 17:00:00+05:30,298.85,33.95
2023-07-02 18:00:00+05:30,159.56,33.28
2023-07-02 19:00:00+05:30,33.63,32.6
2023-07-02 20:00:00+05:30,0.0,30.67
2023-07-02 21:00:00+05:30,0.0,29.31
2023-07-02 22:00:00+05:30,0.0,28.75
2023-07-02 23:00:00+05:30,0.0,28.39
2023-07-03 00:00:00+05:30,0.0,28.12
2023-07-03 01:00:00+05:30,0.0,28.22
2023-07-03 02:00:00+05:30,0.0,27.7
2023-07-03 03:00:00+05:30,0.0,27.02
2023-07-03 04:00:00+05:30,0.0,26.62
2023-07-03 05:00:00+05:30,0.0,26.19
2023-07-03 06:00:00+05:30,27.66,26.03
2023-07-03 07:00:00+05:30,167.15,26.16
2023-07-03 08:00:00+05:30,330.38,27.34
2023-07-03 09:00:00+05:30,496.13,28.93
2023-07-03 10:00:00+05:30,650.13,30.49
2023-07-03 11:00:00+05:30,666.05,32.05
2023-07-03 12:00:00+05:30,760.09,33.13
2023-07-03 13:00:00+05:30,615.7,33.59
2023-07-03 14:00:00+05:30,622.41,33.8
2023-07-03 15:00:00+05:30,617.95,34.18
2023-07-03 16:00:00+05:30,447.57,34.6
2023-07-03 17:00:00+05:30,328.11,34.52
2023-07-03 18:00:00+05:30,141.38,33.85
2023-07-03 19:00:00+05:30,33.13,32.65
2023-07-03 20:00:00+05:30,0.0,31.8
2023-07-03 21:00:00+05:30,0.0,30.8
2023-07-03 22:00:00+05:30,0.0,30.07
2023-07-03 23:00:00+05:30,0.0,29.69
2023-07-04 00:00:00+05:30,0.0,29.17
2023-07-04 01:00:00+05:30,0.0,29.06
2023-07-04 02:00:00+05:30,0.0,28.91
2023-07-04 03:00:00+05:30,0.0,28.48
2023-07-04 04:00:00+05:30,0.0,28.06
2023-07-04 05:00:00+05:30,0.0,27.69
2023-07-04 06:00:00+05:30,35.02,27.52
2023-07-04 07:00:00+05:30,165.46,27.47
2023-07-04 08:00:00+05:30,358.55,28.42
2023-07-04 09:00:00+05:30,532.06,29.77
2023-07-04 10:00:00+05:30,637.97,31.19
2023-07-04 11:00:00+05:30,748.26,32.46
2023-07-04 12:00:00+05:30,717.38,33.78
2023-07-04 13:00:00+05:30,700.21,34.41
2023-07-04 14:00:00+05:30,586.38,34.32
2023-07-04 15:00:00+05:30,481.53,34.17
2023-07-04 16:00:00+05:30,410.32,34.6
2023-07-04 17:00:00+05:30,296.21,34.65
2023-07-04 18:00:00+05:30,185.0,34.4
2023-07-04 19:00:00+05:30,35.86,33.61
2023-07-04 20:00:00+05:30,0.0,32.26
2023-07-04 21:00:00+05:30,0.0,31.25
2023-07-04 22:00:00+05:30,0.0,30.43
2023-07-04 23:00:00+05:30,0.0,29.84
2023-07-05 00:00:00+05:30,0.0,29.56
2023-07-05 01:00:00+05:30,0.0,28.45
2023-07-05 02:00:00+05:30,0.0,27.73
2023-07-05 03:00:00+05:30,0.0,27.0
2023-07-05 04:00:00+05:30,0.0,26.46
2023-07-05 05:00:00+05:30,0.0,26.02
2023-07-05 06:00:00+05:30,28.2,25.89
2023-07-05 07:00:00+05:30,153.4,25.85
2023-07-05 08:00:00+05:30,295.32,26.62
2023-07-05 09:00:00+05:30,485.69,28.13
2023-07-05 10:00:00+05:30,575.48,30.16
2023-07-05 11:00:00+05:30,686.56,31.53
2023-07-05 12:00:00+05:30,676.01,33.04
2023-07-05 13:00:00+05:30,632.16,34.17
2023-07-05 14:00:00+05:30,467.0,34.58
2023-07-05 15:00:00+05:30,531.07,33.24
2023-07-05 16:00:00+05:30,329.69,30.86
2023-07-05 17:00:00+05:30,258.89,29.88
2023-07-05 18:00:00+05:30,155.27,30.24
2023-07-05 19:00:00+05:30,33.91,30.3
2023-07-05 20:00:00+05:30,0.0,29.8
2023-07-05 21:00:00+05:30,0.0,29.2
2023-07-05 22:00:00+05:30,0.0,28.61
2023-07-05 23:00:00+05:30,0.0,28.14
2023-07-06 00:00:00+05:30,0.0,27.86
2023-07-06 01:00:00+05:30,0.0,27.29
2023-07-06 02:00:00+05:30,0.0,27.11
2023-07-06 03:00:00+05:30,0.0,26.84
2023-07-06 04:00:00+05:30,0.0,26.66
2023-07-06 05:00:00+05:30,0.0,26.46
2023-07-06 06:00:00+05:30,27.4,26.18
2023-07-06 07:00:00+05:30,152.54,26.4
2023-07-06 08:00:00+05:30,298.19,27.79
2023-07-06 09:00:00+05:30,419.97,29.15
2023-07-06 10:00:00+05:30,517.86,30.29
2023-07-06 11:00:00+05:30,510.92,30.6
2023-07-06 12:00:00+05:30,491.69,31.14
2023-07-06 13:00:00+05:30,454.47,33.2
2023-07-06 14:00:00+05:30,451.71,33.07
2023-07-06 15:00:00+05:30,355.87,32.94
2023-07-06 16:00:00+05:30,344.25,30.87
2023-07-06 17:00:00+05:30,268.18,30.82
2023-07-06 18:00:00+05:30,149.38,31.18
2023-07-06 19:00:00+05:30,26.44,30.56
2023-07-06 20:00:00+05:30,0.0,29.6
2023-07-06 21:00:00+05:30,0.0,29.0
2023-07-06 22:00:00+05:30,0.0,28.4
2023-07-06 23:00:00+05:30,0.0,28.06
2023-07-07 00:00:00+05:30,0.0,27.73
2023-07-07 01:00:00+05:30,0.0,27.41
2023-07-07 02:00:00+05:30,0.0,26.93
2023-07-07 03:00:00+05:30,0.0,26.63
2023-07-07 04:00:00+05:30,0.0,26.49
2023-07-07 05:00:00+05:30,0.0,26.04
2023-07-07 06:00:00+05:30,21.69,25.75
2023-07-07 07:00:00+05:30,95.45,26.09
2023-07-07 08:00:00+05:30,153.94,26.95
2023-07-07 09:00:00+05:30,130.22,28.19
2023-07-07 10:00:00+05:30,156.44,27.83
2023-07-07 11:00:00+05:30,161.67,27.27
2023-07-07 12:00:00+05:30,597.96,27.07
2023-07-07 13:00:00+05:30,465.3,31.63
2023-07-07 14:00:00+05:30,432.9,31.56
2023-07-07 15:00:00+05:30,348.04,30.56
2023-07-07 16:00:00+05:30,277.88,29.95
2023-07-07 17:00:00+05:30,206.48,30.14
2023-07-07 18:00:00+05:30,109.65,30.3
2023-07-07 19:00:00+05:30,20.38,30.0
2023-07-07 20:00:00+05:30,0.0,28.47
2023-07-07 21:00:00+05:30,0.0,27.51
2023-07-07 22:00:00+05:30,0.0,27.16
2023-07-07 23:00:00+05:30,0.0,26.93
2023-07-08 00:00:00+05:30,0.0,26.71
2023-07-08 01:00:00+05:30,0.0,25.99
2023-07-08 02:00:00+05:30,0.0,26.0
2023-07-08 03:00:00+05:30,0.0,25.8
2023-07-08 04:00:00+05:30,0.0,25.51
2023-07-08 05:00:00+05:30,0.0,25.34
2023-07-08 06:00:00+05:30,12.38,25.26
2023-07-08 07:00:00+05:30,46.88,25.26
2023-07-08 08:00:00+05:30,82.19,25.4
2023-07-08 09:00:00+05:30,165.18,25.62
2023-07-08 10:00:00+05:30,165.91,26.11
2023-07-08 11:00:00+05:30,275.88,26.37
2023-07-08 12:00:00+05:30,434.72,27.13
2023-07-08 13:00:00+05:30,392.27,30.2
2023-07-08 14:00:00+05:30,329.26,30.03
2023-07-08 15:00:00+05:30,399.8,29.27
2023-07-08 16:00:00+05:30,342.01,29.2
2023-07-08 17:00:00+05:30,196.21,29.81
2023-07-08 18:00:00+05:30,58.01,29.74
2023-07-08 19:00:00+05:30,14.26,29.14
2023-07-08 20:00:00+05:30,0.0,28.43
2023-07-08 21:00:00+05:30,0.0,27.5
2023-07-08 22:00:00+05:30,0.0,26.95
2023-07-08 23:00:00+05:30,0.0,25.91
2023-07-09 00:00:00+05:30,0.0,25.25
2023-07-09 01:00:00+05:30,0.0,25.48
2023-07-09 02:00:00+05:30,0.0,25.34
2023-07-09 03:00:00+05:30,0.0,25.19
2023-07-09 04:00:00+05:30,0.0,25.06
2023-07-09 05:00:00+05:30,0.0,24.71
2023-07-09 06:00:00+05:30,8.73,24.56
2023-07-09 07:00:00+05:30,71.31,24.59
2023-07-09 08:00:00+05:30,169.75,24.99
2023-07-09 09:00:00+05:30,317.38,26.14
2023-07-09 10:00:00+05:30,472.93,27.33
2023-07-09 11:00:00+05:30,239.77,28.7
2023-07-09 12:00:00+05:30,567.36,28.4
2023-07-09 13:00:00+05:30,475.52,30.82
2023-07-09 14:00:00+05:30,499.36,31.11
2023-07-09 15:00:00+05:30,386.43,29.87
2023-07-09 16:00:00+05:30,224.84,29.39
2023-07-09 17:00:00+05:30,154.0,29.0
2023-07-09 18:00:00+05:30,86.49,28.7
2023-07-09 19:00:00+05:30,17.1,28.22
2023-07-09 20:00:00+05:30,0.0,27.62
2023-07-09 21:00:00+05:30,0.0,26.9
2023-07-09 22:00:00+05:30,0.0,26.22
2023-07-09 23:00:00+05:30,0.0,25.84
2023-07-10 00:00:00+05:30,0.0,25.56
2023-07-10 01:00:00+05:30,0.0,25.43
2023-07-10 02:00:00+05:30,0.0,25.21
2023-07-10 03:00:00+05:30,0.0,25.06
2023-07-10 04:00:00+05:30,0.0,24.92
2023-07-10 05:00:00+05:30,0.0,25.01
2023-07-10 06:00:00+05:30,9.07,24.94
2023-07-10 07:00:00+05:30,60.69,25.0
2023-07-10 08:00:00+05:30,160.58,25.31
2023-07-10 09:00:00+05:30,249.56,26.0
2023-07-10 10:00:00+05:30,282.86,27.38
2023-07-10 11:00:00+05:30,323.3,28.31
2023-07-10 12:00:00+05:30,290.72,29.33
2023-07-10 13:00:00+05:30,373.8,28.66
2023-07-10 14:00:00+05:30,348.08,28.46
2023-07-10 15:00:00+05:30,393.42,28.69
2023-07-10 16:00:00+05:30,350.02,29.52
2023-07-10 17:00:00+05:30,221.37,29.73
2023-07-10 18:00:00+05:30,96.19,29.41
2023-07-10 19:00:00+05:30,15.3,29.04
2023-07-10 20:00:00+05:30,0.0,28.44
2023-07-10 21:00:00+05:30,0.0,27.9
2023-07-10 22:00:00+05:30,0.0,26.94
2023-07-10 23:00:00+05:30,0.0,26.17
2023-07-11 00:00:00+05:30,0.0,25.93
2023-07-11 01:00:00+05:30,0.0,26.09
2023-07-11 02:00:00+05:30,0.0,25.86
2023-07-11 03:00:00+05:30,0.0,25.55
2023-07-11 04:00:00+05:30,0.0,25.27
2023-07-11 05:00:00+05:30,0.0,25.12
2023-07-11 06:00:00+05:30,20.53,25.07
2023-07-11 07:00:00+05:30,103.2,25.25
2023-07-11 08:00:00+05:30,222.12,26.22
2023-07-11 09:00:00+05:30,302.79,27.53
2023-07-11 10:00:00+05:30,399.04,28.76
2023-07-11 11:00:00+05:30,489.49,29.94
2023-07-11 12:00:00+05:30,513.52,30.88
2023-07-11 13:00:00+05:30,476.79,31.9
2023-07-11 14:00:00+05:30,584.65,32.38
2023-07-11 15:00:00+05:30,535.53,33.04
2023-07-11 16:00:00+05:30,370.43,33.51
2023-07-11 17:00:00+05:30,227.85,33.41
2023-07-11 18:00:00+05:30,87.79,32.95
2023-07-11 19:00:00+05:30,19.15,31.86
2023-07-11 20:00:00+05:30,0.0,30.6
2023-07-11 21:00:00+05:30,0.0,28.93
2023-07-11 22:00:00+05:30,0.0,28.54
2023-07-11 23:00:00+05:30,0.0,27.56
2023-07-12 00:00:00+05:30,0.0,26.91
2023-07-12 01:00:00+05:30,0.0,26.21
2023-07-12 02:00:00+05:30,0.0,26.01
2023-07-12 03:00:00+05:30,0.0,26.11
2023-07-12 04:00:00+05:30,0.0,25.48
2023-07-12 05:00:00+05:30,0.0,25.47
2023-07-12 06:00:00+05:30,25.15,25.59
2023-07-12 07:00:00+05:30,155.45,25.92
2023-07-12 08:00:00+05:30,317.05,27.2
2023-07-12 09:00:00+05:30,433.99,28.6
2023-07-12 10:00:00+05:30,496.37,29.56
2023-07-12 11:00:00+05:30,614.79,30.41
2023-07-12 12:00:00+05:30,577.5,31.38
2023-07-12 13:00:00+05:30,558.8,32.68
2023-07-12 14:00:00+05:30,579.4,33.36
2023-07-12 15:00:00+05:30,426.03,33.84
2023-07-12 16:00:00+05:30,346.61,33.91
2023-07-12 17:00:00+05:30,249.66,33.84
2023-07-12 18:00:00+05:30,125.05,33.24
2023-07-12 19:00:00+05:30,25.12,32.26
2023-07-12 20:00:00+05:30,0.0,30.79
2023-07-12 21:00:00+05:30,0.0,29.94
2023-07-12 22:00:00+05:30,0.0,28.96
2023-07-12 23:00:00+05:30,0.0,27.99
2023-07-13 00:00:00+05:30,0.0,27.07
2023-07-13 01:00:00+05:30,0.0,27.21
2023-07-13 02:00:00+05:30,0.0,26.51
2023-07-13 03:00:00+05:30,0.0,26.03
2023-07-13 04:00:00+05:30,0.0,25.99
2023-07-13 05:00:00+05:30,0.0,26.1
2023-07-13 06:00:00+05:30,27.02,26.13
2023-07-13 07:00:00+05:30,140.15,26.41
2023-07-13 08:00:00+05:30,327.3,27.38
2023-07-13 09:00:00+05:30,474.07,28.59
2023-07-13 10:00:00+05:30,600.82,29.84
2023-07-13 11:00:00+05:30,702.81,30.94
2023-07-13 12:00:00+05:30,560.17,31.78
2023-07-13 13:00:00+05:30,598.97,32.75
2023-07-13 14:00:00+05:30,575.21,33.39
2023-07-13 15:00:00+05:30,546.14,33.77
2023-07-13 16:00:00+05:30,327.68,33.92
2023-07-13 17:00:00+05:30,195.12,32.1
2023-07-13 18:00:00+05:30,95.21,30.09
2023-07-13 19:00:00+05:30,17.26,29.51
2023-07-13 20:00:00+05:30,0.0,28.98
2023-07-13 21:00:00+05:30,0.0,28.15
2023-07-13 22:00:00+05:30,0.0,27.63
2023-07-13 23:00:00+05:30,0.0,27.3
2023-07-14 00:00:00+05:30,0.0,26.95
2023-07-14 01:00:00+05:30,0.0,26.92
2023-07-14 02:00:00+05:30,0.0,26.79
2023-07-14 03:00:00+05:30,0.0,26.63
2023-07-14 04:00:00+05:30,0.0,26.42
2023-07-14 05:00:00+05:30,0.0,26.09
2023-07-14 06:00:00+05:30,22.67,26.06
2023-07-14 07:00:00+05:30,118.2,26.22
2023-07-14 08:00:00+05:30,196.29,27.07
2023-07-14 09:00:00+05:30,250.8,27.81
2023-07-14 10:00:00+05:30,167.9,28.67
2023-07-14 11:00:00+05:30,403.2,28.67
2023-07-14 12:00:00+05:30,421.68,29.73
2023-07-14 13:00:00+05:30,461.39,30.25
2023-07-14 14:00:00+05:30,521.96,30.64
2023-07-14 15:00:00+05:30,571.08,31.27
2023-07-14 16:00:00+05:30,454.94,31.9
2023-07-14 17:00:00+05:30,272.18,32.04
2023-07-14 18:00:00+05:30,81.81,30.51
2023-07-14 19:00:00+05:30,17.12,28.59
2023-07-14 20:00:00+05:30,0.0,28.1
2023-07-14 21:00:00+05:30,0.0,27.75
2023-07-14 22:00:00+05:30,0.0,27.52
2023-07-14 23:00:00+05:30,0.0,27.36
2023-07-15 00:00:00+05:30,0.0,27.32
2023-07-15 01:00:00+05:30,0.0,27.36
2023-07-15 02:00:00+05:30,0.0,27.0
2023-07-15 03:00:00+05:30,0.0,26.62
2023-07-15 04:00:00+05:30,0.0,26.47
2023-07-15 05:00:00+05:30,0.0,26.36
2023-07-15 06:00:00+05:30,12.58,26.11
2023-07-15 07:00:00+05:30,86.16,26.1
2023-07-15 08:00:00+05:30,255.35,26.7
2023-07-15 09:00:00+05:30,330.05,28.0
2023-07-15 10:00:00+05:30,454.71,28.91
2023-07-15 11:00:00+05:30,604.79,29.96
2023-07-15 12:00:00+05:30,653.48,31.06
2023-07-15 13:00:00+05:30,631.88,32.48
2023-07-15 14:00:00+05:30,638.4,32.87
2023-07-15 15:00:00+05:30,503.12,33.23
2023-07-15 16:00:00+05:30,314.54,32.73
2023-07-15 17:00:00+05:30,243.92,31.62
2023-07-15 18:00:00+05:30,69.08,30.05
2023-07-15 19:00:00+05:30,12.04,28.21
2023-07-15 20:00:00+05:30,0.0,27.6
2023-07-15 21:00:00+05:30,0.0,27.25
2023-07-15 22:00:00+05:30,0.0,26.98
2023-07-15 23:00:00+05:30,0.0,26.91
2023-07-16 00:00:00+05:30,0.0,26.81
2023-07-16 01:00:00+05:30,0.0,26.57
2023-07-16 02:00:00+05:30,0.0,26.45
2023-07-16 03:00:00+05:30,0.0,26.22
2023-07-16 04:00:00+05:30,0.0,26.01
2023-07-16 05:00:00+05:30,0.0,25.83
2023-07-16 06:00:00+05:30,2.78,25.5
2023-07-16 07:00:00+05:30,56.63,25.18
2023-07-16 08:00:00+05:30,51.17,25.42
2023-07-16 09:00:00+05:30,64.54,25.6
2023-07-16 10:00:00+05:30,98.37,25.84
2023-07-16 11:00:00+05:30,185.22,26.4
2023-07-16 12:00:00+05:30,171.03,27.21
2023-07-16 13:00:00+05:30,126.52,27.49
2023-07-16 14:00:00+05:30,193.49,27.42
2023-07-16 15:00:00+05:30,129.56,27.81
2023-07-16 16:00:00+05:30,190.94,27.87
2023-07-16 17:00:00+05:30,120.66,28.19
2023-07-16 18:00:00+05:30,81.83,28.24
2023-07-16 19:00:00+05:30,15.9,28.09
2023-07-16 20:00:00+05:30,0.0,27.78
2023-07-16 21:00:00+05:30,0.0,27.19
2023-07-16 22:00:00+05:30,0.0,26.9
2023-07-16 23:00:00+05:30,0.0,26.34
2023-07-17 00:00:00+05:30,0.0,26.01
2023-07-17 01:00:00+05:30,0.0,25.62
2023-07-17 02:00:00+05:30,0.0,25.49
2023-07-17 03:00:00+05:30,0.0,25.33
2023-07-17 04:00:00+05:30,0.0,25.23
2023-07-17 05:00:00+05:30,0.0,25.11
2023-07-17 06:00:00+05:30,23.61,25.19
2023-07-17 07:00:00+05:30,125.18,25.23
2023-07-17 08:00:00+05:30,267.19,26.09
2023-07-17 09:00:00+05:30,375.9,27.26
2023-07-17 10:00:00+05:30,382.06,28.35
2023-07-17 11:00:00+05:30,399.0,29.14
2023-07-17 12:00:00+05:30,287.49,29.92
2023-07-17 13:00:00+05:30,362.83,28.45
2023-07-17 14:00:00+05:30,456.2,29.0
2023-07-17 15:00:00+05:30,444.51,29.76
2023-07-17 16:00:00+05:30,353.52,30.13
2023-07-17 17:00:00+05:30,239.81,30.24
2023-07-17 18:00:00+05:30,120.83,30.21
2023-07-17 19:00:00+05:30,25.65,29.95
2023-07-17 20:00:00+05:30,0.0,29.13
2023-07-17 21:00:00+05:30,0.0,28.4
2023-07-17 22:00:00+05:30,0.0,27.87
2023-07-17 23:00:00+05:30,0.0,27.31
2023-07-18 00:00:00+05:30,0.0,26.91
2023-07-18 01:00:00+05:30,0.0,25.71
2023-07-18 02:00:00+05:30,0.0,25.35
2023-07-18 03:00:00+05:30,0.0,25.05
2023-07-18 04:00:00+05:30,0.0,24.88
2023-07-18 05:00:00+05:30,0.0,24.85
2023-07-18 06:00:00+05:30,12.72,24.67
2023-07-18 07:00:00+05:30,70.72,24.68
2023-07-18 08:00:00+05:30,124.18,25.07
2023-07-18 09:00:00+05:30,222.68,25.42
2023-07-18 10:00:00+05:30,197.38,26.11
2023-07-18 11:00:00+05:30,224.27,26.44
2023-07-18 12:00:00+05:30,334.71,26.82
2023-07-18 13:00:00+05:30,495.18,29.73
2023-07-18 14:00:00+05:30,456.42,30.5
2023-07-18 15:00:00+05:30,435.56,30.77
2023-07-18 16:00:00+05:30,297.14,31.03
2023-07-18 17:00:00+05:30,197.34,29.84
2023-07-18 18:00:00+05:30,76.76,28.62
2023-07-18 19:00:00+05:30,16.65,28.04
2023-07-18 20:00:00+05:30,0.0,27.34
2023-07-18 21:00:00+05:30,0.0,26.96
2023-07-18 22:00:00+05:30,0.0,26.7
2023-07-18 23:00:00+05:30,0.0,26.43
2023-07-19 00:00:00+05:30,0.0,26.15
2023-07-19 01:00:00+05:30,0.0,26.26
2023-07-19 02:00:00+05:30,0.0,25.92
2023-07-19 03:00:00+05:30,0.0,25.94
2023-07-19 04:00:00+05:30,0.0,25.75
2023-07-19 05:00:00+05:30,0.0,25.52
2023-07-19 06:00:00+05:30,16.51,25.3
2023-07-19 07:00:00+05:30,125.33,25.27
2023-07-19 08:00:00+05:30,213.36,25.91
2023-07-19 09:00:00+05:30,363.4,26.76
2023-07-19 10:00:00+05:30,369.27,28.39
2023-07-19 11:00:00+05:30,637.38,29.39
2023-07-19 12:00:00+05:30,692.48,31.19
2023-07-19 13:00:00+05:30,690.0,30.81
2023-07-19 14:00:00+05:30,532.86,32.01
2023-07-19 15:00:00+05:30,546.47,32.33
2023-07-19 16:00:00+05:30,344.65,32.33
2023-07-19 17:00:00+05:30,260.37,30.68
2023-07-19 18:00:00+05:30,143.27,30.5
2023-07-19 19:00:00+05:30,22.31,30.13
2023-07-19 20:00:00+05:30,0.0,29.15
2023-07-19 21:00:00+05:30,0.0,28.43
2023-07-19 22:00:00+05:30,0.0,28.07
2023-07-19 23:00:00+05:30,0.0,27.8
2023-07-20 00:00:00+05:30,0.0,27.44
2023-07-20 01:00:00+05:30,0.0,27.31
2023-07-20 02:00:00+05:30,0.0,27.05
2023-07-20 03:00:00+05:30,0.0,26.79
2023-07-20 04:00:00+05:30,0.0,26.56
2023-07-20 05:00:00+05:30,0.0,26.49
2023-07-20 06:00:00+05:30,24.09,26.36
2023-07-20 07:00:00+05:30,153.24,26.47
2023-07-20 08:00:00+05:30,302.01,27.73
2023-07-20 09:00:00+05:30,491.77,29.06
2023-07-20 10:00:00+05:30,625.24,30.27
2023-07-20 11:00:00+05:30,650.28,31.49
2023-07-20 12:00:00+05:30,688.81,32.2
2023-07-20 13:00:00+05:30,624.34,32.26
2023-07-20 14:00:00+05:30,660.3,32.8
2023-07-20 15:00:00+05:30,531.99,33.38
2023-07-20 16:00:00+05:30,461.96,33.43
2023-07-20 17:00:00+05:30,329.63,33.34
2023-07-20 18:00:00+05:30,160.8,32.78
2023-07-20 19:00:00+05:30,30.08,31.93
2023-07-20 20:00:00+05:30,0.0,30.84
2023-07-20 21:00:00+05:30,0.0,29.97
2023-07-20 22:00:00+05:30,0.0,29.44
2023-07-20 23:00:00+05:30,0.0,28.86
2023-07-21 00:00:00+05:30,0.0,28.54
2023-07-21 01:00:00+05:30,0.0,28.24
2023-07-21 02:00:00+05:30,0.0,27.99
2023-07-21 03:00:00+05:30,0.0,27.34
2023-07-21 04:00:00+05:30,0.0,27.34
2023-07-21 05:00:00+05:30,0.0,27.12
2023-07-21 06:00:00+05:30,13.56,26.9
2023-07-21 07:00:00+05:30,134.7,26.97
2023-07-21 08:00:00+05:30,269.64,28.05
2023-07-21 09:00:00+05:30,442.3,29.23
2023-07-21 10:00:00+05:30,561.92,30.42
2023-07-21 11:00:00+05:30,652.35,31.4
2023-07-21 12:00:00+05:30,683.69,32.13
2023-07-21 13:00:00+05:30,720.25,33.31
2023-07-21 14:00:00+05:30,683.48,33.87
2023-07-21 15:00:00+05:30,513.7,33.99
2023-07-21 16:00:00+05:30,462.22,33.88
2023-07-21 17:00:00+05:30,347.95,33.86
2023-07-21 18:00:00+05:30,170.24,33.51
2023-07-21 19:00:00+05:30,33.45,32.53
2023-07-21 20:00:00+05:30,0.0,31.46
2023-07-21 21:00:00+05:30,0.0,30.4
2023-07-21 22:00:00+05:30,0.0,29.8
2023-07-21 23:00:00+05:30,0.0,29.44
2023-07-22 00:00:00+05:30,0.0,29.08
2023-07-22 01:00:00+05:30,0.0,27.55
2023-07-22 02:00:00+05:30,0.0,27.18
2023-07-22 03:00:00+05:30,0.0,27.04
2023-07-22 04:00:00+05:30,0.0,26.94
2023-07-22 05:00:00+05:30,0.0,26.77
2023-07-22 06:00:00+05:30,15.66,26.72
2023-07-22 07:00:00+05:30,153.28,26.91
2023-07-22 08:00:00+05:30,325.0,27.93
2023-07-22 09:00:00+05:30,502.26,29.15
2023-07-22 10:00:00+05:30,623.88,30.35
2023-07-22 11:00:00+05:30,669.27,31.25
2023-07-22 12:00:00+05:30,788.42,31.84
2023-07-22 13:00:00+05:30,705.83,32.7
2023-07-22 14:00:00+05:30,662.98,33.06
2023-07-22 15:00:00+05:30,592.25,33.01
2023-07-22 16:00:00+05:30,447.44,33.0
2023-07-22 17:00:00+05:30,256.38,32.64
2023-07-22 18:00:00+05:30,128.85,31.8
2023-07-22 19:00:00+05:30,29.17,30.93
2023-07-22 20:00:00+05:30,0.0,30.06
2023-07-22 21:00:00+05:30,0.0,29.49
2023-07-22 22:00:00+05:30,0.0,29.09
2023-07-22 23:00:00+05:30,0.0,28.76
2023-07-23 00:00:00+05:30,0.0,28.41
2023-07-23 01:00:00+05:30,0.0,28.12
2023-07-23 02:00:00+05:30,0.0,27.85
2023-07-23 03:00:00+05:30,0.0,27.54
2023-07-23 04:00:00+05:30,0.0,27.31
2023-07-23 05:00:00+05:30,0.0,27.06
2023-07-23 06:00:00+05:30,10.98,27.02
2023-07-23 07:00:00+05:30,86.35,26.71
2023-07-23 08:00:00+05:30,116.95,26.51
2023-07-23 09:00:00+05:30,175.74,26.22
2023-07-23 10:00:00+05:30,311.36,26.72
2023-07-23 11:00:00+05:30,435.75,27.58
2023-07-23 12:00:00+05:30,618.87,28.59
2023-07-23 13:00:00+05:30,694.43,31.14
2023-07-23 14:00:00+05:30,583.25,31.9
2023-07-23 15:00:00+05:30,514.85,32.11
2023-07-23 16:00:00+05:30,356.19,31.93
2023-07-23 17:00:00+05:30,227.92,31.12
2023-07-23 18:00:00+05:30,102.55,29.92
2023-07-23 19:00:00+05:30,19.72,29.4
2023-07-23 20:00:00+05:30,0.0,28.82
2023-07-23 21:00:00+05:30,0.0,28.53
2023-07-23 22:00:00+05:30,0.0,28.21
2023-07-23 23:00:00+05:30,0.0,27.66
2023-07-24 00:00:00+05:30,0.0,26.75
2023-07-24 01:00:00+05:30,0.0,27.51
2023-07-24 02:00:00+05:30,0.0,27.51
2023-07-24 03:00:00+05:30,0.0,27.33
2023-07-24 04:00:00+05:30,0.0,26.9
2023-07-24 05:00:00+05:30,0.0,26.5
2023-07-24 06:00:00+05:30,13.07,26.3
2023-07-24 07:00:00+05:30,113.13,26.21
2023-07-24 08:00:00+05:30,236.18,26.97
2023-07-24 09:00:00+05:30,438.45,27.82
2023-07-24 10:00:00+05:30,563.16,28.97
2023-07-24 11:00:00+05:30,461.36,30.61
2023-07-24 12:00:00+05:30,629.96,30.5
2023-07-24 13:00:00+05:30,615.97,32.22
2023-07-24 14:00:00+05:30,569.56,32.63
2023-07-24 15:00:00+05:30,480.43,32.91
2023-07-24 16:00:00+05:30,339.84,30.57
2023-07-24 17:00:00+05:30,214.01,30.07
2023-07-24 18:00:00+05:30,103.55,30.08
2023-07-24 19:00:00+05:30,19.44,29.38
2023-07-24 20:00:00+05:30,0.0,28.58
2023-07-24 21:00:00+05:30,0.0,27.88
2023-07-24 22:00:00+05:30,0.0,27.47
2023-07-24 23:00:00+05:30,0.0,27.18
2023-07-25 00:00:00+05:30,0.0,26.76
2023-07-25 01:00:00+05:30,0.0,27.42
2023-07-25 02:00:00+05:30,0.0,27.19
2023-07-25 03:00:00+05:30,0.0,27.13
2023-07-25 04:00:00+05:30,0.0,26.65
2023-07-25 05:00:00+05:30,0.0,26.03
2023-07-25 06:00:00+05:30,12.05,25.7
2023-07-25 07:00:00+05:30,121.55,25.5
2023-07-25 08:00:00+05:30,218.23,26.22
2023-07-25 09:00:00+05:30,436.78,27.29
2023-07-25 10:00:00+05:30,531.04,28.92
2023-07-25 11:00:00+05:30,652.98,29.74
2023-07-25 12:00:00+05:30,570.39,31.15
2023-07-25 13:00:00+05:30,588.2,32.13
2023-07-25 14:00:00+05:30,484.69,32.53
2023-07-25 15:00:00+05:30,380.92,32.28
2023-07-25 16:00:00+05:30,231.15,31.47
2023-07-25 17:00:00+05:30,150.19,30.15
2023-07-25 18:00:00+05:30,86.1,29.78
2023-07-25 19:00:00+05:30,13.63,29.42
2023-07-25 20:00:00+05:30,0.0,28.89
2023-07-25 21:00:00+05:30,0.0,28.1
2023-07-25 22:00:00+05:30,0.0,27.65
2023-07-25 23:00:00+05:30,0.0,27.32
2023-07-26 00:00:00+05:30,0.0,27.03
2023-07-26 01:00:00+05:30,0.0,26.72
2023-07-26 02:00:00+05:30,0.0,26.49
2023-07-26 03:00:00+05:30,0.0,26.11
2023-07-26 04:00:00+05:30,0.0,26.01
2023-07-26 05:00:00+05:30,0.0,25.88
2023-07-26 06:00:00+05:30,9.95,25.94
2023-07-26 07:00:00+05:30,77.25,26.07
2023-07-26 08:00:00+05:30,204.92,26.67
2023-07-26 09:00:00+05:30,256.22,27.39
2023-07-26 10:00:00+05:30,363.18,28.29
2023-07-26 11:00:00+05:30,399.1,29.17
2023-07-26 12:00:00+05:30,509.31,29.9
2023-07-26 13:00:00+05:30,596.07,30.27
2023-07-26 14:00:00+05:30,585.83,31.09
2023-07-26 15:00:00+05:30,481.56,31.77
2023-07-26 16:00:00+05:30,386.78,31.98
2023-07-26 17:00:00+05:30,191.47,31.97
2023-07-26 18:00:00+05:30,97.51,30.08
2023-07-26 19:00:00+05:30,18.19,29.82
2023-07-26 20:00:00+05:30,0.0,29.2
2023-07-26 21:00:00+05:30,0.0,28.5
2023-07-26 22:00:00+05:30,0.0,27.62
2023-07-26 23:00:00+05:30,0.0,26.86
2023-07-27 00:00:00+05:30,0.0,26.39
2023-07-27 01:00:00+05:30,0.0,26.15
2023-07-27 02:00:00+05:30,0.0,25.93
2023-07-27 03:00:00+05:30,0.0,25.8
2023-07-27 04:00:00+05:30,0.0,25.66
2023-07-27 05:00:00+05:30,0.0,25.41
2023-07-27 06:00:00+05:30,9.02,25.36
2023-07-27 07:00:00+05:30,54.81,25.41
2023-07-27 08:00:00+05:30,157.59,25.93
2023-07-27 09:00:00+05:30,312.54,26.78
2023-07-27 10:00:00+05:30,252.94,28.29
2023-07-27 11:00:00+05:30,358.55,28.71
2023-07-27 12:00:00+05:30,583.72,29.32
2023-07-27 13:00:00+05:30,612.37,31.09
2023-07-27 14:00:00+05:30,392.43,31.75
2023-07-27 15:00:00+05:30,454.98,31.12
2023-07-27 16:00:00+05:30,346.84,30.96
2023-07-27 17:00:00+05:30,193.81,29.6
2023-07-27 18:00:00+05:30,89.78,28.49
2023-07-27 19:00:00+05:30,13.98,27.89
2023-07-27 20:00:00+05:30,0.0,27.32
2023-07-27 21:00:00+05:30,0.0,26.83
2023-07-27 22:00:00+05:30,0.0,26.54
2023-07-27 23:00:00+05:30,0.0,26.26
2023-07-28 00:00:00+05:30,0.0,26.12
2023-07-28 01:00:00+05:30,0.0,26.09
2023-07-28 02:00:00+05:30,0.0,25.85
2023-07-28 03:00:00+05:30,0.0,25.59
2023-07-28 04:00:00+05:30,0.0,25.45
2023-07-28 05:00:00+05:30,0.0,25.36
2023-07-28 06:00:00+05:30,7.17,25.31
2023-07-28 07:00:00+05:30,52.82,25.22
2023-07-28 08:00:00+05:30,158.72,25.52
2023-07-28 09:00:00+05:30,258.43,26.12
2023-07-28 10:00:00+05:30,320.65,27.21
2023-07-28 11:00:00+05:30,293.53,28.1
2023-07-28 12:00:00+05:30,389.48,28.12
2023-07-28 13:00:00+05:30,529.14,28.21
2023-07-28 14:00:00+05:30,542.4,29.52
2023-07-28 15:00:00+05:30,505.55,29.62
2023-07-28 16:00:00+05:30,361.5,29.63
2023-07-28 17:00:00+05:30,240.3,29.31
2023-07-28 18:00:00+05:30,115.1,29.22
2023-07-28 19:00:00+05:30,19.17,28.52
2023-07-28 20:00:00+05:30,0.0,27.16
2023-07-28 21:00:00+05:30,0.0,26.71
2023-07-28 22:00:00+05:30,0.0,26.38
2023-07-28 23:00:00+05:30,0.0,26.17
2023-07-29 00:00:00+05:30,0.0,25.92
2023-07-29 01:00:00+05:30,0.0,25.29
2023-07-29 02:00:00+05:30,0.0,25.08
2023-07-29 03:00:00+05:30,0.0,24.95
2023-07-29 04:00:00+05:30,0.0,24.88
2023-07-29 05:00:00+05:30,0.0,24.81
2023-07-29 06:00:00+05:30,4.59,24.75
2023-07-29 07:00:00+05:30,33.91,24.81
2023-07-29 08:00:00+05:30,91.7,25.25
2023-07-29 09:00:00+05:30,91.86,25.7
2023-07-29 10:00:00+05:30,189.96,25.57
2023-07-29 11:00:00+05:30,356.98,26.27
2023-07-29 12:00:00+05:30,223.22,27.44
2023-07-29 13:00:00+05:30,265.95,26.11
2023-07-29 14:00:00+05:30,311.63,26.55
2023-07-29 15:00:00+05:30,195.29,27.26
2023-07-29 16:00:00+05:30,206.16,27.98
2023-07-29 17:00:00+05:30,155.69,28.55
2023-07-29 18:00:00+05:30,67.39,28.68
2023-07-29 19:00:00+05:30,12.14,28.3
2023-07-29 20:00:00+05:30,0.0,27.79
2023-07-29 21:00:00+05:30,0.0,27.23
2023-07-29 22:00:00+05:30,0.0,26.79
2023-07-29 23:00:00+05:30,0.0,26.56
2023-07-30 00:00:00+05:30,0.0,26.35
2023-07-30 01:00:00+05:30,0.0,25.51
2023-07-30 02:00:00+05:30,0.0,25.03
2023-07-30 03:00:00+05:30,0.0,24.76
2023-07-30 04:00:00+05:30,0.0,24.61
2023-07-30 05:00:00+05:30,0.0,24.41
2023-07-30 06:00:00+05:30,0.93,24.46
2023-07-30 07:00:00+05:30,11.95,24.49
2023-07-30 08:00:00+05:30,45.27,24.54
2023-07-30 09:00:00+05:30,73.65,24.7
2023-07-30 10:00:00+05:30,118.52,24.9
2023-07-30 11:00:00+05:30,249.16,25.65
2023-07-30 12:00:00+05:30,478.0,27.0
2023-07-30 13:00:00+05:30,530.99,29.19
2023-07-30 14:00:00+05:30,242.16,30.18
2023-07-30 15:00:00+05:30,348.94,28.69
2023-07-30 16:00:00+05:30,412.1,29.11
2023-07-30 17:00:00+05:30,252.04,29.99
2023-07-30 18:00:00+05:30,118.79,29.48
2023-07-30 19:00:00+05:30,21.45,28.51
2023-07-30 20:00:00+05:30,0.0,27.7
2023-07-30 21:00:00+05:30,0.0,27.14
2023-07-30 22:00:00+05:30,0.0,26.67
2023-07-30 23:00:00+05:30,0.0,26.41
2023-07-31 00:00:00+05:30,0.0,26.21
2023-07-31 01:00:00+05:30,0.0,25.59
2023-07-31 02:00:00+05:30,0.0,25.46
2023-07-31 03:00:00+05:30,0.0,25.33
2023-07-31 04:00:00+05:30,0.0,25.12
2023-07-31 05:00:00+05:30,0.0,24.94
2023-07-31 06:00:00+05:30,9.71,24.86
2023-07-31 07:00:00+05:30,113.48,24.93
2023-07-31 08:00:00+05:30,230.28,25.47
2023-07-31 09:00:00+05:30,310.88,26.69
2023-07-31 10:00:00+05:30,542.38,27.48
2023-07-31 11:00:00+05:30,619.11,28.71
2023-07-31 12:00:00+05:30,611.61,29.6
2023-07-31 13:00:00+05:30,750.7,30.75
2023-07-31 14:00:00+05:30,635.96,31.59
2023-07-31 15:00:00+05:30,441.87,31.84
2023-07-31 16:00:00+05:30,340.67,30.27
2023-07-31 17:00:00+05:30,265.16,30.31
2023-07-31 18:00:00+05:30,134.47,29.62
2023-07-31 19:00:00+05:30,21.69,29.02
2023-07-31 20:00:00+05:30,0.0,28.25
2023-07-31 21:00:00+05:30,0.0,27.78
2023-07-31 22:00:00+05:30,0.0,27.27
2023-07-31 23:00:00+05:30,0.0,26.9
2023-08-01 00:00:00+05:30,0.0,26.62
2023-08-01 01:00:00+05:30,0.0,26.8
2023-08-01 02:00:00+05:30,0.0,26.72
2023-08-01 03:00:00+05:30,0.0,26.44
2023-08-01 04:00:00+05:30,0.0,26.11
2023-08-01 05:00:00+05:30,0.0,25.82
2023-08-01 06:00:00+05:30,9.79,25.61
2023-08-01 07:00:00+05:30,120.63,25.44
2023-08-01 08:00:00+05:30,260.68,26.04
2023-08-01 09:00:00+05:30,365.19,27.19
2023-08-01 10:00:00+05:30,432.43,28.43
2023-08-01 11:00:00+05:30,556.44,29.04
2023-08-01 12:00:00+05:30,700.27,29.86
2023-08-01 13:00:00+05:30,663.94,31.21
2023-08-01 14:00:00+05:30,610.48,31.78
2023-08-01 15:00:00+05:30,479.97,32.05
2023-08-01 16:00:00+05:30,329.71,31.1
2023-08-01 17:00:00+05:30,219.05,29.53
2023-08-01 18:00:00+05:30,115.78,29.56
2023-08-01 19:00:00+05:30,20.73,29.15
2023-08-01 20:00:00+05:30,0.0,28.47
2023-08-01 21:00:00+05:30,0.0,27.98
2023-08-01 22:00:00+05:30,0.0,27.59
2023-08-01 23:00:00+05:30,0.0,27.32
2023-08-02 00:00:00+05:30,0.0,26.98
2023-08-02 01:00:00+05:30,0.0,26.76
2023-08-02 02:00:00+05:30,0.0,26.45
2023-08-02 03:00:00+05:30,0.0,26.1
2023-08-02 04:00:00+05:30,0.0,25.74
2023-08-02 05:00:00+05:30,0.0,25.44
2023-08-02 06:00:00+05:30,10.32,25.23
2023-08-02 07:00:00+05:30,112.91,25.42
2023-08-02 08:00:00+05:30,202.68,26.12
2023-08-02 09:00:00+05:30,361.69,26.61
2023-08-02 10:00:00+05:30,510.73,27.75
2023-08-02 11:00:00+05:30,459.04,29.1
2023-08-02 12:00:00+05:30,669.53,29.45
2023-08-02 13:00:00+05:30,693.06,30.8
2023-08-02 14:00:00+05:30,556.96,31.31
2023-08-02 15:00:00+05:30,504.66,31.28
2023-08-02 16:00:00+05:30,348.39,31.45
2023-08-02 17:00:00+05:30,173.33,30.38
2023-08-02 18:00:00+05:30,69.66,29.83
2023-08-02 19:00:00+05:30,10.2,29.22
2023-08-02 20:00:00+05:30,0.0,28.69
2023-08-02 21:00:00+05:30,0.0,28.31
2023-08-02 22:00:00+05:30,0.0,27.96
2023-08-02 23:00:00+05:30,0.0,27.62
2023-08-03 00:00:00+05:30,0.0,27.21
2023-08-03 01:00:00+05:30,0.0,26.98
2023-08-03 02:00:00+05:30,0.0,26.85
2023-08-03 03:00:00+05:30,0.0,26.51
2023-08-03 04:00:00+05:30,0.0,26.12
2023-08-03 05:00:00+05:30,0.0,25.74
2023-08-03 06:00:00+05:30,6.59,25.37
2023-08-03 07:00:00+05:30,72.0,25.17
2023-08-03 08:00:00+05:30,163.16,25.41
2023-08-03 09:00:00+05:30,255.73,25.89
2023-08-03 10:00:00+05:30,381.76,26.71
2023-08-03 11:00:00+05:30,363.72,27.94
2023-08-03 12:00:00+05:30,633.65,28.97
2023-08-03 13:00:00+05:30,647.66,30.91
2023-08-03 14:00:00+05:30,547.69,31.5
2023-08-03 15:00:00+05:30,443.25,31.63
2023-08-03 16:00:00+05:30,264.04,31.58
2023-08-03 17:00:00+05:30,181.88,31.21
2023-08-03 18:00:00+05:30,67.07,30.72
2023-08-03 19:00:00+05:30,10.0,29.89
2023-08-03 20:00:00+05:30,0.0,29.06
2023-08-03 21:00:00+05:30,0.0,28.62
2023-08-03 22:00:00+05:30,0.0,28.23
2023-08-03 23:00:00+05:30,0.0,27.69
2023-08-04 00:00:00+05:30,0.0,27.21
2023-08-04 01:00:00+05:30,0.0,26.95
2023-08-04 02:00:00+05:30,0.0,26.57
2023-08-04 03:00:00+05:30,0.0,26.2
2023-08-04 04:00:00+05:30,0.0,25.92
2023-08-04 05:00:00+05:30,0.0,25.59
2023-08-04 06:00:00+05:30,4.83,25.33
2023-08-04 07:00:00+05:30,63.61,25.15
2023-08-04 08:00:00+05:30,150.54,25.4
2023-08-04 09:00:00+05:30,229.38,26.15
2023-08-04 10:00:00+05:30,299.99,26.95
2023-08-04 11:00:00+05:30,276.25,28.16
2023-08-04 12:00:00+05:30,358.5,28.52
2023-08-04 13:00:00+05:30,251.49,29.29
2023-08-04 14:00:00+05:30,302.73,29.55
2023-08-04 15:00:00+05:30,226.71,29.86
2023-08-04 16:00:00+05:30,202.28,29.86
2023-08-04 17:00:00+05:30,164.08,29.88
2023-08-04 18:00:00+05:30,60.16,29.68
2023-08-04 19:00:00+05:30,8.73,29.08
2023-08-04 20:00:00+05:30,0.0,28.36
2023-08-04 21:00:00+05:30,0.0,27.82
2023-08-04 22:00:00+05:30,0.0,27.44
2023-08-04 23:00:00+05:30,0.0,27.06
2023-08-05 00:00:00+05:30,0.0,26.78
2023-08-05 01:00:00+05:30,0.0,26.74
2023-08-05 02:00:00+05:30,0.0,26.37
2023-08-05 03:00:00+05:30,0.0,26.16
2023-08-05 04:00:00+05:30,0.0,25.73
2023-08-05 05:00:00+05:30,0.0,25.46
2023-08-05 06:00:00+05:30,5.73,25.36
2023-08-05 07:00:00+05:30,65.68,25.28
2023-08-05 08:00:00+05:30,179.21,25.79
2023-08-05 09:00:00+05:30,344.04,26.73
2023-08-05 10:00:00+05:30,384.1,28.08
2023-08-05 11:00:00+05:30,541.03,28.99
2023-08-05 12:00:00+05:30,369.13,30.18
2023-08-05 13:00:00+05:30,403.67,30.18
2023-08-05 14:00:00+05:30,513.61,30.81
2023-08-05 15:00:00+05:30,441.52,31.49
2023-08-05 16:00:00+05:30,389.22,31.67
2023-08-05 17:00:00+05:30,209.2,31.75
2023-08-05 18:00:00+05:30,82.94,31.17
2023-08-05 19:00:00+05:30,9.61,30.18
2023-08-05 20:00:00+05:30,0.0,29.14
2023-08-05 21:00:00+05:30,0.0,28.53
2023-08-05 22:00:00+05:30,0.0,28.13
2023-08-05 23:00:00+05:30,0.0,27.7
2023-08-06 00:00:00+05:30,0.0,27.24
2023-08-06 01:00:00+05:30,0.0,27.16
2023-08-06 02:00:00+05:30,0.0,26.77
2023-08-06 03:00:00+05:30,0.0,26.31
2023-08-06 04:00:00+05:30,0.0,25.86
2023-08-06 05:00:00+05:30,0.0,25.47
2023-08-06 06:00:00+05:30,10.42,25.13
2023-08-06 07:00:00+05:30,119.71,25.0
2023-08-06 08:00:00+05:30,268.59,25.62
2023-08-06 09:00:00+05:30,437.57,26.55
2023-08-06 10:00:00+05:30,510.24,27.73
2023-08-06 11:00:00+05:30,578.62,28.7
2023-08-06 12:00:00+05:30,666.28,29.45
2023-08-06 13:00:00+05:30,577.59,30.66
2023-08-06 14:00:00+05:30,567.26,30.94
2023-08-06 15:00:00+05:30,499.9,31.21
2023-08-06 16:00:00+05:30,351.67,31.28
2023-08-06 17:00:00+05:30,207.57,30.93
2023-08-06 18:00:00+05:30,88.52,30.41
2023-08-06 19:00:00+05:30,8.05,29.71
2023-08-06 20:00:00+05:30,0.0,28.95
2023-08-06 21:00:00+05:30,0.0,28.05
2023-08-06 22:00:00+05:30,0.0,27.31
2023-08-06 23:00:00+05:30,0.0,26.56
2023-08-07 00:00:00+05:30,0.0,26.05
2023-08-07 01:00:00+05:30,0.0,25.72
2023-08-07 02:00:00+05:30,0.0,25.37
2023-08-07 03:00:00+05:30,0.0,25.03
2023-08-07 04:00:00+05:30,0.0,24.75
2023-08-07 05:00:00+05:30,0.0,24.47
2023-08-07 06:00:00+05:30,8.65,24.42
2023-08-07 07:00:00+05:30,91.22,24.52
2023-08-07 08:00:00+05:30,196.96,24.92
2023-08-07 09:00:00+05:30,320.19,25.4
2023-08-07 10:00:00+05:30,467.24,26.11
2023-08-07 11:00:00+05:30,468.07,27.15
2023-08-07 12:00:00+05:30,413.52,27.95
2023-08-07 13:00:00+05:30,406.46,28.76
2023-08-07 14:00:00+05:30,462.35,29.17
2023-08-07 15:00:00+05:30,364.48,29.81
2023-08-07 16:00:00+05:30,307.66,29.65
2023-08-07 17:00:00+05:30,162.65,29.6
2023-08-07 18:00:00+05:30,65.43,29.13
2023-08-07 19:00:00+05:30,8.2,28.46
2023-08-07 20:00:00+05:30,0.0,27.87
2023-08-07 21:00:00+05:30,0.0,27.4
2023-08-07 22:00:00+05:30,0.0,26.8
2023-08-07 23:00:00+05:30,0.0,26.13
2023-08-08 00:00:00+05:30,0.0,25.7
2023-08-08 01:00:00+05:30,0.0,25.25
2023-08-08 02:00:00+05:30,0.0,24.85
2023-08-08 03:00:00+05:30,0.0,24.45
2023-08-08 04:00:00+05:30,0.0,24.12
2023-08-08 05:00:00+05:30,0.0,24.15
2023-08-08 06:00:00+05:30,6.16,24.32
2023-08-08 07:00:00+05:30,82.24,24.42
2023-08-08 08:00:00+05:30,202.65,24.74
2023-08-08 09:00:00+05:30,345.35,25.33
2023-08-08 10:00:00+05:30,477.08,26.38
2023-08-08 11:00:00+05:30,661.55,27.77
2023-08-08 12:00:00+05:30,553.49,29.3
2023-08-08 13:00:00+05:30,536.78,29.67
2023-08-08 14:00:00+05:30,476.09,30.23
2023-08-08 15:00:00+05:30,325.88,30.55
2023-08-08 16:00:00+05:30,240.06,30.27
2023-08-08 17:00:00+05:30,178.52,29.83
2023-08-08 18:00:00+05:30,82.35,29.33
2023-08-08 19:00:00+05:30,8.2,28.61
2023-08-08 20:00:00+05:30,0.0,27.83
2023-08-08 21:00:00+05:30,0.0,27.14
2023-08-08 22:00:00+05:30,0.0,26.72
2023-08-08 23:00:00+05:30,0.0,26.09
2023-08-09 00:00:00+05:30,0.0,25.68
2023-08-09 01:00:00+05:30,0.0,25.41
2023-08-09 02:00:00+05:30,0.0,25.01
2023-08-09 03:00:00+05:30,0.0,24.67
2023-08-09 04:00:00+05:30,0.0,24.43
2023-08-09 05:00:00+05:30,0.0,24.18
2023-08-09 06:00:00+05:30,8.74,24.0
2023-08-09 07:00:00+05:30,124.86,24.0
2023-08-09 08:00:00+05:30,284.66,24.76
2023-08-09 09:00:00+05:30,418.34,25.79
2023-08-09 10:00:00+05:30,545.14,26.69
2023-08-09 11:00:00+05:30,602.11,27.9
2023-08-09 12:00:00+05:30,561.01,28.95
2023-08-09 13:00:00+05:30,434.99,29.7
2023-08-09 14:00:00+05:30,457.18,29.81
2023-08-09 15:00:00+05:30,392.01,30.18
2023-08-09 16:00:00+05:30,335.87,30.39
2023-08-09 17:00:00+05:30,181.5,30.32
2023-08-09 18:00:00+05:30,88.36,29.57
2023-08-09 19:00:00+05:30,7.32,28.82
2023-08-09 20:00:00+05:30,0.0,28.06
2023-08-09 21:00:00+05:30,0.0,27.54
2023-08-09 22:00:00+05:30,0.0,26.86
2023-08-09 23:00:00+05:30,0.0,26.18
2023-08-10 00:00:00+05:30,0.0,25.83
2023-08-10 01:00:00+05:30,0.0,25.59
2023-08-10 02:00:00+05:30,0.0,25.16
2023-08-10 03:00:00+05:30,0.0,24.75
2023-08-10 04:00:00+05:30,0.0,24.43
2023-08-10 05:00:00+05:30,0.0,24.21
2023-08-10 06:00:00+05:30,6.55,24.25
2023-08-10 07:00:00+05:30,83.76,24.25
2023-08-10 08:00:00+05:30,205.27,24.95
2023-08-10 09:00:00+05:30,297.98,26.07
2023-08-10 10:00:00+05:30,401.81,27.23
2023-08-10 11:00:00+05:30,378.99,28.33
2023-08-10 12:00:00+05:30,629.76,28.74
2023-08-10 13:00:00+05:30,579.89,29.81
2023-08-10 14:00:00+05:30,579.13,30.28
2023-08-10 15:00:00+05:30,475.06,30.81
2023-08-10 16:00:00+05:30,367.09,30.92
2023-08-10 17:00:00+05:30,237.26,30.84
2023-08-10 18:00:00+05:30,111.79,30.36
2023-08-10 19:00:00+05:30,9.42,29.4
2023-08-10 20:00:00+05:30,0.0,28.28
2023-08-10 21:00:00+05:30,0.0,27.44
2023-08-10 22:00:00+05:30,0.0,26.82
2023-08-10 23:00:00+05:30,0.0,26.33
2023-08-11 00:00:00+05:30,0.0,25.92
2023-08-11 01:00:00+05:30,0.0,25.78
2023-08-11 02:00:00+05:30,0.0,25.35
2023-08-11 03:00:00+05:30,0.0,24.94
2023-08-11 04:00:00+05:30,0.0,24.58
2023-08-11 05:00:00+05:30,0.0,24.33
2023-08-11 06:00:00+05:30,0.0,24.04
2023-08-11 07:00:00+05:30,130.75,23.94
2023-08-11 08:00:00+05:30,308.73,24.8
2023-08-11 09:00:00+05:30,436.52,26.19
2023-08-11 10:00:00+05:30,519.81,27.58
2023-08-11 11:00:00+05:30,592.86,28.68
2023-08-11 12:00:00+05:30,765.34,29.65
2023-08-11 13:00:00+05:30,684.77,30.74
2023-08-11 14:00:00+05:30,589.13,31.16
2023-08-11 15:00:00+05:30,453.21,31.27
2023-08-11 16:00:00+05:30,369.99,31.15
2023-08-11 17:00:00+05:30,211.12,30.9
2023-08-11 18:00:00+05:30,95.39,30.27
2023-08-11 19:00:00+05:30,7.9,29.37
2023-08-11 20:00:00+05:30,0.0,28.54
2023-08-11 21:00:00+05:30,0.0,27.77
2023-08-11 22:00:00+05:30,0.0,27.03
2023-08-11 23:00:00+05:30,0.0,26.28
2023-08-12 00:00:00+05:30,0.0,25.61
2023-08-12 01:00:00+05:30,0.0,25.64
2023-08-12 02:00:00+05:30,0.0,25.25
2023-08-12 03:00:00+05:30,0.0,24.86
2023-08-12 04:00:00+05:30,0.0,24.53
2023-08-12 05:00:00+05:30,0.0,24.33
2023-08-12 06:00:00+05:30,0.0,24.14
2023-08-12 07:00:00+05:30,125.53,24.08
2023-08-12 08:00:00+05:30,289.65,24.93
2023-08-12 09:00:00+05:30,399.83,26.26
2023-08-12 10:00:00+05:30,449.4,27.7
2023-08-12 11:00:00+05:30,597.48,28.64
2023-08-12 12:00:00+05:30,673.16,29.67
2023-08-12 13:00:00+05:30,585.97,30.6
2023-08-12 14:00:00+05:30,573.12,30.84
2023-08-12 15:00:00+05:30,392.01,31.07
2023-08-12 16:00:00+05:30,261.8,30.81
2023-08-12 17:00:00+05:30,161.91,30.44
2023-08-12 18:00:00+05:30,69.21,29.89
2023-08-12 19:00:00+05:30,7.85,29.23
2023-08-12 20:00:00+05:30,0.0,28.52
2023-08-12 21:00:00+05:30,0.0,27.85
2023-08-12 22:00:00+05:30,0.0,27.17
2023-08-12 23:00:00+05:30,0.0,26.47
2023-08-13 00:00:00+05:30,0.0,25.85
2023-08-13 01:00:00+05:30,0.0,25.45
2023-08-13 02:00:00+05:30,0.0,25.03
2023-08-13 03:00:00+05:30,0.0,24.67
2023-08-13 04:00:00+05:30,0.0,24.42
2023-08-13 05:00:00+05:30,0.0,24.22
2023-08-13 06:00:00+05:30,0.0,24.11
2023-08-13 07:00:00+05:30,68.46,24.25
2023-08-13 08:00:00+05:30,158.31,24.75
2023-08-13 09:00:00+05:30,196.94,25.63
2023-08-13 10:00:00+05:30,334.14,26.48
2023-08-13 11:00:00+05:30,425.93,27.57
2023-08-13 12:00:00+05:30,418.13,28.46
2023-08-13 13:00:00+05:30,444.71,28.96
2023-08-13 14:00:00+05:30,317.03,29.6
2023-08-13 15:00:00+05:30,305.24,29.59
2023-08-13 16:00:00+05:30,238.72,29.65
2023-08-13 17:00:00+05:30,128.5,29.55
2023-08-13 18:00:00+05:30,69.64,29.1
2023-08-13 19:00:00+05:30,7.27,28.49
2023-08-13 20:00:00+05:30,0.0,27.71
2023-08-13 21:00:00+05:30,0.0,27.05
2023-08-13 22:00:00+05:30,0.0,26.56
2023-08-13 23:00:00+05:30,0.0,26.05
2023-08-14 00:00:00+05:30,0.0,25.66
2023-08-14 01:00:00+05:30,0.0,25.25
2023-08-14 02:00:00+05:30,0.0,24.87
2023-08-14 03:00:00+05:30,0.0,24.63
2023-08-14 04:00:00+05:30,0.0,24.42
2023-08-14 05:00:00+05:30,0.0,24.47
2023-08-14 06:00:00+05:30,0.0,24.68
2023-08-14 07:00:00+05:30,29.81,24.78
2023-08-14 08:00:00+05:30,55.13,25.17
2023-08-14 09:00:00+05:30,104.2,25.53
2023-08-14 10:00:00+05:30,175.92,25.86
2023-08-14 11:00:00+05:30,299.41,26.33
2023-08-14 12:00:00+05:30,389.23,26.95
2023-08-14 13:00:00+05:30,430.75,28.2
2023-08-14 14:00:00+05:30,391.73,28.69
2023-08-14 15:00:00+05:30,368.19,29.14
2023-08-14 16:00:00+05:30,247.77,29.45
2023-08-14 17:00:00+05:30,144.11,29.2
2023-08-14 18:00:00+05:30,63.13,28.65
2023-08-14 19:00:00+05:30,5.85,28.11
2023-08-14 20:00:00+05:30,0.0,27.42
2023-08-14 21:00:00+05:30,0.0,26.99
2023-08-14 22:00:00+05:30,0.0,26.57
2023-08-14 23:00:00+05:30,0.0,26.26
2023-08-15 00:00:00+05:30,0.0,25.91
2023-08-15 01:00:00+05:30,0.0,25.52
2023-08-15 02:00:00+05:30,0.0,25.3
2023-08-15 03:00:00+05:30,0.0,25.0
2023-08-15 04:00:00+05:30,0.0,24.71
2023-08-15 05:00:00+05:30,0.0,24.42
2023-08-15 06:00:00+05:30,0.0,24.11
2023-08-15 07:00:00+05:30,98.57,23.91
2023-08-15 08:00:00+05:30,204.35,25.14
2023-08-15 09:00:00+05:30,379.67,26.31
2023-08-15 10:00:00+05:30,471.0,27.48
2023-08-15 11:00:00+05:30,562.79,28.42
2023-08-15 12:00:00+05:30,641.13,29.25
2023-08-15 13:00:00+05:30,666.2,30.25
2023-08-15 14:00:00+05:30,559.71,30.91
2023-08-15 15:00:00+05:30,438.18,30.99
2023-08-15 16:00:00+05:30,319.88,30.92
2023-08-15 17:00:00+05:30,221.36,30.36
2023-08-15 18:00:00+05:30,106.28,30.06
2023-08-15 19:00:00+05:30,6.93,29.42
2023-08-15 20:00:00+05:30,0.0,28.45
2023-08-15 21:00:00+05:30,0.0,27.68
2023-08-15 22:00:00+05:30,0.0,27.43
2023-08-15 23:00:00+05:30,0.0,27.03
2023-08-16 00:00:00+05:30,0.0,26.64
2023-08-16 01:00:00+05:30,0.0,26.47
2023-08-16 02:00:00+05:30,0.0,26.18
2023-08-16 03:00:00+05:30,0.0,25.84
2023-08-16 04:00:00+05:30,0.0,25.57
2023-08-16 05:00:00+05:30,0.0,25.27
2023-08-16 06:00:00+05:30,0.0,25.02
2023-08-16 07:00:00+05:30,104.07,24.87
2023-08-16 08:00:00+05:30,237.81,25.61
2023-08-16 09:00:00+05:30,399.5,26.84
2023-08-16 10:00:00+05:30,553.91,28.37
2023-08-16 11:00:00+05:30,624.34,29.95
2023-08-16 12:00:00+05:30,458.54,31.19
2023-08-16 13:00:00+05:30,582.55,30.93
2023-08-16 14:00:00+05:30,613.18,31.88
2023-08-16 15:00:00+05:30,521.12,32.49
2023-08-16 16:00:00+05:30,408.01,32.5
2023-08-16 17:00:00+05:30,252.81,32.32
2023-08-16 18:00:00+05:30,106.96,31.81
2023-08-16 19:00:00+05:30,0.0,30.77
2023-08-16 20:00:00+05:30,0.0,29.71
2023-08-16 21:00:00+05:30,0.0,28.89
2023-08-16 22:00:00+05:30,0.0,28.47
2023-08-16 23:00:00+05:30,0.0,28.03
2023-08-17 00:00:00+05:30,0.0,27.56
2023-08-17 01:00:00+05:30,0.0,27.39
2023-08-17 02:00:00+05:30,0.0,26.83
2023-08-17 03:00:00+05:30,0.0,26.41
2023-08-17 04:00:00+05:30,0.0,25.94
2023-08-17 05:00:00+05:30,0.0,25.51
2023-08-17 06:00:00+05:30,0.0,25.16
2023-08-17 07:00:00+05:30,116.44,24.9
2023-08-17 08:00:00+05:30,294.79,25.52
2023-08-17 09:00:00+05:30,456.15,26.76
2023-08-17 10:00:00+05:30,609.0,28.19
2023-08-17 11:00:00+05:30,675.84,29.74
2023-08-17 12:00:00+05:30,769.11,30.98
2023-08-17 13:00:00+05:30,728.64,32.12
2023-08-17 14:00:00+05:30,635.93,32.43
2023-08-17 15:00:00+05:30,504.58,32.63
2023-08-17 16:00:00+05:30,417.16,32.6
2023-08-17 17:00:00+05:30,253.42,32.48
2023-08-17 18:00:00+05:30,107.57,31.89
2023-08-17 19:00:00+05:30,0.0,30.87
2023-08-17 20:00:00+05:30,0.0,29.54
2023-08-17 21:00:00+05:30,0.0,28.76
2023-08-17 22:00:00+05:30,0.0,28.08
2023-08-17 23:00:00+05:30,0.0,27.48
2023-08-18 00:00:00+05:30,0.0,26.77
2023-08-18 01:00:00+05:30,0.0,26.59
2023-08-18 02:00:00+05:30,0.0,26.09
2023-08-18 03:00:00+05:30,0.0,25.65
2023-08-18 04:00:00+05:30,0.0,25.36
2023-08-18 05:00:00+05:30,0.0,25.17
2023-08-18 06:00:00+05:30,0.0,25.1
2023-08-18 07:00:00+05:30,116.88,24.99
2023-08-18 08:00:00+05:30,288.96,25.7
2023-08-18 09:00:00+05:30,470.76,27.01
2023-08-18 10:00:00+05:30,597.36,28.57
2023-08-18 11:00:00+05:30,695.39,30.15
2023-08-18 12:00:00+05:30,776.72,31.59
2023-08-18 13:00:00+05:30,763.67,32.72
2023-08-18 14:00:00+05:30,614.27,33.41
2023-08-18 15:00:00+05:30,524.24,33.63
2023-08-18 16:00:00+05:30,417.28,33.66
2023-08-18 17:00:00+05:30,259.8,33.58
2023-08-18 18:00:00+05:30,108.0,33.11
2023-08-18 19:00:00+05:30,0.0,32.12
2023-08-18 20:00:00+05:30,0.0,30.8
2023-08-18 21:00:00+05:30,0.0,29.49
2023-08-18 22:00:00+05:30,0.0,28.33
2023-08-18 23:00:00+05:30,0.0,27.87
2023-08-19 00:00:00+05:30,0.0,27.47
2023-08-19 01:00:00+05:30,0.0,27.57
2023-08-19 02:00:00+05:30,0.0,27.12
2023-08-19 03:00:00+05:30,0.0,26.65
2023-08-19 04:00:00+05:30,0.0,26.41
2023-08-19 05:00:00+05:30,0.0,26.2
2023-08-19 06:00:00+05:30,0.0,26.06
2023-08-19 07:00:00+05:30,77.5,26.01
2023-08-19 08:00:00+05:30,173.67,26.6
2023-08-19 09:00:00+05:30,211.48,27.72
2023-08-19 10:00:00+05:30,424.63,28.63
2023-08-19 11:00:00+05:30,524.28,29.82
2023-08-19 12:00:00+05:30,600.56,30.48
2023-08-19 13:00:00+05:30,633.53,30.37
2023-08-19 14:00:00+05:30,592.44,31.25
2023-08-19 15:00:00+05:30,508.2,31.74
2023-08-19 16:00:00+05:30,413.1,31.99
2023-08-19 17:00:00+05:30,269.09,32.06
2023-08-19 18:00:00+05:30,105.15,31.9
2023-08-19 19:00:00+05:30,0.0,31.32
2023-08-19 20:00:00+05:30,0.0,30.55
2023-08-19 21:00:00+05:30,0.0,29.61
2023-08-19 22:00:00+05:30,0.0,28.79
2023-08-19 23:00:00+05:30,0.0,28.35
2023-08-20 00:00:00+05:30,0.0,27.94
2023-08-20 01:00:00+05:30,0.0,27.76
2023-08-20 02:00:00+05:30,0.0,27.18
2023-08-20 03:00:00+05:30,0.0,26.97
2023-08-20 04:00:00+05:30,0.0,26.72
2023-08-20 05:00:00+05:30,0.0,26.51
2023-08-20 06:00:00+05:30,0.0,26.19
2023-08-20 07:00:00+05:30,112.47,25.95
2023-08-20 08:00:00+05:30,270.03,27.36
2023-08-20 09:00:00+05:30,427.36,28.75
2023-08-20 10:00:00+05:30,454.58,29.9
2023-08-20 11:00:00+05:30,562.45,30.64
2023-08-20 12:00:00+05:30,626.52,31.46
2023-08-20 13:00:00+05:30,687.66,32.74
2023-08-20 14:00:00+05:30,585.77,33.26
2023-08-20 15:00:00+05:30,430.5,32.68
2023-08-20 16:00:00+05:30,396.34,32.1
2023-08-20 17:00:00+05:30,181.57,32.04
2023-08-20 18:00:00+05:30,65.33,30.96
2023-08-20 19:00:00+05:30,0.0,30.08
2023-08-20 20:00:00+05:30,0.0,29.14
2023-08-20 21:00:00+05:30,0.0,28.32
2023-08-20 22:00:00+05:30,0.0,28.12
2023-08-20 23:00:00+05:30,0.0,28.1
2023-08-21 00:00:00+05:30,0.0,27.59
2023-08-21 01:00:00+05:30,0.0,27.33
2023-08-21 02:00:00+05:30,0.0,26.93
2023-08-21 03:00:00+05:30,0.0,26.58
2023-08-21 04:00:00+05:30,0.0,26.55
2023-08-21 05:00:00+05:30,0.0,26.35
2023-08-21 06:00:00+05:30,0.0,26.17
2023-08-21 07:00:00+05:30,93.6,26.07
2023-08-21 08:00:00+05:30,221.78,27.01
2023-08-21 09:00:00+05:30,371.1,28.24
2023-08-21 10:00:00+05:30,513.46,29.67
2023-08-21 11:00:00+05:30,574.45,31.0
2023-08-21 12:00:00+05:30,727.44,31.97
2023-08-21 13:00:00+05:30,645.52,33.44
2023-08-21 14:00:00+05:30,561.93,33.64
2023-08-21 15:00:00+05:30,388.92,33.63
2023-08-21 16:00:00+05:30,324.37,33.33
2023-08-21 17:00:00+05:30,223.62,33.0
2023-08-21 18:00:00+05:30,94.45,32.78
2023-08-21 19:00:00+05:30,0.0,31.75
2023-08-21 20:00:00+05:30,0.0,30.64
2023-08-21 21:00:00+05:30,0.0,29.77
2023-08-21 22:00:00+05:30,0.0,29.24
2023-08-21 23:00:00+05:30,0.0,28.71
2023-08-22 00:00:00+05:30,0.0,28.35
2023-08-22 01:00:00+05:30,0.0,28.26
2023-08-22 02:00:00+05:30,0.0,27.86
2023-08-22 03:00:00+05:30,0.0,27.61
2023-08-22 04:00:00+05:30,0.0,27.3
2023-08-22 05:00:00+05:30,0.0,27.07
2023-08-22 06:00:00+05:30,0.0,26.84
2023-08-22 07:00:00+05:30,88.38,26.69
2023-08-22 08:00:00+05:30,235.57,27.25
2023-08-22 09:00:00+05:30,380.79,28.18
2023-08-22 10:00:00+05:30,489.63,29.5
2023-08-22 11:00:00+05:30,578.96,30.96
2023-08-22 12:00:00+05:30,721.53,32.27
2023-08-22 13:00:00+05:30,640.8,34.29
2023-08-22 14:00:00+05:30,598.5,34.81
2023-08-22 15:00:00+05:30,434.4,35.22
2023-08-22 16:00:00+05:30,300.12,35.14
2023-08-22 17:00:00+05:30,182.31,34.62
2023-08-22 18:00:00+05:30,71.17,33.33
2023-08-22 19:00:00+05:30,0.0,31.86
2023-08-22 20:00:00+05:30,0.0,30.68
2023-08-22 21:00:00+05:30,0.0,29.85
2023-08-22 22:00:00+05:30,0.0,29.15
2023-08-22 23:00:00+05:30,0.0,28.74
2023-08-23 00:00:00+05:30,0.0,28.56
2023-08-23 01:00:00+05:30,0.0,27.73
2023-08-23 02:00:00+05:30,0.0,27.28
2023-08-23 03:00:00+05:30,0.0,26.4
2023-08-23 04:00:00+05:30,0.0,25.96
2023-08-23 05:00:00+05:30,0.0,25.51
2023-08-23 06:00:00+05:30,0.0,25.25
2023-08-23 07:00:00+05:30,24.54,25.32
2023-08-23 08:00:00+05:30,57.47,25.61
2023-08-23 09:00:00+05:30,105.47,25.89
2023-08-23 10:00:00+05:30,179.91,26.35
2023-08-23 11:00:00+05:30,257.73,27.08
2023-08-23 12:00:00+05:30,273.95,27.86
2023-08-23 13:00:00+05:30,241.04,28.2
2023-08-23 14:00:00+05:30,208.84,28.37
2023-08-23 15:00:00+05:30,231.86,28.35
2023-08-23 16:00:00+05:30,223.36,28.64
2023-08-23 17:00:00+05:30,114.55,28.98
2023-08-23 18:00:00+05:30,41.19,28.77
2023-08-23 19:00:00+05:30,0.0,28.31
2023-08-23 20:00:00+05:30,0.0,27.85
2023-08-23 21:00:00+05:30,0.0,27.53
2023-08-23 22:00:00+05:30,0.0,27.3
2023-08-23 23:00:00+05:30,0.0,27.0
2023-08-24 00:00:00+05:30,0.0,26.69
2023-08-24 01:00:00+05:30,0.0,26.06
2023-08-24 02:00:00+05:30,0.0,25.66
2023-08-24 03:00:00+05:30,0.0,25.35
2023-08-24 04:00:00+05:30,0.0,25.01
2023-08-24 05:00:00+05:30,0.0,24.75
2023-08-24 06:00:00+05:30,0.0,24.38
2023-08-24 07:00:00+05:30,114.85,24.09
2023-08-24 08:00:00+05:30,285.65,24.66
2023-08-24 09:00:00+05:30,429.57,25.71
2023-08-24 10:00:00+05:30,574.58,26.69
2023-08-24 11:00:00+05:30,663.83,27.97
2023-08-24 12:00:00+05:30,565.66,29.14
2023-08-24 13:00:00+05:30,543.17,29.77
2023-08-24 14:00:00+05:30,391.99,30.18
2023-08-24 15:00:00+05:30,321.91,29.97
2023-08-24 16:00:00+05:30,218.33,29.88
2023-08-24 17:00:00+05:30,105.82,29.62
2023-08-24 18:00:00+05:30,35.4,29.15
2023-08-24 19:00:00+05:30,0.0,28.74
2023-08-24 20:00:00+05:30,0.0,28.29
2023-08-24 21:00:00+05:30,0.0,27.82
2023-08-24 22:00:00+05:30,0.0,27.3
2023-08-24 23:00:00+05:30,0.0,26.76
2023-08-25 00:00:00+05:30,0.0,26.01
2023-08-25 01:00:00+05:30,0.0,25.55
2023-08-25 02:00:00+05:30,0.0,24.9
2023-08-25 03:00:00+05:30,0.0,24.35
2023-08-25 04:00:00+05:30,0.0,24.07
2023-08-25 05:00:00+05:30,0.0,23.88
2023-08-25 06:00:00+05:30,0.0,23.99
2023-08-25 07:00:00+05:30,105.66,23.99
2023-08-25 08:00:00+05:30,245.91,24.75
2023-08-25 09:00:00+05:30,430.84,25.74
2023-08-25 10:00:00+05:30,536.27,27.03
2023-08-25 11:00:00+05:30,610.77,28.37
2023-08-25 12:00:00+05:30,480.76,29.18
2023-08-25 13:00:00+05:30,450.01,29.82
2023-08-25 14:00:00+05:30,485.74,30.04
2023-08-25 15:00:00+05:30,414.09,30.37
2023-08-25 16:00:00+05:30,300.71,30.6
2023-08-25 17:00:00+05:30,188.97,30.4
2023-08-25 18:00:00+05:30,77.2,29.99
2023-08-25 19:00:00+05:30,0.0,29.18
2023-08-25 20:00:00+05:30,0.0,28.42
2023-08-25 21:00:00+05:30,0.0,27.79
2023-08-25 22:00:00+05:30,0.0,26.95
2023-08-25 23:00:00+05:30,0.0,26.53
2023-08-26 00:00:00+05:30,0.0,25.91
2023-08-26 01:00:00+05:30,0.0,25.32
2023-08-26 02:00:00+05:30,0.0,25.05
2023-08-26 03:00:00+05:30,0.0,24.73
2023-08-26 04:00:00+05:30,0.0,24.64
2023-08-26 05:00:00+05:30,0.0,24.56
2023-08-26 06:00:00+05:30,0.0,24.6
2023-08-26 07:00:00+05:30,104.65,24.72
2023-08-26 08:00:00+05:30,247.51,25.48
2023-08-26 09:00:00+05:30,388.28,26.49
2023-08-26 10:00:00+05:30,523.24,27.68
2023-08-26 11:00:00+05:30,649.36,28.91
2023-08-26 12:00:00+05:30,681.22,30.18
2023-08-26 13:00:00+05:30,616.54,30.89
2023-08-26 14:00:00+05:30,673.68,31.22
2023-08-26 15:00:00+05:30,586.72,31.67
2023-08-26 16:00:00+05:30,450.57,31.78
2023-08-26 17:00:00+05:30,279.49,31.47
2023-08-26 18:00:00+05:30,105.01,30.9
2023-08-26 19:00:00+05:30,0.0,29.56
2023-08-26 20:00:00+05:30,0.0,28.21
2023-08-26 21:00:00+05:30,0.0,27.41
2023-08-26 22:00:00+05:30,0.0,26.93
2023-08-26 23:00:00+05:30,0.0,26.52
2023-08-27 00:00:00+05:30,0.0,26.17
2023-08-27 01:00:00+05:30,0.0,25.78
2023-08-27 02:00:00+05:30,0.0,25.16
2023-08-27 03:00:00+05:30,0.0,24.56
2023-08-27 04:00:00+05:30,0.0,24.04
2023-08-27 05:00:00+05:30,0.0,23.73
2023-08-27 06:00:00+05:30,0.0,23.71
2023-08-27 07:00:00+05:30,99.53,24.04
2023-08-27 08:00:00+05:30,291.06,24.76
2023-08-27 09:00:00+05:30,453.95,26.28
2023-08-27 10:00:00+05:30,610.03,27.77
2023-08-27 11:00:00+05:30,707.99,29.36
2023-08-27 12:00:00+05:30,682.86,30.61
2023-08-27 13:00:00+05:30,634.81,31.4
2023-08-27 14:00:00+05:30,644.23,31.86
2023-08-27 15:00:00+05:30,464.65,32.23
2023-08-27 16:00:00+05:30,383.01,31.39
2023-08-27 17:00:00+05:30,202.92,31.44
2023-08-27 18:00:00+05:30,74.23,30.8
2023-08-27 19:00:00+05:30,0.0,29.65
2023-08-27 20:00:00+05:30,0.0,28.67
2023-08-27 21:00:00+05:30,0.0,27.96
2023-08-27 22:00:00+05:30,0.0,27.18
2023-08-27 23:00:00+05:30,0.0,26.6
2023-08-28 00:00:00+05:30,0.0,26.06
2023-08-28 01:00:00+05:30,0.0,25.52
2023-08-28 02:00:00+05:30,0.0,25.24
2023-08-28 03:00:00+05:30,0.0,24.96
2023-08-28 04:00:00+05:30,0.0,24.85
2023-08-28 05:00:00+05:30,0.0,24.89
2023-08-28 06:00:00+05:30,0.0,24.87
2023-08-28 07:00:00+05:30,104.93,24.64
2023-08-28 08:00:00+05:30,259.2,25.08
2023-08-28 09:00:00+05:30,441.6,26.07
2023-08-28 10:00:00+05:30,571.35,27.47
2023-08-28 11:00:00+05:30,691.68,28.92
2023-08-28 12:00:00+05:30,739.0,30.29
2023-08-28 13:00:00+05:30,739.2,31.49
2023-08-28 14:00:00+05:30,664.04,32.15
2023-08-28 15:00:00+05:30,568.66,32.49
2023-08-28 16:00:00+05:30,398.61,32.59
2023-08-28 17:00:00+05:30,264.12,32.33
2023-08-28 18:00:00+05:30,96.27,31.72
2023-08-28 19:00:00+05:30,0.0,30.21
2023-08-28 20:00:00+05:30,0.0,28.83
2023-08-28 21:00:00+05:30,0.0,27.92
2023-08-28 22:00:00+05:30,0.0,27.31
2023-08-28 23:00:00+05:30,0.0,26.85
2023-08-29 00:00:00+05:30,0.0,26.39
2023-08-29 01:00:00+05:30,0.0,25.68
2023-08-29 02:00:00+05:30,0.0,25.11
2023-08-29 03:00:00+05:30,0.0,24.59
2023-08-29 04:00:00+05:30,0.0,24.14
2023-08-29 05:00:00+05:30,0.0,23.86
2023-08-29 06:00:00+05:30,0.0,23.66
2023-08-29 07:00:00+05:30,115.24,23.54
2023-08-29 08:00:00+05:30,288.95,24.55
2023-08-29 09:00:00+05:30,461.8,26.06
2023-08-29 10:00:00+05:30,602.19,27.55
2023-08-29 11:00:00+05:30,710.33,29.1
2023-08-29 12:00:00+05:30,608.84,30.46
2023-08-29 13:00:00+05:30,685.9,31.36
2023-08-29 14:00:00+05:30,674.37,32.25
2023-08-29 15:00:00+05:30,547.43,32.8
2023-08-29 16:00:00+05:30,415.42,32.98
2023-08-29 17:00:00+05:30,264.83,32.84
2023-08-29 18:00:00+05:30,95.51,32.27
2023-08-29 19:00:00+05:30,0.0,30.73
2023-08-29 20:00:00+05:30,0.0,29.27
2023-08-29 21:00:00+05:30,0.0,28.27
2023-08-29 22:00:00+05:30,0.0,27.58
2023-08-29 23:00:00+05:30,0.0,26.97
2023-08-30 00:00:00+05:30,0.0,26.32
2023-08-30 01:00:00+05:30,0.0,26.35
2023-08-30 02:00:00+05:30,0.0,25.84
2023-08-30 03:00:00+05:30,0.0,25.35
2023-08-30 04:00:00+05:30,0.0,24.95
2023-08-30 05:00:00+05:30,0.0,24.58
2023-08-30 06:00:00+05:30,0.0,24.41
2023-08-30 07:00:00+05:30,111.78,24.32
2023-08-30 08:00:00+05:30,279.7,25.44
2023-08-30 09:00:00+05:30,445.69,27.35
2023-08-30 10:00:00+05:30,586.65,29.2
2023-08-30 11:00:00+05:30,693.47,30.89
2023-08-30 12:00:00+05:30,698.75,32.29
2023-08-30 13:00:00+05:30,706.99,32.86
2023-08-30 14:00:00+05:30,632.18,33.46
2023-08-30 15:00:00+05:30,480.0,33.76
2023-08-30 16:00:00+05:30,362.52,33.58
2023-08-30 17:00:00+05:30,184.14,32.98
2023-08-30 18:00:00+05:30,66.22,31.84
2023-08-30 19:00:00+05:30,0.0,31.17
2023-08-30 20:00:00+05:30,0.0,30.25
2023-08-30 21:00:00+05:30,0.0,29.23
2023-08-30 22:00:00+05:30,0.0,28.48
2023-08-30 23:00:00+05:30,0.0,27.88
2023-08-31 00:00:00+05:30,0.0,27.37
2023-08-31 01:00:00+05:30,0.0,26.87
2023-08-31 02:00:00+05:30,0.0,26.48
2023-08-31 03:00:00+05:30,0.0,26.05
2023-08-31 04:00:00+05:30,0.0,25.67
2023-08-31 05:00:00+05:30,0.0,25.35
2023-08-31 06:00:00+05:30,0.0,25.03
2023-08-31 07:00:00+05:30,112.03,24.76
2023-08-31 08:00:00+05:30,280.43,25.65
2023-08-31 09:00:00+05:30,440.59,27.43
2023-08-31 10:00:00+05:30,594.89,29.32
2023-08-31 11:00:00+05:30,635.54,31.13
2023-08-31 12:00:00+05:30,645.35,32.29
2023-08-31 13:00:00+05:30,646.53,33.28
2023-08-31 14:00:00+05:30,575.76,33.69
2023-08-31 15:00:00+05:30,476.06,33.81
2023-08-31 16:00:00+05:30,383.96,33.76
2023-08-31 17:00:00+05:30,223.67,33.66
2023-08-31 18:00:00+05:30,75.57,32.95
2023-08-31 19:00:00+05:30,0.0,31.38
2023-08-31 20:00:00+05:30,0.0,29.99
2023-08-31 21:00:00+05:30,0.0,29.11
2023-08-31 22:00:00+05:30,0.0,28.49
2023-08-31 23:00:00+05:30,0.0,27.99
2023-09-01 00:00:00+05:30,0.0,27.62
2023-09-01 01:00:00+05:30,0.0,27.72
2023-09-01 02:00:00+05:30,0.0,27.27
2023-09-01 03:00:00+05:30,0.0,26.82
2023-09-01 04:00:00+05:30,0.0,26.45
2023-09-01 05:00:00+05:30,0.0,26.06
2023-09-01 06:00:00+05:30,0.0,25.91
2023-09-01 07:00:00+05:30,100.72,25.72
2023-09-01 08:00:00+05:30,261.53,26.37
2023-09-01 09:00:00+05:30,445.05,28.05
2023-09-01 10:00:00+05:30,595.78,30.05
2023-09-01 11:00:00+05:30,686.84,31.96
2023-09-01 12:00:00+05:30,736.25,33.42
2023-09-01 13:00:00+05:30,636.61,34.38
2023-09-01 14:00:00+05:30,561.98,34.49
2023-09-01 15:00:00+05:30,540.27,34.55
2023-09-01 16:00:00+05:30,402.45,34.82
2023-09-01 17:00:00+05:30,244.13,34.7
2023-09-01 18:00:00+05:30,87.31,34.01
2023-09-01 19:00:00+05:30,0.0,32.36
2023-09-01 20:00:00+05:30,0.0,30.72
2023-09-01 21:00:00+05:30,0.0,29.75
2023-09-01 22:00:00+05:30,0.0,29.11
2023-09-01 23:00:00+05:30,0.0,28.63
2023-09-02 00:00:00+05:30,0.0,28.17
2023-09-02 01:00:00+05:30,0.0,28.03
2023-09-02 02:00:00+05:30,0.0,27.61
2023-09-02 03:00:00+05:30,0.0,27.18
2023-09-02 04:00:00+05:30,0.0,26.78
2023-09-02 05:00:00+05:30,0.0,26.38
2023-09-02 06:00:00+05:30,0.0,26.04
2023-09-02 07:00:00+05:30,105.29,25.79
2023-09-02 08:00:00+05:30,279.64,26.6
2023-09-02 09:00:00+05:30,450.58,28.48
2023-09-02 10:00:00+05:30,587.28,30.39
2023-09-02 11:00:00+05:30,688.56,32.14
2023-09-02 12:00:00+05:30,745.83,33.46
2023-09-02 13:00:00+05:30,744.7,34.21
2023-09-02 14:00:00+05:30,687.97,34.84
2023-09-02 15:00:00+05:30,574.87,35.1
2023-09-02 16:00:00+05:30,425.23,35.13
2023-09-02 17:00:00+05:30,253.34,34.8
2023-09-02 18:00:00+05:30,86.35,33.95
2023-09-02 19:00:00+05:30,0.0,32.21
2023-09-02 20:00:00+05:30,0.0,30.66
2023-09-02 21:00:00+05:30,0.0,29.67
2023-09-02 22:00:00+05:30,0.0,28.86
2023-09-02 23:00:00+05:30,0.0,28.12
2023-09-03 00:00:00+05:30,0.0,27.38
2023-09-03 01:00:00+05:30,0.0,27.41
2023-09-03 02:00:00+05:30,0.0,26.81
2023-09-03 03:00:00+05:30,0.0,26.33
2023-09-03 04:00:00+05:30,0.0,25.9
2023-09-03 05:00:00+05:30,0.0,25.59
2023-09-03 06:00:00+05:30,0.0,25.33
2023-09-03 07:00:00+05:30,111.65,25.15
2023-09-03 08:00:00+05:30,285.98,26.11
2023-09-03 09:00:00+05:30,458.73,28.06
2023-09-03 10:00:00+05:30,603.39,30.0
2023-09-03 11:00:00+05:30,705.35,31.8
2023-09-03 12:00:00+05:30,751.73,33.25
2023-09-03 13:00:00+05:30,745.65,34.18
2023-09-03 14:00:00+05:30,684.9,34.92
2023-09-03 15:00:00+05:30,574.35,35.29
2023-09-03 16:00:00+05:30,424.41,35.35
2023-09-03 17:00:00+05:30,251.09,35.06
2023-09-03 18:00:00+05:30,84.32,34.21
2023-09-03 19:00:00+05:30,0.0,32.39
2023-09-03 20:00:00+05:30,0.0,30.79
2023-09-03 21:00:00+05:30,0.0,29.79
2023-09-03 22:00:00+05:30,0.0,29.08
2023-09-03 23:00:00+05:30,0.0,28.42
2023-09-04 00:00:00+05:30,0.0,27.71
2023-09-04 01:00:00+05:30,0.0,27.19
2023-09-04 02:00:00+05:30,0.0,26.64
2023-09-04 03:00:00+05:30,0.0,26.21
2023-09-04 04:00:00+05:30,0.0,25.91
2023-09-04 05:00:00+05:30,0.0,25.7
2023-09-04 06:00:00+05:30,0.0,25.48
2023-09-04 07:00:00+05:30,108.92,25.31
2023-09-04 08:00:00+05:30,281.63,26.29
2023-09-04 09:00:00+05:30,452.43,28.19
2023-09-04 10:00:00+05:30,596.75,30.08
2023-09-04 11:00:00+05:30,698.42,31.84
2023-09-04 12:00:00+05:30,746.83,33.28
2023-09-04 13:00:00+05:30,741.24,34.33
2023-09-04 14:00:00+05:30,680.86,35.06
2023-09-04 15:00:00+05:30,571.32,35.46
2023-09-04 16:00:00+05:30,420.79,35.54
2023-09-04 17:00:00+05:30,248.59,35.31
2023-09-04 18:00:00+05:30,82.3,34.62
2023-09-04 19:00:00+05:30,0.0,33.13
2023-09-04 20:00:00+05:30,0.0,31.57
2023-09-04 21:00:00+05:30,0.0,30.29
2023-09-04 22:00:00+05:30,0.0,29.35
2023-09-04 23:00:00+05:30,0.0,29.05
2023-09-05 00:00:00+05:30,0.0,28.64
2023-09-05 01:00:00+05:30,0.0,28.43
2023-09-05 02:00:00+05:30,0.0,28.0
2023-09-05 03:00:00+05:30,0.0,27.81
2023-09-05 04:00:00+05:30,0.0,27.23
2023-09-05 05:00:00+05:30,0.0,26.59
2023-09-05 06:00:00+05:30,0.0,26.04
2023-09-05 07:00:00+05:30,107.39,25.64
2023-09-05 08:00:00+05:30,274.51,26.53
2023-09-05 09:00:00+05:30,449.65,28.58
2023-09-05 10:00:00+05:30,589.48,30.78
2023-09-05 11:00:00+05:30,695.03,32.74
2023-09-05 12:00:00+05:30,700.27,34.09
2023-09-05 13:00:00+05:30,635.12,35.14
2023-09-05 14:00:00+05:30,598.8,35.52
2023-09-05 15:00:00+05:30,466.38,35.63
2023-09-05 16:00:00+05:30,343.91,35.53
2023-09-05 17:00:00+05:30,209.75,35.18
2023-09-05 18:00:00+05:30,67.45,34.54
2023-09-05 19:00:00+05:30,0.0,32.79
2023-09-05 20:00:00+05:30,0.0,30.97
2023-09-05 21:00:00+05:30,0.0,29.88
2023-09-05 22:00:00+05:30,0.0,29.06
2023-09-05 23:00:00+05:30,0.0,28.39
2023-09-06 00:00:00+05:30,0.0,27.84
2023-09-06 01:00:00+05:30,0.0,27.01
2023-09-06 02:00:00+05:30,0.0,26.5
2023-09-06 03:00:00+05:30,0.0,26.12
2023-09-06 04:00:00+05:30,0.0,25.75
2023-09-06 05:00:00+05:30,0.0,25.57
2023-09-06 06:00:00+05:30,0.0,25.27
2023-09-06 07:00:00+05:30,94.0,25.1
2023-09-06 08:00:00+05:30,246.48,26.49
2023-09-06 09:00:00+05:30,406.49,28.48
2023-09-06 10:00:00+05:30,539.73,30.15
2023-09-06 11:00:00+05:30,657.88,31.61
2023-09-06 12:00:00+05:30,472.16,32.76
2023-09-06 13:00:00+05:30,558.5,32.78
2023-09-06 14:00:00+05:30,602.14,33.51
2023-09-06 15:00:00+05:30,505.77,33.91
2023-09-06 16:00:00+05:30,397.5,33.87
2023-09-06 17:00:00+05:30,223.4,33.11
2023-09-06 18:00:00+05:30,69.04,32.09
2023-09-06 19:00:00+05:30,0.0,31.27
2023-09-06 20:00:00+05:30,0.0,30.31
2023-09-06 21:00:00+05:30,0.0,29.44
2023-09-06 22:00:00+05:30,0.0,28.63
2023-09-06 23:00:00+05:30,0.0,28.14
2023-09-07 00:00:00+05:30,0.0,27.59
2023-09-07 01:00:00+05:30,0.0,26.46
2023-09-07 02:00:00+05:30,0.0,25.98
2023-09-07 03:00:00+05:30,0.0,25.63
2023-09-07 04:00:00+05:30,0.0,25.23
2023-09-07 05:00:00+05:30,0.0,25.31
2023-09-07 06:00:00+05:30,0.0,24.6
2023-09-07 07:00:00+05:30,91.19,24.23
2023-09-07 08:00:00+05:30,201.65,25.93
2023-09-07 09:00:00+05:30,299.83,27.47
2023-09-07 10:00:00+05:30,359.16,28.95
2023-09-07 11:00:00+05:30,347.77,30.39
2023-09-07 12:00:00+05:30,594.91,31.33
2023-09-07 13:00:00+05:30,693.0,33.73
2023-09-07 14:00:00+05:30,592.42,34.44
2023-09-07 15:00:00+05:30,438.27,34.26
2023-09-07 16:00:00+05:30,347.25,33.95
2023-09-07 17:00:00+05:30,188.83,33.77
2023-09-07 18:00:00+05:30,53.41,32.54
2023-09-07 19:00:00+05:30,0.0,31.35
2023-09-07 20:00:00+05:30,0.0,30.2
2023-09-07 21:00:00+05:30,0.0,29.43
2023-09-07 22:00:00+05:30,0.0,28.77
2023-09-07 23:00:00+05:30,0.0,28.2
2023-09-08 00:00:00+05:30,0.0,27.76
2023-09-08 01:00:00+05:30,0.0,27.2
2023-09-08 02:00:00+05:30,0.0,26.91
2023-09-08 03:00:00+05:30,0.0,26.41
2023-09-08 04:00:00+05:30,0.0,25.87
2023-09-08 05:00:00+05:30,0.0,26.08
2023-09-08 06:00:00+05:30,0.0,25.69
2023-09-08 07:00:00+05:30,74.97,25.15
2023-09-08 08:00:00+05:30,205.07,26.86
2023-09-08 09:00:00+05:30,387.88,28.63
2023-09-08 10:00:00+05:30,541.26,30.26
2023-09-08 11:00:00+05:30,610.59,31.69
2023-09-08 12:00:00+05:30,576.14,32.83
2023-09-08 13:00:00+05:30,473.02,33.23
2023-09-08 14:00:00+05:30,414.89,31.17
2023-09-08 15:00:00+05:30,419.98,30.81
2023-09-08 16:00:00+05:30,329.25,30.98
2023-09-08 17:00:00+05:30,201.17,31.5
2023-09-08 18:00:00+05:30,51.48,31.45
2023-09-08 19:00:00+05:30,0.0,30.82
2023-09-08 20:00:00+05:30,0.0,29.53
2023-09-08 21:00:00+05:30,0.0,28.27
2023-09-08 22:00:00+05:30,0.0,27.22
2023-09-08 23:00:00+05:30,0.0,26.56
2023-09-09 00:00:00+05:30,0.0,26.05
2023-09-09 01:00:00+05:30,0.0,25.94
2023-09-09 02:00:00+05:30,0.0,25.94
2023-09-09 03:00:00+05:30,0.0,25.97
2023-09-09 04:00:00+05:30,0.0,25.79
2023-09-09 05:00:00+05:30,0.0,25.66
2023-09-09 06:00:00+05:30,0.0,25.63
2023-09-09 07:00:00+05:30,47.36,25.59
2023-09-09 08:00:00+05:30,94.95,25.76
2023-09-09 09:00:00+05:30,71.27,25.49
2023-09-09 10:00:00+05:30,71.37,25.38
2023-09-09 11:00:00+05:30,136.57,25.43
2023-09-09 12:00:00+05:30,339.93,25.83
2023-09-09 13:00:00+05:30,412.14,28.43
2023-09-09 14:00:00+05:30,434.62,30.22
2023-09-09 15:00:00+05:30,326.55,31.03
2023-09-09 16:00:00+05:30,201.28,28.71
2023-09-09 17:00:00+05:30,97.8,27.66
2023-09-09 18:00:00+05:30,50.42,27.54
2023-09-09 19:00:00+05:30,0.0,27.36
2023-09-09 20:00:00+05:30,0.0,26.78
2023-09-09 21:00:00+05:30,0.0,26.22
2023-09-09 22:00:00+05:30,0.0,25.74
2023-09-09 23:00:00+05:30,0.0,25.38
2023-09-10 00:00:00+05:30,0.0,25.01
2023-09-10 01:00:00+05:30,0.0,24.69
2023-09-10 02:00:00+05:30,0.0,24.58
2023-09-10 03:00:00+05:30,0.0,24.58
2023-09-10 04:00:00+05:30,0.0,24.52
2023-09-10 05:00:00+05:30,0.0,24.19
2023-09-10 06:00:00+05:30,0.0,23.87
2023-09-10 07:00:00+05:30,64.65,23.61
2023-09-10 08:00:00+05:30,180.09,24.4
2023-09-10 09:00:00+05:30,303.4,25.68
2023-09-10 10:00:00+05:30,331.4,27.23
2023-09-10 11:00:00+05:30,248.08,27.95
2023-09-10 12:00:00+05:30,315.06,27.8
2023-09-10 13:00:00+05:30,420.37,28.17
2023-09-10 14:00:00+05:30,372.13,29.44
2023-09-10 15:00:00+05:30,289.91,29.82
2023-09-10 16:00:00+05:30,242.51,29.55
2023-09-10 17:00:00+05:30,131.41,29.83
2023-09-10 18:00:00+05:30,36.34,28.26
2023-09-10 19:00:00+05:30,0.0,27.02
2023-09-10 20:00:00+05:30,0.0,26.08
2023-09-10 21:00:00+05:30,0.0,25.57
2023-09-10 22:00:00+05:30,0.0,25.31
2023-09-10 23:00:00+05:30,0.0,25.02
2023-09-11 00:00:00+05:30,0.0,24.71
2023-09-11 01:00:00+05:30,0.0,25.05
2023-09-11 02:00:00+05:30,0.0,24.26
2023-09-11 03:00:00+05:30,0.0,23.85
2023-09-11 04:00:00+05:30,0.0,23.68
2023-09-11 05:00:00+05:30,0.0,23.62
2023-09-11 06:00:00+05:30,0.0,23.76
2023-09-11 07:00:00+05:30,70.7,23.96
2023-09-11 08:00:00+05:30,208.92,25.04
2023-09-11 09:00:00+05:30,324.75,26.46
2023-09-11 10:00:00+05:30,457.25,28.03
2023-09-11 11:00:00+05:30,520.68,29.75
2023-09-11 12:00:00+05:30,601.91,30.92
2023-09-11 13:00:00+05:30,643.6,31.53
2023-09-11 14:00:00+05:30,565.39,32.49
2023-09-11 15:00:00+05:30,452.38,32.68
2023-09-11 16:00:00+05:30,314.26,32.31
2023-09-11 17:00:00+05:30,159.13,31.31
2023-09-11 18:00:00+05:30,36.78,30.52
2023-09-11 19:00:00+05:30,0.0,29.01
2023-09-11 20:00:00+05:30,0.0,27.83
2023-09-11 21:00:00+05:30,0.0,27.0
2023-09-11 22:00:00+05:30,0.0,26.45
2023-09-11 23:00:00+05:30,0.0,26.08
2023-09-12 00:00:00+05:30,0.0,25.65
2023-09-12 01:00:00+05:30,0.0,26.03
2023-09-12 02:00:00+05:30,0.0,25.48
2023-09-12 03:00:00+05:30,0.0,25.16
2023-09-12 04:00:00+05:30,0.0,24.97
2023-09-12 05:00:00+05:30,0.0,24.74
2023-09-12 06:00:00+05:30,0.0,24.4
2023-09-12 07:00:00+05:30,84.62,24.33
2023-09-12 08:00:00+05:30,239.91,25.65
2023-09-12 09:00:00+05:30,413.35,27.38
2023-09-12 10:00:00+05:30,543.31,29.01
2023-09-12 11:00:00+05:30,572.59,30.48
2023-09-12 12:00:00+05:30,559.18,31.43
2023-09-12 13:00:00+05:30,602.02,31.15
2023-09-12 14:00:00+05:30,453.56,31.58
2023-09-12 15:00:00+05:30,287.65,31.9
2023-09-12 16:00:00+05:30,290.44,31.71
2023-09-12 17:00:00+05:30,170.9,31.7
2023-09-12 18:00:00+05:30,42.81,31.4
2023-09-12 19:00:00+05:30,0.0,30.59
2023-09-12 20:00:00+05:30,0.0,29.58
2023-09-12 21:00:00+05:30,0.0,28.66
2023-09-12 22:00:00+05:30,0.0,28.02
2023-09-12 23:00:00+05:30,0.0,27.59
2023-09-13 00:00:00+05:30,0.0,27.21
2023-09-13 01:00:00+05:30,0.0,26.93
2023-09-13 02:00:00+05:30,0.0,26.57
2023-09-13 03:00:00+05:30,0.0,26.34
2023-09-13 04:00:00+05:30,0.0,26.06
2023-09-13 05:00:00+05:30,0.0,25.63
2023-09-13 06:00:00+05:30,0.0,25.28
2023-09-13 07:00:00+05:30,77.39,24.98
2023-09-13 08:00:00+05:30,229.55,25.55
2023-09-13 09:00:00+05:30,361.88,26.99
2023-09-13 10:00:00+05:30,509.4,28.62
2023-09-13 11:00:00+05:30,570.52,30.17
2023-09-13 12:00:00+05:30,556.72,31.22
2023-09-13 13:00:00+05:30,565.86,32.76
2023-09-13 14:00:00+05:30,522.75,33.34
2023-09-13 15:00:00+05:30,443.07,33.45
2023-09-13 16:00:00+05:30,298.2,33.4
2023-09-13 17:00:00+05:30,168.84,33.01
2023-09-13 18:00:00+05:30,39.84,31.88
2023-09-13 19:00:00+05:30,0.0,29.66
2023-09-13 20:00:00+05:30,0.0,28.59
2023-09-13 21:00:00+05:30,0.0,28.1
2023-09-13 22:00:00+05:30,0.0,27.49
2023-09-13 23:00:00+05:30,0.0,26.93
2023-09-14 00:00:00+05:30,0.0,26.66
2023-09-14 01:00:00+05:30,0.0,26.76
2023-09-14 02:00:00+05:30,0.0,26.67
2023-09-14 03:00:00+05:30,0.0,26.49
2023-09-14 04:00:00+05:30,0.0,26.37
2023-09-14 05:00:00+05:30,0.0,25.64
2023-09-14 06:00:00+05:30,0.0,24.67
2023-09-14 07:00:00+05:30,52.35,24.56
2023-09-14 08:00:00+05:30,176.55,24.99
2023-09-14 09:00:00+05:30,368.85,26.23
2023-09-14 10:00:00+05:30,343.09,28.32
2023-09-14 11:00:00+05:30,561.09,29.31
2023-09-14 12:00:00+05:30,549.21,31.18
2023-09-14 13:00:00+05:30,527.71,32.38
2023-09-14 14:00:00+05:30,502.16,32.68
2023-09-14 15:00:00+05:30,414.35,33.0
2023-09-14 16:00:00+05:30,317.72,33.07
2023-09-14 17:00:00+05:30,170.56,32.97
2023-09-14 18:00:00+05:30,39.45,32.18
2023-09-14 19:00:00+05:30,0.0,31.26
2023-09-14 20:00:00+05:30,0.0,30.08
2023-09-14 21:00:00+05:30,0.0,29.34
2023-09-14 22:00:00+05:30,0.0,28.44
2023-09-14 23:00:00+05:30,0.0,27.69
2023-09-15 00:00:00+05:30,0.0,27.08
2023-09-15 01:00:00+05:30,0.0,26.87
2023-09-15 02:00:00+05:30,0.0,26.47
2023-09-15 03:00:00+05:30,0.0,26.15
2023-09-15 04:00:00+05:30,0.0,25.87
2023-09-15 05:00:00+05:30,0.0,25.65
2023-09-15 06:00:00+05:30,0.0,25.53
2023-09-15 07:00:00+05:30,71.85,25.66
2023-09-15 08:00:00+05:30,214.78,26.7
2023-09-15 09:00:00+05:30,350.46,28.11
2023-09-15 10:00:00+05:30,443.64,29.63
2023-09-15 11:00:00+05:30,511.73,30.51
2023-09-15 12:00:00+05:30,535.78,31.11
2023-09-15 13:00:00+05:30,521.23,31.93
2023-09-15 14:00:00+05:30,535.59,32.18
2023-09-15 15:00:00+05:30,461.63,32.56
2023-09-15 16:00:00+05:30,341.03,32.72
2023-09-15 17:00:00+05:30,173.75,32.65
2023-09-15 18:00:00+05:30,47.64,32.12
2023-09-15 19:00:00+05:30,0.0,30.88
2023-09-15 20:00:00+05:30,0.0,29.75
2023-09-15 21:00:00+05:30,0.0,29.19
2023-09-15 22:00:00+05:30,0.0,28.62
2023-09-15 23:00:00+05:30,0.0,28.01
2023-09-16 00:00:00+05:30,0.0,27.52
2023-09-16 01:00:00+05:30,0.0,27.07
2023-09-16 02:00:00+05:30,0.0,26.89
2023-09-16 03:00:00+05:30,0.0,26.78
2023-09-16 04:00:00+05:30,0.0,26.69
2023-09-16 05:00:00+05:30,0.0,26.64
2023-09-16 06:00:00+05:30,0.0,26.59
2023-09-16 07:00:00+05:30,56.38,26.56
2023-09-16 08:00:00+05:30,155.78,27.17
2023-09-16 09:00:00+05:30,215.35,27.53
2023-09-16 10:00:00+05:30,187.2,27.96
2023-09-16 11:00:00+05:30,205.68,26.4
2023-09-16 12:00:00+05:30,493.06,26.02
2023-09-16 13:00:00+05:30,310.43,27.04
2023-09-16 14:00:00+05:30,174.88,27.2
2023-09-16 15:00:00+05:30,262.16,26.93
2023-09-16 16:00:00+05:30,197.39,27.75
2023-09-16 17:00:00+05:30,105.17,28.04
2023-09-16 18:00:00+05:30,28.02,27.83
2023-09-16 19:00:00+05:30,0.0,27.37
2023-09-16 20:00:00+05:30,0.0,26.82
2023-09-16 21:00:00+05:30,0.0,26.25
2023-09-16 22:00:00+05:30,0.0,25.34
2023-09-16 23:00:00+05:30,0.0,25.0
2023-09-17 00:00:00+05:30,0.0,24.76
2023-09-17 01:00:00+05:30,0.0,25.37
2023-09-17 02:00:00+05:30,0.0,25.38
2023-09-17 03:00:00+05:30,0.0,25.2
2023-09-17 04:00:00+05:30,0.0,25.1
2023-09-17 05:00:00+05:30,0.0,25.01
2023-09-17 06:00:00+05:30,0.0,24.93
2023-09-17 07:00:00+05:30,46.43,24.99
2023-09-17 08:00:00+05:30,141.8,25.27
2023-09-17 09:00:00+05:30,227.28,25.95
2023-09-17 10:00:00+05:30,299.37,26.67
2023-09-17 11:00:00+05:30,250.41,27.36
2023-09-17 12:00:00+05:30,335.55,27.48
2023-09-17 13:00:00+05:30,361.72,28.29
2023-09-17 14:00:00+05:30,312.61,28.53
2023-09-17 15:00:00+05:30,258.51,28.45
2023-09-17 16:00:00+05:30,121.61,27.77
2023-09-17 17:00:00+05:30,73.14,27.1
2023-09-17 18:00:00+05:30,17.88,26.8
2023-09-17 19:00:00+05:30,0.0,26.29
2023-09-17 20:00:00+05:30,0.0,25.92
2023-09-17 21:00:00+05:30,0.0,25.47
2023-09-17 22:00:00+05:30,0.0,25.26
2023-09-17 23:00:00+05:30,0.0,25.07
2023-09-18 00:00:00+05:30,0.0,24.9
2023-09-18 01:00:00+05:30,0.0,24.48
2023-09-18 02:00:00+05:30,0.0,24.41
2023-09-18 03:00:00+05:30,0.0,24.33
2023-09-18 04:00:00+05:30,0.0,24.26
2023-09-18 05:00:00+05:30,0.0,24.15
2023-09-18 06:00:00+05:30,0.0,24.06
2023-09-18 07:00:00+05:30,10.29,23.93
2023-09-18 08:00:00+05:30,14.15,23.84
2023-09-18 09:00:00+05:30,57.22,23.78
2023-09-18 10:00:00+05:30,63.76,23.97
2023-09-18 11:00:00+05:30,144.25,23.88
2023-09-18 12:00:00+05:30,213.06,24.2
2023-09-18 13:00:00+05:30,339.4,26.34
2023-09-18 14:00:00+05:30,328.35,27.54
2023-09-18 15:00:00+05:30,342.62,28.0
2023-09-18 16:00:00+05:30,224.55,28.17
2023-09-18 17:00:00+05:30,141.67,28.25
2023-09-18 18:00:00+05:30,32.47,27.87
2023-09-18 19:00:00+05:30,0.0,27.09
2023-09-18 20:00:00+05:30,0.0,26.45
2023-09-18 21:00:00+05:30,0.0,26.16
2023-09-18 22:00:00+05:30,0.0,25.89
2023-09-18 23:00:00+05:30,0.0,25.63
2023-09-19 00:00:00+05:30,0.0,25.46
2023-09-19 01:00:00+05:30,0.0,25.51
2023-09-19 02:00:00+05:30,0.0,25.34
2023-09-19 03:00:00+05:30,0.0,24.95
2023-09-19 04:00:00+05:30,0.0,24.6
2023-09-19 05:00:00+05:30,0.0,24.49
2023-09-19 06:00:00+05:30,0.0,24.23
2023-09-19 07:00:00+05:30,72.0,23.94
2023-09-19 08:00:00+05:30,218.79,24.71
2023-09-19 09:00:00+05:30,379.56,26.04
2023-09-19 10:00:00+05:30,447.86,27.5
2023-09-19 11:00:00+05:30,577.68,28.53
2023-09-19 12:00:00+05:30,586.47,29.67
2023-09-19 13:00:00+05:30,530.14,30.41
2023-09-19 14:00:00+05:30,525.95,30.83
2023-09-19 15:00:00+05:30,411.78,31.07
2023-09-19 16:00:00+05:30,286.01,30.89
2023-09-19 17:00:00+05:30,154.81,30.45
2023-09-19 18:00:00+05:30,27.82,29.85
2023-09-19 19:00:00+05:30,0.0,28.95
2023-09-19 20:00:00+05:30,0.0,28.05
2023-09-19 21:00:00+05:30,0.0,27.4
2023-09-19 22:00:00+05:30,0.0,27.03
2023-09-19 23:00:00+05:30,0.0,26.59
2023-09-20 00:00:00+05:30,0.0,26.31
2023-09-20 01:00:00+05:30,0.0,25.96
2023-09-20 02:00:00+05:30,0.0,25.53
2023-09-20 03:00:00+05:30,0.0,25.2
2023-09-20 04:00:00+05:30,0.0,24.87
2023-09-20 05:00:00+05:30,0.0,24.46
2023-09-20 06:00:00+05:30,0.0,24.41
2023-09-20 07:00:00+05:30,71.84,24.65
2023-09-20 08:00:00+05:30,228.78,25.38
2023-09-20 09:00:00+05:30,384.61,27.18
2023-09-20 10:00:00+05:30,515.06,28.54
2023-09-20 11:00:00+05:30,612.08,29.71
2023-09-20 12:00:00+05:30,601.58,30.72
2023-09-20 13:00:00+05:30,565.75,31.65
2023-09-20 14:00:00+05:30,558.03,31.97
2023-09-20 15:00:00+05:30,375.28,32.33
2023-09-20 16:00:00+05:30,266.99,31.93
2023-09-20 17:00:00+05:30,135.6,31.02
2023-09-20 18:00:00+05:30,28.49,30.67
2023-09-20 19:00:00+05:30,0.0,29.86
2023-09-20 20:00:00+05:30,0.0,28.79
2023-09-20 21:00:00+05:30,0.0,28.05
2023-09-20 22:00:00+05:30,0.0,27.49
2023-09-20 23:00:00+05:30,0.0,27.09
2023-09-21 00:00:00+05:30,0.0,26.69
2023-09-21 01:00:00+05:30,0.0,26.39
2023-09-21 02:00:00+05:30,0.0,26.0
2023-09-21 03:00:00+05:30,0.0,25.64
2023-09-21 04:00:00+05:30,0.0,25.39
2023-09-21 05:00:00+05:30,0.0,25.35
2023-09-21 06:00:00+05:30,0.0,25.12
2023-09-21 07:00:00+05:30,71.38,24.84
2023-09-21 08:00:00+05:30,222.89,25.96
2023-09-21 09:00:00+05:30,358.08,27.86
2023-09-21 10:00:00+05:30,482.29,29.4
2023-09-21 11:00:00+05:30,582.8,30.78
2023-09-21 12:00:00+05:30,670.26,31.77
2023-09-21 13:00:00+05:30,614.06,33.11
2023-09-21 14:00:00+05:30,572.57,33.44
2023-09-21 15:00:00+05:30,457.23,33.69
2023-09-21 16:00:00+05:30,294.24,33.67
2023-09-21 17:00:00+05:30,148.4,32.84
2023-09-21 18:00:00+05:30,22.66,31.17
2023-09-21 19:00:00+05:30,0.0,29.79
2023-09-21 20:00:00+05:30,0.0,28.84
2023-09-21 21:00:00+05:30,0.0,28.23
2023-09-21 22:00:00+05:30,0.0,27.62
2023-09-21 23:00:00+05:30,0.0,27.05
2023-09-22 00:00:00+05:30,0.0,26.84
2023-09-22 01:00:00+05:30,0.0,26.02
2023-09-22 02:00:00+05:30,0.0,25.8
2023-09-22 03:00:00+05:30,0.0,25.65
2023-09-22 04:00:00+05:30,0.0,25.53
2023-09-22 05:00:00+05:30,0.0,25.43
2023-09-22 06:00:00+05:30,0.0,25.18
2023-09-22 07:00:00+05:30,57.77,24.79
2023-09-22 08:00:00+05:30,183.8,25.29
2023-09-22 09:00:00+05:30,352.97,26.7
2023-09-22 10:00:00+05:30,487.42,28.47
2023-09-22 11:00:00+05:30,593.77,29.88
2023-09-22 12:00:00+05:30,567.98,31.06
2023-09-22 13:00:00+05:30,544.98,32.44
2023-09-22 14:00:00+05:30,481.35,32.78
2023-09-22 15:00:00+05:30,411.98,32.29
2023-09-22 16:00:00+05:30,227.81,32.09
2023-09-22 17:00:00+05:30,96.82,30.68
2023-09-22 18:00:00+05:30,19.39,28.11
2023-09-22 19:00:00+05:30,0.0,27.29
2023-09-22 20:00:00+05:30,0.0,26.84
2023-09-22 21:00:00+05:30,0.0,26.33
2023-09-22 22:00:00+05:30,0.0,26.02
2023-09-22 23:00:00+05:30,0.0,25.86
2023-09-23 00:00:00+05:30,0.0,25.58
2023-09-23 01:00:00+05:30,0.0,25.62
2023-09-23 02:00:00+05:30,0.0,25.31
2023-09-23 03:00:00+05:30,0.0,24.96
2023-09-23 04:00:00+05:30,0.0,24.66
2023-09-23 05:00:00+05:30,0.0,24.49
2023-09-23 06:00:00+05:30,0.0,24.36
2023-09-23 07:00:00+05:30,76.41,24.34
2023-09-23 08:00:00+05:30,223.14,25.68
2023-09-23 09:00:00+05:30,364.81,27.61
2023-09-23 10:00:00+05:30,514.76,29.28
2023-09-23 11:00:00+05:30,551.31,30.74
2023-09-23 12:00:00+05:30,566.55,31.3
2023-09-23 13:00:00+05:30,572.49,32.75
2023-09-23 14:00:00+05:30,505.55,33.07
2023-09-23 15:00:00+05:30,329.35,33.17
2023-09-23 16:00:00+05:30,208.59,32.17
2023-09-23 17:00:00+05:30,115.73,30.86
2023-09-23 18:00:00+05:30,24.05,30.44
2023-09-23 19:00:00+05:30,0.0,29.45
2023-09-23 20:00:00+05:30,0.0,28.32
2023-09-23 21:00:00+05:30,0.0,27.44
2023-09-23 22:00:00+05:30,0.0,26.49
2023-09-23 23:00:00+05:30,0.0,25.88
2023-09-24 00:00:00+05:30,0.0,25.57
2023-09-24 01:00:00+05:30,0.0,25.67
2023-09-24 02:00:00+05:30,0.0,25.22
2023-09-24 03:00:00+05:30,0.0,25.33
2023-09-24 04:00:00+05:30,0.0,25.34
2023-09-24 05:00:00+05:30,0.0,25.32
2023-09-24 06:00:00+05:30,0.0,25.22
2023-09-24 07:00:00+05:30,48.68,25.12
2023-09-24 08:00:00+05:30,173.71,25.79
2023-09-24 09:00:00+05:30,289.77,27.45
2023-09-24 10:00:00+05:30,479.08,28.81
2023-09-24 11:00:00+05:30,531.75,30.58
2023-09-24 12:00:00+05:30,565.23,31.37
2023-09-24 13:00:00+05:30,568.06,31.64
2023-09-24 14:00:00+05:30,513.74,32.13
2023-09-24 15:00:00+05:30,431.96,32.29
2023-09-24 16:00:00+05:30,251.45,32.37
2023-09-24 17:00:00+05:30,114.43,30.94
2023-09-24 18:00:00+05:30,21.48,30.25
2023-09-24 19:00:00+05:30,0.0,29.44
2023-09-24 20:00:00+05:30,0.0,28.42
2023-09-24 21:00:00+05:30,0.0,27.58
2023-09-24 22:00:00+05:30,0.0,27.03
2023-09-24 23:00:00+05:30,0.0,26.57
2023-09-25 00:00:00+05:30,0.0,26.28
2023-09-25 01:00:00+05:30,0.0,26.27
2023-09-25 02:00:00+05:30,0.0,25.83
2023-09-25 03:00:00+05:30,0.0,25.48
2023-09-25 04:00:00+05:30,0.0,25.24
2023-09-25 05:00:00+05:30,0.0,25.08
2023-09-25 06:00:00+05:30,0.0,24.88
2023-09-25 07:00:00+05:30,70.66,24.68
2023-09-25 08:00:00+05:30,217.46,25.68
2023-09-25 09:00:00+05:30,345.14,27.28
2023-09-25 10:00:00+05:30,483.48,28.63
2023-09-25 11:00:00+05:30,522.27,29.86
2023-09-25 12:00:00+05:30,567.7,30.52
2023-09-25 13:00:00+05:30,581.36,31.44
2023-09-25 14:00:00+05:30,482.94,31.94
2023-09-25 15:00:00+05:30,339.53,32.0
2023-09-25 16:00:00+05:30,257.94,30.65
2023-09-25 17:00:00+05:30,128.11,28.71
2023-09-25 18:00:00+05:30,20.22,27.98
2023-09-25 19:00:00+05:30,0.0,27.31
2023-09-25 20:00:00+05:30,0.0,26.69
2023-09-25 21:00:00+05:30,0.0,26.32
2023-09-25 22:00:00+05:30,0.0,26.08
2023-09-25 23:00:00+05:30,0.0,25.61
2023-09-26 00:00:00+05:30,0.0,25.44
2023-09-26 01:00:00+05:30,0.0,25.86
2023-09-26 02:00:00+05:30,0.0,25.22
2023-09-26 03:00:00+05:30,0.0,25.0
2023-09-26 04:00:00+05:30,0.0,24.79
2023-09-26 05:00:00+05:30,0.0,24.54
2023-09-26 06:00:00+05:30,0.0,24.48
2023-09-26 07:00:00+05:30,64.46,24.32
2023-09-26 08:00:00+05:30,215.3,25.18
2023-09-26 09:00:00+05:30,374.83,27.43
2023-09-26 10:00:00+05:30,503.96,29.32
2023-09-26 11:00:00+05:30,588.55,30.84
2023-09-26 12:00:00+05:30,642.32,31.9
2023-09-26 13:00:00+05:30,617.37,32.5
2023-09-26 14:00:00+05:30,505.84,32.89
2023-09-26 15:00:00+05:30,396.11,32.66
2023-09-26 16:00:00+05:30,272.04,32.4
2023-09-26 17:00:00+05:30,107.1,30.72
2023-09-26 18:00:00+05:30,16.5,29.65
2023-09-26 19:00:00+05:30,0.0,28.55
2023-09-26 20:00:00+05:30,0.0,27.9
2023-09-26 21:00:00+05:30,0.0,27.31
2023-09-26 22:00:00+05:30,0.0,26.72
2023-09-26 23:00:00+05:30,0.0,26.13
2023-09-27 00:00:00+05:30,0.0,25.66
2023-09-27 01:00:00+05:30,0.0,25.92
2023-09-27 02:00:00+05:30,0.0,25.35
2023-09-27 03:00:00+05:30,0.0,25.08
2023-09-27 04:00:00+05:30,0.0,24.68
2023-09-27 05:00:00+05:30,0.0,24.37
2023-09-27 06:00:00+05:30,0.0,24.16
2023-09-27 07:00:00+05:30,69.62,24.03
2023-09-27 08:00:00+05:30,219.04,25.31
2023-09-27 09:00:00+05:30,381.72,27.87
2023-09-27 10:00:00+05:30,512.81,29.81
2023-09-27 11:00:00+05:30,582.38,30.95
2023-09-27 12:00:00+05:30,546.9,31.69
2023-09-27 13:00:00+05:30,537.21,32.27
2023-09-27 14:00:00+05:30,449.82,32.66
2023-09-27 15:00:00+05:30,377.25,32.62
2023-09-27 16:00:00+05:30,279.82,32.48
2023-09-27 17:00:00+05:30,119.62,32.05
2023-09-27 18:00:00+05:30,16.67,31.27
2023-09-27 19:00:00+05:30,0.0,30.15
2023-09-27 20:00:00+05:30,0.0,28.93
2023-09-27 21:00:00+05:30,0.0,27.47
2023-09-27 22:00:00+05:30,0.0,27.25
2023-09-27 23:00:00+05:30,0.0,25.83
2023-09-28 00:00:00+05:30,0.0,24.15
2023-09-28 01:00:00+05:30,0.0,23.87
2023-09-28 02:00:00+05:30,0.0,23.57
2023-09-28 03:00:00+05:30,0.0,23.26
2023-09-28 04:00:00+05:30,0.0,23.02
2023-09-28 05:00:00+05:30,0.0,22.91
2023-09-28 06:00:00+05:30,0.0,22.56
2023-09-28 07:00:00+05:30,70.19,22.3
2023-09-28 08:00:00+05:30,222.4,23.17
2023-09-28 09:00:00+05:30,375.93,26.81
2023-09-28 10:00:00+05:30,534.12,29.36
2023-09-28 11:00:00+05:30,622.01,31.21
2023-09-28 12:00:00+05:30,670.44,32.24
2023-09-28 13:00:00+05:30,665.05,32.99
2023-09-28 14:00:00+05:30,595.52,33.44
2023-09-28 15:00:00+05:30,460.64,33.64
2023-09-28 16:00:00+05:30,322.51,33.52
2023-09-28 17:00:00+05:30,155.09,33.06
2023-09-28 18:00:00+05:30,18.81,31.62
2023-09-28 19:00:00+05:30,0.0,30.46
2023-09-28 20:00:00+05:30,0.0,28.98
2023-09-28 21:00:00+05:30,0.0,27.9
2023-09-28 22:00:00+05:30,0.0,26.91
2023-09-28 23:00:00+05:30,0.0,24.96
2023-09-29 00:00:00+05:30,0.0,22.76
2023-09-29 01:00:00+05:30,0.0,21.78
2023-09-29 02:00:00+05:30,0.0,21.4
2023-09-29 03:00:00+05:30,0.0,21.0
2023-09-29 04:00:00+05:30,0.0,20.66
2023-09-29 05:00:00+05:30,0.0,20.35
2023-09-29 06:00:00+05:30,0.0,21.24
2023-09-29 07:00:00+05:30,72.05,23.66
2023-09-29 08:00:00+05:30,233.58,24.15
2023-09-29 09:00:00+05:30,396.63,26.63
2023-09-29 10:00:00+05:30,537.28,29.16
2023-09-29 11:00:00+05:30,630.56,30.98
2023-09-29 12:00:00+05:30,671.72,32.27
2023-09-29 13:00:00+05:30,637.49,33.3
2023-09-29 14:00:00+05:30,587.49,33.72
2023-09-29 15:00:00+05:30,470.15,33.98
2023-09-29 16:00:00+05:30,314.0,33.91
2023-09-29 17:00:00+05:30,150.96,33.39
2023-09-29 18:00:00+05:30,16.75,31.99
2023-09-29 19:00:00+05:30,0.0,30.31
2023-09-29 20:00:00+05:30,0.0,28.19
2023-09-29 21:00:00+05:30,0.0,27.89
2023-09-29 22:00:00+05:30,0.0,26.78
2023-09-29 23:00:00+05:30,0.0,23.52
2023-09-30 00:00:00+05:30,0.0,22.01
2023-09-30 01:00:00+05:30,0.0,21.41
2023-09-30 02:00:00+05:30,0.0,21.13
2023-09-30 03:00:00+05:30,0.0,20.72
2023-09-30 04:00:00+05:30,0.0,20.71
2023-09-30 05:00:00+05:30,0.0,20.85
2023-09-30 06:00:00+05:30,0.0,20.12
2023-09-30 07:00:00+05:30,71.59,19.79
2023-09-30 08:00:00+05:30,231.89,20.97
2023-09-30 09:00:00+05:30,397.0,26.49
2023-09-30 10:00:00+05:30,535.5,29.72
2023-09-30 11:00:00+05:30,630.9,32.05
2023-09-30 12:00:00+05:30,672.67,33.53
2023-09-30 13:00:00+05:30,656.54,34.25
2023-09-30 14:00:00+05:30,585.55,34.71
2023-09-30 15:00:00+05:30,466.98,34.88
2023-09-30 16:00:00+05:30,313.06,34.78
2023-09-30 17:00:00+05:30,146.72,34.13
2023-09-30 18:00:00+05:30,14.62,32.73
2023-09-30 19:00:00+05:30,0.0,30.54
2023-09-30 20:00:00+05:30,0.0,28.04
2023-09-30 21:00:00+05:30,0.0,26.29
2023-09-30 22:00:00+05:30,0.0,25.5
2023-09-30 23:00:00+05:30,0.0,24.79
2023-10-01 00:00:00+05:30,0.0,24.1
2023-10-01 01:00:00+05:30,0.0,23.78
2023-10-01 02:00:00+05:30,0.0,22.97
2023-10-01 03:00:00+05:30,0.0,22.06
2023-10-01 04:00:00+05:30,0.0,21.16
2023-10-01 05:00:00+05:30,0.0,20.34
2023-10-01 06:00:00+05:30,0.0,19.61
2023-10-01 07:00:00+05:30,70.41,19.06
2023-10-01 08:00:00+05:30,231.28,20.27
2023-10-01 09:00:00+05:30,395.34,25.53
2023-10-01 10:00:00+05:30,533.97,28.52
2023-10-01 11:00:00+05:30,628.22,30.53
2023-10-01 12:00:00+05:30,669.06,31.88
2023-10-01 13:00:00+05:30,653.58,33.15
2023-10-01 14:00:00+05:30,582.59,33.83
2023-10-01 15:00:00+05:30,463.28,34.15
2023-10-01 16:00:00+05:30,310.14,34.13
2023-10-01 17:00:00+05:30,143.16,33.55
2023-10-01 18:00:00+05:30,15.56,32.16
2023-10-01 19:00:00+05:30,0.0,29.98
2023-10-01 20:00:00+05:30,0.0,27.6
2023-10-01 21:00:00+05:30,0.0,25.23
2023-10-01 22:00:00+05:30,0.0,24.03
2023-10-01 23:00:00+05:30,0.0,23.12
2023-10-02 00:00:00+05:30,0.0,22.35
2023-10-02 01:00:00+05:30,0.0,22.17
2023-10-02 02:00:00+05:30,0.0,21.39
2023-10-02 03:00:00+05:30,0.0,20.8
2023-10-02 04:00:00+05:30,0.0,20.16
2023-10-02 05:00:00+05:30,0.0,19.47
2023-10-02 06:00:00+05:30,0.0,18.78
2023-10-02 07:00:00+05:30,67.53,18.42
2023-10-02 08:00:00+05:30,224.53,20.43
2023-10-02 09:00:00+05:30,386.83,26.4
2023-10-02 10:00:00+05:30,526.71,29.65
2023-10-02 11:00:00+05:30,620.38,31.6
2023-10-02 12:00:00+05:30,660.31,32.83
2023-10-02 13:00:00+05:30,644.67,33.7
2023-10-02 14:00:00+05:30,575.03,34.09
2023-10-02 15:00:00+05:30,459.44,34.23
2023-10-02 16:00:00+05:30,301.93,34.16
2023-10-02 17:00:00+05:30,137.09,33.73
2023-10-02 18:00:00+05:30,14.62,32.39
2023-10-02 19:00:00+05:30,0.0,30.25
2023-10-02 20:00:00+05:30,0.0,28.15
2023-10-02 21:00:00+05:30,0.0,26.67
2023-10-02 22:00:00+05:30,0.0,27.45
2023-10-02 23:00:00+05:30,0.0,24.71
2023-10-03 00:00:00+05:30,0.0,23.97
2023-10-03 01:00:00+05:30,0.0,23.76
2023-10-03 02:00:00+05:30,0.0,23.2
2023-10-03 03:00:00+05:30,0.0,22.51
2023-10-03 04:00:00+05:30,0.0,21.76
2023-10-03 05:00:00+05:30,0.0,20.98
2023-10-03 06:00:00+05:30,0.0,20.36
2023-10-03 07:00:00+05:30,65.59,20.69
2023-10-03 08:00:00+05:30,223.35,22.73
2023-10-03 09:00:00+05:30,387.26,26.49
2023-10-03 10:00:00+05:30,524.75,29.32
2023-10-03 11:00:00+05:30,618.41,31.2
2023-10-03 12:00:00+05:30,660.29,32.45
2023-10-03 13:00:00+05:30,643.87,33.58
2023-10-03 14:00:00+05:30,572.39,34.15
2023-10-03 15:00:00+05:30,453.24,34.41
2023-10-03 16:00:00+05:30,299.88,34.37
2023-10-03 17:00:00+05:30,135.22,33.88
2023-10-03 18:00:00+05:30,13.71,32.57
2023-10-03 19:00:00+05:30,0.0,30.13
2023-10-03 20:00:00+05:30,0.0,27.38
2023-10-03 21:00:00+05:30,0.0,25.09
2023-10-03 22:00:00+05:30,0.0,23.9
2023-10-03 23:00:00+05:30,0.0,23.24
2023-10-04 00:00:00+05:30,0.0,22.72
2023-10-04 01:00:00+05:30,0.0,22.17
2023-10-04 02:00:00+05:30,0.0,21.09
2023-10-04 03:00:00+05:30,0.0,20.87
2023-10-04 04:00:00+05:30,0.0,20.21
2023-10-04 05:00:00+05:30,0.0,18.96
2023-10-04 06:00:00+05:30,0.0,18.32
2023-10-04 07:00:00+05:30,65.16,18.01
2023-10-04 08:00:00+05:30,225.02,19.43
2023-10-04 09:00:00+05:30,390.72,24.9
2023-10-04 10:00:00+05:30,529.18,28.17
2023-10-04 11:00:00+05:30,623.67,30.83
2023-10-04 12:00:00+05:30,661.59,32.84
2023-10-04 13:00:00+05:30,645.34,34.09
2023-10-04 14:00:00+05:30,573.77,34.92
2023-10-04 15:00:00+05:30,454.35,35.33
2023-10-04 16:00:00+05:30,299.76,35.27
2023-10-04 17:00:00+05:30,133.54,34.52
2023-10-04 18:00:00+05:30,13.14,32.53
2023-10-04 19:00:00+05:30,0.0,29.97
2023-10-04 20:00:00+05:30,0.0,27.24
2023-10-04 21:00:00+05:30,0.0,25.11
2023-10-04 22:00:00+05:30,0.0,24.01
2023-10-04 23:00:00+05:30,0.0,23.33
2023-10-05 00:00:00+05:30,0.0,22.16
2023-10-05 01:00:00+05:30,0.0,20.64
2023-10-05 02:00:00+05:30,0.0,19.96
2023-10-05 03:00:00+05:30,0.0,19.63
2023-10-05 04:00:00+05:30,0.0,19.57
2023-10-05 05:00:00+05:30,0.0,19.38
2023-10-05 06:00:00+05:30,0.0,19.15
2023-10-05 07:00:00+05:30,62.64,19.05
2023-10-05 08:00:00+05:30,220.16,20.59
2023-10-05 09:00:00+05:30,383.93,24.56
2023-10-05 10:00:00+05:30,521.01,27.91
2023-10-05 11:00:00+05:30,613.89,30.66
2023-10-05 12:00:00+05:30,653.48,32.82
2023-10-05 13:00:00+05:30,635.89,34.4
2023-10-05 14:00:00+05:30,563.37,35.54
2023-10-05 15:00:00+05:30,443.57,36.08
2023-10-05 16:00:00+05:30,290.05,36.11
2023-10-05 17:00:00+05:30,126.66,35.51
2023-10-05 18:00:00+05:30,12.18,33.81
2023-10-05 19:00:00+05:30,0.0,31.34
2023-10-05 20:00:00+05:30,0.0,28.87
2023-10-05 21:00:00+05:30,0.0,26.97
2023-10-05 22:00:00+05:30,0.0,25.85
2023-10-05 23:00:00+05:30,0.0,25.23
2023-10-06 00:00:00+05:30,0.0,24.94
2023-10-06 01:00:00+05:30,0.0,24.67
2023-10-06 02:00:00+05:30,0.0,24.13
2023-10-06 03:00:00+05:30,0.0,23.59
2023-10-06 04:00:00+05:30,0.0,23.03
2023-10-06 05:00:00+05:30,0.0,22.51
2023-10-06 06:00:00+05:30,0.0,22.12
2023-10-06 07:00:00+05:30,60.02,21.87
2023-10-06 08:00:00+05:30,214.56,22.93
2023-10-06 09:00:00+05:30,375.66,25.72
2023-10-06 10:00:00+05:30,510.59,28.49
2023-10-06 11:00:00+05:30,602.43,30.99
2023-10-06 12:00:00+05:30,637.92,33.03
2023-10-06 13:00:00+05:30,621.21,34.49
2023-10-06 14:00:00+05:30,550.45,35.4
2023-10-06 15:00:00+05:30,432.83,35.84
2023-10-06 16:00:00+05:30,281.67,35.85
2023-10-06 17:00:00+05:30,121.42,35.26
2023-10-06 18:00:00+05:30,11.42,33.37
2023-10-06 19:00:00+05:30,0.0,30.66
2023-10-06 20:00:00+05:30,0.0,29.04
2023-10-06 21:00:00+05:30,0.0,28.0
2023-10-06 22:00:00+05:30,0.0,26.94
2023-10-06 23:00:00+05:30,0.0,25.9
2023-10-07 00:00:00+05:30,0.0,24.94
2023-10-07 01:00:00+05:30,0.0,24.76
2023-10-07 02:00:00+05:30,0.0,24.15
2023-10-07 03:00:00+05:30,0.0,23.57
2023-10-07 04:00:00+05:30,0.0,23.05
2023-10-07 05:00:00+05:30,0.0,22.62
2023-10-07 06:00:00+05:30,0.0,22.26
2023-10-07 07:00:00+05:30,57.03,21.94
2023-10-07 08:00:00+05:30,207.76,23.05
2023-10-07 09:00:00+05:30,365.72,25.74
2023-10-07 10:00:00+05:30,498.32,28.25
2023-10-07 11:00:00+05:30,588.59,30.52
2023-10-07 12:00:00+05:30,629.44,32.44
2023-10-07 13:00:00+05:30,613.21,33.95
2023-10-07 14:00:00+05:30,543.14,34.88
2023-10-07 15:00:00+05:30,426.07,35.31
2023-10-07 16:00:00+05:30,275.79,35.31
2023-10-07 17:00:00+05:30,116.93,34.9
2023-10-07 18:00:00+05:30,10.7,33.22
2023-10-07 19:00:00+05:30,0.0,30.7
2023-10-07 20:00:00+05:30,0.0,28.91
2023-10-07 21:00:00+05:30,0.0,27.78
2023-10-07 22:00:00+05:30,0.0,26.84
2023-10-07 23:00:00+05:30,0.0,25.83
2023-10-08 00:00:00+05:30,0.0,24.89
2023-10-08 01:00:00+05:30,0.0,24.67
2023-10-08 02:00:00+05:30,0.0,24.09
2023-10-08 03:00:00+05:30,0.0,23.57
2023-10-08 04:00:00+05:30,0.0,23.14
2023-10-08 05:00:00+05:30,0.0,22.79
2023-10-08 06:00:00+05:30,0.0,22.52
2023-10-08 07:00:00+05:30,54.6,22.35
2023-10-08 08:00:00+05:30,203.63,23.52
2023-10-08 09:00:00+05:30,360.65,26.28
2023-10-08 10:00:00+05:30,492.51,28.88
2023-10-08 11:00:00+05:30,582.49,31.15
2023-10-08 12:00:00+05:30,620.33,32.91
2023-10-08 13:00:00+05:30,603.72,34.25
2023-10-08 14:00:00+05:30,535.44,35.06
2023-10-08 15:00:00+05:30,421.47,35.45
2023-10-08 16:00:00+05:30,269.5,35.48
2023-10-08 17:00:00+05:30,112.69,35.0
2023-10-08 18:00:00+05:30,10.03,33.41
2023-10-08 19:00:00+05:30,0.0,31.0
2023-10-08 20:00:00+05:30,0.0,29.49
2023-10-08 21:00:00+05:30,0.0,28.46
2023-10-08 22:00:00+05:30,0.0,27.55
2023-10-08 23:00:00+05:30,0.0,26.7
2023-10-09 00:00:00+05:30,0.0,25.89
2023-10-09 01:00:00+05:30,0.0,25.41
2023-10-09 02:00:00+05:30,0.0,24.75
2023-10-09 03:00:00+05:30,0.0,24.19
2023-10-09 04:00:00+05:30,0.0,23.81
2023-10-09 05:00:00+05:30,0.0,23.55
2023-10-09 06:00:00+05:30,0.0,23.43
2023-10-09 07:00:00+05:30,52.0,23.41
2023-10-09 08:00:00+05:30,198.27,24.53
2023-10-09 09:00:00+05:30,353.9,26.92
2023-10-09 10:00:00+05:30,484.78,29.23
2023-10-09 11:00:00+05:30,573.81,31.3
2023-10-09 12:00:00+05:30,617.81,32.96
2023-10-09 13:00:00+05:30,604.58,34.0
2023-10-09 14:00:00+05:30,533.98,34.83
2023-10-09 15:00:00+05:30,417.58,35.24
2023-10-09 16:00:00+05:30,268.76,35.21
2023-10-09 17:00:00+05:30,108.81,34.69
2023-10-09 18:00:00+05:30,9.46,33.08
2023-10-09 19:00:00+05:30,0.0,30.66
2023-10-09 20:00:00+05:30,0.0,29.13
2023-10-09 21:00:00+05:30,0.0,28.05
2023-10-09 22:00:00+05:30,0.0,27.13
2023-10-09 23:00:00+05:30,0.0,26.27
2023-10-10 00:00:00+05:30,0.0,25.51
2023-10-10 01:00:00+05:30,0.0,25.25
2023-10-10 02:00:00+05:30,0.0,24.72
2023-10-10 03:00:00+05:30,0.0,24.2
2023-10-10 04:00:00+05:30,0.0,23.81
2023-10-10 05:00:00+05:30,0.0,23.54
2023-10-10 06:00:00+05:30,0.0,23.36
2023-10-10 07:00:00+05:30,49.95,23.23
2023-10-10 08:00:00+05:30,194.51,24.26
2023-10-10 09:00:00+05:30,348.3,26.6
2023-10-10 10:00:00+05:30,478.37,28.7
2023-10-10 11:00:00+05:30,566.94,30.72
2023-10-10 12:00:00+05:30,567.58,32.42
2023-10-10 13:00:00+05:30,556.86,33.22
2023-10-10 14:00:00+05:30,478.94,34.01
2023-10-10 15:00:00+05:30,371.0,34.41
2023-10-10 16:00:00+05:30,238.8,34.39
2023-10-10 17:00:00+05:30,96.39,34.18
2023-10-10 18:00:00+05:30,0.0,33.14
2023-10-10 19:00:00+05:30,0.0,31.33
2023-10-10 20:00:00+05:30,0.0,29.64
2023-10-10 21:00:00+05:30,0.0,28.31
2023-10-10 22:00:00+05:30,0.0,27.72
2023-10-10 23:00:00+05:30,0.0,26.9
2023-10-11 00:00:00+05:30,0.0,26.18
2023-10-11 01:00:00+05:30,0.0,25.39
2023-10-11 02:00:00+05:30,0.0,24.87
2023-10-11 03:00:00+05:30,0.0,24.35
2023-10-11 04:00:00+05:30,0.0,23.86
2023-10-11 05:00:00+05:30,0.0,23.41
2023-10-11 06:00:00+05:30,0.0,22.93
2023-10-11 07:00:00+05:30,49.15,22.41
2023-10-11 08:00:00+05:30,197.24,23.25
2023-10-11 09:00:00+05:30,354.65,26.02
2023-10-11 10:00:00+05:30,487.45,28.88
2023-10-11 11:00:00+05:30,577.43,31.43
2023-10-11 12:00:00+05:30,609.44,33.27
2023-10-11 13:00:00+05:30,578.3,34.31
2023-10-11 14:00:00+05:30,509.04,34.71
2023-10-11 15:00:00+05:30,387.8,34.9
2023-10-11 16:00:00+05:30,254.14,34.74
2023-10-11 17:00:00+05:30,101.58,34.29
2023-10-11 18:00:00+05:30,0.0,32.92
2023-10-11 19:00:00+05:30,0.0,31.09
2023-10-11 20:00:00+05:30,0.0,29.09
2023-10-11 21:00:00+05:30,0.0,27.36
2023-10-11 22:00:00+05:30,0.0,26.03
2023-10-11 23:00:00+05:30,0.0,25.01
2023-10-12 00:00:00+05:30,0.0,24.2
2023-10-12 01:00:00+05:30,0.0,23.13
2023-10-12 02:00:00+05:30,0.0,22.72
2023-10-12 03:00:00+05:30,0.0,22.15
2023-10-12 04:00:00+05:30,0.0,21.52
2023-10-12 05:00:00+05:30,0.0,20.82
2023-10-12 06:00:00+05:30,0.0,20.11
2023-10-12 07:00:00+05:30,47.36,19.65
2023-10-12 08:00:00+05:30,195.45,21.86
2023-10-12 09:00:00+05:30,351.18,26.16
2023-10-12 10:00:00+05:30,482.13,29.22
2023-10-12 11:00:00+05:30,570.8,31.25
2023-10-12 12:00:00+05:30,613.89,32.84
2023-10-12 13:00:00+05:30,595.93,34.09
2023-10-12 14:00:00+05:30,518.61,34.66
2023-10-12 15:00:00+05:30,403.69,34.88
2023-10-12 16:00:00+05:30,251.41,34.89
2023-10-12 17:00:00+05:30,98.27,34.49
2023-10-12 18:00:00+05:30,0.0,33.34
2023-10-12 19:00:00+05:30,0.0,31.48
2023-10-12 20:00:00+05:30,0.0,28.89
2023-10-12 21:00:00+05:30,0.0,27.04
2023-10-12 22:00:00+05:30,0.0,26.0
2023-10-12 23:00:00+05:30,0.0,25.22
2023-10-13 00:00:00+05:30,0.0,24.55
2023-10-13 01:00:00+05:30,0.0,24.17
2023-10-13 02:00:00+05:30,0.0,23.63
2023-10-13 03:00:00+05:30,0.0,23.15
2023-10-13 04:00:00+05:30,0.0,22.83
2023-10-13 05:00:00+05:30,0.0,22.6
2023-10-13 06:00:00+05:30,0.0,22.36
2023-10-13 07:00:00+05:30,44.49,22.12
2023-10-13 08:00:00+05:30,188.99,23.14
2023-10-13 09:00:00+05:30,344.76,27.04
2023-10-13 10:00:00+05:30,471.97,29.7
2023-10-13 11:00:00+05:30,563.12,31.82
2023-10-13 12:00:00+05:30,593.39,33.6
2023-10-13 13:00:00+05:30,571.94,34.58
2023-10-13 14:00:00+05:30,513.71,35.01
2023-10-13 15:00:00+05:30,391.06,35.15
2023-10-13 16:00:00+05:30,244.2,35.03
2023-10-13 17:00:00+05:30,93.34,34.58
2023-10-13 18:00:00+05:30,0.0,33.33
2023-10-13 19:00:00+05:30,0.0,31.33
2023-10-13 20:00:00+05:30,0.0,29.44
2023-10-13 21:00:00+05:30,0.0,28.12
2023-10-13 22:00:00+05:30,0.0,27.24
2023-10-13 23:00:00+05:30,0.0,26.45
2023-10-14 00:00:00+05:30,0.0,26.05
2023-10-14 01:00:00+05:30,0.0,25.55
2023-10-14 02:00:00+05:30,0.0,24.86
2023-10-14 03:00:00+05:30,0.0,24.54
2023-10-14 04:00:00+05:30,0.0,24.07
2023-10-14 05:00:00+05:30,0.0,23.72
2023-10-14 06:00:00+05:30,0.0,23.26
2023-10-14 07:00:00+05:30,41.15,23.08
2023-10-14 08:00:00+05:30,171.09,24.1
2023-10-14 09:00:00+05:30,315.42,27.15
2023-10-14 10:00:00+05:30,423.31,29.89
2023-10-14 11:00:00+05:30,530.26,32.02
2023-10-14 12:00:00+05:30,566.15,33.47
2023-10-14 13:00:00+05:30,548.33,34.17
2023-10-14 14:00:00+05:30,432.44,34.51
2023-10-14 15:00:00+05:30,327.06,34.32
2023-10-14 16:00:00+05:30,198.36,34.21
2023-10-14 17:00:00+05:30,83.35,33.66
2023-10-14 18:00:00+05:30,0.0,32.49
2023-10-14 19:00:00+05:30,0.0,30.95
2023-10-14 20:00:00+05:30,0.0,29.39
2023-10-14 21:00:00+05:30,0.0,28.17
2023-10-14 22:00:00+05:30,0.0,27.64
2023-10-14 23:00:00+05:30,0.0,27.21
2023-10-15 00:00:00+05:30,0.0,26.77
2023-10-15 01:00:00+05:30,0.0,26.08
2023-10-15 02:00:00+05:30,0.0,25.1
2023-10-15 03:00:00+05:30,0.0,24.28
2023-10-15 04:00:00+05:30,0.0,23.61
2023-10-15 05:00:00+05:30,0.0,23.03
2023-10-15 06:00:00+05:30,0.0,22.57
2023-10-15 07:00:00+05:30,40.49,22.21
2023-10-15 08:00:00+05:30,182.52,23.26
2023-10-15 09:00:00+05:30,335.54,26.28
2023-10-15 10:00:00+05:30,463.43,28.94
2023-10-15 11:00:00+05:30,550.87,31.2
2023-10-15 12:00:00+05:30,495.07,32.79
2023-10-15 13:00:00+05:30,491.4,33.0
2023-10-15 14:00:00+05:30,431.19,33.47
2023-10-15 15:00:00+05:30,313.19,33.52
2023-10-15 16:00:00+05:30,206.16,33.19
2023-10-15 17:00:00+05:30,79.45,32.85
2023-10-15 18:00:00+05:30,0.0,30.98
2023-10-15 19:00:00+05:30,0.0,29.42
2023-10-15 20:00:00+05:30,0.0,28.16
2023-10-15 21:00:00+05:30,0.0,27.22
2023-10-15 22:00:00+05:30,0.0,26.31
2023-10-15 23:00:00+05:30,0.0,25.64
2023-10-16 00:00:00+05:30,0.0,24.44
2023-10-16 01:00:00+05:30,0.0,23.86
2023-10-16 02:00:00+05:30,0.0,23.49
2023-10-16 03:00:00+05:30,0.0,23.53
2023-10-16 04:00:00+05:30,0.0,23.13
2023-10-16 05:00:00+05:30,0.0,22.86
2023-10-16 06:00:00+05:30,0.0,22.47
2023-10-16 07:00:00+05:30,37.78,22.09
2023-10-16 08:00:00+05:30,165.76,22.91
2023-10-16 09:00:00+05:30,322.72,25.63
2023-10-16 10:00:00+05:30,460.81,28.33
2023-10-16 11:00:00+05:30,531.52,30.65
2023-10-16 12:00:00+05:30,561.94,32.39
2023-10-16 13:00:00+05:30,539.41,32.84
2023-10-16 14:00:00+05:30,468.19,33.49
2023-10-16 15:00:00+05:30,361.72,33.76
2023-10-16 16:00:00+05:30,198.59,33.26
2023-10-16 17:00:00+05:30,62.82,31.86
2023-10-16 18:00:00+05:30,0.0,30.01
2023-10-16 19:00:00+05:30,0.0,27.98
2023-10-16 20:00:00+05:30,0.0,26.31
2023-10-16 21:00:00+05:30,0.0,25.11
2023-10-16 22:00:00+05:30,0.0,24.38
2023-10-16 23:00:00+05:30,0.0,23.53
2023-10-17 00:00:00+05:30,0.0,22.93
2023-10-17 01:00:00+05:30,0.0,22.57
2023-10-17 02:00:00+05:30,0.0,22.3
2023-10-17 03:00:00+05:30,0.0,21.99
2023-10-17 04:00:00+05:30,0.0,21.58
2023-10-17 05:00:00+05:30,0.0,21.03
2023-10-17 06:00:00+05:30,0.0,20.57
2023-10-17 07:00:00+05:30,35.93,20.21
2023-10-17 08:00:00+05:30,165.75,21.17
2023-10-17 09:00:00+05:30,314.14,24.3
2023-10-17 10:00:00+05:30,439.3,27.02
2023-10-17 11:00:00+05:30,459.62,28.54
2023-10-17 12:00:00+05:30,561.77,28.72
2023-10-17 13:00:00+05:30,532.14,28.59
2023-10-17 14:00:00+05:30,462.41,29.23
2023-10-17 15:00:00+05:30,345.09,29.53
2023-10-17 16:00:00+05:30,176.43,29.54
2023-10-17 17:00:00+05:30,63.38,27.88
2023-10-17 18:00:00+05:30,0.0,25.14
2023-10-17 19:00:00+05:30,0.0,24.11
2023-10-17 20:00:00+05:30,0.0,23.86
2023-10-17 21:00:00+05:30,0.0,23.44
2023-10-17 22:00:00+05:30,0.0,23.11
2023-10-17 23:00:00+05:30,0.0,22.64
2023-10-18 00:00:00+05:30,0.0,22.08
2023-10-18 01:00:00+05:30,0.0,21.42
2023-10-18 02:00:00+05:30,0.0,20.91
2023-10-18 03:00:00+05:30,0.0,20.53
2023-10-18 04:00:00+05:30,0.0,19.95
2023-10-18 05:00:00+05:30,0.0,19.65
2023-10-18 06:00:00+05:30,0.0,19.26
2023-10-18 07:00:00+05:30,31.95,19.04
2023-10-18 08:00:00+05:30,164.55,19.99
2023-10-18 09:00:00+05:30,315.57,23.43
2023-10-18 10:00:00+05:30,443.46,25.6
2023-10-18 11:00:00+05:30,524.39,27.31
2023-10-18 12:00:00+05:30,457.57,28.41
2023-10-18 13:00:00+05:30,496.0,28.81
2023-10-18 14:00:00+05:30,458.08,29.66
2023-10-18 15:00:00+05:30,326.77,30.14
2023-10-18 16:00:00+05:30,205.66,30.05
2023-10-18 17:00:00+05:30,74.82,29.59
2023-10-18 18:00:00+05:30,0.0,28.23
2023-10-18 19:00:00+05:30,0.0,26.04
2023-10-18 20:00:00+05:30,0.0,24.33
2023-10-18 21:00:00+05:30,0.0,23.13
2023-10-18 22:00:00+05:30,0.0,22.25
2023-10-18 23:00:00+05:30,0.0,21.5
2023-10-19 00:00:00+05:30,0.0,20.78
2023-10-19 01:00:00+05:30,0.0,19.96
2023-10-19 02:00:00+05:30,0.0,19.28
2023-10-19 03:00:00+05:30,0.0,18.58
2023-10-19 04:00:00+05:30,0.0,17.95
2023-10-19 05:00:00+05:30,0.0,17.39
2023-10-19 06:00:00+05:30,0.0,16.97
2023-10-19 07:00:00+05:30,32.55,16.68
2023-10-19 08:00:00+05:30,172.15,17.8
2023-10-19 09:00:00+05:30,323.85,22.54
2023-10-19 10:00:00+05:30,452.28,25.69
2023-10-19 11:00:00+05:30,539.36,27.42
2023-10-19 12:00:00+05:30,572.9,28.82
2023-10-19 13:00:00+05:30,554.17,29.66
2023-10-19 14:00:00+05:30,482.81,30.29
2023-10-19 15:00:00+05:30,366.47,30.59
2023-10-19 16:00:00+05:30,220.37,30.55
2023-10-19 17:00:00+05:30,73.61,30.13
2023-10-19 18:00:00+05:30,0.0,29.01
2023-10-19 19:00:00+05:30,0.0,27.4
2023-10-19 20:00:00+05:30,0.0,25.33
2023-10-19 21:00:00+05:30,0.0,23.44
2023-10-19 22:00:00+05:30,0.0,22.4
2023-10-19 23:00:00+05:30,0.0,21.37
2023-10-20 00:00:00+05:30,0.0,20.97
2023-10-20 01:00:00+05:30,0.0,20.74
2023-10-20 02:00:00+05:30,0.0,20.33
2023-10-20 03:00:00+05:30,0.0,19.94
2023-10-20 04:00:00+05:30,0.0,19.6
2023-10-20 05:00:00+05:30,0.0,19.3
2023-10-20 06:00:00+05:30,0.0,19.0
2023-10-20 07:00:00+05:30,30.37,18.73
2023-10-20 08:00:00+05:30,167.3,19.66
2023-10-20 09:00:00+05:30,317.42,23.2
2023-10-20 10:00:00+05:30,445.26,25.93
2023-10-20 11:00:00+05:30,532.05,27.89
2023-10-20 12:00:00+05:30,567.17,29.31
2023-10-20 13:00:00+05:30,533.89,30.39
2023-10-20 14:00:00+05:30,484.36,31.02
2023-10-20 15:00:00+05:30,330.07,31.47
2023-10-20 16:00:00+05:30,203.33,31.41
2023-10-20 17:00:00+05:30,65.05,31.1
2023-10-20 18:00:00+05:30,0.0,30.07
2023-10-20 19:00:00+05:30,0.0,28.31
2023-10-20 20:00:00+05:30,0.0,26.3
2023-10-20 21:00:00+05:30,0.0,24.63
2023-10-20 22:00:00+05:30,0.0,23.18
2023-10-20 23:00:00+05:30,0.0,22.23
2023-10-21 00:00:00+05:30,0.0,21.41
2023-10-21 01:00:00+05:30,0.0,20.95
2023-10-21 02:00:00+05:30,0.0,20.37
2023-10-21 03:00:00+05:30,0.0,19.82
2023-10-21 04:00:00+05:30,0.0,19.35
2023-10-21 05:00:00+05:30,0.0,18.95
2023-10-21 06:00:00+05:30,0.0,18.59
2023-10-21 07:00:00+05:30,28.34,18.3
2023-10-21 08:00:00+05:30,163.92,19.18
2023-10-21 09:00:00+05:30,313.08,23.51
2023-10-21 10:00:00+05:30,440.1,26.34
2023-10-21 11:00:00+05:30,526.03,28.4
2023-10-21 12:00:00+05:30,545.61,29.8
2023-10-21 13:00:00+05:30,475.5,30.8
2023-10-21 14:00:00+05:30,377.29,31.34
2023-10-21 15:00:00+05:30,285.06,31.49
2023-10-21 16:00:00+05:30,175.73,31.42
2023-10-21 17:00:00+05:30,53.7,31.11
2023-10-21 18:00:00+05:30,0.0,29.92
2023-10-21 19:00:00+05:30,0.0,28.22
2023-10-21 20:00:00+05:30,0.0,26.3
2023-10-21 21:00:00+05:30,0.0,25.13
2023-10-21 22:00:00+05:30,0.0,23.87
2023-10-21 23:00:00+05:30,0.0,22.89
2023-10-22 00:00:00+05:30,0.0,22.06
2023-10-22 01:00:00+05:30,0.0,21.59
2023-10-22 02:00:00+05:30,0.0,21.19
2023-10-22 03:00:00+05:30,0.0,20.73
2023-10-22 04:00:00+05:30,0.0,20.28
2023-10-22 05:00:00+05:30,0.0,19.88
2023-10-22 06:00:00+05:30,0.0,19.53
2023-10-22 07:00:00+05:30,26.46,19.3
2023-10-22 08:00:00+05:30,158.65,20.34
2023-10-22 09:00:00+05:30,305.89,23.88
2023-10-22 10:00:00+05:30,431.91,26.83
2023-10-22 11:00:00+05:30,517.87,29.0
2023-10-22 12:00:00+05:30,533.57,30.43
2023-10-22 13:00:00+05:30,515.35,30.97
2023-10-22 14:00:00+05:30,434.74,31.5
2023-10-22 15:00:00+05:30,301.07,31.53
2023-10-22 16:00:00+05:30,178.49,30.83
2023-10-22 17:00:00+05:30,52.79,29.74
2023-10-22 18:00:00+05:30,0.0,27.9
2023-10-22 19:00:00+05:30,0.0,26.36
2023-10-22 20:00:00+05:30,0.0,25.01
2023-10-22 21:00:00+05:30,0.0,23.97
2023-10-22 22:00:00+05:30,0.0,23.16
2023-10-22 23:00:00+05:30,0.0,22.32
2023-10-23 00:00:00+05:30,0.0,21.58
2023-10-23 01:00:00+05:30,0.0,21.23
2023-10-23 02:00:00+05:30,0.0,20.54
2023-10-23 03:00:00+05:30,0.0,19.95
2023-10-23 04:00:00+05:30,0.0,19.48
2023-10-23 05:00:00+05:30,0.0,19.03
2023-10-23 06:00:00+05:30,0.0,18.63
2023-10-23 07:00:00+05:30,18.46,18.27
2023-10-23 08:00:00+05:30,157.43,19.06
2023-10-23 09:00:00+05:30,305.73,23.22
2023-10-23 10:00:00+05:30,432.63,26.21
2023-10-23 11:00:00+05:30,519.22,28.12
2023-10-23 12:00:00+05:30,536.48,29.37
2023-10-23 13:00:00+05:30,486.65,30.48
2023-10-23 14:00:00+05:30,421.83,30.97
2023-10-23 15:00:00+05:30,317.66,31.19
2023-10-23 16:00:00+05:30,184.89,30.94
2023-10-23 17:00:00+05:30,59.49,30.39
2023-10-23 18:00:00+05:30,0.0,28.85
2023-10-23 19:00:00+05:30,0.0,27.03
2023-10-23 20:00:00+05:30,0.0,24.81
2023-10-23 21:00:00+05:30,0.0,23.09
2023-10-23 22:00:00+05:30,0.0,21.78
2023-10-23 23:00:00+05:30,0.0,20.95
2023-10-24 00:00:00+05:30,0.0,20.36
2023-10-24 01:00:00+05:30,0.0,20.22
2023-10-24 02:00:00+05:30,0.0,19.71
2023-10-24 03:00:00+05:30,0.0,19.26
2023-10-24 04:00:00+05:30,0.0,18.84
2023-10-24 05:00:00+05:30,0.0,18.41
2023-10-24 06:00:00+05:30,0.0,17.91
2023-10-24 07:00:00+05:30,16.57,17.45
2023-10-24 08:00:00+05:30,155.24,18.46
2023-10-24 09:00:00+05:30,303.65,23.46
2023-10-24 10:00:00+05:30,430.42,26.57
2023-10-24 11:00:00+05:30,516.55,28.33
2023-10-24 12:00:00+05:30,538.62,29.45
2023-10-24 13:00:00+05:30,489.36,30.25
2023-10-24 14:00:00+05:30,389.79,30.86
2023-10-24 15:00:00+05:30,298.19,30.93
2023-10-24 16:00:00+05:30,185.26,30.83
2023-10-24 17:00:00+05:30,52.1,30.14
2023-10-24 18:00:00+05:30,0.0,28.21
2023-10-24 19:00:00+05:30,0.0,26.21
2023-10-24 20:00:00+05:30,0.0,24.69
2023-10-24 21:00:00+05:30,0.0,23.33
2023-10-24 22:00:00+05:30,0.0,21.95
2023-10-24 23:00:00+05:30,0.0,20.86
2023-10-25 00:00:00+05:30,0.0,20.51
2023-10-25 01:00:00+05:30,0.0,20.17
2023-10-25 02:00:00+05:30,0.0,19.74
2023-10-25 03:00:00+05:30,0.0,19.12
2023-10-25 04:00:00+05:30,0.0,18.38
2023-10-25 05:00:00+05:30,0.0,17.7
2023-10-25 06:00:00+05:30,0.0,17.47
2023-10-25 07:00:00+05:30,26.23,18.17
2023-10-25 08:00:00+05:30,153.2,19.23
2023-10-25 09:00:00+05:30,301.44,23.43
2023-10-25 10:00:00+05:30,424.17,26.63
2023-10-25 11:00:00+05:30,513.29,28.54
2023-10-25 12:00:00+05:30,515.77,29.87
2023-10-25 13:00:00+05:30,448.77,30.63
2023-10-25 14:00:00+05:30,377.44,30.89
2023-10-25 15:00:00+05:30,291.34,31.03
2023-10-25 16:00:00+05:30,173.54,30.96
2023-10-25 17:00:00+05:30,50.92,30.41
2023-10-25 18:00:00+05:30,0.0,28.82
2023-10-25 19:00:00+05:30,0.0,26.81
2023-10-25 20:00:00+05:30,0.0,24.73
2023-10-25 21:00:00+05:30,0.0,22.94
2023-10-25 22:00:00+05:30,0.0,21.68
2023-10-25 23:00:00+05:30,0.0,20.89
2023-10-26 00:00:00+05:30,0.0,20.38
2023-10-26 01:00:00+05:30,0.0,19.94
2023-10-26 02:00:00+05:30,0.0,19.56
2023-10-26 03:00:00+05:30,0.0,19.09
2023-10-26 04:00:00+05:30,0.0,18.54
2023-10-26 05:00:00+05:30,0.0,17.98
2023-10-26 06:00:00+05:30,0.0,17.43
2023-10-26 07:00:00+05:30,25.94,16.99
2023-10-26 08:00:00+05:30,150.41,17.59
2023-10-26 09:00:00+05:30,299.04,22.57
2023-10-26 10:00:00+05:30,426.17,26.29
2023-10-26 11:00:00+05:30,512.66,28.08
2023-10-26 12:00:00+05:30,547.98,29.4
2023-10-26 13:00:00+05:30,528.71,30.53
2023-10-26 14:00:00+05:30,456.52,31.26
2023-10-26 15:00:00+05:30,339.7,31.56
2023-10-26 16:00:00+05:30,194.49,31.4
2023-10-26 17:00:00+05:30,52.87,30.69
2023-10-26 18:00:00+05:30,0.0,28.58
2023-10-26 19:00:00+05:30,0.0,25.99
2023-10-26 20:00:00+05:30,0.0,23.98
2023-10-26 21:00:00+05:30,0.0,22.45
2023-10-26 22:00:00+05:30,0.0,21.25
2023-10-26 23:00:00+05:30,0.0,20.27
2023-10-27 00:00:00+05:30,0.0,19.39
2023-10-27 01:00:00+05:30,0.0,18.74
2023-10-27 02:00:00+05:30,0.0,18.01
2023-10-27 03:00:00+05:30,0.0,17.35
2023-10-27 04:00:00+05:30,0.0,16.82
2023-10-27 05:00:00+05:30,0.0,16.37
2023-10-27 06:00:00+05:30,0.0,15.99
2023-10-27 07:00:00+05:30,25.32,15.71
2023-10-27 08:00:00+05:30,148.29,17.25
2023-10-27 09:00:00+05:30,297.35,22.35
2023-10-27 10:00:00+05:30,424.54,26.59
2023-10-27 11:00:00+05:30,510.18,28.57
2023-10-27 12:00:00+05:30,541.79,29.73
2023-10-27 13:00:00+05:30,521.33,30.87
2023-10-27 14:00:00+05:30,448.39,31.57
2023-10-27 15:00:00+05:30,331.8,31.9
2023-10-27 16:00:00+05:30,188.47,31.82
2023-10-27 17:00:00+05:30,51.61,31.26
2023-10-27 18:00:00+05:30,0.0,29.64
2023-10-27 19:00:00+05:30,0.0,27.52
2023-10-27 20:00:00+05:30,0.0,25.29
2023-10-27 21:00:00+05:30,0.0,23.38
2023-10-27 22:00:00+05:30,0.0,22.44
2023-10-27 23:00:00+05:30,0.0,21.9
2023-10-28 00:00:00+05:30,0.0,21.3
2023-10-28 01:00:00+05:30,0.0,20.7
2023-10-28 02:00:00+05:30,0.0,20.22
2023-10-28 03:00:00+05:30,0.0,19.7
2023-10-28 04:00:00+05:30,0.0,19.05
2023-10-28 05:00:00+05:30,0.0,19.24
2023-10-28 06:00:00+05:30,0.0,20.93
2023-10-28 07:00:00+05:30,31.1,20.86
2023-10-28 08:00:00+05:30,136.76,21.11
2023-10-28 09:00:00+05:30,255.87,22.77
2023-10-28 10:00:00+05:30,398.36,25.64
2023-10-28 11:00:00+05:30,468.36,28.28
2023-10-28 12:00:00+05:30,477.68,29.85
2023-10-28 13:00:00+05:30,471.31,30.55
2023-10-28 14:00:00+05:30,391.76,31.19
2023-10-28 15:00:00+05:30,311.03,31.44
2023-10-28 16:00:00+05:30,182.83,31.52
2023-10-28 17:00:00+05:30,59.3,30.91
2023-10-28 18:00:00+05:30,0.0,29.67
2023-10-28 19:00:00+05:30,0.0,27.52
2023-10-28 20:00:00+05:30,0.0,25.11
2023-10-28 21:00:00+05:30,0.0,23.27
2023-10-28 22:00:00+05:30,0.0,22.16
2023-10-28 23:00:00+05:30,0.0,21.45
2023-10-29 00:00:00+05:30,0.0,21.08
2023-10-29 01:00:00+05:30,0.0,20.3
2023-10-29 02:00:00+05:30,0.0,20.13
2023-10-29 03:00:00+05:30,0.0,22.06
2023-10-29 04:00:00+05:30,0.0,21.8
2023-10-29 05:00:00+05:30,0.0,21.69
2023-10-29 06:00:00+05:30,0.0,21.61
2023-10-29 07:00:00+05:30,25.94,20.25
2023-10-29 08:00:00+05:30,139.83,19.59
2023-10-29 09:00:00+05:30,277.95,23.64
2023-10-29 10:00:00+05:30,402.37,27.11
2023-10-29 11:00:00+05:30,491.16,29.53
2023-10-29 12:00:00+05:30,524.67,31.26
2023-10-29 13:00:00+05:30,505.03,32.29
2023-10-29 14:00:00+05:30,433.76,32.89
2023-10-29 15:00:00+05:30,319.42,33.1
2023-10-29 16:00:00+05:30,178.55,32.91
2023-10-29 17:00:00+05:30,43.07,32.26
2023-10-29 18:00:00+05:30,0.0,30.74
2023-10-29 19:00:00+05:30,0.0,28.57
2023-10-29 20:00:00+05:30,0.0,26.16
2023-10-29 21:00:00+05:30,0.0,24.43
2023-10-29 22:00:00+05:30,0.0,23.36
2023-10-29 23:00:00+05:30,0.0,22.38
2023-10-30 00:00:00+05:30,0.0,21.57
2023-10-30 01:00:00+05:30,0.0,20.76
2023-10-30 02:00:00+05:30,0.0,20.27
2023-10-30 03:00:00+05:30,0.0,19.86
2023-10-30 04:00:00+05:30,0.0,19.46
2023-10-30 05:00:00+05:30,0.0,19.19
2023-10-30 06:00:00+05:30,0.0,18.96
2023-10-30 07:00:00+05:30,23.12,18.7
2023-10-30 08:00:00+05:30,134.98,19.15
2023-10-30 09:00:00+05:30,278.73,23.47
2023-10-30 10:00:00+05:30,402.4,26.62
2023-10-30 11:00:00+05:30,486.31,29.03
2023-10-30 12:00:00+05:30,500.0,30.78
2023-10-30 13:00:00+05:30,486.6,32.56
2023-10-30 14:00:00+05:30,404.25,33.14
2023-10-30 15:00:00+05:30,306.03,33.17
2023-10-30 16:00:00+05:30,167.04,32.91
2023-10-30 17:00:00+05:30,41.58,32.09
2023-10-30 18:00:00+05:30,0.0,30.34
2023-10-30 19:00:00+05:30,0.0,27.63
2023-10-30 20:00:00+05:30,0.0,25.51
2023-10-30 21:00:00+05:30,0.0,24.42
2023-10-30 22:00:00+05:30,0.0,23.69
2023-10-30 23:00:00+05:30,0.0,23.07
2023-10-31 00:00:00+05:30,0.0,22.53
2023-10-31 01:00:00+05:30,0.0,22.61
2023-10-31 02:00:00+05:30,0.0,22.21
2023-10-31 03:00:00+05:30,0.0,21.62
2023-10-31 04:00:00+05:30,0.0,20.98
2023-10-31 05:00:00+05:30,0.0,20.41
2023-10-31 06:00:00+05:30,0.0,19.88
2023-10-31 07:00:00+05:30,23.03,19.38
2023-10-31 08:00:00+05:30,131.26,19.84
2023-10-31 09:00:00+05:30,273.77,24.07
2023-10-31 10:00:00+05:30,396.62,27.36
2023-10-31 11:00:00+05:30,480.54,29.51
2023-10-31 12:00:00+05:30,517.83,30.83
2023-10-31 13:00:00+05:30,492.61,32.2
2023-10-31 14:00:00+05:30,425.58,32.75
2023-10-31 15:00:00+05:30,300.06,33.05
2023-10-31 16:00:00+05:30,173.08,32.88
2023-10-31 17:00:00+05:30,38.95,32.18
2023-10-31 18:00:00+05:30,0.0,29.96
2023-10-31 19:00:00+05:30,0.0,27.79
2023-10-31 20:00:00+05:30,0.0,26.04
2023-10-31 21:00:00+05:30,0.0,24.89
2023-10-31 22:00:00+05:30,0.0,23.95
2023-10-31 23:00:00+05:30,0.0,23.05
2023-11-01 00:00:00+05:30,0.0,22.33
2023-11-01 01:00:00+05:30,0.0,21.54
2023-11-01 02:00:00+05:30,0.0,20.82
2023-11-01 03:00:00+05:30,0.0,20.02
2023-11-01 04:00:00+05:30,0.0,19.3
2023-11-01 05:00:00+05:30,0.0,18.77
2023-11-01 06:00:00+05:30,0.0,18.38
2023-11-01 07:00:00+05:30,22.12,18.12
2023-11-01 08:00:00+05:30,127.62,18.72
2023-11-01 09:00:00+05:30,268.03,23.45
2023-11-01 10:00:00+05:30,390.18,26.47
2023-11-01 11:00:00+05:30,472.74,28.46
2023-11-01 12:00:00+05:30,507.06,29.71
2023-11-01 13:00:00+05:30,473.51,30.81
2023-11-01 14:00:00+05:30,389.92,31.5
2023-11-01 15:00:00+05:30,283.08,31.8
2023-11-01 16:00:00+05:30,156.41,31.68
2023-11-01 17:00:00+05:30,36.32,31.17
2023-11-01 18:00:00+05:30,0.0,29.68
2023-11-01 19:00:00+05:30,0.0,27.52
2023-11-01 20:00:00+05:30,0.0,25.69
2023-11-01 21:00:00+05:30,0.0,24.12
2023-11-01 22:00:00+05:30,0.0,23.14
2023-11-01 23:00:00+05:30,0.0,22.24
2023-11-02 00:00:00+05:30,0.0,21.48
2023-11-02 01:00:00+05:30,0.0,21.51
2023-11-02 02:00:00+05:30,0.0,20.98
2023-11-02 03:00:00+05:30,0.0,20.44
2023-11-02 04:00:00+05:30,0.0,19.92
2023-11-02 05:00:00+05:30,0.0,19.41
2023-11-02 06:00:00+05:30,0.0,18.97
2023-11-02 07:00:00+05:30,21.64,18.61
2023-11-02 08:00:00+05:30,124.21,18.95
2023-11-02 09:00:00+05:30,264.68,23.62
2023-11-02 10:00:00+05:30,386.17,26.72
2023-11-02 11:00:00+05:30,469.92,28.58
2023-11-02 12:00:00+05:30,504.36,29.74
2023-11-02 13:00:00+05:30,454.16,30.85
2023-11-02 14:00:00+05:30,388.26,31.49
2023-11-02 15:00:00+05:30,268.05,31.8
2023-11-02 16:00:00+05:30,154.14,31.62
2023-11-02 17:00:00+05:30,33.14,31.06
2023-11-02 18:00:00+05:30,0.0,29.87
2023-11-02 19:00:00+05:30,0.0,27.79
2023-11-02 20:00:00+05:30,0.0,25.6
2023-11-02 21:00:00+05:30,0.0,23.75
2023-11-02 22:00:00+05:30,0.0,22.33
2023-11-02 23:00:00+05:30,0.0,21.57
2023-11-03 00:00:00+05:30,0.0,21.09
2023-11-03 01:00:00+05:30,0.0,20.55
2023-11-03 02:00:00+05:30,0.0,19.94
2023-11-03 03:00:00+05:30,0.0,19.25
2023-11-03 04:00:00+05:30,0.0,19.99
2023-11-03 05:00:00+05:30,0.0,21.21
2023-11-03 06:00:00+05:30,0.0,21.22
2023-11-03 07:00:00+05:30,20.97,21.01
2023-11-03 08:00:00+05:30,122.35,21.05
2023-11-03 09:00:00+05:30,264.05,22.84
2023-11-03 10:00:00+05:30,387.12,26.34
2023-11-03 11:00:00+05:30,470.98,28.82
2023-11-03 12:00:00+05:30,469.01,30.56
2023-11-03 13:00:00+05:30,436.85,31.42
2023-11-03 14:00:00+05:30,381.17,31.74
2023-11-03 15:00:00+05:30,289.24,31.79
2023-11-03 16:00:00+05:30,156.79,31.48
2023-11-03 17:00:00+05:30,31.07,30.71
2023-11-03 18:00:00+05:30,0.0,29.14
2023-11-03 19:00:00+05:30,0.0,26.49
2023-11-03 20:00:00+05:30,0.0,24.23
2023-11-03 21:00:00+05:30,0.0,23.24
2023-11-03 22:00:00+05:30,0.0,22.35
2023-11-03 23:00:00+05:30,0.0,21.4
2023-11-04 00:00:00+05:30,0.0,20.51
2023-11-04 01:00:00+05:30,0.0,20.61
2023-11-04 02:00:00+05:30,0.0,20.13
2023-11-04 03:00:00+05:30,0.0,19.64
2023-11-04 04:00:00+05:30,0.0,19.16
2023-11-04 05:00:00+05:30,0.0,18.82
2023-11-04 06:00:00+05:30,0.0,18.6
2023-11-04 07:00:00+05:30,23.7,18.41
2023-11-04 08:00:00+05:30,121.16,18.92
2023-11-04 09:00:00+05:30,258.78,22.76
2023-11-04 10:00:00+05:30,377.27,25.84
2023-11-04 11:00:00+05:30,459.07,28.03
2023-11-04 12:00:00+05:30,468.98,29.67
2023-11-04 13:00:00+05:30,371.06,30.44
2023-11-04 14:00:00+05:30,301.32,30.44
2023-11-04 15:00:00+05:30,237.37,30.6
2023-11-04 16:00:00+05:30,138.81,30.5
2023-11-04 17:00:00+05:30,27.94,30.13
2023-11-04 18:00:00+05:30,0.0,29.14
2023-11-04 19:00:00+05:30,0.0,27.19
2023-11-04 20:00:00+05:30,0.0,25.22
2023-11-04 21:00:00+05:30,0.0,23.61
2023-11-04 22:00:00+05:30,0.0,22.21
2023-11-04 23:00:00+05:30,0.0,21.17
2023-11-05 00:00:00+05:30,0.0,20.43
2023-11-05 01:00:00+05:30,0.0,19.83
2023-11-05 02:00:00+05:30,0.0,19.15
2023-11-05 03:00:00+05:30,0.0,18.73
2023-11-05 04:00:00+05:30,0.0,18.34
2023-11-05 05:00:00+05:30,0.0,17.95
2023-11-05 06:00:00+05:30,0.0,17.83
2023-11-05 07:00:00+05:30,19.68,17.74
2023-11-05 08:00:00+05:30,115.3,18.17
2023-11-05 09:00:00+05:30,254.86,22.7
2023-11-05 10:00:00+05:30,376.13,26.28
2023-11-05 11:00:00+05:30,458.37,28.5
2023-11-05 12:00:00+05:30,472.16,30.01
2023-11-05 13:00:00+05:30,391.46,31.24
2023-11-05 14:00:00+05:30,336.92,31.36
2023-11-05 15:00:00+05:30,251.77,31.6
2023-11-05 16:00:00+05:30,136.61,31.39
2023-11-05 17:00:00+05:30,34.54,30.74
2023-11-05 18:00:00+05:30,0.0,29.56
2023-11-05 19:00:00+05:30,0.0,27.68
2023-11-05 20:00:00+05:30,0.0,25.49
2023-11-05 21:00:00+05:30,0.0,23.31
2023-11-05 22:00:00+05:30,0.0,22.3
2023-11-05 23:00:00+05:30,0.0,21.58
2023-11-06 00:00:00+05:30,0.0,21.3
2023-11-06 01:00:00+05:30,0.0,21.14
2023-11-06 02:00:00+05:30,0.0,20.75
2023-11-06 03:00:00+05:30,0.0,20.3
2023-11-06 04:00:00+05:30,0.0,19.95
2023-11-06 05:00:00+05:30,0.0,19.72
2023-11-06 06:00:00+05:30,0.0,19.46
2023-11-06 07:00:00+05:30,19.21,19.16
2023-11-06 08:00:00+05:30,111.31,19.35
2023-11-06 09:00:00+05:30,249.74,22.96
2023-11-06 10:00:00+05:30,370.73,25.94
2023-11-06 11:00:00+05:30,453.03,28.06
2023-11-06 12:00:00+05:30,484.4,29.55
2023-11-06 13:00:00+05:30,439.65,30.57
2023-11-06 14:00:00+05:30,343.58,30.97
2023-11-06 15:00:00+05:30,244.18,31.04
2023-11-06 16:00:00+05:30,133.75,30.91
2023-11-06 17:00:00+05:30,30.15,30.48
2023-11-06 18:00:00+05:30,0.0,29.28
2023-11-06 19:00:00+05:30,0.0,27.04
2023-11-06 20:00:00+05:30,0.0,24.82
2023-11-06 21:00:00+05:30,0.0,23.97
2023-11-06 22:00:00+05:30,0.0,23.04
2023-11-06 23:00:00+05:30,0.0,22.2
2023-11-07 00:00:00+05:30,0.0,21.4
2023-11-07 01:00:00+05:30,0.0,20.66
2023-11-07 02:00:00+05:30,0.0,20.04
2023-11-07 03:00:00+05:30,0.0,19.47
2023-11-07 04:00:00+05:30,0.0,18.99
2023-11-07 05:00:00+05:30,0.0,18.59
2023-11-07 06:00:00+05:30,0.0,18.11
2023-11-07 07:00:00+05:30,18.58,17.55
2023-11-07 08:00:00+05:30,108.64,17.84
2023-11-07 09:00:00+05:30,246.47,22.37
2023-11-07 10:00:00+05:30,367.17,25.57
2023-11-07 11:00:00+05:30,449.7,27.87
2023-11-07 12:00:00+05:30,481.64,29.51
2023-11-07 13:00:00+05:30,457.79,30.75
2023-11-07 14:00:00+05:30,350.58,31.57
2023-11-07 15:00:00+05:30,246.31,31.79
2023-11-07 16:00:00+05:30,138.33,31.61
2023-11-07 17:00:00+05:30,32.06,30.85
2023-11-07 18:00:00+05:30,0.0,29.56
2023-11-07 19:00:00+05:30,0.0,27.75
2023-11-07 20:00:00+05:30,0.0,26.56
2023-11-07 21:00:00+05:30,0.0,25.26
2023-11-07 22:00:00+05:30,0.0,21.89
2023-11-07 23:00:00+05:30,0.0,20.67
2023-11-08 00:00:00+05:30,0.0,19.65
2023-11-08 01:00:00+05:30,0.0,19.53
2023-11-08 02:00:00+05:30,0.0,19.21
2023-11-08 03:00:00+05:30,0.0,18.8
2023-11-08 04:00:00+05:30,0.0,18.3
2023-11-08 05:00:00+05:30,0.0,17.85
2023-11-08 06:00:00+05:30,0.0,17.41
2023-11-08 07:00:00+05:30,18.06,17.05
2023-11-08 08:00:00+05:30,105.87,17.44
2023-11-08 09:00:00+05:30,243.56,21.91
2023-11-08 10:00:00+05:30,363.35,25.43
2023-11-08 11:00:00+05:30,444.91,27.7
2023-11-08 12:00:00+05:30,458.1,29.42
2023-11-08 13:00:00+05:30,397.72,30.82
2023-11-08 14:00:00+05:30,353.32,30.97
2023-11-08 15:00:00+05:30,242.85,30.91
2023-11-08 16:00:00+05:30,133.09,30.57
2023-11-08 17:00:00+05:30,33.68,29.92
2023-11-08 18:00:00+05:30,0.0,28.14
2023-11-08 19:00:00+05:30,0.0,26.28
2023-11-08 20:00:00+05:30,0.0,24.48
2023-11-08 21:00:00+05:30,0.0,22.87
2023-11-08 22:00:00+05:30,0.0,21.71
2023-11-08 23:00:00+05:30,0.0,21.07
2023-11-09 00:00:00+05:30,0.0,20.18
2023-11-09 01:00:00+05:30,0.0,19.39
2023-11-09 02:00:00+05:30,0.0,18.59
2023-11-09 03:00:00+05:30,0.0,18.02
2023-11-09 04:00:00+05:30,0.0,17.44
2023-11-09 05:00:00+05:30,0.0,16.86
2023-11-09 06:00:00+05:30,0.0,16.37
2023-11-09 07:00:00+05:30,17.2,15.99
2023-11-09 08:00:00+05:30,102.45,16.33
2023-11-09 09:00:00+05:30,236.18,21.39
2023-11-09 10:00:00+05:30,358.03,25.53
2023-11-09 11:00:00+05:30,437.31,28.3
2023-11-09 12:00:00+05:30,415.02,29.87
2023-11-09 13:00:00+05:30,371.6,30.56
2023-11-09 14:00:00+05:30,286.65,30.8
2023-11-09 15:00:00+05:30,209.49,30.42
2023-11-09 16:00:00+05:30,133.29,30.08
2023-11-09 17:00:00+05:30,30.62,29.55
2023-11-09 18:00:00+05:30,0.0,28.34
2023-11-09 19:00:00+05:30,0.0,26.5
2023-11-09 20:00:00+05:30,0.0,24.24
2023-11-09 21:00:00+05:30,0.0,23.11
2023-11-09 22:00:00+05:30,0.0,21.56
2023-11-09 23:00:00+05:30,0.0,20.72
2023-11-10 00:00:00+05:30,0.0,20.28
2023-11-10 01:00:00+05:30,0.0,20.42
2023-11-10 02:00:00+05:30,0.0,20.09
2023-11-10 03:00:00+05:30,0.0,19.77
2023-11-10 04:00:00+05:30,0.0,19.79
2023-11-10 05:00:00+05:30,0.0,19.92
2023-11-10 06:00:00+05:30,0.0,19.81
2023-11-10 07:00:00+05:30,16.67,19.73
2023-11-10 08:00:00+05:30,83.46,19.99
2023-11-10 09:00:00+05:30,202.96,22.24
2023-11-10 10:00:00+05:30,325.93,25.38
2023-11-10 11:00:00+05:30,377.0,27.4
2023-11-10 12:00:00+05:30,379.81,28.58
2023-11-10 13:00:00+05:30,356.94,28.34
2023-11-10 14:00:00+05:30,317.46,28.81
2023-11-10 15:00:00+05:30,214.35,29.11
2023-11-10 16:00:00+05:30,117.49,28.87
2023-11-10 17:00:00+05:30,26.18,28.42
2023-11-10 18:00:00+05:30,0.0,26.95
2023-11-10 19:00:00+05:30,0.0,25.39
2023-11-10 20:00:00+05:30,0.0,24.09
2023-11-10 21:00:00+05:30,0.0,22.95
2023-11-10 22:00:00+05:30,0.0,20.85
2023-11-10 23:00:00+05:30,0.0,19.26
2023-11-11 00:00:00+05:30,0.0,18.36
2023-11-11 01:00:00+05:30,0.0,18.07
2023-11-11 02:00:00+05:30,0.0,17.61
2023-11-11 03:00:00+05:30,0.0,17.14
2023-11-11 04:00:00+05:30,0.0,16.71
2023-11-11 05:00:00+05:30,0.0,16.31
2023-11-11 06:00:00+05:30,0.0,15.91
2023-11-11 07:00:00+05:30,16.96,15.52
2023-11-11 08:00:00+05:30,97.5,15.82
2023-11-11 09:00:00+05:30,231.45,18.61
2023-11-11 10:00:00+05:30,349.11,21.64
2023-11-11 11:00:00+05:30,430.39,23.74
2023-11-11 12:00:00+05:30,453.76,25.22
2023-11-11 13:00:00+05:30,440.27,25.78
2023-11-11 14:00:00+05:30,371.38,26.4
2023-11-11 15:00:00+05:30,262.62,26.65
2023-11-11 16:00:00+05:30,134.92,26.53
2023-11-11 17:00:00+05:30,32.54,26.0
2023-11-11 18:00:00+05:30,0.0,24.47
2023-11-11 19:00:00+05:30,0.0,22.29
2023-11-11 20:00:00+05:30,0.0,20.63
2023-11-11 21:00:00+05:30,0.0,19.5
2023-11-11 22:00:00+05:30,0.0,18.66
2023-11-11 23:00:00+05:30,0.0,17.94
2023-11-12 00:00:00+05:30,0.0,17.3
2023-11-12 01:00:00+05:30,0.0,16.99
2023-11-12 02:00:00+05:30,0.0,16.43
2023-11-12 03:00:00+05:30,0.0,15.89
2023-11-12 04:00:00+05:30,0.0,15.41
2023-11-12 05:00:00+05:30,0.0,14.98
2023-11-12 06:00:00+05:30,0.0,14.55
2023-11-12 07:00:00+05:30,16.48,14.16
2023-11-12 08:00:00+05:30,94.28,14.32
2023-11-12 09:00:00+05:30,229.84,18.77
2023-11-12 10:00:00+05:30,349.9,22.02
2023-11-12 11:00:00+05:30,432.17,23.48
2023-11-12 12:00:00+05:30,467.02,24.64
2023-11-12 13:00:00+05:30,448.28,25.38
2023-11-12 14:00:00+05:30,379.02,26.02
2023-11-12 15:00:00+05:30,268.27,26.38
2023-11-12 16:00:00+05:30,134.28,26.38
2023-11-12 17:00:00+05:30,31.96,25.96
2023-11-12 18:00:00+05:30,0.0,24.64
2023-11-12 19:00:00+05:30,0.0,22.78
2023-11-12 20:00:00+05:30,0.0,21.09
2023-11-12 21:00:00+05:30,0.0,19.58
2023-11-12 22:00:00+05:30,0.0,18.28
2023-11-12 23:00:00+05:30,0.0,17.44
2023-11-13 00:00:00+05:30,0.0,16.93
2023-11-13 01:00:00+05:30,0.0,16.5
2023-11-13 02:00:00+05:30,0.0,16.05
2023-11-13 03:00:00+05:30,0.0,15.65
2023-11-13 04:00:00+05:30,0.0,15.29
2023-11-13 05:00:00+05:30,0.0,14.92
2023-11-13 06:00:00+05:30,0.0,14.58
2023-11-13 07:00:00+05:30,15.91,14.24
2023-11-13 08:00:00+05:30,91.18,14.49
2023-11-13 09:00:00+05:30,227.27,18.92
2023-11-13 10:00:00+05:30,348.14,22.25
2023-11-13 11:00:00+05:30,430.21,23.94
2023-11-13 12:00:00+05:30,460.72,24.95
2023-11-13 13:00:00+05:30,441.44,25.62
2023-11-13 14:00:00+05:30,373.58,26.13
2023-11-13 15:00:00+05:30,267.4,26.3
2023-11-13 16:00:00+05:30,148.34,26.16
2023-11-13 17:00:00+05:30,46.15,25.65
2023-11-13 18:00:00+05:30,0.0,24.44
2023-11-13 19:00:00+05:30,0.0,23.19
2023-11-13 20:00:00+05:30,0.0,21.91
2023-11-13 21:00:00+05:30,0.0,20.79
2023-11-13 22:00:00+05:30,0.0,19.97
2023-11-13 23:00:00+05:30,0.0,19.36
2023-11-14 00:00:00+05:30,0.0,19.0
2023-11-14 01:00:00+05:30,0.0,18.63
2023-11-14 02:00:00+05:30,0.0,18.14
2023-11-14 03:00:00+05:30,0.0,17.78
2023-11-14 04:00:00+05:30,0.0,17.54
2023-11-14 05:00:00+05:30,0.0,17.49
2023-11-14 06:00:00+05:30,0.0,17.49
2023-11-14 07:00:00+05:30,16.39,17.48
2023-11-14 08:00:00+05:30,98.47,17.68
2023-11-14 09:00:00+05:30,218.8,19.48
2023-11-14 10:00:00+05:30,322.64,21.81
2023-11-14 11:00:00+05:30,376.28,23.48
2023-11-14 12:00:00+05:30,423.44,24.37
2023-11-14 13:00:00+05:30,409.29,24.86
2023-11-14 14:00:00+05:30,361.52,25.53
2023-11-14 15:00:00+05:30,255.62,25.87
2023-11-14 16:00:00+05:30,149.95,25.78
2023-11-14 17:00:00+05:30,40.75,25.34
2023-11-14 18:00:00+05:30,0.0,24.35
2023-11-14 19:00:00+05:30,0.0,22.86
2023-11-14 20:00:00+05:30,0.0,21.63
2023-11-14 21:00:00+05:30,0.0,20.61
2023-11-14 22:00:00+05:30,0.0,19.65
2023-11-14 23:00:00+05:30,0.0,18.84
2023-11-15 00:00:00+05:30,0.0,18.29
2023-11-15 01:00:00+05:30,0.0,17.47
2023-11-15 02:00:00+05:30,0.0,16.86
2023-11-15 03:00:00+05:30,0.0,16.2
2023-11-15 04:00:00+05:30,0.0,15.59
2023-11-15 05:00:00+05:30,0.0,15.1
2023-11-15 06:00:00+05:30,0.0,14.71
2023-11-15 07:00:00+05:30,14.86,14.36
2023-11-15 08:00:00+05:30,85.01,14.39
2023-11-15 09:00:00+05:30,218.43,18.87
2023-11-15 10:00:00+05:30,337.76,22.05
2023-11-15 11:00:00+05:30,420.01,23.58
2023-11-15 12:00:00+05:30,453.95,24.62
2023-11-15 13:00:00+05:30,435.61,25.11
2023-11-15 14:00:00+05:30,367.15,25.74
2023-11-15 15:00:00+05:30,257.93,26.06
2023-11-15 16:00:00+05:30,126.19,26.06
2023-11-15 17:00:00+05:30,30.19,25.64
2023-11-15 18:00:00+05:30,0.0,24.32
2023-11-15 19:00:00+05:30,0.0,22.36
2023-11-15 20:00:00+05:30,0.0,20.49
2023-11-15 21:00:00+05:30,0.0,18.81
2023-11-15 22:00:00+05:30,0.0,17.81
2023-11-15 23:00:00+05:30,0.0,17.07
2023-11-16 00:00:00+05:30,0.0,16.41
2023-11-16 01:00:00+05:30,0.0,15.99
2023-11-16 02:00:00+05:30,0.0,15.47
2023-11-16 03:00:00+05:30,0.0,14.95
2023-11-16 04:00:00+05:30,0.0,14.47
2023-11-16 05:00:00+05:30,0.0,14.07
2023-11-16 06:00:00+05:30,0.0,13.77
2023-11-16 07:00:00+05:30,14.43,13.56
2023-11-16 08:00:00+05:30,82.36,13.79
2023-11-16 09:00:00+05:30,216.61,18.05
2023-11-16 10:00:00+05:30,336.66,21.67
2023-11-16 11:00:00+05:30,419.32,23.48
2023-11-16 12:00:00+05:30,452.25,24.45
2023-11-16 13:00:00+05:30,434.24,25.12
2023-11-16 14:00:00+05:30,366.16,25.69
2023-11-16 15:00:00+05:30,256.56,25.91
2023-11-16 16:00:00+05:30,124.36,25.78
2023-11-16 17:00:00+05:30,29.76,25.27
2023-11-16 18:00:00+05:30,0.0,23.93
2023-11-16 19:00:00+05:30,0.0,22.02
2023-11-16 20:00:00+05:30,0.0,20.04
2023-11-16 21:00:00+05:30,0.0,18.63
2023-11-16 22:00:00+05:30,0.0,17.76
2023-11-16 23:00:00+05:30,0.0,17.17
2023-11-17 00:00:00+05:30,0.0,16.64
2023-11-17 01:00:00+05:30,0.0,16.25
2023-11-17 02:00:00+05:30,0.0,15.78
2023-11-17 03:00:00+05:30,0.0,15.26
2023-11-17 04:00:00+05:30,0.0,14.68
2023-11-17 05:00:00+05:30,0.0,14.15
2023-11-17 06:00:00+05:30,0.0,13.67
2023-11-17 07:00:00+05:30,13.95,13.37
2023-11-17 08:00:00+05:30,79.46,13.63
2023-11-17 09:00:00+05:30,213.06,17.98
2023-11-17 10:00:00+05:30,332.7,21.51
2023-11-17 11:00:00+05:30,414.87,22.9
2023-11-17 12:00:00+05:30,448.84,23.83
2023-11-17 13:00:00+05:30,430.64,24.51
2023-11-17 14:00:00+05:30,362.56,25.1
2023-11-17 15:00:00+05:30,253.41,25.34
2023-11-17 16:00:00+05:30,121.9,25.26
2023-11-17 17:00:00+05:30,29.29,24.85
2023-11-17 18:00:00+05:30,0.0,23.69
2023-11-17 19:00:00+05:30,0.0,21.74
2023-11-17 20:00:00+05:30,0.0,19.74
2023-11-17 21:00:00+05:30,0.0,18.43
2023-11-17 22:00:00+05:30,0.0,17.55
2023-11-17 23:00:00+05:30,0.0,16.93
2023-11-18 00:00:00+05:30,0.0,16.23
2023-11-18 01:00:00+05:30,0.0,15.57
2023-11-18 02:00:00+05:30,0.0,14.87
2023-11-18 03:00:00+05:30,0.0,14.33
2023-11-18 04:00:00+05:30,0.0,14.27
2023-11-18 05:00:00+05:30,0.0,14.14
2023-11-18 06:00:00+05:30,0.0,13.79
2023-11-18 07:00:00+05:30,14.43,13.12
2023-11-18 08:00:00+05:30,78.71,13.08
2023-11-18 09:00:00+05:30,206.15,17.42
2023-11-18 10:00:00+05:30,328.05,21.31
2023-11-18 11:00:00+05:30,409.55,23.13
2023-11-18 12:00:00+05:30,444.03,24.12
2023-11-18 13:00:00+05:30,426.26,24.76
2023-11-18 14:00:00+05:30,358.56,25.27
2023-11-18 15:00:00+05:30,250.73,25.53
2023-11-18 16:00:00+05:30,119.24,25.41
2023-11-18 17:00:00+05:30,28.86,24.95
2023-11-18 18:00:00+05:30,0.0,23.83
2023-11-18 19:00:00+05:30,0.0,22.16
2023-11-18 20:00:00+05:30,0.0,20.17
2023-11-18 21:00:00+05:30,0.0,18.33
2023-11-18 22:00:00+05:30,0.0,17.25
2023-11-18 23:00:00+05:30,0.0,16.54
2023-11-19 00:00:00+05:30,0.0,15.92
2023-11-19 01:00:00+05:30,0.0,15.61
2023-11-19 02:00:00+05:30,0.0,15.18
2023-11-19 03:00:00+05:30,0.0,14.76
2023-11-19 04:00:00+05:30,0.0,14.31
2023-11-19 05:00:00+05:30,0.0,13.89
2023-11-19 06:00:00+05:30,0.0,13.52
2023-11-19 07:00:00+05:30,12.8,13.25
2023-11-19 08:00:00+05:30,72.97,13.45
2023-11-19 09:00:00+05:30,203.5,17.87
2023-11-19 10:00:00+05:30,321.17,21.64
2023-11-19 11:00:00+05:30,402.43,23.81
2023-11-19 12:00:00+05:30,433.98,25.01
2023-11-19 13:00:00+05:30,416.43,25.78
2023-11-19 14:00:00+05:30,349.55,26.23
2023-11-19 15:00:00+05:30,243.68,26.39
2023-11-19 16:00:00+05:30,115.88,26.27
2023-11-19 17:00:00+05:30,28.24,25.81
2023-11-19 18:00:00+05:30,0.0,24.42
2023-11-19 19:00:00+05:30,0.0,22.25
2023-11-19 20:00:00+05:30,0.0,20.67
2023-11-19 21:00:00+05:30,0.0,19.54
2023-11-19 22:00:00+05:30,0.0,18.78
2023-11-19 23:00:00+05:30,0.0,18.14
2023-11-20 00:00:00+05:30,0.0,17.58
2023-11-20 01:00:00+05:30,0.0,16.72
2023-11-20 02:00:00+05:30,0.0,16.24
2023-11-20 03:00:00+05:30,0.0,15.75
2023-11-20 04:00:00+05:30,0.0,15.31
2023-11-20 05:00:00+05:30,0.0,14.93
2023-11-20 06:00:00+05:30,0.0,14.62
2023-11-20 07:00:00+05:30,12.28,14.34
2023-11-20 08:00:00+05:30,69.82,14.4
2023-11-20 09:00:00+05:30,197.71,18.36
2023-11-20 10:00:00+05:30,314.01,21.9
2023-11-20 11:00:00+05:30,394.84,24.05
2023-11-20 12:00:00+05:30,428.53,25.37
2023-11-20 13:00:00+05:30,411.67,26.31
2023-11-20 14:00:00+05:30,345.36,26.85
2023-11-20 15:00:00+05:30,240.39,27.09
2023-11-20 16:00:00+05:30,113.86,26.99
2023-11-20 17:00:00+05:30,27.95,26.44
2023-11-20 18:00:00+05:30,0.0,25.06
2023-11-20 19:00:00+05:30,0.0,23.11
2023-11-20 20:00:00+05:30,0.0,21.31
2023-11-20 21:00:00+05:30,0.0,19.6
2023-11-20 22:00:00+05:30,0.0,18.29
2023-11-20 23:00:00+05:30,0.0,17.46
2023-11-21 00:00:00+05:30,0.0,16.89
2023-11-21 01:00:00+05:30,0.0,16.21
2023-11-21 02:00:00+05:30,0.0,15.75
2023-11-21 03:00:00+05:30,0.0,15.33
2023-11-21 04:00:00+05:30,0.0,14.93
2023-11-21 05:00:00+05:30,0.0,14.52
2023-11-21 06:00:00+05:30,0.0,14.23
2023-11-21 07:00:00+05:30,11.85,13.99
2023-11-21 08:00:00+05:30,67.24,13.98
2023-11-21 09:00:00+05:30,196.25,17.84
2023-11-21 10:00:00+05:30,313.49,21.75
2023-11-21 11:00:00+05:30,394.86,23.76
2023-11-21 12:00:00+05:30,426.74,24.97
2023-11-21 13:00:00+05:30,410.06,25.85
2023-11-21 14:00:00+05:30,344.27,26.49
2023-11-21 15:00:00+05:30,239.02,26.81
2023-11-21 16:00:00+05:30,111.85,26.73
2023-11-21 17:00:00+05:30,27.71,26.12
2023-11-21 18:00:00+05:30,0.0,24.18
2023-11-21 19:00:00+05:30,0.0,21.88
2023-11-21 20:00:00+05:30,0.0,20.24
2023-11-21 21:00:00+05:30,0.0,19.11
2023-11-21 22:00:00+05:30,0.0,18.15
2023-11-21 23:00:00+05:30,0.0,17.24
2023-11-22 00:00:00+05:30,0.0,16.4
2023-11-22 01:00:00+05:30,0.0,15.5
2023-11-22 02:00:00+05:30,0.0,14.84
2023-11-22 03:00:00+05:30,0.0,14.23
2023-11-22 04:00:00+05:30,0.0,13.72
2023-11-22 05:00:00+05:30,0.0,13.21
2023-11-22 06:00:00+05:30,0.0,12.66
2023-11-22 07:00:00+05:30,11.56,12.1
2023-11-22 08:00:00+05:30,65.0,11.84
2023-11-22 09:00:00+05:30,196.71,15.82
2023-11-22 10:00:00+05:30,316.38,19.9
2023-11-22 11:00:00+05:30,399.43,21.86
2023-11-22 12:00:00+05:30,433.93,23.21
2023-11-22 13:00:00+05:30,416.74,24.45
2023-11-22 14:00:00+05:30,349.71,25.2
2023-11-22 15:00:00+05:30,241.95,25.57
2023-11-22 16:00:00+05:30,112.06,25.52
2023-11-22 17:00:00+05:30,27.66,24.97
2023-11-22 18:00:00+05:30,0.0,23.47
2023-11-22 19:00:00+05:30,0.0,21.52
2023-11-22 20:00:00+05:30,0.0,19.8
2023-11-22 21:00:00+05:30,0.0,18.13
2023-11-22 22:00:00+05:30,0.0,16.55
2023-11-22 23:00:00+05:30,0.0,15.26
2023-11-23 00:00:00+05:30,0.0,14.53
2023-11-23 01:00:00+05:30,0.0,13.77
2023-11-23 02:00:00+05:30,0.0,13.32
2023-11-23 03:00:00+05:30,0.0,12.96
2023-11-23 04:00:00+05:30,0.0,12.66
2023-11-23 05:00:00+05:30,0.0,12.39
2023-11-23 06:00:00+05:30,0.0,12.11
2023-11-23 07:00:00+05:30,11.08,11.75
2023-11-23 08:00:00+05:30,62.01,11.82
2023-11-23 09:00:00+05:30,193.01,16.13
2023-11-23 10:00:00+05:30,312.48,20.55
2023-11-23 11:00:00+05:30,395.52,23.04
2023-11-23 12:00:00+05:30,429.41,24.55
2023-11-23 13:00:00+05:30,412.39,25.51
2023-11-23 14:00:00+05:30,345.8,26.14
2023-11-23 15:00:00+05:30,238.5,26.39
2023-11-23 16:00:00+05:30,109.61,26.22
2023-11-23 17:00:00+05:30,27.18,25.65
2023-11-23 18:00:00+05:30,0.0,24.5
2023-11-23 19:00:00+05:30,0.0,22.09
2023-11-23 20:00:00+05:30,0.0,19.61
2023-11-23 21:00:00+05:30,0.0,18.22
2023-11-23 22:00:00+05:30,0.0,17.27
2023-11-23 23:00:00+05:30,0.0,16.49
2023-11-24 00:00:00+05:30,0.0,15.9
2023-11-24 01:00:00+05:30,0.0,15.63
2023-11-24 02:00:00+05:30,0.0,15.18
2023-11-24 03:00:00+05:30,0.0,14.74
2023-11-24 04:00:00+05:30,0.0,14.3
2023-11-24 05:00:00+05:30,0.0,13.9
2023-11-24 06:00:00+05:30,0.0,13.6
2023-11-24 07:00:00+05:30,10.42,13.4
2023-11-24 08:00:00+05:30,59.05,13.52
2023-11-24 09:00:00+05:30,185.71,17.07
2023-11-24 10:00:00+05:30,302.14,20.66
2023-11-24 11:00:00+05:30,383.66,23.13
2023-11-24 12:00:00+05:30,418.2,24.75
2023-11-24 13:00:00+05:30,402.28,25.49
2023-11-24 14:00:00+05:30,337.63,26.04
2023-11-24 15:00:00+05:30,232.72,26.32
2023-11-24 16:00:00+05:30,106.92,26.21
2023-11-24 17:00:00+05:30,26.9,25.64
2023-11-24 18:00:00+05:30,0.0,24.12
2023-11-24 19:00:00+05:30,0.0,21.9
2023-11-24 20:00:00+05:30,0.0,20.15
2023-11-24 21:00:00+05:30,0.0,18.78
2023-11-24 22:00:00+05:30,0.0,17.75
2023-11-24 23:00:00+05:30,0.0,16.95
2023-11-25 00:00:00+05:30,0.0,16.24
2023-11-25 01:00:00+05:30,0.0,15.78
2023-11-25 02:00:00+05:30,0.0,15.34
2023-11-25 03:00:00+05:30,0.0,14.9
2023-11-25 04:00:00+05:30,0.0,14.5
2023-11-25 05:00:00+05:30,0.0,14.14
2023-11-25 06:00:00+05:30,0.0,13.85
2023-11-25 07:00:00+05:30,9.99,13.6
2023-11-25 08:00:00+05:30,59.08,13.53
2023-11-25 09:00:00+05:30,184.08,17.05
2023-11-25 10:00:00+05:30,276.94,20.6
2023-11-25 11:00:00+05:30,379.35,22.21
2023-11-25 12:00:00+05:30,410.43,23.88
2023-11-25 13:00:00+05:30,397.73,24.91
2023-11-25 14:00:00+05:30,337.04,25.48
2023-11-25 15:00:00+05:30,237.55,25.62
2023-11-25 16:00:00+05:30,113.95,25.6
2023-11-25 17:00:00+05:30,28.04,25.05
2023-11-25 18:00:00+05:30,0.0,23.55
2023-11-25 19:00:00+05:30,0.0,21.41
2023-11-25 20:00:00+05:30,0.0,19.7
2023-11-25 21:00:00+05:30,0.0,18.78
2023-11-25 22:00:00+05:30,0.0,18.42
2023-11-25 23:00:00+05:30,0.0,17.96
2023-11-26 00:00:00+05:30,0.0,17.61
2023-11-26 01:00:00+05:30,0.0,17.27
2023-11-26 02:00:00+05:30,0.0,16.95
2023-11-26 03:00:00+05:30,0.0,16.69
2023-11-26 04:00:00+05:30,0.0,16.37
2023-11-26 05:00:00+05:30,0.0,16.15
2023-11-26 06:00:00+05:30,0.0,15.97
2023-11-26 07:00:00+05:30,12.23,15.8
2023-11-26 08:00:00+05:30,77.84,15.74
2023-11-26 09:00:00+05:30,196.93,17.85
2023-11-26 10:00:00+05:30,304.74,20.47
2023-11-26 11:00:00+05:30,379.86,22.64
2023-11-26 12:00:00+05:30,412.57,24.0
2023-11-26 13:00:00+05:30,386.66,25.22
2023-11-26 14:00:00+05:30,318.03,25.55
2023-11-26 15:00:00+05:30,214.8,25.24
2023-11-26 16:00:00+05:30,125.96,24.64
2023-11-26 17:00:00+05:30,27.85,23.72
2023-11-26 18:00:00+05:30,0.0,21.92
2023-11-26 19:00:00+05:30,0.0,20.55
2023-11-26 20:00:00+05:30,0.0,19.81
2023-11-26 21:00:00+05:30,0.0,19.18
2023-11-26 22:00:00+05:30,0.0,18.68
2023-11-26 23:00:00+05:30,0.0,18.09
2023-11-27 00:00:00+05:30,0.0,17.3
2023-11-27 01:00:00+05:30,0.0,17.49
2023-11-27 02:00:00+05:30,0.0,17.02
2023-11-27 03:00:00+05:30,0.0,16.33
2023-11-27 04:00:00+05:30,0.0,15.79
2023-11-27 05:00:00+05:30,0.0,15.55
2023-11-27 06:00:00+05:30,0.0,15.27
2023-11-27 07:00:00+05:30,0.0,15.75
2023-11-27 08:00:00+05:30,44.81,14.98
2023-11-27 09:00:00+05:30,117.24,16.12
2023-11-27 10:00:00+05:30,231.66,17.06
2023-11-27 11:00:00+05:30,309.16,18.19
2023-11-27 12:00:00+05:30,344.87,19.85
2023-11-27 13:00:00+05:30,292.35,20.14
2023-11-27 14:00:00+05:30,248.43,20.87
2023-11-27 15:00:00+05:30,192.22,21.45
2023-11-27 16:00:00+05:30,91.12,21.83
2023-11-27 17:00:00+05:30,21.74,20.79
2023-11-27 18:00:00+05:30,0.0,19.74
2023-11-27 19:00:00+05:30,0.0,18.75
2023-11-27 20:00:00+05:30,0.0,17.97
2023-11-27 21:00:00+05:30,0.0,17.52
2023-11-27 22:00:00+05:30,0.0,16.92
2023-11-27 23:00:00+05:30,0.0,16.75
2023-11-28 00:00:00+05:30,0.0,16.8
2023-11-28 01:00:00+05:30,0.0,16.28
2023-11-28 02:00:00+05:30,0.0,16.23
2023-11-28 03:00:00+05:30,0.0,16.22
2023-11-28 04:00:00+05:30,0.0,15.93
2023-11-28 05:00:00+05:30,0.0,15.62
2023-11-28 06:00:00+05:30,0.0,15.19
2023-11-28 07:00:00+05:30,0.0,15.16
2023-11-28 08:00:00+05:30,50.37,15.15
2023-11-28 09:00:00+05:30,134.72,16.7
2023-11-28 10:00:00+05:30,201.73,18.24
2023-11-28 11:00:00+05:30,262.59,19.03
2023-11-28 12:00:00+05:30,240.95,20.11
2023-11-28 13:00:00+05:30,211.95,19.53
2023-11-28 14:00:00+05:30,224.44,19.82
2023-11-28 15:00:00+05:30,175.87,20.41
2023-11-28 16:00:00+05:30,95.43,20.76
2023-11-28 17:00:00+05:30,26.8,20.8
2023-11-28 18:00:00+05:30,0.0,19.86
2023-11-28 19:00:00+05:30,0.0,18.65
2023-11-28 20:00:00+05:30,0.0,17.87
2023-11-28 21:00:00+05:30,0.0,17.33
2023-11-28 22:00:00+05:30,0.0,16.75
2023-11-28 23:00:00+05:30,0.0,16.55
2023-11-29 00:00:00+05:30,0.0,16.21
2023-11-29 01:00:00+05:30,0.0,15.57
2023-11-29 02:00:00+05:30,0.0,15.37
2023-11-29 03:00:00+05:30,0.0,15.01
2023-11-29 04:00:00+05:30,0.0,14.56
2023-11-29 05:00:00+05:30,0.0,14.61
2023-11-29 06:00:00+05:30,0.0,14.49
2023-11-29 07:00:00+05:30,0.0,14.82
2023-11-29 08:00:00+05:30,49.28,15.08
2023-11-29 09:00:00+05:30,163.28,17.11
2023-11-29 10:00:00+05:30,272.19,19.62
2023-11-29 11:00:00+05:30,338.36,21.4
2023-11-29 12:00:00+05:30,302.77,22.16
2023-11-29 13:00:00+05:30,284.79,22.36
2023-11-29 14:00:00+05:30,267.48,22.54
2023-11-29 15:00:00+05:30,162.8,22.92
2023-11-29 16:00:00+05:30,79.09,22.75
2023-11-29 17:00:00+05:30,18.68,22.33
2023-11-29 18:00:00+05:30,0.0,21.49
2023-11-29 19:00:00+05:30,0.0,20.31
2023-11-29 20:00:00+05:30,0.0,19.13
2023-11-29 21:00:00+05:30,0.0,17.92
2023-11-29 22:00:00+05:30,0.0,17.27
2023-11-29 23:00:00+05:30,0.0,16.48
2023-11-30 00:00:00+05:30,0.0,15.81
2023-11-30 01:00:00+05:30,0.0,15.89
2023-11-30 02:00:00+05:30,0.0,15.79
2023-11-30 03:00:00+05:30,0.0,15.37
2023-11-30 04:00:00+05:30,0.0,14.99
2023-11-30 05:00:00+05:30,0.0,14.67
2023-11-30 06:00:00+05:30,0.0,14.42
2023-11-30 07:00:00+05:30,0.0,14.29
2023-11-30 08:00:00+05:30,47.08,14.28
2023-11-30 09:00:00+05:30,165.58,17.04
2023-11-30 10:00:00+05:30,265.09,20.35
2023-11-30 11:00:00+05:30,304.93,21.98
2023-11-30 12:00:00+05:30,331.74,22.68
2023-11-30 13:00:00+05:30,319.23,23.69
2023-11-30 14:00:00+05:30,301.36,24.21
2023-11-30 15:00:00+05:30,191.29,24.6
2023-11-30 16:00:00+05:30,92.35,24.31
2023-11-30 17:00:00+05:30,25.94,23.96
2023-11-30 18:00:00+05:30,0.0,22.6
2023-11-30 19:00:00+05:30,0.0,20.45
2023-11-30 20:00:00+05:30,0.0,18.91
2023-11-30 21:00:00+05:30,0.0,17.94
2023-11-30 22:00:00+05:30,0.0,17.41
2023-11-30 23:00:00+05:30,0.0,16.79
2023-12-01 00:00:00+05:30,0.0,16.37
2023-12-01 01:00:00+05:30,0.0,16.39
2023-12-01 02:00:00+05:30,0.0,16.19
2023-12-01 03:00:00+05:30,0.0,15.86
2023-12-01 04:00:00+05:30,0.0,15.41
2023-12-01 05:00:00+05:30,0.0,15.17
2023-12-01 06:00:00+05:30,0.0,14.84
2023-12-01 07:00:00+05:30,0.0,14.68
2023-12-01 08:00:00+05:30,50.52,14.83
2023-12-01 09:00:00+05:30,160.22,16.77
2023-12-01 10:00:00+05:30,249.42,19.44
2023-12-01 11:00:00+05:30,305.25,20.96
2023-12-01 12:00:00+05:30,365.33,21.97
2023-12-01 13:00:00+05:30,349.09,22.77
2023-12-01 14:00:00+05:30,298.35,23.45
2023-12-01 15:00:00+05:30,215.35,23.85
2023-12-01 16:00:00+05:30,98.1,23.93
2023-12-01 17:00:00+05:30,24.41,23.53
2023-12-01 18:00:00+05:30,0.0,21.94
2023-12-01 19:00:00+05:30,0.0,19.76
2023-12-01 20:00:00+05:30,0.0,18.39
2023-12-01 21:00:00+05:30,0.0,17.51
2023-12-01 22:00:00+05:30,0.0,16.8
2023-12-01 23:00:00+05:30,0.0,16.14
2023-12-02 00:00:00+05:30,0.0,15.55
2023-12-02 01:00:00+05:30,0.0,15.37
2023-12-02 02:00:00+05:30,0.0,14.93
2023-12-02 03:00:00+05:30,0.0,14.68
2023-12-02 04:00:00+05:30,0.0,14.53
2023-12-02 05:00:00+05:30,0.0,14.31
2023-12-02 06:00:00+05:30,0.0,14.18
2023-12-02 07:00:00+05:30,0.0,14.02
2023-12-02 08:00:00+05:30,42.24,14.02
2023-12-02 09:00:00+05:30,156.75,16.07
2023-12-02 10:00:00+05:30,265.82,19.35
2023-12-02 11:00:00+05:30,340.89,21.36
2023-12-02 12:00:00+05:30,373.82,22.64
2023-12-02 13:00:00+05:30,340.03,23.55
2023-12-02 14:00:00+05:30,296.03,23.99
2023-12-02 15:00:00+05:30,199.97,24.43
2023-12-02 16:00:00+05:30,95.57,24.15
2023-12-02 17:00:00+05:30,24.56,23.61
2023-12-02 18:00:00+05:30,0.0,22.35
2023-12-02 19:00:00+05:30,0.0,20.76
2023-12-02 20:00:00+05:30,0.0,19.46
2023-12-02 21:00:00+05:30,0.0,18.85
2023-12-02 22:00:00+05:30,0.0,18.16
2023-12-02 23:00:00+05:30,0.0,17.62
2023-12-03 00:00:00+05:30,0.0,17.08
2023-12-03 01:00:00+05:30,0.0,16.63
2023-12-03 02:00:00+05:30,0.0,16.17
2023-12-03 03:00:00+05:30,0.0,16.16
2023-12-03 04:00:00+05:30,0.0,15.99
2023-12-03 05:00:00+05:30,0.0,15.88
2023-12-03 06:00:00+05:30,0.0,15.6
2023-12-03 07:00:00+05:30,0.0,15.57
2023-12-03 08:00:00+05:30,38.91,15.58
2023-12-03 09:00:00+05:30,140.12,17.28
2023-12-03 10:00:00+05:30,228.07,19.89
2023-12-03 11:00:00+05:30,266.42,21.7
2023-12-03 12:00:00+05:30,87.23,22.55
2023-12-03 13:00:00+05:30,133.48,20.47
2023-12-03 14:00:00+05:30,138.55,20.06
2023-12-03 15:00:00+05:30,97.38,19.99
2023-12-03 16:00:00+05:30,39.0,19.13
2023-12-03 17:00:00+05:30,14.14,18.49
2023-12-03 18:00:00+05:30,0.0,17.88
2023-12-03 19:00:00+05:30,0.0,17.34
2023-12-03 20:00:00+05:30,0.0,17.23
2023-12-03 21:00:00+05:30,0.0,16.97
2023-12-03 22:00:00+05:30,0.0,16.61
2023-12-03 23:00:00+05:30,0.0,16.53
2023-12-04 00:00:00+05:30,0.0,16.19
2023-12-04 01:00:00+05:30,0.0,15.54
2023-12-04 02:00:00+05:30,0.0,15.36
2023-12-04 03:00:00+05:30,0.0,14.78
2023-12-04 04:00:00+05:30,0.0,14.67
2023-12-04 05:00:00+05:30,0.0,14.8
2023-12-04 06:00:00+05:30,0.0,14.6
2023-12-04 07:00:00+05:30,0.0,14.62
2023-12-04 08:00:00+05:30,37.32,14.7
2023-12-04 09:00:00+05:30,118.0,16.01
2023-12-04 10:00:00+05:30,213.91,17.97
2023-12-04 11:00:00+05:30,300.06,19.53
2023-12-04 12:00:00+05:30,329.83,21.01
2023-12-04 13:00:00+05:30,314.17,22.14
2023-12-04 14:00:00+05:30,212.72,22.46
2023-12-04 15:00:00+05:30,175.65,22.27
2023-12-04 16:00:00+05:30,80.49,22.29
2023-12-04 17:00:00+05:30,22.36,21.85
2023-12-04 18:00:00+05:30,0.0,20.36
2023-12-04 19:00:00+05:30,0.0,18.61
2023-12-04 20:00:00+05:30,0.0,17.85
2023-12-04 21:00:00+05:30,0.0,17.23
2023-12-04 22:00:00+05:30,0.0,16.52
2023-12-04 23:00:00+05:30,0.0,15.85
2023-12-05 00:00:00+05:30,0.0,14.89
2023-12-05 01:00:00+05:30,0.0,14.31
2023-12-05 02:00:00+05:30,0.0,13.61
2023-12-05 03:00:00+05:30,0.0,13.21
2023-12-05 04:00:00+05:30,0.0,13.08
2023-12-05 05:00:00+05:30,0.0,12.97
2023-12-05 06:00:00+05:30,0.0,12.81
2023-12-05 07:00:00+05:30,0.0,12.56
2023-12-05 08:00:00+05:30,49.4,12.47
2023-12-05 09:00:00+05:30,154.47,14.9
2023-12-05 10:00:00+05:30,269.96,18.31
2023-12-05 11:00:00+05:30,353.39,20.6
2023-12-05 12:00:00+05:30,389.23,21.86
2023-12-05 13:00:00+05:30,376.9,22.92
2023-12-05 14:00:00+05:30,315.87,23.32
2023-12-05 15:00:00+05:30,215.23,23.49
2023-12-05 16:00:00+05:30,94.44,23.38
2023-12-05 17:00:00+05:30,26.18,22.77
2023-12-05 18:00:00+05:30,0.0,21.05
2023-12-05 19:00:00+05:30,0.0,18.71
2023-12-05 20:00:00+05:30,0.0,17.13
2023-12-05 21:00:00+05:30,0.0,16.11
2023-12-05 22:00:00+05:30,0.0,15.33
2023-12-05 23:00:00+05:30,0.0,14.68
2023-12-06 00:00:00+05:30,0.0,14.06
2023-12-06 01:00:00+05:30,0.0,13.55
2023-12-06 02:00:00+05:30,0.0,13.12
2023-12-06 03:00:00+05:30,0.0,12.78
2023-12-06 04:00:00+05:30,0.0,12.47
2023-12-06 05:00:00+05:30,0.0,12.13
2023-12-06 06:00:00+05:30,0.0,11.83
2023-12-06 07:00:00+05:30,0.0,11.55
2023-12-06 08:00:00+05:30,48.59,11.4
2023-12-06 09:00:00+05:30,153.55,14.11
2023-12-06 10:00:00+05:30,270.35,18.12
2023-12-06 11:00:00+05:30,355.36,20.47
2023-12-06 12:00:00+05:30,394.21,21.57
2023-12-06 13:00:00+05:30,379.9,22.21
2023-12-06 14:00:00+05:30,317.96,22.71
2023-12-06 15:00:00+05:30,215.05,22.88
2023-12-06 16:00:00+05:30,94.34,22.78
2023-12-06 17:00:00+05:30,26.32,22.15
2023-12-06 18:00:00+05:30,0.0,20.62
2023-12-06 19:00:00+05:30,0.0,18.59
2023-12-06 20:00:00+05:30,0.0,16.94
2023-12-06 21:00:00+05:30,0.0,15.74
2023-12-06 22:00:00+05:30,0.0,14.67
2023-12-06 23:00:00+05:30,0.0,13.73
2023-12-07 00:00:00+05:30,0.0,12.97
2023-12-07 01:00:00+05:30,0.0,12.34
2023-12-07 02:00:00+05:30,0.0,12.68
2023-12-07 03:00:00+05:30,0.0,12.96
2023-12-07 04:00:00+05:30,0.0,13.23
2023-12-07 05:00:00+05:30,0.0,13.23
2023-12-07 06:00:00+05:30,0.0,13.67
2023-12-07 07:00:00+05:30,0.0,13.51
2023-12-07 08:00:00+05:30,46.25,13.51
2023-12-07 09:00:00+05:30,144.22,15.56
2023-12-07 10:00:00+05:30,259.02,18.73
2023-12-07 11:00:00+05:30,329.25,20.92
2023-12-07 12:00:00+05:30,379.82,22.12
2023-12-07 13:00:00+05:30,366.89,22.71
2023-12-07 14:00:00+05:30,305.92,23.16
2023-12-07 15:00:00+05:30,210.84,23.41
2023-12-07 16:00:00+05:30,93.32,23.37
2023-12-07 17:00:00+05:30,26.23,22.93
2023-12-07 18:00:00+05:30,0.0,21.75
2023-12-07 19:00:00+05:30,0.0,19.89
2023-12-07 20:00:00+05:30,0.0,18.22
2023-12-07 21:00:00+05:30,0.0,16.79
2023-12-07 22:00:00+05:30,0.0,15.52
2023-12-07 23:00:00+05:30,0.0,14.47
2023-12-08 00:00:00+05:30,0.0,13.84
2023-12-08 01:00:00+05:30,0.0,13.7
2023-12-08 02:00:00+05:30,0.0,13.38
2023-12-08 03:00:00+05:30,0.0,13.17
2023-12-08 04:00:00+05:30,0.0,13.12
2023-12-08 05:00:00+05:30,0.0,13.1
2023-12-08 06:00:00+05:30,0.0,13.44
2023-12-08 07:00:00+05:30,0.0,13.48
2023-12-08 08:00:00+05:30,44.72,13.63
2023-12-08 09:00:00+05:30,141.76,15.53
2023-12-08 10:00:00+05:30,240.44,18.74
2023-12-08 11:00:00+05:30,306.63,21.57
2023-12-08 12:00:00+05:30,323.15,22.64
2023-12-08 13:00:00+05:30,345.21,23.23
2023-12-08 14:00:00+05:30,306.51,23.58
2023-12-08 15:00:00+05:30,198.81,23.65
2023-12-08 16:00:00+05:30,94.07,23.35
2023-12-08 17:00:00+05:30,25.08,22.87
2023-12-08 18:00:00+05:30,0.0,21.69
2023-12-08 19:00:00+05:30,0.0,19.9
2023-12-08 20:00:00+05:30,0.0,18.6
2023-12-08 21:00:00+05:30,0.0,17.64
2023-12-08 22:00:00+05:30,0.0,16.95
2023-12-08 23:00:00+05:30,0.0,16.31
2023-12-09 00:00:00+05:30,0.0,15.28
2023-12-09 01:00:00+05:30,0.0,14.74
2023-12-09 02:00:00+05:30,0.0,13.86
2023-12-09 03:00:00+05:30,0.0,12.96
2023-12-09 04:00:00+05:30,0.0,12.24
2023-12-09 05:00:00+05:30,0.0,11.68
2023-12-09 06:00:00+05:30,0.0,11.3
2023-12-09 07:00:00+05:30,0.0,11.0
2023-12-09 08:00:00+05:30,46.72,10.86
2023-12-09 09:00:00+05:30,145.2,14.22
2023-12-09 10:00:00+05:30,261.11,19.1
2023-12-09 11:00:00+05:30,345.12,21.73
2023-12-09 12:00:00+05:30,382.71,23.24
2023-12-09 13:00:00+05:30,371.85,23.66
2023-12-09 14:00:00+05:30,312.14,24.07
2023-12-09 15:00:00+05:30,212.86,24.2
2023-12-09 16:00:00+05:30,92.61,24.08
2023-12-09 17:00:00+05:30,26.37,23.56
2023-12-09 18:00:00+05:30,0.0,22.23
2023-12-09 19:00:00+05:30,0.0,20.1
2023-12-09 20:00:00+05:30,0.0,17.89
2023-12-09 21:00:00+05:30,0.0,16.14
2023-12-09 22:00:00+05:30,0.0,14.81
2023-12-09 23:00:00+05:30,0.0,13.75
2023-12-10 00:00:00+05:30,0.0,12.93
2023-12-10 01:00:00+05:30,0.0,12.63
2023-12-10 02:00:00+05:30,0.0,12.25
2023-12-10 03:00:00+05:30,0.0,11.76
2023-12-10 04:00:00+05:30,0.0,11.24
2023-12-10 05:00:00+05:30,0.0,10.71
2023-12-10 06:00:00+05:30,0.0,10.2
2023-12-10 07:00:00+05:30,0.0,9.73
2023-12-10 08:00:00+05:30,46.53,9.4
2023-12-10 09:00:00+05:30,143.96,12.57
2023-12-10 10:00:00+05:30,260.67,18.05
2023-12-10 11:00:00+05:30,345.31,20.69
2023-12-10 12:00:00+05:30,384.57,22.38
2023-12-10 13:00:00+05:30,373.85,23.48
2023-12-10 14:00:00+05:30,314.42,24.03
2023-12-10 15:00:00+05:30,214.83,24.23
2023-12-10 16:00:00+05:30,96.67,24.06
2023-12-10 17:00:00+05:30,28.24,23.13
2023-12-10 18:00:00+05:30,0.0,21.49
2023-12-10 19:00:00+05:30,0.0,19.22
2023-12-10 20:00:00+05:30,0.0,17.12
2023-12-10 21:00:00+05:30,0.0,15.33
2023-12-10 22:00:00+05:30,0.0,13.92
2023-12-10 23:00:00+05:30,0.0,12.85
2023-12-11 00:00:00+05:30,0.0,12.15
2023-12-11 01:00:00+05:30,0.0,12.02
2023-12-11 02:00:00+05:30,0.0,11.62
2023-12-11 03:00:00+05:30,0.0,11.22
2023-12-11 04:00:00+05:30,0.0,10.84
2023-12-11 05:00:00+05:30,0.0,10.48
2023-12-11 06:00:00+05:30,0.0,10.17
2023-12-11 07:00:00+05:30,0.0,9.91
2023-12-11 08:00:00+05:30,46.01,9.81
2023-12-11 09:00:00+05:30,141.27,12.76
2023-12-11 10:00:00+05:30,257.09,17.53
2023-12-11 11:00:00+05:30,341.32,20.04
2023-12-11 12:00:00+05:30,379.61,21.76
2023-12-11 13:00:00+05:30,369.18,22.84
2023-12-11 14:00:00+05:30,310.46,23.47
2023-12-11 15:00:00+05:30,211.93,23.67
2023-12-11 16:00:00+05:30,92.36,23.54
2023-12-11 17:00:00+05:30,26.8,22.99
2023-12-11 18:00:00+05:30,0.0,21.84
2023-12-11 19:00:00+05:30,0.0,20.04
2023-12-11 20:00:00+05:30,0.0,17.67
2023-12-11 21:00:00+05:30,0.0,15.68
2023-12-11 22:00:00+05:30,0.0,14.37
2023-12-11 23:00:00+05:30,0.0,13.52
2023-12-12 00:00:00+05:30,0.0,12.78
2023-12-12 01:00:00+05:30,0.0,13.34
2023-12-12 02:00:00+05:30,0.0,13.84
2023-12-12 03:00:00+05:30,0.0,14.12
2023-12-12 04:00:00+05:30,0.0,13.99
2023-12-12 05:00:00+05:30,0.0,13.76
2023-12-12 06:00:00+05:30,0.0,13.65
2023-12-12 07:00:00+05:30,0.0,13.49
2023-12-12 08:00:00+05:30,45.29,12.77
2023-12-12 09:00:00+05:30,138.34,14.23
2023-12-12 10:00:00+05:30,252.98,17.53
2023-12-12 11:00:00+05:30,336.62,19.89
2023-12-12 12:00:00+05:30,376.77,21.57
2023-12-12 13:00:00+05:30,366.62,22.7
2023-12-12 14:00:00+05:30,308.51,23.28
2023-12-12 15:00:00+05:30,210.13,23.5
2023-12-12 16:00:00+05:30,92.27,23.4
2023-12-12 17:00:00+05:30,26.85,22.9
2023-12-12 18:00:00+05:30,0.0,21.82
2023-12-12 19:00:00+05:30,0.0,19.71
2023-12-12 20:00:00+05:30,0.0,17.7
2023-12-12 21:00:00+05:30,0.0,16.39
2023-12-12 22:00:00+05:30,0.0,15.52
2023-12-12 23:00:00+05:30,0.0,14.79
2023-12-13 00:00:00+05:30,0.0,14.06
2023-12-13 01:00:00+05:30,0.0,13.19
2023-12-13 02:00:00+05:30,0.0,12.66
2023-12-13 03:00:00+05:30,0.0,12.78
2023-12-13 04:00:00+05:30,0.0,12.48
2023-12-13 05:00:00+05:30,0.0,11.8
2023-12-13 06:00:00+05:30,0.0,11.26
2023-12-13 07:00:00+05:30,0.0,11.06
2023-12-13 08:00:00+05:30,44.77,11.37
2023-12-13 09:00:00+05:30,137.06,14.36
2023-12-13 10:00:00+05:30,252.59,17.58
2023-12-13 11:00:00+05:30,336.97,20.12
2023-12-13 12:00:00+05:30,377.16,21.86
2023-12-13 13:00:00+05:30,367.55,23.15
2023-12-13 14:00:00+05:30,309.85,23.78
2023-12-13 15:00:00+05:30,211.92,23.97
2023-12-13 16:00:00+05:30,92.31,23.84
2023-12-13 17:00:00+05:30,27.14,23.32
2023-12-13 18:00:00+05:30,0.0,22.03
2023-12-13 19:00:00+05:30,0.0,19.89
2023-12-13 20:00:00+05:30,0.0,18.07
2023-12-13 21:00:00+05:30,0.0,16.66
2023-12-13 22:00:00+05:30,0.0,15.43
2023-12-13 23:00:00+05:30,0.0,14.45
2023-12-14 00:00:00+05:30,0.0,15.47
2023-12-14 01:00:00+05:30,0.0,12.73
2023-12-14 02:00:00+05:30,0.0,11.57
2023-12-14 03:00:00+05:30,0.0,11.04
2023-12-14 04:00:00+05:30,0.0,10.51
2023-12-14 05:00:00+05:30,0.0,9.82
2023-12-14 06:00:00+05:30,0.0,9.26
2023-12-14 07:00:00+05:30,0.0,8.94
2023-12-14 08:00:00+05:30,44.38,9.35
2023-12-14 09:00:00+05:30,135.81,12.72
2023-12-14 10:00:00+05:30,251.92,17.39
2023-12-14 11:00:00+05:30,337.58,20.0
2023-12-14 12:00:00+05:30,377.68,21.72
2023-12-14 13:00:00+05:30,368.77,22.86
2023-12-14 14:00:00+05:30,311.19,23.48
2023-12-14 15:00:00+05:30,212.93,23.72
2023-12-14 16:00:00+05:30,92.86,23.6
2023-12-14 17:00:00+05:30,27.57,23.11
2023-12-14 18:00:00+05:30,0.0,21.83
2023-12-14 19:00:00+05:30,0.0,19.71
2023-12-14 20:00:00+05:30,0.0,17.79
2023-12-14 21:00:00+05:30,0.0,16.22
2023-12-14 22:00:00+05:30,0.0,14.94
2023-12-14 23:00:00+05:30,0.0,13.94
2023-12-15 00:00:00+05:30,0.0,13.68
2023-12-15 01:00:00+05:30,0.0,14.31
2023-12-15 02:00:00+05:30,0.0,14.55
2023-12-15 03:00:00+05:30,0.0,14.3
2023-12-15 04:00:00+05:30,0.0,13.95
2023-12-15 05:00:00+05:30,0.0,13.22
2023-12-15 06:00:00+05:30,0.0,13.32
2023-12-15 07:00:00+05:30,0.0,13.15
2023-12-15 08:00:00+05:30,44.1,13.02
2023-12-15 09:00:00+05:30,134.95,13.85
2023-12-15 10:00:00+05:30,252.18,17.14
2023-12-15 11:00:00+05:30,338.08,19.71
2023-12-15 12:00:00+05:30,378.72,21.35
2023-12-15 13:00:00+05:30,369.37,22.24
2023-12-15 14:00:00+05:30,311.37,22.79
2023-12-15 15:00:00+05:30,213.15,23.04
2023-12-15 16:00:00+05:30,93.01,22.92
2023-12-15 17:00:00+05:30,27.81,22.46
2023-12-15 18:00:00+05:30,0.0,21.33
2023-12-15 19:00:00+05:30,0.0,19.23
2023-12-15 20:00:00+05:30,0.0,17.02
2023-12-15 21:00:00+05:30,0.0,15.64
2023-12-15 22:00:00+05:30,0.0,14.7
2023-12-15 23:00:00+05:30,0.0,14.02
2023-12-16 00:00:00+05:30,0.0,13.48
2023-12-16 01:00:00+05:30,0.0,13.02
2023-12-16 02:00:00+05:30,0.0,12.39
2023-12-16 03:00:00+05:30,0.0,11.7
2023-12-16 04:00:00+05:30,0.0,12.11
2023-12-16 05:00:00+05:30,0.0,13.16
2023-12-16 06:00:00+05:30,0.0,13.13
2023-12-16 07:00:00+05:30,0.0,12.69
2023-12-16 08:00:00+05:30,43.95,12.88
2023-12-16 09:00:00+05:30,131.72,14.15
2023-12-16 10:00:00+05:30,245.13,17.49
2023-12-16 11:00:00+05:30,329.29,19.99
2023-12-16 12:00:00+05:30,368.29,21.61
2023-12-16 13:00:00+05:30,361.79,22.37
2023-12-16 14:00:00+05:30,297.28,23.05
2023-12-16 15:00:00+05:30,206.11,23.31
2023-12-16 16:00:00+05:30,99.57,23.21
2023-12-16 17:00:00+05:30,29.05,22.66
2023-12-16 18:00:00+05:30,0.0,21.68
2023-12-16 19:00:00+05:30,0.0,20.06
2023-12-16 20:00:00+05:30,0.0,19.23
2023-12-16 21:00:00+05:30,0.0,18.46
2023-12-16 22:00:00+05:30,0.0,17.68
2023-12-16 23:00:00+05:30,0.0,16.84
2023-12-17 00:00:00+05:30,0.0,16.03
2023-12-17 01:00:00+05:30,0.0,12.82
2023-12-17 02:00:00+05:30,0.0,12.66
2023-12-17 03:00:00+05:30,0.0,11.83
2023-12-17 04:00:00+05:30,0.0,11.33
2023-12-17 05:00:00+05:30,0.0,11.12
2023-12-17 06:00:00+05:30,0.0,11.0
2023-12-17 07:00:00+05:30,0.0,10.48
2023-12-17 08:00:00+05:30,42.81,9.89
2023-12-17 09:00:00+05:30,129.86,12.79
2023-12-17 10:00:00+05:30,245.22,17.19
2023-12-17 11:00:00+05:30,330.83,19.75
2023-12-17 12:00:00+05:30,371.39,21.58
2023-12-17 13:00:00+05:30,363.17,22.87
2023-12-17 14:00:00+05:30,301.91,23.7
2023-12-17 15:00:00+05:30,199.27,23.96
2023-12-17 16:00:00+05:30,95.72,23.75
2023-12-17 17:00:00+05:30,29.05,23.27
2023-12-17 18:00:00+05:30,0.0,22.01
2023-12-17 19:00:00+05:30,0.0,20.22
2023-12-17 20:00:00+05:30,0.0,18.38
2023-12-17 21:00:00+05:30,0.0,16.83
2023-12-17 22:00:00+05:30,0.0,16.19
2023-12-17 23:00:00+05:30,0.0,15.73
2023-12-18 00:00:00+05:30,0.0,15.26
2023-12-18 01:00:00+05:30,0.0,14.86
2023-12-18 02:00:00+05:30,0.0,14.35
2023-12-18 03:00:00+05:30,0.0,13.89
2023-12-18 04:00:00+05:30,0.0,13.47
2023-12-18 05:00:00+05:30,0.0,12.95
2023-12-18 06:00:00+05:30,0.0,12.42
2023-12-18 07:00:00+05:30,0.0,11.85
2023-12-18 08:00:00+05:30,42.19,11.3
2023-12-18 09:00:00+05:30,130.71,13.27
2023-12-18 10:00:00+05:30,245.05,16.83
2023-12-18 11:00:00+05:30,334.99,19.35
2023-12-18 12:00:00+05:30,378.67,21.2
2023-12-18 13:00:00+05:30,371.8,22.32
2023-12-18 14:00:00+05:30,315.35,22.78
2023-12-18 15:00:00+05:30,217.72,22.94
2023-12-18 16:00:00+05:30,99.45,22.67
2023-12-18 17:00:00+05:30,29.96,21.77
2023-12-18 18:00:00+05:30,0.0,19.56
2023-12-18 19:00:00+05:30,0.0,16.87
2023-12-18 20:00:00+05:30,0.0,15.24
2023-12-18 21:00:00+05:30,0.0,14.14
2023-12-18 22:00:00+05:30,0.0,13.29
2023-12-18 23:00:00+05:30,0.0,12.62
2023-12-19 00:00:00+05:30,0.0,12.07
2023-12-19 01:00:00+05:30,0.0,11.45
2023-12-19 02:00:00+05:30,0.0,11.06
2023-12-19 03:00:00+05:30,0.0,10.68
2023-12-19 04:00:00+05:30,0.0,10.27
2023-12-19 05:00:00+05:30,0.0,9.8
2023-12-19 06:00:00+05:30,0.0,9.22
2023-12-19 07:00:00+05:30,0.0,8.7
2023-12-19 08:00:00+05:30,41.9,8.22
2023-12-19 09:00:00+05:30,130.75,10.45
2023-12-19 10:00:00+05:30,251.16,15.01
2023-12-19 11:00:00+05:30,340.0,17.84
2023-12-19 12:00:00+05:30,383.35,19.71
2023-12-19 13:00:00+05:30,375.57,21.15
2023-12-19 14:00:00+05:30,318.01,22.13
2023-12-19 15:00:00+05:30,218.83,22.68
2023-12-19 16:00:00+05:30,95.86,22.77
2023-12-19 17:00:00+05:30,29.67,22.2
2023-12-19 18:00:00+05:30,0.0,20.68
2023-12-19 19:00:00+05:30,0.0,18.18
2023-12-19 20:00:00+05:30,0.0,15.82
2023-12-19 21:00:00+05:30,0.0,13.93
2023-12-19 22:00:00+05:30,0.0,13.05
2023-12-19 23:00:00+05:30,0.0,12.24
2023-12-20 00:00:00+05:30,0.0,11.72
2023-12-20 01:00:00+05:30,0.0,10.99
2023-12-20 02:00:00+05:30,0.0,10.75
2023-12-20 03:00:00+05:30,0.0,10.9
2023-12-20 04:00:00+05:30,0.0,10.79
2023-12-20 05:00:00+05:30,0.0,10.57
2023-12-20 06:00:00+05:30,0.0,10.35
2023-12-20 07:00:00+05:30,0.0,10.24
2023-12-20 08:00:00+05:30,61.96,9.76
2023-12-20 09:00:00+05:30,152.46,11.68
2023-12-20 10:00:00+05:30,259.3,15.27
2023-12-20 11:00:00+05:30,343.89,17.77
2023-12-20 12:00:00+05:30,379.38,19.79
2023-12-20 13:00:00+05:30,373.14,20.12
2023-12-20 14:00:00+05:30,330.91,20.81
2023-12-20 15:00:00+05:30,242.12,21.3
2023-12-20 16:00:00+05:30,135.37,21.26
2023-12-20 17:00:00+05:30,46.01,20.94
2023-12-20 18:00:00+05:30,0.0,19.62
2023-12-20 19:00:00+05:30,0.0,17.75
2023-12-20 20:00:00+05:30,0.0,16.45
2023-12-20 21:00:00+05:30,0.0,15.75
2023-12-20 22:00:00+05:30,0.0,15.1
2023-12-20 23:00:00+05:30,0.0,14.36
2023-12-21 00:00:00+05:30,0.0,13.65
2023-12-21 01:00:00+05:30,0.0,12.87
2023-12-21 02:00:00+05:30,0.0,12.07
2023-12-21 03:00:00+05:30,0.0,11.59
2023-12-21 04:00:00+05:30,0.0,11.16
2023-12-21 05:00:00+05:30,0.0,10.81
2023-12-21 06:00:00+05:30,0.0,10.4
2023-12-21 07:00:00+05:30,0.0,9.88
2023-12-21 08:00:00+05:30,66.31,9.5
2023-12-21 09:00:00+05:30,156.0,11.18
2023-12-21 10:00:00+05:30,262.33,15.16
2023-12-21 11:00:00+05:30,341.38,18.17
2023-12-21 12:00:00+05:30,383.93,20.07
2023-12-21 13:00:00+05:30,379.56,21.81
2023-12-21 14:00:00+05:30,327.46,22.84
2023-12-21 15:00:00+05:30,241.37,23.45
2023-12-21 16:00:00+05:30,133.7,23.54
2023-12-21 17:00:00+05:30,47.11,22.96
2023-12-21 18:00:00+05:30,0.0,21.63
2023-12-21 19:00:00+05:30,0.0,19.26
2023-12-21 20:00:00+05:30,0.0,16.91
2023-12-21 21:00:00+05:30,0.0,15.21
2023-12-21 22:00:00+05:30,0.0,13.92
2023-12-21 23:00:00+05:30,0.0,12.7
2023-12-22 00:00:00+05:30,0.0,11.82
2023-12-22 01:00:00+05:30,0.0,11.34
2023-12-22 02:00:00+05:30,0.0,10.71
2023-12-22 03:00:00+05:30,0.0,10.02
2023-12-22 04:00:00+05:30,0.0,9.56
2023-12-22 05:00:00+05:30,0.0,9.32
2023-12-22 06:00:00+05:30,0.0,9.11
2023-12-22 07:00:00+05:30,0.0,8.93
2023-12-22 08:00:00+05:30,50.12,8.83
2023-12-22 09:00:00+05:30,135.99,11.12
2023-12-22 10:00:00+05:30,249.63,16.16
2023-12-22 11:00:00+05:30,333.84,19.08
2023-12-22 12:00:00+05:30,377.91,21.01
2023-12-22 13:00:00+05:30,371.47,22.0
2023-12-22 14:00:00+05:30,317.67,22.89
2023-12-22 15:00:00+05:30,221.18,23.33
2023-12-22 16:00:00+05:30,100.27,23.35
2023-12-22 17:00:00+05:30,30.72,22.81
2023-12-22 18:00:00+05:30,0.0,21.45
2023-12-22 19:00:00+05:30,0.0,19.26
2023-12-22 20:00:00+05:30,0.0,17.01
2023-12-22 21:00:00+05:30,0.0,15.36
2023-12-22 22:00:00+05:30,0.0,16.01
2023-12-22 23:00:00+05:30,0.0,16.16
2023-12-23 00:00:00+05:30,0.0,13.85
2023-12-23 01:00:00+05:30,0.0,12.15
2023-12-23 02:00:00+05:30,0.0,12.08
2023-12-23 03:00:00+05:30,0.0,12.86
2023-12-23 04:00:00+05:30,0.0,12.96
2023-12-23 05:00:00+05:30,0.0,12.87
2023-12-23 06:00:00+05:30,0.0,10.72
2023-12-23 07:00:00+05:30,0.0,10.43
2023-12-23 08:00:00+05:30,39.41,10.1
2023-12-23 09:00:00+05:30,123.73,11.98
2023-12-23 10:00:00+05:30,230.05,16.54
2023-12-23 11:00:00+05:30,326.18,18.66
2023-12-23 12:00:00+05:30,370.05,20.58
2023-12-23 13:00:00+05:30,364.32,21.95
2023-12-23 14:00:00+05:30,313.76,23.02
2023-12-23 15:00:00+05:30,217.55,23.62
2023-12-23 16:00:00+05:30,98.28,23.72
2023-12-23 17:00:00+05:30,30.62,23.19
2023-12-23 18:00:00+05:30,0.0,21.33
2023-12-23 19:00:00+05:30,0.0,18.54
2023-12-23 20:00:00+05:30,0.0,16.8
2023-12-23 21:00:00+05:30,0.0,15.56
2023-12-23 22:00:00+05:30,0.0,14.5
2023-12-23 23:00:00+05:30,0.0,13.56
2023-12-24 00:00:00+05:30,0.0,12.77
2023-12-24 01:00:00+05:30,0.0,12.13
2023-12-24 02:00:00+05:30,0.0,11.6
2023-12-24 03:00:00+05:30,0.0,11.14
2023-12-24 04:00:00+05:30,0.0,10.66
2023-12-24 05:00:00+05:30,0.0,10.22
2023-12-24 06:00:00+05:30,0.0,9.82
2023-12-24 07:00:00+05:30,0.0,9.47
2023-12-24 08:00:00+05:30,39.94,9.16
2023-12-24 09:00:00+05:30,123.54,11.24
2023-12-24 10:00:00+05:30,241.13,15.95
2023-12-24 11:00:00+05:30,329.45,18.54
2023-12-24 12:00:00+05:30,372.82,20.54
2023-12-24 13:00:00+05:30,367.78,21.38
2023-12-24 14:00:00+05:30,314.27,22.38
2023-12-24 15:00:00+05:30,220.74,22.94
2023-12-24 16:00:00+05:30,103.74,23.03
2023-12-24 17:00:00+05:30,34.59,22.61
2023-12-24 18:00:00+05:30,0.0,21.33
2023-12-24 19:00:00+05:30,0.0,19.26
2023-12-24 20:00:00+05:30,0.0,17.27
2023-12-24 21:00:00+05:30,0.0,15.6
2023-12-24 22:00:00+05:30,0.0,14.35
2023-12-24 23:00:00+05:30,0.0,13.42
2023-12-25 00:00:00+05:30,0.0,12.57
2023-12-25 01:00:00+05:30,0.0,11.78
2023-12-25 02:00:00+05:30,0.0,11.1
2023-12-25 03:00:00+05:30,0.0,10.51
2023-12-25 04:00:00+05:30,0.0,10.68
2023-12-25 05:00:00+05:30,0.0,11.54
2023-12-25 06:00:00+05:30,0.0,11.96
2023-12-25 07:00:00+05:30,0.0,10.76
2023-12-25 08:00:00+05:30,39.08,9.13
2023-12-25 09:00:00+05:30,122.23,11.67
2023-12-25 10:00:00+05:30,240.16,16.37
2023-12-25 11:00:00+05:30,328.49,19.1
2023-12-25 12:00:00+05:30,373.51,21.04
2023-12-25 13:00:00+05:30,368.63,22.45
2023-12-25 14:00:00+05:30,314.87,23.48
2023-12-25 15:00:00+05:30,219.84,24.06
2023-12-25 16:00:00+05:30,100.77,24.17
2023-12-25 17:00:00+05:30,31.63,23.64
2023-12-25 18:00:00+05:30,0.0,22.03
2023-12-25 19:00:00+05:30,0.0,19.68
2023-12-25 20:00:00+05:30,0.0,17.81
2023-12-25 21:00:00+05:30,0.0,16.37
2023-12-25 22:00:00+05:30,0.0,15.04
2023-12-25 23:00:00+05:30,0.0,13.93
2023-12-26 00:00:00+05:30,0.0,15.05
2023-12-26 01:00:00+05:30,0.0,15.15
2023-12-26 02:00:00+05:30,0.0,14.6
2023-12-26 03:00:00+05:30,0.0,13.57
2023-12-26 04:00:00+05:30,0.0,11.81
2023-12-26 05:00:00+05:30,0.0,10.74
2023-12-26 06:00:00+05:30,0.0,9.57
2023-12-26 07:00:00+05:30,0.0,8.87
2023-12-26 08:00:00+05:30,38.79,8.47
2023-12-26 09:00:00+05:30,121.97,11.29
2023-12-26 10:00:00+05:30,241.15,17.04
2023-12-26 11:00:00+05:30,330.59,20.69
2023-12-26 12:00:00+05:30,376.17,22.88
2023-12-26 13:00:00+05:30,371.59,23.96
2023-12-26 14:00:00+05:30,318.04,24.59
2023-12-26 15:00:00+05:30,222.86,24.83
2023-12-26 16:00:00+05:30,104.45,24.67
2023-12-26 17:00:00+05:30,33.11,23.91
2023-12-26 18:00:00+05:30,0.0,22.16
2023-12-26 19:00:00+05:30,0.0,19.64
2023-12-26 20:00:00+05:30,0.0,17.62
2023-12-26 21:00:00+05:30,0.0,16.26
2023-12-26 22:00:00+05:30,0.0,15.19
2023-12-26 23:00:00+05:30,0.0,14.32
2023-12-27 00:00:00+05:30,0.0,13.58
2023-12-27 01:00:00+05:30,0.0,12.99
2023-12-27 02:00:00+05:30,0.0,12.19
2023-12-27 03:00:00+05:30,0.0,11.39
2023-12-27 04:00:00+05:30,0.0,11.06
2023-12-27 05:00:00+05:30,0.0,10.62
2023-12-27 06:00:00+05:30,0.0,10.09
2023-12-27 07:00:00+05:30,0.0,9.8
2023-12-27 08:00:00+05:30,38.84,9.52
2023-12-27 09:00:00+05:30,121.69,11.77
2023-12-27 10:00:00+05:30,240.98,17.35
2023-12-27 11:00:00+05:30,329.19,20.16
2023-12-27 12:00:00+05:30,374.63,21.95
2023-12-27 13:00:00+05:30,370.18,22.71
2023-12-27 14:00:00+05:30,317.41,23.49
2023-12-27 15:00:00+05:30,222.73,23.93
2023-12-27 16:00:00+05:30,103.4,24.0
2023-12-27 17:00:00+05:30,32.77,23.47
2023-12-27 18:00:00+05:30,0.0,21.88
2023-12-27 19:00:00+05:30,0.0,19.28
2023-12-27 20:00:00+05:30,0.0,17.04
2023-12-27 21:00:00+05:30,0.0,15.48
2023-12-27 22:00:00+05:30,0.0,14.35
2023-12-27 23:00:00+05:30,0.0,13.28
2023-12-28 00:00:00+05:30,0.0,12.33
2023-12-28 01:00:00+05:30,0.0,11.42
2023-12-28 02:00:00+05:30,0.0,10.86
2023-12-28 03:00:00+05:30,0.0,10.44
2023-12-28 04:00:00+05:30,0.0,10.16
2023-12-28 05:00:00+05:30,0.0,10.01
2023-12-28 06:00:00+05:30,0.0,9.8
2023-12-28 07:00:00+05:30,0.0,9.52
2023-12-28 08:00:00+05:30,38.41,9.15
2023-12-28 09:00:00+05:30,122.22,10.61
2023-12-28 10:00:00+05:30,243.84,15.23
2023-12-28 11:00:00+05:30,333.86,18.35
2023-12-28 12:00:00+05:30,380.3,20.46
2023-12-28 13:00:00+05:30,376.38,20.96
2023-12-28 14:00:00+05:30,322.81,21.95
2023-12-28 15:00:00+05:30,226.95,22.47
2023-12-28 16:00:00+05:30,105.86,22.52
2023-12-28 17:00:00+05:30,33.59,22.07
2023-12-28 18:00:00+05:30,0.0,20.7
2023-12-28 19:00:00+05:30,0.0,18.53
2023-12-28 20:00:00+05:30,0.0,16.58
2023-12-28 21:00:00+05:30,0.0,15.08
2023-12-28 22:00:00+05:30,0.0,13.86
2023-12-28 23:00:00+05:30,0.0,12.92
2023-12-29 00:00:00+05:30,0.0,12.19
2023-12-29 01:00:00+05:30,0.0,11.54
2023-12-29 02:00:00+05:30,0.0,10.96
2023-12-29 03:00:00+05:30,0.0,10.41
2023-12-29 04:00:00+05:30,0.0,9.97
2023-12-29 05:00:00+05:30,0.0,9.65
2023-12-29 06:00:00+05:30,0.0,9.43
2023-12-29 07:00:00+05:30,0.0,9.33
2023-12-29 08:00:00+05:30,38.27,9.31
2023-12-29 09:00:00+05:30,122.96,11.17
2023-12-29 10:00:00+05:30,242.91,14.76
2023-12-29 11:00:00+05:30,332.38,17.45
2023-12-29 12:00:00+05:30,380.85,19.49
2023-12-29 13:00:00+05:30,378.23,19.66
2023-12-29 14:00:00+05:30,323.71,20.83
2023-12-29 15:00:00+05:30,227.85,21.43
2023-12-29 16:00:00+05:30,107.24,21.46
2023-12-29 17:00:00+05:30,34.02,20.83
2023-12-29 18:00:00+05:30,0.0,18.76
2023-12-29 19:00:00+05:30,0.0,16.18
2023-12-29 20:00:00+05:30,0.0,14.62
2023-12-29 21:00:00+05:30,0.0,13.35
2023-12-29 22:00:00+05:30,0.0,12.35
2023-12-29 23:00:00+05:30,0.0,11.53
2023-12-30 00:00:00+05:30,0.0,10.89
2023-12-30 01:00:00+05:30,0.0,10.4
2023-12-30 02:00:00+05:30,0.0,10.01
2023-12-30 03:00:00+05:30,0.0,9.76
2023-12-30 04:00:00+05:30,0.0,9.44
2023-12-30 05:00:00+05:30,0.0,9.15
2023-12-30 06:00:00+05:30,0.0,8.68
2023-12-30 07:00:00+05:30,0.0,8.92
2023-12-30 08:00:00+05:30,47.39,9.02
2023-12-30 09:00:00+05:30,133.37,9.78
2023-12-30 10:00:00+05:30,247.95,11.14
2023-12-30 11:00:00+05:30,324.19,13.84
2023-12-30 12:00:00+05:30,369.58,17.02
2023-12-30 13:00:00+05:30,361.42,18.12
2023-12-30 14:00:00+05:30,314.19,19.58
2023-12-30 15:00:00+05:30,222.03,20.46
2023-12-30 16:00:00+05:30,112.37,20.69
2023-12-30 17:00:00+05:30,35.59,20.31
2023-12-30 18:00:00+05:30,0.0,18.78
2023-12-30 19:00:00+05:30,0.0,16.43
2023-12-30 20:00:00+05:30,0.0,14.79
2023-12-30 21:00:00+05:30,0.0,13.6
2023-12-30 22:00:00+05:30,0.0,12.64
2023-12-30 23:00:00+05:30,0.0,11.89
2023-12-31 00:00:00+05:30,0.0,11.37
2023-12-31 01:00:00+05:30,0.0,10.99
2023-12-31 02:00:00+05:30,0.0,10.68
2023-12-31 03:00:00+05:30,0.0,10.36
2023-12-31 04:00:00+05:30,0.0,10.0
2023-12-31 05:00:00+05:30,0.0,9.65
2023-12-31 06:00:00+05:30,0.0,9.27
2023-12-31 07:00:00+05:30,0.0,9.3
2023-12-31 08:00:00+05:30,44.81,9.31
2023-12-31 09:00:00+05:30,135.67,10.1
2023-12-31 10:00:00+05:30,221.72,12.2
2023-12-31 11:00:00+05:30,311.66,15.16
2023-12-31 12:00:00+05:30,367.33,17.65
2023-12-31 13:00:00+05:30,360.34,18.75
2023-12-31 14:00:00+05:30,316.66,19.9
2023-12-31 15:00:00+05:30,223.76,20.54
2023-12-31 16:00:00+05:30,109.4,20.66
2023-12-31 17:00:00+05:30,35.4,20.18
2023-12-31 18:00:00+05:30,0.0,18.54
2023-12-31 19:00:00+05:30,0.0,16.14
2023-12-31 20:00:00+05:30,0.0,14.58
2023-12-31 21:00:00+05:30,0.0,13.43
2023-12-31 22:00:00+05:30,0.0,12.45
2023-12-31 23:00:00+05:30,0.0,11.63
2024-01-01 00:00:00+05:30,0.0,10.98
2024-01-01 01:00:00+05:30,0.0,10.15
2024-01-01 02:00:00+05:30,0.0,9.69
2024-01-01 03:00:00+05:30,0.0,9.25
2024-01-01 04:00:00+05:30,0.0,9.02
2024-01-01 05:00:00+05:30,0.0,8.79
