time,poa_global,temp_air
2023-01-01 06:00:00+05:30,0.0,7.64
2023-01-01 07:00:00+05:30,0.0,7.14
2023-01-01 08:00:00+05:30,40.4,6.68
2023-01-01 09:00:00+05:30,175.92,9.12
2023-01-01 10:00:00+05:30,306.86,12.8
2023-01-01 11:00:00+05:30,402.19,15.55
2023-01-01 12:00:00+05:30,448.03,17.36
2023-01-01 13:00:00+05:30,439.92,18.09
2023-01-01 14:00:00+05:30,377.53,18.79
2023-01-01 15:00:00+05:30,269.9,19.13
2023-01-01 16:00:00+05:30,134.89,19.1
2023-01-01 17:00:00+05:30,28.89,18.76
2023-01-01 18:00:00+05:30,0.0,17.76
2023-01-01 19:00:00+05:30,0.0,15.94
2023-01-01 20:00:00+05:30,0.0,14.0
2023-01-01 21:00:00+05:30,0.0,12.99
2023-01-01 22:00:00+05:30,0.0,11.99
2023-01-01 23:00:00+05:30,0.0,10.95
2023-01-02 00:00:00+05:30,0.0,10.16
2023-01-02 01:00:00+05:30,0.0,9.17
2023-01-02 02:00:00+05:30,0.0,9.17
2023-01-02 03:00:00+05:30,0.0,8.93
2023-01-02 04:00:00+05:30,0.0,8.91
2023-01-02 05:00:00+05:30,0.0,8.25
2023-01-02 06:00:00+05:30,0.0,7.87
2023-01-02 07:00:00+05:30,0.0,8.35
2023-01-02 08:00:00+05:30,41.59,8.82
2023-01-02 09:00:00+05:30,172.98,10.29
2023-01-02 10:00:00+05:30,295.32,13.6
2023-01-02 11:00:00+05:30,382.42,16.0
2023-01-02 12:00:00+05:30,437.3,17.17
2023-01-02 13:00:00+05:30,438.26,17.36
2023-01-02 14:00:00+05:30,379.01,17.9
2023-01-02 15:00:00+05:30,268.32,18.16
2023-01-02 16:00:00+05:30,137.95,18.11
2023-01-02 17:00:00+05:30,29.96,17.7
2023-01-02 18:00:00+05:30,0.0,16.67
2023-01-02 19:00:00+05:30,0.0,15.03
2023-01-02 20:00:00+05:30,0.0,13.28
2023-01-02 21:00:00+05:30,0.0,11.98
2023-01-02 22:00:00+05:30,0.0,11.73
2023-01-02 23:00:00+05:30,0.0,11.26
2023-01-03 00:00:00+05:30,0.0,10.74
2023-01-03 01:00:00+05:30,0.0,9.0
2023-01-03 02:00:00+05:30,0.0,8.48
2023-01-03 03:00:00+05:30,0.0,7.99
2023-01-03 04:00:00+05:30,0.0,7.69
2023-01-03 05:00:00+05:30,0.0,7.39
2023-01-03 06:00:00+05:30,0.0,6.81
2023-01-03 07:00:00+05:30,0.0,6.42
2023-01-03 08:00:00+05:30,40.64,6.4
2023-01-03 09:00:00+05:30,176.24,9.2
2023-01-03 10:00:00+05:30,308.02,12.77
2023-01-03 11:00:00+05:30,404.48,15.25
2023-01-03 12:00:00+05:30,434.49,16.4
2023-01-03 13:00:00+05:30,419.85,16.28
2023-01-03 14:00:00+05:30,355.93,16.86
2023-01-03 15:00:00+05:30,268.14,17.09
2023-01-03 16:00:00+05:30,138.73,17.12
2023-01-03 17:00:00+05:30,31.62,16.8
2023-01-03 18:00:00+05:30,0.0,15.62
2023-01-03 19:00:00+05:30,0.0,14.03
2023-01-03 20:00:00+05:30,0.0,12.62
2023-01-03 21:00:00+05:30,0.0,11.22
2023-01-03 22:00:00+05:30,0.0,9.89
2023-01-03 23:00:00+05:30,0.0,8.98
2023-01-04 00:00:00+05:30,0.0,8.38
2023-01-04 01:00:00+05:30,0.0,7.93
2023-01-04 02:00:00+05:30,0.0,7.45
2023-01-04 03:00:00+05:30,0.0,7.11
2023-01-04 04:00:00+05:30,0.0,6.87
2023-01-04 05:00:00+05:30,0.0,6.6
2023-01-04 06:00:00+05:30,0.0,6.39
2023-01-04 07:00:00+05:30,0.0,6.27
2023-01-04 08:00:00+05:30,41.14,6.06
2023-01-04 09:00:00+05:30,177.82,7.95
2023-01-04 10:00:00+05:30,310.65,11.07
2023-01-04 11:00:00+05:30,408.74,13.52
2023-01-04 12:00:00+05:30,459.2,15.4
2023-01-04 13:00:00+05:30,444.28,15.72
2023-01-04 14:00:00+05:30,382.02,16.42
2023-01-04 15:00:00+05:30,279.76,16.82
2023-01-04 16:00:00+05:30,143.21,16.9
2023-01-04 17:00:00+05:30,31.76,16.6
2023-01-04 18:00:00+05:30,0.0,15.57
2023-01-04 19:00:00+05:30,0.0,13.84
2023-01-04 20:00:00+05:30,0.0,12.11
2023-01-04 21:00:00+05:30,0.0,10.44
2023-01-04 22:00:00+05:30,0.0,9.33
2023-01-04 23:00:00+05:30,0.0,8.26
2023-01-05 00:00:00+05:30,0.0,7.28
2023-01-05 01:00:00+05:30,0.0,6.46
2023-01-05 02:00:00+05:30,0.0,5.98
2023-01-05 03:00:00+05:30,0.0,5.68
2023-01-05 04:00:00+05:30,0.0,5.37
2023-01-05 05:00:00+05:30,0.0,5.0
2023-01-05 06:00:00+05:30,0.0,4.58
2023-01-05 07:00:00+05:30,0.0,4.18
2023-01-05 08:00:00+05:30,41.34,3.88
2023-01-05 09:00:00+05:30,180.94,6.53
2023-01-05 10:00:00+05:30,312.19,10.65
2023-01-05 11:00:00+05:30,415.79,13.53
2023-01-05 12:00:00+05:30,431.06,15.28
2023-01-05 13:00:00+05:30,442.3,13.69
2023-01-05 14:00:00+05:30,392.06,14.95
2023-01-05 15:00:00+05:30,284.3,15.85
2023-01-05 16:00:00+05:30,146.14,16.18
2023-01-05 17:00:00+05:30,32.35,15.94
2023-01-05 18:00:00+05:30,0.0,14.92
2023-01-05 19:00:00+05:30,0.0,13.09
2023-01-05 20:00:00+05:30,0.0,11.53
2023-01-05 21:00:00+05:30,0.0,10.27
2023-01-05 22:00:00+05:30,0.0,9.0
2023-01-05 23:00:00+05:30,0.0,7.93
2023-01-06 00:00:00+05:30,0.0,7.34
2023-01-06 01:00:00+05:30,0.0,6.79
2023-01-06 02:00:00+05:30,0.0,7.1
2023-01-06 03:00:00+05:30,0.0,6.65
2023-01-06 04:00:00+05:30,0.0,4.97
2023-01-06 05:00:00+05:30,0.0,4.25
2023-01-06 06:00:00+05:30,0.0,4.67
2023-01-06 07:00:00+05:30,0.0,4.44
2023-01-06 08:00:00+05:30,54.08,4.38
2023-01-06 09:00:00+05:30,146.84,5.04
2023-01-06 10:00:00+05:30,240.84,6.71
2023-01-06 11:00:00+05:30,323.67,8.51
2023-01-06 12:00:00+05:30,347.74,10.57
2023-01-06 13:00:00+05:30,396.4,11.33
2023-01-06 14:00:00+05:30,369.69,12.65
2023-01-06 15:00:00+05:30,288.08,13.6
2023-01-06 16:00:00+05:30,149.43,14.28
2023-01-06 17:00:00+05:30,33.18,14.15
2023-01-06 18:00:00+05:30,0.0,13.06
2023-01-06 19:00:00+05:30,0.0,11.31
2023-01-06 20:00:00+05:30,0.0,9.95
2023-01-06 21:00:00+05:30,0.0,8.5
2023-01-06 22:00:00+05:30,0.0,7.11
2023-01-06 23:00:00+05:30,0.0,6.15
2023-01-07 00:00:00+05:30,0.0,6.56
2023-01-07 01:00:00+05:30,0.0,6.98
2023-01-07 02:00:00+05:30,0.0,4.81
2023-01-07 03:00:00+05:30,0.0,3.73
2023-01-07 04:00:00+05:30,0.0,3.38
2023-01-07 05:00:00+05:30,0.0,3.5
2023-01-07 06:00:00+05:30,0.0,3.89
2023-01-07 07:00:00+05:30,0.0,4.0
2023-01-07 08:00:00+05:30,48.86,4.22
2023-01-07 09:00:00+05:30,145.52,4.79
2023-01-07 10:00:00+05:30,251.9,6.28
2023-01-07 11:00:00+05:30,360.4,8.15
2023-01-07 12:00:00+05:30,438.1,10.7
2023-01-07 13:00:00+05:30,450.59,12.55
2023-01-07 14:00:00+05:30,397.94,14.6
2023-01-07 15:00:00+05:30,289.79,15.91
2023-01-07 16:00:00+05:30,150.93,16.42
2023-01-07 17:00:00+05:30,33.32,16.2
2023-01-07 18:00:00+05:30,0.0,15.24
2023-01-07 19:00:00+05:30,0.0,13.95
2023-01-07 20:00:00+05:30,0.0,12.27
2023-01-07 21:00:00+05:30,0.0,10.01
2023-01-07 22:00:00+05:30,0.0,8.26
2023-01-07 23:00:00+05:30,0.0,7.54
2023-01-08 00:00:00+05:30,0.0,6.93
2023-01-08 01:00:00+05:30,0.0,6.13
2023-01-08 02:00:00+05:30,0.0,5.76
2023-01-08 03:00:00+05:30,0.0,5.36
2023-01-08 04:00:00+05:30,0.0,4.97
2023-01-08 05:00:00+05:30,0.0,4.7
2023-01-08 06:00:00+05:30,0.0,4.45
2023-01-08 07:00:00+05:30,0.0,4.23
2023-01-08 08:00:00+05:30,41.12,4.11
2023-01-08 09:00:00+05:30,180.78,6.47
2023-01-08 10:00:00+05:30,316.31,10.43
2023-01-08 11:00:00+05:30,415.62,13.24
2023-01-08 12:00:00+05:30,464.42,15.46
2023-01-08 13:00:00+05:30,458.78,17.07
2023-01-08 14:00:00+05:30,398.35,18.31
2023-01-08 15:00:00+05:30,290.68,18.98
2023-01-08 16:00:00+05:30,152.42,19.18
2023-01-08 17:00:00+05:30,33.71,18.73
2023-01-08 18:00:00+05:30,0.0,17.59
2023-01-08 19:00:00+05:30,0.0,15.32
2023-01-08 20:00:00+05:30,0.0,14.59
2023-01-08 21:00:00+05:30,0.0,13.82
2023-01-08 22:00:00+05:30,0.0,13.19
2023-01-08 23:00:00+05:30,0.0,12.54
2023-01-09 00:00:00+05:30,0.0,11.84
2023-01-09 01:00:00+05:30,0.0,9.8
2023-01-09 02:00:00+05:30,0.0,9.37
2023-01-09 03:00:00+05:30,0.0,8.14
2023-01-09 04:00:00+05:30,0.0,5.96
2023-01-09 05:00:00+05:30,0.0,5.29
2023-01-09 06:00:00+05:30,0.0,4.75
2023-01-09 07:00:00+05:30,0.0,4.01
2023-01-09 08:00:00+05:30,54.49,3.5
2023-01-09 09:00:00+05:30,185.48,6.73
2023-01-09 10:00:00+05:30,310.7,10.0
2023-01-09 11:00:00+05:30,413.03,13.8
2023-01-09 12:00:00+05:30,467.5,16.5
2023-01-09 13:00:00+05:30,462.65,17.27
2023-01-09 14:00:00+05:30,401.28,18.63
2023-01-09 15:00:00+05:30,292.66,19.38
2023-01-09 16:00:00+05:30,153.62,19.55
2023-01-09 17:00:00+05:30,40.92,19.01
2023-01-09 18:00:00+05:30,0.0,17.75
2023-01-09 19:00:00+05:30,0.0,15.88
2023-01-09 20:00:00+05:30,0.0,14.43
2023-01-09 21:00:00+05:30,0.0,13.97
2023-01-09 22:00:00+05:30,0.0,13.39
2023-01-09 23:00:00+05:30,0.0,12.84
2023-01-10 00:00:00+05:30,0.0,11.51
2023-01-10 01:00:00+05:30,0.0,11.4
2023-01-10 02:00:00+05:30,0.0,10.68
2023-01-10 03:00:00+05:30,0.0,10.43
2023-01-10 04:00:00+05:30,0.0,8.98
2023-01-10 05:00:00+05:30,0.0,8.47
2023-01-10 06:00:00+05:30,0.0,8.15
2023-01-10 07:00:00+05:30,0.0,7.82
2023-01-10 08:00:00+05:30,40.81,7.43
2023-01-10 09:00:00+05:30,176.87,9.8
2023-01-10 10:00:00+05:30,309.38,13.97
2023-01-10 11:00:00+05:30,407.66,16.6
2023-01-10 12:00:00+05:30,458.4,18.44
2023-01-10 13:00:00+05:30,454.17,19.48
2023-01-10 14:00:00+05:30,395.96,20.55
2023-01-10 15:00:00+05:30,290.85,21.18
2023-01-10 16:00:00+05:30,155.17,21.37
2023-01-10 17:00:00+05:30,35.03,20.94
2023-01-10 18:00:00+05:30,0.0,19.44
2023-01-10 19:00:00+05:30,0.0,17.47
2023-01-10 20:00:00+05:30,0.0,15.82
2023-01-10 21:00:00+05:30,0.0,14.31
2023-01-10 22:00:00+05:30,0.0,12.96
2023-01-10 23:00:00+05:30,0.0,11.81
2023-01-11 00:00:00+05:30,0.0,10.85
2023-01-11 01:00:00+05:30,0.0,9.96
2023-01-11 02:00:00+05:30,0.0,9.28
2023-01-11 03:00:00+05:30,0.0,8.66
2023-01-11 04:00:00+05:30,0.0,8.24
2023-01-11 05:00:00+05:30,0.0,7.9
2023-01-11 06:00:00+05:30,0.0,7.52
2023-01-11 07:00:00+05:30,0.0,7.1
2023-01-11 08:00:00+05:30,41.84,6.65
2023-01-11 09:00:00+05:30,180.49,8.8
2023-01-11 10:00:00+05:30,315.05,12.46
2023-01-11 11:00:00+05:30,417.31,15.36
2023-01-11 12:00:00+05:30,463.99,17.94
2023-01-11 13:00:00+05:30,458.11,18.7
2023-01-11 14:00:00+05:30,398.91,20.19
2023-01-11 15:00:00+05:30,292.33,21.14
2023-01-11 16:00:00+05:30,156.5,21.49
2023-01-11 17:00:00+05:30,35.47,21.16
2023-01-11 18:00:00+05:30,0.0,19.29
2023-01-11 19:00:00+05:30,0.0,17.05
2023-01-11 20:00:00+05:30,0.0,15.96
2023-01-11 21:00:00+05:30,0.0,15.29
2023-01-11 22:00:00+05:30,0.0,14.85
2023-01-11 23:00:00+05:30,0.0,14.37
2023-01-12 00:00:00+05:30,0.0,13.93
2023-01-12 01:00:00+05:30,0.0,13.26
2023-01-12 02:00:00+05:30,0.0,12.86
2023-01-12 03:00:00+05:30,0.0,12.66
2023-01-12 04:00:00+05:30,0.0,12.51
2023-01-12 05:00:00+05:30,0.0,12.33
2023-01-12 06:00:00+05:30,0.0,12.34
2023-01-12 07:00:00+05:30,0.0,12.38
2023-01-12 08:00:00+05:30,36.75,12.43
2023-01-12 09:00:00+05:30,124.73,13.11
2023-01-12 10:00:00+05:30,266.29,14.51
2023-01-12 11:00:00+05:30,345.43,16.33
2023-01-12 12:00:00+05:30,401.6,17.78
2023-01-12 13:00:00+05:30,406.5,18.8
2023-01-12 14:00:00+05:30,372.32,19.75
2023-01-12 15:00:00+05:30,277.29,20.52
2023-01-12 16:00:00+05:30,152.38,20.77
2023-01-12 17:00:00+05:30,26.95,20.61
2023-01-12 18:00:00+05:30,0.0,19.57
2023-01-12 19:00:00+05:30,0.0,17.85
2023-01-12 20:00:00+05:30,0.0,16.65
2023-01-12 21:00:00+05:30,0.0,16.11
2023-01-12 22:00:00+05:30,0.0,15.32
2023-01-12 23:00:00+05:30,0.0,14.78
2023-01-13 00:00:00+05:30,0.0,14.26
2023-01-13 01:00:00+05:30,0.0,13.7
2023-01-13 02:00:00+05:30,0.0,13.3
2023-01-13 03:00:00+05:30,0.0,13.16
2023-01-13 04:00:00+05:30,0.0,13.01
2023-01-13 05:00:00+05:30,0.0,12.79
2023-01-13 06:00:00+05:30,0.0,12.56
2023-01-13 07:00:00+05:30,0.0,12.41
2023-01-13 08:00:00+05:30,33.89,12.8
2023-01-13 09:00:00+05:30,127.57,13.75
2023-01-13 10:00:00+05:30,231.45,15.34
2023-01-13 11:00:00+05:30,349.94,16.82
2023-01-13 12:00:00+05:30,398.76,18.42
2023-01-13 13:00:00+05:30,425.72,19.88
2023-01-13 14:00:00+05:30,365.59,20.77
2023-01-13 15:00:00+05:30,267.34,21.38
2023-01-13 16:00:00+05:30,132.98,21.45
2023-01-13 17:00:00+05:30,28.16,21.12
2023-01-13 18:00:00+05:30,0.0,20.02
2023-01-13 19:00:00+05:30,0.0,18.07
2023-01-13 20:00:00+05:30,0.0,16.73
2023-01-13 21:00:00+05:30,0.0,15.82
2023-01-13 22:00:00+05:30,0.0,14.93
2023-01-13 23:00:00+05:30,0.0,14.22
2023-01-14 00:00:00+05:30,0.0,13.46
2023-01-14 01:00:00+05:30,0.0,13.55
2023-01-14 02:00:00+05:30,0.0,13.36
2023-01-14 03:00:00+05:30,0.0,13.13
2023-01-14 04:00:00+05:30,0.0,12.64
2023-01-14 05:00:00+05:30,0.0,12.25
2023-01-14 06:00:00+05:30,0.0,11.72
2023-01-14 07:00:00+05:30,0.0,11.22
2023-01-14 08:00:00+05:30,44.88,10.85
2023-01-14 09:00:00+05:30,183.2,11.84
2023-01-14 10:00:00+05:30,319.54,13.81
2023-01-14 11:00:00+05:30,424.14,15.77
2023-01-14 12:00:00+05:30,469.52,17.4
2023-01-14 13:00:00+05:30,475.03,17.57
2023-01-14 14:00:00+05:30,416.68,18.47
2023-01-14 15:00:00+05:30,308.36,18.78
2023-01-14 16:00:00+05:30,170.21,18.61
2023-01-14 17:00:00+05:30,32.45,18.05
2023-01-14 18:00:00+05:30,0.0,16.23
2023-01-14 19:00:00+05:30,0.0,14.15
2023-01-14 20:00:00+05:30,0.0,12.78
2023-01-14 21:00:00+05:30,0.0,11.7
2023-01-14 22:00:00+05:30,0.0,10.78
2023-01-14 23:00:00+05:30,0.0,9.95
2023-01-15 00:00:00+05:30,0.0,9.25
2023-01-15 01:00:00+05:30,0.0,8.7
2023-01-15 02:00:00+05:30,0.0,8.09
2023-01-15 03:00:00+05:30,0.0,7.68
2023-01-15 04:00:00+05:30,0.0,7.25
2023-01-15 05:00:00+05:30,0.0,6.87
2023-01-15 06:00:00+05:30,0.0,6.54
2023-01-15 07:00:00+05:30,0.0,6.19
2023-01-15 08:00:00+05:30,45.64,5.93
2023-01-15 09:00:00+05:30,193.02,7.87
2023-01-15 10:00:00+05:30,336.06,10.82
2023-01-15 11:00:00+05:30,441.51,13.08
2023-01-15 12:00:00+05:30,495.27,14.63
2023-01-15 13:00:00+05:30,491.41,15.36
2023-01-15 14:00:00+05:30,430.28,16.15
2023-01-15 15:00:00+05:30,320.71,16.58
2023-01-15 16:00:00+05:30,177.37,16.65
2023-01-15 17:00:00+05:30,33.39,16.27
2023-01-15 18:00:00+05:30,0.0,14.88
2023-01-15 19:00:00+05:30,0.0,13.32
2023-01-15 20:00:00+05:30,0.0,11.9
2023-01-15 21:00:00+05:30,0.0,10.62
2023-01-15 22:00:00+05:30,0.0,9.28
2023-01-15 23:00:00+05:30,0.0,8.1
2023-01-16 00:00:00+05:30,0.0,7.06
2023-01-16 01:00:00+05:30,0.0,6.05
2023-01-16 02:00:00+05:30,0.0,5.18
2023-01-16 03:00:00+05:30,0.0,4.47
2023-01-16 04:00:00+05:30,0.0,3.83
2023-01-16 05:00:00+05:30,0.0,3.33
2023-01-16 06:00:00+05:30,0.0,2.97
2023-01-16 07:00:00+05:30,0.0,2.67
2023-01-16 08:00:00+05:30,45.8,2.46
2023-01-16 09:00:00+05:30,193.93,5.26
2023-01-16 10:00:00+05:30,335.96,10.09
2023-01-16 11:00:00+05:30,440.83,13.2
2023-01-16 12:00:00+05:30,493.23,15.15
2023-01-16 13:00:00+05:30,490.42,15.87
2023-01-16 14:00:00+05:30,431.16,16.55
2023-01-16 15:00:00+05:30,322.43,16.91
2023-01-16 16:00:00+05:30,179.62,16.96
2023-01-16 17:00:00+05:30,35.6,16.56
2023-01-16 18:00:00+05:30,0.0,15.28
2023-01-16 19:00:00+05:30,0.0,13.59
2023-01-16 20:00:00+05:30,0.0,11.82
2023-01-16 21:00:00+05:30,0.0,9.98
2023-01-16 22:00:00+05:30,0.0,8.61
2023-01-16 23:00:00+05:30,0.0,7.6
2023-01-17 00:00:00+05:30,0.0,6.83
2023-01-17 01:00:00+05:30,0.0,6.14
2023-01-17 02:00:00+05:30,0.0,5.5
2023-01-17 03:00:00+05:30,0.0,4.99
2023-01-17 04:00:00+05:30,0.0,4.61
2023-01-17 05:00:00+05:30,0.0,4.23
2023-01-17 06:00:00+05:30,0.0,3.82
2023-01-17 07:00:00+05:30,0.0,3.42
2023-01-17 08:00:00+05:30,47.15,3.06
2023-01-17 09:00:00+05:30,195.57,5.51
2023-01-17 10:00:00+05:30,338.21,10.04
2023-01-17 11:00:00+05:30,443.94,12.93
2023-01-17 12:00:00+05:30,498.24,14.88
2023-01-17 13:00:00+05:30,495.42,15.81
2023-01-17 14:00:00+05:30,435.98,16.63
2023-01-17 15:00:00+05:30,326.74,17.13
2023-01-17 16:00:00+05:30,183.26,17.25
2023-01-17 17:00:00+05:30,37.94,16.88
2023-01-17 18:00:00+05:30,0.0,15.74
2023-01-17 19:00:00+05:30,0.0,13.98
2023-01-17 20:00:00+05:30,0.0,11.75
2023-01-17 21:00:00+05:30,0.0,11.34
2023-01-17 22:00:00+05:30,0.0,10.16
2023-01-17 23:00:00+05:30,0.0,8.07
2023-01-18 00:00:00+05:30,0.0,6.38
2023-01-18 01:00:00+05:30,0.0,5.82
2023-01-18 02:00:00+05:30,0.0,5.13
2023-01-18 03:00:00+05:30,0.0,4.61
2023-01-18 04:00:00+05:30,0.0,4.13
2023-01-18 05:00:00+05:30,0.0,3.81
2023-01-18 06:00:00+05:30,0.0,3.38
2023-01-18 07:00:00+05:30,0.0,3.01
2023-01-18 08:00:00+05:30,47.76,2.69
2023-01-18 09:00:00+05:30,195.14,5.99
2023-01-18 10:00:00+05:30,336.76,10.75
2023-01-18 11:00:00+05:30,441.75,13.89
2023-01-18 12:00:00+05:30,495.79,15.81
2023-01-18 13:00:00+05:30,493.16,16.62
2023-01-18 14:00:00+05:30,434.35,17.4
2023-01-18 15:00:00+05:30,326.38,17.86
2023-01-18 16:00:00+05:30,184.31,17.89
2023-01-18 17:00:00+05:30,40.29,17.47
2023-01-18 18:00:00+05:30,0.0,16.38
2023-01-18 19:00:00+05:30,0.0,14.48
2023-01-18 20:00:00+05:30,0.0,13.49
2023-01-18 21:00:00+05:30,0.0,12.77
2023-01-18 22:00:00+05:30,0.0,11.97
2023-01-18 23:00:00+05:30,0.0,11.15
2023-01-19 00:00:00+05:30,0.0,10.22
2023-01-19 01:00:00+05:30,0.0,6.95
2023-01-19 02:00:00+05:30,0.0,5.84
2023-01-19 03:00:00+05:30,0.0,5.46
2023-01-19 04:00:00+05:30,0.0,5.24
2023-01-19 05:00:00+05:30,0.0,5.07
2023-01-19 06:00:00+05:30,0.0,4.81
2023-01-19 07:00:00+05:30,0.0,4.8
2023-01-19 08:00:00+05:30,47.95,5.55
2023-01-19 09:00:00+05:30,194.66,7.38
2023-01-19 10:00:00+05:30,334.93,11.81
2023-01-19 11:00:00+05:30,439.24,14.89
2023-01-19 12:00:00+05:30,492.24,16.71
2023-01-19 13:00:00+05:30,489.48,17.88
2023-01-19 14:00:00+05:30,431.06,18.68
2023-01-19 15:00:00+05:30,323.44,19.15
2023-01-19 16:00:00+05:30,183.83,19.24
2023-01-19 17:00:00+05:30,43.85,18.91
2023-01-19 18:00:00+05:30,0.0,17.8
2023-01-19 19:00:00+05:30,0.0,15.99
2023-01-19 20:00:00+05:30,0.0,14.15
2023-01-19 21:00:00+05:30,0.0,12.71
2023-01-19 22:00:00+05:30,0.0,11.19
2023-01-19 23:00:00+05:30,0.0,10.22
2023-01-20 00:00:00+05:30,0.0,9.38
2023-01-20 01:00:00+05:30,0.0,9.27
2023-01-20 02:00:00+05:30,0.0,8.52
2023-01-20 03:00:00+05:30,0.0,7.36
2023-01-20 04:00:00+05:30,0.0,6.88
2023-01-20 05:00:00+05:30,0.0,6.44
2023-01-20 06:00:00+05:30,0.0,6.36
2023-01-20 07:00:00+05:30,0.0,6.38
2023-01-20 08:00:00+05:30,50.03,8.32
2023-01-20 09:00:00+05:30,193.85,9.63
2023-01-20 10:00:00+05:30,333.04,13.51
2023-01-20 11:00:00+05:30,435.69,16.38
2023-01-20 12:00:00+05:30,489.73,18.09
2023-01-20 13:00:00+05:30,488.47,19.22
2023-01-20 14:00:00+05:30,431.49,19.95
2023-01-20 15:00:00+05:30,309.65,20.41
2023-01-20 16:00:00+05:30,170.85,20.47
2023-01-20 17:00:00+05:30,41.72,20.16
2023-01-20 18:00:00+05:30,0.0,19.09
2023-01-20 19:00:00+05:30,0.0,17.43
2023-01-20 20:00:00+05:30,0.0,15.77
2023-01-20 21:00:00+05:30,0.0,13.94
2023-01-20 22:00:00+05:30,0.0,12.9
2023-01-20 23:00:00+05:30,0.0,12.36
2023-01-21 00:00:00+05:30,0.0,11.81
2023-01-21 01:00:00+05:30,0.0,12.52
2023-01-21 02:00:00+05:30,0.0,9.54
2023-01-21 03:00:00+05:30,0.0,8.81
2023-01-21 04:00:00+05:30,0.0,8.41
2023-01-21 05:00:00+05:30,0.0,8.08
2023-01-21 06:00:00+05:30,0.0,7.79
2023-01-21 07:00:00+05:30,0.0,7.51
2023-01-21 08:00:00+05:30,51.17,7.21
2023-01-21 09:00:00+05:30,193.81,9.63
2023-01-21 10:00:00+05:30,332.84,13.7
2023-01-21 11:00:00+05:30,437.04,16.88
2023-01-21 12:00:00+05:30,493.17,19.02
2023-01-21 13:00:00+05:30,491.87,20.07
2023-01-21 14:00:00+05:30,435.04,20.86
2023-01-21 15:00:00+05:30,329.41,21.4
2023-01-21 16:00:00+05:30,189.99,21.61
2023-01-21 17:00:00+05:30,47.9,21.25
2023-01-21 18:00:00+05:30,0.0,20.01
2023-01-21 19:00:00+05:30,0.0,17.97
2023-01-21 20:00:00+05:30,0.0,16.13
2023-01-21 21:00:00+05:30,0.0,14.71
2023-01-21 22:00:00+05:30,0.0,13.64
2023-01-21 23:00:00+05:30,0.0,12.66
2023-01-22 00:00:00+05:30,0.0,11.98
2023-01-22 01:00:00+05:30,0.0,11.17
2023-01-22 02:00:00+05:30,0.0,10.61
2023-01-22 03:00:00+05:30,0.0,10.21
2023-01-22 04:00:00+05:30,0.0,10.24
2023-01-22 05:00:00+05:30,0.0,10.35
2023-01-22 06:00:00+05:30,0.0,10.22
2023-01-22 07:00:00+05:30,0.0,9.91
2023-01-22 08:00:00+05:30,52.73,9.62
2023-01-22 09:00:00+05:30,195.49,11.48
2023-01-22 10:00:00+05:30,337.37,15.73
2023-01-22 11:00:00+05:30,412.84,18.7
2023-01-22 12:00:00+05:30,460.07,20.53
2023-01-22 13:00:00+05:30,410.65,21.52
2023-01-22 14:00:00+05:30,373.01,22.28
2023-01-22 15:00:00+05:30,245.05,22.67
2023-01-22 16:00:00+05:30,143.13,22.34
2023-01-22 17:00:00+05:30,44.66,21.56
2023-01-22 18:00:00+05:30,0.0,20.27
2023-01-22 19:00:00+05:30,0.0,18.69
2023-01-22 20:00:00+05:30,0.0,17.11
2023-01-22 21:00:00+05:30,0.0,16.02
2023-01-22 22:00:00+05:30,0.0,15.4
2023-01-22 23:00:00+05:30,0.0,14.67
2023-01-23 00:00:00+05:30,0.0,14.24
2023-01-23 01:00:00+05:30,0.0,13.52
2023-01-23 02:00:00+05:30,0.0,12.51
2023-01-23 03:00:00+05:30,0.0,11.7
2023-01-23 04:00:00+05:30,0.0,11.05
2023-01-23 05:00:00+05:30,0.0,10.3
2023-01-23 06:00:00+05:30,0.0,9.65
2023-01-23 07:00:00+05:30,0.0,9.21
2023-01-23 08:00:00+05:30,53.55,8.94
2023-01-23 09:00:00+05:30,193.94,11.6
2023-01-23 10:00:00+05:30,329.33,15.82
2023-01-23 11:00:00+05:30,429.76,18.73
2023-01-23 12:00:00+05:30,415.55,20.74
2023-01-23 13:00:00+05:30,395.93,21.6
2023-01-23 14:00:00+05:30,304.14,22.22
2023-01-23 15:00:00+05:30,232.77,22.45
2023-01-23 16:00:00+05:30,150.95,22.37
2023-01-23 17:00:00+05:30,49.95,22.0
2023-01-23 18:00:00+05:30,0.0,20.87
2023-01-23 19:00:00+05:30,0.0,19.27
2023-01-23 20:00:00+05:30,0.0,18.09
2023-01-23 21:00:00+05:30,0.0,17.24
2023-01-23 22:00:00+05:30,0.0,16.54
2023-01-23 23:00:00+05:30,0.0,16.15
2023-01-24 00:00:00+05:30,0.0,15.76
2023-01-24 01:00:00+05:30,0.0,15.74
2023-01-24 02:00:00+05:30,0.0,15.64
2023-01-24 03:00:00+05:30,0.0,15.73
2023-01-24 04:00:00+05:30,0.0,15.68
2023-01-24 05:00:00+05:30,0.0,15.53
2023-01-24 06:00:00+05:30,0.0,15.6
2023-01-24 07:00:00+05:30,0.0,15.59
2023-01-24 08:00:00+05:30,47.13,15.55
2023-01-24 09:00:00+05:30,153.16,16.14
2023-01-24 10:00:00+05:30,204.23,17.54
2023-01-24 11:00:00+05:30,310.51,18.3
2023-01-24 12:00:00+05:30,358.55,19.13
2023-01-24 13:00:00+05:30,346.14,19.92
2023-01-24 14:00:00+05:30,335.2,20.68
2023-01-24 15:00:00+05:30,206.58,21.15
2023-01-24 16:00:00+05:30,121.98,20.95
2023-01-24 17:00:00+05:30,42.39,20.3
2023-01-24 18:00:00+05:30,0.0,19.51
2023-01-24 19:00:00+05:30,0.0,18.19
2023-01-24 20:00:00+05:30,0.0,17.35
2023-01-24 21:00:00+05:30,0.0,16.78
2023-01-24 22:00:00+05:30,0.0,16.43
2023-01-24 23:00:00+05:30,0.0,16.32
2023-01-25 00:00:00+05:30,0.0,15.78
2023-01-25 01:00:00+05:30,0.0,15.88
2023-01-25 02:00:00+05:30,0.0,15.34
2023-01-25 03:00:00+05:30,0.0,14.98
2023-01-25 04:00:00+05:30,0.0,14.62
2023-01-25 05:00:00+05:30,0.0,13.96
2023-01-25 06:00:00+05:30,0.0,13.76
2023-01-25 07:00:00+05:30,0.0,13.68
2023-01-25 08:00:00+05:30,40.4,13.97
2023-01-25 09:00:00+05:30,107.22,14.83
2023-01-25 10:00:00+05:30,218.09,15.92
2023-01-25 11:00:00+05:30,315.2,17.35
2023-01-25 12:00:00+05:30,265.49,18.78
2023-01-25 13:00:00+05:30,226.88,19.17
2023-01-25 14:00:00+05:30,225.23,19.85
2023-01-25 15:00:00+05:30,180.82,20.17
2023-01-25 16:00:00+05:30,145.07,20.28
2023-01-25 17:00:00+05:30,46.82,20.31
2023-01-25 18:00:00+05:30,0.0,19.64
2023-01-25 19:00:00+05:30,0.0,18.46
2023-01-25 20:00:00+05:30,0.0,17.63
2023-01-25 21:00:00+05:30,0.0,16.8
2023-01-25 22:00:00+05:30,0.0,16.07
2023-01-25 23:00:00+05:30,0.0,15.65
2023-01-26 00:00:00+05:30,0.0,15.22
2023-01-26 01:00:00+05:30,0.0,15.91
2023-01-26 02:00:00+05:30,0.0,15.88
2023-01-26 03:00:00+05:30,0.0,15.6
2023-01-26 04:00:00+05:30,0.0,15.38
2023-01-26 05:00:00+05:30,0.0,15.23
2023-01-26 06:00:00+05:30,0.0,15.21
2023-01-26 07:00:00+05:30,0.0,14.91
2023-01-26 08:00:00+05:30,42.04,14.78
2023-01-26 09:00:00+05:30,127.67,15.23
2023-01-26 10:00:00+05:30,262.26,15.96
2023-01-26 11:00:00+05:30,365.71,17.36
2023-01-26 12:00:00+05:30,391.01,18.77
2023-01-26 13:00:00+05:30,342.41,19.26
2023-01-26 14:00:00+05:30,346.32,19.86
2023-01-26 15:00:00+05:30,274.48,20.48
2023-01-26 16:00:00+05:30,193.69,20.53
2023-01-26 17:00:00+05:30,58.99,20.31
2023-01-26 18:00:00+05:30,0.0,19.04
2023-01-26 19:00:00+05:30,0.0,16.87
2023-01-26 20:00:00+05:30,0.0,15.38
2023-01-26 21:00:00+05:30,0.0,14.4
2023-01-26 22:00:00+05:30,0.0,13.63
2023-01-26 23:00:00+05:30,0.0,12.88
2023-01-27 00:00:00+05:30,0.0,12.11
2023-01-27 01:00:00+05:30,0.0,11.3
2023-01-27 02:00:00+05:30,0.0,10.54
2023-01-27 03:00:00+05:30,0.0,9.87
2023-01-27 04:00:00+05:30,0.0,9.34
2023-01-27 05:00:00+05:30,0.0,8.88
2023-01-27 06:00:00+05:30,0.0,8.48
2023-01-27 07:00:00+05:30,0.0,8.15
2023-01-27 08:00:00+05:30,62.6,7.93
2023-01-27 09:00:00+05:30,216.65,9.68
2023-01-27 10:00:00+05:30,364.83,12.71
2023-01-27 11:00:00+05:30,475.18,15.08
2023-01-27 12:00:00+05:30,533.2,16.9
2023-01-27 13:00:00+05:30,533.5,17.87
2023-01-27 14:00:00+05:30,475.81,18.87
2023-01-27 15:00:00+05:30,366.59,19.46
2023-01-27 16:00:00+05:30,220.04,19.65
2023-01-27 17:00:00+05:30,66.07,19.28
2023-01-27 18:00:00+05:30,0.0,17.9
2023-01-27 19:00:00+05:30,0.0,15.9
2023-01-27 20:00:00+05:30,0.0,14.05
2023-01-27 21:00:00+05:30,0.0,12.64
2023-01-27 22:00:00+05:30,0.0,11.44
2023-01-27 23:00:00+05:30,0.0,10.67
2023-01-28 00:00:00+05:30,0.0,10.14
2023-01-28 01:00:00+05:30,0.0,9.5
2023-01-28 02:00:00+05:30,0.0,9.0
2023-01-28 03:00:00+05:30,0.0,8.65
2023-01-28 04:00:00+05:30,0.0,8.31
2023-01-28 05:00:00+05:30,0.0,7.88
2023-01-28 06:00:00+05:30,0.0,7.33
2023-01-28 07:00:00+05:30,0.0,6.77
2023-01-28 08:00:00+05:30,64.9,6.26
2023-01-28 09:00:00+05:30,222.07,8.45
2023-01-28 10:00:00+05:30,371.67,12.03
2023-01-28 11:00:00+05:30,483.18,14.71
2023-01-28 12:00:00+05:30,539.85,16.94
2023-01-28 13:00:00+05:30,539.84,18.68
2023-01-28 14:00:00+05:30,481.52,20.0
2023-01-28 15:00:00+05:30,371.38,20.84
2023-01-28 16:00:00+05:30,223.96,21.14
2023-01-28 17:00:00+05:30,68.93,20.88
2023-01-28 18:00:00+05:30,0.0,19.91
2023-01-28 19:00:00+05:30,0.0,17.32
2023-01-28 20:00:00+05:30,0.0,16.47
2023-01-28 21:00:00+05:30,0.0,15.52
2023-01-28 22:00:00+05:30,0.0,14.56
2023-01-28 23:00:00+05:30,0.0,13.77
2023-01-29 00:00:00+05:30,0.0,13.22
2023-01-29 01:00:00+05:30,0.0,12.11
2023-01-29 02:00:00+05:30,0.0,11.97
2023-01-29 03:00:00+05:30,0.0,12.02
2023-01-29 04:00:00+05:30,0.0,9.81
2023-01-29 05:00:00+05:30,0.0,10.95
2023-01-29 06:00:00+05:30,0.0,10.26
2023-01-29 07:00:00+05:30,0.0,9.15
2023-01-29 08:00:00+05:30,63.92,9.3
2023-01-29 09:00:00+05:30,167.04,11.9
2023-01-29 10:00:00+05:30,247.34,14.22
2023-01-29 11:00:00+05:30,316.88,15.52
2023-01-29 12:00:00+05:30,410.6,16.55
2023-01-29 13:00:00+05:30,418.68,18.35
2023-01-29 14:00:00+05:30,391.66,19.19
2023-01-29 15:00:00+05:30,290.15,19.81
2023-01-29 16:00:00+05:30,176.31,19.96
2023-01-29 17:00:00+05:30,64.98,19.55
2023-01-29 18:00:00+05:30,0.0,18.43
2023-01-29 19:00:00+05:30,0.0,16.57
2023-01-29 20:00:00+05:30,0.0,15.42
2023-01-29 21:00:00+05:30,0.0,14.78
2023-01-29 22:00:00+05:30,0.0,14.17
2023-01-29 23:00:00+05:30,0.0,13.74
2023-01-30 00:00:00+05:30,0.0,13.54
2023-01-30 01:00:00+05:30,0.0,12.8
2023-01-30 02:00:00+05:30,0.0,12.85
2023-01-30 03:00:00+05:30,0.0,12.48
2023-01-30 04:00:00+05:30,0.0,11.98
2023-01-30 05:00:00+05:30,0.0,11.88
2023-01-30 06:00:00+05:30,0.0,11.77
2023-01-30 07:00:00+05:30,0.0,11.89
2023-01-30 08:00:00+05:30,51.2,12.24
2023-01-30 09:00:00+05:30,117.42,13.31
2023-01-30 10:00:00+05:30,205.73,14.56
2023-01-30 11:00:00+05:30,258.36,15.57
2023-01-30 12:00:00+05:30,351.18,16.09
2023-01-30 13:00:00+05:30,342.2,17.24
2023-01-30 14:00:00+05:30,348.58,17.53
2023-01-30 15:00:00+05:30,295.33,18.1
2023-01-30 16:00:00+05:30,196.22,18.52
2023-01-30 17:00:00+05:30,69.25,18.43
2023-01-30 18:00:00+05:30,0.0,17.72
2023-01-30 19:00:00+05:30,0.0,16.44
2023-01-30 20:00:00+05:30,0.0,15.23
2023-01-30 21:00:00+05:30,0.0,14.26
2023-01-30 22:00:00+05:30,0.0,13.51
2023-01-30 23:00:00+05:30,0.0,12.49
2023-01-31 00:00:00+05:30,0.0,12.94
2023-01-31 01:00:00+05:30,0.0,13.44
2023-01-31 02:00:00+05:30,0.0,13.22
2023-01-31 03:00:00+05:30,0.0,11.35
2023-01-31 04:00:00+05:30,0.0,10.58
2023-01-31 05:00:00+05:30,0.0,10.48
2023-01-31 06:00:00+05:30,0.0,10.77
2023-01-31 07:00:00+05:30,0.0,10.66
2023-01-31 08:00:00+05:30,68.08,10.57
2023-01-31 09:00:00+05:30,217.18,12.54
2023-01-31 10:00:00+05:30,360.72,15.38
2023-01-31 11:00:00+05:30,469.52,17.58
2023-01-31 12:00:00+05:30,507.83,19.3
2023-01-31 13:00:00+05:30,513.79,20.51
2023-01-31 14:00:00+05:30,436.02,21.28
2023-01-31 15:00:00+05:30,353.95,21.49
2023-01-31 16:00:00+05:30,223.79,21.46
2023-01-31 17:00:00+05:30,76.22,20.93
2023-01-31 18:00:00+05:30,0.0,19.42
2023-01-31 19:00:00+05:30,0.0,17.2
2023-01-31 20:00:00+05:30,0.0,15.95
2023-01-31 21:00:00+05:30,0.0,14.96
2023-01-31 22:00:00+05:30,0.0,14.03
2023-01-31 23:00:00+05:30,0.0,13.11
2023-02-01 00:00:00+05:30,0.0,12.2
2023-02-01 01:00:00+05:30,0.0,11.35
2023-02-01 02:00:00+05:30,0.0,10.81
2023-02-01 03:00:00+05:30,0.0,10.38
2023-02-01 04:00:00+05:30,0.0,10.05
2023-02-01 05:00:00+05:30,0.0,9.81
2023-02-01 06:00:00+05:30,0.0,9.6
2023-02-01 07:00:00+05:30,0.0,9.4
2023-02-01 08:00:00+05:30,72.58,9.36
2023-02-01 09:00:00+05:30,228.85,10.98
2023-02-01 10:00:00+05:30,378.69,13.63
2023-02-01 11:00:00+05:30,490.8,15.96
2023-02-01 12:00:00+05:30,549.68,17.96
2023-02-01 13:00:00+05:30,550.76,18.96
2023-02-01 14:00:00+05:30,493.46,20.07
2023-02-01 15:00:00+05:30,384.35,20.77
2023-02-01 16:00:00+05:30,237.14,21.0
2023-02-01 17:00:00+05:30,80.57,20.64
2023-02-01 18:00:00+05:30,0.0,19.16
2023-02-01 19:00:00+05:30,0.0,16.81
2023-02-01 20:00:00+05:30,0.0,15.2
2023-02-01 21:00:00+05:30,0.0,14.28
2023-02-01 22:00:00+05:30,0.0,13.57
2023-02-01 23:00:00+05:30,0.0,12.88
2023-02-02 00:00:00+05:30,0.0,12.28
2023-02-02 01:00:00+05:30,0.0,11.58
2023-02-02 02:00:00+05:30,0.0,11.12
2023-02-02 03:00:00+05:30,0.0,10.68
2023-02-02 04:00:00+05:30,0.0,10.22
2023-02-02 05:00:00+05:30,0.0,9.77
2023-02-02 06:00:00+05:30,0.0,9.4
2023-02-02 07:00:00+05:30,0.0,9.08
2023-02-02 08:00:00+05:30,75.39,8.95
2023-02-02 09:00:00+05:30,234.44,11.08
2023-02-02 10:00:00+05:30,384.54,14.3
2023-02-02 11:00:00+05:30,495.97,16.85
2023-02-02 12:00:00+05:30,553.98,18.99
2023-02-02 13:00:00+05:30,554.5,20.67
2023-02-02 14:00:00+05:30,496.67,21.89
2023-02-02 15:00:00+05:30,387.1,22.62
2023-02-02 16:00:00+05:30,239.79,22.9
2023-02-02 17:00:00+05:30,83.04,22.47
2023-02-02 18:00:00+05:30,0.0,21.21
2023-02-02 19:00:00+05:30,0.0,18.98
2023-02-02 20:00:00+05:30,0.0,16.88
2023-02-02 21:00:00+05:30,0.0,15.26
2023-02-02 22:00:00+05:30,0.0,14.05
2023-02-02 23:00:00+05:30,0.0,12.99
2023-02-03 00:00:00+05:30,0.0,12.04
2023-02-03 01:00:00+05:30,0.0,11.12
2023-02-03 02:00:00+05:30,0.0,10.44
2023-02-03 03:00:00+05:30,0.0,9.84
2023-02-03 04:00:00+05:30,0.0,9.37
2023-02-03 05:00:00+05:30,0.0,8.97
2023-02-03 06:00:00+05:30,0.0,8.62
2023-02-03 07:00:00+05:30,0.0,8.28
2023-02-03 08:00:00+05:30,76.41,8.08
2023-02-03 09:00:00+05:30,234.12,10.76
2023-02-03 10:00:00+05:30,383.56,14.73
2023-02-03 11:00:00+05:30,495.17,17.62
2023-02-03 12:00:00+05:30,554.44,19.84
2023-02-03 13:00:00+05:30,555.59,21.6
2023-02-03 14:00:00+05:30,498.64,22.69
2023-02-03 15:00:00+05:30,389.63,23.27
2023-02-03 16:00:00+05:30,242.7,23.37
2023-02-03 17:00:00+05:30,85.75,22.91
2023-02-03 18:00:00+05:30,0.0,21.85
2023-02-03 19:00:00+05:30,0.0,19.08
2023-02-03 20:00:00+05:30,0.0,16.53
2023-02-03 21:00:00+05:30,0.0,14.65
2023-02-03 22:00:00+05:30,0.0,13.05
2023-02-03 23:00:00+05:30,0.0,12.17
2023-02-04 00:00:00+05:30,0.0,11.4
2023-02-04 01:00:00+05:30,0.0,10.77
2023-02-04 02:00:00+05:30,0.0,10.53
2023-02-04 03:00:00+05:30,0.0,10.42
2023-02-04 04:00:00+05:30,0.0,10.31
2023-02-04 05:00:00+05:30,0.0,10.1
2023-02-04 06:00:00+05:30,0.0,9.8
2023-02-04 07:00:00+05:30,0.0,9.5
2023-02-04 08:00:00+05:30,78.18,9.29
2023-02-04 09:00:00+05:30,234.81,11.79
2023-02-04 10:00:00+05:30,382.7,15.73
2023-02-04 11:00:00+05:30,493.0,18.64
2023-02-04 12:00:00+05:30,551.7,20.9
2023-02-04 13:00:00+05:30,552.82,22.33
2023-02-04 14:00:00+05:30,496.25,23.27
2023-02-04 15:00:00+05:30,388.31,23.78
2023-02-04 16:00:00+05:30,242.84,23.89
2023-02-04 17:00:00+05:30,87.51,23.4
2023-02-04 18:00:00+05:30,0.0,22.02
2023-02-04 19:00:00+05:30,0.0,20.06
2023-02-04 20:00:00+05:30,0.0,18.13
2023-02-04 21:00:00+05:30,0.0,16.56
2023-02-04 22:00:00+05:30,0.0,15.21
2023-02-04 23:00:00+05:30,0.0,14.0
2023-02-05 00:00:00+05:30,0.0,13.04
2023-02-05 01:00:00+05:30,0.0,12.54
2023-02-05 02:00:00+05:30,0.0,11.95
2023-02-05 03:00:00+05:30,0.0,11.47
2023-02-05 04:00:00+05:30,0.0,11.09
2023-02-05 05:00:00+05:30,0.0,10.77
2023-02-05 06:00:00+05:30,0.0,10.42
2023-02-05 07:00:00+05:30,0.0,10.03
2023-02-05 08:00:00+05:30,80.46,9.74
2023-02-05 09:00:00+05:30,237.73,12.51
2023-02-05 10:00:00+05:30,386.65,16.48
2023-02-05 11:00:00+05:30,498.05,19.33
2023-02-05 12:00:00+05:30,558.46,21.49
2023-02-05 13:00:00+05:30,559.8,23.01
2023-02-05 14:00:00+05:30,502.95,24.01
2023-02-05 15:00:00+05:30,394.24,24.6
2023-02-05 16:00:00+05:30,247.65,24.81
2023-02-05 17:00:00+05:30,90.89,24.53
2023-02-05 18:00:00+05:30,0.0,23.52
2023-02-05 19:00:00+05:30,0.0,20.58
2023-02-05 20:00:00+05:30,0.0,17.75
2023-02-05 21:00:00+05:30,0.0,15.93
2023-02-05 22:00:00+05:30,0.0,14.74
2023-02-05 23:00:00+05:30,0.0,14.67
2023-02-06 00:00:00+05:30,0.0,13.96
2023-02-06 01:00:00+05:30,0.0,13.37
2023-02-06 02:00:00+05:30,0.0,14.14
2023-02-06 03:00:00+05:30,0.0,14.19
2023-02-06 04:00:00+05:30,0.0,13.84
2023-02-06 05:00:00+05:30,0.0,13.2
2023-02-06 06:00:00+05:30,0.0,11.27
2023-02-06 07:00:00+05:30,0.0,10.34
2023-02-06 08:00:00+05:30,81.31,10.52
2023-02-06 09:00:00+05:30,235.46,13.98
2023-02-06 10:00:00+05:30,381.78,18.1
2023-02-06 11:00:00+05:30,492.03,20.89
2023-02-06 12:00:00+05:30,551.92,23.06
2023-02-06 13:00:00+05:30,554.09,24.81
2023-02-06 14:00:00+05:30,499.58,25.92
2023-02-06 15:00:00+05:30,390.78,26.56
2023-02-06 16:00:00+05:30,239.7,26.75
2023-02-06 17:00:00+05:30,89.25,26.27
2023-02-06 18:00:00+05:30,0.0,25.23
2023-02-06 19:00:00+05:30,0.0,22.63
2023-02-06 20:00:00+05:30,0.0,19.86
2023-02-06 21:00:00+05:30,0.0,17.98
2023-02-06 22:00:00+05:30,0.0,16.68
2023-02-06 23:00:00+05:30,0.0,15.78
2023-02-07 00:00:00+05:30,0.0,14.99
2023-02-07 01:00:00+05:30,0.0,14.79
2023-02-07 02:00:00+05:30,0.0,14.69
2023-02-07 03:00:00+05:30,0.0,14.73
2023-02-07 04:00:00+05:30,0.0,14.67
2023-02-07 05:00:00+05:30,0.0,14.43
2023-02-07 06:00:00+05:30,0.0,14.1
2023-02-07 07:00:00+05:30,0.0,13.7
2023-02-07 08:00:00+05:30,85.74,13.43
2023-02-07 09:00:00+05:30,245.07,15.17
2023-02-07 10:00:00+05:30,395.22,17.71
2023-02-07 11:00:00+05:30,506.94,20.04
2023-02-07 12:00:00+05:30,562.91,22.04
2023-02-07 13:00:00+05:30,564.08,23.42
2023-02-07 14:00:00+05:30,508.41,24.39
2023-02-07 15:00:00+05:30,400.57,24.87
2023-02-07 16:00:00+05:30,254.2,24.94
2023-02-07 17:00:00+05:30,96.79,24.34
2023-02-07 18:00:00+05:30,9.26,22.66
2023-02-07 19:00:00+05:30,0.0,20.28
2023-02-07 20:00:00+05:30,0.0,18.57
2023-02-07 21:00:00+05:30,0.0,17.24
2023-02-07 22:00:00+05:30,0.0,16.05
2023-02-07 23:00:00+05:30,0.0,14.89
2023-02-08 00:00:00+05:30,0.0,13.8
2023-02-08 01:00:00+05:30,0.0,12.58
2023-02-08 02:00:00+05:30,0.0,11.67
2023-02-08 03:00:00+05:30,0.0,10.95
2023-02-08 04:00:00+05:30,0.0,10.57
2023-02-08 05:00:00+05:30,0.0,10.36
2023-02-08 06:00:00+05:30,0.0,10.07
2023-02-08 07:00:00+05:30,0.0,9.72
2023-02-08 08:00:00+05:30,88.94,9.49
2023-02-08 09:00:00+05:30,250.05,12.29
2023-02-08 10:00:00+05:30,400.95,16.05
2023-02-08 11:00:00+05:30,513.31,18.91
2023-02-08 12:00:00+05:30,573.54,21.04
2023-02-08 13:00:00+05:30,574.48,22.17
2023-02-08 14:00:00+05:30,517.39,23.0
2023-02-08 15:00:00+05:30,408.09,23.51
2023-02-08 16:00:00+05:30,260.14,23.72
2023-02-08 17:00:00+05:30,100.27,23.35
2023-02-08 18:00:00+05:30,9.5,22.34
2023-02-08 19:00:00+05:30,0.0,20.2
2023-02-08 20:00:00+05:30,0.0,19.69
2023-02-08 21:00:00+05:30,0.0,18.89
2023-02-08 22:00:00+05:30,0.0,17.84
2023-02-08 23:00:00+05:30,0.0,16.07
2023-02-09 00:00:00+05:30,0.0,13.15
2023-02-09 01:00:00+05:30,0.0,11.3
2023-02-09 02:00:00+05:30,0.0,10.58
2023-02-09 03:00:00+05:30,0.0,9.99
2023-02-09 04:00:00+05:30,0.0,9.61
2023-02-09 05:00:00+05:30,0.0,9.28
2023-02-09 06:00:00+05:30,0.0,8.79
2023-02-09 07:00:00+05:30,0.0,8.26
2023-02-09 08:00:00+05:30,91.29,8.03
2023-02-09 09:00:00+05:30,252.12,11.89
2023-02-09 10:00:00+05:30,402.19,16.99
2023-02-09 11:00:00+05:30,513.91,20.43
2023-02-09 12:00:00+05:30,573.51,22.9
2023-02-09 13:00:00+05:30,573.8,24.76
2023-02-09 14:00:00+05:30,516.1,25.81
2023-02-09 15:00:00+05:30,407.35,26.43
2023-02-09 16:00:00+05:30,260.77,26.59
2023-02-09 17:00:00+05:30,102.29,26.02
2023-02-09 18:00:00+05:30,9.89,24.51
2023-02-09 19:00:00+05:30,0.0,21.68
2023-02-09 20:00:00+05:30,0.0,19.64
2023-02-09 21:00:00+05:30,0.0,18.3
2023-02-09 22:00:00+05:30,0.0,17.18
2023-02-09 23:00:00+05:30,0.0,16.45
2023-02-10 00:00:00+05:30,0.0,16.03
2023-02-10 01:00:00+05:30,0.0,15.75
2023-02-10 02:00:00+05:30,0.0,15.2
2023-02-10 03:00:00+05:30,0.0,14.53
2023-02-10 04:00:00+05:30,0.0,13.79
2023-02-10 05:00:00+05:30,0.0,13.08
2023-02-10 06:00:00+05:30,0.0,12.42
2023-02-10 07:00:00+05:30,0.0,11.82
2023-02-10 08:00:00+05:30,92.5,11.46
2023-02-10 09:00:00+05:30,252.19,14.41
2023-02-10 10:00:00+05:30,402.63,18.11
2023-02-10 11:00:00+05:30,515.84,21.02
2023-02-10 12:00:00+05:30,575.24,23.29
2023-02-10 13:00:00+05:30,578.07,25.22
2023-02-10 14:00:00+05:30,522.29,26.29
2023-02-10 15:00:00+05:30,413.82,26.89
2023-02-10 16:00:00+05:30,266.38,27.06
2023-02-10 17:00:00+05:30,106.11,26.71
2023-02-10 18:00:00+05:30,10.47,25.66
2023-02-10 19:00:00+05:30,0.0,23.48
2023-02-10 20:00:00+05:30,0.0,21.17
2023-02-10 21:00:00+05:30,0.0,19.3
2023-02-10 22:00:00+05:30,0.0,18.03
2023-02-10 23:00:00+05:30,0.0,17.17
2023-02-11 00:00:00+05:30,0.0,16.3
2023-02-11 01:00:00+05:30,0.0,15.35
2023-02-11 02:00:00+05:30,0.0,14.48
2023-02-11 03:00:00+05:30,0.0,13.85
2023-02-11 04:00:00+05:30,0.0,13.42
2023-02-11 05:00:00+05:30,0.0,12.94
2023-02-11 06:00:00+05:30,0.0,12.69
2023-02-11 07:00:00+05:30,0.0,12.5
2023-02-11 08:00:00+05:30,95.43,12.43
2023-02-11 09:00:00+05:30,256.08,15.53
2023-02-11 10:00:00+05:30,407.29,19.18
2023-02-11 11:00:00+05:30,520.48,21.64
2023-02-11 12:00:00+05:30,581.04,23.71
2023-02-11 13:00:00+05:30,583.99,25.48
2023-02-11 14:00:00+05:30,528.84,26.68
2023-02-11 15:00:00+05:30,420.64,27.19
2023-02-11 16:00:00+05:30,272.15,27.2
2023-02-11 17:00:00+05:30,110.51,26.5
2023-02-11 18:00:00+05:30,11.06,24.78
2023-02-11 19:00:00+05:30,0.0,22.19
2023-02-11 20:00:00+05:30,0.0,19.97
2023-02-11 21:00:00+05:30,0.0,18.27
2023-02-11 22:00:00+05:30,0.0,16.91
2023-02-11 23:00:00+05:30,0.0,15.77
2023-02-12 00:00:00+05:30,0.0,14.92
2023-02-12 01:00:00+05:30,0.0,14.63
2023-02-12 02:00:00+05:30,0.0,14.25
2023-02-12 03:00:00+05:30,0.0,14.04
2023-02-12 04:00:00+05:30,0.0,13.7
2023-02-12 05:00:00+05:30,0.0,13.22
2023-02-12 06:00:00+05:30,0.0,12.62
2023-02-12 07:00:00+05:30,0.0,11.9
2023-02-12 08:00:00+05:30,102.36,11.28
2023-02-12 09:00:00+05:30,270.16,13.67
2023-02-12 10:00:00+05:30,425.62,17.16
2023-02-12 11:00:00+05:30,541.08,19.77
2023-02-12 12:00:00+05:30,602.85,21.75
2023-02-12 13:00:00+05:30,604.59,23.0
2023-02-12 14:00:00+05:30,545.92,23.71
2023-02-12 15:00:00+05:30,433.22,23.94
2023-02-12 16:00:00+05:30,280.67,23.83
2023-02-12 17:00:00+05:30,114.98,23.14
2023-02-12 18:00:00+05:30,11.59,21.31
2023-02-12 19:00:00+05:30,0.0,18.78
2023-02-12 20:00:00+05:30,0.0,17.16
2023-02-12 21:00:00+05:30,0.0,15.95
2023-02-12 22:00:00+05:30,0.0,14.83
2023-02-12 23:00:00+05:30,0.0,13.8
2023-02-13 00:00:00+05:30,0.0,13.06
2023-02-13 01:00:00+05:30,0.0,12.76
2023-02-13 02:00:00+05:30,0.0,12.23
2023-02-13 03:00:00+05:30,0.0,11.75
2023-02-13 04:00:00+05:30,0.0,11.4
2023-02-13 05:00:00+05:30,0.0,11.1
2023-02-13 06:00:00+05:30,0.0,10.71
2023-02-13 07:00:00+05:30,0.0,10.37
2023-02-13 08:00:00+05:30,107.82,10.23
2023-02-13 09:00:00+05:30,279.56,11.97
2023-02-13 10:00:00+05:30,437.03,14.6
2023-02-13 11:00:00+05:30,552.77,16.95
2023-02-13 12:00:00+05:30,612.13,19.01
2023-02-13 13:00:00+05:30,613.11,20.75
2023-02-13 14:00:00+05:30,553.99,22.04
2023-02-13 15:00:00+05:30,441.02,22.89
2023-02-13 16:00:00+05:30,287.4,23.29
2023-02-13 17:00:00+05:30,118.96,22.82
2023-02-13 18:00:00+05:30,11.94,21.2
2023-02-13 19:00:00+05:30,0.0,18.82
2023-02-13 20:00:00+05:30,0.0,17.43
2023-02-13 21:00:00+05:30,0.0,16.35
2023-02-13 22:00:00+05:30,0.0,15.6
2023-02-13 23:00:00+05:30,0.0,15.11
2023-02-14 00:00:00+05:30,0.0,14.63
2023-02-14 01:00:00+05:30,0.0,13.84
2023-02-14 02:00:00+05:30,0.0,13.3
2023-02-14 03:00:00+05:30,0.0,12.75
2023-02-14 04:00:00+05:30,0.0,12.2
2023-02-14 05:00:00+05:30,0.0,11.67
2023-02-14 06:00:00+05:30,0.0,11.09
2023-02-14 07:00:00+05:30,0.0,10.51
2023-02-14 08:00:00+05:30,107.22,10.21
2023-02-14 09:00:00+05:30,274.18,12.88
2023-02-14 10:00:00+05:30,427.68,16.47
2023-02-14 11:00:00+05:30,540.95,18.92
2023-02-14 12:00:00+05:30,601.09,20.91
2023-02-14 13:00:00+05:30,601.83,22.24
2023-02-14 14:00:00+05:30,543.75,23.39
2023-02-14 15:00:00+05:30,433.13,24.17
2023-02-14 16:00:00+05:30,283.19,24.56
2023-02-14 17:00:00+05:30,118.88,24.36
2023-02-14 18:00:00+05:30,12.23,23.45
2023-02-14 19:00:00+05:30,0.0,21.42
2023-02-14 20:00:00+05:30,0.0,18.67
2023-02-14 21:00:00+05:30,0.0,16.73
2023-02-14 22:00:00+05:30,0.0,15.52
2023-02-14 23:00:00+05:30,0.0,14.44
2023-02-15 00:00:00+05:30,0.0,13.61
2023-02-15 01:00:00+05:30,0.0,13.01
2023-02-15 02:00:00+05:30,0.0,12.41
2023-02-15 03:00:00+05:30,0.0,12.13
2023-02-15 04:00:00+05:30,0.0,12.04
2023-02-15 05:00:00+05:30,0.0,12.09
2023-02-15 06:00:00+05:30,0.0,12.16
2023-02-15 07:00:00+05:30,0.0,12.12
2023-02-15 08:00:00+05:30,110.43,12.22
2023-02-15 09:00:00+05:30,278.31,14.77
2023-02-15 10:00:00+05:30,432.7,18.34
2023-02-15 11:00:00+05:30,546.5,21.2
2023-02-15 12:00:00+05:30,605.22,23.64
2023-02-15 13:00:00+05:30,606.51,24.83
2023-02-15 14:00:00+05:30,548.68,26.29
2023-02-15 15:00:00+05:30,438.16,27.19
2023-02-15 16:00:00+05:30,287.77,27.59
2023-02-15 17:00:00+05:30,122.27,27.12
2023-02-15 18:00:00+05:30,12.67,25.66
2023-02-15 19:00:00+05:30,0.0,23.64
2023-02-15 20:00:00+05:30,0.0,21.54
2023-02-15 21:00:00+05:30,0.0,19.77
2023-02-15 22:00:00+05:30,0.0,18.27
2023-02-15 23:00:00+05:30,0.0,16.86
2023-02-16 00:00:00+05:30,0.0,15.61
2023-02-16 01:00:00+05:30,0.0,14.51
2023-02-16 02:00:00+05:30,0.0,13.46
2023-02-16 03:00:00+05:30,0.0,12.68
2023-02-16 04:00:00+05:30,0.0,12.1
2023-02-16 05:00:00+05:30,0.0,11.56
2023-02-16 06:00:00+05:30,0.0,11.09
2023-02-16 07:00:00+05:30,9.31,10.64
2023-02-16 08:00:00+05:30,112.79,10.47
2023-02-16 09:00:00+05:30,280.15,14.23
2023-02-16 10:00:00+05:30,433.91,18.01
2023-02-16 11:00:00+05:30,548.02,20.72
2023-02-16 12:00:00+05:30,607.43,22.82
2023-02-16 13:00:00+05:30,609.2,24.51
2023-02-16 14:00:00+05:30,551.47,25.59
2023-02-16 15:00:00+05:30,440.63,26.23
2023-02-16 16:00:00+05:30,289.95,26.44
2023-02-16 17:00:00+05:30,124.58,26.24
2023-02-16 18:00:00+05:30,13.2,25.23
2023-02-16 19:00:00+05:30,0.0,23.39
2023-02-16 20:00:00+05:30,0.0,20.65
2023-02-16 21:00:00+05:30,0.0,18.51
2023-02-16 22:00:00+05:30,0.0,17.04
2023-02-16 23:00:00+05:30,0.0,16.08
2023-02-17 00:00:00+05:30,0.0,15.31
2023-02-17 01:00:00+05:30,0.0,14.86
2023-02-17 02:00:00+05:30,0.0,14.4
2023-02-17 03:00:00+05:30,0.0,13.94
2023-02-17 04:00:00+05:30,0.0,13.67
2023-02-17 05:00:00+05:30,0.0,13.64
2023-02-17 06:00:00+05:30,0.0,13.38
2023-02-17 07:00:00+05:30,10.08,13.0
2023-02-17 08:00:00+05:30,115.43,12.71
2023-02-17 09:00:00+05:30,282.26,16.05
2023-02-17 10:00:00+05:30,436.11,19.96
2023-02-17 11:00:00+05:30,550.21,22.53
2023-02-17 12:00:00+05:30,612.37,24.19
2023-02-17 13:00:00+05:30,614.1,25.11
2023-02-17 14:00:00+05:30,556.31,25.91
2023-02-17 15:00:00+05:30,445.44,26.4
2023-02-17 16:00:00+05:30,294.36,26.6
2023-02-17 17:00:00+05:30,128.07,26.44
2023-02-17 18:00:00+05:30,13.79,25.59
2023-02-17 19:00:00+05:30,0.0,24.08
2023-02-17 20:00:00+05:30,0.0,22.16
2023-02-17 21:00:00+05:30,0.0,19.74
2023-02-17 22:00:00+05:30,0.0,18.08
2023-02-17 23:00:00+05:30,0.0,17.09
2023-02-18 00:00:00+05:30,0.0,16.27
2023-02-18 01:00:00+05:30,0.0,15.93
2023-02-18 02:00:00+05:30,0.0,15.66
2023-02-18 03:00:00+05:30,0.0,14.91
2023-02-18 04:00:00+05:30,0.0,13.98
2023-02-18 05:00:00+05:30,0.0,13.42
2023-02-18 06:00:00+05:30,0.0,13.22
2023-02-18 07:00:00+05:30,10.43,13.31
2023-02-18 08:00:00+05:30,119.2,13.22
2023-02-18 09:00:00+05:30,287.87,16.41
2023-02-18 10:00:00+05:30,442.61,20.68
2023-02-18 11:00:00+05:30,557.14,23.52
2023-02-18 12:00:00+05:30,618.39,25.29
2023-02-18 13:00:00+05:30,620.06,26.26
2023-02-18 14:00:00+05:30,562.2,27.05
2023-02-18 15:00:00+05:30,451.23,27.53
2023-02-18 16:00:00+05:30,299.71,27.7
2023-02-18 17:00:00+05:30,131.98,27.51
2023-02-18 18:00:00+05:30,14.32,26.58
2023-02-18 19:00:00+05:30,0.0,24.98
2023-02-18 20:00:00+05:30,0.0,21.94
2023-02-18 21:00:00+05:30,0.0,20.16
2023-02-18 22:00:00+05:30,0.0,18.86
2023-02-18 23:00:00+05:30,0.0,17.75
2023-02-19 00:00:00+05:30,0.0,16.68
2023-02-19 01:00:00+05:30,0.0,16.58
2023-02-19 02:00:00+05:30,0.0,16.28
2023-02-19 03:00:00+05:30,0.0,16.55
2023-02-19 04:00:00+05:30,0.0,16.18
2023-02-19 05:00:00+05:30,0.0,15.79
2023-02-19 06:00:00+05:30,0.0,15.38
2023-02-19 07:00:00+05:30,10.91,12.9
2023-02-19 08:00:00+05:30,123.42,12.46
2023-02-19 09:00:00+05:30,293.57,16.63
2023-02-19 10:00:00+05:30,449.06,20.75
2023-02-19 11:00:00+05:30,564.19,23.75
2023-02-19 12:00:00+05:30,625.12,25.91
2023-02-19 13:00:00+05:30,626.25,27.39
2023-02-19 14:00:00+05:30,567.61,28.33
2023-02-19 15:00:00+05:30,456.2,28.86
2023-02-19 16:00:00+05:30,303.84,29.07
2023-02-19 17:00:00+05:30,135.05,28.89
2023-02-19 18:00:00+05:30,15.15,27.81
2023-02-19 19:00:00+05:30,0.0,25.88
2023-02-19 20:00:00+05:30,0.0,23.42
2023-02-19 21:00:00+05:30,0.0,21.54
2023-02-19 22:00:00+05:30,0.0,20.19
2023-02-19 23:00:00+05:30,0.0,19.08
2023-02-20 00:00:00+05:30,0.0,18.21
2023-02-20 01:00:00+05:30,0.0,17.91
2023-02-20 02:00:00+05:30,0.0,16.97
2023-02-20 03:00:00+05:30,0.0,16.06
2023-02-20 04:00:00+05:30,0.0,16.12
2023-02-20 05:00:00+05:30,0.0,17.06
2023-02-20 06:00:00+05:30,0.0,16.78
2023-02-20 07:00:00+05:30,11.35,15.53
2023-02-20 08:00:00+05:30,126.65,13.85
2023-02-20 09:00:00+05:30,297.28,17.69
2023-02-20 10:00:00+05:30,452.79,22.05
2023-02-20 11:00:00+05:30,567.99,24.9
2023-02-20 12:00:00+05:30,628.14,27.18
2023-02-20 13:00:00+05:30,629.54,29.44
2023-02-20 14:00:00+05:30,571.66,30.68
2023-02-20 15:00:00+05:30,460.15,31.41
2023-02-20 16:00:00+05:30,308.08,31.66
2023-02-20 17:00:00+05:30,138.87,31.17
2023-02-20 18:00:00+05:30,14.96,29.6
2023-02-20 19:00:00+05:30,0.0,26.63
2023-02-20 20:00:00+05:30,0.0,23.98
2023-02-20 21:00:00+05:30,0.0,22.31
2023-02-20 22:00:00+05:30,0.0,21.05
2023-02-20 23:00:00+05:30,0.0,19.99
2023-02-21 00:00:00+05:30,0.0,19.37
2023-02-21 01:00:00+05:30,0.0,19.41
2023-02-21 02:00:00+05:30,0.0,19.04
2023-02-21 03:00:00+05:30,0.0,18.33
2023-02-21 04:00:00+05:30,0.0,17.58
2023-02-21 05:00:00+05:30,0.0,16.99
2023-02-21 06:00:00+05:30,0.0,16.46
2023-02-21 07:00:00+05:30,12.72,15.94
2023-02-21 08:00:00+05:30,131.65,15.78
2023-02-21 09:00:00+05:30,303.69,18.52
2023-02-21 10:00:00+05:30,459.22,22.07
2023-02-21 11:00:00+05:30,573.91,24.69
2023-02-21 12:00:00+05:30,633.51,26.67
2023-02-21 13:00:00+05:30,634.47,28.24
2023-02-21 14:00:00+05:30,575.94,29.36
2023-02-21 15:00:00+05:30,463.58,30.14
2023-02-21 16:00:00+05:30,310.38,30.53
2023-02-21 17:00:00+05:30,140.43,30.42
2023-02-21 18:00:00+05:30,15.3,28.75
2023-02-21 19:00:00+05:30,0.0,26.81
2023-02-21 20:00:00+05:30,0.0,24.39
2023-02-21 21:00:00+05:30,0.0,22.62
2023-02-21 22:00:00+05:30,0.0,21.83
2023-02-21 23:00:00+05:30,0.0,19.64
2023-02-22 00:00:00+05:30,0.0,18.55
2023-02-22 01:00:00+05:30,0.0,18.41
2023-02-22 02:00:00+05:30,0.0,18.06
2023-02-22 03:00:00+05:30,0.0,18.11
2023-02-22 04:00:00+05:30,0.0,17.58
2023-02-22 05:00:00+05:30,0.0,16.8
2023-02-22 06:00:00+05:30,0.0,15.91
2023-02-22 07:00:00+05:30,12.37,15.02
2023-02-22 08:00:00+05:30,130.31,14.7
2023-02-22 09:00:00+05:30,305.39,18.4
2023-02-22 10:00:00+05:30,450.67,22.18
2023-02-22 11:00:00+05:30,555.7,24.77
2023-02-22 12:00:00+05:30,632.38,26.73
2023-02-22 13:00:00+05:30,636.89,28.33
2023-02-22 14:00:00+05:30,567.44,29.16
2023-02-22 15:00:00+05:30,441.67,29.49
2023-02-22 16:00:00+05:30,291.21,29.47
2023-02-22 17:00:00+05:30,138.57,29.06
2023-02-22 18:00:00+05:30,16.22,27.89
2023-02-22 19:00:00+05:30,0.0,26.35
2023-02-22 20:00:00+05:30,0.0,23.95
2023-02-22 21:00:00+05:30,0.0,21.84
2023-02-22 22:00:00+05:30,0.0,20.44
2023-02-22 23:00:00+05:30,0.0,19.22
2023-02-23 00:00:00+05:30,0.0,18.54
2023-02-23 01:00:00+05:30,0.0,18.14
2023-02-23 02:00:00+05:30,0.0,17.66
2023-02-23 03:00:00+05:30,0.0,17.21
2023-02-23 04:00:00+05:30,0.0,16.8
2023-02-23 05:00:00+05:30,0.0,16.22
2023-02-23 06:00:00+05:30,0.0,15.58
2023-02-23 07:00:00+05:30,12.86,14.95
2023-02-23 08:00:00+05:30,137.8,14.76
2023-02-23 09:00:00+05:30,311.85,17.8
2023-02-23 10:00:00+05:30,469.54,21.28
2023-02-23 11:00:00+05:30,586.1,24.17
2023-02-23 12:00:00+05:30,646.33,26.39
2023-02-23 13:00:00+05:30,647.86,27.69
2023-02-23 14:00:00+05:30,589.18,28.7
2023-02-23 15:00:00+05:30,476.81,29.24
2023-02-23 16:00:00+05:30,322.21,29.37
2023-02-23 17:00:00+05:30,149.02,28.9
2023-02-23 18:00:00+05:30,16.52,27.68
2023-02-23 19:00:00+05:30,0.0,25.91
2023-02-23 20:00:00+05:30,0.0,24.18
2023-02-23 21:00:00+05:30,0.0,22.52
2023-02-23 22:00:00+05:30,0.0,19.9
2023-02-23 23:00:00+05:30,0.0,17.52
2023-02-24 00:00:00+05:30,0.0,16.13
2023-02-24 01:00:00+05:30,0.0,15.32
2023-02-24 02:00:00+05:30,0.0,14.75
2023-02-24 03:00:00+05:30,0.0,14.24
2023-02-24 04:00:00+05:30,0.0,13.79
2023-02-24 05:00:00+05:30,0.0,13.56
2023-02-24 06:00:00+05:30,0.0,13.16
2023-02-24 07:00:00+05:30,17.59,13.16
2023-02-24 08:00:00+05:30,132.1,13.4
2023-02-24 09:00:00+05:30,288.19,16.3
2023-02-24 10:00:00+05:30,435.7,20.06
2023-02-24 11:00:00+05:30,544.11,22.9
2023-02-24 12:00:00+05:30,615.76,25.13
2023-02-24 13:00:00+05:30,610.55,25.92
2023-02-24 14:00:00+05:30,537.63,26.94
2023-02-24 15:00:00+05:30,429.07,27.39
2023-02-24 16:00:00+05:30,294.42,27.56
2023-02-24 17:00:00+05:30,146.87,27.15
2023-02-24 18:00:00+05:30,22.17,26.28
2023-02-24 19:00:00+05:30,0.0,24.71
2023-02-24 20:00:00+05:30,0.0,22.24
2023-02-24 21:00:00+05:30,0.0,20.18
2023-02-24 22:00:00+05:30,0.0,18.7
2023-02-24 23:00:00+05:30,0.0,17.85
2023-02-25 00:00:00+05:30,0.0,17.19
2023-02-25 01:00:00+05:30,0.0,15.03
2023-02-25 02:00:00+05:30,0.0,14.22
2023-02-25 03:00:00+05:30,0.0,13.5
2023-02-25 04:00:00+05:30,0.0,13.03
2023-02-25 05:00:00+05:30,0.0,12.97
2023-02-25 06:00:00+05:30,0.0,12.85
2023-02-25 07:00:00+05:30,14.27,12.75
2023-02-25 08:00:00+05:30,147.65,14.03
2023-02-25 09:00:00+05:30,324.14,16.53
2023-02-25 10:00:00+05:30,482.15,20.83
2023-02-25 11:00:00+05:30,597.94,24.08
2023-02-25 12:00:00+05:30,656.58,26.39
2023-02-25 13:00:00+05:30,657.13,27.77
2023-02-25 14:00:00+05:30,597.8,28.72
2023-02-25 15:00:00+05:30,484.14,29.27
2023-02-25 16:00:00+05:30,329.65,29.4
2023-02-25 17:00:00+05:30,154.78,29.18
2023-02-25 18:00:00+05:30,17.34,28.1
2023-02-25 19:00:00+05:30,0.0,26.36
2023-02-25 20:00:00+05:30,0.0,23.8
2023-02-25 21:00:00+05:30,0.0,21.64
2023-02-25 22:00:00+05:30,0.0,20.29
2023-02-25 23:00:00+05:30,0.0,19.47
2023-02-26 00:00:00+05:30,0.0,18.73
2023-02-26 01:00:00+05:30,0.0,18.04
2023-02-26 02:00:00+05:30,0.0,18.09
2023-02-26 03:00:00+05:30,0.0,17.28
2023-02-26 04:00:00+05:30,0.0,15.23
2023-02-26 05:00:00+05:30,0.0,14.55
2023-02-26 06:00:00+05:30,0.0,14.4
2023-02-26 07:00:00+05:30,14.62,13.84
2023-02-26 08:00:00+05:30,148.7,14.1
2023-02-26 09:00:00+05:30,322.71,18.82
2023-02-26 10:00:00+05:30,479.03,23.01
2023-02-26 11:00:00+05:30,594.0,25.96
2023-02-26 12:00:00+05:30,652.39,27.9
2023-02-26 13:00:00+05:30,658.45,28.84
2023-02-26 14:00:00+05:30,599.81,29.62
2023-02-26 15:00:00+05:30,471.65,29.97
2023-02-26 16:00:00+05:30,281.98,29.98
2023-02-26 17:00:00+05:30,129.44,29.71
2023-02-26 18:00:00+05:30,13.54,28.32
2023-02-26 19:00:00+05:30,0.0,26.91
2023-02-26 20:00:00+05:30,0.0,24.49
2023-02-26 21:00:00+05:30,0.0,23.13
2023-02-26 22:00:00+05:30,0.0,22.12
2023-02-26 23:00:00+05:30,0.0,20.85
2023-02-27 00:00:00+05:30,0.0,19.63
2023-02-27 01:00:00+05:30,0.0,18.21
2023-02-27 02:00:00+05:30,0.0,17.4
2023-02-27 03:00:00+05:30,0.0,16.63
2023-02-27 04:00:00+05:30,0.0,16.51
2023-02-27 05:00:00+05:30,0.0,17.43
2023-02-27 06:00:00+05:30,0.0,17.25
2023-02-27 07:00:00+05:30,16.66,17.18
2023-02-27 08:00:00+05:30,144.72,16.93
2023-02-27 09:00:00+05:30,317.83,19.31
2023-02-27 10:00:00+05:30,473.63,23.2
2023-02-27 11:00:00+05:30,577.91,25.91
2023-02-27 12:00:00+05:30,654.12,27.75
2023-02-27 13:00:00+05:30,653.88,29.32
2023-02-27 14:00:00+05:30,545.71,30.09
2023-02-27 15:00:00+05:30,404.19,30.45
2023-02-27 16:00:00+05:30,262.82,30.46
2023-02-27 17:00:00+05:30,120.63,29.61
2023-02-27 18:00:00+05:30,13.93,27.74
2023-02-27 19:00:00+05:30,0.0,25.58
2023-02-27 20:00:00+05:30,0.0,23.61
2023-02-27 21:00:00+05:30,0.0,22.26
2023-02-27 22:00:00+05:30,0.0,21.19
2023-02-27 23:00:00+05:30,0.0,20.25
2023-02-28 00:00:00+05:30,0.0,19.35
2023-02-28 01:00:00+05:30,0.0,19.52
2023-02-28 02:00:00+05:30,0.0,20.09
2023-02-28 03:00:00+05:30,0.0,19.67
2023-02-28 04:00:00+05:30,0.0,17.86
2023-02-28 05:00:00+05:30,0.0,16.53
2023-02-28 06:00:00+05:30,0.0,15.54
2023-02-28 07:00:00+05:30,16.03,15.06
2023-02-28 08:00:00+05:30,158.67,15.66
2023-02-28 09:00:00+05:30,335.93,18.74
2023-02-28 10:00:00+05:30,493.36,22.54
2023-02-28 11:00:00+05:30,608.05,25.4
2023-02-28 12:00:00+05:30,667.04,27.37
2023-02-28 13:00:00+05:30,667.18,28.88
2023-02-28 14:00:00+05:30,612.57,29.71
2023-02-28 15:00:00+05:30,494.22,30.14
2023-02-28 16:00:00+05:30,305.16,30.26
2023-02-28 17:00:00+05:30,138.99,29.91
2023-02-28 18:00:00+05:30,13.89,28.21
2023-02-28 19:00:00+05:30,0.0,25.49
2023-02-28 20:00:00+05:30,0.0,24.06
2023-02-28 21:00:00+05:30,0.0,22.9
2023-02-28 22:00:00+05:30,0.0,21.76
2023-02-28 23:00:00+05:30,0.0,21.01
2023-03-01 00:00:00+05:30,0.0,20.22
2023-03-01 01:00:00+05:30,0.0,19.67
2023-03-01 02:00:00+05:30,0.0,18.85
2023-03-01 03:00:00+05:30,0.0,17.69
2023-03-01 04:00:00+05:30,0.0,18.56
2023-03-01 05:00:00+05:30,0.0,18.78
2023-03-01 06:00:00+05:30,0.0,17.77
2023-03-01 07:00:00+05:30,12.41,15.62
2023-03-01 08:00:00+05:30,161.65,15.84
2023-03-01 09:00:00+05:30,338.21,19.73
2023-03-01 10:00:00+05:30,497.15,23.16
2023-03-01 11:00:00+05:30,609.85,25.72
2023-03-01 12:00:00+05:30,666.65,27.65
2023-03-01 13:00:00+05:30,665.09,29.19
2023-03-01 14:00:00+05:30,607.52,29.84
2023-03-01 15:00:00+05:30,486.63,30.13
2023-03-01 16:00:00+05:30,335.75,30.05
2023-03-01 17:00:00+05:30,151.92,29.7
2023-03-01 18:00:00+05:30,18.51,28.45
2023-03-01 19:00:00+05:30,0.0,26.79
2023-03-01 20:00:00+05:30,0.0,24.76
2023-03-01 21:00:00+05:30,0.0,22.7
2023-03-01 22:00:00+05:30,0.0,22.32
2023-03-01 23:00:00+05:30,0.0,22.07
2023-03-02 00:00:00+05:30,0.0,21.35
2023-03-02 01:00:00+05:30,0.0,17.91
2023-03-02 02:00:00+05:30,0.0,17.42
2023-03-02 03:00:00+05:30,0.0,16.8
2023-03-02 04:00:00+05:30,0.0,16.12
2023-03-02 05:00:00+05:30,0.0,15.49
2023-03-02 06:00:00+05:30,0.0,14.93
2023-03-02 07:00:00+05:30,14.68,14.44
2023-03-02 08:00:00+05:30,165.2,14.85
2023-03-02 09:00:00+05:30,342.48,19.35
2023-03-02 10:00:00+05:30,499.94,23.2
2023-03-02 11:00:00+05:30,614.63,26.26
2023-03-02 12:00:00+05:30,669.92,28.18
2023-03-02 13:00:00+05:30,673.12,29.4
2023-03-02 14:00:00+05:30,615.78,30.14
2023-03-02 15:00:00+05:30,498.35,30.55
2023-03-02 16:00:00+05:30,338.71,30.65
2023-03-02 17:00:00+05:30,162.07,30.2
2023-03-02 18:00:00+05:30,18.24,29.01
2023-03-02 19:00:00+05:30,0.0,27.35
2023-03-02 20:00:00+05:30,0.0,25.35
2023-03-02 21:00:00+05:30,0.0,24.55
2023-03-02 22:00:00+05:30,0.0,23.92
2023-03-02 23:00:00+05:30,0.0,23.05
2023-03-03 00:00:00+05:30,0.0,21.49
2023-03-03 01:00:00+05:30,0.0,18.29
2023-03-03 02:00:00+05:30,0.0,17.73
2023-03-03 03:00:00+05:30,0.0,17.29
2023-03-03 04:00:00+05:30,0.0,16.9
2023-03-03 05:00:00+05:30,0.0,16.58
2023-03-03 06:00:00+05:30,0.0,16.26
2023-03-03 07:00:00+05:30,16.91,15.86
2023-03-03 08:00:00+05:30,167.97,15.97
2023-03-03 09:00:00+05:30,344.75,20.1
2023-03-03 10:00:00+05:30,501.43,23.64
2023-03-03 11:00:00+05:30,615.96,26.65
2023-03-03 12:00:00+05:30,675.31,28.83
2023-03-03 13:00:00+05:30,675.41,30.18
2023-03-03 14:00:00+05:30,615.42,30.88
2023-03-03 15:00:00+05:30,501.47,31.17
2023-03-03 16:00:00+05:30,345.1,31.14
2023-03-03 17:00:00+05:30,166.47,30.81
2023-03-03 18:00:00+05:30,19.62,29.35
2023-03-03 19:00:00+05:30,0.0,26.9
2023-03-03 20:00:00+05:30,0.0,25.16
2023-03-03 21:00:00+05:30,0.0,24.25
2023-03-03 22:00:00+05:30,0.0,22.88
2023-03-03 23:00:00+05:30,0.0,21.08
2023-03-04 00:00:00+05:30,0.0,20.01
2023-03-04 01:00:00+05:30,0.0,19.33
2023-03-04 02:00:00+05:30,0.0,18.91
2023-03-04 03:00:00+05:30,0.0,18.52
2023-03-04 04:00:00+05:30,0.0,18.15
2023-03-04 05:00:00+05:30,0.0,17.77
2023-03-04 06:00:00+05:30,0.0,17.36
2023-03-04 07:00:00+05:30,19.25,16.92
2023-03-04 08:00:00+05:30,173.55,17.04
2023-03-04 09:00:00+05:30,350.77,20.19
2023-03-04 10:00:00+05:30,506.38,22.98
2023-03-04 11:00:00+05:30,616.5,25.32
2023-03-04 12:00:00+05:30,664.89,27.22
2023-03-04 13:00:00+05:30,669.21,28.63
2023-03-04 14:00:00+05:30,607.02,29.54
2023-03-04 15:00:00+05:30,505.97,30.05
2023-03-04 16:00:00+05:30,351.11,30.25
2023-03-04 17:00:00+05:30,167.83,29.98
2023-03-04 18:00:00+05:30,21.93,28.59
2023-03-04 19:00:00+05:30,0.0,26.83
2023-03-04 20:00:00+05:30,0.0,25.26
2023-03-04 21:00:00+05:30,0.0,23.51
2023-03-04 22:00:00+05:30,0.0,22.12
2023-03-04 23:00:00+05:30,0.0,21.06
2023-03-05 00:00:00+05:30,0.0,20.49
2023-03-05 01:00:00+05:30,0.0,18.75
2023-03-05 02:00:00+05:30,0.0,17.92
2023-03-05 03:00:00+05:30,0.0,17.4
2023-03-05 04:00:00+05:30,0.0,17.03
2023-03-05 05:00:00+05:30,0.0,16.66
2023-03-05 06:00:00+05:30,0.0,16.31
2023-03-05 07:00:00+05:30,21.5,15.98
2023-03-05 08:00:00+05:30,177.49,16.45
2023-03-05 09:00:00+05:30,355.72,20.07
2023-03-05 10:00:00+05:30,512.59,23.39
2023-03-05 11:00:00+05:30,626.54,25.95
2023-03-05 12:00:00+05:30,686.37,27.85
2023-03-05 13:00:00+05:30,685.35,29.0
2023-03-05 14:00:00+05:30,622.68,29.68
2023-03-05 15:00:00+05:30,504.74,30.01
2023-03-05 16:00:00+05:30,348.15,29.99
2023-03-05 17:00:00+05:30,152.04,29.67
2023-03-05 18:00:00+05:30,21.07,28.59
2023-03-05 19:00:00+05:30,0.0,27.45
2023-03-05 20:00:00+05:30,0.0,25.73
2023-03-05 21:00:00+05:30,0.0,23.81
2023-03-05 22:00:00+05:30,0.0,22.74
2023-03-05 23:00:00+05:30,0.0,21.3
2023-03-06 00:00:00+05:30,0.0,20.07
2023-03-06 01:00:00+05:30,0.0,18.88
2023-03-06 02:00:00+05:30,0.0,18.02
2023-03-06 03:00:00+05:30,0.0,17.36
2023-03-06 04:00:00+05:30,0.0,16.74
2023-03-06 05:00:00+05:30,0.0,16.23
2023-03-06 06:00:00+05:30,0.0,15.77
2023-03-06 07:00:00+05:30,24.12,15.36
2023-03-06 08:00:00+05:30,185.4,15.83
2023-03-06 09:00:00+05:30,367.35,19.54
2023-03-06 10:00:00+05:30,526.52,22.79
2023-03-06 11:00:00+05:30,641.67,25.42
2023-03-06 12:00:00+05:30,700.14,27.36
2023-03-06 13:00:00+05:30,684.56,28.91
2023-03-06 14:00:00+05:30,605.64,29.64
2023-03-06 15:00:00+05:30,474.79,29.91
2023-03-06 16:00:00+05:30,326.65,29.82
2023-03-06 17:00:00+05:30,163.29,29.5
2023-03-06 18:00:00+05:30,23.85,28.49
2023-03-06 19:00:00+05:30,0.0,27.07
2023-03-06 20:00:00+05:30,0.0,24.89
2023-03-06 21:00:00+05:30,0.0,22.61
2023-03-06 22:00:00+05:30,0.0,20.96
2023-03-06 23:00:00+05:30,0.0,20.0
2023-03-07 00:00:00+05:30,0.0,19.38
2023-03-07 01:00:00+05:30,0.0,19.5
2023-03-07 02:00:00+05:30,0.0,18.61
2023-03-07 03:00:00+05:30,0.0,18.47
2023-03-07 04:00:00+05:30,0.0,18.38
2023-03-07 05:00:00+05:30,0.0,17.76
2023-03-07 06:00:00+05:30,0.0,18.1
2023-03-07 07:00:00+05:30,26.14,17.86
2023-03-07 08:00:00+05:30,187.43,17.8
2023-03-07 09:00:00+05:30,368.17,20.76
2023-03-07 10:00:00+05:30,526.16,24.47
2023-03-07 11:00:00+05:30,642.15,26.94
2023-03-07 12:00:00+05:30,633.22,28.3
2023-03-07 13:00:00+05:30,616.96,28.46
2023-03-07 14:00:00+05:30,523.75,28.95
2023-03-07 15:00:00+05:30,386.46,29.07
2023-03-07 16:00:00+05:30,299.77,28.95
2023-03-07 17:00:00+05:30,148.26,27.87
2023-03-07 18:00:00+05:30,22.81,26.98
2023-03-07 19:00:00+05:30,0.0,25.09
2023-03-07 20:00:00+05:30,0.0,23.56
2023-03-07 21:00:00+05:30,0.0,22.31
2023-03-07 22:00:00+05:30,0.0,21.4
2023-03-07 23:00:00+05:30,0.0,20.53
2023-03-08 00:00:00+05:30,0.0,19.44
2023-03-08 01:00:00+05:30,0.0,18.26
2023-03-08 02:00:00+05:30,0.0,19.46
2023-03-08 03:00:00+05:30,0.0,17.36
2023-03-08 04:00:00+05:30,0.0,15.79
2023-03-08 05:00:00+05:30,0.0,15.24
2023-03-08 06:00:00+05:30,0.0,15.55
2023-03-08 07:00:00+05:30,28.53,15.91
2023-03-08 08:00:00+05:30,191.31,16.19
2023-03-08 09:00:00+05:30,371.74,20.53
2023-03-08 10:00:00+05:30,527.82,24.33
2023-03-08 11:00:00+05:30,644.2,26.82
2023-03-08 12:00:00+05:30,687.0,28.24
2023-03-08 13:00:00+05:30,608.11,28.73
2023-03-08 14:00:00+05:30,560.15,29.08
2023-03-08 15:00:00+05:30,327.77,26.4
2023-03-08 16:00:00+05:30,277.49,24.81
2023-03-08 17:00:00+05:30,158.68,25.31
2023-03-08 18:00:00+05:30,27.18,24.94
2023-03-08 19:00:00+05:30,0.0,23.89
2023-03-08 20:00:00+05:30,0.0,22.3
2023-03-08 21:00:00+05:30,0.0,21.65
2023-03-08 22:00:00+05:30,0.0,19.75
2023-03-08 23:00:00+05:30,0.0,18.68
2023-03-09 00:00:00+05:30,0.0,18.33
2023-03-09 01:00:00+05:30,0.0,18.32
2023-03-09 02:00:00+05:30,0.0,17.99
2023-03-09 03:00:00+05:30,0.0,17.46
2023-03-09 04:00:00+05:30,0.0,17.08
2023-03-09 05:00:00+05:30,0.0,16.7
2023-03-09 06:00:00+05:30,0.0,16.54
2023-03-09 07:00:00+05:30,25.17,16.35
2023-03-09 08:00:00+05:30,151.53,17.1
2023-03-09 09:00:00+05:30,290.28,19.2
2023-03-09 10:00:00+05:30,428.57,21.37
2023-03-09 11:00:00+05:30,487.73,23.12
2023-03-09 12:00:00+05:30,582.07,24.27
2023-03-09 13:00:00+05:30,551.74,24.8
2023-03-09 14:00:00+05:30,576.69,25.56
2023-03-09 15:00:00+05:30,476.84,26.3
2023-03-09 16:00:00+05:30,328.75,26.53
2023-03-09 17:00:00+05:30,175.59,26.39
2023-03-09 18:00:00+05:30,27.68,25.93
2023-03-09 19:00:00+05:30,0.0,24.73
2023-03-09 20:00:00+05:30,0.0,22.77
2023-03-09 21:00:00+05:30,0.0,21.18
2023-03-09 22:00:00+05:30,0.0,20.23
2023-03-09 23:00:00+05:30,0.0,19.46
2023-03-10 00:00:00+05:30,0.0,18.8
2023-03-10 01:00:00+05:30,0.0,18.5
2023-03-10 02:00:00+05:30,0.0,17.81
2023-03-10 03:00:00+05:30,0.0,17.12
2023-03-10 04:00:00+05:30,0.0,16.48
2023-03-10 05:00:00+05:30,0.0,16.02
2023-03-10 06:00:00+05:30,0.0,15.66
2023-03-10 07:00:00+05:30,33.35,15.39
2023-03-10 08:00:00+05:30,200.1,15.79
2023-03-10 09:00:00+05:30,382.62,20.5
2023-03-10 10:00:00+05:30,541.66,23.76
2023-03-10 11:00:00+05:30,656.64,26.13
2023-03-10 12:00:00+05:30,660.42,27.63
2023-03-10 13:00:00+05:30,689.02,28.58
2023-03-10 14:00:00+05:30,633.47,29.16
2023-03-10 15:00:00+05:30,532.25,29.48
2023-03-10 16:00:00+05:30,366.31,29.55
2023-03-10 17:00:00+05:30,194.09,29.29
2023-03-10 18:00:00+05:30,30.05,28.25
2023-03-10 19:00:00+05:30,0.0,27.04
2023-03-10 20:00:00+05:30,0.0,24.76
2023-03-10 21:00:00+05:30,0.0,22.64
2023-03-10 22:00:00+05:30,0.0,21.08
2023-03-10 23:00:00+05:30,0.0,19.93
2023-03-11 00:00:00+05:30,0.0,20.51
2023-03-11 01:00:00+05:30,0.0,18.43
2023-03-11 02:00:00+05:30,0.0,17.57
2023-03-11 03:00:00+05:30,0.0,16.94
2023-03-11 04:00:00+05:30,0.0,16.36
2023-03-11 05:00:00+05:30,0.0,15.85
2023-03-11 06:00:00+05:30,0.0,15.36
2023-03-11 07:00:00+05:30,36.37,14.98
2023-03-11 08:00:00+05:30,207.33,15.96
2023-03-11 09:00:00+05:30,390.75,21.2
2023-03-11 10:00:00+05:30,549.22,24.95
2023-03-11 11:00:00+05:30,663.3,27.47
2023-03-11 12:00:00+05:30,722.99,28.83
2023-03-11 13:00:00+05:30,723.33,29.62
2023-03-11 14:00:00+05:30,657.89,30.13
2023-03-11 15:00:00+05:30,539.57,30.37
2023-03-11 16:00:00+05:30,378.64,30.35
2023-03-11 17:00:00+05:30,196.3,30.07
2023-03-11 18:00:00+05:30,31.52,29.2
2023-03-11 19:00:00+05:30,0.0,27.86
2023-03-11 20:00:00+05:30,0.0,25.93
2023-03-11 21:00:00+05:30,0.0,24.0
2023-03-11 22:00:00+05:30,0.0,22.64
2023-03-11 23:00:00+05:30,0.0,21.54
2023-03-12 00:00:00+05:30,0.0,20.64
2023-03-12 01:00:00+05:30,0.0,19.72
2023-03-12 02:00:00+05:30,0.0,18.91
2023-03-12 03:00:00+05:30,0.0,18.43
2023-03-12 04:00:00+05:30,0.0,18.22
2023-03-12 05:00:00+05:30,0.0,18.28
2023-03-12 06:00:00+05:30,0.0,18.93
2023-03-12 07:00:00+05:30,38.69,18.7
2023-03-12 08:00:00+05:30,210.54,18.26
2023-03-12 09:00:00+05:30,393.75,21.97
2023-03-12 10:00:00+05:30,552.25,25.31
2023-03-12 11:00:00+05:30,666.42,27.83
2023-03-12 12:00:00+05:30,723.98,29.55
2023-03-12 13:00:00+05:30,721.51,30.65
2023-03-12 14:00:00+05:30,658.56,31.23
2023-03-12 15:00:00+05:30,540.02,31.53
2023-03-12 16:00:00+05:30,376.03,31.57
2023-03-12 17:00:00+05:30,196.17,31.34
2023-03-12 18:00:00+05:30,32.92,30.54
2023-03-12 19:00:00+05:30,0.0,28.94
2023-03-12 20:00:00+05:30,0.0,26.98
2023-03-12 21:00:00+05:30,0.0,25.1
2023-03-12 22:00:00+05:30,0.0,23.89
2023-03-12 23:00:00+05:30,0.0,23.05
2023-03-13 00:00:00+05:30,0.0,22.23
2023-03-13 01:00:00+05:30,0.0,21.24
2023-03-13 02:00:00+05:30,0.0,20.2
2023-03-13 03:00:00+05:30,0.0,19.26
2023-03-13 04:00:00+05:30,0.0,19.12
2023-03-13 05:00:00+05:30,0.0,19.76
2023-03-13 06:00:00+05:30,0.0,20.22
2023-03-13 07:00:00+05:30,41.33,18.85
2023-03-13 08:00:00+05:30,204.24,18.77
2023-03-13 09:00:00+05:30,377.14,22.75
2023-03-13 10:00:00+05:30,530.24,25.74
2023-03-13 11:00:00+05:30,638.64,28.1
2023-03-13 12:00:00+05:30,686.47,29.86
2023-03-13 13:00:00+05:30,662.14,31.19
2023-03-13 14:00:00+05:30,558.04,31.82
2023-03-13 15:00:00+05:30,441.28,32.11
2023-03-13 16:00:00+05:30,210.18,31.75
2023-03-13 17:00:00+05:30,128.06,30.37
2023-03-13 18:00:00+05:30,31.07,29.34
2023-03-13 19:00:00+05:30,0.0,27.96
2023-03-13 20:00:00+05:30,0.0,26.17
2023-03-13 21:00:00+05:30,0.0,24.15
2023-03-13 22:00:00+05:30,0.0,22.72
2023-03-13 23:00:00+05:30,0.0,21.78
2023-03-14 00:00:00+05:30,0.0,21.0
2023-03-14 01:00:00+05:30,0.0,20.15
2023-03-14 02:00:00+05:30,0.0,19.14
2023-03-14 03:00:00+05:30,0.0,18.34
2023-03-14 04:00:00+05:30,0.0,17.76
2023-03-14 05:00:00+05:30,0.0,17.3
2023-03-14 06:00:00+05:30,0.0,16.98
2023-03-14 07:00:00+05:30,43.91,16.65
2023-03-14 08:00:00+05:30,218.11,17.62
2023-03-14 09:00:00+05:30,402.96,21.78
2023-03-14 10:00:00+05:30,561.23,25.08
2023-03-14 11:00:00+05:30,675.09,27.67
2023-03-14 12:00:00+05:30,733.71,29.55
2023-03-14 13:00:00+05:30,714.46,31.65
2023-03-14 14:00:00+05:30,619.95,32.36
2023-03-14 15:00:00+05:30,475.12,31.95
2023-03-14 16:00:00+05:30,289.88,31.45
2023-03-14 17:00:00+05:30,161.01,31.03
2023-03-14 18:00:00+05:30,25.39,29.46
2023-03-14 19:00:00+05:30,0.0,27.55
2023-03-14 20:00:00+05:30,0.0,25.45
2023-03-14 21:00:00+05:30,0.0,24.23
2023-03-14 22:00:00+05:30,0.0,23.14
2023-03-14 23:00:00+05:30,0.0,22.07
2023-03-15 00:00:00+05:30,0.0,21.12
2023-03-15 01:00:00+05:30,0.0,19.74
2023-03-15 02:00:00+05:30,0.0,18.84
2023-03-15 03:00:00+05:30,0.0,18.06
2023-03-15 04:00:00+05:30,0.0,17.38
2023-03-15 05:00:00+05:30,0.0,16.85
2023-03-15 06:00:00+05:30,0.0,16.33
2023-03-15 07:00:00+05:30,54.38,17.05
2023-03-15 08:00:00+05:30,227.13,18.26
2023-03-15 09:00:00+05:30,413.24,21.79
2023-03-15 10:00:00+05:30,572.65,25.39
2023-03-15 11:00:00+05:30,686.72,28.26
2023-03-15 12:00:00+05:30,737.76,30.15
2023-03-15 13:00:00+05:30,748.97,31.75
2023-03-15 14:00:00+05:30,617.44,32.52
2023-03-15 15:00:00+05:30,421.91,32.52
2023-03-15 16:00:00+05:30,299.28,31.91
2023-03-15 17:00:00+05:30,167.3,31.25
2023-03-15 18:00:00+05:30,38.76,30.07
2023-03-15 19:00:00+05:30,0.0,27.94
2023-03-15 20:00:00+05:30,0.0,26.07
2023-03-15 21:00:00+05:30,0.0,24.93
2023-03-15 22:00:00+05:30,0.0,24.22
2023-03-15 23:00:00+05:30,0.0,23.68
2023-03-16 00:00:00+05:30,0.0,23.0
2023-03-16 01:00:00+05:30,0.0,22.37
2023-03-16 02:00:00+05:30,0.0,21.21
2023-03-16 03:00:00+05:30,0.0,20.29
2023-03-16 04:00:00+05:30,0.0,19.58
2023-03-16 05:00:00+05:30,0.0,20.89
2023-03-16 06:00:00+05:30,0.0,20.17
2023-03-16 07:00:00+05:30,41.19,19.3
2023-03-16 08:00:00+05:30,161.05,19.45
2023-03-16 09:00:00+05:30,276.86,22.64
2023-03-16 10:00:00+05:30,449.71,24.69
2023-03-16 11:00:00+05:30,475.99,27.16
2023-03-16 12:00:00+05:30,578.69,28.49
2023-03-16 13:00:00+05:30,605.08,30.09
2023-03-16 14:00:00+05:30,576.01,31.19
2023-03-16 15:00:00+05:30,508.89,31.41
2023-03-16 16:00:00+05:30,278.57,30.05
2023-03-16 17:00:00+05:30,98.5,28.58
2023-03-16 18:00:00+05:30,24.61,26.63
2023-03-16 19:00:00+05:30,0.0,25.18
2023-03-16 20:00:00+05:30,0.0,23.77
2023-03-16 21:00:00+05:30,0.0,22.32
2023-03-16 22:00:00+05:30,0.0,21.91
2023-03-16 23:00:00+05:30,0.0,21.22
2023-03-17 00:00:00+05:30,0.0,20.52
2023-03-17 01:00:00+05:30,0.0,20.61
2023-03-17 02:00:00+05:30,0.0,19.92
2023-03-17 03:00:00+05:30,0.0,19.59
2023-03-17 04:00:00+05:30,0.0,19.27
2023-03-17 05:00:00+05:30,0.0,18.86
2023-03-17 06:00:00+05:30,0.0,19.05
2023-03-17 07:00:00+05:30,49.49,18.73
2023-03-17 08:00:00+05:30,183.37,19.6
2023-03-17 09:00:00+05:30,370.01,22.32
2023-03-17 10:00:00+05:30,477.05,25.3
2023-03-17 11:00:00+05:30,596.35,26.6
2023-03-17 12:00:00+05:30,689.63,27.25
2023-03-17 13:00:00+05:30,698.68,28.82
2023-03-17 14:00:00+05:30,602.23,29.53
2023-03-17 15:00:00+05:30,473.95,29.43
2023-03-17 16:00:00+05:30,308.2,28.78
2023-03-17 17:00:00+05:30,139.08,27.61
2023-03-17 18:00:00+05:30,33.2,26.54
2023-03-17 19:00:00+05:30,0.0,25.23
2023-03-17 20:00:00+05:30,0.0,23.5
2023-03-17 21:00:00+05:30,0.0,22.32
2023-03-17 22:00:00+05:30,0.0,21.43
2023-03-17 23:00:00+05:30,0.0,20.7
2023-03-18 00:00:00+05:30,0.0,20.06
2023-03-18 01:00:00+05:30,0.0,19.81
2023-03-18 02:00:00+05:30,0.0,19.53
2023-03-18 03:00:00+05:30,0.0,18.86
2023-03-18 04:00:00+05:30,0.0,18.51
2023-03-18 05:00:00+05:30,0.0,18.15
2023-03-18 06:00:00+05:30,0.0,18.01
2023-03-18 07:00:00+05:30,56.29,17.64
2023-03-18 08:00:00+05:30,216.18,18.8
2023-03-18 09:00:00+05:30,407.26,21.12
2023-03-18 10:00:00+05:30,540.58,23.47
2023-03-18 11:00:00+05:30,673.95,25.33
2023-03-18 12:00:00+05:30,690.74,26.24
2023-03-18 13:00:00+05:30,564.84,27.1
2023-03-18 14:00:00+05:30,552.79,27.28
2023-03-18 15:00:00+05:30,445.13,27.03
2023-03-18 16:00:00+05:30,319.19,26.47
2023-03-18 17:00:00+05:30,182.94,24.08
2023-03-18 18:00:00+05:30,41.95,24.29
2023-03-18 19:00:00+05:30,0.0,23.09
2023-03-18 20:00:00+05:30,0.0,21.96
2023-03-18 21:00:00+05:30,0.0,21.11
2023-03-18 22:00:00+05:30,0.0,20.57
2023-03-18 23:00:00+05:30,0.0,20.2
2023-03-19 00:00:00+05:30,0.0,19.71
2023-03-19 01:00:00+05:30,0.0,19.82
2023-03-19 02:00:00+05:30,0.0,19.45
2023-03-19 03:00:00+05:30,0.0,18.91
2023-03-19 04:00:00+05:30,0.0,18.59
2023-03-19 05:00:00+05:30,0.0,18.16
2023-03-19 06:00:00+05:30,0.0,17.66
2023-03-19 07:00:00+05:30,58.0,17.32
2023-03-19 08:00:00+05:30,223.49,18.22
2023-03-19 09:00:00+05:30,393.05,20.78
2023-03-19 10:00:00+05:30,566.44,23.02
2023-03-19 11:00:00+05:30,635.96,24.97
2023-03-19 12:00:00+05:30,578.7,25.65
2023-03-19 13:00:00+05:30,658.78,26.06
2023-03-19 14:00:00+05:30,585.92,26.43
2023-03-19 15:00:00+05:30,481.74,26.45
2023-03-19 16:00:00+05:30,327.24,26.24
2023-03-19 17:00:00+05:30,163.55,26.35
2023-03-19 18:00:00+05:30,35.92,24.32
2023-03-19 19:00:00+05:30,0.0,21.71
2023-03-19 20:00:00+05:30,0.0,20.54
2023-03-19 21:00:00+05:30,0.0,19.99
2023-03-19 22:00:00+05:30,0.0,19.48
2023-03-19 23:00:00+05:30,0.0,18.84
2023-03-20 00:00:00+05:30,0.0,18.91
2023-03-20 01:00:00+05:30,0.0,18.29
2023-03-20 02:00:00+05:30,0.0,17.98
2023-03-20 03:00:00+05:30,0.0,17.69
2023-03-20 04:00:00+05:30,0.0,17.52
2023-03-20 05:00:00+05:30,0.0,17.66
2023-03-20 06:00:00+05:30,0.0,17.42
2023-03-20 07:00:00+05:30,42.61,17.34
2023-03-20 08:00:00+05:30,188.62,17.79
2023-03-20 09:00:00+05:30,295.68,18.87
2023-03-20 10:00:00+05:30,379.63,19.99
2023-03-20 11:00:00+05:30,351.52,21.17
2023-03-20 12:00:00+05:30,689.12,22.28
2023-03-20 13:00:00+05:30,527.33,25.17
2023-03-20 14:00:00+05:30,608.17,25.23
2023-03-20 15:00:00+05:30,347.25,25.41
2023-03-20 16:00:00+05:30,215.65,23.38
2023-03-20 17:00:00+05:30,112.29,21.17
2023-03-20 18:00:00+05:30,19.94,20.5
2023-03-20 19:00:00+05:30,0.0,19.84
2023-03-20 20:00:00+05:30,0.0,19.55
2023-03-20 21:00:00+05:30,0.0,19.1
2023-03-20 22:00:00+05:30,0.0,18.59
2023-03-20 23:00:00+05:30,0.0,18.52
2023-03-21 00:00:00+05:30,0.0,18.35
2023-03-21 01:00:00+05:30,0.0,18.22
2023-03-21 02:00:00+05:30,0.0,18.24
2023-03-21 03:00:00+05:30,0.0,17.53
2023-03-21 04:00:00+05:30,0.0,16.72
2023-03-21 05:00:00+05:30,0.0,16.53
2023-03-21 06:00:00+05:30,0.0,16.45
2023-03-21 07:00:00+05:30,60.18,16.27
2023-03-21 08:00:00+05:30,146.42,16.58
2023-03-21 09:00:00+05:30,205.03,17.46
2023-03-21 10:00:00+05:30,246.32,18.83
2023-03-21 11:00:00+05:30,315.46,19.76
2023-03-21 12:00:00+05:30,652.97,20.74
2023-03-21 13:00:00+05:30,707.4,24.03
2023-03-21 14:00:00+05:30,624.08,24.72
2023-03-21 15:00:00+05:30,525.6,25.1
2023-03-21 16:00:00+05:30,318.19,25.26
2023-03-21 17:00:00+05:30,198.96,24.86
2023-03-21 18:00:00+05:30,45.97,23.73
2023-03-21 19:00:00+05:30,0.0,22.22
2023-03-21 20:00:00+05:30,0.0,20.59
2023-03-21 21:00:00+05:30,0.0,19.46
2023-03-21 22:00:00+05:30,0.0,18.59
2023-03-21 23:00:00+05:30,0.0,17.78
2023-03-22 00:00:00+05:30,0.0,17.01
2023-03-22 01:00:00+05:30,0.0,16.36
2023-03-22 02:00:00+05:30,0.0,15.7
2023-03-22 03:00:00+05:30,0.0,15.08
2023-03-22 04:00:00+05:30,0.0,14.99
2023-03-22 05:00:00+05:30,0.0,15.21
2023-03-22 06:00:00+05:30,0.0,14.83
2023-03-22 07:00:00+05:30,44.25,14.42
2023-03-22 08:00:00+05:30,146.53,14.53
2023-03-22 09:00:00+05:30,315.24,16.38
2023-03-22 10:00:00+05:30,498.42,19.23
2023-03-22 11:00:00+05:30,682.21,21.48
2023-03-22 12:00:00+05:30,765.63,23.57
2023-03-22 13:00:00+05:30,760.51,25.15
2023-03-22 14:00:00+05:30,670.13,26.15
2023-03-22 15:00:00+05:30,567.16,26.77
2023-03-22 16:00:00+05:30,405.59,27.04
2023-03-22 17:00:00+05:30,218.48,26.65
2023-03-22 18:00:00+05:30,54.35,25.98
2023-03-22 19:00:00+05:30,0.0,24.82
2023-03-22 20:00:00+05:30,0.0,23.14
2023-03-22 21:00:00+05:30,0.0,22.11
2023-03-22 22:00:00+05:30,0.0,21.89
2023-03-22 23:00:00+05:30,0.0,20.84
2023-03-23 00:00:00+05:30,0.0,18.89
2023-03-23 01:00:00+05:30,0.0,19.61
2023-03-23 02:00:00+05:30,0.0,17.9
2023-03-23 03:00:00+05:30,0.0,17.45
2023-03-23 04:00:00+05:30,0.0,17.24
2023-03-23 05:00:00+05:30,0.0,16.63
2023-03-23 06:00:00+05:30,0.0,16.07
2023-03-23 07:00:00+05:30,79.81,15.6
2023-03-23 08:00:00+05:30,258.67,17.94
2023-03-23 09:00:00+05:30,443.33,21.61
2023-03-23 10:00:00+05:30,602.38,24.17
2023-03-23 11:00:00+05:30,714.27,25.95
2023-03-23 12:00:00+05:30,777.64,27.35
2023-03-23 13:00:00+05:30,706.01,28.34
2023-03-23 14:00:00+05:30,586.39,28.87
2023-03-23 15:00:00+05:30,510.06,29.03
2023-03-23 16:00:00+05:30,378.77,29.08
2023-03-23 17:00:00+05:30,209.32,28.78
2023-03-23 18:00:00+05:30,49.67,27.86
2023-03-23 19:00:00+05:30,0.0,26.83
2023-03-23 20:00:00+05:30,0.0,25.1
2023-03-23 21:00:00+05:30,0.0,23.6
2023-03-23 22:00:00+05:30,0.0,22.45
2023-03-23 23:00:00+05:30,0.0,21.5
2023-03-24 00:00:00+05:30,0.0,20.65
2023-03-24 01:00:00+05:30,0.0,19.84
2023-03-24 02:00:00+05:30,0.0,19.61
2023-03-24 03:00:00+05:30,0.0,20.36
2023-03-24 04:00:00+05:30,0.0,20.7
2023-03-24 05:00:00+05:30,0.0,19.78
2023-03-24 06:00:00+05:30,0.0,18.56
2023-03-24 07:00:00+05:30,81.62,17.46
2023-03-24 08:00:00+05:30,262.32,19.06
2023-03-24 09:00:00+05:30,449.79,23.04
2023-03-24 10:00:00+05:30,606.65,25.72
2023-03-24 11:00:00+05:30,704.48,27.83
2023-03-24 12:00:00+05:30,721.52,29.27
2023-03-24 13:00:00+05:30,699.76,29.35
2023-03-24 14:00:00+05:30,634.81,29.61
2023-03-24 15:00:00+05:30,472.59,27.16
2023-03-24 16:00:00+05:30,265.23,27.43
2023-03-24 17:00:00+05:30,175.82,26.9
2023-03-24 18:00:00+05:30,46.0,26.54
2023-03-24 19:00:00+05:30,0.0,25.14
2023-03-24 20:00:00+05:30,0.0,24.11
2023-03-24 21:00:00+05:30,0.0,23.33
2023-03-24 22:00:00+05:30,0.0,22.59
2023-03-24 23:00:00+05:30,0.0,21.96
2023-03-25 00:00:00+05:30,0.0,21.32
2023-03-25 01:00:00+05:30,0.0,21.06
2023-03-25 02:00:00+05:30,0.0,20.8
2023-03-25 03:00:00+05:30,0.0,20.4
2023-03-25 04:00:00+05:30,0.0,19.74
2023-03-25 05:00:00+05:30,0.0,19.04
2023-03-25 06:00:00+05:30,0.0,18.81
2023-03-25 07:00:00+05:30,78.46,18.6
2023-03-25 08:00:00+05:30,260.79,19.53
2023-03-25 09:00:00+05:30,437.79,21.58
2023-03-25 10:00:00+05:30,612.54,23.53
2023-03-25 11:00:00+05:30,728.95,25.24
2023-03-25 12:00:00+05:30,650.2,26.6
2023-03-25 13:00:00+05:30,597.83,26.95
2023-03-25 14:00:00+05:30,529.89,27.27
2023-03-25 15:00:00+05:30,542.04,27.46
2023-03-25 16:00:00+05:30,365.89,27.94
2023-03-25 17:00:00+05:30,214.49,27.68
2023-03-25 18:00:00+05:30,47.89,27.08
2023-03-25 19:00:00+05:30,0.0,25.87
2023-03-25 20:00:00+05:30,0.0,24.42
2023-03-25 21:00:00+05:30,0.0,22.81
2023-03-25 22:00:00+05:30,0.0,21.4
2023-03-25 23:00:00+05:30,0.0,20.61
2023-03-26 00:00:00+05:30,0.0,19.9
2023-03-26 01:00:00+05:30,0.0,19.78
2023-03-26 02:00:00+05:30,0.0,19.09
2023-03-26 03:00:00+05:30,0.0,18.55
2023-03-26 04:00:00+05:30,0.0,18.22
2023-03-26 05:00:00+05:30,0.0,17.87
2023-03-26 06:00:00+05:30,0.0,17.5
2023-03-26 07:00:00+05:30,93.59,17.05
2023-03-26 08:00:00+05:30,281.49,18.01
2023-03-26 09:00:00+05:30,466.94,21.79
2023-03-26 10:00:00+05:30,629.48,24.5
2023-03-26 11:00:00+05:30,743.25,26.62
2023-03-26 12:00:00+05:30,780.56,28.17
2023-03-26 13:00:00+05:30,648.2,29.43
2023-03-26 14:00:00+05:30,574.22,29.74
2023-03-26 15:00:00+05:30,456.64,29.78
2023-03-26 16:00:00+05:30,324.37,29.6
2023-03-26 17:00:00+05:30,199.9,28.97
2023-03-26 18:00:00+05:30,50.51,27.81
2023-03-26 19:00:00+05:30,0.0,25.59
2023-03-26 20:00:00+05:30,0.0,23.95
2023-03-26 21:00:00+05:30,0.0,23.12
2023-03-26 22:00:00+05:30,0.0,22.2
2023-03-26 23:00:00+05:30,0.0,21.22
2023-03-27 00:00:00+05:30,0.0,20.59
2023-03-27 01:00:00+05:30,0.0,20.13
2023-03-27 02:00:00+05:30,0.0,19.39
2023-03-27 03:00:00+05:30,0.0,18.7
2023-03-27 04:00:00+05:30,0.0,18.22
2023-03-27 05:00:00+05:30,0.0,17.64
2023-03-27 06:00:00+05:30,0.0,16.96
2023-03-27 07:00:00+05:30,96.57,16.4
2023-03-27 08:00:00+05:30,283.8,17.87
2023-03-27 09:00:00+05:30,473.61,20.87
2023-03-27 10:00:00+05:30,632.03,23.49
2023-03-27 11:00:00+05:30,745.61,25.8
2023-03-27 12:00:00+05:30,784.3,27.52
2023-03-27 13:00:00+05:30,613.89,28.99
2023-03-27 14:00:00+05:30,553.69,29.21
2023-03-27 15:00:00+05:30,534.04,29.38
2023-03-27 16:00:00+05:30,370.5,29.47
2023-03-27 17:00:00+05:30,243.37,29.16
2023-03-27 18:00:00+05:30,65.62,28.48
2023-03-27 19:00:00+05:30,0.0,26.88
2023-03-27 20:00:00+05:30,0.0,24.6
2023-03-27 21:00:00+05:30,0.0,22.57
2023-03-27 22:00:00+05:30,0.0,21.32
2023-03-27 23:00:00+05:30,0.0,20.49
2023-03-28 00:00:00+05:30,0.0,19.75
2023-03-28 01:00:00+05:30,0.0,18.89
2023-03-28 02:00:00+05:30,0.0,18.1
2023-03-28 03:00:00+05:30,0.0,17.48
2023-03-28 04:00:00+05:30,0.0,17.06
2023-03-28 05:00:00+05:30,0.0,16.56
2023-03-28 06:00:00+05:30,0.0,16.0
2023-03-28 07:00:00+05:30,101.13,15.66
2023-03-28 08:00:00+05:30,290.78,17.61
2023-03-28 09:00:00+05:30,477.4,21.49
2023-03-28 10:00:00+05:30,637.99,24.23
2023-03-28 11:00:00+05:30,752.5,26.31
2023-03-28 12:00:00+05:30,805.3,28.03
2023-03-28 13:00:00+05:30,769.68,29.73
2023-03-28 14:00:00+05:30,675.18,30.42
2023-03-28 15:00:00+05:30,578.8,30.51
2023-03-28 16:00:00+05:30,431.68,30.57
2023-03-28 17:00:00+05:30,241.9,30.36
2023-03-28 18:00:00+05:30,67.61,29.54
2023-03-28 19:00:00+05:30,0.0,28.14
2023-03-28 20:00:00+05:30,0.0,25.36
2023-03-28 21:00:00+05:30,0.0,23.35
2023-03-28 22:00:00+05:30,0.0,22.26
2023-03-28 23:00:00+05:30,0.0,21.37
2023-03-29 00:00:00+05:30,0.0,20.63
2023-03-29 01:00:00+05:30,0.0,20.52
2023-03-29 02:00:00+05:30,0.0,19.69
2023-03-29 03:00:00+05:30,0.0,18.76
2023-03-29 04:00:00+05:30,0.0,19.4
2023-03-29 05:00:00+05:30,0.0,19.9
2023-03-29 06:00:00+05:30,0.0,17.2
2023-03-29 07:00:00+05:30,104.4,17.02
2023-03-29 08:00:00+05:30,299.69,19.86
2023-03-29 09:00:00+05:30,489.37,23.33
2023-03-29 10:00:00+05:30,645.93,26.43
2023-03-29 11:00:00+05:30,727.04,28.81
2023-03-29 12:00:00+05:30,732.11,30.41
2023-03-29 13:00:00+05:30,615.72,31.9
2023-03-29 14:00:00+05:30,591.36,32.29
2023-03-29 15:00:00+05:30,491.02,32.49
2023-03-29 16:00:00+05:30,364.53,32.39
2023-03-29 17:00:00+05:30,208.14,32.04
2023-03-29 18:00:00+05:30,64.13,31.11
2023-03-29 19:00:00+05:30,0.0,29.71
2023-03-29 20:00:00+05:30,0.0,26.68
2023-03-29 21:00:00+05:30,0.0,24.92
2023-03-29 22:00:00+05:30,0.0,24.06
2023-03-29 23:00:00+05:30,0.0,23.46
2023-03-30 00:00:00+05:30,0.0,22.72
2023-03-30 01:00:00+05:30,0.0,21.88
2023-03-30 02:00:00+05:30,0.0,21.16
2023-03-30 03:00:00+05:30,0.0,20.41
2023-03-30 04:00:00+05:30,0.0,19.67
2023-03-30 05:00:00+05:30,0.0,18.98
2023-03-30 06:00:00+05:30,0.0,18.36
2023-03-30 07:00:00+05:30,107.28,17.85
2023-03-30 08:00:00+05:30,300.18,19.67
2023-03-30 09:00:00+05:30,488.91,23.84
2023-03-30 10:00:00+05:30,646.23,26.7
2023-03-30 11:00:00+05:30,752.81,28.99
2023-03-30 12:00:00+05:30,764.76,30.79
2023-03-30 13:00:00+05:30,766.37,31.63
2023-03-30 14:00:00+05:30,650.91,32.48
2023-03-30 15:00:00+05:30,526.4,32.36
2023-03-30 16:00:00+05:30,388.42,31.39
2023-03-30 17:00:00+05:30,133.78,30.43
2023-03-30 18:00:00+05:30,22.14,29.19
2023-03-30 19:00:00+05:30,0.0,26.75
2023-03-30 20:00:00+05:30,0.0,22.53
2023-03-30 21:00:00+05:30,0.0,20.86
2023-03-30 22:00:00+05:30,0.0,20.46
2023-03-30 23:00:00+05:30,0.0,20.08
2023-03-31 00:00:00+05:30,0.0,19.7
2023-03-31 01:00:00+05:30,0.0,19.74
2023-03-31 02:00:00+05:30,0.0,19.43
2023-03-31 03:00:00+05:30,0.0,18.97
2023-03-31 04:00:00+05:30,0.0,18.58
2023-03-31 05:00:00+05:30,0.0,18.31
2023-03-31 06:00:00+05:30,0.0,18.03
2023-03-31 07:00:00+05:30,83.13,17.74
2023-03-31 08:00:00+05:30,254.15,18.78
2023-03-31 09:00:00+05:30,394.46,20.53
2023-03-31 10:00:00+05:30,534.99,22.34
2023-03-31 11:00:00+05:30,645.72,23.33
2023-03-31 12:00:00+05:30,763.13,24.37
2023-03-31 13:00:00+05:30,746.06,25.65
2023-03-31 14:00:00+05:30,706.64,26.16
2023-03-31 15:00:00+05:30,574.29,26.51
2023-03-31 16:00:00+05:30,399.77,26.64
2023-03-31 17:00:00+05:30,210.8,26.17
2023-03-31 18:00:00+05:30,52.31,26.06
2023-03-31 19:00:00+05:30,0.0,24.95
2023-03-31 20:00:00+05:30,0.0,22.72
2023-03-31 21:00:00+05:30,0.0,20.57
2023-03-31 22:00:00+05:30,0.0,18.65
2023-03-31 23:00:00+05:30,0.0,18.45
2023-04-01 00:00:00+05:30,0.0,18.55
2023-04-01 01:00:00+05:30,0.0,18.57
2023-04-01 02:00:00+05:30,0.0,18.11
2023-04-01 03:00:00+05:30,0.0,17.75
2023-04-01 04:00:00+05:30,0.0,17.81
2023-04-01 05:00:00+05:30,0.0,17.6
2023-04-01 06:00:00+05:30,0.0,17.48
2023-04-01 07:00:00+05:30,78.52,17.02
2023-04-01 08:00:00+05:30,206.02,18.18
2023-04-01 09:00:00+05:30,420.6,19.54
2023-04-01 10:00:00+05:30,556.78,21.34
2023-04-01 11:00:00+05:30,698.2,23.01
2023-04-01 12:00:00+05:30,793.68,24.22
2023-04-01 13:00:00+05:30,706.6,26.27
2023-04-01 14:00:00+05:30,682.11,26.79
2023-04-01 15:00:00+05:30,589.1,27.27
2023-04-01 16:00:00+05:30,385.06,27.41
2023-04-01 17:00:00+05:30,216.98,26.99
2023-04-01 18:00:00+05:30,54.7,26.28
2023-04-01 19:00:00+05:30,0.0,25.29
2023-04-01 20:00:00+05:30,0.0,23.76
2023-04-01 21:00:00+05:30,0.0,22.19
2023-04-01 22:00:00+05:30,0.0,21.31
2023-04-01 23:00:00+05:30,0.0,20.68
2023-04-02 00:00:00+05:30,0.0,20.1
2023-04-02 01:00:00+05:30,0.0,19.34
2023-04-02 02:00:00+05:30,0.0,18.5
2023-04-02 03:00:00+05:30,0.0,18.25
2023-04-02 04:00:00+05:30,0.0,17.48
2023-04-02 05:00:00+05:30,0.0,16.81
2023-04-02 06:00:00+05:30,0.0,16.49
2023-04-02 07:00:00+05:30,118.03,17.27
2023-04-02 08:00:00+05:30,309.21,18.3
2023-04-02 09:00:00+05:30,496.32,21.63
2023-04-02 10:00:00+05:30,652.27,24.16
2023-04-02 11:00:00+05:30,763.91,26.08
2023-04-02 12:00:00+05:30,798.1,27.59
2023-04-02 13:00:00+05:30,780.0,29.39
2023-04-02 14:00:00+05:30,719.6,29.85
2023-04-02 15:00:00+05:30,604.27,30.08
2023-04-02 16:00:00+05:30,423.98,30.01
2023-04-02 17:00:00+05:30,234.48,29.57
2023-04-02 18:00:00+05:30,71.51,28.54
2023-04-02 19:00:00+05:30,0.0,26.53
2023-04-02 20:00:00+05:30,0.0,24.94
2023-04-02 21:00:00+05:30,0.0,23.83
2023-04-02 22:00:00+05:30,0.0,22.87
2023-04-02 23:00:00+05:30,0.0,21.45
2023-04-03 00:00:00+05:30,0.0,20.52
2023-04-03 01:00:00+05:30,0.0,20.93
2023-04-03 02:00:00+05:30,0.0,20.52
2023-04-03 03:00:00+05:30,0.0,20.17
2023-04-03 04:00:00+05:30,0.0,19.92
2023-04-03 05:00:00+05:30,0.0,19.31
2023-04-03 06:00:00+05:30,0.0,19.12
2023-04-03 07:00:00+05:30,122.57,18.86
2023-04-03 08:00:00+05:30,316.83,19.92
2023-04-03 09:00:00+05:30,507.36,23.42
2023-04-03 10:00:00+05:30,665.92,26.19
2023-04-03 11:00:00+05:30,778.05,28.37
2023-04-03 12:00:00+05:30,780.0,30.2
2023-04-03 13:00:00+05:30,709.47,31.83
2023-04-03 14:00:00+05:30,620.09,32.66
2023-04-03 15:00:00+05:30,521.94,32.8
2023-04-03 16:00:00+05:30,369.52,32.74
2023-04-03 17:00:00+05:30,218.48,32.09
2023-04-03 18:00:00+05:30,60.79,30.95
2023-04-03 19:00:00+05:30,0.0,29.25
2023-04-03 20:00:00+05:30,0.0,26.95
2023-04-03 21:00:00+05:30,0.0,24.92
2023-04-03 22:00:00+05:30,0.0,23.9
2023-04-03 23:00:00+05:30,0.0,23.42
2023-04-04 00:00:00+05:30,0.0,22.5
2023-04-04 01:00:00+05:30,0.0,21.54
2023-04-04 02:00:00+05:30,0.0,21.45
2023-04-04 03:00:00+05:30,0.0,20.07
2023-04-04 04:00:00+05:30,0.0,20.11
2023-04-04 05:00:00+05:30,0.0,20.5
2023-04-04 06:00:00+05:30,0.0,18.7
2023-04-04 07:00:00+05:30,104.76,18.66
2023-04-04 08:00:00+05:30,291.0,20.08
2023-04-04 09:00:00+05:30,449.78,22.86
2023-04-04 10:00:00+05:30,623.39,25.47
2023-04-04 11:00:00+05:30,766.28,27.62
2023-04-04 12:00:00+05:30,824.17,29.38
2023-04-04 13:00:00+05:30,817.61,28.61
2023-04-04 14:00:00+05:30,753.08,29.46
2023-04-04 15:00:00+05:30,628.25,30.0
2023-04-04 16:00:00+05:30,457.65,30.16
2023-04-04 17:00:00+05:30,263.17,29.9
2023-04-04 18:00:00+05:30,76.7,28.99
2023-04-04 19:00:00+05:30,0.0,27.14
2023-04-04 20:00:00+05:30,0.0,25.65
2023-04-04 21:00:00+05:30,0.0,24.07
2023-04-04 22:00:00+05:30,0.0,23.12
2023-04-04 23:00:00+05:30,0.0,22.43
2023-04-05 00:00:00+05:30,0.0,21.6
2023-04-05 01:00:00+05:30,0.0,21.09
2023-04-05 02:00:00+05:30,0.0,20.26
2023-04-05 03:00:00+05:30,0.0,19.34
2023-04-05 04:00:00+05:30,0.0,18.46
2023-04-05 05:00:00+05:30,0.0,17.7
2023-04-05 06:00:00+05:30,0.0,17.05
2023-04-05 07:00:00+05:30,133.2,16.61
2023-04-05 08:00:00+05:30,330.31,19.03
2023-04-05 09:00:00+05:30,521.0,22.88
2023-04-05 10:00:00+05:30,678.59,25.96
2023-04-05 11:00:00+05:30,788.41,28.24
2023-04-05 12:00:00+05:30,849.36,29.71
2023-04-05 13:00:00+05:30,711.8,30.94
2023-04-05 14:00:00+05:30,661.93,31.35
2023-04-05 15:00:00+05:30,623.62,31.62
2023-04-05 16:00:00+05:30,438.65,31.72
2023-04-05 17:00:00+05:30,258.05,31.3
2023-04-05 18:00:00+05:30,78.76,30.19
2023-04-05 19:00:00+05:30,0.0,28.7
2023-04-05 20:00:00+05:30,0.0,26.54
2023-04-05 21:00:00+05:30,0.0,24.39
2023-04-05 22:00:00+05:30,0.0,22.91
2023-04-05 23:00:00+05:30,0.0,21.7
2023-04-06 00:00:00+05:30,0.0,20.99
2023-04-06 01:00:00+05:30,0.0,20.84
2023-04-06 02:00:00+05:30,0.0,20.25
2023-04-06 03:00:00+05:30,0.0,19.65
2023-04-06 04:00:00+05:30,0.0,19.17
2023-04-06 05:00:00+05:30,0.0,18.62
2023-04-06 06:00:00+05:30,0.0,17.98
2023-04-06 07:00:00+05:30,138.58,17.39
2023-04-06 08:00:00+05:30,337.68,19.3
2023-04-06 09:00:00+05:30,528.23,23.01
2023-04-06 10:00:00+05:30,685.53,25.91
2023-04-06 11:00:00+05:30,793.63,28.33
2023-04-06 12:00:00+05:30,841.81,30.08
2023-04-06 13:00:00+05:30,832.31,30.96
2023-04-06 14:00:00+05:30,768.55,31.7
2023-04-06 15:00:00+05:30,536.07,32.15
2023-04-06 16:00:00+05:30,422.63,31.86
2023-04-06 17:00:00+05:30,235.66,31.47
2023-04-06 18:00:00+05:30,62.22,30.17
2023-04-06 19:00:00+05:30,0.0,28.34
2023-04-06 20:00:00+05:30,0.0,26.57
2023-04-06 21:00:00+05:30,0.0,24.58
2023-04-06 22:00:00+05:30,0.0,22.62
2023-04-06 23:00:00+05:30,0.0,21.46
2023-04-07 00:00:00+05:30,0.0,20.6
2023-04-07 01:00:00+05:30,0.0,20.42
2023-04-07 02:00:00+05:30,0.0,19.82
2023-04-07 03:00:00+05:30,0.0,19.55
2023-04-07 04:00:00+05:30,0.0,19.16
2023-04-07 05:00:00+05:30,0.0,18.63
2023-04-07 06:00:00+05:30,0.0,18.1
2023-04-07 07:00:00+05:30,144.75,17.65
2023-04-07 08:00:00+05:30,347.41,19.54
2023-04-07 09:00:00+05:30,541.67,23.04
2023-04-07 10:00:00+05:30,701.86,26.01
2023-04-07 11:00:00+05:30,813.29,28.47
2023-04-07 12:00:00+05:30,860.6,30.24
2023-04-07 13:00:00+05:30,850.1,31.58
2023-04-07 14:00:00+05:30,777.47,32.39
2023-04-07 15:00:00+05:30,651.08,32.76
2023-04-07 16:00:00+05:30,480.86,32.76
2023-04-07 17:00:00+05:30,282.44,32.29
2023-04-07 18:00:00+05:30,89.87,31.04
2023-04-07 19:00:00+05:30,0.0,28.96
2023-04-07 20:00:00+05:30,0.0,26.62
2023-04-07 21:00:00+05:30,0.0,24.58
2023-04-07 22:00:00+05:30,0.0,22.99
2023-04-07 23:00:00+05:30,0.0,21.75
2023-04-08 00:00:00+05:30,0.0,20.76
2023-04-08 01:00:00+05:30,0.0,20.17
2023-04-08 02:00:00+05:30,0.0,19.31
2023-04-08 03:00:00+05:30,0.0,18.78
2023-04-08 04:00:00+05:30,0.0,18.5
2023-04-08 05:00:00+05:30,0.0,18.2
2023-04-08 06:00:00+05:30,0.0,17.97
2023-04-08 07:00:00+05:30,118.51,17.52
2023-04-08 08:00:00+05:30,295.36,19.53
2023-04-08 09:00:00+05:30,494.18,23.22
2023-04-08 10:00:00+05:30,665.23,26.38
2023-04-08 11:00:00+05:30,787.75,28.77
2023-04-08 12:00:00+05:30,857.81,30.37
2023-04-08 13:00:00+05:30,846.6,31.9
2023-04-08 14:00:00+05:30,774.17,32.93
2023-04-08 15:00:00+05:30,648.28,33.46
2023-04-08 16:00:00+05:30,464.38,33.57
2023-04-08 17:00:00+05:30,272.17,33.2
2023-04-08 18:00:00+05:30,86.14,31.76
2023-04-08 19:00:00+05:30,0.0,29.79
2023-04-08 20:00:00+05:30,0.0,27.44
2023-04-08 21:00:00+05:30,0.0,25.41
2023-04-08 22:00:00+05:30,0.0,23.93
2023-04-08 23:00:00+05:30,0.0,22.45
2023-04-09 00:00:00+05:30,0.0,21.99
2023-04-09 01:00:00+05:30,0.0,22.88
2023-04-09 02:00:00+05:30,0.0,20.39
2023-04-09 03:00:00+05:30,0.0,18.76
2023-04-09 04:00:00+05:30,0.0,20.27
2023-04-09 05:00:00+05:30,0.0,17.5
2023-04-09 06:00:00+05:30,0.0,16.79
2023-04-09 07:00:00+05:30,150.86,16.37
2023-04-09 08:00:00+05:30,352.95,20.08
2023-04-09 09:00:00+05:30,546.1,25.02
2023-04-09 10:00:00+05:30,705.56,28.59
2023-04-09 11:00:00+05:30,816.59,30.95
2023-04-09 12:00:00+05:30,869.58,32.32
2023-04-09 13:00:00+05:30,840.28,33.54
2023-04-09 14:00:00+05:30,785.92,34.06
2023-04-09 15:00:00+05:30,654.87,34.45
2023-04-09 16:00:00+05:30,486.57,34.44
2023-04-09 17:00:00+05:30,289.07,33.98
2023-04-09 18:00:00+05:30,93.55,32.66
2023-04-09 19:00:00+05:30,0.0,30.44
2023-04-09 20:00:00+05:30,0.0,27.92
2023-04-09 21:00:00+05:30,0.0,25.77
2023-04-09 22:00:00+05:30,0.0,24.35
2023-04-09 23:00:00+05:30,0.0,23.13
2023-04-10 00:00:00+05:30,0.0,22.01
2023-04-10 01:00:00+05:30,0.0,20.59
2023-04-10 02:00:00+05:30,0.0,20.18
2023-04-10 03:00:00+05:30,0.0,18.37
2023-04-10 04:00:00+05:30,0.0,17.43
2023-04-10 05:00:00+05:30,0.0,16.73
2023-04-10 06:00:00+05:30,0.0,16.14
2023-04-10 07:00:00+05:30,149.92,16.07
2023-04-10 08:00:00+05:30,339.18,19.19
2023-04-10 09:00:00+05:30,533.96,23.9
2023-04-10 10:00:00+05:30,711.68,27.38
2023-04-10 11:00:00+05:30,821.87,30.07
2023-04-10 12:00:00+05:30,872.45,31.96
2023-04-10 13:00:00+05:30,859.57,35.0
2023-04-10 14:00:00+05:30,787.49,35.58
2023-04-10 15:00:00+05:30,657.3,35.77
2023-04-10 16:00:00+05:30,481.96,35.69
2023-04-10 17:00:00+05:30,284.54,35.27
2023-04-10 18:00:00+05:30,94.66,33.83
2023-04-10 19:00:00+05:30,0.0,30.94
2023-04-10 20:00:00+05:30,0.0,28.18
2023-04-10 21:00:00+05:30,0.0,26.49
2023-04-10 22:00:00+05:30,0.0,25.36
2023-04-10 23:00:00+05:30,0.0,24.42
2023-04-11 00:00:00+05:30,0.0,23.53
2023-04-11 01:00:00+05:30,0.0,22.55
2023-04-11 02:00:00+05:30,0.0,21.69
2023-04-11 03:00:00+05:30,0.0,20.75
2023-04-11 04:00:00+05:30,0.0,19.74
2023-04-11 05:00:00+05:30,0.0,18.76
2023-04-11 06:00:00+05:30,0.0,17.9
2023-04-11 07:00:00+05:30,160.93,17.39
2023-04-11 08:00:00+05:30,364.01,20.46
2023-04-11 09:00:00+05:30,555.65,25.53
2023-04-11 10:00:00+05:30,714.13,29.16
2023-04-11 11:00:00+05:30,823.97,31.97
2023-04-11 12:00:00+05:30,870.72,33.81
2023-04-11 13:00:00+05:30,858.01,35.49
2023-04-11 14:00:00+05:30,785.38,36.11
2023-04-11 15:00:00+05:30,660.26,36.43
2023-04-11 16:00:00+05:30,484.71,36.45
2023-04-11 17:00:00+05:30,277.11,36.06
2023-04-11 18:00:00+05:30,89.63,34.68
2023-04-11 19:00:00+05:30,0.0,32.59
2023-04-11 20:00:00+05:30,0.0,30.18
2023-04-11 21:00:00+05:30,0.0,28.23
2023-04-11 22:00:00+05:30,0.0,26.69
2023-04-11 23:00:00+05:30,0.0,25.55
2023-04-12 00:00:00+05:30,0.0,24.5
2023-04-12 01:00:00+05:30,0.0,23.62
2023-04-12 02:00:00+05:30,0.0,22.42
2023-04-12 03:00:00+05:30,0.0,21.44
2023-04-12 04:00:00+05:30,0.0,20.96
2023-04-12 05:00:00+05:30,0.0,20.5
2023-04-12 06:00:00+05:30,0.0,20.14
2023-04-12 07:00:00+05:30,160.37,20.09
2023-04-12 08:00:00+05:30,362.0,22.67
2023-04-12 09:00:00+05:30,552.4,26.87
2023-04-12 10:00:00+05:30,701.19,30.07
2023-04-12 11:00:00+05:30,810.96,32.69
2023-04-12 12:00:00+05:30,857.44,34.66
2023-04-12 13:00:00+05:30,805.03,36.88
2023-04-12 14:00:00+05:30,777.04,37.23
2023-04-12 15:00:00+05:30,624.3,37.41
2023-04-12 16:00:00+05:30,381.67,37.28
2023-04-12 17:00:00+05:30,274.44,35.39
2023-04-12 18:00:00+05:30,91.45,34.36
2023-04-12 19:00:00+05:30,0.0,32.21
2023-04-12 20:00:00+05:30,0.0,29.9
2023-04-12 21:00:00+05:30,0.0,28.55
2023-04-12 22:00:00+05:30,0.0,27.58
2023-04-12 23:00:00+05:30,0.0,26.65
2023-04-13 00:00:00+05:30,0.0,25.52
2023-04-13 01:00:00+05:30,0.0,24.57
2023-04-13 02:00:00+05:30,0.0,23.97
2023-04-13 03:00:00+05:30,0.0,23.38
2023-04-13 04:00:00+05:30,0.0,22.8
2023-04-13 05:00:00+05:30,0.0,22.19
2023-04-13 06:00:00+05:30,0.0,21.46
2023-04-13 07:00:00+05:30,162.93,20.66
2023-04-13 08:00:00+05:30,364.56,23.35
2023-04-13 09:00:00+05:30,554.06,27.43
2023-04-13 10:00:00+05:30,709.84,30.72
2023-04-13 11:00:00+05:30,816.28,33.33
2023-04-13 12:00:00+05:30,862.73,35.15
2023-04-13 13:00:00+05:30,849.86,36.97
2023-04-13 14:00:00+05:30,781.11,37.57
2023-04-13 15:00:00+05:30,652.05,37.76
2023-04-13 16:00:00+05:30,482.75,37.74
2023-04-13 17:00:00+05:30,272.59,37.33
2023-04-13 18:00:00+05:30,87.91,36.19
2023-04-13 19:00:00+05:30,0.0,34.08
2023-04-13 20:00:00+05:30,0.0,31.75
2023-04-13 21:00:00+05:30,0.0,29.96
2023-04-13 22:00:00+05:30,0.0,28.49
2023-04-13 23:00:00+05:30,0.0,27.03
2023-04-14 00:00:00+05:30,0.0,25.43
2023-04-14 01:00:00+05:30,0.0,25.54
2023-04-14 02:00:00+05:30,0.0,24.25
2023-04-14 03:00:00+05:30,0.0,23.26
2023-04-14 04:00:00+05:30,0.0,22.41
2023-04-14 05:00:00+05:30,0.0,21.96
2023-04-14 06:00:00+05:30,0.0,21.71
2023-04-14 07:00:00+05:30,148.28,21.35
2023-04-14 08:00:00+05:30,354.11,23.81
2023-04-14 09:00:00+05:30,548.87,28.12
2023-04-14 10:00:00+05:30,704.06,31.95
2023-04-14 11:00:00+05:30,808.35,34.97
2023-04-14 12:00:00+05:30,869.4,36.68
2023-04-14 13:00:00+05:30,765.55,38.09
2023-04-14 14:00:00+05:30,734.14,38.29
2023-04-14 15:00:00+05:30,644.16,38.49
2023-04-14 16:00:00+05:30,430.42,38.38
2023-04-14 17:00:00+05:30,185.71,37.83
2023-04-14 18:00:00+05:30,79.57,36.41
2023-04-14 19:00:00+05:30,0.0,34.98
2023-04-14 20:00:00+05:30,0.0,32.27
2023-04-14 21:00:00+05:30,0.0,31.07
2023-04-14 22:00:00+05:30,0.0,28.39
2023-04-14 23:00:00+05:30,0.0,27.87
2023-04-15 00:00:00+05:30,0.0,26.96
2023-04-15 01:00:00+05:30,0.0,24.46
2023-04-15 02:00:00+05:30,0.0,23.02
2023-04-15 03:00:00+05:30,0.0,22.37
2023-04-15 04:00:00+05:30,0.0,22.2
2023-04-15 05:00:00+05:30,0.0,21.66
2023-04-15 06:00:00+05:30,9.45,20.32
2023-04-15 07:00:00+05:30,173.42,19.99
2023-04-15 08:00:00+05:30,377.05,23.73
2023-04-15 09:00:00+05:30,568.45,29.07
2023-04-15 10:00:00+05:30,724.99,33.0
2023-04-15 11:00:00+05:30,832.21,36.02
2023-04-15 12:00:00+05:30,812.05,37.82
2023-04-15 13:00:00+05:30,785.02,38.81
2023-04-15 14:00:00+05:30,786.48,39.13
2023-04-15 15:00:00+05:30,667.05,39.34
2023-04-15 16:00:00+05:30,470.77,39.31
2023-04-15 17:00:00+05:30,268.61,38.93
2023-04-15 18:00:00+05:30,101.48,37.8
2023-04-15 19:00:00+05:30,0.0,36.15
2023-04-15 20:00:00+05:30,0.0,34.0
2023-04-15 21:00:00+05:30,0.0,32.05
2023-04-15 22:00:00+05:30,0.0,28.24
2023-04-15 23:00:00+05:30,0.0,26.59
2023-04-16 00:00:00+05:30,0.0,26.5
2023-04-16 01:00:00+05:30,0.0,24.62
2023-04-16 02:00:00+05:30,0.0,24.45
2023-04-16 03:00:00+05:30,0.0,23.48
2023-04-16 04:00:00+05:30,0.0,22.23
2023-04-16 05:00:00+05:30,0.0,21.86
2023-04-16 06:00:00+05:30,9.89,21.69
2023-04-16 07:00:00+05:30,175.65,21.7
2023-04-16 08:00:00+05:30,374.84,25.0
2023-04-16 09:00:00+05:30,566.37,29.83
2023-04-16 10:00:00+05:30,720.25,33.32
2023-04-16 11:00:00+05:30,827.83,36.02
2023-04-16 12:00:00+05:30,841.71,37.79
2023-04-16 13:00:00+05:30,771.43,38.7
2023-04-16 14:00:00+05:30,759.65,38.69
2023-04-16 15:00:00+05:30,633.69,38.73
2023-04-16 16:00:00+05:30,457.84,38.6
2023-04-16 17:00:00+05:30,284.04,38.32
2023-04-16 18:00:00+05:30,92.28,37.61
2023-04-16 19:00:00+05:30,0.0,35.26
2023-04-16 20:00:00+05:30,0.0,33.17
2023-04-16 21:00:00+05:30,0.0,31.66
2023-04-16 22:00:00+05:30,0.0,29.99
2023-04-16 23:00:00+05:30,0.0,28.47
2023-04-17 00:00:00+05:30,0.0,27.16
2023-04-17 01:00:00+05:30,0.0,25.55
2023-04-17 02:00:00+05:30,0.0,24.8
2023-04-17 03:00:00+05:30,0.0,24.08
2023-04-17 04:00:00+05:30,0.0,23.44
2023-04-17 05:00:00+05:30,0.0,22.94
2023-04-17 06:00:00+05:30,10.52,22.62
2023-04-17 07:00:00+05:30,180.92,22.37
2023-04-17 08:00:00+05:30,384.08,25.48
2023-04-17 09:00:00+05:30,574.16,30.09
2023-04-17 10:00:00+05:30,728.25,33.4
2023-04-17 11:00:00+05:30,834.3,35.8
2023-04-17 12:00:00+05:30,853.22,37.57
2023-04-17 13:00:00+05:30,791.75,38.65
2023-04-17 14:00:00+05:30,761.17,39.29
2023-04-17 15:00:00+05:30,667.85,39.74
2023-04-17 16:00:00+05:30,492.94,39.73
2023-04-17 17:00:00+05:30,294.71,39.36
2023-04-17 18:00:00+05:30,107.03,38.26
2023-04-17 19:00:00+05:30,0.0,36.81
2023-04-17 20:00:00+05:30,0.0,34.23
2023-04-17 21:00:00+05:30,0.0,31.89
2023-04-17 22:00:00+05:30,0.0,29.68
2023-04-17 23:00:00+05:30,0.0,28.69
2023-04-18 00:00:00+05:30,0.0,28.61
2023-04-18 01:00:00+05:30,0.0,27.26
2023-04-18 02:00:00+05:30,0.0,26.49
2023-04-18 03:00:00+05:30,0.0,25.68
2023-04-18 04:00:00+05:30,0.0,24.93
2023-04-18 05:00:00+05:30,0.0,24.2
2023-04-18 06:00:00+05:30,10.86,23.51
2023-04-18 07:00:00+05:30,181.31,23.19
2023-04-18 08:00:00+05:30,383.39,26.44
2023-04-18 09:00:00+05:30,572.28,30.77
2023-04-18 10:00:00+05:30,726.2,33.97
2023-04-18 11:00:00+05:30,831.99,36.44
2023-04-18 12:00:00+05:30,710.58,38.31
2023-04-18 13:00:00+05:30,819.49,38.92
2023-04-18 14:00:00+05:30,783.98,39.57
2023-04-18 15:00:00+05:30,634.48,39.92
2023-04-18 16:00:00+05:30,429.29,39.92
2023-04-18 17:00:00+05:30,246.37,39.28
2023-04-18 18:00:00+05:30,72.8,37.84
2023-04-18 19:00:00+05:30,0.0,35.77
2023-04-18 20:00:00+05:30,0.0,34.06
2023-04-18 21:00:00+05:30,0.0,32.02
2023-04-18 22:00:00+05:30,0.0,29.64
2023-04-18 23:00:00+05:30,0.0,27.99
2023-04-19 00:00:00+05:30,0.0,27.38
2023-04-19 01:00:00+05:30,0.0,28.1
2023-04-19 02:00:00+05:30,0.0,27.48
2023-04-19 03:00:00+05:30,0.0,26.45
2023-04-19 04:00:00+05:30,0.0,25.2
2023-04-19 05:00:00+05:30,0.0,23.99
2023-04-19 06:00:00+05:30,11.69,23.0
2023-04-19 07:00:00+05:30,188.04,22.51
2023-04-19 08:00:00+05:30,391.2,25.21
2023-04-19 09:00:00+05:30,579.38,28.85
2023-04-19 10:00:00+05:30,727.71,32.18
2023-04-19 11:00:00+05:30,834.5,34.97
2023-04-19 12:00:00+05:30,865.25,37.23
2023-04-19 13:00:00+05:30,804.87,36.95
2023-04-19 14:00:00+05:30,748.72,37.74
2023-04-19 15:00:00+05:30,519.22,37.96
2023-04-19 16:00:00+05:30,324.21,37.86
2023-04-19 17:00:00+05:30,246.76,37.57
2023-04-19 18:00:00+05:30,98.46,36.36
2023-04-19 19:00:00+05:30,0.0,34.67
2023-04-19 20:00:00+05:30,0.0,32.71
2023-04-19 21:00:00+05:30,0.0,31.52
2023-04-19 22:00:00+05:30,0.0,30.64
2023-04-19 23:00:00+05:30,0.0,29.47
2023-04-20 00:00:00+05:30,0.0,27.15
2023-04-20 01:00:00+05:30,0.0,26.62
2023-04-20 02:00:00+05:30,0.0,26.06
2023-04-20 03:00:00+05:30,0.0,25.87
2023-04-20 04:00:00+05:30,0.0,25.48
2023-04-20 05:00:00+05:30,0.0,24.74
2023-04-20 06:00:00+05:30,14.62,23.95
2023-04-20 07:00:00+05:30,161.63,23.78
2023-04-20 08:00:00+05:30,391.51,26.06
2023-04-20 09:00:00+05:30,577.36,29.35
2023-04-20 10:00:00+05:30,728.3,32.04
2023-04-20 11:00:00+05:30,824.91,33.71
2023-04-20 12:00:00+05:30,855.21,34.94
2023-04-20 13:00:00+05:30,830.35,35.78
2023-04-20 14:00:00+05:30,769.28,36.36
2023-04-20 15:00:00+05:30,649.3,36.81
2023-04-20 16:00:00+05:30,413.98,36.93
2023-04-20 17:00:00+05:30,190.74,34.75
2023-04-20 18:00:00+05:30,79.66,34.03
2023-04-20 19:00:00+05:30,0.0,31.73
2023-04-20 20:00:00+05:30,0.0,30.17
2023-04-20 21:00:00+05:30,0.0,29.52
2023-04-20 22:00:00+05:30,0.0,27.98
2023-04-20 23:00:00+05:30,0.0,26.78
2023-04-21 00:00:00+05:30,0.0,25.8
2023-04-21 01:00:00+05:30,0.0,25.83
2023-04-21 02:00:00+05:30,0.0,24.87
2023-04-21 03:00:00+05:30,0.0,25.17
2023-04-21 04:00:00+05:30,0.0,23.78
2023-04-21 05:00:00+05:30,0.0,23.52
2023-04-21 06:00:00+05:30,12.23,22.24
2023-04-21 07:00:00+05:30,185.18,22.0
2023-04-21 08:00:00+05:30,382.33,25.66
2023-04-21 09:00:00+05:30,567.87,29.31
2023-04-21 10:00:00+05:30,715.99,31.85
2023-04-21 11:00:00+05:30,801.2,33.75
2023-04-21 12:00:00+05:30,838.2,34.91
2023-04-21 13:00:00+05:30,810.16,34.94
2023-04-21 14:00:00+05:30,751.41,35.35
2023-04-21 15:00:00+05:30,635.36,35.59
2023-04-21 16:00:00+05:30,419.72,35.59
2023-04-21 17:00:00+05:30,242.64,35.13
2023-04-21 18:00:00+05:30,90.19,34.05
2023-04-21 19:00:00+05:30,0.0,32.12
2023-04-21 20:00:00+05:30,0.0,29.9
2023-04-21 21:00:00+05:30,0.0,28.51
2023-04-21 22:00:00+05:30,0.0,27.25
2023-04-21 23:00:00+05:30,0.0,26.11
2023-04-22 00:00:00+05:30,0.0,24.99
2023-04-22 01:00:00+05:30,0.0,24.82
2023-04-22 02:00:00+05:30,0.0,23.71
2023-04-22 03:00:00+05:30,0.0,22.85
2023-04-22 04:00:00+05:30,0.0,22.0
2023-04-22 05:00:00+05:30,0.0,21.42
2023-04-22 06:00:00+05:30,13.76,21.17
2023-04-22 07:00:00+05:30,199.15,21.36
2023-04-22 08:00:00+05:30,405.06,24.76
2023-04-22 09:00:00+05:30,594.78,28.92
2023-04-22 10:00:00+05:30,751.56,31.84
2023-04-22 11:00:00+05:30,824.83,34.05
2023-04-22 12:00:00+05:30,864.0,35.27
2023-04-22 13:00:00+05:30,832.77,35.61
2023-04-22 14:00:00+05:30,805.24,36.04
2023-04-22 15:00:00+05:30,696.92,36.26
2023-04-22 16:00:00+05:30,516.0,36.24
2023-04-22 17:00:00+05:30,309.08,35.9
2023-04-22 18:00:00+05:30,114.23,34.82
2023-04-22 19:00:00+05:30,0.0,32.71
2023-04-22 20:00:00+05:30,0.0,30.2
2023-04-22 21:00:00+05:30,0.0,28.41
2023-04-22 22:00:00+05:30,0.0,27.08
2023-04-22 23:00:00+05:30,0.0,25.89
2023-04-23 00:00:00+05:30,0.0,24.67
2023-04-23 01:00:00+05:30,0.0,23.55
2023-04-23 02:00:00+05:30,0.0,22.62
2023-04-23 03:00:00+05:30,0.0,21.95
2023-04-23 04:00:00+05:30,0.0,21.5
2023-04-23 05:00:00+05:30,0.0,20.97
2023-04-23 06:00:00+05:30,14.35,20.43
2023-04-23 07:00:00+05:30,175.98,20.42
2023-04-23 08:00:00+05:30,324.63,23.15
2023-04-23 09:00:00+05:30,531.96,26.62
2023-04-23 10:00:00+05:30,600.64,29.84
2023-04-23 11:00:00+05:30,784.97,32.1
2023-04-23 12:00:00+05:30,782.96,33.13
2023-04-23 13:00:00+05:30,766.74,33.33
2023-04-23 14:00:00+05:30,770.79,33.15
2023-04-23 15:00:00+05:30,501.14,33.32
2023-04-23 16:00:00+05:30,296.3,32.96
2023-04-23 17:00:00+05:30,213.19,32.21
2023-04-23 18:00:00+05:30,90.51,31.38
2023-04-23 19:00:00+05:30,0.0,29.6
2023-04-23 20:00:00+05:30,0.0,27.75
2023-04-23 21:00:00+05:30,0.0,26.24
2023-04-23 22:00:00+05:30,0.0,25.18
2023-04-23 23:00:00+05:30,0.0,23.15
2023-04-24 00:00:00+05:30,0.0,22.29
2023-04-24 01:00:00+05:30,0.0,21.71
2023-04-24 02:00:00+05:30,0.0,22.3
2023-04-24 03:00:00+05:30,0.0,21.65
2023-04-24 04:00:00+05:30,0.0,21.45
2023-04-24 05:00:00+05:30,0.0,19.64
2023-04-24 06:00:00+05:30,14.1,19.3
2023-04-24 07:00:00+05:30,161.86,19.72
2023-04-24 08:00:00+05:30,328.69,21.56
2023-04-24 09:00:00+05:30,562.19,23.77
2023-04-24 10:00:00+05:30,707.25,26.37
2023-04-24 11:00:00+05:30,810.5,28.53
2023-04-24 12:00:00+05:30,798.96,28.69
2023-04-24 13:00:00+05:30,765.68,29.9
2023-04-24 14:00:00+05:30,687.52,29.09
2023-04-24 15:00:00+05:30,532.35,28.85
2023-04-24 16:00:00+05:30,378.53,29.19
2023-04-24 17:00:00+05:30,203.05,29.11
2023-04-24 18:00:00+05:30,103.57,28.56
2023-04-24 19:00:00+05:30,0.0,27.25
2023-04-24 20:00:00+05:30,0.0,25.67
2023-04-24 21:00:00+05:30,0.0,24.66
2023-04-24 22:00:00+05:30,0.0,23.79
2023-04-24 23:00:00+05:30,0.0,23.08
2023-04-25 00:00:00+05:30,0.0,22.42
2023-04-25 01:00:00+05:30,0.0,21.75
2023-04-25 02:00:00+05:30,0.0,21.02
2023-04-25 03:00:00+05:30,0.0,20.4
2023-04-25 04:00:00+05:30,0.0,19.88
2023-04-25 05:00:00+05:30,0.0,19.41
2023-04-25 06:00:00+05:30,15.93,19.02
2023-04-25 07:00:00+05:30,199.34,19.14
2023-04-25 08:00:00+05:30,404.95,21.63
2023-04-25 09:00:00+05:30,592.45,24.36
2023-04-25 10:00:00+05:30,744.83,26.74
2023-04-25 11:00:00+05:30,849.14,28.87
2023-04-25 12:00:00+05:30,895.91,30.43
2023-04-25 13:00:00+05:30,874.46,31.54
2023-04-25 14:00:00+05:30,786.19,32.34
2023-04-25 15:00:00+05:30,656.96,32.63
2023-04-25 16:00:00+05:30,475.66,32.64
2023-04-25 17:00:00+05:30,260.29,32.28
2023-04-25 18:00:00+05:30,80.46,31.54
2023-04-25 19:00:00+05:30,0.0,29.85
2023-04-25 20:00:00+05:30,0.0,27.86
2023-04-25 21:00:00+05:30,0.0,26.14
2023-04-25 22:00:00+05:30,0.0,24.85
2023-04-25 23:00:00+05:30,0.0,23.85
2023-04-26 00:00:00+05:30,0.0,23.01
2023-04-26 01:00:00+05:30,0.0,22.46
2023-04-26 02:00:00+05:30,0.0,21.88
2023-04-26 03:00:00+05:30,0.0,21.37
2023-04-26 04:00:00+05:30,0.0,20.91
2023-04-26 05:00:00+05:30,0.0,20.59
2023-04-26 06:00:00+05:30,30.03,20.11
2023-04-26 07:00:00+05:30,162.98,21.3
2023-04-26 08:00:00+05:30,366.95,23.2
2023-04-26 09:00:00+05:30,525.12,27.2
2023-04-26 10:00:00+05:30,676.92,30.17
2023-04-26 11:00:00+05:30,751.16,31.92
2023-04-26 12:00:00+05:30,822.19,32.96
2023-04-26 13:00:00+05:30,840.2,33.61
2023-04-26 14:00:00+05:30,766.9,34.09
2023-04-26 15:00:00+05:30,615.33,34.28
2023-04-26 16:00:00+05:30,449.43,34.27
2023-04-26 17:00:00+05:30,292.69,33.86
2023-04-26 18:00:00+05:30,115.76,33.2
2023-04-26 19:00:00+05:30,0.0,31.44
2023-04-26 20:00:00+05:30,0.0,28.99
2023-04-26 21:00:00+05:30,0.0,27.34
2023-04-26 22:00:00+05:30,0.0,26.47
2023-04-26 23:00:00+05:30,0.0,25.61
2023-04-27 00:00:00+05:30,0.0,24.76
2023-04-27 01:00:00+05:30,0.0,24.45
2023-04-27 02:00:00+05:30,0.0,23.63
2023-04-27 03:00:00+05:30,0.0,23.01
2023-04-27 04:00:00+05:30,0.0,22.47
2023-04-27 05:00:00+05:30,0.0,21.88
2023-04-27 06:00:00+05:30,40.65,21.35
2023-04-27 07:00:00+05:30,209.55,21.63
2023-04-27 08:00:00+05:30,404.38,24.7
2023-04-27 09:00:00+05:30,570.73,27.79
2023-04-27 10:00:00+05:30,750.9,30.52
2023-04-27 11:00:00+05:30,849.91,32.99
2023-04-27 12:00:00+05:30,877.6,34.52
2023-04-27 13:00:00+05:30,798.82,35.6
2023-04-27 14:00:00+05:30,745.46,35.83
2023-04-27 15:00:00+05:30,628.93,36.0
2023-04-27 16:00:00+05:30,444.8,36.09
2023-04-27 17:00:00+05:30,244.92,35.72
2023-04-27 18:00:00+05:30,95.56,34.61
2023-04-27 19:00:00+05:30,0.0,32.42
2023-04-27 20:00:00+05:30,0.0,30.37
2023-04-27 21:00:00+05:30,0.0,28.95
2023-04-27 22:00:00+05:30,0.0,27.27
2023-04-27 23:00:00+05:30,0.0,25.87
2023-04-28 00:00:00+05:30,0.0,25.12
2023-04-28 01:00:00+05:30,0.0,24.81
2023-04-28 02:00:00+05:30,0.0,24.52
2023-04-28 03:00:00+05:30,0.0,24.19
2023-04-28 04:00:00+05:30,0.0,23.76
2023-04-28 05:00:00+05:30,0.0,23.37
2023-04-28 06:00:00+05:30,18.47,23.05
2023-04-28 07:00:00+05:30,86.03,23.45
2023-04-28 08:00:00+05:30,207.63,25.4
2023-04-28 09:00:00+05:30,323.77,27.99
2023-04-28 10:00:00+05:30,482.94,30.59
2023-04-28 11:00:00+05:30,571.33,32.45
2023-04-28 12:00:00+05:30,721.72,33.21
2023-04-28 13:00:00+05:30,687.79,32.05
2023-04-28 14:00:00+05:30,632.32,31.75
2023-04-28 15:00:00+05:30,538.44,32.2
2023-04-28 16:00:00+05:30,448.24,32.26
2023-04-28 17:00:00+05:30,257.84,32.26
2023-04-28 18:00:00+05:30,105.59,31.52
2023-04-28 19:00:00+05:30,0.0,29.94
2023-04-28 20:00:00+05:30,0.0,28.1
2023-04-28 21:00:00+05:30,0.0,26.86
2023-04-28 22:00:00+05:30,0.0,25.96
2023-04-28 23:00:00+05:30,0.0,25.29
2023-04-29 00:00:00+05:30,0.0,24.34
2023-04-29 01:00:00+05:30,0.0,24.12
2023-04-29 02:00:00+05:30,0.0,23.68
2023-04-29 03:00:00+05:30,0.0,23.13
2023-04-29 04:00:00+05:30,0.0,22.73
2023-04-29 05:00:00+05:30,0.0,22.41
2023-04-29 06:00:00+05:30,25.25,22.2
2023-04-29 07:00:00+05:30,158.29,22.42
2023-04-29 08:00:00+05:30,349.81,25.08
2023-04-29 09:00:00+05:30,553.1,27.76
2023-04-29 10:00:00+05:30,674.41,30.11
2023-04-29 11:00:00+05:30,772.67,31.59
2023-04-29 12:00:00+05:30,646.13,32.71
2023-04-29 13:00:00+05:30,615.03,30.37
2023-04-29 14:00:00+05:30,593.27,30.17
2023-04-29 15:00:00+05:30,467.02,30.5
2023-04-29 16:00:00+05:30,349.59,30.56
2023-04-29 17:00:00+05:30,155.56,30.61
2023-04-29 18:00:00+05:30,81.79,28.65
2023-04-29 19:00:00+05:30,0.0,27.87
2023-04-29 20:00:00+05:30,0.0,26.86
2023-04-29 21:00:00+05:30,0.0,26.31
2023-04-29 22:00:00+05:30,0.0,25.03
2023-04-29 23:00:00+05:30,0.0,22.81
2023-04-30 00:00:00+05:30,0.0,22.21
2023-04-30 01:00:00+05:30,0.0,24.36
2023-04-30 02:00:00+05:30,0.0,23.61
2023-04-30 03:00:00+05:30,0.0,24.03
2023-04-30 04:00:00+05:30,0.0,22.63
2023-04-30 05:00:00+05:30,0.0,22.08
2023-04-30 06:00:00+05:30,22.72,21.9
2023-04-30 07:00:00+05:30,137.65,22.09
2023-04-30 08:00:00+05:30,235.72,23.92
2023-04-30 09:00:00+05:30,340.53,25.22
2023-04-30 10:00:00+05:30,519.04,26.32
2023-04-30 11:00:00+05:30,681.65,27.68
2023-04-30 12:00:00+05:30,470.27,28.93
2023-04-30 13:00:00+05:30,443.56,28.41
2023-04-30 14:00:00+05:30,561.28,28.22
2023-04-30 15:00:00+05:30,596.61,28.97
2023-04-30 16:00:00+05:30,449.43,29.43
2023-04-30 17:00:00+05:30,211.44,29.39
2023-04-30 18:00:00+05:30,72.37,28.57
2023-04-30 19:00:00+05:30,0.0,25.14
2023-04-30 20:00:00+05:30,0.0,23.52
2023-04-30 21:00:00+05:30,0.0,22.93
2023-04-30 22:00:00+05:30,0.0,22.32
2023-04-30 23:00:00+05:30,0.0,21.83
2023-05-01 00:00:00+05:30,0.0,21.6
2023-05-01 01:00:00+05:30,0.0,21.07
2023-05-01 02:00:00+05:30,0.0,20.77
2023-05-01 03:00:00+05:30,0.0,20.53
2023-05-01 04:00:00+05:30,0.0,20.32
2023-05-01 05:00:00+05:30,0.0,20.24
2023-05-01 06:00:00+05:30,38.93,20.07
2023-05-01 07:00:00+05:30,183.56,20.22
2023-05-01 08:00:00+05:30,316.39,21.06
2023-05-01 09:00:00+05:30,391.47,21.89
2023-05-01 10:00:00+05:30,486.21,23.73
2023-05-01 11:00:00+05:30,646.96,25.01
2023-05-01 12:00:00+05:30,559.62,26.6
2023-05-01 13:00:00+05:30,707.78,27.09
2023-05-01 14:00:00+05:30,615.54,27.93
2023-05-01 15:00:00+05:30,562.62,28.0
2023-05-01 16:00:00+05:30,395.35,27.74
2023-05-01 17:00:00+05:30,225.97,26.17
2023-05-01 18:00:00+05:30,77.13,24.73
2023-05-01 19:00:00+05:30,0.0,23.31
2023-05-01 20:00:00+05:30,0.0,22.64
2023-05-01 21:00:00+05:30,0.0,21.58
2023-05-01 22:00:00+05:30,0.0,20.63
2023-05-01 23:00:00+05:30,0.0,20.55
2023-05-02 00:00:00+05:30,0.0,20.42
2023-05-02 01:00:00+05:30,0.0,20.53
2023-05-02 02:00:00+05:30,0.0,20.35
2023-05-02 03:00:00+05:30,0.0,20.01
2023-05-02 04:00:00+05:30,0.0,19.76
2023-05-02 05:00:00+05:30,0.0,19.55
2023-05-02 06:00:00+05:30,36.48,19.59
2023-05-02 07:00:00+05:30,163.93,20.29
2023-05-02 08:00:00+05:30,265.89,21.91
2023-05-02 09:00:00+05:30,410.64,23.18
2023-05-02 10:00:00+05:30,512.15,24.68
2023-05-02 11:00:00+05:30,628.19,25.57
2023-05-02 12:00:00+05:30,813.47,26.29
2023-05-02 13:00:00+05:30,761.74,28.18
2023-05-02 14:00:00+05:30,553.78,28.76
2023-05-02 15:00:00+05:30,573.14,28.64
2023-05-02 16:00:00+05:30,399.45,28.85
2023-05-02 17:00:00+05:30,260.32,26.8
2023-05-02 18:00:00+05:30,94.97,24.72
2023-05-02 19:00:00+05:30,0.0,23.52
2023-05-02 20:00:00+05:30,0.0,23.41
2023-05-02 21:00:00+05:30,0.0,23.34
2023-05-02 22:00:00+05:30,0.0,23.11
2023-05-02 23:00:00+05:30,0.0,22.5
2023-05-03 00:00:00+05:30,0.0,22.01
2023-05-03 01:00:00+05:30,0.0,22.71
2023-05-03 02:00:00+05:30,0.0,21.73
2023-05-03 03:00:00+05:30,0.0,20.24
2023-05-03 04:00:00+05:30,0.0,20.12
2023-05-03 05:00:00+05:30,0.0,20.0
2023-05-03 06:00:00+05:30,44.95,19.56
2023-05-03 07:00:00+05:30,213.38,19.95
2023-05-03 08:00:00+05:30,348.08,21.84
2023-05-03 09:00:00+05:30,440.9,22.93
2023-05-03 10:00:00+05:30,349.02,22.51
2023-05-03 11:00:00+05:30,341.73,22.65
2023-05-03 12:00:00+05:30,752.78,22.62
2023-05-03 13:00:00+05:30,667.33,28.98
2023-05-03 14:00:00+05:30,635.9,29.28
2023-05-03 15:00:00+05:30,514.18,29.49
2023-05-03 16:00:00+05:30,404.6,28.9
2023-05-03 17:00:00+05:30,247.05,26.54
2023-05-03 18:00:00+05:30,74.56,26.03
2023-05-03 19:00:00+05:30,0.0,25.18
2023-05-03 20:00:00+05:30,0.0,24.07
2023-05-03 21:00:00+05:30,0.0,23.5
2023-05-03 22:00:00+05:30,0.0,22.72
2023-05-03 23:00:00+05:30,0.0,22.48
2023-05-04 00:00:00+05:30,0.0,22.47
2023-05-04 01:00:00+05:30,0.0,20.49
2023-05-04 02:00:00+05:30,0.0,20.31
2023-05-04 03:00:00+05:30,0.0,20.09
2023-05-04 04:00:00+05:30,0.0,19.72
2023-05-04 05:00:00+05:30,0.0,19.39
2023-05-04 06:00:00+05:30,43.04,19.15
2023-05-04 07:00:00+05:30,173.76,19.7
2023-05-04 08:00:00+05:30,325.56,20.99
2023-05-04 09:00:00+05:30,374.85,22.62
2023-05-04 10:00:00+05:30,579.23,23.95
2023-05-04 11:00:00+05:30,708.77,25.63
2023-05-04 12:00:00+05:30,840.71,27.0
2023-05-04 13:00:00+05:30,840.72,28.56
2023-05-04 14:00:00+05:30,773.46,29.41
2023-05-04 15:00:00+05:30,654.5,29.97
2023-05-04 16:00:00+05:30,454.43,30.19
2023-05-04 17:00:00+05:30,298.48,29.96
2023-05-04 18:00:00+05:30,116.62,29.6
2023-05-04 19:00:00+05:30,0.0,28.53
2023-05-04 20:00:00+05:30,0.0,27.1
2023-05-04 21:00:00+05:30,0.0,25.65
2023-05-04 22:00:00+05:30,0.0,24.31
2023-05-04 23:00:00+05:30,0.0,23.23
2023-05-05 00:00:00+05:30,0.0,22.34
2023-05-05 01:00:00+05:30,0.0,21.76
2023-05-05 02:00:00+05:30,0.0,21.3
2023-05-05 03:00:00+05:30,0.0,20.89
2023-05-05 04:00:00+05:30,0.0,20.52
2023-05-05 05:00:00+05:30,0.0,20.23
2023-05-05 06:00:00+05:30,52.6,19.97
2023-05-05 07:00:00+05:30,227.02,20.31
2023-05-05 08:00:00+05:30,431.18,24.13
2023-05-05 09:00:00+05:30,615.27,26.85
2023-05-05 10:00:00+05:30,763.43,28.82
2023-05-05 11:00:00+05:30,866.12,30.13
2023-05-05 12:00:00+05:30,763.66,31.28
2023-05-05 13:00:00+05:30,772.06,32.56
2023-05-05 14:00:00+05:30,723.27,32.79
2023-05-05 15:00:00+05:30,607.23,32.89
2023-05-05 16:00:00+05:30,462.42,32.83
2023-05-05 17:00:00+05:30,301.27,32.6
2023-05-05 18:00:00+05:30,126.68,31.9
2023-05-05 19:00:00+05:30,0.0,30.68
2023-05-05 20:00:00+05:30,0.0,28.7
2023-05-05 21:00:00+05:30,0.0,26.71
2023-05-05 22:00:00+05:30,0.0,25.35
2023-05-05 23:00:00+05:30,0.0,24.31
2023-05-06 00:00:00+05:30,0.0,23.57
2023-05-06 01:00:00+05:30,0.0,22.78
2023-05-06 02:00:00+05:30,0.0,22.26
2023-05-06 03:00:00+05:30,0.0,21.72
2023-05-06 04:00:00+05:30,0.0,21.17
2023-05-06 05:00:00+05:30,0.0,20.77
2023-05-06 06:00:00+05:30,54.52,20.34
2023-05-06 07:00:00+05:30,233.17,20.62
2023-05-06 08:00:00+05:30,433.93,24.38
2023-05-06 09:00:00+05:30,617.02,27.18
2023-05-06 10:00:00+05:30,763.88,29.48
2023-05-06 11:00:00+05:30,863.19,31.34
2023-05-06 12:00:00+05:30,867.37,32.48
2023-05-06 13:00:00+05:30,750.39,34.09
2023-05-06 14:00:00+05:30,745.78,34.53
2023-05-06 15:00:00+05:30,631.97,34.96
2023-05-06 16:00:00+05:30,514.3,34.94
2023-05-06 17:00:00+05:30,298.87,34.84
2023-05-06 18:00:00+05:30,105.31,33.6
2023-05-06 19:00:00+05:30,0.0,31.86
2023-05-06 20:00:00+05:30,0.0,29.7
2023-05-06 21:00:00+05:30,0.0,28.64
2023-05-06 22:00:00+05:30,0.0,27.77
2023-05-06 23:00:00+05:30,0.0,26.63
2023-05-07 00:00:00+05:30,0.0,25.34
2023-05-07 01:00:00+05:30,0.0,24.26
2023-05-07 02:00:00+05:30,0.0,23.74
2023-05-07 03:00:00+05:30,0.0,23.0
2023-05-07 04:00:00+05:30,0.0,22.19
2023-05-07 05:00:00+05:30,0.0,21.4
2023-05-07 06:00:00+05:30,57.51,20.66
2023-05-07 07:00:00+05:30,241.0,20.69
2023-05-07 08:00:00+05:30,444.98,25.12
2023-05-07 09:00:00+05:30,630.2,28.8
2023-05-07 10:00:00+05:30,778.8,31.77
2023-05-07 11:00:00+05:30,879.47,33.82
2023-05-07 12:00:00+05:30,773.01,35.08
2023-05-07 13:00:00+05:30,736.35,36.28
2023-05-07 14:00:00+05:30,792.89,36.68
2023-05-07 15:00:00+05:30,711.75,37.0
2023-05-07 16:00:00+05:30,528.25,37.02
2023-05-07 17:00:00+05:30,315.06,36.18
2023-05-07 18:00:00+05:30,136.69,34.85
2023-05-07 19:00:00+05:30,0.0,33.12
2023-05-07 20:00:00+05:30,0.0,30.5
2023-05-07 21:00:00+05:30,0.0,28.57
2023-05-07 22:00:00+05:30,0.0,27.11
2023-05-07 23:00:00+05:30,0.0,25.81
2023-05-08 00:00:00+05:30,0.0,24.6
2023-05-08 01:00:00+05:30,0.0,25.08
2023-05-08 02:00:00+05:30,0.0,24.37
2023-05-08 03:00:00+05:30,0.0,23.8
2023-05-08 04:00:00+05:30,0.0,23.35
2023-05-08 05:00:00+05:30,0.0,23.13
2023-05-08 06:00:00+05:30,51.23,23.04
2023-05-08 07:00:00+05:30,201.52,23.61
2023-05-08 08:00:00+05:30,379.64,25.98
2023-05-08 09:00:00+05:30,538.37,28.9
2023-05-08 10:00:00+05:30,714.75,31.15
2023-05-08 11:00:00+05:30,815.72,33.18
2023-05-08 12:00:00+05:30,895.57,34.65
2023-05-08 13:00:00+05:30,821.58,36.24
2023-05-08 14:00:00+05:30,771.5,37.05
2023-05-08 15:00:00+05:30,645.34,37.67
2023-05-08 16:00:00+05:30,528.3,37.94
2023-05-08 17:00:00+05:30,337.05,37.52
2023-05-08 18:00:00+05:30,146.56,35.86
2023-05-08 19:00:00+05:30,0.0,33.83
2023-05-08 20:00:00+05:30,0.0,30.75
2023-05-08 21:00:00+05:30,0.0,28.27
2023-05-08 22:00:00+05:30,0.0,27.34
2023-05-08 23:00:00+05:30,0.0,26.72
2023-05-09 00:00:00+05:30,0.0,25.89
2023-05-09 01:00:00+05:30,0.0,25.76
2023-05-09 02:00:00+05:30,0.0,24.79
2023-05-09 03:00:00+05:30,0.0,23.31
2023-05-09 04:00:00+05:30,0.0,22.13
2023-05-09 05:00:00+05:30,0.0,21.51
2023-05-09 06:00:00+05:30,61.46,20.91
2023-05-09 07:00:00+05:30,250.5,20.98
2023-05-09 08:00:00+05:30,458.4,24.33
2023-05-09 09:00:00+05:30,646.85,27.42
2023-05-09 10:00:00+05:30,798.42,30.08
2023-05-09 11:00:00+05:30,900.96,32.45
2023-05-09 12:00:00+05:30,948.33,34.44
2023-05-09 13:00:00+05:30,932.49,35.97
2023-05-09 14:00:00+05:30,857.65,36.56
2023-05-09 15:00:00+05:30,729.71,36.91
2023-05-09 16:00:00+05:30,558.29,36.91
2023-05-09 17:00:00+05:30,358.15,36.46
2023-05-09 18:00:00+05:30,151.77,34.98
2023-05-09 19:00:00+05:30,0.0,32.62
2023-05-09 20:00:00+05:30,0.0,29.95
2023-05-09 21:00:00+05:30,0.0,28.03
2023-05-09 22:00:00+05:30,0.0,26.54
2023-05-09 23:00:00+05:30,0.0,25.19
2023-05-10 00:00:00+05:30,0.0,24.0
2023-05-10 01:00:00+05:30,0.0,23.32
2023-05-10 02:00:00+05:30,0.0,22.84
2023-05-10 03:00:00+05:30,0.0,22.34
2023-05-10 04:00:00+05:30,0.0,21.81
2023-05-10 05:00:00+05:30,0.0,21.19
2023-05-10 06:00:00+05:30,65.47,20.6
2023-05-10 07:00:00+05:30,260.0,20.83
2023-05-10 08:00:00+05:30,470.38,23.74
2023-05-10 09:00:00+05:30,660.25,27.2
2023-05-10 10:00:00+05:30,812.44,30.14
2023-05-10 11:00:00+05:30,914.04,32.55
2023-05-10 12:00:00+05:30,954.47,33.93
2023-05-10 13:00:00+05:30,936.78,35.21
2023-05-10 14:00:00+05:30,859.84,35.78
2023-05-10 15:00:00+05:30,729.96,36.19
2023-05-10 16:00:00+05:30,557.68,36.29
2023-05-10 17:00:00+05:30,357.8,36.0
2023-05-10 18:00:00+05:30,152.94,34.75
2023-05-10 19:00:00+05:30,0.0,32.59
2023-05-10 20:00:00+05:30,0.0,30.15
2023-05-10 21:00:00+05:30,0.0,28.19
2023-05-10 22:00:00+05:30,0.0,26.4
2023-05-10 23:00:00+05:30,0.0,24.44
2023-05-11 00:00:00+05:30,0.0,23.68
2023-05-11 01:00:00+05:30,0.0,22.21
2023-05-11 02:00:00+05:30,0.0,21.28
2023-05-11 03:00:00+05:30,0.0,20.68
2023-05-11 04:00:00+05:30,0.0,21.22
2023-05-11 05:00:00+05:30,0.0,21.99
2023-05-11 06:00:00+05:30,66.13,22.32
2023-05-11 07:00:00+05:30,258.99,20.56
2023-05-11 08:00:00+05:30,466.76,24.45
2023-05-11 09:00:00+05:30,654.46,28.77
2023-05-11 10:00:00+05:30,804.98,32.0
2023-05-11 11:00:00+05:30,906.4,34.4
2023-05-11 12:00:00+05:30,946.53,35.86
2023-05-11 13:00:00+05:30,930.22,36.81
2023-05-11 14:00:00+05:30,855.33,37.32
2023-05-11 15:00:00+05:30,727.58,37.58
2023-05-11 16:00:00+05:30,556.95,37.6
2023-05-11 17:00:00+05:30,358.31,37.34
2023-05-11 18:00:00+05:30,154.23,36.14
2023-05-11 19:00:00+05:30,0.0,34.15
2023-05-11 20:00:00+05:30,0.0,31.48
2023-05-11 21:00:00+05:30,0.0,29.34
2023-05-11 22:00:00+05:30,0.0,27.47
2023-05-11 23:00:00+05:30,0.0,25.84
2023-05-12 00:00:00+05:30,0.0,24.42
2023-05-12 01:00:00+05:30,0.0,23.8
2023-05-12 02:00:00+05:30,0.0,23.12
2023-05-12 03:00:00+05:30,0.0,22.5
2023-05-12 04:00:00+05:30,0.0,21.93
2023-05-12 05:00:00+05:30,0.0,21.39
2023-05-12 06:00:00+05:30,66.63,20.89
2023-05-12 07:00:00+05:30,258.2,21.12
2023-05-12 08:00:00+05:30,464.07,25.43
2023-05-12 09:00:00+05:30,649.94,29.35
2023-05-12 10:00:00+05:30,798.6,32.59
2023-05-12 11:00:00+05:30,898.2,35.41
2023-05-12 12:00:00+05:30,940.21,37.63
2023-05-12 13:00:00+05:30,923.94,39.74
2023-05-12 14:00:00+05:30,849.7,40.35
2023-05-12 15:00:00+05:30,720.94,40.7
2023-05-12 16:00:00+05:30,550.99,40.75
2023-05-12 17:00:00+05:30,354.74,40.37
2023-05-12 18:00:00+05:30,151.41,38.82
2023-05-12 19:00:00+05:30,0.0,36.34
2023-05-12 20:00:00+05:30,0.0,32.72
2023-05-12 21:00:00+05:30,0.0,30.89
2023-05-12 22:00:00+05:30,0.0,29.41
2023-05-12 23:00:00+05:30,0.0,28.23
2023-05-13 00:00:00+05:30,0.0,27.32
2023-05-13 01:00:00+05:30,0.0,26.72
2023-05-13 02:00:00+05:30,0.0,25.89
2023-05-13 03:00:00+05:30,0.0,24.95
2023-05-13 04:00:00+05:30,0.0,24.39
2023-05-13 05:00:00+05:30,0.0,24.26
2023-05-13 06:00:00+05:30,67.48,24.23
2023-05-13 07:00:00+05:30,259.19,24.84
2023-05-13 08:00:00+05:30,464.94,27.58
2023-05-13 09:00:00+05:30,650.32,31.02
2023-05-13 10:00:00+05:30,798.17,33.85
2023-05-13 11:00:00+05:30,896.69,36.16
2023-05-13 12:00:00+05:30,941.41,37.94
2023-05-13 13:00:00+05:30,921.76,39.83
2023-05-13 14:00:00+05:30,793.4,40.53
2023-05-13 15:00:00+05:30,674.47,40.71
2023-05-13 16:00:00+05:30,497.22,40.52
2023-05-13 17:00:00+05:30,329.67,40.11
2023-05-13 18:00:00+05:30,145.53,38.55
2023-05-13 19:00:00+05:30,0.0,36.31
2023-05-13 20:00:00+05:30,0.0,33.43
2023-05-13 21:00:00+05:30,0.0,30.82
2023-05-13 22:00:00+05:30,0.0,29.91
2023-05-13 23:00:00+05:30,0.0,29.22
2023-05-14 00:00:00+05:30,0.0,28.31
2023-05-14 01:00:00+05:30,0.0,28.27
2023-05-14 02:00:00+05:30,0.0,27.4
2023-05-14 03:00:00+05:30,0.0,26.26
2023-05-14 04:00:00+05:30,0.0,27.6
2023-05-14 05:00:00+05:30,0.0,27.17
2023-05-14 06:00:00+05:30,66.82,23.99
2023-05-14 07:00:00+05:30,254.2,24.7
2023-05-14 08:00:00+05:30,457.57,28.26
2023-05-14 09:00:00+05:30,641.16,31.75
2023-05-14 10:00:00+05:30,790.44,34.58
2023-05-14 11:00:00+05:30,891.76,36.95
2023-05-14 12:00:00+05:30,924.56,38.81
2023-05-14 13:00:00+05:30,853.76,40.49
2023-05-14 14:00:00+05:30,614.87,40.45
2023-05-14 15:00:00+05:30,440.05,40.47
2023-05-14 16:00:00+05:30,382.88,38.95
2023-05-14 17:00:00+05:30,232.13,38.13
2023-05-14 18:00:00+05:30,130.31,37.01
2023-05-14 19:00:00+05:30,0.0,35.11
2023-05-14 20:00:00+05:30,0.0,32.92
2023-05-14 21:00:00+05:30,0.0,31.13
2023-05-14 22:00:00+05:30,0.0,29.77
2023-05-14 23:00:00+05:30,0.0,28.6
2023-05-15 00:00:00+05:30,0.0,27.21
2023-05-15 01:00:00+05:30,0.0,27.54
2023-05-15 02:00:00+05:30,0.0,27.25
2023-05-15 03:00:00+05:30,0.0,26.6
2023-05-15 04:00:00+05:30,0.0,25.83
2023-05-15 05:00:00+05:30,0.0,25.03
2023-05-15 06:00:00+05:30,68.75,24.23
2023-05-15 07:00:00+05:30,257.29,24.55
2023-05-15 08:00:00+05:30,457.08,28.48
2023-05-15 09:00:00+05:30,636.85,31.47
2023-05-15 10:00:00+05:30,782.92,33.82
2023-05-15 11:00:00+05:30,887.48,35.71
2023-05-15 12:00:00+05:30,930.1,37.31
2023-05-15 13:00:00+05:30,914.6,38.18
2023-05-15 14:00:00+05:30,835.09,39.05
2023-05-15 15:00:00+05:30,691.65,39.59
2023-05-15 16:00:00+05:30,532.11,39.9
2023-05-15 17:00:00+05:30,337.21,39.85
2023-05-15 18:00:00+05:30,133.63,38.76
2023-05-15 19:00:00+05:30,0.0,36.29
2023-05-15 20:00:00+05:30,0.0,33.24
2023-05-15 21:00:00+05:30,0.0,31.48
2023-05-15 22:00:00+05:30,0.0,30.05
2023-05-15 23:00:00+05:30,0.0,28.4
2023-05-16 00:00:00+05:30,0.0,27.14
2023-05-16 01:00:00+05:30,0.0,26.11
2023-05-16 02:00:00+05:30,0.0,26.09
2023-05-16 03:00:00+05:30,0.0,25.81
2023-05-16 04:00:00+05:30,0.0,25.21
2023-05-16 05:00:00+05:30,0.0,24.88
2023-05-16 06:00:00+05:30,68.66,25.37
2023-05-16 07:00:00+05:30,256.06,26.43
2023-05-16 08:00:00+05:30,452.82,29.32
2023-05-16 09:00:00+05:30,628.28,32.48
2023-05-16 10:00:00+05:30,769.37,34.74
2023-05-16 11:00:00+05:30,867.08,36.79
2023-05-16 12:00:00+05:30,920.18,38.56
2023-05-16 13:00:00+05:30,836.8,36.96
2023-05-16 14:00:00+05:30,476.6,37.33
2023-05-16 15:00:00+05:30,456.23,37.05
2023-05-16 16:00:00+05:30,511.65,37.03
2023-05-16 17:00:00+05:30,337.11,37.35
2023-05-16 18:00:00+05:30,139.57,36.75
2023-05-16 19:00:00+05:30,0.0,34.83
2023-05-16 20:00:00+05:30,0.0,32.82
2023-05-16 21:00:00+05:30,0.0,31.07
2023-05-16 22:00:00+05:30,0.0,30.24
2023-05-16 23:00:00+05:30,0.0,29.51
2023-05-17 00:00:00+05:30,0.0,29.12
2023-05-17 01:00:00+05:30,0.0,27.66
2023-05-17 02:00:00+05:30,0.0,26.64
2023-05-17 03:00:00+05:30,0.0,25.76
2023-05-17 04:00:00+05:30,0.0,25.11
2023-05-17 05:00:00+05:30,0.0,24.38
2023-05-17 06:00:00+05:30,71.33,23.57
2023-05-17 07:00:00+05:30,261.65,23.47
2023-05-17 08:00:00+05:30,463.38,27.05
2023-05-17 09:00:00+05:30,646.67,30.68
2023-05-17 10:00:00+05:30,790.98,33.69
2023-05-17 11:00:00+05:30,889.76,36.09
2023-05-17 12:00:00+05:30,808.13,37.91
2023-05-17 13:00:00+05:30,795.68,39.13
2023-05-17 14:00:00+05:30,820.19,39.58
2023-05-17 15:00:00+05:30,702.9,40.0
2023-05-17 16:00:00+05:30,536.8,40.03
2023-05-17 17:00:00+05:30,321.6,39.8
2023-05-17 18:00:00+05:30,114.5,38.55
2023-05-17 19:00:00+05:30,0.0,36.87
2023-05-17 20:00:00+05:30,0.0,34.91
2023-05-17 21:00:00+05:30,0.0,33.06
2023-05-17 22:00:00+05:30,0.0,31.51
2023-05-17 23:00:00+05:30,0.0,29.21
2023-05-18 00:00:00+05:30,0.0,28.2
2023-05-18 01:00:00+05:30,0.0,28.5
2023-05-18 02:00:00+05:30,0.0,28.24
2023-05-18 03:00:00+05:30,0.0,28.24
2023-05-18 04:00:00+05:30,0.0,28.52
2023-05-18 05:00:00+05:30,0.0,28.13
2023-05-18 06:00:00+05:30,69.61,27.46
2023-05-18 07:00:00+05:30,254.92,27.35
2023-05-18 08:00:00+05:30,452.38,29.62
2023-05-18 09:00:00+05:30,618.76,32.12
2023-05-18 10:00:00+05:30,776.83,34.16
2023-05-18 11:00:00+05:30,871.34,36.06
2023-05-18 12:00:00+05:30,923.21,37.7
2023-05-18 13:00:00+05:30,909.61,35.2
2023-05-18 14:00:00+05:30,827.54,36.24
2023-05-18 15:00:00+05:30,720.28,37.05
2023-05-18 16:00:00+05:30,547.82,37.38
2023-05-18 17:00:00+05:30,344.36,37.25
2023-05-18 18:00:00+05:30,131.42,36.34
2023-05-18 19:00:00+05:30,0.0,34.39
2023-05-18 20:00:00+05:30,0.0,32.69
2023-05-18 21:00:00+05:30,0.0,31.3
2023-05-18 22:00:00+05:30,0.0,30.22
2023-05-18 23:00:00+05:30,0.0,29.14
2023-05-19 00:00:00+05:30,0.0,28.08
2023-05-19 01:00:00+05:30,0.0,28.04
2023-05-19 02:00:00+05:30,0.0,27.24
2023-05-19 03:00:00+05:30,0.0,26.44
2023-05-19 04:00:00+05:30,0.0,25.67
2023-05-19 05:00:00+05:30,0.0,24.97
2023-05-19 06:00:00+05:30,71.91,24.32
2023-05-19 07:00:00+05:30,261.61,24.52
2023-05-19 08:00:00+05:30,463.63,27.43
2023-05-19 09:00:00+05:30,645.23,30.18
2023-05-19 10:00:00+05:30,790.74,32.39
2023-05-19 11:00:00+05:30,888.27,34.18
2023-05-19 12:00:00+05:30,931.13,35.48
2023-05-19 13:00:00+05:30,901.01,37.28
2023-05-19 14:00:00+05:30,827.03,38.09
2023-05-19 15:00:00+05:30,709.85,38.58
2023-05-19 16:00:00+05:30,552.43,38.76
2023-05-19 17:00:00+05:30,361.21,38.54
2023-05-19 18:00:00+05:30,161.51,37.37
2023-05-19 19:00:00+05:30,0.0,35.24
2023-05-19 20:00:00+05:30,0.0,33.16
2023-05-19 21:00:00+05:30,0.0,31.69
2023-05-19 22:00:00+05:30,0.0,30.19
2023-05-19 23:00:00+05:30,0.0,29.98
2023-05-20 00:00:00+05:30,0.0,28.67
2023-05-20 01:00:00+05:30,0.0,25.66
2023-05-20 02:00:00+05:30,0.0,24.94
2023-05-20 03:00:00+05:30,0.0,24.21
2023-05-20 04:00:00+05:30,0.0,23.64
2023-05-20 05:00:00+05:30,0.0,23.32
2023-05-20 06:00:00+05:30,77.7,23.1
2023-05-20 07:00:00+05:30,263.03,23.8
2023-05-20 08:00:00+05:30,466.27,27.36
2023-05-20 09:00:00+05:30,650.8,30.68
2023-05-20 10:00:00+05:30,798.96,33.36
2023-05-20 11:00:00+05:30,898.01,35.62
2023-05-20 12:00:00+05:30,941.45,37.21
2023-05-20 13:00:00+05:30,870.08,38.9
2023-05-20 14:00:00+05:30,778.85,39.6
2023-05-20 15:00:00+05:30,713.21,39.94
2023-05-20 16:00:00+05:30,554.69,40.18
2023-05-20 17:00:00+05:30,364.74,39.89
2023-05-20 18:00:00+05:30,163.75,38.49
2023-05-20 19:00:00+05:30,0.0,36.53
2023-05-20 20:00:00+05:30,0.0,34.52
2023-05-20 21:00:00+05:30,0.0,33.42
2023-05-20 22:00:00+05:30,0.0,29.97
2023-05-20 23:00:00+05:30,0.0,28.28
2023-05-21 00:00:00+05:30,0.0,27.26
2023-05-21 01:00:00+05:30,0.0,26.59
2023-05-21 02:00:00+05:30,0.0,26.32
2023-05-21 03:00:00+05:30,0.0,26.11
2023-05-21 04:00:00+05:30,0.0,25.96
2023-05-21 05:00:00+05:30,0.0,25.98
2023-05-21 06:00:00+05:30,77.67,25.92
2023-05-21 07:00:00+05:30,264.1,26.26
2023-05-21 08:00:00+05:30,463.68,29.39
2023-05-21 09:00:00+05:30,644.44,32.81
2023-05-21 10:00:00+05:30,789.14,35.35
2023-05-21 11:00:00+05:30,885.82,37.62
2023-05-21 12:00:00+05:30,930.58,39.46
2023-05-21 13:00:00+05:30,854.89,41.0
2023-05-21 14:00:00+05:30,696.44,41.77
2023-05-21 15:00:00+05:30,651.77,41.99
2023-05-21 16:00:00+05:30,490.42,42.2
2023-05-21 17:00:00+05:30,302.01,41.72
2023-05-21 18:00:00+05:30,98.02,40.16
2023-05-21 19:00:00+05:30,0.0,38.32
2023-05-21 20:00:00+05:30,0.0,36.0
2023-05-21 21:00:00+05:30,0.0,33.72
2023-05-21 22:00:00+05:30,0.0,31.59
2023-05-21 23:00:00+05:30,0.0,31.37
2023-05-22 00:00:00+05:30,0.0,28.72
2023-05-22 01:00:00+05:30,0.0,26.89
2023-05-22 02:00:00+05:30,0.0,26.34
2023-05-22 03:00:00+05:30,0.0,26.45
2023-05-22 04:00:00+05:30,0.0,26.93
2023-05-22 05:00:00+05:30,0.0,27.17
2023-05-22 06:00:00+05:30,78.48,26.91
2023-05-22 07:00:00+05:30,263.27,27.19
2023-05-22 08:00:00+05:30,463.62,30.0
2023-05-22 09:00:00+05:30,643.75,33.3
2023-05-22 10:00:00+05:30,787.25,35.82
2023-05-22 11:00:00+05:30,882.65,37.93
2023-05-22 12:00:00+05:30,922.8,39.74
2023-05-22 13:00:00+05:30,883.88,41.97
2023-05-22 14:00:00+05:30,810.7,42.69
2023-05-22 15:00:00+05:30,681.44,42.98
2023-05-22 16:00:00+05:30,489.63,42.98
2023-05-22 17:00:00+05:30,217.41,42.22
2023-05-22 18:00:00+05:30,102.15,40.2
2023-05-22 19:00:00+05:30,6.28,37.97
2023-05-22 20:00:00+05:30,0.0,35.76
2023-05-22 21:00:00+05:30,0.0,33.22
2023-05-22 22:00:00+05:30,0.0,32.34
2023-05-22 23:00:00+05:30,0.0,32.04
2023-05-23 00:00:00+05:30,0.0,30.47
2023-05-23 01:00:00+05:30,0.0,30.25
2023-05-23 02:00:00+05:30,0.0,30.1
2023-05-23 03:00:00+05:30,0.0,29.6
2023-05-23 04:00:00+05:30,0.0,28.95
2023-05-23 05:00:00+05:30,0.0,28.58
2023-05-23 06:00:00+05:30,60.21,28.28
2023-05-23 07:00:00+05:30,231.82,28.68
2023-05-23 08:00:00+05:30,458.92,31.01
2023-05-23 09:00:00+05:30,638.85,33.91
2023-05-23 10:00:00+05:30,782.8,36.45
2023-05-23 11:00:00+05:30,879.69,38.73
2023-05-23 12:00:00+05:30,915.16,40.52
2023-05-23 13:00:00+05:30,899.08,42.61
2023-05-23 14:00:00+05:30,823.21,43.35
2023-05-23 15:00:00+05:30,571.66,43.6
2023-05-23 16:00:00+05:30,420.73,43.09
2023-05-23 17:00:00+05:30,238.31,41.71
2023-05-23 18:00:00+05:30,94.15,39.58
2023-05-23 19:00:00+05:30,8.09,37.62
2023-05-23 20:00:00+05:30,0.0,35.63
2023-05-23 21:00:00+05:30,0.0,35.24
2023-05-23 22:00:00+05:30,0.0,34.4
2023-05-23 23:00:00+05:30,0.0,33.38
2023-05-24 00:00:00+05:30,0.0,32.39
2023-05-24 01:00:00+05:30,0.0,31.17
2023-05-24 02:00:00+05:30,0.0,30.21
2023-05-24 03:00:00+05:30,0.0,29.71
2023-05-24 04:00:00+05:30,0.0,29.41
2023-05-24 05:00:00+05:30,0.0,29.06
2023-05-24 06:00:00+05:30,74.8,28.74
2023-05-24 07:00:00+05:30,257.9,28.84
2023-05-24 08:00:00+05:30,450.99,31.18
2023-05-24 09:00:00+05:30,632.52,33.78
2023-05-24 10:00:00+05:30,775.86,36.1
2023-05-24 11:00:00+05:30,872.72,38.08
2023-05-24 12:00:00+05:30,910.23,39.59
2023-05-24 13:00:00+05:30,808.96,36.63
2023-05-24 14:00:00+05:30,643.77,37.08
2023-05-24 15:00:00+05:30,449.39,37.14
2023-05-24 16:00:00+05:30,362.2,37.11
2023-05-24 17:00:00+05:30,275.81,37.18
2023-05-24 18:00:00+05:30,142.41,36.67
2023-05-24 19:00:00+05:30,9.01,35.6
2023-05-24 20:00:00+05:30,0.0,33.74
2023-05-24 21:00:00+05:30,0.0,32.37
2023-05-24 22:00:00+05:30,0.0,31.49
2023-05-24 23:00:00+05:30,0.0,30.84
2023-05-25 00:00:00+05:30,0.0,28.59
2023-05-25 01:00:00+05:30,0.0,27.17
2023-05-25 02:00:00+05:30,0.0,26.61
2023-05-25 03:00:00+05:30,0.0,25.27
2023-05-25 04:00:00+05:30,0.0,24.39
2023-05-25 05:00:00+05:30,0.0,24.06
2023-05-25 06:00:00+05:30,68.06,23.99
2023-05-25 07:00:00+05:30,196.94,23.83
2023-05-25 08:00:00+05:30,250.27,24.22
2023-05-25 09:00:00+05:30,279.83,24.6
2023-05-25 10:00:00+05:30,417.39,25.54
2023-05-25 11:00:00+05:30,659.58,27.43
2023-05-25 12:00:00+05:30,861.9,30.06
2023-05-25 13:00:00+05:30,834.87,33.29
2023-05-25 14:00:00+05:30,644.08,33.75
2023-05-25 15:00:00+05:30,514.72,33.56
2023-05-25 16:00:00+05:30,396.0,33.25
2023-05-25 17:00:00+05:30,246.42,32.07
2023-05-25 18:00:00+05:30,118.73,31.34
2023-05-25 19:00:00+05:30,7.06,30.53
2023-05-25 20:00:00+05:30,0.0,29.42
2023-05-25 21:00:00+05:30,0.0,28.38
2023-05-25 22:00:00+05:30,0.0,27.66
2023-05-25 23:00:00+05:30,0.0,26.9
2023-05-26 00:00:00+05:30,0.0,26.26
2023-05-26 01:00:00+05:30,0.0,26.2
2023-05-26 02:00:00+05:30,0.0,25.97
2023-05-26 03:00:00+05:30,0.0,25.71
2023-05-26 04:00:00+05:30,0.0,25.55
2023-05-26 05:00:00+05:30,0.0,25.5
2023-05-26 06:00:00+05:30,49.64,25.4
2023-05-26 07:00:00+05:30,60.79,24.69
2023-05-26 08:00:00+05:30,96.31,23.96
2023-05-26 09:00:00+05:30,199.8,24.25
2023-05-26 10:00:00+05:30,368.06,25.14
2023-05-26 11:00:00+05:30,285.65,26.79
2023-05-26 12:00:00+05:30,907.58,27.22
2023-05-26 13:00:00+05:30,884.86,31.39
2023-05-26 14:00:00+05:30,813.12,32.3
2023-05-26 15:00:00+05:30,663.19,33.0
2023-05-26 16:00:00+05:30,492.5,33.28
2023-05-26 17:00:00+05:30,298.68,33.29
2023-05-26 18:00:00+05:30,119.76,33.0
2023-05-26 19:00:00+05:30,9.06,32.03
2023-05-26 20:00:00+05:30,0.0,30.75
2023-05-26 21:00:00+05:30,0.0,29.11
2023-05-26 22:00:00+05:30,0.0,28.21
2023-05-26 23:00:00+05:30,0.0,27.49
2023-05-27 00:00:00+05:30,0.0,27.33
2023-05-27 01:00:00+05:30,0.0,26.64
2023-05-27 02:00:00+05:30,0.0,26.29
2023-05-27 03:00:00+05:30,0.0,25.83
2023-05-27 04:00:00+05:30,0.0,25.46
2023-05-27 05:00:00+05:30,0.0,25.27
2023-05-27 06:00:00+05:30,74.07,24.76
2023-05-27 07:00:00+05:30,248.48,25.19
2023-05-27 08:00:00+05:30,373.48,27.12
2023-05-27 09:00:00+05:30,340.44,28.25
2023-05-27 10:00:00+05:30,329.67,28.17
2023-05-27 11:00:00+05:30,175.32,25.71
2023-05-27 12:00:00+05:30,900.2,26.26
2023-05-27 13:00:00+05:30,879.93,33.5
2023-05-27 14:00:00+05:30,796.09,34.49
2023-05-27 15:00:00+05:30,689.45,34.96
2023-05-27 16:00:00+05:30,513.7,35.22
2023-05-27 17:00:00+05:30,253.94,35.06
2023-05-27 18:00:00+05:30,155.17,34.24
2023-05-27 19:00:00+05:30,9.26,32.94
2023-05-27 20:00:00+05:30,0.0,31.58
2023-05-27 21:00:00+05:30,0.0,30.05
2023-05-27 22:00:00+05:30,0.0,28.69
2023-05-27 23:00:00+05:30,0.0,28.07
2023-05-28 00:00:00+05:30,0.0,27.54
2023-05-28 01:00:00+05:30,0.0,26.55
2023-05-28 02:00:00+05:30,0.0,26.25
2023-05-28 03:00:00+05:30,0.0,25.91
2023-05-28 04:00:00+05:30,0.0,25.69
2023-05-28 05:00:00+05:30,0.0,25.45
2023-05-28 06:00:00+05:30,65.14,25.26
2023-05-28 07:00:00+05:30,233.63,25.58
2023-05-28 08:00:00+05:30,367.13,26.97
2023-05-28 09:00:00+05:30,577.28,28.45
2023-05-28 10:00:00+05:30,719.84,30.21
2023-05-28 11:00:00+05:30,753.73,31.99
2023-05-28 12:00:00+05:30,895.07,33.11
2023-05-28 13:00:00+05:30,879.28,32.49
2023-05-28 14:00:00+05:30,759.12,33.42
2023-05-28 15:00:00+05:30,642.35,33.85
2023-05-28 16:00:00+05:30,442.94,34.13
2023-05-28 17:00:00+05:30,312.47,33.97
2023-05-28 18:00:00+05:30,126.38,33.53
2023-05-28 19:00:00+05:30,10.04,32.45
2023-05-28 20:00:00+05:30,0.0,31.34
2023-05-28 21:00:00+05:30,0.0,30.13
2023-05-28 22:00:00+05:30,0.0,29.39
2023-05-28 23:00:00+05:30,0.0,28.61
2023-05-29 00:00:00+05:30,0.0,27.88
2023-05-29 01:00:00+05:30,0.0,26.46
2023-05-29 02:00:00+05:30,0.0,26.21
2023-05-29 03:00:00+05:30,0.0,25.48
2023-05-29 04:00:00+05:30,0.0,24.97
2023-05-29 05:00:00+05:30,0.0,24.12
2023-05-29 06:00:00+05:30,68.28,23.49
2023-05-29 07:00:00+05:30,240.33,23.78
2023-05-29 08:00:00+05:30,424.85,25.42
2023-05-29 09:00:00+05:30,554.33,27.99
2023-05-29 10:00:00+05:30,635.01,30.31
2023-05-29 11:00:00+05:30,842.16,31.98
2023-05-29 12:00:00+05:30,636.57,33.1
2023-05-29 13:00:00+05:30,591.85,32.71
2023-05-29 14:00:00+05:30,481.54,29.78
2023-05-29 15:00:00+05:30,326.27,29.52
2023-05-29 16:00:00+05:30,218.39,29.48
2023-05-29 17:00:00+05:30,272.86,29.99
2023-05-29 18:00:00+05:30,119.51,30.19
2023-05-29 19:00:00+05:30,7.75,29.77
2023-05-29 20:00:00+05:30,0.0,28.93
2023-05-29 21:00:00+05:30,0.0,27.95
2023-05-29 22:00:00+05:30,0.0,27.06
2023-05-29 23:00:00+05:30,0.0,26.37
2023-05-30 00:00:00+05:30,0.0,25.78
2023-05-30 01:00:00+05:30,0.0,25.52
2023-05-30 02:00:00+05:30,0.0,25.22
2023-05-30 03:00:00+05:30,0.0,24.95
2023-05-30 04:00:00+05:30,0.0,24.69
2023-05-30 05:00:00+05:30,0.0,24.43
2023-05-30 06:00:00+05:30,73.54,24.15
2023-05-30 07:00:00+05:30,244.84,24.62
2023-05-30 08:00:00+05:30,440.43,26.35
2023-05-30 09:00:00+05:30,618.48,28.3
2023-05-30 10:00:00+05:30,760.08,30.33
2023-05-30 11:00:00+05:30,771.51,31.9
2023-05-30 12:00:00+05:30,815.56,32.76
2023-05-30 13:00:00+05:30,848.72,33.94
2023-05-30 14:00:00+05:30,752.45,34.6
2023-05-30 15:00:00+05:30,637.11,34.76
2023-05-30 16:00:00+05:30,483.19,34.75
2023-05-30 17:00:00+05:30,269.11,34.37
2023-05-30 18:00:00+05:30,113.95,32.81
2023-05-30 19:00:00+05:30,8.53,31.94
2023-05-30 20:00:00+05:30,0.0,30.8
2023-05-30 21:00:00+05:30,0.0,29.16
2023-05-30 22:00:00+05:30,0.0,28.28
2023-05-30 23:00:00+05:30,0.0,27.08
2023-05-31 00:00:00+05:30,0.0,25.0
2023-05-31 01:00:00+05:30,0.0,26.26
2023-05-31 02:00:00+05:30,0.0,25.43
2023-05-31 03:00:00+05:30,0.0,24.69
2023-05-31 04:00:00+05:30,0.0,24.03
2023-05-31 05:00:00+05:30,0.0,23.48
2023-05-31 06:00:00+05:30,75.88,23.0
2023-05-31 07:00:00+05:30,251.68,23.7
2023-05-31 08:00:00+05:30,445.78,25.83
2023-05-31 09:00:00+05:30,623.72,27.78
2023-05-31 10:00:00+05:30,769.33,29.3
2023-05-31 11:00:00+05:30,868.78,30.59
2023-05-31 12:00:00+05:30,794.02,31.77
2023-05-31 13:00:00+05:30,814.15,31.97
2023-05-31 14:00:00+05:30,763.33,32.65
2023-05-31 15:00:00+05:30,680.73,32.9
2023-05-31 16:00:00+05:30,524.77,32.96
2023-05-31 17:00:00+05:30,319.62,32.63
2023-05-31 18:00:00+05:30,141.47,31.62
2023-05-31 19:00:00+05:30,10.62,30.45
2023-05-31 20:00:00+05:30,0.0,28.92
2023-05-31 21:00:00+05:30,0.0,27.93
2023-05-31 22:00:00+05:30,0.0,27.05
2023-05-31 23:00:00+05:30,0.0,26.41
2023-06-01 00:00:00+05:30,0.0,25.78
2023-06-01 01:00:00+05:30,0.0,24.92
2023-06-01 02:00:00+05:30,0.0,24.34
2023-06-01 03:00:00+05:30,0.0,23.77
2023-06-01 04:00:00+05:30,0.0,23.07
2023-06-01 05:00:00+05:30,0.0,22.43
2023-06-01 06:00:00+05:30,77.27,21.66
2023-06-01 07:00:00+05:30,254.34,22.28
2023-06-01 08:00:00+05:30,450.99,24.94
2023-06-01 09:00:00+05:30,628.19,27.03
2023-06-01 10:00:00+05:30,769.07,28.98
2023-06-01 11:00:00+05:30,861.44,30.7
2023-06-01 12:00:00+05:30,898.82,32.26
2023-06-01 13:00:00+05:30,881.87,32.91
2023-06-01 14:00:00+05:30,805.93,33.67
2023-06-01 15:00:00+05:30,701.46,34.16
2023-06-01 16:00:00+05:30,540.0,34.43
2023-06-01 17:00:00+05:30,355.98,34.27
2023-06-01 18:00:00+05:30,160.59,33.75
2023-06-01 19:00:00+05:30,10.91,32.34
2023-06-01 20:00:00+05:30,0.0,29.59
2023-06-01 21:00:00+05:30,0.0,25.57
2023-06-01 22:00:00+05:30,0.0,25.1
2023-06-01 23:00:00+05:30,0.0,24.6
2023-06-02 00:00:00+05:30,0.0,24.07
2023-06-02 01:00:00+05:30,0.0,26.07
2023-06-02 02:00:00+05:30,0.0,25.61
2023-06-02 03:00:00+05:30,0.0,25.16
2023-06-02 04:00:00+05:30,0.0,24.77
2023-06-02 05:00:00+05:30,0.0,24.23
2023-06-02 06:00:00+05:30,72.99,23.69
2023-06-02 07:00:00+05:30,245.07,24.36
2023-06-02 08:00:00+05:30,424.76,26.27
2023-06-02 09:00:00+05:30,506.46,28.12
2023-06-02 10:00:00+05:30,521.61,29.49
2023-06-02 11:00:00+05:30,789.38,30.5
2023-06-02 12:00:00+05:30,877.74,31.85
2023-06-02 13:00:00+05:30,863.68,33.72
2023-06-02 14:00:00+05:30,732.9,34.43
2023-06-02 15:00:00+05:30,628.22,34.55
2023-06-02 16:00:00+05:30,477.11,32.33
2023-06-02 17:00:00+05:30,333.12,32.96
2023-06-02 18:00:00+05:30,144.03,32.78
2023-06-02 19:00:00+05:30,9.06,31.7
2023-06-02 20:00:00+05:30,0.0,28.98
2023-06-02 21:00:00+05:30,0.0,25.82
2023-06-02 22:00:00+05:30,0.0,24.99
2023-06-02 23:00:00+05:30,0.0,24.66
2023-06-03 00:00:00+05:30,0.0,24.31
2023-06-03 01:00:00+05:30,0.0,26.01
2023-06-03 02:00:00+05:30,0.0,25.29
2023-06-03 03:00:00+05:30,0.0,24.9
2023-06-03 04:00:00+05:30,0.0,24.62
2023-06-03 05:00:00+05:30,0.0,24.25
2023-06-03 06:00:00+05:30,74.76,23.75
2023-06-03 07:00:00+05:30,248.85,24.51
2023-06-03 08:00:00+05:30,443.38,27.49
2023-06-03 09:00:00+05:30,619.13,29.67
2023-06-03 10:00:00+05:30,760.09,31.39
2023-06-03 11:00:00+05:30,840.2,32.66
2023-06-03 12:00:00+05:30,801.88,34.04
2023-06-03 13:00:00+05:30,798.61,34.92
2023-06-03 14:00:00+05:30,752.91,35.61
2023-06-03 15:00:00+05:30,639.61,36.15
2023-06-03 16:00:00+05:30,488.56,36.31
2023-06-03 17:00:00+05:30,337.37,36.06
2023-06-03 18:00:00+05:30,145.78,35.41
2023-06-03 19:00:00+05:30,10.86,33.98
2023-06-03 20:00:00+05:30,0.0,32.69
2023-06-03 21:00:00+05:30,0.0,31.38
2023-06-03 22:00:00+05:30,0.0,30.2
2023-06-03 23:00:00+05:30,0.0,29.0
2023-06-04 00:00:00+05:30,0.0,28.18
2023-06-04 01:00:00+05:30,0.0,27.05
2023-06-04 02:00:00+05:30,0.0,26.42
2023-06-04 03:00:00+05:30,0.0,25.81
2023-06-04 04:00:00+05:30,0.0,25.23
2023-06-04 05:00:00+05:30,0.0,24.77
2023-06-04 06:00:00+05:30,75.44,24.32
2023-06-04 07:00:00+05:30,249.33,24.85
2023-06-04 08:00:00+05:30,440.61,27.94
2023-06-04 09:00:00+05:30,617.2,30.56
2023-06-04 10:00:00+05:30,758.47,32.83
2023-06-04 11:00:00+05:30,857.07,34.65
2023-06-04 12:00:00+05:30,899.69,35.98
2023-06-04 13:00:00+05:30,841.61,35.65
2023-06-04 14:00:00+05:30,779.62,36.02
2023-06-04 15:00:00+05:30,645.56,35.75
2023-06-04 16:00:00+05:30,501.62,35.61
2023-06-04 17:00:00+05:30,302.09,34.89
2023-06-04 18:00:00+05:30,114.12,33.86
2023-06-04 19:00:00+05:30,9.69,32.43
2023-06-04 20:00:00+05:30,0.0,30.95
2023-06-04 21:00:00+05:30,0.0,29.86
2023-06-04 22:00:00+05:30,0.0,28.85
2023-06-04 23:00:00+05:30,0.0,28.09
2023-06-05 00:00:00+05:30,0.0,27.48
2023-06-05 01:00:00+05:30,0.0,27.34
2023-06-05 02:00:00+05:30,0.0,26.93
2023-06-05 03:00:00+05:30,0.0,26.46
2023-06-05 04:00:00+05:30,0.0,26.07
2023-06-05 05:00:00+05:30,0.0,25.71
2023-06-05 06:00:00+05:30,73.84,25.33
2023-06-05 07:00:00+05:30,246.03,25.94
2023-06-05 08:00:00+05:30,438.12,28.09
2023-06-05 09:00:00+05:30,614.59,30.18
2023-06-05 10:00:00+05:30,757.27,32.17
2023-06-05 11:00:00+05:30,834.45,33.86
2023-06-05 12:00:00+05:30,882.22,34.98
2023-06-05 13:00:00+05:30,822.99,36.3
2023-06-05 14:00:00+05:30,744.48,36.7
2023-06-05 15:00:00+05:30,653.35,36.82
2023-06-05 16:00:00+05:30,488.23,36.81
2023-06-05 17:00:00+05:30,331.16,36.51
2023-06-05 18:00:00+05:30,148.73,35.97
2023-06-05 19:00:00+05:30,11.84,34.57
2023-06-05 20:00:00+05:30,0.0,33.04
2023-06-05 21:00:00+05:30,0.0,31.54
2023-06-05 22:00:00+05:30,0.0,30.41
2023-06-05 23:00:00+05:30,0.0,29.43
2023-06-06 00:00:00+05:30,0.0,28.24
2023-06-06 01:00:00+05:30,0.0,27.14
2023-06-06 02:00:00+05:30,0.0,26.55
2023-06-06 03:00:00+05:30,0.0,25.97
2023-06-06 04:00:00+05:30,0.0,25.42
2023-06-06 05:00:00+05:30,0.0,25.02
2023-06-06 06:00:00+05:30,76.13,24.72
2023-06-06 07:00:00+05:30,251.57,25.49
2023-06-06 08:00:00+05:30,445.61,28.55
2023-06-06 09:00:00+05:30,623.18,31.32
2023-06-06 10:00:00+05:30,766.94,33.69
2023-06-06 11:00:00+05:30,867.99,35.57
2023-06-06 12:00:00+05:30,844.12,36.86
2023-06-06 13:00:00+05:30,760.52,37.75
2023-06-06 14:00:00+05:30,659.38,38.11
2023-06-06 15:00:00+05:30,606.08,38.13
2023-06-06 16:00:00+05:30,489.21,38.18
2023-06-06 17:00:00+05:30,263.05,37.94
2023-06-06 18:00:00+05:30,143.9,36.07
2023-06-06 19:00:00+05:30,9.71,34.16
2023-06-06 20:00:00+05:30,0.0,32.42
2023-06-06 21:00:00+05:30,0.0,31.19
2023-06-06 22:00:00+05:30,0.0,30.39
2023-06-06 23:00:00+05:30,0.0,29.19
2023-06-07 00:00:00+05:30,0.0,29.85
2023-06-07 01:00:00+05:30,0.0,26.76
2023-06-07 02:00:00+05:30,0.0,26.38
2023-06-07 03:00:00+05:30,0.0,25.93
2023-06-07 04:00:00+05:30,0.0,25.54
2023-06-07 05:00:00+05:30,0.0,25.16
2023-06-07 06:00:00+05:30,75.36,24.8
2023-06-07 07:00:00+05:30,251.28,25.31
2023-06-07 08:00:00+05:30,447.29,28.33
2023-06-07 09:00:00+05:30,611.52,31.01
2023-06-07 10:00:00+05:30,764.92,33.55
2023-06-07 11:00:00+05:30,837.01,35.58
2023-06-07 12:00:00+05:30,805.96,36.71
2023-06-07 13:00:00+05:30,862.92,37.83
2023-06-07 14:00:00+05:30,780.35,38.46
2023-06-07 15:00:00+05:30,651.5,38.67
2023-06-07 16:00:00+05:30,520.76,38.15
2023-06-07 17:00:00+05:30,331.9,37.35
2023-06-07 18:00:00+05:30,137.93,36.68
2023-06-07 19:00:00+05:30,13.26,34.88
2023-06-07 20:00:00+05:30,0.0,32.72
2023-06-07 21:00:00+05:30,0.0,31.01
2023-06-07 22:00:00+05:30,0.0,29.72
2023-06-07 23:00:00+05:30,0.0,28.57
2023-06-08 00:00:00+05:30,0.0,27.54
2023-06-08 01:00:00+05:30,0.0,26.99
2023-06-08 02:00:00+05:30,0.0,25.91
2023-06-08 03:00:00+05:30,0.0,24.97
2023-06-08 04:00:00+05:30,0.0,24.1
2023-06-08 05:00:00+05:30,0.0,23.74
2023-06-08 06:00:00+05:30,75.04,23.64
2023-06-08 07:00:00+05:30,241.96,24.82
2023-06-08 08:00:00+05:30,416.81,28.28
2023-06-08 09:00:00+05:30,561.57,31.2
2023-06-08 10:00:00+05:30,675.49,33.49
2023-06-08 11:00:00+05:30,808.09,35.58
2023-06-08 12:00:00+05:30,831.9,37.35
2023-06-08 13:00:00+05:30,817.8,38.52
2023-06-08 14:00:00+05:30,701.96,39.23
2023-06-08 15:00:00+05:30,582.76,39.53
2023-06-08 16:00:00+05:30,458.3,39.38
2023-06-08 17:00:00+05:30,354.33,38.95
2023-06-08 18:00:00+05:30,157.6,38.38
2023-06-08 19:00:00+05:30,11.1,36.6
2023-06-08 20:00:00+05:30,0.0,34.76
2023-06-08 21:00:00+05:30,0.0,33.1
2023-06-08 22:00:00+05:30,0.0,31.55
2023-06-08 23:00:00+05:30,0.0,30.07
2023-06-09 00:00:00+05:30,0.0,28.95
2023-06-09 01:00:00+05:30,0.0,28.92
2023-06-09 02:00:00+05:30,0.0,28.26
2023-06-09 03:00:00+05:30,0.0,27.55
2023-06-09 04:00:00+05:30,0.0,26.98
2023-06-09 05:00:00+05:30,0.0,26.52
2023-06-09 06:00:00+05:30,65.1,26.39
2023-06-09 07:00:00+05:30,236.62,27.16
2023-06-09 08:00:00+05:30,362.0,29.84
2023-06-09 09:00:00+05:30,523.72,32.34
2023-06-09 10:00:00+05:30,684.71,34.63
2023-06-09 11:00:00+05:30,771.69,36.47
2023-06-09 12:00:00+05:30,855.0,37.86
2023-06-09 13:00:00+05:30,795.22,40.01
2023-06-09 14:00:00+05:30,632.98,40.42
2023-06-09 15:00:00+05:30,473.88,40.41
2023-06-09 16:00:00+05:30,478.16,40.32
2023-06-09 17:00:00+05:30,305.62,40.34
2023-06-09 18:00:00+05:30,146.99,39.51
2023-06-09 19:00:00+05:30,12.23,37.9
2023-06-09 20:00:00+05:30,0.0,36.0
2023-06-09 21:00:00+05:30,0.0,34.61
2023-06-09 22:00:00+05:30,0.0,33.73
2023-06-09 23:00:00+05:30,0.0,33.22
2023-06-10 00:00:00+05:30,0.0,32.61
2023-06-10 01:00:00+05:30,0.0,31.65
2023-06-10 02:00:00+05:30,0.0,31.34
2023-06-10 03:00:00+05:30,0.0,30.83
2023-06-10 04:00:00+05:30,0.0,30.34
2023-06-10 05:00:00+05:30,0.0,29.69
2023-06-10 06:00:00+05:30,72.21,29.18
2023-06-10 07:00:00+05:30,244.12,29.54
2023-06-10 08:00:00+05:30,434.41,31.55
2023-06-10 09:00:00+05:30,606.17,33.77
2023-06-10 10:00:00+05:30,749.72,35.85
2023-06-10 11:00:00+05:30,839.15,37.84
2023-06-10 12:00:00+05:30,872.69,39.39
2023-06-10 13:00:00+05:30,793.35,40.69
2023-06-10 14:00:00+05:30,702.07,40.72
2023-06-10 15:00:00+05:30,557.3,40.63
2023-06-10 16:00:00+05:30,427.6,40.35
2023-06-10 17:00:00+05:30,247.16,40.01
2023-06-10 18:00:00+05:30,146.78,39.05
2023-06-10 19:00:00+05:30,11.83,37.49
2023-06-10 20:00:00+05:30,0.0,35.88
2023-06-10 21:00:00+05:30,0.0,34.81
2023-06-10 22:00:00+05:30,0.0,33.44
2023-06-10 23:00:00+05:30,0.0,32.04
2023-06-11 00:00:00+05:30,0.0,31.46
2023-06-11 01:00:00+05:30,0.0,30.46
2023-06-11 02:00:00+05:30,0.0,29.92
2023-06-11 03:00:00+05:30,0.0,29.72
2023-06-11 04:00:00+05:30,0.0,29.35
2023-06-11 05:00:00+05:30,0.0,29.1
2023-06-11 06:00:00+05:30,71.77,28.87
2023-06-11 07:00:00+05:30,241.28,29.51
2023-06-11 08:00:00+05:30,413.51,31.82
2023-06-11 09:00:00+05:30,599.19,34.13
2023-06-11 10:00:00+05:30,742.73,36.17
2023-06-11 11:00:00+05:30,822.43,37.95
2023-06-11 12:00:00+05:30,892.85,39.3
2023-06-11 13:00:00+05:30,829.46,39.55
2023-06-11 14:00:00+05:30,770.28,39.95
2023-06-11 15:00:00+05:30,525.98,40.21
2023-06-11 16:00:00+05:30,401.92,39.69
2023-06-11 17:00:00+05:30,247.16,38.29
2023-06-11 18:00:00+05:30,128.47,37.37
2023-06-11 19:00:00+05:30,11.54,36.43
2023-06-11 20:00:00+05:30,0.0,35.05
2023-06-11 21:00:00+05:30,0.0,33.81
2023-06-11 22:00:00+05:30,0.0,32.85
2023-06-11 23:00:00+05:30,0.0,32.07
2023-06-12 00:00:00+05:30,0.0,31.61
2023-06-12 01:00:00+05:30,0.0,31.06
2023-06-12 02:00:00+05:30,0.0,30.51
2023-06-12 03:00:00+05:30,0.0,30.0
2023-06-12 04:00:00+05:30,0.0,29.48
2023-06-12 05:00:00+05:30,0.0,28.91
2023-06-12 06:00:00+05:30,71.14,28.4
2023-06-12 07:00:00+05:30,241.63,28.84
2023-06-12 08:00:00+05:30,432.46,31.23
2023-06-12 09:00:00+05:30,607.8,33.87
2023-06-12 10:00:00+05:30,751.25,36.24
2023-06-12 11:00:00+05:30,850.09,37.98
2023-06-12 12:00:00+05:30,897.38,39.23
2023-06-12 13:00:00+05:30,816.11,40.24
2023-06-12 14:00:00+05:30,673.91,40.8
2023-06-12 15:00:00+05:30,620.13,40.93
2023-06-12 16:00:00+05:30,433.51,40.97
2023-06-12 17:00:00+05:30,280.33,40.5
2023-06-12 18:00:00+05:30,136.15,39.86
2023-06-12 19:00:00+05:30,13.36,38.56
2023-06-12 20:00:00+05:30,0.0,36.68
2023-06-12 21:00:00+05:30,0.0,35.42
2023-06-12 22:00:00+05:30,0.0,34.57
2023-06-12 23:00:00+05:30,0.0,33.73
2023-06-13 00:00:00+05:30,0.0,33.01
2023-06-13 01:00:00+05:30,0.0,32.7
2023-06-13 02:00:00+05:30,0.0,31.88
2023-06-13 03:00:00+05:30,0.0,31.24
2023-06-13 04:00:00+05:30,0.0,30.72
2023-06-13 05:00:00+05:30,0.0,30.3
2023-06-13 06:00:00+05:30,72.24,29.75
2023-06-13 07:00:00+05:30,248.73,29.92
2023-06-13 08:00:00+05:30,443.09,31.98
2023-06-13 09:00:00+05:30,616.99,34.31
2023-06-13 10:00:00+05:30,760.08,36.5
2023-06-13 11:00:00+05:30,859.73,38.58
2023-06-13 12:00:00+05:30,867.26,40.24
2023-06-13 13:00:00+05:30,843.19,41.52
2023-06-13 14:00:00+05:30,751.99,41.95
2023-06-13 15:00:00+05:30,662.5,42.01
2023-06-13 16:00:00+05:30,481.91,41.88
2023-06-13 17:00:00+05:30,322.17,41.33
2023-06-13 18:00:00+05:30,157.58,40.46
2023-06-13 19:00:00+05:30,13.86,38.88
2023-06-13 20:00:00+05:30,0.0,36.95
2023-06-13 21:00:00+05:30,0.0,35.55
2023-06-13 22:00:00+05:30,0.0,34.68
2023-06-13 23:00:00+05:30,0.0,34.12
2023-06-14 00:00:00+05:30,0.0,33.91
2023-06-14 01:00:00+05:30,0.0,33.32
2023-06-14 02:00:00+05:30,0.0,33.03
2023-06-14 03:00:00+05:30,0.0,32.49
2023-06-14 04:00:00+05:30,0.0,31.8
2023-06-14 05:00:00+05:30,0.0,31.43
2023-06-14 06:00:00+05:30,59.62,31.21
2023-06-14 07:00:00+05:30,229.83,31.74
2023-06-14 08:00:00+05:30,419.14,33.1
2023-06-14 09:00:00+05:30,582.52,34.56
2023-06-14 10:00:00+05:30,736.29,35.93
2023-06-14 11:00:00+05:30,769.44,37.38
2023-06-14 12:00:00+05:30,868.97,38.45
2023-06-14 13:00:00+05:30,828.68,39.83
2023-06-14 14:00:00+05:30,713.88,40.22
2023-06-14 15:00:00+05:30,574.26,40.21
2023-06-14 16:00:00+05:30,460.15,40.09
2023-06-14 17:00:00+05:30,290.48,38.15
2023-06-14 18:00:00+05:30,132.96,38.09
2023-06-14 19:00:00+05:30,11.98,37.19
2023-06-14 20:00:00+05:30,0.0,36.04
2023-06-14 21:00:00+05:30,0.0,34.92
2023-06-14 22:00:00+05:30,0.0,33.83
2023-06-14 23:00:00+05:30,0.0,33.02
2023-06-15 00:00:00+05:30,0.0,32.63
2023-06-15 01:00:00+05:30,0.0,33.2
2023-06-15 02:00:00+05:30,0.0,32.92
2023-06-15 03:00:00+05:30,0.0,32.64
2023-06-15 04:00:00+05:30,0.0,32.56
2023-06-15 05:00:00+05:30,0.0,32.43
2023-06-15 06:00:00+05:30,66.26,32.13
2023-06-15 07:00:00+05:30,226.14,32.12
2023-06-15 08:00:00+05:30,419.76,33.01
2023-06-15 09:00:00+05:30,585.49,34.18
2023-06-15 10:00:00+05:30,708.09,35.52
2023-06-15 11:00:00+05:30,772.0,36.77
2023-06-15 12:00:00+05:30,772.13,37.76
2023-06-15 13:00:00+05:30,672.14,38.15
2023-06-15 14:00:00+05:30,718.33,35.46
2023-06-15 15:00:00+05:30,471.63,36.78
2023-06-15 16:00:00+05:30,350.27,36.85
2023-06-15 17:00:00+05:30,284.01,36.47
2023-06-15 18:00:00+05:30,143.19,36.31
2023-06-15 19:00:00+05:30,12.13,35.51
2023-06-15 20:00:00+05:30,0.0,34.32
2023-06-15 21:00:00+05:30,0.0,33.28
2023-06-15 22:00:00+05:30,0.0,32.55
2023-06-15 23:00:00+05:30,0.0,32.06
2023-06-16 00:00:00+05:30,0.0,31.74
2023-06-16 01:00:00+05:30,0.0,31.07
2023-06-16 02:00:00+05:30,0.0,30.61
2023-06-16 03:00:00+05:30,0.0,30.1
2023-06-16 04:00:00+05:30,0.0,29.68
2023-06-16 05:00:00+05:30,0.0,29.52
2023-06-16 06:00:00+05:30,55.86,29.64
2023-06-16 07:00:00+05:30,204.29,30.28
2023-06-16 08:00:00+05:30,355.54,31.71
2023-06-16 09:00:00+05:30,488.38,33.05
2023-06-16 10:00:00+05:30,654.37,34.11
2023-06-16 11:00:00+05:30,742.41,35.37
2023-06-16 12:00:00+05:30,787.47,36.39
2023-06-16 13:00:00+05:30,662.91,37.39
2023-06-16 14:00:00+05:30,622.91,37.52
2023-06-16 15:00:00+05:30,571.65,37.65
2023-06-16 16:00:00+05:30,466.3,37.48
2023-06-16 17:00:00+05:30,339.21,37.12
2023-06-16 18:00:00+05:30,149.96,36.86
2023-06-16 19:00:00+05:30,22.34,35.93
2023-06-16 20:00:00+05:30,0.0,34.47
2023-06-16 21:00:00+05:30,0.0,33.47
2023-06-16 22:00:00+05:30,0.0,32.64
2023-06-16 23:00:00+05:30,0.0,31.8
2023-06-17 00:00:00+05:30,0.0,31.22
2023-06-17 01:00:00+05:30,0.0,30.87
2023-06-17 02:00:00+05:30,0.0,30.64
2023-06-17 03:00:00+05:30,0.0,30.56
2023-06-17 04:00:00+05:30,0.0,30.38
2023-06-17 05:00:00+05:30,0.0,30.17
2023-06-17 06:00:00+05:30,59.42,29.92
2023-06-17 07:00:00+05:30,205.66,30.3
2023-06-17 08:00:00+05:30,407.38,31.88
2023-06-17 09:00:00+05:30,581.86,33.3
2023-06-17 10:00:00+05:30,733.13,34.51
2023-06-17 11:00:00+05:30,812.9,35.76
2023-06-17 12:00:00+05:30,856.29,36.8
2023-06-17 13:00:00+05:30,825.53,37.49
2023-06-17 14:00:00+05:30,778.2,37.96
2023-06-17 15:00:00+05:30,683.68,38.44
2023-06-17 16:00:00+05:30,493.71,38.7
2023-06-17 17:00:00+05:30,329.35,38.34
2023-06-17 18:00:00+05:30,150.98,38.05
2023-06-17 19:00:00+05:30,23.33,37.26
2023-06-17 20:00:00+05:30,0.0,35.59
2023-06-17 21:00:00+05:30,0.0,34.4
2023-06-17 22:00:00+05:30,0.0,33.43
2023-06-17 23:00:00+05:30,0.0,32.32
2023-06-18 00:00:00+05:30,0.0,31.49
2023-06-18 01:00:00+05:30,0.0,31.4
2023-06-18 02:00:00+05:30,0.0,30.53
2023-06-18 03:00:00+05:30,0.0,29.11
2023-06-18 04:00:00+05:30,0.0,28.37
2023-06-18 05:00:00+05:30,0.0,27.99
2023-06-18 06:00:00+05:30,40.9,27.74
2023-06-18 07:00:00+05:30,153.07,27.93
2023-06-18 08:00:00+05:30,317.81,29.28
2023-06-18 09:00:00+05:30,557.86,31.11
2023-06-18 10:00:00+05:30,693.02,33.17
2023-06-18 11:00:00+05:30,733.46,34.79
2023-06-18 12:00:00+05:30,684.19,35.88
2023-06-18 13:00:00+05:30,779.74,35.69
2023-06-18 14:00:00+05:30,543.01,36.57
2023-06-18 15:00:00+05:30,546.83,36.4
2023-06-18 16:00:00+05:30,455.98,36.53
2023-06-18 17:00:00+05:30,316.45,36.47
2023-06-18 18:00:00+05:30,154.24,36.39
2023-06-18 19:00:00+05:30,20.71,35.94
2023-06-18 20:00:00+05:30,0.0,33.37
2023-06-18 21:00:00+05:30,0.0,29.28
2023-06-18 22:00:00+05:30,0.0,28.17
2023-06-18 23:00:00+05:30,0.0,27.01
2023-06-19 00:00:00+05:30,0.0,25.96
2023-06-19 01:00:00+05:30,0.0,25.87
2023-06-19 02:00:00+05:30,0.0,25.98
2023-06-19 03:00:00+05:30,0.0,26.27
2023-06-19 04:00:00+05:30,0.0,26.52
2023-06-19 05:00:00+05:30,0.0,27.06
2023-06-19 06:00:00+05:30,35.18,27.51
2023-06-19 07:00:00+05:30,134.2,28.21
2023-06-19 08:00:00+05:30,226.77,29.32
2023-06-19 09:00:00+05:30,295.45,29.86
2023-06-19 10:00:00+05:30,352.35,30.94
2023-06-19 11:00:00+05:30,305.48,30.99
2023-06-19 12:00:00+05:30,389.76,30.61
2023-06-19 13:00:00+05:30,260.04,28.79
2023-06-19 14:00:00+05:30,172.29,28.7
2023-06-19 15:00:00+05:30,114.68,28.5
2023-06-19 16:00:00+05:30,103.21,28.08
2023-06-19 17:00:00+05:30,35.03,27.72
2023-06-19 18:00:00+05:30,13.96,27.16
2023-06-19 19:00:00+05:30,5.39,26.77
2023-06-19 20:00:00+05:30,0.0,26.38
2023-06-19 21:00:00+05:30,0.0,26.19
2023-06-19 22:00:00+05:30,0.0,26.2
2023-06-19 23:00:00+05:30,0.0,26.29
2023-06-20 00:00:00+05:30,0.0,26.32
2023-06-20 01:00:00+05:30,0.0,26.15
2023-06-20 02:00:00+05:30,0.0,26.07
2023-06-20 03:00:00+05:30,0.0,26.12
2023-06-20 04:00:00+05:30,0.0,26.04
2023-06-20 05:00:00+05:30,0.0,25.93
2023-06-20 06:00:00+05:30,6.71,26.07
2023-06-20 07:00:00+05:30,19.97,26.02
2023-06-20 08:00:00+05:30,30.18,26.15
2023-06-20 09:00:00+05:30,47.88,26.38
2023-06-20 10:00:00+05:30,88.46,26.71
2023-06-20 11:00:00+05:30,123.78,27.28
2023-06-20 12:00:00+05:30,260.96,28.18
2023-06-20 13:00:00+05:30,343.07,30.05
2023-06-20 14:00:00+05:30,288.71,30.66
2023-06-20 15:00:00+05:30,243.67,31.17
2023-06-20 16:00:00+05:30,241.6,31.19
2023-06-20 17:00:00+05:30,126.32,29.04
2023-06-20 18:00:00+05:30,74.68,28.25
2023-06-20 19:00:00+05:30,13.07,28.38
2023-06-20 20:00:00+05:30,0.0,28.21
2023-06-20 21:00:00+05:30,0.0,28.09
2023-06-20 22:00:00+05:30,0.0,28.03
2023-06-20 23:00:00+05:30,0.0,27.96
2023-06-21 00:00:00+05:30,0.0,27.84
2023-06-21 01:00:00+05:30,0.0,27.07
2023-06-21 02:00:00+05:30,0.0,26.69
2023-06-21 03:00:00+05:30,0.0,26.63
2023-06-21 04:00:00+05:30,0.0,26.49
2023-06-21 05:00:00+05:30,0.0,26.49
2023-06-21 06:00:00+05:30,36.85,26.58
2023-06-21 07:00:00+05:30,132.43,26.74
2023-06-21 08:00:00+05:30,193.79,27.56
2023-06-21 09:00:00+05:30,335.42,28.29
2023-06-21 10:00:00+05:30,516.9,29.37
2023-06-21 11:00:00+05:30,572.87,30.75
2023-06-21 12:00:00+05:30,589.61,31.86
2023-06-21 13:00:00+05:30,675.88,32.16
2023-06-21 14:00:00+05:30,439.63,33.1
2023-06-21 15:00:00+05:30,405.82,33.18
2023-06-21 16:00:00+05:30,386.55,33.34
2023-06-21 17:00:00+05:30,242.38,33.43
2023-06-21 18:00:00+05:30,132.62,33.2
2023-06-21 19:00:00+05:30,20.61,32.72
2023-06-21 20:00:00+05:30,0.0,32.01
2023-06-21 21:00:00+05:30,0.0,31.03
2023-06-21 22:00:00+05:30,0.0,30.19
2023-06-21 23:00:00+05:30,0.0,29.57
2023-06-22 00:00:00+05:30,0.0,29.26
2023-06-22 01:00:00+05:30,0.0,28.96
2023-06-22 02:00:00+05:30,0.0,28.57
2023-06-22 03:00:00+05:30,0.0,28.16
2023-06-22 04:00:00+05:30,0.0,27.87
2023-06-22 05:00:00+05:30,0.0,27.71
2023-06-22 06:00:00+05:30,52.17,27.52
2023-06-22 07:00:00+05:30,178.87,27.99
2023-06-22 08:00:00+05:30,327.54,29.32
2023-06-22 09:00:00+05:30,423.24,30.46
2023-06-22 10:00:00+05:30,554.75,31.46
2023-06-22 11:00:00+05:30,625.22,32.48
2023-06-22 12:00:00+05:30,650.13,33.2
2023-06-22 13:00:00+05:30,722.89,34.08
2023-06-22 14:00:00+05:30,680.09,34.86
2023-06-22 15:00:00+05:30,584.71,35.36
2023-06-22 16:00:00+05:30,348.95,35.39
2023-06-22 17:00:00+05:30,254.56,35.1
2023-06-22 18:00:00+05:30,115.52,34.82
2023-06-22 19:00:00+05:30,19.4,33.95
2023-06-22 20:00:00+05:30,0.0,33.13
2023-06-22 21:00:00+05:30,0.0,32.25
2023-06-22 22:00:00+05:30,0.0,31.46
2023-06-22 23:00:00+05:30,0.0,30.89
2023-06-23 00:00:00+05:30,0.0,30.57
2023-06-23 01:00:00+05:30,0.0,29.5
2023-06-23 02:00:00+05:30,0.0,29.35
2023-06-23 03:00:00+05:30,0.0,29.19
2023-06-23 04:00:00+05:30,0.0,28.91
2023-06-23 05:00:00+05:30,0.0,28.59
2023-06-23 06:00:00+05:30,33.93,28.43
2023-06-23 07:00:00+05:30,86.01,28.6
2023-06-23 08:00:00+05:30,302.27,29.21
2023-06-23 09:00:00+05:30,417.56,30.62
2023-06-23 10:00:00+05:30,470.1,31.11
2023-06-23 11:00:00+05:30,453.08,31.9
2023-06-23 12:00:00+05:30,589.07,32.32
2023-06-23 13:00:00+05:30,395.88,33.88
2023-06-23 14:00:00+05:30,300.39,32.96
2023-06-23 15:00:00+05:30,211.49,31.3
2023-06-23 16:00:00+05:30,279.29,30.93
2023-06-23 17:00:00+05:30,228.26,31.48
2023-06-23 18:00:00+05:30,132.34,31.78
2023-06-23 19:00:00+05:30,23.24,31.68
2023-06-23 20:00:00+05:30,0.0,31.0
2023-06-23 21:00:00+05:30,0.0,30.39
2023-06-23 22:00:00+05:30,0.0,29.96
2023-06-23 23:00:00+05:30,0.0,29.6
2023-06-24 00:00:00+05:30,0.0,29.37
2023-06-24 01:00:00+05:30,0.0,29.58
2023-06-24 02:00:00+05:30,0.0,29.4
2023-06-24 03:00:00+05:30,0.0,29.05
2023-06-24 04:00:00+05:30,0.0,28.57
2023-06-24 05:00:00+05:30,0.0,28.41
2023-06-24 06:00:00+05:30,47.56,28.09
2023-06-24 07:00:00+05:30,117.82,28.18
2023-06-24 08:00:00+05:30,294.08,29.3
2023-06-24 09:00:00+05:30,358.26,31.05
2023-06-24 10:00:00+05:30,395.3,31.58
2023-06-24 11:00:00+05:30,564.52,32.51
2023-06-24 12:00:00+05:30,600.92,33.77
2023-06-24 13:00:00+05:30,680.76,33.88
2023-06-24 14:00:00+05:30,609.07,34.47
2023-06-24 15:00:00+05:30,493.74,34.89
2023-06-24 16:00:00+05:30,366.33,35.12
2023-06-24 17:00:00+05:30,255.61,35.03
2023-06-24 18:00:00+05:30,108.39,34.8
2023-06-24 19:00:00+05:30,15.96,34.07
2023-06-24 20:00:00+05:30,0.0,33.02
2023-06-24 21:00:00+05:30,0.0,31.98
2023-06-24 22:00:00+05:30,0.0,31.32
2023-06-24 23:00:00+05:30,0.0,30.85
2023-06-25 00:00:00+05:30,0.0,30.38
2023-06-25 01:00:00+05:30,0.0,29.64
2023-06-25 02:00:00+05:30,0.0,29.3
2023-06-25 03:00:00+05:30,0.0,29.0
2023-06-25 04:00:00+05:30,0.0,28.35
2023-06-25 05:00:00+05:30,0.0,27.79
2023-06-25 06:00:00+05:30,17.78,27.42
2023-06-25 07:00:00+05:30,56.88,26.73
2023-06-25 08:00:00+05:30,104.56,26.86
2023-06-25 09:00:00+05:30,122.21,27.18
2023-06-25 10:00:00+05:30,120.62,27.41
2023-06-25 11:00:00+05:30,336.1,27.57
2023-06-25 12:00:00+05:30,223.17,29.28
2023-06-25 13:00:00+05:30,193.81,27.18
2023-06-25 14:00:00+05:30,217.22,27.2
2023-06-25 15:00:00+05:30,196.66,27.35
2023-06-25 16:00:00+05:30,164.38,27.49
2023-06-25 17:00:00+05:30,92.62,27.53
2023-06-25 18:00:00+05:30,57.89,27.38
2023-06-25 19:00:00+05:30,8.28,27.31
2023-06-25 20:00:00+05:30,0.0,27.12
2023-06-25 21:00:00+05:30,0.0,27.01
2023-06-25 22:00:00+05:30,0.0,26.93
2023-06-25 23:00:00+05:30,0.0,26.79
2023-06-26 00:00:00+05:30,0.0,26.67
2023-06-26 01:00:00+05:30,0.0,26.23
2023-06-26 02:00:00+05:30,0.0,26.04
2023-06-26 03:00:00+05:30,0.0,25.91
2023-06-26 04:00:00+05:30,0.0,25.87
2023-06-26 05:00:00+05:30,0.0,25.84
2023-06-26 06:00:00+05:30,13.86,25.71
2023-06-26 07:00:00+05:30,88.98,25.71
2023-06-26 08:00:00+05:30,165.3,26.2
2023-06-26 09:00:00+05:30,269.0,26.84
2023-06-26 10:00:00+05:30,383.18,27.41
2023-06-26 11:00:00+05:30,537.07,28.34
2023-06-26 12:00:00+05:30,650.69,29.22
2023-06-26 13:00:00+05:30,620.79,32.01
2023-06-26 14:00:00+05:30,577.81,32.32
2023-06-26 15:00:00+05:30,550.57,32.67
2023-06-26 16:00:00+05:30,425.54,32.76
2023-06-26 17:00:00+05:30,237.75,32.38
2023-06-26 18:00:00+05:30,139.63,31.01
2023-06-26 19:00:00+05:30,18.8,29.85
2023-06-26 20:00:00+05:30,0.0,28.9
2023-06-26 21:00:00+05:30,0.0,28.35
2023-06-26 22:00:00+05:30,0.0,28.06
2023-06-26 23:00:00+05:30,0.0,27.79
2023-06-27 00:00:00+05:30,0.0,27.5
2023-06-27 01:00:00+05:30,0.0,27.37
2023-06-27 02:00:00+05:30,0.0,26.82
2023-06-27 03:00:00+05:30,0.0,26.43
2023-06-27 04:00:00+05:30,0.0,26.22
2023-06-27 05:00:00+05:30,0.0,26.13
2023-06-27 06:00:00+05:30,24.68,26.01
2023-06-27 07:00:00+05:30,90.8,25.82
2023-06-27 08:00:00+05:30,205.84,25.93
2023-06-27 09:00:00+05:30,350.12,26.66
2023-06-27 10:00:00+05:30,457.23,27.97
2023-06-27 11:00:00+05:30,556.6,29.4
2023-06-27 12:00:00+05:30,380.13,30.77
2023-06-27 13:00:00+05:30,471.79,30.26
2023-06-27 14:00:00+05:30,638.11,31.11
2023-06-27 15:00:00+05:30,511.53,32.3
2023-06-27 16:00:00+05:30,456.88,32.64
2023-06-27 17:00:00+05:30,269.45,32.84
2023-06-27 18:00:00+05:30,148.83,32.5
2023-06-27 19:00:00+05:30,27.01,31.82
2023-06-27 20:00:00+05:30,0.0,30.67
2023-06-27 21:00:00+05:30,0.0,29.9
2023-06-27 22:00:00+05:30,0.0,29.52
2023-06-27 23:00:00+05:30,0.0,29.24
2023-06-28 00:00:00+05:30,0.0,28.95
2023-06-28 01:00:00+05:30,0.0,28.55
2023-06-28 02:00:00+05:30,0.0,28.21
2023-06-28 03:00:00+05:30,0.0,28.04
2023-06-28 04:00:00+05:30,0.0,27.95
2023-06-28 05:00:00+05:30,0.0,27.77
2023-06-28 06:00:00+05:30,35.47,27.62
2023-06-28 07:00:00+05:30,130.09,27.99
2023-06-28 08:00:00+05:30,255.31,29.0
2023-06-28 09:00:00+05:30,446.09,30.03
2023-06-28 10:00:00+05:30,641.27,31.02
2023-06-28 11:00:00+05:30,715.65,32.01
2023-06-28 12:00:00+05:30,805.36,32.79
2023-06-28 13:00:00+05:30,663.15,34.06
2023-06-28 14:00:00+05:30,604.33,34.05
2023-06-28 15:00:00+05:30,463.19,34.06
2023-06-28 16:00:00+05:30,325.34,33.81
2023-06-28 17:00:00+05:30,216.86,32.43
2023-06-28 18:00:00+05:30,85.42,31.84
2023-06-28 19:00:00+05:30,15.68,30.89
2023-06-28 20:00:00+05:30,0.0,30.2
2023-06-28 21:00:00+05:30,0.0,29.64
2023-06-28 22:00:00+05:30,0.0,29.21
2023-06-28 23:00:00+05:30,0.0,28.91
2023-06-29 00:00:00+05:30,0.0,28.6
2023-06-29 01:00:00+05:30,0.0,28.37
2023-06-29 02:00:00+05:30,0.0,28.01
2023-06-29 03:00:00+05:30,0.0,27.86
2023-06-29 04:00:00+05:30,0.0,27.64
2023-06-29 05:00:00+05:30,0.0,27.29
2023-06-29 06:00:00+05:30,27.52,27.03
2023-06-29 07:00:00+05:30,95.58,27.04
2023-06-29 08:00:00+05:30,259.92,27.28
2023-06-29 09:00:00+05:30,377.89,28.23
2023-06-29 10:00:00+05:30,488.09,29.19
2023-06-29 11:00:00+05:30,485.87,29.76
2023-06-29 12:00:00+05:30,258.77,30.46
2023-06-29 13:00:00+05:30,260.1,29.26
2023-06-29 14:00:00+05:30,399.24,29.48
2023-06-29 15:00:00+05:30,270.7,30.0
2023-06-29 16:00:00+05:30,181.85,30.26
2023-06-29 17:00:00+05:30,97.21,30.06
2023-06-29 18:00:00+05:30,63.43,28.52
2023-06-29 19:00:00+05:30,9.67,27.92
2023-06-29 20:00:00+05:30,0.0,27.41
2023-06-29 21:00:00+05:30,0.0,27.18
2023-06-29 22:00:00+05:30,0.0,26.77
2023-06-29 23:00:00+05:30,0.0,26.49
2023-06-30 00:00:00+05:30,0.0,26.43
2023-06-30 01:00:00+05:30,0.0,26.83
2023-06-30 02:00:00+05:30,0.0,26.74
2023-06-30 03:00:00+05:30,0.0,26.5
2023-06-30 04:00:00+05:30,0.0,26.31
2023-06-30 05:00:00+05:30,0.0,26.18
2023-06-30 06:00:00+05:30,31.8,26.02
2023-06-30 07:00:00+05:30,68.99,26.27
2023-06-30 08:00:00+05:30,159.78,26.84
2023-06-30 09:00:00+05:30,377.01,27.8
2023-06-30 10:00:00+05:30,449.89,29.31
2023-06-30 11:00:00+05:30,593.61,30.39
2023-06-30 12:00:00+05:30,597.62,31.42
2023-06-30 13:00:00+05:30,597.03,31.85
2023-06-30 14:00:00+05:30,312.78,32.55
2023-06-30 15:00:00+05:30,273.07,30.76
2023-06-30 16:00:00+05:30,312.5,29.46
2023-06-30 17:00:00+05:30,209.7,29.8
2023-06-30 18:00:00+05:30,83.57,29.98
2023-06-30 19:00:00+05:30,11.61,29.67
2023-06-30 20:00:00+05:30,0.0,29.07
2023-06-30 21:00:00+05:30,0.0,28.47
2023-06-30 22:00:00+05:30,0.0,27.93
2023-06-30 23:00:00+05:30,0.0,27.54
2023-07-01 00:00:00+05:30,0.0,27.17
2023-07-01 01:00:00+05:30,0.0,26.66
2023-07-01 02:00:00+05:30,0.0,26.38
2023-07-01 03:00:00+05:30,0.0,26.22
2023-07-01 04:00:00+05:30,0.0,26.09
2023-07-01 05:00:00+05:30,0.0,26.07
2023-07-01 06:00:00+05:30,31.69,25.99
2023-07-01 07:00:00+05:30,128.91,26.28
2023-07-01 08:00:00+05:30,235.58,27.1
2023-07-01 09:00:00+05:30,387.44,28.31
2023-07-01 10:00:00+05:30,508.85,29.8
2023-07-01 11:00:00+05:30,608.56,30.96
2023-07-01 12:00:00+05:30,650.64,31.92
2023-07-01 13:00:00+05:30,608.61,31.83
2023-07-01 14:00:00+05:30,613.39,32.31
2023-07-01 15:00:00+05:30,479.5,32.77
2023-07-01 16:00:00+05:30,403.31,32.92
2023-07-01 17:00:00+05:30,265.35,32.97
2023-07-01 18:00:00+05:30,101.25,32.73
2023-07-01 19:00:00+05:30,19.53,31.97
2023-07-01 20:00:00+05:30,0.0,31.14
2023-07-01 21:00:00+05:30,0.0,30.19
2023-07-01 22:00:00+05:30,0.0,29.47
2023-07-01 23:00:00+05:30,0.0,28.87
2023-07-02 00:00:00+05:30,0.0,28.54
2023-07-02 01:00:00+05:30,0.0,27.99
2023-07-02 02:00:00+05:30,0.0,27.55
2023-07-02 03:00:00+05:30,0.0,27.08
2023-07-02 04:00:00+05:30,0.0,26.67
2023-07-02 05:00:00+05:30,0.0,26.21
2023-07-02 06:00:00+05:30,38.55,25.8
2023-07-02 07:00:00+05:30,165.59,25.93
2023-07-02 08:00:00+05:30,356.11,26.94
2023-07-02 09:00:00+05:30,503.1,28.74
2023-07-02 10:00:00+05:30,677.87,30.36
2023-07-02 11:00:00+05:30,737.4,31.88
2023-07-02 12:00:00+05:30,727.51,32.9
2023-07-02 13:00:00+05:30,744.19,33.07
2023-07-02 14:00:00+05:30,674.74,33.57
2023-07-02 15:00:00+05:30,518.88,33.74
2023-07-02 16:00:00+05:30,449.89,33.51
2023-07-02 17:00:00+05:30,286.65,33.41
2023-07-02 18:00:00+05:30,163.43,32.95
2023-07-02 19:00:00+05:30,28.49,32.16
2023-07-02 20:00:00+05:30,0.0,31.16
2023-07-02 21:00:00+05:30,0.0,29.96
2023-07-02 22:00:00+05:30,0.0,29.15
2023-07-02 23:00:00+05:30,0.0,28.56
2023-07-03 00:00:00+05:30,0.0,28.01
2023-07-03 01:00:00+05:30,0.0,27.76
2023-07-03 02:00:00+05:30,0.0,27.42
2023-07-03 03:00:00+05:30,0.0,27.06
2023-07-03 04:00:00+05:30,0.0,26.73
2023-07-03 05:00:00+05:30,0.0,26.51
2023-07-03 06:00:00+05:30,54.39,26.35
2023-07-03 07:00:00+05:30,214.24,26.96
2023-07-03 08:00:00+05:30,404.01,29.0
2023-07-03 09:00:00+05:30,568.49,30.73
2023-07-03 10:00:00+05:30,710.25,32.14
2023-07-03 11:00:00+05:30,684.81,33.1
2023-07-03 12:00:00+05:30,562.73,33.7
2023-07-03 13:00:00+05:30,766.16,33.64
2023-07-03 14:00:00+05:30,661.83,34.02
2023-07-03 15:00:00+05:30,621.92,34.62
2023-07-03 16:00:00+05:30,496.9,34.98
2023-07-03 17:00:00+05:30,333.78,35.03
2023-07-03 18:00:00+05:30,145.95,34.78
2023-07-03 19:00:00+05:30,26.47,33.61
2023-07-03 20:00:00+05:30,0.0,32.74
2023-07-03 21:00:00+05:30,0.0,31.75
2023-07-03 22:00:00+05:30,0.0,30.49
2023-07-03 23:00:00+05:30,0.0,29.92
2023-07-04 00:00:00+05:30,0.0,29.49
2023-07-04 01:00:00+05:30,0.0,29.72
2023-07-04 02:00:00+05:30,0.0,29.46
2023-07-04 03:00:00+05:30,0.0,29.21
2023-07-04 04:00:00+05:30,0.0,28.95
2023-07-04 05:00:00+05:30,0.0,28.55
2023-07-04 06:00:00+05:30,37.81,28.16
2023-07-04 07:00:00+05:30,139.2,28.04
2023-07-04 08:00:00+05:30,275.87,28.84
2023-07-04 09:00:00+05:30,464.18,30.24
2023-07-04 10:00:00+05:30,526.34,31.71
2023-07-04 11:00:00+05:30,749.09,32.92
2023-07-04 12:00:00+05:30,629.05,34.31
2023-07-04 13:00:00+05:30,652.14,33.23
2023-07-04 14:00:00+05:30,664.83,34.04
2023-07-04 15:00:00+05:30,562.37,34.73
2023-07-04 16:00:00+05:30,450.26,35.14
2023-07-04 17:00:00+05:30,275.28,35.2
2023-07-04 18:00:00+05:30,129.87,34.87
2023-07-04 19:00:00+05:30,25.02,33.72
2023-07-04 20:00:00+05:30,0.0,32.17
2023-07-04 21:00:00+05:30,0.0,30.66
2023-07-04 22:00:00+05:30,0.0,29.59
2023-07-04 23:00:00+05:30,0.0,29.02
2023-07-05 00:00:00+05:30,0.0,28.61
2023-07-05 01:00:00+05:30,0.0,28.61
2023-07-05 02:00:00+05:30,0.0,28.28
2023-07-05 03:00:00+05:30,0.0,27.94
2023-07-05 04:00:00+05:30,0.0,27.56
2023-07-05 05:00:00+05:30,0.0,27.3
2023-07-05 06:00:00+05:30,44.55,27.06
2023-07-05 07:00:00+05:30,186.29,27.35
2023-07-05 08:00:00+05:30,338.98,28.38
2023-07-05 09:00:00+05:30,450.88,29.35
2023-07-05 10:00:00+05:30,571.37,30.47
2023-07-05 11:00:00+05:30,617.07,31.63
2023-07-05 12:00:00+05:30,637.65,32.55
2023-07-05 13:00:00+05:30,658.73,30.75
2023-07-05 14:00:00+05:30,545.87,32.2
2023-07-05 15:00:00+05:30,489.95,32.57
2023-07-05 16:00:00+05:30,423.84,32.86
2023-07-05 17:00:00+05:30,278.71,33.09
2023-07-05 18:00:00+05:30,128.07,32.57
2023-07-05 19:00:00+05:30,19.17,31.75
2023-07-05 20:00:00+05:30,0.0,30.59
2023-07-05 21:00:00+05:30,0.0,29.76
2023-07-05 22:00:00+05:30,0.0,29.15
2023-07-05 23:00:00+05:30,0.0,28.68
2023-07-06 00:00:00+05:30,0.0,28.25
2023-07-06 01:00:00+05:30,0.0,28.32
2023-07-06 02:00:00+05:30,0.0,28.16
2023-07-06 03:00:00+05:30,0.0,27.96
2023-07-06 04:00:00+05:30,0.0,27.7
2023-07-06 05:00:00+05:30,0.0,26.65
2023-07-06 06:00:00+05:30,25.45,26.14
2023-07-06 07:00:00+05:30,111.39,26.29
2023-07-06 08:00:00+05:30,225.86,27.04
2023-07-06 09:00:00+05:30,157.87,27.94
2023-07-06 10:00:00+05:30,152.2,27.83
2023-07-06 11:00:00+05:30,210.6,27.57
2023-07-06 12:00:00+05:30,650.43,27.7
2023-07-06 13:00:00+05:30,513.86,32.53
2023-07-06 14:00:00+05:30,449.99,31.76
2023-07-06 15:00:00+05:30,367.6,31.71
2023-07-06 16:00:00+05:30,294.75,31.76
2023-07-06 17:00:00+05:30,184.82,30.41
2023-07-06 18:00:00+05:30,80.77,30.05
2023-07-06 19:00:00+05:30,14.56,29.77
2023-07-06 20:00:00+05:30,0.0,29.16
2023-07-06 21:00:00+05:30,0.0,28.65
2023-07-06 22:00:00+05:30,0.0,28.18
2023-07-06 23:00:00+05:30,0.0,27.8
2023-07-07 00:00:00+05:30,0.0,27.53
2023-07-07 01:00:00+05:30,0.0,27.66
2023-07-07 02:00:00+05:30,0.0,27.47
2023-07-07 03:00:00+05:30,0.0,27.27
2023-07-07 04:00:00+05:30,0.0,26.77
2023-07-07 05:00:00+05:30,0.0,26.28
2023-07-07 06:00:00+05:30,4.93,25.88
2023-07-07 07:00:00+05:30,16.52,25.45
2023-07-07 08:00:00+05:30,40.83,25.41
2023-07-07 09:00:00+05:30,110.0,25.73
2023-07-07 10:00:00+05:30,200.66,26.69
2023-07-07 11:00:00+05:30,224.31,27.83
2023-07-07 12:00:00+05:30,364.17,28.83
2023-07-07 13:00:00+05:30,472.29,30.37
2023-07-07 14:00:00+05:30,463.18,31.22
2023-07-07 15:00:00+05:30,393.71,31.6
2023-07-07 16:00:00+05:30,261.65,31.65
2023-07-07 17:00:00+05:30,163.76,31.28
2023-07-07 18:00:00+05:30,90.11,30.69
2023-07-07 19:00:00+05:30,14.79,29.96
2023-07-07 20:00:00+05:30,0.0,29.34
2023-07-07 21:00:00+05:30,0.0,28.81
2023-07-07 22:00:00+05:30,0.0,28.54
2023-07-07 23:00:00+05:30,0.0,28.3
2023-07-08 00:00:00+05:30,0.0,28.09
2023-07-08 01:00:00+05:30,0.0,27.81
2023-07-08 02:00:00+05:30,0.0,27.72
2023-07-08 03:00:00+05:30,0.0,26.95
2023-07-08 04:00:00+05:30,0.0,26.5
2023-07-08 05:00:00+05:30,0.0,26.41
2023-07-08 06:00:00+05:30,9.67,26.38
2023-07-08 07:00:00+05:30,35.78,26.3
2023-07-08 08:00:00+05:30,62.59,26.26
2023-07-08 09:00:00+05:30,44.48,26.15
2023-07-08 10:00:00+05:30,58.92,26.06
2023-07-08 11:00:00+05:30,83.0,26.1
2023-07-08 12:00:00+05:30,330.78,26.19
2023-07-08 13:00:00+05:30,297.16,29.38
2023-07-08 14:00:00+05:30,343.11,29.98
2023-07-08 15:00:00+05:30,525.61,30.65
2023-07-08 16:00:00+05:30,421.1,31.43
2023-07-08 17:00:00+05:30,166.11,31.7
2023-07-08 18:00:00+05:30,57.49,30.98
2023-07-08 19:00:00+05:30,8.68,28.63
2023-07-08 20:00:00+05:30,0.0,27.4
2023-07-08 21:00:00+05:30,0.0,27.01
2023-07-08 22:00:00+05:30,0.0,26.76
2023-07-08 23:00:00+05:30,0.0,26.4
2023-07-09 00:00:00+05:30,0.0,26.35
2023-07-09 01:00:00+05:30,0.0,26.32
2023-07-09 02:00:00+05:30,0.0,26.35
2023-07-09 03:00:00+05:30,0.0,26.25
2023-07-09 04:00:00+05:30,0.0,26.17
2023-07-09 05:00:00+05:30,0.0,26.07
2023-07-09 06:00:00+05:30,17.48,25.97
2023-07-09 07:00:00+05:30,74.1,26.04
2023-07-09 08:00:00+05:30,170.35,26.5
2023-07-09 09:00:00+05:30,325.42,27.34
2023-07-09 10:00:00+05:30,394.34,28.47
2023-07-09 11:00:00+05:30,522.44,29.38
2023-07-09 12:00:00+05:30,363.06,30.61
2023-07-09 13:00:00+05:30,562.09,29.83
2023-07-09 14:00:00+05:30,534.6,30.92
2023-07-09 15:00:00+05:30,508.38,31.47
2023-07-09 16:00:00+05:30,418.75,31.98
2023-07-09 17:00:00+05:30,266.87,32.13
2023-07-09 18:00:00+05:30,97.63,31.88
2023-07-09 19:00:00+05:30,13.99,30.93
2023-07-09 20:00:00+05:30,0.0,28.78
2023-07-09 21:00:00+05:30,0.0,28.02
2023-07-09 22:00:00+05:30,0.0,27.74
2023-07-09 23:00:00+05:30,0.0,27.53
2023-07-10 00:00:00+05:30,0.0,27.23
2023-07-10 01:00:00+05:30,0.0,26.96
2023-07-10 02:00:00+05:30,0.0,26.59
2023-07-10 03:00:00+05:30,0.0,26.41
2023-07-10 04:00:00+05:30,0.0,26.33
2023-07-10 05:00:00+05:30,0.0,26.24
2023-07-10 06:00:00+05:30,21.44,26.15
2023-07-10 07:00:00+05:30,86.86,26.23
2023-07-10 08:00:00+05:30,75.29,26.51
2023-07-10 09:00:00+05:30,184.49,26.75
2023-07-10 10:00:00+05:30,190.35,27.73
2023-07-10 11:00:00+05:30,262.93,28.36
2023-07-10 12:00:00+05:30,355.66,28.76
2023-07-10 13:00:00+05:30,425.14,30.64
2023-07-10 14:00:00+05:30,494.02,31.26
2023-07-10 15:00:00+05:30,549.8,31.82
2023-07-10 16:00:00+05:30,449.82,32.21
2023-07-10 17:00:00+05:30,259.62,32.1
2023-07-10 18:00:00+05:30,111.87,31.69
2023-07-10 19:00:00+05:30,15.06,30.17
2023-07-10 20:00:00+05:30,0.0,28.91
2023-07-10 21:00:00+05:30,0.0,28.17
2023-07-10 22:00:00+05:30,0.0,27.77
2023-07-10 23:00:00+05:30,0.0,27.52
2023-07-11 00:00:00+05:30,0.0,27.13
2023-07-11 01:00:00+05:30,0.0,26.95
2023-07-11 02:00:00+05:30,0.0,26.84
2023-07-11 03:00:00+05:30,0.0,26.72
2023-07-11 04:00:00+05:30,0.0,26.62
2023-07-11 05:00:00+05:30,0.0,26.42
2023-07-11 06:00:00+05:30,24.93,26.22
2023-07-11 07:00:00+05:30,97.54,26.38
2023-07-11 08:00:00+05:30,244.03,26.94
2023-07-11 09:00:00+05:30,352.54,28.02
2023-07-11 10:00:00+05:30,544.99,29.03
2023-07-11 11:00:00+05:30,635.26,30.11
2023-07-11 12:00:00+05:30,417.49,31.33
2023-07-11 13:00:00+05:30,467.31,30.61
2023-07-11 14:00:00+05:30,454.73,31.08
2023-07-11 15:00:00+05:30,403.17,31.66
2023-07-11 16:00:00+05:30,301.48,31.87
2023-07-11 17:00:00+05:30,196.07,31.92
2023-07-11 18:00:00+05:30,92.77,31.81
2023-07-11 19:00:00+05:30,11.93,31.09
2023-07-11 20:00:00+05:30,0.0,30.31
2023-07-11 21:00:00+05:30,0.0,29.46
2023-07-11 22:00:00+05:30,0.0,28.77
2023-07-11 23:00:00+05:30,0.0,28.32
2023-07-12 00:00:00+05:30,0.0,28.01
2023-07-12 01:00:00+05:30,0.0,27.6
2023-07-12 02:00:00+05:30,0.0,27.48
2023-07-12 03:00:00+05:30,0.0,27.26
2023-07-12 04:00:00+05:30,0.0,27.04
2023-07-12 05:00:00+05:30,0.0,26.91
2023-07-12 06:00:00+05:30,17.17,26.37
2023-07-12 07:00:00+05:30,67.32,26.06
2023-07-12 08:00:00+05:30,126.11,26.22
2023-07-12 09:00:00+05:30,163.75,26.43
2023-07-12 10:00:00+05:30,282.1,26.92
2023-07-12 11:00:00+05:30,232.63,27.54
2023-07-12 12:00:00+05:30,432.59,27.59
2023-07-12 13:00:00+05:30,526.25,29.34
2023-07-12 14:00:00+05:30,384.43,30.57
2023-07-12 15:00:00+05:30,340.45,31.13
2023-07-12 16:00:00+05:30,277.57,31.56
2023-07-12 17:00:00+05:30,180.28,31.74
2023-07-12 18:00:00+05:30,72.98,31.62
2023-07-12 19:00:00+05:30,13.24,31.03
2023-07-12 20:00:00+05:30,0.0,30.14
2023-07-12 21:00:00+05:30,0.0,29.37
2023-07-12 22:00:00+05:30,0.0,28.77
2023-07-12 23:00:00+05:30,0.0,28.34
2023-07-13 00:00:00+05:30,0.0,27.96
2023-07-13 01:00:00+05:30,0.0,27.77
2023-07-13 02:00:00+05:30,0.0,27.24
2023-07-13 03:00:00+05:30,0.0,26.74
2023-07-13 04:00:00+05:30,0.0,26.47
2023-07-13 05:00:00+05:30,0.0,26.22
2023-07-13 06:00:00+05:30,16.58,26.12
2023-07-13 07:00:00+05:30,74.85,26.2
2023-07-13 08:00:00+05:30,132.87,26.45
2023-07-13 09:00:00+05:30,218.18,26.86
2023-07-13 10:00:00+05:30,328.13,27.8
2023-07-13 11:00:00+05:30,490.73,28.89
2023-07-13 12:00:00+05:30,563.21,30.16
2023-07-13 13:00:00+05:30,478.45,31.64
2023-07-13 14:00:00+05:30,347.04,31.18
2023-07-13 15:00:00+05:30,394.11,30.93
2023-07-13 16:00:00+05:30,240.5,31.32
2023-07-13 17:00:00+05:30,184.27,31.09
2023-07-13 18:00:00+05:30,94.31,31.01
2023-07-13 19:00:00+05:30,14.48,30.71
2023-07-13 20:00:00+05:30,0.0,30.0
2023-07-13 21:00:00+05:30,0.0,29.29
2023-07-13 22:00:00+05:30,0.0,28.87
2023-07-13 23:00:00+05:30,0.0,28.38
2023-07-14 00:00:00+05:30,0.0,27.93
2023-07-14 01:00:00+05:30,0.0,27.54
2023-07-14 02:00:00+05:30,0.0,27.24
2023-07-14 03:00:00+05:30,0.0,27.23
2023-07-14 04:00:00+05:30,0.0,27.09
2023-07-14 05:00:00+05:30,0.0,26.97
2023-07-14 06:00:00+05:30,13.85,26.79
2023-07-14 07:00:00+05:30,77.9,26.81
2023-07-14 08:00:00+05:30,167.39,27.11
2023-07-14 09:00:00+05:30,210.69,27.7
2023-07-14 10:00:00+05:30,452.59,28.23
2023-07-14 11:00:00+05:30,544.01,29.54
2023-07-14 12:00:00+05:30,604.26,30.67
2023-07-14 13:00:00+05:30,587.14,31.16
2023-07-14 14:00:00+05:30,379.25,32.02
2023-07-14 15:00:00+05:30,443.69,32.27
2023-07-14 16:00:00+05:30,362.49,32.54
2023-07-14 17:00:00+05:30,245.13,32.74
2023-07-14 18:00:00+05:30,91.07,32.34
2023-07-14 19:00:00+05:30,12.74,30.07
2023-07-14 20:00:00+05:30,0.0,28.85
2023-07-14 21:00:00+05:30,0.0,28.36
2023-07-14 22:00:00+05:30,0.0,27.97
2023-07-14 23:00:00+05:30,0.0,27.71
2023-07-15 00:00:00+05:30,0.0,27.54
2023-07-15 01:00:00+05:30,0.0,27.44
2023-07-15 02:00:00+05:30,0.0,27.42
2023-07-15 03:00:00+05:30,0.0,27.32
2023-07-15 04:00:00+05:30,0.0,26.95
2023-07-15 05:00:00+05:30,0.0,26.49
2023-07-15 06:00:00+05:30,14.44,26.18
2023-07-15 07:00:00+05:30,102.44,26.21
2023-07-15 08:00:00+05:30,122.26,26.75
2023-07-15 09:00:00+05:30,267.53,27.14
2023-07-15 10:00:00+05:30,320.09,28.43
2023-07-15 11:00:00+05:30,444.31,29.5
2023-07-15 12:00:00+05:30,482.55,30.57
2023-07-15 13:00:00+05:30,604.37,31.21
2023-07-15 14:00:00+05:30,406.5,32.27
2023-07-15 15:00:00+05:30,381.35,32.3
2023-07-15 16:00:00+05:30,320.34,32.32
2023-07-15 17:00:00+05:30,183.39,32.05
2023-07-15 18:00:00+05:30,57.51,30.87
2023-07-15 19:00:00+05:30,8.75,28.93
2023-07-15 20:00:00+05:30,0.0,27.94
2023-07-15 21:00:00+05:30,0.0,27.41
2023-07-15 22:00:00+05:30,0.0,27.07
2023-07-15 23:00:00+05:30,0.0,26.81
2023-07-16 00:00:00+05:30,0.0,26.7
2023-07-16 01:00:00+05:30,0.0,26.76
2023-07-16 02:00:00+05:30,0.0,26.51
2023-07-16 03:00:00+05:30,0.0,26.28
2023-07-16 04:00:00+05:30,0.0,26.14
2023-07-16 05:00:00+05:30,0.0,26.11
2023-07-16 06:00:00+05:30,8.77,25.99
2023-07-16 07:00:00+05:30,22.46,25.92
2023-07-16 08:00:00+05:30,32.9,25.95
2023-07-16 09:00:00+05:30,87.99,26.1
2023-07-16 10:00:00+05:30,94.77,26.55
2023-07-16 11:00:00+05:30,111.57,26.62
2023-07-16 12:00:00+05:30,467.2,26.89
2023-07-16 13:00:00+05:30,454.92,30.06
2023-07-16 14:00:00+05:30,598.39,30.64
2023-07-16 15:00:00+05:30,656.1,31.04
2023-07-16 16:00:00+05:30,433.07,31.67
2023-07-16 17:00:00+05:30,306.14,31.59
2023-07-16 18:00:00+05:30,136.6,31.39
2023-07-16 19:00:00+05:30,21.39,30.7
2023-07-16 20:00:00+05:30,0.0,30.06
2023-07-16 21:00:00+05:30,0.0,29.39
2023-07-16 22:00:00+05:30,0.0,28.58
2023-07-16 23:00:00+05:30,0.0,28.01
2023-07-17 00:00:00+05:30,0.0,27.62
2023-07-17 01:00:00+05:30,0.0,27.34
2023-07-17 02:00:00+05:30,0.0,27.01
2023-07-17 03:00:00+05:30,0.0,26.83
2023-07-17 04:00:00+05:30,0.0,26.7
2023-07-17 05:00:00+05:30,0.0,26.48
2023-07-17 06:00:00+05:30,25.36,26.37
2023-07-17 07:00:00+05:30,137.36,26.44
2023-07-17 08:00:00+05:30,264.01,27.16
2023-07-17 09:00:00+05:30,306.51,28.24
2023-07-17 10:00:00+05:30,424.58,29.19
2023-07-17 11:00:00+05:30,514.92,29.96
2023-07-17 12:00:00+05:30,544.51,30.63
2023-07-17 13:00:00+05:30,386.44,31.07
2023-07-17 14:00:00+05:30,582.59,31.38
2023-07-17 15:00:00+05:30,497.81,32.05
2023-07-17 16:00:00+05:30,379.64,32.32
2023-07-17 17:00:00+05:30,229.27,32.33
2023-07-17 18:00:00+05:30,97.83,32.26
2023-07-17 19:00:00+05:30,18.51,31.79
2023-07-17 20:00:00+05:30,0.0,31.05
2023-07-17 21:00:00+05:30,0.0,29.97
2023-07-17 22:00:00+05:30,0.0,29.59
2023-07-17 23:00:00+05:30,0.0,28.82
2023-07-18 00:00:00+05:30,0.0,28.07
2023-07-18 01:00:00+05:30,0.0,28.08
2023-07-18 02:00:00+05:30,0.0,27.81
2023-07-18 03:00:00+05:30,0.0,27.65
2023-07-18 04:00:00+05:30,0.0,27.21
2023-07-18 05:00:00+05:30,0.0,26.61
2023-07-18 06:00:00+05:30,8.78,26.15
2023-07-18 07:00:00+05:30,47.84,26.12
2023-07-18 08:00:00+05:30,135.64,26.5
2023-07-18 09:00:00+05:30,256.45,27.15
2023-07-18 10:00:00+05:30,393.38,28.26
2023-07-18 11:00:00+05:30,518.15,29.21
2023-07-18 12:00:00+05:30,390.93,30.11
2023-07-18 13:00:00+05:30,550.29,30.74
2023-07-18 14:00:00+05:30,410.14,31.58
2023-07-18 15:00:00+05:30,397.91,32.08
2023-07-18 16:00:00+05:30,332.77,32.32
2023-07-18 17:00:00+05:30,231.97,32.2
2023-07-18 18:00:00+05:30,97.71,31.16
2023-07-18 19:00:00+05:30,14.66,30.06
2023-07-18 20:00:00+05:30,0.0,29.23
2023-07-18 21:00:00+05:30,0.0,28.72
2023-07-18 22:00:00+05:30,0.0,28.41
2023-07-18 23:00:00+05:30,0.0,28.16
2023-07-19 00:00:00+05:30,0.0,27.84
2023-07-19 01:00:00+05:30,0.0,28.51
2023-07-19 02:00:00+05:30,0.0,28.34
2023-07-19 03:00:00+05:30,0.0,28.17
2023-07-19 04:00:00+05:30,0.0,27.91
2023-07-19 05:00:00+05:30,0.0,27.62
2023-07-19 06:00:00+05:30,34.06,27.3
2023-07-19 07:00:00+05:30,162.81,27.42
2023-07-19 08:00:00+05:30,331.72,28.2
2023-07-19 09:00:00+05:30,461.3,29.24
2023-07-19 10:00:00+05:30,593.54,30.2
2023-07-19 11:00:00+05:30,747.36,31.09
2023-07-19 12:00:00+05:30,606.88,32.18
2023-07-19 13:00:00+05:30,618.61,33.05
2023-07-19 14:00:00+05:30,634.07,33.31
2023-07-19 15:00:00+05:30,534.41,33.52
2023-07-19 16:00:00+05:30,400.21,33.49
2023-07-19 17:00:00+05:30,266.05,32.89
2023-07-19 18:00:00+05:30,122.64,32.7
2023-07-19 19:00:00+05:30,11.83,32.02
2023-07-19 20:00:00+05:30,0.0,31.03
2023-07-19 21:00:00+05:30,0.0,30.33
2023-07-19 22:00:00+05:30,0.0,29.77
2023-07-19 23:00:00+05:30,0.0,29.37
2023-07-20 00:00:00+05:30,0.0,29.1
2023-07-20 01:00:00+05:30,0.0,29.04
2023-07-20 02:00:00+05:30,0.0,28.86
2023-07-20 03:00:00+05:30,0.0,28.64
2023-07-20 04:00:00+05:30,0.0,28.45
2023-07-20 05:00:00+05:30,0.0,28.22
2023-07-20 06:00:00+05:30,36.73,28.07
2023-07-20 07:00:00+05:30,175.07,28.21
2023-07-20 08:00:00+05:30,359.29,29.38
2023-07-20 09:00:00+05:30,543.25,30.83
2023-07-20 10:00:00+05:30,680.87,32.17
2023-07-20 11:00:00+05:30,750.2,32.87
2023-07-20 12:00:00+05:30,719.87,33.62
2023-07-20 13:00:00+05:30,727.79,34.62
2023-07-20 14:00:00+05:30,696.67,35.07
2023-07-20 15:00:00+05:30,549.63,35.14
2023-07-20 16:00:00+05:30,471.72,35.01
2023-07-20 17:00:00+05:30,315.62,34.79
2023-07-20 18:00:00+05:30,143.56,34.16
2023-07-20 19:00:00+05:30,14.25,33.24
2023-07-20 20:00:00+05:30,0.0,32.18
2023-07-20 21:00:00+05:30,0.0,31.21
2023-07-20 22:00:00+05:30,0.0,30.55
2023-07-20 23:00:00+05:30,0.0,30.09
2023-07-21 00:00:00+05:30,0.0,29.7
2023-07-21 01:00:00+05:30,0.0,30.01
2023-07-21 02:00:00+05:30,0.0,29.44
2023-07-21 03:00:00+05:30,0.0,29.26
2023-07-21 04:00:00+05:30,0.0,28.96
2023-07-21 05:00:00+05:30,0.0,28.5
2023-07-21 06:00:00+05:30,33.65,28.47
2023-07-21 07:00:00+05:30,143.63,28.31
2023-07-21 08:00:00+05:30,237.16,28.91
2023-07-21 09:00:00+05:30,423.24,29.6
2023-07-21 10:00:00+05:30,585.39,30.78
2023-07-21 11:00:00+05:30,645.23,32.04
2023-07-21 12:00:00+05:30,775.16,33.01
2023-07-21 13:00:00+05:30,761.14,35.04
2023-07-21 14:00:00+05:30,744.49,35.31
2023-07-21 15:00:00+05:30,526.17,35.33
2023-07-21 16:00:00+05:30,486.4,35.2
2023-07-21 17:00:00+05:30,275.44,35.16
2023-07-21 18:00:00+05:30,138.82,34.69
2023-07-21 19:00:00+05:30,14.0,33.71
2023-07-21 20:00:00+05:30,0.0,32.64
2023-07-21 21:00:00+05:30,0.0,31.84
2023-07-21 22:00:00+05:30,0.0,30.76
2023-07-21 23:00:00+05:30,0.0,30.23
2023-07-22 00:00:00+05:30,0.0,30.02
2023-07-22 01:00:00+05:30,0.0,30.23
2023-07-22 02:00:00+05:30,0.0,29.88
2023-07-22 03:00:00+05:30,0.0,29.52
2023-07-22 04:00:00+05:30,0.0,29.23
2023-07-22 05:00:00+05:30,0.0,28.96
2023-07-22 06:00:00+05:30,33.74,28.72
2023-07-22 07:00:00+05:30,174.18,28.8
2023-07-22 08:00:00+05:30,362.08,29.57
2023-07-22 09:00:00+05:30,536.1,30.59
2023-07-22 10:00:00+05:30,639.3,31.55
2023-07-22 11:00:00+05:30,731.85,32.4
2023-07-22 12:00:00+05:30,755.06,33.07
2023-07-22 13:00:00+05:30,806.39,33.71
2023-07-22 14:00:00+05:30,705.08,34.12
2023-07-22 15:00:00+05:30,577.95,34.18
2023-07-22 16:00:00+05:30,457.48,33.42
2023-07-22 17:00:00+05:30,302.62,33.25
2023-07-22 18:00:00+05:30,128.81,32.5
2023-07-22 19:00:00+05:30,14.45,31.84
2023-07-22 20:00:00+05:30,0.0,31.27
2023-07-22 21:00:00+05:30,0.0,30.82
2023-07-22 22:00:00+05:30,0.0,30.39
2023-07-22 23:00:00+05:30,0.0,29.96
2023-07-23 00:00:00+05:30,0.0,29.59
2023-07-23 01:00:00+05:30,0.0,29.83
2023-07-23 02:00:00+05:30,0.0,29.54
2023-07-23 03:00:00+05:30,0.0,29.14
2023-07-23 04:00:00+05:30,0.0,28.91
2023-07-23 05:00:00+05:30,0.0,28.66
2023-07-23 06:00:00+05:30,26.6,28.48
2023-07-23 07:00:00+05:30,109.89,28.62
2023-07-23 08:00:00+05:30,293.77,29.09
2023-07-23 09:00:00+05:30,323.62,28.98
2023-07-23 10:00:00+05:30,448.14,29.15
2023-07-23 11:00:00+05:30,611.77,30.33
2023-07-23 12:00:00+05:30,777.12,31.62
2023-07-23 13:00:00+05:30,677.88,33.3
2023-07-23 14:00:00+05:30,648.17,33.45
2023-07-23 15:00:00+05:30,488.42,33.64
2023-07-23 16:00:00+05:30,414.33,33.35
2023-07-23 17:00:00+05:30,254.93,33.12
2023-07-23 18:00:00+05:30,104.83,32.38
2023-07-23 19:00:00+05:30,11.69,31.83
2023-07-23 20:00:00+05:30,0.0,30.5
2023-07-23 21:00:00+05:30,0.0,29.25
2023-07-23 22:00:00+05:30,0.0,29.05
2023-07-23 23:00:00+05:30,0.0,29.03
2023-07-24 00:00:00+05:30,0.0,28.98
2023-07-24 01:00:00+05:30,0.0,29.82
2023-07-24 02:00:00+05:30,0.0,29.49
2023-07-24 03:00:00+05:30,0.0,29.19
2023-07-24 04:00:00+05:30,0.0,28.89
2023-07-24 05:00:00+05:30,0.0,28.51
2023-07-24 06:00:00+05:30,26.64,28.22
2023-07-24 07:00:00+05:30,127.05,28.18
2023-07-24 08:00:00+05:30,226.29,27.82
2023-07-24 09:00:00+05:30,394.08,28.3
2023-07-24 10:00:00+05:30,494.75,29.4
2023-07-24 11:00:00+05:30,626.02,30.34
2023-07-24 12:00:00+05:30,664.99,31.37
2023-07-24 13:00:00+05:30,705.39,33.39
2023-07-24 14:00:00+05:30,615.66,33.53
2023-07-24 15:00:00+05:30,434.6,33.29
2023-07-24 16:00:00+05:30,340.08,33.21
2023-07-24 17:00:00+05:30,208.36,32.78
2023-07-24 18:00:00+05:30,80.26,32.23
2023-07-24 19:00:00+05:30,9.67,30.44
2023-07-24 20:00:00+05:30,0.0,28.74
2023-07-24 21:00:00+05:30,0.0,28.2
2023-07-24 22:00:00+05:30,0.0,28.03
2023-07-24 23:00:00+05:30,0.0,27.86
2023-07-25 00:00:00+05:30,0.0,27.78
2023-07-25 01:00:00+05:30,0.0,29.37
2023-07-25 02:00:00+05:30,0.0,29.12
2023-07-25 03:00:00+05:30,0.0,28.76
2023-07-25 04:00:00+05:30,0.0,28.5
2023-07-25 05:00:00+05:30,0.0,28.38
2023-07-25 06:00:00+05:30,27.18,28.26
2023-07-25 07:00:00+05:30,146.96,28.33
2023-07-25 08:00:00+05:30,312.78,29.14
2023-07-25 09:00:00+05:30,416.4,30.06
2023-07-25 10:00:00+05:30,548.68,30.98
2023-07-25 11:00:00+05:30,608.59,31.84
2023-07-25 12:00:00+05:30,548.47,32.57
2023-07-25 13:00:00+05:30,523.61,33.08
2023-07-25 14:00:00+05:30,488.76,33.62
2023-07-25 15:00:00+05:30,440.89,33.7
2023-07-25 16:00:00+05:30,304.65,33.88
2023-07-25 17:00:00+05:30,175.01,32.83
2023-07-25 18:00:00+05:30,67.48,31.4
2023-07-25 19:00:00+05:30,7.79,30.04
2023-07-25 20:00:00+05:30,0.0,29.32
2023-07-25 21:00:00+05:30,0.0,28.48
2023-07-25 22:00:00+05:30,0.0,27.91
2023-07-25 23:00:00+05:30,0.0,27.43
2023-07-26 00:00:00+05:30,0.0,26.97
2023-07-26 01:00:00+05:30,0.0,26.68
2023-07-26 02:00:00+05:30,0.0,26.64
2023-07-26 03:00:00+05:30,0.0,26.59
2023-07-26 04:00:00+05:30,0.0,26.56
2023-07-26 05:00:00+05:30,0.0,26.56
2023-07-26 06:00:00+05:30,12.88,26.43
2023-07-26 07:00:00+05:30,67.82,26.48
2023-07-26 08:00:00+05:30,118.96,26.82
2023-07-26 09:00:00+05:30,190.02,27.48
2023-07-26 10:00:00+05:30,272.99,28.29
2023-07-26 11:00:00+05:30,477.55,29.0
2023-07-26 12:00:00+05:30,534.76,30.0
2023-07-26 13:00:00+05:30,643.43,31.23
2023-07-26 14:00:00+05:30,536.9,32.33
2023-07-26 15:00:00+05:30,507.26,32.63
2023-07-26 16:00:00+05:30,330.84,32.74
2023-07-26 17:00:00+05:30,151.2,32.02
2023-07-26 18:00:00+05:30,59.33,29.64
2023-07-26 19:00:00+05:30,8.93,29.24
2023-07-26 20:00:00+05:30,0.0,28.93
2023-07-26 21:00:00+05:30,0.0,28.64
2023-07-26 22:00:00+05:30,0.0,28.35
2023-07-26 23:00:00+05:30,0.0,28.02
2023-07-27 00:00:00+05:30,0.0,27.86
2023-07-27 01:00:00+05:30,0.0,27.59
2023-07-27 02:00:00+05:30,0.0,27.34
2023-07-27 03:00:00+05:30,0.0,27.19
2023-07-27 04:00:00+05:30,0.0,27.09
2023-07-27 05:00:00+05:30,0.0,27.02
2023-07-27 06:00:00+05:30,19.61,26.81
2023-07-27 07:00:00+05:30,76.62,26.58
2023-07-27 08:00:00+05:30,147.31,26.68
2023-07-27 09:00:00+05:30,223.48,27.16
2023-07-27 10:00:00+05:30,397.51,27.66
2023-07-27 11:00:00+05:30,501.73,28.8
2023-07-27 12:00:00+05:30,504.73,29.87
2023-07-27 13:00:00+05:30,491.83,31.11
2023-07-27 14:00:00+05:30,448.97,31.78
2023-07-27 15:00:00+05:30,426.82,32.06
2023-07-27 16:00:00+05:30,339.51,32.32
2023-07-27 17:00:00+05:30,213.27,32.41
2023-07-27 18:00:00+05:30,90.3,32.31
2023-07-27 19:00:00+05:30,9.91,31.95
2023-07-27 20:00:00+05:30,0.0,30.72
2023-07-27 21:00:00+05:30,0.0,29.67
2023-07-27 22:00:00+05:30,0.0,29.09
2023-07-27 23:00:00+05:30,0.0,28.76
2023-07-28 00:00:00+05:30,0.0,28.35
2023-07-28 01:00:00+05:30,0.0,28.52
2023-07-28 02:00:00+05:30,0.0,27.51
2023-07-28 03:00:00+05:30,0.0,26.82
2023-07-28 04:00:00+05:30,0.0,26.62
2023-07-28 05:00:00+05:30,0.0,26.52
2023-07-28 06:00:00+05:30,6.66,26.39
2023-07-28 07:00:00+05:30,53.16,26.2
2023-07-28 08:00:00+05:30,51.62,26.21
2023-07-28 09:00:00+05:30,138.46,26.16
2023-07-28 10:00:00+05:30,209.25,27.0
2023-07-28 11:00:00+05:30,273.98,27.84
2023-07-28 12:00:00+05:30,448.21,28.65
2023-07-28 13:00:00+05:30,466.77,31.08
2023-07-28 14:00:00+05:30,506.03,31.6
2023-07-28 15:00:00+05:30,450.06,32.22
2023-07-28 16:00:00+05:30,316.97,32.72
2023-07-28 17:00:00+05:30,208.72,30.74
2023-07-28 18:00:00+05:30,81.49,29.65
2023-07-28 19:00:00+05:30,9.79,29.42
2023-07-28 20:00:00+05:30,0.0,29.19
2023-07-28 21:00:00+05:30,0.0,28.73
2023-07-28 22:00:00+05:30,0.0,28.42
2023-07-28 23:00:00+05:30,0.0,28.01
2023-07-29 00:00:00+05:30,0.0,27.59
2023-07-29 01:00:00+05:30,0.0,26.78
2023-07-29 02:00:00+05:30,0.0,26.66
2023-07-29 03:00:00+05:30,0.0,26.65
2023-07-29 04:00:00+05:30,0.0,26.06
2023-07-29 05:00:00+05:30,0.0,25.73
2023-07-29 06:00:00+05:30,6.41,25.8
2023-07-29 07:00:00+05:30,34.77,25.88
2023-07-29 08:00:00+05:30,70.56,26.11
2023-07-29 09:00:00+05:30,93.48,26.31
2023-07-29 10:00:00+05:30,129.63,26.45
2023-07-29 11:00:00+05:30,271.5,26.69
2023-07-29 12:00:00+05:30,676.37,27.68
2023-07-29 13:00:00+05:30,485.02,29.58
2023-07-29 14:00:00+05:30,343.54,29.71
2023-07-29 15:00:00+05:30,128.19,28.44
2023-07-29 16:00:00+05:30,101.97,27.73
2023-07-29 17:00:00+05:30,65.31,27.26
2023-07-29 18:00:00+05:30,47.02,26.99
2023-07-29 19:00:00+05:30,4.38,26.69
2023-07-29 20:00:00+05:30,0.0,26.48
2023-07-29 21:00:00+05:30,0.0,26.35
2023-07-29 22:00:00+05:30,0.0,26.33
2023-07-29 23:00:00+05:30,0.0,26.36
2023-07-30 00:00:00+05:30,0.0,26.46
2023-07-30 01:00:00+05:30,0.0,25.96
2023-07-30 02:00:00+05:30,0.0,25.98
2023-07-30 03:00:00+05:30,0.0,25.89
2023-07-30 04:00:00+05:30,0.0,25.92
2023-07-30 05:00:00+05:30,0.0,25.82
2023-07-30 06:00:00+05:30,4.44,25.73
2023-07-30 07:00:00+05:30,49.13,25.8
2023-07-30 08:00:00+05:30,106.68,26.18
2023-07-30 09:00:00+05:30,212.28,26.67
2023-07-30 10:00:00+05:30,252.33,27.6
2023-07-30 11:00:00+05:30,448.61,28.35
2023-07-30 12:00:00+05:30,633.3,29.35
2023-07-30 13:00:00+05:30,678.32,31.21
2023-07-30 14:00:00+05:30,619.5,31.85
2023-07-30 15:00:00+05:30,544.61,32.36
2023-07-30 16:00:00+05:30,440.18,32.57
2023-07-30 17:00:00+05:30,275.51,32.45
2023-07-30 18:00:00+05:30,111.64,31.53
2023-07-30 19:00:00+05:30,8.92,29.76
2023-07-30 20:00:00+05:30,0.0,29.16
2023-07-30 21:00:00+05:30,0.0,28.59
2023-07-30 22:00:00+05:30,0.0,28.28
2023-07-30 23:00:00+05:30,0.0,28.02
2023-07-31 00:00:00+05:30,0.0,27.34
2023-07-31 01:00:00+05:30,0.0,27.86
2023-07-31 02:00:00+05:30,0.0,27.6
2023-07-31 03:00:00+05:30,0.0,27.19
2023-07-31 04:00:00+05:30,0.0,26.72
2023-07-31 05:00:00+05:30,0.0,26.33
2023-07-31 06:00:00+05:30,17.73,25.96
2023-07-31 07:00:00+05:30,114.28,25.79
2023-07-31 08:00:00+05:30,247.1,26.55
2023-07-31 09:00:00+05:30,441.38,27.9
2023-07-31 10:00:00+05:30,612.35,29.43
2023-07-31 11:00:00+05:30,669.25,30.73
2023-07-31 12:00:00+05:30,614.04,31.67
2023-07-31 13:00:00+05:30,681.28,32.06
2023-07-31 14:00:00+05:30,606.1,32.79
2023-07-31 15:00:00+05:30,483.86,33.32
2023-07-31 16:00:00+05:30,359.45,33.43
2023-07-31 17:00:00+05:30,289.73,32.25
2023-07-31 18:00:00+05:30,109.46,31.62
2023-07-31 19:00:00+05:30,10.33,30.89
2023-07-31 20:00:00+05:30,0.0,30.02
2023-07-31 21:00:00+05:30,0.0,29.53
2023-07-31 22:00:00+05:30,0.0,29.15
2023-07-31 23:00:00+05:30,0.0,28.95
2023-08-01 00:00:00+05:30,0.0,28.63
2023-08-01 01:00:00+05:30,0.0,28.8
2023-08-01 02:00:00+05:30,0.0,28.56
2023-08-01 03:00:00+05:30,0.0,28.2
2023-08-01 04:00:00+05:30,0.0,27.82
2023-08-01 05:00:00+05:30,0.0,27.49
2023-08-01 06:00:00+05:30,24.58,27.37
2023-08-01 07:00:00+05:30,138.79,27.42
2023-08-01 08:00:00+05:30,293.2,28.06
2023-08-01 09:00:00+05:30,419.09,29.09
2023-08-01 10:00:00+05:30,479.99,29.96
2023-08-01 11:00:00+05:30,671.69,30.93
2023-08-01 12:00:00+05:30,668.78,31.98
2023-08-01 13:00:00+05:30,670.8,32.97
2023-08-01 14:00:00+05:30,630.99,33.55
2023-08-01 15:00:00+05:30,585.7,33.82
2023-08-01 16:00:00+05:30,421.61,33.9
2023-08-01 17:00:00+05:30,268.68,33.61
2023-08-01 18:00:00+05:30,111.51,32.96
2023-08-01 19:00:00+05:30,8.82,31.87
2023-08-01 20:00:00+05:30,0.0,30.61
2023-08-01 21:00:00+05:30,0.0,29.7
2023-08-01 22:00:00+05:30,0.0,29.24
2023-08-01 23:00:00+05:30,0.0,28.72
2023-08-02 00:00:00+05:30,0.0,28.26
2023-08-02 01:00:00+05:30,0.0,28.31
2023-08-02 02:00:00+05:30,0.0,28.0
2023-08-02 03:00:00+05:30,0.0,27.66
2023-08-02 04:00:00+05:30,0.0,27.45
2023-08-02 05:00:00+05:30,0.0,27.34
2023-08-02 06:00:00+05:30,19.67,27.16
2023-08-02 07:00:00+05:30,123.53,27.23
2023-08-02 08:00:00+05:30,220.38,27.88
2023-08-02 09:00:00+05:30,346.37,28.77
2023-08-02 10:00:00+05:30,418.58,29.68
2023-08-02 11:00:00+05:30,469.19,30.73
2023-08-02 12:00:00+05:30,445.7,31.66
2023-08-02 13:00:00+05:30,443.35,31.75
2023-08-02 14:00:00+05:30,384.86,32.02
2023-08-02 15:00:00+05:30,253.07,32.16
2023-08-02 16:00:00+05:30,150.92,31.85
2023-08-02 17:00:00+05:30,73.03,30.2
2023-08-02 18:00:00+05:30,29.77,29.26
2023-08-02 19:00:00+05:30,5.85,28.64
2023-08-02 20:00:00+05:30,0.0,28.23
2023-08-02 21:00:00+05:30,0.0,27.94
2023-08-02 22:00:00+05:30,0.0,27.82
2023-08-02 23:00:00+05:30,0.0,27.54
2023-08-03 00:00:00+05:30,0.0,27.27
2023-08-03 01:00:00+05:30,0.0,27.51
2023-08-03 02:00:00+05:30,0.0,27.55
2023-08-03 03:00:00+05:30,0.0,27.32
2023-08-03 04:00:00+05:30,0.0,27.1
2023-08-03 05:00:00+05:30,0.0,27.03
2023-08-03 06:00:00+05:30,9.25,27.04
2023-08-03 07:00:00+05:30,71.43,27.14
2023-08-03 08:00:00+05:30,133.27,27.7
2023-08-03 09:00:00+05:30,208.2,28.45
2023-08-03 10:00:00+05:30,243.77,28.98
2023-08-03 11:00:00+05:30,300.09,29.38
2023-08-03 12:00:00+05:30,615.4,29.86
2023-08-03 13:00:00+05:30,660.51,32.28
2023-08-03 14:00:00+05:30,531.54,32.75
2023-08-03 15:00:00+05:30,466.46,32.81
2023-08-03 16:00:00+05:30,341.44,33.02
2023-08-03 17:00:00+05:30,181.47,32.77
2023-08-03 18:00:00+05:30,78.35,31.76
2023-08-03 19:00:00+05:30,6.24,31.18
2023-08-03 20:00:00+05:30,0.0,30.38
2023-08-03 21:00:00+05:30,0.0,29.67
2023-08-03 22:00:00+05:30,0.0,28.86
2023-08-03 23:00:00+05:30,0.0,28.15
2023-08-04 00:00:00+05:30,0.0,27.7
2023-08-04 01:00:00+05:30,0.0,27.05
2023-08-04 02:00:00+05:30,0.0,26.83
2023-08-04 03:00:00+05:30,0.0,26.79
2023-08-04 04:00:00+05:30,0.0,26.51
2023-08-04 05:00:00+05:30,0.0,26.31
2023-08-04 06:00:00+05:30,5.62,26.16
2023-08-04 07:00:00+05:30,50.82,26.26
2023-08-04 08:00:00+05:30,115.46,26.7
2023-08-04 09:00:00+05:30,258.88,27.33
2023-08-04 10:00:00+05:30,215.93,28.28
2023-08-04 11:00:00+05:30,286.63,28.71
2023-08-04 12:00:00+05:30,241.19,29.38
2023-08-04 13:00:00+05:30,400.44,29.53
2023-08-04 14:00:00+05:30,494.93,30.39
2023-08-04 15:00:00+05:30,488.54,31.0
2023-08-04 16:00:00+05:30,336.72,31.51
2023-08-04 17:00:00+05:30,217.73,31.3
2023-08-04 18:00:00+05:30,68.29,30.79
2023-08-04 19:00:00+05:30,5.7,29.5
2023-08-04 20:00:00+05:30,0.0,28.97
2023-08-04 21:00:00+05:30,0.0,28.16
2023-08-04 22:00:00+05:30,0.0,27.48
2023-08-04 23:00:00+05:30,0.0,26.91
2023-08-05 00:00:00+05:30,0.0,26.56
2023-08-05 01:00:00+05:30,0.0,26.66
2023-08-05 02:00:00+05:30,0.0,26.32
2023-08-05 03:00:00+05:30,0.0,26.09
2023-08-05 04:00:00+05:30,0.0,25.94
2023-08-05 05:00:00+05:30,0.0,25.86
2023-08-05 06:00:00+05:30,15.72,25.78
2023-08-05 07:00:00+05:30,103.98,25.79
2023-08-05 08:00:00+05:30,157.15,26.37
2023-08-05 09:00:00+05:30,211.27,27.03
2023-08-05 10:00:00+05:30,297.35,27.75
2023-08-05 11:00:00+05:30,358.01,28.7
2023-08-05 12:00:00+05:30,574.83,29.63
2023-08-05 13:00:00+05:30,531.73,31.09
2023-08-05 14:00:00+05:30,472.09,31.47
2023-08-05 15:00:00+05:30,359.43,31.81
2023-08-05 16:00:00+05:30,266.69,31.88
2023-08-05 17:00:00+05:30,149.41,31.87
2023-08-05 18:00:00+05:30,71.91,31.6
2023-08-05 19:00:00+05:30,7.16,31.06
2023-08-05 20:00:00+05:30,0.0,30.12
2023-08-05 21:00:00+05:30,0.0,29.66
2023-08-05 22:00:00+05:30,0.0,29.25
2023-08-05 23:00:00+05:30,0.0,28.88
2023-08-06 00:00:00+05:30,0.0,28.47
2023-08-06 01:00:00+05:30,0.0,28.61
2023-08-06 02:00:00+05:30,0.0,28.48
2023-08-06 03:00:00+05:30,0.0,28.42
2023-08-06 04:00:00+05:30,0.0,28.22
2023-08-06 05:00:00+05:30,0.0,27.9
2023-08-06 06:00:00+05:30,18.2,27.49
2023-08-06 07:00:00+05:30,110.15,27.29
2023-08-06 08:00:00+05:30,219.94,27.89
2023-08-06 09:00:00+05:30,325.47,28.58
2023-08-06 10:00:00+05:30,368.63,29.39
2023-08-06 11:00:00+05:30,549.41,30.0
2023-08-06 12:00:00+05:30,435.97,30.99
2023-08-06 13:00:00+05:30,561.5,31.56
2023-08-06 14:00:00+05:30,537.58,32.5
2023-08-06 15:00:00+05:30,469.32,32.89
2023-08-06 16:00:00+05:30,392.56,33.15
2023-08-06 17:00:00+05:30,218.35,31.66
2023-08-06 18:00:00+05:30,89.15,31.2
2023-08-06 19:00:00+05:30,7.75,30.76
2023-08-06 20:00:00+05:30,0.0,30.27
2023-08-06 21:00:00+05:30,0.0,29.92
2023-08-06 22:00:00+05:30,0.0,29.6
2023-08-06 23:00:00+05:30,0.0,29.32
2023-08-07 00:00:00+05:30,0.0,29.13
2023-08-07 01:00:00+05:30,0.0,28.73
2023-08-07 02:00:00+05:30,0.0,28.18
2023-08-07 03:00:00+05:30,0.0,27.63
2023-08-07 04:00:00+05:30,0.0,27.23
2023-08-07 05:00:00+05:30,0.0,26.93
2023-08-07 06:00:00+05:30,16.27,26.68
2023-08-07 07:00:00+05:30,130.83,26.48
2023-08-07 08:00:00+05:30,296.81,26.91
2023-08-07 09:00:00+05:30,445.68,27.67
2023-08-07 10:00:00+05:30,590.04,28.55
2023-08-07 11:00:00+05:30,615.7,29.79
2023-08-07 12:00:00+05:30,436.47,30.72
2023-08-07 13:00:00+05:30,378.62,30.76
2023-08-07 14:00:00+05:30,350.23,31.17
2023-08-07 15:00:00+05:30,352.26,31.4
2023-08-07 16:00:00+05:30,367.06,31.52
2023-08-07 17:00:00+05:30,263.3,31.48
2023-08-07 18:00:00+05:30,112.65,31.0
2023-08-07 19:00:00+05:30,6.58,30.11
2023-08-07 20:00:00+05:30,0.0,29.73
2023-08-07 21:00:00+05:30,0.0,29.44
2023-08-07 22:00:00+05:30,0.0,29.36
2023-08-07 23:00:00+05:30,0.0,29.08
2023-08-08 00:00:00+05:30,0.0,28.65
2023-08-08 01:00:00+05:30,0.0,28.08
2023-08-08 02:00:00+05:30,0.0,27.6
2023-08-08 03:00:00+05:30,0.0,27.22
2023-08-08 04:00:00+05:30,0.0,26.78
2023-08-08 05:00:00+05:30,0.0,26.5
2023-08-08 06:00:00+05:30,14.99,26.23
2023-08-08 07:00:00+05:30,116.76,26.03
2023-08-08 08:00:00+05:30,285.93,26.44
2023-08-08 09:00:00+05:30,435.52,27.29
2023-08-08 10:00:00+05:30,575.22,28.31
2023-08-08 11:00:00+05:30,704.08,29.35
2023-08-08 12:00:00+05:30,500.38,30.58
2023-08-08 13:00:00+05:30,495.52,31.38
2023-08-08 14:00:00+05:30,347.16,31.73
2023-08-08 15:00:00+05:30,387.15,31.78
2023-08-08 16:00:00+05:30,298.32,31.96
2023-08-08 17:00:00+05:30,240.95,31.67
2023-08-08 18:00:00+05:30,117.87,31.12
2023-08-08 19:00:00+05:30,0.0,30.14
2023-08-08 20:00:00+05:30,0.0,29.39
2023-08-08 21:00:00+05:30,0.0,28.89
2023-08-08 22:00:00+05:30,0.0,28.62
2023-08-08 23:00:00+05:30,0.0,28.43
2023-08-09 00:00:00+05:30,0.0,28.14
2023-08-09 01:00:00+05:30,0.0,27.64
2023-08-09 02:00:00+05:30,0.0,27.37
2023-08-09 03:00:00+05:30,0.0,27.14
2023-08-09 04:00:00+05:30,0.0,26.93
2023-08-09 05:00:00+05:30,0.0,26.64
2023-08-09 06:00:00+05:30,13.96,26.28
2023-08-09 07:00:00+05:30,150.8,26.09
2023-08-09 08:00:00+05:30,319.05,26.77
2023-08-09 09:00:00+05:30,499.98,27.82
2023-08-09 10:00:00+05:30,656.26,29.0
2023-08-09 11:00:00+05:30,750.56,30.23
2023-08-09 12:00:00+05:30,687.84,31.29
2023-08-09 13:00:00+05:30,631.82,31.63
2023-08-09 14:00:00+05:30,588.8,32.0
2023-08-09 15:00:00+05:30,428.75,32.35
2023-08-09 16:00:00+05:30,374.74,32.28
2023-08-09 17:00:00+05:30,217.13,32.07
2023-08-09 18:00:00+05:30,91.3,31.43
2023-08-09 19:00:00+05:30,0.0,30.59
2023-08-09 20:00:00+05:30,0.0,29.89
2023-08-09 21:00:00+05:30,0.0,29.34
2023-08-09 22:00:00+05:30,0.0,28.89
2023-08-09 23:00:00+05:30,0.0,28.48
2023-08-10 00:00:00+05:30,0.0,28.16
2023-08-10 01:00:00+05:30,0.0,27.89
2023-08-10 02:00:00+05:30,0.0,27.71
2023-08-10 03:00:00+05:30,0.0,27.47
2023-08-10 04:00:00+05:30,0.0,27.14
2023-08-10 05:00:00+05:30,0.0,26.9
2023-08-10 06:00:00+05:30,12.08,26.6
2023-08-10 07:00:00+05:30,103.65,26.4
2023-08-10 08:00:00+05:30,224.05,26.99
2023-08-10 09:00:00+05:30,372.94,27.9
2023-08-10 10:00:00+05:30,489.95,29.05
2023-08-10 11:00:00+05:30,498.83,30.03
2023-08-10 12:00:00+05:30,668.93,30.78
2023-08-10 13:00:00+05:30,546.64,31.47
2023-08-10 14:00:00+05:30,475.66,31.74
2023-08-10 15:00:00+05:30,505.02,31.79
2023-08-10 16:00:00+05:30,302.2,31.92
2023-08-10 17:00:00+05:30,208.71,31.79
2023-08-10 18:00:00+05:30,76.38,31.46
2023-08-10 19:00:00+05:30,0.0,30.71
2023-08-10 20:00:00+05:30,0.0,29.84
2023-08-10 21:00:00+05:30,0.0,29.13
2023-08-10 22:00:00+05:30,0.0,28.61
2023-08-10 23:00:00+05:30,0.0,28.04
2023-08-11 00:00:00+05:30,0.0,27.76
2023-08-11 01:00:00+05:30,0.0,27.87
2023-08-11 02:00:00+05:30,0.0,27.76
2023-08-11 03:00:00+05:30,0.0,27.53
2023-08-11 04:00:00+05:30,0.0,27.3
2023-08-11 05:00:00+05:30,0.0,27.04
2023-08-11 06:00:00+05:30,13.36,26.84
2023-08-11 07:00:00+05:30,137.61,26.66
2023-08-11 08:00:00+05:30,283.73,27.24
2023-08-11 09:00:00+05:30,424.71,28.24
2023-08-11 10:00:00+05:30,533.58,29.32
2023-08-11 11:00:00+05:30,657.56,30.41
2023-08-11 12:00:00+05:30,699.15,31.51
2023-08-11 13:00:00+05:30,689.99,32.32
2023-08-11 14:00:00+05:30,593.92,32.76
2023-08-11 15:00:00+05:30,577.33,32.93
2023-08-11 16:00:00+05:30,436.03,33.11
2023-08-11 17:00:00+05:30,274.66,32.92
2023-08-11 18:00:00+05:30,106.41,32.38
2023-08-11 19:00:00+05:30,0.0,31.21
2023-08-11 20:00:00+05:30,0.0,30.04
2023-08-11 21:00:00+05:30,0.0,29.29
2023-08-11 22:00:00+05:30,0.0,28.95
2023-08-11 23:00:00+05:30,0.0,28.78
2023-08-12 00:00:00+05:30,0.0,28.55
2023-08-12 01:00:00+05:30,0.0,28.8
2023-08-12 02:00:00+05:30,0.0,28.5
2023-08-12 03:00:00+05:30,0.0,28.18
2023-08-12 04:00:00+05:30,0.0,27.78
2023-08-12 05:00:00+05:30,0.0,27.46
2023-08-12 06:00:00+05:30,12.43,27.2
2023-08-12 07:00:00+05:30,109.38,26.96
2023-08-12 08:00:00+05:30,249.97,27.22
2023-08-12 09:00:00+05:30,398.76,28.05
2023-08-12 10:00:00+05:30,527.76,29.09
2023-08-12 11:00:00+05:30,642.53,30.22
2023-08-12 12:00:00+05:30,774.09,31.22
2023-08-12 13:00:00+05:30,724.2,32.48
2023-08-12 14:00:00+05:30,651.79,32.83
2023-08-12 15:00:00+05:30,523.61,33.03
2023-08-12 16:00:00+05:30,365.1,32.98
2023-08-12 17:00:00+05:30,211.53,32.53
2023-08-12 18:00:00+05:30,93.52,31.69
2023-08-12 19:00:00+05:30,0.0,30.72
2023-08-12 20:00:00+05:30,0.0,29.98
2023-08-12 21:00:00+05:30,0.0,29.53
2023-08-12 22:00:00+05:30,0.0,29.22
2023-08-12 23:00:00+05:30,0.0,28.98
2023-08-13 00:00:00+05:30,0.0,28.72
2023-08-13 01:00:00+05:30,0.0,28.51
2023-08-13 02:00:00+05:30,0.0,28.16
2023-08-13 03:00:00+05:30,0.0,27.78
2023-08-13 04:00:00+05:30,0.0,27.41
2023-08-13 05:00:00+05:30,0.0,27.1
2023-08-13 06:00:00+05:30,10.26,26.7
2023-08-13 07:00:00+05:30,86.7,26.45
2023-08-13 08:00:00+05:30,188.34,26.81
2023-08-13 09:00:00+05:30,281.94,27.5
2023-08-13 10:00:00+05:30,372.13,28.29
2023-08-13 11:00:00+05:30,447.59,29.11
2023-08-13 12:00:00+05:30,504.01,29.79
2023-08-13 13:00:00+05:30,579.46,30.67
2023-08-13 14:00:00+05:30,513.36,31.35
2023-08-13 15:00:00+05:30,350.29,31.58
2023-08-13 16:00:00+05:30,300.09,31.28
2023-08-13 17:00:00+05:30,180.64,31.17
2023-08-13 18:00:00+05:30,70.26,30.74
2023-08-13 19:00:00+05:30,0.0,30.02
2023-08-13 20:00:00+05:30,0.0,29.36
2023-08-13 21:00:00+05:30,0.0,28.84
2023-08-13 22:00:00+05:30,0.0,28.42
2023-08-13 23:00:00+05:30,0.0,27.99
2023-08-14 00:00:00+05:30,0.0,27.63
2023-08-14 01:00:00+05:30,0.0,27.24
2023-08-14 02:00:00+05:30,0.0,27.04
2023-08-14 03:00:00+05:30,0.0,26.74
2023-08-14 04:00:00+05:30,0.0,26.48
2023-08-14 05:00:00+05:30,0.0,26.27
2023-08-14 06:00:00+05:30,6.43,26.04
2023-08-14 07:00:00+05:30,57.89,25.91
2023-08-14 08:00:00+05:30,113.1,26.39
2023-08-14 09:00:00+05:30,205.56,27.01
2023-08-14 10:00:00+05:30,286.75,27.78
2023-08-14 11:00:00+05:30,262.47,28.53
2023-08-14 12:00:00+05:30,421.55,28.77
2023-08-14 13:00:00+05:30,356.47,30.4
2023-08-14 14:00:00+05:30,320.29,30.48
2023-08-14 15:00:00+05:30,158.56,30.44
2023-08-14 16:00:00+05:30,171.11,29.99
2023-08-14 17:00:00+05:30,106.51,29.86
2023-08-14 18:00:00+05:30,44.2,29.46
2023-08-14 19:00:00+05:30,0.0,28.98
2023-08-14 20:00:00+05:30,0.0,28.24
2023-08-14 21:00:00+05:30,0.0,27.62
2023-08-14 22:00:00+05:30,0.0,27.06
2023-08-14 23:00:00+05:30,0.0,26.58
2023-08-15 00:00:00+05:30,0.0,26.23
2023-08-15 01:00:00+05:30,0.0,26.25
2023-08-15 02:00:00+05:30,0.0,25.86
2023-08-15 03:00:00+05:30,0.0,25.71
2023-08-15 04:00:00+05:30,0.0,25.84
2023-08-15 05:00:00+05:30,0.0,25.78
2023-08-15 06:00:00+05:30,11.79,25.25
2023-08-15 07:00:00+05:30,129.31,25.25
2023-08-15 08:00:00+05:30,288.77,27.1
2023-08-15 09:00:00+05:30,454.72,28.46
2023-08-15 10:00:00+05:30,487.12,29.75
2023-08-15 11:00:00+05:30,672.63,30.47
2023-08-15 12:00:00+05:30,668.9,31.31
2023-08-15 13:00:00+05:30,711.05,32.25
2023-08-15 14:00:00+05:30,609.33,32.58
2023-08-15 15:00:00+05:30,457.99,32.64
2023-08-15 16:00:00+05:30,416.22,32.66
2023-08-15 17:00:00+05:30,208.76,32.56
2023-08-15 18:00:00+05:30,78.8,31.42
2023-08-15 19:00:00+05:30,0.0,30.62
2023-08-15 20:00:00+05:30,0.0,29.66
2023-08-15 21:00:00+05:30,0.0,29.05
2023-08-15 22:00:00+05:30,0.0,28.37
2023-08-15 23:00:00+05:30,0.0,28.01
2023-08-16 00:00:00+05:30,0.0,27.75
2023-08-16 01:00:00+05:30,0.0,27.75
2023-08-16 02:00:00+05:30,0.0,27.66
2023-08-16 03:00:00+05:30,0.0,27.52
2023-08-16 04:00:00+05:30,0.0,27.32
2023-08-16 05:00:00+05:30,0.0,27.2
2023-08-16 06:00:00+05:30,8.57,27.14
2023-08-16 07:00:00+05:30,102.08,27.13
2023-08-16 08:00:00+05:30,246.14,27.75
2023-08-16 09:00:00+05:30,415.54,29.11
2023-08-16 10:00:00+05:30,510.41,30.29
2023-08-16 11:00:00+05:30,607.3,31.19
2023-08-16 12:00:00+05:30,535.19,32.09
2023-08-16 13:00:00+05:30,613.35,32.5
2023-08-16 14:00:00+05:30,656.68,33.22
2023-08-16 15:00:00+05:30,581.73,33.69
2023-08-16 16:00:00+05:30,416.33,33.8
2023-08-16 17:00:00+05:30,269.4,33.32
2023-08-16 18:00:00+05:30,100.61,32.89
2023-08-16 19:00:00+05:30,0.0,31.87
2023-08-16 20:00:00+05:30,0.0,30.89
2023-08-16 21:00:00+05:30,0.0,30.21
2023-08-16 22:00:00+05:30,0.0,29.8
2023-08-16 23:00:00+05:30,0.0,29.53
2023-08-17 00:00:00+05:30,0.0,29.32
2023-08-17 01:00:00+05:30,0.0,29.07
2023-08-17 02:00:00+05:30,0.0,28.82
2023-08-17 03:00:00+05:30,0.0,28.59
2023-08-17 04:00:00+05:30,0.0,28.37
2023-08-17 05:00:00+05:30,0.0,28.11
2023-08-17 06:00:00+05:30,11.69,27.85
2023-08-17 07:00:00+05:30,146.53,27.56
2023-08-17 08:00:00+05:30,322.29,28.18
2023-08-17 09:00:00+05:30,481.42,29.46
2023-08-17 10:00:00+05:30,650.52,30.64
2023-08-17 11:00:00+05:30,739.94,31.89
2023-08-17 12:00:00+05:30,775.51,33.0
2023-08-17 13:00:00+05:30,756.52,33.98
2023-08-17 14:00:00+05:30,626.14,34.12
2023-08-17 15:00:00+05:30,520.61,34.09
2023-08-17 16:00:00+05:30,369.89,34.08
2023-08-17 17:00:00+05:30,228.38,33.75
2023-08-17 18:00:00+05:30,88.39,32.98
2023-08-17 19:00:00+05:30,0.0,32.05
2023-08-17 20:00:00+05:30,0.0,30.92
2023-08-17 21:00:00+05:30,0.0,30.07
2023-08-17 22:00:00+05:30,0.0,29.74
2023-08-17 23:00:00+05:30,0.0,29.33
2023-08-18 00:00:00+05:30,0.0,29.09
2023-08-18 01:00:00+05:30,0.0,28.93
2023-08-18 02:00:00+05:30,0.0,28.72
2023-08-18 03:00:00+05:30,0.0,28.43
2023-08-18 04:00:00+05:30,0.0,28.11
2023-08-18 05:00:00+05:30,0.0,27.86
2023-08-18 06:00:00+05:30,11.4,27.59
2023-08-18 07:00:00+05:30,130.33,27.35
2023-08-18 08:00:00+05:30,303.32,28.06
2023-08-18 09:00:00+05:30,436.55,29.43
2023-08-18 10:00:00+05:30,634.59,30.54
2023-08-18 11:00:00+05:30,677.4,31.86
2023-08-18 12:00:00+05:30,765.06,32.87
2023-08-18 13:00:00+05:30,773.42,33.72
2023-08-18 14:00:00+05:30,582.47,34.16
2023-08-18 15:00:00+05:30,534.92,34.08
2023-08-18 16:00:00+05:30,384.48,34.27
2023-08-18 17:00:00+05:30,226.5,34.02
2023-08-18 18:00:00+05:30,82.65,33.27
2023-08-18 19:00:00+05:30,0.0,32.1
2023-08-18 20:00:00+05:30,0.0,31.0
2023-08-18 21:00:00+05:30,0.0,30.04
2023-08-18 22:00:00+05:30,0.0,29.32
2023-08-18 23:00:00+05:30,0.0,28.87
2023-08-19 00:00:00+05:30,0.0,28.47
2023-08-19 01:00:00+05:30,0.0,28.32
2023-08-19 02:00:00+05:30,0.0,27.73
2023-08-19 03:00:00+05:30,0.0,26.98
2023-08-19 04:00:00+05:30,0.0,26.66
2023-08-19 05:00:00+05:30,0.0,26.43
2023-08-19 06:00:00+05:30,5.75,26.15
2023-08-19 07:00:00+05:30,69.51,25.76
2023-08-19 08:00:00+05:30,154.35,25.99
2023-08-19 09:00:00+05:30,308.09,26.49
2023-08-19 10:00:00+05:30,294.08,27.64
2023-08-19 11:00:00+05:30,492.73,28.63
2023-08-19 12:00:00+05:30,688.76,30.18
2023-08-19 13:00:00+05:30,587.13,32.26
2023-08-19 14:00:00+05:30,654.95,32.71
2023-08-19 15:00:00+05:30,578.89,33.16
2023-08-19 16:00:00+05:30,409.26,33.11
2023-08-19 17:00:00+05:30,235.81,32.99
2023-08-19 18:00:00+05:30,75.18,32.31
2023-08-19 19:00:00+05:30,0.0,31.59
2023-08-19 20:00:00+05:30,0.0,30.8
2023-08-19 21:00:00+05:30,0.0,30.09
2023-08-19 22:00:00+05:30,0.0,29.61
2023-08-19 23:00:00+05:30,0.0,29.29
2023-08-20 00:00:00+05:30,0.0,29.0
2023-08-20 01:00:00+05:30,0.0,29.04
2023-08-20 02:00:00+05:30,0.0,28.73
2023-08-20 03:00:00+05:30,0.0,28.41
2023-08-20 04:00:00+05:30,0.0,28.11
2023-08-20 05:00:00+05:30,0.0,27.82
2023-08-20 06:00:00+05:30,10.72,27.6
2023-08-20 07:00:00+05:30,127.22,27.59
2023-08-20 08:00:00+05:30,294.4,28.54
2023-08-20 09:00:00+05:30,480.63,29.67
2023-08-20 10:00:00+05:30,583.49,30.66
2023-08-20 11:00:00+05:30,669.46,31.47
2023-08-20 12:00:00+05:30,671.14,32.17
2023-08-20 13:00:00+05:30,704.51,33.24
2023-08-20 14:00:00+05:30,530.89,33.01
2023-08-20 15:00:00+05:30,508.17,33.17
2023-08-20 16:00:00+05:30,353.79,33.1
2023-08-20 17:00:00+05:30,220.26,32.95
2023-08-20 18:00:00+05:30,78.02,32.4
2023-08-20 19:00:00+05:30,0.0,31.19
2023-08-20 20:00:00+05:30,0.0,30.16
2023-08-20 21:00:00+05:30,0.0,29.75
2023-08-20 22:00:00+05:30,0.0,29.71
2023-08-20 23:00:00+05:30,0.0,29.24
2023-08-21 00:00:00+05:30,0.0,28.78
2023-08-21 01:00:00+05:30,0.0,28.86
2023-08-21 02:00:00+05:30,0.0,28.54
2023-08-21 03:00:00+05:30,0.0,28.22
2023-08-21 04:00:00+05:30,0.0,27.82
2023-08-21 05:00:00+05:30,0.0,27.57
2023-08-21 06:00:00+05:30,9.26,27.33
2023-08-21 07:00:00+05:30,117.45,27.26
2023-08-21 08:00:00+05:30,272.82,28.61
2023-08-21 09:00:00+05:30,404.83,29.6
2023-08-21 10:00:00+05:30,605.37,30.59
2023-08-21 11:00:00+05:30,641.34,31.75
2023-08-21 12:00:00+05:30,737.7,32.52
2023-08-21 13:00:00+05:30,742.24,33.91
2023-08-21 14:00:00+05:30,665.85,34.27
2023-08-21 15:00:00+05:30,538.41,34.51
2023-08-21 16:00:00+05:30,389.6,34.56
2023-08-21 17:00:00+05:30,237.83,34.48
2023-08-21 18:00:00+05:30,82.19,33.9
2023-08-21 19:00:00+05:30,0.0,32.84
2023-08-21 20:00:00+05:30,0.0,31.81
2023-08-21 21:00:00+05:30,0.0,31.11
2023-08-21 22:00:00+05:30,0.0,30.71
2023-08-21 23:00:00+05:30,0.0,30.29
2023-08-22 00:00:00+05:30,0.0,29.96
2023-08-22 01:00:00+05:30,0.0,29.63
2023-08-22 02:00:00+05:30,0.0,29.27
2023-08-22 03:00:00+05:30,0.0,28.93
2023-08-22 04:00:00+05:30,0.0,28.65
2023-08-22 05:00:00+05:30,0.0,28.39
2023-08-22 06:00:00+05:30,9.74,28.13
2023-08-22 07:00:00+05:30,96.89,28.01
2023-08-22 08:00:00+05:30,239.22,29.02
2023-08-22 09:00:00+05:30,295.91,30.14
2023-08-22 10:00:00+05:30,340.01,30.97
2023-08-22 11:00:00+05:30,393.36,31.59
2023-08-22 12:00:00+05:30,521.76,32.14
2023-08-22 13:00:00+05:30,514.56,34.79
2023-08-22 14:00:00+05:30,426.3,35.09
2023-08-22 15:00:00+05:30,296.23,35.22
2023-08-22 16:00:00+05:30,239.57,35.14
2023-08-22 17:00:00+05:30,138.85,34.59
2023-08-22 18:00:00+05:30,35.03,32.96
2023-08-22 19:00:00+05:30,0.0,31.35
2023-08-22 20:00:00+05:30,0.0,29.99
2023-08-22 21:00:00+05:30,0.0,29.04
2023-08-22 22:00:00+05:30,0.0,28.6
2023-08-22 23:00:00+05:30,0.0,27.96
2023-08-23 00:00:00+05:30,0.0,27.67
2023-08-23 01:00:00+05:30,0.0,26.45
2023-08-23 02:00:00+05:30,0.0,26.3
2023-08-23 03:00:00+05:30,0.0,26.2
2023-08-23 04:00:00+05:30,0.0,26.19
2023-08-23 05:00:00+05:30,0.0,26.3
2023-08-23 06:00:00+05:30,0.97,26.31
2023-08-23 07:00:00+05:30,13.62,26.29
2023-08-23 08:00:00+05:30,27.61,26.15
2023-08-23 09:00:00+05:30,49.19,26.0
2023-08-23 10:00:00+05:30,55.9,25.91
2023-08-23 11:00:00+05:30,60.31,25.83
2023-08-23 12:00:00+05:30,74.45,25.77
2023-08-23 13:00:00+05:30,61.2,26.47
2023-08-23 14:00:00+05:30,72.59,26.51
2023-08-23 15:00:00+05:30,55.77,26.48
2023-08-23 16:00:00+05:30,55.57,26.51
2023-08-23 17:00:00+05:30,35.36,26.59
2023-08-23 18:00:00+05:30,16.86,26.54
2023-08-23 19:00:00+05:30,0.0,26.47
2023-08-23 20:00:00+05:30,0.0,26.38
2023-08-23 21:00:00+05:30,0.0,26.3
2023-08-23 22:00:00+05:30,0.0,26.23
2023-08-23 23:00:00+05:30,0.0,26.16
2023-08-24 00:00:00+05:30,0.0,26.11
2023-08-24 01:00:00+05:30,0.0,26.22
2023-08-24 02:00:00+05:30,0.0,26.34
2023-08-24 03:00:00+05:30,0.0,26.37
2023-08-24 04:00:00+05:30,0.0,26.32
2023-08-24 05:00:00+05:30,0.0,26.32
2023-08-24 06:00:00+05:30,3.02,26.24
2023-08-24 07:00:00+05:30,42.4,26.18
2023-08-24 08:00:00+05:30,101.34,26.3
2023-08-24 09:00:00+05:30,254.83,26.7
2023-08-24 10:00:00+05:30,317.03,27.78
2023-08-24 11:00:00+05:30,601.28,28.53
2023-08-24 12:00:00+05:30,483.55,30.04
2023-08-24 13:00:00+05:30,358.1,30.59
2023-08-24 14:00:00+05:30,418.07,30.7
2023-08-24 15:00:00+05:30,269.26,31.18
2023-08-24 16:00:00+05:30,292.9,31.12
2023-08-24 17:00:00+05:30,203.8,31.05
2023-08-24 18:00:00+05:30,75.67,30.56
2023-08-24 19:00:00+05:30,0.0,29.67
2023-08-24 20:00:00+05:30,0.0,29.02
2023-08-24 21:00:00+05:30,0.0,28.91
2023-08-24 22:00:00+05:30,0.0,28.63
2023-08-24 23:00:00+05:30,0.0,28.44
2023-08-25 00:00:00+05:30,0.0,28.29
2023-08-25 01:00:00+05:30,0.0,27.64
2023-08-25 02:00:00+05:30,0.0,27.41
2023-08-25 03:00:00+05:30,0.0,27.13
2023-08-25 04:00:00+05:30,0.0,26.8
2023-08-25 05:00:00+05:30,0.0,26.43
2023-08-25 06:00:00+05:30,8.23,26.04
2023-08-25 07:00:00+05:30,107.61,25.78
2023-08-25 08:00:00+05:30,269.84,26.08
2023-08-25 09:00:00+05:30,415.71,27.06
2023-08-25 10:00:00+05:30,459.95,28.08
2023-08-25 11:00:00+05:30,562.1,28.9
2023-08-25 12:00:00+05:30,680.73,29.84
2023-08-25 13:00:00+05:30,660.67,31.08
2023-08-25 14:00:00+05:30,629.23,31.69
2023-08-25 15:00:00+05:30,484.57,32.2
2023-08-25 16:00:00+05:30,319.45,32.27
2023-08-25 17:00:00+05:30,190.89,31.74
2023-08-25 18:00:00+05:30,70.86,30.97
2023-08-25 19:00:00+05:30,0.0,29.93
2023-08-25 20:00:00+05:30,0.0,29.21
2023-08-25 21:00:00+05:30,0.0,28.65
2023-08-25 22:00:00+05:30,0.0,28.08
2023-08-25 23:00:00+05:30,0.0,27.6
2023-08-26 00:00:00+05:30,0.0,27.28
2023-08-26 01:00:00+05:30,0.0,26.7
2023-08-26 02:00:00+05:30,0.0,26.43
2023-08-26 03:00:00+05:30,0.0,26.08
2023-08-26 04:00:00+05:30,0.0,25.79
2023-08-26 05:00:00+05:30,0.0,25.58
2023-08-26 06:00:00+05:30,7.89,25.58
2023-08-26 07:00:00+05:30,106.55,25.51
2023-08-26 08:00:00+05:30,235.56,26.17
2023-08-26 09:00:00+05:30,354.02,27.49
2023-08-26 10:00:00+05:30,473.76,28.62
2023-08-26 11:00:00+05:30,537.53,29.74
2023-08-26 12:00:00+05:30,725.22,30.6
2023-08-26 13:00:00+05:30,627.18,31.39
2023-08-26 14:00:00+05:30,598.24,31.71
2023-08-26 15:00:00+05:30,513.47,32.09
2023-08-26 16:00:00+05:30,300.32,32.12
2023-08-26 17:00:00+05:30,204.58,31.69
2023-08-26 18:00:00+05:30,76.34,31.17
2023-08-26 19:00:00+05:30,0.0,30.12
2023-08-26 20:00:00+05:30,0.0,29.14
2023-08-26 21:00:00+05:30,0.0,28.59
2023-08-26 22:00:00+05:30,0.0,28.1
2023-08-26 23:00:00+05:30,0.0,27.61
2023-08-27 00:00:00+05:30,0.0,27.32
2023-08-27 01:00:00+05:30,0.0,27.81
2023-08-27 02:00:00+05:30,0.0,27.68
2023-08-27 03:00:00+05:30,0.0,27.42
2023-08-27 04:00:00+05:30,0.0,27.0
2023-08-27 05:00:00+05:30,0.0,26.36
2023-08-27 06:00:00+05:30,8.67,26.0
2023-08-27 07:00:00+05:30,125.66,25.55
2023-08-27 08:00:00+05:30,289.47,26.05
2023-08-27 09:00:00+05:30,483.81,27.3
2023-08-27 10:00:00+05:30,620.0,28.82
2023-08-27 11:00:00+05:30,753.45,30.33
2023-08-27 12:00:00+05:30,805.51,31.63
2023-08-27 13:00:00+05:30,683.7,32.71
2023-08-27 14:00:00+05:30,614.14,32.93
2023-08-27 15:00:00+05:30,545.27,32.96
2023-08-27 16:00:00+05:30,364.65,32.85
2023-08-27 17:00:00+05:30,242.15,31.95
2023-08-27 18:00:00+05:30,71.32,31.21
2023-08-27 19:00:00+05:30,0.0,29.84
2023-08-27 20:00:00+05:30,0.0,28.91
2023-08-27 21:00:00+05:30,0.0,28.51
2023-08-27 22:00:00+05:30,0.0,28.22
2023-08-27 23:00:00+05:30,0.0,28.08
2023-08-28 00:00:00+05:30,0.0,27.9
2023-08-28 01:00:00+05:30,0.0,27.59
2023-08-28 02:00:00+05:30,0.0,27.36
2023-08-28 03:00:00+05:30,0.0,26.91
2023-08-28 04:00:00+05:30,0.0,26.57
2023-08-28 05:00:00+05:30,0.0,26.26
2023-08-28 06:00:00+05:30,6.82,26.09
2023-08-28 07:00:00+05:30,95.76,25.97
2023-08-28 08:00:00+05:30,181.7,26.21
2023-08-28 09:00:00+05:30,374.89,26.99
2023-08-28 10:00:00+05:30,573.14,28.38
2023-08-28 11:00:00+05:30,667.24,29.83
2023-08-28 12:00:00+05:30,701.54,31.06
2023-08-28 13:00:00+05:30,761.33,31.76
2023-08-28 14:00:00+05:30,627.66,32.53
2023-08-28 15:00:00+05:30,526.43,32.89
2023-08-28 16:00:00+05:30,377.93,32.93
2023-08-28 17:00:00+05:30,189.72,31.16
2023-08-28 18:00:00+05:30,54.07,30.0
2023-08-28 19:00:00+05:30,0.0,29.47
2023-08-28 20:00:00+05:30,0.0,28.69
2023-08-28 21:00:00+05:30,0.0,28.31
2023-08-28 22:00:00+05:30,0.0,28.14
2023-08-28 23:00:00+05:30,0.0,27.95
2023-08-29 00:00:00+05:30,0.0,27.72
2023-08-29 01:00:00+05:30,0.0,27.59
2023-08-29 02:00:00+05:30,0.0,27.3
2023-08-29 03:00:00+05:30,0.0,26.95
2023-08-29 04:00:00+05:30,0.0,26.46
2023-08-29 05:00:00+05:30,0.0,25.85
2023-08-29 06:00:00+05:30,0.0,25.4
2023-08-29 07:00:00+05:30,129.52,25.06
2023-08-29 08:00:00+05:30,299.63,25.91
2023-08-29 09:00:00+05:30,489.53,27.38
2023-08-29 10:00:00+05:30,617.52,28.88
2023-08-29 11:00:00+05:30,732.64,30.18
2023-08-29 12:00:00+05:30,758.49,31.36
2023-08-29 13:00:00+05:30,720.75,32.46
2023-08-29 14:00:00+05:30,666.87,33.02
2023-08-29 15:00:00+05:30,587.44,33.32
2023-08-29 16:00:00+05:30,398.08,33.47
2023-08-29 17:00:00+05:30,191.04,32.97
2023-08-29 18:00:00+05:30,73.65,32.1
2023-08-29 19:00:00+05:30,0.0,30.9
2023-08-29 20:00:00+05:30,0.0,29.82
2023-08-29 21:00:00+05:30,0.0,29.16
2023-08-29 22:00:00+05:30,0.0,28.69
2023-08-29 23:00:00+05:30,0.0,28.29
2023-08-30 00:00:00+05:30,0.0,27.89
2023-08-30 01:00:00+05:30,0.0,27.96
2023-08-30 02:00:00+05:30,0.0,27.63
2023-08-30 03:00:00+05:30,0.0,27.32
2023-08-30 04:00:00+05:30,0.0,26.9
2023-08-30 05:00:00+05:30,0.0,26.5
2023-08-30 06:00:00+05:30,0.0,26.11
2023-08-30 07:00:00+05:30,131.57,25.88
2023-08-30 08:00:00+05:30,304.91,26.73
2023-08-30 09:00:00+05:30,483.69,28.43
2023-08-30 10:00:00+05:30,625.22,29.94
2023-08-30 11:00:00+05:30,737.18,31.29
2023-08-30 12:00:00+05:30,746.41,32.51
2023-08-30 13:00:00+05:30,668.45,33.2
2023-08-30 14:00:00+05:30,630.2,33.56
2023-08-30 15:00:00+05:30,518.43,33.8
2023-08-30 16:00:00+05:30,380.21,33.73
2023-08-30 17:00:00+05:30,211.29,33.41
2023-08-30 18:00:00+05:30,66.03,32.74
2023-08-30 19:00:00+05:30,0.0,31.6
2023-08-30 20:00:00+05:30,0.0,30.34
2023-08-30 21:00:00+05:30,0.0,29.44
2023-08-30 22:00:00+05:30,0.0,28.85
2023-08-30 23:00:00+05:30,0.0,28.35
2023-08-31 00:00:00+05:30,0.0,27.86
2023-08-31 01:00:00+05:30,0.0,27.48
2023-08-31 02:00:00+05:30,0.0,27.11
2023-08-31 03:00:00+05:30,0.0,26.6
2023-08-31 04:00:00+05:30,0.0,26.17
2023-08-31 05:00:00+05:30,0.0,25.82
2023-08-31 06:00:00+05:30,0.0,25.6
2023-08-31 07:00:00+05:30,127.26,25.54
2023-08-31 08:00:00+05:30,303.94,26.93
2023-08-31 09:00:00+05:30,480.62,28.89
2023-08-31 10:00:00+05:30,637.04,30.37
2023-08-31 11:00:00+05:30,744.99,31.66
2023-08-31 12:00:00+05:30,765.96,32.81
2023-08-31 13:00:00+05:30,736.06,34.11
2023-08-31 14:00:00+05:30,649.14,34.76
2023-08-31 15:00:00+05:30,510.08,34.85
2023-08-31 16:00:00+05:30,394.87,34.73
2023-08-31 17:00:00+05:30,218.79,34.4
2023-08-31 18:00:00+05:30,73.05,33.52
2023-08-31 19:00:00+05:30,0.0,32.37
2023-08-31 20:00:00+05:30,0.0,31.9
2023-08-31 21:00:00+05:30,0.0,29.25
2023-08-31 22:00:00+05:30,0.0,28.44
2023-08-31 23:00:00+05:30,0.0,27.94
2023-09-01 00:00:00+05:30,0.0,27.62
2023-09-01 01:00:00+05:30,0.0,27.03
2023-09-01 02:00:00+05:30,0.0,26.46
2023-09-01 03:00:00+05:30,0.0,26.0
2023-09-01 04:00:00+05:30,0.0,25.66
2023-09-01 05:00:00+05:30,0.0,25.46
2023-09-01 06:00:00+05:30,0.0,25.29
2023-09-01 07:00:00+05:30,130.74,25.29
2023-09-01 08:00:00+05:30,312.05,26.7
2023-09-01 09:00:00+05:30,490.13,28.85
2023-09-01 10:00:00+05:30,635.9,30.76
2023-09-01 11:00:00+05:30,739.1,32.48
2023-09-01 12:00:00+05:30,756.01,33.88
2023-09-01 13:00:00+05:30,682.37,35.1
2023-09-01 14:00:00+05:30,656.72,35.23
2023-09-01 15:00:00+05:30,505.52,35.33
2023-09-01 16:00:00+05:30,377.45,35.25
2023-09-01 17:00:00+05:30,219.88,34.82
2023-09-01 18:00:00+05:30,70.24,33.9
2023-09-01 19:00:00+05:30,0.0,32.38
2023-09-01 20:00:00+05:30,0.0,30.84
2023-09-01 21:00:00+05:30,0.0,30.04
2023-09-01 22:00:00+05:30,0.0,29.44
2023-09-01 23:00:00+05:30,0.0,28.98
2023-09-02 00:00:00+05:30,0.0,28.56
2023-09-02 01:00:00+05:30,0.0,27.66
2023-09-02 02:00:00+05:30,0.0,26.97
2023-09-02 03:00:00+05:30,0.0,26.43
2023-09-02 04:00:00+05:30,0.0,26.19
2023-09-02 05:00:00+05:30,0.0,26.07
2023-09-02 06:00:00+05:30,0.0,26.1
2023-09-02 07:00:00+05:30,122.83,26.28
2023-09-02 08:00:00+05:30,310.24,27.32
2023-09-02 09:00:00+05:30,488.69,29.44
2023-09-02 10:00:00+05:30,638.88,31.26
2023-09-02 11:00:00+05:30,740.55,32.78
2023-09-02 12:00:00+05:30,782.83,33.98
2023-09-02 13:00:00+05:30,762.94,34.88
2023-09-02 14:00:00+05:30,666.56,35.37
2023-09-02 15:00:00+05:30,565.16,35.52
2023-09-02 16:00:00+05:30,416.95,35.57
2023-09-02 17:00:00+05:30,216.58,35.11
2023-09-02 18:00:00+05:30,62.2,33.92
2023-09-02 19:00:00+05:30,0.0,32.21
2023-09-02 20:00:00+05:30,0.0,30.85
2023-09-02 21:00:00+05:30,0.0,30.32
2023-09-02 22:00:00+05:30,0.0,29.82
2023-09-02 23:00:00+05:30,0.0,29.43
2023-09-03 00:00:00+05:30,0.0,28.96
2023-09-03 01:00:00+05:30,0.0,28.48
2023-09-03 02:00:00+05:30,0.0,27.76
2023-09-03 03:00:00+05:30,0.0,27.06
2023-09-03 04:00:00+05:30,0.0,26.5
2023-09-03 05:00:00+05:30,0.0,26.05
2023-09-03 06:00:00+05:30,0.0,25.7
2023-09-03 07:00:00+05:30,130.34,25.53
2023-09-03 08:00:00+05:30,313.45,26.54
2023-09-03 09:00:00+05:30,493.83,28.66
2023-09-03 10:00:00+05:30,643.88,30.41
2023-09-03 11:00:00+05:30,747.71,31.99
2023-09-03 12:00:00+05:30,791.58,33.29
2023-09-03 13:00:00+05:30,779.08,34.29
2023-09-03 14:00:00+05:30,707.96,34.98
2023-09-03 15:00:00+05:30,584.62,35.29
2023-09-03 16:00:00+05:30,421.45,35.3
2023-09-03 17:00:00+05:30,237.04,34.86
2023-09-03 18:00:00+05:30,69.01,33.76
2023-09-03 19:00:00+05:30,0.0,32.13
2023-09-03 20:00:00+05:30,0.0,30.52
2023-09-03 21:00:00+05:30,0.0,29.32
2023-09-03 22:00:00+05:30,0.0,28.5
2023-09-03 23:00:00+05:30,0.0,27.88
2023-09-04 00:00:00+05:30,0.0,27.39
2023-09-04 01:00:00+05:30,0.0,26.46
2023-09-04 02:00:00+05:30,0.0,25.75
2023-09-04 03:00:00+05:30,0.0,25.27
2023-09-04 04:00:00+05:30,0.0,24.96
2023-09-04 05:00:00+05:30,0.0,24.84
2023-09-04 06:00:00+05:30,0.0,24.85
2023-09-04 07:00:00+05:30,122.38,25.03
2023-09-04 08:00:00+05:30,303.93,26.25
2023-09-04 09:00:00+05:30,489.79,28.44
2023-09-04 10:00:00+05:30,634.79,30.41
2023-09-04 11:00:00+05:30,741.01,32.05
2023-09-04 12:00:00+05:30,784.31,33.41
2023-09-04 13:00:00+05:30,772.8,34.45
2023-09-04 14:00:00+05:30,707.9,35.02
2023-09-04 15:00:00+05:30,585.58,35.31
2023-09-04 16:00:00+05:30,420.8,35.29
2023-09-04 17:00:00+05:30,236.1,34.77
2023-09-04 18:00:00+05:30,66.5,33.73
2023-09-04 19:00:00+05:30,0.0,32.05
2023-09-04 20:00:00+05:30,0.0,30.21
2023-09-04 21:00:00+05:30,0.0,28.97
2023-09-04 22:00:00+05:30,0.0,28.23
2023-09-04 23:00:00+05:30,0.0,27.64
2023-09-05 00:00:00+05:30,0.0,27.07
2023-09-05 01:00:00+05:30,0.0,26.61
2023-09-05 02:00:00+05:30,0.0,26.16
2023-09-05 03:00:00+05:30,0.0,25.81
2023-09-05 04:00:00+05:30,0.0,25.64
2023-09-05 05:00:00+05:30,0.0,25.48
2023-09-05 06:00:00+05:30,0.0,25.42
2023-09-05 07:00:00+05:30,116.61,25.41
2023-09-05 08:00:00+05:30,286.6,27.46
2023-09-05 09:00:00+05:30,444.81,29.1
2023-09-05 10:00:00+05:30,604.17,30.52
2023-09-05 11:00:00+05:30,668.05,31.62
2023-09-05 12:00:00+05:30,725.23,32.33
2023-09-05 13:00:00+05:30,709.18,33.12
2023-09-05 14:00:00+05:30,556.17,33.5
2023-09-05 15:00:00+05:30,489.44,33.39
2023-09-05 16:00:00+05:30,392.78,33.35
2023-09-05 17:00:00+05:30,202.17,32.21
2023-09-05 18:00:00+05:30,45.11,31.95
2023-09-05 19:00:00+05:30,0.0,30.96
2023-09-05 20:00:00+05:30,0.0,29.88
2023-09-05 21:00:00+05:30,0.0,28.85
2023-09-05 22:00:00+05:30,0.0,28.1
2023-09-05 23:00:00+05:30,0.0,27.62
2023-09-06 00:00:00+05:30,0.0,27.27
2023-09-06 01:00:00+05:30,0.0,27.26
2023-09-06 02:00:00+05:30,0.0,27.12
2023-09-06 03:00:00+05:30,0.0,26.96
2023-09-06 04:00:00+05:30,0.0,26.75
2023-09-06 05:00:00+05:30,0.0,26.51
2023-09-06 06:00:00+05:30,0.0,26.28
2023-09-06 07:00:00+05:30,52.2,26.38
2023-09-06 08:00:00+05:30,182.83,27.23
2023-09-06 09:00:00+05:30,294.38,28.38
2023-09-06 10:00:00+05:30,480.7,29.35
2023-09-06 11:00:00+05:30,501.17,30.75
2023-09-06 12:00:00+05:30,577.46,31.55
2023-09-06 13:00:00+05:30,584.1,30.84
2023-09-06 14:00:00+05:30,608.31,31.63
2023-09-06 15:00:00+05:30,523.64,32.23
2023-09-06 16:00:00+05:30,383.49,32.48
2023-09-06 17:00:00+05:30,207.44,32.34
2023-09-06 18:00:00+05:30,45.9,31.75
2023-09-06 19:00:00+05:30,0.0,30.87
2023-09-06 20:00:00+05:30,0.0,29.98
2023-09-06 21:00:00+05:30,0.0,29.18
2023-09-06 22:00:00+05:30,0.0,28.56
2023-09-06 23:00:00+05:30,0.0,28.02
2023-09-07 00:00:00+05:30,0.0,27.55
2023-09-07 01:00:00+05:30,0.0,27.1
2023-09-07 02:00:00+05:30,0.0,26.95
2023-09-07 03:00:00+05:30,0.0,26.76
2023-09-07 04:00:00+05:30,0.0,26.58
2023-09-07 05:00:00+05:30,0.0,26.44
2023-09-07 06:00:00+05:30,0.0,26.19
2023-09-07 07:00:00+05:30,51.29,26.19
2023-09-07 08:00:00+05:30,119.99,26.86
2023-09-07 09:00:00+05:30,234.79,27.64
2023-09-07 10:00:00+05:30,452.66,28.71
2023-09-07 11:00:00+05:30,655.18,30.29
2023-09-07 12:00:00+05:30,704.32,31.94
2023-09-07 13:00:00+05:30,668.69,33.19
2023-09-07 14:00:00+05:30,636.62,33.41
2023-09-07 15:00:00+05:30,391.92,33.56
2023-09-07 16:00:00+05:30,253.96,33.4
2023-09-07 17:00:00+05:30,149.3,33.11
2023-09-07 18:00:00+05:30,33.78,32.62
2023-09-07 19:00:00+05:30,0.0,31.69
2023-09-07 20:00:00+05:30,0.0,30.48
2023-09-07 21:00:00+05:30,0.0,29.69
2023-09-07 22:00:00+05:30,0.0,29.13
2023-09-07 23:00:00+05:30,0.0,28.8
2023-09-08 00:00:00+05:30,0.0,28.69
2023-09-08 01:00:00+05:30,0.0,28.18
2023-09-08 02:00:00+05:30,0.0,27.96
2023-09-08 03:00:00+05:30,0.0,27.59
2023-09-08 04:00:00+05:30,0.0,27.25
2023-09-08 05:00:00+05:30,0.0,27.06
2023-09-08 06:00:00+05:30,0.0,26.91
2023-09-08 07:00:00+05:30,62.0,26.88
2023-09-08 08:00:00+05:30,157.12,27.5
2023-09-08 09:00:00+05:30,400.82,28.05
2023-09-08 10:00:00+05:30,451.79,29.22
2023-09-08 11:00:00+05:30,557.12,29.63
2023-09-08 12:00:00+05:30,407.96,30.27
2023-09-08 13:00:00+05:30,546.54,30.09
2023-09-08 14:00:00+05:30,491.27,30.87
2023-09-08 15:00:00+05:30,345.95,31.65
2023-09-08 16:00:00+05:30,186.77,30.14
2023-09-08 17:00:00+05:30,63.18,27.81
2023-09-08 18:00:00+05:30,24.9,27.07
2023-09-08 19:00:00+05:30,0.0,26.84
2023-09-08 20:00:00+05:30,0.0,26.73
2023-09-08 21:00:00+05:30,0.0,26.67
2023-09-08 22:00:00+05:30,0.0,26.58
2023-09-08 23:00:00+05:30,0.0,26.42
2023-09-09 00:00:00+05:30,0.0,26.39
2023-09-09 01:00:00+05:30,0.0,26.24
2023-09-09 02:00:00+05:30,0.0,25.96
2023-09-09 03:00:00+05:30,0.0,25.86
2023-09-09 04:00:00+05:30,0.0,25.87
2023-09-09 05:00:00+05:30,0.0,25.74
2023-09-09 06:00:00+05:30,0.0,25.63
2023-09-09 07:00:00+05:30,20.52,25.7
2023-09-09 08:00:00+05:30,59.85,25.98
2023-09-09 09:00:00+05:30,107.73,26.46
2023-09-09 10:00:00+05:30,95.54,27.01
2023-09-09 11:00:00+05:30,176.39,27.11
2023-09-09 12:00:00+05:30,267.28,27.64
2023-09-09 13:00:00+05:30,196.03,27.95
2023-09-09 14:00:00+05:30,156.1,27.08
2023-09-09 15:00:00+05:30,115.28,27.22
2023-09-09 16:00:00+05:30,134.2,26.99
2023-09-09 17:00:00+05:30,46.35,26.73
2023-09-09 18:00:00+05:30,13.43,26.32
2023-09-09 19:00:00+05:30,0.0,26.19
2023-09-09 20:00:00+05:30,0.0,26.07
2023-09-09 21:00:00+05:30,0.0,25.94
2023-09-09 22:00:00+05:30,0.0,25.75
2023-09-09 23:00:00+05:30,0.0,25.6
2023-09-10 00:00:00+05:30,0.0,25.43
2023-09-10 01:00:00+05:30,0.0,25.07
2023-09-10 02:00:00+05:30,0.0,25.08
2023-09-10 03:00:00+05:30,0.0,24.95
2023-09-10 04:00:00+05:30,0.0,24.85
2023-09-10 05:00:00+05:30,0.0,24.76
2023-09-10 06:00:00+05:30,0.0,24.67
2023-09-10 07:00:00+05:30,5.47,24.67
2023-09-10 08:00:00+05:30,13.12,24.66
2023-09-10 09:00:00+05:30,26.92,24.72
2023-09-10 10:00:00+05:30,32.55,24.75
2023-09-10 11:00:00+05:30,41.42,24.78
2023-09-10 12:00:00+05:30,221.5,25.06
2023-09-10 13:00:00+05:30,221.41,27.57
2023-09-10 14:00:00+05:30,106.52,28.11
2023-09-10 15:00:00+05:30,132.97,27.07
2023-09-10 16:00:00+05:30,167.33,26.83
2023-09-10 17:00:00+05:30,98.85,27.02
2023-09-10 18:00:00+05:30,22.26,26.92
2023-09-10 19:00:00+05:30,0.0,26.42
2023-09-10 20:00:00+05:30,0.0,26.14
2023-09-10 21:00:00+05:30,0.0,25.86
2023-09-10 22:00:00+05:30,0.0,25.73
2023-09-10 23:00:00+05:30,0.0,25.63
2023-09-11 00:00:00+05:30,0.0,25.44
2023-09-11 01:00:00+05:30,0.0,25.33
2023-09-11 02:00:00+05:30,0.0,25.23
2023-09-11 03:00:00+05:30,0.0,25.04
2023-09-11 04:00:00+05:30,0.0,25.02
2023-09-11 05:00:00+05:30,0.0,24.98
2023-09-11 06:00:00+05:30,0.0,24.97
2023-09-11 07:00:00+05:30,27.05,24.88
2023-09-11 08:00:00+05:30,68.18,25.01
2023-09-11 09:00:00+05:30,142.02,25.39
2023-09-11 10:00:00+05:30,175.92,25.83
2023-09-11 11:00:00+05:30,211.16,26.28
2023-09-11 12:00:00+05:30,630.45,26.49
2023-09-11 13:00:00+05:30,272.56,30.89
2023-09-11 14:00:00+05:30,316.57,28.78
2023-09-11 15:00:00+05:30,262.84,27.71
2023-09-11 16:00:00+05:30,192.62,27.81
2023-09-11 17:00:00+05:30,104.31,27.76
2023-09-11 18:00:00+05:30,24.62,27.46
2023-09-11 19:00:00+05:30,0.0,27.01
2023-09-11 20:00:00+05:30,0.0,26.6
2023-09-11 21:00:00+05:30,0.0,26.38
2023-09-11 22:00:00+05:30,0.0,26.14
2023-09-11 23:00:00+05:30,0.0,25.98
2023-09-12 00:00:00+05:30,0.0,25.71
2023-09-12 01:00:00+05:30,0.0,25.32
2023-09-12 02:00:00+05:30,0.0,25.04
2023-09-12 03:00:00+05:30,0.0,24.92
2023-09-12 04:00:00+05:30,0.0,24.82
2023-09-12 05:00:00+05:30,0.0,24.75
2023-09-12 06:00:00+05:30,0.0,24.64
2023-09-12 07:00:00+05:30,74.09,24.64
2023-09-12 08:00:00+05:30,214.58,25.67
2023-09-12 09:00:00+05:30,375.34,27.0
2023-09-12 10:00:00+05:30,445.43,28.33
2023-09-12 11:00:00+05:30,596.29,29.23
2023-09-12 12:00:00+05:30,488.17,30.28
2023-09-12 13:00:00+05:30,457.1,30.46
2023-09-12 14:00:00+05:30,446.77,30.66
2023-09-12 15:00:00+05:30,435.21,30.83
2023-09-12 16:00:00+05:30,298.55,31.17
2023-09-12 17:00:00+05:30,161.51,30.95
2023-09-12 18:00:00+05:30,32.3,29.78
2023-09-12 19:00:00+05:30,0.0,28.89
2023-09-12 20:00:00+05:30,0.0,28.31
2023-09-12 21:00:00+05:30,0.0,27.64
2023-09-12 22:00:00+05:30,0.0,27.08
2023-09-12 23:00:00+05:30,0.0,26.66
2023-09-13 00:00:00+05:30,0.0,26.33
2023-09-13 01:00:00+05:30,0.0,27.23
2023-09-13 02:00:00+05:30,0.0,27.08
2023-09-13 03:00:00+05:30,0.0,26.86
2023-09-13 04:00:00+05:30,0.0,26.58
2023-09-13 05:00:00+05:30,0.0,26.35
2023-09-13 06:00:00+05:30,0.0,25.79
2023-09-13 07:00:00+05:30,104.02,25.58
2023-09-13 08:00:00+05:30,267.38,27.08
2023-09-13 09:00:00+05:30,443.33,28.67
2023-09-13 10:00:00+05:30,469.93,30.09
2023-09-13 11:00:00+05:30,613.23,30.76
2023-09-13 12:00:00+05:30,656.37,31.41
2023-09-13 13:00:00+05:30,625.07,32.26
2023-09-13 14:00:00+05:30,603.05,32.64
2023-09-13 15:00:00+05:30,424.34,32.82
2023-09-13 16:00:00+05:30,263.79,32.48
2023-09-13 17:00:00+05:30,137.3,31.94
2023-09-13 18:00:00+05:30,31.12,31.62
2023-09-13 19:00:00+05:30,0.0,30.93
2023-09-13 20:00:00+05:30,0.0,29.9
2023-09-13 21:00:00+05:30,0.0,29.21
2023-09-13 22:00:00+05:30,0.0,28.61
2023-09-13 23:00:00+05:30,0.0,28.17
2023-09-14 00:00:00+05:30,0.0,27.76
2023-09-14 01:00:00+05:30,0.0,28.16
2023-09-14 02:00:00+05:30,0.0,27.85
2023-09-14 03:00:00+05:30,0.0,27.42
2023-09-14 04:00:00+05:30,0.0,27.04
2023-09-14 05:00:00+05:30,0.0,26.7
2023-09-14 06:00:00+05:30,0.0,26.48
2023-09-14 07:00:00+05:30,103.29,26.27
2023-09-14 08:00:00+05:30,257.45,28.16
2023-09-14 09:00:00+05:30,411.71,29.7
2023-09-14 10:00:00+05:30,478.89,30.26
2023-09-14 11:00:00+05:30,424.4,30.13
2023-09-14 12:00:00+05:30,597.29,30.96
2023-09-14 13:00:00+05:30,566.69,32.66
2023-09-14 14:00:00+05:30,564.46,32.99
2023-09-14 15:00:00+05:30,415.03,33.35
2023-09-14 16:00:00+05:30,277.25,33.26
2023-09-14 17:00:00+05:30,151.24,32.52
2023-09-14 18:00:00+05:30,28.85,31.99
2023-09-14 19:00:00+05:30,0.0,31.12
2023-09-14 20:00:00+05:30,0.0,30.12
2023-09-14 21:00:00+05:30,0.0,29.41
2023-09-14 22:00:00+05:30,0.0,28.93
2023-09-14 23:00:00+05:30,0.0,28.38
2023-09-15 00:00:00+05:30,0.0,27.89
2023-09-15 01:00:00+05:30,0.0,27.64
2023-09-15 02:00:00+05:30,0.0,27.29
2023-09-15 03:00:00+05:30,0.0,27.02
2023-09-15 04:00:00+05:30,0.0,26.7
2023-09-15 05:00:00+05:30,0.0,26.49
2023-09-15 06:00:00+05:30,0.0,26.34
2023-09-15 07:00:00+05:30,67.02,26.33
2023-09-15 08:00:00+05:30,171.74,26.53
2023-09-15 09:00:00+05:30,282.15,27.24
2023-09-15 10:00:00+05:30,498.32,28.11
2023-09-15 11:00:00+05:30,526.51,29.74
2023-09-15 12:00:00+05:30,521.44,30.86
2023-09-15 13:00:00+05:30,558.13,30.57
2023-09-15 14:00:00+05:30,527.65,31.64
2023-09-15 15:00:00+05:30,409.66,32.36
2023-09-15 16:00:00+05:30,305.12,32.55
2023-09-15 17:00:00+05:30,159.64,32.34
2023-09-15 18:00:00+05:30,32.11,31.66
2023-09-15 19:00:00+05:30,0.0,30.6
2023-09-15 20:00:00+05:30,0.0,29.83
2023-09-15 21:00:00+05:30,0.0,29.36
2023-09-15 22:00:00+05:30,0.0,28.97
2023-09-15 23:00:00+05:30,0.0,28.67
2023-09-16 00:00:00+05:30,0.0,28.44
2023-09-16 01:00:00+05:30,0.0,28.24
2023-09-16 02:00:00+05:30,0.0,28.05
2023-09-16 03:00:00+05:30,0.0,28.03
2023-09-16 04:00:00+05:30,0.0,28.06
2023-09-16 05:00:00+05:30,0.0,27.87
2023-09-16 06:00:00+05:30,0.0,27.71
2023-09-16 07:00:00+05:30,40.97,27.39
2023-09-16 08:00:00+05:30,127.78,27.0
2023-09-16 09:00:00+05:30,220.52,26.5
2023-09-16 10:00:00+05:30,237.68,26.57
2023-09-16 11:00:00+05:30,147.12,27.04
2023-09-16 12:00:00+05:30,220.98,27.23
2023-09-16 13:00:00+05:30,318.39,27.44
2023-09-16 14:00:00+05:30,302.29,28.58
2023-09-16 15:00:00+05:30,214.88,29.35
2023-09-16 16:00:00+05:30,177.51,27.94
2023-09-16 17:00:00+05:30,79.59,28.3
2023-09-16 18:00:00+05:30,15.58,28.41
2023-09-16 19:00:00+05:30,0.0,28.23
2023-09-16 20:00:00+05:30,0.0,27.9
2023-09-16 21:00:00+05:30,0.0,27.19
2023-09-16 22:00:00+05:30,0.0,26.93
2023-09-16 23:00:00+05:30,0.0,26.85
2023-09-17 00:00:00+05:30,0.0,26.79
2023-09-17 01:00:00+05:30,0.0,26.87
2023-09-17 02:00:00+05:30,0.0,26.83
2023-09-17 03:00:00+05:30,0.0,26.7
2023-09-17 04:00:00+05:30,0.0,26.63
2023-09-17 05:00:00+05:30,0.0,26.48
2023-09-17 06:00:00+05:30,0.0,26.32
2023-09-17 07:00:00+05:30,86.54,26.24
2023-09-17 08:00:00+05:30,246.68,26.79
2023-09-17 09:00:00+05:30,345.69,28.0
2023-09-17 10:00:00+05:30,471.67,28.81
2023-09-17 11:00:00+05:30,597.13,29.59
2023-09-17 12:00:00+05:30,545.7,30.34
2023-09-17 13:00:00+05:30,446.74,30.86
2023-09-17 14:00:00+05:30,432.49,30.97
2023-09-17 15:00:00+05:30,325.51,31.02
2023-09-17 16:00:00+05:30,210.47,30.8
2023-09-17 17:00:00+05:30,114.17,29.93
2023-09-17 18:00:00+05:30,18.97,29.53
2023-09-17 19:00:00+05:30,0.0,29.09
2023-09-17 20:00:00+05:30,0.0,28.72
2023-09-17 21:00:00+05:30,0.0,28.22
2023-09-17 22:00:00+05:30,0.0,27.94
2023-09-17 23:00:00+05:30,0.0,27.63
2023-09-18 00:00:00+05:30,0.0,27.15
2023-09-18 01:00:00+05:30,0.0,26.38
2023-09-18 02:00:00+05:30,0.0,26.08
2023-09-18 03:00:00+05:30,0.0,25.73
2023-09-18 04:00:00+05:30,0.0,25.35
2023-09-18 05:00:00+05:30,0.0,25.07
2023-09-18 06:00:00+05:30,0.0,24.88
2023-09-18 07:00:00+05:30,97.94,24.79
2023-09-18 08:00:00+05:30,262.26,25.48
2023-09-18 09:00:00+05:30,421.32,26.72
2023-09-18 10:00:00+05:30,543.19,27.92
2023-09-18 11:00:00+05:30,650.28,28.92
2023-09-18 12:00:00+05:30,541.19,29.97
2023-09-18 13:00:00+05:30,505.99,30.56
2023-09-18 14:00:00+05:30,489.54,30.81
2023-09-18 15:00:00+05:30,390.93,31.0
2023-09-18 16:00:00+05:30,278.34,31.05
2023-09-18 17:00:00+05:30,126.14,30.84
2023-09-18 18:00:00+05:30,23.0,30.12
2023-09-18 19:00:00+05:30,0.0,29.3
2023-09-18 20:00:00+05:30,0.0,28.36
2023-09-18 21:00:00+05:30,0.0,27.64
2023-09-18 22:00:00+05:30,0.0,27.26
2023-09-18 23:00:00+05:30,0.0,26.98
2023-09-19 00:00:00+05:30,0.0,26.66
2023-09-19 01:00:00+05:30,0.0,26.53
2023-09-19 02:00:00+05:30,0.0,26.5
2023-09-19 03:00:00+05:30,0.0,26.41
2023-09-19 04:00:00+05:30,0.0,26.22
2023-09-19 05:00:00+05:30,0.0,25.96
2023-09-19 06:00:00+05:30,0.0,25.7
2023-09-19 07:00:00+05:30,89.46,25.64
2023-09-19 08:00:00+05:30,255.42,26.52
2023-09-19 09:00:00+05:30,426.07,28.05
2023-09-19 10:00:00+05:30,570.38,29.6
2023-09-19 11:00:00+05:30,663.13,30.88
2023-09-19 12:00:00+05:30,600.64,31.44
2023-09-19 13:00:00+05:30,593.33,32.29
2023-09-19 14:00:00+05:30,578.07,32.53
2023-09-19 15:00:00+05:30,441.38,32.81
2023-09-19 16:00:00+05:30,299.93,32.68
2023-09-19 17:00:00+05:30,158.85,32.4
2023-09-19 18:00:00+05:30,25.27,31.76
2023-09-19 19:00:00+05:30,0.0,30.44
2023-09-19 20:00:00+05:30,0.0,29.3
2023-09-19 21:00:00+05:30,0.0,28.49
2023-09-19 22:00:00+05:30,0.0,28.02
2023-09-19 23:00:00+05:30,0.0,27.62
2023-09-20 00:00:00+05:30,0.0,27.35
2023-09-20 01:00:00+05:30,0.0,27.48
2023-09-20 02:00:00+05:30,0.0,27.23
2023-09-20 03:00:00+05:30,0.0,26.88
2023-09-20 04:00:00+05:30,0.0,26.6
2023-09-20 05:00:00+05:30,0.0,26.25
2023-09-20 06:00:00+05:30,0.0,25.92
2023-09-20 07:00:00+05:30,94.49,25.55
2023-09-20 08:00:00+05:30,249.24,27.2
2023-09-20 09:00:00+05:30,379.98,28.96
2023-09-20 10:00:00+05:30,517.86,30.42
2023-09-20 11:00:00+05:30,635.1,31.59
2023-09-20 12:00:00+05:30,676.72,32.23
2023-09-20 13:00:00+05:30,640.59,32.78
2023-09-20 14:00:00+05:30,537.87,32.91
2023-09-20 15:00:00+05:30,468.26,33.02
2023-09-20 16:00:00+05:30,302.7,33.01
2023-09-20 17:00:00+05:30,148.63,32.55
2023-09-20 18:00:00+05:30,22.95,31.7
2023-09-20 19:00:00+05:30,0.0,30.74
2023-09-20 20:00:00+05:30,0.0,29.33
2023-09-20 21:00:00+05:30,0.0,28.64
2023-09-20 22:00:00+05:30,0.0,27.96
2023-09-20 23:00:00+05:30,0.0,27.69
2023-09-21 00:00:00+05:30,0.0,27.37
2023-09-21 01:00:00+05:30,0.0,27.17
2023-09-21 02:00:00+05:30,0.0,26.76
2023-09-21 03:00:00+05:30,0.0,26.33
2023-09-21 04:00:00+05:30,0.0,26.02
2023-09-21 05:00:00+05:30,0.0,25.7
2023-09-21 06:00:00+05:30,0.0,25.65
2023-09-21 07:00:00+05:30,95.85,25.19
2023-09-21 08:00:00+05:30,260.15,27.16
2023-09-21 09:00:00+05:30,429.66,28.94
2023-09-21 10:00:00+05:30,558.69,30.59
2023-09-21 11:00:00+05:30,653.59,31.89
2023-09-21 12:00:00+05:30,706.78,32.92
2023-09-21 13:00:00+05:30,678.5,34.2
2023-09-21 14:00:00+05:30,531.84,34.5
2023-09-21 15:00:00+05:30,489.22,34.51
2023-09-21 16:00:00+05:30,291.1,34.42
2023-09-21 17:00:00+05:30,132.43,33.03
2023-09-21 18:00:00+05:30,20.89,32.18
2023-09-21 19:00:00+05:30,0.0,31.11
2023-09-21 20:00:00+05:30,0.0,30.23
2023-09-21 21:00:00+05:30,0.0,29.44
2023-09-21 22:00:00+05:30,0.0,29.04
2023-09-21 23:00:00+05:30,0.0,28.63
2023-09-22 00:00:00+05:30,0.0,28.15
2023-09-22 01:00:00+05:30,0.0,27.68
2023-09-22 02:00:00+05:30,0.0,27.37
2023-09-22 03:00:00+05:30,0.0,26.7
2023-09-22 04:00:00+05:30,0.0,26.25
2023-09-22 05:00:00+05:30,0.0,26.03
2023-09-22 06:00:00+05:30,0.0,25.8
2023-09-22 07:00:00+05:30,74.03,25.78
2023-09-22 08:00:00+05:30,235.96,26.47
2023-09-22 09:00:00+05:30,370.19,27.81
2023-09-22 10:00:00+05:30,530.65,29.21
2023-09-22 11:00:00+05:30,622.73,30.68
2023-09-22 12:00:00+05:30,569.91,31.59
2023-09-22 13:00:00+05:30,508.61,32.76
2023-09-22 14:00:00+05:30,453.16,32.65
2023-09-22 15:00:00+05:30,350.65,31.82
2023-09-22 16:00:00+05:30,230.35,31.39
2023-09-22 17:00:00+05:30,122.5,31.43
2023-09-22 18:00:00+05:30,18.87,31.21
2023-09-22 19:00:00+05:30,0.0,30.19
2023-09-22 20:00:00+05:30,0.0,29.14
2023-09-22 21:00:00+05:30,0.0,28.43
2023-09-22 22:00:00+05:30,0.0,27.98
2023-09-22 23:00:00+05:30,0.0,27.5
2023-09-23 00:00:00+05:30,0.0,27.11
2023-09-23 01:00:00+05:30,0.0,26.88
2023-09-23 02:00:00+05:30,0.0,26.59
2023-09-23 03:00:00+05:30,0.0,26.26
2023-09-23 04:00:00+05:30,0.0,25.82
2023-09-23 05:00:00+05:30,0.0,25.59
2023-09-23 06:00:00+05:30,0.0,25.65
2023-09-23 07:00:00+05:30,84.98,25.74
2023-09-23 08:00:00+05:30,223.41,26.63
2023-09-23 09:00:00+05:30,388.66,28.1
2023-09-23 10:00:00+05:30,513.69,29.52
2023-09-23 11:00:00+05:30,572.74,30.68
2023-09-23 12:00:00+05:30,487.7,31.49
2023-09-23 13:00:00+05:30,543.68,32.06
2023-09-23 14:00:00+05:30,515.78,32.6
2023-09-23 15:00:00+05:30,346.23,33.03
2023-09-23 16:00:00+05:30,215.82,32.83
2023-09-23 17:00:00+05:30,85.05,31.95
2023-09-23 18:00:00+05:30,16.16,30.78
2023-09-23 19:00:00+05:30,0.0,29.76
2023-09-23 20:00:00+05:30,0.0,28.88
2023-09-23 21:00:00+05:30,0.0,28.16
2023-09-23 22:00:00+05:30,0.0,28.08
2023-09-23 23:00:00+05:30,0.0,27.79
2023-09-24 00:00:00+05:30,0.0,27.43
2023-09-24 01:00:00+05:30,0.0,25.86
2023-09-24 02:00:00+05:30,0.0,25.81
2023-09-24 03:00:00+05:30,0.0,26.44
2023-09-24 04:00:00+05:30,0.0,26.19
2023-09-24 05:00:00+05:30,0.0,25.9
2023-09-24 06:00:00+05:30,0.0,25.57
2023-09-24 07:00:00+05:30,92.19,25.12
2023-09-24 08:00:00+05:30,260.93,26.3
2023-09-24 09:00:00+05:30,412.89,28.27
2023-09-24 10:00:00+05:30,564.64,29.74
2023-09-24 11:00:00+05:30,650.27,31.0
2023-09-24 12:00:00+05:30,647.11,31.9
2023-09-24 13:00:00+05:30,604.36,32.8
2023-09-24 14:00:00+05:30,570.92,33.21
2023-09-24 15:00:00+05:30,412.8,33.28
2023-09-24 16:00:00+05:30,282.67,32.71
2023-09-24 17:00:00+05:30,89.55,31.72
2023-09-24 18:00:00+05:30,13.26,30.64
2023-09-24 19:00:00+05:30,0.0,29.74
2023-09-24 20:00:00+05:30,0.0,28.91
2023-09-24 21:00:00+05:30,0.0,27.98
2023-09-24 22:00:00+05:30,0.0,27.39
2023-09-24 23:00:00+05:30,0.0,27.0
2023-09-25 00:00:00+05:30,0.0,26.65
2023-09-25 01:00:00+05:30,0.0,26.66
2023-09-25 02:00:00+05:30,0.0,25.53
2023-09-25 03:00:00+05:30,0.0,25.26
2023-09-25 04:00:00+05:30,0.0,25.18
2023-09-25 05:00:00+05:30,0.0,25.16
2023-09-25 06:00:00+05:30,0.0,25.02
2023-09-25 07:00:00+05:30,79.64,25.72
2023-09-25 08:00:00+05:30,230.55,26.39
2023-09-25 09:00:00+05:30,354.75,28.18
2023-09-25 10:00:00+05:30,547.53,29.81
2023-09-25 11:00:00+05:30,614.13,31.33
2023-09-25 12:00:00+05:30,658.58,32.24
2023-09-25 13:00:00+05:30,625.0,32.99
2023-09-25 14:00:00+05:30,538.13,33.37
2023-09-25 15:00:00+05:30,446.56,33.47
2023-09-25 16:00:00+05:30,259.43,33.39
2023-09-25 17:00:00+05:30,113.19,32.1
2023-09-25 18:00:00+05:30,14.0,31.37
2023-09-25 19:00:00+05:30,0.0,30.48
2023-09-25 20:00:00+05:30,0.0,29.37
2023-09-25 21:00:00+05:30,0.0,28.46
2023-09-25 22:00:00+05:30,0.0,27.78
2023-09-25 23:00:00+05:30,0.0,27.14
2023-09-26 00:00:00+05:30,0.0,26.7
2023-09-26 01:00:00+05:30,0.0,26.8
2023-09-26 02:00:00+05:30,0.0,26.69
2023-09-26 03:00:00+05:30,0.0,26.53
2023-09-26 04:00:00+05:30,0.0,26.29
2023-09-26 05:00:00+05:30,0.0,26.01
2023-09-26 06:00:00+05:30,0.0,25.86
2023-09-26 07:00:00+05:30,81.51,25.9
2023-09-26 08:00:00+05:30,218.04,26.73
2023-09-26 09:00:00+05:30,392.61,28.4
2023-09-26 10:00:00+05:30,515.8,30.22
2023-09-26 11:00:00+05:30,592.76,31.6
2023-09-26 12:00:00+05:30,673.49,32.47
2023-09-26 13:00:00+05:30,598.06,32.92
2023-09-26 14:00:00+05:30,503.58,33.01
2023-09-26 15:00:00+05:30,410.94,32.79
2023-09-26 16:00:00+05:30,229.52,32.84
2023-09-26 17:00:00+05:30,128.31,32.07
2023-09-26 18:00:00+05:30,11.88,31.34
2023-09-26 19:00:00+05:30,0.0,30.24
2023-09-26 20:00:00+05:30,0.0,29.31
2023-09-26 21:00:00+05:30,0.0,29.2
2023-09-26 22:00:00+05:30,0.0,28.31
2023-09-26 23:00:00+05:30,0.0,27.87
2023-09-27 00:00:00+05:30,0.0,27.21
2023-09-27 01:00:00+05:30,0.0,26.82
2023-09-27 02:00:00+05:30,0.0,26.17
2023-09-27 03:00:00+05:30,0.0,25.8
2023-09-27 04:00:00+05:30,0.0,25.62
2023-09-27 05:00:00+05:30,0.0,25.59
2023-09-27 06:00:00+05:30,0.0,25.47
2023-09-27 07:00:00+05:30,82.62,25.27
2023-09-27 08:00:00+05:30,249.82,26.53
2023-09-27 09:00:00+05:30,412.55,28.35
2023-09-27 10:00:00+05:30,548.32,29.92
2023-09-27 11:00:00+05:30,633.15,31.27
2023-09-27 12:00:00+05:30,582.45,32.16
2023-09-27 13:00:00+05:30,543.82,33.04
2023-09-27 14:00:00+05:30,546.64,33.31
2023-09-27 15:00:00+05:30,458.5,33.5
2023-09-27 16:00:00+05:30,293.37,33.38
2023-09-27 17:00:00+05:30,132.32,32.78
2023-09-27 18:00:00+05:30,13.45,31.61
2023-09-27 19:00:00+05:30,0.0,30.09
2023-09-27 20:00:00+05:30,0.0,28.58
2023-09-27 21:00:00+05:30,0.0,27.72
2023-09-27 22:00:00+05:30,0.0,28.07
2023-09-27 23:00:00+05:30,0.0,27.47
2023-09-28 00:00:00+05:30,0.0,24.96
2023-09-28 01:00:00+05:30,0.0,23.49
2023-09-28 02:00:00+05:30,0.0,22.92
2023-09-28 03:00:00+05:30,0.0,22.43
2023-09-28 04:00:00+05:30,0.0,22.1
2023-09-28 05:00:00+05:30,0.0,21.7
2023-09-28 06:00:00+05:30,0.0,21.21
2023-09-28 07:00:00+05:30,94.53,20.85
2023-09-28 08:00:00+05:30,268.77,22.81
2023-09-28 09:00:00+05:30,443.13,26.56
2023-09-28 10:00:00+05:30,585.79,28.85
2023-09-28 11:00:00+05:30,673.91,30.66
2023-09-28 12:00:00+05:30,726.27,31.77
2023-09-28 13:00:00+05:30,705.15,32.53
2023-09-28 14:00:00+05:30,624.82,32.88
2023-09-28 15:00:00+05:30,492.9,32.85
2023-09-28 16:00:00+05:30,324.4,32.6
2023-09-28 17:00:00+05:30,144.56,31.8
2023-09-28 18:00:00+05:30,12.76,30.38
2023-09-28 19:00:00+05:30,0.0,29.31
2023-09-28 20:00:00+05:30,0.0,28.65
2023-09-28 21:00:00+05:30,0.0,27.91
2023-09-28 22:00:00+05:30,0.0,25.98
2023-09-28 23:00:00+05:30,0.0,24.47
2023-09-29 00:00:00+05:30,0.0,23.08
2023-09-29 01:00:00+05:30,0.0,22.6
2023-09-29 02:00:00+05:30,0.0,21.29
2023-09-29 03:00:00+05:30,0.0,20.72
2023-09-29 04:00:00+05:30,0.0,20.36
2023-09-29 05:00:00+05:30,0.0,20.07
2023-09-29 06:00:00+05:30,0.0,19.72
2023-09-29 07:00:00+05:30,93.19,19.6
2023-09-29 08:00:00+05:30,265.98,22.23
2023-09-29 09:00:00+05:30,440.68,25.96
2023-09-29 10:00:00+05:30,583.26,28.5
2023-09-29 11:00:00+05:30,678.24,30.34
2023-09-29 12:00:00+05:30,711.07,31.54
2023-09-29 13:00:00+05:30,687.96,32.54
2023-09-29 14:00:00+05:30,607.51,32.85
2023-09-29 15:00:00+05:30,476.61,32.93
2023-09-29 16:00:00+05:30,312.22,32.78
2023-09-29 17:00:00+05:30,136.69,32.17
2023-09-29 18:00:00+05:30,11.94,30.89
2023-09-29 19:00:00+05:30,0.0,28.74
2023-09-29 20:00:00+05:30,0.0,27.33
2023-09-29 21:00:00+05:30,0.0,26.25
2023-09-29 22:00:00+05:30,0.0,25.61
2023-09-29 23:00:00+05:30,0.0,24.85
2023-09-30 00:00:00+05:30,0.0,23.82
2023-09-30 01:00:00+05:30,0.0,22.35
2023-09-30 02:00:00+05:30,0.0,22.26
2023-09-30 03:00:00+05:30,0.0,22.01
2023-09-30 04:00:00+05:30,0.0,21.7
2023-09-30 05:00:00+05:30,0.0,21.04
2023-09-30 06:00:00+05:30,0.0,20.49
2023-09-30 07:00:00+05:30,88.98,20.29
2023-09-30 08:00:00+05:30,258.27,22.41
2023-09-30 09:00:00+05:30,429.45,26.46
2023-09-30 10:00:00+05:30,570.57,28.9
2023-09-30 11:00:00+05:30,663.41,30.87
2023-09-30 12:00:00+05:30,696.83,31.97
2023-09-30 13:00:00+05:30,673.72,32.81
2023-09-30 14:00:00+05:30,593.54,33.17
2023-09-30 15:00:00+05:30,465.36,33.36
2023-09-30 16:00:00+05:30,298.87,33.25
2023-09-30 17:00:00+05:30,129.63,32.68
2023-09-30 18:00:00+05:30,11.16,31.45
2023-09-30 19:00:00+05:30,0.0,29.88
2023-09-30 20:00:00+05:30,0.0,28.01
2023-09-30 21:00:00+05:30,0.0,27.22
2023-09-30 22:00:00+05:30,0.0,27.17
2023-09-30 23:00:00+05:30,0.0,25.02
2023-10-01 00:00:00+05:30,0.0,24.43
2023-10-01 01:00:00+05:30,0.0,23.87
2023-10-01 02:00:00+05:30,0.0,23.31
2023-10-01 03:00:00+05:30,0.0,22.67
2023-10-01 04:00:00+05:30,0.0,22.07
2023-10-01 05:00:00+05:30,0.0,21.56
2023-10-01 06:00:00+05:30,0.0,21.15
2023-10-01 07:00:00+05:30,87.55,20.88
2023-10-01 08:00:00+05:30,252.46,22.43
2023-10-01 09:00:00+05:30,426.39,25.35
2023-10-01 10:00:00+05:30,567.84,27.56
2023-10-01 11:00:00+05:30,661.85,29.55
2023-10-01 12:00:00+05:30,683.09,31.2
2023-10-01 13:00:00+05:30,667.57,32.7
2023-10-01 14:00:00+05:30,592.65,33.49
2023-10-01 15:00:00+05:30,462.24,33.74
2023-10-01 16:00:00+05:30,294.75,33.61
2023-10-01 17:00:00+05:30,118.88,32.78
2023-10-01 18:00:00+05:30,10.23,31.21
2023-10-01 19:00:00+05:30,0.0,29.41
2023-10-01 20:00:00+05:30,0.0,27.81
2023-10-01 21:00:00+05:30,0.0,26.47
2023-10-01 22:00:00+05:30,0.0,25.28
2023-10-01 23:00:00+05:30,0.0,24.18
2023-10-02 00:00:00+05:30,0.0,23.38
2023-10-02 01:00:00+05:30,0.0,23.41
2023-10-02 02:00:00+05:30,0.0,23.0
2023-10-02 03:00:00+05:30,0.0,22.47
2023-10-02 04:00:00+05:30,0.0,21.93
2023-10-02 05:00:00+05:30,0.0,21.3
2023-10-02 06:00:00+05:30,0.0,20.66
2023-10-02 07:00:00+05:30,88.44,20.17
2023-10-02 08:00:00+05:30,260.04,21.48
2023-10-02 09:00:00+05:30,433.08,24.93
2023-10-02 10:00:00+05:30,577.88,27.35
2023-10-02 11:00:00+05:30,666.48,29.55
2023-10-02 12:00:00+05:30,713.56,31.31
2023-10-02 13:00:00+05:30,654.2,32.76
2023-10-02 14:00:00+05:30,598.6,33.38
2023-10-02 15:00:00+05:30,467.74,33.57
2023-10-02 16:00:00+05:30,301.12,33.43
2023-10-02 17:00:00+05:30,127.17,32.61
2023-10-02 18:00:00+05:30,9.89,31.16
2023-10-02 19:00:00+05:30,0.0,28.75
2023-10-02 20:00:00+05:30,0.0,26.56
2023-10-02 21:00:00+05:30,0.0,25.13
2023-10-02 22:00:00+05:30,0.0,23.88
2023-10-02 23:00:00+05:30,0.0,22.98
2023-10-03 00:00:00+05:30,0.0,22.07
2023-10-03 01:00:00+05:30,0.0,21.05
2023-10-03 02:00:00+05:30,0.0,20.26
2023-10-03 03:00:00+05:30,0.0,19.52
2023-10-03 04:00:00+05:30,0.0,18.91
2023-10-03 05:00:00+05:30,0.0,18.44
2023-10-03 06:00:00+05:30,0.0,18.09
2023-10-03 07:00:00+05:30,88.11,17.9
2023-10-03 08:00:00+05:30,261.78,19.73
2023-10-03 09:00:00+05:30,438.11,24.69
2023-10-03 10:00:00+05:30,581.61,27.78
2023-10-03 11:00:00+05:30,678.06,30.17
2023-10-03 12:00:00+05:30,713.73,31.73
2023-10-03 13:00:00+05:30,689.62,32.57
2023-10-03 14:00:00+05:30,606.83,32.93
2023-10-03 15:00:00+05:30,473.01,33.05
2023-10-03 16:00:00+05:30,303.64,32.89
2023-10-03 17:00:00+05:30,126.59,32.06
2023-10-03 18:00:00+05:30,0.0,30.45
2023-10-03 19:00:00+05:30,0.0,27.9
2023-10-03 20:00:00+05:30,0.0,25.71
2023-10-03 21:00:00+05:30,0.0,24.29
2023-10-03 22:00:00+05:30,0.0,23.45
2023-10-03 23:00:00+05:30,0.0,23.03
2023-10-04 00:00:00+05:30,0.0,22.77
2023-10-04 01:00:00+05:30,0.0,22.17
2023-10-04 02:00:00+05:30,0.0,21.67
2023-10-04 03:00:00+05:30,0.0,21.04
2023-10-04 04:00:00+05:30,0.0,20.31
2023-10-04 05:00:00+05:30,0.0,19.59
2023-10-04 06:00:00+05:30,0.0,18.94
2023-10-04 07:00:00+05:30,86.39,18.44
2023-10-04 08:00:00+05:30,258.9,19.96
2023-10-04 09:00:00+05:30,432.55,24.0
2023-10-04 10:00:00+05:30,574.53,26.82
2023-10-04 11:00:00+05:30,668.22,29.2
2023-10-04 12:00:00+05:30,702.62,31.02
2023-10-04 13:00:00+05:30,678.25,32.22
2023-10-04 14:00:00+05:30,595.5,32.82
2023-10-04 15:00:00+05:30,462.35,33.07
2023-10-04 16:00:00+05:30,294.78,33.02
2023-10-04 17:00:00+05:30,120.79,32.31
2023-10-04 18:00:00+05:30,0.0,30.81
2023-10-04 19:00:00+05:30,0.0,28.45
2023-10-04 20:00:00+05:30,0.0,26.64
2023-10-04 21:00:00+05:30,0.0,25.61
2023-10-04 22:00:00+05:30,0.0,24.35
2023-10-04 23:00:00+05:30,0.0,22.96
2023-10-05 00:00:00+05:30,0.0,21.87
2023-10-05 01:00:00+05:30,0.0,20.98
2023-10-05 02:00:00+05:30,0.0,20.21
2023-10-05 03:00:00+05:30,0.0,19.57
2023-10-05 04:00:00+05:30,0.0,19.02
2023-10-05 05:00:00+05:30,0.0,18.51
2023-10-05 06:00:00+05:30,0.0,18.07
2023-10-05 07:00:00+05:30,84.18,17.6
2023-10-05 08:00:00+05:30,255.72,19.68
2023-10-05 09:00:00+05:30,428.55,24.69
2023-10-05 10:00:00+05:30,570.37,27.76
2023-10-05 11:00:00+05:30,664.38,30.28
2023-10-05 12:00:00+05:30,699.29,32.0
2023-10-05 13:00:00+05:30,675.59,33.0
2023-10-05 14:00:00+05:30,593.3,33.67
2023-10-05 15:00:00+05:30,460.66,33.96
2023-10-05 16:00:00+05:30,293.12,33.88
2023-10-05 17:00:00+05:30,118.54,33.09
2023-10-05 18:00:00+05:30,0.0,31.21
2023-10-05 19:00:00+05:30,0.0,30.67
2023-10-05 20:00:00+05:30,0.0,29.41
2023-10-05 21:00:00+05:30,0.0,28.3
2023-10-05 22:00:00+05:30,0.0,27.39
2023-10-05 23:00:00+05:30,0.0,26.17
2023-10-06 00:00:00+05:30,0.0,23.96
2023-10-06 01:00:00+05:30,0.0,23.26
2023-10-06 02:00:00+05:30,0.0,22.87
2023-10-06 03:00:00+05:30,0.0,21.05
2023-10-06 04:00:00+05:30,0.0,19.42
2023-10-06 05:00:00+05:30,0.0,18.45
2023-10-06 06:00:00+05:30,0.0,18.09
2023-10-06 07:00:00+05:30,81.84,17.9
2023-10-06 08:00:00+05:30,252.16,20.04
2023-10-06 09:00:00+05:30,424.68,25.32
2023-10-06 10:00:00+05:30,566.1,28.22
2023-10-06 11:00:00+05:30,658.92,30.49
2023-10-06 12:00:00+05:30,690.99,32.13
2023-10-06 13:00:00+05:30,666.32,33.86
2023-10-06 14:00:00+05:30,583.25,34.51
2023-10-06 15:00:00+05:30,450.24,34.83
2023-10-06 16:00:00+05:30,283.5,34.79
2023-10-06 17:00:00+05:30,112.1,34.16
2023-10-06 18:00:00+05:30,0.0,32.29
2023-10-06 19:00:00+05:30,0.0,29.71
2023-10-06 20:00:00+05:30,0.0,27.89
2023-10-06 21:00:00+05:30,0.0,26.85
2023-10-06 22:00:00+05:30,0.0,25.97
2023-10-06 23:00:00+05:30,0.0,25.17
2023-10-07 00:00:00+05:30,0.0,24.49
2023-10-07 01:00:00+05:30,0.0,23.67
2023-10-07 02:00:00+05:30,0.0,22.95
2023-10-07 03:00:00+05:30,0.0,22.55
2023-10-07 04:00:00+05:30,0.0,22.99
2023-10-07 05:00:00+05:30,0.0,23.44
2023-10-07 06:00:00+05:30,0.0,22.71
2023-10-07 07:00:00+05:30,76.44,20.72
2023-10-07 08:00:00+05:30,239.95,22.63
2023-10-07 09:00:00+05:30,407.4,26.35
2023-10-07 10:00:00+05:30,544.91,28.82
2023-10-07 11:00:00+05:30,635.76,30.76
2023-10-07 12:00:00+05:30,669.85,32.22
2023-10-07 13:00:00+05:30,645.44,33.63
2023-10-07 14:00:00+05:30,564.34,34.32
2023-10-07 15:00:00+05:30,434.41,34.66
2023-10-07 16:00:00+05:30,271.94,34.7
2023-10-07 17:00:00+05:30,105.55,34.36
2023-10-07 18:00:00+05:30,0.0,32.72
2023-10-07 19:00:00+05:30,0.0,30.77
2023-10-07 20:00:00+05:30,0.0,28.98
2023-10-07 21:00:00+05:30,0.0,27.87
2023-10-07 22:00:00+05:30,0.0,27.03
2023-10-07 23:00:00+05:30,0.0,26.23
2023-10-08 00:00:00+05:30,0.0,25.5
2023-10-08 01:00:00+05:30,0.0,24.37
2023-10-08 02:00:00+05:30,0.0,23.68
2023-10-08 03:00:00+05:30,0.0,23.13
2023-10-08 04:00:00+05:30,0.0,22.21
2023-10-08 05:00:00+05:30,0.0,21.85
2023-10-08 06:00:00+05:30,0.0,21.67
2023-10-08 07:00:00+05:30,74.65,21.64
2023-10-08 08:00:00+05:30,237.43,23.4
2023-10-08 09:00:00+05:30,405.06,27.06
2023-10-08 10:00:00+05:30,543.43,29.66
2023-10-08 11:00:00+05:30,634.01,31.55
2023-10-08 12:00:00+05:30,663.09,33.05
2023-10-08 13:00:00+05:30,638.52,34.44
2023-10-08 14:00:00+05:30,558.27,35.17
2023-10-08 15:00:00+05:30,429.23,35.53
2023-10-08 16:00:00+05:30,261.22,35.61
2023-10-08 17:00:00+05:30,99.3,35.12
2023-10-08 18:00:00+05:30,0.0,33.84
2023-10-08 19:00:00+05:30,0.0,31.62
2023-10-08 20:00:00+05:30,0.0,30.2
2023-10-08 21:00:00+05:30,0.0,28.99
2023-10-08 22:00:00+05:30,0.0,28.4
2023-10-08 23:00:00+05:30,0.0,28.1
2023-10-09 00:00:00+05:30,0.0,27.9
2023-10-09 01:00:00+05:30,0.0,26.92
2023-10-09 02:00:00+05:30,0.0,26.61
2023-10-09 03:00:00+05:30,0.0,26.21
2023-10-09 04:00:00+05:30,0.0,25.73
2023-10-09 05:00:00+05:30,0.0,25.19
2023-10-09 06:00:00+05:30,0.0,24.64
2023-10-09 07:00:00+05:30,72.37,24.16
2023-10-09 08:00:00+05:30,233.07,25.01
2023-10-09 09:00:00+05:30,398.41,27.87
2023-10-09 10:00:00+05:30,534.0,29.96
2023-10-09 11:00:00+05:30,622.85,31.89
2023-10-09 12:00:00+05:30,658.35,33.54
2023-10-09 13:00:00+05:30,613.76,34.65
2023-10-09 14:00:00+05:30,516.8,35.34
2023-10-09 15:00:00+05:30,374.81,35.68
2023-10-09 16:00:00+05:30,235.38,35.54
2023-10-09 17:00:00+05:30,93.91,34.85
2023-10-09 18:00:00+05:30,0.0,33.51
2023-10-09 19:00:00+05:30,0.0,31.62
2023-10-09 20:00:00+05:30,0.0,30.18
2023-10-09 21:00:00+05:30,0.0,29.25
2023-10-09 22:00:00+05:30,0.0,28.84
2023-10-09 23:00:00+05:30,0.0,28.44
2023-10-10 00:00:00+05:30,0.0,28.16
2023-10-10 01:00:00+05:30,0.0,27.62
2023-10-10 02:00:00+05:30,0.0,27.05
2023-10-10 03:00:00+05:30,0.0,26.34
2023-10-10 04:00:00+05:30,0.0,25.59
2023-10-10 05:00:00+05:30,0.0,24.87
2023-10-10 06:00:00+05:30,0.0,24.15
2023-10-10 07:00:00+05:30,70.67,23.62
2023-10-10 08:00:00+05:30,230.45,24.52
2023-10-10 09:00:00+05:30,394.49,27.45
2023-10-10 10:00:00+05:30,529.9,29.47
2023-10-10 11:00:00+05:30,618.82,31.3
2023-10-10 12:00:00+05:30,631.17,32.81
2023-10-10 13:00:00+05:30,603.5,33.52
2023-10-10 14:00:00+05:30,407.06,34.16
2023-10-10 15:00:00+05:30,289.44,33.73
2023-10-10 16:00:00+05:30,194.05,33.6
2023-10-10 17:00:00+05:30,74.29,33.26
2023-10-10 18:00:00+05:30,0.0,32.23
2023-10-10 19:00:00+05:30,0.0,30.56
2023-10-10 20:00:00+05:30,0.0,29.19
2023-10-10 21:00:00+05:30,0.0,28.18
2023-10-10 22:00:00+05:30,0.0,28.65
2023-10-10 23:00:00+05:30,0.0,27.42
2023-10-11 00:00:00+05:30,0.0,25.72
2023-10-11 01:00:00+05:30,0.0,24.21
2023-10-11 02:00:00+05:30,0.0,23.95
2023-10-11 03:00:00+05:30,0.0,23.1
2023-10-11 04:00:00+05:30,0.0,22.4
2023-10-11 05:00:00+05:30,0.0,21.9
2023-10-11 06:00:00+05:30,0.0,21.39
2023-10-11 07:00:00+05:30,70.39,20.92
2023-10-11 08:00:00+05:30,233.57,22.76
2023-10-11 09:00:00+05:30,403.93,26.62
2023-10-11 10:00:00+05:30,541.84,29.17
2023-10-11 11:00:00+05:30,632.58,31.26
2023-10-11 12:00:00+05:30,659.25,32.72
2023-10-11 13:00:00+05:30,625.98,33.62
2023-10-11 14:00:00+05:30,550.0,34.02
2023-10-11 15:00:00+05:30,424.1,34.15
2023-10-11 16:00:00+05:30,257.97,34.0
2023-10-11 17:00:00+05:30,93.53,33.4
2023-10-11 18:00:00+05:30,0.0,32.09
2023-10-11 19:00:00+05:30,0.0,29.96
2023-10-11 20:00:00+05:30,0.0,27.85
2023-10-11 21:00:00+05:30,0.0,26.49
2023-10-11 22:00:00+05:30,0.0,26.35
2023-10-11 23:00:00+05:30,0.0,26.55
2023-10-12 00:00:00+05:30,0.0,25.92
2023-10-12 01:00:00+05:30,0.0,22.23
2023-10-12 02:00:00+05:30,0.0,21.4
2023-10-12 03:00:00+05:30,0.0,20.85
2023-10-12 04:00:00+05:30,0.0,20.46
2023-10-12 05:00:00+05:30,0.0,20.07
2023-10-12 06:00:00+05:30,0.0,19.85
2023-10-12 07:00:00+05:30,68.82,20.36
2023-10-12 08:00:00+05:30,230.9,22.25
2023-10-12 09:00:00+05:30,397.84,25.76
2023-10-12 10:00:00+05:30,535.1,28.73
2023-10-12 11:00:00+05:30,625.57,30.81
2023-10-12 12:00:00+05:30,665.78,32.14
2023-10-12 13:00:00+05:30,638.94,33.38
2023-10-12 14:00:00+05:30,554.7,34.06
2023-10-12 15:00:00+05:30,422.47,34.25
2023-10-12 16:00:00+05:30,258.01,34.15
2023-10-12 17:00:00+05:30,91.74,33.43
2023-10-12 18:00:00+05:30,0.0,31.81
2023-10-12 19:00:00+05:30,0.0,29.1
2023-10-12 20:00:00+05:30,0.0,27.12
2023-10-12 21:00:00+05:30,0.0,25.94
2023-10-12 22:00:00+05:30,0.0,24.89
2023-10-12 23:00:00+05:30,0.0,23.8
2023-10-13 00:00:00+05:30,0.0,22.69
2023-10-13 01:00:00+05:30,0.0,22.47
2023-10-13 02:00:00+05:30,0.0,22.52
2023-10-13 03:00:00+05:30,0.0,22.09
2023-10-13 04:00:00+05:30,0.0,21.35
2023-10-13 05:00:00+05:30,0.0,20.54
2023-10-13 06:00:00+05:30,0.0,19.86
2023-10-13 07:00:00+05:30,66.16,19.64
2023-10-13 08:00:00+05:30,226.36,21.52
2023-10-13 09:00:00+05:30,392.39,26.23
2023-10-13 10:00:00+05:30,529.27,28.9
2023-10-13 11:00:00+05:30,619.06,30.94
2023-10-13 12:00:00+05:30,654.21,32.53
2023-10-13 13:00:00+05:30,628.76,34.32
2023-10-13 14:00:00+05:30,545.25,35.15
2023-10-13 15:00:00+05:30,415.2,35.2
2023-10-13 16:00:00+05:30,250.28,34.97
2023-10-13 17:00:00+05:30,86.98,34.24
2023-10-13 18:00:00+05:30,0.0,32.64
2023-10-13 19:00:00+05:30,0.0,29.83
2023-10-13 20:00:00+05:30,0.0,27.9
2023-10-13 21:00:00+05:30,0.0,26.64
2023-10-13 22:00:00+05:30,0.0,25.73
2023-10-13 23:00:00+05:30,0.0,24.83
2023-10-14 00:00:00+05:30,0.0,23.85
2023-10-14 01:00:00+05:30,0.0,22.83
2023-10-14 02:00:00+05:30,0.0,22.18
2023-10-14 03:00:00+05:30,0.0,21.73
2023-10-14 04:00:00+05:30,0.0,21.5
2023-10-14 05:00:00+05:30,0.0,21.17
2023-10-14 06:00:00+05:30,0.0,20.93
2023-10-14 07:00:00+05:30,60.71,20.54
2023-10-14 08:00:00+05:30,208.58,22.24
2023-10-14 09:00:00+05:30,345.19,25.83
2023-10-14 10:00:00+05:30,475.49,28.41
2023-10-14 11:00:00+05:30,539.01,30.66
2023-10-14 12:00:00+05:30,638.56,32.4
2023-10-14 13:00:00+05:30,556.01,34.36
2023-10-14 14:00:00+05:30,410.81,35.15
2023-10-14 15:00:00+05:30,350.23,35.0
2023-10-14 16:00:00+05:30,209.56,34.84
2023-10-14 17:00:00+05:30,80.35,33.91
2023-10-14 18:00:00+05:30,0.0,32.73
2023-10-14 19:00:00+05:30,0.0,31.62
2023-10-14 20:00:00+05:30,0.0,28.37
2023-10-14 21:00:00+05:30,0.0,26.86
2023-10-14 22:00:00+05:30,0.0,25.55
2023-10-14 23:00:00+05:30,0.0,24.74
2023-10-15 00:00:00+05:30,0.0,24.49
2023-10-15 01:00:00+05:30,0.0,24.65
2023-10-15 02:00:00+05:30,0.0,23.45
2023-10-15 03:00:00+05:30,0.0,23.65
2023-10-15 04:00:00+05:30,0.0,23.59
2023-10-15 05:00:00+05:30,0.0,21.54
2023-10-15 06:00:00+05:30,0.0,20.16
2023-10-15 07:00:00+05:30,62.27,19.66
2023-10-15 08:00:00+05:30,222.01,21.42
2023-10-15 09:00:00+05:30,385.63,25.92
2023-10-15 10:00:00+05:30,517.61,29.19
2023-10-15 11:00:00+05:30,609.0,31.79
2023-10-15 12:00:00+05:30,611.56,33.37
2023-10-15 13:00:00+05:30,460.85,33.91
2023-10-15 14:00:00+05:30,474.28,33.71
2023-10-15 15:00:00+05:30,376.05,33.99
2023-10-15 16:00:00+05:30,205.16,33.79
2023-10-15 17:00:00+05:30,73.18,32.78
2023-10-15 18:00:00+05:30,0.0,31.64
2023-10-15 19:00:00+05:30,0.0,29.58
2023-10-15 20:00:00+05:30,0.0,27.32
2023-10-15 21:00:00+05:30,0.0,26.02
2023-10-15 22:00:00+05:30,0.0,25.5
2023-10-15 23:00:00+05:30,0.0,23.69
2023-10-16 00:00:00+05:30,0.0,23.02
2023-10-16 01:00:00+05:30,0.0,24.6
2023-10-16 02:00:00+05:30,0.0,23.8
2023-10-16 03:00:00+05:30,0.0,23.34
2023-10-16 04:00:00+05:30,0.0,22.88
2023-10-16 05:00:00+05:30,0.0,22.54
2023-10-16 06:00:00+05:30,0.0,21.86
2023-10-16 07:00:00+05:30,59.86,21.26
2023-10-16 08:00:00+05:30,215.14,22.79
2023-10-16 09:00:00+05:30,365.7,26.64
2023-10-16 10:00:00+05:30,496.4,29.45
2023-10-16 11:00:00+05:30,582.86,31.74
2023-10-16 12:00:00+05:30,601.27,33.19
2023-10-16 13:00:00+05:30,602.61,34.05
2023-10-16 14:00:00+05:30,505.47,34.37
2023-10-16 15:00:00+05:30,279.78,32.45
2023-10-16 16:00:00+05:30,154.91,30.17
2023-10-16 17:00:00+05:30,61.46,29.29
2023-10-16 18:00:00+05:30,0.0,28.21
2023-10-16 19:00:00+05:30,0.0,26.96
2023-10-16 20:00:00+05:30,0.0,26.11
2023-10-16 21:00:00+05:30,0.0,25.54
2023-10-16 22:00:00+05:30,0.0,24.93
2023-10-16 23:00:00+05:30,0.0,24.37
2023-10-17 00:00:00+05:30,0.0,23.61
2023-10-17 01:00:00+05:30,0.0,22.34
2023-10-17 02:00:00+05:30,0.0,21.9
2023-10-17 03:00:00+05:30,0.0,21.7
2023-10-17 04:00:00+05:30,0.0,21.43
2023-10-17 05:00:00+05:30,0.0,21.2
2023-10-17 06:00:00+05:30,0.0,21.57
2023-10-17 07:00:00+05:30,48.64,20.78
2023-10-17 08:00:00+05:30,198.19,21.61
2023-10-17 09:00:00+05:30,351.88,23.8
2023-10-17 10:00:00+05:30,476.91,26.11
2023-10-17 11:00:00+05:30,561.77,27.58
2023-10-17 12:00:00+05:30,574.05,28.75
2023-10-17 13:00:00+05:30,573.04,29.04
2023-10-17 14:00:00+05:30,510.16,29.56
2023-10-17 15:00:00+05:30,352.18,29.79
2023-10-17 16:00:00+05:30,208.85,29.43
2023-10-17 17:00:00+05:30,69.79,28.28
2023-10-17 18:00:00+05:30,0.0,26.7
2023-10-17 19:00:00+05:30,0.0,25.84
2023-10-17 20:00:00+05:30,0.0,24.99
2023-10-17 21:00:00+05:30,0.0,23.7
2023-10-17 22:00:00+05:30,0.0,22.92
2023-10-17 23:00:00+05:30,0.0,22.1
2023-10-18 00:00:00+05:30,0.0,21.44
2023-10-18 01:00:00+05:30,0.0,20.64
2023-10-18 02:00:00+05:30,0.0,20.22
2023-10-18 03:00:00+05:30,0.0,19.76
2023-10-18 04:00:00+05:30,0.0,19.34
2023-10-18 05:00:00+05:30,0.0,18.95
2023-10-18 06:00:00+05:30,0.0,18.65
2023-10-18 07:00:00+05:30,53.64,18.54
2023-10-18 08:00:00+05:30,201.44,19.91
2023-10-18 09:00:00+05:30,362.61,22.74
2023-10-18 10:00:00+05:30,499.33,25.2
2023-10-18 11:00:00+05:30,587.23,27.05
2023-10-18 12:00:00+05:30,627.21,28.37
2023-10-18 13:00:00+05:30,566.2,29.44
2023-10-18 14:00:00+05:30,385.79,29.71
2023-10-18 15:00:00+05:30,326.33,29.36
2023-10-18 16:00:00+05:30,204.13,29.27
2023-10-18 17:00:00+05:30,64.7,28.82
2023-10-18 18:00:00+05:30,0.0,27.46
2023-10-18 19:00:00+05:30,0.0,26.06
2023-10-18 20:00:00+05:30,0.0,24.8
2023-10-18 21:00:00+05:30,0.0,23.47
2023-10-18 22:00:00+05:30,0.0,22.34
2023-10-18 23:00:00+05:30,0.0,21.47
2023-10-19 00:00:00+05:30,0.0,20.88
2023-10-19 01:00:00+05:30,0.0,19.63
2023-10-19 02:00:00+05:30,0.0,18.72
2023-10-19 03:00:00+05:30,0.0,17.88
2023-10-19 04:00:00+05:30,0.0,17.23
2023-10-19 05:00:00+05:30,0.0,16.77
2023-10-19 06:00:00+05:30,0.0,16.4
2023-10-19 07:00:00+05:30,54.25,16.14
2023-10-19 08:00:00+05:30,208.5,17.72
2023-10-19 09:00:00+05:30,370.7,21.95
2023-10-19 10:00:00+05:30,505.06,24.56
2023-10-19 11:00:00+05:30,593.26,26.62
2023-10-19 12:00:00+05:30,623.8,27.98
2023-10-19 13:00:00+05:30,597.13,28.81
2023-10-19 14:00:00+05:30,514.33,29.44
2023-10-19 15:00:00+05:30,384.03,29.76
2023-10-19 16:00:00+05:30,224.01,29.66
2023-10-19 17:00:00+05:30,67.86,29.12
2023-10-19 18:00:00+05:30,0.0,27.66
2023-10-19 19:00:00+05:30,0.0,25.79
2023-10-19 20:00:00+05:30,0.0,24.23
2023-10-19 21:00:00+05:30,0.0,22.94
2023-10-19 22:00:00+05:30,0.0,21.68
2023-10-19 23:00:00+05:30,0.0,21.53
2023-10-20 00:00:00+05:30,0.0,20.53
2023-10-20 01:00:00+05:30,0.0,18.96
2023-10-20 02:00:00+05:30,0.0,18.4
2023-10-20 03:00:00+05:30,0.0,17.96
2023-10-20 04:00:00+05:30,0.0,17.51
2023-10-20 05:00:00+05:30,0.0,17.41
2023-10-20 06:00:00+05:30,0.0,17.53
2023-10-20 07:00:00+05:30,51.62,17.42
2023-10-20 08:00:00+05:30,203.22,19.39
2023-10-20 09:00:00+05:30,363.77,22.64
2023-10-20 10:00:00+05:30,496.89,25.46
2023-10-20 11:00:00+05:30,584.35,27.39
2023-10-20 12:00:00+05:30,614.99,28.63
2023-10-20 13:00:00+05:30,588.33,29.7
2023-10-20 14:00:00+05:30,508.22,30.29
2023-10-20 15:00:00+05:30,380.42,30.54
2023-10-20 16:00:00+05:30,220.27,30.4
2023-10-20 17:00:00+05:30,64.53,29.85
2023-10-20 18:00:00+05:30,0.0,28.41
2023-10-20 19:00:00+05:30,0.0,26.61
2023-10-20 20:00:00+05:30,0.0,25.0
2023-10-20 21:00:00+05:30,0.0,23.71
2023-10-20 22:00:00+05:30,0.0,22.54
2023-10-20 23:00:00+05:30,0.0,21.46
2023-10-21 00:00:00+05:30,0.0,20.76
2023-10-21 01:00:00+05:30,0.0,19.9
2023-10-21 02:00:00+05:30,0.0,19.39
2023-10-21 03:00:00+05:30,0.0,18.75
2023-10-21 04:00:00+05:30,0.0,18.2
2023-10-21 05:00:00+05:30,0.0,17.83
2023-10-21 06:00:00+05:30,0.0,17.86
2023-10-21 07:00:00+05:30,50.19,18.3
2023-10-21 08:00:00+05:30,202.48,19.52
2023-10-21 09:00:00+05:30,363.77,22.75
2023-10-21 10:00:00+05:30,497.19,25.64
2023-10-21 11:00:00+05:30,584.24,27.6
2023-10-21 12:00:00+05:30,611.37,28.79
2023-10-21 13:00:00+05:30,589.09,29.86
2023-10-21 14:00:00+05:30,509.51,30.41
2023-10-21 15:00:00+05:30,376.02,30.63
2023-10-21 16:00:00+05:30,216.54,30.48
2023-10-21 17:00:00+05:30,62.26,29.92
2023-10-21 18:00:00+05:30,0.0,28.42
2023-10-21 19:00:00+05:30,0.0,26.41
2023-10-21 20:00:00+05:30,0.0,24.84
2023-10-21 21:00:00+05:30,0.0,23.64
2023-10-21 22:00:00+05:30,0.0,22.62
2023-10-21 23:00:00+05:30,0.0,21.71
2023-10-22 00:00:00+05:30,0.0,20.82
2023-10-22 01:00:00+05:30,0.0,20.09
2023-10-22 02:00:00+05:30,0.0,19.49
2023-10-22 03:00:00+05:30,0.0,18.91
2023-10-22 04:00:00+05:30,0.0,18.52
2023-10-22 05:00:00+05:30,0.0,18.35
2023-10-22 06:00:00+05:30,0.0,18.36
2023-10-22 07:00:00+05:30,47.42,18.59
2023-10-22 08:00:00+05:30,196.74,20.39
2023-10-22 09:00:00+05:30,355.77,23.23
2023-10-22 10:00:00+05:30,488.16,26.07
2023-10-22 11:00:00+05:30,574.12,28.13
2023-10-22 12:00:00+05:30,604.57,29.29
2023-10-22 13:00:00+05:30,579.1,30.06
2023-10-22 14:00:00+05:30,497.19,30.63
2023-10-22 15:00:00+05:30,372.63,30.82
2023-10-22 16:00:00+05:30,208.11,30.71
2023-10-22 17:00:00+05:30,54.19,29.97
2023-10-22 18:00:00+05:30,0.0,28.18
2023-10-22 19:00:00+05:30,0.0,26.56
2023-10-22 20:00:00+05:30,0.0,25.19
2023-10-22 21:00:00+05:30,0.0,24.04
2023-10-22 22:00:00+05:30,0.0,23.09
2023-10-22 23:00:00+05:30,0.0,22.29
2023-10-23 00:00:00+05:30,0.0,21.56
2023-10-23 01:00:00+05:30,0.0,20.75
2023-10-23 02:00:00+05:30,0.0,19.95
2023-10-23 03:00:00+05:30,0.0,19.35
2023-10-23 04:00:00+05:30,0.0,18.81
2023-10-23 05:00:00+05:30,0.0,18.37
2023-10-23 06:00:00+05:30,0.0,17.93
2023-10-23 07:00:00+05:30,45.41,17.52
2023-10-23 08:00:00+05:30,194.46,18.71
2023-10-23 09:00:00+05:30,354.35,22.67
2023-10-23 10:00:00+05:30,487.41,25.61
2023-10-23 11:00:00+05:30,574.73,27.8
2023-10-23 12:00:00+05:30,601.36,29.21
2023-10-23 13:00:00+05:30,511.95,30.1
2023-10-23 14:00:00+05:30,418.17,30.34
2023-10-23 15:00:00+05:30,307.85,30.35
2023-10-23 16:00:00+05:30,196.83,30.16
2023-10-23 17:00:00+05:30,52.52,29.63
2023-10-23 18:00:00+05:30,0.0,28.22
2023-10-23 19:00:00+05:30,0.0,26.44
2023-10-23 20:00:00+05:30,0.0,24.55
2023-10-23 21:00:00+05:30,0.0,22.96
2023-10-23 22:00:00+05:30,0.0,22.09
2023-10-23 23:00:00+05:30,0.0,21.88
2023-10-24 00:00:00+05:30,0.0,20.87
2023-10-24 01:00:00+05:30,0.0,19.39
2023-10-24 02:00:00+05:30,0.0,18.86
2023-10-24 03:00:00+05:30,0.0,18.3
2023-10-24 04:00:00+05:30,0.0,17.85
2023-10-24 05:00:00+05:30,0.0,17.41
2023-10-24 06:00:00+05:30,0.0,17.03
2023-10-24 07:00:00+05:30,43.61,16.7
2023-10-24 08:00:00+05:30,192.19,18.22
2023-10-24 09:00:00+05:30,351.61,22.59
2023-10-24 10:00:00+05:30,484.29,25.74
2023-10-24 11:00:00+05:30,571.15,28.03
2023-10-24 12:00:00+05:30,604.52,29.46
2023-10-24 13:00:00+05:30,560.63,30.17
2023-10-24 14:00:00+05:30,369.88,30.61
2023-10-24 15:00:00+05:30,302.98,30.35
2023-10-24 16:00:00+05:30,169.33,30.27
2023-10-24 17:00:00+05:30,47.45,29.6
2023-10-24 18:00:00+05:30,0.0,28.27
2023-10-24 19:00:00+05:30,0.0,26.6
2023-10-24 20:00:00+05:30,0.0,24.94
2023-10-24 21:00:00+05:30,0.0,23.36
2023-10-24 22:00:00+05:30,0.0,23.22
2023-10-24 23:00:00+05:30,0.0,23.53
2023-10-25 00:00:00+05:30,0.0,20.27
2023-10-25 01:00:00+05:30,0.0,18.81
2023-10-25 02:00:00+05:30,0.0,18.39
2023-10-25 03:00:00+05:30,0.0,17.96
2023-10-25 04:00:00+05:30,0.0,17.45
2023-10-25 05:00:00+05:30,0.0,16.98
2023-10-25 06:00:00+05:30,0.0,16.52
2023-10-25 07:00:00+05:30,42.09,16.14
2023-10-25 08:00:00+05:30,192.47,17.47
2023-10-25 09:00:00+05:30,353.0,22.42
2023-10-25 10:00:00+05:30,486.12,25.66
2023-10-25 11:00:00+05:30,572.92,28.03
2023-10-25 12:00:00+05:30,599.18,29.55
2023-10-25 13:00:00+05:30,574.92,30.23
2023-10-25 14:00:00+05:30,488.1,30.72
2023-10-25 15:00:00+05:30,327.21,30.89
2023-10-25 16:00:00+05:30,190.57,30.59
2023-10-25 17:00:00+05:30,49.23,29.9
2023-10-25 18:00:00+05:30,0.0,28.32
2023-10-25 19:00:00+05:30,0.0,26.59
2023-10-25 20:00:00+05:30,0.0,25.02
2023-10-25 21:00:00+05:30,0.0,23.43
2023-10-25 22:00:00+05:30,0.0,22.23
2023-10-25 23:00:00+05:30,0.0,21.34
2023-10-26 00:00:00+05:30,0.0,20.78
2023-10-26 01:00:00+05:30,0.0,20.14
2023-10-26 02:00:00+05:30,0.0,19.44
2023-10-26 03:00:00+05:30,0.0,18.64
2023-10-26 04:00:00+05:30,0.0,17.83
2023-10-26 05:00:00+05:30,0.0,17.24
2023-10-26 06:00:00+05:30,0.0,16.68
2023-10-26 07:00:00+05:30,40.19,16.34
2023-10-26 08:00:00+05:30,189.39,17.55
2023-10-26 09:00:00+05:30,349.87,22.27
2023-10-26 10:00:00+05:30,483.19,25.44
2023-10-26 11:00:00+05:30,570.26,27.78
2023-10-26 12:00:00+05:30,599.13,29.22
2023-10-26 13:00:00+05:30,571.89,29.86
2023-10-26 14:00:00+05:30,488.52,30.27
2023-10-26 15:00:00+05:30,358.42,30.43
2023-10-26 16:00:00+05:30,199.95,30.28
2023-10-26 17:00:00+05:30,49.08,29.59
2023-10-26 18:00:00+05:30,0.0,28.09
2023-10-26 19:00:00+05:30,0.0,26.11
2023-10-26 20:00:00+05:30,0.0,24.13
2023-10-26 21:00:00+05:30,0.0,22.89
2023-10-26 22:00:00+05:30,0.0,20.9
2023-10-26 23:00:00+05:30,0.0,19.77
2023-10-27 00:00:00+05:30,0.0,19.01
2023-10-27 01:00:00+05:30,0.0,18.29
2023-10-27 02:00:00+05:30,0.0,17.69
2023-10-27 03:00:00+05:30,0.0,17.23
2023-10-27 04:00:00+05:30,0.0,16.78
2023-10-27 05:00:00+05:30,0.0,16.32
2023-10-27 06:00:00+05:30,0.0,15.87
2023-10-27 07:00:00+05:30,38.19,15.44
2023-10-27 08:00:00+05:30,188.47,16.71
2023-10-27 09:00:00+05:30,349.86,21.59
2023-10-27 10:00:00+05:30,483.58,25.01
2023-10-27 11:00:00+05:30,570.77,27.67
2023-10-27 12:00:00+05:30,599.88,29.41
2023-10-27 13:00:00+05:30,572.59,30.6
2023-10-27 14:00:00+05:30,488.56,31.03
2023-10-27 15:00:00+05:30,357.57,31.16
2023-10-27 16:00:00+05:30,197.99,30.92
2023-10-27 17:00:00+05:30,46.51,30.1
2023-10-27 18:00:00+05:30,0.0,28.64
2023-10-27 19:00:00+05:30,0.0,25.97
2023-10-27 20:00:00+05:30,0.0,24.07
2023-10-27 21:00:00+05:30,0.0,23.14
2023-10-27 22:00:00+05:30,0.0,22.23
2023-10-27 23:00:00+05:30,0.0,21.45
2023-10-28 00:00:00+05:30,0.0,20.89
2023-10-28 01:00:00+05:30,0.0,20.97
2023-10-28 02:00:00+05:30,0.0,18.93
2023-10-28 03:00:00+05:30,0.0,17.5
2023-10-28 04:00:00+05:30,0.0,16.79
2023-10-28 05:00:00+05:30,0.0,17.66
2023-10-28 06:00:00+05:30,0.0,18.45
2023-10-28 07:00:00+05:30,40.5,16.97
2023-10-28 08:00:00+05:30,182.57,17.42
2023-10-28 09:00:00+05:30,333.34,22.24
2023-10-28 10:00:00+05:30,456.65,25.69
2023-10-28 11:00:00+05:30,533.23,28.1
2023-10-28 12:00:00+05:30,555.04,29.73
2023-10-28 13:00:00+05:30,486.55,30.84
2023-10-28 14:00:00+05:30,360.98,31.1
2023-10-28 15:00:00+05:30,254.3,30.87
2023-10-28 16:00:00+05:30,134.38,30.45
2023-10-28 17:00:00+05:30,47.74,29.46
2023-10-28 18:00:00+05:30,0.0,28.15
2023-10-28 19:00:00+05:30,0.0,25.98
2023-10-28 20:00:00+05:30,0.0,24.39
2023-10-28 21:00:00+05:30,0.0,23.67
2023-10-28 22:00:00+05:30,0.0,22.13
2023-10-28 23:00:00+05:30,0.0,20.48
2023-10-29 00:00:00+05:30,0.0,19.65
2023-10-29 01:00:00+05:30,0.0,18.98
2023-10-29 02:00:00+05:30,0.0,18.62
2023-10-29 03:00:00+05:30,0.0,18.67
2023-10-29 04:00:00+05:30,0.0,18.44
2023-10-29 05:00:00+05:30,0.0,17.8
2023-10-29 06:00:00+05:30,0.0,17.1
2023-10-29 07:00:00+05:30,33.57,16.79
2023-10-29 08:00:00+05:30,173.34,18.87
2023-10-29 09:00:00+05:30,330.33,22.23
2023-10-29 10:00:00+05:30,458.96,25.61
2023-10-29 11:00:00+05:30,541.4,28.18
2023-10-29 12:00:00+05:30,576.44,29.92
2023-10-29 13:00:00+05:30,548.27,31.04
2023-10-29 14:00:00+05:30,465.31,31.63
2023-10-29 15:00:00+05:30,338.35,31.79
2023-10-29 16:00:00+05:30,184.28,31.65
2023-10-29 17:00:00+05:30,40.43,31.13
2023-10-29 18:00:00+05:30,0.0,29.69
2023-10-29 19:00:00+05:30,0.0,27.4
2023-10-29 20:00:00+05:30,0.0,25.58
2023-10-29 21:00:00+05:30,0.0,24.23
2023-10-29 22:00:00+05:30,0.0,23.19
2023-10-29 23:00:00+05:30,0.0,22.37
2023-10-30 00:00:00+05:30,0.0,21.58
2023-10-30 01:00:00+05:30,0.0,20.81
2023-10-30 02:00:00+05:30,0.0,20.06
2023-10-30 03:00:00+05:30,0.0,19.57
2023-10-30 04:00:00+05:30,0.0,19.93
2023-10-30 05:00:00+05:30,0.0,20.12
2023-10-30 06:00:00+05:30,0.0,19.65
2023-10-30 07:00:00+05:30,30.89,18.88
2023-10-30 08:00:00+05:30,172.05,19.69
2023-10-30 09:00:00+05:30,326.46,23.24
2023-10-30 10:00:00+05:30,456.14,26.29
2023-10-30 11:00:00+05:30,540.8,28.72
2023-10-30 12:00:00+05:30,568.41,30.39
2023-10-30 13:00:00+05:30,543.88,31.72
2023-10-30 14:00:00+05:30,453.89,32.34
2023-10-30 15:00:00+05:30,318.53,32.56
2023-10-30 16:00:00+05:30,162.28,32.43
2023-10-30 17:00:00+05:30,36.72,31.71
2023-10-30 18:00:00+05:30,0.0,30.21
2023-10-30 19:00:00+05:30,0.0,28.15
2023-10-30 20:00:00+05:30,0.0,26.37
2023-10-30 21:00:00+05:30,0.0,25.25
2023-10-30 22:00:00+05:30,0.0,24.18
2023-10-30 23:00:00+05:30,0.0,23.4
2023-10-31 00:00:00+05:30,0.0,22.68
2023-10-31 01:00:00+05:30,0.0,21.75
2023-10-31 02:00:00+05:30,0.0,21.12
2023-10-31 03:00:00+05:30,0.0,20.36
2023-10-31 04:00:00+05:30,0.0,19.91
2023-10-31 05:00:00+05:30,0.0,20.39
2023-10-31 06:00:00+05:30,0.0,20.88
2023-10-31 07:00:00+05:30,29.04,20.59
2023-10-31 08:00:00+05:30,168.93,20.77
2023-10-31 09:00:00+05:30,322.46,23.57
2023-10-31 10:00:00+05:30,450.91,26.37
2023-10-31 11:00:00+05:30,535.03,28.52
2023-10-31 12:00:00+05:30,564.5,29.97
2023-10-31 13:00:00+05:30,537.1,31.23
2023-10-31 14:00:00+05:30,443.6,31.76
2023-10-31 15:00:00+05:30,299.5,31.91
2023-10-31 16:00:00+05:30,164.47,31.52
2023-10-31 17:00:00+05:30,36.47,30.78
2023-10-31 18:00:00+05:30,0.0,29.4
2023-10-31 19:00:00+05:30,0.0,27.57
2023-10-31 20:00:00+05:30,0.0,26.31
2023-10-31 21:00:00+05:30,0.0,25.07
2023-10-31 22:00:00+05:30,0.0,23.89
2023-10-31 23:00:00+05:30,0.0,23.05
2023-11-01 00:00:00+05:30,0.0,22.26
2023-11-01 01:00:00+05:30,0.0,21.65
2023-11-01 02:00:00+05:30,0.0,21.14
2023-11-01 03:00:00+05:30,0.0,20.7
2023-11-01 04:00:00+05:30,0.0,20.15
2023-11-01 05:00:00+05:30,0.0,19.68
2023-11-01 06:00:00+05:30,0.0,20.2
2023-11-01 07:00:00+05:30,21.01,20.69
2023-11-01 08:00:00+05:30,163.93,20.89
2023-11-01 09:00:00+05:30,316.84,23.51
2023-11-01 10:00:00+05:30,444.6,26.32
2023-11-01 11:00:00+05:30,529.7,28.33
2023-11-01 12:00:00+05:30,563.06,29.46
2023-11-01 13:00:00+05:30,535.35,30.41
2023-11-01 14:00:00+05:30,453.68,30.96
2023-11-01 15:00:00+05:30,328.45,31.14
2023-11-01 16:00:00+05:30,175.52,30.94
2023-11-01 17:00:00+05:30,33.71,30.28
2023-11-01 18:00:00+05:30,0.0,28.86
2023-11-01 19:00:00+05:30,0.0,27.18
2023-11-01 20:00:00+05:30,0.0,25.73
2023-11-01 21:00:00+05:30,0.0,24.35
2023-11-01 22:00:00+05:30,0.0,23.03
2023-11-01 23:00:00+05:30,0.0,22.33
2023-11-02 00:00:00+05:30,0.0,22.64
2023-11-02 01:00:00+05:30,0.0,21.14
2023-11-02 02:00:00+05:30,0.0,21.84
2023-11-02 03:00:00+05:30,0.0,21.6
2023-11-02 04:00:00+05:30,0.0,21.19
2023-11-02 05:00:00+05:30,0.0,20.76
2023-11-02 06:00:00+05:30,0.0,20.13
2023-11-02 07:00:00+05:30,19.6,18.67
2023-11-02 08:00:00+05:30,162.37,19.8
2023-11-02 09:00:00+05:30,314.83,23.44
2023-11-02 10:00:00+05:30,442.65,26.49
2023-11-02 11:00:00+05:30,526.58,28.48
2023-11-02 12:00:00+05:30,556.25,29.54
2023-11-02 13:00:00+05:30,531.89,30.17
2023-11-02 14:00:00+05:30,439.39,30.73
2023-11-02 15:00:00+05:30,317.16,30.92
2023-11-02 16:00:00+05:30,155.25,30.71
2023-11-02 17:00:00+05:30,31.02,29.95
2023-11-02 18:00:00+05:30,0.0,28.82
2023-11-02 19:00:00+05:30,0.0,27.16
2023-11-02 20:00:00+05:30,0.0,25.88
2023-11-02 21:00:00+05:30,0.0,25.31
2023-11-02 22:00:00+05:30,0.0,24.06
2023-11-02 23:00:00+05:30,0.0,22.91
2023-11-03 00:00:00+05:30,0.0,22.78
2023-11-03 01:00:00+05:30,0.0,22.12
2023-11-03 02:00:00+05:30,0.0,19.76
2023-11-03 03:00:00+05:30,0.0,19.03
2023-11-03 04:00:00+05:30,0.0,18.56
2023-11-03 05:00:00+05:30,0.0,18.25
2023-11-03 06:00:00+05:30,0.0,17.86
2023-11-03 07:00:00+05:30,17.84,17.58
2023-11-03 08:00:00+05:30,159.22,18.52
2023-11-03 09:00:00+05:30,310.71,22.66
2023-11-03 10:00:00+05:30,438.28,25.65
2023-11-03 11:00:00+05:30,521.78,27.95
2023-11-03 12:00:00+05:30,549.74,29.54
2023-11-03 13:00:00+05:30,504.89,30.47
2023-11-03 14:00:00+05:30,431.27,30.87
2023-11-03 15:00:00+05:30,279.78,29.59
2023-11-03 16:00:00+05:30,141.83,29.48
2023-11-03 17:00:00+05:30,29.91,28.91
2023-11-03 18:00:00+05:30,0.0,27.52
2023-11-03 19:00:00+05:30,0.0,26.01
2023-11-03 20:00:00+05:30,0.0,24.47
2023-11-03 21:00:00+05:30,0.0,22.95
2023-11-03 22:00:00+05:30,0.0,21.8
2023-11-03 23:00:00+05:30,0.0,21.35
2023-11-04 00:00:00+05:30,0.0,20.28
2023-11-04 01:00:00+05:30,0.0,20.79
2023-11-04 02:00:00+05:30,0.0,21.47
2023-11-04 03:00:00+05:30,0.0,21.02
2023-11-04 04:00:00+05:30,0.0,19.34
2023-11-04 05:00:00+05:30,0.0,17.97
2023-11-04 06:00:00+05:30,0.0,17.54
2023-11-04 07:00:00+05:30,18.77,17.26
2023-11-04 08:00:00+05:30,148.99,18.8
2023-11-04 09:00:00+05:30,308.07,22.68
2023-11-04 10:00:00+05:30,436.25,25.82
2023-11-04 11:00:00+05:30,520.78,28.02
2023-11-04 12:00:00+05:30,547.24,29.29
2023-11-04 13:00:00+05:30,511.26,30.28
2023-11-04 14:00:00+05:30,391.09,30.82
2023-11-04 15:00:00+05:30,242.85,30.8
2023-11-04 16:00:00+05:30,122.4,29.6
2023-11-04 17:00:00+05:30,25.87,28.74
2023-11-04 18:00:00+05:30,0.0,27.65
2023-11-04 19:00:00+05:30,0.0,26.17
2023-11-04 20:00:00+05:30,0.0,24.69
2023-11-04 21:00:00+05:30,0.0,23.99
2023-11-04 22:00:00+05:30,0.0,23.59
2023-11-04 23:00:00+05:30,0.0,23.62
2023-11-05 00:00:00+05:30,0.0,23.07
2023-11-05 01:00:00+05:30,0.0,21.73
2023-11-05 02:00:00+05:30,0.0,19.49
2023-11-05 03:00:00+05:30,0.0,18.22
2023-11-05 04:00:00+05:30,0.0,17.71
2023-11-05 05:00:00+05:30,0.0,17.73
2023-11-05 06:00:00+05:30,0.0,17.63
2023-11-05 07:00:00+05:30,24.75,17.64
2023-11-05 08:00:00+05:30,154.81,18.69
2023-11-05 09:00:00+05:30,306.9,22.13
2023-11-05 10:00:00+05:30,434.84,25.33
2023-11-05 11:00:00+05:30,518.34,27.62
2023-11-05 12:00:00+05:30,545.08,29.01
2023-11-05 13:00:00+05:30,514.26,29.88
2023-11-05 14:00:00+05:30,357.77,30.55
2023-11-05 15:00:00+05:30,237.1,30.52
2023-11-05 16:00:00+05:30,126.53,30.34
2023-11-05 17:00:00+05:30,24.28,29.59
2023-11-05 18:00:00+05:30,0.0,28.21
2023-11-05 19:00:00+05:30,0.0,26.56
2023-11-05 20:00:00+05:30,0.0,24.79
2023-11-05 21:00:00+05:30,0.0,23.16
2023-11-05 22:00:00+05:30,0.0,21.85
2023-11-05 23:00:00+05:30,0.0,20.82
2023-11-06 00:00:00+05:30,0.0,19.89
2023-11-06 01:00:00+05:30,0.0,18.97
2023-11-06 02:00:00+05:30,0.0,18.79
2023-11-06 03:00:00+05:30,0.0,19.11
2023-11-06 04:00:00+05:30,0.0,18.97
2023-11-06 05:00:00+05:30,0.0,18.83
2023-11-06 06:00:00+05:30,0.0,18.74
2023-11-06 07:00:00+05:30,24.46,18.47
2023-11-06 08:00:00+05:30,151.32,18.67
2023-11-06 09:00:00+05:30,301.89,21.57
2023-11-06 10:00:00+05:30,428.35,24.72
2023-11-06 11:00:00+05:30,510.91,27.07
2023-11-06 12:00:00+05:30,539.66,28.59
2023-11-06 13:00:00+05:30,513.74,29.32
2023-11-06 14:00:00+05:30,440.3,29.82
2023-11-06 15:00:00+05:30,306.4,30.03
2023-11-06 16:00:00+05:30,156.71,29.9
2023-11-06 17:00:00+05:30,23.31,29.37
2023-11-06 18:00:00+05:30,0.0,28.02
2023-11-06 19:00:00+05:30,0.0,26.08
2023-11-06 20:00:00+05:30,0.0,24.21
2023-11-06 21:00:00+05:30,0.0,22.63
2023-11-06 22:00:00+05:30,0.0,21.54
2023-11-06 23:00:00+05:30,0.0,20.48
2023-11-07 00:00:00+05:30,0.0,19.47
2023-11-07 01:00:00+05:30,0.0,18.81
2023-11-07 02:00:00+05:30,0.0,18.01
2023-11-07 03:00:00+05:30,0.0,17.54
2023-11-07 04:00:00+05:30,0.0,18.26
2023-11-07 05:00:00+05:30,0.0,18.65
2023-11-07 06:00:00+05:30,0.0,18.39
2023-11-07 07:00:00+05:30,23.63,16.95
2023-11-07 08:00:00+05:30,147.64,17.39
2023-11-07 09:00:00+05:30,297.57,21.56
2023-11-07 10:00:00+05:30,424.59,24.72
2023-11-07 11:00:00+05:30,508.09,27.1
2023-11-07 12:00:00+05:30,537.11,28.73
2023-11-07 13:00:00+05:30,510.45,29.92
2023-11-07 14:00:00+05:30,434.33,30.66
2023-11-07 15:00:00+05:30,297.23,30.96
2023-11-07 16:00:00+05:30,156.35,30.83
2023-11-07 17:00:00+05:30,26.36,30.14
2023-11-07 18:00:00+05:30,0.0,28.8
2023-11-07 19:00:00+05:30,0.0,26.31
2023-11-07 20:00:00+05:30,0.0,24.33
2023-11-07 21:00:00+05:30,0.0,22.72
2023-11-07 22:00:00+05:30,0.0,21.56
2023-11-07 23:00:00+05:30,0.0,20.74
2023-11-08 00:00:00+05:30,0.0,19.99
2023-11-08 01:00:00+05:30,0.0,19.13
2023-11-08 02:00:00+05:30,0.0,18.64
2023-11-08 03:00:00+05:30,0.0,18.61
2023-11-08 04:00:00+05:30,0.0,18.1
2023-11-08 05:00:00+05:30,0.0,17.32
2023-11-08 06:00:00+05:30,0.0,16.76
2023-11-08 07:00:00+05:30,22.9,16.48
2023-11-08 08:00:00+05:30,143.81,17.98
2023-11-08 09:00:00+05:30,292.57,22.08
2023-11-08 10:00:00+05:30,419.17,25.3
2023-11-08 11:00:00+05:30,501.89,27.61
2023-11-08 12:00:00+05:30,529.86,29.21
2023-11-08 13:00:00+05:30,495.3,30.08
2023-11-08 14:00:00+05:30,424.38,30.65
2023-11-08 15:00:00+05:30,291.83,30.96
2023-11-08 16:00:00+05:30,137.0,30.71
2023-11-08 17:00:00+05:30,26.7,29.62
2023-11-08 18:00:00+05:30,0.0,27.49
2023-11-08 19:00:00+05:30,0.0,25.95
2023-11-08 20:00:00+05:30,0.0,24.78
2023-11-08 21:00:00+05:30,0.0,23.9
2023-11-08 22:00:00+05:30,0.0,22.96
2023-11-08 23:00:00+05:30,0.0,21.67
2023-11-09 00:00:00+05:30,0.0,21.08
2023-11-09 01:00:00+05:30,0.0,19.35
2023-11-09 02:00:00+05:30,0.0,18.54
2023-11-09 03:00:00+05:30,0.0,17.88
2023-11-09 04:00:00+05:30,0.0,17.36
2023-11-09 05:00:00+05:30,0.0,16.94
2023-11-09 06:00:00+05:30,0.0,16.52
2023-11-09 07:00:00+05:30,22.22,16.55
2023-11-09 08:00:00+05:30,141.78,17.95
2023-11-09 09:00:00+05:30,290.57,21.55
2023-11-09 10:00:00+05:30,417.21,24.95
2023-11-09 11:00:00+05:30,490.88,27.7
2023-11-09 12:00:00+05:30,526.32,29.42
2023-11-09 13:00:00+05:30,498.77,30.51
2023-11-09 14:00:00+05:30,377.66,31.25
2023-11-09 15:00:00+05:30,260.47,31.17
2023-11-09 16:00:00+05:30,123.82,30.74
2023-11-09 17:00:00+05:30,23.92,29.79
2023-11-09 18:00:00+05:30,0.0,28.71
2023-11-09 19:00:00+05:30,0.0,27.23
2023-11-09 20:00:00+05:30,0.0,25.55
2023-11-09 21:00:00+05:30,0.0,25.08
2023-11-09 22:00:00+05:30,0.0,24.08
2023-11-09 23:00:00+05:30,0.0,22.84
2023-11-10 00:00:00+05:30,0.0,20.78
2023-11-10 01:00:00+05:30,0.0,19.37
2023-11-10 02:00:00+05:30,0.0,18.9
2023-11-10 03:00:00+05:30,0.0,18.5
2023-11-10 04:00:00+05:30,0.0,18.1
2023-11-10 05:00:00+05:30,0.0,18.93
2023-11-10 06:00:00+05:30,0.0,19.69
2023-11-10 07:00:00+05:30,19.83,17.89
2023-11-10 08:00:00+05:30,125.44,18.37
2023-11-10 09:00:00+05:30,236.09,22.06
2023-11-10 10:00:00+05:30,316.03,24.81
2023-11-10 11:00:00+05:30,378.51,26.91
2023-11-10 12:00:00+05:30,386.61,28.32
2023-11-10 13:00:00+05:30,404.49,27.79
2023-11-10 14:00:00+05:30,355.35,28.63
2023-11-10 15:00:00+05:30,249.24,28.81
2023-11-10 16:00:00+05:30,130.78,28.68
2023-11-10 17:00:00+05:30,21.39,27.96
2023-11-10 18:00:00+05:30,0.0,26.39
2023-11-10 19:00:00+05:30,0.0,24.59
2023-11-10 20:00:00+05:30,0.0,23.57
2023-11-10 21:00:00+05:30,0.0,22.92
2023-11-10 22:00:00+05:30,0.0,22.51
2023-11-10 23:00:00+05:30,0.0,21.45
2023-11-11 00:00:00+05:30,0.0,20.65
2023-11-11 01:00:00+05:30,0.0,19.45
2023-11-11 02:00:00+05:30,0.0,19.14
2023-11-11 03:00:00+05:30,0.0,18.84
2023-11-11 04:00:00+05:30,0.0,18.47
2023-11-11 05:00:00+05:30,0.0,18.03
2023-11-11 06:00:00+05:30,0.0,17.61
2023-11-11 07:00:00+05:30,22.22,17.36
2023-11-11 08:00:00+05:30,132.13,17.57
2023-11-11 09:00:00+05:30,266.99,19.34
2023-11-11 10:00:00+05:30,365.27,21.48
2023-11-11 11:00:00+05:30,450.4,23.57
2023-11-11 12:00:00+05:30,486.78,25.09
2023-11-11 13:00:00+05:30,479.06,25.76
2023-11-11 14:00:00+05:30,381.97,26.35
2023-11-11 15:00:00+05:30,291.66,26.56
2023-11-11 16:00:00+05:30,144.39,26.5
2023-11-11 17:00:00+05:30,25.48,25.91
2023-11-11 18:00:00+05:30,0.0,24.44
2023-11-11 19:00:00+05:30,0.0,22.94
2023-11-11 20:00:00+05:30,0.0,21.78
2023-11-11 21:00:00+05:30,0.0,20.64
2023-11-11 22:00:00+05:30,0.0,19.5
2023-11-11 23:00:00+05:30,0.0,18.55
2023-11-12 00:00:00+05:30,0.0,17.79
2023-11-12 01:00:00+05:30,0.0,17.29
2023-11-12 02:00:00+05:30,0.0,16.85
2023-11-12 03:00:00+05:30,0.0,16.39
2023-11-12 04:00:00+05:30,0.0,15.93
2023-11-12 05:00:00+05:30,0.0,15.48
2023-11-12 06:00:00+05:30,0.0,15.02
2023-11-12 07:00:00+05:30,21.0,14.65
2023-11-12 08:00:00+05:30,133.32,15.09
2023-11-12 09:00:00+05:30,281.22,19.03
2023-11-12 10:00:00+05:30,407.95,21.86
2023-11-12 11:00:00+05:30,491.8,24.0
2023-11-12 12:00:00+05:30,522.65,25.27
2023-11-12 13:00:00+05:30,496.55,25.89
2023-11-12 14:00:00+05:30,416.38,26.39
2023-11-12 15:00:00+05:30,292.37,26.62
2023-11-12 16:00:00+05:30,144.85,26.49
2023-11-12 17:00:00+05:30,25.28,25.87
2023-11-12 18:00:00+05:30,0.0,24.58
2023-11-12 19:00:00+05:30,0.0,22.95
2023-11-12 20:00:00+05:30,0.0,21.27
2023-11-12 21:00:00+05:30,0.0,20.45
2023-11-12 22:00:00+05:30,0.0,20.6
2023-11-12 23:00:00+05:30,0.0,19.56
2023-11-13 00:00:00+05:30,0.0,17.37
2023-11-13 01:00:00+05:30,0.0,16.01
2023-11-13 02:00:00+05:30,0.0,15.52
2023-11-13 03:00:00+05:30,0.0,15.14
2023-11-13 04:00:00+05:30,0.0,14.82
2023-11-13 05:00:00+05:30,0.0,14.43
2023-11-13 06:00:00+05:30,0.0,14.03
2023-11-13 07:00:00+05:30,20.41,13.65
2023-11-13 08:00:00+05:30,131.45,14.59
2023-11-13 09:00:00+05:30,279.89,18.52
2023-11-13 10:00:00+05:30,406.63,21.63
2023-11-13 11:00:00+05:30,490.04,23.98
2023-11-13 12:00:00+05:30,517.61,25.38
2023-11-13 13:00:00+05:30,490.13,26.15
2023-11-13 14:00:00+05:30,408.82,26.6
2023-11-13 15:00:00+05:30,282.89,26.78
2023-11-13 16:00:00+05:30,145.49,26.57
2023-11-13 17:00:00+05:30,32.3,26.0
2023-11-13 18:00:00+05:30,0.0,24.93
2023-11-13 19:00:00+05:30,0.0,23.35
2023-11-13 20:00:00+05:30,0.0,21.78
2023-11-13 21:00:00+05:30,0.0,20.57
2023-11-13 22:00:00+05:30,0.0,19.7
2023-11-13 23:00:00+05:30,0.0,18.93
2023-11-14 00:00:00+05:30,0.0,18.26
2023-11-14 01:00:00+05:30,0.0,17.67
2023-11-14 02:00:00+05:30,0.0,17.26
2023-11-14 03:00:00+05:30,0.0,16.87
2023-11-14 04:00:00+05:30,0.0,16.49
2023-11-14 05:00:00+05:30,0.0,16.14
2023-11-14 06:00:00+05:30,0.0,15.84
2023-11-14 07:00:00+05:30,24.51,15.8
2023-11-14 08:00:00+05:30,115.12,16.44
2023-11-14 09:00:00+05:30,251.74,19.13
2023-11-14 10:00:00+05:30,364.21,21.86
2023-11-14 11:00:00+05:30,446.82,23.92
2023-11-14 12:00:00+05:30,447.03,25.21
2023-11-14 13:00:00+05:30,420.69,25.42
2023-11-14 14:00:00+05:30,321.58,25.78
2023-11-14 15:00:00+05:30,241.31,25.67
2023-11-14 16:00:00+05:30,141.69,25.52
2023-11-14 17:00:00+05:30,33.03,24.98
2023-11-14 18:00:00+05:30,0.0,23.95
2023-11-14 19:00:00+05:30,0.0,22.55
2023-11-14 20:00:00+05:30,0.0,21.43
2023-11-14 21:00:00+05:30,0.0,21.54
2023-11-14 22:00:00+05:30,0.0,21.03
2023-11-14 23:00:00+05:30,0.0,20.48
2023-11-15 00:00:00+05:30,0.0,18.53
2023-11-15 01:00:00+05:30,0.0,16.88
2023-11-15 02:00:00+05:30,0.0,15.62
2023-11-15 03:00:00+05:30,0.0,14.92
2023-11-15 04:00:00+05:30,0.0,14.49
2023-11-15 05:00:00+05:30,0.0,14.14
2023-11-15 06:00:00+05:30,0.0,13.79
2023-11-15 07:00:00+05:30,19.15,13.51
2023-11-15 08:00:00+05:30,125.92,13.93
2023-11-15 09:00:00+05:30,273.91,18.35
2023-11-15 10:00:00+05:30,400.24,21.6
2023-11-15 11:00:00+05:30,483.47,23.85
2023-11-15 12:00:00+05:30,513.62,25.11
2023-11-15 13:00:00+05:30,487.58,25.55
2023-11-15 14:00:00+05:30,408.07,26.04
2023-11-15 15:00:00+05:30,284.9,26.25
2023-11-15 16:00:00+05:30,138.46,26.09
2023-11-15 17:00:00+05:30,23.97,25.45
2023-11-15 18:00:00+05:30,0.0,24.19
2023-11-15 19:00:00+05:30,0.0,22.24
2023-11-15 20:00:00+05:30,0.0,21.65
2023-11-15 21:00:00+05:30,0.0,21.1
2023-11-15 22:00:00+05:30,0.0,20.53
2023-11-15 23:00:00+05:30,0.0,19.96
2023-11-16 00:00:00+05:30,0.0,19.24
2023-11-16 01:00:00+05:30,0.0,18.09
2023-11-16 02:00:00+05:30,0.0,17.43
2023-11-16 03:00:00+05:30,0.0,15.55
2023-11-16 04:00:00+05:30,0.0,14.21
2023-11-16 05:00:00+05:30,0.0,13.51
2023-11-16 06:00:00+05:30,0.0,13.18
2023-11-16 07:00:00+05:30,18.71,12.96
2023-11-16 08:00:00+05:30,122.97,13.9
2023-11-16 09:00:00+05:30,270.29,18.11
2023-11-16 10:00:00+05:30,396.47,21.51
2023-11-16 11:00:00+05:30,479.72,23.88
2023-11-16 12:00:00+05:30,508.2,25.15
2023-11-16 13:00:00+05:30,481.48,25.69
2023-11-16 14:00:00+05:30,402.19,26.13
2023-11-16 15:00:00+05:30,280.86,26.28
2023-11-16 16:00:00+05:30,135.86,26.11
2023-11-16 17:00:00+05:30,23.73,25.61
2023-11-16 18:00:00+05:30,0.0,24.43
2023-11-16 19:00:00+05:30,0.0,22.47
2023-11-16 20:00:00+05:30,0.0,21.88
2023-11-16 21:00:00+05:30,0.0,21.05
2023-11-16 22:00:00+05:30,0.0,20.25
2023-11-16 23:00:00+05:30,0.0,19.51
2023-11-17 00:00:00+05:30,0.0,18.83
2023-11-17 01:00:00+05:30,0.0,17.98
2023-11-17 02:00:00+05:30,0.0,17.57
2023-11-17 03:00:00+05:30,0.0,17.19
2023-11-17 04:00:00+05:30,0.0,16.46
2023-11-17 05:00:00+05:30,0.0,14.33
2023-11-17 06:00:00+05:30,0.0,13.55
2023-11-17 07:00:00+05:30,18.37,13.25
2023-11-17 08:00:00+05:30,117.85,14.04
2023-11-17 09:00:00+05:30,265.58,18.57
2023-11-17 10:00:00+05:30,392.07,22.23
2023-11-17 11:00:00+05:30,475.31,24.51
2023-11-17 12:00:00+05:30,505.25,25.53
2023-11-17 13:00:00+05:30,474.48,25.91
2023-11-17 14:00:00+05:30,388.13,26.24
2023-11-17 15:00:00+05:30,274.66,26.26
2023-11-17 16:00:00+05:30,133.36,26.09
2023-11-17 17:00:00+05:30,23.29,25.63
2023-11-17 18:00:00+05:30,0.0,24.41
2023-11-17 19:00:00+05:30,0.0,22.54
2023-11-17 20:00:00+05:30,0.0,20.94
2023-11-17 21:00:00+05:30,0.0,19.33
2023-11-17 22:00:00+05:30,0.0,18.24
2023-11-17 23:00:00+05:30,0.0,17.32
2023-11-18 00:00:00+05:30,0.0,16.77
2023-11-18 01:00:00+05:30,0.0,16.1
2023-11-18 02:00:00+05:30,0.0,15.67
2023-11-18 03:00:00+05:30,0.0,15.27
2023-11-18 04:00:00+05:30,0.0,14.86
2023-11-18 05:00:00+05:30,0.0,14.47
2023-11-18 06:00:00+05:30,0.0,14.07
2023-11-18 07:00:00+05:30,17.49,14.0
2023-11-18 08:00:00+05:30,113.22,14.86
2023-11-18 09:00:00+05:30,252.92,18.44
2023-11-18 10:00:00+05:30,369.53,21.63
2023-11-18 11:00:00+05:30,450.8,23.85
2023-11-18 12:00:00+05:30,498.19,25.0
2023-11-18 13:00:00+05:30,473.23,25.48
2023-11-18 14:00:00+05:30,399.19,25.85
2023-11-18 15:00:00+05:30,276.68,26.0
2023-11-18 16:00:00+05:30,132.39,25.85
2023-11-18 17:00:00+05:30,23.92,25.27
2023-11-18 18:00:00+05:30,0.0,24.16
2023-11-18 19:00:00+05:30,0.0,22.24
2023-11-18 20:00:00+05:30,0.0,20.71
2023-11-18 21:00:00+05:30,0.0,19.07
2023-11-18 22:00:00+05:30,0.0,17.73
2023-11-18 23:00:00+05:30,0.0,16.81
2023-11-19 00:00:00+05:30,0.0,16.4
2023-11-19 01:00:00+05:30,0.0,16.26
2023-11-19 02:00:00+05:30,0.0,15.91
2023-11-19 03:00:00+05:30,0.0,15.75
2023-11-19 04:00:00+05:30,0.0,15.46
2023-11-19 05:00:00+05:30,0.0,15.41
2023-11-19 06:00:00+05:30,0.0,15.72
2023-11-19 07:00:00+05:30,16.81,15.46
2023-11-19 08:00:00+05:30,113.12,15.46
2023-11-19 09:00:00+05:30,257.59,17.94
2023-11-19 10:00:00+05:30,381.92,21.31
2023-11-19 11:00:00+05:30,464.91,23.65
2023-11-19 12:00:00+05:30,493.09,25.03
2023-11-19 13:00:00+05:30,471.26,25.6
2023-11-19 14:00:00+05:30,352.82,26.07
2023-11-19 15:00:00+05:30,252.57,26.13
2023-11-19 16:00:00+05:30,126.81,26.05
2023-11-19 17:00:00+05:30,22.75,25.57
2023-11-19 18:00:00+05:30,0.0,24.4
2023-11-19 19:00:00+05:30,0.0,22.55
2023-11-19 20:00:00+05:30,0.0,20.87
2023-11-19 21:00:00+05:30,0.0,19.51
2023-11-19 22:00:00+05:30,0.0,18.51
2023-11-19 23:00:00+05:30,0.0,17.78
2023-11-20 00:00:00+05:30,0.0,17.16
2023-11-20 01:00:00+05:30,0.0,16.31
2023-11-20 02:00:00+05:30,0.0,15.58
2023-11-20 03:00:00+05:30,0.0,14.97
2023-11-20 04:00:00+05:30,0.0,14.49
2023-11-20 05:00:00+05:30,0.0,14.14
2023-11-20 06:00:00+05:30,0.0,14.21
2023-11-20 07:00:00+05:30,16.17,14.77
2023-11-20 08:00:00+05:30,109.9,15.31
2023-11-20 09:00:00+05:30,253.1,17.94
2023-11-20 10:00:00+05:30,377.32,21.06
2023-11-20 11:00:00+05:30,460.27,23.49
2023-11-20 12:00:00+05:30,489.43,24.97
2023-11-20 13:00:00+05:30,464.75,25.84
2023-11-20 14:00:00+05:30,387.74,26.39
2023-11-20 15:00:00+05:30,268.08,26.6
2023-11-20 16:00:00+05:30,126.8,26.44
2023-11-20 17:00:00+05:30,22.22,25.73
2023-11-20 18:00:00+05:30,0.0,24.39
2023-11-20 19:00:00+05:30,0.0,22.64
2023-11-20 20:00:00+05:30,0.0,22.27
2023-11-20 21:00:00+05:30,0.0,20.59
2023-11-20 22:00:00+05:30,0.0,18.8
2023-11-20 23:00:00+05:30,0.0,18.34
2023-11-21 00:00:00+05:30,0.0,19.12
2023-11-21 01:00:00+05:30,0.0,16.75
2023-11-21 02:00:00+05:30,0.0,15.27
2023-11-21 03:00:00+05:30,0.0,14.78
2023-11-21 04:00:00+05:30,0.0,14.46
2023-11-21 05:00:00+05:30,0.0,14.14
2023-11-21 06:00:00+05:30,0.0,13.84
2023-11-21 07:00:00+05:30,15.78,13.53
2023-11-21 08:00:00+05:30,107.46,13.71
2023-11-21 09:00:00+05:30,251.22,18.08
2023-11-21 10:00:00+05:30,376.42,21.73
2023-11-21 11:00:00+05:30,460.27,24.1
2023-11-21 12:00:00+05:30,488.91,25.34
2023-11-21 13:00:00+05:30,463.99,26.05
2023-11-21 14:00:00+05:30,386.75,26.51
2023-11-21 15:00:00+05:30,266.78,26.68
2023-11-21 16:00:00+05:30,125.29,26.45
2023-11-21 17:00:00+05:30,21.87,25.59
2023-11-21 18:00:00+05:30,0.0,23.68
2023-11-21 19:00:00+05:30,0.0,21.97
2023-11-21 20:00:00+05:30,0.0,20.77
2023-11-21 21:00:00+05:30,0.0,19.69
2023-11-21 22:00:00+05:30,0.0,18.85
2023-11-21 23:00:00+05:30,0.0,18.2
2023-11-22 00:00:00+05:30,0.0,17.57
2023-11-22 01:00:00+05:30,0.0,16.69
2023-11-22 02:00:00+05:30,0.0,16.03
2023-11-22 03:00:00+05:30,0.0,15.41
2023-11-22 04:00:00+05:30,0.0,14.9
2023-11-22 05:00:00+05:30,0.0,14.44
2023-11-22 06:00:00+05:30,0.0,13.99
2023-11-22 07:00:00+05:30,15.25,13.55
2023-11-22 08:00:00+05:30,105.78,13.65
2023-11-22 09:00:00+05:30,250.79,16.74
2023-11-22 10:00:00+05:30,376.84,19.77
2023-11-22 11:00:00+05:30,460.91,22.19
2023-11-22 12:00:00+05:30,492.21,23.88
2023-11-22 13:00:00+05:30,467.6,24.76
2023-11-22 14:00:00+05:30,389.76,25.36
2023-11-22 15:00:00+05:30,268.81,25.63
2023-11-22 16:00:00+05:30,125.48,25.52
2023-11-22 17:00:00+05:30,21.78,24.72
2023-11-22 18:00:00+05:30,0.0,23.4
2023-11-22 19:00:00+05:30,0.0,21.48
2023-11-22 20:00:00+05:30,0.0,19.51
2023-11-22 21:00:00+05:30,0.0,18.91
2023-11-22 22:00:00+05:30,0.0,18.22
2023-11-22 23:00:00+05:30,0.0,16.92
2023-11-23 00:00:00+05:30,0.0,15.29
2023-11-23 01:00:00+05:30,0.0,16.21
2023-11-23 02:00:00+05:30,0.0,15.25
2023-11-23 03:00:00+05:30,0.0,14.28
2023-11-23 04:00:00+05:30,0.0,13.47
2023-11-23 05:00:00+05:30,0.0,13.03
2023-11-23 06:00:00+05:30,0.0,12.39
2023-11-23 07:00:00+05:30,14.71,11.77
2023-11-23 08:00:00+05:30,102.77,12.05
2023-11-23 09:00:00+05:30,246.57,16.32
2023-11-23 10:00:00+05:30,372.07,20.14
2023-11-23 11:00:00+05:30,456.08,22.74
2023-11-23 12:00:00+05:30,486.72,24.31
2023-11-23 13:00:00+05:30,462.49,25.0
2023-11-23 14:00:00+05:30,385.31,25.52
2023-11-23 15:00:00+05:30,265.41,25.69
2023-11-23 16:00:00+05:30,123.57,25.54
2023-11-23 17:00:00+05:30,21.68,24.9
2023-11-23 18:00:00+05:30,0.0,23.49
2023-11-23 19:00:00+05:30,0.0,21.49
2023-11-23 20:00:00+05:30,0.0,19.6
2023-11-23 21:00:00+05:30,0.0,18.07
2023-11-23 22:00:00+05:30,0.0,16.86
2023-11-23 23:00:00+05:30,0.0,15.9
2023-11-24 00:00:00+05:30,0.0,15.14
2023-11-24 01:00:00+05:30,0.0,14.6
2023-11-24 02:00:00+05:30,0.0,14.1
2023-11-24 03:00:00+05:30,0.0,13.83
2023-11-24 04:00:00+05:30,0.0,13.72
2023-11-24 05:00:00+05:30,0.0,14.07
2023-11-24 06:00:00+05:30,0.0,14.7
2023-11-24 07:00:00+05:30,14.23,14.48
2023-11-24 08:00:00+05:30,99.65,14.41
2023-11-24 09:00:00+05:30,242.24,16.63
2023-11-24 10:00:00+05:30,367.14,20.21
2023-11-24 11:00:00+05:30,451.09,22.68
2023-11-24 12:00:00+05:30,481.94,24.02
2023-11-24 13:00:00+05:30,458.36,24.79
2023-11-24 14:00:00+05:30,382.04,25.35
2023-11-24 15:00:00+05:30,262.84,25.6
2023-11-24 16:00:00+05:30,121.78,25.52
2023-11-24 17:00:00+05:30,21.44,24.9
2023-11-24 18:00:00+05:30,0.0,23.54
2023-11-24 19:00:00+05:30,0.0,21.67
2023-11-24 20:00:00+05:30,0.0,19.78
2023-11-24 21:00:00+05:30,0.0,18.38
2023-11-24 22:00:00+05:30,0.0,18.62
2023-11-24 23:00:00+05:30,0.0,18.54
2023-11-25 00:00:00+05:30,0.0,17.93
2023-11-25 01:00:00+05:30,0.0,17.27
2023-11-25 02:00:00+05:30,0.0,16.79
2023-11-25 03:00:00+05:30,0.0,16.19
2023-11-25 04:00:00+05:30,0.0,14.41
2023-11-25 05:00:00+05:30,0.0,12.89
2023-11-25 06:00:00+05:30,0.0,12.28
2023-11-25 07:00:00+05:30,13.69,12.14
2023-11-25 08:00:00+05:30,97.07,12.57
2023-11-25 09:00:00+05:30,239.03,16.4
2023-11-25 10:00:00+05:30,364.07,20.03
2023-11-25 11:00:00+05:30,448.05,22.57
2023-11-25 12:00:00+05:30,477.25,24.06
2023-11-25 13:00:00+05:30,454.33,24.95
2023-11-25 14:00:00+05:30,375.4,25.53
2023-11-25 15:00:00+05:30,254.66,25.77
2023-11-25 16:00:00+05:30,125.47,25.56
2023-11-25 17:00:00+05:30,28.65,24.95
2023-11-25 18:00:00+05:30,0.0,23.76
2023-11-25 19:00:00+05:30,0.0,21.86
2023-11-25 20:00:00+05:30,0.0,20.73
2023-11-25 21:00:00+05:30,0.0,20.29
2023-11-25 22:00:00+05:30,0.0,19.12
2023-11-25 23:00:00+05:30,0.0,16.64
2023-11-26 00:00:00+05:30,0.0,15.71
2023-11-26 01:00:00+05:30,0.0,14.73
2023-11-26 02:00:00+05:30,0.0,14.22
2023-11-26 03:00:00+05:30,0.0,13.92
2023-11-26 04:00:00+05:30,0.0,14.19
2023-11-26 05:00:00+05:30,0.0,14.43
2023-11-26 06:00:00+05:30,0.0,14.47
2023-11-26 07:00:00+05:30,14.86,14.09
2023-11-26 08:00:00+05:30,95.69,14.17
2023-11-26 09:00:00+05:30,203.85,16.76
2023-11-26 10:00:00+05:30,325.32,19.91
2023-11-26 11:00:00+05:30,431.26,22.57
2023-11-26 12:00:00+05:30,465.44,24.48
2023-11-26 13:00:00+05:30,411.93,25.44
2023-11-26 14:00:00+05:30,347.43,25.72
2023-11-26 15:00:00+05:30,251.76,25.72
2023-11-26 16:00:00+05:30,123.05,25.38
2023-11-26 17:00:00+05:30,26.11,24.36
2023-11-26 18:00:00+05:30,0.0,22.97
2023-11-26 19:00:00+05:30,0.0,21.65
2023-11-26 20:00:00+05:30,0.0,20.7
2023-11-26 21:00:00+05:30,0.0,20.06
2023-11-26 22:00:00+05:30,0.0,19.21
2023-11-26 23:00:00+05:30,0.0,18.48
2023-11-27 00:00:00+05:30,0.0,17.96
2023-11-27 01:00:00+05:30,0.0,18.95
2023-11-27 02:00:00+05:30,0.0,18.88
2023-11-27 03:00:00+05:30,0.0,18.74
2023-11-27 04:00:00+05:30,0.0,18.59
2023-11-27 05:00:00+05:30,0.0,18.36
2023-11-27 06:00:00+05:30,0.0,18.25
2023-11-27 07:00:00+05:30,3.41,17.23
2023-11-27 08:00:00+05:30,27.61,17.37
2023-11-27 09:00:00+05:30,95.45,17.9
2023-11-27 10:00:00+05:30,117.94,19.09
2023-11-27 11:00:00+05:30,156.35,20.06
2023-11-27 12:00:00+05:30,316.99,20.87
2023-11-27 13:00:00+05:30,387.09,22.39
2023-11-27 14:00:00+05:30,336.74,23.36
2023-11-27 15:00:00+05:30,209.72,24.06
2023-11-27 16:00:00+05:30,91.74,23.89
2023-11-27 17:00:00+05:30,18.27,22.33
2023-11-27 18:00:00+05:30,0.0,20.62
2023-11-27 19:00:00+05:30,0.0,19.31
2023-11-27 20:00:00+05:30,0.0,18.6
2023-11-27 21:00:00+05:30,0.0,17.97
2023-11-27 22:00:00+05:30,0.0,17.69
2023-11-27 23:00:00+05:30,0.0,17.29
2023-11-28 00:00:00+05:30,0.0,16.7
2023-11-28 01:00:00+05:30,0.0,16.5
2023-11-28 02:00:00+05:30,0.0,16.17
2023-11-28 03:00:00+05:30,0.0,15.83
2023-11-28 04:00:00+05:30,0.0,15.8
2023-11-28 05:00:00+05:30,0.0,15.79
2023-11-28 06:00:00+05:30,0.0,15.94
2023-11-28 07:00:00+05:30,8.82,15.96
2023-11-28 08:00:00+05:30,68.05,16.31
2023-11-28 09:00:00+05:30,132.24,17.59
2023-11-28 10:00:00+05:30,252.44,18.77
2023-11-28 11:00:00+05:30,297.42,20.61
2023-11-28 12:00:00+05:30,376.32,21.79
2023-11-28 13:00:00+05:30,384.24,22.9
2023-11-28 14:00:00+05:30,324.78,23.67
2023-11-28 15:00:00+05:30,228.13,24.02
2023-11-28 16:00:00+05:30,108.36,24.04
2023-11-28 17:00:00+05:30,18.85,23.58
2023-11-28 18:00:00+05:30,0.0,22.54
2023-11-28 19:00:00+05:30,0.0,21.34
2023-11-28 20:00:00+05:30,0.0,20.42
2023-11-28 21:00:00+05:30,0.0,19.77
2023-11-28 22:00:00+05:30,0.0,19.11
2023-11-28 23:00:00+05:30,0.0,18.32
2023-11-29 00:00:00+05:30,0.0,17.6
2023-11-29 01:00:00+05:30,0.0,16.74
2023-11-29 02:00:00+05:30,0.0,16.5
2023-11-29 03:00:00+05:30,0.0,16.07
2023-11-29 04:00:00+05:30,0.0,15.71
2023-11-29 05:00:00+05:30,0.0,15.57
2023-11-29 06:00:00+05:30,0.0,15.33
2023-11-29 07:00:00+05:30,9.94,15.2
2023-11-29 08:00:00+05:30,78.49,15.38
2023-11-29 09:00:00+05:30,203.22,18.19
2023-11-29 10:00:00+05:30,316.89,20.61
2023-11-29 11:00:00+05:30,400.62,22.36
2023-11-29 12:00:00+05:30,416.21,23.49
2023-11-29 13:00:00+05:30,331.6,24.19
2023-11-29 14:00:00+05:30,294.95,24.28
2023-11-29 15:00:00+05:30,181.83,24.48
2023-11-29 16:00:00+05:30,91.54,24.21
2023-11-29 17:00:00+05:30,18.56,23.59
2023-11-29 18:00:00+05:30,0.0,22.42
2023-11-29 19:00:00+05:30,0.0,21.22
2023-11-29 20:00:00+05:30,0.0,20.34
2023-11-29 21:00:00+05:30,0.0,19.74
2023-11-29 22:00:00+05:30,0.0,18.87
2023-11-29 23:00:00+05:30,0.0,18.16
2023-11-30 00:00:00+05:30,0.0,17.32
2023-11-30 01:00:00+05:30,0.0,16.53
2023-11-30 02:00:00+05:30,0.0,16.29
2023-11-30 03:00:00+05:30,0.0,15.93
2023-11-30 04:00:00+05:30,0.0,15.62
2023-11-30 05:00:00+05:30,0.0,15.49
2023-11-30 06:00:00+05:30,0.0,15.32
2023-11-30 07:00:00+05:30,9.26,15.38
2023-11-30 08:00:00+05:30,73.06,16.63
2023-11-30 09:00:00+05:30,164.51,17.75
2023-11-30 10:00:00+05:30,238.07,19.13
2023-11-30 11:00:00+05:30,299.33,20.39
2023-11-30 12:00:00+05:30,411.72,21.22
2023-11-30 13:00:00+05:30,365.13,24.1
2023-11-30 14:00:00+05:30,306.44,24.47
2023-11-30 15:00:00+05:30,197.6,24.42
2023-11-30 16:00:00+05:30,94.11,23.05
2023-11-30 17:00:00+05:30,15.74,22.53
2023-11-30 18:00:00+05:30,0.0,21.13
2023-11-30 19:00:00+05:30,0.0,20.06
2023-11-30 20:00:00+05:30,0.0,19.55
2023-11-30 21:00:00+05:30,0.0,18.93
2023-11-30 22:00:00+05:30,0.0,18.24
2023-11-30 23:00:00+05:30,0.0,18.38
2023-12-01 00:00:00+05:30,0.0,17.07
2023-12-01 01:00:00+05:30,0.0,16.67
2023-12-01 02:00:00+05:30,0.0,16.28
2023-12-01 03:00:00+05:30,0.0,15.87
2023-12-01 04:00:00+05:30,0.0,15.62
2023-12-01 05:00:00+05:30,0.0,15.66
2023-12-01 06:00:00+05:30,0.0,15.74
2023-12-01 07:00:00+05:30,10.08,15.68
2023-12-01 08:00:00+05:30,71.59,15.9
2023-12-01 09:00:00+05:30,177.35,18.02
2023-12-01 10:00:00+05:30,299.58,20.16
2023-12-01 11:00:00+05:30,386.14,22.2
2023-12-01 12:00:00+05:30,366.11,23.45
2023-12-01 13:00:00+05:30,336.47,23.72
2023-12-01 14:00:00+05:30,324.51,24.12
2023-12-01 15:00:00+05:30,196.23,24.57
2023-12-01 16:00:00+05:30,103.06,24.4
2023-12-01 17:00:00+05:30,19.34,23.99
2023-12-01 18:00:00+05:30,0.0,23.0
2023-12-01 19:00:00+05:30,0.0,21.53
2023-12-01 20:00:00+05:30,0.0,19.73
2023-12-01 21:00:00+05:30,0.0,18.52
2023-12-01 22:00:00+05:30,0.0,17.7
2023-12-01 23:00:00+05:30,0.0,17.12
2023-12-02 00:00:00+05:30,0.0,16.6
2023-12-02 01:00:00+05:30,0.0,16.05
2023-12-02 02:00:00+05:30,0.0,15.69
2023-12-02 03:00:00+05:30,0.0,15.3
2023-12-02 04:00:00+05:30,0.0,15.02
2023-12-02 05:00:00+05:30,0.0,14.91
2023-12-02 06:00:00+05:30,0.0,14.52
2023-12-02 07:00:00+05:30,10.43,14.18
2023-12-02 08:00:00+05:30,78.76,14.06
2023-12-02 09:00:00+05:30,209.85,17.12
2023-12-02 10:00:00+05:30,329.9,19.95
2023-12-02 11:00:00+05:30,396.13,22.21
2023-12-02 12:00:00+05:30,422.18,23.49
2023-12-02 13:00:00+05:30,380.49,24.43
2023-12-02 14:00:00+05:30,336.14,24.95
2023-12-02 15:00:00+05:30,215.37,25.24
2023-12-02 16:00:00+05:30,102.89,25.06
2023-12-02 17:00:00+05:30,18.07,24.41
2023-12-02 18:00:00+05:30,0.0,22.87
2023-12-02 19:00:00+05:30,0.0,21.15
2023-12-02 20:00:00+05:30,0.0,19.9
2023-12-02 21:00:00+05:30,0.0,18.91
2023-12-02 22:00:00+05:30,0.0,18.1
2023-12-02 23:00:00+05:30,0.0,17.34
2023-12-03 00:00:00+05:30,0.0,16.78
2023-12-03 01:00:00+05:30,0.0,16.11
2023-12-03 02:00:00+05:30,0.0,15.81
2023-12-03 03:00:00+05:30,0.0,15.49
2023-12-03 04:00:00+05:30,0.0,15.31
2023-12-03 05:00:00+05:30,0.0,15.29
2023-12-03 06:00:00+05:30,0.0,15.14
2023-12-03 07:00:00+05:30,9.69,14.96
2023-12-03 08:00:00+05:30,73.28,14.81
2023-12-03 09:00:00+05:30,193.74,17.51
2023-12-03 10:00:00+05:30,313.45,20.12
2023-12-03 11:00:00+05:30,403.35,22.44
2023-12-03 12:00:00+05:30,390.98,23.92
2023-12-03 13:00:00+05:30,298.85,24.45
2023-12-03 14:00:00+05:30,123.81,24.55
2023-12-03 15:00:00+05:30,45.52,23.64
2023-12-03 16:00:00+05:30,25.44,21.13
2023-12-03 17:00:00+05:30,5.07,19.97
2023-12-03 18:00:00+05:30,0.0,19.28
2023-12-03 19:00:00+05:30,0.0,18.76
2023-12-03 20:00:00+05:30,0.0,18.47
2023-12-03 21:00:00+05:30,0.0,18.22
2023-12-03 22:00:00+05:30,0.0,17.86
2023-12-03 23:00:00+05:30,0.0,17.73
2023-12-04 00:00:00+05:30,0.0,17.67
2023-12-04 01:00:00+05:30,0.0,17.42
2023-12-04 02:00:00+05:30,0.0,17.25
2023-12-04 03:00:00+05:30,0.0,17.1
2023-12-04 04:00:00+05:30,0.0,16.93
2023-12-04 05:00:00+05:30,0.0,16.62
2023-12-04 06:00:00+05:30,0.0,16.12
2023-12-04 07:00:00+05:30,7.21,16.19
2023-12-04 08:00:00+05:30,49.28,16.28
2023-12-04 09:00:00+05:30,116.96,17.46
2023-12-04 10:00:00+05:30,180.34,18.74
2023-12-04 11:00:00+05:30,208.31,19.88
2023-12-04 12:00:00+05:30,366.1,20.83
2023-12-04 13:00:00+05:30,301.68,22.33
2023-12-04 14:00:00+05:30,218.51,22.64
2023-12-04 15:00:00+05:30,134.77,22.69
2023-12-04 16:00:00+05:30,67.83,22.5
2023-12-04 17:00:00+05:30,15.44,22.02
2023-12-04 18:00:00+05:30,0.0,21.35
2023-12-04 19:00:00+05:30,0.0,20.4
2023-12-04 20:00:00+05:30,0.0,19.33
2023-12-04 21:00:00+05:30,0.0,18.45
2023-12-04 22:00:00+05:30,0.0,17.56
2023-12-04 23:00:00+05:30,0.0,16.71
2023-12-05 00:00:00+05:30,0.0,16.38
2023-12-05 01:00:00+05:30,0.0,16.3
2023-12-05 02:00:00+05:30,0.0,15.54
2023-12-05 03:00:00+05:30,0.0,13.91
2023-12-05 04:00:00+05:30,0.0,13.39
2023-12-05 05:00:00+05:30,0.0,13.54
2023-12-05 06:00:00+05:30,0.0,13.62
2023-12-05 07:00:00+05:30,8.18,13.38
2023-12-05 08:00:00+05:30,73.42,13.2
2023-12-05 09:00:00+05:30,184.0,15.22
2023-12-05 10:00:00+05:30,307.98,17.46
2023-12-05 11:00:00+05:30,400.37,19.75
2023-12-05 12:00:00+05:30,447.25,21.5
2023-12-05 13:00:00+05:30,429.81,22.75
2023-12-05 14:00:00+05:30,358.61,23.49
2023-12-05 15:00:00+05:30,244.58,23.85
2023-12-05 16:00:00+05:30,110.96,23.8
2023-12-05 17:00:00+05:30,20.66,23.19
2023-12-05 18:00:00+05:30,0.0,21.89
2023-12-05 19:00:00+05:30,0.0,20.28
2023-12-05 20:00:00+05:30,0.0,18.85
2023-12-05 21:00:00+05:30,0.0,17.62
2023-12-05 22:00:00+05:30,0.0,16.58
2023-12-05 23:00:00+05:30,0.0,15.64
2023-12-06 00:00:00+05:30,0.0,14.88
2023-12-06 01:00:00+05:30,0.0,14.17
2023-12-06 02:00:00+05:30,0.0,13.65
2023-12-06 03:00:00+05:30,0.0,13.21
2023-12-06 04:00:00+05:30,0.0,12.85
2023-12-06 05:00:00+05:30,0.0,12.51
2023-12-06 06:00:00+05:30,0.0,12.17
2023-12-06 07:00:00+05:30,0.0,11.77
2023-12-06 08:00:00+05:30,70.87,11.55
2023-12-06 09:00:00+05:30,208.57,14.79
2023-12-06 10:00:00+05:30,326.7,18.03
2023-12-06 11:00:00+05:30,417.35,20.48
2023-12-06 12:00:00+05:30,446.96,22.21
2023-12-06 13:00:00+05:30,426.04,22.89
2023-12-06 14:00:00+05:30,354.54,23.52
2023-12-06 15:00:00+05:30,243.55,23.75
2023-12-06 16:00:00+05:30,110.48,23.68
2023-12-06 17:00:00+05:30,20.07,23.11
2023-12-06 18:00:00+05:30,0.0,21.88
2023-12-06 19:00:00+05:30,0.0,19.6
2023-12-06 20:00:00+05:30,0.0,17.75
2023-12-06 21:00:00+05:30,0.0,16.52
2023-12-06 22:00:00+05:30,0.0,15.87
2023-12-06 23:00:00+05:30,0.0,15.68
2023-12-07 00:00:00+05:30,0.0,15.39
2023-12-07 01:00:00+05:30,0.0,15.38
2023-12-07 02:00:00+05:30,0.0,15.41
2023-12-07 03:00:00+05:30,0.0,15.39
2023-12-07 04:00:00+05:30,0.0,15.38
2023-12-07 05:00:00+05:30,0.0,15.1
2023-12-07 06:00:00+05:30,0.0,14.77
2023-12-07 07:00:00+05:30,0.0,14.36
2023-12-07 08:00:00+05:30,66.1,14.13
2023-12-07 09:00:00+05:30,190.72,16.41
2023-12-07 10:00:00+05:30,288.2,18.9
2023-12-07 11:00:00+05:30,385.93,21.02
2023-12-07 12:00:00+05:30,333.25,22.78
2023-12-07 13:00:00+05:30,326.55,22.3
2023-12-07 14:00:00+05:30,284.4,22.9
2023-12-07 15:00:00+05:30,200.84,23.24
2023-12-07 16:00:00+05:30,94.05,23.28
2023-12-07 17:00:00+05:30,19.39,22.54
2023-12-07 18:00:00+05:30,0.0,21.69
2023-12-07 19:00:00+05:30,0.0,20.57
2023-12-07 20:00:00+05:30,0.0,19.64
2023-12-07 21:00:00+05:30,0.0,18.82
2023-12-07 22:00:00+05:30,0.0,17.99
2023-12-07 23:00:00+05:30,0.0,17.53
2023-12-08 00:00:00+05:30,0.0,16.91
2023-12-08 01:00:00+05:30,0.0,15.72
2023-12-08 02:00:00+05:30,0.0,14.98
2023-12-08 03:00:00+05:30,0.0,14.55
2023-12-08 04:00:00+05:30,0.0,14.12
2023-12-08 05:00:00+05:30,0.0,13.77
2023-12-08 06:00:00+05:30,0.0,13.54
2023-12-08 07:00:00+05:30,0.0,13.39
2023-12-08 08:00:00+05:30,63.77,13.47
2023-12-08 09:00:00+05:30,189.34,16.35
2023-12-08 10:00:00+05:30,299.09,18.87
2023-12-08 11:00:00+05:30,354.08,21.09
2023-12-08 12:00:00+05:30,355.72,22.59
2023-12-08 13:00:00+05:30,367.86,23.57
2023-12-08 14:00:00+05:30,350.6,24.22
2023-12-08 15:00:00+05:30,239.53,24.69
2023-12-08 16:00:00+05:30,109.17,24.77
2023-12-08 17:00:00+05:30,20.56,23.95
2023-12-08 18:00:00+05:30,0.0,22.62
2023-12-08 19:00:00+05:30,0.0,20.71
2023-12-08 20:00:00+05:30,0.0,19.01
2023-12-08 21:00:00+05:30,0.0,17.53
2023-12-08 22:00:00+05:30,0.0,16.39
2023-12-08 23:00:00+05:30,0.0,15.4
2023-12-09 00:00:00+05:30,0.0,14.55
2023-12-09 01:00:00+05:30,0.0,14.04
2023-12-09 02:00:00+05:30,0.0,13.49
2023-12-09 03:00:00+05:30,0.0,12.99
2023-12-09 04:00:00+05:30,0.0,12.5
2023-12-09 05:00:00+05:30,0.0,12.05
2023-12-09 06:00:00+05:30,0.0,11.64
2023-12-09 07:00:00+05:30,0.0,11.28
2023-12-09 08:00:00+05:30,64.85,11.09
2023-12-09 09:00:00+05:30,199.96,14.29
2023-12-09 10:00:00+05:30,324.44,17.83
2023-12-09 11:00:00+05:30,411.26,20.48
2023-12-09 12:00:00+05:30,445.87,22.37
2023-12-09 13:00:00+05:30,427.66,23.68
2023-12-09 14:00:00+05:30,357.43,24.47
2023-12-09 15:00:00+05:30,244.95,24.76
2023-12-09 16:00:00+05:30,110.39,24.63
2023-12-09 17:00:00+05:30,20.8,23.67
2023-12-09 18:00:00+05:30,0.0,22.18
2023-12-09 19:00:00+05:30,0.0,20.02
2023-12-09 20:00:00+05:30,0.0,17.86
2023-12-09 21:00:00+05:30,0.0,16.21
2023-12-09 22:00:00+05:30,0.0,15.1
2023-12-09 23:00:00+05:30,0.0,14.2
2023-12-10 00:00:00+05:30,0.0,13.57
2023-12-10 01:00:00+05:30,0.0,12.88
2023-12-10 02:00:00+05:30,0.0,12.46
2023-12-10 03:00:00+05:30,0.0,11.97
2023-12-10 04:00:00+05:30,0.0,11.5
2023-12-10 05:00:00+05:30,0.0,11.1
2023-12-10 06:00:00+05:30,0.0,10.77
2023-12-10 07:00:00+05:30,0.0,10.51
2023-12-10 08:00:00+05:30,63.45,10.47
2023-12-10 09:00:00+05:30,200.25,13.39
2023-12-10 10:00:00+05:30,325.68,17.34
2023-12-10 11:00:00+05:30,412.72,19.98
2023-12-10 12:00:00+05:30,448.51,21.82
2023-12-10 13:00:00+05:30,430.29,22.99
2023-12-10 14:00:00+05:30,360.01,23.61
2023-12-10 15:00:00+05:30,246.77,23.8
2023-12-10 16:00:00+05:30,111.57,23.6
2023-12-10 17:00:00+05:30,22.17,22.51
2023-12-10 18:00:00+05:30,0.0,20.89
2023-12-10 19:00:00+05:30,0.0,19.0
2023-12-10 20:00:00+05:30,0.0,17.16
2023-12-10 21:00:00+05:30,0.0,15.62
2023-12-10 22:00:00+05:30,0.0,14.32
2023-12-10 23:00:00+05:30,0.0,13.21
2023-12-11 00:00:00+05:30,0.0,12.25
2023-12-11 01:00:00+05:30,0.0,11.74
2023-12-11 02:00:00+05:30,0.0,11.1
2023-12-11 03:00:00+05:30,0.0,10.54
2023-12-11 04:00:00+05:30,0.0,10.42
2023-12-11 05:00:00+05:30,0.0,10.47
2023-12-11 06:00:00+05:30,0.0,9.87
2023-12-11 07:00:00+05:30,0.0,9.49
2023-12-11 08:00:00+05:30,61.59,9.61
2023-12-11 09:00:00+05:30,197.77,12.42
2023-12-11 10:00:00+05:30,322.85,16.97
2023-12-11 11:00:00+05:30,409.87,19.86
2023-12-11 12:00:00+05:30,444.35,21.66
2023-12-11 13:00:00+05:30,426.58,22.51
2023-12-11 14:00:00+05:30,356.6,23.14
2023-12-11 15:00:00+05:30,244.22,23.35
2023-12-11 16:00:00+05:30,110.1,23.26
2023-12-11 17:00:00+05:30,21.14,22.75
2023-12-11 18:00:00+05:30,0.0,21.28
2023-12-11 19:00:00+05:30,0.0,19.2
2023-12-11 20:00:00+05:30,0.0,17.54
2023-12-11 21:00:00+05:30,0.0,16.31
2023-12-11 22:00:00+05:30,0.0,15.36
2023-12-11 23:00:00+05:30,0.0,14.56
2023-12-12 00:00:00+05:30,0.0,13.88
2023-12-12 01:00:00+05:30,0.0,13.32
2023-12-12 02:00:00+05:30,0.0,12.77
2023-12-12 03:00:00+05:30,0.0,12.15
2023-12-12 04:00:00+05:30,0.0,11.61
2023-12-12 05:00:00+05:30,0.0,11.72
2023-12-12 06:00:00+05:30,0.0,12.71
2023-12-12 07:00:00+05:30,0.0,12.38
2023-12-12 08:00:00+05:30,59.5,11.35
2023-12-12 09:00:00+05:30,192.19,13.49
2023-12-12 10:00:00+05:30,315.43,16.92
2023-12-12 11:00:00+05:30,401.96,19.35
2023-12-12 12:00:00+05:30,440.62,21.15
2023-12-12 13:00:00+05:30,423.95,22.33
2023-12-12 14:00:00+05:30,347.62,23.09
2023-12-12 15:00:00+05:30,243.2,23.31
2023-12-12 16:00:00+05:30,109.92,23.2
2023-12-12 17:00:00+05:30,20.71,22.74
2023-12-12 18:00:00+05:30,0.0,21.44
2023-12-12 19:00:00+05:30,0.0,19.09
2023-12-12 20:00:00+05:30,0.0,17.26
2023-12-12 21:00:00+05:30,0.0,16.02
2023-12-12 22:00:00+05:30,0.0,15.38
2023-12-12 23:00:00+05:30,0.0,14.79
2023-12-13 00:00:00+05:30,0.0,14.25
2023-12-13 01:00:00+05:30,0.0,13.44
2023-12-13 02:00:00+05:30,0.0,12.74
2023-12-13 03:00:00+05:30,0.0,13.14
2023-12-13 04:00:00+05:30,0.0,13.7
2023-12-13 05:00:00+05:30,0.0,13.27
2023-12-13 06:00:00+05:30,0.0,12.97
2023-12-13 07:00:00+05:30,0.0,12.71
2023-12-13 08:00:00+05:30,57.9,12.41
2023-12-13 09:00:00+05:30,191.11,13.27
2023-12-13 10:00:00+05:30,315.01,17.26
2023-12-13 11:00:00+05:30,402.14,19.88
2023-12-13 12:00:00+05:30,440.61,21.74
2023-12-13 13:00:00+05:30,423.83,23.14
2023-12-13 14:00:00+05:30,355.04,23.77
2023-12-13 15:00:00+05:30,242.15,24.03
2023-12-13 16:00:00+05:30,110.52,23.93
2023-12-13 17:00:00+05:30,21.29,23.3
2023-12-13 18:00:00+05:30,0.0,21.99
2023-12-13 19:00:00+05:30,0.0,20.57
2023-12-13 20:00:00+05:30,0.0,19.52
2023-12-13 21:00:00+05:30,0.0,17.83
2023-12-13 22:00:00+05:30,0.0,15.49
2023-12-13 23:00:00+05:30,0.0,14.26
2023-12-14 00:00:00+05:30,0.0,13.09
2023-12-14 01:00:00+05:30,0.0,12.23
2023-12-14 02:00:00+05:30,0.0,11.72
2023-12-14 03:00:00+05:30,0.0,11.33
2023-12-14 04:00:00+05:30,0.0,11.03
2023-12-14 05:00:00+05:30,0.0,10.58
2023-12-14 06:00:00+05:30,0.0,10.26
2023-12-14 07:00:00+05:30,0.0,10.67
2023-12-14 08:00:00+05:30,56.54,9.35
2023-12-14 09:00:00+05:30,191.31,12.62
2023-12-14 10:00:00+05:30,316.47,16.49
2023-12-14 11:00:00+05:30,404.36,19.23
2023-12-14 12:00:00+05:30,441.81,21.24
2023-12-14 13:00:00+05:30,425.67,22.3
2023-12-14 14:00:00+05:30,357.2,23.14
2023-12-14 15:00:00+05:30,245.94,23.56
2023-12-14 16:00:00+05:30,111.6,23.51
2023-12-14 17:00:00+05:30,21.63,22.72
2023-12-14 18:00:00+05:30,0.0,21.44
2023-12-14 19:00:00+05:30,0.0,19.66
2023-12-14 20:00:00+05:30,0.0,18.97
2023-12-14 21:00:00+05:30,0.0,18.03
2023-12-14 22:00:00+05:30,0.0,16.74
2023-12-14 23:00:00+05:30,0.0,15.98
2023-12-15 00:00:00+05:30,0.0,13.96
2023-12-15 01:00:00+05:30,0.0,12.92
2023-12-15 02:00:00+05:30,0.0,11.67
2023-12-15 03:00:00+05:30,0.0,10.65
2023-12-15 04:00:00+05:30,0.0,10.17
2023-12-15 05:00:00+05:30,0.0,9.82
2023-12-15 06:00:00+05:30,0.0,9.35
2023-12-15 07:00:00+05:30,0.0,9.28
2023-12-15 08:00:00+05:30,55.33,10.33
2023-12-15 09:00:00+05:30,190.18,12.58
2023-12-15 10:00:00+05:30,315.44,16.24
2023-12-15 11:00:00+05:30,403.8,19.1
2023-12-15 12:00:00+05:30,442.96,20.99
2023-12-15 13:00:00+05:30,426.9,22.01
2023-12-15 14:00:00+05:30,358.64,22.81
2023-12-15 15:00:00+05:30,247.2,23.09
2023-12-15 16:00:00+05:30,112.39,22.93
2023-12-15 17:00:00+05:30,21.87,22.38
2023-12-15 18:00:00+05:30,0.0,20.99
2023-12-15 19:00:00+05:30,0.0,19.53
2023-12-15 20:00:00+05:30,0.0,18.55
2023-12-15 21:00:00+05:30,0.0,17.57
2023-12-15 22:00:00+05:30,0.0,14.66
2023-12-15 23:00:00+05:30,0.0,12.81
2023-12-16 00:00:00+05:30,0.0,12.13
2023-12-16 01:00:00+05:30,0.0,11.57
2023-12-16 02:00:00+05:30,0.0,11.22
2023-12-16 03:00:00+05:30,0.0,12.18
2023-12-16 04:00:00+05:30,0.0,12.14
2023-12-16 05:00:00+05:30,0.0,9.68
2023-12-16 06:00:00+05:30,0.0,9.13
2023-12-16 07:00:00+05:30,0.0,9.22
2023-12-16 08:00:00+05:30,54.03,9.65
2023-12-16 09:00:00+05:30,187.76,11.88
2023-12-16 10:00:00+05:30,313.18,16.24
2023-12-16 11:00:00+05:30,401.89,19.0
2023-12-16 12:00:00+05:30,441.02,20.83
2023-12-16 13:00:00+05:30,425.88,22.1
2023-12-16 14:00:00+05:30,358.31,22.69
2023-12-16 15:00:00+05:30,247.25,22.84
2023-12-16 16:00:00+05:30,112.97,22.66
2023-12-16 17:00:00+05:30,22.17,21.97
2023-12-16 18:00:00+05:30,0.0,20.81
2023-12-16 19:00:00+05:30,0.0,18.69
2023-12-16 20:00:00+05:30,0.0,15.97
2023-12-16 21:00:00+05:30,0.0,14.6
2023-12-16 22:00:00+05:30,0.0,13.56
2023-12-16 23:00:00+05:30,0.0,12.73
2023-12-17 00:00:00+05:30,0.0,12.16
2023-12-17 01:00:00+05:30,0.0,12.82
2023-12-17 02:00:00+05:30,0.0,11.27
2023-12-17 03:00:00+05:30,0.0,10.16
2023-12-17 04:00:00+05:30,0.0,9.61
2023-12-17 05:00:00+05:30,0.0,9.28
2023-12-17 06:00:00+05:30,0.0,9.66
2023-12-17 07:00:00+05:30,0.0,10.76
2023-12-17 08:00:00+05:30,52.02,10.83
2023-12-17 09:00:00+05:30,184.45,12.69
2023-12-17 10:00:00+05:30,309.32,16.61
2023-12-17 11:00:00+05:30,398.12,19.57
2023-12-17 12:00:00+05:30,438.28,21.26
2023-12-17 13:00:00+05:30,423.35,22.58
2023-12-17 14:00:00+05:30,357.25,23.21
2023-12-17 15:00:00+05:30,247.13,23.44
2023-12-17 16:00:00+05:30,112.79,23.32
2023-12-17 17:00:00+05:30,23.04,22.57
2023-12-17 18:00:00+05:30,0.0,21.28
2023-12-17 19:00:00+05:30,0.0,19.35
2023-12-17 20:00:00+05:30,0.0,18.72
2023-12-17 21:00:00+05:30,0.0,16.99
2023-12-17 22:00:00+05:30,0.0,14.11
2023-12-17 23:00:00+05:30,0.0,13.25
2023-12-18 00:00:00+05:30,0.0,12.89
2023-12-18 01:00:00+05:30,0.0,12.18
2023-12-18 02:00:00+05:30,0.0,11.8
2023-12-18 03:00:00+05:30,0.0,11.38
2023-12-18 04:00:00+05:30,0.0,11.02
2023-12-18 05:00:00+05:30,0.0,10.67
2023-12-18 06:00:00+05:30,0.0,10.53
2023-12-18 07:00:00+05:30,0.0,10.4
2023-12-18 08:00:00+05:30,51.33,10.25
2023-12-18 09:00:00+05:30,186.54,12.29
2023-12-18 10:00:00+05:30,311.41,15.66
2023-12-18 11:00:00+05:30,404.62,17.97
2023-12-18 12:00:00+05:30,444.74,19.77
2023-12-18 13:00:00+05:30,430.29,21.03
2023-12-18 14:00:00+05:30,362.88,21.86
2023-12-18 15:00:00+05:30,251.24,22.18
2023-12-18 16:00:00+05:30,115.8,21.98
2023-12-18 17:00:00+05:30,24.21,20.96
2023-12-18 18:00:00+05:30,0.0,18.75
2023-12-18 19:00:00+05:30,0.0,16.71
2023-12-18 20:00:00+05:30,0.0,15.46
2023-12-18 21:00:00+05:30,0.0,14.62
2023-12-18 22:00:00+05:30,0.0,13.93
2023-12-18 23:00:00+05:30,0.0,13.29
2023-12-19 00:00:00+05:30,0.0,12.64
2023-12-19 01:00:00+05:30,0.0,12.01
2023-12-19 02:00:00+05:30,0.0,11.53
2023-12-19 03:00:00+05:30,0.0,11.18
2023-12-19 04:00:00+05:30,0.0,10.86
2023-12-19 05:00:00+05:30,0.0,10.48
2023-12-19 06:00:00+05:30,0.0,10.02
2023-12-19 07:00:00+05:30,0.0,9.53
2023-12-19 08:00:00+05:30,50.02,9.22
2023-12-19 09:00:00+05:30,187.76,11.56
2023-12-19 10:00:00+05:30,316.77,14.81
2023-12-19 11:00:00+05:30,408.6,17.31
2023-12-19 12:00:00+05:30,448.63,19.29
2023-12-19 13:00:00+05:30,434.71,20.63
2023-12-19 14:00:00+05:30,366.54,21.63
2023-12-19 15:00:00+05:30,254.09,22.14
2023-12-19 16:00:00+05:30,116.9,22.14
2023-12-19 17:00:00+05:30,23.19,21.25
2023-12-19 18:00:00+05:30,0.0,19.61
2023-12-19 19:00:00+05:30,0.0,17.56
2023-12-19 20:00:00+05:30,0.0,15.76
2023-12-19 21:00:00+05:30,0.0,14.5
2023-12-19 22:00:00+05:30,0.0,13.57
2023-12-19 23:00:00+05:30,0.0,12.81
2023-12-20 00:00:00+05:30,0.0,12.07
2023-12-20 01:00:00+05:30,0.0,11.24
2023-12-20 02:00:00+05:30,0.0,10.82
2023-12-20 03:00:00+05:30,0.0,10.46
2023-12-20 04:00:00+05:30,0.0,10.18
2023-12-20 05:00:00+05:30,0.0,9.98
2023-12-20 06:00:00+05:30,0.0,9.55
2023-12-20 07:00:00+05:30,0.0,9.04
2023-12-20 08:00:00+05:30,74.18,8.71
2023-12-20 09:00:00+05:30,185.83,11.04
2023-12-20 10:00:00+05:30,307.07,14.43
2023-12-20 11:00:00+05:30,394.91,16.79
2023-12-20 12:00:00+05:30,412.65,18.64
2023-12-20 13:00:00+05:30,397.9,19.32
2023-12-20 14:00:00+05:30,341.02,20.02
2023-12-20 15:00:00+05:30,238.97,20.46
2023-12-20 16:00:00+05:30,131.63,20.39
2023-12-20 17:00:00+05:30,33.27,19.79
2023-12-20 18:00:00+05:30,0.0,18.83
2023-12-20 19:00:00+05:30,0.0,17.31
2023-12-20 20:00:00+05:30,0.0,15.92
2023-12-20 21:00:00+05:30,0.0,14.97
2023-12-20 22:00:00+05:30,0.0,14.39
2023-12-20 23:00:00+05:30,0.0,13.94
2023-12-21 00:00:00+05:30,0.0,13.4
2023-12-21 01:00:00+05:30,0.0,12.75
2023-12-21 02:00:00+05:30,0.0,12.23
2023-12-21 03:00:00+05:30,0.0,11.77
2023-12-21 04:00:00+05:30,0.0,11.18
2023-12-21 05:00:00+05:30,0.0,10.65
2023-12-21 06:00:00+05:30,0.0,9.95
2023-12-21 07:00:00+05:30,0.0,9.45
2023-12-21 08:00:00+05:30,69.88,9.1
2023-12-21 09:00:00+05:30,189.76,11.09
2023-12-21 10:00:00+05:30,306.05,14.55
2023-12-21 11:00:00+05:30,391.85,17.07
2023-12-21 12:00:00+05:30,430.53,19.0
2023-12-21 13:00:00+05:30,417.44,20.07
2023-12-21 14:00:00+05:30,351.69,20.94
2023-12-21 15:00:00+05:30,253.21,21.35
2023-12-21 16:00:00+05:30,132.86,21.39
2023-12-21 17:00:00+05:30,36.2,20.68
2023-12-21 18:00:00+05:30,0.0,19.59
2023-12-21 19:00:00+05:30,0.0,17.49
2023-12-21 20:00:00+05:30,0.0,15.74
2023-12-21 21:00:00+05:30,0.0,14.13
2023-12-21 22:00:00+05:30,0.0,13.06
2023-12-21 23:00:00+05:30,0.0,12.36
2023-12-22 00:00:00+05:30,0.0,11.72
2023-12-22 01:00:00+05:30,0.0,11.1
2023-12-22 02:00:00+05:30,0.0,10.56
2023-12-22 03:00:00+05:30,0.0,10.06
2023-12-22 04:00:00+05:30,0.0,9.42
2023-12-22 05:00:00+05:30,0.0,8.92
2023-12-22 06:00:00+05:30,0.0,8.53
2023-12-22 07:00:00+05:30,0.0,8.19
2023-12-22 08:00:00+05:30,50.47,7.95
2023-12-22 09:00:00+05:30,177.48,10.61
2023-12-22 10:00:00+05:30,308.34,14.71
2023-12-22 11:00:00+05:30,398.39,17.52
2023-12-22 12:00:00+05:30,437.49,19.42
2023-12-22 13:00:00+05:30,414.85,20.18
2023-12-22 14:00:00+05:30,360.25,20.94
2023-12-22 15:00:00+05:30,253.61,21.39
2023-12-22 16:00:00+05:30,126.56,21.37
2023-12-22 17:00:00+05:30,28.7,20.94
2023-12-22 18:00:00+05:30,0.0,20.02
2023-12-22 19:00:00+05:30,0.0,18.67
2023-12-22 20:00:00+05:30,0.0,17.68
2023-12-22 21:00:00+05:30,0.0,16.93
2023-12-22 22:00:00+05:30,0.0,16.2
2023-12-22 23:00:00+05:30,0.0,15.42
2023-12-23 00:00:00+05:30,0.0,14.84
2023-12-23 01:00:00+05:30,0.0,13.28
2023-12-23 02:00:00+05:30,0.0,12.9
2023-12-23 03:00:00+05:30,0.0,12.19
2023-12-23 04:00:00+05:30,0.0,12.07
2023-12-23 05:00:00+05:30,0.0,10.44
2023-12-23 06:00:00+05:30,0.0,10.2
2023-12-23 07:00:00+05:30,0.0,11.17
2023-12-23 08:00:00+05:30,52.73,11.28
2023-12-23 09:00:00+05:30,154.28,13.22
2023-12-23 10:00:00+05:30,267.56,15.69
2023-12-23 11:00:00+05:30,360.17,17.87
2023-12-23 12:00:00+05:30,350.28,19.4
2023-12-23 13:00:00+05:30,409.02,19.88
2023-12-23 14:00:00+05:30,347.18,20.82
2023-12-23 15:00:00+05:30,246.1,21.37
2023-12-23 16:00:00+05:30,116.9,21.47
2023-12-23 17:00:00+05:30,22.8,20.94
2023-12-23 18:00:00+05:30,0.0,19.61
2023-12-23 19:00:00+05:30,0.0,17.9
2023-12-23 20:00:00+05:30,0.0,16.29
2023-12-23 21:00:00+05:30,0.0,14.59
2023-12-23 22:00:00+05:30,0.0,13.49
2023-12-23 23:00:00+05:30,0.0,13.32
2023-12-24 00:00:00+05:30,0.0,13.89
2023-12-24 01:00:00+05:30,0.0,12.32
2023-12-24 02:00:00+05:30,0.0,11.61
2023-12-24 03:00:00+05:30,0.0,10.73
2023-12-24 04:00:00+05:30,0.0,9.93
2023-12-24 05:00:00+05:30,0.0,9.4
2023-12-24 06:00:00+05:30,0.0,8.72
2023-12-24 07:00:00+05:30,0.0,8.39
2023-12-24 08:00:00+05:30,44.88,8.43
2023-12-24 09:00:00+05:30,176.67,11.27
2023-12-24 10:00:00+05:30,302.44,15.88
2023-12-24 11:00:00+05:30,393.05,18.8
2023-12-24 12:00:00+05:30,433.94,20.63
2023-12-24 13:00:00+05:30,422.01,21.14
2023-12-24 14:00:00+05:30,358.32,21.88
2023-12-24 15:00:00+05:30,250.99,22.21
2023-12-24 16:00:00+05:30,119.03,22.27
2023-12-24 17:00:00+05:30,24.99,21.83
2023-12-24 18:00:00+05:30,0.0,20.71
2023-12-24 19:00:00+05:30,0.0,18.67
2023-12-24 20:00:00+05:30,0.0,16.65
2023-12-24 21:00:00+05:30,0.0,15.14
2023-12-24 22:00:00+05:30,0.0,13.97
2023-12-24 23:00:00+05:30,0.0,13.08
2023-12-25 00:00:00+05:30,0.0,12.31
2023-12-25 01:00:00+05:30,0.0,11.64
2023-12-25 02:00:00+05:30,0.0,11.17
2023-12-25 03:00:00+05:30,0.0,10.71
2023-12-25 04:00:00+05:30,0.0,10.32
2023-12-25 05:00:00+05:30,0.0,9.94
2023-12-25 06:00:00+05:30,0.0,9.61
2023-12-25 07:00:00+05:30,0.0,9.26
2023-12-25 08:00:00+05:30,43.94,9.0
2023-12-25 09:00:00+05:30,175.26,11.71
2023-12-25 10:00:00+05:30,301.46,15.6
2023-12-25 11:00:00+05:30,392.67,18.47
2023-12-25 12:00:00+05:30,435.65,20.47
2023-12-25 13:00:00+05:30,424.29,21.58
2023-12-25 14:00:00+05:30,360.55,22.39
2023-12-25 15:00:00+05:30,252.89,22.79
2023-12-25 16:00:00+05:30,120.44,22.8
2023-12-25 17:00:00+05:30,24.85,22.34
2023-12-25 18:00:00+05:30,0.0,21.18
2023-12-25 19:00:00+05:30,0.0,18.9
2023-12-25 20:00:00+05:30,0.0,16.72
2023-12-25 21:00:00+05:30,0.0,15.39
2023-12-25 22:00:00+05:30,0.0,14.35
2023-12-25 23:00:00+05:30,0.0,13.58
2023-12-26 00:00:00+05:30,0.0,12.95
2023-12-26 01:00:00+05:30,0.0,12.32
2023-12-26 02:00:00+05:30,0.0,11.76
2023-12-26 03:00:00+05:30,0.0,11.16
2023-12-26 04:00:00+05:30,0.0,10.55
2023-12-26 05:00:00+05:30,0.0,9.93
2023-12-26 06:00:00+05:30,0.0,9.42
2023-12-26 07:00:00+05:30,0.0,8.98
2023-12-26 08:00:00+05:30,43.02,8.72
2023-12-26 09:00:00+05:30,175.5,11.51
2023-12-26 10:00:00+05:30,302.7,15.59
2023-12-26 11:00:00+05:30,394.78,18.46
2023-12-26 12:00:00+05:30,437.98,20.69
2023-12-26 13:00:00+05:30,427.23,21.89
2023-12-26 14:00:00+05:30,363.8,22.71
2023-12-26 15:00:00+05:30,255.84,23.15
2023-12-26 16:00:00+05:30,122.47,23.17
2023-12-26 17:00:00+05:30,25.97,22.69
2023-12-26 18:00:00+05:30,0.0,21.37
2023-12-26 19:00:00+05:30,0.0,19.65
2023-12-26 20:00:00+05:30,0.0,18.65
2023-12-26 21:00:00+05:30,0.0,17.83
2023-12-26 22:00:00+05:30,0.0,16.92
2023-12-26 23:00:00+05:30,0.0,15.77
2023-12-27 00:00:00+05:30,0.0,15.18
2023-12-27 01:00:00+05:30,0.0,14.47
2023-12-27 02:00:00+05:30,0.0,13.9
2023-12-27 03:00:00+05:30,0.0,13.23
2023-12-27 04:00:00+05:30,0.0,10.66
2023-12-27 05:00:00+05:30,0.0,10.0
2023-12-27 06:00:00+05:30,0.0,10.16
2023-12-27 07:00:00+05:30,0.0,10.16
2023-12-27 08:00:00+05:30,51.45,9.76
2023-12-27 09:00:00+05:30,177.92,11.29
2023-12-27 10:00:00+05:30,302.84,15.69
2023-12-27 11:00:00+05:30,395.39,18.98
2023-12-27 12:00:00+05:30,437.46,20.95
2023-12-27 13:00:00+05:30,425.8,21.54
2023-12-27 14:00:00+05:30,362.52,22.22
2023-12-27 15:00:00+05:30,256.45,22.58
2023-12-27 16:00:00+05:30,123.67,22.64
2023-12-27 17:00:00+05:30,26.16,22.12
2023-12-27 18:00:00+05:30,0.0,20.89
2023-12-27 19:00:00+05:30,0.0,18.81
2023-12-27 20:00:00+05:30,0.0,17.15
2023-12-27 21:00:00+05:30,0.0,16.3
2023-12-27 22:00:00+05:30,0.0,14.72
2023-12-27 23:00:00+05:30,0.0,12.83
2023-12-28 00:00:00+05:30,0.0,11.84
2023-12-28 01:00:00+05:30,0.0,10.98
2023-12-28 02:00:00+05:30,0.0,10.5
2023-12-28 03:00:00+05:30,0.0,10.2
2023-12-28 04:00:00+05:30,0.0,10.03
2023-12-28 05:00:00+05:30,0.0,9.85
2023-12-28 06:00:00+05:30,0.0,9.61
2023-12-28 07:00:00+05:30,0.0,9.3
2023-12-28 08:00:00+05:30,42.03,8.99
2023-12-28 09:00:00+05:30,176.21,11.16
2023-12-28 10:00:00+05:30,306.18,14.78
2023-12-28 11:00:00+05:30,398.04,17.45
2023-12-28 12:00:00+05:30,441.51,19.32
2023-12-28 13:00:00+05:30,430.21,19.66
2023-12-28 14:00:00+05:30,365.34,20.5
2023-12-28 15:00:00+05:30,259.71,20.94
2023-12-28 16:00:00+05:30,126.02,21.0
2023-12-28 17:00:00+05:30,26.65,20.65
2023-12-28 18:00:00+05:30,0.0,19.58
2023-12-28 19:00:00+05:30,0.0,17.75
2023-12-28 20:00:00+05:30,0.0,15.69
2023-12-28 21:00:00+05:30,0.0,14.06
2023-12-28 22:00:00+05:30,0.0,13.0
2023-12-28 23:00:00+05:30,0.0,12.38
2023-12-29 00:00:00+05:30,0.0,11.97
2023-12-29 01:00:00+05:30,0.0,12.01
2023-12-29 02:00:00+05:30,0.0,12.26
2023-12-29 03:00:00+05:30,0.0,12.02
2023-12-29 04:00:00+05:30,0.0,11.65
2023-12-29 05:00:00+05:30,0.0,10.75
2023-12-29 06:00:00+05:30,0.0,9.11
2023-12-29 07:00:00+05:30,0.0,9.07
2023-12-29 08:00:00+05:30,55.8,9.07
2023-12-29 09:00:00+05:30,145.54,10.25
2023-12-29 10:00:00+05:30,243.22,11.95
2023-12-29 11:00:00+05:30,354.42,14.06
2023-12-29 12:00:00+05:30,370.15,16.88
2023-12-29 13:00:00+05:30,346.95,16.77
2023-12-29 14:00:00+05:30,313.8,17.29
2023-12-29 15:00:00+05:30,255.61,17.9
2023-12-29 16:00:00+05:30,127.47,18.18
2023-12-29 17:00:00+05:30,28.4,18.0
2023-12-29 18:00:00+05:30,0.0,17.03
2023-12-29 19:00:00+05:30,0.0,15.52
2023-12-29 20:00:00+05:30,0.0,13.76
2023-12-29 21:00:00+05:30,0.0,12.43
2023-12-29 22:00:00+05:30,0.0,11.31
2023-12-29 23:00:00+05:30,0.0,10.74
2023-12-30 00:00:00+05:30,0.0,11.04
2023-12-30 01:00:00+05:30,0.0,11.26
2023-12-30 02:00:00+05:30,0.0,10.9
2023-12-30 03:00:00+05:30,0.0,9.88
2023-12-30 04:00:00+05:30,0.0,8.36
2023-12-30 05:00:00+05:30,0.0,8.17
2023-12-30 06:00:00+05:30,0.0,8.26
2023-12-30 07:00:00+05:30,0.0,8.25
2023-12-30 08:00:00+05:30,55.08,8.52
2023-12-30 09:00:00+05:30,147.2,9.1
2023-12-30 10:00:00+05:30,240.09,10.47
2023-12-30 11:00:00+05:30,325.51,12.15
2023-12-30 12:00:00+05:30,367.14,14.21
2023-12-30 13:00:00+05:30,379.81,15.22
2023-12-30 14:00:00+05:30,358.64,16.2
2023-12-30 15:00:00+05:30,266.49,17.03
2023-12-30 16:00:00+05:30,138.7,17.4
2023-12-30 17:00:00+05:30,36.34,17.2
2023-12-30 18:00:00+05:30,0.0,16.24
2023-12-30 19:00:00+05:30,0.0,14.72
2023-12-30 20:00:00+05:30,0.0,13.06
2023-12-30 21:00:00+05:30,0.0,12.4
2023-12-30 22:00:00+05:30,0.0,12.32
2023-12-30 23:00:00+05:30,0.0,11.7
2023-12-31 00:00:00+05:30,0.0,11.16
2023-12-31 01:00:00+05:30,0.0,8.91
2023-12-31 02:00:00+05:30,0.0,9.99
2023-12-31 03:00:00+05:30,0.0,9.57
2023-12-31 04:00:00+05:30,0.0,7.93
2023-12-31 05:00:00+05:30,0.0,8.38
2023-12-31 06:00:00+05:30,0.0,8.66
2023-12-31 07:00:00+05:30,0.0,8.68
2023-12-31 08:00:00+05:30,45.72,8.8
2023-12-31 09:00:00+05:30,125.78,9.49
2023-12-31 10:00:00+05:30,181.18,10.72
2023-12-31 11:00:00+05:30,284.63,12.27
2023-12-31 12:00:00+05:30,351.08,14.48
2023-12-31 13:00:00+05:30,379.72,15.15
2023-12-31 14:00:00+05:30,308.43,16.49
2023-12-31 15:00:00+05:30,238.66,17.24
2023-12-31 16:00:00+05:30,129.7,17.52
2023-12-31 17:00:00+05:30,28.45,17.27
2023-12-31 18:00:00+05:30,0.0,16.31
2023-12-31 19:00:00+05:30,0.0,14.79
2023-12-31 20:00:00+05:30,0.0,13.23
2023-12-31 21:00:00+05:30,0.0,12.57
2023-12-31 22:00:00+05:30,0.0,11.92
2023-12-31 23:00:00+05:30,0.0,10.71
2024-01-01 00:00:00+05:30,0.0,9.68
2024-01-01 01:00:00+05:30,0.0,9.98
2024-01-01 02:00:00+05:30,0.0,9.41
2024-01-01 03:00:00+05:30,0.0,7.91
2024-01-01 04:00:00+05:30,0.0,7.27
2024-01-01 05:00:00+05:30,0.0,7.57
