time,poa_global,temp_air
2021-01-01 06:00:00+05:30,0.0,18.83
2021-01-01 07:00:00+05:30,0.0,18.33
2021-01-01 08:00:00+05:30,63.77,18.06
2021-01-01 09:00:00+05:30,218.16,20.41
2021-01-01 10:00:00+05:30,373.09,23.01
2021-01-01 11:00:00+05:30,492.19,25.01
2021-01-01 12:00:00+05:30,552.12,26.69
2021-01-01 13:00:00+05:30,527.99,27.77
2021-01-01 14:00:00+05:30,378.66,28.61
2021-01-01 15:00:00+05:30,235.26,28.61
2021-01-01 16:00:00+05:30,162.33,28.17
2021-01-01 17:00:00+05:30,84.66,27.74
2021-01-01 18:00:00+05:30,7.11,26.84
2021-01-01 19:00:00+05:30,0.0,25.9
2021-01-01 20:00:00+05:30,0.0,24.7
2021-01-01 21:00:00+05:30,0.0,23.92
2021-01-01 22:00:00+05:30,0.0,23.43
2021-01-01 23:00:00+05:30,0.0,23.18
2021-01-02 00:00:00+05:30,0.0,22.58
2021-01-02 01:00:00+05:30,0.0,21.51
2021-01-02 02:00:00+05:30,0.0,21.41
2021-01-02 03:00:00+05:30,0.0,20.63
2021-01-02 04:00:00+05:30,0.0,19.73
2021-01-02 05:00:00+05:30,0.0,19.21
2021-01-02 06:00:00+05:30,0.0,18.87
2021-01-02 07:00:00+05:30,0.0,18.5
2021-01-02 08:00:00+05:30,69.25,18.68
2021-01-02 09:00:00+05:30,219.23,20.82
2021-01-02 10:00:00+05:30,369.59,22.95
2021-01-02 11:00:00+05:30,496.31,24.63
2021-01-02 12:00:00+05:30,555.83,26.19
2021-01-02 13:00:00+05:30,547.51,27.21
2021-01-02 14:00:00+05:30,508.14,27.86
2021-01-02 15:00:00+05:30,394.75,28.4
2021-01-02 16:00:00+05:30,253.45,28.48
2021-01-02 17:00:00+05:30,95.58,28.25
2021-01-02 18:00:00+05:30,11.3,27.32
2021-01-02 19:00:00+05:30,0.0,25.45
2021-01-02 20:00:00+05:30,0.0,24.02
2021-01-02 21:00:00+05:30,0.0,22.85
2021-01-02 22:00:00+05:30,0.0,21.71
2021-01-02 23:00:00+05:30,0.0,20.69
2021-01-03 00:00:00+05:30,0.0,19.91
2021-01-03 01:00:00+05:30,0.0,19.79
2021-01-03 02:00:00+05:30,0.0,19.08
2021-01-03 03:00:00+05:30,0.0,18.67
2021-01-03 04:00:00+05:30,0.0,18.58
2021-01-03 05:00:00+05:30,0.0,18.35
2021-01-03 06:00:00+05:30,0.0,18.18
2021-01-03 07:00:00+05:30,0.0,16.73
2021-01-03 08:00:00+05:30,64.6,15.5
2021-01-03 09:00:00+05:30,224.01,18.62
2021-01-03 10:00:00+05:30,381.92,22.3
2021-01-03 11:00:00+05:30,500.92,24.24
2021-01-03 12:00:00+05:30,567.44,25.88
2021-01-03 13:00:00+05:30,569.91,26.98
2021-01-03 14:00:00+05:30,417.34,27.82
2021-01-03 15:00:00+05:30,371.62,27.9
2021-01-03 16:00:00+05:30,193.1,28.12
2021-01-03 17:00:00+05:30,88.38,27.76
2021-01-03 18:00:00+05:30,11.25,27.18
2021-01-03 19:00:00+05:30,0.0,25.8
2021-01-03 20:00:00+05:30,0.0,24.45
2021-01-03 21:00:00+05:30,0.0,23.52
2021-01-03 22:00:00+05:30,0.0,23.3
2021-01-03 23:00:00+05:30,0.0,22.07
2021-01-04 00:00:00+05:30,0.0,21.55
2021-01-04 01:00:00+05:30,0.0,20.31
2021-01-04 02:00:00+05:30,0.0,19.96
2021-01-04 03:00:00+05:30,0.0,19.77
2021-01-04 04:00:00+05:30,0.0,19.52
2021-01-04 05:00:00+05:30,0.0,19.37
2021-01-04 06:00:00+05:30,0.0,19.41
2021-01-04 07:00:00+05:30,0.0,19.24
2021-01-04 08:00:00+05:30,57.45,18.81
2021-01-04 09:00:00+05:30,179.34,20.4
2021-01-04 10:00:00+05:30,331.76,22.53
2021-01-04 11:00:00+05:30,456.7,24.5
2021-01-04 12:00:00+05:30,505.35,26.24
2021-01-04 13:00:00+05:30,430.04,26.84
2021-01-04 14:00:00+05:30,353.57,27.49
2021-01-04 15:00:00+05:30,216.9,27.59
2021-01-04 16:00:00+05:30,155.88,25.66
2021-01-04 17:00:00+05:30,67.44,24.13
2021-01-04 18:00:00+05:30,10.33,23.14
2021-01-04 19:00:00+05:30,0.0,21.86
2021-01-04 20:00:00+05:30,0.0,20.86
2021-01-04 21:00:00+05:30,0.0,20.6
2021-01-04 22:00:00+05:30,0.0,19.97
2021-01-04 23:00:00+05:30,0.0,19.56
2021-01-05 00:00:00+05:30,0.0,19.17
2021-01-05 01:00:00+05:30,0.0,19.42
2021-01-05 02:00:00+05:30,0.0,19.06
2021-01-05 03:00:00+05:30,0.0,18.44
2021-01-05 04:00:00+05:30,0.0,18.23
2021-01-05 05:00:00+05:30,0.0,18.13
2021-01-05 06:00:00+05:30,0.0,17.95
2021-01-05 07:00:00+05:30,0.0,17.86
2021-01-05 08:00:00+05:30,59.11,17.86
2021-01-05 09:00:00+05:30,188.02,19.24
2021-01-05 10:00:00+05:30,292.66,21.2
2021-01-05 11:00:00+05:30,386.24,22.74
2021-01-05 12:00:00+05:30,333.11,24.05
2021-01-05 13:00:00+05:30,299.36,24.62
2021-01-05 14:00:00+05:30,155.5,25.12
2021-01-05 15:00:00+05:30,185.73,24.96
2021-01-05 16:00:00+05:30,131.58,25.32
2021-01-05 17:00:00+05:30,63.33,25.06
2021-01-05 18:00:00+05:30,9.79,24.06
2021-01-05 19:00:00+05:30,0.0,22.87
2021-01-05 20:00:00+05:30,0.0,22.05
2021-01-05 21:00:00+05:30,0.0,21.48
2021-01-05 22:00:00+05:30,0.0,21.01
2021-01-05 23:00:00+05:30,0.0,20.48
2021-01-06 00:00:00+05:30,0.0,20.14
2021-01-06 01:00:00+05:30,0.0,19.94
2021-01-06 02:00:00+05:30,0.0,19.9
2021-01-06 03:00:00+05:30,0.0,19.49
2021-01-06 04:00:00+05:30,0.0,19.13
2021-01-06 05:00:00+05:30,0.0,19.1
2021-01-06 06:00:00+05:30,0.0,19.08
2021-01-06 07:00:00+05:30,0.0,19.48
2021-01-06 08:00:00+05:30,49.77,19.62
2021-01-06 09:00:00+05:30,151.07,20.23
2021-01-06 10:00:00+05:30,292.55,21.3
2021-01-06 11:00:00+05:30,460.13,23.03
2021-01-06 12:00:00+05:30,524.77,25.0
2021-01-06 13:00:00+05:30,545.49,26.4
2021-01-06 14:00:00+05:30,483.41,27.5
2021-01-06 15:00:00+05:30,343.19,28.04
2021-01-06 16:00:00+05:30,238.27,27.89
2021-01-06 17:00:00+05:30,79.68,27.74
2021-01-06 18:00:00+05:30,11.84,26.69
2021-01-06 19:00:00+05:30,0.0,24.99
2021-01-06 20:00:00+05:30,0.0,23.82
2021-01-06 21:00:00+05:30,0.0,22.82
2021-01-06 22:00:00+05:30,0.0,21.81
2021-01-06 23:00:00+05:30,0.0,21.33
2021-01-07 00:00:00+05:30,0.0,21.14
2021-01-07 01:00:00+05:30,0.0,20.95
2021-01-07 02:00:00+05:30,0.0,20.66
2021-01-07 03:00:00+05:30,0.0,20.91
2021-01-07 04:00:00+05:30,0.0,20.39
2021-01-07 05:00:00+05:30,0.0,20.09
2021-01-07 06:00:00+05:30,0.0,19.84
2021-01-07 07:00:00+05:30,0.0,19.51
2021-01-07 08:00:00+05:30,48.65,19.6
2021-01-07 09:00:00+05:30,113.52,20.46
2021-01-07 10:00:00+05:30,184.54,21.47
2021-01-07 11:00:00+05:30,243.22,22.71
2021-01-07 12:00:00+05:30,460.08,23.74
2021-01-07 13:00:00+05:30,426.27,26.13
2021-01-07 14:00:00+05:30,376.77,26.47
2021-01-07 15:00:00+05:30,302.09,26.76
2021-01-07 16:00:00+05:30,147.16,26.81
2021-01-07 17:00:00+05:30,66.38,25.27
2021-01-07 18:00:00+05:30,8.92,24.48
2021-01-07 19:00:00+05:30,0.0,23.08
2021-01-07 20:00:00+05:30,0.0,21.94
2021-01-07 21:00:00+05:30,0.0,21.62
2021-01-07 22:00:00+05:30,0.0,21.3
2021-01-07 23:00:00+05:30,0.0,20.91
2021-01-08 00:00:00+05:30,0.0,20.73
2021-01-08 01:00:00+05:30,0.0,20.4
2021-01-08 02:00:00+05:30,0.0,20.36
2021-01-08 03:00:00+05:30,0.0,20.34
2021-01-08 04:00:00+05:30,0.0,20.23
2021-01-08 05:00:00+05:30,0.0,20.21
2021-01-08 06:00:00+05:30,0.0,20.03
2021-01-08 07:00:00+05:30,0.0,19.89
2021-01-08 08:00:00+05:30,43.36,19.89
2021-01-08 09:00:00+05:30,130.01,20.59
2021-01-08 10:00:00+05:30,261.16,21.7
2021-01-08 11:00:00+05:30,369.43,23.16
2021-01-08 12:00:00+05:30,213.43,24.78
2021-01-08 13:00:00+05:30,164.38,23.63
2021-01-08 14:00:00+05:30,172.47,24.22
2021-01-08 15:00:00+05:30,92.06,24.61
2021-01-08 16:00:00+05:30,69.54,24.33
2021-01-08 17:00:00+05:30,37.01,24.19
2021-01-08 18:00:00+05:30,10.33,23.7
2021-01-08 19:00:00+05:30,0.0,22.98
2021-01-08 20:00:00+05:30,0.0,22.36
2021-01-08 21:00:00+05:30,0.0,21.67
2021-01-08 22:00:00+05:30,0.0,21.54
2021-01-08 23:00:00+05:30,0.0,21.22
2021-01-09 00:00:00+05:30,0.0,20.97
2021-01-09 01:00:00+05:30,0.0,20.87
2021-01-09 02:00:00+05:30,0.0,20.54
2021-01-09 03:00:00+05:30,0.0,20.41
2021-01-09 04:00:00+05:30,0.0,20.31
2021-01-09 05:00:00+05:30,0.0,19.82
2021-01-09 06:00:00+05:30,0.0,19.59
2021-01-09 07:00:00+05:30,0.0,19.61
2021-01-09 08:00:00+05:30,59.94,19.3
2021-01-09 09:00:00+05:30,169.93,21.21
2021-01-09 10:00:00+05:30,301.77,22.77
2021-01-09 11:00:00+05:30,392.19,24.38
2021-01-09 12:00:00+05:30,461.24,25.63
2021-01-09 13:00:00+05:30,431.53,26.59
2021-01-09 14:00:00+05:30,432.85,26.9
2021-01-09 15:00:00+05:30,373.58,27.53
2021-01-09 16:00:00+05:30,192.75,27.81
2021-01-09 17:00:00+05:30,76.18,26.62
2021-01-09 18:00:00+05:30,10.52,25.5
2021-01-09 19:00:00+05:30,0.0,24.59
2021-01-09 20:00:00+05:30,0.0,23.69
2021-01-09 21:00:00+05:30,0.0,22.7
2021-01-09 22:00:00+05:30,0.0,21.96
2021-01-09 23:00:00+05:30,0.0,21.35
2021-01-10 00:00:00+05:30,0.0,20.87
2021-01-10 01:00:00+05:30,0.0,20.93
2021-01-10 02:00:00+05:30,0.0,20.46
2021-01-10 03:00:00+05:30,0.0,20.06
2021-01-10 04:00:00+05:30,0.0,20.01
2021-01-10 05:00:00+05:30,0.0,20.11
2021-01-10 06:00:00+05:30,0.0,19.85
2021-01-10 07:00:00+05:30,0.0,19.32
2021-01-10 08:00:00+05:30,60.63,19.07
2021-01-10 09:00:00+05:30,212.76,21.21
2021-01-10 10:00:00+05:30,355.44,23.42
2021-01-10 11:00:00+05:30,470.66,25.27
2021-01-10 12:00:00+05:30,520.1,26.65
2021-01-10 13:00:00+05:30,542.56,27.68
2021-01-10 14:00:00+05:30,513.11,28.41
2021-01-10 15:00:00+05:30,376.19,28.88
2021-01-10 16:00:00+05:30,220.2,28.35
2021-01-10 17:00:00+05:30,95.46,27.8
2021-01-10 18:00:00+05:30,12.03,27.33
2021-01-10 19:00:00+05:30,0.0,26.06
2021-01-10 20:00:00+05:30,0.0,25.29
2021-01-10 21:00:00+05:30,0.0,24.26
2021-01-10 22:00:00+05:30,0.0,22.91
2021-01-10 23:00:00+05:30,0.0,21.88
2021-01-11 00:00:00+05:30,0.0,21.15
2021-01-11 01:00:00+05:30,0.0,21.1
2021-01-11 02:00:00+05:30,0.0,20.16
2021-01-11 03:00:00+05:30,0.0,19.49
2021-01-11 04:00:00+05:30,0.0,19.04
2021-01-11 05:00:00+05:30,0.0,18.46
2021-01-11 06:00:00+05:30,0.0,17.9
2021-01-11 07:00:00+05:30,0.0,17.42
2021-01-11 08:00:00+05:30,62.68,17.07
2021-01-11 09:00:00+05:30,223.33,19.82
2021-01-11 10:00:00+05:30,383.26,22.84
2021-01-11 11:00:00+05:30,507.48,25.11
2021-01-11 12:00:00+05:30,579.75,26.86
2021-01-11 13:00:00+05:30,591.45,28.11
2021-01-11 14:00:00+05:30,540.97,28.89
2021-01-11 15:00:00+05:30,430.55,29.33
2021-01-11 16:00:00+05:30,283.08,29.36
2021-01-11 17:00:00+05:30,115.94,29.02
2021-01-11 18:00:00+05:30,15.44,28.07
2021-01-11 19:00:00+05:30,0.0,26.73
2021-01-11 20:00:00+05:30,0.0,25.15
2021-01-11 21:00:00+05:30,0.0,23.74
2021-01-11 22:00:00+05:30,0.0,23.47
2021-01-11 23:00:00+05:30,0.0,21.67
2021-01-12 00:00:00+05:30,0.0,20.86
2021-01-12 01:00:00+05:30,0.0,20.52
2021-01-12 02:00:00+05:30,0.0,20.02
2021-01-12 03:00:00+05:30,0.0,19.38
2021-01-12 04:00:00+05:30,0.0,18.71
2021-01-12 05:00:00+05:30,0.0,18.22
2021-01-12 06:00:00+05:30,0.0,17.88
2021-01-12 07:00:00+05:30,0.0,17.39
2021-01-12 08:00:00+05:30,62.97,17.06
2021-01-12 09:00:00+05:30,225.4,19.63
2021-01-12 10:00:00+05:30,387.43,23.5
2021-01-12 11:00:00+05:30,512.36,25.6
2021-01-12 12:00:00+05:30,561.89,27.27
2021-01-12 13:00:00+05:30,571.85,28.2
2021-01-12 14:00:00+05:30,521.91,29.01
2021-01-12 15:00:00+05:30,416.61,29.49
2021-01-12 16:00:00+05:30,271.03,29.52
2021-01-12 17:00:00+05:30,122.5,29.15
2021-01-12 18:00:00+05:30,18.66,28.17
2021-01-12 19:00:00+05:30,0.0,27.02
2021-01-12 20:00:00+05:30,0.0,25.73
2021-01-12 21:00:00+05:30,0.0,24.1
2021-01-12 22:00:00+05:30,0.0,22.36
2021-01-12 23:00:00+05:30,0.0,21.41
2021-01-13 00:00:00+05:30,0.0,20.96
2021-01-13 01:00:00+05:30,0.0,20.29
2021-01-13 02:00:00+05:30,0.0,19.9
2021-01-13 03:00:00+05:30,0.0,19.53
2021-01-13 04:00:00+05:30,0.0,19.18
2021-01-13 05:00:00+05:30,0.0,18.65
2021-01-13 06:00:00+05:30,0.0,18.37
2021-01-13 07:00:00+05:30,0.0,18.06
2021-01-13 08:00:00+05:30,65.13,17.62
2021-01-13 09:00:00+05:30,225.25,20.04
2021-01-13 10:00:00+05:30,386.73,23.35
2021-01-13 11:00:00+05:30,507.28,25.27
2021-01-13 12:00:00+05:30,588.75,26.86
2021-01-13 13:00:00+05:30,599.14,28.01
2021-01-13 14:00:00+05:30,490.11,28.8
2021-01-13 15:00:00+05:30,361.73,29.08
2021-01-13 16:00:00+05:30,231.96,28.92
2021-01-13 17:00:00+05:30,98.7,28.54
2021-01-13 18:00:00+05:30,14.18,27.74
2021-01-13 19:00:00+05:30,0.0,26.63
2021-01-13 20:00:00+05:30,0.0,25.62
2021-01-13 21:00:00+05:30,0.0,25.23
2021-01-13 22:00:00+05:30,0.0,24.38
2021-01-13 23:00:00+05:30,0.0,23.46
2021-01-14 00:00:00+05:30,0.0,22.86
2021-01-14 01:00:00+05:30,0.0,22.06
2021-01-14 02:00:00+05:30,0.0,21.66
2021-01-14 03:00:00+05:30,0.0,21.26
2021-01-14 04:00:00+05:30,0.0,20.96
2021-01-14 05:00:00+05:30,0.0,20.51
2021-01-14 06:00:00+05:30,0.0,19.97
2021-01-14 07:00:00+05:30,0.0,19.39
2021-01-14 08:00:00+05:30,62.77,18.92
2021-01-14 09:00:00+05:30,197.85,20.55
2021-01-14 10:00:00+05:30,372.59,23.43
2021-01-14 11:00:00+05:30,514.09,25.37
2021-01-14 12:00:00+05:30,571.83,26.89
2021-01-14 13:00:00+05:30,575.65,27.88
2021-01-14 14:00:00+05:30,533.27,28.57
2021-01-14 15:00:00+05:30,354.94,28.98
2021-01-14 16:00:00+05:30,252.93,28.8
2021-01-14 17:00:00+05:30,128.31,28.71
2021-01-14 18:00:00+05:30,18.85,28.11
2021-01-14 19:00:00+05:30,0.0,26.75
2021-01-14 20:00:00+05:30,0.0,25.18
2021-01-14 21:00:00+05:30,0.0,23.87
2021-01-14 22:00:00+05:30,0.0,24.08
2021-01-14 23:00:00+05:30,0.0,23.03
2021-01-15 00:00:00+05:30,0.0,20.84
2021-01-15 01:00:00+05:30,0.0,19.78
2021-01-15 02:00:00+05:30,0.0,19.16
2021-01-15 03:00:00+05:30,0.0,18.92
2021-01-15 04:00:00+05:30,0.0,19.6
2021-01-15 05:00:00+05:30,0.0,19.51
2021-01-15 06:00:00+05:30,0.0,18.49
2021-01-15 07:00:00+05:30,0.0,17.56
2021-01-15 08:00:00+05:30,64.43,18.0
2021-01-15 09:00:00+05:30,229.73,19.82
2021-01-15 10:00:00+05:30,394.37,23.81
2021-01-15 11:00:00+05:30,523.2,26.27
2021-01-15 12:00:00+05:30,599.95,28.01
2021-01-15 13:00:00+05:30,613.88,28.97
2021-01-15 14:00:00+05:30,563.22,29.68
2021-01-15 15:00:00+05:30,453.95,30.03
2021-01-15 16:00:00+05:30,300.49,30.05
2021-01-15 17:00:00+05:30,129.31,29.52
2021-01-15 18:00:00+05:30,17.2,28.28
2021-01-15 19:00:00+05:30,0.0,25.86
2021-01-15 20:00:00+05:30,0.0,23.89
2021-01-15 21:00:00+05:30,0.0,22.68
2021-01-15 22:00:00+05:30,0.0,21.63
2021-01-15 23:00:00+05:30,0.0,20.59
2021-01-16 00:00:00+05:30,0.0,19.74
2021-01-16 01:00:00+05:30,0.0,19.55
2021-01-16 02:00:00+05:30,0.0,19.15
2021-01-16 03:00:00+05:30,0.0,18.67
2021-01-16 04:00:00+05:30,0.0,18.34
2021-01-16 05:00:00+05:30,0.0,18.02
2021-01-16 06:00:00+05:30,0.0,18.3
2021-01-16 07:00:00+05:30,0.0,18.52
2021-01-16 08:00:00+05:30,64.35,18.48
2021-01-16 09:00:00+05:30,228.98,20.06
2021-01-16 10:00:00+05:30,392.78,23.5
2021-01-16 11:00:00+05:30,520.78,25.83
2021-01-16 12:00:00+05:30,595.29,27.4
2021-01-16 13:00:00+05:30,608.63,28.54
2021-01-16 14:00:00+05:30,559.18,29.37
2021-01-16 15:00:00+05:30,451.25,29.87
2021-01-16 16:00:00+05:30,293.47,30.12
2021-01-16 17:00:00+05:30,125.31,29.93
2021-01-16 18:00:00+05:30,17.25,29.09
2021-01-16 19:00:00+05:30,0.0,27.35
2021-01-16 20:00:00+05:30,0.0,25.07
2021-01-16 21:00:00+05:30,0.0,23.59
2021-01-16 22:00:00+05:30,0.0,22.48
2021-01-16 23:00:00+05:30,0.0,21.63
2021-01-17 00:00:00+05:30,0.0,20.83
2021-01-17 01:00:00+05:30,0.0,20.01
2021-01-17 02:00:00+05:30,0.0,19.39
2021-01-17 03:00:00+05:30,0.0,18.88
2021-01-17 04:00:00+05:30,0.0,18.92
2021-01-17 05:00:00+05:30,0.0,19.46
2021-01-17 06:00:00+05:30,0.0,19.58
2021-01-17 07:00:00+05:30,0.0,19.73
2021-01-17 08:00:00+05:30,64.3,19.15
2021-01-17 09:00:00+05:30,225.48,20.67
2021-01-17 10:00:00+05:30,387.16,24.85
2021-01-17 11:00:00+05:30,515.55,27.04
2021-01-17 12:00:00+05:30,588.78,28.56
2021-01-17 13:00:00+05:30,556.43,29.6
2021-01-17 14:00:00+05:30,379.7,30.34
2021-01-17 15:00:00+05:30,284.54,30.26
2021-01-17 16:00:00+05:30,202.03,30.09
2021-01-17 17:00:00+05:30,79.6,29.8
2021-01-17 18:00:00+05:30,13.15,29.05
2021-01-17 19:00:00+05:30,0.0,28.22
2021-01-17 20:00:00+05:30,0.0,26.74
2021-01-17 21:00:00+05:30,0.0,25.64
2021-01-17 22:00:00+05:30,0.0,24.44
2021-01-17 23:00:00+05:30,0.0,23.82
2021-01-18 00:00:00+05:30,0.0,23.37
2021-01-18 01:00:00+05:30,0.0,22.34
2021-01-18 02:00:00+05:30,0.0,21.94
2021-01-18 03:00:00+05:30,0.0,21.78
2021-01-18 04:00:00+05:30,0.0,21.2
2021-01-18 05:00:00+05:30,0.0,20.69
2021-01-18 06:00:00+05:30,0.0,20.67
2021-01-18 07:00:00+05:30,0.0,20.87
2021-01-18 08:00:00+05:30,62.0,21.32
2021-01-18 09:00:00+05:30,204.56,22.66
2021-01-18 10:00:00+05:30,369.18,25.26
2021-01-18 11:00:00+05:30,502.27,27.05
2021-01-18 12:00:00+05:30,590.85,28.45
2021-01-18 13:00:00+05:30,470.25,29.3
2021-01-18 14:00:00+05:30,407.33,29.76
2021-01-18 15:00:00+05:30,372.39,30.0
2021-01-18 16:00:00+05:30,233.75,30.23
2021-01-18 17:00:00+05:30,125.99,29.91
2021-01-18 18:00:00+05:30,15.83,29.5
2021-01-18 19:00:00+05:30,0.0,28.28
2021-01-18 20:00:00+05:30,0.0,26.74
2021-01-18 21:00:00+05:30,0.0,25.67
2021-01-18 22:00:00+05:30,0.0,24.82
2021-01-18 23:00:00+05:30,0.0,24.01
2021-01-19 00:00:00+05:30,0.0,23.33
2021-01-19 01:00:00+05:30,0.0,22.34
2021-01-19 02:00:00+05:30,0.0,22.12
2021-01-19 03:00:00+05:30,0.0,22.17
2021-01-19 04:00:00+05:30,0.0,21.94
2021-01-19 05:00:00+05:30,0.0,22.11
2021-01-19 06:00:00+05:30,0.0,22.06
2021-01-19 07:00:00+05:30,0.0,21.81
2021-01-19 08:00:00+05:30,65.77,21.55
2021-01-19 09:00:00+05:30,227.59,21.94
2021-01-19 10:00:00+05:30,389.74,25.51
2021-01-19 11:00:00+05:30,510.39,27.22
2021-01-19 12:00:00+05:30,589.91,28.43
2021-01-19 13:00:00+05:30,510.17,29.3
2021-01-19 14:00:00+05:30,460.55,29.7
2021-01-19 15:00:00+05:30,318.28,30.0
2021-01-19 16:00:00+05:30,256.05,29.9
2021-01-19 17:00:00+05:30,124.33,29.76
2021-01-19 18:00:00+05:30,17.2,28.99
2021-01-19 19:00:00+05:30,0.0,27.44
2021-01-19 20:00:00+05:30,0.0,25.79
2021-01-19 21:00:00+05:30,0.0,24.59
2021-01-19 22:00:00+05:30,0.0,23.74
2021-01-19 23:00:00+05:30,0.0,23.09
2021-01-20 00:00:00+05:30,0.0,22.44
2021-01-20 01:00:00+05:30,0.0,21.3
2021-01-20 02:00:00+05:30,0.0,20.49
2021-01-20 03:00:00+05:30,0.0,20.24
2021-01-20 04:00:00+05:30,0.0,20.11
2021-01-20 05:00:00+05:30,0.0,20.03
2021-01-20 06:00:00+05:30,0.0,19.74
2021-01-20 07:00:00+05:30,0.0,19.5
2021-01-20 08:00:00+05:30,67.97,19.4
2021-01-20 09:00:00+05:30,236.82,20.61
2021-01-20 10:00:00+05:30,405.29,24.38
2021-01-20 11:00:00+05:30,537.25,26.42
2021-01-20 12:00:00+05:30,604.55,27.82
2021-01-20 13:00:00+05:30,628.44,28.81
2021-01-20 14:00:00+05:30,580.02,29.64
2021-01-20 15:00:00+05:30,471.15,30.22
2021-01-20 16:00:00+05:30,316.0,30.41
2021-01-20 17:00:00+05:30,141.47,30.18
2021-01-20 18:00:00+05:30,20.02,29.27
2021-01-20 19:00:00+05:30,0.0,27.25
2021-01-20 20:00:00+05:30,0.0,25.4
2021-01-20 21:00:00+05:30,0.0,23.97
2021-01-20 22:00:00+05:30,0.0,22.88
2021-01-20 23:00:00+05:30,0.0,21.76
2021-01-21 00:00:00+05:30,0.0,20.94
2021-01-21 01:00:00+05:30,0.0,19.95
2021-01-21 02:00:00+05:30,0.0,19.17
2021-01-21 03:00:00+05:30,0.0,18.39
2021-01-21 04:00:00+05:30,0.0,17.9
2021-01-21 05:00:00+05:30,0.0,17.7
2021-01-21 06:00:00+05:30,0.0,18.0
2021-01-21 07:00:00+05:30,0.0,18.05
2021-01-21 08:00:00+05:30,69.2,18.1
2021-01-21 09:00:00+05:30,240.26,19.88
2021-01-21 10:00:00+05:30,410.48,23.32
2021-01-21 11:00:00+05:30,544.19,25.44
2021-01-21 12:00:00+05:30,621.9,26.99
2021-01-21 13:00:00+05:30,637.7,28.11
2021-01-21 14:00:00+05:30,588.7,29.08
2021-01-21 15:00:00+05:30,480.2,29.74
2021-01-21 16:00:00+05:30,323.65,29.97
2021-01-21 17:00:00+05:30,148.4,29.68
2021-01-21 18:00:00+05:30,20.51,28.77
2021-01-21 19:00:00+05:30,0.0,26.85
2021-01-21 20:00:00+05:30,0.0,24.6
2021-01-21 21:00:00+05:30,0.0,22.98
2021-01-21 22:00:00+05:30,0.0,21.79
2021-01-21 23:00:00+05:30,0.0,20.78
2021-01-22 00:00:00+05:30,0.0,19.94
2021-01-22 01:00:00+05:30,0.0,19.04
2021-01-22 02:00:00+05:30,0.0,18.16
2021-01-22 03:00:00+05:30,0.0,17.96
2021-01-22 04:00:00+05:30,0.0,18.29
2021-01-22 05:00:00+05:30,0.0,18.11
2021-01-22 06:00:00+05:30,0.0,18.32
2021-01-22 07:00:00+05:30,0.0,18.45
2021-01-22 08:00:00+05:30,70.38,18.63
2021-01-22 09:00:00+05:30,243.01,19.23
2021-01-22 10:00:00+05:30,414.56,23.46
2021-01-22 11:00:00+05:30,548.57,25.76
2021-01-22 12:00:00+05:30,628.9,27.61
2021-01-22 13:00:00+05:30,644.13,28.96
2021-01-22 14:00:00+05:30,594.45,29.88
2021-01-22 15:00:00+05:30,485.03,30.43
2021-01-22 16:00:00+05:30,329.11,30.59
2021-01-22 17:00:00+05:30,151.47,30.44
2021-01-22 18:00:00+05:30,21.0,29.69
2021-01-22 19:00:00+05:30,0.0,27.68
2021-01-22 20:00:00+05:30,0.0,26.04
2021-01-22 21:00:00+05:30,0.0,24.51
2021-01-22 22:00:00+05:30,0.0,22.81
2021-01-22 23:00:00+05:30,0.0,21.32
2021-01-23 00:00:00+05:30,0.0,20.17
2021-01-23 01:00:00+05:30,0.0,19.21
2021-01-23 02:00:00+05:30,0.0,18.52
2021-01-23 03:00:00+05:30,0.0,18.08
2021-01-23 04:00:00+05:30,0.0,18.13
2021-01-23 05:00:00+05:30,0.0,18.49
2021-01-23 06:00:00+05:30,0.0,18.54
2021-01-23 07:00:00+05:30,0.0,18.45
2021-01-23 08:00:00+05:30,71.06,18.48
2021-01-23 09:00:00+05:30,243.48,20.45
2021-01-23 10:00:00+05:30,414.98,24.02
2021-01-23 11:00:00+05:30,549.57,26.24
2021-01-23 12:00:00+05:30,631.22,28.05
2021-01-23 13:00:00+05:30,648.2,29.27
2021-01-23 14:00:00+05:30,599.74,30.24
2021-01-23 15:00:00+05:30,490.61,30.79
2021-01-23 16:00:00+05:30,334.12,31.0
2021-01-23 17:00:00+05:30,155.16,30.79
2021-01-23 18:00:00+05:30,21.53,30.1
2021-01-23 19:00:00+05:30,0.0,28.59
2021-01-23 20:00:00+05:30,0.0,26.47
2021-01-23 21:00:00+05:30,0.0,24.38
2021-01-23 22:00:00+05:30,0.0,22.78
2021-01-23 23:00:00+05:30,0.0,21.76
2021-01-24 00:00:00+05:30,0.0,20.89
2021-01-24 01:00:00+05:30,0.0,19.93
2021-01-24 02:00:00+05:30,0.0,19.13
2021-01-24 03:00:00+05:30,0.0,18.68
2021-01-24 04:00:00+05:30,0.0,18.51
2021-01-24 05:00:00+05:30,0.0,18.74
2021-01-24 06:00:00+05:30,0.0,18.71
2021-01-24 07:00:00+05:30,0.0,18.63
2021-01-24 08:00:00+05:30,72.45,18.77
2021-01-24 09:00:00+05:30,246.78,20.39
2021-01-24 10:00:00+05:30,420.05,23.93
2021-01-24 11:00:00+05:30,556.35,26.23
2021-01-24 12:00:00+05:30,638.17,27.86
2021-01-24 13:00:00+05:30,655.51,29.01
2021-01-24 14:00:00+05:30,606.36,30.0
2021-01-24 15:00:00+05:30,496.41,30.62
2021-01-24 16:00:00+05:30,338.78,30.82
2021-01-24 17:00:00+05:30,158.39,30.44
2021-01-24 18:00:00+05:30,22.17,29.38
2021-01-24 19:00:00+05:30,0.0,27.0
2021-01-24 20:00:00+05:30,0.0,24.93
2021-01-24 21:00:00+05:30,0.0,23.38
2021-01-24 22:00:00+05:30,0.0,22.06
2021-01-24 23:00:00+05:30,0.0,20.91
2021-01-25 00:00:00+05:30,0.0,19.69
2021-01-25 01:00:00+05:30,0.0,18.59
2021-01-25 02:00:00+05:30,0.0,18.89
2021-01-25 03:00:00+05:30,0.0,18.69
2021-01-25 04:00:00+05:30,0.0,18.28
2021-01-25 05:00:00+05:30,0.0,18.17
2021-01-25 06:00:00+05:30,0.0,18.14
2021-01-25 07:00:00+05:30,0.0,17.87
2021-01-25 08:00:00+05:30,74.27,17.11
2021-01-25 09:00:00+05:30,250.57,19.4
2021-01-25 10:00:00+05:30,424.81,22.63
2021-01-25 11:00:00+05:30,561.12,25.02
2021-01-25 12:00:00+05:30,641.21,26.94
2021-01-25 13:00:00+05:30,657.71,28.18
2021-01-25 14:00:00+05:30,608.45,29.24
2021-01-25 15:00:00+05:30,498.67,29.94
2021-01-25 16:00:00+05:30,341.18,30.22
2021-01-25 17:00:00+05:30,160.92,29.99
2021-01-25 18:00:00+05:30,22.8,29.01
2021-01-25 19:00:00+05:30,0.0,26.73
2021-01-25 20:00:00+05:30,0.0,24.63
2021-01-25 21:00:00+05:30,0.0,23.06
2021-01-25 22:00:00+05:30,0.0,21.71
2021-01-25 23:00:00+05:30,0.0,20.57
2021-01-26 00:00:00+05:30,0.0,19.6
2021-01-26 01:00:00+05:30,0.0,18.78
2021-01-26 02:00:00+05:30,0.0,17.94
2021-01-26 03:00:00+05:30,0.0,17.49
2021-01-26 04:00:00+05:30,0.0,18.23
2021-01-26 05:00:00+05:30,0.0,18.07
2021-01-26 06:00:00+05:30,0.0,17.85
2021-01-26 07:00:00+05:30,0.0,17.88
2021-01-26 08:00:00+05:30,74.44,17.95
2021-01-26 09:00:00+05:30,249.59,19.56
2021-01-26 10:00:00+05:30,423.06,23.07
2021-01-26 11:00:00+05:30,558.89,25.6
2021-01-26 12:00:00+05:30,639.81,27.34
2021-01-26 13:00:00+05:30,656.86,28.39
2021-01-26 14:00:00+05:30,608.42,29.29
2021-01-26 15:00:00+05:30,499.6,29.88
2021-01-26 16:00:00+05:30,342.85,30.06
2021-01-26 17:00:00+05:30,163.43,29.68
2021-01-26 18:00:00+05:30,23.24,28.55
2021-01-26 19:00:00+05:30,0.0,26.15
2021-01-26 20:00:00+05:30,0.0,24.11
2021-01-26 21:00:00+05:30,0.0,22.56
2021-01-26 22:00:00+05:30,0.0,21.15
2021-01-26 23:00:00+05:30,0.0,19.89
2021-01-27 00:00:00+05:30,0.0,18.63
2021-01-27 01:00:00+05:30,0.0,17.96
2021-01-27 02:00:00+05:30,0.0,18.37
2021-01-27 03:00:00+05:30,0.0,17.93
2021-01-27 04:00:00+05:30,0.0,17.89
2021-01-27 05:00:00+05:30,0.0,17.78
2021-01-27 06:00:00+05:30,0.0,17.79
2021-01-27 07:00:00+05:30,0.0,17.69
2021-01-27 08:00:00+05:30,75.53,17.7
2021-01-27 09:00:00+05:30,250.16,18.5
2021-01-27 10:00:00+05:30,423.25,22.47
2021-01-27 11:00:00+05:30,558.73,24.95
2021-01-27 12:00:00+05:30,642.6,26.9
2021-01-27 13:00:00+05:30,659.96,28.1
2021-01-27 14:00:00+05:30,612.06,29.06
2021-01-27 15:00:00+05:30,502.92,29.72
2021-01-27 16:00:00+05:30,344.53,29.9
2021-01-27 17:00:00+05:30,165.76,29.49
2021-01-27 18:00:00+05:30,23.77,28.39
2021-01-27 19:00:00+05:30,0.0,26.03
2021-01-27 20:00:00+05:30,0.0,23.95
2021-01-27 21:00:00+05:30,0.0,22.43
2021-01-27 22:00:00+05:30,0.0,21.1
2021-01-27 23:00:00+05:30,0.0,19.8
2021-01-28 00:00:00+05:30,0.0,18.6
2021-01-28 01:00:00+05:30,0.0,18.08
2021-01-28 02:00:00+05:30,0.0,18.21
2021-01-28 03:00:00+05:30,0.0,18.33
2021-01-28 04:00:00+05:30,0.0,18.2
2021-01-28 05:00:00+05:30,0.0,18.42
2021-01-28 06:00:00+05:30,0.0,18.42
2021-01-28 07:00:00+05:30,0.0,18.35
2021-01-28 08:00:00+05:30,77.14,18.26
2021-01-28 09:00:00+05:30,253.83,19.69
2021-01-28 10:00:00+05:30,428.96,23.24
2021-01-28 11:00:00+05:30,566.19,25.53
2021-01-28 12:00:00+05:30,648.84,27.38
2021-01-28 13:00:00+05:30,666.39,28.51
2021-01-28 14:00:00+05:30,618.09,29.45
2021-01-28 15:00:00+05:30,492.18,30.02
2021-01-28 16:00:00+05:30,350.64,30.06
2021-01-28 17:00:00+05:30,169.59,29.64
2021-01-28 18:00:00+05:30,24.31,28.43
2021-01-28 19:00:00+05:30,0.0,25.92
2021-01-28 20:00:00+05:30,0.0,23.85
2021-01-28 21:00:00+05:30,0.0,22.31
2021-01-28 22:00:00+05:30,0.0,20.95
2021-01-28 23:00:00+05:30,0.0,19.9
2021-01-29 00:00:00+05:30,0.0,18.92
2021-01-29 01:00:00+05:30,0.0,17.88
2021-01-29 02:00:00+05:30,0.0,17.94
2021-01-29 03:00:00+05:30,0.0,17.24
2021-01-29 04:00:00+05:30,0.0,17.22
2021-01-29 05:00:00+05:30,0.0,16.69
2021-01-29 06:00:00+05:30,0.0,16.24
2021-01-29 07:00:00+05:30,0.0,16.34
2021-01-29 08:00:00+05:30,77.05,16.74
2021-01-29 09:00:00+05:30,249.79,18.06
2021-01-29 10:00:00+05:30,422.18,21.42
2021-01-29 11:00:00+05:30,550.71,23.78
2021-01-29 12:00:00+05:30,633.66,25.75
2021-01-29 13:00:00+05:30,642.82,27.33
2021-01-29 14:00:00+05:30,530.44,28.28
2021-01-29 15:00:00+05:30,446.71,28.66
2021-01-29 16:00:00+05:30,293.2,28.98
2021-01-29 17:00:00+05:30,143.16,28.7
2021-01-29 18:00:00+05:30,22.8,28.13
2021-01-29 19:00:00+05:30,0.0,26.82
2021-01-29 20:00:00+05:30,0.0,24.99
2021-01-29 21:00:00+05:30,0.0,23.26
2021-01-29 22:00:00+05:30,0.0,21.78
2021-01-29 23:00:00+05:30,0.0,20.83
2021-01-30 00:00:00+05:30,0.0,19.77
2021-01-30 01:00:00+05:30,0.0,20.48
2021-01-30 02:00:00+05:30,0.0,19.94
2021-01-30 03:00:00+05:30,0.0,19.46
2021-01-30 04:00:00+05:30,0.0,19.17
2021-01-30 05:00:00+05:30,0.0,18.16
2021-01-30 06:00:00+05:30,0.0,17.5
2021-01-30 07:00:00+05:30,0.0,16.82
2021-01-30 08:00:00+05:30,79.64,16.41
2021-01-30 09:00:00+05:30,256.51,18.96
2021-01-30 10:00:00+05:30,431.4,21.77
2021-01-30 11:00:00+05:30,568.53,24.02
2021-01-30 12:00:00+05:30,652.32,26.02
2021-01-30 13:00:00+05:30,669.94,27.33
2021-01-30 14:00:00+05:30,611.42,28.39
2021-01-30 15:00:00+05:30,491.33,28.92
2021-01-30 16:00:00+05:30,328.01,29.08
2021-01-30 17:00:00+05:30,160.81,28.9
2021-01-30 18:00:00+05:30,24.7,28.46
2021-01-30 19:00:00+05:30,0.0,26.92
2021-01-30 20:00:00+05:30,0.0,25.56
2021-01-30 21:00:00+05:30,0.0,23.89
2021-01-30 22:00:00+05:30,0.0,22.01
2021-01-30 23:00:00+05:30,0.0,20.81
2021-01-31 00:00:00+05:30,0.0,20.02
2021-01-31 01:00:00+05:30,0.0,19.14
2021-01-31 02:00:00+05:30,0.0,18.29
2021-01-31 03:00:00+05:30,0.0,17.86
2021-01-31 04:00:00+05:30,0.0,17.88
2021-01-31 05:00:00+05:30,0.0,18.12
2021-01-31 06:00:00+05:30,0.0,18.16
2021-01-31 07:00:00+05:30,0.0,17.21
2021-01-31 08:00:00+05:30,77.06,16.34
2021-01-31 09:00:00+05:30,254.25,19.13
2021-01-31 10:00:00+05:30,423.32,22.39
2021-01-31 11:00:00+05:30,558.81,24.45
2021-01-31 12:00:00+05:30,651.45,26.34
2021-01-31 13:00:00+05:30,654.03,27.64
2021-01-31 14:00:00+05:30,581.73,28.6
2021-01-31 15:00:00+05:30,449.52,28.94
2021-01-31 16:00:00+05:30,303.94,29.08
2021-01-31 17:00:00+05:30,158.4,28.84
2021-01-31 18:00:00+05:30,26.16,28.42
2021-01-31 19:00:00+05:30,0.0,27.02
2021-01-31 20:00:00+05:30,0.0,25.71
2021-01-31 21:00:00+05:30,0.0,24.36
2021-01-31 22:00:00+05:30,0.0,22.6
2021-01-31 23:00:00+05:30,0.0,21.65
2021-02-01 00:00:00+05:30,0.0,20.35
2021-02-01 01:00:00+05:30,0.0,19.58
2021-02-01 02:00:00+05:30,0.0,19.18
2021-02-01 03:00:00+05:30,0.0,19.2
2021-02-01 04:00:00+05:30,0.0,18.08
2021-02-01 05:00:00+05:30,0.0,17.56
2021-02-01 06:00:00+05:30,0.0,17.31
2021-02-01 07:00:00+05:30,0.0,17.2
2021-02-01 08:00:00+05:30,81.89,17.1
2021-02-01 09:00:00+05:30,256.76,19.99
2021-02-01 10:00:00+05:30,433.2,23.09
2021-02-01 11:00:00+05:30,571.65,25.38
2021-02-01 12:00:00+05:30,640.69,27.18
2021-02-01 13:00:00+05:30,612.69,28.01
2021-02-01 14:00:00+05:30,590.04,28.56
2021-02-01 15:00:00+05:30,401.69,28.98
2021-02-01 16:00:00+05:30,268.41,28.69
2021-02-01 17:00:00+05:30,149.47,28.18
2021-02-01 18:00:00+05:30,24.99,27.53
2021-02-01 19:00:00+05:30,0.0,26.15
2021-02-01 20:00:00+05:30,0.0,25.16
2021-02-01 21:00:00+05:30,0.0,23.97
2021-02-01 22:00:00+05:30,0.0,22.39
2021-02-01 23:00:00+05:30,0.0,21.33
2021-02-02 00:00:00+05:30,0.0,20.88
2021-02-02 01:00:00+05:30,0.0,20.78
2021-02-02 02:00:00+05:30,0.0,20.68
2021-02-02 03:00:00+05:30,0.0,20.5
2021-02-02 04:00:00+05:30,0.0,20.43
2021-02-02 05:00:00+05:30,0.0,19.8
2021-02-02 06:00:00+05:30,0.0,19.36
2021-02-02 07:00:00+05:30,0.0,18.9
2021-02-02 08:00:00+05:30,83.61,18.37
2021-02-02 09:00:00+05:30,263.43,20.58
2021-02-02 10:00:00+05:30,442.88,23.3
2021-02-02 11:00:00+05:30,582.9,25.46
2021-02-02 12:00:00+05:30,665.36,27.01
2021-02-02 13:00:00+05:30,688.41,27.85
2021-02-02 14:00:00+05:30,640.11,28.61
2021-02-02 15:00:00+05:30,532.08,28.99
2021-02-02 16:00:00+05:30,372.52,29.04
2021-02-02 17:00:00+05:30,186.47,28.71
2021-02-02 18:00:00+05:30,15.34,27.88
2021-02-02 19:00:00+05:30,0.0,26.26
2021-02-02 20:00:00+05:30,0.0,24.98
2021-02-02 21:00:00+05:30,0.0,23.36
2021-02-02 22:00:00+05:30,0.0,22.1
2021-02-02 23:00:00+05:30,0.0,20.32
2021-02-03 00:00:00+05:30,0.0,19.11
2021-02-03 01:00:00+05:30,0.0,19.42
2021-02-03 02:00:00+05:30,0.0,18.09
2021-02-03 03:00:00+05:30,0.0,17.21
2021-02-03 04:00:00+05:30,0.0,16.42
2021-02-03 05:00:00+05:30,0.0,16.05
2021-02-03 06:00:00+05:30,0.0,16.25
2021-02-03 07:00:00+05:30,0.0,16.16
2021-02-03 08:00:00+05:30,87.51,15.34
2021-02-03 09:00:00+05:30,271.43,18.06
2021-02-03 10:00:00+05:30,450.78,23.25
2021-02-03 11:00:00+05:30,591.82,25.66
2021-02-03 12:00:00+05:30,677.93,27.13
2021-02-03 13:00:00+05:30,696.93,27.99
2021-02-03 14:00:00+05:30,648.16,28.65
2021-02-03 15:00:00+05:30,537.22,29.0
2021-02-03 16:00:00+05:30,376.62,29.02
2021-02-03 17:00:00+05:30,189.63,28.72
2021-02-03 18:00:00+05:30,23.83,27.92
2021-02-03 19:00:00+05:30,0.0,26.04
2021-02-03 20:00:00+05:30,0.0,24.33
2021-02-03 21:00:00+05:30,0.0,22.93
2021-02-03 22:00:00+05:30,0.0,21.49
2021-02-03 23:00:00+05:30,0.0,22.51
2021-02-04 00:00:00+05:30,0.0,20.5
2021-02-04 01:00:00+05:30,0.0,19.86
2021-02-04 02:00:00+05:30,0.0,19.02
2021-02-04 03:00:00+05:30,0.0,18.25
2021-02-04 04:00:00+05:30,0.0,17.87
2021-02-04 05:00:00+05:30,0.0,17.5
2021-02-04 06:00:00+05:30,0.0,17.23
2021-02-04 07:00:00+05:30,0.0,17.03
2021-02-04 08:00:00+05:30,89.5,15.63
2021-02-04 09:00:00+05:30,274.95,17.16
2021-02-04 10:00:00+05:30,455.62,22.26
2021-02-04 11:00:00+05:30,596.97,25.01
2021-02-04 12:00:00+05:30,681.66,26.95
2021-02-04 13:00:00+05:30,700.2,28.16
2021-02-04 14:00:00+05:30,649.23,28.82
2021-02-04 15:00:00+05:30,535.29,29.2
2021-02-04 16:00:00+05:30,378.51,29.24
2021-02-04 17:00:00+05:30,190.7,29.04
2021-02-04 18:00:00+05:30,25.99,28.31
2021-02-04 19:00:00+05:30,0.0,26.89
2021-02-04 20:00:00+05:30,0.0,24.66
2021-02-04 21:00:00+05:30,0.0,22.86
2021-02-04 22:00:00+05:30,0.0,21.31
2021-02-04 23:00:00+05:30,0.0,20.22
2021-02-05 00:00:00+05:30,0.0,19.42
2021-02-05 01:00:00+05:30,0.0,18.57
2021-02-05 02:00:00+05:30,0.0,17.81
2021-02-05 03:00:00+05:30,0.0,17.08
2021-02-05 04:00:00+05:30,0.0,16.85
2021-02-05 05:00:00+05:30,0.0,17.25
2021-02-05 06:00:00+05:30,0.0,17.57
2021-02-05 07:00:00+05:30,0.0,17.36
2021-02-05 08:00:00+05:30,90.26,17.27
2021-02-05 09:00:00+05:30,273.27,19.41
2021-02-05 10:00:00+05:30,452.16,22.9
2021-02-05 11:00:00+05:30,592.45,24.96
2021-02-05 12:00:00+05:30,677.09,26.34
2021-02-05 13:00:00+05:30,695.86,27.2
2021-02-05 14:00:00+05:30,642.94,28.19
2021-02-05 15:00:00+05:30,533.8,28.59
2021-02-05 16:00:00+05:30,370.29,28.73
2021-02-05 17:00:00+05:30,185.32,28.36
2021-02-05 18:00:00+05:30,25.9,27.49
2021-02-05 19:00:00+05:30,0.0,25.64
2021-02-05 20:00:00+05:30,0.0,23.72
2021-02-05 21:00:00+05:30,0.0,22.28
2021-02-05 22:00:00+05:30,0.0,21.09
2021-02-05 23:00:00+05:30,0.0,20.1
2021-02-06 00:00:00+05:30,0.0,19.06
2021-02-06 01:00:00+05:30,0.0,17.91
2021-02-06 02:00:00+05:30,0.0,17.08
2021-02-06 03:00:00+05:30,0.0,16.71
2021-02-06 04:00:00+05:30,0.0,16.4
2021-02-06 05:00:00+05:30,0.0,15.93
2021-02-06 06:00:00+05:30,0.0,15.39
2021-02-06 07:00:00+05:30,0.0,14.74
2021-02-06 08:00:00+05:30,93.16,14.38
2021-02-06 09:00:00+05:30,279.26,17.7
2021-02-06 10:00:00+05:30,460.61,20.73
2021-02-06 11:00:00+05:30,602.72,23.17
2021-02-06 12:00:00+05:30,690.24,25.38
2021-02-06 13:00:00+05:30,710.82,26.81
2021-02-06 14:00:00+05:30,663.66,27.87
2021-02-06 15:00:00+05:30,553.01,28.52
2021-02-06 16:00:00+05:30,391.02,28.74
2021-02-06 17:00:00+05:30,200.96,28.55
2021-02-06 18:00:00+05:30,29.7,27.69
2021-02-06 19:00:00+05:30,0.0,25.81
2021-02-06 20:00:00+05:30,0.0,24.25
2021-02-06 21:00:00+05:30,0.0,22.83
2021-02-06 22:00:00+05:30,0.0,21.48
2021-02-06 23:00:00+05:30,0.0,20.36
2021-02-07 00:00:00+05:30,0.0,19.46
2021-02-07 01:00:00+05:30,0.0,18.46
2021-02-07 02:00:00+05:30,0.0,17.38
2021-02-07 03:00:00+05:30,0.0,16.41
2021-02-07 04:00:00+05:30,0.0,15.51
2021-02-07 05:00:00+05:30,0.0,14.74
2021-02-07 06:00:00+05:30,0.0,14.23
2021-02-07 07:00:00+05:30,0.0,13.67
2021-02-07 08:00:00+05:30,96.36,13.38
2021-02-07 09:00:00+05:30,285.66,16.87
2021-02-07 10:00:00+05:30,469.04,20.07
2021-02-07 11:00:00+05:30,612.7,22.55
2021-02-07 12:00:00+05:30,697.98,24.73
2021-02-07 13:00:00+05:30,717.99,26.23
2021-02-07 14:00:00+05:30,670.04,27.29
2021-02-07 15:00:00+05:30,558.68,27.95
2021-02-07 16:00:00+05:30,395.76,28.25
2021-02-07 17:00:00+05:30,204.42,28.11
2021-02-07 18:00:00+05:30,31.61,27.41
2021-02-07 19:00:00+05:30,0.0,25.75
2021-02-07 20:00:00+05:30,0.0,24.24
2021-02-07 21:00:00+05:30,0.0,22.52
2021-02-07 22:00:00+05:30,0.0,20.95
2021-02-07 23:00:00+05:30,0.0,19.75
2021-02-08 00:00:00+05:30,0.0,18.78
2021-02-08 01:00:00+05:30,0.0,17.99
2021-02-08 02:00:00+05:30,0.0,17.15
2021-02-08 03:00:00+05:30,0.0,16.31
2021-02-08 04:00:00+05:30,0.0,15.42
2021-02-08 05:00:00+05:30,0.0,14.73
2021-02-08 06:00:00+05:30,0.0,14.74
2021-02-08 07:00:00+05:30,0.0,14.22
2021-02-08 08:00:00+05:30,99.83,13.38
2021-02-08 09:00:00+05:30,292.47,16.57
2021-02-08 10:00:00+05:30,478.47,20.53
2021-02-08 11:00:00+05:30,623.99,23.03
2021-02-08 12:00:00+05:30,712.12,25.13
2021-02-08 13:00:00+05:30,732.38,26.52
2021-02-08 14:00:00+05:30,683.5,27.66
2021-02-08 15:00:00+05:30,570.32,28.48
2021-02-08 16:00:00+05:30,405.28,28.81
2021-02-08 17:00:00+05:30,210.82,28.67
2021-02-08 18:00:00+05:30,33.88,27.87
2021-02-08 19:00:00+05:30,0.0,26.24
2021-02-08 20:00:00+05:30,0.0,24.41
2021-02-08 21:00:00+05:30,0.0,23.86
2021-02-08 22:00:00+05:30,0.0,20.42
2021-02-08 23:00:00+05:30,0.0,18.81
2021-02-09 00:00:00+05:30,0.0,17.72
2021-02-09 01:00:00+05:30,0.0,17.01
2021-02-09 02:00:00+05:30,0.0,16.05
2021-02-09 03:00:00+05:30,0.0,15.18
2021-02-09 04:00:00+05:30,0.0,14.7
2021-02-09 05:00:00+05:30,0.0,14.49
2021-02-09 06:00:00+05:30,0.0,14.45
2021-02-09 07:00:00+05:30,0.0,14.35
2021-02-09 08:00:00+05:30,102.78,13.99
2021-02-09 09:00:00+05:30,298.04,16.72
2021-02-09 10:00:00+05:30,485.97,21.54
2021-02-09 11:00:00+05:30,632.26,24.19
2021-02-09 12:00:00+05:30,722.54,26.27
2021-02-09 13:00:00+05:30,742.32,27.51
2021-02-09 14:00:00+05:30,692.21,28.57
2021-02-09 15:00:00+05:30,577.38,29.18
2021-02-09 16:00:00+05:30,410.66,29.38
2021-02-09 17:00:00+05:30,214.75,29.12
2021-02-09 18:00:00+05:30,35.95,28.23
2021-02-09 19:00:00+05:30,0.0,26.41
2021-02-09 20:00:00+05:30,0.0,24.45
2021-02-09 21:00:00+05:30,0.0,22.98
2021-02-09 22:00:00+05:30,0.0,21.32
2021-02-09 23:00:00+05:30,0.0,21.28
2021-02-10 00:00:00+05:30,0.0,19.87
2021-02-10 01:00:00+05:30,0.0,20.63
2021-02-10 02:00:00+05:30,0.0,19.26
2021-02-10 03:00:00+05:30,0.0,18.59
2021-02-10 04:00:00+05:30,0.0,18.15
2021-02-10 05:00:00+05:30,0.0,17.56
2021-02-10 06:00:00+05:30,0.0,16.33
2021-02-10 07:00:00+05:30,0.0,15.8
2021-02-10 08:00:00+05:30,105.29,16.33
2021-02-10 09:00:00+05:30,300.97,18.48
2021-02-10 10:00:00+05:30,486.92,22.36
2021-02-10 11:00:00+05:30,633.65,25.38
2021-02-10 12:00:00+05:30,721.68,27.55
2021-02-10 13:00:00+05:30,740.9,28.82
2021-02-10 14:00:00+05:30,690.77,29.71
2021-02-10 15:00:00+05:30,576.91,30.25
2021-02-10 16:00:00+05:30,410.55,30.38
2021-02-10 17:00:00+05:30,215.19,30.16
2021-02-10 18:00:00+05:30,38.68,29.39
2021-02-10 19:00:00+05:30,0.0,27.67
2021-02-10 20:00:00+05:30,0.0,25.53
2021-02-10 21:00:00+05:30,0.0,23.25
2021-02-10 22:00:00+05:30,0.0,21.09
2021-02-10 23:00:00+05:30,0.0,19.73
2021-02-11 00:00:00+05:30,0.0,18.54
2021-02-11 01:00:00+05:30,0.0,17.97
2021-02-11 02:00:00+05:30,0.0,17.52
2021-02-11 03:00:00+05:30,0.0,17.79
2021-02-11 04:00:00+05:30,0.0,18.11
2021-02-11 05:00:00+05:30,0.0,18.1
2021-02-11 06:00:00+05:30,0.0,18.03
2021-02-11 07:00:00+05:30,0.0,18.08
2021-02-11 08:00:00+05:30,106.48,18.01
2021-02-11 09:00:00+05:30,301.7,19.46
2021-02-11 10:00:00+05:30,488.95,23.31
2021-02-11 11:00:00+05:30,634.86,26.08
2021-02-11 12:00:00+05:30,721.38,28.07
2021-02-11 13:00:00+05:30,741.8,29.25
2021-02-11 14:00:00+05:30,692.36,30.0
2021-02-11 15:00:00+05:30,578.5,30.48
2021-02-11 16:00:00+05:30,413.1,30.59
2021-02-11 17:00:00+05:30,217.64,30.29
2021-02-11 18:00:00+05:30,39.87,29.51
2021-02-11 19:00:00+05:30,0.0,27.63
2021-02-11 20:00:00+05:30,0.0,25.69
2021-02-11 21:00:00+05:30,0.0,24.17
2021-02-11 22:00:00+05:30,0.0,23.43
2021-02-11 23:00:00+05:30,0.0,23.51
2021-02-12 00:00:00+05:30,0.0,20.35
2021-02-12 01:00:00+05:30,0.0,18.28
2021-02-12 02:00:00+05:30,0.0,17.59
2021-02-12 03:00:00+05:30,0.0,17.17
2021-02-12 04:00:00+05:30,0.0,17.21
2021-02-12 05:00:00+05:30,0.0,17.43
2021-02-12 06:00:00+05:30,0.0,18.01
2021-02-12 07:00:00+05:30,0.0,18.0
2021-02-12 08:00:00+05:30,105.57,17.94
2021-02-12 09:00:00+05:30,296.15,19.59
2021-02-12 10:00:00+05:30,482.66,23.74
2021-02-12 11:00:00+05:30,627.78,26.16
2021-02-12 12:00:00+05:30,716.14,28.07
2021-02-12 13:00:00+05:30,736.15,29.69
2021-02-12 14:00:00+05:30,687.08,30.5
2021-02-12 15:00:00+05:30,574.02,30.96
2021-02-12 16:00:00+05:30,409.33,31.09
2021-02-12 17:00:00+05:30,216.34,30.9
2021-02-12 18:00:00+05:30,40.85,30.25
2021-02-12 19:00:00+05:30,0.0,28.58
2021-02-12 20:00:00+05:30,0.0,26.48
2021-02-12 21:00:00+05:30,0.0,24.15
2021-02-12 22:00:00+05:30,0.0,22.42
2021-02-12 23:00:00+05:30,0.0,21.18
2021-02-13 00:00:00+05:30,0.0,20.19
2021-02-13 01:00:00+05:30,0.0,19.24
2021-02-13 02:00:00+05:30,0.0,18.44
2021-02-13 03:00:00+05:30,0.0,18.22
2021-02-13 04:00:00+05:30,0.0,18.69
2021-02-13 05:00:00+05:30,0.0,19.02
2021-02-13 06:00:00+05:30,0.0,19.02
2021-02-13 07:00:00+05:30,0.0,18.79
2021-02-13 08:00:00+05:30,106.73,18.6
2021-02-13 09:00:00+05:30,296.99,19.39
2021-02-13 10:00:00+05:30,481.98,24.35
2021-02-13 11:00:00+05:30,625.67,27.15
2021-02-13 12:00:00+05:30,715.16,29.05
2021-02-13 13:00:00+05:30,734.97,29.91
2021-02-13 14:00:00+05:30,685.86,30.57
2021-02-13 15:00:00+05:30,573.33,30.92
2021-02-13 16:00:00+05:30,409.6,30.95
2021-02-13 17:00:00+05:30,217.36,30.69
2021-02-13 18:00:00+05:30,42.31,29.94
2021-02-13 19:00:00+05:30,0.0,28.63
2021-02-13 20:00:00+05:30,0.0,26.09
2021-02-13 21:00:00+05:30,0.0,23.89
2021-02-13 22:00:00+05:30,0.0,22.45
2021-02-13 23:00:00+05:30,0.0,21.46
2021-02-14 00:00:00+05:30,0.0,20.64
2021-02-14 01:00:00+05:30,0.0,19.81
2021-02-14 02:00:00+05:30,0.0,18.85
2021-02-14 03:00:00+05:30,0.0,18.11
2021-02-14 04:00:00+05:30,0.0,17.85
2021-02-14 05:00:00+05:30,0.0,17.92
2021-02-14 06:00:00+05:30,0.0,18.45
2021-02-14 07:00:00+05:30,0.0,18.54
2021-02-14 08:00:00+05:30,109.35,18.7
2021-02-14 09:00:00+05:30,299.59,20.9
2021-02-14 10:00:00+05:30,483.72,24.43
2021-02-14 11:00:00+05:30,627.59,26.74
2021-02-14 12:00:00+05:30,715.56,28.51
2021-02-14 13:00:00+05:30,735.34,29.79
2021-02-14 14:00:00+05:30,656.49,30.48
2021-02-14 15:00:00+05:30,553.17,30.65
2021-02-14 16:00:00+05:30,382.68,30.73
2021-02-14 17:00:00+05:30,207.68,30.58
2021-02-14 18:00:00+05:30,43.26,30.13
2021-02-14 19:00:00+05:30,0.0,28.63
2021-02-14 20:00:00+05:30,0.0,26.62
2021-02-14 21:00:00+05:30,0.0,24.13
2021-02-14 22:00:00+05:30,0.0,22.66
2021-02-14 23:00:00+05:30,0.0,21.74
2021-02-15 00:00:00+05:30,0.0,20.78
2021-02-15 01:00:00+05:30,0.0,20.09
2021-02-15 02:00:00+05:30,0.0,19.27
2021-02-15 03:00:00+05:30,0.0,18.47
2021-02-15 04:00:00+05:30,0.0,18.0
2021-02-15 05:00:00+05:30,0.0,17.69
2021-02-15 06:00:00+05:30,0.0,17.39
2021-02-15 07:00:00+05:30,0.0,17.45
2021-02-15 08:00:00+05:30,111.15,18.0
2021-02-15 09:00:00+05:30,301.41,20.14
2021-02-15 10:00:00+05:30,484.63,24.41
2021-02-15 11:00:00+05:30,627.67,26.54
2021-02-15 12:00:00+05:30,713.74,28.09
2021-02-15 13:00:00+05:30,705.38,29.32
2021-02-15 14:00:00+05:30,599.88,30.23
2021-02-15 15:00:00+05:30,411.96,30.56
2021-02-15 16:00:00+05:30,299.76,30.23
2021-02-15 17:00:00+05:30,168.17,29.52
2021-02-15 18:00:00+05:30,36.68,28.21
2021-02-15 19:00:00+05:30,0.0,26.42
2021-02-15 20:00:00+05:30,0.0,24.59
2021-02-15 21:00:00+05:30,0.0,23.15
2021-02-15 22:00:00+05:30,0.0,21.97
2021-02-15 23:00:00+05:30,0.0,20.98
2021-02-16 00:00:00+05:30,0.0,20.12
2021-02-16 01:00:00+05:30,0.0,19.46
2021-02-16 02:00:00+05:30,0.0,18.71
2021-02-16 03:00:00+05:30,0.0,18.01
2021-02-16 04:00:00+05:30,0.0,17.51
2021-02-16 05:00:00+05:30,0.0,17.15
2021-02-16 06:00:00+05:30,0.0,16.87
2021-02-16 07:00:00+05:30,0.0,16.77
2021-02-16 08:00:00+05:30,105.21,17.17
2021-02-16 09:00:00+05:30,259.15,20.1
2021-02-16 10:00:00+05:30,433.1,23.4
2021-02-16 11:00:00+05:30,577.01,25.7
2021-02-16 12:00:00+05:30,695.63,27.36
2021-02-16 13:00:00+05:30,635.82,28.83
2021-02-16 14:00:00+05:30,598.38,29.62
2021-02-16 15:00:00+05:30,508.98,30.14
2021-02-16 16:00:00+05:30,385.47,30.24
2021-02-16 17:00:00+05:30,191.85,29.88
2021-02-16 18:00:00+05:30,41.07,28.47
2021-02-16 19:00:00+05:30,0.0,26.39
2021-02-16 20:00:00+05:30,0.0,24.17
2021-02-16 21:00:00+05:30,0.0,22.46
2021-02-16 22:00:00+05:30,0.0,21.22
2021-02-16 23:00:00+05:30,0.0,20.29
2021-02-17 00:00:00+05:30,0.0,19.52
2021-02-17 01:00:00+05:30,0.0,18.98
2021-02-17 02:00:00+05:30,0.0,18.65
2021-02-17 03:00:00+05:30,0.0,18.2
2021-02-17 04:00:00+05:30,0.0,18.03
2021-02-17 05:00:00+05:30,0.0,17.71
2021-02-17 06:00:00+05:30,0.0,17.46
2021-02-17 07:00:00+05:30,0.0,17.72
2021-02-17 08:00:00+05:30,108.95,17.69
2021-02-17 09:00:00+05:30,258.68,20.15
2021-02-17 10:00:00+05:30,477.77,23.08
2021-02-17 11:00:00+05:30,574.18,25.54
2021-02-17 12:00:00+05:30,634.96,27.07
2021-02-17 13:00:00+05:30,601.76,28.11
2021-02-17 14:00:00+05:30,624.05,28.58
2021-02-17 15:00:00+05:30,512.0,29.1
2021-02-17 16:00:00+05:30,362.92,29.32
2021-02-17 17:00:00+05:30,198.87,29.08
2021-02-17 18:00:00+05:30,41.0,28.02
2021-02-17 19:00:00+05:30,0.0,26.68
2021-02-17 20:00:00+05:30,0.0,25.43
2021-02-17 21:00:00+05:30,0.0,24.09
2021-02-17 22:00:00+05:30,0.0,22.9
2021-02-17 23:00:00+05:30,0.0,21.67
2021-02-18 00:00:00+05:30,0.0,20.78
2021-02-18 01:00:00+05:30,0.0,20.46
2021-02-18 02:00:00+05:30,0.0,20.19
2021-02-18 03:00:00+05:30,0.0,19.34
2021-02-18 04:00:00+05:30,0.0,19.06
2021-02-18 05:00:00+05:30,0.0,18.63
2021-02-18 06:00:00+05:30,0.0,18.22
2021-02-18 07:00:00+05:30,0.0,17.96
2021-02-18 08:00:00+05:30,102.23,17.96
2021-02-18 09:00:00+05:30,265.43,20.54
2021-02-18 10:00:00+05:30,458.83,23.04
2021-02-18 11:00:00+05:30,603.2,25.49
2021-02-18 12:00:00+05:30,682.37,27.21
2021-02-18 13:00:00+05:30,705.81,28.37
2021-02-18 14:00:00+05:30,606.36,29.23
2021-02-18 15:00:00+05:30,483.8,29.35
2021-02-18 16:00:00+05:30,325.85,29.18
2021-02-18 17:00:00+05:30,181.91,27.54
2021-02-18 18:00:00+05:30,33.12,23.37
2021-02-18 19:00:00+05:30,0.0,21.17
2021-02-18 20:00:00+05:30,0.0,20.72
2021-02-18 21:00:00+05:30,0.0,20.2
2021-02-18 22:00:00+05:30,0.0,19.51
2021-02-18 23:00:00+05:30,0.0,18.9
2021-02-19 00:00:00+05:30,0.0,18.71
2021-02-19 01:00:00+05:30,0.0,18.72
2021-02-19 02:00:00+05:30,0.0,18.66
2021-02-19 03:00:00+05:30,0.0,18.55
2021-02-19 04:00:00+05:30,0.0,18.21
2021-02-19 05:00:00+05:30,0.0,17.83
2021-02-19 06:00:00+05:30,0.0,17.59
2021-02-19 07:00:00+05:30,0.0,17.33
2021-02-19 08:00:00+05:30,94.14,17.28
2021-02-19 09:00:00+05:30,280.05,18.59
2021-02-19 10:00:00+05:30,446.41,20.56
2021-02-19 11:00:00+05:30,486.92,22.25
2021-02-19 12:00:00+05:30,575.97,23.39
2021-02-19 13:00:00+05:30,621.15,24.66
2021-02-19 14:00:00+05:30,568.53,25.22
2021-02-19 15:00:00+05:30,447.63,25.37
2021-02-19 16:00:00+05:30,355.02,24.72
2021-02-19 17:00:00+05:30,188.25,24.64
2021-02-19 18:00:00+05:30,42.89,24.13
2021-02-19 19:00:00+05:30,0.0,23.02
2021-02-19 20:00:00+05:30,0.0,21.73
2021-02-19 21:00:00+05:30,0.0,20.86
2021-02-19 22:00:00+05:30,0.0,20.08
2021-02-19 23:00:00+05:30,0.0,19.29
2021-02-20 00:00:00+05:30,0.0,18.72
2021-02-20 01:00:00+05:30,0.0,17.9
2021-02-20 02:00:00+05:30,0.0,17.19
2021-02-20 03:00:00+05:30,0.0,16.4
2021-02-20 04:00:00+05:30,0.0,15.7
2021-02-20 05:00:00+05:30,0.0,15.13
2021-02-20 06:00:00+05:30,0.0,14.68
2021-02-20 07:00:00+05:30,0.0,14.47
2021-02-20 08:00:00+05:30,126.06,14.61
2021-02-20 09:00:00+05:30,322.37,17.21
2021-02-20 10:00:00+05:30,507.84,20.03
2021-02-20 11:00:00+05:30,590.52,22.58
2021-02-20 12:00:00+05:30,711.25,24.26
2021-02-20 13:00:00+05:30,574.7,26.02
2021-02-20 14:00:00+05:30,523.87,26.52
2021-02-20 15:00:00+05:30,343.65,26.84
2021-02-20 16:00:00+05:30,308.33,26.65
2021-02-20 17:00:00+05:30,190.12,26.6
2021-02-20 18:00:00+05:30,46.14,26.01
2021-02-20 19:00:00+05:30,0.0,24.56
2021-02-20 20:00:00+05:30,0.0,22.98
2021-02-20 21:00:00+05:30,0.0,21.79
2021-02-20 22:00:00+05:30,0.0,20.82
2021-02-20 23:00:00+05:30,0.0,20.06
2021-02-21 00:00:00+05:30,0.0,19.43
2021-02-21 01:00:00+05:30,0.0,18.93
2021-02-21 02:00:00+05:30,0.0,18.6
2021-02-21 03:00:00+05:30,0.0,18.33
2021-02-21 04:00:00+05:30,0.0,17.97
2021-02-21 05:00:00+05:30,0.0,17.75
2021-02-21 06:00:00+05:30,0.0,17.46
2021-02-21 07:00:00+05:30,0.0,17.21
2021-02-21 08:00:00+05:30,126.22,17.15
2021-02-21 09:00:00+05:30,323.14,19.49
2021-02-21 10:00:00+05:30,508.36,22.22
2021-02-21 11:00:00+05:30,652.83,24.44
2021-02-21 12:00:00+05:30,709.9,26.17
2021-02-21 13:00:00+05:30,712.5,27.5
2021-02-21 14:00:00+05:30,634.98,28.28
2021-02-21 15:00:00+05:30,438.58,28.66
2021-02-21 16:00:00+05:30,351.02,28.27
2021-02-21 17:00:00+05:30,186.23,28.05
2021-02-21 18:00:00+05:30,47.4,27.28
2021-02-21 19:00:00+05:30,0.0,25.94
2021-02-21 20:00:00+05:30,0.0,24.47
2021-02-21 21:00:00+05:30,0.0,23.55
2021-02-21 22:00:00+05:30,0.0,22.82
2021-02-21 23:00:00+05:30,0.0,22.21
2021-02-22 00:00:00+05:30,0.0,21.42
2021-02-22 01:00:00+05:30,0.0,20.75
2021-02-22 02:00:00+05:30,0.0,20.33
2021-02-22 03:00:00+05:30,0.0,19.95
2021-02-22 04:00:00+05:30,0.0,19.13
2021-02-22 05:00:00+05:30,0.0,18.4
2021-02-22 06:00:00+05:30,0.0,17.72
2021-02-22 07:00:00+05:30,0.0,17.58
2021-02-22 08:00:00+05:30,125.51,18.05
2021-02-22 09:00:00+05:30,318.16,20.79
2021-02-22 10:00:00+05:30,505.61,23.76
2021-02-22 11:00:00+05:30,651.58,25.91
2021-02-22 12:00:00+05:30,558.43,27.42
2021-02-22 13:00:00+05:30,675.04,27.97
2021-02-22 14:00:00+05:30,541.08,28.8
2021-02-22 15:00:00+05:30,447.63,29.02
2021-02-22 16:00:00+05:30,317.84,29.09
2021-02-22 17:00:00+05:30,204.36,28.9
2021-02-22 18:00:00+05:30,52.43,28.57
2021-02-22 19:00:00+05:30,0.0,27.43
2021-02-22 20:00:00+05:30,0.0,26.27
2021-02-22 21:00:00+05:30,0.0,24.64
2021-02-22 22:00:00+05:30,0.0,24.1
2021-02-22 23:00:00+05:30,0.0,24.34
2021-02-23 00:00:00+05:30,0.0,23.55
2021-02-23 01:00:00+05:30,0.0,20.81
2021-02-23 02:00:00+05:30,0.0,20.3
2021-02-23 03:00:00+05:30,0.0,20.11
2021-02-23 04:00:00+05:30,0.0,20.26
2021-02-23 05:00:00+05:30,0.0,20.34
2021-02-23 06:00:00+05:30,0.0,20.19
2021-02-23 07:00:00+05:30,0.0,20.22
2021-02-23 08:00:00+05:30,133.7,20.26
2021-02-23 09:00:00+05:30,329.33,21.63
2021-02-23 10:00:00+05:30,514.98,25.69
2021-02-23 11:00:00+05:30,630.75,27.94
2021-02-23 12:00:00+05:30,745.55,29.21
2021-02-23 13:00:00+05:30,767.94,30.24
2021-02-23 14:00:00+05:30,706.87,30.95
2021-02-23 15:00:00+05:30,567.63,31.34
2021-02-23 16:00:00+05:30,398.72,31.3
2021-02-23 17:00:00+05:30,206.15,31.03
2021-02-23 18:00:00+05:30,57.43,30.4
2021-02-23 19:00:00+05:30,0.0,28.96
2021-02-23 20:00:00+05:30,0.0,27.3
2021-02-23 21:00:00+05:30,0.0,25.89
2021-02-23 22:00:00+05:30,0.0,24.22
2021-02-23 23:00:00+05:30,0.0,22.63
2021-02-24 00:00:00+05:30,0.0,21.34
2021-02-24 01:00:00+05:30,0.0,20.59
2021-02-24 02:00:00+05:30,0.0,20.18
2021-02-24 03:00:00+05:30,0.0,20.37
2021-02-24 04:00:00+05:30,0.0,20.34
2021-02-24 05:00:00+05:30,0.0,20.64
2021-02-24 06:00:00+05:30,0.0,20.79
2021-02-24 07:00:00+05:30,0.0,20.7
2021-02-24 08:00:00+05:30,139.83,20.17
2021-02-24 09:00:00+05:30,341.13,21.5
2021-02-24 10:00:00+05:30,529.85,26.01
2021-02-24 11:00:00+05:30,674.69,28.33
2021-02-24 12:00:00+05:30,760.03,30.06
2021-02-24 13:00:00+05:30,778.35,31.06
2021-02-24 14:00:00+05:30,721.91,31.75
2021-02-24 15:00:00+05:30,566.19,32.11
2021-02-24 16:00:00+05:30,391.53,32.07
2021-02-24 17:00:00+05:30,217.23,31.8
2021-02-24 18:00:00+05:30,58.39,30.88
2021-02-24 19:00:00+05:30,0.0,29.45
2021-02-24 20:00:00+05:30,0.0,26.98
2021-02-24 21:00:00+05:30,0.0,25.47
2021-02-24 22:00:00+05:30,0.0,24.27
2021-02-24 23:00:00+05:30,0.0,23.44
2021-02-25 00:00:00+05:30,0.0,22.48
2021-02-25 01:00:00+05:30,0.0,21.71
2021-02-25 02:00:00+05:30,0.0,20.79
2021-02-25 03:00:00+05:30,0.0,20.35
2021-02-25 04:00:00+05:30,0.0,20.83
2021-02-25 05:00:00+05:30,0.0,21.03
2021-02-25 06:00:00+05:30,0.0,21.04
2021-02-25 07:00:00+05:30,0.0,20.89
2021-02-25 08:00:00+05:30,141.78,20.65
2021-02-25 09:00:00+05:30,342.94,22.21
2021-02-25 10:00:00+05:30,529.91,27.1
2021-02-25 11:00:00+05:30,674.7,29.46
2021-02-25 12:00:00+05:30,718.29,30.87
2021-02-25 13:00:00+05:30,753.82,31.48
2021-02-25 14:00:00+05:30,648.98,32.08
2021-02-25 15:00:00+05:30,530.11,32.16
2021-02-25 16:00:00+05:30,358.43,32.09
2021-02-25 17:00:00+05:30,232.86,31.63
2021-02-25 18:00:00+05:30,58.6,30.93
2021-02-25 19:00:00+05:30,0.0,29.25
2021-02-25 20:00:00+05:30,0.0,27.22
2021-02-25 21:00:00+05:30,0.0,25.83
2021-02-25 22:00:00+05:30,0.0,24.64
2021-02-25 23:00:00+05:30,0.0,23.56
2021-02-26 00:00:00+05:30,0.0,22.63
2021-02-26 01:00:00+05:30,0.0,22.16
2021-02-26 02:00:00+05:30,0.0,21.21
2021-02-26 03:00:00+05:30,0.0,20.4
2021-02-26 04:00:00+05:30,0.0,19.81
2021-02-26 05:00:00+05:30,0.0,19.52
2021-02-26 06:00:00+05:30,0.0,19.33
2021-02-26 07:00:00+05:30,10.38,19.51
2021-02-26 08:00:00+05:30,144.85,20.17
2021-02-26 09:00:00+05:30,346.71,22.53
2021-02-26 10:00:00+05:30,534.81,26.99
2021-02-26 11:00:00+05:30,680.72,29.38
2021-02-26 12:00:00+05:30,768.72,30.91
2021-02-26 13:00:00+05:30,714.72,31.93
2021-02-26 14:00:00+05:30,623.83,32.43
2021-02-26 15:00:00+05:30,483.18,32.59
2021-02-26 16:00:00+05:30,393.3,32.45
2021-02-26 17:00:00+05:30,171.93,32.13
2021-02-26 18:00:00+05:30,53.41,30.92
2021-02-26 19:00:00+05:30,0.0,28.89
2021-02-26 20:00:00+05:30,0.0,26.83
2021-02-26 21:00:00+05:30,0.0,25.37
2021-02-26 22:00:00+05:30,0.0,24.15
2021-02-26 23:00:00+05:30,0.0,23.2
2021-02-27 00:00:00+05:30,0.0,22.24
2021-02-27 01:00:00+05:30,0.0,21.48
2021-02-27 02:00:00+05:30,0.0,20.76
2021-02-27 03:00:00+05:30,0.0,21.02
2021-02-27 04:00:00+05:30,0.0,20.54
2021-02-27 05:00:00+05:30,0.0,20.21
2021-02-27 06:00:00+05:30,0.0,20.01
2021-02-27 07:00:00+05:30,10.96,20.1
2021-02-27 08:00:00+05:30,151.7,20.3
2021-02-27 09:00:00+05:30,356.91,22.59
2021-02-27 10:00:00+05:30,549.58,26.86
2021-02-27 11:00:00+05:30,696.21,29.49
2021-02-27 12:00:00+05:30,780.92,31.21
2021-02-27 13:00:00+05:30,798.62,32.47
2021-02-27 14:00:00+05:30,743.63,33.16
2021-02-27 15:00:00+05:30,625.68,33.54
2021-02-27 16:00:00+05:30,454.61,33.55
2021-02-27 17:00:00+05:30,254.17,33.2
2021-02-27 18:00:00+05:30,65.67,32.38
2021-02-27 19:00:00+05:30,0.0,30.44
2021-02-27 20:00:00+05:30,0.0,28.55
2021-02-27 21:00:00+05:30,0.0,26.53
2021-02-27 22:00:00+05:30,0.0,24.76
2021-02-27 23:00:00+05:30,0.0,23.32
2021-02-28 00:00:00+05:30,0.0,22.06
2021-02-28 01:00:00+05:30,0.0,21.61
2021-02-28 02:00:00+05:30,0.0,21.07
2021-02-28 03:00:00+05:30,0.0,20.88
2021-02-28 04:00:00+05:30,0.0,20.68
2021-02-28 05:00:00+05:30,0.0,20.71
2021-02-28 06:00:00+05:30,0.0,21.51
2021-02-28 07:00:00+05:30,11.45,21.5
2021-02-28 08:00:00+05:30,156.24,20.94
2021-02-28 09:00:00+05:30,364.04,22.6
2021-02-28 10:00:00+05:30,555.86,27.21
2021-02-28 11:00:00+05:30,702.46,29.86
2021-02-28 12:00:00+05:30,788.59,31.85
2021-02-28 13:00:00+05:30,806.23,32.84
2021-02-28 14:00:00+05:30,753.01,33.57
2021-02-28 15:00:00+05:30,599.09,33.89
2021-02-28 16:00:00+05:30,426.18,33.67
2021-02-28 17:00:00+05:30,232.49,33.27
2021-02-28 18:00:00+05:30,67.82,32.63
2021-02-28 19:00:00+05:30,0.0,30.96
2021-02-28 20:00:00+05:30,0.0,28.93
2021-02-28 21:00:00+05:30,0.0,28.16
2021-02-28 22:00:00+05:30,0.0,24.9
2021-02-28 23:00:00+05:30,0.0,23.71
2021-03-01 00:00:00+05:30,0.0,22.58
2021-03-01 01:00:00+05:30,0.0,22.6
2021-03-01 02:00:00+05:30,0.0,22.06
2021-03-01 03:00:00+05:30,0.0,21.8
2021-03-01 04:00:00+05:30,0.0,21.38
2021-03-01 05:00:00+05:30,0.0,21.2
2021-03-01 06:00:00+05:30,0.0,21.41
2021-03-01 07:00:00+05:30,11.69,21.99
2021-03-01 08:00:00+05:30,139.0,22.38
2021-03-01 09:00:00+05:30,355.54,24.57
2021-03-01 10:00:00+05:30,513.84,28.54
2021-03-01 11:00:00+05:30,671.34,30.64
2021-03-01 12:00:00+05:30,606.41,32.48
2021-03-01 13:00:00+05:30,637.78,32.73
2021-03-01 14:00:00+05:30,643.39,33.56
2021-03-01 15:00:00+05:30,396.3,34.03
2021-03-01 16:00:00+05:30,258.09,33.62
2021-03-01 17:00:00+05:30,147.76,33.03
2021-03-01 18:00:00+05:30,54.75,32.27
2021-03-01 19:00:00+05:30,0.0,30.76
2021-03-01 20:00:00+05:30,0.0,29.48
2021-03-01 21:00:00+05:30,0.0,28.24
2021-03-01 22:00:00+05:30,0.0,26.48
2021-03-01 23:00:00+05:30,0.0,25.47
2021-03-02 00:00:00+05:30,0.0,24.56
2021-03-02 01:00:00+05:30,0.0,23.3
2021-03-02 02:00:00+05:30,0.0,22.31
2021-03-02 03:00:00+05:30,0.0,21.72
2021-03-02 04:00:00+05:30,0.0,21.66
2021-03-02 05:00:00+05:30,0.0,22.05
2021-03-02 06:00:00+05:30,0.0,22.6
2021-03-02 07:00:00+05:30,12.13,22.16
2021-03-02 08:00:00+05:30,159.65,21.31
2021-03-02 09:00:00+05:30,354.38,24.07
2021-03-02 10:00:00+05:30,546.87,27.31
2021-03-02 11:00:00+05:30,700.59,29.82
2021-03-02 12:00:00+05:30,791.5,31.89
2021-03-02 13:00:00+05:30,811.1,33.2
2021-03-02 14:00:00+05:30,734.52,34.01
2021-03-02 15:00:00+05:30,621.02,34.2
2021-03-02 16:00:00+05:30,446.62,34.11
2021-03-02 17:00:00+05:30,262.26,33.75
2021-03-02 18:00:00+05:30,70.67,33.23
2021-03-02 19:00:00+05:30,0.0,31.37
2021-03-02 20:00:00+05:30,0.0,29.45
2021-03-02 21:00:00+05:30,0.0,27.75
2021-03-02 22:00:00+05:30,0.0,25.73
2021-03-02 23:00:00+05:30,0.0,24.08
2021-03-03 00:00:00+05:30,0.0,22.9
2021-03-03 01:00:00+05:30,0.0,21.91
2021-03-03 02:00:00+05:30,0.0,21.3
2021-03-03 03:00:00+05:30,0.0,20.88
2021-03-03 04:00:00+05:30,0.0,21.49
2021-03-03 05:00:00+05:30,0.0,22.5
2021-03-03 06:00:00+05:30,0.0,22.37
2021-03-03 07:00:00+05:30,12.86,22.16
2021-03-03 08:00:00+05:30,167.85,21.53
2021-03-03 09:00:00+05:30,379.22,23.11
2021-03-03 10:00:00+05:30,572.79,27.69
2021-03-03 11:00:00+05:30,720.38,30.36
2021-03-03 12:00:00+05:30,810.01,32.33
2021-03-03 13:00:00+05:30,828.02,33.47
2021-03-03 14:00:00+05:30,774.92,34.06
2021-03-03 15:00:00+05:30,656.04,34.37
2021-03-03 16:00:00+05:30,483.22,34.35
2021-03-03 17:00:00+05:30,276.76,33.89
2021-03-03 18:00:00+05:30,77.3,33.05
2021-03-03 19:00:00+05:30,0.0,31.51
2021-03-03 20:00:00+05:30,0.0,29.51
2021-03-03 21:00:00+05:30,0.0,28.13
2021-03-03 22:00:00+05:30,0.0,27.15
2021-03-03 23:00:00+05:30,0.0,24.68
2021-03-04 00:00:00+05:30,0.0,22.96
2021-03-04 01:00:00+05:30,0.0,22.49
2021-03-04 02:00:00+05:30,0.0,21.43
2021-03-04 03:00:00+05:30,0.0,20.34
2021-03-04 04:00:00+05:30,0.0,19.5
2021-03-04 05:00:00+05:30,0.0,18.92
2021-03-04 06:00:00+05:30,0.0,18.5
2021-03-04 07:00:00+05:30,13.35,18.18
2021-03-04 08:00:00+05:30,172.21,18.16
2021-03-04 09:00:00+05:30,383.36,22.87
2021-03-04 10:00:00+05:30,575.82,27.04
2021-03-04 11:00:00+05:30,722.71,29.55
2021-03-04 12:00:00+05:30,808.36,31.63
2021-03-04 13:00:00+05:30,825.95,32.95
2021-03-04 14:00:00+05:30,772.69,33.77
2021-03-04 15:00:00+05:30,642.96,34.11
2021-03-04 16:00:00+05:30,477.79,34.09
2021-03-04 17:00:00+05:30,263.96,33.66
2021-03-04 18:00:00+05:30,78.24,32.9
2021-03-04 19:00:00+05:30,0.0,31.09
2021-03-04 20:00:00+05:30,0.0,28.97
2021-03-04 21:00:00+05:30,0.0,28.05
2021-03-04 22:00:00+05:30,0.0,25.24
2021-03-04 23:00:00+05:30,0.0,23.23
2021-03-05 00:00:00+05:30,0.0,22.2
2021-03-05 01:00:00+05:30,0.0,21.86
2021-03-05 02:00:00+05:30,0.0,21.66
2021-03-05 03:00:00+05:30,0.0,20.97
2021-03-05 04:00:00+05:30,0.0,20.69
2021-03-05 05:00:00+05:30,0.0,21.19
2021-03-05 06:00:00+05:30,0.0,20.74
2021-03-05 07:00:00+05:30,13.88,19.9
2021-03-05 08:00:00+05:30,176.64,19.72
2021-03-05 09:00:00+05:30,389.92,23.21
2021-03-05 10:00:00+05:30,583.9,27.85
2021-03-05 11:00:00+05:30,731.44,30.37
2021-03-05 12:00:00+05:30,816.61,32.05
2021-03-05 13:00:00+05:30,833.66,32.9
2021-03-05 14:00:00+05:30,779.87,33.63
2021-03-05 15:00:00+05:30,660.38,34.0
2021-03-05 16:00:00+05:30,486.85,34.05
2021-03-05 17:00:00+05:30,279.76,33.81
2021-03-05 18:00:00+05:30,79.76,33.25
2021-03-05 19:00:00+05:30,0.0,31.36
2021-03-05 20:00:00+05:30,0.0,29.48
2021-03-05 21:00:00+05:30,0.0,27.21
2021-03-05 22:00:00+05:30,0.0,24.81
2021-03-05 23:00:00+05:30,0.0,23.54
2021-03-06 00:00:00+05:30,0.0,22.68
2021-03-06 01:00:00+05:30,0.0,21.44
2021-03-06 02:00:00+05:30,0.0,20.49
2021-03-06 03:00:00+05:30,0.0,19.91
2021-03-06 04:00:00+05:30,0.0,19.82
2021-03-06 05:00:00+05:30,0.0,20.12
2021-03-06 06:00:00+05:30,0.0,20.87
2021-03-06 07:00:00+05:30,14.42,20.77
2021-03-06 08:00:00+05:30,180.13,20.7
2021-03-06 09:00:00+05:30,393.2,22.87
2021-03-06 10:00:00+05:30,586.42,27.75
2021-03-06 11:00:00+05:30,733.47,30.32
2021-03-06 12:00:00+05:30,820.77,32.09
2021-03-06 13:00:00+05:30,837.6,33.04
2021-03-06 14:00:00+05:30,783.31,33.86
2021-03-06 15:00:00+05:30,663.09,34.33
2021-03-06 16:00:00+05:30,488.81,34.4
2021-03-06 17:00:00+05:30,281.24,34.06
2021-03-06 18:00:00+05:30,81.0,33.11
2021-03-06 19:00:00+05:30,0.0,30.88
2021-03-06 20:00:00+05:30,0.0,28.25
2021-03-06 21:00:00+05:30,0.0,26.4
2021-03-06 22:00:00+05:30,0.0,24.97
2021-03-06 23:00:00+05:30,0.0,23.8
2021-03-07 00:00:00+05:30,0.0,22.77
2021-03-07 01:00:00+05:30,0.0,21.64
2021-03-07 02:00:00+05:30,0.0,21.2
2021-03-07 03:00:00+05:30,0.0,21.33
2021-03-07 04:00:00+05:30,0.0,21.07
2021-03-07 05:00:00+05:30,0.0,20.89
2021-03-07 06:00:00+05:30,0.0,20.71
2021-03-07 07:00:00+05:30,15.04,20.61
2021-03-07 08:00:00+05:30,183.77,20.92
2021-03-07 09:00:00+05:30,396.97,23.33
2021-03-07 10:00:00+05:30,590.2,28.55
2021-03-07 11:00:00+05:30,736.42,31.0
2021-03-07 12:00:00+05:30,822.3,32.44
2021-03-07 13:00:00+05:30,838.79,33.38
2021-03-07 14:00:00+05:30,784.75,34.02
2021-03-07 15:00:00+05:30,665.11,34.41
2021-03-07 16:00:00+05:30,491.56,34.49
2021-03-07 17:00:00+05:30,284.35,34.2
2021-03-07 18:00:00+05:30,83.09,33.27
2021-03-07 19:00:00+05:30,0.0,30.96
2021-03-07 20:00:00+05:30,0.0,28.44
2021-03-07 21:00:00+05:30,0.0,26.74
2021-03-07 22:00:00+05:30,0.0,25.47
2021-03-07 23:00:00+05:30,0.0,24.38
2021-03-08 00:00:00+05:30,0.0,23.31
2021-03-08 01:00:00+05:30,0.0,22.16
2021-03-08 02:00:00+05:30,0.0,21.09
2021-03-08 03:00:00+05:30,0.0,20.42
2021-03-08 04:00:00+05:30,0.0,20.23
2021-03-08 05:00:00+05:30,0.0,20.72
2021-03-08 06:00:00+05:30,0.0,21.24
2021-03-08 07:00:00+05:30,15.58,21.15
2021-03-08 08:00:00+05:30,187.36,21.19
2021-03-08 09:00:00+05:30,401.17,23.59
2021-03-08 10:00:00+05:30,594.37,28.25
2021-03-08 11:00:00+05:30,740.76,30.81
2021-03-08 12:00:00+05:30,826.82,32.33
2021-03-08 13:00:00+05:30,842.7,33.42
2021-03-08 14:00:00+05:30,787.83,34.1
2021-03-08 15:00:00+05:30,666.93,34.42
2021-03-08 16:00:00+05:30,493.62,34.49
2021-03-08 17:00:00+05:30,278.75,34.25
2021-03-08 18:00:00+05:30,79.62,33.54
2021-03-08 19:00:00+05:30,0.0,32.01
2021-03-08 20:00:00+05:30,0.0,29.4
2021-03-08 21:00:00+05:30,0.0,27.36
2021-03-08 22:00:00+05:30,0.0,25.89
2021-03-08 23:00:00+05:30,0.0,24.63
2021-03-09 00:00:00+05:30,0.0,23.48
2021-03-09 01:00:00+05:30,0.0,22.35
2021-03-09 02:00:00+05:30,0.0,21.71
2021-03-09 03:00:00+05:30,0.0,22.33
2021-03-09 04:00:00+05:30,0.0,22.55
2021-03-09 05:00:00+05:30,0.0,22.32
2021-03-09 06:00:00+05:30,0.0,21.58
2021-03-09 07:00:00+05:30,15.83,21.89
2021-03-09 08:00:00+05:30,181.72,21.82
2021-03-09 09:00:00+05:30,369.52,24.42
2021-03-09 10:00:00+05:30,578.21,27.71
2021-03-09 11:00:00+05:30,726.98,30.18
2021-03-09 12:00:00+05:30,815.39,32.06
2021-03-09 13:00:00+05:30,800.96,33.3
2021-03-09 14:00:00+05:30,641.27,34.13
2021-03-09 15:00:00+05:30,428.12,34.17
2021-03-09 16:00:00+05:30,292.95,33.83
2021-03-09 17:00:00+05:30,170.55,33.45
2021-03-09 18:00:00+05:30,48.36,32.92
2021-03-09 19:00:00+05:30,0.0,31.43
2021-03-09 20:00:00+05:30,0.0,29.83
2021-03-09 21:00:00+05:30,0.0,28.55
2021-03-09 22:00:00+05:30,0.0,27.68
2021-03-09 23:00:00+05:30,0.0,26.87
2021-03-10 00:00:00+05:30,0.0,26.03
2021-03-10 01:00:00+05:30,0.0,24.53
2021-03-10 02:00:00+05:30,0.0,24.02
2021-03-10 03:00:00+05:30,0.0,23.45
2021-03-10 04:00:00+05:30,0.0,22.47
2021-03-10 05:00:00+05:30,0.0,21.9
2021-03-10 06:00:00+05:30,0.0,21.41
2021-03-10 07:00:00+05:30,14.89,21.51
2021-03-10 08:00:00+05:30,184.66,22.19
2021-03-10 09:00:00+05:30,386.93,25.17
2021-03-10 10:00:00+05:30,590.69,28.63
2021-03-10 11:00:00+05:30,736.52,30.63
2021-03-10 12:00:00+05:30,819.43,32.07
2021-03-10 13:00:00+05:30,816.99,33.15
2021-03-10 14:00:00+05:30,738.84,33.93
2021-03-10 15:00:00+05:30,587.85,34.37
2021-03-10 16:00:00+05:30,387.84,34.41
2021-03-10 17:00:00+05:30,243.3,33.94
2021-03-10 18:00:00+05:30,80.75,33.17
2021-03-10 19:00:00+05:30,0.0,31.3
2021-03-10 20:00:00+05:30,0.0,28.61
2021-03-10 21:00:00+05:30,0.0,26.95
2021-03-10 22:00:00+05:30,0.0,25.8
2021-03-10 23:00:00+05:30,0.0,25.05
2021-03-11 00:00:00+05:30,0.0,24.19
2021-03-11 01:00:00+05:30,0.0,23.21
2021-03-11 02:00:00+05:30,0.0,22.56
2021-03-11 03:00:00+05:30,0.0,21.81
2021-03-11 04:00:00+05:30,0.0,20.98
2021-03-11 05:00:00+05:30,0.0,20.38
2021-03-11 06:00:00+05:30,0.0,19.86
2021-03-11 07:00:00+05:30,16.62,19.79
2021-03-11 08:00:00+05:30,182.98,20.47
2021-03-11 09:00:00+05:30,402.26,24.95
2021-03-11 10:00:00+05:30,602.78,28.2
2021-03-11 11:00:00+05:30,748.65,30.27
2021-03-11 12:00:00+05:30,837.8,31.84
2021-03-11 13:00:00+05:30,786.25,33.47
2021-03-11 14:00:00+05:30,723.1,34.04
2021-03-11 15:00:00+05:30,547.93,34.27
2021-03-11 16:00:00+05:30,451.84,33.96
2021-03-11 17:00:00+05:30,231.49,33.6
2021-03-11 18:00:00+05:30,67.2,31.67
2021-03-11 19:00:00+05:30,0.0,29.36
2021-03-11 20:00:00+05:30,0.0,27.38
2021-03-11 21:00:00+05:30,0.0,26.11
2021-03-11 22:00:00+05:30,0.0,24.98
2021-03-11 23:00:00+05:30,0.0,24.35
2021-03-12 00:00:00+05:30,0.0,23.43
2021-03-12 01:00:00+05:30,0.0,22.39
2021-03-12 02:00:00+05:30,0.0,21.57
2021-03-12 03:00:00+05:30,0.0,20.95
2021-03-12 04:00:00+05:30,0.0,21.06
2021-03-12 05:00:00+05:30,0.0,21.24
2021-03-12 06:00:00+05:30,0.0,21.1
2021-03-12 07:00:00+05:30,21.69,20.95
2021-03-12 08:00:00+05:30,194.43,21.22
2021-03-12 09:00:00+05:30,409.74,24.77
2021-03-12 10:00:00+05:30,602.78,28.37
2021-03-12 11:00:00+05:30,748.83,30.44
2021-03-12 12:00:00+05:30,802.41,31.8
2021-03-12 13:00:00+05:30,750.47,32.95
2021-03-12 14:00:00+05:30,757.96,33.47
2021-03-12 15:00:00+05:30,614.46,34.15
2021-03-12 16:00:00+05:30,379.97,34.23
2021-03-12 17:00:00+05:30,231.8,33.8
2021-03-12 18:00:00+05:30,86.12,33.08
2021-03-12 19:00:00+05:30,0.0,31.45
2021-03-12 20:00:00+05:30,0.0,28.76
2021-03-12 21:00:00+05:30,0.0,27.11
2021-03-12 22:00:00+05:30,0.0,25.9
2021-03-12 23:00:00+05:30,0.0,24.91
2021-03-13 00:00:00+05:30,0.0,23.79
2021-03-13 01:00:00+05:30,0.0,22.73
2021-03-13 02:00:00+05:30,0.0,22.65
2021-03-13 03:00:00+05:30,0.0,22.25
2021-03-13 04:00:00+05:30,0.0,21.8
2021-03-13 05:00:00+05:30,0.0,21.28
2021-03-13 06:00:00+05:30,0.0,20.9
2021-03-13 07:00:00+05:30,23.89,20.43
2021-03-13 08:00:00+05:30,185.75,20.59
2021-03-13 09:00:00+05:30,393.03,24.13
2021-03-13 10:00:00+05:30,608.82,26.66
2021-03-13 11:00:00+05:30,753.49,29.33
2021-03-13 12:00:00+05:30,837.01,31.32
2021-03-13 13:00:00+05:30,851.41,32.64
2021-03-13 14:00:00+05:30,780.68,33.61
2021-03-13 15:00:00+05:30,627.37,34.13
2021-03-13 16:00:00+05:30,477.37,34.16
2021-03-13 17:00:00+05:30,247.87,33.9
2021-03-13 18:00:00+05:30,79.2,33.3
2021-03-13 19:00:00+05:30,0.0,32.01
2021-03-13 20:00:00+05:30,0.0,30.46
2021-03-13 21:00:00+05:30,0.0,29.18
2021-03-13 22:00:00+05:30,0.0,27.42
2021-03-13 23:00:00+05:30,0.0,25.98
2021-03-14 00:00:00+05:30,0.0,25.01
2021-03-14 01:00:00+05:30,0.0,24.68
2021-03-14 02:00:00+05:30,0.0,23.82
2021-03-14 03:00:00+05:30,0.0,22.94
2021-03-14 04:00:00+05:30,0.0,21.97
2021-03-14 05:00:00+05:30,0.0,21.41
2021-03-14 06:00:00+05:30,0.0,21.36
2021-03-14 07:00:00+05:30,26.04,21.61
2021-03-14 08:00:00+05:30,203.46,21.78
2021-03-14 09:00:00+05:30,414.4,25.01
2021-03-14 10:00:00+05:30,612.06,28.88
2021-03-14 11:00:00+05:30,763.05,31.25
2021-03-14 12:00:00+05:30,843.49,32.82
2021-03-14 13:00:00+05:30,867.11,33.87
2021-03-14 14:00:00+05:30,777.12,34.52
2021-03-14 15:00:00+05:30,642.84,34.7
2021-03-14 16:00:00+05:30,476.28,34.63
2021-03-14 17:00:00+05:30,262.97,34.24
2021-03-14 18:00:00+05:30,91.02,33.2
2021-03-14 19:00:00+05:30,0.0,32.17
2021-03-14 20:00:00+05:30,0.0,29.37
2021-03-14 21:00:00+05:30,0.0,27.47
2021-03-14 22:00:00+05:30,0.0,26.06
2021-03-14 23:00:00+05:30,0.0,25.07
2021-03-15 00:00:00+05:30,0.0,24.1
2021-03-15 01:00:00+05:30,0.0,23.21
2021-03-15 02:00:00+05:30,0.0,22.38
2021-03-15 03:00:00+05:30,0.0,21.84
2021-03-15 04:00:00+05:30,0.0,22.5
2021-03-15 05:00:00+05:30,0.0,22.71
2021-03-15 06:00:00+05:30,0.0,22.32
2021-03-15 07:00:00+05:30,28.39,21.91
2021-03-15 08:00:00+05:30,209.13,21.98
2021-03-15 09:00:00+05:30,401.02,25.6
2021-03-15 10:00:00+05:30,620.39,28.66
2021-03-15 11:00:00+05:30,762.28,31.33
2021-03-15 12:00:00+05:30,814.36,33.09
2021-03-15 13:00:00+05:30,781.23,33.96
2021-03-15 14:00:00+05:30,714.2,34.36
2021-03-15 15:00:00+05:30,583.04,34.47
2021-03-15 16:00:00+05:30,398.26,34.26
2021-03-15 17:00:00+05:30,237.71,33.69
2021-03-15 18:00:00+05:30,72.03,32.68
2021-03-15 19:00:00+05:30,0.0,31.17
2021-03-15 20:00:00+05:30,0.0,29.22
2021-03-15 21:00:00+05:30,0.0,27.84
2021-03-15 22:00:00+05:30,0.0,26.87
2021-03-15 23:00:00+05:30,0.0,25.81
2021-03-16 00:00:00+05:30,0.0,24.9
2021-03-16 01:00:00+05:30,0.0,23.95
2021-03-16 02:00:00+05:30,0.0,22.91
2021-03-16 03:00:00+05:30,0.0,22.14
2021-03-16 04:00:00+05:30,0.0,22.02
2021-03-16 05:00:00+05:30,0.0,23.1
2021-03-16 06:00:00+05:30,0.0,23.09
2021-03-16 07:00:00+05:30,30.68,22.93
2021-03-16 08:00:00+05:30,217.13,22.86
2021-03-16 09:00:00+05:30,433.67,25.68
2021-03-16 10:00:00+05:30,626.21,29.03
2021-03-16 11:00:00+05:30,765.46,31.02
2021-03-16 12:00:00+05:30,854.35,32.47
2021-03-16 13:00:00+05:30,869.18,33.57
2021-03-16 14:00:00+05:30,782.22,34.35
2021-03-16 15:00:00+05:30,592.09,34.73
2021-03-16 16:00:00+05:30,447.28,34.74
2021-03-16 17:00:00+05:30,270.77,34.56
2021-03-16 18:00:00+05:30,78.1,33.93
2021-03-16 19:00:00+05:30,0.0,32.35
2021-03-16 20:00:00+05:30,0.0,29.64
2021-03-16 21:00:00+05:30,0.0,27.54
2021-03-16 22:00:00+05:30,0.0,26.39
2021-03-16 23:00:00+05:30,0.0,25.54
2021-03-17 00:00:00+05:30,0.0,24.77
2021-03-17 01:00:00+05:30,0.0,23.65
2021-03-17 02:00:00+05:30,0.0,22.55
2021-03-17 03:00:00+05:30,0.0,21.73
2021-03-17 04:00:00+05:30,0.0,21.24
2021-03-17 05:00:00+05:30,0.0,20.86
2021-03-17 06:00:00+05:30,0.0,20.53
2021-03-17 07:00:00+05:30,32.54,20.34
2021-03-17 08:00:00+05:30,215.85,21.59
2021-03-17 09:00:00+05:30,427.4,25.47
2021-03-17 10:00:00+05:30,594.1,29.13
2021-03-17 11:00:00+05:30,770.35,31.19
2021-03-17 12:00:00+05:30,854.27,32.89
2021-03-17 13:00:00+05:30,843.85,33.94
2021-03-17 14:00:00+05:30,693.57,34.68
2021-03-17 15:00:00+05:30,520.29,34.8
2021-03-17 16:00:00+05:30,310.46,34.6
2021-03-17 17:00:00+05:30,175.41,34.06
2021-03-17 18:00:00+05:30,54.47,33.23
2021-03-17 19:00:00+05:30,0.0,31.41
2021-03-17 20:00:00+05:30,0.0,29.37
2021-03-17 21:00:00+05:30,0.0,27.7
2021-03-17 22:00:00+05:30,0.0,26.56
2021-03-17 23:00:00+05:30,0.0,25.61
2021-03-18 00:00:00+05:30,0.0,24.88
2021-03-18 01:00:00+05:30,0.0,24.4
2021-03-18 02:00:00+05:30,0.0,23.8
2021-03-18 03:00:00+05:30,0.0,23.26
2021-03-18 04:00:00+05:30,0.0,22.59
2021-03-18 05:00:00+05:30,0.0,21.71
2021-03-18 06:00:00+05:30,0.0,21.28
2021-03-18 07:00:00+05:30,29.04,20.92
2021-03-18 08:00:00+05:30,208.87,21.57
2021-03-18 09:00:00+05:30,405.1,26.22
2021-03-18 10:00:00+05:30,609.51,28.93
2021-03-18 11:00:00+05:30,763.67,31.07
2021-03-18 12:00:00+05:30,822.75,32.7
2021-03-18 13:00:00+05:30,647.27,33.85
2021-03-18 14:00:00+05:30,598.11,34.01
2021-03-18 15:00:00+05:30,416.14,34.1
2021-03-18 16:00:00+05:30,384.64,33.64
2021-03-18 17:00:00+05:30,238.63,33.48
2021-03-18 18:00:00+05:30,66.38,32.53
2021-03-18 19:00:00+05:30,0.0,30.7
2021-03-18 20:00:00+05:30,0.0,28.91
2021-03-18 21:00:00+05:30,0.0,27.28
2021-03-18 22:00:00+05:30,0.0,25.98
2021-03-18 23:00:00+05:30,0.0,25.23
2021-03-19 00:00:00+05:30,0.0,24.38
2021-03-19 01:00:00+05:30,0.0,23.85
2021-03-19 02:00:00+05:30,0.0,23.47
2021-03-19 03:00:00+05:30,0.0,22.92
2021-03-19 04:00:00+05:30,0.0,22.37
2021-03-19 05:00:00+05:30,0.0,22.53
2021-03-19 06:00:00+05:30,0.0,21.91
2021-03-19 07:00:00+05:30,26.92,21.51
2021-03-19 08:00:00+05:30,191.56,21.84
2021-03-19 09:00:00+05:30,386.56,25.53
2021-03-19 10:00:00+05:30,600.43,28.66
2021-03-19 11:00:00+05:30,708.55,31.0
2021-03-19 12:00:00+05:30,820.39,32.23
2021-03-19 13:00:00+05:30,829.18,32.98
2021-03-19 14:00:00+05:30,742.38,33.51
2021-03-19 15:00:00+05:30,579.42,33.73
2021-03-19 16:00:00+05:30,481.2,33.53
2021-03-19 17:00:00+05:30,252.78,33.24
2021-03-19 18:00:00+05:30,85.24,32.1
2021-03-19 19:00:00+05:30,0.0,30.26
2021-03-19 20:00:00+05:30,0.0,28.05
2021-03-19 21:00:00+05:30,0.0,26.43
2021-03-19 22:00:00+05:30,0.0,25.22
2021-03-19 23:00:00+05:30,0.0,24.19
2021-03-20 00:00:00+05:30,0.0,23.26
2021-03-20 01:00:00+05:30,0.0,22.24
2021-03-20 02:00:00+05:30,0.0,21.46
2021-03-20 03:00:00+05:30,0.0,21.15
2021-03-20 04:00:00+05:30,0.0,21.29
2021-03-20 05:00:00+05:30,0.0,22.25
2021-03-20 06:00:00+05:30,0.0,21.37
2021-03-20 07:00:00+05:30,34.03,21.26
2021-03-20 08:00:00+05:30,211.92,21.88
2021-03-20 09:00:00+05:30,423.76,24.92
2021-03-20 10:00:00+05:30,581.81,27.67
2021-03-20 11:00:00+05:30,742.43,29.83
2021-03-20 12:00:00+05:30,664.96,31.16
2021-03-20 13:00:00+05:30,673.07,32.02
2021-03-20 14:00:00+05:30,705.26,32.41
2021-03-20 15:00:00+05:30,641.03,33.07
2021-03-20 16:00:00+05:30,440.87,33.34
2021-03-20 17:00:00+05:30,279.42,32.91
2021-03-20 18:00:00+05:30,80.74,32.35
2021-03-20 19:00:00+05:30,0.0,30.38
2021-03-20 20:00:00+05:30,0.0,27.63
2021-03-20 21:00:00+05:30,0.0,26.82
2021-03-20 22:00:00+05:30,0.0,25.67
2021-03-20 23:00:00+05:30,0.0,24.62
2021-03-21 00:00:00+05:30,0.0,24.19
2021-03-21 01:00:00+05:30,0.0,22.63
2021-03-21 02:00:00+05:30,0.0,22.02
2021-03-21 03:00:00+05:30,0.0,21.52
2021-03-21 04:00:00+05:30,0.0,21.15
2021-03-21 05:00:00+05:30,0.0,21.37
2021-03-21 06:00:00+05:30,0.0,20.97
2021-03-21 07:00:00+05:30,36.16,19.84
2021-03-21 08:00:00+05:30,187.62,20.57
2021-03-21 09:00:00+05:30,372.89,24.06
2021-03-21 10:00:00+05:30,576.01,26.91
2021-03-21 11:00:00+05:30,684.93,29.34
2021-03-21 12:00:00+05:30,808.01,31.03
2021-03-21 13:00:00+05:30,695.19,32.16
2021-03-21 14:00:00+05:30,592.25,32.58
2021-03-21 15:00:00+05:30,556.26,32.57
2021-03-21 16:00:00+05:30,414.43,32.19
2021-03-21 17:00:00+05:30,191.63,31.57
2021-03-21 18:00:00+05:30,82.88,30.3
2021-03-21 19:00:00+05:30,0.0,29.19
2021-03-21 20:00:00+05:30,0.0,27.37
2021-03-21 21:00:00+05:30,0.0,26.5
2021-03-21 22:00:00+05:30,0.0,25.14
2021-03-21 23:00:00+05:30,0.0,23.94
2021-03-22 00:00:00+05:30,0.0,23.13
2021-03-22 01:00:00+05:30,0.0,22.67
2021-03-22 02:00:00+05:30,0.0,22.51
2021-03-22 03:00:00+05:30,0.0,22.55
2021-03-22 04:00:00+05:30,0.0,22.24
2021-03-22 05:00:00+05:30,0.0,22.2
2021-03-22 06:00:00+05:30,0.0,21.99
2021-03-22 07:00:00+05:30,37.48,21.9
2021-03-22 08:00:00+05:30,188.46,21.88
2021-03-22 09:00:00+05:30,411.45,25.45
2021-03-22 10:00:00+05:30,550.77,28.57
2021-03-22 11:00:00+05:30,656.06,30.29
2021-03-22 12:00:00+05:30,768.07,31.5
2021-03-22 13:00:00+05:30,836.34,32.35
2021-03-22 14:00:00+05:30,719.53,33.26
2021-03-22 15:00:00+05:30,468.83,33.51
2021-03-22 16:00:00+05:30,351.89,32.2
2021-03-22 17:00:00+05:30,242.47,30.95
2021-03-22 18:00:00+05:30,70.58,29.69
2021-03-22 19:00:00+05:30,0.0,28.61
2021-03-22 20:00:00+05:30,0.0,27.38
2021-03-22 21:00:00+05:30,0.0,26.27
2021-03-22 22:00:00+05:30,0.0,25.21
2021-03-22 23:00:00+05:30,0.0,24.14
2021-03-23 00:00:00+05:30,0.0,23.25
2021-03-23 01:00:00+05:30,0.0,22.43
2021-03-23 02:00:00+05:30,0.0,22.23
2021-03-23 03:00:00+05:30,0.0,22.69
2021-03-23 04:00:00+05:30,0.0,21.89
2021-03-23 05:00:00+05:30,0.0,21.41
2021-03-23 06:00:00+05:30,0.0,21.11
2021-03-23 07:00:00+05:30,38.08,20.82
2021-03-23 08:00:00+05:30,208.56,21.54
2021-03-23 09:00:00+05:30,412.99,25.07
2021-03-23 10:00:00+05:30,632.51,27.51
2021-03-23 11:00:00+05:30,761.84,30.02
2021-03-23 12:00:00+05:30,711.93,31.69
2021-03-23 13:00:00+05:30,824.17,31.63
2021-03-23 14:00:00+05:30,650.96,32.42
2021-03-23 15:00:00+05:30,549.12,32.19
2021-03-23 16:00:00+05:30,379.97,31.67
2021-03-23 17:00:00+05:30,195.22,30.01
2021-03-23 18:00:00+05:30,61.09,28.76
2021-03-23 19:00:00+05:30,0.0,27.82
2021-03-23 20:00:00+05:30,0.0,26.36
2021-03-23 21:00:00+05:30,0.0,25.04
2021-03-23 22:00:00+05:30,0.0,23.95
2021-03-23 23:00:00+05:30,0.0,23.24
2021-03-24 00:00:00+05:30,0.0,22.58
2021-03-24 01:00:00+05:30,0.0,23.74
2021-03-24 02:00:00+05:30,0.0,22.84
2021-03-24 03:00:00+05:30,0.0,22.12
2021-03-24 04:00:00+05:30,0.0,21.72
2021-03-24 05:00:00+05:30,0.0,21.52
2021-03-24 06:00:00+05:30,0.0,21.14
2021-03-24 07:00:00+05:30,42.34,20.76
2021-03-24 08:00:00+05:30,213.41,21.59
2021-03-24 09:00:00+05:30,424.76,25.18
2021-03-24 10:00:00+05:30,580.42,27.76
2021-03-24 11:00:00+05:30,755.78,29.54
2021-03-24 12:00:00+05:30,795.28,31.14
2021-03-24 13:00:00+05:30,764.33,32.04
2021-03-24 14:00:00+05:30,626.7,32.34
2021-03-24 15:00:00+05:30,514.72,32.48
2021-03-24 16:00:00+05:30,409.71,32.57
2021-03-24 17:00:00+05:30,224.49,32.42
2021-03-24 18:00:00+05:30,74.32,31.74
2021-03-24 19:00:00+05:30,0.0,30.2
2021-03-24 20:00:00+05:30,0.0,29.16
2021-03-24 21:00:00+05:30,0.0,28.26
2021-03-24 22:00:00+05:30,0.0,26.95
2021-03-24 23:00:00+05:30,0.0,25.75
2021-03-25 00:00:00+05:30,0.0,24.66
2021-03-25 01:00:00+05:30,0.0,25.57
2021-03-25 02:00:00+05:30,0.0,24.96
2021-03-25 03:00:00+05:30,0.0,24.11
2021-03-25 04:00:00+05:30,0.0,22.93
2021-03-25 05:00:00+05:30,0.0,23.05
2021-03-25 06:00:00+05:30,0.0,22.89
2021-03-25 07:00:00+05:30,46.09,22.17
2021-03-25 08:00:00+05:30,237.42,22.59
2021-03-25 09:00:00+05:30,447.19,26.72
2021-03-25 10:00:00+05:30,650.52,29.47
2021-03-25 11:00:00+05:30,755.93,31.53
2021-03-25 12:00:00+05:30,830.69,32.62
2021-03-25 13:00:00+05:30,815.59,33.7
2021-03-25 14:00:00+05:30,803.22,34.22
2021-03-25 15:00:00+05:30,634.97,34.72
2021-03-25 16:00:00+05:30,439.69,34.66
2021-03-25 17:00:00+05:30,250.12,34.08
2021-03-25 18:00:00+05:30,89.92,33.09
2021-03-25 19:00:00+05:30,0.0,31.68
2021-03-25 20:00:00+05:30,0.0,30.21
2021-03-25 21:00:00+05:30,0.0,28.65
2021-03-25 22:00:00+05:30,0.0,26.63
2021-03-25 23:00:00+05:30,0.0,24.91
2021-03-26 00:00:00+05:30,0.0,23.89
2021-03-26 01:00:00+05:30,0.0,24.79
2021-03-26 02:00:00+05:30,0.0,24.64
2021-03-26 03:00:00+05:30,0.0,24.47
2021-03-26 04:00:00+05:30,0.0,22.84
2021-03-26 05:00:00+05:30,0.0,22.33
2021-03-26 06:00:00+05:30,0.0,22.49
2021-03-26 07:00:00+05:30,53.5,22.87
2021-03-26 08:00:00+05:30,258.95,23.02
2021-03-26 09:00:00+05:30,479.36,26.33
2021-03-26 10:00:00+05:30,671.67,29.35
2021-03-26 11:00:00+05:30,814.02,31.79
2021-03-26 12:00:00+05:30,894.36,33.53
2021-03-26 13:00:00+05:30,903.32,34.71
2021-03-26 14:00:00+05:30,842.5,35.33
2021-03-26 15:00:00+05:30,710.93,35.67
2021-03-26 16:00:00+05:30,530.96,35.72
2021-03-26 17:00:00+05:30,315.36,35.39
2021-03-26 18:00:00+05:30,109.23,34.64
2021-03-26 19:00:00+05:30,0.0,32.82
2021-03-26 20:00:00+05:30,0.0,30.81
2021-03-26 21:00:00+05:30,0.0,29.38
2021-03-26 22:00:00+05:30,0.0,27.88
2021-03-26 23:00:00+05:30,0.0,26.06
2021-03-27 00:00:00+05:30,0.0,24.62
2021-03-27 01:00:00+05:30,0.0,25.6
2021-03-27 02:00:00+05:30,0.0,25.22
2021-03-27 03:00:00+05:30,0.0,23.83
2021-03-27 04:00:00+05:30,0.0,23.08
2021-03-27 05:00:00+05:30,0.0,22.76
2021-03-27 06:00:00+05:30,0.0,22.73
2021-03-27 07:00:00+05:30,55.63,23.29
2021-03-27 08:00:00+05:30,261.07,22.44
2021-03-27 09:00:00+05:30,479.42,26.59
2021-03-27 10:00:00+05:30,659.73,29.75
2021-03-27 11:00:00+05:30,809.08,32.12
2021-03-27 12:00:00+05:30,874.74,33.84
2021-03-27 13:00:00+05:30,903.33,34.9
2021-03-27 14:00:00+05:30,824.31,35.62
2021-03-27 15:00:00+05:30,678.74,35.89
2021-03-27 16:00:00+05:30,497.52,35.9
2021-03-27 17:00:00+05:30,308.46,35.52
2021-03-27 18:00:00+05:30,107.16,34.93
2021-03-27 19:00:00+05:30,0.0,33.24
2021-03-27 20:00:00+05:30,0.0,31.35
2021-03-27 21:00:00+05:30,0.0,29.81
2021-03-27 22:00:00+05:30,0.0,27.54
2021-03-27 23:00:00+05:30,0.0,26.07
2021-03-28 00:00:00+05:30,0.0,24.91
2021-03-28 01:00:00+05:30,0.0,23.78
2021-03-28 02:00:00+05:30,0.0,23.54
2021-03-28 03:00:00+05:30,0.0,23.51
2021-03-28 04:00:00+05:30,0.0,24.31
2021-03-28 05:00:00+05:30,0.0,24.22
2021-03-28 06:00:00+05:30,0.0,24.07
2021-03-28 07:00:00+05:30,59.14,23.75
2021-03-28 08:00:00+05:30,266.94,22.83
2021-03-28 09:00:00+05:30,494.41,26.9
2021-03-28 10:00:00+05:30,685.55,30.78
2021-03-28 11:00:00+05:30,830.11,33.22
2021-03-28 12:00:00+05:30,911.32,34.73
2021-03-28 13:00:00+05:30,921.14,35.59
2021-03-28 14:00:00+05:30,860.56,36.13
2021-03-28 15:00:00+05:30,721.97,36.36
2021-03-28 16:00:00+05:30,553.41,36.38
2021-03-28 17:00:00+05:30,286.71,36.23
2021-03-28 18:00:00+05:30,115.79,35.17
2021-03-28 19:00:00+05:30,0.0,33.38
2021-03-28 20:00:00+05:30,0.0,30.36
2021-03-28 21:00:00+05:30,0.0,28.11
2021-03-28 22:00:00+05:30,0.0,26.52
2021-03-28 23:00:00+05:30,0.0,25.3
2021-03-29 00:00:00+05:30,0.0,24.18
2021-03-29 01:00:00+05:30,0.0,23.42
2021-03-29 02:00:00+05:30,0.0,22.47
2021-03-29 03:00:00+05:30,0.0,21.59
2021-03-29 04:00:00+05:30,0.0,21.26
2021-03-29 05:00:00+05:30,0.0,20.87
2021-03-29 06:00:00+05:30,0.0,20.34
2021-03-29 07:00:00+05:30,70.45,19.7
2021-03-29 08:00:00+05:30,277.24,21.26
2021-03-29 09:00:00+05:30,500.32,26.81
2021-03-29 10:00:00+05:30,692.13,30.74
2021-03-29 11:00:00+05:30,834.6,33.56
2021-03-29 12:00:00+05:30,915.15,35.47
2021-03-29 13:00:00+05:30,924.16,36.62
2021-03-29 14:00:00+05:30,861.99,37.17
2021-03-29 15:00:00+05:30,732.11,37.43
2021-03-29 16:00:00+05:30,550.99,37.47
2021-03-29 17:00:00+05:30,333.05,37.13
2021-03-29 18:00:00+05:30,117.07,36.14
2021-03-29 19:00:00+05:30,0.0,33.7
2021-03-29 20:00:00+05:30,0.0,30.53
2021-03-29 21:00:00+05:30,0.0,28.28
2021-03-29 22:00:00+05:30,0.0,26.66
2021-03-29 23:00:00+05:30,0.0,25.37
2021-03-30 00:00:00+05:30,0.0,24.35
2021-03-30 01:00:00+05:30,0.0,23.53
2021-03-30 02:00:00+05:30,0.0,22.88
2021-03-30 03:00:00+05:30,0.0,22.29
2021-03-30 04:00:00+05:30,0.0,21.78
2021-03-30 05:00:00+05:30,0.0,21.39
2021-03-30 06:00:00+05:30,0.0,21.15
2021-03-30 07:00:00+05:30,67.36,20.67
2021-03-30 08:00:00+05:30,267.8,21.63
2021-03-30 09:00:00+05:30,487.45,24.95
2021-03-30 10:00:00+05:30,691.52,28.48
2021-03-30 11:00:00+05:30,838.2,31.32
2021-03-30 12:00:00+05:30,917.12,33.43
2021-03-30 13:00:00+05:30,925.68,34.57
2021-03-30 14:00:00+05:30,863.51,35.09
2021-03-30 15:00:00+05:30,735.75,35.12
2021-03-30 16:00:00+05:30,554.18,34.71
2021-03-30 17:00:00+05:30,337.83,33.86
2021-03-30 18:00:00+05:30,120.19,32.49
2021-03-30 19:00:00+05:30,0.0,30.55
2021-03-30 20:00:00+05:30,0.0,28.24
2021-03-30 21:00:00+05:30,0.0,26.52
2021-03-30 22:00:00+05:30,0.0,25.02
2021-03-30 23:00:00+05:30,0.0,23.55
2021-03-31 00:00:00+05:30,0.0,22.07
2021-03-31 01:00:00+05:30,0.0,20.87
2021-03-31 02:00:00+05:30,0.0,19.94
2021-03-31 03:00:00+05:30,0.0,19.19
2021-03-31 04:00:00+05:30,0.0,18.57
2021-03-31 05:00:00+05:30,0.0,18.08
2021-03-31 06:00:00+05:30,0.0,17.61
2021-03-31 07:00:00+05:30,78.67,17.15
2021-03-31 08:00:00+05:30,293.72,18.8
2021-03-31 09:00:00+05:30,521.35,24.98
2021-03-31 10:00:00+05:30,717.6,29.44
2021-03-31 11:00:00+05:30,861.73,32.3
2021-03-31 12:00:00+05:30,942.65,34.19
2021-03-31 13:00:00+05:30,949.82,35.42
2021-03-31 14:00:00+05:30,884.55,36.25
2021-03-31 15:00:00+05:30,752.46,36.51
2021-03-31 16:00:00+05:30,565.7,36.06
2021-03-31 17:00:00+05:30,343.75,34.93
2021-03-31 18:00:00+05:30,122.03,33.05
2021-03-31 19:00:00+05:30,0.0,30.69
2021-03-31 20:00:00+05:30,0.0,28.2
2021-03-31 21:00:00+05:30,0.0,26.38
2021-03-31 22:00:00+05:30,0.0,24.9
2021-03-31 23:00:00+05:30,0.0,23.69
2021-04-01 00:00:00+05:30,0.0,22.73
2021-04-01 01:00:00+05:30,0.0,22.01
2021-04-01 02:00:00+05:30,0.0,21.29
2021-04-01 03:00:00+05:30,0.0,20.64
2021-04-01 04:00:00+05:30,0.0,20.14
2021-04-01 05:00:00+05:30,0.0,19.79
2021-04-01 06:00:00+05:30,0.0,19.47
2021-04-01 07:00:00+05:30,79.34,19.3
2021-04-01 08:00:00+05:30,290.29,20.7
2021-04-01 09:00:00+05:30,513.96,25.18
2021-04-01 10:00:00+05:30,705.42,28.69
2021-04-01 11:00:00+05:30,846.47,31.37
2021-04-01 12:00:00+05:30,926.26,33.26
2021-04-01 13:00:00+05:30,932.78,34.44
2021-04-01 14:00:00+05:30,868.55,35.14
2021-04-01 15:00:00+05:30,739.23,35.33
2021-04-01 16:00:00+05:30,556.49,34.93
2021-04-01 17:00:00+05:30,339.22,33.92
2021-04-01 18:00:00+05:30,121.51,32.22
2021-04-01 19:00:00+05:30,0.0,29.94
2021-04-01 20:00:00+05:30,0.0,27.54
2021-04-01 21:00:00+05:30,0.0,25.77
2021-04-01 22:00:00+05:30,0.0,24.3
2021-04-01 23:00:00+05:30,0.0,23.08
2021-04-02 00:00:00+05:30,0.0,22.05
2021-04-02 01:00:00+05:30,0.0,21.24
2021-04-02 02:00:00+05:30,0.0,20.55
2021-04-02 03:00:00+05:30,0.0,20.02
2021-04-02 04:00:00+05:30,0.0,19.67
2021-04-02 05:00:00+05:30,0.0,19.37
2021-04-02 06:00:00+05:30,0.0,18.99
2021-04-02 07:00:00+05:30,75.36,18.65
2021-04-02 08:00:00+05:30,274.94,19.61
2021-04-02 09:00:00+05:30,526.59,23.21
2021-04-02 10:00:00+05:30,721.38,27.0
2021-04-02 11:00:00+05:30,865.92,30.26
2021-04-02 12:00:00+05:30,943.14,32.65
2021-04-02 13:00:00+05:30,949.85,34.14
2021-04-02 14:00:00+05:30,884.18,35.09
2021-04-02 15:00:00+05:30,752.98,35.54
2021-04-02 16:00:00+05:30,567.14,35.4
2021-04-02 17:00:00+05:30,346.48,34.55
2021-04-02 18:00:00+05:30,124.72,32.86
2021-04-02 19:00:00+05:30,0.0,30.36
2021-04-02 20:00:00+05:30,0.0,27.73
2021-04-02 21:00:00+05:30,0.0,25.92
2021-04-02 22:00:00+05:30,0.0,24.49
2021-04-02 23:00:00+05:30,0.0,23.31
2021-04-03 00:00:00+05:30,0.0,22.25
2021-04-03 01:00:00+05:30,0.0,21.57
2021-04-03 02:00:00+05:30,0.0,20.79
2021-04-03 03:00:00+05:30,0.0,19.96
2021-04-03 04:00:00+05:30,0.0,19.39
2021-04-03 05:00:00+05:30,0.0,19.04
2021-04-03 06:00:00+05:30,0.0,18.79
2021-04-03 07:00:00+05:30,69.38,18.63
2021-04-03 08:00:00+05:30,263.77,19.68
2021-04-03 09:00:00+05:30,511.44,23.3
2021-04-03 10:00:00+05:30,707.77,27.56
2021-04-03 11:00:00+05:30,848.5,30.6
2021-04-03 12:00:00+05:30,919.18,32.86
2021-04-03 13:00:00+05:30,925.42,33.8
2021-04-03 14:00:00+05:30,847.52,34.88
2021-04-03 15:00:00+05:30,711.83,35.39
2021-04-03 16:00:00+05:30,489.08,35.3
2021-04-03 17:00:00+05:30,325.84,34.08
2021-04-03 18:00:00+05:30,116.21,31.87
2021-04-03 19:00:00+05:30,0.0,29.07
2021-04-03 20:00:00+05:30,0.0,26.96
2021-04-03 21:00:00+05:30,0.0,25.52
2021-04-03 22:00:00+05:30,0.0,24.39
2021-04-03 23:00:00+05:30,0.0,23.39
2021-04-04 00:00:00+05:30,0.0,22.51
2021-04-04 01:00:00+05:30,0.0,22.21
2021-04-04 02:00:00+05:30,0.0,21.81
2021-04-04 03:00:00+05:30,0.0,21.3
2021-04-04 04:00:00+05:30,0.0,21.0
2021-04-04 05:00:00+05:30,0.0,20.58
2021-04-04 06:00:00+05:30,0.0,20.16
2021-04-04 07:00:00+05:30,82.11,20.07
2021-04-04 08:00:00+05:30,289.0,21.0
2021-04-04 09:00:00+05:30,512.44,24.79
2021-04-04 10:00:00+05:30,701.53,28.36
2021-04-04 11:00:00+05:30,840.7,31.43
2021-04-04 12:00:00+05:30,921.15,33.66
2021-04-04 13:00:00+05:30,926.9,35.18
2021-04-04 14:00:00+05:30,864.06,35.98
2021-04-04 15:00:00+05:30,711.29,36.4
2021-04-04 16:00:00+05:30,515.26,36.36
2021-04-04 17:00:00+05:30,322.32,35.53
2021-04-04 18:00:00+05:30,118.22,33.89
2021-04-04 19:00:00+05:30,0.0,31.11
2021-04-04 20:00:00+05:30,0.0,28.61
2021-04-04 21:00:00+05:30,0.0,27.1
2021-04-04 22:00:00+05:30,0.0,25.87
2021-04-04 23:00:00+05:30,0.0,24.74
2021-04-05 00:00:00+05:30,0.0,23.79
2021-04-05 01:00:00+05:30,0.0,23.34
2021-04-05 02:00:00+05:30,0.0,22.74
2021-04-05 03:00:00+05:30,0.0,22.08
2021-04-05 04:00:00+05:30,0.0,21.4
2021-04-05 05:00:00+05:30,0.0,21.02
2021-04-05 06:00:00+05:30,0.0,20.94
2021-04-05 07:00:00+05:30,82.3,20.51
2021-04-05 08:00:00+05:30,296.7,21.99
2021-04-05 09:00:00+05:30,518.19,26.84
2021-04-05 10:00:00+05:30,707.98,31.1
2021-04-05 11:00:00+05:30,846.72,33.97
2021-04-05 12:00:00+05:30,912.99,35.63
2021-04-05 13:00:00+05:30,910.23,36.53
2021-04-05 14:00:00+05:30,815.73,37.12
2021-04-05 15:00:00+05:30,688.59,37.37
2021-04-05 16:00:00+05:30,497.82,37.33
2021-04-05 17:00:00+05:30,314.15,36.67
2021-04-05 18:00:00+05:30,121.86,35.44
2021-04-05 19:00:00+05:30,0.0,32.81
2021-04-05 20:00:00+05:30,0.0,29.84
2021-04-05 21:00:00+05:30,0.0,28.07
2021-04-05 22:00:00+05:30,0.0,27.02
2021-04-05 23:00:00+05:30,0.0,26.09
2021-04-06 00:00:00+05:30,0.0,25.28
2021-04-06 01:00:00+05:30,0.0,24.47
2021-04-06 02:00:00+05:30,0.0,23.46
2021-04-06 03:00:00+05:30,0.0,22.76
2021-04-06 04:00:00+05:30,0.0,22.7
2021-04-06 05:00:00+05:30,0.0,23.14
2021-04-06 06:00:00+05:30,0.0,23.15
2021-04-06 07:00:00+05:30,91.04,23.13
2021-04-06 08:00:00+05:30,285.77,23.82
2021-04-06 09:00:00+05:30,524.87,28.07
2021-04-06 10:00:00+05:30,713.59,31.72
2021-04-06 11:00:00+05:30,850.77,34.1
2021-04-06 12:00:00+05:30,931.86,35.73
2021-04-06 13:00:00+05:30,937.91,36.94
2021-04-06 14:00:00+05:30,872.28,37.63
2021-04-06 15:00:00+05:30,720.76,37.9
2021-04-06 16:00:00+05:30,540.19,37.93
2021-04-06 17:00:00+05:30,309.65,37.78
2021-04-06 18:00:00+05:30,123.89,37.03
2021-04-06 19:00:00+05:30,0.0,35.7
2021-04-06 20:00:00+05:30,0.0,32.76
2021-04-06 21:00:00+05:30,0.0,30.27
2021-04-06 22:00:00+05:30,0.0,28.3
2021-04-06 23:00:00+05:30,0.0,27.02
2021-04-07 00:00:00+05:30,0.0,26.11
2021-04-07 01:00:00+05:30,0.0,25.6
2021-04-07 02:00:00+05:30,0.0,24.86
2021-04-07 03:00:00+05:30,0.0,23.95
2021-04-07 04:00:00+05:30,0.0,23.06
2021-04-07 05:00:00+05:30,0.0,22.55
2021-04-07 06:00:00+05:30,0.0,22.08
2021-04-07 07:00:00+05:30,83.48,22.34
2021-04-07 08:00:00+05:30,283.61,24.04
2021-04-07 09:00:00+05:30,495.19,28.22
2021-04-07 10:00:00+05:30,690.74,31.66
2021-04-07 11:00:00+05:30,848.34,34.36
2021-04-07 12:00:00+05:30,919.47,36.09
2021-04-07 13:00:00+05:30,929.81,36.97
2021-04-07 14:00:00+05:30,860.25,37.57
2021-04-07 15:00:00+05:30,737.8,37.98
2021-04-07 16:00:00+05:30,471.06,38.04
2021-04-07 17:00:00+05:30,238.88,37.31
2021-04-07 18:00:00+05:30,86.93,35.59
2021-04-07 19:00:00+05:30,0.0,32.93
2021-04-07 20:00:00+05:30,0.0,30.31
2021-04-07 21:00:00+05:30,0.0,28.8
2021-04-07 22:00:00+05:30,0.0,27.55
2021-04-07 23:00:00+05:30,0.0,26.48
2021-04-08 00:00:00+05:30,0.0,25.66
2021-04-08 01:00:00+05:30,0.0,25.08
2021-04-08 02:00:00+05:30,0.0,24.13
2021-04-08 03:00:00+05:30,0.0,23.31
2021-04-08 04:00:00+05:30,0.0,22.55
2021-04-08 05:00:00+05:30,0.0,22.14
2021-04-08 06:00:00+05:30,0.0,21.68
2021-04-08 07:00:00+05:30,85.83,21.32
2021-04-08 08:00:00+05:30,272.9,22.85
2021-04-08 09:00:00+05:30,377.6,27.6
2021-04-08 10:00:00+05:30,553.13,30.41
2021-04-08 11:00:00+05:30,708.92,32.67
2021-04-08 12:00:00+05:30,799.45,34.38
2021-04-08 13:00:00+05:30,672.77,35.14
2021-04-08 14:00:00+05:30,650.34,35.4
2021-04-08 15:00:00+05:30,569.85,35.58
2021-04-08 16:00:00+05:30,498.21,35.04
2021-04-08 17:00:00+05:30,304.54,33.98
2021-04-08 18:00:00+05:30,95.59,32.67
2021-04-08 19:00:00+05:30,0.0,30.61
2021-04-08 20:00:00+05:30,0.0,28.83
2021-04-08 21:00:00+05:30,0.0,27.44
2021-04-08 22:00:00+05:30,0.0,26.63
2021-04-08 23:00:00+05:30,0.0,25.91
2021-04-09 00:00:00+05:30,0.0,25.19
2021-04-09 01:00:00+05:30,0.0,25.21
2021-04-09 02:00:00+05:30,0.0,24.67
2021-04-09 03:00:00+05:30,0.0,24.16
2021-04-09 04:00:00+05:30,0.0,23.47
2021-04-09 05:00:00+05:30,0.0,22.78
2021-04-09 06:00:00+05:30,0.0,22.31
2021-04-09 07:00:00+05:30,85.0,21.78
2021-04-09 08:00:00+05:30,291.65,23.08
2021-04-09 09:00:00+05:30,514.14,26.41
2021-04-09 10:00:00+05:30,685.97,29.92
2021-04-09 11:00:00+05:30,829.49,32.55
2021-04-09 12:00:00+05:30,900.34,34.16
2021-04-09 13:00:00+05:30,799.39,35.16
2021-04-09 14:00:00+05:30,736.99,35.43
2021-04-09 15:00:00+05:30,589.74,35.6
2021-04-09 16:00:00+05:30,378.33,35.54
2021-04-09 17:00:00+05:30,278.75,34.45
2021-04-09 18:00:00+05:30,81.64,33.52
2021-04-09 19:00:00+05:30,0.0,31.9
2021-04-09 20:00:00+05:30,0.0,30.26
2021-04-09 21:00:00+05:30,0.0,28.78
2021-04-09 22:00:00+05:30,0.0,27.7
2021-04-09 23:00:00+05:30,0.0,26.93
2021-04-10 00:00:00+05:30,0.0,26.12
2021-04-10 01:00:00+05:30,0.0,24.99
2021-04-10 02:00:00+05:30,0.0,24.41
2021-04-10 03:00:00+05:30,0.0,24.0
2021-04-10 04:00:00+05:30,0.0,23.19
2021-04-10 05:00:00+05:30,0.0,22.85
2021-04-10 06:00:00+05:30,0.0,22.93
2021-04-10 07:00:00+05:30,71.75,22.66
2021-04-10 08:00:00+05:30,195.19,23.97
2021-04-10 09:00:00+05:30,383.09,26.96
2021-04-10 10:00:00+05:30,553.33,29.66
2021-04-10 11:00:00+05:30,632.79,31.88
2021-04-10 12:00:00+05:30,793.28,33.35
2021-04-10 13:00:00+05:30,753.0,35.34
2021-04-10 14:00:00+05:30,722.05,36.04
2021-04-10 15:00:00+05:30,509.1,35.99
2021-04-10 16:00:00+05:30,299.54,34.8
2021-04-10 17:00:00+05:30,225.36,33.53
2021-04-10 18:00:00+05:30,94.97,32.32
2021-04-10 19:00:00+05:30,0.0,31.4
2021-04-10 20:00:00+05:30,0.0,30.21
2021-04-10 21:00:00+05:30,0.0,29.15
2021-04-10 22:00:00+05:30,0.0,28.35
2021-04-10 23:00:00+05:30,0.0,27.47
2021-04-11 00:00:00+05:30,0.0,26.68
2021-04-11 01:00:00+05:30,0.0,26.47
2021-04-11 02:00:00+05:30,0.0,26.41
2021-04-11 03:00:00+05:30,0.0,25.46
2021-04-11 04:00:00+05:30,0.0,24.88
2021-04-11 05:00:00+05:30,0.0,24.58
2021-04-11 06:00:00+05:30,0.0,24.51
2021-04-11 07:00:00+05:30,58.0,24.52
2021-04-11 08:00:00+05:30,209.62,25.75
2021-04-11 09:00:00+05:30,437.62,28.12
2021-04-11 10:00:00+05:30,587.54,30.48
2021-04-11 11:00:00+05:30,772.03,32.19
2021-04-11 12:00:00+05:30,794.59,33.71
2021-04-11 13:00:00+05:30,762.84,35.0
2021-04-11 14:00:00+05:30,711.03,35.28
2021-04-11 15:00:00+05:30,653.44,35.58
2021-04-11 16:00:00+05:30,457.07,35.76
2021-04-11 17:00:00+05:30,309.86,35.29
2021-04-11 18:00:00+05:30,94.15,34.47
2021-04-11 19:00:00+05:30,0.0,32.96
2021-04-11 20:00:00+05:30,0.0,31.49
2021-04-11 21:00:00+05:30,0.0,30.0
2021-04-11 22:00:00+05:30,0.0,28.51
2021-04-11 23:00:00+05:30,0.0,27.58
2021-04-12 00:00:00+05:30,0.0,26.72
2021-04-12 01:00:00+05:30,0.0,25.87
2021-04-12 02:00:00+05:30,0.0,25.22
2021-04-12 03:00:00+05:30,0.0,24.1
2021-04-12 04:00:00+05:30,0.0,23.63
2021-04-12 05:00:00+05:30,0.0,23.08
2021-04-12 06:00:00+05:30,0.0,22.75
2021-04-12 07:00:00+05:30,91.99,22.4
2021-04-12 08:00:00+05:30,293.11,24.22
2021-04-12 09:00:00+05:30,494.83,27.18
2021-04-12 10:00:00+05:30,696.52,29.84
2021-04-12 11:00:00+05:30,836.7,32.13
2021-04-12 12:00:00+05:30,839.57,33.99
2021-04-12 13:00:00+05:30,722.35,35.41
2021-04-12 14:00:00+05:30,579.67,35.82
2021-04-12 15:00:00+05:30,507.1,35.48
2021-04-12 16:00:00+05:30,383.7,35.13
2021-04-12 17:00:00+05:30,232.29,35.16
2021-04-12 18:00:00+05:30,98.99,34.0
2021-04-12 19:00:00+05:30,0.0,32.69
2021-04-12 20:00:00+05:30,0.0,31.17
2021-04-12 21:00:00+05:30,0.0,29.82
2021-04-12 22:00:00+05:30,0.0,28.52
2021-04-12 23:00:00+05:30,0.0,27.53
2021-04-13 00:00:00+05:30,0.0,26.54
2021-04-13 01:00:00+05:30,0.0,27.66
2021-04-13 02:00:00+05:30,0.0,27.15
2021-04-13 03:00:00+05:30,0.0,26.71
2021-04-13 04:00:00+05:30,0.0,26.21
2021-04-13 05:00:00+05:30,0.0,25.85
2021-04-13 06:00:00+05:30,0.0,25.65
2021-04-13 07:00:00+05:30,50.91,25.43
2021-04-13 08:00:00+05:30,191.19,25.91
2021-04-13 09:00:00+05:30,343.85,28.43
2021-04-13 10:00:00+05:30,583.91,30.33
2021-04-13 11:00:00+05:30,725.44,32.49
2021-04-13 12:00:00+05:30,808.93,33.86
2021-04-13 13:00:00+05:30,622.07,35.31
2021-04-13 14:00:00+05:30,515.59,35.03
2021-04-13 15:00:00+05:30,267.28,33.91
2021-04-13 16:00:00+05:30,273.62,30.85
2021-04-13 17:00:00+05:30,263.6,30.87
2021-04-13 18:00:00+05:30,108.41,30.72
2021-04-13 19:00:00+05:30,0.0,30.1
2021-04-13 20:00:00+05:30,0.0,29.05
2021-04-13 21:00:00+05:30,0.0,28.13
2021-04-13 22:00:00+05:30,0.0,27.5
2021-04-13 23:00:00+05:30,0.0,26.73
2021-04-14 00:00:00+05:30,0.0,25.79
2021-04-14 01:00:00+05:30,0.0,25.68
2021-04-14 02:00:00+05:30,0.0,24.63
2021-04-14 03:00:00+05:30,0.0,23.93
2021-04-14 04:00:00+05:30,0.0,23.54
2021-04-14 05:00:00+05:30,0.0,22.89
2021-04-14 06:00:00+05:30,0.0,22.42
2021-04-14 07:00:00+05:30,104.83,21.9
2021-04-14 08:00:00+05:30,283.26,23.89
2021-04-14 09:00:00+05:30,493.61,26.49
2021-04-14 10:00:00+05:30,683.8,28.65
2021-04-14 11:00:00+05:30,840.9,30.7
2021-04-14 12:00:00+05:30,852.1,32.41
2021-04-14 13:00:00+05:30,910.34,33.96
2021-04-14 14:00:00+05:30,727.35,34.81
2021-04-14 15:00:00+05:30,524.77,34.65
2021-04-14 16:00:00+05:30,454.79,34.44
2021-04-14 17:00:00+05:30,228.55,32.91
2021-04-14 18:00:00+05:30,86.36,29.64
2021-04-14 19:00:00+05:30,0.0,29.09
2021-04-14 20:00:00+05:30,0.0,28.25
2021-04-14 21:00:00+05:30,0.0,27.34
2021-04-14 22:00:00+05:30,0.0,26.28
2021-04-14 23:00:00+05:30,0.0,25.22
2021-04-15 00:00:00+05:30,0.0,24.3
2021-04-15 01:00:00+05:30,0.0,23.29
2021-04-15 02:00:00+05:30,0.0,22.62
2021-04-15 03:00:00+05:30,0.0,22.08
2021-04-15 04:00:00+05:30,0.0,22.08
2021-04-15 05:00:00+05:30,0.0,22.0
2021-04-15 06:00:00+05:30,0.0,21.52
2021-04-15 07:00:00+05:30,111.11,20.51
2021-04-15 08:00:00+05:30,323.76,22.21
2021-04-15 09:00:00+05:30,544.5,26.24
2021-04-15 10:00:00+05:30,730.28,28.51
2021-04-15 11:00:00+05:30,847.9,30.33
2021-04-15 12:00:00+05:30,890.21,31.91
2021-04-15 13:00:00+05:30,761.8,32.69
2021-04-15 14:00:00+05:30,756.35,33.13
2021-04-15 15:00:00+05:30,482.83,33.77
2021-04-15 16:00:00+05:30,415.57,33.43
2021-04-15 17:00:00+05:30,269.71,33.42
2021-04-15 18:00:00+05:30,79.66,32.07
2021-04-15 19:00:00+05:30,0.0,29.32
2021-04-15 20:00:00+05:30,0.0,27.19
2021-04-15 21:00:00+05:30,0.0,25.99
2021-04-15 22:00:00+05:30,0.0,25.16
2021-04-15 23:00:00+05:30,0.0,24.28
2021-04-16 00:00:00+05:30,0.0,23.5
2021-04-16 01:00:00+05:30,0.0,23.01
2021-04-16 02:00:00+05:30,0.0,22.36
2021-04-16 03:00:00+05:30,0.0,21.95
2021-04-16 04:00:00+05:30,0.0,21.6
2021-04-16 05:00:00+05:30,0.0,21.43
2021-04-16 06:00:00+05:30,0.0,20.99
2021-04-16 07:00:00+05:30,118.46,20.67
2021-04-16 08:00:00+05:30,338.56,22.46
2021-04-16 09:00:00+05:30,556.99,26.75
2021-04-16 10:00:00+05:30,744.17,29.78
2021-04-16 11:00:00+05:30,878.0,32.11
2021-04-16 12:00:00+05:30,951.9,33.55
2021-04-16 13:00:00+05:30,957.73,34.53
2021-04-16 14:00:00+05:30,884.61,35.25
2021-04-16 15:00:00+05:30,703.16,35.6
2021-04-16 16:00:00+05:30,541.49,35.48
2021-04-16 17:00:00+05:30,331.72,34.95
2021-04-16 18:00:00+05:30,131.55,33.58
2021-04-16 19:00:00+05:30,0.0,31.13
2021-04-16 20:00:00+05:30,0.0,28.43
2021-04-16 21:00:00+05:30,0.0,26.91
2021-04-16 22:00:00+05:30,0.0,25.8
2021-04-16 23:00:00+05:30,0.0,24.93
2021-04-17 00:00:00+05:30,0.0,24.05
2021-04-17 01:00:00+05:30,0.0,23.54
2021-04-17 02:00:00+05:30,0.0,22.74
2021-04-17 03:00:00+05:30,0.0,21.83
2021-04-17 04:00:00+05:30,0.0,21.01
2021-04-17 05:00:00+05:30,0.0,20.34
2021-04-17 06:00:00+05:30,0.0,19.81
2021-04-17 07:00:00+05:30,120.52,19.41
2021-04-17 08:00:00+05:30,339.34,21.72
2021-04-17 09:00:00+05:30,558.45,26.91
2021-04-17 10:00:00+05:30,745.29,30.07
2021-04-17 11:00:00+05:30,879.67,32.63
2021-04-17 12:00:00+05:30,944.88,34.36
2021-04-17 13:00:00+05:30,956.06,35.82
2021-04-17 14:00:00+05:30,762.2,36.61
2021-04-17 15:00:00+05:30,663.61,36.5
2021-04-17 16:00:00+05:30,501.99,36.53
2021-04-17 17:00:00+05:30,311.29,36.01
2021-04-17 18:00:00+05:30,105.6,34.21
2021-04-17 19:00:00+05:30,0.0,31.55
2021-04-17 20:00:00+05:30,0.0,29.21
2021-04-17 21:00:00+05:30,0.0,28.09
2021-04-17 22:00:00+05:30,0.0,26.99
2021-04-17 23:00:00+05:30,0.0,25.93
2021-04-18 00:00:00+05:30,0.0,24.75
2021-04-18 01:00:00+05:30,0.0,24.04
2021-04-18 02:00:00+05:30,0.0,23.63
2021-04-18 03:00:00+05:30,0.0,23.01
2021-04-18 04:00:00+05:30,0.0,22.16
2021-04-18 05:00:00+05:30,0.0,21.47
2021-04-18 06:00:00+05:30,0.0,21.29
2021-04-18 07:00:00+05:30,121.83,20.97
2021-04-18 08:00:00+05:30,339.1,23.7
2021-04-18 09:00:00+05:30,556.5,28.11
2021-04-18 10:00:00+05:30,736.4,31.4
2021-04-18 11:00:00+05:30,873.28,33.47
2021-04-18 12:00:00+05:30,808.54,34.98
2021-04-18 13:00:00+05:30,782.9,35.73
2021-04-18 14:00:00+05:30,617.78,36.38
2021-04-18 15:00:00+05:30,587.05,36.56
2021-04-18 16:00:00+05:30,284.24,36.78
2021-04-18 17:00:00+05:30,223.43,35.97
2021-04-18 18:00:00+05:30,92.53,34.8
2021-04-18 19:00:00+05:30,0.0,32.66
2021-04-18 20:00:00+05:30,0.0,30.55
2021-04-18 21:00:00+05:30,0.0,28.84
2021-04-18 22:00:00+05:30,0.0,27.66
2021-04-18 23:00:00+05:30,0.0,26.64
2021-04-19 00:00:00+05:30,0.0,25.83
2021-04-19 01:00:00+05:30,0.0,25.21
2021-04-19 02:00:00+05:30,0.0,24.44
2021-04-19 03:00:00+05:30,0.0,23.81
2021-04-19 04:00:00+05:30,0.0,23.19
2021-04-19 05:00:00+05:30,0.0,22.81
2021-04-19 06:00:00+05:30,0.0,22.44
2021-04-19 07:00:00+05:30,117.63,22.14
2021-04-19 08:00:00+05:30,317.11,23.92
2021-04-19 09:00:00+05:30,529.25,27.49
2021-04-19 10:00:00+05:30,696.43,30.5
2021-04-19 11:00:00+05:30,831.15,32.63
2021-04-19 12:00:00+05:30,923.55,34.21
2021-04-19 13:00:00+05:30,941.47,35.14
2021-04-19 14:00:00+05:30,815.32,35.78
2021-04-19 15:00:00+05:30,696.62,35.65
2021-04-19 16:00:00+05:30,505.3,35.25
2021-04-19 17:00:00+05:30,284.86,34.56
2021-04-19 18:00:00+05:30,132.05,32.95
2021-04-19 19:00:00+05:30,0.0,31.09
2021-04-19 20:00:00+05:30,0.0,29.1
2021-04-19 21:00:00+05:30,0.0,27.59
2021-04-19 22:00:00+05:30,0.0,26.3
2021-04-19 23:00:00+05:30,0.0,25.2
2021-04-20 00:00:00+05:30,0.0,24.28
2021-04-20 01:00:00+05:30,0.0,23.66
2021-04-20 02:00:00+05:30,0.0,22.95
2021-04-20 03:00:00+05:30,0.0,22.54
2021-04-20 04:00:00+05:30,0.0,21.99
2021-04-20 05:00:00+05:30,0.0,21.54
2021-04-20 06:00:00+05:30,0.0,21.22
2021-04-20 07:00:00+05:30,115.63,20.83
2021-04-20 08:00:00+05:30,347.56,22.29
2021-04-20 09:00:00+05:30,569.39,26.3
2021-04-20 10:00:00+05:30,759.85,29.79
2021-04-20 11:00:00+05:30,889.83,32.32
2021-04-20 12:00:00+05:30,957.88,33.92
2021-04-20 13:00:00+05:30,957.36,34.84
2021-04-20 14:00:00+05:30,884.41,35.51
2021-04-20 15:00:00+05:30,681.2,35.75
2021-04-20 16:00:00+05:30,472.48,34.75
2021-04-20 17:00:00+05:30,337.18,33.89
2021-04-20 18:00:00+05:30,138.37,32.88
2021-04-20 19:00:00+05:30,0.0,31.06
2021-04-20 20:00:00+05:30,0.0,29.0
2021-04-20 21:00:00+05:30,0.0,27.43
2021-04-20 22:00:00+05:30,0.0,26.17
2021-04-20 23:00:00+05:30,0.0,24.97
2021-04-21 00:00:00+05:30,0.0,23.95
2021-04-21 01:00:00+05:30,0.0,23.19
2021-04-21 02:00:00+05:30,0.0,22.64
2021-04-21 03:00:00+05:30,0.0,22.16
2021-04-21 04:00:00+05:30,0.0,21.86
2021-04-21 05:00:00+05:30,0.0,21.41
2021-04-21 06:00:00+05:30,0.0,20.96
2021-04-21 07:00:00+05:30,104.39,20.68
2021-04-21 08:00:00+05:30,293.83,22.06
2021-04-21 09:00:00+05:30,513.54,24.93
2021-04-21 10:00:00+05:30,668.81,27.93
2021-04-21 11:00:00+05:30,805.22,30.58
2021-04-21 12:00:00+05:30,831.37,32.82
2021-04-21 13:00:00+05:30,890.51,34.07
2021-04-21 14:00:00+05:30,834.69,35.02
2021-04-21 15:00:00+05:30,659.86,34.98
2021-04-21 16:00:00+05:30,497.44,34.41
2021-04-21 17:00:00+05:30,319.88,33.82
2021-04-21 18:00:00+05:30,139.74,32.84
2021-04-21 19:00:00+05:30,0.0,31.17
2021-04-21 20:00:00+05:30,0.0,29.03
2021-04-21 21:00:00+05:30,0.0,27.31
2021-04-21 22:00:00+05:30,0.0,25.92
2021-04-21 23:00:00+05:30,0.0,24.76
2021-04-22 00:00:00+05:30,0.0,23.75
2021-04-22 01:00:00+05:30,0.0,23.23
2021-04-22 02:00:00+05:30,0.0,22.52
2021-04-22 03:00:00+05:30,0.0,21.84
2021-04-22 04:00:00+05:30,0.0,21.35
2021-04-22 05:00:00+05:30,0.0,21.0
2021-04-22 06:00:00+05:30,0.0,20.74
2021-04-22 07:00:00+05:30,109.82,20.56
2021-04-22 08:00:00+05:30,336.64,22.74
2021-04-22 09:00:00+05:30,567.98,27.13
2021-04-22 10:00:00+05:30,713.94,30.57
2021-04-22 11:00:00+05:30,795.57,32.74
2021-04-22 12:00:00+05:30,948.54,34.08
2021-04-22 13:00:00+05:30,957.15,35.67
2021-04-22 14:00:00+05:30,867.75,36.4
2021-04-22 15:00:00+05:30,705.04,36.64
2021-04-22 16:00:00+05:30,506.36,36.56
2021-04-22 17:00:00+05:30,354.75,36.2
2021-04-22 18:00:00+05:30,129.03,35.31
2021-04-22 19:00:00+05:30,0.0,33.05
2021-04-22 20:00:00+05:30,0.0,30.39
2021-04-22 21:00:00+05:30,0.0,28.38
2021-04-22 22:00:00+05:30,0.0,27.0
2021-04-22 23:00:00+05:30,0.0,26.08
2021-04-23 00:00:00+05:30,0.0,25.42
2021-04-23 01:00:00+05:30,0.0,24.7
2021-04-23 02:00:00+05:30,0.0,24.1
2021-04-23 03:00:00+05:30,0.0,23.39
2021-04-23 04:00:00+05:30,0.0,22.47
2021-04-23 05:00:00+05:30,0.0,21.63
2021-04-23 06:00:00+05:30,0.0,21.08
2021-04-23 07:00:00+05:30,99.69,20.73
2021-04-23 08:00:00+05:30,273.88,22.74
2021-04-23 09:00:00+05:30,427.75,27.35
2021-04-23 10:00:00+05:30,638.34,30.01
2021-04-23 11:00:00+05:30,756.89,32.16
2021-04-23 12:00:00+05:30,875.64,33.61
2021-04-23 13:00:00+05:30,822.26,34.77
2021-04-23 14:00:00+05:30,802.52,35.29
2021-04-23 15:00:00+05:30,691.18,35.57
2021-04-23 16:00:00+05:30,519.71,35.39
2021-04-23 17:00:00+05:30,331.43,34.5
2021-04-23 18:00:00+05:30,126.28,32.75
2021-04-23 19:00:00+05:30,0.0,30.58
2021-04-23 20:00:00+05:30,0.0,28.67
2021-04-23 21:00:00+05:30,0.0,27.21
2021-04-23 22:00:00+05:30,0.0,26.01
2021-04-23 23:00:00+05:30,0.0,25.11
2021-04-24 00:00:00+05:30,0.0,24.34
2021-04-24 01:00:00+05:30,0.0,23.73
2021-04-24 02:00:00+05:30,0.0,22.88
2021-04-24 03:00:00+05:30,0.0,22.22
2021-04-24 04:00:00+05:30,0.0,21.66
2021-04-24 05:00:00+05:30,0.0,21.14
2021-04-24 06:00:00+05:30,0.0,20.61
2021-04-24 07:00:00+05:30,132.44,19.99
2021-04-24 08:00:00+05:30,362.22,22.23
2021-04-24 09:00:00+05:30,576.11,27.03
2021-04-24 10:00:00+05:30,766.95,30.25
2021-04-24 11:00:00+05:30,898.57,32.78
2021-04-24 12:00:00+05:30,964.97,34.49
2021-04-24 13:00:00+05:30,963.31,35.65
2021-04-24 14:00:00+05:30,900.62,36.37
2021-04-24 15:00:00+05:30,755.02,36.79
2021-04-24 16:00:00+05:30,542.98,36.8
2021-04-24 17:00:00+05:30,359.22,36.03
2021-04-24 18:00:00+05:30,146.34,34.35
2021-04-24 19:00:00+05:30,0.0,31.61
2021-04-24 20:00:00+05:30,0.0,29.23
2021-04-24 21:00:00+05:30,0.0,27.73
2021-04-24 22:00:00+05:30,0.0,26.65
2021-04-24 23:00:00+05:30,0.0,25.61
2021-04-25 00:00:00+05:30,0.0,24.67
2021-04-25 01:00:00+05:30,0.0,23.79
2021-04-25 02:00:00+05:30,0.0,22.74
2021-04-25 03:00:00+05:30,0.0,22.06
2021-04-25 04:00:00+05:30,0.0,21.6
2021-04-25 05:00:00+05:30,0.0,21.32
2021-04-25 06:00:00+05:30,0.0,21.6
2021-04-25 07:00:00+05:30,141.46,21.57
2021-04-25 08:00:00+05:30,362.45,24.23
2021-04-25 09:00:00+05:30,578.41,29.04
2021-04-25 10:00:00+05:30,759.62,32.28
2021-04-25 11:00:00+05:30,889.8,34.56
2021-04-25 12:00:00+05:30,779.8,36.14
2021-04-25 13:00:00+05:30,793.92,36.74
2021-04-25 14:00:00+05:30,726.35,37.14
2021-04-25 15:00:00+05:30,605.89,37.59
2021-04-25 16:00:00+05:30,465.73,37.3
2021-04-25 17:00:00+05:30,258.79,36.7
2021-04-25 18:00:00+05:30,96.71,34.68
2021-04-25 19:00:00+05:30,0.0,31.69
2021-04-25 20:00:00+05:30,0.0,29.54
2021-04-25 21:00:00+05:30,0.0,28.46
2021-04-25 22:00:00+05:30,0.0,27.78
2021-04-25 23:00:00+05:30,0.0,27.03
2021-04-26 00:00:00+05:30,0.0,26.33
2021-04-26 01:00:00+05:30,0.0,25.96
2021-04-26 02:00:00+05:30,0.0,25.27
2021-04-26 03:00:00+05:30,0.0,24.9
2021-04-26 04:00:00+05:30,0.0,24.54
2021-04-26 05:00:00+05:30,0.0,24.06
2021-04-26 06:00:00+05:30,0.0,23.71
2021-04-26 07:00:00+05:30,114.78,23.75
2021-04-26 08:00:00+05:30,320.31,25.34
2021-04-26 09:00:00+05:30,565.75,28.37
2021-04-26 10:00:00+05:30,725.71,31.79
2021-04-26 11:00:00+05:30,870.96,34.44
2021-04-26 12:00:00+05:30,902.16,36.22
2021-04-26 13:00:00+05:30,897.92,36.82
2021-04-26 14:00:00+05:30,687.46,37.59
2021-04-26 15:00:00+05:30,504.68,36.89
2021-04-26 16:00:00+05:30,326.3,33.71
2021-04-26 17:00:00+05:30,259.92,32.04
2021-04-26 18:00:00+05:30,89.23,30.68
2021-04-26 19:00:00+05:30,0.0,29.87
2021-04-26 20:00:00+05:30,0.0,28.05
2021-04-26 21:00:00+05:30,0.0,27.23
2021-04-26 22:00:00+05:30,0.0,26.58
2021-04-26 23:00:00+05:30,0.0,25.99
2021-04-27 00:00:00+05:30,0.0,25.3
2021-04-27 01:00:00+05:30,0.0,24.53
2021-04-27 02:00:00+05:30,0.0,24.27
2021-04-27 03:00:00+05:30,0.0,23.89
2021-04-27 04:00:00+05:30,0.0,23.86
2021-04-27 05:00:00+05:30,0.0,23.04
2021-04-27 06:00:00+05:30,0.0,22.45
2021-04-27 07:00:00+05:30,127.07,22.33
2021-04-27 08:00:00+05:30,321.16,24.56
2021-04-27 09:00:00+05:30,538.28,27.09
2021-04-27 10:00:00+05:30,740.74,29.66
2021-04-27 11:00:00+05:30,870.57,32.08
2021-04-27 12:00:00+05:30,916.48,34.14
2021-04-27 13:00:00+05:30,868.23,35.58
2021-04-27 14:00:00+05:30,759.58,36.41
2021-04-27 15:00:00+05:30,603.06,36.61
2021-04-27 16:00:00+05:30,374.53,35.68
2021-04-27 17:00:00+05:30,175.72,31.99
2021-04-27 18:00:00+05:30,88.24,29.73
2021-04-27 19:00:00+05:30,0.0,29.12
2021-04-27 20:00:00+05:30,0.0,28.23
2021-04-27 21:00:00+05:30,0.0,27.42
2021-04-27 22:00:00+05:30,0.0,26.67
2021-04-27 23:00:00+05:30,0.0,25.89
2021-04-28 00:00:00+05:30,0.0,25.31
2021-04-28 01:00:00+05:30,0.0,24.97
2021-04-28 02:00:00+05:30,0.0,24.43
2021-04-28 03:00:00+05:30,0.0,23.77
2021-04-28 04:00:00+05:30,0.0,23.27
2021-04-28 05:00:00+05:30,0.0,22.85
2021-04-28 06:00:00+05:30,0.0,22.53
2021-04-28 07:00:00+05:30,139.86,22.45
2021-04-28 08:00:00+05:30,344.84,24.54
2021-04-28 09:00:00+05:30,573.54,27.97
2021-04-28 10:00:00+05:30,749.91,30.86
2021-04-28 11:00:00+05:30,883.12,33.12
2021-04-28 12:00:00+05:30,866.84,34.83
2021-04-28 13:00:00+05:30,775.1,35.58
2021-04-28 14:00:00+05:30,712.0,36.01
2021-04-28 15:00:00+05:30,524.59,36.36
2021-04-28 16:00:00+05:30,328.01,35.39
2021-04-28 17:00:00+05:30,179.26,32.17
2021-04-28 18:00:00+05:30,86.43,30.7
2021-04-28 19:00:00+05:30,0.0,30.06
2021-04-28 20:00:00+05:30,0.0,29.1
2021-04-28 21:00:00+05:30,0.0,28.11
2021-04-28 22:00:00+05:30,0.0,27.28
2021-04-28 23:00:00+05:30,0.0,26.47
2021-04-29 00:00:00+05:30,0.0,25.51
2021-04-29 01:00:00+05:30,0.0,24.81
2021-04-29 02:00:00+05:30,0.0,24.29
2021-04-29 03:00:00+05:30,0.0,23.84
2021-04-29 04:00:00+05:30,0.0,23.19
2021-04-29 05:00:00+05:30,0.0,22.83
2021-04-29 06:00:00+05:30,0.0,22.42
2021-04-29 07:00:00+05:30,143.82,22.29
2021-04-29 08:00:00+05:30,358.49,24.31
2021-04-29 09:00:00+05:30,574.14,28.24
2021-04-29 10:00:00+05:30,728.93,31.36
2021-04-29 11:00:00+05:30,841.28,33.76
2021-04-29 12:00:00+05:30,891.82,35.32
2021-04-29 13:00:00+05:30,825.32,36.51
2021-04-29 14:00:00+05:30,749.2,37.01
2021-04-29 15:00:00+05:30,537.9,37.18
2021-04-29 16:00:00+05:30,315.05,36.13
2021-04-29 17:00:00+05:30,172.68,33.1
2021-04-29 18:00:00+05:30,109.62,32.23
2021-04-29 19:00:00+05:30,0.0,31.75
2021-04-29 20:00:00+05:30,0.0,29.98
2021-04-29 21:00:00+05:30,0.0,28.47
2021-04-29 22:00:00+05:30,0.0,27.3
2021-04-29 23:00:00+05:30,0.0,26.32
2021-04-30 00:00:00+05:30,0.0,25.74
2021-04-30 01:00:00+05:30,0.0,23.45
2021-04-30 02:00:00+05:30,0.0,23.11
2021-04-30 03:00:00+05:30,0.0,22.73
2021-04-30 04:00:00+05:30,0.0,22.57
2021-04-30 05:00:00+05:30,0.0,22.27
2021-04-30 06:00:00+05:30,0.0,22.32
2021-04-30 07:00:00+05:30,136.31,22.29
2021-04-30 08:00:00+05:30,345.38,24.81
2021-04-30 09:00:00+05:30,548.33,28.31
2021-04-30 10:00:00+05:30,691.35,30.77
2021-04-30 11:00:00+05:30,842.43,32.66
2021-04-30 12:00:00+05:30,927.14,34.31
2021-04-30 13:00:00+05:30,934.11,35.0
2021-04-30 14:00:00+05:30,840.5,35.9
2021-04-30 15:00:00+05:30,515.28,35.59
2021-04-30 16:00:00+05:30,318.08,34.16
2021-04-30 17:00:00+05:30,247.94,30.81
2021-04-30 18:00:00+05:30,119.74,30.25
2021-04-30 19:00:00+05:30,0.0,29.9
2021-04-30 20:00:00+05:30,0.0,28.88
2021-04-30 21:00:00+05:30,0.0,27.86
2021-04-30 22:00:00+05:30,0.0,27.04
2021-04-30 23:00:00+05:30,0.0,26.24
2021-05-01 00:00:00+05:30,0.0,25.46
2021-05-01 01:00:00+05:30,0.0,25.22
2021-05-01 02:00:00+05:30,0.0,24.78
2021-05-01 03:00:00+05:30,0.0,24.1
2021-05-01 04:00:00+05:30,0.0,23.56
2021-05-01 05:00:00+05:30,0.0,23.17
2021-05-01 06:00:00+05:30,0.0,22.78
2021-05-01 07:00:00+05:30,122.42,22.67
2021-05-01 08:00:00+05:30,309.61,25.12
2021-05-01 09:00:00+05:30,539.17,28.86
2021-05-01 10:00:00+05:30,689.52,31.66
2021-05-01 11:00:00+05:30,809.81,33.42
2021-05-01 12:00:00+05:30,919.19,34.72
2021-05-01 13:00:00+05:30,874.09,35.99
2021-05-01 14:00:00+05:30,536.09,36.44
2021-05-01 15:00:00+05:30,424.09,36.34
2021-05-01 16:00:00+05:30,394.5,34.81
2021-05-01 17:00:00+05:30,278.21,31.25
2021-05-01 18:00:00+05:30,127.81,30.5
2021-05-01 19:00:00+05:30,0.0,30.02
2021-05-01 20:00:00+05:30,0.0,28.93
2021-05-01 21:00:00+05:30,0.0,28.06
2021-05-01 22:00:00+05:30,0.0,27.21
2021-05-01 23:00:00+05:30,0.0,26.44
2021-05-02 00:00:00+05:30,0.0,25.6
2021-05-02 01:00:00+05:30,0.0,24.67
2021-05-02 02:00:00+05:30,0.0,23.9
2021-05-02 03:00:00+05:30,0.0,23.4
2021-05-02 04:00:00+05:30,0.0,23.09
2021-05-02 05:00:00+05:30,0.0,22.81
2021-05-02 06:00:00+05:30,0.0,22.67
2021-05-02 07:00:00+05:30,118.06,22.47
2021-05-02 08:00:00+05:30,305.21,24.97
2021-05-02 09:00:00+05:30,536.3,27.91
2021-05-02 10:00:00+05:30,694.56,30.06
2021-05-02 11:00:00+05:30,827.3,31.87
2021-05-02 12:00:00+05:30,862.3,33.32
2021-05-02 13:00:00+05:30,841.48,34.41
2021-05-02 14:00:00+05:30,804.27,35.03
2021-05-02 15:00:00+05:30,606.58,35.07
2021-05-02 16:00:00+05:30,394.09,33.68
2021-05-02 17:00:00+05:30,297.65,31.01
2021-05-02 18:00:00+05:30,95.57,30.55
2021-05-02 19:00:00+05:30,0.0,29.99
2021-05-02 20:00:00+05:30,0.0,26.56
2021-05-02 21:00:00+05:30,0.0,24.67
2021-05-02 22:00:00+05:30,0.0,24.05
2021-05-02 23:00:00+05:30,0.0,24.14
2021-05-03 00:00:00+05:30,0.0,23.7
2021-05-03 01:00:00+05:30,0.0,23.77
2021-05-03 02:00:00+05:30,0.0,23.31
2021-05-03 03:00:00+05:30,0.0,22.87
2021-05-03 04:00:00+05:30,0.0,22.82
2021-05-03 05:00:00+05:30,0.0,22.9
2021-05-03 06:00:00+05:30,0.0,22.65
2021-05-03 07:00:00+05:30,147.83,22.7
2021-05-03 08:00:00+05:30,348.33,24.96
2021-05-03 09:00:00+05:30,548.43,27.82
2021-05-03 10:00:00+05:30,710.67,29.93
2021-05-03 11:00:00+05:30,861.31,31.79
2021-05-03 12:00:00+05:30,907.0,33.35
2021-05-03 13:00:00+05:30,880.76,33.44
2021-05-03 14:00:00+05:30,727.35,34.11
2021-05-03 15:00:00+05:30,537.87,34.17
2021-05-03 16:00:00+05:30,429.94,33.9
2021-05-03 17:00:00+05:30,265.62,33.33
2021-05-03 18:00:00+05:30,107.1,32.01
2021-05-03 19:00:00+05:30,0.0,29.32
2021-05-03 20:00:00+05:30,0.0,28.06
2021-05-03 21:00:00+05:30,0.0,27.2
2021-05-03 22:00:00+05:30,0.0,26.6
2021-05-03 23:00:00+05:30,0.0,26.07
2021-05-04 00:00:00+05:30,0.0,25.56
2021-05-04 01:00:00+05:30,0.0,25.17
2021-05-04 02:00:00+05:30,0.0,24.66
2021-05-04 03:00:00+05:30,0.0,24.25
2021-05-04 04:00:00+05:30,0.0,24.05
2021-05-04 05:00:00+05:30,0.0,23.8
2021-05-04 06:00:00+05:30,0.0,23.47
2021-05-04 07:00:00+05:30,119.88,23.27
2021-05-04 08:00:00+05:30,271.39,25.25
2021-05-04 09:00:00+05:30,543.72,27.54
2021-05-04 10:00:00+05:30,715.95,30.24
2021-05-04 11:00:00+05:30,746.63,32.13
2021-05-04 12:00:00+05:30,742.22,33.08
2021-05-04 13:00:00+05:30,695.79,33.24
2021-05-04 14:00:00+05:30,653.53,33.52
2021-05-04 15:00:00+05:30,528.73,33.62
2021-05-04 16:00:00+05:30,455.19,33.47
2021-05-04 17:00:00+05:30,295.37,33.29
2021-05-04 18:00:00+05:30,131.21,32.59
2021-05-04 19:00:00+05:30,0.0,31.44
2021-05-04 20:00:00+05:30,0.0,29.92
2021-05-04 21:00:00+05:30,0.0,28.68
2021-05-04 22:00:00+05:30,0.0,27.55
2021-05-04 23:00:00+05:30,0.0,26.76
2021-05-05 00:00:00+05:30,0.0,26.19
2021-05-05 01:00:00+05:30,0.0,25.55
2021-05-05 02:00:00+05:30,0.0,24.9
2021-05-05 03:00:00+05:30,0.0,24.38
2021-05-05 04:00:00+05:30,0.0,23.76
2021-05-05 05:00:00+05:30,0.0,23.25
2021-05-05 06:00:00+05:30,0.0,22.78
2021-05-05 07:00:00+05:30,153.93,22.52
2021-05-05 08:00:00+05:30,367.07,25.32
2021-05-05 09:00:00+05:30,567.33,28.5
2021-05-05 10:00:00+05:30,746.77,30.91
2021-05-05 11:00:00+05:30,844.91,32.94
2021-05-05 12:00:00+05:30,857.23,34.13
2021-05-05 13:00:00+05:30,789.77,34.9
2021-05-05 14:00:00+05:30,679.03,35.13
2021-05-05 15:00:00+05:30,568.23,35.18
2021-05-05 16:00:00+05:30,401.04,35.0
2021-05-05 17:00:00+05:30,198.3,34.4
2021-05-05 18:00:00+05:30,92.3,32.95
2021-05-05 19:00:00+05:30,0.0,31.36
2021-05-05 20:00:00+05:30,0.0,29.72
2021-05-05 21:00:00+05:30,0.0,28.46
2021-05-05 22:00:00+05:30,0.0,27.57
2021-05-05 23:00:00+05:30,0.0,26.6
2021-05-06 00:00:00+05:30,0.0,25.87
2021-05-06 01:00:00+05:30,0.0,25.51
2021-05-06 02:00:00+05:30,0.0,24.9
2021-05-06 03:00:00+05:30,0.0,24.21
2021-05-06 04:00:00+05:30,0.0,23.57
2021-05-06 05:00:00+05:30,0.0,23.06
2021-05-06 06:00:00+05:30,0.0,22.73
2021-05-06 07:00:00+05:30,152.88,22.68
2021-05-06 08:00:00+05:30,371.53,25.48
2021-05-06 09:00:00+05:30,560.45,29.12
2021-05-06 10:00:00+05:30,689.4,31.68
2021-05-06 11:00:00+05:30,670.39,33.45
2021-05-06 12:00:00+05:30,705.67,34.42
2021-05-06 13:00:00+05:30,706.22,35.13
2021-05-06 14:00:00+05:30,586.66,35.61
2021-05-06 15:00:00+05:30,571.38,35.57
2021-05-06 16:00:00+05:30,451.99,35.53
2021-05-06 17:00:00+05:30,269.63,35.07
2021-05-06 18:00:00+05:30,105.84,33.48
2021-05-06 19:00:00+05:30,0.0,31.18
2021-05-06 20:00:00+05:30,0.0,29.33
2021-05-06 21:00:00+05:30,0.0,28.01
2021-05-06 22:00:00+05:30,0.0,27.38
2021-05-06 23:00:00+05:30,0.0,26.73
2021-05-07 00:00:00+05:30,0.0,26.08
2021-05-07 01:00:00+05:30,0.0,25.61
2021-05-07 02:00:00+05:30,0.0,25.22
2021-05-07 03:00:00+05:30,0.0,24.84
2021-05-07 04:00:00+05:30,0.0,24.72
2021-05-07 05:00:00+05:30,0.0,24.32
2021-05-07 06:00:00+05:30,0.0,24.04
2021-05-07 07:00:00+05:30,113.16,23.92
2021-05-07 08:00:00+05:30,269.45,25.04
2021-05-07 09:00:00+05:30,478.76,27.08
2021-05-07 10:00:00+05:30,608.38,29.73
2021-05-07 11:00:00+05:30,709.3,31.97
2021-05-07 12:00:00+05:30,739.31,33.56
2021-05-07 13:00:00+05:30,726.53,34.31
2021-05-07 14:00:00+05:30,451.5,35.14
2021-05-07 15:00:00+05:30,307.97,34.4
2021-05-07 16:00:00+05:30,244.92,32.44
2021-05-07 17:00:00+05:30,200.0,32.57
2021-05-07 18:00:00+05:30,108.61,32.2
2021-05-07 19:00:00+05:30,0.0,31.08
2021-05-07 20:00:00+05:30,0.0,29.64
2021-05-07 21:00:00+05:30,0.0,28.7
2021-05-07 22:00:00+05:30,0.0,27.56
2021-05-07 23:00:00+05:30,0.0,26.98
2021-05-08 00:00:00+05:30,0.0,26.35
2021-05-08 01:00:00+05:30,0.0,25.8
2021-05-08 02:00:00+05:30,0.0,25.25
2021-05-08 03:00:00+05:30,0.0,24.65
2021-05-08 04:00:00+05:30,0.0,24.23
2021-05-08 05:00:00+05:30,0.0,23.91
2021-05-08 06:00:00+05:30,0.0,23.52
2021-05-08 07:00:00+05:30,141.04,23.55
2021-05-08 08:00:00+05:30,355.48,25.76
2021-05-08 09:00:00+05:30,581.69,28.74
2021-05-08 10:00:00+05:30,756.13,31.59
2021-05-08 11:00:00+05:30,834.05,33.63
2021-05-08 12:00:00+05:30,893.06,34.9
2021-05-08 13:00:00+05:30,771.23,35.7
2021-05-08 14:00:00+05:30,589.74,35.87
2021-05-08 15:00:00+05:30,518.89,35.68
2021-05-08 16:00:00+05:30,398.61,35.6
2021-05-08 17:00:00+05:30,321.05,35.15
2021-05-08 18:00:00+05:30,150.61,34.44
2021-05-08 19:00:00+05:30,0.0,33.24
2021-05-08 20:00:00+05:30,0.0,31.37
2021-05-08 21:00:00+05:30,0.0,30.0
2021-05-08 22:00:00+05:30,0.0,28.79
2021-05-08 23:00:00+05:30,0.0,28.05
2021-05-09 00:00:00+05:30,0.0,27.23
2021-05-09 01:00:00+05:30,0.0,26.2
2021-05-09 02:00:00+05:30,0.0,25.61
2021-05-09 03:00:00+05:30,0.0,25.12
2021-05-09 04:00:00+05:30,0.0,24.93
2021-05-09 05:00:00+05:30,0.0,24.71
2021-05-09 06:00:00+05:30,0.0,24.45
2021-05-09 07:00:00+05:30,142.99,24.2
2021-05-09 08:00:00+05:30,335.0,25.67
2021-05-09 09:00:00+05:30,546.05,28.18
2021-05-09 10:00:00+05:30,667.88,30.77
2021-05-09 11:00:00+05:30,781.6,32.48
2021-05-09 12:00:00+05:30,714.57,33.79
2021-05-09 13:00:00+05:30,739.28,34.73
2021-05-09 14:00:00+05:30,691.8,34.84
2021-05-09 15:00:00+05:30,537.1,34.42
2021-05-09 16:00:00+05:30,435.01,33.4
2021-05-09 17:00:00+05:30,294.63,33.03
2021-05-09 18:00:00+05:30,135.65,32.54
2021-05-09 19:00:00+05:30,0.0,31.55
2021-05-09 20:00:00+05:30,0.0,30.04
2021-05-09 21:00:00+05:30,0.0,28.71
2021-05-09 22:00:00+05:30,0.0,27.6
2021-05-09 23:00:00+05:30,0.0,26.67
2021-05-10 00:00:00+05:30,0.0,25.83
2021-05-10 01:00:00+05:30,0.0,25.1
2021-05-10 02:00:00+05:30,0.0,24.45
2021-05-10 03:00:00+05:30,0.0,23.87
2021-05-10 04:00:00+05:30,0.0,23.49
2021-05-10 05:00:00+05:30,0.0,23.19
2021-05-10 06:00:00+05:30,0.0,23.1
2021-05-10 07:00:00+05:30,159.19,23.05
2021-05-10 08:00:00+05:30,376.59,24.57
2021-05-10 09:00:00+05:30,585.62,27.28
2021-05-10 10:00:00+05:30,764.72,30.01
2021-05-10 11:00:00+05:30,868.54,32.48
2021-05-10 12:00:00+05:30,903.7,34.32
2021-05-10 13:00:00+05:30,761.64,35.29
2021-05-10 14:00:00+05:30,692.04,35.82
2021-05-10 15:00:00+05:30,602.03,35.93
2021-05-10 16:00:00+05:30,517.64,35.37
2021-05-10 17:00:00+05:30,263.94,34.79
2021-05-10 18:00:00+05:30,135.9,33.6
2021-05-10 19:00:00+05:30,0.0,31.92
2021-05-10 20:00:00+05:30,0.0,29.96
2021-05-10 21:00:00+05:30,0.0,28.41
2021-05-10 22:00:00+05:30,0.0,27.17
2021-05-10 23:00:00+05:30,0.0,26.22
2021-05-11 00:00:00+05:30,0.0,25.33
2021-05-11 01:00:00+05:30,0.0,24.72
2021-05-11 02:00:00+05:30,0.0,24.23
2021-05-11 03:00:00+05:30,0.0,23.71
2021-05-11 04:00:00+05:30,0.0,23.28
2021-05-11 05:00:00+05:30,0.0,22.9
2021-05-11 06:00:00+05:30,0.0,22.56
2021-05-11 07:00:00+05:30,159.57,22.33
2021-05-11 08:00:00+05:30,335.59,24.06
2021-05-11 09:00:00+05:30,577.45,26.27
2021-05-11 10:00:00+05:30,763.05,28.75
2021-05-11 11:00:00+05:30,847.86,30.96
2021-05-11 12:00:00+05:30,902.53,32.67
2021-05-11 13:00:00+05:30,779.17,34.13
2021-05-11 14:00:00+05:30,806.05,34.43
2021-05-11 15:00:00+05:30,695.72,34.85
2021-05-11 16:00:00+05:30,489.81,34.85
2021-05-11 17:00:00+05:30,358.62,34.15
2021-05-11 18:00:00+05:30,163.59,33.17
2021-05-11 19:00:00+05:30,0.0,31.61
2021-05-11 20:00:00+05:30,0.0,29.67
2021-05-11 21:00:00+05:30,0.0,28.11
2021-05-11 22:00:00+05:30,0.0,26.88
2021-05-11 23:00:00+05:30,0.0,25.84
2021-05-12 00:00:00+05:30,0.0,24.94
2021-05-12 01:00:00+05:30,0.0,24.23
2021-05-12 02:00:00+05:30,0.0,23.74
2021-05-12 03:00:00+05:30,0.0,23.28
2021-05-12 04:00:00+05:30,0.0,22.96
2021-05-12 05:00:00+05:30,0.0,22.82
2021-05-12 06:00:00+05:30,0.0,22.56
2021-05-12 07:00:00+05:30,162.0,22.39
2021-05-12 08:00:00+05:30,382.71,23.88
2021-05-12 09:00:00+05:30,587.28,26.29
2021-05-12 10:00:00+05:30,757.27,28.82
2021-05-12 11:00:00+05:30,845.45,31.1
2021-05-12 12:00:00+05:30,899.56,32.86
2021-05-12 13:00:00+05:30,785.11,34.3
2021-05-12 14:00:00+05:30,605.37,34.56
2021-05-12 15:00:00+05:30,622.53,34.16
2021-05-12 16:00:00+05:30,515.58,33.92
2021-05-12 17:00:00+05:30,326.04,32.43
2021-05-12 18:00:00+05:30,151.17,31.65
2021-05-12 19:00:00+05:30,0.0,30.05
2021-05-12 20:00:00+05:30,0.0,28.23
2021-05-12 21:00:00+05:30,0.0,26.75
2021-05-12 22:00:00+05:30,0.0,25.58
2021-05-12 23:00:00+05:30,0.0,24.68
2021-05-13 00:00:00+05:30,0.0,24.09
2021-05-13 01:00:00+05:30,0.0,23.59
2021-05-13 02:00:00+05:30,0.0,23.29
2021-05-13 03:00:00+05:30,0.0,22.93
2021-05-13 04:00:00+05:30,0.0,22.58
2021-05-13 05:00:00+05:30,0.0,22.35
2021-05-13 06:00:00+05:30,0.0,22.05
2021-05-13 07:00:00+05:30,151.72,21.99
2021-05-13 08:00:00+05:30,334.94,23.6
2021-05-13 09:00:00+05:30,568.2,25.93
2021-05-13 10:00:00+05:30,736.95,28.55
2021-05-13 11:00:00+05:30,836.93,30.78
2021-05-13 12:00:00+05:30,923.71,32.46
2021-05-13 13:00:00+05:30,902.99,33.22
2021-05-13 14:00:00+05:30,819.05,34.1
2021-05-13 15:00:00+05:30,691.7,34.42
2021-05-13 16:00:00+05:30,514.64,34.26
2021-05-13 17:00:00+05:30,333.04,33.78
2021-05-13 18:00:00+05:30,110.78,32.85
2021-05-13 19:00:00+05:30,0.0,31.21
2021-05-13 20:00:00+05:30,0.0,29.55
2021-05-13 21:00:00+05:30,0.0,28.01
2021-05-13 22:00:00+05:30,0.0,26.89
2021-05-13 23:00:00+05:30,0.0,26.01
2021-05-14 00:00:00+05:30,0.0,25.28
2021-05-14 01:00:00+05:30,0.0,25.24
2021-05-14 02:00:00+05:30,0.0,24.76
2021-05-14 03:00:00+05:30,0.0,24.31
2021-05-14 04:00:00+05:30,0.0,23.94
2021-05-14 05:00:00+05:30,0.0,23.61
2021-05-14 06:00:00+05:30,0.0,23.28
2021-05-14 07:00:00+05:30,136.6,23.36
2021-05-14 08:00:00+05:30,326.91,24.8
2021-05-14 09:00:00+05:30,493.74,27.27
2021-05-14 10:00:00+05:30,677.75,29.69
2021-05-14 11:00:00+05:30,690.33,31.87
2021-05-14 12:00:00+05:30,858.24,32.86
2021-05-14 13:00:00+05:30,758.58,34.96
2021-05-14 14:00:00+05:30,543.54,35.27
2021-05-14 15:00:00+05:30,453.33,35.11
2021-05-14 16:00:00+05:30,261.42,34.73
2021-05-14 17:00:00+05:30,191.08,34.02
2021-05-14 18:00:00+05:30,78.95,32.54
2021-05-14 19:00:00+05:30,0.0,30.87
2021-05-14 20:00:00+05:30,0.0,29.68
2021-05-14 21:00:00+05:30,0.0,28.97
2021-05-14 22:00:00+05:30,0.0,28.31
2021-05-14 23:00:00+05:30,0.0,28.19
2021-05-15 00:00:00+05:30,0.0,27.64
2021-05-15 01:00:00+05:30,0.0,28.36
2021-05-15 02:00:00+05:30,0.0,27.81
2021-05-15 03:00:00+05:30,0.0,27.66
2021-05-15 04:00:00+05:30,0.0,27.55
2021-05-15 05:00:00+05:30,0.0,26.67
2021-05-15 06:00:00+05:30,0.0,26.75
2021-05-15 07:00:00+05:30,55.29,26.69
2021-05-15 08:00:00+05:30,269.47,27.52
2021-05-15 09:00:00+05:30,443.15,29.86
2021-05-15 10:00:00+05:30,605.91,31.33
2021-05-15 11:00:00+05:30,724.04,32.76
2021-05-15 12:00:00+05:30,825.6,34.24
2021-05-15 13:00:00+05:30,833.88,35.7
2021-05-15 14:00:00+05:30,745.46,36.84
2021-05-15 15:00:00+05:30,546.22,37.38
2021-05-15 16:00:00+05:30,368.37,37.41
2021-05-15 17:00:00+05:30,257.12,36.46
2021-05-15 18:00:00+05:30,106.91,35.32
2021-05-15 19:00:00+05:30,0.0,34.81
2021-05-15 20:00:00+05:30,0.0,30.04
2021-05-15 21:00:00+05:30,0.0,27.48
2021-05-15 22:00:00+05:30,0.0,26.73
2021-05-15 23:00:00+05:30,0.0,26.25
2021-05-16 00:00:00+05:30,0.0,25.9
2021-05-16 01:00:00+05:30,0.0,25.2
2021-05-16 02:00:00+05:30,0.0,24.39
2021-05-16 03:00:00+05:30,0.0,24.05
2021-05-16 04:00:00+05:30,0.0,23.46
2021-05-16 05:00:00+05:30,0.0,23.26
2021-05-16 06:00:00+05:30,0.0,22.94
2021-05-16 07:00:00+05:30,34.07,22.73
2021-05-16 08:00:00+05:30,109.98,23.11
2021-05-16 09:00:00+05:30,239.72,24.17
2021-05-16 10:00:00+05:30,355.11,25.49
2021-05-16 11:00:00+05:30,468.91,26.75
2021-05-16 12:00:00+05:30,309.44,27.46
2021-05-16 13:00:00+05:30,174.98,27.11
2021-05-16 14:00:00+05:30,326.62,25.95
2021-05-16 15:00:00+05:30,237.7,26.28
2021-05-16 16:00:00+05:30,186.97,26.19
2021-05-16 17:00:00+05:30,128.34,26.19
2021-05-16 18:00:00+05:30,46.95,25.92
2021-05-16 19:00:00+05:30,0.0,25.33
2021-05-16 20:00:00+05:30,0.0,24.95
2021-05-16 21:00:00+05:30,0.0,24.59
2021-05-16 22:00:00+05:30,0.0,24.13
2021-05-16 23:00:00+05:30,0.0,23.47
2021-05-17 00:00:00+05:30,0.0,22.92
2021-05-17 01:00:00+05:30,0.0,22.54
2021-05-17 02:00:00+05:30,0.0,22.44
2021-05-17 03:00:00+05:30,0.0,22.4
2021-05-17 04:00:00+05:30,0.0,22.34
2021-05-17 05:00:00+05:30,0.0,22.45
2021-05-17 06:00:00+05:30,0.0,22.47
2021-05-17 07:00:00+05:30,16.77,22.71
2021-05-17 08:00:00+05:30,19.18,23.15
2021-05-17 09:00:00+05:30,50.38,23.38
2021-05-17 10:00:00+05:30,146.78,23.55
2021-05-17 11:00:00+05:30,198.58,24.46
2021-05-17 12:00:00+05:30,352.02,24.78
2021-05-17 13:00:00+05:30,239.12,25.71
2021-05-17 14:00:00+05:30,196.88,25.93
2021-05-17 15:00:00+05:30,169.97,26.18
2021-05-17 16:00:00+05:30,116.43,26.36
2021-05-17 17:00:00+05:30,128.52,26.43
2021-05-17 18:00:00+05:30,63.68,26.46
2021-05-17 19:00:00+05:30,0.0,25.96
2021-05-17 20:00:00+05:30,0.0,25.29
2021-05-17 21:00:00+05:30,0.0,24.87
2021-05-17 22:00:00+05:30,0.0,24.56
2021-05-17 23:00:00+05:30,0.0,24.25
2021-05-18 00:00:00+05:30,0.0,24.17
2021-05-18 01:00:00+05:30,0.0,24.05
2021-05-18 02:00:00+05:30,0.0,24.04
2021-05-18 03:00:00+05:30,0.0,23.85
2021-05-18 04:00:00+05:30,0.0,23.66
2021-05-18 05:00:00+05:30,0.0,23.54
2021-05-18 06:00:00+05:30,0.0,23.46
2021-05-18 07:00:00+05:30,59.86,23.4
2021-05-18 08:00:00+05:30,176.84,23.73
2021-05-18 09:00:00+05:30,321.04,24.71
2021-05-18 10:00:00+05:30,448.26,25.98
2021-05-18 11:00:00+05:30,605.5,26.98
2021-05-18 12:00:00+05:30,506.96,27.98
2021-05-18 13:00:00+05:30,447.16,28.17
2021-05-18 14:00:00+05:30,510.73,27.94
2021-05-18 15:00:00+05:30,465.59,28.32
2021-05-18 16:00:00+05:30,350.98,28.4
2021-05-18 17:00:00+05:30,211.05,27.66
2021-05-18 18:00:00+05:30,80.85,26.37
2021-05-18 19:00:00+05:30,0.0,25.22
2021-05-18 20:00:00+05:30,0.0,24.53
2021-05-18 21:00:00+05:30,0.0,24.2
2021-05-18 22:00:00+05:30,0.0,23.94
2021-05-18 23:00:00+05:30,0.0,23.76
2021-05-19 00:00:00+05:30,0.0,23.67
2021-05-19 01:00:00+05:30,0.0,23.34
2021-05-19 02:00:00+05:30,0.0,23.05
2021-05-19 03:00:00+05:30,0.0,22.76
2021-05-19 04:00:00+05:30,0.0,22.65
2021-05-19 05:00:00+05:30,0.0,22.57
2021-05-19 06:00:00+05:30,0.0,22.47
2021-05-19 07:00:00+05:30,20.71,22.4
2021-05-19 08:00:00+05:30,40.0,22.48
2021-05-19 09:00:00+05:30,128.11,22.68
2021-05-19 10:00:00+05:30,260.41,23.38
2021-05-19 11:00:00+05:30,594.04,24.68
2021-05-19 12:00:00+05:30,628.93,26.82
2021-05-19 13:00:00+05:30,753.9,27.49
2021-05-19 14:00:00+05:30,604.91,28.56
2021-05-19 15:00:00+05:30,555.52,28.08
2021-05-19 16:00:00+05:30,365.06,27.02
2021-05-19 17:00:00+05:30,198.69,26.35
2021-05-19 18:00:00+05:30,119.92,25.89
2021-05-19 19:00:00+05:30,0.0,25.15
2021-05-19 20:00:00+05:30,0.0,24.3
2021-05-19 21:00:00+05:30,0.0,23.72
2021-05-19 22:00:00+05:30,0.0,23.36
2021-05-19 23:00:00+05:30,0.0,23.04
2021-05-20 00:00:00+05:30,0.0,22.71
2021-05-20 01:00:00+05:30,0.0,22.31
2021-05-20 02:00:00+05:30,0.0,22.22
2021-05-20 03:00:00+05:30,0.0,22.04
2021-05-20 04:00:00+05:30,0.0,22.06
2021-05-20 05:00:00+05:30,0.0,21.92
2021-05-20 06:00:00+05:30,0.0,21.69
2021-05-20 07:00:00+05:30,116.62,21.63
2021-05-20 08:00:00+05:30,322.64,22.44
2021-05-20 09:00:00+05:30,544.92,24.37
2021-05-20 10:00:00+05:30,683.91,26.3
2021-05-20 11:00:00+05:30,838.87,27.96
2021-05-20 12:00:00+05:30,859.45,29.4
2021-05-20 13:00:00+05:30,825.13,30.23
2021-05-20 14:00:00+05:30,854.1,30.63
2021-05-20 15:00:00+05:30,632.75,30.93
2021-05-20 16:00:00+05:30,490.12,30.0
2021-05-20 17:00:00+05:30,328.61,29.15
2021-05-20 18:00:00+05:30,145.99,28.18
2021-05-20 19:00:00+05:30,0.0,27.11
2021-05-20 20:00:00+05:30,0.0,25.98
2021-05-20 21:00:00+05:30,0.0,25.15
2021-05-20 22:00:00+05:30,0.0,24.51
2021-05-20 23:00:00+05:30,0.0,23.91
2021-05-21 00:00:00+05:30,0.0,23.44
2021-05-21 01:00:00+05:30,0.0,22.84
2021-05-21 02:00:00+05:30,0.0,22.58
2021-05-21 03:00:00+05:30,0.0,22.13
2021-05-21 04:00:00+05:30,0.0,21.94
2021-05-21 05:00:00+05:30,0.0,21.8
2021-05-21 06:00:00+05:30,0.0,21.73
2021-05-21 07:00:00+05:30,146.17,21.87
2021-05-21 08:00:00+05:30,370.96,22.96
2021-05-21 09:00:00+05:30,574.31,24.86
2021-05-21 10:00:00+05:30,770.87,26.76
2021-05-21 11:00:00+05:30,879.32,28.63
2021-05-21 12:00:00+05:30,886.46,30.05
2021-05-21 13:00:00+05:30,850.94,31.1
2021-05-21 14:00:00+05:30,760.08,31.63
2021-05-21 15:00:00+05:30,608.76,31.82
2021-05-21 16:00:00+05:30,521.93,31.57
2021-05-21 17:00:00+05:30,327.44,31.04
2021-05-21 18:00:00+05:30,155.1,29.89
2021-05-21 19:00:00+05:30,0.0,28.37
2021-05-21 20:00:00+05:30,0.0,26.68
2021-05-21 21:00:00+05:30,0.0,25.34
2021-05-21 22:00:00+05:30,0.0,24.38
2021-05-21 23:00:00+05:30,0.0,23.55
2021-05-22 00:00:00+05:30,0.0,23.0
2021-05-22 01:00:00+05:30,0.0,22.91
2021-05-22 02:00:00+05:30,0.0,22.5
2021-05-22 03:00:00+05:30,0.0,22.38
2021-05-22 04:00:00+05:30,0.0,22.36
2021-05-22 05:00:00+05:30,0.0,22.23
2021-05-22 06:00:00+05:30,0.0,22.14
2021-05-22 07:00:00+05:30,121.16,21.99
2021-05-22 08:00:00+05:30,263.1,23.05
2021-05-22 09:00:00+05:30,360.94,24.62
2021-05-22 10:00:00+05:30,463.09,25.71
2021-05-22 11:00:00+05:30,591.28,26.76
2021-05-22 12:00:00+05:30,637.22,27.96
2021-05-22 13:00:00+05:30,539.75,28.87
2021-05-22 14:00:00+05:30,347.91,29.1
2021-05-22 15:00:00+05:30,392.67,28.58
2021-05-22 16:00:00+05:30,339.8,28.41
2021-05-22 17:00:00+05:30,216.26,28.05
2021-05-22 18:00:00+05:30,92.81,27.25
2021-05-22 19:00:00+05:30,0.0,26.23
2021-05-22 20:00:00+05:30,0.0,25.27
2021-05-22 21:00:00+05:30,0.0,24.52
2021-05-22 22:00:00+05:30,0.0,24.05
2021-05-22 23:00:00+05:30,0.0,23.6
2021-05-23 00:00:00+05:30,0.0,23.27
2021-05-23 01:00:00+05:30,0.0,23.19
2021-05-23 02:00:00+05:30,0.0,22.86
2021-05-23 03:00:00+05:30,0.0,22.7
2021-05-23 04:00:00+05:30,0.0,22.54
2021-05-23 05:00:00+05:30,0.0,22.21
2021-05-23 06:00:00+05:30,0.0,22.08
2021-05-23 07:00:00+05:30,134.11,22.02
2021-05-23 08:00:00+05:30,281.54,23.14
2021-05-23 09:00:00+05:30,523.54,24.83
2021-05-23 10:00:00+05:30,605.1,26.97
2021-05-23 11:00:00+05:30,663.76,28.29
2021-05-23 12:00:00+05:30,874.3,29.18
2021-05-23 13:00:00+05:30,878.97,30.42
2021-05-23 14:00:00+05:30,706.16,31.36
2021-05-23 15:00:00+05:30,617.61,31.51
2021-05-23 16:00:00+05:30,441.66,30.72
2021-05-23 17:00:00+05:30,276.79,29.86
2021-05-23 18:00:00+05:30,106.64,28.63
2021-05-23 19:00:00+05:30,6.28,27.75
2021-05-23 20:00:00+05:30,0.0,26.88
2021-05-23 21:00:00+05:30,0.0,26.03
2021-05-23 22:00:00+05:30,0.0,25.12
2021-05-23 23:00:00+05:30,0.0,24.67
2021-05-24 00:00:00+05:30,0.0,24.19
2021-05-24 01:00:00+05:30,0.0,23.87
2021-05-24 02:00:00+05:30,0.0,23.67
2021-05-24 03:00:00+05:30,0.0,23.46
2021-05-24 04:00:00+05:30,0.0,23.2
2021-05-24 05:00:00+05:30,0.0,23.0
2021-05-24 06:00:00+05:30,0.0,22.8
2021-05-24 07:00:00+05:30,118.3,22.96
2021-05-24 08:00:00+05:30,282.62,23.75
2021-05-24 09:00:00+05:30,465.11,25.16
2021-05-24 10:00:00+05:30,681.33,26.91
2021-05-24 11:00:00+05:30,850.23,28.89
2021-05-24 12:00:00+05:30,812.45,30.58
2021-05-24 13:00:00+05:30,900.53,31.36
2021-05-24 14:00:00+05:30,831.05,32.38
2021-05-24 15:00:00+05:30,637.49,32.67
2021-05-24 16:00:00+05:30,505.64,32.23
2021-05-24 17:00:00+05:30,294.23,31.27
2021-05-24 18:00:00+05:30,146.51,29.67
2021-05-24 19:00:00+05:30,7.7,28.01
2021-05-24 20:00:00+05:30,0.0,26.71
2021-05-24 21:00:00+05:30,0.0,25.64
2021-05-24 22:00:00+05:30,0.0,24.8
2021-05-24 23:00:00+05:30,0.0,24.08
2021-05-25 00:00:00+05:30,0.0,23.56
2021-05-25 01:00:00+05:30,0.0,23.25
2021-05-25 02:00:00+05:30,0.0,22.76
2021-05-25 03:00:00+05:30,0.0,22.38
2021-05-25 04:00:00+05:30,0.0,22.17
2021-05-25 05:00:00+05:30,0.0,21.91
2021-05-25 06:00:00+05:30,0.0,21.68
2021-05-25 07:00:00+05:30,152.07,21.69
2021-05-25 08:00:00+05:30,311.75,23.04
2021-05-25 09:00:00+05:30,472.16,24.87
2021-05-25 10:00:00+05:30,704.62,26.58
2021-05-25 11:00:00+05:30,853.55,28.7
2021-05-25 12:00:00+05:30,774.84,30.43
2021-05-25 13:00:00+05:30,902.68,31.28
2021-05-25 14:00:00+05:30,810.42,32.35
2021-05-25 15:00:00+05:30,682.29,32.7
2021-05-25 16:00:00+05:30,448.77,32.23
2021-05-25 17:00:00+05:30,260.59,30.82
2021-05-25 18:00:00+05:30,114.84,29.43
2021-05-25 19:00:00+05:30,9.01,27.95
2021-05-25 20:00:00+05:30,0.0,26.46
2021-05-25 21:00:00+05:30,0.0,25.51
2021-05-25 22:00:00+05:30,0.0,24.74
2021-05-25 23:00:00+05:30,0.0,24.13
2021-05-26 00:00:00+05:30,0.0,23.8
2021-05-26 01:00:00+05:30,0.0,23.5
2021-05-26 02:00:00+05:30,0.0,23.29
2021-05-26 03:00:00+05:30,0.0,23.08
2021-05-26 04:00:00+05:30,0.0,22.82
2021-05-26 05:00:00+05:30,0.0,22.42
2021-05-26 06:00:00+05:30,0.0,22.37
2021-05-26 07:00:00+05:30,142.65,22.36
2021-05-26 08:00:00+05:30,307.79,23.46
2021-05-26 09:00:00+05:30,567.39,25.09
2021-05-26 10:00:00+05:30,720.98,27.12
2021-05-26 11:00:00+05:30,844.95,28.72
2021-05-26 12:00:00+05:30,934.74,30.0
2021-05-26 13:00:00+05:30,937.19,30.86
2021-05-26 14:00:00+05:30,775.36,31.62
2021-05-26 15:00:00+05:30,719.61,31.58
2021-05-26 16:00:00+05:30,544.6,31.3
2021-05-26 17:00:00+05:30,384.16,30.47
2021-05-26 18:00:00+05:30,171.36,29.03
2021-05-26 19:00:00+05:30,9.4,26.98
2021-05-26 20:00:00+05:30,0.0,25.08
2021-05-26 21:00:00+05:30,0.0,23.94
2021-05-26 22:00:00+05:30,0.0,23.05
2021-05-26 23:00:00+05:30,0.0,22.55
2021-05-27 00:00:00+05:30,0.0,22.32
2021-05-27 01:00:00+05:30,0.0,21.95
2021-05-27 02:00:00+05:30,0.0,21.91
2021-05-27 03:00:00+05:30,0.0,21.99
2021-05-27 04:00:00+05:30,0.0,21.88
2021-05-27 05:00:00+05:30,0.0,21.93
2021-05-27 06:00:00+05:30,0.0,21.84
2021-05-27 07:00:00+05:30,140.69,22.04
2021-05-27 08:00:00+05:30,324.75,23.11
2021-05-27 09:00:00+05:30,542.19,25.03
2021-05-27 10:00:00+05:30,624.38,26.9
2021-05-27 11:00:00+05:30,684.51,28.16
2021-05-27 12:00:00+05:30,743.52,29.06
2021-05-27 13:00:00+05:30,795.72,29.79
2021-05-27 14:00:00+05:30,809.38,29.64
2021-05-27 15:00:00+05:30,624.41,30.2
2021-05-27 16:00:00+05:30,312.85,29.67
2021-05-27 17:00:00+05:30,283.16,28.62
2021-05-27 18:00:00+05:30,126.64,27.82
2021-05-27 19:00:00+05:30,7.31,26.59
2021-05-27 20:00:00+05:30,0.0,25.54
2021-05-27 21:00:00+05:30,0.0,24.77
2021-05-27 22:00:00+05:30,0.0,24.16
2021-05-27 23:00:00+05:30,0.0,23.72
2021-05-28 00:00:00+05:30,0.0,23.37
2021-05-28 01:00:00+05:30,0.0,23.21
2021-05-28 02:00:00+05:30,0.0,23.03
2021-05-28 03:00:00+05:30,0.0,23.02
2021-05-28 04:00:00+05:30,0.0,22.87
2021-05-28 05:00:00+05:30,0.0,22.64
2021-05-28 06:00:00+05:30,0.0,22.47
2021-05-28 07:00:00+05:30,137.55,22.57
2021-05-28 08:00:00+05:30,317.1,24.05
2021-05-28 09:00:00+05:30,527.37,25.82
2021-05-28 10:00:00+05:30,592.99,27.81
2021-05-28 11:00:00+05:30,720.91,29.09
2021-05-28 12:00:00+05:30,818.05,30.51
2021-05-28 13:00:00+05:30,782.03,31.21
2021-05-28 14:00:00+05:30,714.45,30.93
2021-05-28 15:00:00+05:30,432.08,29.29
2021-05-28 16:00:00+05:30,393.4,28.37
2021-05-28 17:00:00+05:30,250.07,27.64
2021-05-28 18:00:00+05:30,136.64,27.06
2021-05-28 19:00:00+05:30,7.41,26.46
2021-05-28 20:00:00+05:30,0.0,25.57
2021-05-28 21:00:00+05:30,0.0,24.92
2021-05-28 22:00:00+05:30,0.0,24.41
2021-05-28 23:00:00+05:30,0.0,24.02
2021-05-29 00:00:00+05:30,0.0,23.67
2021-05-29 01:00:00+05:30,0.0,23.64
2021-05-29 02:00:00+05:30,0.0,23.45
2021-05-29 03:00:00+05:30,0.0,23.35
2021-05-29 04:00:00+05:30,0.0,23.13
2021-05-29 05:00:00+05:30,0.0,22.97
2021-05-29 06:00:00+05:30,0.0,22.78
2021-05-29 07:00:00+05:30,132.19,22.95
2021-05-29 08:00:00+05:30,256.12,24.17
2021-05-29 09:00:00+05:30,443.18,25.57
2021-05-29 10:00:00+05:30,632.64,27.4
2021-05-29 11:00:00+05:30,633.32,29.27
2021-05-29 12:00:00+05:30,877.83,30.31
2021-05-29 13:00:00+05:30,706.37,31.98
2021-05-29 14:00:00+05:30,613.03,32.18
2021-05-29 15:00:00+05:30,468.16,31.68
2021-05-29 16:00:00+05:30,289.46,28.67
2021-05-29 17:00:00+05:30,173.78,28.34
2021-05-29 18:00:00+05:30,110.12,27.42
2021-05-29 19:00:00+05:30,7.26,26.45
2021-05-29 20:00:00+05:30,0.0,25.51
2021-05-29 21:00:00+05:30,0.0,24.96
2021-05-29 22:00:00+05:30,0.0,24.62
2021-05-29 23:00:00+05:30,0.0,24.24
2021-05-30 00:00:00+05:30,0.0,23.83
2021-05-30 01:00:00+05:30,0.0,23.72
2021-05-30 02:00:00+05:30,0.0,23.44
2021-05-30 03:00:00+05:30,0.0,23.24
2021-05-30 04:00:00+05:30,0.0,23.01
2021-05-30 05:00:00+05:30,0.0,22.84
2021-05-30 06:00:00+05:30,0.0,22.6
2021-05-30 07:00:00+05:30,28.5,22.52
2021-05-30 08:00:00+05:30,91.1,22.7
2021-05-30 09:00:00+05:30,158.05,23.41
2021-05-30 10:00:00+05:30,247.16,24.51
2021-05-30 11:00:00+05:30,388.65,25.38
2021-05-30 12:00:00+05:30,835.76,26.88
2021-05-30 13:00:00+05:30,788.46,30.93
2021-05-30 14:00:00+05:30,574.5,31.6
2021-05-30 15:00:00+05:30,474.26,28.27
2021-05-30 16:00:00+05:30,160.36,26.15
2021-05-30 17:00:00+05:30,98.01,25.51
2021-05-30 18:00:00+05:30,54.35,25.01
2021-05-30 19:00:00+05:30,6.63,24.63
2021-05-30 20:00:00+05:30,0.0,24.21
2021-05-30 21:00:00+05:30,0.0,23.84
2021-05-30 22:00:00+05:30,0.0,23.7
2021-05-30 23:00:00+05:30,0.0,23.43
2021-05-31 00:00:00+05:30,0.0,23.13
2021-05-31 01:00:00+05:30,0.0,23.27
2021-05-31 02:00:00+05:30,0.0,23.23
2021-05-31 03:00:00+05:30,0.0,23.11
2021-05-31 04:00:00+05:30,0.0,23.09
2021-05-31 05:00:00+05:30,0.0,23.0
2021-05-31 06:00:00+05:30,0.0,22.88
2021-05-31 07:00:00+05:30,135.0,22.77
2021-05-31 08:00:00+05:30,314.25,23.86
2021-05-31 09:00:00+05:30,441.14,25.46
2021-05-31 10:00:00+05:30,360.05,26.99
2021-05-31 11:00:00+05:30,465.88,27.49
2021-05-31 12:00:00+05:30,782.73,27.88
2021-05-31 13:00:00+05:30,674.22,30.25
2021-05-31 14:00:00+05:30,593.69,30.08
2021-05-31 15:00:00+05:30,503.35,26.72
2021-05-31 16:00:00+05:30,201.95,27.09
2021-05-31 17:00:00+05:30,121.96,25.71
2021-05-31 18:00:00+05:30,71.62,25.2
2021-05-31 19:00:00+05:30,7.02,24.74
2021-05-31 20:00:00+05:30,0.0,24.18
2021-05-31 21:00:00+05:30,0.0,23.91
2021-05-31 22:00:00+05:30,0.0,23.71
2021-05-31 23:00:00+05:30,0.0,23.45
2021-06-01 00:00:00+05:30,0.0,23.16
2021-06-01 01:00:00+05:30,0.0,23.01
2021-06-01 02:00:00+05:30,0.0,22.96
2021-06-01 03:00:00+05:30,0.0,22.88
2021-06-01 04:00:00+05:30,0.0,22.78
2021-06-01 05:00:00+05:30,0.0,22.64
2021-06-01 06:00:00+05:30,0.0,22.53
2021-06-01 07:00:00+05:30,115.53,22.61
2021-06-01 08:00:00+05:30,308.98,23.57
2021-06-01 09:00:00+05:30,381.45,25.25
2021-06-01 10:00:00+05:30,567.74,26.85
2021-06-01 11:00:00+05:30,774.54,28.06
2021-06-01 12:00:00+05:30,781.78,29.15
2021-06-01 13:00:00+05:30,621.42,29.98
2021-06-01 14:00:00+05:30,614.62,29.95
2021-06-01 15:00:00+05:30,436.94,28.54
2021-06-01 16:00:00+05:30,197.33,26.86
2021-06-01 17:00:00+05:30,64.49,25.82
2021-06-01 18:00:00+05:30,28.62,25.14
2021-06-01 19:00:00+05:30,2.68,24.43
2021-06-01 20:00:00+05:30,0.0,23.94
2021-06-01 21:00:00+05:30,0.0,23.77
2021-06-01 22:00:00+05:30,0.0,23.55
2021-06-01 23:00:00+05:30,0.0,23.28
2021-06-02 00:00:00+05:30,0.0,23.08
2021-06-02 01:00:00+05:30,0.0,22.62
2021-06-02 02:00:00+05:30,0.0,22.44
2021-06-02 03:00:00+05:30,0.0,22.38
2021-06-02 04:00:00+05:30,0.0,22.29
2021-06-02 05:00:00+05:30,0.0,22.17
2021-06-02 06:00:00+05:30,0.0,21.97
2021-06-02 07:00:00+05:30,127.76,22.05
2021-06-02 08:00:00+05:30,298.0,23.47
2021-06-02 09:00:00+05:30,537.09,25.25
2021-06-02 10:00:00+05:30,643.67,27.12
2021-06-02 11:00:00+05:30,803.13,28.4
2021-06-02 12:00:00+05:30,907.97,29.51
2021-06-02 13:00:00+05:30,826.07,30.96
2021-06-02 14:00:00+05:30,618.76,31.44
2021-06-02 15:00:00+05:30,364.47,30.08
2021-06-02 16:00:00+05:30,267.45,27.05
2021-06-02 17:00:00+05:30,121.72,25.7
2021-06-02 18:00:00+05:30,42.97,25.36
2021-06-02 19:00:00+05:30,4.29,24.93
2021-06-02 20:00:00+05:30,0.0,24.51
2021-06-02 21:00:00+05:30,0.0,24.21
2021-06-02 22:00:00+05:30,0.0,23.93
2021-06-02 23:00:00+05:30,0.0,23.56
2021-06-03 00:00:00+05:30,0.0,23.34
2021-06-03 01:00:00+05:30,0.0,22.97
2021-06-03 02:00:00+05:30,0.0,22.95
2021-06-03 03:00:00+05:30,0.0,22.95
2021-06-03 04:00:00+05:30,0.0,22.8
2021-06-03 05:00:00+05:30,0.0,22.68
2021-06-03 06:00:00+05:30,0.0,22.7
2021-06-03 07:00:00+05:30,30.58,22.63
2021-06-03 08:00:00+05:30,85.94,22.91
2021-06-03 09:00:00+05:30,226.15,23.26
2021-06-03 10:00:00+05:30,284.62,23.96
2021-06-03 11:00:00+05:30,439.86,24.89
2021-06-03 12:00:00+05:30,372.15,26.55
2021-06-03 13:00:00+05:30,479.64,27.83
2021-06-03 14:00:00+05:30,609.69,28.7
2021-06-03 15:00:00+05:30,570.82,29.36
2021-06-03 16:00:00+05:30,347.35,28.22
2021-06-03 17:00:00+05:30,219.7,26.88
2021-06-03 18:00:00+05:30,50.9,25.44
2021-06-03 19:00:00+05:30,5.75,24.21
2021-06-03 20:00:00+05:30,0.0,23.8
2021-06-03 21:00:00+05:30,0.0,23.66
2021-06-03 22:00:00+05:30,0.0,23.42
2021-06-03 23:00:00+05:30,0.0,23.05
2021-06-04 00:00:00+05:30,0.0,22.85
2021-06-04 01:00:00+05:30,0.0,22.96
2021-06-04 02:00:00+05:30,0.0,22.63
2021-06-04 03:00:00+05:30,0.0,22.04
2021-06-04 04:00:00+05:30,0.0,21.8
2021-06-04 05:00:00+05:30,0.0,22.0
2021-06-04 06:00:00+05:30,0.0,21.71
2021-06-04 07:00:00+05:30,123.57,21.65
2021-06-04 08:00:00+05:30,232.99,23.26
2021-06-04 09:00:00+05:30,405.46,24.84
2021-06-04 10:00:00+05:30,471.79,26.34
2021-06-04 11:00:00+05:30,607.85,27.42
2021-06-04 12:00:00+05:30,682.84,28.72
2021-06-04 13:00:00+05:30,767.55,28.98
2021-06-04 14:00:00+05:30,642.2,29.5
2021-06-04 15:00:00+05:30,569.86,29.83
2021-06-04 16:00:00+05:30,216.06,28.41
2021-06-04 17:00:00+05:30,98.07,26.11
2021-06-04 18:00:00+05:30,39.22,25.16
2021-06-04 19:00:00+05:30,6.28,24.72
2021-06-04 20:00:00+05:30,0.0,24.3
2021-06-04 21:00:00+05:30,0.0,24.08
2021-06-04 22:00:00+05:30,0.0,23.77
2021-06-04 23:00:00+05:30,0.0,23.59
2021-06-05 00:00:00+05:30,0.0,23.36
2021-06-05 01:00:00+05:30,0.0,22.88
2021-06-05 02:00:00+05:30,0.0,22.68
2021-06-05 03:00:00+05:30,0.0,22.54
2021-06-05 04:00:00+05:30,0.0,22.34
2021-06-05 05:00:00+05:30,0.0,22.14
2021-06-05 06:00:00+05:30,0.0,21.83
2021-06-05 07:00:00+05:30,34.57,21.82
2021-06-05 08:00:00+05:30,46.72,21.94
2021-06-05 09:00:00+05:30,129.66,22.17
2021-06-05 10:00:00+05:30,96.96,22.55
2021-06-05 11:00:00+05:30,177.4,22.64
2021-06-05 12:00:00+05:30,209.78,22.82
2021-06-05 13:00:00+05:30,222.94,23.68
2021-06-05 14:00:00+05:30,223.15,24.14
2021-06-05 15:00:00+05:30,310.68,24.3
2021-06-05 16:00:00+05:30,374.21,24.88
2021-06-05 17:00:00+05:30,297.57,25.51
2021-06-05 18:00:00+05:30,113.17,25.38
2021-06-05 19:00:00+05:30,7.06,24.35
2021-06-05 20:00:00+05:30,0.0,23.14
2021-06-05 21:00:00+05:30,0.0,22.83
2021-06-05 22:00:00+05:30,0.0,22.63
2021-06-05 23:00:00+05:30,0.0,22.49
2021-06-06 00:00:00+05:30,0.0,22.27
2021-06-06 01:00:00+05:30,0.0,21.54
2021-06-06 02:00:00+05:30,0.0,21.25
2021-06-06 03:00:00+05:30,0.0,21.16
2021-06-06 04:00:00+05:30,0.0,21.13
2021-06-06 05:00:00+05:30,0.0,21.09
2021-06-06 06:00:00+05:30,0.0,20.99
2021-06-06 07:00:00+05:30,50.52,21.08
2021-06-06 08:00:00+05:30,124.48,21.55
2021-06-06 09:00:00+05:30,166.73,22.45
2021-06-06 10:00:00+05:30,303.68,23.26
2021-06-06 11:00:00+05:30,413.73,24.52
2021-06-06 12:00:00+05:30,713.06,25.76
2021-06-06 13:00:00+05:30,627.67,28.56
2021-06-06 14:00:00+05:30,408.7,28.7
2021-06-06 15:00:00+05:30,424.85,26.91
2021-06-06 16:00:00+05:30,329.74,25.54
2021-06-06 17:00:00+05:30,181.9,25.01
2021-06-06 18:00:00+05:30,64.65,24.93
2021-06-06 19:00:00+05:30,7.11,24.57
2021-06-06 20:00:00+05:30,0.0,23.83
2021-06-06 21:00:00+05:30,0.0,23.35
2021-06-06 22:00:00+05:30,0.0,23.04
2021-06-06 23:00:00+05:30,0.0,22.76
2021-06-07 00:00:00+05:30,0.0,22.51
2021-06-07 01:00:00+05:30,0.0,22.37
2021-06-07 02:00:00+05:30,0.0,22.28
2021-06-07 03:00:00+05:30,0.0,22.31
2021-06-07 04:00:00+05:30,0.0,22.13
2021-06-07 05:00:00+05:30,0.0,22.1
2021-06-07 06:00:00+05:30,0.0,22.05
2021-06-07 07:00:00+05:30,81.51,22.08
2021-06-07 08:00:00+05:30,252.67,22.48
2021-06-07 09:00:00+05:30,419.55,23.43
2021-06-07 10:00:00+05:30,532.99,24.55
2021-06-07 11:00:00+05:30,686.82,25.63
2021-06-07 12:00:00+05:30,742.81,26.42
2021-06-07 13:00:00+05:30,701.69,27.08
2021-06-07 14:00:00+05:30,676.23,26.56
2021-06-07 15:00:00+05:30,392.5,26.92
2021-06-07 16:00:00+05:30,322.25,26.24
2021-06-07 17:00:00+05:30,216.71,26.21
2021-06-07 18:00:00+05:30,120.55,26.04
2021-06-07 19:00:00+05:30,8.77,25.46
2021-06-07 20:00:00+05:30,0.0,24.51
2021-06-07 21:00:00+05:30,0.0,23.63
2021-06-07 22:00:00+05:30,0.0,23.0
2021-06-07 23:00:00+05:30,0.0,22.51
2021-06-08 00:00:00+05:30,0.0,22.28
2021-06-08 01:00:00+05:30,0.0,22.2
2021-06-08 02:00:00+05:30,0.0,21.99
2021-06-08 03:00:00+05:30,0.0,21.89
2021-06-08 04:00:00+05:30,0.0,21.81
2021-06-08 05:00:00+05:30,0.0,21.79
2021-06-08 06:00:00+05:30,0.0,21.73
2021-06-08 07:00:00+05:30,92.18,21.86
2021-06-08 08:00:00+05:30,216.34,22.67
2021-06-08 09:00:00+05:30,299.31,23.82
2021-06-08 10:00:00+05:30,392.88,25.12
2021-06-08 11:00:00+05:30,518.49,26.11
2021-06-08 12:00:00+05:30,638.43,27.08
2021-06-08 13:00:00+05:30,730.38,27.09
2021-06-08 14:00:00+05:30,595.16,27.43
2021-06-08 15:00:00+05:30,568.05,25.84
2021-06-08 16:00:00+05:30,312.81,26.38
2021-06-08 17:00:00+05:30,233.35,25.33
2021-06-08 18:00:00+05:30,80.64,24.84
2021-06-08 19:00:00+05:30,7.31,24.04
2021-06-08 20:00:00+05:30,0.0,23.32
2021-06-08 21:00:00+05:30,0.0,22.77
2021-06-08 22:00:00+05:30,0.0,22.57
2021-06-08 23:00:00+05:30,0.0,22.49
2021-06-09 00:00:00+05:30,0.0,22.4
2021-06-09 01:00:00+05:30,0.0,22.71
2021-06-09 02:00:00+05:30,0.0,22.64
2021-06-09 03:00:00+05:30,0.0,22.57
2021-06-09 04:00:00+05:30,0.0,22.55
2021-06-09 05:00:00+05:30,0.0,22.48
2021-06-09 06:00:00+05:30,0.0,22.44
2021-06-09 07:00:00+05:30,60.63,22.54
2021-06-09 08:00:00+05:30,178.41,22.95
2021-06-09 09:00:00+05:30,237.01,23.47
2021-06-09 10:00:00+05:30,341.68,23.88
2021-06-09 11:00:00+05:30,491.45,24.48
2021-06-09 12:00:00+05:30,650.78,25.46
2021-06-09 13:00:00+05:30,567.29,27.15
2021-06-09 14:00:00+05:30,528.58,26.37
2021-06-09 15:00:00+05:30,389.13,25.92
2021-06-09 16:00:00+05:30,389.0,24.93
2021-06-09 17:00:00+05:30,197.24,24.91
2021-06-09 18:00:00+05:30,139.04,24.66
2021-06-09 19:00:00+05:30,9.06,23.62
2021-06-09 20:00:00+05:30,0.0,22.99
2021-06-09 21:00:00+05:30,0.0,22.63
2021-06-09 22:00:00+05:30,0.0,22.41
2021-06-09 23:00:00+05:30,0.0,22.6
2021-06-10 00:00:00+05:30,0.0,22.64
2021-06-10 01:00:00+05:30,0.0,22.12
2021-06-10 02:00:00+05:30,0.0,22.02
2021-06-10 03:00:00+05:30,0.0,22.05
2021-06-10 04:00:00+05:30,0.0,21.99
2021-06-10 05:00:00+05:30,0.0,21.93
2021-06-10 06:00:00+05:30,0.0,22.06
2021-06-10 07:00:00+05:30,38.21,22.17
2021-06-10 08:00:00+05:30,190.45,22.67
2021-06-10 09:00:00+05:30,325.88,23.43
2021-06-10 10:00:00+05:30,370.54,24.23
2021-06-10 11:00:00+05:30,423.74,24.64
2021-06-10 12:00:00+05:30,455.66,24.68
2021-06-10 13:00:00+05:30,452.55,24.81
2021-06-10 14:00:00+05:30,156.87,24.81
2021-06-10 15:00:00+05:30,287.85,23.3
2021-06-10 16:00:00+05:30,136.74,23.18
2021-06-10 17:00:00+05:30,79.95,22.98
2021-06-10 18:00:00+05:30,51.94,22.64
2021-06-10 19:00:00+05:30,6.38,22.53
2021-06-10 20:00:00+05:30,0.0,22.3
2021-06-10 21:00:00+05:30,0.0,22.32
2021-06-10 22:00:00+05:30,0.0,22.24
2021-06-10 23:00:00+05:30,0.0,22.23
2021-06-11 00:00:00+05:30,0.0,22.21
2021-06-11 01:00:00+05:30,0.0,22.07
2021-06-11 02:00:00+05:30,0.0,22.17
2021-06-11 03:00:00+05:30,0.0,22.1
2021-06-11 04:00:00+05:30,0.0,22.1
2021-06-11 05:00:00+05:30,0.0,22.24
2021-06-11 06:00:00+05:30,0.0,22.5
2021-06-11 07:00:00+05:30,31.86,22.69
2021-06-11 08:00:00+05:30,199.67,23.06
2021-06-11 09:00:00+05:30,378.75,23.86
2021-06-11 10:00:00+05:30,551.52,24.98
2021-06-11 11:00:00+05:30,586.89,25.49
2021-06-11 12:00:00+05:30,832.73,25.75
2021-06-11 13:00:00+05:30,700.54,27.18
2021-06-11 14:00:00+05:30,522.26,27.04
2021-06-11 15:00:00+05:30,546.96,26.6
2021-06-11 16:00:00+05:30,365.32,26.43
2021-06-11 17:00:00+05:30,227.24,25.91
2021-06-11 18:00:00+05:30,100.66,24.8
2021-06-11 19:00:00+05:30,7.7,24.01
2021-06-11 20:00:00+05:30,0.0,22.98
2021-06-11 21:00:00+05:30,0.0,22.71
2021-06-11 22:00:00+05:30,0.0,22.51
2021-06-11 23:00:00+05:30,0.0,22.45
2021-06-12 00:00:00+05:30,0.0,22.33
2021-06-12 01:00:00+05:30,0.0,22.59
2021-06-12 02:00:00+05:30,0.0,22.65
2021-06-12 03:00:00+05:30,0.0,22.64
2021-06-12 04:00:00+05:30,0.0,22.57
2021-06-12 05:00:00+05:30,0.0,22.51
2021-06-12 06:00:00+05:30,0.0,22.5
2021-06-12 07:00:00+05:30,46.08,22.44
2021-06-12 08:00:00+05:30,179.44,22.68
2021-06-12 09:00:00+05:30,353.04,23.51
2021-06-12 10:00:00+05:30,513.42,24.28
2021-06-12 11:00:00+05:30,565.27,25.28
2021-06-12 12:00:00+05:30,361.29,25.43
2021-06-12 13:00:00+05:30,587.43,25.31
2021-06-12 14:00:00+05:30,396.54,26.86
2021-06-12 15:00:00+05:30,455.92,25.16
2021-06-12 16:00:00+05:30,297.33,25.97
2021-06-12 17:00:00+05:30,202.7,25.32
2021-06-12 18:00:00+05:30,113.23,24.43
2021-06-12 19:00:00+05:30,9.99,24.06
2021-06-12 20:00:00+05:30,0.0,23.4
2021-06-12 21:00:00+05:30,0.0,23.35
2021-06-12 22:00:00+05:30,0.0,23.12
2021-06-12 23:00:00+05:30,0.0,22.89
2021-06-13 00:00:00+05:30,0.0,22.57
2021-06-13 01:00:00+05:30,0.0,22.84
2021-06-13 02:00:00+05:30,0.0,22.64
2021-06-13 03:00:00+05:30,0.0,22.38
2021-06-13 04:00:00+05:30,0.0,22.27
2021-06-13 05:00:00+05:30,0.0,22.2
2021-06-13 06:00:00+05:30,0.0,22.12
2021-06-13 07:00:00+05:30,96.3,22.15
2021-06-13 08:00:00+05:30,206.55,23.02
2021-06-13 09:00:00+05:30,384.98,23.71
2021-06-13 10:00:00+05:30,447.06,24.88
2021-06-13 11:00:00+05:30,529.58,25.85
2021-06-13 12:00:00+05:30,524.12,26.88
2021-06-13 13:00:00+05:30,681.89,27.24
2021-06-13 14:00:00+05:30,708.88,27.15
2021-06-13 15:00:00+05:30,490.62,27.34
2021-06-13 16:00:00+05:30,282.94,26.58
2021-06-13 17:00:00+05:30,191.56,25.78
2021-06-13 18:00:00+05:30,76.65,24.93
2021-06-13 19:00:00+05:30,8.67,24.13
2021-06-13 20:00:00+05:30,0.0,23.33
2021-06-13 21:00:00+05:30,0.0,22.9
2021-06-13 22:00:00+05:30,0.0,22.66
2021-06-13 23:00:00+05:30,0.0,22.58
2021-06-14 00:00:00+05:30,0.0,22.47
2021-06-14 01:00:00+05:30,0.0,22.69
2021-06-14 02:00:00+05:30,0.0,22.67
2021-06-14 03:00:00+05:30,0.0,22.72
2021-06-14 04:00:00+05:30,0.0,22.66
2021-06-14 05:00:00+05:30,0.0,22.51
2021-06-14 06:00:00+05:30,0.0,22.4
2021-06-14 07:00:00+05:30,75.45,22.47
2021-06-14 08:00:00+05:30,174.1,23.15
2021-06-14 09:00:00+05:30,357.72,23.89
2021-06-14 10:00:00+05:30,347.04,25.18
2021-06-14 11:00:00+05:30,532.12,25.43
2021-06-14 12:00:00+05:30,525.46,26.16
2021-06-14 13:00:00+05:30,533.58,27.4
2021-06-14 14:00:00+05:30,529.89,27.87
2021-06-14 15:00:00+05:30,577.27,27.77
2021-06-14 16:00:00+05:30,377.33,27.48
2021-06-14 17:00:00+05:30,218.79,26.41
2021-06-14 18:00:00+05:30,80.61,25.3
2021-06-14 19:00:00+05:30,11.21,24.28
2021-06-14 20:00:00+05:30,0.0,23.56
2021-06-14 21:00:00+05:30,0.0,23.03
2021-06-14 22:00:00+05:30,0.0,22.66
2021-06-14 23:00:00+05:30,0.0,22.4
2021-06-15 00:00:00+05:30,0.0,22.34
2021-06-15 01:00:00+05:30,0.0,22.65
2021-06-15 02:00:00+05:30,0.0,22.65
2021-06-15 03:00:00+05:30,0.0,22.56
2021-06-15 04:00:00+05:30,0.0,22.37
2021-06-15 05:00:00+05:30,0.0,22.34
2021-06-15 06:00:00+05:30,0.0,22.48
2021-06-15 07:00:00+05:30,42.75,22.6
2021-06-15 08:00:00+05:30,237.27,22.85
2021-06-15 09:00:00+05:30,343.19,23.59
2021-06-15 10:00:00+05:30,491.84,24.51
2021-06-15 11:00:00+05:30,584.34,25.08
2021-06-15 12:00:00+05:30,534.02,26.04
2021-06-15 13:00:00+05:30,351.92,26.25
2021-06-15 14:00:00+05:30,317.12,25.19
2021-06-15 15:00:00+05:30,146.44,24.91
2021-06-15 16:00:00+05:30,131.54,23.85
2021-06-15 17:00:00+05:30,76.6,23.54
2021-06-15 18:00:00+05:30,46.5,23.07
2021-06-15 19:00:00+05:30,6.97,22.88
2021-06-15 20:00:00+05:30,0.0,22.6
2021-06-15 21:00:00+05:30,0.0,22.46
2021-06-15 22:00:00+05:30,0.0,22.36
2021-06-15 23:00:00+05:30,0.0,22.62
2021-06-16 00:00:00+05:30,0.0,22.57
2021-06-16 01:00:00+05:30,0.0,22.27
2021-06-16 02:00:00+05:30,0.0,22.36
2021-06-16 03:00:00+05:30,0.0,22.22
2021-06-16 04:00:00+05:30,0.0,22.04
2021-06-16 05:00:00+05:30,0.0,21.94
2021-06-16 06:00:00+05:30,0.0,21.86
2021-06-16 07:00:00+05:30,35.66,21.87
2021-06-16 08:00:00+05:30,102.32,22.06
2021-06-16 09:00:00+05:30,355.08,22.45
2021-06-16 10:00:00+05:30,472.87,23.37
2021-06-16 11:00:00+05:30,671.13,24.57
2021-06-16 12:00:00+05:30,427.93,25.18
2021-06-16 13:00:00+05:30,540.19,24.63
2021-06-16 14:00:00+05:30,342.14,25.31
2021-06-16 15:00:00+05:30,332.51,24.43
2021-06-16 16:00:00+05:30,146.97,24.42
2021-06-16 17:00:00+05:30,119.95,23.68
2021-06-16 18:00:00+05:30,54.26,23.08
2021-06-16 19:00:00+05:30,7.45,22.81
2021-06-16 20:00:00+05:30,0.0,22.49
2021-06-16 21:00:00+05:30,0.0,22.44
2021-06-16 22:00:00+05:30,0.0,22.45
2021-06-16 23:00:00+05:30,0.0,22.58
2021-06-17 00:00:00+05:30,0.0,22.44
2021-06-17 01:00:00+05:30,0.0,21.94
2021-06-17 02:00:00+05:30,0.0,21.8
2021-06-17 03:00:00+05:30,0.0,21.71
2021-06-17 04:00:00+05:30,0.0,21.71
2021-06-17 05:00:00+05:30,0.0,21.76
2021-06-17 06:00:00+05:30,0.0,21.77
2021-06-17 07:00:00+05:30,45.09,21.71
2021-06-17 08:00:00+05:30,149.47,21.91
2021-06-17 09:00:00+05:30,260.25,22.59
2021-06-17 10:00:00+05:30,295.71,23.45
2021-06-17 11:00:00+05:30,516.95,23.97
2021-06-17 12:00:00+05:30,176.62,25.23
2021-06-17 13:00:00+05:30,398.44,23.71
2021-06-17 14:00:00+05:30,360.47,24.26
2021-06-17 15:00:00+05:30,186.43,24.1
2021-06-17 16:00:00+05:30,182.94,23.5
2021-06-17 17:00:00+05:30,82.56,23.04
2021-06-17 18:00:00+05:30,50.33,22.64
2021-06-17 19:00:00+05:30,3.8,22.49
2021-06-17 20:00:00+05:30,0.0,22.1
2021-06-17 21:00:00+05:30,0.0,21.97
2021-06-17 22:00:00+05:30,0.0,21.87
2021-06-17 23:00:00+05:30,0.0,21.74
2021-06-18 00:00:00+05:30,0.0,21.67
2021-06-18 01:00:00+05:30,0.0,21.56
2021-06-18 02:00:00+05:30,0.0,21.74
2021-06-18 03:00:00+05:30,0.0,21.8
2021-06-18 04:00:00+05:30,0.0,21.89
2021-06-18 05:00:00+05:30,0.0,21.87
2021-06-18 06:00:00+05:30,0.0,21.71
2021-06-18 07:00:00+05:30,28.45,21.72
2021-06-18 08:00:00+05:30,96.7,21.98
2021-06-18 09:00:00+05:30,239.5,22.4
2021-06-18 10:00:00+05:30,462.22,23.3
2021-06-18 11:00:00+05:30,546.58,24.6
2021-06-18 12:00:00+05:30,454.07,25.02
2021-06-18 13:00:00+05:30,478.24,24.44
2021-06-18 14:00:00+05:30,447.4,24.69
2021-06-18 15:00:00+05:30,359.91,24.69
2021-06-18 16:00:00+05:30,189.46,24.3
2021-06-18 17:00:00+05:30,124.61,23.66
2021-06-18 18:00:00+05:30,64.34,23.14
2021-06-18 19:00:00+05:30,6.77,22.64
2021-06-18 20:00:00+05:30,0.0,22.26
2021-06-18 21:00:00+05:30,0.0,22.01
2021-06-18 22:00:00+05:30,0.0,21.85
2021-06-18 23:00:00+05:30,0.0,21.76
2021-06-19 00:00:00+05:30,0.0,21.65
2021-06-19 01:00:00+05:30,0.0,21.48
2021-06-19 02:00:00+05:30,0.0,21.29
2021-06-19 03:00:00+05:30,0.0,21.2
2021-06-19 04:00:00+05:30,0.0,21.15
2021-06-19 05:00:00+05:30,0.0,21.21
2021-06-19 06:00:00+05:30,0.0,21.18
2021-06-19 07:00:00+05:30,42.77,21.01
2021-06-19 08:00:00+05:30,108.68,21.17
2021-06-19 09:00:00+05:30,134.92,21.69
2021-06-19 10:00:00+05:30,254.91,21.87
2021-06-19 11:00:00+05:30,273.72,22.85
2021-06-19 12:00:00+05:30,447.08,23.38
2021-06-19 13:00:00+05:30,424.67,24.15
2021-06-19 14:00:00+05:30,309.7,24.79
2021-06-19 15:00:00+05:30,331.4,23.82
2021-06-19 16:00:00+05:30,254.67,22.98
2021-06-19 17:00:00+05:30,183.26,23.19
2021-06-19 18:00:00+05:30,82.37,22.62
2021-06-19 19:00:00+05:30,5.02,21.99
2021-06-19 20:00:00+05:30,0.0,21.69
2021-06-19 21:00:00+05:30,0.0,21.47
2021-06-19 22:00:00+05:30,0.0,21.53
2021-06-19 23:00:00+05:30,0.0,21.44
2021-06-20 00:00:00+05:30,0.0,21.28
2021-06-20 01:00:00+05:30,0.0,21.47
2021-06-20 02:00:00+05:30,0.0,21.52
2021-06-20 03:00:00+05:30,0.0,21.43
2021-06-20 04:00:00+05:30,0.0,21.21
2021-06-20 05:00:00+05:30,0.0,21.17
2021-06-20 06:00:00+05:30,0.0,21.16
2021-06-20 07:00:00+05:30,51.14,21.27
2021-06-20 08:00:00+05:30,230.16,21.61
2021-06-20 09:00:00+05:30,403.75,22.8
2021-06-20 10:00:00+05:30,552.58,23.63
2021-06-20 11:00:00+05:30,629.86,24.79
2021-06-20 12:00:00+05:30,783.57,25.38
2021-06-20 13:00:00+05:30,749.74,26.05
2021-06-20 14:00:00+05:30,711.94,26.38
2021-06-20 15:00:00+05:30,570.69,25.93
2021-06-20 16:00:00+05:30,425.41,25.56
2021-06-20 17:00:00+05:30,311.74,25.04
2021-06-20 18:00:00+05:30,111.77,24.17
2021-06-20 19:00:00+05:30,9.65,22.93
2021-06-20 20:00:00+05:30,0.0,22.01
2021-06-20 21:00:00+05:30,0.0,21.78
2021-06-20 22:00:00+05:30,0.0,21.81
2021-06-20 23:00:00+05:30,0.0,21.63
2021-06-21 00:00:00+05:30,0.0,21.47
2021-06-21 01:00:00+05:30,0.0,21.13
2021-06-21 02:00:00+05:30,0.0,21.15
2021-06-21 03:00:00+05:30,0.0,21.2
2021-06-21 04:00:00+05:30,0.0,21.33
2021-06-21 05:00:00+05:30,0.0,21.36
2021-06-21 06:00:00+05:30,0.0,21.28
2021-06-21 07:00:00+05:30,89.2,21.24
2021-06-21 08:00:00+05:30,208.02,21.95
2021-06-21 09:00:00+05:30,445.67,22.98
2021-06-21 10:00:00+05:30,610.65,24.66
2021-06-21 11:00:00+05:30,726.01,26.15
2021-06-21 12:00:00+05:30,755.42,26.84
2021-06-21 13:00:00+05:30,718.38,26.53
2021-06-21 14:00:00+05:30,821.17,26.67
2021-06-21 15:00:00+05:30,624.81,27.38
2021-06-21 16:00:00+05:30,485.55,26.65
2021-06-21 17:00:00+05:30,305.98,25.9
2021-06-21 18:00:00+05:30,165.88,25.17
2021-06-21 19:00:00+05:30,11.16,24.35
2021-06-21 20:00:00+05:30,0.0,23.43
2021-06-21 21:00:00+05:30,0.0,22.97
2021-06-21 22:00:00+05:30,0.0,22.65
2021-06-21 23:00:00+05:30,0.0,22.28
2021-06-22 00:00:00+05:30,0.0,21.95
2021-06-22 01:00:00+05:30,0.0,21.94
2021-06-22 02:00:00+05:30,0.0,21.88
2021-06-22 03:00:00+05:30,0.0,21.68
2021-06-22 04:00:00+05:30,0.0,21.59
2021-06-22 05:00:00+05:30,0.0,21.52
2021-06-22 06:00:00+05:30,0.0,21.71
2021-06-22 07:00:00+05:30,82.71,21.76
2021-06-22 08:00:00+05:30,251.36,22.34
2021-06-22 09:00:00+05:30,332.24,23.41
2021-06-22 10:00:00+05:30,429.52,24.55
2021-06-22 11:00:00+05:30,580.41,25.35
2021-06-22 12:00:00+05:30,680.12,26.02
2021-06-22 13:00:00+05:30,776.09,26.78
2021-06-22 14:00:00+05:30,700.78,27.46
2021-06-22 15:00:00+05:30,537.51,27.15
2021-06-22 16:00:00+05:30,472.03,26.71
2021-06-22 17:00:00+05:30,310.17,26.43
2021-06-22 18:00:00+05:30,171.44,25.51
2021-06-22 19:00:00+05:30,12.57,24.53
2021-06-22 20:00:00+05:30,0.0,23.64
2021-06-22 21:00:00+05:30,0.0,22.91
2021-06-22 22:00:00+05:30,0.0,22.45
2021-06-22 23:00:00+05:30,0.0,22.02
2021-06-23 00:00:00+05:30,0.0,21.82
2021-06-23 01:00:00+05:30,0.0,21.99
2021-06-23 02:00:00+05:30,0.0,22.01
2021-06-23 03:00:00+05:30,0.0,21.8
2021-06-23 04:00:00+05:30,0.0,21.68
2021-06-23 05:00:00+05:30,0.0,21.75
2021-06-23 06:00:00+05:30,0.0,21.75
2021-06-23 07:00:00+05:30,77.42,21.91
2021-06-23 08:00:00+05:30,223.37,22.5
2021-06-23 09:00:00+05:30,353.75,23.78
2021-06-23 10:00:00+05:30,553.16,25.02
2021-06-23 11:00:00+05:30,699.33,26.37
2021-06-23 12:00:00+05:30,684.52,27.18
2021-06-23 13:00:00+05:30,637.43,27.43
2021-06-23 14:00:00+05:30,641.26,27.57
2021-06-23 15:00:00+05:30,466.69,27.31
2021-06-23 16:00:00+05:30,376.95,26.45
2021-06-23 17:00:00+05:30,222.33,25.87
2021-06-23 18:00:00+05:30,94.23,25.25
2021-06-23 19:00:00+05:30,10.52,24.32
2021-06-23 20:00:00+05:30,0.0,23.46
2021-06-23 21:00:00+05:30,0.0,22.84
2021-06-23 22:00:00+05:30,0.0,22.43
2021-06-23 23:00:00+05:30,0.0,22.17
2021-06-24 00:00:00+05:30,0.0,21.94
2021-06-24 01:00:00+05:30,0.0,21.88
2021-06-24 02:00:00+05:30,0.0,21.95
2021-06-24 03:00:00+05:30,0.0,21.97
2021-06-24 04:00:00+05:30,0.0,21.9
2021-06-24 05:00:00+05:30,0.0,21.77
2021-06-24 06:00:00+05:30,0.0,21.68
2021-06-24 07:00:00+05:30,24.79,21.63
2021-06-24 08:00:00+05:30,55.38,21.73
2021-06-24 09:00:00+05:30,162.27,22.02
2021-06-24 10:00:00+05:30,244.86,22.8
2021-06-24 11:00:00+05:30,218.52,23.29
2021-06-24 12:00:00+05:30,178.31,23.5
2021-06-24 13:00:00+05:30,206.49,23.67
2021-06-24 14:00:00+05:30,228.2,23.61
2021-06-24 15:00:00+05:30,207.32,23.64
2021-06-24 16:00:00+05:30,135.13,23.6
2021-06-24 17:00:00+05:30,81.62,23.04
2021-06-24 18:00:00+05:30,31.63,22.62
2021-06-24 19:00:00+05:30,4.48,22.28
2021-06-24 20:00:00+05:30,0.0,21.95
2021-06-24 21:00:00+05:30,0.0,21.82
2021-06-24 22:00:00+05:30,0.0,21.65
2021-06-24 23:00:00+05:30,0.0,21.68
2021-06-25 00:00:00+05:30,0.0,21.75
2021-06-25 01:00:00+05:30,0.0,21.56
2021-06-25 02:00:00+05:30,0.0,21.53
2021-06-25 03:00:00+05:30,0.0,21.53
2021-06-25 04:00:00+05:30,0.0,21.47
2021-06-25 05:00:00+05:30,0.0,21.35
2021-06-25 06:00:00+05:30,0.0,21.39
2021-06-25 07:00:00+05:30,61.41,21.44
2021-06-25 08:00:00+05:30,118.31,21.71
2021-06-25 09:00:00+05:30,143.14,22.07
2021-06-25 10:00:00+05:30,312.71,22.38
2021-06-25 11:00:00+05:30,575.93,23.27
2021-06-25 12:00:00+05:30,594.08,24.86
2021-06-25 13:00:00+05:30,719.5,25.45
2021-06-25 14:00:00+05:30,557.98,25.73
2021-06-25 15:00:00+05:30,425.07,25.4
2021-06-25 16:00:00+05:30,267.24,25.13
2021-06-25 17:00:00+05:30,236.68,24.34
2021-06-25 18:00:00+05:30,111.14,24.11
2021-06-25 19:00:00+05:30,13.45,23.56
2021-06-25 20:00:00+05:30,0.0,22.87
2021-06-25 21:00:00+05:30,0.0,22.42
2021-06-25 22:00:00+05:30,0.0,22.37
2021-06-25 23:00:00+05:30,0.0,22.29
2021-06-26 00:00:00+05:30,0.0,22.05
2021-06-26 01:00:00+05:30,0.0,21.54
2021-06-26 02:00:00+05:30,0.0,21.48
2021-06-26 03:00:00+05:30,0.0,21.64
2021-06-26 04:00:00+05:30,0.0,21.68
2021-06-26 05:00:00+05:30,0.0,21.82
2021-06-26 06:00:00+05:30,0.0,21.95
2021-06-26 07:00:00+05:30,55.01,21.95
2021-06-26 08:00:00+05:30,177.15,22.09
2021-06-26 09:00:00+05:30,374.29,23.08
2021-06-26 10:00:00+05:30,543.88,24.12
2021-06-26 11:00:00+05:30,549.65,25.05
2021-06-26 12:00:00+05:30,580.6,25.34
2021-06-26 13:00:00+05:30,706.24,26.47
2021-06-26 14:00:00+05:30,694.62,27.13
2021-06-26 15:00:00+05:30,525.17,27.0
2021-06-26 16:00:00+05:30,429.15,26.31
2021-06-26 17:00:00+05:30,270.31,25.75
2021-06-26 18:00:00+05:30,161.46,25.07
2021-06-26 19:00:00+05:30,11.5,24.34
2021-06-26 20:00:00+05:30,0.0,23.41
2021-06-26 21:00:00+05:30,0.0,22.8
2021-06-26 22:00:00+05:30,0.0,22.46
2021-06-26 23:00:00+05:30,0.0,22.28
2021-06-27 00:00:00+05:30,0.0,22.54
2021-06-27 01:00:00+05:30,0.0,22.31
2021-06-27 02:00:00+05:30,0.0,22.29
2021-06-27 03:00:00+05:30,0.0,21.92
2021-06-27 04:00:00+05:30,0.0,21.83
2021-06-27 05:00:00+05:30,0.0,21.75
2021-06-27 06:00:00+05:30,0.0,21.65
2021-06-27 07:00:00+05:30,86.71,21.55
2021-06-27 08:00:00+05:30,189.17,22.16
2021-06-27 09:00:00+05:30,341.42,23.07
2021-06-27 10:00:00+05:30,412.21,24.44
2021-06-27 11:00:00+05:30,430.2,25.47
2021-06-27 12:00:00+05:30,324.32,25.9
2021-06-27 13:00:00+05:30,339.85,25.65
2021-06-27 14:00:00+05:30,330.26,25.78
2021-06-27 15:00:00+05:30,255.13,25.84
2021-06-27 16:00:00+05:30,144.46,25.61
2021-06-27 17:00:00+05:30,111.09,25.12
2021-06-27 18:00:00+05:30,52.18,24.69
2021-06-27 19:00:00+05:30,12.42,24.06
2021-06-27 20:00:00+05:30,0.0,23.29
2021-06-27 21:00:00+05:30,0.0,22.82
2021-06-27 22:00:00+05:30,0.0,22.45
2021-06-27 23:00:00+05:30,0.0,22.14
2021-06-28 00:00:00+05:30,0.0,21.92
2021-06-28 01:00:00+05:30,0.0,21.42
2021-06-28 02:00:00+05:30,0.0,21.22
2021-06-28 03:00:00+05:30,0.0,21.08
2021-06-28 04:00:00+05:30,0.0,21.08
2021-06-28 05:00:00+05:30,0.0,21.05
2021-06-28 06:00:00+05:30,0.0,21.11
2021-06-28 07:00:00+05:30,37.1,21.04
2021-06-28 08:00:00+05:30,66.78,21.44
2021-06-28 09:00:00+05:30,81.75,21.9
2021-06-28 10:00:00+05:30,219.81,22.27
2021-06-28 11:00:00+05:30,207.31,23.1
2021-06-28 12:00:00+05:30,274.48,23.52
2021-06-28 13:00:00+05:30,380.18,24.44
2021-06-28 14:00:00+05:30,482.89,25.13
2021-06-28 15:00:00+05:30,360.05,25.83
2021-06-28 16:00:00+05:30,355.42,25.89
2021-06-28 17:00:00+05:30,250.08,25.91
2021-06-28 18:00:00+05:30,135.26,25.48
2021-06-28 19:00:00+05:30,12.33,24.62
2021-06-28 20:00:00+05:30,0.0,23.58
2021-06-28 21:00:00+05:30,0.0,22.72
2021-06-28 22:00:00+05:30,0.0,22.34
2021-06-28 23:00:00+05:30,0.0,21.94
2021-06-29 00:00:00+05:30,0.0,21.82
2021-06-29 01:00:00+05:30,0.0,21.56
2021-06-29 02:00:00+05:30,0.0,21.36
2021-06-29 03:00:00+05:30,0.0,21.26
2021-06-29 04:00:00+05:30,0.0,21.15
2021-06-29 05:00:00+05:30,0.0,21.24
2021-06-29 06:00:00+05:30,0.0,21.16
2021-06-29 07:00:00+05:30,79.92,21.3
2021-06-29 08:00:00+05:30,274.75,21.99
2021-06-29 09:00:00+05:30,327.35,23.47
2021-06-29 10:00:00+05:30,482.97,24.63
2021-06-29 11:00:00+05:30,471.84,26.13
2021-06-29 12:00:00+05:30,460.14,26.91
2021-06-29 13:00:00+05:30,525.39,27.15
2021-06-29 14:00:00+05:30,707.53,27.34
2021-06-29 15:00:00+05:30,539.63,27.82
2021-06-29 16:00:00+05:30,446.99,27.75
2021-06-29 17:00:00+05:30,243.01,27.04
2021-06-29 18:00:00+05:30,127.51,26.12
2021-06-29 19:00:00+05:30,12.37,25.4
2021-06-29 20:00:00+05:30,0.0,24.38
2021-06-29 21:00:00+05:30,0.0,23.67
2021-06-29 22:00:00+05:30,0.0,23.09
2021-06-29 23:00:00+05:30,0.0,22.75
2021-06-30 00:00:00+05:30,0.0,22.34
2021-06-30 01:00:00+05:30,0.0,22.49
2021-06-30 02:00:00+05:30,0.0,22.27
2021-06-30 03:00:00+05:30,0.0,21.92
2021-06-30 04:00:00+05:30,0.0,21.71
2021-06-30 05:00:00+05:30,0.0,21.64
2021-06-30 06:00:00+05:30,0.0,21.59
2021-06-30 07:00:00+05:30,116.73,21.61
2021-06-30 08:00:00+05:30,248.87,22.69
2021-06-30 09:00:00+05:30,397.46,24.14
2021-06-30 10:00:00+05:30,483.41,25.78
2021-06-30 11:00:00+05:30,544.18,26.76
2021-06-30 12:00:00+05:30,562.46,27.21
2021-06-30 13:00:00+05:30,581.84,27.16
2021-06-30 14:00:00+05:30,654.44,27.37
2021-06-30 15:00:00+05:30,470.73,27.67
2021-06-30 16:00:00+05:30,423.96,26.96
2021-06-30 17:00:00+05:30,253.53,26.76
2021-06-30 18:00:00+05:30,137.1,25.88
2021-06-30 19:00:00+05:30,11.55,25.07
2021-06-30 20:00:00+05:30,0.0,24.17
2021-06-30 21:00:00+05:30,0.0,23.45
2021-06-30 22:00:00+05:30,0.0,23.05
2021-06-30 23:00:00+05:30,0.0,22.71
2021-07-01 00:00:00+05:30,0.0,22.39
2021-07-01 01:00:00+05:30,0.0,22.41
2021-07-01 02:00:00+05:30,0.0,22.34
2021-07-01 03:00:00+05:30,0.0,22.17
2021-07-01 04:00:00+05:30,0.0,22.07
2021-07-01 05:00:00+05:30,0.0,22.01
2021-07-01 06:00:00+05:30,0.0,22.04
2021-07-01 07:00:00+05:30,100.43,22.02
2021-07-01 08:00:00+05:30,214.19,22.91
2021-07-01 09:00:00+05:30,438.18,24.09
2021-07-01 10:00:00+05:30,533.23,25.65
2021-07-01 11:00:00+05:30,587.06,26.67
2021-07-01 12:00:00+05:30,495.84,27.09
2021-07-01 13:00:00+05:30,544.62,26.76
2021-07-01 14:00:00+05:30,575.09,26.86
2021-07-01 15:00:00+05:30,471.78,27.13
2021-07-01 16:00:00+05:30,482.48,27.16
2021-07-01 17:00:00+05:30,280.04,27.18
2021-07-01 18:00:00+05:30,164.33,26.22
2021-07-01 19:00:00+05:30,10.72,25.29
2021-07-01 20:00:00+05:30,0.0,24.19
2021-07-01 21:00:00+05:30,0.0,23.5
2021-07-01 22:00:00+05:30,0.0,23.0
2021-07-01 23:00:00+05:30,0.0,22.63
2021-07-02 00:00:00+05:30,0.0,22.41
2021-07-02 01:00:00+05:30,0.0,22.38
2021-07-02 02:00:00+05:30,0.0,22.31
2021-07-02 03:00:00+05:30,0.0,22.33
2021-07-02 04:00:00+05:30,0.0,22.36
2021-07-02 05:00:00+05:30,0.0,22.2
2021-07-02 06:00:00+05:30,0.0,21.98
2021-07-02 07:00:00+05:30,90.02,22.1
2021-07-02 08:00:00+05:30,252.66,22.61
2021-07-02 09:00:00+05:30,423.08,23.83
2021-07-02 10:00:00+05:30,599.1,25.26
2021-07-02 11:00:00+05:30,491.54,26.49
2021-07-02 12:00:00+05:30,539.93,26.85
2021-07-02 13:00:00+05:30,521.4,27.48
2021-07-02 14:00:00+05:30,601.66,27.62
2021-07-02 15:00:00+05:30,480.68,27.99
2021-07-02 16:00:00+05:30,404.1,27.83
2021-07-02 17:00:00+05:30,239.09,27.41
2021-07-02 18:00:00+05:30,130.35,26.37
2021-07-02 19:00:00+05:30,13.4,25.38
2021-07-02 20:00:00+05:30,0.0,24.32
2021-07-02 21:00:00+05:30,0.0,23.48
2021-07-02 22:00:00+05:30,0.0,23.05
2021-07-02 23:00:00+05:30,0.0,22.68
2021-07-03 00:00:00+05:30,0.0,22.51
2021-07-03 01:00:00+05:30,0.0,22.13
2021-07-03 02:00:00+05:30,0.0,21.98
2021-07-03 03:00:00+05:30,0.0,21.77
2021-07-03 04:00:00+05:30,0.0,21.98
2021-07-03 05:00:00+05:30,0.0,21.88
2021-07-03 06:00:00+05:30,0.0,22.15
2021-07-03 07:00:00+05:30,90.09,22.3
2021-07-03 08:00:00+05:30,261.16,22.92
2021-07-03 09:00:00+05:30,397.16,24.36
2021-07-03 10:00:00+05:30,523.25,25.72
2021-07-03 11:00:00+05:30,581.34,27.0
2021-07-03 12:00:00+05:30,631.38,27.56
2021-07-03 13:00:00+05:30,572.37,28.18
2021-07-03 14:00:00+05:30,487.22,28.22
2021-07-03 15:00:00+05:30,539.76,28.09
2021-07-03 16:00:00+05:30,435.92,28.11
2021-07-03 17:00:00+05:30,278.39,27.66
2021-07-03 18:00:00+05:30,137.12,26.97
2021-07-03 19:00:00+05:30,12.72,26.06
2021-07-03 20:00:00+05:30,0.0,24.88
2021-07-03 21:00:00+05:30,0.0,24.18
2021-07-03 22:00:00+05:30,0.0,23.28
2021-07-03 23:00:00+05:30,0.0,22.66
2021-07-04 00:00:00+05:30,0.0,22.25
2021-07-04 01:00:00+05:30,0.0,22.2
2021-07-04 02:00:00+05:30,0.0,22.12
2021-07-04 03:00:00+05:30,0.0,21.87
2021-07-04 04:00:00+05:30,0.0,21.78
2021-07-04 05:00:00+05:30,0.0,21.7
2021-07-04 06:00:00+05:30,0.0,21.89
2021-07-04 07:00:00+05:30,66.37,21.89
2021-07-04 08:00:00+05:30,163.06,22.7
2021-07-04 09:00:00+05:30,251.34,23.61
2021-07-04 10:00:00+05:30,293.03,24.84
2021-07-04 11:00:00+05:30,422.66,25.64
2021-07-04 12:00:00+05:30,639.8,26.36
2021-07-04 13:00:00+05:30,612.44,28.05
2021-07-04 14:00:00+05:30,619.25,28.47
2021-07-04 15:00:00+05:30,505.33,28.86
2021-07-04 16:00:00+05:30,379.4,28.69
2021-07-04 17:00:00+05:30,243.82,28.02
2021-07-04 18:00:00+05:30,104.38,26.88
2021-07-04 19:00:00+05:30,14.08,25.78
2021-07-04 20:00:00+05:30,0.0,24.68
2021-07-04 21:00:00+05:30,0.0,23.76
2021-07-04 22:00:00+05:30,0.0,23.27
2021-07-04 23:00:00+05:30,0.0,22.83
2021-07-05 00:00:00+05:30,0.0,22.67
2021-07-05 01:00:00+05:30,0.0,22.55
2021-07-05 02:00:00+05:30,0.0,22.17
2021-07-05 03:00:00+05:30,0.0,22.1
2021-07-05 04:00:00+05:30,0.0,22.01
2021-07-05 05:00:00+05:30,0.0,21.96
2021-07-05 06:00:00+05:30,0.0,21.92
2021-07-05 07:00:00+05:30,77.31,22.06
2021-07-05 08:00:00+05:30,212.11,22.64
2021-07-05 09:00:00+05:30,378.9,23.6
2021-07-05 10:00:00+05:30,532.91,25.26
2021-07-05 11:00:00+05:30,671.31,26.68
2021-07-05 12:00:00+05:30,775.29,27.9
2021-07-05 13:00:00+05:30,797.29,29.04
2021-07-05 14:00:00+05:30,786.7,29.55
2021-07-05 15:00:00+05:30,633.5,29.72
2021-07-05 16:00:00+05:30,455.61,29.53
2021-07-05 17:00:00+05:30,287.71,28.08
2021-07-05 18:00:00+05:30,110.05,26.82
2021-07-05 19:00:00+05:30,12.28,25.3
2021-07-05 20:00:00+05:30,0.0,24.22
2021-07-05 21:00:00+05:30,0.0,23.63
2021-07-05 22:00:00+05:30,0.0,23.15
2021-07-05 23:00:00+05:30,0.0,22.96
2021-07-06 00:00:00+05:30,0.0,22.6
2021-07-06 01:00:00+05:30,0.0,22.85
2021-07-06 02:00:00+05:30,0.0,22.76
2021-07-06 03:00:00+05:30,0.0,22.45
2021-07-06 04:00:00+05:30,0.0,22.37
2021-07-06 05:00:00+05:30,0.0,22.13
2021-07-06 06:00:00+05:30,0.0,22.04
2021-07-06 07:00:00+05:30,90.44,22.02
2021-07-06 08:00:00+05:30,266.02,22.73
2021-07-06 09:00:00+05:30,433.67,24.05
2021-07-06 10:00:00+05:30,593.94,25.58
2021-07-06 11:00:00+05:30,695.4,26.96
2021-07-06 12:00:00+05:30,785.98,27.84
2021-07-06 13:00:00+05:30,631.06,28.75
2021-07-06 14:00:00+05:30,397.27,29.02
2021-07-06 15:00:00+05:30,516.69,28.22
2021-07-06 16:00:00+05:30,351.24,26.6
2021-07-06 17:00:00+05:30,245.5,26.64
2021-07-06 18:00:00+05:30,139.14,26.29
2021-07-06 19:00:00+05:30,13.49,25.57
2021-07-06 20:00:00+05:30,0.0,24.75
2021-07-06 21:00:00+05:30,0.0,24.16
2021-07-06 22:00:00+05:30,0.0,23.71
2021-07-06 23:00:00+05:30,0.0,23.3
2021-07-07 00:00:00+05:30,0.0,23.06
2021-07-07 01:00:00+05:30,0.0,23.26
2021-07-07 02:00:00+05:30,0.0,23.05
2021-07-07 03:00:00+05:30,0.0,22.85
2021-07-07 04:00:00+05:30,0.0,22.57
2021-07-07 05:00:00+05:30,0.0,22.46
2021-07-07 06:00:00+05:30,0.0,22.35
2021-07-07 07:00:00+05:30,105.09,22.26
2021-07-07 08:00:00+05:30,301.8,22.93
2021-07-07 09:00:00+05:30,524.86,24.64
2021-07-07 10:00:00+05:30,618.2,26.49
2021-07-07 11:00:00+05:30,771.84,27.77
2021-07-07 12:00:00+05:30,825.88,28.78
2021-07-07 13:00:00+05:30,809.82,29.36
2021-07-07 14:00:00+05:30,793.01,29.8
2021-07-07 15:00:00+05:30,560.74,29.99
2021-07-07 16:00:00+05:30,357.47,28.47
2021-07-07 17:00:00+05:30,247.96,27.01
2021-07-07 18:00:00+05:30,94.99,25.8
2021-07-07 19:00:00+05:30,12.47,25.48
2021-07-07 20:00:00+05:30,0.0,24.76
2021-07-07 21:00:00+05:30,0.0,24.29
2021-07-07 22:00:00+05:30,0.0,23.93
2021-07-07 23:00:00+05:30,0.0,23.63
2021-07-08 00:00:00+05:30,0.0,23.32
2021-07-08 01:00:00+05:30,0.0,23.69
2021-07-08 02:00:00+05:30,0.0,23.46
2021-07-08 03:00:00+05:30,0.0,23.22
2021-07-08 04:00:00+05:30,0.0,23.04
2021-07-08 05:00:00+05:30,0.0,22.83
2021-07-08 06:00:00+05:30,0.0,22.66
2021-07-08 07:00:00+05:30,88.78,22.54
2021-07-08 08:00:00+05:30,201.76,23.28
2021-07-08 09:00:00+05:30,307.7,24.33
2021-07-08 10:00:00+05:30,491.69,25.39
2021-07-08 11:00:00+05:30,604.79,26.27
2021-07-08 12:00:00+05:30,658.37,27.3
2021-07-08 13:00:00+05:30,650.49,27.81
2021-07-08 14:00:00+05:30,612.94,27.93
2021-07-08 15:00:00+05:30,529.58,27.23
2021-07-08 16:00:00+05:30,220.7,26.21
2021-07-08 17:00:00+05:30,128.76,25.52
2021-07-08 18:00:00+05:30,58.73,24.82
2021-07-08 19:00:00+05:30,9.84,24.18
2021-07-08 20:00:00+05:30,0.0,23.55
2021-07-08 21:00:00+05:30,0.0,23.14
2021-07-08 22:00:00+05:30,0.0,22.8
2021-07-08 23:00:00+05:30,0.0,22.66
2021-07-09 00:00:00+05:30,0.0,22.49
2021-07-09 01:00:00+05:30,0.0,22.42
2021-07-09 02:00:00+05:30,0.0,22.37
2021-07-09 03:00:00+05:30,0.0,22.25
2021-07-09 04:00:00+05:30,0.0,22.14
2021-07-09 05:00:00+05:30,0.0,22.09
2021-07-09 06:00:00+05:30,0.0,22.12
2021-07-09 07:00:00+05:30,42.74,22.1
2021-07-09 08:00:00+05:30,110.98,22.31
2021-07-09 09:00:00+05:30,288.19,22.76
2021-07-09 10:00:00+05:30,307.48,23.95
2021-07-09 11:00:00+05:30,415.69,24.56
2021-07-09 12:00:00+05:30,350.77,25.31
2021-07-09 13:00:00+05:30,422.33,25.49
2021-07-09 14:00:00+05:30,497.57,25.53
2021-07-09 15:00:00+05:30,353.0,25.92
2021-07-09 16:00:00+05:30,241.42,25.64
2021-07-09 17:00:00+05:30,77.58,25.1
2021-07-09 18:00:00+05:30,43.22,24.14
2021-07-09 19:00:00+05:30,4.48,23.79
2021-07-09 20:00:00+05:30,0.0,23.45
2021-07-09 21:00:00+05:30,0.0,23.28
2021-07-09 22:00:00+05:30,0.0,22.98
2021-07-09 23:00:00+05:30,0.0,22.71
2021-07-10 00:00:00+05:30,0.0,22.53
2021-07-10 01:00:00+05:30,0.0,22.25
2021-07-10 02:00:00+05:30,0.0,22.0
2021-07-10 03:00:00+05:30,0.0,21.78
2021-07-10 04:00:00+05:30,0.0,21.68
2021-07-10 05:00:00+05:30,0.0,21.74
2021-07-10 06:00:00+05:30,0.0,21.67
2021-07-10 07:00:00+05:30,29.55,21.68
2021-07-10 08:00:00+05:30,109.33,21.88
2021-07-10 09:00:00+05:30,129.26,22.25
2021-07-10 10:00:00+05:30,249.02,22.6
2021-07-10 11:00:00+05:30,322.31,23.45
2021-07-10 12:00:00+05:30,574.91,24.23
2021-07-10 13:00:00+05:30,453.54,27.08
2021-07-10 14:00:00+05:30,405.07,27.21
2021-07-10 15:00:00+05:30,447.39,26.47
2021-07-10 16:00:00+05:30,321.86,25.59
2021-07-10 17:00:00+05:30,169.2,24.69
2021-07-10 18:00:00+05:30,77.72,24.32
2021-07-10 19:00:00+05:30,5.89,23.86
2021-07-10 20:00:00+05:30,0.0,23.3
2021-07-10 21:00:00+05:30,0.0,23.04
2021-07-10 22:00:00+05:30,0.0,22.87
2021-07-10 23:00:00+05:30,0.0,22.77
2021-07-11 00:00:00+05:30,0.0,22.64
2021-07-11 01:00:00+05:30,0.0,22.3
2021-07-11 02:00:00+05:30,0.0,22.19
2021-07-11 03:00:00+05:30,0.0,22.04
2021-07-11 04:00:00+05:30,0.0,21.92
2021-07-11 05:00:00+05:30,0.0,21.83
2021-07-11 06:00:00+05:30,0.0,21.81
2021-07-11 07:00:00+05:30,36.3,21.71
2021-07-11 08:00:00+05:30,81.18,21.98
2021-07-11 09:00:00+05:30,300.4,22.47
2021-07-11 10:00:00+05:30,308.12,23.71
2021-07-11 11:00:00+05:30,540.75,24.42
2021-07-11 12:00:00+05:30,330.33,25.85
2021-07-11 13:00:00+05:30,321.2,25.78
2021-07-11 14:00:00+05:30,255.35,25.94
2021-07-11 15:00:00+05:30,258.25,25.74
2021-07-11 16:00:00+05:30,186.8,25.77
2021-07-11 17:00:00+05:30,153.97,25.31
2021-07-11 18:00:00+05:30,85.86,24.68
2021-07-11 19:00:00+05:30,11.64,23.99
2021-07-11 20:00:00+05:30,0.0,23.33
2021-07-11 21:00:00+05:30,0.0,22.97
2021-07-11 22:00:00+05:30,0.0,22.82
2021-07-11 23:00:00+05:30,0.0,22.78
2021-07-12 00:00:00+05:30,0.0,22.62
2021-07-12 01:00:00+05:30,0.0,22.53
2021-07-12 02:00:00+05:30,0.0,22.45
2021-07-12 03:00:00+05:30,0.0,22.51
2021-07-12 04:00:00+05:30,0.0,22.49
2021-07-12 05:00:00+05:30,0.0,22.49
2021-07-12 06:00:00+05:30,0.0,22.55
2021-07-12 07:00:00+05:30,34.71,22.46
2021-07-12 08:00:00+05:30,143.62,22.75
2021-07-12 09:00:00+05:30,197.82,23.31
2021-07-12 10:00:00+05:30,291.38,23.74
2021-07-12 11:00:00+05:30,500.43,24.2
2021-07-12 12:00:00+05:30,124.39,25.21
2021-07-12 13:00:00+05:30,122.27,23.56
2021-07-12 14:00:00+05:30,87.56,23.32
2021-07-12 15:00:00+05:30,201.78,22.83
2021-07-12 16:00:00+05:30,79.38,23.02
2021-07-12 17:00:00+05:30,90.21,22.72
2021-07-12 18:00:00+05:30,45.69,22.63
2021-07-12 19:00:00+05:30,9.74,22.21
2021-07-12 20:00:00+05:30,0.0,21.91
2021-07-12 21:00:00+05:30,0.0,21.75
2021-07-12 22:00:00+05:30,0.0,21.79
2021-07-12 23:00:00+05:30,0.0,21.66
2021-07-13 00:00:00+05:30,0.0,21.71
2021-07-13 01:00:00+05:30,0.0,21.79
2021-07-13 02:00:00+05:30,0.0,21.81
2021-07-13 03:00:00+05:30,0.0,21.86
2021-07-13 04:00:00+05:30,0.0,21.91
2021-07-13 05:00:00+05:30,0.0,21.88
2021-07-13 06:00:00+05:30,0.0,21.86
2021-07-13 07:00:00+05:30,14.2,22.07
2021-07-13 08:00:00+05:30,45.15,22.36
2021-07-13 09:00:00+05:30,84.49,22.81
2021-07-13 10:00:00+05:30,128.03,22.96
2021-07-13 11:00:00+05:30,117.53,22.86
2021-07-13 12:00:00+05:30,191.16,23.09
2021-07-13 13:00:00+05:30,418.52,23.81
2021-07-13 14:00:00+05:30,190.4,25.17
2021-07-13 15:00:00+05:30,130.45,23.75
2021-07-13 16:00:00+05:30,100.3,23.06
2021-07-13 17:00:00+05:30,43.29,22.68
2021-07-13 18:00:00+05:30,29.79,22.55
2021-07-13 19:00:00+05:30,3.41,22.57
2021-07-13 20:00:00+05:30,0.0,22.71
2021-07-13 21:00:00+05:30,0.0,22.61
2021-07-13 22:00:00+05:30,0.0,22.58
2021-07-13 23:00:00+05:30,0.0,22.61
2021-07-14 00:00:00+05:30,0.0,22.63
2021-07-14 01:00:00+05:30,0.0,22.38
2021-07-14 02:00:00+05:30,0.0,22.3
2021-07-14 03:00:00+05:30,0.0,22.25
2021-07-14 04:00:00+05:30,0.0,22.24
2021-07-14 05:00:00+05:30,0.0,22.14
2021-07-14 06:00:00+05:30,0.0,22.27
2021-07-14 07:00:00+05:30,15.24,22.18
2021-07-14 08:00:00+05:30,48.13,22.2
2021-07-14 09:00:00+05:30,75.95,22.4
2021-07-14 10:00:00+05:30,147.07,22.87
2021-07-14 11:00:00+05:30,177.23,23.16
2021-07-14 12:00:00+05:30,65.64,23.24
2021-07-14 13:00:00+05:30,103.5,22.69
2021-07-14 14:00:00+05:30,44.63,22.97
2021-07-14 15:00:00+05:30,70.16,22.88
2021-07-14 16:00:00+05:30,31.52,22.98
2021-07-14 17:00:00+05:30,18.3,22.78
2021-07-14 18:00:00+05:30,6.6,22.54
2021-07-14 19:00:00+05:30,2.14,22.38
2021-07-14 20:00:00+05:30,0.0,22.28
2021-07-14 21:00:00+05:30,0.0,22.25
2021-07-14 22:00:00+05:30,0.0,22.36
2021-07-14 23:00:00+05:30,0.0,22.38
2021-07-15 00:00:00+05:30,0.0,22.17
2021-07-15 01:00:00+05:30,0.0,22.17
2021-07-15 02:00:00+05:30,0.0,22.13
2021-07-15 03:00:00+05:30,0.0,22.16
2021-07-15 04:00:00+05:30,0.0,22.21
2021-07-15 05:00:00+05:30,0.0,22.24
2021-07-15 06:00:00+05:30,0.0,22.21
2021-07-15 07:00:00+05:30,54.49,22.27
2021-07-15 08:00:00+05:30,165.79,22.5
2021-07-15 09:00:00+05:30,237.24,23.41
2021-07-15 10:00:00+05:30,368.82,24.3
2021-07-15 11:00:00+05:30,583.75,25.14
2021-07-15 12:00:00+05:30,503.55,26.04
2021-07-15 13:00:00+05:30,669.84,25.7
2021-07-15 14:00:00+05:30,670.56,26.47
2021-07-15 15:00:00+05:30,536.03,26.45
2021-07-15 16:00:00+05:30,234.17,25.76
2021-07-15 17:00:00+05:30,133.8,24.53
2021-07-15 18:00:00+05:30,30.76,23.87
2021-07-15 19:00:00+05:30,2.63,23.21
2021-07-15 20:00:00+05:30,0.0,22.78
2021-07-15 21:00:00+05:30,0.0,22.57
2021-07-15 22:00:00+05:30,0.0,22.67
2021-07-15 23:00:00+05:30,0.0,22.73
2021-07-16 00:00:00+05:30,0.0,22.83
2021-07-16 01:00:00+05:30,0.0,22.36
2021-07-16 02:00:00+05:30,0.0,22.45
2021-07-16 03:00:00+05:30,0.0,22.46
2021-07-16 04:00:00+05:30,0.0,22.51
2021-07-16 05:00:00+05:30,0.0,22.48
2021-07-16 06:00:00+05:30,0.0,22.55
2021-07-16 07:00:00+05:30,39.64,22.51
2021-07-16 08:00:00+05:30,92.56,22.72
2021-07-16 09:00:00+05:30,191.36,22.98
2021-07-16 10:00:00+05:30,232.27,23.46
2021-07-16 11:00:00+05:30,267.79,24.0
2021-07-16 12:00:00+05:30,612.37,24.79
2021-07-16 13:00:00+05:30,632.57,25.16
2021-07-16 14:00:00+05:30,350.2,24.41
2021-07-16 15:00:00+05:30,181.39,24.37
2021-07-16 16:00:00+05:30,174.27,23.72
2021-07-16 17:00:00+05:30,179.22,23.44
2021-07-16 18:00:00+05:30,57.3,23.72
2021-07-16 19:00:00+05:30,5.94,23.1
2021-07-16 20:00:00+05:30,0.0,22.57
2021-07-16 21:00:00+05:30,0.0,22.56
2021-07-16 22:00:00+05:30,0.0,22.57
2021-07-16 23:00:00+05:30,0.0,22.52
2021-07-17 00:00:00+05:30,0.0,22.47
2021-07-17 01:00:00+05:30,0.0,22.52
2021-07-17 02:00:00+05:30,0.0,22.4
2021-07-17 03:00:00+05:30,0.0,22.3
2021-07-17 04:00:00+05:30,0.0,22.28
2021-07-17 05:00:00+05:30,0.0,22.24
2021-07-17 06:00:00+05:30,0.0,22.25
2021-07-17 07:00:00+05:30,30.61,22.35
2021-07-17 08:00:00+05:30,105.42,22.71
2021-07-17 09:00:00+05:30,222.65,23.12
2021-07-17 10:00:00+05:30,332.42,23.97
2021-07-17 11:00:00+05:30,317.17,24.95
2021-07-17 12:00:00+05:30,289.37,25.01
2021-07-17 13:00:00+05:30,177.59,24.97
2021-07-17 14:00:00+05:30,504.45,24.38
2021-07-17 15:00:00+05:30,230.42,25.43
2021-07-17 16:00:00+05:30,262.09,24.54
2021-07-17 17:00:00+05:30,108.27,24.33
2021-07-17 18:00:00+05:30,51.35,23.76
2021-07-17 19:00:00+05:30,8.92,23.5
2021-07-17 20:00:00+05:30,0.0,23.1
2021-07-17 21:00:00+05:30,0.0,22.83
2021-07-17 22:00:00+05:30,0.0,22.64
2021-07-17 23:00:00+05:30,0.0,22.48
2021-07-18 00:00:00+05:30,0.0,22.51
2021-07-18 01:00:00+05:30,0.0,22.62
2021-07-18 02:00:00+05:30,0.0,22.72
2021-07-18 03:00:00+05:30,0.0,22.68
2021-07-18 04:00:00+05:30,0.0,22.64
2021-07-18 05:00:00+05:30,0.0,22.6
2021-07-18 06:00:00+05:30,0.0,22.6
2021-07-18 07:00:00+05:30,13.63,22.58
2021-07-18 08:00:00+05:30,107.55,22.82
2021-07-18 09:00:00+05:30,153.51,23.03
2021-07-18 10:00:00+05:30,191.32,23.52
2021-07-18 11:00:00+05:30,200.06,23.66
2021-07-18 12:00:00+05:30,253.73,23.74
2021-07-18 13:00:00+05:30,365.96,24.55
2021-07-18 14:00:00+05:30,312.58,25.07
2021-07-18 15:00:00+05:30,327.83,24.67
2021-07-18 16:00:00+05:30,189.11,24.77
2021-07-18 17:00:00+05:30,236.88,24.15
2021-07-18 18:00:00+05:30,63.99,24.03
2021-07-18 19:00:00+05:30,9.06,23.36
2021-07-18 20:00:00+05:30,0.0,22.81
2021-07-18 21:00:00+05:30,0.0,22.65
2021-07-18 22:00:00+05:30,0.0,22.57
2021-07-18 23:00:00+05:30,0.0,22.71
2021-07-19 00:00:00+05:30,0.0,22.74
2021-07-19 01:00:00+05:30,0.0,22.51
2021-07-19 02:00:00+05:30,0.0,22.58
2021-07-19 03:00:00+05:30,0.0,22.41
2021-07-19 04:00:00+05:30,0.0,22.35
2021-07-19 05:00:00+05:30,0.0,22.15
2021-07-19 06:00:00+05:30,0.0,22.09
2021-07-19 07:00:00+05:30,64.45,22.19
2021-07-19 08:00:00+05:30,123.58,22.34
2021-07-19 09:00:00+05:30,256.19,22.73
2021-07-19 10:00:00+05:30,490.8,23.93
2021-07-19 11:00:00+05:30,614.27,25.31
2021-07-19 12:00:00+05:30,490.67,26.16
2021-07-19 13:00:00+05:30,531.34,24.66
2021-07-19 14:00:00+05:30,446.53,24.98
2021-07-19 15:00:00+05:30,158.82,24.71
2021-07-19 16:00:00+05:30,239.82,23.78
2021-07-19 17:00:00+05:30,143.36,23.53
2021-07-19 18:00:00+05:30,57.22,22.92
2021-07-19 19:00:00+05:30,4.53,22.33
2021-07-19 20:00:00+05:30,0.0,22.1
2021-07-19 21:00:00+05:30,0.0,21.94
2021-07-19 22:00:00+05:30,0.0,22.1
2021-07-19 23:00:00+05:30,0.0,22.01
2021-07-20 00:00:00+05:30,0.0,21.77
2021-07-20 01:00:00+05:30,0.0,22.0
2021-07-20 02:00:00+05:30,0.0,22.18
2021-07-20 03:00:00+05:30,0.0,22.39
2021-07-20 04:00:00+05:30,0.0,22.27
2021-07-20 05:00:00+05:30,0.0,21.95
2021-07-20 06:00:00+05:30,0.0,21.94
2021-07-20 07:00:00+05:30,59.58,22.19
2021-07-20 08:00:00+05:30,175.74,22.3
2021-07-20 09:00:00+05:30,326.79,22.61
2021-07-20 10:00:00+05:30,481.28,23.7
2021-07-20 11:00:00+05:30,363.81,24.21
2021-07-20 12:00:00+05:30,232.68,23.89
2021-07-20 13:00:00+05:30,270.94,23.57
2021-07-20 14:00:00+05:30,170.13,23.59
2021-07-20 15:00:00+05:30,99.1,23.54
2021-07-20 16:00:00+05:30,183.03,22.55
2021-07-20 17:00:00+05:30,53.74,22.46
2021-07-20 18:00:00+05:30,30.65,22.46
2021-07-20 19:00:00+05:30,3.41,22.06
2021-07-20 20:00:00+05:30,0.0,21.84
2021-07-20 21:00:00+05:30,0.0,21.99
2021-07-20 22:00:00+05:30,0.0,22.13
2021-07-20 23:00:00+05:30,0.0,22.46
2021-07-21 00:00:00+05:30,0.0,22.39
2021-07-21 01:00:00+05:30,0.0,22.11
2021-07-21 02:00:00+05:30,0.0,22.17
2021-07-21 03:00:00+05:30,0.0,21.84
2021-07-21 04:00:00+05:30,0.0,21.87
2021-07-21 05:00:00+05:30,0.0,22.02
2021-07-21 06:00:00+05:30,0.0,21.84
2021-07-21 07:00:00+05:30,31.75,21.8
2021-07-21 08:00:00+05:30,90.41,21.84
2021-07-21 09:00:00+05:30,140.25,22.22
2021-07-21 10:00:00+05:30,172.44,22.36
2021-07-21 11:00:00+05:30,224.8,22.45
2021-07-21 12:00:00+05:30,236.96,22.77
2021-07-21 13:00:00+05:30,144.31,22.87
2021-07-21 14:00:00+05:30,126.19,22.49
2021-07-21 15:00:00+05:30,97.93,22.37
2021-07-21 16:00:00+05:30,65.59,22.59
2021-07-21 17:00:00+05:30,41.52,22.25
2021-07-21 18:00:00+05:30,17.01,22.43
2021-07-21 19:00:00+05:30,2.63,22.2
2021-07-21 20:00:00+05:30,0.0,22.27
2021-07-21 21:00:00+05:30,0.0,22.48
2021-07-21 22:00:00+05:30,0.0,22.4
2021-07-21 23:00:00+05:30,0.0,22.32
2021-07-22 00:00:00+05:30,0.0,22.37
2021-07-22 01:00:00+05:30,0.0,22.37
2021-07-22 02:00:00+05:30,0.0,22.14
2021-07-22 03:00:00+05:30,0.0,22.14
2021-07-22 04:00:00+05:30,0.0,22.24
2021-07-22 05:00:00+05:30,0.0,22.17
2021-07-22 06:00:00+05:30,0.0,22.12
2021-07-22 07:00:00+05:30,44.04,21.95
2021-07-22 08:00:00+05:30,95.51,22.18
2021-07-22 09:00:00+05:30,114.98,22.52
2021-07-22 10:00:00+05:30,187.32,22.69
2021-07-22 11:00:00+05:30,259.9,23.19
2021-07-22 12:00:00+05:30,509.74,23.14
2021-07-22 13:00:00+05:30,474.63,24.57
2021-07-22 14:00:00+05:30,457.53,24.54
2021-07-22 15:00:00+05:30,179.08,24.55
2021-07-22 16:00:00+05:30,173.22,22.94
2021-07-22 17:00:00+05:30,152.62,23.07
2021-07-22 18:00:00+05:30,25.8,23.09
2021-07-22 19:00:00+05:30,3.99,22.58
2021-07-22 20:00:00+05:30,0.0,22.25
2021-07-22 21:00:00+05:30,0.0,22.12
2021-07-22 22:00:00+05:30,0.0,22.04
2021-07-22 23:00:00+05:30,0.0,22.03
2021-07-23 00:00:00+05:30,0.0,21.97
2021-07-23 01:00:00+05:30,0.0,22.13
2021-07-23 02:00:00+05:30,0.0,21.97
2021-07-23 03:00:00+05:30,0.0,21.68
2021-07-23 04:00:00+05:30,0.0,21.53
2021-07-23 05:00:00+05:30,0.0,21.59
2021-07-23 06:00:00+05:30,0.0,21.63
2021-07-23 07:00:00+05:30,19.23,21.48
2021-07-23 08:00:00+05:30,47.01,21.39
2021-07-23 09:00:00+05:30,182.86,21.62
2021-07-23 10:00:00+05:30,149.23,22.15
2021-07-23 11:00:00+05:30,179.73,22.36
2021-07-23 12:00:00+05:30,292.91,22.43
2021-07-23 13:00:00+05:30,336.57,23.59
2021-07-23 14:00:00+05:30,274.21,23.58
2021-07-23 15:00:00+05:30,237.8,23.22
2021-07-23 16:00:00+05:30,164.96,23.23
2021-07-23 17:00:00+05:30,131.32,23.08
2021-07-23 18:00:00+05:30,45.73,22.97
2021-07-23 19:00:00+05:30,4.87,22.7
2021-07-23 20:00:00+05:30,0.0,22.43
2021-07-23 21:00:00+05:30,0.0,22.3
2021-07-23 22:00:00+05:30,0.0,22.48
2021-07-23 23:00:00+05:30,0.0,22.68
2021-07-24 00:00:00+05:30,0.0,22.63
2021-07-24 01:00:00+05:30,0.0,22.43
2021-07-24 02:00:00+05:30,0.0,22.22
2021-07-24 03:00:00+05:30,0.0,22.04
2021-07-24 04:00:00+05:30,0.0,21.93
2021-07-24 05:00:00+05:30,0.0,21.8
2021-07-24 06:00:00+05:30,0.0,21.82
2021-07-24 07:00:00+05:30,16.32,21.79
2021-07-24 08:00:00+05:30,81.76,21.67
2021-07-24 09:00:00+05:30,115.75,21.9
2021-07-24 10:00:00+05:30,174.55,22.06
2021-07-24 11:00:00+05:30,183.26,22.43
2021-07-24 12:00:00+05:30,538.41,22.82
2021-07-24 13:00:00+05:30,681.28,25.07
2021-07-24 14:00:00+05:30,552.16,25.46
2021-07-24 15:00:00+05:30,525.37,25.03
2021-07-24 16:00:00+05:30,389.43,24.7
2021-07-24 17:00:00+05:30,233.1,24.4
2021-07-24 18:00:00+05:30,119.17,23.68
2021-07-24 19:00:00+05:30,12.57,23.11
2021-07-24 20:00:00+05:30,0.0,22.45
2021-07-24 21:00:00+05:30,0.0,22.16
2021-07-24 22:00:00+05:30,0.0,22.14
2021-07-24 23:00:00+05:30,0.0,22.14
2021-07-25 00:00:00+05:30,0.0,22.2
2021-07-25 01:00:00+05:30,0.0,22.53
2021-07-25 02:00:00+05:30,0.0,22.29
2021-07-25 03:00:00+05:30,0.0,22.18
2021-07-25 04:00:00+05:30,0.0,22.26
2021-07-25 05:00:00+05:30,0.0,22.33
2021-07-25 06:00:00+05:30,0.0,22.13
2021-07-25 07:00:00+05:30,36.91,22.23
2021-07-25 08:00:00+05:30,189.45,22.36
2021-07-25 09:00:00+05:30,281.28,22.82
2021-07-25 10:00:00+05:30,405.63,23.32
2021-07-25 11:00:00+05:30,383.19,23.63
2021-07-25 12:00:00+05:30,697.47,24.08
2021-07-25 13:00:00+05:30,684.25,25.71
2021-07-25 14:00:00+05:30,562.49,25.35
2021-07-25 15:00:00+05:30,381.69,25.31
2021-07-25 16:00:00+05:30,251.37,24.65
2021-07-25 17:00:00+05:30,170.62,24.33
2021-07-25 18:00:00+05:30,62.91,23.44
2021-07-25 19:00:00+05:30,5.7,22.74
2021-07-25 20:00:00+05:30,0.0,22.31
2021-07-25 21:00:00+05:30,0.0,22.18
2021-07-25 22:00:00+05:30,0.0,22.19
2021-07-25 23:00:00+05:30,0.0,22.14
2021-07-26 00:00:00+05:30,0.0,22.09
2021-07-26 01:00:00+05:30,0.0,21.92
2021-07-26 02:00:00+05:30,0.0,21.97
2021-07-26 03:00:00+05:30,0.0,22.01
2021-07-26 04:00:00+05:30,0.0,21.93
2021-07-26 05:00:00+05:30,0.0,21.9
2021-07-26 06:00:00+05:30,0.0,22.08
2021-07-26 07:00:00+05:30,49.38,22.02
2021-07-26 08:00:00+05:30,223.91,22.14
2021-07-26 09:00:00+05:30,313.38,22.53
2021-07-26 10:00:00+05:30,501.22,23.14
2021-07-26 11:00:00+05:30,651.94,24.21
2021-07-26 12:00:00+05:30,674.13,24.88
2021-07-26 13:00:00+05:30,698.64,24.99
2021-07-26 14:00:00+05:30,580.34,25.18
2021-07-26 15:00:00+05:30,585.33,25.36
2021-07-26 16:00:00+05:30,383.16,24.5
2021-07-26 17:00:00+05:30,217.47,24.3
2021-07-26 18:00:00+05:30,120.01,23.12
2021-07-26 19:00:00+05:30,9.01,22.77
2021-07-26 20:00:00+05:30,0.0,21.99
2021-07-26 21:00:00+05:30,0.0,21.72
2021-07-26 22:00:00+05:30,0.0,21.82
2021-07-26 23:00:00+05:30,0.0,22.0
2021-07-27 00:00:00+05:30,0.0,21.89
2021-07-27 01:00:00+05:30,0.0,22.3
2021-07-27 02:00:00+05:30,0.0,21.87
2021-07-27 03:00:00+05:30,0.0,21.88
2021-07-27 04:00:00+05:30,0.0,21.87
2021-07-27 05:00:00+05:30,0.0,21.41
2021-07-27 06:00:00+05:30,0.0,21.34
2021-07-27 07:00:00+05:30,46.9,21.48
2021-07-27 08:00:00+05:30,206.89,21.89
2021-07-27 09:00:00+05:30,337.19,22.41
2021-07-27 10:00:00+05:30,464.9,22.89
2021-07-27 11:00:00+05:30,510.89,23.93
2021-07-27 12:00:00+05:30,540.23,24.65
2021-07-27 13:00:00+05:30,687.45,24.6
2021-07-27 14:00:00+05:30,594.03,24.68
2021-07-27 15:00:00+05:30,609.68,25.21
2021-07-27 16:00:00+05:30,420.77,24.71
2021-07-27 17:00:00+05:30,225.2,24.38
2021-07-27 18:00:00+05:30,109.16,22.99
2021-07-27 19:00:00+05:30,11.35,22.44
2021-07-27 20:00:00+05:30,0.0,21.71
2021-07-27 21:00:00+05:30,0.0,21.62
2021-07-27 22:00:00+05:30,0.0,21.74
2021-07-27 23:00:00+05:30,0.0,21.63
2021-07-28 00:00:00+05:30,0.0,21.71
2021-07-28 01:00:00+05:30,0.0,22.02
2021-07-28 02:00:00+05:30,0.0,21.57
2021-07-28 03:00:00+05:30,0.0,21.47
2021-07-28 04:00:00+05:30,0.0,21.6
2021-07-28 05:00:00+05:30,0.0,21.56
2021-07-28 06:00:00+05:30,0.0,21.65
2021-07-28 07:00:00+05:30,58.84,21.77
2021-07-28 08:00:00+05:30,179.67,21.84
2021-07-28 09:00:00+05:30,291.72,22.32
2021-07-28 10:00:00+05:30,397.76,23.17
2021-07-28 11:00:00+05:30,428.95,23.66
2021-07-28 12:00:00+05:30,466.19,23.81
2021-07-28 13:00:00+05:30,555.84,24.71
2021-07-28 14:00:00+05:30,377.73,24.24
2021-07-28 15:00:00+05:30,421.14,24.16
2021-07-28 16:00:00+05:30,296.96,23.68
2021-07-28 17:00:00+05:30,185.21,23.66
2021-07-28 18:00:00+05:30,73.74,22.78
2021-07-28 19:00:00+05:30,6.82,22.3
2021-07-28 20:00:00+05:30,0.0,22.49
2021-07-28 21:00:00+05:30,0.0,22.07
2021-07-28 22:00:00+05:30,0.0,21.98
2021-07-28 23:00:00+05:30,0.0,22.06
2021-07-29 00:00:00+05:30,0.0,21.84
2021-07-29 01:00:00+05:30,0.0,21.85
2021-07-29 02:00:00+05:30,0.0,21.94
2021-07-29 03:00:00+05:30,0.0,21.59
2021-07-29 04:00:00+05:30,0.0,21.47
2021-07-29 05:00:00+05:30,0.0,21.71
2021-07-29 06:00:00+05:30,0.0,21.86
2021-07-29 07:00:00+05:30,44.06,22.04
2021-07-29 08:00:00+05:30,153.42,22.15
2021-07-29 09:00:00+05:30,136.43,22.52
2021-07-29 10:00:00+05:30,172.94,22.4
2021-07-29 11:00:00+05:30,191.65,22.99
2021-07-29 12:00:00+05:30,231.49,23.04
2021-07-29 13:00:00+05:30,358.14,23.56
2021-07-29 14:00:00+05:30,451.49,24.39
2021-07-29 15:00:00+05:30,317.3,24.22
2021-07-29 16:00:00+05:30,291.9,23.91
2021-07-29 17:00:00+05:30,223.27,23.47
2021-07-29 18:00:00+05:30,91.0,23.39
2021-07-29 19:00:00+05:30,7.41,22.19
2021-07-29 20:00:00+05:30,0.0,22.3
2021-07-29 21:00:00+05:30,0.0,22.14
2021-07-29 22:00:00+05:30,0.0,21.8
2021-07-29 23:00:00+05:30,0.0,21.58
2021-07-30 00:00:00+05:30,0.0,21.75
2021-07-30 01:00:00+05:30,0.0,21.87
2021-07-30 02:00:00+05:30,0.0,21.88
2021-07-30 03:00:00+05:30,0.0,21.63
2021-07-30 04:00:00+05:30,0.0,21.41
2021-07-30 05:00:00+05:30,0.0,21.62
2021-07-30 06:00:00+05:30,0.0,21.66
2021-07-30 07:00:00+05:30,15.34,21.43
2021-07-30 08:00:00+05:30,32.25,21.69
2021-07-30 09:00:00+05:30,70.42,21.62
2021-07-30 10:00:00+05:30,167.66,21.57
2021-07-30 11:00:00+05:30,147.69,22.03
2021-07-30 12:00:00+05:30,150.2,22.3
2021-07-30 13:00:00+05:30,127.66,22.59
2021-07-30 14:00:00+05:30,161.93,22.17
2021-07-30 15:00:00+05:30,161.1,22.07
2021-07-30 16:00:00+05:30,141.42,21.98
2021-07-30 17:00:00+05:30,102.48,21.78
2021-07-30 18:00:00+05:30,35.82,21.91
2021-07-30 19:00:00+05:30,4.38,21.9
2021-07-30 20:00:00+05:30,0.0,21.76
2021-07-30 21:00:00+05:30,0.0,21.62
2021-07-30 22:00:00+05:30,0.0,21.59
2021-07-30 23:00:00+05:30,0.0,22.14
2021-07-31 00:00:00+05:30,0.0,21.82
2021-07-31 01:00:00+05:30,0.0,21.47
2021-07-31 02:00:00+05:30,0.0,21.63
2021-07-31 03:00:00+05:30,0.0,21.82
2021-07-31 04:00:00+05:30,0.0,21.55
2021-07-31 05:00:00+05:30,0.0,21.61
2021-07-31 06:00:00+05:30,0.0,21.74
2021-07-31 07:00:00+05:30,59.78,21.74
2021-07-31 08:00:00+05:30,124.17,21.91
2021-07-31 09:00:00+05:30,404.4,22.55
2021-07-31 10:00:00+05:30,552.09,23.63
2021-07-31 11:00:00+05:30,673.04,24.21
2021-07-31 12:00:00+05:30,680.81,25.17
2021-07-31 13:00:00+05:30,719.13,25.0
2021-07-31 14:00:00+05:30,594.94,24.83
2021-07-31 15:00:00+05:30,571.5,24.99
2021-07-31 16:00:00+05:30,441.86,24.71
2021-07-31 17:00:00+05:30,302.42,24.27
2021-07-31 18:00:00+05:30,131.08,23.43
2021-07-31 19:00:00+05:30,11.35,22.71
2021-07-31 20:00:00+05:30,0.0,22.16
2021-07-31 21:00:00+05:30,0.0,21.79
2021-07-31 22:00:00+05:30,0.0,22.05
2021-07-31 23:00:00+05:30,0.0,21.78
2021-08-01 00:00:00+05:30,0.0,21.83
2021-08-01 01:00:00+05:30,0.0,21.74
2021-08-01 02:00:00+05:30,0.0,21.62
2021-08-01 03:00:00+05:30,0.0,21.44
2021-08-01 04:00:00+05:30,0.0,21.46
2021-08-01 05:00:00+05:30,0.0,21.67
2021-08-01 06:00:00+05:30,0.0,21.85
2021-08-01 07:00:00+05:30,26.52,21.72
2021-08-01 08:00:00+05:30,87.17,22.01
2021-08-01 09:00:00+05:30,170.71,22.04
2021-08-01 10:00:00+05:30,239.79,22.78
2021-08-01 11:00:00+05:30,400.74,23.25
2021-08-01 12:00:00+05:30,439.07,23.87
2021-08-01 13:00:00+05:30,502.64,23.87
2021-08-01 14:00:00+05:30,549.46,24.04
2021-08-01 15:00:00+05:30,495.06,24.17
2021-08-01 16:00:00+05:30,389.59,24.09
2021-08-01 17:00:00+05:30,231.94,23.8
2021-08-01 18:00:00+05:30,106.44,23.15
2021-08-01 19:00:00+05:30,9.6,22.45
2021-08-01 20:00:00+05:30,0.0,21.91
2021-08-01 21:00:00+05:30,0.0,21.82
2021-08-01 22:00:00+05:30,0.0,21.95
2021-08-01 23:00:00+05:30,0.0,22.03
2021-08-02 00:00:00+05:30,0.0,22.08
2021-08-02 01:00:00+05:30,0.0,21.8
2021-08-02 02:00:00+05:30,0.0,21.63
2021-08-02 03:00:00+05:30,0.0,21.28
2021-08-02 04:00:00+05:30,0.0,21.37
2021-08-02 05:00:00+05:30,0.0,21.4
2021-08-02 06:00:00+05:30,0.0,21.0
2021-08-02 07:00:00+05:30,44.37,20.8
2021-08-02 08:00:00+05:30,218.42,21.47
2021-08-02 09:00:00+05:30,405.19,22.35
2021-08-02 10:00:00+05:30,572.14,23.27
2021-08-02 11:00:00+05:30,546.79,23.88
2021-08-02 12:00:00+05:30,565.81,24.23
2021-08-02 13:00:00+05:30,668.14,24.54
2021-08-02 14:00:00+05:30,547.23,24.59
2021-08-02 15:00:00+05:30,613.34,24.63
2021-08-02 16:00:00+05:30,335.95,25.03
2021-08-02 17:00:00+05:30,255.59,24.39
2021-08-02 18:00:00+05:30,117.99,23.53
2021-08-02 19:00:00+05:30,9.35,22.64
2021-08-02 20:00:00+05:30,0.0,22.06
2021-08-02 21:00:00+05:30,0.0,21.45
2021-08-02 22:00:00+05:30,0.0,21.48
2021-08-02 23:00:00+05:30,0.0,21.69
2021-08-03 00:00:00+05:30,0.0,22.06
2021-08-03 01:00:00+05:30,0.0,21.8
2021-08-03 02:00:00+05:30,0.0,21.84
2021-08-03 03:00:00+05:30,0.0,21.31
2021-08-03 04:00:00+05:30,0.0,21.09
2021-08-03 05:00:00+05:30,0.0,20.95
2021-08-03 06:00:00+05:30,0.0,21.2
2021-08-03 07:00:00+05:30,63.31,21.41
2021-08-03 08:00:00+05:30,124.78,21.6
2021-08-03 09:00:00+05:30,387.84,22.31
2021-08-03 10:00:00+05:30,459.47,23.46
2021-08-03 11:00:00+05:30,647.67,24.2
2021-08-03 12:00:00+05:30,655.56,24.89
2021-08-03 13:00:00+05:30,709.87,24.74
2021-08-03 14:00:00+05:30,521.22,25.05
2021-08-03 15:00:00+05:30,378.74,25.04
2021-08-03 16:00:00+05:30,326.24,23.89
2021-08-03 17:00:00+05:30,158.45,23.69
2021-08-03 18:00:00+05:30,75.5,23.18
2021-08-03 19:00:00+05:30,4.09,22.7
2021-08-03 20:00:00+05:30,0.0,22.4
2021-08-03 21:00:00+05:30,0.0,22.14
2021-08-03 22:00:00+05:30,0.0,21.88
2021-08-03 23:00:00+05:30,0.0,22.27
2021-08-04 00:00:00+05:30,0.0,22.06
2021-08-04 01:00:00+05:30,0.0,22.16
2021-08-04 02:00:00+05:30,0.0,21.82
2021-08-04 03:00:00+05:30,0.0,21.73
2021-08-04 04:00:00+05:30,0.0,21.74
2021-08-04 05:00:00+05:30,0.0,21.66
2021-08-04 06:00:00+05:30,0.0,21.58
2021-08-04 07:00:00+05:30,53.44,21.73
2021-08-04 08:00:00+05:30,210.43,21.98
2021-08-04 09:00:00+05:30,273.18,22.5
2021-08-04 10:00:00+05:30,549.35,23.13
2021-08-04 11:00:00+05:30,500.33,23.99
2021-08-04 12:00:00+05:30,581.84,24.35
2021-08-04 13:00:00+05:30,669.36,25.03
2021-08-04 14:00:00+05:30,521.33,25.1
2021-08-04 15:00:00+05:30,536.41,24.78
2021-08-04 16:00:00+05:30,288.48,24.74
2021-08-04 17:00:00+05:30,230.9,24.08
2021-08-04 18:00:00+05:30,105.31,23.2
2021-08-04 19:00:00+05:30,8.67,22.67
2021-08-04 20:00:00+05:30,0.0,22.09
2021-08-04 21:00:00+05:30,0.0,22.08
2021-08-04 22:00:00+05:30,0.0,21.84
2021-08-04 23:00:00+05:30,0.0,21.93
2021-08-05 00:00:00+05:30,0.0,22.29
2021-08-05 01:00:00+05:30,0.0,21.85
2021-08-05 02:00:00+05:30,0.0,21.9
2021-08-05 03:00:00+05:30,0.0,21.75
2021-08-05 04:00:00+05:30,0.0,21.8
2021-08-05 05:00:00+05:30,0.0,21.52
2021-08-05 06:00:00+05:30,0.0,21.52
2021-08-05 07:00:00+05:30,45.13,21.84
2021-08-05 08:00:00+05:30,124.05,22.01
2021-08-05 09:00:00+05:30,316.05,22.43
2021-08-05 10:00:00+05:30,484.38,23.47
2021-08-05 11:00:00+05:30,621.75,24.03
2021-08-05 12:00:00+05:30,606.18,24.98
2021-08-05 13:00:00+05:30,541.63,25.44
2021-08-05 14:00:00+05:30,478.07,25.39
2021-08-05 15:00:00+05:30,590.03,25.24
2021-08-05 16:00:00+05:30,321.38,25.5
2021-08-05 17:00:00+05:30,223.69,24.75
2021-08-05 18:00:00+05:30,84.9,24.19
2021-08-05 19:00:00+05:30,8.62,23.26
2021-08-05 20:00:00+05:30,0.0,22.66
2021-08-05 21:00:00+05:30,0.0,22.23
2021-08-05 22:00:00+05:30,0.0,22.2
2021-08-05 23:00:00+05:30,0.0,22.39
2021-08-06 00:00:00+05:30,0.0,22.49
2021-08-06 01:00:00+05:30,0.0,22.28
2021-08-06 02:00:00+05:30,0.0,22.21
2021-08-06 03:00:00+05:30,0.0,22.15
2021-08-06 04:00:00+05:30,0.0,22.07
2021-08-06 05:00:00+05:30,0.0,22.14
2021-08-06 06:00:00+05:30,0.0,22.02
2021-08-06 07:00:00+05:30,35.89,22.15
2021-08-06 08:00:00+05:30,207.46,22.44
2021-08-06 09:00:00+05:30,359.17,23.21
2021-08-06 10:00:00+05:30,419.26,24.14
2021-08-06 11:00:00+05:30,555.36,24.42
2021-08-06 12:00:00+05:30,558.83,25.39
2021-08-06 13:00:00+05:30,527.05,25.82
2021-08-06 14:00:00+05:30,668.04,25.9
2021-08-06 15:00:00+05:30,561.32,26.34
2021-08-06 16:00:00+05:30,413.69,25.95
2021-08-06 17:00:00+05:30,262.33,25.5
2021-08-06 18:00:00+05:30,118.71,24.87
2021-08-06 19:00:00+05:30,8.48,23.84
2021-08-06 20:00:00+05:30,0.0,22.86
2021-08-06 21:00:00+05:30,0.0,22.35
2021-08-06 22:00:00+05:30,0.0,22.19
2021-08-06 23:00:00+05:30,0.0,22.17
2021-08-07 00:00:00+05:30,0.0,22.27
2021-08-07 01:00:00+05:30,0.0,21.97
2021-08-07 02:00:00+05:30,0.0,21.92
2021-08-07 03:00:00+05:30,0.0,21.7
2021-08-07 04:00:00+05:30,0.0,21.57
2021-08-07 05:00:00+05:30,0.0,21.46
2021-08-07 06:00:00+05:30,0.0,21.51
2021-08-07 07:00:00+05:30,54.66,21.44
2021-08-07 08:00:00+05:30,166.9,21.97
2021-08-07 09:00:00+05:30,322.25,22.82
2021-08-07 10:00:00+05:30,452.78,23.61
2021-08-07 11:00:00+05:30,540.83,24.69
2021-08-07 12:00:00+05:30,628.84,25.28
2021-08-07 13:00:00+05:30,654.42,26.08
2021-08-07 14:00:00+05:30,548.1,26.63
2021-08-07 15:00:00+05:30,615.83,26.78
2021-08-07 16:00:00+05:30,440.41,26.86
2021-08-07 17:00:00+05:30,230.56,26.23
2021-08-07 18:00:00+05:30,114.24,25.33
2021-08-07 19:00:00+05:30,8.33,24.38
2021-08-07 20:00:00+05:30,0.0,23.28
2021-08-07 21:00:00+05:30,0.0,22.67
2021-08-07 22:00:00+05:30,0.0,22.38
2021-08-07 23:00:00+05:30,0.0,22.1
2021-08-08 00:00:00+05:30,0.0,21.91
2021-08-08 01:00:00+05:30,0.0,22.17
2021-08-08 02:00:00+05:30,0.0,21.88
2021-08-08 03:00:00+05:30,0.0,21.9
2021-08-08 04:00:00+05:30,0.0,21.84
2021-08-08 05:00:00+05:30,0.0,21.88
2021-08-08 06:00:00+05:30,0.0,21.78
2021-08-08 07:00:00+05:30,37.72,21.8
2021-08-08 08:00:00+05:30,167.19,22.05
2021-08-08 09:00:00+05:30,326.85,22.79
2021-08-08 10:00:00+05:30,366.31,23.85
2021-08-08 11:00:00+05:30,573.31,24.54
2021-08-08 12:00:00+05:30,684.76,25.65
2021-08-08 13:00:00+05:30,530.12,26.13
2021-08-08 14:00:00+05:30,483.5,26.29
2021-08-08 15:00:00+05:30,468.59,26.62
2021-08-08 16:00:00+05:30,360.44,26.5
2021-08-08 17:00:00+05:30,209.99,25.71
2021-08-08 18:00:00+05:30,80.52,25.15
2021-08-08 19:00:00+05:30,7.84,24.32
2021-08-08 20:00:00+05:30,0.0,23.5
2021-08-08 21:00:00+05:30,0.0,23.04
2021-08-08 22:00:00+05:30,0.0,22.52
2021-08-08 23:00:00+05:30,0.0,22.19
2021-08-09 00:00:00+05:30,0.0,21.93
2021-08-09 01:00:00+05:30,0.0,22.04
2021-08-09 02:00:00+05:30,0.0,21.86
2021-08-09 03:00:00+05:30,0.0,21.76
2021-08-09 04:00:00+05:30,0.0,21.59
2021-08-09 05:00:00+05:30,0.0,21.44
2021-08-09 06:00:00+05:30,0.0,21.5
2021-08-09 07:00:00+05:30,51.36,21.4
2021-08-09 08:00:00+05:30,176.78,21.74
2021-08-09 09:00:00+05:30,336.97,22.83
2021-08-09 10:00:00+05:30,477.92,24.32
2021-08-09 11:00:00+05:30,586.11,25.48
2021-08-09 12:00:00+05:30,644.31,26.21
2021-08-09 13:00:00+05:30,611.2,26.93
2021-08-09 14:00:00+05:30,621.89,27.04
2021-08-09 15:00:00+05:30,569.04,26.96
2021-08-09 16:00:00+05:30,410.8,26.96
2021-08-09 17:00:00+05:30,252.88,26.34
2021-08-09 18:00:00+05:30,97.48,25.49
2021-08-09 19:00:00+05:30,8.82,24.39
2021-08-09 20:00:00+05:30,0.0,23.4
2021-08-09 21:00:00+05:30,0.0,22.72
2021-08-09 22:00:00+05:30,0.0,22.28
2021-08-09 23:00:00+05:30,0.0,21.83
2021-08-10 00:00:00+05:30,0.0,21.74
2021-08-10 01:00:00+05:30,0.0,21.71
2021-08-10 02:00:00+05:30,0.0,21.53
2021-08-10 03:00:00+05:30,0.0,21.48
2021-08-10 04:00:00+05:30,0.0,21.47
2021-08-10 05:00:00+05:30,0.0,21.47
2021-08-10 06:00:00+05:30,0.0,21.52
2021-08-10 07:00:00+05:30,36.13,21.5
2021-08-10 08:00:00+05:30,188.34,21.8
2021-08-10 09:00:00+05:30,338.53,22.71
2021-08-10 10:00:00+05:30,439.62,24.19
2021-08-10 11:00:00+05:30,477.56,25.5
2021-08-10 12:00:00+05:30,557.12,25.99
2021-08-10 13:00:00+05:30,681.13,26.07
2021-08-10 14:00:00+05:30,564.3,26.51
2021-08-10 15:00:00+05:30,375.09,26.51
2021-08-10 16:00:00+05:30,237.59,25.66
2021-08-10 17:00:00+05:30,170.84,24.75
2021-08-10 18:00:00+05:30,73.41,24.03
2021-08-10 19:00:00+05:30,5.55,23.35
2021-08-10 20:00:00+05:30,0.0,22.7
2021-08-10 21:00:00+05:30,0.0,22.28
2021-08-10 22:00:00+05:30,0.0,21.98
2021-08-10 23:00:00+05:30,0.0,21.85
2021-08-11 00:00:00+05:30,0.0,21.7
2021-08-11 01:00:00+05:30,0.0,21.48
2021-08-11 02:00:00+05:30,0.0,21.41
2021-08-11 03:00:00+05:30,0.0,21.26
2021-08-11 04:00:00+05:30,0.0,21.03
2021-08-11 05:00:00+05:30,0.0,21.01
2021-08-11 06:00:00+05:30,0.0,20.9
2021-08-11 07:00:00+05:30,53.15,20.88
2021-08-11 08:00:00+05:30,196.58,21.53
2021-08-11 09:00:00+05:30,317.08,22.58
2021-08-11 10:00:00+05:30,409.62,23.82
2021-08-11 11:00:00+05:30,473.77,24.71
2021-08-11 12:00:00+05:30,639.28,25.37
2021-08-11 13:00:00+05:30,597.88,26.11
2021-08-11 14:00:00+05:30,516.8,26.45
2021-08-11 15:00:00+05:30,476.87,26.17
2021-08-11 16:00:00+05:30,369.55,25.96
2021-08-11 17:00:00+05:30,229.18,25.57
2021-08-11 18:00:00+05:30,86.5,24.86
2021-08-11 19:00:00+05:30,7.94,23.96
2021-08-11 20:00:00+05:30,0.0,22.96
2021-08-11 21:00:00+05:30,0.0,22.49
2021-08-11 22:00:00+05:30,0.0,22.24
2021-08-11 23:00:00+05:30,0.0,22.05
2021-08-12 00:00:00+05:30,0.0,21.71
2021-08-12 01:00:00+05:30,0.0,21.6
2021-08-12 02:00:00+05:30,0.0,21.48
2021-08-12 03:00:00+05:30,0.0,21.19
2021-08-12 04:00:00+05:30,0.0,21.12
2021-08-12 05:00:00+05:30,0.0,21.16
2021-08-12 06:00:00+05:30,0.0,21.15
2021-08-12 07:00:00+05:30,60.56,21.14
2021-08-12 08:00:00+05:30,184.49,21.48
2021-08-12 09:00:00+05:30,375.5,22.26
2021-08-12 10:00:00+05:30,364.86,23.56
2021-08-12 11:00:00+05:30,565.17,24.2
2021-08-12 12:00:00+05:30,742.43,25.14
2021-08-12 13:00:00+05:30,752.69,26.16
2021-08-12 14:00:00+05:30,612.86,26.85
2021-08-12 15:00:00+05:30,502.88,25.96
2021-08-12 16:00:00+05:30,351.47,25.52
2021-08-12 17:00:00+05:30,196.03,24.68
2021-08-12 18:00:00+05:30,89.19,23.98
2021-08-12 19:00:00+05:30,7.99,23.57
2021-08-12 20:00:00+05:30,0.0,22.78
2021-08-12 21:00:00+05:30,0.0,22.22
2021-08-12 22:00:00+05:30,0.0,21.83
2021-08-12 23:00:00+05:30,0.0,21.41
2021-08-13 00:00:00+05:30,0.0,21.32
2021-08-13 01:00:00+05:30,0.0,21.31
2021-08-13 02:00:00+05:30,0.0,21.12
2021-08-13 03:00:00+05:30,0.0,21.12
2021-08-13 04:00:00+05:30,0.0,21.16
2021-08-13 05:00:00+05:30,0.0,21.05
2021-08-13 06:00:00+05:30,0.0,21.28
2021-08-13 07:00:00+05:30,57.52,21.58
2021-08-13 08:00:00+05:30,204.23,21.98
2021-08-13 09:00:00+05:30,360.91,22.91
2021-08-13 10:00:00+05:30,430.61,24.01
2021-08-13 11:00:00+05:30,581.12,24.59
2021-08-13 12:00:00+05:30,654.4,25.46
2021-08-13 13:00:00+05:30,653.42,25.78
2021-08-13 14:00:00+05:30,656.31,26.05
2021-08-13 15:00:00+05:30,491.17,25.94
2021-08-13 16:00:00+05:30,433.54,25.64
2021-08-13 17:00:00+05:30,237.23,25.29
2021-08-13 18:00:00+05:30,107.04,24.42
2021-08-13 19:00:00+05:30,0.0,23.61
2021-08-13 20:00:00+05:30,0.0,22.67
2021-08-13 21:00:00+05:30,0.0,22.14
2021-08-13 22:00:00+05:30,0.0,21.82
2021-08-13 23:00:00+05:30,0.0,21.61
2021-08-14 00:00:00+05:30,0.0,21.7
2021-08-14 01:00:00+05:30,0.0,21.25
2021-08-14 02:00:00+05:30,0.0,21.22
2021-08-14 03:00:00+05:30,0.0,21.05
2021-08-14 04:00:00+05:30,0.0,20.94
2021-08-14 05:00:00+05:30,0.0,20.84
2021-08-14 06:00:00+05:30,0.0,20.95
2021-08-14 07:00:00+05:30,55.35,20.97
2021-08-14 08:00:00+05:30,201.23,21.4
2021-08-14 09:00:00+05:30,328.38,22.42
2021-08-14 10:00:00+05:30,391.05,23.32
2021-08-14 11:00:00+05:30,414.12,24.05
2021-08-14 12:00:00+05:30,540.75,24.25
2021-08-14 13:00:00+05:30,531.07,24.9
2021-08-14 14:00:00+05:30,621.24,25.04
2021-08-14 15:00:00+05:30,431.75,24.93
2021-08-14 16:00:00+05:30,342.83,24.75
2021-08-14 17:00:00+05:30,193.68,23.95
2021-08-14 18:00:00+05:30,97.24,23.45
2021-08-14 19:00:00+05:30,0.0,22.55
2021-08-14 20:00:00+05:30,0.0,21.7
2021-08-14 21:00:00+05:30,0.0,21.44
2021-08-14 22:00:00+05:30,0.0,21.16
2021-08-14 23:00:00+05:30,0.0,21.11
2021-08-15 00:00:00+05:30,0.0,20.89
2021-08-15 01:00:00+05:30,0.0,20.84
2021-08-15 02:00:00+05:30,0.0,20.8
2021-08-15 03:00:00+05:30,0.0,20.83
2021-08-15 04:00:00+05:30,0.0,20.85
2021-08-15 05:00:00+05:30,0.0,20.87
2021-08-15 06:00:00+05:30,0.0,20.76
2021-08-15 07:00:00+05:30,43.8,20.68
2021-08-15 08:00:00+05:30,177.33,21.29
2021-08-15 09:00:00+05:30,359.84,22.18
2021-08-15 10:00:00+05:30,439.27,23.41
2021-08-15 11:00:00+05:30,564.53,24.12
2021-08-15 12:00:00+05:30,711.73,24.74
2021-08-15 13:00:00+05:30,585.97,26.01
2021-08-15 14:00:00+05:30,572.63,25.44
2021-08-15 15:00:00+05:30,401.33,24.64
2021-08-15 16:00:00+05:30,175.88,24.32
2021-08-15 17:00:00+05:30,148.2,24.11
2021-08-15 18:00:00+05:30,50.74,23.67
2021-08-15 19:00:00+05:30,0.0,22.94
2021-08-15 20:00:00+05:30,0.0,22.38
2021-08-15 21:00:00+05:30,0.0,21.9
2021-08-15 22:00:00+05:30,0.0,21.66
2021-08-15 23:00:00+05:30,0.0,21.7
2021-08-16 00:00:00+05:30,0.0,21.62
2021-08-16 01:00:00+05:30,0.0,21.34
2021-08-16 02:00:00+05:30,0.0,21.33
2021-08-16 03:00:00+05:30,0.0,21.25
2021-08-16 04:00:00+05:30,0.0,21.15
2021-08-16 05:00:00+05:30,0.0,21.12
2021-08-16 06:00:00+05:30,0.0,21.05
2021-08-16 07:00:00+05:30,33.87,21.0
2021-08-16 08:00:00+05:30,119.93,21.19
2021-08-16 09:00:00+05:30,208.99,21.93
2021-08-16 10:00:00+05:30,289.47,22.76
2021-08-16 11:00:00+05:30,401.48,23.7
2021-08-16 12:00:00+05:30,573.91,24.63
2021-08-16 13:00:00+05:30,504.34,25.63
2021-08-16 14:00:00+05:30,541.54,25.7
2021-08-16 15:00:00+05:30,458.57,25.89
2021-08-16 16:00:00+05:30,216.49,25.51
2021-08-16 17:00:00+05:30,119.79,24.47
2021-08-16 18:00:00+05:30,42.98,23.74
2021-08-16 19:00:00+05:30,0.0,23.1
2021-08-16 20:00:00+05:30,0.0,22.59
2021-08-16 21:00:00+05:30,0.0,22.14
2021-08-16 22:00:00+05:30,0.0,21.71
2021-08-16 23:00:00+05:30,0.0,21.45
2021-08-17 00:00:00+05:30,0.0,21.31
2021-08-17 01:00:00+05:30,0.0,21.07
2021-08-17 02:00:00+05:30,0.0,20.97
2021-08-17 03:00:00+05:30,0.0,20.97
2021-08-17 04:00:00+05:30,0.0,21.04
2021-08-17 05:00:00+05:30,0.0,21.02
2021-08-17 06:00:00+05:30,0.0,21.16
2021-08-17 07:00:00+05:30,36.35,21.19
2021-08-17 08:00:00+05:30,113.11,21.6
2021-08-17 09:00:00+05:30,227.56,22.43
2021-08-17 10:00:00+05:30,333.84,23.53
2021-08-17 11:00:00+05:30,309.45,24.6
2021-08-17 12:00:00+05:30,214.87,25.06
2021-08-17 13:00:00+05:30,133.13,24.08
2021-08-17 14:00:00+05:30,165.46,23.72
2021-08-17 15:00:00+05:30,169.99,23.75
2021-08-17 16:00:00+05:30,138.16,23.7
2021-08-17 17:00:00+05:30,49.21,23.34
2021-08-17 18:00:00+05:30,23.58,22.45
2021-08-17 19:00:00+05:30,0.0,21.94
2021-08-17 20:00:00+05:30,0.0,21.53
2021-08-17 21:00:00+05:30,0.0,21.31
2021-08-17 22:00:00+05:30,0.0,21.12
2021-08-17 23:00:00+05:30,0.0,21.0
2021-08-18 00:00:00+05:30,0.0,20.9
2021-08-18 01:00:00+05:30,0.0,20.9
2021-08-18 02:00:00+05:30,0.0,20.85
2021-08-18 03:00:00+05:30,0.0,20.88
2021-08-18 04:00:00+05:30,0.0,20.87
2021-08-18 05:00:00+05:30,0.0,20.91
2021-08-18 06:00:00+05:30,0.0,20.93
2021-08-18 07:00:00+05:30,29.68,21.0
2021-08-18 08:00:00+05:30,108.28,21.29
2021-08-18 09:00:00+05:30,116.35,22.03
2021-08-18 10:00:00+05:30,330.26,22.3
2021-08-18 11:00:00+05:30,341.23,23.37
2021-08-18 12:00:00+05:30,442.08,23.67
2021-08-18 13:00:00+05:30,427.96,23.5
2021-08-18 14:00:00+05:30,389.62,24.18
2021-08-18 15:00:00+05:30,209.0,23.92
2021-08-18 16:00:00+05:30,157.85,23.18
2021-08-18 17:00:00+05:30,81.16,22.72
2021-08-18 18:00:00+05:30,35.84,22.07
2021-08-18 19:00:00+05:30,0.0,21.8
2021-08-18 20:00:00+05:30,0.0,21.59
2021-08-18 21:00:00+05:30,0.0,21.53
2021-08-18 22:00:00+05:30,0.0,21.36
2021-08-18 23:00:00+05:30,0.0,21.24
2021-08-19 00:00:00+05:30,0.0,21.22
2021-08-19 01:00:00+05:30,0.0,21.11
2021-08-19 02:00:00+05:30,0.0,21.0
2021-08-19 03:00:00+05:30,0.0,20.93
2021-08-19 04:00:00+05:30,0.0,20.86
2021-08-19 05:00:00+05:30,0.0,20.73
2021-08-19 06:00:00+05:30,0.0,20.74
2021-08-19 07:00:00+05:30,10.21,20.85
2021-08-19 08:00:00+05:30,28.85,21.03
2021-08-19 09:00:00+05:30,59.03,21.31
2021-08-19 10:00:00+05:30,76.15,21.52
2021-08-19 11:00:00+05:30,167.95,21.61
2021-08-19 12:00:00+05:30,140.76,21.95
2021-08-19 13:00:00+05:30,100.44,21.78
2021-08-19 14:00:00+05:30,134.46,21.82
2021-08-19 15:00:00+05:30,101.73,21.83
2021-08-19 16:00:00+05:30,89.12,21.63
2021-08-19 17:00:00+05:30,55.92,21.5
2021-08-19 18:00:00+05:30,28.31,21.23
2021-08-19 19:00:00+05:30,0.0,21.03
2021-08-19 20:00:00+05:30,0.0,20.88
2021-08-19 21:00:00+05:30,0.0,20.81
2021-08-19 22:00:00+05:30,0.0,20.86
2021-08-19 23:00:00+05:30,0.0,21.01
2021-08-20 00:00:00+05:30,0.0,21.1
2021-08-20 01:00:00+05:30,0.0,20.86
2021-08-20 02:00:00+05:30,0.0,20.89
2021-08-20 03:00:00+05:30,0.0,20.96
2021-08-20 04:00:00+05:30,0.0,20.97
2021-08-20 05:00:00+05:30,0.0,20.92
2021-08-20 06:00:00+05:30,0.0,20.87
2021-08-20 07:00:00+05:30,32.2,20.73
2021-08-20 08:00:00+05:30,83.13,21.09
2021-08-20 09:00:00+05:30,241.45,21.41
2021-08-20 10:00:00+05:30,300.93,22.32
2021-08-20 11:00:00+05:30,258.74,23.06
2021-08-20 12:00:00+05:30,300.21,23.18
2021-08-20 13:00:00+05:30,457.34,23.5
2021-08-20 14:00:00+05:30,330.91,24.04
2021-08-20 15:00:00+05:30,271.4,24.06
2021-08-20 16:00:00+05:30,165.66,24.21
2021-08-20 17:00:00+05:30,128.66,23.96
2021-08-20 18:00:00+05:30,48.0,23.6
2021-08-20 19:00:00+05:30,0.0,22.91
2021-08-20 20:00:00+05:30,0.0,22.31
2021-08-20 21:00:00+05:30,0.0,21.91
2021-08-20 22:00:00+05:30,0.0,21.59
2021-08-20 23:00:00+05:30,0.0,21.3
2021-08-21 00:00:00+05:30,0.0,21.19
2021-08-21 01:00:00+05:30,0.0,21.12
2021-08-21 02:00:00+05:30,0.0,21.11
2021-08-21 03:00:00+05:30,0.0,21.02
2021-08-21 04:00:00+05:30,0.0,20.9
2021-08-21 05:00:00+05:30,0.0,20.85
2021-08-21 06:00:00+05:30,0.0,20.87
2021-08-21 07:00:00+05:30,14.22,20.91
2021-08-21 08:00:00+05:30,61.19,21.01
2021-08-21 09:00:00+05:30,82.89,21.33
2021-08-21 10:00:00+05:30,89.23,21.5
2021-08-21 11:00:00+05:30,135.31,21.74
2021-08-21 12:00:00+05:30,115.23,22.04
2021-08-21 13:00:00+05:30,155.85,22.04
2021-08-21 14:00:00+05:30,189.03,22.26
2021-08-21 15:00:00+05:30,153.83,22.4
2021-08-21 16:00:00+05:30,90.36,22.1
2021-08-21 17:00:00+05:30,86.3,21.69
2021-08-21 18:00:00+05:30,21.8,21.59
2021-08-21 19:00:00+05:30,0.0,21.31
2021-08-21 20:00:00+05:30,0.0,21.1
2021-08-21 21:00:00+05:30,0.0,20.99
2021-08-21 22:00:00+05:30,0.0,20.94
2021-08-21 23:00:00+05:30,0.0,20.91
2021-08-22 00:00:00+05:30,0.0,20.77
2021-08-22 01:00:00+05:30,0.0,20.8
2021-08-22 02:00:00+05:30,0.0,20.77
2021-08-22 03:00:00+05:30,0.0,20.71
2021-08-22 04:00:00+05:30,0.0,20.71
2021-08-22 05:00:00+05:30,0.0,20.7
2021-08-22 06:00:00+05:30,0.0,20.72
2021-08-22 07:00:00+05:30,18.89,20.7
2021-08-22 08:00:00+05:30,90.49,20.86
2021-08-22 09:00:00+05:30,151.78,21.39
2021-08-22 10:00:00+05:30,272.89,21.94
2021-08-22 11:00:00+05:30,170.38,22.86
2021-08-22 12:00:00+05:30,126.63,22.9
2021-08-22 13:00:00+05:30,303.32,22.31
2021-08-22 14:00:00+05:30,338.11,22.91
2021-08-22 15:00:00+05:30,461.07,23.13
2021-08-22 16:00:00+05:30,401.78,23.77
2021-08-22 17:00:00+05:30,266.19,24.15
2021-08-22 18:00:00+05:30,105.51,24.01
2021-08-22 19:00:00+05:30,0.0,23.34
2021-08-22 20:00:00+05:30,0.0,22.25
2021-08-22 21:00:00+05:30,0.0,21.59
2021-08-22 22:00:00+05:30,0.0,21.13
2021-08-22 23:00:00+05:30,0.0,21.03
2021-08-23 00:00:00+05:30,0.0,20.83
2021-08-23 01:00:00+05:30,0.0,20.52
2021-08-23 02:00:00+05:30,0.0,20.42
2021-08-23 03:00:00+05:30,0.0,20.27
2021-08-23 04:00:00+05:30,0.0,20.24
2021-08-23 05:00:00+05:30,0.0,20.04
2021-08-23 06:00:00+05:30,0.0,20.04
2021-08-23 07:00:00+05:30,57.43,19.95
2021-08-23 08:00:00+05:30,230.14,20.5
2021-08-23 09:00:00+05:30,402.33,22.33
2021-08-23 10:00:00+05:30,623.36,23.95
2021-08-23 11:00:00+05:30,711.68,25.72
2021-08-23 12:00:00+05:30,756.23,26.71
2021-08-23 13:00:00+05:30,774.43,27.29
2021-08-23 14:00:00+05:30,572.53,27.78
2021-08-23 15:00:00+05:30,527.34,27.48
2021-08-23 16:00:00+05:30,406.84,27.17
2021-08-23 17:00:00+05:30,235.12,26.62
2021-08-23 18:00:00+05:30,82.79,25.76
2021-08-23 19:00:00+05:30,0.0,24.75
2021-08-23 20:00:00+05:30,0.0,23.69
2021-08-23 21:00:00+05:30,0.0,22.96
2021-08-23 22:00:00+05:30,0.0,22.51
2021-08-23 23:00:00+05:30,0.0,22.11
2021-08-24 00:00:00+05:30,0.0,21.78
2021-08-24 01:00:00+05:30,0.0,21.53
2021-08-24 02:00:00+05:30,0.0,21.22
2021-08-24 03:00:00+05:30,0.0,21.03
2021-08-24 04:00:00+05:30,0.0,20.88
2021-08-24 05:00:00+05:30,0.0,20.7
2021-08-24 06:00:00+05:30,0.0,20.56
2021-08-24 07:00:00+05:30,74.21,20.36
2021-08-24 08:00:00+05:30,246.8,20.96
2021-08-24 09:00:00+05:30,473.71,22.5
2021-08-24 10:00:00+05:30,626.36,24.43
2021-08-24 11:00:00+05:30,744.93,25.78
2021-08-24 12:00:00+05:30,789.6,26.93
2021-08-24 13:00:00+05:30,720.54,27.94
2021-08-24 14:00:00+05:30,627.34,28.34
2021-08-24 15:00:00+05:30,525.61,28.04
2021-08-24 16:00:00+05:30,365.23,27.62
2021-08-24 17:00:00+05:30,262.7,27.0
2021-08-24 18:00:00+05:30,82.93,26.26
2021-08-24 19:00:00+05:30,0.0,25.09
2021-08-24 20:00:00+05:30,0.0,24.21
2021-08-24 21:00:00+05:30,0.0,23.37
2021-08-24 22:00:00+05:30,0.0,22.86
2021-08-24 23:00:00+05:30,0.0,22.32
2021-08-25 00:00:00+05:30,0.0,21.86
2021-08-25 01:00:00+05:30,0.0,21.7
2021-08-25 02:00:00+05:30,0.0,21.39
2021-08-25 03:00:00+05:30,0.0,21.2
2021-08-25 04:00:00+05:30,0.0,21.01
2021-08-25 05:00:00+05:30,0.0,20.89
2021-08-25 06:00:00+05:30,0.0,20.8
2021-08-25 07:00:00+05:30,63.4,20.76
2021-08-25 08:00:00+05:30,233.68,21.13
2021-08-25 09:00:00+05:30,447.82,22.49
2021-08-25 10:00:00+05:30,593.61,24.06
2021-08-25 11:00:00+05:30,639.26,25.47
2021-08-25 12:00:00+05:30,543.09,26.52
2021-08-25 13:00:00+05:30,584.05,26.77
2021-08-25 14:00:00+05:30,438.36,27.13
2021-08-25 15:00:00+05:30,481.49,26.81
2021-08-25 16:00:00+05:30,392.54,26.73
2021-08-25 17:00:00+05:30,217.85,26.36
2021-08-25 18:00:00+05:30,78.0,25.49
2021-08-25 19:00:00+05:30,0.0,24.47
2021-08-25 20:00:00+05:30,0.0,23.53
2021-08-25 21:00:00+05:30,0.0,22.94
2021-08-25 22:00:00+05:30,0.0,22.38
2021-08-25 23:00:00+05:30,0.0,21.83
2021-08-26 00:00:00+05:30,0.0,21.37
2021-08-26 01:00:00+05:30,0.0,21.39
2021-08-26 02:00:00+05:30,0.0,21.2
2021-08-26 03:00:00+05:30,0.0,21.09
2021-08-26 04:00:00+05:30,0.0,20.99
2021-08-26 05:00:00+05:30,0.0,20.85
2021-08-26 06:00:00+05:30,0.0,20.68
2021-08-26 07:00:00+05:30,70.79,20.49
2021-08-26 08:00:00+05:30,222.91,21.2
2021-08-26 09:00:00+05:30,362.96,22.86
2021-08-26 10:00:00+05:30,413.99,24.3
2021-08-26 11:00:00+05:30,506.33,25.3
2021-08-26 12:00:00+05:30,421.77,25.81
2021-08-26 13:00:00+05:30,640.44,25.65
2021-08-26 14:00:00+05:30,519.94,26.08
2021-08-26 15:00:00+05:30,446.18,26.02
2021-08-26 16:00:00+05:30,401.99,25.47
2021-08-26 17:00:00+05:30,230.71,25.48
2021-08-26 18:00:00+05:30,88.92,24.81
2021-08-26 19:00:00+05:30,0.0,23.97
2021-08-26 20:00:00+05:30,0.0,23.08
2021-08-26 21:00:00+05:30,0.0,22.44
2021-08-26 22:00:00+05:30,0.0,22.0
2021-08-26 23:00:00+05:30,0.0,21.56
2021-08-27 00:00:00+05:30,0.0,21.27
2021-08-27 01:00:00+05:30,0.0,20.94
2021-08-27 02:00:00+05:30,0.0,20.8
2021-08-27 03:00:00+05:30,0.0,20.79
2021-08-27 04:00:00+05:30,0.0,20.91
2021-08-27 05:00:00+05:30,0.0,20.88
2021-08-27 06:00:00+05:30,0.0,21.14
2021-08-27 07:00:00+05:30,26.65,21.29
2021-08-27 08:00:00+05:30,178.77,21.64
2021-08-27 09:00:00+05:30,322.72,22.81
2021-08-27 10:00:00+05:30,496.08,24.08
2021-08-27 11:00:00+05:30,402.41,25.52
2021-08-27 12:00:00+05:30,722.7,26.02
2021-08-27 13:00:00+05:30,699.2,26.87
2021-08-27 14:00:00+05:30,539.93,27.17
2021-08-27 15:00:00+05:30,524.19,26.78
2021-08-27 16:00:00+05:30,440.89,26.51
2021-08-27 17:00:00+05:30,219.05,26.18
2021-08-27 18:00:00+05:30,90.08,25.38
2021-08-27 19:00:00+05:30,0.0,24.47
2021-08-27 20:00:00+05:30,0.0,23.35
2021-08-27 21:00:00+05:30,0.0,22.63
2021-08-27 22:00:00+05:30,0.0,21.98
2021-08-27 23:00:00+05:30,0.0,21.61
2021-08-28 00:00:00+05:30,0.0,21.39
2021-08-28 01:00:00+05:30,0.0,21.31
2021-08-28 02:00:00+05:30,0.0,21.13
2021-08-28 03:00:00+05:30,0.0,20.93
2021-08-28 04:00:00+05:30,0.0,20.78
2021-08-28 05:00:00+05:30,0.0,20.7
2021-08-28 06:00:00+05:30,0.0,20.71
2021-08-28 07:00:00+05:30,54.33,20.71
2021-08-28 08:00:00+05:30,200.04,21.02
2021-08-28 09:00:00+05:30,423.46,22.41
2021-08-28 10:00:00+05:30,646.66,24.11
2021-08-28 11:00:00+05:30,703.96,25.78
2021-08-28 12:00:00+05:30,673.28,26.8
2021-08-28 13:00:00+05:30,729.38,27.25
2021-08-28 14:00:00+05:30,482.66,27.65
2021-08-28 15:00:00+05:30,497.9,27.07
2021-08-28 16:00:00+05:30,293.62,26.86
2021-08-28 17:00:00+05:30,212.71,25.98
2021-08-28 18:00:00+05:30,70.78,25.17
2021-08-28 19:00:00+05:30,0.0,24.29
2021-08-28 20:00:00+05:30,0.0,23.4
2021-08-28 21:00:00+05:30,0.0,22.63
2021-08-28 22:00:00+05:30,0.0,22.16
2021-08-28 23:00:00+05:30,0.0,21.68
2021-08-29 00:00:00+05:30,0.0,21.36
2021-08-29 01:00:00+05:30,0.0,21.35
2021-08-29 02:00:00+05:30,0.0,21.35
2021-08-29 03:00:00+05:30,0.0,21.15
2021-08-29 04:00:00+05:30,0.0,20.99
2021-08-29 05:00:00+05:30,0.0,20.94
2021-08-29 06:00:00+05:30,0.0,20.97
2021-08-29 07:00:00+05:30,51.09,20.88
2021-08-29 08:00:00+05:30,180.31,21.26
2021-08-29 09:00:00+05:30,313.37,22.45
2021-08-29 10:00:00+05:30,343.01,23.64
2021-08-29 11:00:00+05:30,360.26,24.53
2021-08-29 12:00:00+05:30,577.19,25.03
2021-08-29 13:00:00+05:30,432.95,26.12
2021-08-29 14:00:00+05:30,226.44,26.08
2021-08-29 15:00:00+05:30,356.22,25.39
2021-08-29 16:00:00+05:30,298.73,25.42
2021-08-29 17:00:00+05:30,181.21,25.35
2021-08-29 18:00:00+05:30,62.99,24.74
2021-08-29 19:00:00+05:30,0.0,23.93
2021-08-29 20:00:00+05:30,0.0,23.02
2021-08-29 21:00:00+05:30,0.0,22.6
2021-08-29 22:00:00+05:30,0.0,22.16
2021-08-29 23:00:00+05:30,0.0,21.76
2021-08-30 00:00:00+05:30,0.0,21.57
2021-08-30 01:00:00+05:30,0.0,21.47
2021-08-30 02:00:00+05:30,0.0,21.29
2021-08-30 03:00:00+05:30,0.0,21.02
2021-08-30 04:00:00+05:30,0.0,20.64
2021-08-30 05:00:00+05:30,0.0,20.53
2021-08-30 06:00:00+05:30,0.0,20.42
2021-08-30 07:00:00+05:30,51.06,20.45
2021-08-30 08:00:00+05:30,120.64,20.77
2021-08-30 09:00:00+05:30,233.53,21.79
2021-08-30 10:00:00+05:30,194.18,22.87
2021-08-30 11:00:00+05:30,255.21,23.32
2021-08-30 12:00:00+05:30,203.39,23.62
2021-08-30 13:00:00+05:30,182.72,23.67
2021-08-30 14:00:00+05:30,165.16,23.6
2021-08-30 15:00:00+05:30,103.15,23.42
2021-08-30 16:00:00+05:30,295.19,22.92
2021-08-30 17:00:00+05:30,136.22,23.41
2021-08-30 18:00:00+05:30,39.75,23.01
2021-08-30 19:00:00+05:30,0.0,22.28
2021-08-30 20:00:00+05:30,0.0,21.62
2021-08-30 21:00:00+05:30,0.0,21.35
2021-08-30 22:00:00+05:30,0.0,21.25
2021-08-30 23:00:00+05:30,0.0,21.21
2021-08-31 00:00:00+05:30,0.0,21.13
2021-08-31 01:00:00+05:30,0.0,21.14
2021-08-31 02:00:00+05:30,0.0,21.1
2021-08-31 03:00:00+05:30,0.0,21.05
2021-08-31 04:00:00+05:30,0.0,20.96
2021-08-31 05:00:00+05:30,0.0,20.91
2021-08-31 06:00:00+05:30,0.0,20.83
2021-08-31 07:00:00+05:30,5.67,20.8
2021-08-31 08:00:00+05:30,17.91,20.92
2021-08-31 09:00:00+05:30,34.75,20.98
2021-08-31 10:00:00+05:30,41.92,21.14
2021-08-31 11:00:00+05:30,41.03,21.3
2021-08-31 12:00:00+05:30,141.58,21.43
2021-08-31 13:00:00+05:30,174.54,21.97
2021-08-31 14:00:00+05:30,84.03,22.22
2021-08-31 15:00:00+05:30,79.72,21.89
2021-08-31 16:00:00+05:30,90.6,21.8
2021-08-31 17:00:00+05:30,79.33,21.81
2021-08-31 18:00:00+05:30,36.42,21.51
2021-08-31 19:00:00+05:30,0.0,21.11
2021-08-31 20:00:00+05:30,0.0,20.58
2021-08-31 21:00:00+05:30,0.0,20.31
2021-08-31 22:00:00+05:30,0.0,20.28
2021-08-31 23:00:00+05:30,0.0,20.25
2021-09-01 00:00:00+05:30,0.0,20.36
2021-09-01 01:00:00+05:30,0.0,20.61
2021-09-01 02:00:00+05:30,0.0,20.71
2021-09-01 03:00:00+05:30,0.0,20.82
2021-09-01 04:00:00+05:30,0.0,21.0
2021-09-01 05:00:00+05:30,0.0,21.1
2021-09-01 06:00:00+05:30,0.0,21.08
2021-09-01 07:00:00+05:30,27.89,21.2
2021-09-01 08:00:00+05:30,107.76,21.4
2021-09-01 09:00:00+05:30,187.07,22.16
2021-09-01 10:00:00+05:30,400.01,22.55
2021-09-01 11:00:00+05:30,427.23,23.92
2021-09-01 12:00:00+05:30,343.38,24.53
2021-09-01 13:00:00+05:30,258.75,23.57
2021-09-01 14:00:00+05:30,183.88,23.32
2021-09-01 15:00:00+05:30,250.15,23.1
2021-09-01 16:00:00+05:30,139.51,23.3
2021-09-01 17:00:00+05:30,101.52,22.94
2021-09-01 18:00:00+05:30,36.53,22.64
2021-09-01 19:00:00+05:30,0.0,22.29
2021-09-01 20:00:00+05:30,0.0,21.88
2021-09-01 21:00:00+05:30,0.0,21.74
2021-09-01 22:00:00+05:30,0.0,21.55
2021-09-01 23:00:00+05:30,0.0,21.41
2021-09-02 00:00:00+05:30,0.0,21.37
2021-09-02 01:00:00+05:30,0.0,21.33
2021-09-02 02:00:00+05:30,0.0,21.3
2021-09-02 03:00:00+05:30,0.0,21.05
2021-09-02 04:00:00+05:30,0.0,21.05
2021-09-02 05:00:00+05:30,0.0,21.0
2021-09-02 06:00:00+05:30,0.0,21.07
2021-09-02 07:00:00+05:30,33.91,21.08
2021-09-02 08:00:00+05:30,172.03,21.39
2021-09-02 09:00:00+05:30,271.27,22.29
2021-09-02 10:00:00+05:30,385.95,23.44
2021-09-02 11:00:00+05:30,316.15,24.61
2021-09-02 12:00:00+05:30,405.35,24.85
2021-09-02 13:00:00+05:30,605.79,25.3
2021-09-02 14:00:00+05:30,512.33,25.95
2021-09-02 15:00:00+05:30,436.35,25.77
2021-09-02 16:00:00+05:30,337.36,25.38
2021-09-02 17:00:00+05:30,178.02,24.74
2021-09-02 18:00:00+05:30,74.83,24.18
2021-09-02 19:00:00+05:30,0.0,23.22
2021-09-02 20:00:00+05:30,0.0,22.52
2021-09-02 21:00:00+05:30,0.0,21.99
2021-09-02 22:00:00+05:30,0.0,21.89
2021-09-02 23:00:00+05:30,0.0,21.66
2021-09-03 00:00:00+05:30,0.0,21.57
2021-09-03 01:00:00+05:30,0.0,21.4
2021-09-03 02:00:00+05:30,0.0,21.3
2021-09-03 03:00:00+05:30,0.0,21.3
2021-09-03 04:00:00+05:30,0.0,21.33
2021-09-03 05:00:00+05:30,0.0,21.32
2021-09-03 06:00:00+05:30,0.0,21.29
2021-09-03 07:00:00+05:30,36.73,21.29
2021-09-03 08:00:00+05:30,149.18,21.69
2021-09-03 09:00:00+05:30,215.72,22.53
2021-09-03 10:00:00+05:30,309.35,23.46
2021-09-03 11:00:00+05:30,400.27,24.56
2021-09-03 12:00:00+05:30,545.92,25.38
2021-09-03 13:00:00+05:30,622.44,25.97
2021-09-03 14:00:00+05:30,455.92,26.57
2021-09-03 15:00:00+05:30,438.56,25.46
2021-09-03 16:00:00+05:30,277.54,25.37
2021-09-03 17:00:00+05:30,194.5,24.85
2021-09-03 18:00:00+05:30,71.99,24.26
2021-09-03 19:00:00+05:30,0.0,23.53
2021-09-03 20:00:00+05:30,0.0,22.68
2021-09-03 21:00:00+05:30,0.0,22.36
2021-09-03 22:00:00+05:30,0.0,22.08
2021-09-03 23:00:00+05:30,0.0,21.93
2021-09-04 00:00:00+05:30,0.0,21.82
2021-09-04 01:00:00+05:30,0.0,21.83
2021-09-04 02:00:00+05:30,0.0,21.76
2021-09-04 03:00:00+05:30,0.0,21.54
2021-09-04 04:00:00+05:30,0.0,21.35
2021-09-04 05:00:00+05:30,0.0,21.34
2021-09-04 06:00:00+05:30,0.0,21.35
2021-09-04 07:00:00+05:30,42.75,21.33
2021-09-04 08:00:00+05:30,196.46,21.72
2021-09-04 09:00:00+05:30,262.93,22.88
2021-09-04 10:00:00+05:30,422.77,24.04
2021-09-04 11:00:00+05:30,391.62,25.28
2021-09-04 12:00:00+05:30,560.07,25.41
2021-09-04 13:00:00+05:30,599.84,26.06
2021-09-04 14:00:00+05:30,614.31,26.55
2021-09-04 15:00:00+05:30,513.86,26.45
2021-09-04 16:00:00+05:30,265.22,26.0
2021-09-04 17:00:00+05:30,140.01,24.92
2021-09-04 18:00:00+05:30,50.44,24.2
2021-09-04 19:00:00+05:30,0.0,23.52
2021-09-04 20:00:00+05:30,0.0,22.76
2021-09-04 21:00:00+05:30,0.0,22.29
2021-09-04 22:00:00+05:30,0.0,21.97
2021-09-04 23:00:00+05:30,0.0,21.71
2021-09-05 00:00:00+05:30,0.0,21.65
2021-09-05 01:00:00+05:30,0.0,21.95
2021-09-05 02:00:00+05:30,0.0,21.87
2021-09-05 03:00:00+05:30,0.0,21.81
2021-09-05 04:00:00+05:30,0.0,21.78
2021-09-05 05:00:00+05:30,0.0,21.73
2021-09-05 06:00:00+05:30,0.0,21.63
2021-09-05 07:00:00+05:30,23.13,21.51
2021-09-05 08:00:00+05:30,65.03,21.61
2021-09-05 09:00:00+05:30,133.38,21.94
2021-09-05 10:00:00+05:30,105.21,22.45
2021-09-05 11:00:00+05:30,197.4,22.6
2021-09-05 12:00:00+05:30,303.53,23.36
2021-09-05 13:00:00+05:30,306.26,24.34
2021-09-05 14:00:00+05:30,283.5,24.75
2021-09-05 15:00:00+05:30,156.89,24.74
2021-09-05 16:00:00+05:30,115.35,24.3
2021-09-05 17:00:00+05:30,79.02,23.78
2021-09-05 18:00:00+05:30,23.81,23.35
2021-09-05 19:00:00+05:30,0.0,22.81
2021-09-05 20:00:00+05:30,0.0,22.41
2021-09-05 21:00:00+05:30,0.0,22.11
2021-09-05 22:00:00+05:30,0.0,21.98
2021-09-05 23:00:00+05:30,0.0,21.74
2021-09-06 00:00:00+05:30,0.0,21.51
2021-09-06 01:00:00+05:30,0.0,21.27
2021-09-06 02:00:00+05:30,0.0,21.32
2021-09-06 03:00:00+05:30,0.0,21.38
2021-09-06 04:00:00+05:30,0.0,21.38
2021-09-06 05:00:00+05:30,0.0,21.33
2021-09-06 06:00:00+05:30,0.0,21.36
2021-09-06 07:00:00+05:30,18.59,21.43
2021-09-06 08:00:00+05:30,78.28,21.56
2021-09-06 09:00:00+05:30,293.33,22.0
2021-09-06 10:00:00+05:30,378.75,23.41
2021-09-06 11:00:00+05:30,455.94,24.35
2021-09-06 12:00:00+05:30,637.36,24.59
2021-09-06 13:00:00+05:30,489.47,26.64
2021-09-06 14:00:00+05:30,442.45,26.69
2021-09-06 15:00:00+05:30,398.6,25.3
2021-09-06 16:00:00+05:30,224.16,25.47
2021-09-06 17:00:00+05:30,50.33,24.63
2021-09-06 18:00:00+05:30,13.17,23.57
2021-09-06 19:00:00+05:30,0.0,22.87
2021-09-06 20:00:00+05:30,0.0,22.41
2021-09-06 21:00:00+05:30,0.0,22.09
2021-09-06 22:00:00+05:30,0.0,21.95
2021-09-06 23:00:00+05:30,0.0,21.87
2021-09-07 00:00:00+05:30,0.0,21.86
2021-09-07 01:00:00+05:30,0.0,21.82
2021-09-07 02:00:00+05:30,0.0,21.87
2021-09-07 03:00:00+05:30,0.0,21.85
2021-09-07 04:00:00+05:30,0.0,21.84
2021-09-07 05:00:00+05:30,0.0,21.75
2021-09-07 06:00:00+05:30,0.0,21.69
2021-09-07 07:00:00+05:30,4.09,21.71
2021-09-07 08:00:00+05:30,24.85,21.81
2021-09-07 09:00:00+05:30,30.13,21.98
2021-09-07 10:00:00+05:30,53.6,22.11
2021-09-07 11:00:00+05:30,68.46,22.42
2021-09-07 12:00:00+05:30,144.85,22.69
2021-09-07 13:00:00+05:30,201.54,23.04
2021-09-07 14:00:00+05:30,193.99,23.7
2021-09-07 15:00:00+05:30,271.5,24.0
2021-09-07 16:00:00+05:30,257.91,24.4
2021-09-07 17:00:00+05:30,119.74,24.5
2021-09-07 18:00:00+05:30,37.01,24.02
2021-09-07 19:00:00+05:30,0.0,23.29
2021-09-07 20:00:00+05:30,0.0,22.7
2021-09-07 21:00:00+05:30,0.0,22.32
2021-09-07 22:00:00+05:30,0.0,22.01
2021-09-07 23:00:00+05:30,0.0,21.94
2021-09-08 00:00:00+05:30,0.0,21.97
2021-09-08 01:00:00+05:30,0.0,21.74
2021-09-08 02:00:00+05:30,0.0,21.82
2021-09-08 03:00:00+05:30,0.0,21.88
2021-09-08 04:00:00+05:30,0.0,21.91
2021-09-08 05:00:00+05:30,0.0,21.99
2021-09-08 06:00:00+05:30,0.0,22.01
2021-09-08 07:00:00+05:30,7.84,21.99
2021-09-08 08:00:00+05:30,29.65,22.19
2021-09-08 09:00:00+05:30,52.81,22.36
2021-09-08 10:00:00+05:30,64.45,22.35
2021-09-08 11:00:00+05:30,285.85,22.47
2021-09-08 12:00:00+05:30,279.98,22.89
2021-09-08 13:00:00+05:30,200.12,24.01
2021-09-08 14:00:00+05:30,142.44,23.39
2021-09-08 15:00:00+05:30,121.39,22.59
2021-09-08 16:00:00+05:30,124.6,22.32
2021-09-08 17:00:00+05:30,111.9,22.29
2021-09-08 18:00:00+05:30,42.51,22.29
2021-09-08 19:00:00+05:30,0.0,21.91
2021-09-08 20:00:00+05:30,0.0,21.9
2021-09-08 21:00:00+05:30,0.0,21.9
2021-09-08 22:00:00+05:30,0.0,21.79
2021-09-08 23:00:00+05:30,0.0,21.98
2021-09-09 00:00:00+05:30,0.0,22.27
2021-09-09 01:00:00+05:30,0.0,22.0
2021-09-09 02:00:00+05:30,0.0,21.77
2021-09-09 03:00:00+05:30,0.0,21.53
2021-09-09 04:00:00+05:30,0.0,21.7
2021-09-09 05:00:00+05:30,0.0,21.72
2021-09-09 06:00:00+05:30,0.0,21.37
2021-09-09 07:00:00+05:30,32.11,21.39
2021-09-09 08:00:00+05:30,96.2,21.88
2021-09-09 09:00:00+05:30,285.85,22.53
2021-09-09 10:00:00+05:30,544.67,23.44
2021-09-09 11:00:00+05:30,537.29,24.8
2021-09-09 12:00:00+05:30,547.56,24.96
2021-09-09 13:00:00+05:30,607.12,24.9
2021-09-09 14:00:00+05:30,557.79,24.97
2021-09-09 15:00:00+05:30,501.31,24.85
2021-09-09 16:00:00+05:30,335.03,24.46
2021-09-09 17:00:00+05:30,204.94,24.17
2021-09-09 18:00:00+05:30,66.92,23.25
2021-09-09 19:00:00+05:30,0.0,22.79
2021-09-09 20:00:00+05:30,0.0,22.3
2021-09-09 21:00:00+05:30,0.0,22.03
2021-09-09 22:00:00+05:30,0.0,22.13
2021-09-09 23:00:00+05:30,0.0,22.39
2021-09-10 00:00:00+05:30,0.0,22.05
2021-09-10 01:00:00+05:30,0.0,21.84
2021-09-10 02:00:00+05:30,0.0,21.72
2021-09-10 03:00:00+05:30,0.0,21.71
2021-09-10 04:00:00+05:30,0.0,21.99
2021-09-10 05:00:00+05:30,0.0,21.94
2021-09-10 06:00:00+05:30,0.0,21.65
2021-09-10 07:00:00+05:30,32.08,21.55
2021-09-10 08:00:00+05:30,123.84,22.01
2021-09-10 09:00:00+05:30,313.43,22.76
2021-09-10 10:00:00+05:30,485.36,23.58
2021-09-10 11:00:00+05:30,462.79,24.2
2021-09-10 12:00:00+05:30,576.7,25.02
2021-09-10 13:00:00+05:30,715.1,25.31
2021-09-10 14:00:00+05:30,506.03,25.45
2021-09-10 15:00:00+05:30,447.76,25.37
2021-09-10 16:00:00+05:30,354.3,24.81
2021-09-10 17:00:00+05:30,202.56,24.22
2021-09-10 18:00:00+05:30,61.41,23.5
2021-09-10 19:00:00+05:30,0.0,22.52
2021-09-10 20:00:00+05:30,0.0,22.12
2021-09-10 21:00:00+05:30,0.0,21.85
2021-09-10 22:00:00+05:30,0.0,21.87
2021-09-10 23:00:00+05:30,0.0,21.96
2021-09-11 00:00:00+05:30,0.0,22.14
2021-09-11 01:00:00+05:30,0.0,21.98
2021-09-11 02:00:00+05:30,0.0,21.85
2021-09-11 03:00:00+05:30,0.0,21.8
2021-09-11 04:00:00+05:30,0.0,21.8
2021-09-11 05:00:00+05:30,0.0,21.77
2021-09-11 06:00:00+05:30,0.0,21.66
2021-09-11 07:00:00+05:30,17.76,21.85
2021-09-11 08:00:00+05:30,82.61,22.22
2021-09-11 09:00:00+05:30,276.41,22.73
2021-09-11 10:00:00+05:30,334.04,23.68
2021-09-11 11:00:00+05:30,492.96,24.34
2021-09-11 12:00:00+05:30,573.65,24.97
2021-09-11 13:00:00+05:30,418.99,25.72
2021-09-11 14:00:00+05:30,450.06,25.4
2021-09-11 15:00:00+05:30,310.82,24.26
2021-09-11 16:00:00+05:30,259.32,24.44
2021-09-11 17:00:00+05:30,156.26,24.09
2021-09-11 18:00:00+05:30,40.95,23.59
2021-09-11 19:00:00+05:30,0.0,22.82
2021-09-11 20:00:00+05:30,0.0,22.49
2021-09-11 21:00:00+05:30,0.0,22.42
2021-09-11 22:00:00+05:30,0.0,22.43
2021-09-11 23:00:00+05:30,0.0,22.58
2021-09-12 00:00:00+05:30,0.0,22.27
2021-09-12 01:00:00+05:30,0.0,22.17
2021-09-12 02:00:00+05:30,0.0,22.18
2021-09-12 03:00:00+05:30,0.0,22.01
2021-09-12 04:00:00+05:30,0.0,21.97
2021-09-12 05:00:00+05:30,0.0,21.95
2021-09-12 06:00:00+05:30,0.0,21.93
2021-09-12 07:00:00+05:30,10.16,22.02
2021-09-12 08:00:00+05:30,54.5,22.27
2021-09-12 09:00:00+05:30,198.95,22.87
2021-09-12 10:00:00+05:30,279.74,23.63
2021-09-12 11:00:00+05:30,288.31,24.13
2021-09-12 12:00:00+05:30,452.29,23.93
2021-09-12 13:00:00+05:30,412.51,25.18
2021-09-12 14:00:00+05:30,220.53,25.47
2021-09-12 15:00:00+05:30,296.19,24.83
2021-09-12 16:00:00+05:30,67.5,24.81
2021-09-12 17:00:00+05:30,15.13,23.66
2021-09-12 18:00:00+05:30,4.69,22.61
2021-09-12 19:00:00+05:30,0.0,22.23
2021-09-12 20:00:00+05:30,0.0,22.13
2021-09-12 21:00:00+05:30,0.0,22.19
2021-09-12 22:00:00+05:30,0.0,22.22
2021-09-12 23:00:00+05:30,0.0,22.27
2021-09-13 00:00:00+05:30,0.0,22.31
2021-09-13 01:00:00+05:30,0.0,22.45
2021-09-13 02:00:00+05:30,0.0,22.51
2021-09-13 03:00:00+05:30,0.0,22.44
2021-09-13 04:00:00+05:30,0.0,22.34
2021-09-13 05:00:00+05:30,0.0,22.27
2021-09-13 06:00:00+05:30,0.0,22.19
2021-09-13 07:00:00+05:30,28.21,22.12
2021-09-13 08:00:00+05:30,81.35,22.31
2021-09-13 09:00:00+05:30,253.62,23.12
2021-09-13 10:00:00+05:30,354.3,23.99
2021-09-13 11:00:00+05:30,368.81,24.26
2021-09-13 12:00:00+05:30,555.05,24.48
2021-09-13 13:00:00+05:30,436.71,25.19
2021-09-13 14:00:00+05:30,267.7,24.91
2021-09-13 15:00:00+05:30,161.9,23.88
2021-09-13 16:00:00+05:30,137.71,23.65
2021-09-13 17:00:00+05:30,80.19,23.25
2021-09-13 18:00:00+05:30,12.13,22.94
2021-09-13 19:00:00+05:30,0.0,22.52
2021-09-13 20:00:00+05:30,0.0,22.44
2021-09-13 21:00:00+05:30,0.0,22.45
2021-09-13 22:00:00+05:30,0.0,22.38
2021-09-13 23:00:00+05:30,0.0,22.56
2021-09-14 00:00:00+05:30,0.0,22.48
2021-09-14 01:00:00+05:30,0.0,22.42
2021-09-14 02:00:00+05:30,0.0,22.39
2021-09-14 03:00:00+05:30,0.0,22.08
2021-09-14 04:00:00+05:30,0.0,22.07
2021-09-14 05:00:00+05:30,0.0,22.23
2021-09-14 06:00:00+05:30,0.0,22.15
2021-09-14 07:00:00+05:30,44.08,21.84
2021-09-14 08:00:00+05:30,128.38,21.77
2021-09-14 09:00:00+05:30,171.34,22.15
2021-09-14 10:00:00+05:30,171.68,22.48
2021-09-14 11:00:00+05:30,218.21,22.64
2021-09-14 12:00:00+05:30,620.4,22.89
2021-09-14 13:00:00+05:30,522.93,24.7
2021-09-14 14:00:00+05:30,463.33,24.92
2021-09-14 15:00:00+05:30,453.44,24.86
2021-09-14 16:00:00+05:30,317.48,25.08
2021-09-14 17:00:00+05:30,168.15,24.45
2021-09-14 18:00:00+05:30,52.03,23.76
2021-09-14 19:00:00+05:30,0.0,22.75
2021-09-14 20:00:00+05:30,0.0,22.06
2021-09-14 21:00:00+05:30,0.0,21.92
2021-09-14 22:00:00+05:30,0.0,22.04
2021-09-14 23:00:00+05:30,0.0,22.06
2021-09-15 00:00:00+05:30,0.0,22.1
2021-09-15 01:00:00+05:30,0.0,21.69
2021-09-15 02:00:00+05:30,0.0,21.47
2021-09-15 03:00:00+05:30,0.0,21.45
2021-09-15 04:00:00+05:30,0.0,21.52
2021-09-15 05:00:00+05:30,0.0,21.61
2021-09-15 06:00:00+05:30,0.0,21.67
2021-09-15 07:00:00+05:30,32.25,21.55
2021-09-15 08:00:00+05:30,129.4,21.67
2021-09-15 09:00:00+05:30,280.34,22.41
2021-09-15 10:00:00+05:30,378.35,23.21
2021-09-15 11:00:00+05:30,434.63,24.26
2021-09-15 12:00:00+05:30,363.48,24.73
2021-09-15 13:00:00+05:30,473.88,25.02
2021-09-15 14:00:00+05:30,413.64,25.52
2021-09-15 15:00:00+05:30,395.73,25.58
2021-09-15 16:00:00+05:30,276.06,25.59
2021-09-15 17:00:00+05:30,151.76,24.96
2021-09-15 18:00:00+05:30,48.34,24.3
2021-09-15 19:00:00+05:30,0.0,23.37
2021-09-15 20:00:00+05:30,0.0,22.56
2021-09-15 21:00:00+05:30,0.0,22.06
2021-09-15 22:00:00+05:30,0.0,21.71
2021-09-15 23:00:00+05:30,0.0,21.59
2021-09-16 00:00:00+05:30,0.0,21.54
2021-09-16 01:00:00+05:30,0.0,21.13
2021-09-16 02:00:00+05:30,0.0,21.16
2021-09-16 03:00:00+05:30,0.0,21.21
2021-09-16 04:00:00+05:30,0.0,21.06
2021-09-16 05:00:00+05:30,0.0,20.98
2021-09-16 06:00:00+05:30,0.0,21.23
2021-09-16 07:00:00+05:30,39.88,21.45
2021-09-16 08:00:00+05:30,209.56,21.82
2021-09-16 09:00:00+05:30,352.18,22.77
2021-09-16 10:00:00+05:30,526.95,23.88
2021-09-16 11:00:00+05:30,590.04,24.93
2021-09-16 12:00:00+05:30,607.89,25.72
2021-09-16 13:00:00+05:30,669.27,25.99
2021-09-16 14:00:00+05:30,654.98,26.43
2021-09-16 15:00:00+05:30,501.19,26.54
2021-09-16 16:00:00+05:30,391.14,26.25
2021-09-16 17:00:00+05:30,205.99,25.69
2021-09-16 18:00:00+05:30,63.86,24.81
2021-09-16 19:00:00+05:30,0.0,23.63
2021-09-16 20:00:00+05:30,0.0,22.6
2021-09-16 21:00:00+05:30,0.0,22.11
2021-09-16 22:00:00+05:30,0.0,21.91
2021-09-16 23:00:00+05:30,0.0,21.53
2021-09-17 00:00:00+05:30,0.0,21.59
2021-09-17 01:00:00+05:30,0.0,21.15
2021-09-17 02:00:00+05:30,0.0,21.18
2021-09-17 03:00:00+05:30,0.0,21.17
2021-09-17 04:00:00+05:30,0.0,21.14
2021-09-17 05:00:00+05:30,0.0,21.11
2021-09-17 06:00:00+05:30,0.0,21.12
2021-09-17 07:00:00+05:30,35.07,21.01
2021-09-17 08:00:00+05:30,133.84,21.35
2021-09-17 09:00:00+05:30,279.09,22.22
2021-09-17 10:00:00+05:30,449.01,23.51
2021-09-17 11:00:00+05:30,623.32,24.97
2021-09-17 12:00:00+05:30,634.49,25.85
2021-09-17 13:00:00+05:30,616.5,26.21
2021-09-17 14:00:00+05:30,578.47,26.36
2021-09-17 15:00:00+05:30,472.57,26.32
2021-09-17 16:00:00+05:30,379.4,25.96
2021-09-17 17:00:00+05:30,179.42,25.53
2021-09-17 18:00:00+05:30,50.03,24.58
2021-09-17 19:00:00+05:30,0.0,23.5
2021-09-17 20:00:00+05:30,0.0,22.74
2021-09-17 21:00:00+05:30,0.0,22.01
2021-09-17 22:00:00+05:30,0.0,21.5
2021-09-17 23:00:00+05:30,0.0,21.15
2021-09-18 00:00:00+05:30,0.0,20.64
2021-09-18 01:00:00+05:30,0.0,20.55
2021-09-18 02:00:00+05:30,0.0,20.25
2021-09-18 03:00:00+05:30,0.0,20.05
2021-09-18 04:00:00+05:30,0.0,19.93
2021-09-18 05:00:00+05:30,0.0,19.9
2021-09-18 06:00:00+05:30,0.0,20.03
2021-09-18 07:00:00+05:30,47.95,20.08
2021-09-18 08:00:00+05:30,161.35,20.93
2021-09-18 09:00:00+05:30,265.69,22.2
2021-09-18 10:00:00+05:30,430.94,23.36
2021-09-18 11:00:00+05:30,454.06,24.76
2021-09-18 12:00:00+05:30,736.19,25.16
2021-09-18 13:00:00+05:30,610.35,26.39
2021-09-18 14:00:00+05:30,439.98,26.45
2021-09-18 15:00:00+05:30,430.12,26.22
2021-09-18 16:00:00+05:30,376.94,25.94
2021-09-18 17:00:00+05:30,162.04,25.27
2021-09-18 18:00:00+05:30,50.04,24.43
2021-09-18 19:00:00+05:30,0.0,23.35
2021-09-18 20:00:00+05:30,0.0,22.67
2021-09-18 21:00:00+05:30,0.0,21.96
2021-09-18 22:00:00+05:30,0.0,21.43
2021-09-18 23:00:00+05:30,0.0,21.22
2021-09-19 00:00:00+05:30,0.0,21.23
2021-09-19 01:00:00+05:30,0.0,21.32
2021-09-19 02:00:00+05:30,0.0,21.24
2021-09-19 03:00:00+05:30,0.0,21.21
2021-09-19 04:00:00+05:30,0.0,20.93
2021-09-19 05:00:00+05:30,0.0,20.79
2021-09-19 06:00:00+05:30,0.0,20.81
2021-09-19 07:00:00+05:30,44.69,20.87
2021-09-19 08:00:00+05:30,171.74,21.45
2021-09-19 09:00:00+05:30,294.55,22.89
2021-09-19 10:00:00+05:30,409.47,24.28
2021-09-19 11:00:00+05:30,563.92,25.16
2021-09-19 12:00:00+05:30,481.11,25.92
2021-09-19 13:00:00+05:30,343.98,26.08
2021-09-19 14:00:00+05:30,486.21,25.63
2021-09-19 15:00:00+05:30,365.24,25.49
2021-09-19 16:00:00+05:30,248.53,24.3
2021-09-19 17:00:00+05:30,153.65,24.67
2021-09-19 18:00:00+05:30,39.89,24.08
2021-09-19 19:00:00+05:30,0.0,23.15
2021-09-19 20:00:00+05:30,0.0,22.44
2021-09-19 21:00:00+05:30,0.0,22.08
2021-09-19 22:00:00+05:30,0.0,21.76
2021-09-19 23:00:00+05:30,0.0,21.73
2021-09-20 00:00:00+05:30,0.0,21.43
2021-09-20 01:00:00+05:30,0.0,21.66
2021-09-20 02:00:00+05:30,0.0,21.54
2021-09-20 03:00:00+05:30,0.0,21.37
2021-09-20 04:00:00+05:30,0.0,21.27
2021-09-20 05:00:00+05:30,0.0,21.24
2021-09-20 06:00:00+05:30,0.0,21.21
2021-09-20 07:00:00+05:30,36.24,21.22
2021-09-20 08:00:00+05:30,155.5,21.54
2021-09-20 09:00:00+05:30,278.0,22.6
2021-09-20 10:00:00+05:30,328.18,23.94
2021-09-20 11:00:00+05:30,373.15,25.02
2021-09-20 12:00:00+05:30,575.7,25.45
2021-09-20 13:00:00+05:30,631.58,25.93
2021-09-20 14:00:00+05:30,398.83,26.54
2021-09-20 15:00:00+05:30,298.01,24.95
2021-09-20 16:00:00+05:30,186.99,25.1
2021-09-20 17:00:00+05:30,127.3,24.47
2021-09-20 18:00:00+05:30,28.84,24.01
2021-09-20 19:00:00+05:30,0.0,23.34
2021-09-20 20:00:00+05:30,0.0,22.69
2021-09-20 21:00:00+05:30,0.0,22.23
2021-09-20 22:00:00+05:30,0.0,22.01
2021-09-20 23:00:00+05:30,0.0,21.84
2021-09-21 00:00:00+05:30,0.0,21.8
2021-09-21 01:00:00+05:30,0.0,21.91
2021-09-21 02:00:00+05:30,0.0,21.86
2021-09-21 03:00:00+05:30,0.0,21.8
2021-09-21 04:00:00+05:30,0.0,21.79
2021-09-21 05:00:00+05:30,0.0,21.87
2021-09-21 06:00:00+05:30,0.0,21.86
2021-09-21 07:00:00+05:30,28.68,21.8
2021-09-21 08:00:00+05:30,109.87,22.03
2021-09-21 09:00:00+05:30,228.85,22.62
2021-09-21 10:00:00+05:30,380.56,23.41
2021-09-21 11:00:00+05:30,374.68,24.3
2021-09-21 12:00:00+05:30,467.39,24.53
2021-09-21 13:00:00+05:30,418.82,24.11
2021-09-21 14:00:00+05:30,296.69,24.22
2021-09-21 15:00:00+05:30,273.41,24.26
2021-09-21 16:00:00+05:30,257.84,24.22
2021-09-21 17:00:00+05:30,118.43,24.05
2021-09-21 18:00:00+05:30,36.02,23.4
2021-09-21 19:00:00+05:30,0.0,22.71
2021-09-21 20:00:00+05:30,0.0,22.14
2021-09-21 21:00:00+05:30,0.0,21.89
2021-09-21 22:00:00+05:30,0.0,21.72
2021-09-21 23:00:00+05:30,0.0,21.63
2021-09-22 00:00:00+05:30,0.0,21.65
2021-09-22 01:00:00+05:30,0.0,21.3
2021-09-22 02:00:00+05:30,0.0,21.2
2021-09-22 03:00:00+05:30,0.0,21.22
2021-09-22 04:00:00+05:30,0.0,21.24
2021-09-22 05:00:00+05:30,0.0,21.27
2021-09-22 06:00:00+05:30,0.0,21.28
2021-09-22 07:00:00+05:30,17.38,21.19
2021-09-22 08:00:00+05:30,81.7,21.36
2021-09-22 09:00:00+05:30,178.96,21.85
2021-09-22 10:00:00+05:30,307.55,22.58
2021-09-22 11:00:00+05:30,479.45,23.22
2021-09-22 12:00:00+05:30,454.88,24.21
2021-09-22 13:00:00+05:30,354.14,24.11
2021-09-22 14:00:00+05:30,380.37,23.67
2021-09-22 15:00:00+05:30,283.62,23.7
2021-09-22 16:00:00+05:30,176.28,23.4
2021-09-22 17:00:00+05:30,110.83,22.98
2021-09-22 18:00:00+05:30,20.31,22.54
2021-09-22 19:00:00+05:30,0.0,21.95
2021-09-22 20:00:00+05:30,0.0,21.66
2021-09-22 21:00:00+05:30,0.0,21.51
2021-09-22 22:00:00+05:30,0.0,21.34
2021-09-22 23:00:00+05:30,0.0,21.36
2021-09-23 00:00:00+05:30,0.0,21.27
2021-09-23 01:00:00+05:30,0.0,21.23
2021-09-23 02:00:00+05:30,0.0,21.21
2021-09-23 03:00:00+05:30,0.0,21.15
2021-09-23 04:00:00+05:30,0.0,21.0
2021-09-23 05:00:00+05:30,0.0,20.87
2021-09-23 06:00:00+05:30,0.0,20.79
2021-09-23 07:00:00+05:30,37.87,20.87
2021-09-23 08:00:00+05:30,153.24,21.18
2021-09-23 09:00:00+05:30,309.93,21.96
2021-09-23 10:00:00+05:30,382.85,23.28
2021-09-23 11:00:00+05:30,474.3,24.19
2021-09-23 12:00:00+05:30,420.57,25.14
2021-09-23 13:00:00+05:30,508.7,25.12
2021-09-23 14:00:00+05:30,527.97,25.61
2021-09-23 15:00:00+05:30,392.02,25.63
2021-09-23 16:00:00+05:30,221.32,24.39
2021-09-23 17:00:00+05:30,62.24,23.52
2021-09-23 18:00:00+05:30,25.15,22.75
2021-09-23 19:00:00+05:30,0.0,22.12
2021-09-23 20:00:00+05:30,0.0,21.86
2021-09-23 21:00:00+05:30,0.0,21.64
2021-09-23 22:00:00+05:30,0.0,21.45
2021-09-23 23:00:00+05:30,0.0,21.34
2021-09-24 00:00:00+05:30,0.0,21.2
2021-09-24 01:00:00+05:30,0.0,21.15
2021-09-24 02:00:00+05:30,0.0,21.14
2021-09-24 03:00:00+05:30,0.0,21.09
2021-09-24 04:00:00+05:30,0.0,21.1
2021-09-24 05:00:00+05:30,0.0,21.05
2021-09-24 06:00:00+05:30,0.0,21.05
2021-09-24 07:00:00+05:30,39.93,20.92
2021-09-24 08:00:00+05:30,137.86,21.31
2021-09-24 09:00:00+05:30,235.73,22.28
2021-09-24 10:00:00+05:30,418.78,23.41
2021-09-24 11:00:00+05:30,504.17,24.84
2021-09-24 12:00:00+05:30,564.52,25.82
2021-09-24 13:00:00+05:30,606.13,26.36
2021-09-24 14:00:00+05:30,533.09,26.9
2021-09-24 15:00:00+05:30,482.7,27.05
2021-09-24 16:00:00+05:30,256.37,27.06
2021-09-24 17:00:00+05:30,164.75,26.32
2021-09-24 18:00:00+05:30,39.02,25.48
2021-09-24 19:00:00+05:30,0.0,24.41
2021-09-24 20:00:00+05:30,0.0,23.55
2021-09-24 21:00:00+05:30,0.0,22.81
2021-09-24 22:00:00+05:30,0.0,22.44
2021-09-24 23:00:00+05:30,0.0,22.03
2021-09-25 00:00:00+05:30,0.0,21.73
2021-09-25 01:00:00+05:30,0.0,21.51
2021-09-25 02:00:00+05:30,0.0,21.44
2021-09-25 03:00:00+05:30,0.0,21.39
2021-09-25 04:00:00+05:30,0.0,21.22
2021-09-25 05:00:00+05:30,0.0,21.1
2021-09-25 06:00:00+05:30,0.0,21.05
2021-09-25 07:00:00+05:30,30.75,21.06
2021-09-25 08:00:00+05:30,97.83,21.33
2021-09-25 09:00:00+05:30,219.27,21.95
2021-09-25 10:00:00+05:30,320.83,23.24
2021-09-25 11:00:00+05:30,543.29,24.4
2021-09-25 12:00:00+05:30,483.75,25.77
2021-09-25 13:00:00+05:30,334.3,25.98
2021-09-25 14:00:00+05:30,293.72,25.31
2021-09-25 15:00:00+05:30,285.77,24.89
2021-09-25 16:00:00+05:30,105.92,24.93
2021-09-25 17:00:00+05:30,69.71,24.33
2021-09-25 18:00:00+05:30,23.08,23.85
2021-09-25 19:00:00+05:30,0.0,23.14
2021-09-25 20:00:00+05:30,0.0,22.48
2021-09-25 21:00:00+05:30,0.0,22.12
2021-09-25 22:00:00+05:30,0.0,21.79
2021-09-25 23:00:00+05:30,0.0,21.47
2021-09-26 00:00:00+05:30,0.0,21.3
2021-09-26 01:00:00+05:30,0.0,21.44
2021-09-26 02:00:00+05:30,0.0,21.34
2021-09-26 03:00:00+05:30,0.0,21.09
2021-09-26 04:00:00+05:30,0.0,20.78
2021-09-26 05:00:00+05:30,0.0,20.62
2021-09-26 06:00:00+05:30,0.0,20.37
2021-09-26 07:00:00+05:30,53.05,20.3
2021-09-26 08:00:00+05:30,198.41,20.72
2021-09-26 09:00:00+05:30,390.25,22.18
2021-09-26 10:00:00+05:30,388.71,23.85
2021-09-26 11:00:00+05:30,354.2,24.74
2021-09-26 12:00:00+05:30,465.73,25.13
2021-09-26 13:00:00+05:30,316.4,26.12
2021-09-26 14:00:00+05:30,180.67,24.84
2021-09-26 15:00:00+05:30,195.91,23.56
2021-09-26 16:00:00+05:30,138.9,23.44
2021-09-26 17:00:00+05:30,83.83,23.12
2021-09-26 18:00:00+05:30,13.69,22.99
2021-09-26 19:00:00+05:30,0.0,22.5
2021-09-26 20:00:00+05:30,0.0,22.21
2021-09-26 21:00:00+05:30,0.0,21.87
2021-09-26 22:00:00+05:30,0.0,21.62
2021-09-26 23:00:00+05:30,0.0,21.51
2021-09-27 00:00:00+05:30,0.0,21.39
2021-09-27 01:00:00+05:30,0.0,21.22
2021-09-27 02:00:00+05:30,0.0,21.16
2021-09-27 03:00:00+05:30,0.0,21.09
2021-09-27 04:00:00+05:30,0.0,21.05
2021-09-27 05:00:00+05:30,0.0,21.02
2021-09-27 06:00:00+05:30,0.0,20.99
2021-09-27 07:00:00+05:30,45.03,20.89
2021-09-27 08:00:00+05:30,159.93,21.2
2021-09-27 09:00:00+05:30,228.44,22.35
2021-09-27 10:00:00+05:30,265.53,23.31
2021-09-27 11:00:00+05:30,361.21,24.02
2021-09-27 12:00:00+05:30,423.46,24.75
2021-09-27 13:00:00+05:30,376.89,25.29
2021-09-27 14:00:00+05:30,389.11,25.55
2021-09-27 15:00:00+05:30,295.41,25.18
2021-09-27 16:00:00+05:30,172.34,23.67
2021-09-27 17:00:00+05:30,64.88,23.07
2021-09-27 18:00:00+05:30,21.99,22.59
2021-09-27 19:00:00+05:30,0.0,22.16
2021-09-27 20:00:00+05:30,0.0,21.71
2021-09-27 21:00:00+05:30,0.0,21.4
2021-09-27 22:00:00+05:30,0.0,21.21
2021-09-27 23:00:00+05:30,0.0,21.05
2021-09-28 00:00:00+05:30,0.0,20.94
2021-09-28 01:00:00+05:30,0.0,21.01
2021-09-28 02:00:00+05:30,0.0,20.97
2021-09-28 03:00:00+05:30,0.0,20.86
2021-09-28 04:00:00+05:30,0.0,20.82
2021-09-28 05:00:00+05:30,0.0,20.85
2021-09-28 06:00:00+05:30,0.0,20.87
2021-09-28 07:00:00+05:30,10.21,20.85
2021-09-28 08:00:00+05:30,42.36,20.95
2021-09-28 09:00:00+05:30,122.42,21.26
2021-09-28 10:00:00+05:30,230.97,22.0
2021-09-28 11:00:00+05:30,188.19,23.13
2021-09-28 12:00:00+05:30,369.09,23.16
2021-09-28 13:00:00+05:30,333.83,24.09
2021-09-28 14:00:00+05:30,265.85,24.26
2021-09-28 15:00:00+05:30,134.52,23.29
2021-09-28 16:00:00+05:30,81.05,22.33
2021-09-28 17:00:00+05:30,40.7,21.99
2021-09-28 18:00:00+05:30,7.97,21.65
2021-09-28 19:00:00+05:30,0.0,21.33
2021-09-28 20:00:00+05:30,0.0,21.37
2021-09-28 21:00:00+05:30,0.0,21.43
2021-09-28 22:00:00+05:30,0.0,21.47
2021-09-28 23:00:00+05:30,0.0,21.31
2021-09-29 00:00:00+05:30,0.0,21.2
2021-09-29 01:00:00+05:30,0.0,21.25
2021-09-29 02:00:00+05:30,0.0,21.24
2021-09-29 03:00:00+05:30,0.0,21.21
2021-09-29 04:00:00+05:30,0.0,21.24
2021-09-29 05:00:00+05:30,0.0,21.26
2021-09-29 06:00:00+05:30,0.0,21.46
2021-09-29 07:00:00+05:30,21.74,21.56
2021-09-29 08:00:00+05:30,53.08,21.69
2021-09-29 09:00:00+05:30,188.43,21.82
2021-09-29 10:00:00+05:30,251.99,22.59
2021-09-29 11:00:00+05:30,410.43,23.07
2021-09-29 12:00:00+05:30,516.09,24.48
2021-09-29 13:00:00+05:30,616.47,25.54
2021-09-29 14:00:00+05:30,477.46,26.29
2021-09-29 15:00:00+05:30,468.43,26.44
2021-09-29 16:00:00+05:30,323.28,26.39
2021-09-29 17:00:00+05:30,142.87,25.81
2021-09-29 18:00:00+05:30,28.42,24.77
2021-09-29 19:00:00+05:30,0.0,23.49
2021-09-29 20:00:00+05:30,0.0,22.69
2021-09-29 21:00:00+05:30,0.0,22.33
2021-09-29 22:00:00+05:30,0.0,22.29
2021-09-29 23:00:00+05:30,0.0,22.07
2021-09-30 00:00:00+05:30,0.0,21.89
2021-09-30 01:00:00+05:30,0.0,21.83
2021-09-30 02:00:00+05:30,0.0,21.88
2021-09-30 03:00:00+05:30,0.0,21.86
2021-09-30 04:00:00+05:30,0.0,21.94
2021-09-30 05:00:00+05:30,0.0,21.97
2021-09-30 06:00:00+05:30,0.0,21.98
2021-09-30 07:00:00+05:30,33.68,21.98
2021-09-30 08:00:00+05:30,176.2,22.28
2021-09-30 09:00:00+05:30,334.8,23.3
2021-09-30 10:00:00+05:30,350.6,24.95
2021-09-30 11:00:00+05:30,469.2,25.79
2021-09-30 12:00:00+05:30,600.24,26.46
2021-09-30 13:00:00+05:30,605.92,26.86
2021-09-30 14:00:00+05:30,556.01,27.4
2021-09-30 15:00:00+05:30,503.9,27.52
2021-09-30 16:00:00+05:30,302.58,26.93
2021-09-30 17:00:00+05:30,137.2,26.26
2021-09-30 18:00:00+05:30,22.1,25.38
2021-09-30 19:00:00+05:30,0.0,24.51
2021-09-30 20:00:00+05:30,0.0,23.63
2021-09-30 21:00:00+05:30,0.0,23.06
2021-09-30 22:00:00+05:30,0.0,22.46
2021-09-30 23:00:00+05:30,0.0,21.96
2021-10-01 00:00:00+05:30,0.0,21.49
2021-10-01 01:00:00+05:30,0.0,21.36
2021-10-01 02:00:00+05:30,0.0,20.9
2021-10-01 03:00:00+05:30,0.0,20.69
2021-10-01 04:00:00+05:30,0.0,20.77
2021-10-01 05:00:00+05:30,0.0,20.91
2021-10-01 06:00:00+05:30,0.0,20.85
2021-10-01 07:00:00+05:30,39.42,20.75
2021-10-01 08:00:00+05:30,179.04,21.2
2021-10-01 09:00:00+05:30,339.48,22.51
2021-10-01 10:00:00+05:30,519.78,24.17
2021-10-01 11:00:00+05:30,648.3,25.8
2021-10-01 12:00:00+05:30,582.87,27.08
2021-10-01 13:00:00+05:30,527.45,27.71
2021-10-01 14:00:00+05:30,505.59,27.95
2021-10-01 15:00:00+05:30,437.15,28.13
2021-10-01 16:00:00+05:30,288.52,28.11
2021-10-01 17:00:00+05:30,164.02,27.43
2021-10-01 18:00:00+05:30,24.93,26.55
2021-10-01 19:00:00+05:30,0.0,25.59
2021-10-01 20:00:00+05:30,0.0,24.87
2021-10-01 21:00:00+05:30,0.0,24.32
2021-10-01 22:00:00+05:30,0.0,23.83
2021-10-01 23:00:00+05:30,0.0,23.49
2021-10-02 00:00:00+05:30,0.0,23.05
2021-10-02 01:00:00+05:30,0.0,22.92
2021-10-02 02:00:00+05:30,0.0,22.33
2021-10-02 03:00:00+05:30,0.0,22.24
2021-10-02 04:00:00+05:30,0.0,22.0
2021-10-02 05:00:00+05:30,0.0,21.77
2021-10-02 06:00:00+05:30,0.0,21.53
2021-10-02 07:00:00+05:30,26.29,21.24
2021-10-02 08:00:00+05:30,112.91,21.77
2021-10-02 09:00:00+05:30,224.29,22.64
2021-10-02 10:00:00+05:30,363.08,23.81
2021-10-02 11:00:00+05:30,361.98,25.23
2021-10-02 12:00:00+05:30,387.86,26.19
2021-10-02 13:00:00+05:30,305.96,26.3
2021-10-02 14:00:00+05:30,461.3,26.19
2021-10-02 15:00:00+05:30,272.14,26.86
2021-10-02 16:00:00+05:30,278.36,26.91
2021-10-02 17:00:00+05:30,120.75,26.96
2021-10-02 18:00:00+05:30,21.77,25.82
2021-10-02 19:00:00+05:30,0.0,25.01
2021-10-02 20:00:00+05:30,0.0,24.08
2021-10-02 21:00:00+05:30,0.0,23.29
2021-10-02 22:00:00+05:30,0.0,22.58
2021-10-02 23:00:00+05:30,0.0,22.92
2021-10-03 00:00:00+05:30,0.0,22.65
2021-10-03 01:00:00+05:30,0.0,21.98
2021-10-03 02:00:00+05:30,0.0,21.99
2021-10-03 03:00:00+05:30,0.0,22.21
2021-10-03 04:00:00+05:30,0.0,21.97
2021-10-03 05:00:00+05:30,0.0,21.82
2021-10-03 06:00:00+05:30,0.0,21.66
2021-10-03 07:00:00+05:30,55.85,21.48
2021-10-03 08:00:00+05:30,222.61,21.77
2021-10-03 09:00:00+05:30,410.07,24.28
2021-10-03 10:00:00+05:30,457.84,25.69
2021-10-03 11:00:00+05:30,568.24,26.82
2021-10-03 12:00:00+05:30,595.49,27.89
2021-10-03 13:00:00+05:30,646.67,27.97
2021-10-03 14:00:00+05:30,594.45,28.48
2021-10-03 15:00:00+05:30,450.47,28.18
2021-10-03 16:00:00+05:30,288.81,26.23
2021-10-03 17:00:00+05:30,129.82,26.09
2021-10-03 18:00:00+05:30,19.35,25.63
2021-10-03 19:00:00+05:30,0.0,24.61
2021-10-03 20:00:00+05:30,0.0,23.91
2021-10-03 21:00:00+05:30,0.0,23.12
2021-10-03 22:00:00+05:30,0.0,22.93
2021-10-03 23:00:00+05:30,0.0,22.12
2021-10-04 00:00:00+05:30,0.0,22.39
2021-10-04 01:00:00+05:30,0.0,22.7
2021-10-04 02:00:00+05:30,0.0,22.45
2021-10-04 03:00:00+05:30,0.0,22.16
2021-10-04 04:00:00+05:30,0.0,21.81
2021-10-04 05:00:00+05:30,0.0,21.43
2021-10-04 06:00:00+05:30,0.0,21.32
2021-10-04 07:00:00+05:30,40.17,20.97
2021-10-04 08:00:00+05:30,170.05,21.36
2021-10-04 09:00:00+05:30,331.84,23.37
2021-10-04 10:00:00+05:30,561.62,25.14
2021-10-04 11:00:00+05:30,626.06,27.08
2021-10-04 12:00:00+05:30,646.49,28.04
2021-10-04 13:00:00+05:30,601.63,28.8
2021-10-04 14:00:00+05:30,615.86,28.97
2021-10-04 15:00:00+05:30,463.05,29.06
2021-10-04 16:00:00+05:30,313.93,28.88
2021-10-04 17:00:00+05:30,136.79,27.31
2021-10-04 18:00:00+05:30,20.7,26.29
2021-10-04 19:00:00+05:30,0.0,25.31
2021-10-04 20:00:00+05:30,0.0,24.81
2021-10-04 21:00:00+05:30,0.0,24.15
2021-10-04 22:00:00+05:30,0.0,23.51
2021-10-04 23:00:00+05:30,0.0,23.12
2021-10-05 00:00:00+05:30,0.0,22.7
2021-10-05 01:00:00+05:30,0.0,23.09
2021-10-05 02:00:00+05:30,0.0,22.55
2021-10-05 03:00:00+05:30,0.0,22.2
2021-10-05 04:00:00+05:30,0.0,22.0
2021-10-05 05:00:00+05:30,0.0,22.06
2021-10-05 06:00:00+05:30,0.0,21.93
2021-10-05 07:00:00+05:30,48.53,21.93
2021-10-05 08:00:00+05:30,209.26,22.69
2021-10-05 09:00:00+05:30,382.81,24.28
2021-10-05 10:00:00+05:30,508.41,25.74
2021-10-05 11:00:00+05:30,662.59,26.81
2021-10-05 12:00:00+05:30,677.64,27.86
2021-10-05 13:00:00+05:30,695.6,28.7
2021-10-05 14:00:00+05:30,606.79,29.29
2021-10-05 15:00:00+05:30,448.42,29.57
2021-10-05 16:00:00+05:30,295.28,28.92
2021-10-05 17:00:00+05:30,122.0,28.32
2021-10-05 18:00:00+05:30,14.33,25.85
2021-10-05 19:00:00+05:30,0.0,24.39
2021-10-05 20:00:00+05:30,0.0,23.83
2021-10-05 21:00:00+05:30,0.0,23.44
2021-10-05 22:00:00+05:30,0.0,22.86
2021-10-05 23:00:00+05:30,0.0,22.51
2021-10-06 00:00:00+05:30,0.0,22.13
2021-10-06 01:00:00+05:30,0.0,22.21
2021-10-06 02:00:00+05:30,0.0,21.97
2021-10-06 03:00:00+05:30,0.0,22.29
2021-10-06 04:00:00+05:30,0.0,22.25
2021-10-06 05:00:00+05:30,0.0,22.12
2021-10-06 06:00:00+05:30,0.0,21.73
2021-10-06 07:00:00+05:30,53.1,21.02
2021-10-06 08:00:00+05:30,214.2,22.21
2021-10-06 09:00:00+05:30,346.8,24.2
2021-10-06 10:00:00+05:30,456.31,25.51
2021-10-06 11:00:00+05:30,603.48,26.86
2021-10-06 12:00:00+05:30,580.93,27.78
2021-10-06 13:00:00+05:30,409.98,28.01
2021-10-06 14:00:00+05:30,361.8,27.76
2021-10-06 15:00:00+05:30,386.1,27.83
2021-10-06 16:00:00+05:30,246.23,28.21
2021-10-06 17:00:00+05:30,98.8,26.32
2021-10-06 18:00:00+05:30,17.79,25.33
2021-10-06 19:00:00+05:30,0.0,24.55
2021-10-06 20:00:00+05:30,0.0,23.78
2021-10-06 21:00:00+05:30,0.0,23.18
2021-10-06 22:00:00+05:30,0.0,23.0
2021-10-06 23:00:00+05:30,0.0,22.46
2021-10-07 00:00:00+05:30,0.0,22.01
2021-10-07 01:00:00+05:30,0.0,21.89
2021-10-07 02:00:00+05:30,0.0,21.71
2021-10-07 03:00:00+05:30,0.0,21.47
2021-10-07 04:00:00+05:30,0.0,21.3
2021-10-07 05:00:00+05:30,0.0,21.18
2021-10-07 06:00:00+05:30,0.0,21.09
2021-10-07 07:00:00+05:30,49.75,21.04
2021-10-07 08:00:00+05:30,196.43,22.53
2021-10-07 09:00:00+05:30,382.99,24.06
2021-10-07 10:00:00+05:30,489.61,25.79
2021-10-07 11:00:00+05:30,591.65,26.9
2021-10-07 12:00:00+05:30,606.66,27.71
2021-10-07 13:00:00+05:30,602.77,28.28
2021-10-07 14:00:00+05:30,563.44,28.75
2021-10-07 15:00:00+05:30,452.23,28.86
2021-10-07 16:00:00+05:30,331.01,28.74
2021-10-07 17:00:00+05:30,132.22,28.5
2021-10-07 18:00:00+05:30,15.09,27.38
2021-10-07 19:00:00+05:30,0.0,26.16
2021-10-07 20:00:00+05:30,0.0,25.03
2021-10-07 21:00:00+05:30,0.0,24.12
2021-10-07 22:00:00+05:30,0.0,23.53
2021-10-07 23:00:00+05:30,0.0,23.06
2021-10-08 00:00:00+05:30,0.0,22.81
2021-10-08 01:00:00+05:30,0.0,22.46
2021-10-08 02:00:00+05:30,0.0,22.45
2021-10-08 03:00:00+05:30,0.0,22.2
2021-10-08 04:00:00+05:30,0.0,22.09
2021-10-08 05:00:00+05:30,0.0,22.02
2021-10-08 06:00:00+05:30,0.0,21.81
2021-10-08 07:00:00+05:30,43.63,21.2
2021-10-08 08:00:00+05:30,185.23,22.34
2021-10-08 09:00:00+05:30,381.67,24.03
2021-10-08 10:00:00+05:30,510.06,25.4
2021-10-08 11:00:00+05:30,582.08,26.76
2021-10-08 12:00:00+05:30,658.24,27.64
2021-10-08 13:00:00+05:30,406.27,28.44
2021-10-08 14:00:00+05:30,324.86,27.54
2021-10-08 15:00:00+05:30,357.92,25.67
2021-10-08 16:00:00+05:30,173.27,26.14
2021-10-08 17:00:00+05:30,81.27,25.74
2021-10-08 18:00:00+05:30,13.95,24.47
2021-10-08 19:00:00+05:30,0.0,23.58
2021-10-08 20:00:00+05:30,0.0,23.0
2021-10-08 21:00:00+05:30,0.0,22.59
2021-10-08 22:00:00+05:30,0.0,22.16
2021-10-08 23:00:00+05:30,0.0,21.74
2021-10-09 00:00:00+05:30,0.0,21.34
2021-10-09 01:00:00+05:30,0.0,21.37
2021-10-09 02:00:00+05:30,0.0,21.04
2021-10-09 03:00:00+05:30,0.0,21.02
2021-10-09 04:00:00+05:30,0.0,20.93
2021-10-09 05:00:00+05:30,0.0,20.78
2021-10-09 06:00:00+05:30,0.0,20.85
2021-10-09 07:00:00+05:30,44.16,20.74
2021-10-09 08:00:00+05:30,184.71,21.65
2021-10-09 09:00:00+05:30,291.67,23.41
2021-10-09 10:00:00+05:30,423.32,24.71
2021-10-09 11:00:00+05:30,519.36,25.94
2021-10-09 12:00:00+05:30,502.1,26.95
2021-10-09 13:00:00+05:30,385.97,27.17
2021-10-09 14:00:00+05:30,358.45,26.88
2021-10-09 15:00:00+05:30,305.56,25.89
2021-10-09 16:00:00+05:30,178.93,25.1
2021-10-09 17:00:00+05:30,100.31,25.0
2021-10-09 18:00:00+05:30,14.52,24.5
2021-10-09 19:00:00+05:30,0.0,23.72
2021-10-09 20:00:00+05:30,0.0,23.15
2021-10-09 21:00:00+05:30,0.0,22.81
2021-10-09 22:00:00+05:30,0.0,22.47
2021-10-09 23:00:00+05:30,0.0,22.27
2021-10-10 00:00:00+05:30,0.0,22.23
2021-10-10 01:00:00+05:30,0.0,22.12
2021-10-10 02:00:00+05:30,0.0,21.94
2021-10-10 03:00:00+05:30,0.0,21.78
2021-10-10 04:00:00+05:30,0.0,21.64
2021-10-10 05:00:00+05:30,0.0,21.43
2021-10-10 06:00:00+05:30,0.0,21.25
2021-10-10 07:00:00+05:30,34.39,21.18
2021-10-10 08:00:00+05:30,146.53,21.63
2021-10-10 09:00:00+05:30,305.3,22.9
2021-10-10 10:00:00+05:30,466.26,24.41
2021-10-10 11:00:00+05:30,609.65,25.88
2021-10-10 12:00:00+05:30,554.0,27.03
2021-10-10 13:00:00+05:30,507.97,26.96
2021-10-10 14:00:00+05:30,457.89,27.36
2021-10-10 15:00:00+05:30,359.51,27.57
2021-10-10 16:00:00+05:30,231.27,27.13
2021-10-10 17:00:00+05:30,95.77,25.29
2021-10-10 18:00:00+05:30,11.32,24.34
2021-10-10 19:00:00+05:30,0.0,23.69
2021-10-10 20:00:00+05:30,0.0,23.29
2021-10-10 21:00:00+05:30,0.0,22.91
2021-10-10 22:00:00+05:30,0.0,22.49
2021-10-10 23:00:00+05:30,0.0,22.29
2021-10-11 00:00:00+05:30,0.0,22.1
2021-10-11 01:00:00+05:30,0.0,21.91
2021-10-11 02:00:00+05:30,0.0,21.59
2021-10-11 03:00:00+05:30,0.0,21.59
2021-10-11 04:00:00+05:30,0.0,21.48
2021-10-11 05:00:00+05:30,0.0,21.05
2021-10-11 06:00:00+05:30,0.0,20.83
2021-10-11 07:00:00+05:30,43.54,20.92
2021-10-11 08:00:00+05:30,166.54,21.67
2021-10-11 09:00:00+05:30,381.34,23.41
2021-10-11 10:00:00+05:30,516.94,25.06
2021-10-11 11:00:00+05:30,529.73,26.29
2021-10-11 12:00:00+05:30,633.21,27.06
2021-10-11 13:00:00+05:30,488.35,28.03
2021-10-11 14:00:00+05:30,515.49,27.9
2021-10-11 15:00:00+05:30,403.09,27.65
2021-10-11 16:00:00+05:30,279.42,27.17
2021-10-11 17:00:00+05:30,109.52,25.9
2021-10-11 18:00:00+05:30,6.58,24.82
2021-10-11 19:00:00+05:30,0.0,24.07
2021-10-11 20:00:00+05:30,0.0,23.6
2021-10-11 21:00:00+05:30,0.0,23.17
2021-10-11 22:00:00+05:30,0.0,22.57
2021-10-11 23:00:00+05:30,0.0,22.13
2021-10-12 00:00:00+05:30,0.0,22.11
2021-10-12 01:00:00+05:30,0.0,22.02
2021-10-12 02:00:00+05:30,0.0,21.75
2021-10-12 03:00:00+05:30,0.0,21.71
2021-10-12 04:00:00+05:30,0.0,21.58
2021-10-12 05:00:00+05:30,0.0,21.31
2021-10-12 06:00:00+05:30,0.0,21.13
2021-10-12 07:00:00+05:30,38.14,21.53
2021-10-12 08:00:00+05:30,174.39,21.93
2021-10-12 09:00:00+05:30,366.95,23.43
2021-10-12 10:00:00+05:30,558.14,25.28
2021-10-12 11:00:00+05:30,568.26,26.69
2021-10-12 12:00:00+05:30,663.85,27.42
2021-10-12 13:00:00+05:30,584.17,28.28
2021-10-12 14:00:00+05:30,547.12,28.41
2021-10-12 15:00:00+05:30,412.41,28.42
2021-10-12 16:00:00+05:30,274.28,28.17
2021-10-12 17:00:00+05:30,113.97,27.78
2021-10-12 18:00:00+05:30,13.49,26.96
2021-10-12 19:00:00+05:30,0.0,25.71
2021-10-12 20:00:00+05:30,0.0,25.69
2021-10-12 21:00:00+05:30,0.0,24.53
2021-10-12 22:00:00+05:30,0.0,22.96
2021-10-12 23:00:00+05:30,0.0,22.55
2021-10-13 00:00:00+05:30,0.0,22.05
2021-10-13 01:00:00+05:30,0.0,22.44
2021-10-13 02:00:00+05:30,0.0,22.03
2021-10-13 03:00:00+05:30,0.0,21.61
2021-10-13 04:00:00+05:30,0.0,21.54
2021-10-13 05:00:00+05:30,0.0,21.62
2021-10-13 06:00:00+05:30,0.0,21.01
2021-10-13 07:00:00+05:30,48.73,20.79
2021-10-13 08:00:00+05:30,215.78,21.32
2021-10-13 09:00:00+05:30,412.15,24.09
2021-10-13 10:00:00+05:30,576.58,25.8
2021-10-13 11:00:00+05:30,625.57,27.12
2021-10-13 12:00:00+05:30,697.82,27.85
2021-10-13 13:00:00+05:30,566.77,28.58
2021-10-13 14:00:00+05:30,530.66,28.65
2021-10-13 15:00:00+05:30,442.09,28.68
2021-10-13 16:00:00+05:30,266.54,28.59
2021-10-13 17:00:00+05:30,128.74,28.07
2021-10-13 18:00:00+05:30,13.88,27.14
2021-10-13 19:00:00+05:30,0.0,25.78
2021-10-13 20:00:00+05:30,0.0,24.46
2021-10-13 21:00:00+05:30,0.0,23.41
2021-10-13 22:00:00+05:30,0.0,22.43
2021-10-13 23:00:00+05:30,0.0,21.8
2021-10-14 00:00:00+05:30,0.0,21.97
2021-10-14 01:00:00+05:30,0.0,22.22
2021-10-14 02:00:00+05:30,0.0,22.5
2021-10-14 03:00:00+05:30,0.0,22.69
2021-10-14 04:00:00+05:30,0.0,22.4
2021-10-14 05:00:00+05:30,0.0,22.1
2021-10-14 06:00:00+05:30,0.0,21.76
2021-10-14 07:00:00+05:30,49.82,21.67
2021-10-14 08:00:00+05:30,223.57,21.98
2021-10-14 09:00:00+05:30,416.58,24.6
2021-10-14 10:00:00+05:30,581.68,26.33
2021-10-14 11:00:00+05:30,696.77,27.58
2021-10-14 12:00:00+05:30,574.64,28.44
2021-10-14 13:00:00+05:30,596.63,28.47
2021-10-14 14:00:00+05:30,512.06,28.57
2021-10-14 15:00:00+05:30,410.72,28.47
2021-10-14 16:00:00+05:30,261.53,28.29
2021-10-14 17:00:00+05:30,124.42,27.92
2021-10-14 18:00:00+05:30,14.08,27.17
2021-10-14 19:00:00+05:30,0.0,25.88
2021-10-14 20:00:00+05:30,0.0,24.57
2021-10-14 21:00:00+05:30,0.0,23.58
2021-10-14 22:00:00+05:30,0.0,23.08
2021-10-14 23:00:00+05:30,0.0,22.7
2021-10-15 00:00:00+05:30,0.0,22.36
2021-10-15 01:00:00+05:30,0.0,22.15
2021-10-15 02:00:00+05:30,0.0,21.61
2021-10-15 03:00:00+05:30,0.0,21.16
2021-10-15 04:00:00+05:30,0.0,21.23
2021-10-15 05:00:00+05:30,0.0,21.95
2021-10-15 06:00:00+05:30,0.0,21.68
2021-10-15 07:00:00+05:30,49.13,21.43
2021-10-15 08:00:00+05:30,225.27,21.61
2021-10-15 09:00:00+05:30,418.9,23.94
2021-10-15 10:00:00+05:30,584.86,25.55
2021-10-15 11:00:00+05:30,700.38,26.82
2021-10-15 12:00:00+05:30,752.6,27.78
2021-10-15 13:00:00+05:30,739.16,28.4
2021-10-15 14:00:00+05:30,636.44,28.78
2021-10-15 15:00:00+05:30,518.63,28.92
2021-10-15 16:00:00+05:30,327.15,28.85
2021-10-15 17:00:00+05:30,131.22,28.32
2021-10-15 18:00:00+05:30,13.35,27.18
2021-10-15 19:00:00+05:30,0.0,25.72
2021-10-15 20:00:00+05:30,0.0,24.0
2021-10-15 21:00:00+05:30,0.0,22.9
2021-10-15 22:00:00+05:30,0.0,22.15
2021-10-15 23:00:00+05:30,0.0,22.7
2021-10-16 00:00:00+05:30,0.0,23.05
2021-10-16 01:00:00+05:30,0.0,22.68
2021-10-16 02:00:00+05:30,0.0,22.18
2021-10-16 03:00:00+05:30,0.0,21.71
2021-10-16 04:00:00+05:30,0.0,21.28
2021-10-16 05:00:00+05:30,0.0,20.94
2021-10-16 06:00:00+05:30,0.0,20.46
2021-10-16 07:00:00+05:30,49.57,20.32
2021-10-16 08:00:00+05:30,224.11,20.54
2021-10-16 09:00:00+05:30,423.18,23.21
2021-10-16 10:00:00+05:30,592.9,25.07
2021-10-16 11:00:00+05:30,710.21,26.39
2021-10-16 12:00:00+05:30,761.5,27.48
2021-10-16 13:00:00+05:30,749.79,28.24
2021-10-16 14:00:00+05:30,665.43,28.75
2021-10-16 15:00:00+05:30,506.32,29.02
2021-10-16 16:00:00+05:30,332.18,28.91
2021-10-16 17:00:00+05:30,142.97,28.56
2021-10-16 18:00:00+05:30,12.37,27.45
2021-10-16 19:00:00+05:30,0.0,25.43
2021-10-16 20:00:00+05:30,0.0,24.5
2021-10-16 21:00:00+05:30,0.0,23.71
2021-10-16 22:00:00+05:30,0.0,23.0
2021-10-16 23:00:00+05:30,0.0,21.98
2021-10-17 00:00:00+05:30,0.0,21.79
2021-10-17 01:00:00+05:30,0.0,21.69
2021-10-17 02:00:00+05:30,0.0,21.76
2021-10-17 03:00:00+05:30,0.0,21.57
2021-10-17 04:00:00+05:30,0.0,22.04
2021-10-17 05:00:00+05:30,0.0,22.15
2021-10-17 06:00:00+05:30,0.0,22.01
2021-10-17 07:00:00+05:30,29.1,21.97
2021-10-17 08:00:00+05:30,85.21,22.3
2021-10-17 09:00:00+05:30,186.28,23.12
2021-10-17 10:00:00+05:30,249.42,24.25
2021-10-17 11:00:00+05:30,531.7,25.09
2021-10-17 12:00:00+05:30,617.08,26.78
2021-10-17 13:00:00+05:30,667.09,27.74
2021-10-17 14:00:00+05:30,567.37,28.39
2021-10-17 15:00:00+05:30,460.32,28.41
2021-10-17 16:00:00+05:30,290.23,28.13
2021-10-17 17:00:00+05:30,133.54,27.28
2021-10-17 18:00:00+05:30,14.08,26.04
2021-10-17 19:00:00+05:30,0.0,24.62
2021-10-17 20:00:00+05:30,0.0,23.53
2021-10-17 21:00:00+05:30,0.0,22.84
2021-10-17 22:00:00+05:30,0.0,22.04
2021-10-17 23:00:00+05:30,0.0,21.47
2021-10-18 00:00:00+05:30,0.0,21.01
2021-10-18 01:00:00+05:30,0.0,21.21
2021-10-18 02:00:00+05:30,0.0,20.95
2021-10-18 03:00:00+05:30,0.0,20.73
2021-10-18 04:00:00+05:30,0.0,20.53
2021-10-18 05:00:00+05:30,0.0,20.32
2021-10-18 06:00:00+05:30,0.0,20.24
2021-10-18 07:00:00+05:30,36.73,20.35
2021-10-18 08:00:00+05:30,176.51,20.63
2021-10-18 09:00:00+05:30,391.96,22.13
2021-10-18 10:00:00+05:30,540.87,24.25
2021-10-18 11:00:00+05:30,654.99,25.5
2021-10-18 12:00:00+05:30,659.98,26.5
2021-10-18 13:00:00+05:30,657.08,27.13
2021-10-18 14:00:00+05:30,546.43,27.52
2021-10-18 15:00:00+05:30,388.36,27.17
2021-10-18 16:00:00+05:30,210.76,26.48
2021-10-18 17:00:00+05:30,102.02,25.61
2021-10-18 18:00:00+05:30,11.06,24.76
2021-10-18 19:00:00+05:30,0.0,23.65
2021-10-18 20:00:00+05:30,0.0,22.71
2021-10-18 21:00:00+05:30,0.0,21.86
2021-10-18 22:00:00+05:30,0.0,21.13
2021-10-18 23:00:00+05:30,0.0,20.6
2021-10-19 00:00:00+05:30,0.0,20.33
2021-10-19 01:00:00+05:30,0.0,20.47
2021-10-19 02:00:00+05:30,0.0,20.47
2021-10-19 03:00:00+05:30,0.0,20.19
2021-10-19 04:00:00+05:30,0.0,19.65
2021-10-19 05:00:00+05:30,0.0,19.53
2021-10-19 06:00:00+05:30,0.0,19.6
2021-10-19 07:00:00+05:30,39.18,19.48
2021-10-19 08:00:00+05:30,188.91,19.69
2021-10-19 09:00:00+05:30,402.4,21.33
2021-10-19 10:00:00+05:30,575.69,23.26
2021-10-19 11:00:00+05:30,678.95,25.01
2021-10-19 12:00:00+05:30,751.1,26.15
2021-10-19 13:00:00+05:30,734.22,26.88
2021-10-19 14:00:00+05:30,654.87,27.35
2021-10-19 15:00:00+05:30,510.47,27.49
2021-10-19 16:00:00+05:30,323.93,27.25
2021-10-19 17:00:00+05:30,141.06,26.62
2021-10-19 18:00:00+05:30,12.42,25.51
2021-10-19 19:00:00+05:30,0.0,23.78
2021-10-19 20:00:00+05:30,0.0,22.51
2021-10-19 21:00:00+05:30,0.0,21.56
2021-10-19 22:00:00+05:30,0.0,20.75
2021-10-19 23:00:00+05:30,0.0,19.98
2021-10-20 00:00:00+05:30,0.0,19.25
2021-10-20 01:00:00+05:30,0.0,18.79
2021-10-20 02:00:00+05:30,0.0,18.48
2021-10-20 03:00:00+05:30,0.0,18.33
2021-10-20 04:00:00+05:30,0.0,18.49
2021-10-20 05:00:00+05:30,0.0,18.59
2021-10-20 06:00:00+05:30,0.0,18.35
2021-10-20 07:00:00+05:30,38.22,18.16
2021-10-20 08:00:00+05:30,157.65,18.5
2021-10-20 09:00:00+05:30,334.66,20.39
2021-10-20 10:00:00+05:30,557.5,22.96
2021-10-20 11:00:00+05:30,682.64,25.47
2021-10-20 12:00:00+05:30,735.89,26.8
2021-10-20 13:00:00+05:30,672.8,27.62
2021-10-20 14:00:00+05:30,571.53,27.99
2021-10-20 15:00:00+05:30,442.51,28.28
2021-10-20 16:00:00+05:30,265.49,28.27
2021-10-20 17:00:00+05:30,111.79,27.92
2021-10-20 18:00:00+05:30,11.59,26.94
2021-10-20 19:00:00+05:30,0.0,25.38
2021-10-20 20:00:00+05:30,0.0,23.72
2021-10-20 21:00:00+05:30,0.0,22.44
2021-10-20 22:00:00+05:30,0.0,21.7
2021-10-20 23:00:00+05:30,0.0,21.55
2021-10-21 00:00:00+05:30,0.0,21.65
2021-10-21 01:00:00+05:30,0.0,21.84
2021-10-21 02:00:00+05:30,0.0,21.44
2021-10-21 03:00:00+05:30,0.0,20.83
2021-10-21 04:00:00+05:30,0.0,20.4
2021-10-21 05:00:00+05:30,0.0,20.43
2021-10-21 06:00:00+05:30,0.0,20.38
2021-10-21 07:00:00+05:30,39.45,20.05
2021-10-21 08:00:00+05:30,207.74,20.1
2021-10-21 09:00:00+05:30,392.49,22.58
2021-10-21 10:00:00+05:30,567.76,24.34
2021-10-21 11:00:00+05:30,684.82,25.9
2021-10-21 12:00:00+05:30,738.97,26.99
2021-10-21 13:00:00+05:30,727.11,27.56
2021-10-21 14:00:00+05:30,646.36,27.99
2021-10-21 15:00:00+05:30,509.98,28.2
2021-10-21 16:00:00+05:30,324.03,28.15
2021-10-21 17:00:00+05:30,138.1,27.79
2021-10-21 18:00:00+05:30,11.84,26.72
2021-10-21 19:00:00+05:30,0.0,24.67
2021-10-21 20:00:00+05:30,0.0,23.09
2021-10-21 21:00:00+05:30,0.0,23.11
2021-10-21 22:00:00+05:30,0.0,23.06
2021-10-21 23:00:00+05:30,0.0,22.36
2021-10-22 00:00:00+05:30,0.0,21.68
2021-10-22 01:00:00+05:30,0.0,21.61
2021-10-22 02:00:00+05:30,0.0,21.26
2021-10-22 03:00:00+05:30,0.0,20.81
2021-10-22 04:00:00+05:30,0.0,20.6
2021-10-22 05:00:00+05:30,0.0,20.28
2021-10-22 06:00:00+05:30,0.0,19.99
2021-10-22 07:00:00+05:30,40.23,19.73
2021-10-22 08:00:00+05:30,211.84,19.95
2021-10-22 09:00:00+05:30,403.44,22.42
2021-10-22 10:00:00+05:30,568.22,24.51
2021-10-22 11:00:00+05:30,682.5,26.06
2021-10-22 12:00:00+05:30,731.1,27.12
2021-10-22 13:00:00+05:30,716.83,27.62
2021-10-22 14:00:00+05:30,630.21,28.11
2021-10-22 15:00:00+05:30,480.62,28.58
2021-10-22 16:00:00+05:30,315.32,28.79
2021-10-22 17:00:00+05:30,129.03,28.54
2021-10-22 18:00:00+05:30,11.06,27.52
2021-10-22 19:00:00+05:30,0.0,25.45
2021-10-22 20:00:00+05:30,0.0,23.55
2021-10-22 21:00:00+05:30,0.0,22.18
2021-10-22 22:00:00+05:30,0.0,21.22
2021-10-22 23:00:00+05:30,0.0,20.61
2021-10-23 00:00:00+05:30,0.0,20.28
2021-10-23 01:00:00+05:30,0.0,20.85
2021-10-23 02:00:00+05:30,0.0,20.89
2021-10-23 03:00:00+05:30,0.0,20.84
2021-10-23 04:00:00+05:30,0.0,20.49
2021-10-23 05:00:00+05:30,0.0,20.21
2021-10-23 06:00:00+05:30,0.0,19.89
2021-10-23 07:00:00+05:30,38.29,19.64
2021-10-23 08:00:00+05:30,205.94,19.97
2021-10-23 09:00:00+05:30,395.34,22.91
2021-10-23 10:00:00+05:30,557.62,25.03
2021-10-23 11:00:00+05:30,669.81,26.46
2021-10-23 12:00:00+05:30,705.64,27.46
2021-10-23 13:00:00+05:30,676.93,28.16
2021-10-23 14:00:00+05:30,511.0,28.84
2021-10-23 15:00:00+05:30,440.34,29.13
2021-10-23 16:00:00+05:30,294.61,29.32
2021-10-23 17:00:00+05:30,126.12,29.02
2021-10-23 18:00:00+05:30,10.72,27.85
2021-10-23 19:00:00+05:30,0.0,25.87
2021-10-23 20:00:00+05:30,0.0,24.04
2021-10-23 21:00:00+05:30,0.0,22.74
2021-10-23 22:00:00+05:30,0.0,21.8
2021-10-23 23:00:00+05:30,0.0,21.22
2021-10-24 00:00:00+05:30,0.0,20.48
2021-10-24 01:00:00+05:30,0.0,19.51
2021-10-24 02:00:00+05:30,0.0,19.09
2021-10-24 03:00:00+05:30,0.0,18.89
2021-10-24 04:00:00+05:30,0.0,19.06
2021-10-24 05:00:00+05:30,0.0,19.09
2021-10-24 06:00:00+05:30,0.0,18.53
2021-10-24 07:00:00+05:30,38.05,18.34
2021-10-24 08:00:00+05:30,204.36,19.31
2021-10-24 09:00:00+05:30,395.72,22.52
2021-10-24 10:00:00+05:30,555.85,24.79
2021-10-24 11:00:00+05:30,668.15,26.33
2021-10-24 12:00:00+05:30,670.39,27.42
2021-10-24 13:00:00+05:30,558.32,28.06
2021-10-24 14:00:00+05:30,513.42,28.34
2021-10-24 15:00:00+05:30,399.22,28.61
2021-10-24 16:00:00+05:30,260.81,28.63
2021-10-24 17:00:00+05:30,103.48,28.18
2021-10-24 18:00:00+05:30,9.4,26.8
2021-10-24 19:00:00+05:30,0.0,24.84
2021-10-24 20:00:00+05:30,0.0,23.3
2021-10-24 21:00:00+05:30,0.0,22.17
2021-10-24 22:00:00+05:30,0.0,21.2
2021-10-24 23:00:00+05:30,0.0,20.32
2021-10-25 00:00:00+05:30,0.0,19.66
2021-10-25 01:00:00+05:30,0.0,19.05
2021-10-25 02:00:00+05:30,0.0,18.57
2021-10-25 03:00:00+05:30,0.0,18.36
2021-10-25 04:00:00+05:30,0.0,18.66
2021-10-25 05:00:00+05:30,0.0,18.64
2021-10-25 06:00:00+05:30,0.0,18.4
2021-10-25 07:00:00+05:30,35.4,18.42
2021-10-25 08:00:00+05:30,168.33,18.5
2021-10-25 09:00:00+05:30,362.24,21.01
2021-10-25 10:00:00+05:30,536.66,23.54
2021-10-25 11:00:00+05:30,663.2,25.41
2021-10-25 12:00:00+05:30,666.62,26.85
2021-10-25 13:00:00+05:30,640.56,27.4
2021-10-25 14:00:00+05:30,483.39,27.94
2021-10-25 15:00:00+05:30,355.64,27.92
2021-10-25 16:00:00+05:30,266.31,27.75
2021-10-25 17:00:00+05:30,106.41,27.47
2021-10-25 18:00:00+05:30,9.94,26.5
2021-10-25 19:00:00+05:30,0.0,24.88
2021-10-25 20:00:00+05:30,0.0,23.4
2021-10-25 21:00:00+05:30,0.0,22.02
2021-10-25 22:00:00+05:30,0.0,21.1
2021-10-25 23:00:00+05:30,0.0,20.28
2021-10-26 00:00:00+05:30,0.0,20.46
2021-10-26 01:00:00+05:30,0.0,21.55
2021-10-26 02:00:00+05:30,0.0,21.15
2021-10-26 03:00:00+05:30,0.0,20.84
2021-10-26 04:00:00+05:30,0.0,20.53
2021-10-26 05:00:00+05:30,0.0,20.26
2021-10-26 06:00:00+05:30,0.0,20.01
2021-10-26 07:00:00+05:30,33.13,19.13
2021-10-26 08:00:00+05:30,183.31,19.28
2021-10-26 09:00:00+05:30,358.14,22.37
2021-10-26 10:00:00+05:30,516.83,24.05
2021-10-26 11:00:00+05:30,615.78,25.52
2021-10-26 12:00:00+05:30,695.93,26.69
2021-10-26 13:00:00+05:30,632.12,27.5
2021-10-26 14:00:00+05:30,546.54,27.91
2021-10-26 15:00:00+05:30,399.14,28.05
2021-10-26 16:00:00+05:30,247.38,27.83
2021-10-26 17:00:00+05:30,97.66,27.31
2021-10-26 18:00:00+05:30,8.57,26.09
2021-10-26 19:00:00+05:30,0.0,24.76
2021-10-26 20:00:00+05:30,0.0,23.2
2021-10-26 21:00:00+05:30,0.0,21.91
2021-10-26 22:00:00+05:30,0.0,20.9
2021-10-26 23:00:00+05:30,0.0,20.32
2021-10-27 00:00:00+05:30,0.0,19.67
2021-10-27 01:00:00+05:30,0.0,19.63
2021-10-27 02:00:00+05:30,0.0,18.96
2021-10-27 03:00:00+05:30,0.0,18.55
2021-10-27 04:00:00+05:30,0.0,18.26
2021-10-27 05:00:00+05:30,0.0,17.94
2021-10-27 06:00:00+05:30,0.0,17.56
2021-10-27 07:00:00+05:30,26.5,16.93
2021-10-27 08:00:00+05:30,194.19,17.6
2021-10-27 09:00:00+05:30,381.28,21.58
2021-10-27 10:00:00+05:30,545.0,23.67
2021-10-27 11:00:00+05:30,662.73,25.4
2021-10-27 12:00:00+05:30,723.83,26.61
2021-10-27 13:00:00+05:30,709.38,27.48
2021-10-27 14:00:00+05:30,628.7,28.01
2021-10-27 15:00:00+05:30,490.54,28.33
2021-10-27 16:00:00+05:30,305.62,28.37
2021-10-27 17:00:00+05:30,120.71,27.93
2021-10-27 18:00:00+05:30,9.35,26.4
2021-10-27 19:00:00+05:30,0.0,24.56
2021-10-27 20:00:00+05:30,0.0,23.38
2021-10-27 21:00:00+05:30,0.0,22.57
2021-10-27 22:00:00+05:30,0.0,22.01
2021-10-27 23:00:00+05:30,0.0,21.44
2021-10-28 00:00:00+05:30,0.0,20.85
2021-10-28 01:00:00+05:30,0.0,20.17
2021-10-28 02:00:00+05:30,0.0,19.78
2021-10-28 03:00:00+05:30,0.0,19.41
2021-10-28 04:00:00+05:30,0.0,18.8
2021-10-28 05:00:00+05:30,0.0,18.3
2021-10-28 06:00:00+05:30,0.0,17.79
2021-10-28 07:00:00+05:30,26.62,17.14
2021-10-28 08:00:00+05:30,198.91,17.95
2021-10-28 09:00:00+05:30,385.38,22.01
2021-10-28 10:00:00+05:30,551.12,24.15
2021-10-28 11:00:00+05:30,656.16,25.94
2021-10-28 12:00:00+05:30,683.62,26.94
2021-10-28 13:00:00+05:30,641.3,27.5
2021-10-28 14:00:00+05:30,511.39,28.16
2021-10-28 15:00:00+05:30,363.81,28.31
2021-10-28 16:00:00+05:30,199.51,27.97
2021-10-28 17:00:00+05:30,84.48,27.18
2021-10-28 18:00:00+05:30,8.14,26.09
2021-10-28 19:00:00+05:30,0.0,24.85
2021-10-28 20:00:00+05:30,0.0,23.88
2021-10-28 21:00:00+05:30,0.0,23.19
2021-10-28 22:00:00+05:30,0.0,22.38
2021-10-28 23:00:00+05:30,0.0,21.69
2021-10-29 00:00:00+05:30,0.0,20.93
2021-10-29 01:00:00+05:30,0.0,20.26
2021-10-29 02:00:00+05:30,0.0,19.63
2021-10-29 03:00:00+05:30,0.0,19.13
2021-10-29 04:00:00+05:30,0.0,18.56
2021-10-29 05:00:00+05:30,0.0,17.94
2021-10-29 06:00:00+05:30,0.0,17.3
2021-10-29 07:00:00+05:30,25.12,16.69
2021-10-29 08:00:00+05:30,195.26,17.4
2021-10-29 09:00:00+05:30,380.91,21.29
2021-10-29 10:00:00+05:30,545.69,23.38
2021-10-29 11:00:00+05:30,658.68,25.25
2021-10-29 12:00:00+05:30,718.79,26.55
2021-10-29 13:00:00+05:30,703.84,27.38
2021-10-29 14:00:00+05:30,622.43,27.95
2021-10-29 15:00:00+05:30,484.39,28.23
2021-10-29 16:00:00+05:30,305.6,28.2
2021-10-29 17:00:00+05:30,118.41,27.72
2021-10-29 18:00:00+05:30,0.0,26.13
2021-10-29 19:00:00+05:30,0.0,24.2
2021-10-29 20:00:00+05:30,0.0,22.88
2021-10-29 21:00:00+05:30,0.0,21.97
2021-10-29 22:00:00+05:30,0.0,21.33
2021-10-29 23:00:00+05:30,0.0,20.72
2021-10-30 00:00:00+05:30,0.0,20.13
2021-10-30 01:00:00+05:30,0.0,19.6
2021-10-30 02:00:00+05:30,0.0,19.07
2021-10-30 03:00:00+05:30,0.0,18.59
2021-10-30 04:00:00+05:30,0.0,18.14
2021-10-30 05:00:00+05:30,0.0,17.77
2021-10-30 06:00:00+05:30,0.0,17.48
2021-10-30 07:00:00+05:30,24.09,17.21
2021-10-30 08:00:00+05:30,184.31,17.85
2021-10-30 09:00:00+05:30,367.22,20.85
2021-10-30 10:00:00+05:30,518.92,22.98
2021-10-30 11:00:00+05:30,625.23,24.9
2021-10-30 12:00:00+05:30,687.4,26.42
2021-10-30 13:00:00+05:30,672.48,27.47
2021-10-30 14:00:00+05:30,593.93,28.31
2021-10-30 15:00:00+05:30,459.47,28.8
2021-10-30 16:00:00+05:30,287.41,28.9
2021-10-30 17:00:00+05:30,110.49,28.55
2021-10-30 18:00:00+05:30,0.0,27.46
2021-10-30 19:00:00+05:30,0.0,25.82
2021-10-30 20:00:00+05:30,0.0,24.27
2021-10-30 21:00:00+05:30,0.0,23.09
2021-10-30 22:00:00+05:30,0.0,22.29
2021-10-30 23:00:00+05:30,0.0,21.54
2021-10-31 00:00:00+05:30,0.0,20.73
2021-10-31 01:00:00+05:30,0.0,20.27
2021-10-31 02:00:00+05:30,0.0,19.77
2021-10-31 03:00:00+05:30,0.0,19.14
2021-10-31 04:00:00+05:30,0.0,18.56
2021-10-31 05:00:00+05:30,0.0,18.15
2021-10-31 06:00:00+05:30,0.0,17.95
2021-10-31 07:00:00+05:30,22.18,17.76
2021-10-31 08:00:00+05:30,174.01,18.53
2021-10-31 09:00:00+05:30,350.76,21.96
2021-10-31 10:00:00+05:30,514.1,23.86
2021-10-31 11:00:00+05:30,623.69,25.75
2021-10-31 12:00:00+05:30,672.48,27.19
2021-10-31 13:00:00+05:30,660.21,28.24
2021-10-31 14:00:00+05:30,507.21,29.12
2021-10-31 15:00:00+05:30,361.13,29.33
2021-10-31 16:00:00+05:30,216.78,29.35
2021-10-31 17:00:00+05:30,82.17,29.06
2021-10-31 18:00:00+05:30,0.0,28.15
2021-10-31 19:00:00+05:30,0.0,26.67
2021-10-31 20:00:00+05:30,0.0,25.3
2021-10-31 21:00:00+05:30,0.0,24.94
2021-10-31 22:00:00+05:30,0.0,23.72
2021-10-31 23:00:00+05:30,0.0,22.02
2021-11-01 00:00:00+05:30,0.0,21.33
2021-11-01 01:00:00+05:30,0.0,21.02
2021-11-01 02:00:00+05:30,0.0,20.46
2021-11-01 03:00:00+05:30,0.0,19.85
2021-11-01 04:00:00+05:30,0.0,19.43
2021-11-01 05:00:00+05:30,0.0,19.28
2021-11-01 06:00:00+05:30,0.0,19.13
2021-11-01 07:00:00+05:30,21.03,18.88
2021-11-01 08:00:00+05:30,178.93,19.64
2021-11-01 09:00:00+05:30,359.4,23.1
2021-11-01 10:00:00+05:30,517.79,25.0
2021-11-01 11:00:00+05:30,608.48,26.79
2021-11-01 12:00:00+05:30,643.55,28.15
2021-11-01 13:00:00+05:30,568.53,28.9
2021-11-01 14:00:00+05:30,500.36,29.13
2021-11-01 15:00:00+05:30,378.23,29.34
2021-11-01 16:00:00+05:30,222.0,29.21
2021-11-01 17:00:00+05:30,85.04,28.72
2021-11-01 18:00:00+05:30,0.0,27.9
2021-11-01 19:00:00+05:30,0.0,26.41
2021-11-01 20:00:00+05:30,0.0,25.51
2021-11-01 21:00:00+05:30,0.0,24.35
2021-11-01 22:00:00+05:30,0.0,23.06
2021-11-01 23:00:00+05:30,0.0,22.62
2021-11-02 00:00:00+05:30,0.0,21.23
2021-11-02 01:00:00+05:30,0.0,20.98
2021-11-02 02:00:00+05:30,0.0,20.21
2021-11-02 03:00:00+05:30,0.0,19.73
2021-11-02 04:00:00+05:30,0.0,19.5
2021-11-02 05:00:00+05:30,0.0,19.27
2021-11-02 06:00:00+05:30,0.0,19.32
2021-11-02 07:00:00+05:30,27.17,19.31
2021-11-02 08:00:00+05:30,172.42,20.26
2021-11-02 09:00:00+05:30,345.19,22.71
2021-11-02 10:00:00+05:30,508.87,24.75
2021-11-02 11:00:00+05:30,623.38,26.51
2021-11-02 12:00:00+05:30,622.36,28.0
2021-11-02 13:00:00+05:30,522.43,28.77
2021-11-02 14:00:00+05:30,528.4,29.14
2021-11-02 15:00:00+05:30,340.93,29.6
2021-11-02 16:00:00+05:30,241.06,29.44
2021-11-02 17:00:00+05:30,90.04,29.21
2021-11-02 18:00:00+05:30,0.0,28.24
2021-11-02 19:00:00+05:30,0.0,26.77
2021-11-02 20:00:00+05:30,0.0,25.39
2021-11-02 21:00:00+05:30,0.0,24.39
2021-11-02 22:00:00+05:30,0.0,24.24
2021-11-02 23:00:00+05:30,0.0,23.85
2021-11-03 00:00:00+05:30,0.0,23.17
2021-11-03 01:00:00+05:30,0.0,22.52
2021-11-03 02:00:00+05:30,0.0,21.94
2021-11-03 03:00:00+05:30,0.0,21.44
2021-11-03 04:00:00+05:30,0.0,20.94
2021-11-03 05:00:00+05:30,0.0,20.77
2021-11-03 06:00:00+05:30,0.0,20.38
2021-11-03 07:00:00+05:30,22.07,20.09
2021-11-03 08:00:00+05:30,163.99,20.57
2021-11-03 09:00:00+05:30,327.87,22.73
2021-11-03 10:00:00+05:30,474.82,24.73
2021-11-03 11:00:00+05:30,589.77,26.38
2021-11-03 12:00:00+05:30,653.06,27.83
2021-11-03 13:00:00+05:30,560.17,28.87
2021-11-03 14:00:00+05:30,549.61,29.21
2021-11-03 15:00:00+05:30,382.04,29.66
2021-11-03 16:00:00+05:30,228.57,29.52
2021-11-03 17:00:00+05:30,85.77,29.14
2021-11-03 18:00:00+05:30,0.0,28.35
2021-11-03 19:00:00+05:30,0.0,27.08
2021-11-03 20:00:00+05:30,0.0,25.48
2021-11-03 21:00:00+05:30,0.0,24.62
2021-11-03 22:00:00+05:30,0.0,24.02
2021-11-03 23:00:00+05:30,0.0,23.72
2021-11-04 00:00:00+05:30,0.0,22.96
2021-11-04 01:00:00+05:30,0.0,22.71
2021-11-04 02:00:00+05:30,0.0,21.93
2021-11-04 03:00:00+05:30,0.0,21.54
2021-11-04 04:00:00+05:30,0.0,21.13
2021-11-04 05:00:00+05:30,0.0,20.9
2021-11-04 06:00:00+05:30,0.0,20.54
2021-11-04 07:00:00+05:30,21.46,20.28
2021-11-04 08:00:00+05:30,152.07,20.79
2021-11-04 09:00:00+05:30,306.97,23.0
2021-11-04 10:00:00+05:30,453.34,24.74
2021-11-04 11:00:00+05:30,540.77,26.43
2021-11-04 12:00:00+05:30,567.11,27.46
2021-11-04 13:00:00+05:30,530.44,28.46
2021-11-04 14:00:00+05:30,344.07,28.88
2021-11-04 15:00:00+05:30,306.78,28.66
2021-11-04 16:00:00+05:30,197.24,27.88
2021-11-04 17:00:00+05:30,75.42,27.56
2021-11-04 18:00:00+05:30,0.0,26.56
2021-11-04 19:00:00+05:30,0.0,24.69
2021-11-04 20:00:00+05:30,0.0,22.9
2021-11-04 21:00:00+05:30,0.0,22.44
2021-11-04 22:00:00+05:30,0.0,22.01
2021-11-04 23:00:00+05:30,0.0,21.79
2021-11-05 00:00:00+05:30,0.0,21.46
2021-11-05 01:00:00+05:30,0.0,21.75
2021-11-05 02:00:00+05:30,0.0,21.33
2021-11-05 03:00:00+05:30,0.0,20.87
2021-11-05 04:00:00+05:30,0.0,20.43
2021-11-05 05:00:00+05:30,0.0,20.15
2021-11-05 06:00:00+05:30,0.0,20.0
2021-11-05 07:00:00+05:30,23.6,19.82
2021-11-05 08:00:00+05:30,152.41,20.63
2021-11-05 09:00:00+05:30,327.21,23.14
2021-11-05 10:00:00+05:30,444.73,24.97
2021-11-05 11:00:00+05:30,542.93,26.5
2021-11-05 12:00:00+05:30,565.19,27.4
2021-11-05 13:00:00+05:30,551.15,28.11
2021-11-05 14:00:00+05:30,448.71,28.52
2021-11-05 15:00:00+05:30,363.88,28.79
2021-11-05 16:00:00+05:30,173.37,28.51
2021-11-05 17:00:00+05:30,83.24,28.22
2021-11-05 18:00:00+05:30,0.0,25.69
2021-11-05 19:00:00+05:30,0.0,24.11
2021-11-05 20:00:00+05:30,0.0,22.97
2021-11-05 21:00:00+05:30,0.0,22.35
2021-11-05 22:00:00+05:30,0.0,21.89
2021-11-05 23:00:00+05:30,0.0,21.66
2021-11-06 00:00:00+05:30,0.0,21.36
2021-11-06 01:00:00+05:30,0.0,21.73
2021-11-06 02:00:00+05:30,0.0,21.52
2021-11-06 03:00:00+05:30,0.0,21.58
2021-11-06 04:00:00+05:30,0.0,21.6
2021-11-06 05:00:00+05:30,0.0,21.43
2021-11-06 06:00:00+05:30,0.0,21.13
2021-11-06 07:00:00+05:30,24.31,20.98
2021-11-06 08:00:00+05:30,153.4,21.5
2021-11-06 09:00:00+05:30,311.5,23.28
2021-11-06 10:00:00+05:30,455.8,24.96
2021-11-06 11:00:00+05:30,522.78,26.46
2021-11-06 12:00:00+05:30,604.48,27.5
2021-11-06 13:00:00+05:30,513.99,27.95
2021-11-06 14:00:00+05:30,441.41,28.12
2021-11-06 15:00:00+05:30,253.26,28.18
2021-11-06 16:00:00+05:30,156.48,27.81
2021-11-06 17:00:00+05:30,52.63,27.08
2021-11-06 18:00:00+05:30,0.0,26.01
2021-11-06 19:00:00+05:30,0.0,23.66
2021-11-06 20:00:00+05:30,0.0,22.52
2021-11-06 21:00:00+05:30,0.0,21.95
2021-11-06 22:00:00+05:30,0.0,21.72
2021-11-06 23:00:00+05:30,0.0,21.45
2021-11-07 00:00:00+05:30,0.0,20.91
2021-11-07 01:00:00+05:30,0.0,21.18
2021-11-07 02:00:00+05:30,0.0,21.07
2021-11-07 03:00:00+05:30,0.0,21.24
2021-11-07 04:00:00+05:30,0.0,20.88
2021-11-07 05:00:00+05:30,0.0,20.56
2021-11-07 06:00:00+05:30,0.0,20.24
2021-11-07 07:00:00+05:30,21.53,19.95
2021-11-07 08:00:00+05:30,156.84,20.42
2021-11-07 09:00:00+05:30,306.11,22.28
2021-11-07 10:00:00+05:30,458.27,24.03
2021-11-07 11:00:00+05:30,551.82,25.69
2021-11-07 12:00:00+05:30,590.83,26.89
2021-11-07 13:00:00+05:30,539.74,27.31
2021-11-07 14:00:00+05:30,468.96,27.75
2021-11-07 15:00:00+05:30,398.42,28.05
2021-11-07 16:00:00+05:30,236.37,28.24
2021-11-07 17:00:00+05:30,90.19,27.94
2021-11-07 18:00:00+05:30,0.0,26.91
2021-11-07 19:00:00+05:30,0.0,25.51
2021-11-07 20:00:00+05:30,0.0,24.5
2021-11-07 21:00:00+05:30,0.0,23.77
2021-11-07 22:00:00+05:30,0.0,22.89
2021-11-07 23:00:00+05:30,0.0,22.44
2021-11-08 00:00:00+05:30,0.0,21.94
2021-11-08 01:00:00+05:30,0.0,20.82
2021-11-08 02:00:00+05:30,0.0,20.23
2021-11-08 03:00:00+05:30,0.0,19.67
2021-11-08 04:00:00+05:30,0.0,19.12
2021-11-08 05:00:00+05:30,0.0,18.62
2021-11-08 06:00:00+05:30,0.0,18.18
2021-11-08 07:00:00+05:30,22.12,17.81
2021-11-08 08:00:00+05:30,164.53,18.29
2021-11-08 09:00:00+05:30,341.94,21.1
2021-11-08 10:00:00+05:30,498.36,23.21
2021-11-08 11:00:00+05:30,608.68,25.02
2021-11-08 12:00:00+05:30,599.87,26.28
2021-11-08 13:00:00+05:30,618.04,26.61
2021-11-08 14:00:00+05:30,567.13,27.29
2021-11-08 15:00:00+05:30,434.33,27.69
2021-11-08 16:00:00+05:30,267.07,27.72
2021-11-08 17:00:00+05:30,93.83,27.33
2021-11-08 18:00:00+05:30,0.0,26.18
2021-11-08 19:00:00+05:30,0.0,24.48
2021-11-08 20:00:00+05:30,0.0,22.6
2021-11-08 21:00:00+05:30,0.0,21.21
2021-11-08 22:00:00+05:30,0.0,20.1
2021-11-08 23:00:00+05:30,0.0,19.3
2021-11-09 00:00:00+05:30,0.0,18.65
2021-11-09 01:00:00+05:30,0.0,18.04
2021-11-09 02:00:00+05:30,0.0,17.54
2021-11-09 03:00:00+05:30,0.0,17.05
2021-11-09 04:00:00+05:30,0.0,16.6
2021-11-09 05:00:00+05:30,0.0,16.25
2021-11-09 06:00:00+05:30,0.0,15.98
2021-11-09 07:00:00+05:30,28.5,15.66
2021-11-09 08:00:00+05:30,155.88,16.17
2021-11-09 09:00:00+05:30,320.33,19.94
2021-11-09 10:00:00+05:30,487.85,22.28
2021-11-09 11:00:00+05:30,603.52,24.28
2021-11-09 12:00:00+05:30,669.93,25.79
2021-11-09 13:00:00+05:30,657.3,26.58
2021-11-09 14:00:00+05:30,578.99,27.36
2021-11-09 15:00:00+05:30,444.87,27.85
2021-11-09 16:00:00+05:30,271.86,27.97
2021-11-09 17:00:00+05:30,93.78,27.58
2021-11-09 18:00:00+05:30,0.0,26.02
2021-11-09 19:00:00+05:30,0.0,24.06
2021-11-09 20:00:00+05:30,0.0,22.39
2021-11-09 21:00:00+05:30,0.0,21.07
2021-11-09 22:00:00+05:30,0.0,20.04
2021-11-09 23:00:00+05:30,0.0,19.25
2021-11-10 00:00:00+05:30,0.0,18.51
2021-11-10 01:00:00+05:30,0.0,17.55
2021-11-10 02:00:00+05:30,0.0,16.93
2021-11-10 03:00:00+05:30,0.0,16.41
2021-11-10 04:00:00+05:30,0.0,15.95
2021-11-10 05:00:00+05:30,0.0,15.49
2021-11-10 06:00:00+05:30,0.0,15.09
2021-11-10 07:00:00+05:30,22.36,14.87
2021-11-10 08:00:00+05:30,163.67,15.44
2021-11-10 09:00:00+05:30,341.94,19.98
2021-11-10 10:00:00+05:30,497.96,22.4
2021-11-10 11:00:00+05:30,613.35,24.41
2021-11-10 12:00:00+05:30,666.02,25.85
2021-11-10 13:00:00+05:30,653.0,26.55
2021-11-10 14:00:00+05:30,574.91,27.29
2021-11-10 15:00:00+05:30,441.15,27.66
2021-11-10 16:00:00+05:30,268.92,27.65
2021-11-10 17:00:00+05:30,92.15,27.22
2021-11-10 18:00:00+05:30,0.0,25.87
2021-11-10 19:00:00+05:30,0.0,24.03
2021-11-10 20:00:00+05:30,0.0,22.01
2021-11-10 21:00:00+05:30,0.0,20.62
2021-11-10 22:00:00+05:30,0.0,19.55
2021-11-10 23:00:00+05:30,0.0,18.57
2021-11-11 00:00:00+05:30,0.0,18.28
2021-11-11 01:00:00+05:30,0.0,17.25
2021-11-11 02:00:00+05:30,0.0,16.93
2021-11-11 03:00:00+05:30,0.0,16.0
2021-11-11 04:00:00+05:30,0.0,15.32
2021-11-11 05:00:00+05:30,0.0,14.85
2021-11-11 06:00:00+05:30,0.0,14.97
2021-11-11 07:00:00+05:30,28.06,15.17
2021-11-11 08:00:00+05:30,156.17,15.37
2021-11-11 09:00:00+05:30,319.74,19.37
2021-11-11 10:00:00+05:30,457.22,21.93
2021-11-11 11:00:00+05:30,567.02,23.83
2021-11-11 12:00:00+05:30,641.05,25.4
2021-11-11 13:00:00+05:30,645.15,26.69
2021-11-11 14:00:00+05:30,566.46,27.63
2021-11-11 15:00:00+05:30,431.12,28.11
2021-11-11 16:00:00+05:30,254.05,28.16
2021-11-11 17:00:00+05:30,91.87,27.55
2021-11-11 18:00:00+05:30,0.0,25.78
2021-11-11 19:00:00+05:30,0.0,24.14
2021-11-11 20:00:00+05:30,0.0,22.99
2021-11-11 21:00:00+05:30,0.0,22.16
2021-11-11 22:00:00+05:30,0.0,21.53
2021-11-11 23:00:00+05:30,0.0,20.92
2021-11-12 00:00:00+05:30,0.0,20.35
2021-11-12 01:00:00+05:30,0.0,19.68
2021-11-12 02:00:00+05:30,0.0,18.96
2021-11-12 03:00:00+05:30,0.0,18.18
2021-11-12 04:00:00+05:30,0.0,17.36
2021-11-12 05:00:00+05:30,0.0,17.1
2021-11-12 06:00:00+05:30,0.0,16.67
2021-11-12 07:00:00+05:30,25.67,16.13
2021-11-12 08:00:00+05:30,146.61,16.61
2021-11-12 09:00:00+05:30,307.88,20.31
2021-11-12 10:00:00+05:30,474.53,22.49
2021-11-12 11:00:00+05:30,573.66,24.64
2021-11-12 12:00:00+05:30,640.82,26.28
2021-11-12 13:00:00+05:30,625.54,27.47
2021-11-12 14:00:00+05:30,542.31,28.4
2021-11-12 15:00:00+05:30,416.92,28.86
2021-11-12 16:00:00+05:30,251.43,29.02
2021-11-12 17:00:00+05:30,85.09,28.66
2021-11-12 18:00:00+05:30,0.0,27.35
2021-11-12 19:00:00+05:30,0.0,25.79
2021-11-12 20:00:00+05:30,0.0,24.65
2021-11-12 21:00:00+05:30,0.0,23.75
2021-11-12 22:00:00+05:30,0.0,23.35
2021-11-12 23:00:00+05:30,0.0,23.28
2021-11-13 00:00:00+05:30,0.0,23.14
2021-11-13 01:00:00+05:30,0.0,22.18
2021-11-13 02:00:00+05:30,0.0,21.47
2021-11-13 03:00:00+05:30,0.0,20.97
2021-11-13 04:00:00+05:30,0.0,20.51
2021-11-13 05:00:00+05:30,0.0,20.24
2021-11-13 06:00:00+05:30,0.0,19.79
2021-11-13 07:00:00+05:30,23.14,19.41
2021-11-13 08:00:00+05:30,144.56,19.68
2021-11-13 09:00:00+05:30,312.16,22.55
2021-11-13 10:00:00+05:30,464.41,24.53
2021-11-13 11:00:00+05:30,570.53,26.34
2021-11-13 12:00:00+05:30,567.67,27.85
2021-11-13 13:00:00+05:30,498.83,29.13
2021-11-13 14:00:00+05:30,355.95,29.77
2021-11-13 15:00:00+05:30,305.97,29.71
2021-11-13 16:00:00+05:30,183.59,29.73
2021-11-13 17:00:00+05:30,70.67,29.2
2021-11-13 18:00:00+05:30,0.0,28.18
2021-11-13 19:00:00+05:30,0.0,26.85
2021-11-13 20:00:00+05:30,0.0,25.9
2021-11-13 21:00:00+05:30,0.0,25.17
2021-11-13 22:00:00+05:30,0.0,24.82
2021-11-13 23:00:00+05:30,0.0,24.07
2021-11-14 00:00:00+05:30,0.0,23.65
2021-11-14 01:00:00+05:30,0.0,23.29
2021-11-14 02:00:00+05:30,0.0,23.01
2021-11-14 03:00:00+05:30,0.0,22.8
2021-11-14 04:00:00+05:30,0.0,22.47
2021-11-14 05:00:00+05:30,0.0,21.97
2021-11-14 06:00:00+05:30,0.0,21.67
2021-11-14 07:00:00+05:30,20.36,21.39
2021-11-14 08:00:00+05:30,135.43,21.77
2021-11-14 09:00:00+05:30,284.04,23.62
2021-11-14 10:00:00+05:30,378.98,25.43
2021-11-14 11:00:00+05:30,421.0,26.92
2021-11-14 12:00:00+05:30,377.93,28.04
2021-11-14 13:00:00+05:30,360.26,28.43
2021-11-14 14:00:00+05:30,337.21,28.62
2021-11-14 15:00:00+05:30,303.33,28.52
2021-11-14 16:00:00+05:30,192.94,28.59
2021-11-14 17:00:00+05:30,66.06,28.52
2021-11-14 18:00:00+05:30,0.0,27.84
2021-11-14 19:00:00+05:30,0.0,26.8
2021-11-14 20:00:00+05:30,0.0,25.76
2021-11-14 21:00:00+05:30,0.0,24.76
2021-11-14 22:00:00+05:30,0.0,23.98
2021-11-14 23:00:00+05:30,0.0,23.41
2021-11-15 00:00:00+05:30,0.0,23.46
2021-11-15 01:00:00+05:30,0.0,23.62
2021-11-15 02:00:00+05:30,0.0,22.78
2021-11-15 03:00:00+05:30,0.0,21.71
2021-11-15 04:00:00+05:30,0.0,21.22
2021-11-15 05:00:00+05:30,0.0,21.13
2021-11-15 06:00:00+05:30,0.0,20.88
2021-11-15 07:00:00+05:30,20.9,20.64
2021-11-15 08:00:00+05:30,138.86,21.01
2021-11-15 09:00:00+05:30,299.47,23.57
2021-11-15 10:00:00+05:30,417.37,25.75
2021-11-15 11:00:00+05:30,446.46,27.05
2021-11-15 12:00:00+05:30,506.08,27.82
2021-11-15 13:00:00+05:30,408.95,28.52
2021-11-15 14:00:00+05:30,322.88,28.85
2021-11-15 15:00:00+05:30,273.17,28.71
2021-11-15 16:00:00+05:30,142.27,28.54
2021-11-15 17:00:00+05:30,63.5,27.82
2021-11-15 18:00:00+05:30,0.0,26.79
2021-11-15 19:00:00+05:30,0.0,25.9
2021-11-15 20:00:00+05:30,0.0,25.01
2021-11-15 21:00:00+05:30,0.0,24.23
2021-11-15 22:00:00+05:30,0.0,23.77
2021-11-15 23:00:00+05:30,0.0,23.3
2021-11-16 00:00:00+05:30,0.0,23.32
2021-11-16 01:00:00+05:30,0.0,23.57
2021-11-16 02:00:00+05:30,0.0,23.51
2021-11-16 03:00:00+05:30,0.0,23.27
2021-11-16 04:00:00+05:30,0.0,22.96
2021-11-16 05:00:00+05:30,0.0,22.82
2021-11-16 06:00:00+05:30,0.0,22.46
2021-11-16 07:00:00+05:30,22.51,22.04
2021-11-16 08:00:00+05:30,133.31,22.33
2021-11-16 09:00:00+05:30,274.27,23.89
2021-11-16 10:00:00+05:30,365.48,25.62
2021-11-16 11:00:00+05:30,469.36,27.05
2021-11-16 12:00:00+05:30,446.19,28.49
2021-11-16 13:00:00+05:30,476.4,29.22
2021-11-16 14:00:00+05:30,342.47,29.62
2021-11-16 15:00:00+05:30,317.37,28.95
2021-11-16 16:00:00+05:30,166.4,29.21
2021-11-16 17:00:00+05:30,51.37,27.91
2021-11-16 18:00:00+05:30,0.0,26.15
2021-11-16 19:00:00+05:30,0.0,25.29
2021-11-16 20:00:00+05:30,0.0,24.5
2021-11-16 21:00:00+05:30,0.0,23.83
2021-11-16 22:00:00+05:30,0.0,23.37
2021-11-16 23:00:00+05:30,0.0,23.08
2021-11-17 00:00:00+05:30,0.0,22.77
2021-11-17 01:00:00+05:30,0.0,22.48
2021-11-17 02:00:00+05:30,0.0,22.35
2021-11-17 03:00:00+05:30,0.0,22.14
2021-11-17 04:00:00+05:30,0.0,21.86
2021-11-17 05:00:00+05:30,0.0,21.71
2021-11-17 06:00:00+05:30,0.0,21.57
2021-11-17 07:00:00+05:30,16.91,21.53
2021-11-17 08:00:00+05:30,98.84,21.76
2021-11-17 09:00:00+05:30,197.75,22.73
2021-11-17 10:00:00+05:30,275.51,24.22
2021-11-17 11:00:00+05:30,354.33,25.47
2021-11-17 12:00:00+05:30,436.17,26.4
2021-11-17 13:00:00+05:30,516.1,27.35
2021-11-17 14:00:00+05:30,402.94,28.31
2021-11-17 15:00:00+05:30,261.5,27.08
2021-11-17 16:00:00+05:30,139.07,26.74
2021-11-17 17:00:00+05:30,57.19,26.3
2021-11-17 18:00:00+05:30,0.0,25.12
2021-11-17 19:00:00+05:30,0.0,24.05
2021-11-17 20:00:00+05:30,0.0,23.36
2021-11-17 21:00:00+05:30,0.0,22.83
2021-11-17 22:00:00+05:30,0.0,22.35
2021-11-17 23:00:00+05:30,0.0,22.05
2021-11-18 00:00:00+05:30,0.0,21.83
2021-11-18 01:00:00+05:30,0.0,22.05
2021-11-18 02:00:00+05:30,0.0,21.88
2021-11-18 03:00:00+05:30,0.0,21.63
2021-11-18 04:00:00+05:30,0.0,21.38
2021-11-18 05:00:00+05:30,0.0,21.16
2021-11-18 06:00:00+05:30,0.0,21.16
2021-11-18 07:00:00+05:30,10.82,21.34
2021-11-18 08:00:00+05:30,88.43,21.68
2021-11-18 09:00:00+05:30,199.27,22.65
2021-11-18 10:00:00+05:30,373.72,24.12
2021-11-18 11:00:00+05:30,392.07,25.86
2021-11-18 12:00:00+05:30,452.53,26.82
2021-11-18 13:00:00+05:30,544.23,27.52
2021-11-18 14:00:00+05:30,440.0,28.38
2021-11-18 15:00:00+05:30,295.1,28.36
2021-11-18 16:00:00+05:30,150.67,27.29
2021-11-18 17:00:00+05:30,58.5,26.37
2021-11-18 18:00:00+05:30,0.0,25.32
2021-11-18 19:00:00+05:30,0.0,24.09
2021-11-18 20:00:00+05:30,0.0,23.4
2021-11-18 21:00:00+05:30,0.0,22.56
2021-11-18 22:00:00+05:30,0.0,21.97
2021-11-18 23:00:00+05:30,0.0,21.49
2021-11-19 00:00:00+05:30,0.0,21.05
2021-11-19 01:00:00+05:30,0.0,21.26
2021-11-19 02:00:00+05:30,0.0,21.04
2021-11-19 03:00:00+05:30,0.0,20.86
2021-11-19 04:00:00+05:30,0.0,20.38
2021-11-19 05:00:00+05:30,0.0,20.44
2021-11-19 06:00:00+05:30,0.0,20.6
2021-11-19 07:00:00+05:30,15.15,20.61
2021-11-19 08:00:00+05:30,107.81,20.97
2021-11-19 09:00:00+05:30,266.28,22.65
2021-11-19 10:00:00+05:30,380.05,24.54
2021-11-19 11:00:00+05:30,509.44,26.09
2021-11-19 12:00:00+05:30,442.71,27.37
2021-11-19 13:00:00+05:30,514.01,27.74
2021-11-19 14:00:00+05:30,374.71,28.43
2021-11-19 15:00:00+05:30,315.74,28.2
2021-11-19 16:00:00+05:30,182.86,27.92
2021-11-19 17:00:00+05:30,58.73,27.48
2021-11-19 18:00:00+05:30,0.0,26.59
2021-11-19 19:00:00+05:30,0.0,25.68
2021-11-19 20:00:00+05:30,0.0,24.86
2021-11-19 21:00:00+05:30,0.0,23.96
2021-11-19 22:00:00+05:30,0.0,23.39
2021-11-19 23:00:00+05:30,0.0,22.73
2021-11-20 00:00:00+05:30,0.0,22.54
2021-11-20 01:00:00+05:30,0.0,22.46
2021-11-20 02:00:00+05:30,0.0,22.11
2021-11-20 03:00:00+05:30,0.0,22.02
2021-11-20 04:00:00+05:30,0.0,21.91
2021-11-20 05:00:00+05:30,0.0,21.69
2021-11-20 06:00:00+05:30,0.0,21.48
2021-11-20 07:00:00+05:30,15.3,21.33
2021-11-20 08:00:00+05:30,102.42,21.75
2021-11-20 09:00:00+05:30,203.63,23.02
2021-11-20 10:00:00+05:30,226.67,24.24
2021-11-20 11:00:00+05:30,283.92,25.17
2021-11-20 12:00:00+05:30,417.25,25.93
2021-11-20 13:00:00+05:30,460.9,26.86
2021-11-20 14:00:00+05:30,419.18,27.37
2021-11-20 15:00:00+05:30,295.36,27.81
2021-11-20 16:00:00+05:30,133.48,27.67
2021-11-20 17:00:00+05:30,61.25,26.98
2021-11-20 18:00:00+05:30,0.0,26.46
2021-11-20 19:00:00+05:30,0.0,25.46
2021-11-20 20:00:00+05:30,0.0,24.64
2021-11-20 21:00:00+05:30,0.0,24.2
2021-11-20 22:00:00+05:30,0.0,23.9
2021-11-20 23:00:00+05:30,0.0,23.48
2021-11-21 00:00:00+05:30,0.0,23.17
2021-11-21 01:00:00+05:30,0.0,22.56
2021-11-21 02:00:00+05:30,0.0,22.39
2021-11-21 03:00:00+05:30,0.0,22.22
2021-11-21 04:00:00+05:30,0.0,22.11
2021-11-21 05:00:00+05:30,0.0,21.97
2021-11-21 06:00:00+05:30,0.0,21.97
2021-11-21 07:00:00+05:30,13.69,21.89
2021-11-21 08:00:00+05:30,73.35,22.02
2021-11-21 09:00:00+05:30,216.05,22.44
2021-11-21 10:00:00+05:30,271.75,24.1
2021-11-21 11:00:00+05:30,334.56,24.94
2021-11-21 12:00:00+05:30,304.15,25.88
2021-11-21 13:00:00+05:30,342.43,25.93
2021-11-21 14:00:00+05:30,313.9,26.47
2021-11-21 15:00:00+05:30,221.17,26.49
2021-11-21 16:00:00+05:30,162.88,26.44
2021-11-21 17:00:00+05:30,36.09,25.83
2021-11-21 18:00:00+05:30,0.0,24.95
2021-11-21 19:00:00+05:30,0.0,24.06
2021-11-21 20:00:00+05:30,0.0,23.05
2021-11-21 21:00:00+05:30,0.0,22.47
2021-11-21 22:00:00+05:30,0.0,21.99
2021-11-21 23:00:00+05:30,0.0,21.88
2021-11-22 00:00:00+05:30,0.0,21.75
2021-11-22 01:00:00+05:30,0.0,21.77
2021-11-22 02:00:00+05:30,0.0,21.59
2021-11-22 03:00:00+05:30,0.0,21.55
2021-11-22 04:00:00+05:30,0.0,21.43
2021-11-22 05:00:00+05:30,0.0,21.25
2021-11-22 06:00:00+05:30,0.0,21.01
2021-11-22 07:00:00+05:30,15.49,20.71
2021-11-22 08:00:00+05:30,103.89,20.95
2021-11-22 09:00:00+05:30,230.59,22.34
2021-11-22 10:00:00+05:30,335.11,23.99
2021-11-22 11:00:00+05:30,411.27,25.43
2021-11-22 12:00:00+05:30,344.6,26.41
2021-11-22 13:00:00+05:30,405.42,26.2
2021-11-22 14:00:00+05:30,301.65,26.58
2021-11-22 15:00:00+05:30,286.81,26.29
2021-11-22 16:00:00+05:30,188.49,26.11
2021-11-22 17:00:00+05:30,55.79,25.85
2021-11-22 18:00:00+05:30,0.0,24.93
2021-11-22 19:00:00+05:30,0.0,24.35
2021-11-22 20:00:00+05:30,0.0,23.67
2021-11-22 21:00:00+05:30,0.0,23.21
2021-11-22 22:00:00+05:30,0.0,22.9
2021-11-22 23:00:00+05:30,0.0,22.39
2021-11-23 00:00:00+05:30,0.0,21.92
2021-11-23 01:00:00+05:30,0.0,21.94
2021-11-23 02:00:00+05:30,0.0,21.85
2021-11-23 03:00:00+05:30,0.0,22.05
2021-11-23 04:00:00+05:30,0.0,21.88
2021-11-23 05:00:00+05:30,0.0,21.63
2021-11-23 06:00:00+05:30,0.0,21.19
2021-11-23 07:00:00+05:30,14.47,20.74
2021-11-23 08:00:00+05:30,117.18,20.97
2021-11-23 09:00:00+05:30,268.99,23.29
2021-11-23 10:00:00+05:30,400.93,24.89
2021-11-23 11:00:00+05:30,432.36,26.2
2021-11-23 12:00:00+05:30,469.48,27.12
2021-11-23 13:00:00+05:30,504.54,27.78
2021-11-23 14:00:00+05:30,481.68,28.3
2021-11-23 15:00:00+05:30,346.18,28.75
2021-11-23 16:00:00+05:30,178.71,28.67
2021-11-23 17:00:00+05:30,59.37,28.06
2021-11-23 18:00:00+05:30,0.0,26.26
2021-11-23 19:00:00+05:30,0.0,25.33
2021-11-23 20:00:00+05:30,0.0,24.1
2021-11-23 21:00:00+05:30,0.0,23.39
2021-11-23 22:00:00+05:30,0.0,22.9
2021-11-23 23:00:00+05:30,0.0,22.42
2021-11-24 00:00:00+05:30,0.0,22.51
2021-11-24 01:00:00+05:30,0.0,22.75
2021-11-24 02:00:00+05:30,0.0,22.29
2021-11-24 03:00:00+05:30,0.0,21.35
2021-11-24 04:00:00+05:30,0.0,20.91
2021-11-24 05:00:00+05:30,0.0,20.52
2021-11-24 06:00:00+05:30,0.0,20.38
2021-11-24 07:00:00+05:30,14.47,20.33
2021-11-24 08:00:00+05:30,111.46,20.75
2021-11-24 09:00:00+05:30,265.79,22.9
2021-11-24 10:00:00+05:30,381.58,24.67
2021-11-24 11:00:00+05:30,481.75,26.18
2021-11-24 12:00:00+05:30,501.09,27.46
2021-11-24 13:00:00+05:30,498.3,28.08
2021-11-24 14:00:00+05:30,393.43,28.61
2021-11-24 15:00:00+05:30,287.07,28.59
2021-11-24 16:00:00+05:30,194.77,28.38
2021-11-24 17:00:00+05:30,64.46,27.9
2021-11-24 18:00:00+05:30,0.0,27.02
2021-11-24 19:00:00+05:30,0.0,25.79
2021-11-24 20:00:00+05:30,0.0,24.7
2021-11-24 21:00:00+05:30,0.0,23.59
2021-11-24 22:00:00+05:30,0.0,22.69
2021-11-24 23:00:00+05:30,0.0,22.7
2021-11-25 00:00:00+05:30,0.0,22.38
2021-11-25 01:00:00+05:30,0.0,21.73
2021-11-25 02:00:00+05:30,0.0,21.15
2021-11-25 03:00:00+05:30,0.0,20.53
2021-11-25 04:00:00+05:30,0.0,20.09
2021-11-25 05:00:00+05:30,0.0,19.91
2021-11-25 06:00:00+05:30,0.0,19.67
2021-11-25 07:00:00+05:30,14.42,19.78
2021-11-25 08:00:00+05:30,113.59,20.18
2021-11-25 09:00:00+05:30,245.71,23.27
2021-11-25 10:00:00+05:30,423.38,24.72
2021-11-25 11:00:00+05:30,538.9,26.47
2021-11-25 12:00:00+05:30,554.63,27.66
2021-11-25 13:00:00+05:30,561.04,28.21
2021-11-25 14:00:00+05:30,475.57,28.71
2021-11-25 15:00:00+05:30,367.15,28.89
2021-11-25 16:00:00+05:30,229.69,28.91
2021-11-25 17:00:00+05:30,65.2,28.51
2021-11-25 18:00:00+05:30,0.0,27.26
2021-11-25 19:00:00+05:30,0.0,25.84
2021-11-25 20:00:00+05:30,0.0,24.49
2021-11-25 21:00:00+05:30,0.0,23.5
2021-11-25 22:00:00+05:30,0.0,22.37
2021-11-25 23:00:00+05:30,0.0,21.47
2021-11-26 00:00:00+05:30,0.0,20.59
2021-11-26 01:00:00+05:30,0.0,20.18
2021-11-26 02:00:00+05:30,0.0,20.24
2021-11-26 03:00:00+05:30,0.0,20.7
2021-11-26 04:00:00+05:30,0.0,20.92
2021-11-26 05:00:00+05:30,0.0,20.84
2021-11-26 06:00:00+05:30,0.0,20.13
2021-11-26 07:00:00+05:30,15.3,19.13
2021-11-26 08:00:00+05:30,121.59,18.43
2021-11-26 09:00:00+05:30,291.9,21.87
2021-11-26 10:00:00+05:30,446.76,24.16
2021-11-26 11:00:00+05:30,557.69,25.81
2021-11-26 12:00:00+05:30,610.22,26.99
2021-11-26 13:00:00+05:30,598.26,27.66
2021-11-26 14:00:00+05:30,526.51,28.23
2021-11-26 15:00:00+05:30,399.37,28.51
2021-11-26 16:00:00+05:30,237.64,28.5
2021-11-26 17:00:00+05:30,74.67,28.04
2021-11-26 18:00:00+05:30,0.0,26.74
2021-11-26 19:00:00+05:30,0.0,25.06
2021-11-26 20:00:00+05:30,0.0,23.45
2021-11-26 21:00:00+05:30,0.0,21.97
2021-11-26 22:00:00+05:30,0.0,21.43
2021-11-26 23:00:00+05:30,0.0,21.73
2021-11-27 00:00:00+05:30,0.0,22.16
2021-11-27 01:00:00+05:30,0.0,21.87
2021-11-27 02:00:00+05:30,0.0,21.41
2021-11-27 03:00:00+05:30,0.0,20.94
2021-11-27 04:00:00+05:30,0.0,20.51
2021-11-27 05:00:00+05:30,0.0,20.08
2021-11-27 06:00:00+05:30,0.0,19.67
2021-11-27 07:00:00+05:30,15.64,18.33
2021-11-27 08:00:00+05:30,121.66,17.62
2021-11-27 09:00:00+05:30,291.5,20.78
2021-11-27 10:00:00+05:30,446.62,23.53
2021-11-27 11:00:00+05:30,558.49,25.27
2021-11-27 12:00:00+05:30,606.71,26.57
2021-11-27 13:00:00+05:30,599.29,27.08
2021-11-27 14:00:00+05:30,526.95,27.63
2021-11-27 15:00:00+05:30,397.56,27.91
2021-11-27 16:00:00+05:30,237.28,27.83
2021-11-27 17:00:00+05:30,77.39,27.37
2021-11-27 18:00:00+05:30,0.0,26.06
2021-11-27 19:00:00+05:30,0.0,24.36
2021-11-27 20:00:00+05:30,0.0,23.74
2021-11-27 21:00:00+05:30,0.0,23.41
2021-11-27 22:00:00+05:30,0.0,22.69
2021-11-27 23:00:00+05:30,0.0,20.91
2021-11-28 00:00:00+05:30,0.0,19.52
2021-11-28 01:00:00+05:30,0.0,18.07
2021-11-28 02:00:00+05:30,0.0,17.51
2021-11-28 03:00:00+05:30,0.0,17.09
2021-11-28 04:00:00+05:30,0.0,16.47
2021-11-28 05:00:00+05:30,0.0,16.06
2021-11-28 06:00:00+05:30,0.0,15.71
2021-11-28 07:00:00+05:30,17.0,15.4
2021-11-28 08:00:00+05:30,121.67,15.55
2021-11-28 09:00:00+05:30,279.05,19.42
2021-11-28 10:00:00+05:30,423.37,21.86
2021-11-28 11:00:00+05:30,531.96,23.74
2021-11-28 12:00:00+05:30,587.66,25.17
2021-11-28 13:00:00+05:30,571.28,25.67
2021-11-28 14:00:00+05:30,509.45,26.23
2021-11-28 15:00:00+05:30,383.11,26.61
2021-11-28 16:00:00+05:30,235.1,26.6
2021-11-28 17:00:00+05:30,82.33,26.26
2021-11-28 18:00:00+05:30,0.0,24.84
2021-11-28 19:00:00+05:30,0.0,22.99
2021-11-28 20:00:00+05:30,0.0,21.58
2021-11-28 21:00:00+05:30,0.0,20.53
2021-11-28 22:00:00+05:30,0.0,19.51
2021-11-28 23:00:00+05:30,0.0,18.6
2021-11-29 00:00:00+05:30,0.0,17.82
2021-11-29 01:00:00+05:30,0.0,17.34
2021-11-29 02:00:00+05:30,0.0,17.0
2021-11-29 03:00:00+05:30,0.0,16.78
2021-11-29 04:00:00+05:30,0.0,16.61
2021-11-29 05:00:00+05:30,0.0,16.45
2021-11-29 06:00:00+05:30,0.0,16.37
2021-11-29 07:00:00+05:30,16.66,16.21
2021-11-29 08:00:00+05:30,116.03,16.45
2021-11-29 09:00:00+05:30,265.94,19.02
2021-11-29 10:00:00+05:30,399.4,21.54
2021-11-29 11:00:00+05:30,505.02,23.46
2021-11-29 12:00:00+05:30,548.12,24.99
2021-11-29 13:00:00+05:30,435.21,26.35
2021-11-29 14:00:00+05:30,352.65,26.66
2021-11-29 15:00:00+05:30,209.8,26.73
2021-11-29 16:00:00+05:30,118.92,26.24
2021-11-29 17:00:00+05:30,64.74,25.61
2021-11-29 18:00:00+05:30,0.0,24.82
2021-11-29 19:00:00+05:30,0.0,23.5
2021-11-29 20:00:00+05:30,0.0,22.68
2021-11-29 21:00:00+05:30,0.0,22.0
2021-11-29 22:00:00+05:30,0.0,21.53
2021-11-29 23:00:00+05:30,0.0,21.09
2021-11-30 00:00:00+05:30,0.0,20.95
2021-11-30 01:00:00+05:30,0.0,20.51
2021-11-30 02:00:00+05:30,0.0,20.28
2021-11-30 03:00:00+05:30,0.0,20.11
2021-11-30 04:00:00+05:30,0.0,19.8
2021-11-30 05:00:00+05:30,0.0,19.45
2021-11-30 06:00:00+05:30,0.0,19.29
2021-11-30 07:00:00+05:30,13.69,19.15
2021-11-30 08:00:00+05:30,107.43,19.22
2021-11-30 09:00:00+05:30,256.39,20.84
2021-11-30 10:00:00+05:30,377.98,22.79
2021-11-30 11:00:00+05:30,438.5,24.46
2021-11-30 12:00:00+05:30,430.05,25.54
2021-11-30 13:00:00+05:30,234.01,25.61
2021-11-30 14:00:00+05:30,163.19,24.69
2021-11-30 15:00:00+05:30,146.58,23.7
2021-11-30 16:00:00+05:30,71.22,23.27
2021-11-30 17:00:00+05:30,35.57,22.74
2021-11-30 18:00:00+05:30,0.0,22.28
2021-11-30 19:00:00+05:30,0.0,21.61
2021-11-30 20:00:00+05:30,0.0,21.01
2021-11-30 21:00:00+05:30,0.0,20.85
2021-11-30 22:00:00+05:30,0.0,20.64
2021-11-30 23:00:00+05:30,0.0,20.46
2021-12-01 00:00:00+05:30,0.0,20.29
2021-12-01 01:00:00+05:30,0.0,20.13
2021-12-01 02:00:00+05:30,0.0,20.2
2021-12-01 03:00:00+05:30,0.0,20.11
2021-12-01 04:00:00+05:30,0.0,20.18
2021-12-01 05:00:00+05:30,0.0,20.13
2021-12-01 06:00:00+05:30,0.0,19.93
2021-12-01 07:00:00+05:30,9.94,19.64
2021-12-01 08:00:00+05:30,63.37,19.69
2021-12-01 09:00:00+05:30,126.33,20.2
2021-12-01 10:00:00+05:30,210.09,20.93
2021-12-01 11:00:00+05:30,320.76,21.89
2021-12-01 12:00:00+05:30,214.32,23.26
2021-12-01 13:00:00+05:30,296.57,20.71
2021-12-01 14:00:00+05:30,223.23,21.4
2021-12-01 15:00:00+05:30,104.33,21.9
2021-12-01 16:00:00+05:30,44.7,21.35
2021-12-01 17:00:00+05:30,18.05,21.02
2021-12-01 18:00:00+05:30,0.0,20.6
2021-12-01 19:00:00+05:30,0.0,20.17
2021-12-01 20:00:00+05:30,0.0,19.69
2021-12-01 21:00:00+05:30,0.0,19.07
2021-12-01 22:00:00+05:30,0.0,18.57
2021-12-01 23:00:00+05:30,0.0,18.29
2021-12-02 00:00:00+05:30,0.0,18.17
2021-12-02 01:00:00+05:30,0.0,16.99
2021-12-02 02:00:00+05:30,0.0,16.97
2021-12-02 03:00:00+05:30,0.0,17.0
2021-12-02 04:00:00+05:30,0.0,17.0
2021-12-02 05:00:00+05:30,0.0,16.92
2021-12-02 06:00:00+05:30,0.0,16.95
2021-12-02 07:00:00+05:30,2.0,17.28
2021-12-02 08:00:00+05:30,14.89,17.77
2021-12-02 09:00:00+05:30,43.39,18.49
2021-12-02 10:00:00+05:30,102.37,19.41
2021-12-02 11:00:00+05:30,92.29,20.4
2021-12-02 12:00:00+05:30,91.52,20.94
2021-12-02 13:00:00+05:30,113.68,20.56
2021-12-02 14:00:00+05:30,173.85,21.02
2021-12-02 15:00:00+05:30,203.42,22.07
2021-12-02 16:00:00+05:30,91.18,22.74
2021-12-02 17:00:00+05:30,43.49,22.92
2021-12-02 18:00:00+05:30,0.0,22.58
2021-12-02 19:00:00+05:30,0.0,22.01
2021-12-02 20:00:00+05:30,0.0,21.43
2021-12-02 21:00:00+05:30,0.0,21.19
2021-12-02 22:00:00+05:30,0.0,21.07
2021-12-02 23:00:00+05:30,0.0,20.6
2021-12-03 00:00:00+05:30,0.0,20.41
2021-12-03 01:00:00+05:30,0.0,20.36
2021-12-03 02:00:00+05:30,0.0,19.93
2021-12-03 03:00:00+05:30,0.0,19.93
2021-12-03 04:00:00+05:30,0.0,19.68
2021-12-03 05:00:00+05:30,0.0,19.56
2021-12-03 06:00:00+05:30,0.0,19.62
2021-12-03 07:00:00+05:30,7.7,19.2
2021-12-03 08:00:00+05:30,57.19,19.57
2021-12-03 09:00:00+05:30,105.12,20.24
2021-12-03 10:00:00+05:30,136.15,20.69
2021-12-03 11:00:00+05:30,384.01,21.36
2021-12-03 12:00:00+05:30,380.91,23.31
2021-12-03 13:00:00+05:30,315.27,24.5
2021-12-03 14:00:00+05:30,302.18,25.19
2021-12-03 15:00:00+05:30,285.35,25.24
2021-12-03 16:00:00+05:30,181.3,24.81
2021-12-03 17:00:00+05:30,43.47,23.85
2021-12-03 18:00:00+05:30,0.0,22.96
2021-12-03 19:00:00+05:30,0.0,22.52
2021-12-03 20:00:00+05:30,0.0,21.82
2021-12-03 21:00:00+05:30,0.0,21.11
2021-12-03 22:00:00+05:30,0.0,20.69
2021-12-03 23:00:00+05:30,0.0,20.26
2021-12-04 00:00:00+05:30,0.0,19.59
2021-12-04 01:00:00+05:30,0.0,19.62
2021-12-04 02:00:00+05:30,0.0,18.73
2021-12-04 03:00:00+05:30,0.0,18.37
2021-12-04 04:00:00+05:30,0.0,18.52
2021-12-04 05:00:00+05:30,0.0,18.7
2021-12-04 06:00:00+05:30,0.0,19.01
2021-12-04 07:00:00+05:30,9.21,19.16
2021-12-04 08:00:00+05:30,86.54,19.33
2021-12-04 09:00:00+05:30,183.58,20.36
2021-12-04 10:00:00+05:30,266.89,21.61
2021-12-04 11:00:00+05:30,349.79,22.73
2021-12-04 12:00:00+05:30,435.31,23.67
2021-12-04 13:00:00+05:30,446.86,24.93
2021-12-04 14:00:00+05:30,422.57,25.09
2021-12-04 15:00:00+05:30,256.33,25.56
2021-12-04 16:00:00+05:30,157.79,24.99
2021-12-04 17:00:00+05:30,55.33,24.06
2021-12-04 18:00:00+05:30,0.0,23.22
2021-12-04 19:00:00+05:30,0.0,22.52
2021-12-04 20:00:00+05:30,0.0,21.73
2021-12-04 21:00:00+05:30,0.0,20.84
2021-12-04 22:00:00+05:30,0.0,19.84
2021-12-04 23:00:00+05:30,0.0,19.18
2021-12-05 00:00:00+05:30,0.0,19.0
2021-12-05 01:00:00+05:30,0.0,19.21
2021-12-05 02:00:00+05:30,0.0,18.97
2021-12-05 03:00:00+05:30,0.0,18.6
2021-12-05 04:00:00+05:30,0.0,18.18
2021-12-05 05:00:00+05:30,0.0,17.58
2021-12-05 06:00:00+05:30,0.0,17.02
2021-12-05 07:00:00+05:30,9.69,17.18
2021-12-05 08:00:00+05:30,80.63,17.49
2021-12-05 09:00:00+05:30,176.96,19.06
2021-12-05 10:00:00+05:30,316.7,19.89
2021-12-05 11:00:00+05:30,452.73,21.88
2021-12-05 12:00:00+05:30,550.72,23.61
2021-12-05 13:00:00+05:30,523.7,24.91
2021-12-05 14:00:00+05:30,492.73,25.69
2021-12-05 15:00:00+05:30,283.95,26.24
2021-12-05 16:00:00+05:30,195.47,26.07
2021-12-05 17:00:00+05:30,63.6,25.71
2021-12-05 18:00:00+05:30,0.0,24.77
2021-12-05 19:00:00+05:30,0.0,23.17
2021-12-05 20:00:00+05:30,0.0,21.68
2021-12-05 21:00:00+05:30,0.0,20.77
2021-12-05 22:00:00+05:30,0.0,19.72
2021-12-05 23:00:00+05:30,0.0,18.98
2021-12-06 00:00:00+05:30,0.0,18.59
2021-12-06 01:00:00+05:30,0.0,18.45
2021-12-06 02:00:00+05:30,0.0,18.28
2021-12-06 03:00:00+05:30,0.0,18.2
2021-12-06 04:00:00+05:30,0.0,18.29
2021-12-06 05:00:00+05:30,0.0,18.39
2021-12-06 06:00:00+05:30,0.0,18.34
2021-12-06 07:00:00+05:30,10.43,18.29
2021-12-06 08:00:00+05:30,83.37,18.11
2021-12-06 09:00:00+05:30,227.99,18.34
2021-12-06 10:00:00+05:30,358.67,20.19
2021-12-06 11:00:00+05:30,514.15,22.21
2021-12-06 12:00:00+05:30,533.16,24.04
2021-12-06 13:00:00+05:30,537.41,25.27
2021-12-06 14:00:00+05:30,443.53,25.91
2021-12-06 15:00:00+05:30,337.91,26.14
2021-12-06 16:00:00+05:30,189.44,26.1
2021-12-06 17:00:00+05:30,66.84,25.73
2021-12-06 18:00:00+05:30,0.0,24.67
2021-12-06 19:00:00+05:30,0.0,23.26
2021-12-06 20:00:00+05:30,0.0,22.17
2021-12-06 21:00:00+05:30,0.0,21.27
2021-12-06 22:00:00+05:30,0.0,20.39
2021-12-06 23:00:00+05:30,0.0,19.3
2021-12-07 00:00:00+05:30,0.0,18.57
2021-12-07 01:00:00+05:30,0.0,17.94
2021-12-07 02:00:00+05:30,0.0,17.66
2021-12-07 03:00:00+05:30,0.0,17.1
2021-12-07 04:00:00+05:30,0.0,16.46
2021-12-07 05:00:00+05:30,0.0,16.07
2021-12-07 06:00:00+05:30,0.0,15.71
2021-12-07 07:00:00+05:30,10.57,15.42
2021-12-07 08:00:00+05:30,97.31,15.68
2021-12-07 09:00:00+05:30,258.82,19.11
2021-12-07 10:00:00+05:30,409.81,21.28
2021-12-07 11:00:00+05:30,506.73,23.07
2021-12-07 12:00:00+05:30,571.51,24.44
2021-12-07 13:00:00+05:30,488.57,25.37
2021-12-07 14:00:00+05:30,408.15,25.74
2021-12-07 15:00:00+05:30,304.06,25.92
2021-12-07 16:00:00+05:30,175.35,25.73
2021-12-07 17:00:00+05:30,65.14,25.22
2021-12-07 18:00:00+05:30,0.0,24.2
2021-12-07 19:00:00+05:30,0.0,22.84
2021-12-07 20:00:00+05:30,0.0,22.01
2021-12-07 21:00:00+05:30,0.0,21.59
2021-12-07 22:00:00+05:30,0.0,21.02
2021-12-07 23:00:00+05:30,0.0,20.36
2021-12-08 00:00:00+05:30,0.0,19.84
2021-12-08 01:00:00+05:30,0.0,19.17
2021-12-08 02:00:00+05:30,0.0,18.25
2021-12-08 03:00:00+05:30,0.0,17.4
2021-12-08 04:00:00+05:30,0.0,17.17
2021-12-08 05:00:00+05:30,0.0,17.11
2021-12-08 06:00:00+05:30,0.0,16.86
2021-12-08 07:00:00+05:30,9.69,16.44
2021-12-08 08:00:00+05:30,88.58,16.27
2021-12-08 09:00:00+05:30,250.91,19.52
2021-12-08 10:00:00+05:30,406.17,21.78
2021-12-08 11:00:00+05:30,504.14,23.49
2021-12-08 12:00:00+05:30,537.55,24.8
2021-12-08 13:00:00+05:30,548.21,25.23
2021-12-08 14:00:00+05:30,427.54,25.82
2021-12-08 15:00:00+05:30,322.15,25.92
2021-12-08 16:00:00+05:30,173.61,25.84
2021-12-08 17:00:00+05:30,54.67,25.33
2021-12-08 18:00:00+05:30,0.0,24.26
2021-12-08 19:00:00+05:30,0.0,23.1
2021-12-08 20:00:00+05:30,0.0,21.99
2021-12-08 21:00:00+05:30,0.0,21.57
2021-12-08 22:00:00+05:30,0.0,20.84
2021-12-08 23:00:00+05:30,0.0,20.27
2021-12-09 00:00:00+05:30,0.0,19.53
2021-12-09 01:00:00+05:30,0.0,18.7
2021-12-09 02:00:00+05:30,0.0,18.15
2021-12-09 03:00:00+05:30,0.0,17.49
2021-12-09 04:00:00+05:30,0.0,16.95
2021-12-09 05:00:00+05:30,0.0,16.53
2021-12-09 06:00:00+05:30,0.0,16.44
2021-12-09 07:00:00+05:30,8.48,16.48
2021-12-09 08:00:00+05:30,90.26,16.47
2021-12-09 09:00:00+05:30,242.63,19.97
2021-12-09 10:00:00+05:30,374.19,22.38
2021-12-09 11:00:00+05:30,504.73,23.95
2021-12-09 12:00:00+05:30,565.13,25.18
2021-12-09 13:00:00+05:30,445.5,25.93
2021-12-09 14:00:00+05:30,430.17,25.98
2021-12-09 15:00:00+05:30,288.27,26.19
2021-12-09 16:00:00+05:30,172.55,25.8
2021-12-09 17:00:00+05:30,63.77,25.4
2021-12-09 18:00:00+05:30,0.0,24.4
2021-12-09 19:00:00+05:30,0.0,22.96
2021-12-09 20:00:00+05:30,0.0,21.92
2021-12-09 21:00:00+05:30,0.0,20.9
2021-12-09 22:00:00+05:30,0.0,19.71
2021-12-09 23:00:00+05:30,0.0,18.55
2021-12-10 00:00:00+05:30,0.0,18.29
2021-12-10 01:00:00+05:30,0.0,17.84
2021-12-10 02:00:00+05:30,0.0,17.27
2021-12-10 03:00:00+05:30,0.0,16.86
2021-12-10 04:00:00+05:30,0.0,16.85
2021-12-10 05:00:00+05:30,0.0,17.21
2021-12-10 06:00:00+05:30,0.0,17.4
2021-12-10 07:00:00+05:30,0.0,17.7
2021-12-10 08:00:00+05:30,79.57,18.12
2021-12-10 09:00:00+05:30,218.99,19.79
2021-12-10 10:00:00+05:30,393.02,21.82
2021-12-10 11:00:00+05:30,487.01,23.62
2021-12-10 12:00:00+05:30,493.94,24.86
2021-12-10 13:00:00+05:30,478.46,25.59
2021-12-10 14:00:00+05:30,405.28,26.05
2021-12-10 15:00:00+05:30,317.81,26.21
2021-12-10 16:00:00+05:30,167.31,26.13
2021-12-10 17:00:00+05:30,59.63,25.77
2021-12-10 18:00:00+05:30,0.0,24.56
2021-12-10 19:00:00+05:30,0.0,23.13
2021-12-10 20:00:00+05:30,0.0,22.17
2021-12-10 21:00:00+05:30,0.0,21.14
2021-12-10 22:00:00+05:30,0.0,21.15
2021-12-10 23:00:00+05:30,0.0,20.74
2021-12-11 00:00:00+05:30,0.0,19.3
2021-12-11 01:00:00+05:30,0.0,19.45
2021-12-11 02:00:00+05:30,0.0,18.93
2021-12-11 03:00:00+05:30,0.0,18.48
2021-12-11 04:00:00+05:30,0.0,18.29
2021-12-11 05:00:00+05:30,0.0,18.23
2021-12-11 06:00:00+05:30,0.0,18.04
2021-12-11 07:00:00+05:30,0.0,17.53
2021-12-11 08:00:00+05:30,89.24,17.53
2021-12-11 09:00:00+05:30,249.38,19.55
2021-12-11 10:00:00+05:30,400.0,21.84
2021-12-11 11:00:00+05:30,512.23,23.72
2021-12-11 12:00:00+05:30,532.91,25.25
2021-12-11 13:00:00+05:30,496.87,25.77
2021-12-11 14:00:00+05:30,413.67,26.25
2021-12-11 15:00:00+05:30,271.69,26.36
2021-12-11 16:00:00+05:30,188.19,26.1
2021-12-11 17:00:00+05:30,69.73,25.8
2021-12-11 18:00:00+05:30,0.0,24.82
2021-12-11 19:00:00+05:30,0.0,23.51
2021-12-11 20:00:00+05:30,0.0,22.47
2021-12-11 21:00:00+05:30,0.0,21.55
2021-12-11 22:00:00+05:30,0.0,20.52
2021-12-11 23:00:00+05:30,0.0,19.74
2021-12-12 00:00:00+05:30,0.0,19.74
2021-12-12 01:00:00+05:30,0.0,17.87
2021-12-12 02:00:00+05:30,0.0,17.1
2021-12-12 03:00:00+05:30,0.0,16.74
2021-12-12 04:00:00+05:30,0.0,16.63
2021-12-12 05:00:00+05:30,0.0,16.71
2021-12-12 06:00:00+05:30,0.0,16.72
2021-12-12 07:00:00+05:30,0.0,17.07
2021-12-12 08:00:00+05:30,82.16,17.42
2021-12-12 09:00:00+05:30,223.52,19.53
2021-12-12 10:00:00+05:30,378.62,21.48
2021-12-12 11:00:00+05:30,478.9,23.24
2021-12-12 12:00:00+05:30,532.4,24.73
2021-12-12 13:00:00+05:30,545.31,25.64
2021-12-12 14:00:00+05:30,445.54,26.26
2021-12-12 15:00:00+05:30,279.06,26.32
2021-12-12 16:00:00+05:30,197.28,25.99
2021-12-12 17:00:00+05:30,64.16,25.67
2021-12-12 18:00:00+05:30,0.0,24.42
2021-12-12 19:00:00+05:30,0.0,22.91
2021-12-12 20:00:00+05:30,0.0,21.82
2021-12-12 21:00:00+05:30,0.0,21.17
2021-12-12 22:00:00+05:30,0.0,20.45
2021-12-12 23:00:00+05:30,0.0,19.92
2021-12-13 00:00:00+05:30,0.0,18.9
2021-12-13 01:00:00+05:30,0.0,18.54
2021-12-13 02:00:00+05:30,0.0,18.13
2021-12-13 03:00:00+05:30,0.0,17.56
2021-12-13 04:00:00+05:30,0.0,16.95
2021-12-13 05:00:00+05:30,0.0,16.66
2021-12-13 06:00:00+05:30,0.0,16.42
2021-12-13 07:00:00+05:30,0.0,16.08
2021-12-13 08:00:00+05:30,83.24,16.08
2021-12-13 09:00:00+05:30,229.64,19.05
2021-12-13 10:00:00+05:30,367.42,21.09
2021-12-13 11:00:00+05:30,482.92,22.77
2021-12-13 12:00:00+05:30,545.37,24.3
2021-12-13 13:00:00+05:30,551.31,25.16
2021-12-13 14:00:00+05:30,440.0,26.05
2021-12-13 15:00:00+05:30,319.14,26.28
2021-12-13 16:00:00+05:30,199.01,26.17
2021-12-13 17:00:00+05:30,67.9,25.89
2021-12-13 18:00:00+05:30,0.0,24.84
2021-12-13 19:00:00+05:30,0.0,23.29
2021-12-13 20:00:00+05:30,0.0,21.99
2021-12-13 21:00:00+05:30,0.0,21.01
2021-12-13 22:00:00+05:30,0.0,19.84
2021-12-13 23:00:00+05:30,0.0,18.73
2021-12-14 00:00:00+05:30,0.0,18.84
2021-12-14 01:00:00+05:30,0.0,19.71
2021-12-14 02:00:00+05:30,0.0,19.18
2021-12-14 03:00:00+05:30,0.0,18.81
2021-12-14 04:00:00+05:30,0.0,18.43
2021-12-14 05:00:00+05:30,0.0,18.04
2021-12-14 06:00:00+05:30,0.0,17.53
2021-12-14 07:00:00+05:30,0.0,17.53
2021-12-14 08:00:00+05:30,87.37,17.42
2021-12-14 09:00:00+05:30,237.46,18.5
2021-12-14 10:00:00+05:30,394.39,21.66
2021-12-14 11:00:00+05:30,513.46,23.41
2021-12-14 12:00:00+05:30,575.32,24.7
2021-12-14 13:00:00+05:30,556.69,25.34
2021-12-14 14:00:00+05:30,465.73,25.93
2021-12-14 15:00:00+05:30,313.22,26.19
2021-12-14 16:00:00+05:30,198.82,26.08
2021-12-14 17:00:00+05:30,72.93,25.8
2021-12-14 18:00:00+05:30,0.0,24.77
2021-12-14 19:00:00+05:30,0.0,22.98
2021-12-14 20:00:00+05:30,0.0,21.62
2021-12-14 21:00:00+05:30,0.0,20.33
2021-12-14 22:00:00+05:30,0.0,19.67
2021-12-14 23:00:00+05:30,0.0,20.09
2021-12-15 00:00:00+05:30,0.0,20.07
2021-12-15 01:00:00+05:30,0.0,19.58
2021-12-15 02:00:00+05:30,0.0,19.15
2021-12-15 03:00:00+05:30,0.0,18.24
2021-12-15 04:00:00+05:30,0.0,17.38
2021-12-15 05:00:00+05:30,0.0,16.99
2021-12-15 06:00:00+05:30,0.0,16.73
2021-12-15 07:00:00+05:30,0.0,16.47
2021-12-15 08:00:00+05:30,93.71,16.23
2021-12-15 09:00:00+05:30,231.73,18.6
2021-12-15 10:00:00+05:30,376.44,21.49
2021-12-15 11:00:00+05:30,484.92,23.29
2021-12-15 12:00:00+05:30,401.25,24.58
2021-12-15 13:00:00+05:30,317.38,24.36
2021-12-15 14:00:00+05:30,381.9,24.46
2021-12-15 15:00:00+05:30,259.29,24.75
2021-12-15 16:00:00+05:30,167.23,24.62
2021-12-15 17:00:00+05:30,68.76,24.15
2021-12-15 18:00:00+05:30,0.0,23.51
2021-12-15 19:00:00+05:30,0.0,22.32
2021-12-15 20:00:00+05:30,0.0,21.25
2021-12-15 21:00:00+05:30,0.0,20.31
2021-12-15 22:00:00+05:30,0.0,19.51
2021-12-15 23:00:00+05:30,0.0,19.51
2021-12-16 00:00:00+05:30,0.0,19.5
2021-12-16 01:00:00+05:30,0.0,19.99
2021-12-16 02:00:00+05:30,0.0,19.73
2021-12-16 03:00:00+05:30,0.0,19.42
2021-12-16 04:00:00+05:30,0.0,19.17
2021-12-16 05:00:00+05:30,0.0,17.47
2021-12-16 06:00:00+05:30,0.0,17.43
2021-12-16 07:00:00+05:30,0.0,17.19
2021-12-16 08:00:00+05:30,82.75,17.17
2021-12-16 09:00:00+05:30,196.89,19.16
2021-12-16 10:00:00+05:30,355.6,20.94
2021-12-16 11:00:00+05:30,455.51,22.78
2021-12-16 12:00:00+05:30,498.02,24.18
2021-12-16 13:00:00+05:30,484.96,24.77
2021-12-16 14:00:00+05:30,326.45,25.31
2021-12-16 15:00:00+05:30,281.32,25.3
2021-12-16 16:00:00+05:30,166.75,25.34
2021-12-16 17:00:00+05:30,62.27,25.11
2021-12-16 18:00:00+05:30,0.0,24.21
2021-12-16 19:00:00+05:30,0.0,22.82
2021-12-16 20:00:00+05:30,0.0,21.51
2021-12-16 21:00:00+05:30,0.0,20.31
2021-12-16 22:00:00+05:30,0.0,19.71
2021-12-16 23:00:00+05:30,0.0,19.51
2021-12-17 00:00:00+05:30,0.0,19.55
2021-12-17 01:00:00+05:30,0.0,20.55
2021-12-17 02:00:00+05:30,0.0,20.03
2021-12-17 03:00:00+05:30,0.0,19.03
2021-12-17 04:00:00+05:30,0.0,17.92
2021-12-17 05:00:00+05:30,0.0,17.65
2021-12-17 06:00:00+05:30,0.0,17.55
2021-12-17 07:00:00+05:30,0.0,17.06
2021-12-17 08:00:00+05:30,80.19,16.48
2021-12-17 09:00:00+05:30,236.95,19.14
2021-12-17 10:00:00+05:30,382.57,21.44
2021-12-17 11:00:00+05:30,494.08,23.11
2021-12-17 12:00:00+05:30,535.88,24.46
2021-12-17 13:00:00+05:30,563.89,25.07
2021-12-17 14:00:00+05:30,504.52,25.75
2021-12-17 15:00:00+05:30,384.77,26.07
2021-12-17 16:00:00+05:30,237.37,26.05
2021-12-17 17:00:00+05:30,80.88,25.76
2021-12-17 18:00:00+05:30,0.0,24.54
2021-12-17 19:00:00+05:30,0.0,22.67
2021-12-17 20:00:00+05:30,0.0,21.32
2021-12-17 21:00:00+05:30,0.0,20.26
2021-12-17 22:00:00+05:30,0.0,19.3
2021-12-17 23:00:00+05:30,0.0,18.33
2021-12-18 00:00:00+05:30,0.0,17.46
2021-12-18 01:00:00+05:30,0.0,16.91
2021-12-18 02:00:00+05:30,0.0,16.27
2021-12-18 03:00:00+05:30,0.0,15.75
2021-12-18 04:00:00+05:30,0.0,15.23
2021-12-18 05:00:00+05:30,0.0,14.71
2021-12-18 06:00:00+05:30,0.0,14.27
2021-12-18 07:00:00+05:30,0.0,13.86
2021-12-18 08:00:00+05:30,81.83,13.9
2021-12-18 09:00:00+05:30,244.67,17.17
2021-12-18 10:00:00+05:30,401.97,20.32
2021-12-18 11:00:00+05:30,519.32,22.19
2021-12-18 12:00:00+05:30,581.8,23.67
2021-12-18 13:00:00+05:30,581.49,24.44
2021-12-18 14:00:00+05:30,518.8,25.14
2021-12-18 15:00:00+05:30,401.33,25.5
2021-12-18 16:00:00+05:30,244.01,25.53
2021-12-18 17:00:00+05:30,80.08,25.11
2021-12-18 18:00:00+05:30,0.0,23.81
2021-12-18 19:00:00+05:30,0.0,22.1
2021-12-18 20:00:00+05:30,0.0,20.25
2021-12-18 21:00:00+05:30,0.0,18.74
2021-12-18 22:00:00+05:30,0.0,17.6
2021-12-18 23:00:00+05:30,0.0,16.72
2021-12-19 00:00:00+05:30,0.0,15.97
2021-12-19 01:00:00+05:30,0.0,15.51
2021-12-19 02:00:00+05:30,0.0,14.8
2021-12-19 03:00:00+05:30,0.0,14.16
2021-12-19 04:00:00+05:30,0.0,13.65
2021-12-19 05:00:00+05:30,0.0,13.26
2021-12-19 06:00:00+05:30,0.0,12.89
2021-12-19 07:00:00+05:30,0.0,12.55
2021-12-19 08:00:00+05:30,78.8,12.44
2021-12-19 09:00:00+05:30,243.41,15.86
2021-12-19 10:00:00+05:30,400.53,18.81
2021-12-19 11:00:00+05:30,518.19,20.88
2021-12-19 12:00:00+05:30,580.1,22.51
2021-12-19 13:00:00+05:30,580.31,23.47
2021-12-19 14:00:00+05:30,518.12,24.32
2021-12-19 15:00:00+05:30,400.89,24.79
2021-12-19 16:00:00+05:30,244.43,24.89
2021-12-19 17:00:00+05:30,81.02,24.54
2021-12-19 18:00:00+05:30,0.0,23.3
2021-12-19 19:00:00+05:30,0.0,21.56
2021-12-19 20:00:00+05:30,0.0,19.69
2021-12-19 21:00:00+05:30,0.0,18.69
2021-12-19 22:00:00+05:30,0.0,18.7
2021-12-19 23:00:00+05:30,0.0,18.15
2021-12-20 00:00:00+05:30,0.0,16.05
2021-12-20 01:00:00+05:30,0.0,15.55
2021-12-20 02:00:00+05:30,0.0,14.54
2021-12-20 03:00:00+05:30,0.0,13.93
2021-12-20 04:00:00+05:30,0.0,13.51
2021-12-20 05:00:00+05:30,0.0,13.22
2021-12-20 06:00:00+05:30,0.0,12.71
2021-12-20 07:00:00+05:30,0.0,12.17
2021-12-20 08:00:00+05:30,77.21,12.11
2021-12-20 09:00:00+05:30,240.26,15.71
2021-12-20 10:00:00+05:30,396.89,18.58
2021-12-20 11:00:00+05:30,514.57,20.65
2021-12-20 12:00:00+05:30,576.66,22.38
2021-12-20 13:00:00+05:30,577.39,23.48
2021-12-20 14:00:00+05:30,516.11,24.38
2021-12-20 15:00:00+05:30,399.82,24.89
2021-12-20 16:00:00+05:30,244.15,25.02
2021-12-20 17:00:00+05:30,81.73,24.69
2021-12-20 18:00:00+05:30,0.0,23.55
2021-12-20 19:00:00+05:30,0.0,21.76
2021-12-20 20:00:00+05:30,0.0,20.16
2021-12-20 21:00:00+05:30,0.0,18.64
2021-12-20 22:00:00+05:30,0.0,17.28
2021-12-20 23:00:00+05:30,0.0,17.16
2021-12-21 00:00:00+05:30,0.0,18.01
2021-12-21 01:00:00+05:30,0.0,18.02
2021-12-21 02:00:00+05:30,0.0,17.82
2021-12-21 03:00:00+05:30,0.0,17.26
2021-12-21 04:00:00+05:30,0.0,16.71
2021-12-21 05:00:00+05:30,0.0,15.24
2021-12-21 06:00:00+05:30,0.0,14.21
2021-12-21 07:00:00+05:30,0.0,13.55
2021-12-21 08:00:00+05:30,75.94,13.29
2021-12-21 09:00:00+05:30,239.46,15.55
2021-12-21 10:00:00+05:30,396.51,19.53
2021-12-21 11:00:00+05:30,514.44,21.71
2021-12-21 12:00:00+05:30,577.87,23.36
2021-12-21 13:00:00+05:30,578.53,24.46
2021-12-21 14:00:00+05:30,517.14,25.37
2021-12-21 15:00:00+05:30,400.76,25.89
2021-12-21 16:00:00+05:30,245.31,26.06
2021-12-21 17:00:00+05:30,82.62,25.83
2021-12-21 18:00:00+05:30,0.0,24.87
2021-12-21 19:00:00+05:30,0.0,22.84
2021-12-21 20:00:00+05:30,0.0,20.78
2021-12-21 21:00:00+05:30,0.0,21.05
2021-12-21 22:00:00+05:30,0.0,20.31
2021-12-21 23:00:00+05:30,0.0,18.42
2021-12-22 00:00:00+05:30,0.0,16.8
2021-12-22 01:00:00+05:30,0.0,15.62
2021-12-22 02:00:00+05:30,0.0,15.32
2021-12-22 03:00:00+05:30,0.0,15.75
2021-12-22 04:00:00+05:30,0.0,15.6
2021-12-22 05:00:00+05:30,0.0,15.57
2021-12-22 06:00:00+05:30,0.0,15.59
2021-12-22 07:00:00+05:30,0.0,15.83
2021-12-22 08:00:00+05:30,74.54,15.7
2021-12-22 09:00:00+05:30,238.01,17.51
2021-12-22 10:00:00+05:30,395.44,21.0
2021-12-22 11:00:00+05:30,513.6,23.18
2021-12-22 12:00:00+05:30,576.66,24.63
2021-12-22 13:00:00+05:30,577.25,25.57
2021-12-22 14:00:00+05:30,516.23,26.34
2021-12-22 15:00:00+05:30,400.66,26.87
2021-12-22 16:00:00+05:30,245.95,26.97
2021-12-22 17:00:00+05:30,83.58,26.74
2021-12-22 18:00:00+05:30,0.0,25.92
2021-12-22 19:00:00+05:30,0.0,23.78
2021-12-22 20:00:00+05:30,0.0,22.53
2021-12-22 21:00:00+05:30,0.0,19.73
2021-12-22 22:00:00+05:30,0.0,18.15
2021-12-22 23:00:00+05:30,0.0,16.99
2021-12-23 00:00:00+05:30,0.0,16.15
2021-12-23 01:00:00+05:30,0.0,15.88
2021-12-23 02:00:00+05:30,0.0,15.79
2021-12-23 03:00:00+05:30,0.0,15.67
2021-12-23 04:00:00+05:30,0.0,15.58
2021-12-23 05:00:00+05:30,0.0,16.28
2021-12-23 06:00:00+05:30,0.0,16.26
2021-12-23 07:00:00+05:30,0.0,16.41
2021-12-23 08:00:00+05:30,72.8,16.42
2021-12-23 09:00:00+05:30,234.04,18.24
2021-12-23 10:00:00+05:30,390.02,21.6
2021-12-23 11:00:00+05:30,507.99,23.79
2021-12-23 12:00:00+05:30,573.85,25.44
2021-12-23 13:00:00+05:30,575.94,26.52
2021-12-23 14:00:00+05:30,516.15,27.45
2021-12-23 15:00:00+05:30,401.41,27.96
2021-12-23 16:00:00+05:30,247.06,28.06
2021-12-23 17:00:00+05:30,84.68,27.63
2021-12-23 18:00:00+05:30,8.57,26.29
2021-12-23 19:00:00+05:30,0.0,24.0
2021-12-23 20:00:00+05:30,0.0,21.82
2021-12-23 21:00:00+05:30,0.0,20.41
2021-12-23 22:00:00+05:30,0.0,19.25
2021-12-23 23:00:00+05:30,0.0,18.1
2021-12-24 00:00:00+05:30,0.0,17.14
2021-12-24 01:00:00+05:30,0.0,16.37
2021-12-24 02:00:00+05:30,0.0,16.05
2021-12-24 03:00:00+05:30,0.0,15.76
2021-12-24 04:00:00+05:30,0.0,15.83
2021-12-24 05:00:00+05:30,0.0,16.2
2021-12-24 06:00:00+05:30,0.0,15.29
2021-12-24 07:00:00+05:30,0.0,14.16
2021-12-24 08:00:00+05:30,77.18,13.28
2021-12-24 09:00:00+05:30,222.25,15.88
2021-12-24 10:00:00+05:30,380.0,20.07
2021-12-24 11:00:00+05:30,512.72,23.7
2021-12-24 12:00:00+05:30,577.92,25.8
2021-12-24 13:00:00+05:30,579.9,26.65
2021-12-24 14:00:00+05:30,520.05,27.59
2021-12-24 15:00:00+05:30,405.26,28.0
2021-12-24 16:00:00+05:30,250.38,27.87
2021-12-24 17:00:00+05:30,86.61,26.95
2021-12-24 18:00:00+05:30,8.92,25.1
2021-12-24 19:00:00+05:30,0.0,22.51
2021-12-24 20:00:00+05:30,0.0,20.68
2021-12-24 21:00:00+05:30,0.0,19.17
2021-12-24 22:00:00+05:30,0.0,17.83
2021-12-24 23:00:00+05:30,0.0,16.45
2021-12-25 00:00:00+05:30,0.0,15.44
2021-12-25 01:00:00+05:30,0.0,14.9
2021-12-25 02:00:00+05:30,0.0,15.06
2021-12-25 03:00:00+05:30,0.0,15.28
2021-12-25 04:00:00+05:30,0.0,15.04
2021-12-25 05:00:00+05:30,0.0,14.67
2021-12-25 06:00:00+05:30,0.0,13.28
2021-12-25 07:00:00+05:30,0.0,11.71
2021-12-25 08:00:00+05:30,79.1,11.12
2021-12-25 09:00:00+05:30,234.93,13.84
2021-12-25 10:00:00+05:30,400.83,19.62
2021-12-25 11:00:00+05:30,522.74,23.46
2021-12-25 12:00:00+05:30,586.83,25.57
2021-12-25 13:00:00+05:30,589.15,26.24
2021-12-25 14:00:00+05:30,528.87,27.07
2021-12-25 15:00:00+05:30,412.69,27.48
2021-12-25 16:00:00+05:30,255.8,27.47
2021-12-25 17:00:00+05:30,88.81,26.95
2021-12-25 18:00:00+05:30,9.26,25.41
2021-12-25 19:00:00+05:30,0.0,22.99
2021-12-25 20:00:00+05:30,0.0,20.79
2021-12-25 21:00:00+05:30,0.0,19.02
2021-12-25 22:00:00+05:30,0.0,17.42
2021-12-25 23:00:00+05:30,0.0,16.58
2021-12-26 00:00:00+05:30,0.0,16.43
2021-12-26 01:00:00+05:30,0.0,16.55
2021-12-26 02:00:00+05:30,0.0,16.5
2021-12-26 03:00:00+05:30,0.0,16.74
2021-12-26 04:00:00+05:30,0.0,16.75
2021-12-26 05:00:00+05:30,0.0,16.9
2021-12-26 06:00:00+05:30,0.0,16.86
2021-12-26 07:00:00+05:30,0.0,16.7
2021-12-26 08:00:00+05:30,70.35,16.47
2021-12-26 09:00:00+05:30,234.36,17.76
2021-12-26 10:00:00+05:30,392.75,21.06
2021-12-26 11:00:00+05:30,512.37,23.29
2021-12-26 12:00:00+05:30,576.04,25.12
2021-12-26 13:00:00+05:30,578.85,26.17
2021-12-26 14:00:00+05:30,519.83,27.07
2021-12-26 15:00:00+05:30,406.02,27.63
2021-12-26 16:00:00+05:30,252.0,27.82
2021-12-26 17:00:00+05:30,89.05,27.56
2021-12-26 18:00:00+05:30,9.55,26.52
2021-12-26 19:00:00+05:30,0.0,24.47
2021-12-26 20:00:00+05:30,0.0,22.26
2021-12-26 21:00:00+05:30,0.0,20.29
2021-12-26 22:00:00+05:30,0.0,18.64
2021-12-26 23:00:00+05:30,0.0,17.83
2021-12-27 00:00:00+05:30,0.0,17.74
2021-12-27 01:00:00+05:30,0.0,17.94
2021-12-27 02:00:00+05:30,0.0,17.79
2021-12-27 03:00:00+05:30,0.0,17.84
2021-12-27 04:00:00+05:30,0.0,17.73
2021-12-27 05:00:00+05:30,0.0,17.75
2021-12-27 06:00:00+05:30,0.0,17.63
2021-12-27 07:00:00+05:30,0.0,17.41
2021-12-27 08:00:00+05:30,79.98,15.94
2021-12-27 09:00:00+05:30,230.06,17.34
2021-12-27 10:00:00+05:30,382.09,21.21
2021-12-27 11:00:00+05:30,496.87,23.29
2021-12-27 12:00:00+05:30,570.2,25.03
2021-12-27 13:00:00+05:30,573.49,26.09
2021-12-27 14:00:00+05:30,515.15,26.93
2021-12-27 15:00:00+05:30,403.53,27.4
2021-12-27 16:00:00+05:30,252.17,27.53
2021-12-27 17:00:00+05:30,90.29,27.31
2021-12-27 18:00:00+05:30,9.84,26.35
2021-12-27 19:00:00+05:30,0.0,24.47
2021-12-27 20:00:00+05:30,0.0,22.65
2021-12-27 21:00:00+05:30,0.0,21.48
2021-12-27 22:00:00+05:30,0.0,21.93
2021-12-27 23:00:00+05:30,0.0,21.4
2021-12-28 00:00:00+05:30,0.0,19.86
2021-12-28 01:00:00+05:30,0.0,17.78
2021-12-28 02:00:00+05:30,0.0,17.55
2021-12-28 03:00:00+05:30,0.0,17.48
2021-12-28 04:00:00+05:30,0.0,17.44
2021-12-28 05:00:00+05:30,0.0,18.05
2021-12-28 06:00:00+05:30,0.0,18.3
2021-12-28 07:00:00+05:30,0.0,18.31
2021-12-28 08:00:00+05:30,69.91,17.93
2021-12-28 09:00:00+05:30,225.17,17.89
2021-12-28 10:00:00+05:30,381.34,22.24
2021-12-28 11:00:00+05:30,500.7,24.21
2021-12-28 12:00:00+05:30,565.03,25.89
2021-12-28 13:00:00+05:30,556.53,27.09
2021-12-28 14:00:00+05:30,469.53,27.84
2021-12-28 15:00:00+05:30,383.47,27.99
2021-12-28 16:00:00+05:30,228.97,27.66
2021-12-28 17:00:00+05:30,88.68,26.59
2021-12-28 18:00:00+05:30,10.04,25.22
2021-12-28 19:00:00+05:30,0.0,22.99
2021-12-28 20:00:00+05:30,0.0,21.33
2021-12-28 21:00:00+05:30,0.0,19.99
2021-12-28 22:00:00+05:30,0.0,18.62
2021-12-28 23:00:00+05:30,0.0,17.32
2021-12-29 00:00:00+05:30,0.0,16.31
2021-12-29 01:00:00+05:30,0.0,15.89
2021-12-29 02:00:00+05:30,0.0,15.28
2021-12-29 03:00:00+05:30,0.0,14.99
2021-12-29 04:00:00+05:30,0.0,15.53
2021-12-29 05:00:00+05:30,0.0,14.97
2021-12-29 06:00:00+05:30,0.0,13.38
2021-12-29 07:00:00+05:30,0.0,13.33
2021-12-29 08:00:00+05:30,68.04,14.07
2021-12-29 09:00:00+05:30,228.93,15.85
2021-12-29 10:00:00+05:30,390.85,19.19
2021-12-29 11:00:00+05:30,514.12,21.41
2021-12-29 12:00:00+05:30,581.14,23.33
2021-12-29 13:00:00+05:30,583.92,24.24
2021-12-29 14:00:00+05:30,526.04,25.11
2021-12-29 15:00:00+05:30,412.8,25.52
2021-12-29 16:00:00+05:30,255.55,25.65
2021-12-29 17:00:00+05:30,93.25,25.36
2021-12-29 18:00:00+05:30,10.38,24.33
2021-12-29 19:00:00+05:30,0.0,22.37
2021-12-29 20:00:00+05:30,0.0,21.04
2021-12-29 21:00:00+05:30,0.0,19.89
2021-12-29 22:00:00+05:30,0.0,18.71
2021-12-29 23:00:00+05:30,0.0,17.6
2021-12-30 00:00:00+05:30,0.0,16.82
2021-12-30 01:00:00+05:30,0.0,16.47
2021-12-30 02:00:00+05:30,0.0,15.96
2021-12-30 03:00:00+05:30,0.0,15.42
2021-12-30 04:00:00+05:30,0.0,14.94
2021-12-30 05:00:00+05:30,0.0,14.55
2021-12-30 06:00:00+05:30,0.0,14.52
2021-12-30 07:00:00+05:30,0.0,14.52
2021-12-30 08:00:00+05:30,67.15,14.41
2021-12-30 09:00:00+05:30,195.64,16.25
2021-12-30 10:00:00+05:30,334.44,18.29
2021-12-30 11:00:00+05:30,410.87,20.43
2021-12-30 12:00:00+05:30,406.97,22.36
2021-12-30 13:00:00+05:30,362.46,23.62
2021-12-30 14:00:00+05:30,361.63,24.27
2021-12-30 15:00:00+05:30,304.94,24.65
2021-12-30 16:00:00+05:30,197.93,24.89
2021-12-30 17:00:00+05:30,73.32,24.72
2021-12-30 18:00:00+05:30,8.82,23.82
2021-12-30 19:00:00+05:30,0.0,22.47
2021-12-30 20:00:00+05:30,0.0,21.76
2021-12-30 21:00:00+05:30,0.0,21.14
2021-12-30 22:00:00+05:30,0.0,20.64
2021-12-30 23:00:00+05:30,0.0,20.0
2021-12-31 00:00:00+05:30,0.0,18.94
2021-12-31 01:00:00+05:30,0.0,18.41
2021-12-31 02:00:00+05:30,0.0,17.65
2021-12-31 03:00:00+05:30,0.0,17.14
2021-12-31 04:00:00+05:30,0.0,16.65
2021-12-31 05:00:00+05:30,0.0,16.19
2021-12-31 06:00:00+05:30,0.0,15.83
2021-12-31 07:00:00+05:30,0.0,15.57
2021-12-31 08:00:00+05:30,66.27,15.47
2021-12-31 09:00:00+05:30,221.91,17.18
2021-12-31 10:00:00+05:30,375.07,19.86
2021-12-31 11:00:00+05:30,463.39,22.23
2021-12-31 12:00:00+05:30,517.86,23.82
2021-12-31 13:00:00+05:30,576.12,25.11
2021-12-31 14:00:00+05:30,505.94,26.13
2021-12-31 15:00:00+05:30,369.48,26.56
2021-12-31 16:00:00+05:30,241.01,26.52
2021-12-31 17:00:00+05:30,93.87,26.18
2021-12-31 18:00:00+05:30,10.13,25.05
2021-12-31 19:00:00+05:30,0.0,23.17
2021-12-31 20:00:00+05:30,0.0,21.9
2021-12-31 21:00:00+05:30,0.0,21.09
2021-12-31 22:00:00+05:30,0.0,20.37
2021-12-31 23:00:00+05:30,0.0,19.76
2022-01-01 00:00:00+05:30,0.0,18.9
2022-01-01 01:00:00+05:30,0.0,18.05
2022-01-01 02:00:00+05:30,0.0,17.48
2022-01-01 03:00:00+05:30,0.0,17.16
2022-01-01 04:00:00+05:30,0.0,16.86
2022-01-01 05:00:00+05:30,0.0,16.43
2022-01-01 06:00:00+05:30,0.0,16.51
2022-01-01 07:00:00+05:30,0.0,16.05
2022-01-01 08:00:00+05:30,65.57,15.9
2022-01-01 09:00:00+05:30,223.81,18.05
2022-01-01 10:00:00+05:30,380.95,20.66
2022-01-01 11:00:00+05:30,502.93,22.76
2022-01-01 12:00:00+05:30,561.71,24.51
2022-01-01 13:00:00+05:30,550.37,25.63
2022-01-01 14:00:00+05:30,506.72,26.46
2022-01-01 15:00:00+05:30,350.02,26.89
2022-01-01 16:00:00+05:30,240.47,26.79
2022-01-01 17:00:00+05:30,89.16,26.52
2022-01-01 18:00:00+05:30,10.28,25.53
2022-01-01 19:00:00+05:30,0.0,23.85
2022-01-01 20:00:00+05:30,0.0,22.82
2022-01-01 21:00:00+05:30,0.0,21.68
2022-01-01 22:00:00+05:30,0.0,20.71
2022-01-01 23:00:00+05:30,0.0,19.87
2022-01-02 00:00:00+05:30,0.0,19.13
2022-01-02 01:00:00+05:30,0.0,18.6
2022-01-02 02:00:00+05:30,0.0,17.74
2022-01-02 03:00:00+05:30,0.0,17.43
2022-01-02 04:00:00+05:30,0.0,16.98
2022-01-02 05:00:00+05:30,0.0,16.9
2022-01-02 06:00:00+05:30,0.0,16.59
2022-01-02 07:00:00+05:30,0.0,16.4
2022-01-02 08:00:00+05:30,58.86,16.74
2022-01-02 09:00:00+05:30,196.69,19.08
2022-01-02 10:00:00+05:30,353.89,21.36
2022-01-02 11:00:00+05:30,492.55,23.36
2022-01-02 12:00:00+05:30,378.63,25.02
2022-01-02 13:00:00+05:30,497.55,25.38
2022-01-02 14:00:00+05:30,340.42,26.2
2022-01-02 15:00:00+05:30,327.14,26.14
2022-01-02 16:00:00+05:30,180.55,26.27
2022-01-02 17:00:00+05:30,84.15,25.75
2022-01-02 18:00:00+05:30,8.92,25.15
2022-01-02 19:00:00+05:30,0.0,23.68
2022-01-02 20:00:00+05:30,0.0,22.42
2022-01-02 21:00:00+05:30,0.0,21.62
2022-01-02 22:00:00+05:30,0.0,20.73
2022-01-02 23:00:00+05:30,0.0,19.76
2022-01-03 00:00:00+05:30,0.0,19.22
2022-01-03 01:00:00+05:30,0.0,18.92
2022-01-03 02:00:00+05:30,0.0,18.28
2022-01-03 03:00:00+05:30,0.0,17.81
2022-01-03 04:00:00+05:30,0.0,17.31
2022-01-03 05:00:00+05:30,0.0,16.72
2022-01-03 06:00:00+05:30,0.0,16.4
2022-01-03 07:00:00+05:30,0.0,15.91
2022-01-03 08:00:00+05:30,64.42,15.64
2022-01-03 09:00:00+05:30,222.92,18.31
2022-01-03 10:00:00+05:30,380.62,21.26
2022-01-03 11:00:00+05:30,502.91,23.3
2022-01-03 12:00:00+05:30,572.48,24.94
2022-01-03 13:00:00+05:30,574.16,26.07
2022-01-03 14:00:00+05:30,487.48,26.84
2022-01-03 15:00:00+05:30,370.2,27.15
2022-01-03 16:00:00+05:30,205.39,27.14
2022-01-03 17:00:00+05:30,82.84,26.85
2022-01-03 18:00:00+05:30,9.79,25.94
2022-01-03 19:00:00+05:30,0.0,24.59
2022-01-03 20:00:00+05:30,0.0,23.59
2022-01-03 21:00:00+05:30,0.0,22.08
2022-01-03 22:00:00+05:30,0.0,21.01
2022-01-03 23:00:00+05:30,0.0,21.7
2022-01-04 00:00:00+05:30,0.0,20.72
2022-01-04 01:00:00+05:30,0.0,18.85
2022-01-04 02:00:00+05:30,0.0,17.53
2022-01-04 03:00:00+05:30,0.0,17.01
2022-01-04 04:00:00+05:30,0.0,16.83
2022-01-04 05:00:00+05:30,0.0,17.13
2022-01-04 06:00:00+05:30,0.0,17.03
2022-01-04 07:00:00+05:30,0.0,16.49
2022-01-04 08:00:00+05:30,63.8,15.87
2022-01-04 09:00:00+05:30,223.85,17.76
2022-01-04 10:00:00+05:30,383.97,21.42
2022-01-04 11:00:00+05:30,506.96,23.5
2022-01-04 12:00:00+05:30,576.79,25.18
2022-01-04 13:00:00+05:30,585.33,26.26
2022-01-04 14:00:00+05:30,531.67,27.07
2022-01-04 15:00:00+05:30,421.81,27.48
2022-01-04 16:00:00+05:30,269.83,27.55
2022-01-04 17:00:00+05:30,104.75,27.16
2022-01-04 18:00:00+05:30,12.42,25.94
2022-01-04 19:00:00+05:30,0.0,24.2
2022-01-04 20:00:00+05:30,0.0,22.95
2022-01-04 21:00:00+05:30,0.0,21.77
2022-01-04 22:00:00+05:30,0.0,20.43
2022-01-04 23:00:00+05:30,0.0,19.61
2022-01-05 00:00:00+05:30,0.0,19.24
2022-01-05 01:00:00+05:30,0.0,18.73
2022-01-05 02:00:00+05:30,0.0,17.17
2022-01-05 03:00:00+05:30,0.0,16.42
2022-01-05 04:00:00+05:30,0.0,16.23
2022-01-05 05:00:00+05:30,0.0,15.8
2022-01-05 06:00:00+05:30,0.0,15.41
2022-01-05 07:00:00+05:30,0.0,15.13
2022-01-05 08:00:00+05:30,63.5,14.98
2022-01-05 09:00:00+05:30,224.18,17.4
2022-01-05 10:00:00+05:30,383.9,21.91
2022-01-05 11:00:00+05:30,507.72,24.11
2022-01-05 12:00:00+05:30,576.1,25.79
2022-01-05 13:00:00+05:30,584.89,26.83
2022-01-05 14:00:00+05:30,531.85,27.48
2022-01-05 15:00:00+05:30,421.24,27.85
2022-01-05 16:00:00+05:30,270.9,27.88
2022-01-05 17:00:00+05:30,106.25,27.61
2022-01-05 18:00:00+05:30,12.86,26.87
2022-01-05 19:00:00+05:30,0.0,25.33
2022-01-05 20:00:00+05:30,0.0,23.3
2022-01-05 21:00:00+05:30,0.0,21.12
2022-01-05 22:00:00+05:30,0.0,19.64
2022-01-05 23:00:00+05:30,0.0,18.74
2022-01-06 00:00:00+05:30,0.0,18.18
2022-01-06 01:00:00+05:30,0.0,17.37
2022-01-06 02:00:00+05:30,0.0,16.86
2022-01-06 03:00:00+05:30,0.0,16.63
2022-01-06 04:00:00+05:30,0.0,17.03
2022-01-06 05:00:00+05:30,0.0,17.16
2022-01-06 06:00:00+05:30,0.0,17.13
2022-01-06 07:00:00+05:30,0.0,16.4
2022-01-06 08:00:00+05:30,65.0,15.91
2022-01-06 09:00:00+05:30,209.97,17.47
2022-01-06 10:00:00+05:30,380.9,20.68
2022-01-06 11:00:00+05:30,510.33,23.66
2022-01-06 12:00:00+05:30,581.61,25.6
2022-01-06 13:00:00+05:30,590.14,26.61
2022-01-06 14:00:00+05:30,528.4,27.43
2022-01-06 15:00:00+05:30,400.76,27.92
2022-01-06 16:00:00+05:30,203.09,27.97
2022-01-06 17:00:00+05:30,108.55,27.26
2022-01-06 18:00:00+05:30,12.86,26.02
2022-01-06 19:00:00+05:30,0.0,23.73
2022-01-06 20:00:00+05:30,0.0,22.03
2022-01-06 21:00:00+05:30,0.0,20.87
2022-01-06 22:00:00+05:30,0.0,19.93
2022-01-06 23:00:00+05:30,0.0,19.1
2022-01-07 00:00:00+05:30,0.0,18.18
2022-01-07 01:00:00+05:30,0.0,18.0
2022-01-07 02:00:00+05:30,0.0,17.53
2022-01-07 03:00:00+05:30,0.0,17.22
2022-01-07 04:00:00+05:30,0.0,16.97
2022-01-07 05:00:00+05:30,0.0,16.59
2022-01-07 06:00:00+05:30,0.0,16.04
2022-01-07 07:00:00+05:30,0.0,15.61
2022-01-07 08:00:00+05:30,67.89,15.28
2022-01-07 09:00:00+05:30,214.26,16.48
2022-01-07 10:00:00+05:30,381.8,19.7
2022-01-07 11:00:00+05:30,507.71,22.83
2022-01-07 12:00:00+05:30,557.41,24.9
2022-01-07 13:00:00+05:30,544.08,26.22
2022-01-07 14:00:00+05:30,507.89,27.16
2022-01-07 15:00:00+05:30,355.27,27.67
2022-01-07 16:00:00+05:30,215.5,27.46
2022-01-07 17:00:00+05:30,108.83,26.72
2022-01-07 18:00:00+05:30,13.74,25.35
2022-01-07 19:00:00+05:30,0.0,23.25
2022-01-07 20:00:00+05:30,0.0,21.46
2022-01-07 21:00:00+05:30,0.0,20.13
2022-01-07 22:00:00+05:30,0.0,19.09
2022-01-07 23:00:00+05:30,0.0,18.35
2022-01-08 00:00:00+05:30,0.0,17.72
2022-01-08 01:00:00+05:30,0.0,17.61
2022-01-08 02:00:00+05:30,0.0,17.23
2022-01-08 03:00:00+05:30,0.0,16.86
2022-01-08 04:00:00+05:30,0.0,16.56
2022-01-08 05:00:00+05:30,0.0,16.26
2022-01-08 06:00:00+05:30,0.0,16.35
2022-01-08 07:00:00+05:30,0.0,16.09
2022-01-08 08:00:00+05:30,52.19,15.95
2022-01-08 09:00:00+05:30,143.12,16.28
2022-01-08 10:00:00+05:30,304.27,17.31
2022-01-08 11:00:00+05:30,408.88,19.64
2022-01-08 12:00:00+05:30,497.08,21.46
2022-01-08 13:00:00+05:30,493.14,23.09
2022-01-08 14:00:00+05:30,455.02,24.03
2022-01-08 15:00:00+05:30,386.67,24.67
2022-01-08 16:00:00+05:30,238.56,24.99
2022-01-08 17:00:00+05:30,96.24,24.66
2022-01-08 18:00:00+05:30,11.11,23.74
2022-01-08 19:00:00+05:30,0.0,22.21
2022-01-08 20:00:00+05:30,0.0,20.87
2022-01-08 21:00:00+05:30,0.0,20.04
2022-01-08 22:00:00+05:30,0.0,19.2
2022-01-08 23:00:00+05:30,0.0,18.68
2022-01-09 00:00:00+05:30,0.0,18.3
2022-01-09 01:00:00+05:30,0.0,18.3
2022-01-09 02:00:00+05:30,0.0,18.34
2022-01-09 03:00:00+05:30,0.0,18.28
2022-01-09 04:00:00+05:30,0.0,18.19
2022-01-09 05:00:00+05:30,0.0,18.16
2022-01-09 06:00:00+05:30,0.0,18.08
2022-01-09 07:00:00+05:30,0.0,18.1
2022-01-09 08:00:00+05:30,27.46,18.14
2022-01-09 09:00:00+05:30,76.67,18.44
2022-01-09 10:00:00+05:30,147.8,18.95
2022-01-09 11:00:00+05:30,257.23,19.65
2022-01-09 12:00:00+05:30,352.87,20.99
2022-01-09 13:00:00+05:30,476.72,22.07
2022-01-09 14:00:00+05:30,427.19,23.18
2022-01-09 15:00:00+05:30,368.73,23.51
2022-01-09 16:00:00+05:30,235.62,23.5
2022-01-09 17:00:00+05:30,99.63,23.06
2022-01-09 18:00:00+05:30,13.4,22.11
2022-01-09 19:00:00+05:30,0.0,20.94
2022-01-09 20:00:00+05:30,0.0,19.85
2022-01-09 21:00:00+05:30,0.0,18.83
2022-01-09 22:00:00+05:30,0.0,17.81
2022-01-09 23:00:00+05:30,0.0,16.86
2022-01-10 00:00:00+05:30,0.0,15.87
2022-01-10 01:00:00+05:30,0.0,15.26
2022-01-10 02:00:00+05:30,0.0,14.75
2022-01-10 03:00:00+05:30,0.0,14.47
2022-01-10 04:00:00+05:30,0.0,14.69
2022-01-10 05:00:00+05:30,0.0,14.59
2022-01-10 06:00:00+05:30,0.0,14.37
2022-01-10 07:00:00+05:30,0.0,12.84
2022-01-10 08:00:00+05:30,63.2,12.47
2022-01-10 09:00:00+05:30,223.99,15.39
2022-01-10 10:00:00+05:30,389.08,18.17
2022-01-10 11:00:00+05:30,513.22,20.42
2022-01-10 12:00:00+05:30,588.76,22.22
2022-01-10 13:00:00+05:30,595.9,23.49
2022-01-10 14:00:00+05:30,518.21,24.87
2022-01-10 15:00:00+05:30,408.27,25.59
2022-01-10 16:00:00+05:30,278.19,25.6
2022-01-10 17:00:00+05:30,116.92,25.07
2022-01-10 18:00:00+05:30,15.15,23.75
2022-01-10 19:00:00+05:30,0.0,21.43
2022-01-10 20:00:00+05:30,0.0,19.84
2022-01-10 21:00:00+05:30,0.0,18.55
2022-01-10 22:00:00+05:30,0.0,17.24
2022-01-10 23:00:00+05:30,0.0,15.96
2022-01-11 00:00:00+05:30,0.0,15.19
2022-01-11 01:00:00+05:30,0.0,15.21
2022-01-11 02:00:00+05:30,0.0,15.41
2022-01-11 03:00:00+05:30,0.0,15.09
2022-01-11 04:00:00+05:30,0.0,15.03
2022-01-11 05:00:00+05:30,0.0,15.1
2022-01-11 06:00:00+05:30,0.0,14.65
2022-01-11 07:00:00+05:30,0.0,13.7
2022-01-11 08:00:00+05:30,65.71,12.87
2022-01-11 09:00:00+05:30,220.24,15.76
2022-01-11 10:00:00+05:30,358.97,18.78
2022-01-11 11:00:00+05:30,467.12,20.89
2022-01-11 12:00:00+05:30,594.89,22.62
2022-01-11 13:00:00+05:30,610.45,23.52
2022-01-11 14:00:00+05:30,537.3,24.49
2022-01-11 15:00:00+05:30,442.84,24.81
2022-01-11 16:00:00+05:30,294.73,24.73
2022-01-11 17:00:00+05:30,123.41,24.09
2022-01-11 18:00:00+05:30,15.83,22.77
2022-01-11 19:00:00+05:30,0.0,20.58
2022-01-11 20:00:00+05:30,0.0,18.85
2022-01-11 21:00:00+05:30,0.0,17.52
2022-01-11 22:00:00+05:30,0.0,16.44
2022-01-11 23:00:00+05:30,0.0,15.5
2022-01-12 00:00:00+05:30,0.0,14.58
2022-01-12 01:00:00+05:30,0.0,13.76
2022-01-12 02:00:00+05:30,0.0,13.96
2022-01-12 03:00:00+05:30,0.0,14.05
2022-01-12 04:00:00+05:30,0.0,13.77
2022-01-12 05:00:00+05:30,0.0,13.68
2022-01-12 06:00:00+05:30,0.0,13.32
2022-01-12 07:00:00+05:30,0.0,12.43
2022-01-12 08:00:00+05:30,58.84,12.37
2022-01-12 09:00:00+05:30,166.83,15.36
2022-01-12 10:00:00+05:30,293.92,17.34
2022-01-12 11:00:00+05:30,362.32,19.39
2022-01-12 12:00:00+05:30,430.31,20.96
2022-01-12 13:00:00+05:30,567.72,21.61
2022-01-12 14:00:00+05:30,547.78,22.97
2022-01-12 15:00:00+05:30,451.89,23.68
2022-01-12 16:00:00+05:30,295.18,23.99
2022-01-12 17:00:00+05:30,125.16,23.84
2022-01-12 18:00:00+05:30,16.37,23.32
2022-01-12 19:00:00+05:30,0.0,21.91
2022-01-12 20:00:00+05:30,0.0,20.18
2022-01-12 21:00:00+05:30,0.0,18.5
2022-01-12 22:00:00+05:30,0.0,17.03
2022-01-12 23:00:00+05:30,0.0,15.77
2022-01-13 00:00:00+05:30,0.0,14.91
2022-01-13 01:00:00+05:30,0.0,14.3
2022-01-13 02:00:00+05:30,0.0,14.13
2022-01-13 03:00:00+05:30,0.0,14.49
2022-01-13 04:00:00+05:30,0.0,14.06
2022-01-13 05:00:00+05:30,0.0,12.66
2022-01-13 06:00:00+05:30,0.0,12.63
2022-01-13 07:00:00+05:30,0.0,12.56
2022-01-13 08:00:00+05:30,62.71,12.34
2022-01-13 09:00:00+05:30,196.5,15.03
2022-01-13 10:00:00+05:30,273.86,17.43
2022-01-13 11:00:00+05:30,300.93,18.96
2022-01-13 12:00:00+05:30,389.03,20.39
2022-01-13 13:00:00+05:30,401.79,21.98
2022-01-13 14:00:00+05:30,330.59,22.71
2022-01-13 15:00:00+05:30,317.13,22.98
2022-01-13 16:00:00+05:30,220.81,23.36
2022-01-13 17:00:00+05:30,103.04,23.38
2022-01-13 18:00:00+05:30,14.27,22.8
2022-01-13 19:00:00+05:30,0.0,21.3
2022-01-13 20:00:00+05:30,0.0,19.33
2022-01-13 21:00:00+05:30,0.0,17.85
2022-01-13 22:00:00+05:30,0.0,17.16
2022-01-13 23:00:00+05:30,0.0,16.25
2022-01-14 00:00:00+05:30,0.0,15.45
2022-01-14 01:00:00+05:30,0.0,14.98
2022-01-14 02:00:00+05:30,0.0,14.35
2022-01-14 03:00:00+05:30,0.0,14.03
2022-01-14 04:00:00+05:30,0.0,13.76
2022-01-14 05:00:00+05:30,0.0,13.79
2022-01-14 06:00:00+05:30,0.0,13.74
2022-01-14 07:00:00+05:30,0.0,14.09
2022-01-14 08:00:00+05:30,39.25,14.34
2022-01-14 09:00:00+05:30,125.04,15.56
2022-01-14 10:00:00+05:30,214.79,17.59
2022-01-14 11:00:00+05:30,301.81,19.31
2022-01-14 12:00:00+05:30,412.9,20.77
2022-01-14 13:00:00+05:30,512.82,22.0
2022-01-14 14:00:00+05:30,387.83,23.23
2022-01-14 15:00:00+05:30,357.87,23.39
2022-01-14 16:00:00+05:30,235.44,23.88
2022-01-14 17:00:00+05:30,112.84,23.87
2022-01-14 18:00:00+05:30,14.66,23.34
2022-01-14 19:00:00+05:30,0.0,21.76
2022-01-14 20:00:00+05:30,0.0,20.36
2022-01-14 21:00:00+05:30,0.0,18.77
2022-01-14 22:00:00+05:30,0.0,17.27
2022-01-14 23:00:00+05:30,0.0,16.13
2022-01-15 00:00:00+05:30,0.0,15.38
2022-01-15 01:00:00+05:30,0.0,15.14
2022-01-15 02:00:00+05:30,0.0,14.94
2022-01-15 03:00:00+05:30,0.0,14.47
2022-01-15 04:00:00+05:30,0.0,13.84
2022-01-15 05:00:00+05:30,0.0,13.25
2022-01-15 06:00:00+05:30,0.0,12.88
2022-01-15 07:00:00+05:30,0.0,12.5
2022-01-15 08:00:00+05:30,61.14,12.35
2022-01-15 09:00:00+05:30,204.44,15.11
2022-01-15 10:00:00+05:30,367.69,16.97
2022-01-15 11:00:00+05:30,500.42,19.56
2022-01-15 12:00:00+05:30,595.87,21.44
2022-01-15 13:00:00+05:30,617.38,22.84
2022-01-15 14:00:00+05:30,553.88,23.96
2022-01-15 15:00:00+05:30,456.59,24.59
2022-01-15 16:00:00+05:30,300.61,24.85
2022-01-15 17:00:00+05:30,127.59,24.75
2022-01-15 18:00:00+05:30,17.78,23.97
2022-01-15 19:00:00+05:30,0.0,22.4
2022-01-15 20:00:00+05:30,0.0,21.09
2022-01-15 21:00:00+05:30,0.0,20.16
2022-01-15 22:00:00+05:30,0.0,19.11
2022-01-15 23:00:00+05:30,0.0,18.23
2022-01-16 00:00:00+05:30,0.0,17.42
2022-01-16 01:00:00+05:30,0.0,17.19
2022-01-16 02:00:00+05:30,0.0,16.83
2022-01-16 03:00:00+05:30,0.0,16.58
2022-01-16 04:00:00+05:30,0.0,16.24
2022-01-16 05:00:00+05:30,0.0,15.71
2022-01-16 06:00:00+05:30,0.0,15.4
2022-01-16 07:00:00+05:30,0.0,15.27
2022-01-16 08:00:00+05:30,63.92,15.21
2022-01-16 09:00:00+05:30,217.09,16.92
2022-01-16 10:00:00+05:30,355.34,19.6
2022-01-16 11:00:00+05:30,402.75,21.91
2022-01-16 12:00:00+05:30,479.09,23.1
2022-01-16 13:00:00+05:30,478.53,24.73
2022-01-16 14:00:00+05:30,518.66,25.53
2022-01-16 15:00:00+05:30,365.11,26.34
2022-01-16 16:00:00+05:30,219.96,26.28
2022-01-16 17:00:00+05:30,106.26,26.01
2022-01-16 18:00:00+05:30,16.91,25.15
2022-01-16 19:00:00+05:30,0.0,23.47
2022-01-16 20:00:00+05:30,0.0,22.24
2022-01-16 21:00:00+05:30,0.0,21.45
2022-01-16 22:00:00+05:30,0.0,20.62
2022-01-16 23:00:00+05:30,0.0,19.92
2022-01-17 00:00:00+05:30,0.0,19.29
2022-01-17 01:00:00+05:30,0.0,18.29
2022-01-17 02:00:00+05:30,0.0,17.88
2022-01-17 03:00:00+05:30,0.0,17.58
2022-01-17 04:00:00+05:30,0.0,17.49
2022-01-17 05:00:00+05:30,0.0,17.39
2022-01-17 06:00:00+05:30,0.0,17.21
2022-01-17 07:00:00+05:30,0.0,17.25
2022-01-17 08:00:00+05:30,54.34,17.08
2022-01-17 09:00:00+05:30,177.22,18.18
2022-01-17 10:00:00+05:30,328.08,19.93
2022-01-17 11:00:00+05:30,433.32,22.19
2022-01-17 12:00:00+05:30,436.55,23.64
2022-01-17 13:00:00+05:30,484.66,24.36
2022-01-17 14:00:00+05:30,469.96,25.2
2022-01-17 15:00:00+05:30,382.02,25.7
2022-01-17 16:00:00+05:30,260.22,25.77
2022-01-17 17:00:00+05:30,106.53,25.74
2022-01-17 18:00:00+05:30,15.93,25.06
2022-01-17 19:00:00+05:30,0.0,23.87
2022-01-17 20:00:00+05:30,0.0,22.6
2022-01-17 21:00:00+05:30,0.0,21.5
2022-01-17 22:00:00+05:30,0.0,20.31
2022-01-17 23:00:00+05:30,0.0,20.31
2022-01-18 00:00:00+05:30,0.0,20.3
2022-01-18 01:00:00+05:30,0.0,19.19
2022-01-18 02:00:00+05:30,0.0,18.0
2022-01-18 03:00:00+05:30,0.0,17.2
2022-01-18 04:00:00+05:30,0.0,16.66
2022-01-18 05:00:00+05:30,0.0,16.36
2022-01-18 06:00:00+05:30,0.0,16.36
2022-01-18 07:00:00+05:30,0.0,16.46
2022-01-18 08:00:00+05:30,66.07,16.16
2022-01-18 09:00:00+05:30,232.09,17.09
2022-01-18 10:00:00+05:30,397.97,20.94
2022-01-18 11:00:00+05:30,528.6,23.18
2022-01-18 12:00:00+05:30,608.17,24.73
2022-01-18 13:00:00+05:30,623.69,25.81
2022-01-18 14:00:00+05:30,571.99,26.62
2022-01-18 15:00:00+05:30,460.64,27.21
2022-01-18 16:00:00+05:30,312.02,27.37
2022-01-18 17:00:00+05:30,138.88,27.18
2022-01-18 18:00:00+05:30,18.76,26.36
2022-01-18 19:00:00+05:30,0.0,24.73
2022-01-18 20:00:00+05:30,0.0,23.21
2022-01-18 21:00:00+05:30,0.0,21.58
2022-01-18 22:00:00+05:30,0.0,20.2
2022-01-18 23:00:00+05:30,0.0,18.85
2022-01-19 00:00:00+05:30,0.0,17.95
2022-01-19 01:00:00+05:30,0.0,18.24
2022-01-19 02:00:00+05:30,0.0,18.15
2022-01-19 03:00:00+05:30,0.0,17.95
2022-01-19 04:00:00+05:30,0.0,17.84
2022-01-19 05:00:00+05:30,0.0,17.56
2022-01-19 06:00:00+05:30,0.0,16.94
2022-01-19 07:00:00+05:30,0.0,16.32
2022-01-19 08:00:00+05:30,67.97,16.31
2022-01-19 09:00:00+05:30,239.91,18.05
2022-01-19 10:00:00+05:30,410.27,21.07
2022-01-19 11:00:00+05:30,543.13,23.24
2022-01-19 12:00:00+05:30,619.87,25.01
2022-01-19 13:00:00+05:30,634.69,26.43
2022-01-19 14:00:00+05:30,585.16,27.37
2022-01-19 15:00:00+05:30,475.67,27.9
2022-01-19 16:00:00+05:30,319.81,27.99
2022-01-19 17:00:00+05:30,143.2,27.69
2022-01-19 18:00:00+05:30,19.0,26.74
2022-01-19 19:00:00+05:30,0.0,25.26
2022-01-19 20:00:00+05:30,0.0,23.39
2022-01-19 21:00:00+05:30,0.0,22.08
2022-01-19 22:00:00+05:30,0.0,22.29
2022-01-19 23:00:00+05:30,0.0,20.93
2022-01-20 00:00:00+05:30,0.0,18.36
2022-01-20 01:00:00+05:30,0.0,16.71
2022-01-20 02:00:00+05:30,0.0,16.28
2022-01-20 03:00:00+05:30,0.0,15.92
2022-01-20 04:00:00+05:30,0.0,15.68
2022-01-20 05:00:00+05:30,0.0,15.57
2022-01-20 06:00:00+05:30,0.0,15.45
2022-01-20 07:00:00+05:30,0.0,15.31
2022-01-20 08:00:00+05:30,68.02,15.09
2022-01-20 09:00:00+05:30,240.26,18.63
2022-01-20 10:00:00+05:30,411.13,22.97
2022-01-20 11:00:00+05:30,544.69,25.44
2022-01-20 12:00:00+05:30,625.74,27.21
2022-01-20 13:00:00+05:30,641.26,28.33
2022-01-20 14:00:00+05:30,591.31,29.04
2022-01-20 15:00:00+05:30,481.45,29.4
2022-01-20 16:00:00+05:30,324.99,29.27
2022-01-20 17:00:00+05:30,146.99,28.56
2022-01-20 18:00:00+05:30,19.54,27.01
2022-01-20 19:00:00+05:30,0.0,24.43
2022-01-20 20:00:00+05:30,0.0,22.35
2022-01-20 21:00:00+05:30,0.0,20.75
2022-01-20 22:00:00+05:30,0.0,19.37
2022-01-20 23:00:00+05:30,0.0,18.08
2022-01-21 00:00:00+05:30,0.0,16.85
2022-01-21 01:00:00+05:30,0.0,16.01
2022-01-21 02:00:00+05:30,0.0,15.35
2022-01-21 03:00:00+05:30,0.0,14.86
2022-01-21 04:00:00+05:30,0.0,14.47
2022-01-21 05:00:00+05:30,0.0,14.18
2022-01-21 06:00:00+05:30,0.0,13.91
2022-01-21 07:00:00+05:30,0.0,13.77
2022-01-21 08:00:00+05:30,70.0,13.72
2022-01-21 09:00:00+05:30,245.78,17.03
2022-01-21 10:00:00+05:30,417.78,22.23
2022-01-21 11:00:00+05:30,551.42,24.9
2022-01-21 12:00:00+05:30,629.92,26.6
2022-01-21 13:00:00+05:30,643.98,27.76
2022-01-21 14:00:00+05:30,593.38,28.57
2022-01-21 15:00:00+05:30,482.89,28.84
2022-01-21 16:00:00+05:30,326.28,28.62
2022-01-21 17:00:00+05:30,148.61,27.78
2022-01-21 18:00:00+05:30,20.12,26.32
2022-01-21 19:00:00+05:30,0.0,23.98
2022-01-21 20:00:00+05:30,0.0,22.02
2022-01-21 21:00:00+05:30,0.0,20.56
2022-01-21 22:00:00+05:30,0.0,19.37
2022-01-21 23:00:00+05:30,0.0,18.38
2022-01-22 00:00:00+05:30,0.0,17.57
2022-01-22 01:00:00+05:30,0.0,17.16
2022-01-22 02:00:00+05:30,0.0,16.95
2022-01-22 03:00:00+05:30,0.0,16.78
2022-01-22 04:00:00+05:30,0.0,16.55
2022-01-22 05:00:00+05:30,0.0,16.01
2022-01-22 06:00:00+05:30,0.0,15.96
2022-01-22 07:00:00+05:30,0.0,15.57
2022-01-22 08:00:00+05:30,55.7,15.66
2022-01-22 09:00:00+05:30,223.17,16.84
2022-01-22 10:00:00+05:30,379.82,19.62
2022-01-22 11:00:00+05:30,508.71,21.81
2022-01-22 12:00:00+05:30,585.72,23.46
2022-01-22 13:00:00+05:30,596.46,24.83
2022-01-22 14:00:00+05:30,536.29,25.44
2022-01-22 15:00:00+05:30,430.41,25.61
2022-01-22 16:00:00+05:30,307.78,25.29
2022-01-22 17:00:00+05:30,144.18,24.55
2022-01-22 18:00:00+05:30,20.02,23.21
2022-01-22 19:00:00+05:30,0.0,21.67
2022-01-22 20:00:00+05:30,0.0,20.23
2022-01-22 21:00:00+05:30,0.0,19.55
2022-01-22 22:00:00+05:30,0.0,18.8
2022-01-22 23:00:00+05:30,0.0,18.49
2022-01-23 00:00:00+05:30,0.0,18.38
2022-01-23 01:00:00+05:30,0.0,18.08
2022-01-23 02:00:00+05:30,0.0,18.02
2022-01-23 03:00:00+05:30,0.0,17.94
2022-01-23 04:00:00+05:30,0.0,17.71
2022-01-23 05:00:00+05:30,0.0,17.39
2022-01-23 06:00:00+05:30,0.0,17.21
2022-01-23 07:00:00+05:30,0.0,16.92
2022-01-23 08:00:00+05:30,51.26,16.41
2022-01-23 09:00:00+05:30,160.32,16.77
2022-01-23 10:00:00+05:30,283.42,17.37
2022-01-23 11:00:00+05:30,421.35,18.38
2022-01-23 12:00:00+05:30,514.99,19.53
2022-01-23 13:00:00+05:30,570.37,20.69
2022-01-23 14:00:00+05:30,539.47,21.46
2022-01-23 15:00:00+05:30,472.52,21.77
2022-01-23 16:00:00+05:30,320.64,21.84
2022-01-23 17:00:00+05:30,149.25,21.2
2022-01-23 18:00:00+05:30,23.24,20.02
2022-01-23 19:00:00+05:30,0.0,18.56
2022-01-23 20:00:00+05:30,0.0,17.58
2022-01-23 21:00:00+05:30,0.0,16.51
2022-01-23 22:00:00+05:30,0.0,15.62
2022-01-23 23:00:00+05:30,0.0,14.81
2022-01-24 00:00:00+05:30,0.0,14.0
2022-01-24 01:00:00+05:30,0.0,13.37
2022-01-24 02:00:00+05:30,0.0,12.72
2022-01-24 03:00:00+05:30,0.0,12.25
2022-01-24 04:00:00+05:30,0.0,12.07
2022-01-24 05:00:00+05:30,0.0,12.27
2022-01-24 06:00:00+05:30,0.0,11.97
2022-01-24 07:00:00+05:30,0.0,11.57
2022-01-24 08:00:00+05:30,73.94,11.27
2022-01-24 09:00:00+05:30,238.52,12.58
2022-01-24 10:00:00+05:30,422.47,14.69
2022-01-24 11:00:00+05:30,557.46,16.77
2022-01-24 12:00:00+05:30,639.17,18.59
2022-01-24 13:00:00+05:30,662.9,18.93
2022-01-24 14:00:00+05:30,616.13,20.38
2022-01-24 15:00:00+05:30,504.78,21.36
2022-01-24 16:00:00+05:30,345.05,21.9
2022-01-24 17:00:00+05:30,161.62,21.89
2022-01-24 18:00:00+05:30,22.61,21.48
2022-01-24 19:00:00+05:30,0.0,20.44
2022-01-24 20:00:00+05:30,0.0,18.87
2022-01-24 21:00:00+05:30,0.0,17.3
2022-01-24 22:00:00+05:30,0.0,17.05
2022-01-24 23:00:00+05:30,0.0,14.84
2022-01-25 00:00:00+05:30,0.0,13.19
2022-01-25 01:00:00+05:30,0.0,11.9
2022-01-25 02:00:00+05:30,0.0,11.33
2022-01-25 03:00:00+05:30,0.0,11.23
2022-01-25 04:00:00+05:30,0.0,11.72
2022-01-25 05:00:00+05:30,0.0,11.63
2022-01-25 06:00:00+05:30,0.0,11.75
2022-01-25 07:00:00+05:30,0.0,11.67
2022-01-25 08:00:00+05:30,75.54,10.67
2022-01-25 09:00:00+05:30,255.64,12.38
2022-01-25 10:00:00+05:30,432.79,16.5
2022-01-25 11:00:00+05:30,571.03,18.86
2022-01-25 12:00:00+05:30,654.92,20.94
2022-01-25 13:00:00+05:30,671.96,21.99
2022-01-25 14:00:00+05:30,621.96,23.18
2022-01-25 15:00:00+05:30,510.21,24.0
2022-01-25 16:00:00+05:30,349.47,24.38
2022-01-25 17:00:00+05:30,164.83,24.35
2022-01-25 18:00:00+05:30,22.9,23.82
2022-01-25 19:00:00+05:30,0.0,22.44
2022-01-25 20:00:00+05:30,0.0,20.34
2022-01-25 21:00:00+05:30,0.0,18.39
2022-01-25 22:00:00+05:30,0.0,16.59
2022-01-25 23:00:00+05:30,0.0,15.07
2022-01-26 00:00:00+05:30,0.0,13.98
2022-01-26 01:00:00+05:30,0.0,13.35
2022-01-26 02:00:00+05:30,0.0,13.25
2022-01-26 03:00:00+05:30,0.0,13.53
2022-01-26 04:00:00+05:30,0.0,13.42
2022-01-26 05:00:00+05:30,0.0,12.49
2022-01-26 06:00:00+05:30,0.0,11.61
2022-01-26 07:00:00+05:30,0.0,10.99
2022-01-26 08:00:00+05:30,76.05,10.5
2022-01-26 09:00:00+05:30,255.18,13.12
2022-01-26 10:00:00+05:30,432.02,16.94
2022-01-26 11:00:00+05:30,570.29,19.34
2022-01-26 12:00:00+05:30,650.75,21.58
2022-01-26 13:00:00+05:30,668.06,23.0
2022-01-26 14:00:00+05:30,618.72,24.31
2022-01-26 15:00:00+05:30,507.97,25.03
2022-01-26 16:00:00+05:30,348.86,25.33
2022-01-26 17:00:00+05:30,165.77,25.19
2022-01-26 18:00:00+05:30,23.34,24.61
2022-01-26 19:00:00+05:30,0.0,23.1
2022-01-26 20:00:00+05:30,0.0,21.28
2022-01-26 21:00:00+05:30,0.0,19.74
2022-01-26 22:00:00+05:30,0.0,18.12
2022-01-26 23:00:00+05:30,0.0,16.75
2022-01-27 00:00:00+05:30,0.0,15.55
2022-01-27 01:00:00+05:30,0.0,14.93
2022-01-27 02:00:00+05:30,0.0,14.18
2022-01-27 03:00:00+05:30,0.0,13.46
2022-01-27 04:00:00+05:30,0.0,12.86
2022-01-27 05:00:00+05:30,0.0,12.26
2022-01-27 06:00:00+05:30,0.0,11.75
2022-01-27 07:00:00+05:30,0.0,11.37
2022-01-27 08:00:00+05:30,76.6,11.08
2022-01-27 09:00:00+05:30,254.2,14.24
2022-01-27 10:00:00+05:30,429.65,17.57
2022-01-27 11:00:00+05:30,567.46,19.97
2022-01-27 12:00:00+05:30,647.94,22.15
2022-01-27 13:00:00+05:30,665.65,23.78
2022-01-27 14:00:00+05:30,617.06,25.01
2022-01-27 15:00:00+05:30,505.51,25.76
2022-01-27 16:00:00+05:30,349.58,25.96
2022-01-27 17:00:00+05:30,166.73,25.82
2022-01-27 18:00:00+05:30,23.87,25.08
2022-01-27 19:00:00+05:30,0.0,23.24
2022-01-27 20:00:00+05:30,0.0,21.54
2022-01-27 21:00:00+05:30,0.0,20.29
2022-01-27 22:00:00+05:30,0.0,19.21
2022-01-27 23:00:00+05:30,0.0,18.24
2022-01-28 00:00:00+05:30,0.0,17.34
2022-01-28 01:00:00+05:30,0.0,16.65
2022-01-28 02:00:00+05:30,0.0,15.87
2022-01-28 03:00:00+05:30,0.0,15.11
2022-01-28 04:00:00+05:30,0.0,14.34
2022-01-28 05:00:00+05:30,0.0,13.63
2022-01-28 06:00:00+05:30,0.0,12.97
2022-01-28 07:00:00+05:30,0.0,12.39
2022-01-28 08:00:00+05:30,78.54,11.98
2022-01-28 09:00:00+05:30,258.21,14.9
2022-01-28 10:00:00+05:30,435.36,18.13
2022-01-28 11:00:00+05:30,574.18,20.56
2022-01-28 12:00:00+05:30,656.24,22.68
2022-01-28 13:00:00+05:30,674.61,24.18
2022-01-28 14:00:00+05:30,626.34,25.25
2022-01-28 15:00:00+05:30,516.04,25.94
2022-01-28 16:00:00+05:30,356.73,26.23
2022-01-28 17:00:00+05:30,172.39,26.06
2022-01-28 18:00:00+05:30,24.46,25.25
2022-01-28 19:00:00+05:30,0.0,23.32
2022-01-28 20:00:00+05:30,0.0,21.81
2022-01-28 21:00:00+05:30,0.0,20.76
2022-01-28 22:00:00+05:30,0.0,19.52
2022-01-28 23:00:00+05:30,0.0,18.35
2022-01-29 00:00:00+05:30,0.0,17.3
2022-01-29 01:00:00+05:30,0.0,16.57
2022-01-29 02:00:00+05:30,0.0,15.56
2022-01-29 03:00:00+05:30,0.0,14.62
2022-01-29 04:00:00+05:30,0.0,13.77
2022-01-29 05:00:00+05:30,0.0,13.05
2022-01-29 06:00:00+05:30,0.0,12.42
2022-01-29 07:00:00+05:30,0.0,11.8
2022-01-29 08:00:00+05:30,80.8,11.38
2022-01-29 09:00:00+05:30,264.21,14.49
2022-01-29 10:00:00+05:30,444.13,18.48
2022-01-29 11:00:00+05:30,584.94,21.06
2022-01-29 12:00:00+05:30,670.61,23.26
2022-01-29 13:00:00+05:30,689.58,24.75
2022-01-29 14:00:00+05:30,640.59,25.94
2022-01-29 15:00:00+05:30,528.57,26.71
2022-01-29 16:00:00+05:30,366.68,26.98
2022-01-29 17:00:00+05:30,178.51,26.78
2022-01-29 18:00:00+05:30,25.14,25.85
2022-01-29 19:00:00+05:30,0.0,24.1
2022-01-29 20:00:00+05:30,0.0,22.36
2022-01-29 21:00:00+05:30,0.0,20.59
2022-01-29 22:00:00+05:30,0.0,18.97
2022-01-29 23:00:00+05:30,0.0,18.76
2022-01-30 00:00:00+05:30,0.0,18.47
2022-01-30 01:00:00+05:30,0.0,18.6
2022-01-30 02:00:00+05:30,0.0,18.09
2022-01-30 03:00:00+05:30,0.0,17.36
2022-01-30 04:00:00+05:30,0.0,16.73
2022-01-30 05:00:00+05:30,0.0,16.21
2022-01-30 06:00:00+05:30,0.0,14.54
2022-01-30 07:00:00+05:30,0.0,14.12
2022-01-30 08:00:00+05:30,82.55,14.81
2022-01-30 09:00:00+05:30,267.48,16.33
2022-01-30 10:00:00+05:30,447.86,20.07
2022-01-30 11:00:00+05:30,588.81,23.05
2022-01-30 12:00:00+05:30,671.77,25.28
2022-01-30 13:00:00+05:30,689.55,26.64
2022-01-30 14:00:00+05:30,640.33,27.69
2022-01-30 15:00:00+05:30,528.78,28.39
2022-01-30 16:00:00+05:30,367.52,28.67
2022-01-30 17:00:00+05:30,180.18,28.5
2022-01-30 18:00:00+05:30,25.63,27.81
2022-01-30 19:00:00+05:30,0.0,26.11
2022-01-30 20:00:00+05:30,0.0,23.59
2022-01-30 21:00:00+05:30,0.0,21.3
2022-01-30 22:00:00+05:30,0.0,19.32
2022-01-30 23:00:00+05:30,0.0,17.96
2022-01-31 00:00:00+05:30,0.0,16.93
2022-01-31 01:00:00+05:30,0.0,16.35
2022-01-31 02:00:00+05:30,0.0,15.8
2022-01-31 03:00:00+05:30,0.0,15.38
2022-01-31 04:00:00+05:30,0.0,15.15
2022-01-31 05:00:00+05:30,0.0,15.05
2022-01-31 06:00:00+05:30,0.0,15.34
2022-01-31 07:00:00+05:30,0.0,16.07
2022-01-31 08:00:00+05:30,83.64,16.22
2022-01-31 09:00:00+05:30,268.35,17.74
2022-01-31 10:00:00+05:30,449.02,21.97
2022-01-31 11:00:00+05:30,590.11,24.73
2022-01-31 12:00:00+05:30,673.15,26.57
2022-01-31 13:00:00+05:30,691.21,27.92
2022-01-31 14:00:00+05:30,641.9,28.92
2022-01-31 15:00:00+05:30,530.14,29.51
2022-01-31 16:00:00+05:30,369.2,29.74
2022-01-31 17:00:00+05:30,182.38,29.49
2022-01-31 18:00:00+05:30,26.02,28.65
2022-01-31 19:00:00+05:30,0.0,26.71
2022-01-31 20:00:00+05:30,0.0,23.9
2022-01-31 21:00:00+05:30,0.0,21.69
2022-01-31 22:00:00+05:30,0.0,20.34
2022-01-31 23:00:00+05:30,0.0,19.18
2022-02-01 00:00:00+05:30,0.0,17.95
2022-02-01 01:00:00+05:30,0.0,16.72
2022-02-01 02:00:00+05:30,0.0,16.01
2022-02-01 03:00:00+05:30,0.0,15.74
2022-02-01 04:00:00+05:30,0.0,16.33
2022-02-01 05:00:00+05:30,0.0,16.46
2022-02-01 06:00:00+05:30,0.0,16.68
2022-02-01 07:00:00+05:30,0.0,16.71
2022-02-01 08:00:00+05:30,85.67,16.62
2022-02-01 09:00:00+05:30,272.13,17.93
2022-02-01 10:00:00+05:30,453.53,22.04
2022-02-01 11:00:00+05:30,594.84,24.94
2022-02-01 12:00:00+05:30,677.36,26.99
2022-02-01 13:00:00+05:30,695.45,28.23
2022-02-01 14:00:00+05:30,646.22,29.26
2022-02-01 15:00:00+05:30,534.55,29.82
2022-02-01 16:00:00+05:30,373.15,30.05
2022-02-01 17:00:00+05:30,185.37,29.84
2022-02-01 18:00:00+05:30,26.5,29.05
2022-02-01 19:00:00+05:30,0.0,27.17
2022-02-01 20:00:00+05:30,0.0,24.61
2022-02-01 21:00:00+05:30,0.0,22.27
2022-02-01 22:00:00+05:30,0.0,20.54
2022-02-01 23:00:00+05:30,0.0,19.21
2022-02-02 00:00:00+05:30,0.0,18.01
2022-02-02 01:00:00+05:30,0.0,17.38
2022-02-02 02:00:00+05:30,0.0,17.3
2022-02-02 03:00:00+05:30,0.0,17.77
2022-02-02 04:00:00+05:30,0.0,17.93
2022-02-02 05:00:00+05:30,0.0,18.22
2022-02-02 06:00:00+05:30,0.0,18.48
2022-02-02 07:00:00+05:30,0.0,18.48
2022-02-02 08:00:00+05:30,86.93,18.43
2022-02-02 09:00:00+05:30,273.44,19.32
2022-02-02 10:00:00+05:30,455.18,23.32
2022-02-02 11:00:00+05:30,597.03,26.12
2022-02-02 12:00:00+05:30,681.08,28.09
2022-02-02 13:00:00+05:30,699.31,29.34
2022-02-02 14:00:00+05:30,649.51,30.48
2022-02-02 15:00:00+05:30,537.08,31.17
2022-02-02 16:00:00+05:30,374.84,31.26
2022-02-02 17:00:00+05:30,187.07,30.63
2022-02-02 18:00:00+05:30,15.33,29.05
2022-02-02 19:00:00+05:30,0.0,26.17
2022-02-02 20:00:00+05:30,0.0,23.82
2022-02-02 21:00:00+05:30,0.0,22.08
2022-02-02 22:00:00+05:30,0.0,20.57
2022-02-02 23:00:00+05:30,0.0,19.43
2022-02-03 00:00:00+05:30,0.0,18.44
2022-02-03 01:00:00+05:30,0.0,17.72
2022-02-03 02:00:00+05:30,0.0,17.04
2022-02-03 03:00:00+05:30,0.0,16.42
2022-02-03 04:00:00+05:30,0.0,15.83
2022-02-03 05:00:00+05:30,0.0,15.2
2022-02-03 06:00:00+05:30,0.0,14.46
2022-02-03 07:00:00+05:30,0.0,13.7
2022-02-03 08:00:00+05:30,91.57,13.17
2022-02-03 09:00:00+05:30,285.74,16.03
2022-02-03 10:00:00+05:30,473.77,22.14
2022-02-03 11:00:00+05:30,619.41,25.33
2022-02-03 12:00:00+05:30,704.33,27.08
2022-02-03 13:00:00+05:30,720.82,27.67
2022-02-03 14:00:00+05:30,667.86,28.12
2022-02-03 15:00:00+05:30,551.4,28.15
2022-02-03 16:00:00+05:30,385.44,27.73
2022-02-03 17:00:00+05:30,193.66,26.79
2022-02-03 18:00:00+05:30,23.99,25.26
2022-02-03 19:00:00+05:30,0.0,23.02
2022-02-03 20:00:00+05:30,0.0,20.89
2022-02-03 21:00:00+05:30,0.0,19.29
2022-02-03 22:00:00+05:30,0.0,18.01
2022-02-03 23:00:00+05:30,0.0,16.96
2022-02-04 00:00:00+05:30,0.0,16.07
2022-02-04 01:00:00+05:30,0.0,15.62
2022-02-04 02:00:00+05:30,0.0,15.28
2022-02-04 03:00:00+05:30,0.0,15.14
2022-02-04 04:00:00+05:30,0.0,15.09
2022-02-04 05:00:00+05:30,0.0,15.03
2022-02-04 06:00:00+05:30,0.0,15.12
2022-02-04 07:00:00+05:30,0.0,15.51
2022-02-04 08:00:00+05:30,61.61,16.13
2022-02-04 09:00:00+05:30,196.51,16.95
2022-02-04 10:00:00+05:30,408.95,18.04
2022-02-04 11:00:00+05:30,584.67,20.0
2022-02-04 12:00:00+05:30,669.97,22.14
2022-02-04 13:00:00+05:30,708.82,23.69
2022-02-04 14:00:00+05:30,657.03,25.1
2022-02-04 15:00:00+05:30,548.4,25.93
2022-02-04 16:00:00+05:30,386.47,26.24
2022-02-04 17:00:00+05:30,196.09,25.99
2022-02-04 18:00:00+05:30,26.09,25.16
2022-02-04 19:00:00+05:30,0.0,23.41
2022-02-04 20:00:00+05:30,0.0,21.58
2022-02-04 21:00:00+05:30,0.0,19.92
2022-02-04 22:00:00+05:30,0.0,18.21
2022-02-04 23:00:00+05:30,0.0,16.66
2022-02-05 00:00:00+05:30,0.0,15.5
2022-02-05 01:00:00+05:30,0.0,14.67
2022-02-05 02:00:00+05:30,0.0,14.22
2022-02-05 03:00:00+05:30,0.0,13.98
2022-02-05 04:00:00+05:30,0.0,14.32
2022-02-05 05:00:00+05:30,0.0,14.26
2022-02-05 06:00:00+05:30,0.0,14.31
2022-02-05 07:00:00+05:30,0.0,14.43
2022-02-05 08:00:00+05:30,93.05,14.47
2022-02-05 09:00:00+05:30,282.22,16.2
2022-02-05 10:00:00+05:30,465.8,20.28
2022-02-05 11:00:00+05:30,609.02,22.93
2022-02-05 12:00:00+05:30,694.72,25.01
2022-02-05 13:00:00+05:30,713.7,26.3
2022-02-05 14:00:00+05:30,664.11,27.55
2022-02-05 15:00:00+05:30,551.25,28.37
2022-02-05 16:00:00+05:30,387.82,28.7
2022-02-05 17:00:00+05:30,197.18,28.58
2022-02-05 18:00:00+05:30,27.76,27.83
2022-02-05 19:00:00+05:30,0.0,26.11
2022-02-05 20:00:00+05:30,0.0,23.39
2022-02-05 21:00:00+05:30,0.0,21.1
2022-02-05 22:00:00+05:30,0.0,19.52
2022-02-05 23:00:00+05:30,0.0,18.34
2022-02-06 00:00:00+05:30,0.0,17.24
2022-02-06 01:00:00+05:30,0.0,16.16
2022-02-06 02:00:00+05:30,0.0,15.6
2022-02-06 03:00:00+05:30,0.0,15.38
2022-02-06 04:00:00+05:30,0.0,16.08
2022-02-06 05:00:00+05:30,0.0,16.48
2022-02-06 06:00:00+05:30,0.0,16.66
2022-02-06 07:00:00+05:30,0.0,14.55
2022-02-06 08:00:00+05:30,94.75,13.15
2022-02-06 09:00:00+05:30,284.84,16.29
2022-02-06 10:00:00+05:30,468.7,21.44
2022-02-06 11:00:00+05:30,611.57,24.06
2022-02-06 12:00:00+05:30,695.31,26.37
2022-02-06 13:00:00+05:30,713.61,27.85
2022-02-06 14:00:00+05:30,664.0,29.07
2022-02-06 15:00:00+05:30,551.63,29.79
2022-02-06 16:00:00+05:30,388.79,30.07
2022-02-06 17:00:00+05:30,198.69,29.92
2022-02-06 18:00:00+05:30,29.48,29.13
2022-02-06 19:00:00+05:30,0.0,27.34
2022-02-06 20:00:00+05:30,0.0,24.34
2022-02-06 21:00:00+05:30,0.0,21.96
2022-02-06 22:00:00+05:30,0.0,20.53
2022-02-06 23:00:00+05:30,0.0,19.5
2022-02-07 00:00:00+05:30,0.0,18.57
2022-02-07 01:00:00+05:30,0.0,17.86
2022-02-07 02:00:00+05:30,0.0,17.2
2022-02-07 03:00:00+05:30,0.0,16.48
2022-02-07 04:00:00+05:30,0.0,15.69
2022-02-07 05:00:00+05:30,0.0,15.14
2022-02-07 06:00:00+05:30,0.0,15.14
2022-02-07 07:00:00+05:30,0.0,15.75
2022-02-07 08:00:00+05:30,94.21,15.77
2022-02-07 09:00:00+05:30,280.32,17.97
2022-02-07 10:00:00+05:30,462.27,22.65
2022-02-07 11:00:00+05:30,604.58,25.42
2022-02-07 12:00:00+05:30,691.58,27.15
2022-02-07 13:00:00+05:30,712.18,28.04
2022-02-07 14:00:00+05:30,662.27,28.98
2022-02-07 15:00:00+05:30,551.04,29.68
2022-02-07 16:00:00+05:30,389.31,29.94
2022-02-07 17:00:00+05:30,200.54,29.63
2022-02-07 18:00:00+05:30,31.36,28.5
2022-02-07 19:00:00+05:30,0.0,26.03
2022-02-07 20:00:00+05:30,0.0,23.65
2022-02-07 21:00:00+05:30,0.0,21.89
2022-02-07 22:00:00+05:30,0.0,20.44
2022-02-07 23:00:00+05:30,0.0,19.26
2022-02-08 00:00:00+05:30,0.0,18.31
2022-02-08 01:00:00+05:30,0.0,17.45
2022-02-08 02:00:00+05:30,0.0,16.63
2022-02-08 03:00:00+05:30,0.0,15.79
2022-02-08 04:00:00+05:30,0.0,15.39
2022-02-08 05:00:00+05:30,0.0,15.01
2022-02-08 06:00:00+05:30,0.0,14.88
2022-02-08 07:00:00+05:30,0.0,14.85
2022-02-08 08:00:00+05:30,95.86,15.31
2022-02-08 09:00:00+05:30,282.02,17.6
2022-02-08 10:00:00+05:30,463.61,22.45
2022-02-08 11:00:00+05:30,605.9,25.2
2022-02-08 12:00:00+05:30,694.32,27.09
2022-02-08 13:00:00+05:30,712.09,28.18
2022-02-08 14:00:00+05:30,663.92,29.19
2022-02-08 15:00:00+05:30,553.39,29.55
2022-02-08 16:00:00+05:30,391.9,29.15
2022-02-08 17:00:00+05:30,203.13,27.97
2022-02-08 18:00:00+05:30,33.29,26.11
2022-02-08 19:00:00+05:30,0.0,23.89
2022-02-08 20:00:00+05:30,0.0,21.91
2022-02-08 21:00:00+05:30,0.0,20.39
2022-02-08 22:00:00+05:30,0.0,19.1
2022-02-08 23:00:00+05:30,0.0,17.98
2022-02-09 00:00:00+05:30,0.0,16.97
2022-02-09 01:00:00+05:30,0.0,16.23
2022-02-09 02:00:00+05:30,0.0,15.59
2022-02-09 03:00:00+05:30,0.0,15.11
2022-02-09 04:00:00+05:30,0.0,14.68
2022-02-09 05:00:00+05:30,0.0,14.56
2022-02-09 06:00:00+05:30,0.0,14.41
2022-02-09 07:00:00+05:30,0.0,14.06
2022-02-09 08:00:00+05:30,66.32,13.94
2022-02-09 09:00:00+05:30,211.43,14.7
2022-02-09 10:00:00+05:30,440.56,16.62
2022-02-09 11:00:00+05:30,622.93,19.99
2022-02-09 12:00:00+05:30,714.87,23.28
2022-02-09 13:00:00+05:30,733.77,25.25
2022-02-09 14:00:00+05:30,683.99,26.85
2022-02-09 15:00:00+05:30,570.24,27.87
2022-02-09 16:00:00+05:30,404.94,28.28
2022-02-09 17:00:00+05:30,211.23,28.08
2022-02-09 18:00:00+05:30,35.52,27.14
2022-02-09 19:00:00+05:30,0.0,24.89
2022-02-09 20:00:00+05:30,0.0,22.69
2022-02-09 21:00:00+05:30,0.0,21.02
2022-02-09 22:00:00+05:30,0.0,19.57
2022-02-09 23:00:00+05:30,0.0,18.29
2022-02-10 00:00:00+05:30,0.0,17.05
2022-02-10 01:00:00+05:30,0.0,15.95
2022-02-10 02:00:00+05:30,0.0,15.56
2022-02-10 03:00:00+05:30,0.0,15.15
2022-02-10 04:00:00+05:30,0.0,14.97
2022-02-10 05:00:00+05:30,0.0,14.95
2022-02-10 06:00:00+05:30,0.0,15.11
2022-02-10 07:00:00+05:30,0.0,14.71
2022-02-10 08:00:00+05:30,101.3,13.83
2022-02-10 09:00:00+05:30,290.41,16.92
2022-02-10 10:00:00+05:30,473.38,20.46
2022-02-10 11:00:00+05:30,616.13,23.1
2022-02-10 12:00:00+05:30,701.52,25.3
2022-02-10 13:00:00+05:30,721.04,26.64
2022-02-10 14:00:00+05:30,672.69,27.72
2022-02-10 15:00:00+05:30,562.24,28.36
2022-02-10 16:00:00+05:30,396.58,28.55
2022-02-10 17:00:00+05:30,207.66,28.36
2022-02-10 18:00:00+05:30,36.98,27.75
2022-02-10 19:00:00+05:30,0.0,26.15
2022-02-10 20:00:00+05:30,0.0,24.47
2022-02-10 21:00:00+05:30,0.0,23.21
2022-02-10 22:00:00+05:30,0.0,22.09
2022-02-10 23:00:00+05:30,0.0,21.24
2022-02-11 00:00:00+05:30,0.0,20.47
2022-02-11 01:00:00+05:30,0.0,20.45
2022-02-11 02:00:00+05:30,0.0,19.84
2022-02-11 03:00:00+05:30,0.0,19.06
2022-02-11 04:00:00+05:30,0.0,18.27
2022-02-11 05:00:00+05:30,0.0,17.51
2022-02-11 06:00:00+05:30,0.0,16.87
2022-02-11 07:00:00+05:30,0.0,16.39
2022-02-11 08:00:00+05:30,102.21,16.16
2022-02-11 09:00:00+05:30,291.17,18.34
2022-02-11 10:00:00+05:30,473.61,21.04
2022-02-11 11:00:00+05:30,618.95,23.47
2022-02-11 12:00:00+05:30,708.86,25.59
2022-02-11 13:00:00+05:30,730.11,26.97
2022-02-11 14:00:00+05:30,680.95,28.12
2022-02-11 15:00:00+05:30,566.31,28.81
2022-02-11 16:00:00+05:30,403.96,29.02
2022-02-11 17:00:00+05:30,212.78,28.83
2022-02-11 18:00:00+05:30,38.92,28.07
2022-02-11 19:00:00+05:30,0.0,26.31
2022-02-11 20:00:00+05:30,0.0,24.75
2022-02-11 21:00:00+05:30,0.0,23.47
2022-02-11 22:00:00+05:30,0.0,22.38
2022-02-11 23:00:00+05:30,0.0,21.37
2022-02-12 00:00:00+05:30,0.0,20.56
2022-02-12 01:00:00+05:30,0.0,19.76
2022-02-12 02:00:00+05:30,0.0,19.09
2022-02-12 03:00:00+05:30,0.0,18.39
2022-02-12 04:00:00+05:30,0.0,17.7
2022-02-12 05:00:00+05:30,0.0,17.08
2022-02-12 06:00:00+05:30,0.0,16.53
2022-02-12 07:00:00+05:30,0.0,15.88
2022-02-12 08:00:00+05:30,105.36,15.4
2022-02-12 09:00:00+05:30,296.57,18.62
2022-02-12 10:00:00+05:30,480.89,21.97
2022-02-12 11:00:00+05:30,625.23,24.53
2022-02-12 12:00:00+05:30,712.81,26.6
2022-02-12 13:00:00+05:30,732.74,27.76
2022-02-12 14:00:00+05:30,684.26,28.66
2022-02-12 15:00:00+05:30,571.42,29.15
2022-02-12 16:00:00+05:30,407.6,29.34
2022-02-12 17:00:00+05:30,215.08,29.13
2022-02-12 18:00:00+05:30,40.78,28.57
2022-02-12 19:00:00+05:30,0.0,27.0
2022-02-12 20:00:00+05:30,0.0,25.07
2022-02-12 21:00:00+05:30,0.0,23.73
2022-02-12 22:00:00+05:30,0.0,22.27
2022-02-12 23:00:00+05:30,0.0,22.64
2022-02-13 00:00:00+05:30,0.0,19.93
2022-02-13 01:00:00+05:30,0.0,18.44
2022-02-13 02:00:00+05:30,0.0,17.72
2022-02-13 03:00:00+05:30,0.0,17.82
2022-02-13 04:00:00+05:30,0.0,18.42
2022-02-13 05:00:00+05:30,0.0,18.62
2022-02-13 06:00:00+05:30,0.0,18.07
2022-02-13 07:00:00+05:30,0.0,16.66
2022-02-13 08:00:00+05:30,108.55,15.41
2022-02-13 09:00:00+05:30,300.67,18.76
2022-02-13 10:00:00+05:30,485.25,22.53
2022-02-13 11:00:00+05:30,629.11,25.04
2022-02-13 12:00:00+05:30,713.72,27.16
2022-02-13 13:00:00+05:30,732.69,28.36
2022-02-13 14:00:00+05:30,682.18,29.25
2022-02-13 15:00:00+05:30,572.71,29.84
2022-02-13 16:00:00+05:30,409.19,30.07
2022-02-13 17:00:00+05:30,216.78,29.85
2022-02-13 18:00:00+05:30,41.64,29.2
2022-02-13 19:00:00+05:30,0.0,27.94
2022-02-13 20:00:00+05:30,0.0,25.66
2022-02-13 21:00:00+05:30,0.0,23.49
2022-02-13 22:00:00+05:30,0.0,22.28
2022-02-13 23:00:00+05:30,0.0,21.14
2022-02-14 00:00:00+05:30,0.0,20.38
2022-02-14 01:00:00+05:30,0.0,19.5
2022-02-14 02:00:00+05:30,0.0,18.59
2022-02-14 03:00:00+05:30,0.0,17.6
2022-02-14 04:00:00+05:30,0.0,16.82
2022-02-14 05:00:00+05:30,0.0,16.5
2022-02-14 06:00:00+05:30,0.0,16.2
2022-02-14 07:00:00+05:30,0.0,15.91
2022-02-14 08:00:00+05:30,110.65,16.12
2022-02-14 09:00:00+05:30,303.3,18.51
2022-02-14 10:00:00+05:30,488.8,23.37
2022-02-14 11:00:00+05:30,633.62,25.65
2022-02-14 12:00:00+05:30,720.68,27.38
2022-02-14 13:00:00+05:30,740.05,28.49
2022-02-14 14:00:00+05:30,684.6,29.5
2022-02-14 15:00:00+05:30,565.38,30.07
2022-02-14 16:00:00+05:30,413.25,30.1
2022-02-14 17:00:00+05:30,221.6,29.6
2022-02-14 18:00:00+05:30,43.77,28.4
2022-02-14 19:00:00+05:30,0.0,26.2
2022-02-14 20:00:00+05:30,0.0,24.0
2022-02-14 21:00:00+05:30,0.0,22.42
2022-02-14 22:00:00+05:30,0.0,21.08
2022-02-14 23:00:00+05:30,0.0,19.84
2022-02-15 00:00:00+05:30,0.0,18.64
2022-02-15 01:00:00+05:30,0.0,17.55
2022-02-15 02:00:00+05:30,0.0,17.19
2022-02-15 03:00:00+05:30,0.0,17.61
2022-02-15 04:00:00+05:30,0.0,17.61
2022-02-15 05:00:00+05:30,0.0,17.55
2022-02-15 06:00:00+05:30,0.0,17.31
2022-02-15 07:00:00+05:30,0.0,16.85
2022-02-15 08:00:00+05:30,113.27,16.47
2022-02-15 09:00:00+05:30,308.36,18.78
2022-02-15 10:00:00+05:30,499.89,22.81
2022-02-15 11:00:00+05:30,646.39,25.35
2022-02-15 12:00:00+05:30,731.97,27.14
2022-02-15 13:00:00+05:30,751.18,28.06
2022-02-15 14:00:00+05:30,701.58,28.81
2022-02-15 15:00:00+05:30,588.04,29.4
2022-02-15 16:00:00+05:30,422.63,29.55
2022-02-15 17:00:00+05:30,226.76,29.22
2022-02-15 18:00:00+05:30,46.48,28.23
2022-02-15 19:00:00+05:30,0.0,25.94
2022-02-15 20:00:00+05:30,0.0,23.67
2022-02-15 21:00:00+05:30,0.0,22.06
2022-02-15 22:00:00+05:30,0.0,20.69
2022-02-15 23:00:00+05:30,0.0,19.54
2022-02-16 00:00:00+05:30,0.0,18.41
2022-02-16 01:00:00+05:30,0.0,17.67
2022-02-16 02:00:00+05:30,0.0,17.49
2022-02-16 03:00:00+05:30,0.0,17.22
2022-02-16 04:00:00+05:30,0.0,16.47
2022-02-16 05:00:00+05:30,0.0,15.7
2022-02-16 06:00:00+05:30,0.0,15.81
2022-02-16 07:00:00+05:30,0.0,16.15
2022-02-16 08:00:00+05:30,115.76,15.96
2022-02-16 09:00:00+05:30,310.65,17.79
2022-02-16 10:00:00+05:30,497.07,22.55
2022-02-16 11:00:00+05:30,637.34,24.94
2022-02-16 12:00:00+05:30,692.89,26.51
2022-02-16 13:00:00+05:30,686.04,27.53
2022-02-16 14:00:00+05:30,532.03,28.55
2022-02-16 15:00:00+05:30,498.62,28.51
2022-02-16 16:00:00+05:30,335.98,28.29
2022-02-16 17:00:00+05:30,169.48,27.51
2022-02-16 18:00:00+05:30,43.09,26.29
2022-02-16 19:00:00+05:30,0.0,24.55
2022-02-16 20:00:00+05:30,0.0,22.73
2022-02-16 21:00:00+05:30,0.0,21.41
2022-02-16 22:00:00+05:30,0.0,20.26
2022-02-16 23:00:00+05:30,0.0,19.15
2022-02-17 00:00:00+05:30,0.0,18.03
2022-02-17 01:00:00+05:30,0.0,17.46
2022-02-17 02:00:00+05:30,0.0,17.04
2022-02-17 03:00:00+05:30,0.0,16.3
2022-02-17 04:00:00+05:30,0.0,15.77
2022-02-17 05:00:00+05:30,0.0,15.22
2022-02-17 06:00:00+05:30,0.0,14.82
2022-02-17 07:00:00+05:30,0.0,14.66
2022-02-17 08:00:00+05:30,116.82,15.09
2022-02-17 09:00:00+05:30,295.62,18.16
2022-02-17 10:00:00+05:30,477.43,22.1
2022-02-17 11:00:00+05:30,644.69,24.66
2022-02-17 12:00:00+05:30,712.07,26.61
2022-02-17 13:00:00+05:30,709.72,27.32
2022-02-17 14:00:00+05:30,700.83,28.27
2022-02-17 15:00:00+05:30,570.14,29.07
2022-02-17 16:00:00+05:30,388.02,29.14
2022-02-17 17:00:00+05:30,213.64,28.83
2022-02-17 18:00:00+05:30,49.0,27.89
2022-02-17 19:00:00+05:30,0.0,25.91
2022-02-17 20:00:00+05:30,0.0,23.78
2022-02-17 21:00:00+05:30,0.0,22.45
2022-02-17 22:00:00+05:30,0.0,21.19
2022-02-17 23:00:00+05:30,0.0,20.0
2022-02-18 00:00:00+05:30,0.0,18.67
2022-02-18 01:00:00+05:30,0.0,17.89
2022-02-18 02:00:00+05:30,0.0,17.84
2022-02-18 03:00:00+05:30,0.0,18.18
2022-02-18 04:00:00+05:30,0.0,17.98
2022-02-18 05:00:00+05:30,0.0,18.0
2022-02-18 06:00:00+05:30,0.0,18.17
2022-02-18 07:00:00+05:30,0.0,18.07
2022-02-18 08:00:00+05:30,120.43,18.01
2022-02-18 09:00:00+05:30,315.73,19.42
2022-02-18 10:00:00+05:30,501.2,23.43
2022-02-18 11:00:00+05:30,631.51,25.7
2022-02-18 12:00:00+05:30,732.63,27.57
2022-02-18 13:00:00+05:30,742.57,29.05
2022-02-18 14:00:00+05:30,700.8,29.9
2022-02-18 15:00:00+05:30,569.73,30.42
2022-02-18 16:00:00+05:30,419.26,30.45
2022-02-18 17:00:00+05:30,193.09,30.17
2022-02-18 18:00:00+05:30,47.94,29.24
2022-02-18 19:00:00+05:30,0.0,27.11
2022-02-18 20:00:00+05:30,0.0,24.7
2022-02-18 21:00:00+05:30,0.0,23.06
2022-02-18 22:00:00+05:30,0.0,21.84
2022-02-18 23:00:00+05:30,0.0,20.94
2022-02-19 00:00:00+05:30,0.0,20.01
2022-02-19 01:00:00+05:30,0.0,19.25
2022-02-19 02:00:00+05:30,0.0,18.99
2022-02-19 03:00:00+05:30,0.0,19.06
2022-02-19 04:00:00+05:30,0.0,18.99
2022-02-19 05:00:00+05:30,0.0,19.05
2022-02-19 06:00:00+05:30,0.0,19.02
2022-02-19 07:00:00+05:30,0.0,19.57
2022-02-19 08:00:00+05:30,114.8,19.84
2022-02-19 09:00:00+05:30,311.67,21.13
2022-02-19 10:00:00+05:30,498.82,24.92
2022-02-19 11:00:00+05:30,634.42,27.03
2022-02-19 12:00:00+05:30,729.05,28.59
2022-02-19 13:00:00+05:30,726.7,29.88
2022-02-19 14:00:00+05:30,571.24,30.84
2022-02-19 15:00:00+05:30,492.95,31.28
2022-02-19 16:00:00+05:30,371.49,31.58
2022-02-19 17:00:00+05:30,192.52,31.5
2022-02-19 18:00:00+05:30,52.05,30.52
2022-02-19 19:00:00+05:30,0.0,28.37
2022-02-19 20:00:00+05:30,0.0,26.15
2022-02-19 21:00:00+05:30,0.0,24.42
2022-02-19 22:00:00+05:30,0.0,23.18
2022-02-19 23:00:00+05:30,0.0,22.23
2022-02-20 00:00:00+05:30,0.0,21.38
2022-02-20 01:00:00+05:30,0.0,20.57
2022-02-20 02:00:00+05:30,0.0,19.74
2022-02-20 03:00:00+05:30,0.0,18.93
2022-02-20 04:00:00+05:30,0.0,18.26
2022-02-20 05:00:00+05:30,0.0,17.71
2022-02-20 06:00:00+05:30,0.0,17.24
2022-02-20 07:00:00+05:30,0.0,16.81
2022-02-20 08:00:00+05:30,127.45,16.99
2022-02-20 09:00:00+05:30,327.5,20.25
2022-02-20 10:00:00+05:30,516.96,24.75
2022-02-20 11:00:00+05:30,664.38,27.17
2022-02-20 12:00:00+05:30,761.32,28.95
2022-02-20 13:00:00+05:30,782.1,30.46
2022-02-20 14:00:00+05:30,732.28,31.43
2022-02-20 15:00:00+05:30,617.0,31.88
2022-02-20 16:00:00+05:30,447.82,31.83
2022-02-20 17:00:00+05:30,246.47,31.29
2022-02-20 18:00:00+05:30,56.98,30.12
2022-02-20 19:00:00+05:30,0.0,27.72
2022-02-20 20:00:00+05:30,0.0,25.25
2022-02-20 21:00:00+05:30,0.0,23.52
2022-02-20 22:00:00+05:30,0.0,22.08
2022-02-20 23:00:00+05:30,0.0,20.84
2022-02-21 00:00:00+05:30,0.0,19.69
2022-02-21 01:00:00+05:30,0.0,18.52
2022-02-21 02:00:00+05:30,0.0,17.41
2022-02-21 03:00:00+05:30,0.0,16.88
2022-02-21 04:00:00+05:30,0.0,16.78
2022-02-21 05:00:00+05:30,0.0,17.02
2022-02-21 06:00:00+05:30,0.0,17.48
2022-02-21 07:00:00+05:30,0.0,17.62
2022-02-21 08:00:00+05:30,135.53,17.98
2022-02-21 09:00:00+05:30,340.88,20.21
2022-02-21 10:00:00+05:30,532.26,24.26
2022-02-21 11:00:00+05:30,679.58,26.74
2022-02-21 12:00:00+05:30,764.89,28.49
2022-02-21 13:00:00+05:30,783.57,29.8
2022-02-21 14:00:00+05:30,732.15,30.87
2022-02-21 15:00:00+05:30,615.92,31.53
2022-02-21 16:00:00+05:30,446.91,31.8
2022-02-21 17:00:00+05:30,246.53,31.69
2022-02-21 18:00:00+05:30,58.12,31.07
2022-02-21 19:00:00+05:30,0.0,29.13
2022-02-21 20:00:00+05:30,0.0,26.75
2022-02-21 21:00:00+05:30,0.0,24.28
2022-02-21 22:00:00+05:30,0.0,22.38
2022-02-21 23:00:00+05:30,0.0,20.93
2022-02-22 00:00:00+05:30,0.0,19.52
2022-02-22 01:00:00+05:30,0.0,19.0
2022-02-22 02:00:00+05:30,0.0,18.77
2022-02-22 03:00:00+05:30,0.0,19.11
2022-02-22 04:00:00+05:30,0.0,19.06
2022-02-22 05:00:00+05:30,0.0,19.42
2022-02-22 06:00:00+05:30,0.0,19.52
2022-02-22 07:00:00+05:30,0.0,19.74
2022-02-22 08:00:00+05:30,137.43,19.74
2022-02-22 09:00:00+05:30,342.05,20.86
2022-02-22 10:00:00+05:30,533.14,25.19
2022-02-22 11:00:00+05:30,680.46,27.71
2022-02-22 12:00:00+05:30,767.46,29.7
2022-02-22 13:00:00+05:30,787.11,31.19
2022-02-22 14:00:00+05:30,736.78,32.23
2022-02-22 15:00:00+05:30,621.05,32.9
2022-02-22 16:00:00+05:30,451.75,33.04
2022-02-22 17:00:00+05:30,250.3,32.91
2022-02-22 18:00:00+05:30,60.26,32.35
2022-02-22 19:00:00+05:30,0.0,30.39
2022-02-22 20:00:00+05:30,0.0,28.0
2022-02-22 21:00:00+05:30,0.0,25.35
2022-02-22 22:00:00+05:30,0.0,23.07
2022-02-22 23:00:00+05:30,0.0,21.37
2022-02-23 00:00:00+05:30,0.0,20.07
2022-02-23 01:00:00+05:30,0.0,19.41
2022-02-23 02:00:00+05:30,0.0,19.29
2022-02-23 03:00:00+05:30,0.0,19.69
2022-02-23 04:00:00+05:30,0.0,20.02
2022-02-23 05:00:00+05:30,0.0,19.96
2022-02-23 06:00:00+05:30,0.0,20.03
2022-02-23 07:00:00+05:30,0.0,19.58
2022-02-23 08:00:00+05:30,137.25,18.68
2022-02-23 09:00:00+05:30,338.25,20.85
2022-02-23 10:00:00+05:30,526.37,26.08
2022-02-23 11:00:00+05:30,672.41,28.99
2022-02-23 12:00:00+05:30,761.92,31.1
2022-02-23 13:00:00+05:30,781.98,32.54
2022-02-23 14:00:00+05:30,731.78,33.41
2022-02-23 15:00:00+05:30,616.18,33.9
2022-02-23 16:00:00+05:30,447.77,34.01
2022-02-23 17:00:00+05:30,248.16,33.82
2022-02-23 18:00:00+05:30,60.86,33.02
2022-02-23 19:00:00+05:30,0.0,31.28
2022-02-23 20:00:00+05:30,0.0,28.83
2022-02-23 21:00:00+05:30,0.0,26.15
2022-02-23 22:00:00+05:30,0.0,24.44
2022-02-23 23:00:00+05:30,0.0,23.3
2022-02-24 00:00:00+05:30,0.0,22.45
2022-02-24 01:00:00+05:30,0.0,21.67
2022-02-24 02:00:00+05:30,0.0,20.76
2022-02-24 03:00:00+05:30,0.0,20.65
2022-02-24 04:00:00+05:30,0.0,21.5
2022-02-24 05:00:00+05:30,0.0,21.41
2022-02-24 06:00:00+05:30,0.0,21.07
2022-02-24 07:00:00+05:30,0.0,20.91
2022-02-24 08:00:00+05:30,134.39,21.01
2022-02-24 09:00:00+05:30,339.03,23.54
2022-02-24 10:00:00+05:30,522.83,26.89
2022-02-24 11:00:00+05:30,662.02,29.06
2022-02-24 12:00:00+05:30,735.37,30.7
2022-02-24 13:00:00+05:30,762.48,31.62
2022-02-24 14:00:00+05:30,670.1,32.45
2022-02-24 15:00:00+05:30,595.46,32.77
2022-02-24 16:00:00+05:30,415.96,33.09
2022-02-24 17:00:00+05:30,213.38,32.66
2022-02-24 18:00:00+05:30,58.86,31.73
2022-02-24 19:00:00+05:30,0.0,29.79
2022-02-24 20:00:00+05:30,0.0,27.44
2022-02-24 21:00:00+05:30,0.0,25.91
2022-02-24 22:00:00+05:30,0.0,24.56
2022-02-24 23:00:00+05:30,0.0,23.44
2022-02-25 00:00:00+05:30,0.0,22.4
2022-02-25 01:00:00+05:30,0.0,21.45
2022-02-25 02:00:00+05:30,0.0,20.7
2022-02-25 03:00:00+05:30,0.0,20.58
2022-02-25 04:00:00+05:30,0.0,20.79
2022-02-25 05:00:00+05:30,0.0,20.87
2022-02-25 06:00:00+05:30,0.0,20.88
2022-02-25 07:00:00+05:30,0.0,20.87
2022-02-25 08:00:00+05:30,142.17,20.91
2022-02-25 09:00:00+05:30,339.58,22.04
2022-02-25 10:00:00+05:30,534.78,26.34
2022-02-25 11:00:00+05:30,679.58,28.7
2022-02-25 12:00:00+05:30,754.59,30.45
2022-02-25 13:00:00+05:30,754.59,31.58
2022-02-25 14:00:00+05:30,702.63,32.29
2022-02-25 15:00:00+05:30,513.39,32.72
2022-02-25 16:00:00+05:30,392.55,32.52
2022-02-25 17:00:00+05:30,191.77,32.4
2022-02-25 18:00:00+05:30,53.58,31.46
2022-02-25 19:00:00+05:30,0.0,29.49
2022-02-25 20:00:00+05:30,0.0,27.41
2022-02-25 21:00:00+05:30,0.0,25.69
2022-02-25 22:00:00+05:30,0.0,24.44
2022-02-25 23:00:00+05:30,0.0,23.29
2022-02-26 00:00:00+05:30,0.0,22.3
2022-02-26 01:00:00+05:30,0.0,21.27
2022-02-26 02:00:00+05:30,0.0,20.21
2022-02-26 03:00:00+05:30,0.0,19.7
2022-02-26 04:00:00+05:30,0.0,19.51
2022-02-26 05:00:00+05:30,0.0,19.83
2022-02-26 06:00:00+05:30,0.0,20.49
2022-02-26 07:00:00+05:30,10.04,20.72
2022-02-26 08:00:00+05:30,132.52,20.88
2022-02-26 09:00:00+05:30,309.39,23.15
2022-02-26 10:00:00+05:30,498.18,26.54
2022-02-26 11:00:00+05:30,649.68,28.9
2022-02-26 12:00:00+05:30,689.85,30.51
2022-02-26 13:00:00+05:30,756.55,31.04
2022-02-26 14:00:00+05:30,695.08,31.95
2022-02-26 15:00:00+05:30,592.52,32.59
2022-02-26 16:00:00+05:30,421.09,32.86
2022-02-26 17:00:00+05:30,221.64,32.66
2022-02-26 18:00:00+05:30,55.21,31.86
2022-02-26 19:00:00+05:30,0.0,29.92
2022-02-26 20:00:00+05:30,0.0,27.59
2022-02-26 21:00:00+05:30,0.0,25.7
2022-02-26 22:00:00+05:30,0.0,24.48
2022-02-26 23:00:00+05:30,0.0,23.51
2022-02-27 00:00:00+05:30,0.0,22.5
2022-02-27 01:00:00+05:30,0.0,21.33
2022-02-27 02:00:00+05:30,0.0,20.41
2022-02-27 03:00:00+05:30,0.0,20.77
2022-02-27 04:00:00+05:30,0.0,20.64
2022-02-27 05:00:00+05:30,0.0,20.45
2022-02-27 06:00:00+05:30,0.0,20.51
2022-02-27 07:00:00+05:30,9.84,20.75
2022-02-27 08:00:00+05:30,143.77,20.9
2022-02-27 09:00:00+05:30,345.93,22.34
2022-02-27 10:00:00+05:30,537.79,25.97
2022-02-27 11:00:00+05:30,692.72,28.13
2022-02-27 12:00:00+05:30,776.38,29.93
2022-02-27 13:00:00+05:30,794.38,30.79
2022-02-27 14:00:00+05:30,745.64,31.64
2022-02-27 15:00:00+05:30,610.9,32.19
2022-02-27 16:00:00+05:30,431.72,32.26
2022-02-27 17:00:00+05:30,220.88,32.16
2022-02-27 18:00:00+05:30,63.33,31.47
2022-02-27 19:00:00+05:30,0.0,30.13
2022-02-27 20:00:00+05:30,0.0,27.94
2022-02-27 21:00:00+05:30,0.0,26.09
2022-02-27 22:00:00+05:30,0.0,24.68
2022-02-27 23:00:00+05:30,0.0,23.66
2022-02-28 00:00:00+05:30,0.0,22.63
2022-02-28 01:00:00+05:30,0.0,21.44
2022-02-28 02:00:00+05:30,0.0,20.38
2022-02-28 03:00:00+05:30,0.0,19.88
2022-02-28 04:00:00+05:30,0.0,19.86
2022-02-28 05:00:00+05:30,0.0,20.12
2022-02-28 06:00:00+05:30,0.0,20.32
2022-02-28 07:00:00+05:30,11.25,20.49
2022-02-28 08:00:00+05:30,153.04,20.57
2022-02-28 09:00:00+05:30,358.31,21.83
2022-02-28 10:00:00+05:30,544.62,26.0
2022-02-28 11:00:00+05:30,694.06,28.09
2022-02-28 12:00:00+05:30,781.0,29.89
2022-02-28 13:00:00+05:30,789.22,31.06
2022-02-28 14:00:00+05:30,711.51,31.99
2022-02-28 15:00:00+05:30,563.33,32.43
2022-02-28 16:00:00+05:30,369.77,32.49
2022-02-28 17:00:00+05:30,175.2,32.17
2022-02-28 18:00:00+05:30,46.82,31.25
2022-02-28 19:00:00+05:30,0.0,29.41
2022-02-28 20:00:00+05:30,0.0,27.36
2022-02-28 21:00:00+05:30,0.0,25.83
2022-02-28 22:00:00+05:30,0.0,24.56
2022-02-28 23:00:00+05:30,0.0,23.45
2022-03-01 00:00:00+05:30,0.0,22.43
2022-03-01 01:00:00+05:30,0.0,21.54
2022-03-01 02:00:00+05:30,0.0,20.33
2022-03-01 03:00:00+05:30,0.0,19.65
2022-03-01 04:00:00+05:30,0.0,19.01
2022-03-01 05:00:00+05:30,0.0,18.64
2022-03-01 06:00:00+05:30,0.0,18.76
2022-03-01 07:00:00+05:30,11.74,20.02
2022-03-01 08:00:00+05:30,156.88,19.48
2022-03-01 09:00:00+05:30,364.31,22.14
2022-03-01 10:00:00+05:30,555.08,25.91
2022-03-01 11:00:00+05:30,701.55,28.3
2022-03-01 12:00:00+05:30,786.22,30.24
2022-03-01 13:00:00+05:30,783.15,31.49
2022-03-01 14:00:00+05:30,674.12,32.2
2022-03-01 15:00:00+05:30,541.37,32.46
2022-03-01 16:00:00+05:30,359.52,32.24
2022-03-01 17:00:00+05:30,195.13,31.99
2022-03-01 18:00:00+05:30,60.62,31.43
2022-03-01 19:00:00+05:30,0.0,30.07
2022-03-01 20:00:00+05:30,0.0,28.56
2022-03-01 21:00:00+05:30,0.0,26.53
2022-03-01 22:00:00+05:30,0.0,24.76
2022-03-01 23:00:00+05:30,0.0,23.41
2022-03-02 00:00:00+05:30,0.0,22.52
2022-03-02 01:00:00+05:30,0.0,21.09
2022-03-02 02:00:00+05:30,0.0,20.57
2022-03-02 03:00:00+05:30,0.0,20.08
2022-03-02 04:00:00+05:30,0.0,19.21
2022-03-02 05:00:00+05:30,0.0,18.59
2022-03-02 06:00:00+05:30,0.0,18.33
2022-03-02 07:00:00+05:30,12.08,18.21
2022-03-02 08:00:00+05:30,155.42,18.5
2022-03-02 09:00:00+05:30,359.9,22.57
2022-03-02 10:00:00+05:30,545.1,25.87
2022-03-02 11:00:00+05:30,700.43,28.47
2022-03-02 12:00:00+05:30,791.77,30.74
2022-03-02 13:00:00+05:30,766.73,32.22
2022-03-02 14:00:00+05:30,675.22,32.7
2022-03-02 15:00:00+05:30,502.14,32.87
2022-03-02 16:00:00+05:30,381.41,32.49
2022-03-02 17:00:00+05:30,206.33,32.42
2022-03-02 18:00:00+05:30,59.96,31.82
2022-03-02 19:00:00+05:30,0.0,30.2
2022-03-02 20:00:00+05:30,0.0,28.65
2022-03-02 21:00:00+05:30,0.0,26.61
2022-03-02 22:00:00+05:30,0.0,25.11
2022-03-02 23:00:00+05:30,0.0,24.05
2022-03-03 00:00:00+05:30,0.0,23.01
2022-03-03 01:00:00+05:30,0.0,22.47
2022-03-03 02:00:00+05:30,0.0,21.44
2022-03-03 03:00:00+05:30,0.0,20.61
2022-03-03 04:00:00+05:30,0.0,20.14
2022-03-03 05:00:00+05:30,0.0,19.66
2022-03-03 06:00:00+05:30,0.0,19.13
2022-03-03 07:00:00+05:30,12.57,18.65
2022-03-03 08:00:00+05:30,164.04,18.62
2022-03-03 09:00:00+05:30,373.38,22.55
2022-03-03 10:00:00+05:30,559.23,26.04
2022-03-03 11:00:00+05:30,697.79,28.52
2022-03-03 12:00:00+05:30,774.19,30.82
2022-03-03 13:00:00+05:30,804.09,32.3
2022-03-03 14:00:00+05:30,627.36,33.14
2022-03-03 15:00:00+05:30,461.75,32.89
2022-03-03 16:00:00+05:30,345.75,32.66
2022-03-03 17:00:00+05:30,190.01,32.5
2022-03-03 18:00:00+05:30,47.5,31.97
2022-03-03 19:00:00+05:30,0.0,30.72
2022-03-03 20:00:00+05:30,0.0,28.44
2022-03-03 21:00:00+05:30,0.0,26.57
2022-03-03 22:00:00+05:30,0.0,25.14
2022-03-03 23:00:00+05:30,0.0,24.48
2022-03-04 00:00:00+05:30,0.0,23.32
2022-03-04 01:00:00+05:30,0.0,22.5
2022-03-04 02:00:00+05:30,0.0,21.25
2022-03-04 03:00:00+05:30,0.0,21.0
2022-03-04 04:00:00+05:30,0.0,20.95
2022-03-04 05:00:00+05:30,0.0,20.98
2022-03-04 06:00:00+05:30,0.0,20.46
2022-03-04 07:00:00+05:30,13.11,19.81
2022-03-04 08:00:00+05:30,168.9,18.69
2022-03-04 09:00:00+05:30,378.12,22.51
2022-03-04 10:00:00+05:30,570.03,25.99
2022-03-04 11:00:00+05:30,716.15,28.91
2022-03-04 12:00:00+05:30,799.5,31.24
2022-03-04 13:00:00+05:30,780.66,32.09
2022-03-04 14:00:00+05:30,705.98,32.79
2022-03-04 15:00:00+05:30,588.54,33.19
2022-03-04 16:00:00+05:30,376.27,33.23
2022-03-04 17:00:00+05:30,227.99,32.82
2022-03-04 18:00:00+05:30,67.13,32.24
2022-03-04 19:00:00+05:30,0.0,30.92
2022-03-04 20:00:00+05:30,0.0,28.7
2022-03-04 21:00:00+05:30,0.0,26.55
2022-03-04 22:00:00+05:30,0.0,25.27
2022-03-04 23:00:00+05:30,0.0,24.01
2022-03-05 00:00:00+05:30,0.0,23.11
2022-03-05 01:00:00+05:30,0.0,21.61
2022-03-05 02:00:00+05:30,0.0,20.67
2022-03-05 03:00:00+05:30,0.0,19.97
2022-03-05 04:00:00+05:30,0.0,19.69
2022-03-05 05:00:00+05:30,0.0,19.41
2022-03-05 06:00:00+05:30,0.0,18.92
2022-03-05 07:00:00+05:30,13.69,18.56
2022-03-05 08:00:00+05:30,172.34,18.72
2022-03-05 09:00:00+05:30,382.04,23.2
2022-03-05 10:00:00+05:30,574.56,26.6
2022-03-05 11:00:00+05:30,721.81,29.15
2022-03-05 12:00:00+05:30,807.75,31.11
2022-03-05 13:00:00+05:30,827.31,32.16
2022-03-05 14:00:00+05:30,770.42,32.88
2022-03-05 15:00:00+05:30,634.58,33.18
2022-03-05 16:00:00+05:30,446.16,33.09
2022-03-05 17:00:00+05:30,241.0,32.8
2022-03-05 18:00:00+05:30,77.01,32.28
2022-03-05 19:00:00+05:30,0.0,30.62
2022-03-05 20:00:00+05:30,0.0,28.77
2022-03-05 21:00:00+05:30,0.0,26.22
2022-03-05 22:00:00+05:30,0.0,24.73
2022-03-05 23:00:00+05:30,0.0,23.68
2022-03-06 00:00:00+05:30,0.0,22.75
2022-03-06 01:00:00+05:30,0.0,22.42
2022-03-06 02:00:00+05:30,0.0,21.45
2022-03-06 03:00:00+05:30,0.0,20.71
2022-03-06 04:00:00+05:30,0.0,20.17
2022-03-06 05:00:00+05:30,0.0,19.66
2022-03-06 06:00:00+05:30,0.0,19.23
2022-03-06 07:00:00+05:30,13.84,19.04
2022-03-06 08:00:00+05:30,172.28,19.38
2022-03-06 09:00:00+05:30,381.56,23.79
2022-03-06 10:00:00+05:30,555.84,27.08
2022-03-06 11:00:00+05:30,699.25,29.47
2022-03-06 12:00:00+05:30,758.56,31.24
2022-03-06 13:00:00+05:30,622.08,32.33
2022-03-06 14:00:00+05:30,466.69,32.48
2022-03-06 15:00:00+05:30,449.28,32.13
2022-03-06 16:00:00+05:30,321.09,32.2
2022-03-06 17:00:00+05:30,163.6,31.99
2022-03-06 18:00:00+05:30,60.09,31.27
2022-03-06 19:00:00+05:30,0.0,30.06
2022-03-06 20:00:00+05:30,0.0,28.42
2022-03-06 21:00:00+05:30,0.0,26.39
2022-03-06 22:00:00+05:30,0.0,24.77
2022-03-06 23:00:00+05:30,0.0,23.62
2022-03-07 00:00:00+05:30,0.0,22.37
2022-03-07 01:00:00+05:30,0.0,22.58
2022-03-07 02:00:00+05:30,0.0,22.07
2022-03-07 03:00:00+05:30,0.0,22.04
2022-03-07 04:00:00+05:30,0.0,21.89
2022-03-07 05:00:00+05:30,0.0,22.15
2022-03-07 06:00:00+05:30,0.0,22.17
2022-03-07 07:00:00+05:30,14.35,21.82
2022-03-07 08:00:00+05:30,162.25,19.78
2022-03-07 09:00:00+05:30,365.16,24.23
2022-03-07 10:00:00+05:30,546.48,27.83
2022-03-07 11:00:00+05:30,700.92,30.12
2022-03-07 12:00:00+05:30,702.12,31.63
2022-03-07 13:00:00+05:30,690.13,32.0
2022-03-07 14:00:00+05:30,529.58,32.55
2022-03-07 15:00:00+05:30,423.64,32.57
2022-03-07 16:00:00+05:30,292.79,32.54
2022-03-07 17:00:00+05:30,145.51,32.39
2022-03-07 18:00:00+05:30,51.62,31.65
2022-03-07 19:00:00+05:30,0.0,30.5
2022-03-07 20:00:00+05:30,0.0,29.08
2022-03-07 21:00:00+05:30,0.0,27.55
2022-03-07 22:00:00+05:30,0.0,26.0
2022-03-07 23:00:00+05:30,0.0,24.95
2022-03-08 00:00:00+05:30,0.0,24.2
2022-03-08 01:00:00+05:30,0.0,23.61
2022-03-08 02:00:00+05:30,0.0,23.0
2022-03-08 03:00:00+05:30,0.0,22.68
2022-03-08 04:00:00+05:30,0.0,21.97
2022-03-08 05:00:00+05:30,0.0,21.32
2022-03-08 06:00:00+05:30,0.0,20.99
2022-03-08 07:00:00+05:30,14.15,21.02
2022-03-08 08:00:00+05:30,164.92,21.55
2022-03-08 09:00:00+05:30,326.37,24.06
2022-03-08 10:00:00+05:30,528.94,26.36
2022-03-08 11:00:00+05:30,677.49,28.69
2022-03-08 12:00:00+05:30,741.49,30.51
2022-03-08 13:00:00+05:30,703.05,31.71
2022-03-08 14:00:00+05:30,610.69,32.32
2022-03-08 15:00:00+05:30,482.09,32.39
2022-03-08 16:00:00+05:30,344.08,32.24
2022-03-08 17:00:00+05:30,137.38,32.0
2022-03-08 18:00:00+05:30,41.69,31.37
2022-03-08 19:00:00+05:30,0.0,30.32
2022-03-08 20:00:00+05:30,0.0,29.15
2022-03-08 21:00:00+05:30,0.0,27.54
2022-03-08 22:00:00+05:30,0.0,26.22
2022-03-08 23:00:00+05:30,0.0,24.91
2022-03-09 00:00:00+05:30,0.0,24.23
2022-03-09 01:00:00+05:30,0.0,23.78
2022-03-09 02:00:00+05:30,0.0,22.92
2022-03-09 03:00:00+05:30,0.0,22.3
2022-03-09 04:00:00+05:30,0.0,21.57
2022-03-09 05:00:00+05:30,0.0,20.98
2022-03-09 06:00:00+05:30,0.0,20.69
2022-03-09 07:00:00+05:30,15.19,20.35
2022-03-09 08:00:00+05:30,177.84,20.57
2022-03-09 09:00:00+05:30,375.45,24.43
2022-03-09 10:00:00+05:30,532.04,27.11
2022-03-09 11:00:00+05:30,715.53,29.16
2022-03-09 12:00:00+05:30,679.66,30.89
2022-03-09 13:00:00+05:30,771.27,31.14
2022-03-09 14:00:00+05:30,714.24,32.06
2022-03-09 15:00:00+05:30,501.58,32.48
2022-03-09 16:00:00+05:30,403.19,32.0
2022-03-09 17:00:00+05:30,205.06,31.39
2022-03-09 18:00:00+05:30,57.14,30.08
2022-03-09 19:00:00+05:30,0.0,28.36
2022-03-09 20:00:00+05:30,0.0,26.49
2022-03-09 21:00:00+05:30,0.0,24.86
2022-03-09 22:00:00+05:30,0.0,23.8
2022-03-09 23:00:00+05:30,0.0,22.99
2022-03-10 00:00:00+05:30,0.0,22.78
2022-03-10 01:00:00+05:30,0.0,22.72
2022-03-10 02:00:00+05:30,0.0,22.42
2022-03-10 03:00:00+05:30,0.0,21.93
2022-03-10 04:00:00+05:30,0.0,21.8
2022-03-10 05:00:00+05:30,0.0,22.39
2022-03-10 06:00:00+05:30,0.0,22.35
2022-03-10 07:00:00+05:30,15.34,20.36
2022-03-10 08:00:00+05:30,169.52,20.54
2022-03-10 09:00:00+05:30,320.26,24.74
2022-03-10 10:00:00+05:30,516.24,26.99
2022-03-10 11:00:00+05:30,527.94,29.15
2022-03-10 12:00:00+05:30,455.83,29.97
2022-03-10 13:00:00+05:30,560.11,30.03
2022-03-10 14:00:00+05:30,562.63,30.43
2022-03-10 15:00:00+05:30,512.25,30.72
2022-03-10 16:00:00+05:30,341.11,30.77
2022-03-10 17:00:00+05:30,213.44,30.44
2022-03-10 18:00:00+05:30,70.59,30.02
2022-03-10 19:00:00+05:30,0.0,29.13
2022-03-10 20:00:00+05:30,0.0,27.84
2022-03-10 21:00:00+05:30,0.0,26.65
2022-03-10 22:00:00+05:30,0.0,25.54
2022-03-10 23:00:00+05:30,0.0,24.72
2022-03-11 00:00:00+05:30,0.0,24.23
2022-03-11 01:00:00+05:30,0.0,24.65
2022-03-11 02:00:00+05:30,0.0,23.63
2022-03-11 03:00:00+05:30,0.0,22.84
2022-03-11 04:00:00+05:30,0.0,23.31
2022-03-11 05:00:00+05:30,0.0,22.68
2022-03-11 06:00:00+05:30,0.0,21.48
2022-03-11 07:00:00+05:30,14.1,20.77
2022-03-11 08:00:00+05:30,150.61,20.94
2022-03-11 09:00:00+05:30,315.91,24.46
2022-03-11 10:00:00+05:30,502.08,27.18
2022-03-11 11:00:00+05:30,599.25,29.1
2022-03-11 12:00:00+05:30,715.24,30.26
2022-03-11 13:00:00+05:30,704.44,30.83
2022-03-11 14:00:00+05:30,643.63,31.32
2022-03-11 15:00:00+05:30,528.7,31.5
2022-03-11 16:00:00+05:30,391.57,31.62
2022-03-11 17:00:00+05:30,220.67,31.45
2022-03-11 18:00:00+05:30,68.71,30.78
2022-03-11 19:00:00+05:30,0.0,29.6
2022-03-11 20:00:00+05:30,0.0,27.96
2022-03-11 21:00:00+05:30,0.0,26.42
2022-03-11 22:00:00+05:30,0.0,24.98
2022-03-11 23:00:00+05:30,0.0,23.78
2022-03-12 00:00:00+05:30,0.0,23.17
2022-03-12 01:00:00+05:30,0.0,22.32
2022-03-12 02:00:00+05:30,0.0,21.89
2022-03-12 03:00:00+05:30,0.0,21.38
2022-03-12 04:00:00+05:30,0.0,21.19
2022-03-12 05:00:00+05:30,0.0,21.18
2022-03-12 06:00:00+05:30,0.0,20.92
2022-03-12 07:00:00+05:30,20.61,20.23
2022-03-12 08:00:00+05:30,152.6,20.16
2022-03-12 09:00:00+05:30,314.76,24.02
2022-03-12 10:00:00+05:30,511.52,26.73
2022-03-12 11:00:00+05:30,720.35,28.85
2022-03-12 12:00:00+05:30,765.36,30.45
2022-03-12 13:00:00+05:30,816.56,30.66
2022-03-12 14:00:00+05:30,748.98,31.4
2022-03-12 15:00:00+05:30,593.59,31.83
2022-03-12 16:00:00+05:30,413.18,31.74
2022-03-12 17:00:00+05:30,243.6,31.12
2022-03-12 18:00:00+05:30,80.16,30.36
2022-03-12 19:00:00+05:30,0.0,29.15
2022-03-12 20:00:00+05:30,0.0,27.8
2022-03-12 21:00:00+05:30,0.0,26.63
2022-03-12 22:00:00+05:30,0.0,25.37
2022-03-12 23:00:00+05:30,0.0,24.57
2022-03-13 00:00:00+05:30,0.0,23.77
2022-03-13 01:00:00+05:30,0.0,23.78
2022-03-13 02:00:00+05:30,0.0,23.15
2022-03-13 03:00:00+05:30,0.0,22.81
2022-03-13 04:00:00+05:30,0.0,21.86
2022-03-13 05:00:00+05:30,0.0,20.92
2022-03-13 06:00:00+05:30,0.0,20.28
2022-03-13 07:00:00+05:30,23.55,19.74
2022-03-13 08:00:00+05:30,200.59,19.93
2022-03-13 09:00:00+05:30,413.5,24.63
2022-03-13 10:00:00+05:30,606.25,27.73
2022-03-13 11:00:00+05:30,752.75,30.1
2022-03-13 12:00:00+05:30,821.5,31.62
2022-03-13 13:00:00+05:30,834.41,32.61
2022-03-13 14:00:00+05:30,760.72,33.32
2022-03-13 15:00:00+05:30,637.64,33.68
2022-03-13 16:00:00+05:30,488.2,33.73
2022-03-13 17:00:00+05:30,275.95,33.51
2022-03-13 18:00:00+05:30,86.05,32.74
2022-03-13 19:00:00+05:30,0.0,31.22
2022-03-13 20:00:00+05:30,0.0,29.38
2022-03-13 21:00:00+05:30,0.0,27.92
2022-03-13 22:00:00+05:30,0.0,26.48
2022-03-13 23:00:00+05:30,0.0,25.11
2022-03-14 00:00:00+05:30,0.0,23.61
2022-03-14 01:00:00+05:30,0.0,22.91
2022-03-14 02:00:00+05:30,0.0,21.82
2022-03-14 03:00:00+05:30,0.0,21.04
2022-03-14 04:00:00+05:30,0.0,20.63
2022-03-14 05:00:00+05:30,0.0,21.0
2022-03-14 06:00:00+05:30,0.0,21.53
2022-03-14 07:00:00+05:30,26.48,21.11
2022-03-14 08:00:00+05:30,211.62,20.66
2022-03-14 09:00:00+05:30,429.13,24.23
2022-03-14 10:00:00+05:30,622.76,27.83
2022-03-14 11:00:00+05:30,766.53,30.35
2022-03-14 12:00:00+05:30,855.13,32.23
2022-03-14 13:00:00+05:30,870.24,33.41
2022-03-14 14:00:00+05:30,814.37,34.02
2022-03-14 15:00:00+05:30,692.26,34.42
2022-03-14 16:00:00+05:30,515.47,34.53
2022-03-14 17:00:00+05:30,304.71,34.23
2022-03-14 18:00:00+05:30,96.35,33.49
2022-03-14 19:00:00+05:30,0.0,31.8
2022-03-14 20:00:00+05:30,0.0,29.75
2022-03-14 21:00:00+05:30,0.0,28.08
2022-03-14 22:00:00+05:30,0.0,26.11
2022-03-14 23:00:00+05:30,0.0,24.09
2022-03-15 00:00:00+05:30,0.0,22.43
2022-03-15 01:00:00+05:30,0.0,21.67
2022-03-15 02:00:00+05:30,0.0,21.28
2022-03-15 03:00:00+05:30,0.0,21.76
2022-03-15 04:00:00+05:30,0.0,22.42
2022-03-15 05:00:00+05:30,0.0,22.96
2022-03-15 06:00:00+05:30,0.0,23.12
2022-03-15 07:00:00+05:30,28.98,23.05
2022-03-15 08:00:00+05:30,216.36,23.29
2022-03-15 09:00:00+05:30,434.38,24.82
2022-03-15 10:00:00+05:30,628.34,29.45
2022-03-15 11:00:00+05:30,773.74,31.92
2022-03-15 12:00:00+05:30,858.01,33.48
2022-03-15 13:00:00+05:30,871.62,34.5
2022-03-15 14:00:00+05:30,814.28,35.2
2022-03-15 15:00:00+05:30,691.74,35.55
2022-03-15 16:00:00+05:30,515.32,35.58
2022-03-15 17:00:00+05:30,304.53,35.22
2022-03-15 18:00:00+05:30,96.48,34.39
2022-03-15 19:00:00+05:30,0.0,32.46
2022-03-15 20:00:00+05:30,0.0,30.42
2022-03-15 21:00:00+05:30,0.0,28.78
2022-03-15 22:00:00+05:30,0.0,27.13
2022-03-15 23:00:00+05:30,0.0,25.49
2022-03-16 00:00:00+05:30,0.0,23.69
2022-03-16 01:00:00+05:30,0.0,22.91
2022-03-16 02:00:00+05:30,0.0,21.9
2022-03-16 03:00:00+05:30,0.0,21.26
2022-03-16 04:00:00+05:30,0.0,20.83
2022-03-16 05:00:00+05:30,0.0,20.53
2022-03-16 06:00:00+05:30,0.0,20.61
2022-03-16 07:00:00+05:30,31.16,21.3
2022-03-16 08:00:00+05:30,220.86,21.92
2022-03-16 09:00:00+05:30,439.27,25.13
2022-03-16 10:00:00+05:30,630.21,30.6
2022-03-16 11:00:00+05:30,777.16,33.16
2022-03-16 12:00:00+05:30,861.91,34.62
2022-03-16 13:00:00+05:30,876.38,35.5
2022-03-16 14:00:00+05:30,819.73,36.15
2022-03-16 15:00:00+05:30,697.06,36.49
2022-03-16 16:00:00+05:30,519.85,36.47
2022-03-16 17:00:00+05:30,307.96,36.09
2022-03-16 18:00:00+05:30,98.37,35.15
2022-03-16 19:00:00+05:30,0.0,33.07
2022-03-16 20:00:00+05:30,0.0,31.0
2022-03-16 21:00:00+05:30,0.0,29.54
2022-03-16 22:00:00+05:30,0.0,28.17
2022-03-16 23:00:00+05:30,0.0,26.49
2022-03-17 00:00:00+05:30,0.0,25.45
2022-03-17 01:00:00+05:30,0.0,23.98
2022-03-17 02:00:00+05:30,0.0,23.8
2022-03-17 03:00:00+05:30,0.0,24.51
2022-03-17 04:00:00+05:30,0.0,24.57
2022-03-17 05:00:00+05:30,0.0,24.65
2022-03-17 06:00:00+05:30,0.0,24.48
2022-03-17 07:00:00+05:30,32.89,24.29
2022-03-17 08:00:00+05:30,220.87,22.75
2022-03-17 09:00:00+05:30,440.22,26.31
2022-03-17 10:00:00+05:30,633.45,30.37
2022-03-17 11:00:00+05:30,778.35,32.94
2022-03-17 12:00:00+05:30,865.31,34.96
2022-03-17 13:00:00+05:30,880.41,36.2
2022-03-17 14:00:00+05:30,824.31,36.75
2022-03-17 15:00:00+05:30,691.6,36.99
2022-03-17 16:00:00+05:30,523.48,36.95
2022-03-17 17:00:00+05:30,309.33,36.75
2022-03-17 18:00:00+05:30,98.27,36.2
2022-03-17 19:00:00+05:30,0.0,34.08
2022-03-17 20:00:00+05:30,0.0,31.96
2022-03-17 21:00:00+05:30,0.0,29.47
2022-03-17 22:00:00+05:30,0.0,27.03
2022-03-17 23:00:00+05:30,0.0,25.6
2022-03-18 00:00:00+05:30,0.0,24.9
2022-03-18 01:00:00+05:30,0.0,24.11
2022-03-18 02:00:00+05:30,0.0,23.25
2022-03-18 03:00:00+05:30,0.0,22.28
2022-03-18 04:00:00+05:30,0.0,21.48
2022-03-18 05:00:00+05:30,0.0,21.16
2022-03-18 06:00:00+05:30,0.0,21.14
2022-03-18 07:00:00+05:30,35.16,21.37
2022-03-18 08:00:00+05:30,227.91,22.66
2022-03-18 09:00:00+05:30,445.78,26.19
2022-03-18 10:00:00+05:30,638.37,31.01
2022-03-18 11:00:00+05:30,782.38,33.67
2022-03-18 12:00:00+05:30,865.24,35.64
2022-03-18 13:00:00+05:30,883.04,36.45
2022-03-18 14:00:00+05:30,797.56,37.05
2022-03-18 15:00:00+05:30,521.38,37.34
2022-03-18 16:00:00+05:30,376.6,36.85
2022-03-18 17:00:00+05:30,274.92,36.44
2022-03-18 18:00:00+05:30,71.0,35.74
2022-03-18 19:00:00+05:30,0.0,33.32
2022-03-18 20:00:00+05:30,0.0,30.55
2022-03-18 21:00:00+05:30,0.0,28.56
2022-03-18 22:00:00+05:30,0.0,27.3
2022-03-18 23:00:00+05:30,0.0,26.18
2022-03-19 00:00:00+05:30,0.0,25.03
2022-03-19 01:00:00+05:30,0.0,24.42
2022-03-19 02:00:00+05:30,0.0,23.52
2022-03-19 03:00:00+05:30,0.0,22.67
2022-03-19 04:00:00+05:30,0.0,22.21
2022-03-19 05:00:00+05:30,0.0,21.56
2022-03-19 06:00:00+05:30,0.0,21.16
2022-03-19 07:00:00+05:30,34.74,20.85
2022-03-19 08:00:00+05:30,204.94,21.15
2022-03-19 09:00:00+05:30,418.57,25.15
2022-03-19 10:00:00+05:30,608.96,29.11
2022-03-19 11:00:00+05:30,739.58,31.96
2022-03-19 12:00:00+05:30,844.85,34.08
2022-03-19 13:00:00+05:30,873.67,35.52
2022-03-19 14:00:00+05:30,761.13,36.4
2022-03-19 15:00:00+05:30,521.74,36.59
2022-03-19 16:00:00+05:30,334.1,36.19
2022-03-19 17:00:00+05:30,230.76,34.86
2022-03-19 18:00:00+05:30,73.23,32.29
2022-03-19 19:00:00+05:30,0.0,29.62
2022-03-19 20:00:00+05:30,0.0,28.14
2022-03-19 21:00:00+05:30,0.0,27.14
2022-03-19 22:00:00+05:30,0.0,26.04
2022-03-19 23:00:00+05:30,0.0,25.04
2022-03-20 00:00:00+05:30,0.0,24.23
2022-03-20 01:00:00+05:30,0.0,23.88
2022-03-20 02:00:00+05:30,0.0,23.35
2022-03-20 03:00:00+05:30,0.0,22.91
2022-03-20 04:00:00+05:30,0.0,22.53
2022-03-20 05:00:00+05:30,0.0,22.18
2022-03-20 06:00:00+05:30,0.0,21.76
2022-03-20 07:00:00+05:30,36.3,21.05
2022-03-20 08:00:00+05:30,217.9,21.62
2022-03-20 09:00:00+05:30,444.71,24.48
2022-03-20 10:00:00+05:30,621.69,28.06
2022-03-20 11:00:00+05:30,777.48,30.81
2022-03-20 12:00:00+05:30,812.06,32.96
2022-03-20 13:00:00+05:30,837.81,33.96
2022-03-20 14:00:00+05:30,763.11,34.71
2022-03-20 15:00:00+05:30,535.31,35.12
2022-03-20 16:00:00+05:30,318.97,34.85
2022-03-20 17:00:00+05:30,173.15,33.35
2022-03-20 18:00:00+05:30,57.28,30.92
2022-03-20 19:00:00+05:30,0.0,29.01
2022-03-20 20:00:00+05:30,0.0,27.66
2022-03-20 21:00:00+05:30,0.0,26.38
2022-03-20 22:00:00+05:30,0.0,25.4
2022-03-20 23:00:00+05:30,0.0,24.31
2022-03-21 00:00:00+05:30,0.0,23.51
2022-03-21 01:00:00+05:30,0.0,23.16
2022-03-21 02:00:00+05:30,0.0,22.7
2022-03-21 03:00:00+05:30,0.0,22.42
2022-03-21 04:00:00+05:30,0.0,22.02
2022-03-21 05:00:00+05:30,0.0,21.77
2022-03-21 06:00:00+05:30,0.0,21.49
2022-03-21 07:00:00+05:30,33.89,21.1
2022-03-21 08:00:00+05:30,178.01,21.48
2022-03-21 09:00:00+05:30,338.66,24.93
2022-03-21 10:00:00+05:30,566.92,28.06
2022-03-21 11:00:00+05:30,663.81,30.83
2022-03-21 12:00:00+05:30,793.81,32.67
2022-03-21 13:00:00+05:30,817.05,34.09
2022-03-21 14:00:00+05:30,765.1,35.09
2022-03-21 15:00:00+05:30,651.73,35.66
2022-03-21 16:00:00+05:30,267.06,35.94
2022-03-21 17:00:00+05:30,168.73,35.16
2022-03-21 18:00:00+05:30,78.76,34.22
2022-03-21 19:00:00+05:30,0.0,32.48
2022-03-21 20:00:00+05:30,0.0,29.86
2022-03-21 21:00:00+05:30,0.0,28.18
2022-03-21 22:00:00+05:30,0.0,26.84
2022-03-21 23:00:00+05:30,0.0,25.78
2022-03-22 00:00:00+05:30,0.0,24.97
2022-03-22 01:00:00+05:30,0.0,23.88
2022-03-22 02:00:00+05:30,0.0,23.12
2022-03-22 03:00:00+05:30,0.0,22.72
2022-03-22 04:00:00+05:30,0.0,22.77
2022-03-22 05:00:00+05:30,0.0,23.97
2022-03-22 06:00:00+05:30,0.0,24.04
2022-03-22 07:00:00+05:30,29.15,24.22
2022-03-22 08:00:00+05:30,186.71,24.38
2022-03-22 09:00:00+05:30,336.83,26.9
2022-03-22 10:00:00+05:30,553.22,29.33
2022-03-22 11:00:00+05:30,674.55,31.8
2022-03-22 12:00:00+05:30,771.91,33.61
2022-03-22 13:00:00+05:30,768.51,34.94
2022-03-22 14:00:00+05:30,774.66,35.8
2022-03-22 15:00:00+05:30,453.18,36.46
2022-03-22 16:00:00+05:30,427.48,36.15
2022-03-22 17:00:00+05:30,205.54,36.3
2022-03-22 18:00:00+05:30,74.32,35.68
2022-03-22 19:00:00+05:30,0.0,34.17
2022-03-22 20:00:00+05:30,0.0,31.06
2022-03-22 21:00:00+05:30,0.0,28.44
2022-03-22 22:00:00+05:30,0.0,26.99
2022-03-22 23:00:00+05:30,0.0,26.06
2022-03-23 00:00:00+05:30,0.0,25.49
2022-03-23 01:00:00+05:30,0.0,24.23
2022-03-23 02:00:00+05:30,0.0,23.41
2022-03-23 03:00:00+05:30,0.0,22.51
2022-03-23 04:00:00+05:30,0.0,22.02
2022-03-23 05:00:00+05:30,0.0,21.85
2022-03-23 06:00:00+05:30,0.0,22.03
2022-03-23 07:00:00+05:30,40.09,22.23
2022-03-23 08:00:00+05:30,192.09,22.85
2022-03-23 09:00:00+05:30,345.39,26.64
2022-03-23 10:00:00+05:30,485.87,29.43
2022-03-23 11:00:00+05:30,570.54,31.67
2022-03-23 12:00:00+05:30,688.31,33.45
2022-03-23 13:00:00+05:30,737.52,34.49
2022-03-23 14:00:00+05:30,589.15,35.41
2022-03-23 15:00:00+05:30,394.84,35.72
2022-03-23 16:00:00+05:30,301.28,35.49
2022-03-23 17:00:00+05:30,121.37,35.25
2022-03-23 18:00:00+05:30,35.95,34.47
2022-03-23 19:00:00+05:30,0.0,33.34
2022-03-23 20:00:00+05:30,0.0,31.42
2022-03-23 21:00:00+05:30,0.0,29.39
2022-03-23 22:00:00+05:30,0.0,27.96
2022-03-23 23:00:00+05:30,0.0,26.82
2022-03-24 00:00:00+05:30,0.0,26.08
2022-03-24 01:00:00+05:30,0.0,25.08
2022-03-24 02:00:00+05:30,0.0,24.42
2022-03-24 03:00:00+05:30,0.0,24.0
2022-03-24 04:00:00+05:30,0.0,23.58
2022-03-24 05:00:00+05:30,0.0,23.05
2022-03-24 06:00:00+05:30,0.0,23.04
2022-03-24 07:00:00+05:30,26.04,22.65
2022-03-24 08:00:00+05:30,118.16,23.09
2022-03-24 09:00:00+05:30,192.73,25.49
2022-03-24 10:00:00+05:30,341.89,27.81
2022-03-24 11:00:00+05:30,514.49,30.05
2022-03-24 12:00:00+05:30,594.38,32.07
2022-03-24 13:00:00+05:30,583.43,33.9
2022-03-24 14:00:00+05:30,661.78,34.53
2022-03-24 15:00:00+05:30,505.69,35.31
2022-03-24 16:00:00+05:30,403.3,34.95
2022-03-24 17:00:00+05:30,181.05,33.63
2022-03-24 18:00:00+05:30,49.4,31.25
2022-03-24 19:00:00+05:30,0.0,29.18
2022-03-24 20:00:00+05:30,0.0,27.47
2022-03-24 21:00:00+05:30,0.0,26.16
2022-03-24 22:00:00+05:30,0.0,25.16
2022-03-24 23:00:00+05:30,0.0,24.54
2022-03-25 00:00:00+05:30,0.0,24.04
2022-03-25 01:00:00+05:30,0.0,23.67
2022-03-25 02:00:00+05:30,0.0,23.33
2022-03-25 03:00:00+05:30,0.0,22.98
2022-03-25 04:00:00+05:30,0.0,22.42
2022-03-25 05:00:00+05:30,0.0,21.81
2022-03-25 06:00:00+05:30,0.0,21.75
2022-03-25 07:00:00+05:30,31.49,21.67
2022-03-25 08:00:00+05:30,119.26,22.77
2022-03-25 09:00:00+05:30,246.9,25.52
2022-03-25 10:00:00+05:30,373.85,28.19
2022-03-25 11:00:00+05:30,434.02,30.4
2022-03-25 12:00:00+05:30,520.5,31.69
2022-03-25 13:00:00+05:30,546.41,32.61
2022-03-25 14:00:00+05:30,595.65,33.37
2022-03-25 15:00:00+05:30,513.06,34.18
2022-03-25 16:00:00+05:30,258.8,34.25
2022-03-25 17:00:00+05:30,156.53,33.22
2022-03-25 18:00:00+05:30,60.02,31.42
2022-03-25 19:00:00+05:30,0.0,29.32
2022-03-25 20:00:00+05:30,0.0,27.48
2022-03-25 21:00:00+05:30,0.0,26.22
2022-03-25 22:00:00+05:30,0.0,25.42
2022-03-25 23:00:00+05:30,0.0,24.91
2022-03-26 00:00:00+05:30,0.0,24.4
2022-03-26 01:00:00+05:30,0.0,24.23
2022-03-26 02:00:00+05:30,0.0,23.74
2022-03-26 03:00:00+05:30,0.0,23.33
2022-03-26 04:00:00+05:30,0.0,23.02
2022-03-26 05:00:00+05:30,0.0,22.76
2022-03-26 06:00:00+05:30,0.0,22.58
2022-03-26 07:00:00+05:30,43.49,22.24
2022-03-26 08:00:00+05:30,197.23,22.67
2022-03-26 09:00:00+05:30,403.87,25.45
2022-03-26 10:00:00+05:30,639.63,29.04
2022-03-26 11:00:00+05:30,788.38,32.22
2022-03-26 12:00:00+05:30,827.65,34.47
2022-03-26 13:00:00+05:30,813.87,35.53
2022-03-26 14:00:00+05:30,718.23,36.24
2022-03-26 15:00:00+05:30,588.6,36.43
2022-03-26 16:00:00+05:30,337.86,36.51
2022-03-26 17:00:00+05:30,194.46,35.91
2022-03-26 18:00:00+05:30,75.17,35.08
2022-03-26 19:00:00+05:30,0.0,32.33
2022-03-26 20:00:00+05:30,0.0,28.95
2022-03-26 21:00:00+05:30,0.0,26.96
2022-03-26 22:00:00+05:30,0.0,26.11
2022-03-26 23:00:00+05:30,0.0,25.29
2022-03-27 00:00:00+05:30,0.0,24.44
2022-03-27 01:00:00+05:30,0.0,23.91
2022-03-27 02:00:00+05:30,0.0,23.6
2022-03-27 03:00:00+05:30,0.0,22.95
2022-03-27 04:00:00+05:30,0.0,22.42
2022-03-27 05:00:00+05:30,0.0,21.95
2022-03-27 06:00:00+05:30,0.0,21.63
2022-03-27 07:00:00+05:30,52.42,21.09
2022-03-27 08:00:00+05:30,237.86,21.99
2022-03-27 09:00:00+05:30,449.1,26.17
2022-03-27 10:00:00+05:30,612.23,29.95
2022-03-27 11:00:00+05:30,765.52,32.76
2022-03-27 12:00:00+05:30,845.38,34.99
2022-03-27 13:00:00+05:30,796.78,36.52
2022-03-27 14:00:00+05:30,742.09,37.07
2022-03-27 15:00:00+05:30,511.31,37.66
2022-03-27 16:00:00+05:30,272.29,37.43
2022-03-27 17:00:00+05:30,118.78,36.55
2022-03-27 18:00:00+05:30,50.42,34.94
2022-03-27 19:00:00+05:30,0.0,32.51
2022-03-27 20:00:00+05:30,0.0,30.06
2022-03-27 21:00:00+05:30,0.0,28.24
2022-03-27 22:00:00+05:30,0.0,27.22
2022-03-27 23:00:00+05:30,0.0,26.29
2022-03-28 00:00:00+05:30,0.0,25.59
2022-03-28 01:00:00+05:30,0.0,24.57
2022-03-28 02:00:00+05:30,0.0,23.85
2022-03-28 03:00:00+05:30,0.0,23.17
2022-03-28 04:00:00+05:30,0.0,22.42
2022-03-28 05:00:00+05:30,0.0,21.81
2022-03-28 06:00:00+05:30,0.0,21.18
2022-03-28 07:00:00+05:30,53.62,21.31
2022-03-28 08:00:00+05:30,233.05,23.0
2022-03-28 09:00:00+05:30,410.21,27.12
2022-03-28 10:00:00+05:30,615.55,30.52
2022-03-28 11:00:00+05:30,771.83,33.42
2022-03-28 12:00:00+05:30,865.05,35.48
2022-03-28 13:00:00+05:30,840.66,36.88
2022-03-28 14:00:00+05:30,722.35,37.35
2022-03-28 15:00:00+05:30,578.73,37.44
2022-03-28 16:00:00+05:30,450.93,37.4
2022-03-28 17:00:00+05:30,252.98,36.9
2022-03-28 18:00:00+05:30,97.34,35.71
2022-03-28 19:00:00+05:30,0.0,33.34
2022-03-28 20:00:00+05:30,0.0,30.98
2022-03-28 21:00:00+05:30,0.0,29.65
2022-03-28 22:00:00+05:30,0.0,28.6
2022-03-28 23:00:00+05:30,0.0,27.76
2022-03-29 00:00:00+05:30,0.0,27.02
2022-03-29 01:00:00+05:30,0.0,25.4
2022-03-29 02:00:00+05:30,0.0,24.3
2022-03-29 03:00:00+05:30,0.0,23.22
2022-03-29 04:00:00+05:30,0.0,22.35
2022-03-29 05:00:00+05:30,0.0,21.77
2022-03-29 06:00:00+05:30,0.0,21.23
2022-03-29 07:00:00+05:30,65.89,20.9
2022-03-29 08:00:00+05:30,267.91,22.49
2022-03-29 09:00:00+05:30,492.52,27.92
2022-03-29 10:00:00+05:30,685.14,32.08
2022-03-29 11:00:00+05:30,827.36,34.68
2022-03-29 12:00:00+05:30,907.39,36.03
2022-03-29 13:00:00+05:30,915.83,37.01
2022-03-29 14:00:00+05:30,854.69,37.59
2022-03-29 15:00:00+05:30,704.61,37.8
2022-03-29 16:00:00+05:30,533.48,37.51
2022-03-29 17:00:00+05:30,321.67,36.86
2022-03-29 18:00:00+05:30,115.23,35.6
2022-03-29 19:00:00+05:30,0.0,33.28
2022-03-29 20:00:00+05:30,0.0,30.96
2022-03-29 21:00:00+05:30,0.0,29.38
2022-03-29 22:00:00+05:30,0.0,28.09
2022-03-29 23:00:00+05:30,0.0,27.02
2022-03-30 00:00:00+05:30,0.0,26.14
2022-03-30 01:00:00+05:30,0.0,25.29
2022-03-30 02:00:00+05:30,0.0,24.4
2022-03-30 03:00:00+05:30,0.0,23.55
2022-03-30 04:00:00+05:30,0.0,22.66
2022-03-30 05:00:00+05:30,0.0,21.74
2022-03-30 06:00:00+05:30,0.0,21.17
2022-03-30 07:00:00+05:30,72.5,21.43
2022-03-30 08:00:00+05:30,282.2,23.77
2022-03-30 09:00:00+05:30,504.04,27.93
2022-03-30 10:00:00+05:30,698.05,32.34
2022-03-30 11:00:00+05:30,841.95,34.73
2022-03-30 12:00:00+05:30,923.78,36.15
2022-03-30 13:00:00+05:30,931.83,37.16
2022-03-30 14:00:00+05:30,868.18,37.75
2022-03-30 15:00:00+05:30,738.76,37.91
2022-03-30 16:00:00+05:30,555.17,37.51
2022-03-30 17:00:00+05:30,336.83,36.54
2022-03-30 18:00:00+05:30,118.74,34.8
2022-03-30 19:00:00+05:30,0.0,32.55
2022-03-30 20:00:00+05:30,0.0,30.19
2022-03-30 21:00:00+05:30,0.0,28.47
2022-03-30 22:00:00+05:30,0.0,27.07
2022-03-30 23:00:00+05:30,0.0,26.1
2022-03-31 00:00:00+05:30,0.0,25.25
2022-03-31 01:00:00+05:30,0.0,24.49
2022-03-31 02:00:00+05:30,0.0,23.78
2022-03-31 03:00:00+05:30,0.0,23.05
2022-03-31 04:00:00+05:30,0.0,22.25
2022-03-31 05:00:00+05:30,0.0,21.39
2022-03-31 06:00:00+05:30,0.0,20.59
2022-03-31 07:00:00+05:30,77.2,19.99
2022-03-31 08:00:00+05:30,292.25,21.49
2022-03-31 09:00:00+05:30,519.96,27.6
2022-03-31 10:00:00+05:30,712.02,31.87
2022-03-31 11:00:00+05:30,855.22,34.35
2022-03-31 12:00:00+05:30,936.98,35.97
2022-03-31 13:00:00+05:30,943.98,37.01
2022-03-31 14:00:00+05:30,879.46,37.39
2022-03-31 15:00:00+05:30,748.7,37.33
2022-03-31 16:00:00+05:30,563.76,36.83
2022-03-31 17:00:00+05:30,343.66,35.83
2022-03-31 18:00:00+05:30,122.51,34.22
2022-03-31 19:00:00+05:30,0.0,31.98
2022-03-31 20:00:00+05:30,0.0,29.51
2022-03-31 21:00:00+05:30,0.0,27.58
2022-03-31 22:00:00+05:30,0.0,26.04
2022-03-31 23:00:00+05:30,0.0,24.81
2022-04-01 00:00:00+05:30,0.0,23.72
2022-04-01 01:00:00+05:30,0.0,22.78
2022-04-01 02:00:00+05:30,0.0,21.89
2022-04-01 03:00:00+05:30,0.0,21.09
2022-04-01 04:00:00+05:30,0.0,20.26
2022-04-01 05:00:00+05:30,0.0,19.5
2022-04-01 06:00:00+05:30,0.0,19.28
2022-04-01 07:00:00+05:30,80.85,19.98
2022-04-01 08:00:00+05:30,298.1,21.78
2022-04-01 09:00:00+05:30,525.89,26.04
2022-04-01 10:00:00+05:30,721.9,30.58
2022-04-01 11:00:00+05:30,864.49,33.63
2022-04-01 12:00:00+05:30,942.75,35.6
2022-04-01 13:00:00+05:30,949.44,36.76
2022-04-01 14:00:00+05:30,884.62,37.48
2022-04-01 15:00:00+05:30,753.67,37.79
2022-04-01 16:00:00+05:30,568.17,37.64
2022-04-01 17:00:00+05:30,347.03,36.94
2022-04-01 18:00:00+05:30,124.11,35.09
2022-04-01 19:00:00+05:30,0.0,32.2
2022-04-01 20:00:00+05:30,0.0,29.34
2022-04-01 21:00:00+05:30,0.0,27.45
2022-04-01 22:00:00+05:30,0.0,25.84
2022-04-01 23:00:00+05:30,0.0,24.56
2022-04-02 00:00:00+05:30,0.0,23.47
2022-04-02 01:00:00+05:30,0.0,22.78
2022-04-02 02:00:00+05:30,0.0,22.02
2022-04-02 03:00:00+05:30,0.0,21.35
2022-04-02 04:00:00+05:30,0.0,20.61
2022-04-02 05:00:00+05:30,0.0,19.82
2022-04-02 06:00:00+05:30,0.0,19.48
2022-04-02 07:00:00+05:30,82.03,19.19
2022-04-02 08:00:00+05:30,295.77,21.09
2022-04-02 09:00:00+05:30,515.78,26.28
2022-04-02 10:00:00+05:30,716.22,30.01
2022-04-02 11:00:00+05:30,854.35,33.09
2022-04-02 12:00:00+05:30,930.87,35.41
2022-04-02 13:00:00+05:30,936.76,36.7
2022-04-02 14:00:00+05:30,871.93,37.58
2022-04-02 15:00:00+05:30,727.04,37.99
2022-04-02 16:00:00+05:30,537.44,37.96
2022-04-02 17:00:00+05:30,341.88,37.31
2022-04-02 18:00:00+05:30,121.65,35.44
2022-04-02 19:00:00+05:30,0.0,31.39
2022-04-02 20:00:00+05:30,0.0,27.67
2022-04-02 21:00:00+05:30,0.0,25.86
2022-04-02 22:00:00+05:30,0.0,25.0
2022-04-02 23:00:00+05:30,0.0,24.12
2022-04-03 00:00:00+05:30,0.0,23.26
2022-04-03 01:00:00+05:30,0.0,22.68
2022-04-03 02:00:00+05:30,0.0,22.13
2022-04-03 03:00:00+05:30,0.0,21.79
2022-04-03 04:00:00+05:30,0.0,21.36
2022-04-03 05:00:00+05:30,0.0,21.03
2022-04-03 06:00:00+05:30,0.0,20.61
2022-04-03 07:00:00+05:30,77.9,20.24
2022-04-03 08:00:00+05:30,279.39,21.17
2022-04-03 09:00:00+05:30,511.26,24.99
2022-04-03 10:00:00+05:30,703.34,29.16
2022-04-03 11:00:00+05:30,838.89,32.84
2022-04-03 12:00:00+05:30,914.87,35.65
2022-04-03 13:00:00+05:30,906.17,37.44
2022-04-03 14:00:00+05:30,832.58,38.12
2022-04-03 15:00:00+05:30,655.04,38.52
2022-04-03 16:00:00+05:30,469.55,38.47
2022-04-03 17:00:00+05:30,305.99,38.05
2022-04-03 18:00:00+05:30,102.1,36.77
2022-04-03 19:00:00+05:30,0.0,34.06
2022-04-03 20:00:00+05:30,0.0,30.77
2022-04-03 21:00:00+05:30,0.0,28.22
2022-04-03 22:00:00+05:30,0.0,26.71
2022-04-03 23:00:00+05:30,0.0,25.89
2022-04-04 00:00:00+05:30,0.0,25.0
2022-04-04 01:00:00+05:30,0.0,24.39
2022-04-04 02:00:00+05:30,0.0,23.8
2022-04-04 03:00:00+05:30,0.0,23.11
2022-04-04 04:00:00+05:30,0.0,22.75
2022-04-04 05:00:00+05:30,0.0,22.04
2022-04-04 06:00:00+05:30,0.0,21.5
2022-04-04 07:00:00+05:30,80.29,21.38
2022-04-04 08:00:00+05:30,284.95,22.88
2022-04-04 09:00:00+05:30,501.51,27.36
2022-04-04 10:00:00+05:30,661.7,31.27
2022-04-04 11:00:00+05:30,798.32,34.27
2022-04-04 12:00:00+05:30,832.76,36.45
2022-04-04 13:00:00+05:30,787.83,37.5
2022-04-04 14:00:00+05:30,745.33,37.79
2022-04-04 15:00:00+05:30,475.42,37.93
2022-04-04 16:00:00+05:30,432.28,37.33
2022-04-04 17:00:00+05:30,261.58,36.69
2022-04-04 18:00:00+05:30,81.81,35.28
2022-04-04 19:00:00+05:30,0.0,32.54
2022-04-04 20:00:00+05:30,0.0,30.1
2022-04-04 21:00:00+05:30,0.0,28.38
2022-04-04 22:00:00+05:30,0.0,27.17
2022-04-04 23:00:00+05:30,0.0,26.35
2022-04-05 00:00:00+05:30,0.0,25.64
2022-04-05 01:00:00+05:30,0.0,25.1
2022-04-05 02:00:00+05:30,0.0,24.55
2022-04-05 03:00:00+05:30,0.0,24.12
2022-04-05 04:00:00+05:30,0.0,23.88
2022-04-05 05:00:00+05:30,0.0,23.6
2022-04-05 06:00:00+05:30,0.0,23.22
2022-04-05 07:00:00+05:30,68.93,22.69
2022-04-05 08:00:00+05:30,252.77,23.86
2022-04-05 09:00:00+05:30,462.99,27.21
2022-04-05 10:00:00+05:30,643.24,30.91
2022-04-05 11:00:00+05:30,804.55,34.18
2022-04-05 12:00:00+05:30,819.06,36.72
2022-04-05 13:00:00+05:30,739.06,36.96
2022-04-05 14:00:00+05:30,711.86,37.73
2022-04-05 15:00:00+05:30,558.6,38.34
2022-04-05 16:00:00+05:30,420.74,38.31
2022-04-05 17:00:00+05:30,260.44,37.69
2022-04-05 18:00:00+05:30,85.17,36.24
2022-04-05 19:00:00+05:30,0.0,32.99
2022-04-05 20:00:00+05:30,0.0,29.17
2022-04-05 21:00:00+05:30,0.0,26.96
2022-04-05 22:00:00+05:30,0.0,26.35
2022-04-05 23:00:00+05:30,0.0,25.79
2022-04-06 00:00:00+05:30,0.0,24.89
2022-04-06 01:00:00+05:30,0.0,24.25
2022-04-06 02:00:00+05:30,0.0,23.85
2022-04-06 03:00:00+05:30,0.0,23.29
2022-04-06 04:00:00+05:30,0.0,22.77
2022-04-06 05:00:00+05:30,0.0,22.33
2022-04-06 06:00:00+05:30,0.0,22.01
2022-04-06 07:00:00+05:30,83.12,21.85
2022-04-06 08:00:00+05:30,293.21,23.0
2022-04-06 09:00:00+05:30,514.99,26.81
2022-04-06 10:00:00+05:30,703.91,30.48
2022-04-06 11:00:00+05:30,791.17,33.75
2022-04-06 12:00:00+05:30,867.36,36.08
2022-04-06 13:00:00+05:30,887.93,37.5
2022-04-06 14:00:00+05:30,817.05,38.26
2022-04-06 15:00:00+05:30,647.53,38.67
2022-04-06 16:00:00+05:30,479.61,38.34
2022-04-06 17:00:00+05:30,239.47,37.27
2022-04-06 18:00:00+05:30,80.19,34.64
2022-04-06 19:00:00+05:30,0.0,31.28
2022-04-06 20:00:00+05:30,0.0,29.01
2022-04-06 21:00:00+05:30,0.0,27.77
2022-04-06 22:00:00+05:30,0.0,26.85
2022-04-06 23:00:00+05:30,0.0,25.98
2022-04-07 00:00:00+05:30,0.0,25.21
2022-04-07 01:00:00+05:30,0.0,24.54
2022-04-07 02:00:00+05:30,0.0,23.93
2022-04-07 03:00:00+05:30,0.0,23.35
2022-04-07 04:00:00+05:30,0.0,22.79
2022-04-07 05:00:00+05:30,0.0,22.3
2022-04-07 06:00:00+05:30,0.0,21.94
2022-04-07 07:00:00+05:30,82.93,21.72
2022-04-07 08:00:00+05:30,291.17,22.73
2022-04-07 09:00:00+05:30,520.13,26.35
2022-04-07 10:00:00+05:30,708.91,30.26
2022-04-07 11:00:00+05:30,847.19,33.55
2022-04-07 12:00:00+05:30,927.94,36.0
2022-04-07 13:00:00+05:30,916.24,37.72
2022-04-07 14:00:00+05:30,816.48,38.45
2022-04-07 15:00:00+05:30,652.1,38.62
2022-04-07 16:00:00+05:30,511.08,38.3
2022-04-07 17:00:00+05:30,299.33,37.73
2022-04-07 18:00:00+05:30,113.83,35.97
2022-04-07 19:00:00+05:30,0.0,33.04
2022-04-07 20:00:00+05:30,0.0,30.27
2022-04-07 21:00:00+05:30,0.0,28.62
2022-04-07 22:00:00+05:30,0.0,27.41
2022-04-07 23:00:00+05:30,0.0,26.47
2022-04-08 00:00:00+05:30,0.0,25.71
2022-04-08 01:00:00+05:30,0.0,25.15
2022-04-08 02:00:00+05:30,0.0,24.38
2022-04-08 03:00:00+05:30,0.0,23.46
2022-04-08 04:00:00+05:30,0.0,22.68
2022-04-08 05:00:00+05:30,0.0,22.1
2022-04-08 06:00:00+05:30,0.0,21.58
2022-04-08 07:00:00+05:30,93.5,21.14
2022-04-08 08:00:00+05:30,305.02,23.07
2022-04-08 09:00:00+05:30,526.75,27.98
2022-04-08 10:00:00+05:30,715.84,31.64
2022-04-08 11:00:00+05:30,846.32,34.66
2022-04-08 12:00:00+05:30,875.84,36.82
2022-04-08 13:00:00+05:30,816.7,37.77
2022-04-08 14:00:00+05:30,627.84,38.32
2022-04-08 15:00:00+05:30,651.41,38.03
2022-04-08 16:00:00+05:30,296.11,38.56
2022-04-08 17:00:00+05:30,206.57,36.48
2022-04-08 18:00:00+05:30,69.83,33.76
2022-04-08 19:00:00+05:30,0.0,31.14
2022-04-08 20:00:00+05:30,0.0,29.38
2022-04-08 21:00:00+05:30,0.0,28.41
2022-04-08 22:00:00+05:30,0.0,27.35
2022-04-08 23:00:00+05:30,0.0,26.26
2022-04-09 00:00:00+05:30,0.0,25.38
2022-04-09 01:00:00+05:30,0.0,24.72
2022-04-09 02:00:00+05:30,0.0,24.17
2022-04-09 03:00:00+05:30,0.0,23.5
2022-04-09 04:00:00+05:30,0.0,23.11
2022-04-09 05:00:00+05:30,0.0,23.14
2022-04-09 06:00:00+05:30,0.0,22.92
2022-04-09 07:00:00+05:30,87.09,22.82
2022-04-09 08:00:00+05:30,267.34,24.07
2022-04-09 09:00:00+05:30,498.68,27.71
2022-04-09 10:00:00+05:30,697.84,31.43
2022-04-09 11:00:00+05:30,821.91,34.15
2022-04-09 12:00:00+05:30,852.89,36.02
2022-04-09 13:00:00+05:30,870.0,36.29
2022-04-09 14:00:00+05:30,648.31,37.07
2022-04-09 15:00:00+05:30,592.98,36.82
2022-04-09 16:00:00+05:30,431.99,36.3
2022-04-09 17:00:00+05:30,258.59,34.76
2022-04-09 18:00:00+05:30,80.33,32.31
2022-04-09 19:00:00+05:30,0.0,30.17
2022-04-09 20:00:00+05:30,0.0,28.94
2022-04-09 21:00:00+05:30,0.0,27.95
2022-04-09 22:00:00+05:30,0.0,26.79
2022-04-09 23:00:00+05:30,0.0,25.94
2022-04-10 00:00:00+05:30,0.0,25.17
2022-04-10 01:00:00+05:30,0.0,24.17
2022-04-10 02:00:00+05:30,0.0,23.82
2022-04-10 03:00:00+05:30,0.0,23.43
2022-04-10 04:00:00+05:30,0.0,22.98
2022-04-10 05:00:00+05:30,0.0,22.85
2022-04-10 06:00:00+05:30,0.0,22.35
2022-04-10 07:00:00+05:30,84.41,21.96
2022-04-10 08:00:00+05:30,289.9,22.89
2022-04-10 09:00:00+05:30,523.23,26.31
2022-04-10 10:00:00+05:30,685.39,29.97
2022-04-10 11:00:00+05:30,811.73,32.77
2022-04-10 12:00:00+05:30,903.58,34.89
2022-04-10 13:00:00+05:30,888.36,35.77
2022-04-10 14:00:00+05:30,714.46,36.58
2022-04-10 15:00:00+05:30,580.69,36.59
2022-04-10 16:00:00+05:30,316.97,36.5
2022-04-10 17:00:00+05:30,202.88,34.97
2022-04-10 18:00:00+05:30,59.98,32.81
2022-04-10 19:00:00+05:30,0.0,30.42
2022-04-10 20:00:00+05:30,0.0,29.1
2022-04-10 21:00:00+05:30,0.0,28.16
2022-04-10 22:00:00+05:30,0.0,27.05
2022-04-10 23:00:00+05:30,0.0,25.95
2022-04-11 00:00:00+05:30,0.0,25.2
2022-04-11 01:00:00+05:30,0.0,24.24
2022-04-11 02:00:00+05:30,0.0,23.78
2022-04-11 03:00:00+05:30,0.0,23.23
2022-04-11 04:00:00+05:30,0.0,22.86
2022-04-11 05:00:00+05:30,0.0,22.5
2022-04-11 06:00:00+05:30,0.0,22.13
2022-04-11 07:00:00+05:30,89.31,21.94
2022-04-11 08:00:00+05:30,300.68,23.04
2022-04-11 09:00:00+05:30,517.54,27.03
2022-04-11 10:00:00+05:30,703.45,30.55
2022-04-11 11:00:00+05:30,840.69,33.37
2022-04-11 12:00:00+05:30,902.59,35.45
2022-04-11 13:00:00+05:30,918.18,36.8
2022-04-11 14:00:00+05:30,844.51,37.72
2022-04-11 15:00:00+05:30,584.62,38.12
2022-04-11 16:00:00+05:30,400.92,37.81
2022-04-11 17:00:00+05:30,165.31,37.09
2022-04-11 18:00:00+05:30,60.8,34.37
2022-04-11 19:00:00+05:30,0.0,31.29
2022-04-11 20:00:00+05:30,0.0,29.12
2022-04-11 21:00:00+05:30,0.0,27.98
2022-04-11 22:00:00+05:30,0.0,26.83
2022-04-11 23:00:00+05:30,0.0,25.97
2022-04-12 00:00:00+05:30,0.0,25.26
2022-04-12 01:00:00+05:30,0.0,24.73
2022-04-12 02:00:00+05:30,0.0,24.18
2022-04-12 03:00:00+05:30,0.0,23.58
2022-04-12 04:00:00+05:30,0.0,23.09
2022-04-12 05:00:00+05:30,0.0,22.54
2022-04-12 06:00:00+05:30,0.0,21.96
2022-04-12 07:00:00+05:30,98.05,22.03
2022-04-12 08:00:00+05:30,303.88,24.17
2022-04-12 09:00:00+05:30,502.66,28.33
2022-04-12 10:00:00+05:30,713.47,31.8
2022-04-12 11:00:00+05:30,851.99,34.62
2022-04-12 12:00:00+05:30,910.72,36.42
2022-04-12 13:00:00+05:30,921.95,37.39
2022-04-12 14:00:00+05:30,764.76,38.18
2022-04-12 15:00:00+05:30,639.54,38.33
2022-04-12 16:00:00+05:30,446.52,38.19
2022-04-12 17:00:00+05:30,220.93,37.24
2022-04-12 18:00:00+05:30,88.1,35.74
2022-04-12 19:00:00+05:30,0.0,33.45
2022-04-12 20:00:00+05:30,0.0,31.33
2022-04-12 21:00:00+05:30,0.0,29.84
2022-04-12 22:00:00+05:30,0.0,28.61
2022-04-12 23:00:00+05:30,0.0,27.72
2022-04-13 00:00:00+05:30,0.0,26.91
2022-04-13 01:00:00+05:30,0.0,26.18
2022-04-13 02:00:00+05:30,0.0,25.42
2022-04-13 03:00:00+05:30,0.0,24.71
2022-04-13 04:00:00+05:30,0.0,24.33
2022-04-13 05:00:00+05:30,0.0,23.65
2022-04-13 06:00:00+05:30,0.0,23.22
2022-04-13 07:00:00+05:30,99.63,22.93
2022-04-13 08:00:00+05:30,290.36,24.97
2022-04-13 09:00:00+05:30,518.43,29.42
2022-04-13 10:00:00+05:30,714.93,32.92
2022-04-13 11:00:00+05:30,852.94,35.5
2022-04-13 12:00:00+05:30,907.43,37.05
2022-04-13 13:00:00+05:30,878.76,37.82
2022-04-13 14:00:00+05:30,736.8,38.52
2022-04-13 15:00:00+05:30,503.84,38.65
2022-04-13 16:00:00+05:30,300.85,37.99
2022-04-13 17:00:00+05:30,132.87,37.19
2022-04-13 18:00:00+05:30,72.96,34.72
2022-04-13 19:00:00+05:30,0.0,33.17
2022-04-13 20:00:00+05:30,0.0,31.76
2022-04-13 21:00:00+05:30,0.0,31.05
2022-04-13 22:00:00+05:30,0.0,29.79
2022-04-13 23:00:00+05:30,0.0,28.81
2022-04-14 00:00:00+05:30,0.0,27.97
2022-04-14 01:00:00+05:30,0.0,27.19
2022-04-14 02:00:00+05:30,0.0,26.5
2022-04-14 03:00:00+05:30,0.0,25.66
2022-04-14 04:00:00+05:30,0.0,25.36
2022-04-14 05:00:00+05:30,0.0,24.69
2022-04-14 06:00:00+05:30,0.0,23.83
2022-04-14 07:00:00+05:30,89.51,23.3
2022-04-14 08:00:00+05:30,278.52,24.96
2022-04-14 09:00:00+05:30,498.27,29.05
2022-04-14 10:00:00+05:30,710.29,31.93
2022-04-14 11:00:00+05:30,857.12,34.54
2022-04-14 12:00:00+05:30,898.68,36.45
2022-04-14 13:00:00+05:30,888.98,37.04
2022-04-14 14:00:00+05:30,811.77,37.87
2022-04-14 15:00:00+05:30,634.07,38.26
2022-04-14 16:00:00+05:30,402.28,37.79
2022-04-14 17:00:00+05:30,286.16,36.18
2022-04-14 18:00:00+05:30,81.88,33.58
2022-04-14 19:00:00+05:30,0.0,30.67
2022-04-14 20:00:00+05:30,0.0,28.74
2022-04-14 21:00:00+05:30,0.0,27.66
2022-04-14 22:00:00+05:30,0.0,26.57
2022-04-14 23:00:00+05:30,0.0,25.49
2022-04-15 00:00:00+05:30,0.0,24.77
2022-04-15 01:00:00+05:30,0.0,24.37
2022-04-15 02:00:00+05:30,0.0,23.93
2022-04-15 03:00:00+05:30,0.0,23.57
2022-04-15 04:00:00+05:30,0.0,23.2
2022-04-15 05:00:00+05:30,0.0,22.75
2022-04-15 06:00:00+05:30,0.0,22.35
2022-04-15 07:00:00+05:30,110.38,21.86
2022-04-15 08:00:00+05:30,323.37,23.17
2022-04-15 09:00:00+05:30,550.35,26.69
2022-04-15 10:00:00+05:30,739.2,30.03
2022-04-15 11:00:00+05:30,879.91,32.63
2022-04-15 12:00:00+05:30,939.85,34.52
2022-04-15 13:00:00+05:30,947.14,36.03
2022-04-15 14:00:00+05:30,884.89,36.76
2022-04-15 15:00:00+05:30,736.1,36.89
2022-04-15 16:00:00+05:30,564.28,36.47
2022-04-15 17:00:00+05:30,354.85,35.67
2022-04-15 18:00:00+05:30,134.91,34.01
2022-04-15 19:00:00+05:30,0.0,31.75
2022-04-15 20:00:00+05:30,0.0,29.35
2022-04-15 21:00:00+05:30,0.0,27.54
2022-04-15 22:00:00+05:30,0.0,25.98
2022-04-15 23:00:00+05:30,0.0,24.77
2022-04-16 00:00:00+05:30,0.0,23.72
2022-04-16 01:00:00+05:30,0.0,23.02
2022-04-16 02:00:00+05:30,0.0,22.35
2022-04-16 03:00:00+05:30,0.0,21.68
2022-04-16 04:00:00+05:30,0.0,21.02
2022-04-16 05:00:00+05:30,0.0,20.41
2022-04-16 06:00:00+05:30,0.0,20.19
2022-04-16 07:00:00+05:30,114.73,20.06
2022-04-16 08:00:00+05:30,341.81,21.42
2022-04-16 09:00:00+05:30,566.03,26.0
2022-04-16 10:00:00+05:30,753.29,30.01
2022-04-16 11:00:00+05:30,887.96,32.97
2022-04-16 12:00:00+05:30,959.84,35.12
2022-04-16 13:00:00+05:30,962.32,36.81
2022-04-16 14:00:00+05:30,895.55,37.63
2022-04-16 15:00:00+05:30,763.34,37.92
2022-04-16 16:00:00+05:30,577.16,37.58
2022-04-16 17:00:00+05:30,359.51,36.35
2022-04-16 18:00:00+05:30,134.38,33.66
2022-04-16 19:00:00+05:30,0.0,30.55
2022-04-16 20:00:00+05:30,0.0,28.59
2022-04-16 21:00:00+05:30,0.0,27.17
2022-04-16 22:00:00+05:30,0.0,25.93
2022-04-16 23:00:00+05:30,0.0,24.94
2022-04-17 00:00:00+05:30,0.0,24.01
2022-04-17 01:00:00+05:30,0.0,23.45
2022-04-17 02:00:00+05:30,0.0,22.8
2022-04-17 03:00:00+05:30,0.0,22.21
2022-04-17 04:00:00+05:30,0.0,21.82
2022-04-17 05:00:00+05:30,0.0,21.56
2022-04-17 06:00:00+05:30,0.0,21.31
2022-04-17 07:00:00+05:30,108.39,21.25
2022-04-17 08:00:00+05:30,308.96,22.33
2022-04-17 09:00:00+05:30,554.94,25.15
2022-04-17 10:00:00+05:30,752.37,28.95
2022-04-17 11:00:00+05:30,885.16,32.29
2022-04-17 12:00:00+05:30,956.18,34.8
2022-04-17 13:00:00+05:30,959.6,36.12
2022-04-17 14:00:00+05:30,885.87,37.09
2022-04-17 15:00:00+05:30,727.59,37.51
2022-04-17 16:00:00+05:30,554.75,37.43
2022-04-17 17:00:00+05:30,323.32,36.58
2022-04-17 18:00:00+05:30,117.59,33.87
2022-04-17 19:00:00+05:30,0.0,30.52
2022-04-17 20:00:00+05:30,0.0,28.32
2022-04-17 21:00:00+05:30,0.0,27.1
2022-04-17 22:00:00+05:30,0.0,25.91
2022-04-17 23:00:00+05:30,0.0,24.92
2022-04-18 00:00:00+05:30,0.0,24.1
2022-04-18 01:00:00+05:30,0.0,23.39
2022-04-18 02:00:00+05:30,0.0,22.76
2022-04-18 03:00:00+05:30,0.0,22.17
2022-04-18 04:00:00+05:30,0.0,21.6
2022-04-18 05:00:00+05:30,0.0,21.19
2022-04-18 06:00:00+05:30,0.0,21.0
2022-04-18 07:00:00+05:30,111.93,20.69
2022-04-18 08:00:00+05:30,320.98,22.01
2022-04-18 09:00:00+05:30,565.9,25.08
2022-04-18 10:00:00+05:30,751.67,28.93
2022-04-18 11:00:00+05:30,885.04,32.43
2022-04-18 12:00:00+05:30,953.98,35.12
2022-04-18 13:00:00+05:30,956.99,36.55
2022-04-18 14:00:00+05:30,888.48,37.54
2022-04-18 15:00:00+05:30,660.25,38.03
2022-04-18 16:00:00+05:30,476.8,37.61
2022-04-18 17:00:00+05:30,293.32,36.05
2022-04-18 18:00:00+05:30,104.7,33.47
2022-04-18 19:00:00+05:30,0.0,30.95
2022-04-18 20:00:00+05:30,0.0,29.18
2022-04-18 21:00:00+05:30,0.0,27.87
2022-04-18 22:00:00+05:30,0.0,26.62
2022-04-18 23:00:00+05:30,0.0,25.38
2022-04-19 00:00:00+05:30,0.0,24.37
2022-04-19 01:00:00+05:30,0.0,23.73
2022-04-19 02:00:00+05:30,0.0,23.26
2022-04-19 03:00:00+05:30,0.0,22.65
2022-04-19 04:00:00+05:30,0.0,22.12
2022-04-19 05:00:00+05:30,0.0,21.73
2022-04-19 06:00:00+05:30,0.0,21.43
2022-04-19 07:00:00+05:30,110.19,21.16
2022-04-19 08:00:00+05:30,321.84,22.38
2022-04-19 09:00:00+05:30,547.71,25.85
2022-04-19 10:00:00+05:30,742.7,29.47
2022-04-19 11:00:00+05:30,871.91,32.89
2022-04-19 12:00:00+05:30,913.53,35.6
2022-04-19 13:00:00+05:30,892.29,36.66
2022-04-19 14:00:00+05:30,802.29,37.61
2022-04-19 15:00:00+05:30,686.33,37.92
2022-04-19 16:00:00+05:30,439.2,37.57
2022-04-19 17:00:00+05:30,253.15,36.17
2022-04-19 18:00:00+05:30,83.65,33.91
2022-04-19 19:00:00+05:30,0.0,31.18
2022-04-19 20:00:00+05:30,0.0,29.14
2022-04-19 21:00:00+05:30,0.0,27.86
2022-04-19 22:00:00+05:30,0.0,26.79
2022-04-19 23:00:00+05:30,0.0,25.8
2022-04-20 00:00:00+05:30,0.0,24.9
2022-04-20 01:00:00+05:30,0.0,24.49
2022-04-20 02:00:00+05:30,0.0,24.1
2022-04-20 03:00:00+05:30,0.0,23.7
2022-04-20 04:00:00+05:30,0.0,23.14
2022-04-20 05:00:00+05:30,0.0,22.82
2022-04-20 06:00:00+05:30,0.0,22.23
2022-04-20 07:00:00+05:30,120.11,21.91
2022-04-20 08:00:00+05:30,325.48,23.14
2022-04-20 09:00:00+05:30,520.11,27.07
2022-04-20 10:00:00+05:30,707.98,30.41
2022-04-20 11:00:00+05:30,829.6,33.36
2022-04-20 12:00:00+05:30,781.52,35.72
2022-04-20 13:00:00+05:30,801.46,36.87
2022-04-20 14:00:00+05:30,822.68,37.73
2022-04-20 15:00:00+05:30,554.85,38.42
2022-04-20 16:00:00+05:30,421.93,37.36
2022-04-20 17:00:00+05:30,127.18,36.73
2022-04-20 18:00:00+05:30,64.63,34.31
2022-04-20 19:00:00+05:30,0.0,32.16
2022-04-20 20:00:00+05:30,0.0,30.53
2022-04-20 21:00:00+05:30,0.0,29.44
2022-04-20 22:00:00+05:30,0.0,28.61
2022-04-20 23:00:00+05:30,0.0,27.72
2022-04-21 00:00:00+05:30,0.0,27.16
2022-04-21 01:00:00+05:30,0.0,27.07
2022-04-21 02:00:00+05:30,0.0,26.24
2022-04-21 03:00:00+05:30,0.0,25.43
2022-04-21 04:00:00+05:30,0.0,24.52
2022-04-21 05:00:00+05:30,0.0,24.25
2022-04-21 06:00:00+05:30,0.0,23.71
2022-04-21 07:00:00+05:30,105.6,23.19
2022-04-21 08:00:00+05:30,296.62,25.18
2022-04-21 09:00:00+05:30,471.76,29.62
2022-04-21 10:00:00+05:30,632.07,32.1
2022-04-21 11:00:00+05:30,758.48,33.96
2022-04-21 12:00:00+05:30,851.8,35.7
2022-04-21 13:00:00+05:30,795.24,36.67
2022-04-21 14:00:00+05:30,718.8,37.37
2022-04-21 15:00:00+05:30,601.23,37.77
2022-04-21 16:00:00+05:30,452.05,37.73
2022-04-21 17:00:00+05:30,280.98,37.4
2022-04-21 18:00:00+05:30,85.88,36.99
2022-04-21 19:00:00+05:30,0.0,35.67
2022-04-21 20:00:00+05:30,0.0,33.5
2022-04-21 21:00:00+05:30,0.0,31.88
2022-04-21 22:00:00+05:30,0.0,30.48
2022-04-21 23:00:00+05:30,0.0,29.16
2022-04-22 00:00:00+05:30,0.0,27.81
2022-04-22 01:00:00+05:30,0.0,27.32
2022-04-22 02:00:00+05:30,0.0,27.27
2022-04-22 03:00:00+05:30,0.0,27.09
2022-04-22 04:00:00+05:30,0.0,26.76
2022-04-22 05:00:00+05:30,0.0,26.81
2022-04-22 06:00:00+05:30,0.0,26.7
2022-04-22 07:00:00+05:30,123.49,24.82
2022-04-22 08:00:00+05:30,328.32,26.26
2022-04-22 09:00:00+05:30,549.19,30.91
2022-04-22 10:00:00+05:30,739.18,33.3
2022-04-22 11:00:00+05:30,766.24,35.31
2022-04-22 12:00:00+05:30,800.57,36.35
2022-04-22 13:00:00+05:30,863.44,36.92
2022-04-22 14:00:00+05:30,741.52,37.54
2022-04-22 15:00:00+05:30,540.0,37.76
2022-04-22 16:00:00+05:30,390.85,37.41
2022-04-22 17:00:00+05:30,301.44,36.98
2022-04-22 18:00:00+05:30,119.48,36.6
2022-04-22 19:00:00+05:30,0.0,35.49
2022-04-22 20:00:00+05:30,0.0,33.87
2022-04-22 21:00:00+05:30,0.0,31.68
2022-04-22 22:00:00+05:30,0.0,29.99
2022-04-22 23:00:00+05:30,0.0,28.74
2022-04-23 00:00:00+05:30,0.0,27.98
2022-04-23 01:00:00+05:30,0.0,27.05
2022-04-23 02:00:00+05:30,0.0,26.47
2022-04-23 03:00:00+05:30,0.0,25.93
2022-04-23 04:00:00+05:30,0.0,25.4
2022-04-23 05:00:00+05:30,0.0,24.82
2022-04-23 06:00:00+05:30,0.0,24.75
2022-04-23 07:00:00+05:30,107.79,24.81
2022-04-23 08:00:00+05:30,281.79,26.21
2022-04-23 09:00:00+05:30,483.23,29.86
2022-04-23 10:00:00+05:30,656.63,32.55
2022-04-23 11:00:00+05:30,839.91,34.51
2022-04-23 12:00:00+05:30,877.9,36.14
2022-04-23 13:00:00+05:30,740.44,37.14
2022-04-23 14:00:00+05:30,455.98,37.63
2022-04-23 15:00:00+05:30,446.65,36.29
2022-04-23 16:00:00+05:30,301.07,35.69
2022-04-23 17:00:00+05:30,182.69,32.16
2022-04-23 18:00:00+05:30,108.98,31.34
2022-04-23 19:00:00+05:30,0.0,31.1
2022-04-23 20:00:00+05:30,0.0,30.01
2022-04-23 21:00:00+05:30,0.0,29.42
2022-04-23 22:00:00+05:30,0.0,28.54
2022-04-23 23:00:00+05:30,0.0,27.6
2022-04-24 00:00:00+05:30,0.0,26.88
2022-04-24 01:00:00+05:30,0.0,26.39
2022-04-24 02:00:00+05:30,0.0,26.2
2022-04-24 03:00:00+05:30,0.0,25.93
2022-04-24 04:00:00+05:30,0.0,25.54
2022-04-24 05:00:00+05:30,0.0,25.22
2022-04-24 06:00:00+05:30,0.0,24.65
2022-04-24 07:00:00+05:30,106.31,24.32
2022-04-24 08:00:00+05:30,300.94,25.52
2022-04-24 09:00:00+05:30,535.89,28.11
2022-04-24 10:00:00+05:30,706.42,31.07
2022-04-24 11:00:00+05:30,763.32,33.46
2022-04-24 12:00:00+05:30,649.53,35.07
2022-04-24 13:00:00+05:30,737.02,34.1
2022-04-24 14:00:00+05:30,788.53,35.27
2022-04-24 15:00:00+05:30,666.59,36.04
2022-04-24 16:00:00+05:30,405.27,36.4
2022-04-24 17:00:00+05:30,243.3,35.08
2022-04-24 18:00:00+05:30,94.56,34.18
2022-04-24 19:00:00+05:30,0.0,33.13
2022-04-24 20:00:00+05:30,0.0,31.49
2022-04-24 21:00:00+05:30,0.0,29.87
2022-04-24 22:00:00+05:30,0.0,28.62
2022-04-24 23:00:00+05:30,0.0,27.58
2022-04-25 00:00:00+05:30,0.0,26.65
2022-04-25 01:00:00+05:30,0.0,25.63
2022-04-25 02:00:00+05:30,0.0,24.91
2022-04-25 03:00:00+05:30,0.0,24.08
2022-04-25 04:00:00+05:30,0.0,23.5
2022-04-25 05:00:00+05:30,0.0,23.31
2022-04-25 06:00:00+05:30,0.0,23.05
2022-04-25 07:00:00+05:30,133.61,23.18
2022-04-25 08:00:00+05:30,309.94,25.04
2022-04-25 09:00:00+05:30,560.55,29.63
2022-04-25 10:00:00+05:30,740.67,32.9
2022-04-25 11:00:00+05:30,857.82,35.16
2022-04-25 12:00:00+05:30,946.55,36.52
2022-04-25 13:00:00+05:30,900.51,37.28
2022-04-25 14:00:00+05:30,854.09,37.91
2022-04-25 15:00:00+05:30,527.24,38.06
2022-04-25 16:00:00+05:30,404.88,37.61
2022-04-25 17:00:00+05:30,216.47,36.17
2022-04-25 18:00:00+05:30,95.16,34.01
2022-04-25 19:00:00+05:30,0.0,32.3
2022-04-25 20:00:00+05:30,0.0,31.02
2022-04-25 21:00:00+05:30,0.0,30.12
2022-04-25 22:00:00+05:30,0.0,29.23
2022-04-25 23:00:00+05:30,0.0,28.28
2022-04-26 00:00:00+05:30,0.0,27.53
2022-04-26 01:00:00+05:30,0.0,26.56
2022-04-26 02:00:00+05:30,0.0,25.89
2022-04-26 03:00:00+05:30,0.0,25.13
2022-04-26 04:00:00+05:30,0.0,24.69
2022-04-26 05:00:00+05:30,0.0,24.06
2022-04-26 06:00:00+05:30,0.0,23.66
2022-04-26 07:00:00+05:30,133.54,23.11
2022-04-26 08:00:00+05:30,353.19,25.17
2022-04-26 09:00:00+05:30,564.59,29.49
2022-04-26 10:00:00+05:30,758.93,32.82
2022-04-26 11:00:00+05:30,888.38,35.42
2022-04-26 12:00:00+05:30,850.32,37.18
2022-04-26 13:00:00+05:30,880.58,37.14
2022-04-26 14:00:00+05:30,837.01,37.81
2022-04-26 15:00:00+05:30,670.13,38.14
2022-04-26 16:00:00+05:30,480.68,38.01
2022-04-26 17:00:00+05:30,276.28,37.5
2022-04-26 18:00:00+05:30,110.47,35.78
2022-04-26 19:00:00+05:30,0.0,33.74
2022-04-26 20:00:00+05:30,0.0,31.74
2022-04-26 21:00:00+05:30,0.0,30.26
2022-04-26 22:00:00+05:30,0.0,29.07
2022-04-26 23:00:00+05:30,0.0,28.09
2022-04-27 00:00:00+05:30,0.0,27.26
2022-04-27 01:00:00+05:30,0.0,26.17
2022-04-27 02:00:00+05:30,0.0,25.37
2022-04-27 03:00:00+05:30,0.0,24.76
2022-04-27 04:00:00+05:30,0.0,24.36
2022-04-27 05:00:00+05:30,0.0,23.77
2022-04-27 06:00:00+05:30,0.0,23.38
2022-04-27 07:00:00+05:30,143.72,23.63
2022-04-27 08:00:00+05:30,365.19,26.67
2022-04-27 09:00:00+05:30,582.29,31.04
2022-04-27 10:00:00+05:30,765.36,34.23
2022-04-27 11:00:00+05:30,895.83,36.6
2022-04-27 12:00:00+05:30,964.47,38.13
2022-04-27 13:00:00+05:30,798.48,39.27
2022-04-27 14:00:00+05:30,789.94,39.34
2022-04-27 15:00:00+05:30,682.23,39.66
2022-04-27 16:00:00+05:30,511.05,39.76
2022-04-27 17:00:00+05:30,256.07,39.28
2022-04-27 18:00:00+05:30,88.61,38.28
2022-04-27 19:00:00+05:30,0.0,36.21
2022-04-27 20:00:00+05:30,0.0,33.7
2022-04-27 21:00:00+05:30,0.0,31.81
2022-04-27 22:00:00+05:30,0.0,30.78
2022-04-27 23:00:00+05:30,0.0,29.55
2022-04-28 00:00:00+05:30,0.0,28.5
2022-04-28 01:00:00+05:30,0.0,28.07
2022-04-28 02:00:00+05:30,0.0,27.38
2022-04-28 03:00:00+05:30,0.0,26.08
2022-04-28 04:00:00+05:30,0.0,25.05
2022-04-28 05:00:00+05:30,0.0,24.75
2022-04-28 06:00:00+05:30,0.0,24.85
2022-04-28 07:00:00+05:30,139.88,24.76
2022-04-28 08:00:00+05:30,362.14,27.39
2022-04-28 09:00:00+05:30,574.29,31.67
2022-04-28 10:00:00+05:30,741.04,34.81
2022-04-28 11:00:00+05:30,855.69,37.18
2022-04-28 12:00:00+05:30,912.36,38.64
2022-04-28 13:00:00+05:30,923.25,39.48
2022-04-28 14:00:00+05:30,779.97,40.23
2022-04-28 15:00:00+05:30,509.29,39.78
2022-04-28 16:00:00+05:30,457.81,37.61
2022-04-28 17:00:00+05:30,244.61,35.58
2022-04-28 18:00:00+05:30,107.0,33.8
2022-04-28 19:00:00+05:30,0.0,32.15
2022-04-28 20:00:00+05:30,0.0,30.81
2022-04-28 21:00:00+05:30,0.0,29.7
2022-04-28 22:00:00+05:30,0.0,28.35
2022-04-28 23:00:00+05:30,0.0,27.49
2022-04-29 00:00:00+05:30,0.0,26.52
2022-04-29 01:00:00+05:30,0.0,25.99
2022-04-29 02:00:00+05:30,0.0,25.34
2022-04-29 03:00:00+05:30,0.0,24.76
2022-04-29 04:00:00+05:30,0.0,24.16
2022-04-29 05:00:00+05:30,0.0,23.82
2022-04-29 06:00:00+05:30,0.0,23.58
2022-04-29 07:00:00+05:30,136.63,23.47
2022-04-29 08:00:00+05:30,351.43,25.15
2022-04-29 09:00:00+05:30,583.58,28.67
2022-04-29 10:00:00+05:30,766.25,32.31
2022-04-29 11:00:00+05:30,895.94,35.09
2022-04-29 12:00:00+05:30,825.78,37.2
2022-04-29 13:00:00+05:30,911.06,37.85
2022-04-29 14:00:00+05:30,794.65,38.78
2022-04-29 15:00:00+05:30,618.57,39.02
2022-04-29 16:00:00+05:30,485.82,38.5
2022-04-29 17:00:00+05:30,301.59,36.98
2022-04-29 18:00:00+05:30,131.96,34.39
2022-04-29 19:00:00+05:30,0.0,32.52
2022-04-29 20:00:00+05:30,0.0,30.65
2022-04-29 21:00:00+05:30,0.0,29.09
2022-04-29 22:00:00+05:30,0.0,28.02
2022-04-29 23:00:00+05:30,0.0,27.07
2022-04-30 00:00:00+05:30,0.0,26.24
2022-04-30 01:00:00+05:30,0.0,25.86
2022-04-30 02:00:00+05:30,0.0,25.2
2022-04-30 03:00:00+05:30,0.0,24.6
2022-04-30 04:00:00+05:30,0.0,24.16
2022-04-30 05:00:00+05:30,0.0,23.83
2022-04-30 06:00:00+05:30,0.0,23.52
2022-04-30 07:00:00+05:30,154.32,23.23
2022-04-30 08:00:00+05:30,378.84,25.63
2022-04-30 09:00:00+05:30,594.72,29.73
2022-04-30 10:00:00+05:30,770.77,32.5
2022-04-30 11:00:00+05:30,901.38,34.67
2022-04-30 12:00:00+05:30,961.4,36.24
2022-04-30 13:00:00+05:30,970.93,37.17
2022-04-30 14:00:00+05:30,893.65,37.61
2022-04-30 15:00:00+05:30,766.41,37.43
2022-04-30 16:00:00+05:30,586.61,36.79
2022-04-30 17:00:00+05:30,347.41,35.65
2022-04-30 18:00:00+05:30,152.2,33.96
2022-04-30 19:00:00+05:30,0.0,31.97
2022-04-30 20:00:00+05:30,0.0,29.92
2022-04-30 21:00:00+05:30,0.0,28.33
2022-04-30 22:00:00+05:30,0.0,27.02
2022-04-30 23:00:00+05:30,0.0,25.87
2022-05-01 00:00:00+05:30,0.0,24.93
2022-05-01 01:00:00+05:30,0.0,24.02
2022-05-01 02:00:00+05:30,0.0,23.38
2022-05-01 03:00:00+05:30,0.0,22.83
2022-05-01 04:00:00+05:30,0.0,22.46
2022-05-01 05:00:00+05:30,0.0,22.19
2022-05-01 06:00:00+05:30,0.0,22.02
2022-05-01 07:00:00+05:30,145.42,21.68
2022-05-01 08:00:00+05:30,382.14,23.8
2022-05-01 09:00:00+05:30,596.64,27.69
2022-05-01 10:00:00+05:30,784.46,30.9
2022-05-01 11:00:00+05:30,913.75,33.44
2022-05-01 12:00:00+05:30,978.91,35.16
2022-05-01 13:00:00+05:30,976.68,36.2
2022-05-01 14:00:00+05:30,843.16,36.75
2022-05-01 15:00:00+05:30,689.26,36.59
2022-05-01 16:00:00+05:30,524.03,35.87
2022-05-01 17:00:00+05:30,366.55,34.77
2022-05-01 18:00:00+05:30,156.03,33.3
2022-05-01 19:00:00+05:30,0.0,31.19
2022-05-01 20:00:00+05:30,0.0,29.05
2022-05-01 21:00:00+05:30,0.0,27.39
2022-05-01 22:00:00+05:30,0.0,26.05
2022-05-01 23:00:00+05:30,0.0,24.88
2022-05-02 00:00:00+05:30,0.0,24.0
2022-05-02 01:00:00+05:30,0.0,23.46
2022-05-02 02:00:00+05:30,0.0,23.1
2022-05-02 03:00:00+05:30,0.0,22.8
2022-05-02 04:00:00+05:30,0.0,22.4
2022-05-02 05:00:00+05:30,0.0,22.23
2022-05-02 06:00:00+05:30,0.0,22.2
2022-05-02 07:00:00+05:30,145.38,22.04
2022-05-02 08:00:00+05:30,382.33,23.6
2022-05-02 09:00:00+05:30,571.86,26.6
2022-05-02 10:00:00+05:30,772.22,29.29
2022-05-02 11:00:00+05:30,898.13,31.7
2022-05-02 12:00:00+05:30,973.34,33.54
2022-05-02 13:00:00+05:30,896.51,35.22
2022-05-02 14:00:00+05:30,829.92,35.84
2022-05-02 15:00:00+05:30,726.42,36.03
2022-05-02 16:00:00+05:30,513.72,35.75
2022-05-02 17:00:00+05:30,346.8,34.6
2022-05-02 18:00:00+05:30,143.75,32.96
2022-05-02 19:00:00+05:30,0.0,30.84
2022-05-02 20:00:00+05:30,0.0,28.8
2022-05-02 21:00:00+05:30,0.0,27.31
2022-05-02 22:00:00+05:30,0.0,25.94
2022-05-02 23:00:00+05:30,0.0,24.81
2022-05-03 00:00:00+05:30,0.0,23.91
2022-05-03 01:00:00+05:30,0.0,23.57
2022-05-03 02:00:00+05:30,0.0,23.18
2022-05-03 03:00:00+05:30,0.0,22.86
2022-05-03 04:00:00+05:30,0.0,22.42
2022-05-03 05:00:00+05:30,0.0,22.28
2022-05-03 06:00:00+05:30,0.0,21.93
2022-05-03 07:00:00+05:30,147.61,21.94
2022-05-03 08:00:00+05:30,371.26,23.87
2022-05-03 09:00:00+05:30,594.16,26.82
2022-05-03 10:00:00+05:30,772.03,29.76
2022-05-03 11:00:00+05:30,905.5,32.12
2022-05-03 12:00:00+05:30,971.11,33.95
2022-05-03 13:00:00+05:30,971.24,35.13
2022-05-03 14:00:00+05:30,863.03,36.04
2022-05-03 15:00:00+05:30,755.99,36.24
2022-05-03 16:00:00+05:30,539.28,35.98
2022-05-03 17:00:00+05:30,352.27,34.86
2022-05-03 18:00:00+05:30,144.94,33.27
2022-05-03 19:00:00+05:30,0.0,31.06
2022-05-03 20:00:00+05:30,0.0,29.0
2022-05-03 21:00:00+05:30,0.0,27.46
2022-05-03 22:00:00+05:30,0.0,26.22
2022-05-03 23:00:00+05:30,0.0,25.27
2022-05-04 00:00:00+05:30,0.0,24.43
2022-05-04 01:00:00+05:30,0.0,23.83
2022-05-04 02:00:00+05:30,0.0,23.31
2022-05-04 03:00:00+05:30,0.0,22.8
2022-05-04 04:00:00+05:30,0.0,22.47
2022-05-04 05:00:00+05:30,0.0,21.83
2022-05-04 06:00:00+05:30,0.0,21.63
2022-05-04 07:00:00+05:30,146.88,21.42
2022-05-04 08:00:00+05:30,383.73,23.69
2022-05-04 09:00:00+05:30,602.88,27.2
2022-05-04 10:00:00+05:30,775.29,30.78
2022-05-04 11:00:00+05:30,903.09,33.5
2022-05-04 12:00:00+05:30,974.82,35.36
2022-05-04 13:00:00+05:30,973.83,36.52
2022-05-04 14:00:00+05:30,906.57,37.49
2022-05-04 15:00:00+05:30,777.72,37.93
2022-05-04 16:00:00+05:30,579.04,37.74
2022-05-04 17:00:00+05:30,375.69,36.76
2022-05-04 18:00:00+05:30,159.88,34.96
2022-05-04 19:00:00+05:30,0.0,32.52
2022-05-04 20:00:00+05:30,0.0,30.32
2022-05-04 21:00:00+05:30,0.0,28.6
2022-05-04 22:00:00+05:30,0.0,27.08
2022-05-04 23:00:00+05:30,0.0,25.76
2022-05-05 00:00:00+05:30,0.0,24.66
2022-05-05 01:00:00+05:30,0.0,23.88
2022-05-05 02:00:00+05:30,0.0,23.34
2022-05-05 03:00:00+05:30,0.0,22.82
2022-05-05 04:00:00+05:30,0.0,22.45
2022-05-05 05:00:00+05:30,0.0,21.82
2022-05-05 06:00:00+05:30,0.0,21.5
2022-05-05 07:00:00+05:30,161.91,21.09
2022-05-05 08:00:00+05:30,387.98,23.19
2022-05-05 09:00:00+05:30,603.03,27.03
2022-05-05 10:00:00+05:30,784.3,30.52
2022-05-05 11:00:00+05:30,912.04,33.37
2022-05-05 12:00:00+05:30,975.81,35.26
2022-05-05 13:00:00+05:30,971.19,36.4
2022-05-05 14:00:00+05:30,905.38,37.26
2022-05-05 15:00:00+05:30,715.9,37.76
2022-05-05 16:00:00+05:30,553.71,37.2
2022-05-05 17:00:00+05:30,343.19,35.54
2022-05-05 18:00:00+05:30,142.91,33.63
2022-05-05 19:00:00+05:30,0.0,31.67
2022-05-05 20:00:00+05:30,0.0,29.81
2022-05-05 21:00:00+05:30,0.0,28.28
2022-05-05 22:00:00+05:30,0.0,27.04
2022-05-05 23:00:00+05:30,0.0,26.06
2022-05-06 00:00:00+05:30,0.0,25.16
2022-05-06 01:00:00+05:30,0.0,24.65
2022-05-06 02:00:00+05:30,0.0,23.98
2022-05-06 03:00:00+05:30,0.0,23.22
2022-05-06 04:00:00+05:30,0.0,22.57
2022-05-06 05:00:00+05:30,0.0,22.01
2022-05-06 06:00:00+05:30,0.0,21.54
2022-05-06 07:00:00+05:30,158.47,21.11
2022-05-06 08:00:00+05:30,387.11,23.43
2022-05-06 09:00:00+05:30,608.48,27.01
2022-05-06 10:00:00+05:30,788.21,30.48
2022-05-06 11:00:00+05:30,914.32,33.42
2022-05-06 12:00:00+05:30,983.49,35.46
2022-05-06 13:00:00+05:30,982.19,36.73
2022-05-06 14:00:00+05:30,916.87,37.62
2022-05-06 15:00:00+05:30,750.53,38.06
2022-05-06 16:00:00+05:30,561.42,37.79
2022-05-06 17:00:00+05:30,378.68,36.76
2022-05-06 18:00:00+05:30,164.73,34.85
2022-05-06 19:00:00+05:30,0.0,32.03
2022-05-06 20:00:00+05:30,0.0,29.75
2022-05-06 21:00:00+05:30,0.0,28.28
2022-05-06 22:00:00+05:30,0.0,27.01
2022-05-06 23:00:00+05:30,0.0,26.13
2022-05-07 00:00:00+05:30,0.0,25.25
2022-05-07 01:00:00+05:30,0.0,24.7
2022-05-07 02:00:00+05:30,0.0,24.02
2022-05-07 03:00:00+05:30,0.0,23.23
2022-05-07 04:00:00+05:30,0.0,22.43
2022-05-07 05:00:00+05:30,0.0,21.82
2022-05-07 06:00:00+05:30,0.0,21.4
2022-05-07 07:00:00+05:30,157.85,21.25
2022-05-07 08:00:00+05:30,384.84,23.85
2022-05-07 09:00:00+05:30,611.7,27.98
2022-05-07 10:00:00+05:30,786.44,31.46
2022-05-07 11:00:00+05:30,913.49,34.04
2022-05-07 12:00:00+05:30,986.42,35.97
2022-05-07 13:00:00+05:30,980.59,37.5
2022-05-07 14:00:00+05:30,871.27,38.31
2022-05-07 15:00:00+05:30,710.6,38.62
2022-05-07 16:00:00+05:30,562.51,38.34
2022-05-07 17:00:00+05:30,332.8,37.52
2022-05-07 18:00:00+05:30,109.7,35.23
2022-05-07 19:00:00+05:30,0.0,32.0
2022-05-07 20:00:00+05:30,0.0,29.71
2022-05-07 21:00:00+05:30,0.0,28.35
2022-05-07 22:00:00+05:30,0.0,27.23
2022-05-07 23:00:00+05:30,0.0,26.33
2022-05-08 00:00:00+05:30,0.0,25.55
2022-05-08 01:00:00+05:30,0.0,25.51
2022-05-08 02:00:00+05:30,0.0,24.9
2022-05-08 03:00:00+05:30,0.0,24.34
2022-05-08 04:00:00+05:30,0.0,23.81
2022-05-08 05:00:00+05:30,0.0,23.33
2022-05-08 06:00:00+05:30,0.0,22.77
2022-05-08 07:00:00+05:30,162.24,22.27
2022-05-08 08:00:00+05:30,358.83,25.1
2022-05-08 09:00:00+05:30,568.74,29.01
2022-05-08 10:00:00+05:30,740.42,32.55
2022-05-08 11:00:00+05:30,843.8,35.45
2022-05-08 12:00:00+05:30,904.52,37.19
2022-05-08 13:00:00+05:30,790.7,38.37
2022-05-08 14:00:00+05:30,653.23,38.91
2022-05-08 15:00:00+05:30,430.34,38.96
2022-05-08 16:00:00+05:30,266.12,38.55
2022-05-08 17:00:00+05:30,221.61,37.8
2022-05-08 18:00:00+05:30,82.76,35.57
2022-05-08 19:00:00+05:30,0.0,32.23
2022-05-08 20:00:00+05:30,0.0,29.9
2022-05-08 21:00:00+05:30,0.0,28.99
2022-05-08 22:00:00+05:30,0.0,28.3
2022-05-08 23:00:00+05:30,0.0,27.61
2022-05-09 00:00:00+05:30,0.0,26.8
2022-05-09 01:00:00+05:30,0.0,26.57
2022-05-09 02:00:00+05:30,0.0,25.9
2022-05-09 03:00:00+05:30,0.0,25.3
2022-05-09 04:00:00+05:30,0.0,24.75
2022-05-09 05:00:00+05:30,0.0,24.43
2022-05-09 06:00:00+05:30,0.0,24.05
2022-05-09 07:00:00+05:30,128.7,23.67
2022-05-09 08:00:00+05:30,323.99,25.35
2022-05-09 09:00:00+05:30,503.21,28.14
2022-05-09 10:00:00+05:30,750.46,30.53
2022-05-09 11:00:00+05:30,895.02,33.19
2022-05-09 12:00:00+05:30,737.92,35.37
2022-05-09 13:00:00+05:30,829.28,36.07
2022-05-09 14:00:00+05:30,807.63,37.15
2022-05-09 15:00:00+05:30,431.14,37.74
2022-05-09 16:00:00+05:30,322.1,35.72
2022-05-09 17:00:00+05:30,225.87,33.45
2022-05-09 18:00:00+05:30,84.87,31.52
2022-05-09 19:00:00+05:30,0.0,29.83
2022-05-09 20:00:00+05:30,0.0,28.44
2022-05-09 21:00:00+05:30,0.0,27.4
2022-05-09 22:00:00+05:30,0.0,26.35
2022-05-09 23:00:00+05:30,0.0,25.59
2022-05-10 00:00:00+05:30,0.0,25.0
2022-05-10 01:00:00+05:30,0.0,24.77
2022-05-10 02:00:00+05:30,0.0,24.51
2022-05-10 03:00:00+05:30,0.0,24.25
2022-05-10 04:00:00+05:30,0.0,23.93
2022-05-10 05:00:00+05:30,0.0,23.64
2022-05-10 06:00:00+05:30,0.0,23.53
2022-05-10 07:00:00+05:30,150.91,23.45
2022-05-10 08:00:00+05:30,359.9,25.06
2022-05-10 09:00:00+05:30,564.18,27.56
2022-05-10 10:00:00+05:30,747.48,29.87
2022-05-10 11:00:00+05:30,872.94,32.03
2022-05-10 12:00:00+05:30,801.04,33.87
2022-05-10 13:00:00+05:30,753.51,35.49
2022-05-10 14:00:00+05:30,732.21,36.45
2022-05-10 15:00:00+05:30,535.1,36.98
2022-05-10 16:00:00+05:30,418.16,35.83
2022-05-10 17:00:00+05:30,203.91,33.41
2022-05-10 18:00:00+05:30,104.25,30.66
2022-05-10 19:00:00+05:30,0.0,29.0
2022-05-10 20:00:00+05:30,0.0,27.73
2022-05-10 21:00:00+05:30,0.0,26.6
2022-05-10 22:00:00+05:30,0.0,25.81
2022-05-10 23:00:00+05:30,0.0,25.35
2022-05-11 00:00:00+05:30,0.0,24.94
2022-05-11 01:00:00+05:30,0.0,24.26
2022-05-11 02:00:00+05:30,0.0,23.96
2022-05-11 03:00:00+05:30,0.0,23.57
2022-05-11 04:00:00+05:30,0.0,23.43
2022-05-11 05:00:00+05:30,0.0,23.27
2022-05-11 06:00:00+05:30,0.0,23.27
2022-05-11 07:00:00+05:30,143.94,23.43
2022-05-11 08:00:00+05:30,349.34,24.86
2022-05-11 09:00:00+05:30,550.68,27.42
2022-05-11 10:00:00+05:30,762.74,29.97
2022-05-11 11:00:00+05:30,882.17,32.67
2022-05-11 12:00:00+05:30,882.24,34.58
2022-05-11 13:00:00+05:30,719.73,34.71
2022-05-11 14:00:00+05:30,607.43,35.11
2022-05-11 15:00:00+05:30,549.22,35.01
2022-05-11 16:00:00+05:30,337.46,33.81
2022-05-11 17:00:00+05:30,167.42,32.07
2022-05-11 18:00:00+05:30,64.39,29.96
2022-05-11 19:00:00+05:30,0.0,28.5
2022-05-11 20:00:00+05:30,0.0,27.08
2022-05-11 21:00:00+05:30,0.0,25.91
2022-05-11 22:00:00+05:30,0.0,25.35
2022-05-11 23:00:00+05:30,0.0,24.92
2022-05-12 00:00:00+05:30,0.0,24.48
2022-05-12 01:00:00+05:30,0.0,24.03
2022-05-12 02:00:00+05:30,0.0,23.8
2022-05-12 03:00:00+05:30,0.0,23.64
2022-05-12 04:00:00+05:30,0.0,23.57
2022-05-12 05:00:00+05:30,0.0,23.48
2022-05-12 06:00:00+05:30,0.0,23.54
2022-05-12 07:00:00+05:30,56.79,23.48
2022-05-12 08:00:00+05:30,193.79,24.26
2022-05-12 09:00:00+05:30,370.55,25.86
2022-05-12 10:00:00+05:30,623.2,27.43
2022-05-12 11:00:00+05:30,582.82,29.38
2022-05-12 12:00:00+05:30,541.35,30.32
2022-05-12 13:00:00+05:30,588.84,30.8
2022-05-12 14:00:00+05:30,552.89,31.42
2022-05-12 15:00:00+05:30,546.71,31.34
2022-05-12 16:00:00+05:30,278.02,31.13
2022-05-12 17:00:00+05:30,207.88,29.7
2022-05-12 18:00:00+05:30,79.31,28.65
2022-05-12 19:00:00+05:30,0.0,27.57
2022-05-12 20:00:00+05:30,0.0,26.3
2022-05-12 21:00:00+05:30,0.0,25.44
2022-05-12 22:00:00+05:30,0.0,24.91
2022-05-12 23:00:00+05:30,0.0,24.53
2022-05-13 00:00:00+05:30,0.0,24.05
2022-05-13 01:00:00+05:30,0.0,24.07
2022-05-13 02:00:00+05:30,0.0,23.97
2022-05-13 03:00:00+05:30,0.0,23.81
2022-05-13 04:00:00+05:30,0.0,23.67
2022-05-13 05:00:00+05:30,0.0,23.51
2022-05-13 06:00:00+05:30,0.0,23.54
2022-05-13 07:00:00+05:30,51.56,23.58
2022-05-13 08:00:00+05:30,144.06,24.11
2022-05-13 09:00:00+05:30,247.69,25.25
2022-05-13 10:00:00+05:30,411.35,26.55
2022-05-13 11:00:00+05:30,652.8,28.45
2022-05-13 12:00:00+05:30,835.42,30.67
2022-05-13 13:00:00+05:30,788.78,32.88
2022-05-13 14:00:00+05:30,732.46,34.06
2022-05-13 15:00:00+05:30,684.66,34.51
2022-05-13 16:00:00+05:30,526.46,34.49
2022-05-13 17:00:00+05:30,304.81,33.63
2022-05-13 18:00:00+05:30,145.04,32.0
2022-05-13 19:00:00+05:30,0.0,30.05
2022-05-13 20:00:00+05:30,0.0,28.05
2022-05-13 21:00:00+05:30,0.0,26.49
2022-05-13 22:00:00+05:30,0.0,25.42
2022-05-13 23:00:00+05:30,0.0,24.74
2022-05-14 00:00:00+05:30,0.0,24.21
2022-05-14 01:00:00+05:30,0.0,23.57
2022-05-14 02:00:00+05:30,0.0,23.07
2022-05-14 03:00:00+05:30,0.0,22.66
2022-05-14 04:00:00+05:30,0.0,22.43
2022-05-14 05:00:00+05:30,0.0,22.13
2022-05-14 06:00:00+05:30,0.0,22.03
2022-05-14 07:00:00+05:30,111.77,22.15
2022-05-14 08:00:00+05:30,222.29,23.37
2022-05-14 09:00:00+05:30,407.01,25.11
2022-05-14 10:00:00+05:30,688.64,27.48
2022-05-14 11:00:00+05:30,879.62,30.31
2022-05-14 12:00:00+05:30,947.34,32.61
2022-05-14 13:00:00+05:30,921.58,33.95
2022-05-14 14:00:00+05:30,864.34,34.9
2022-05-14 15:00:00+05:30,745.77,35.2
2022-05-14 16:00:00+05:30,545.45,34.98
2022-05-14 17:00:00+05:30,378.8,34.06
2022-05-14 18:00:00+05:30,165.96,32.69
2022-05-14 19:00:00+05:30,0.0,30.59
2022-05-14 20:00:00+05:30,0.0,28.47
2022-05-14 21:00:00+05:30,0.0,26.86
2022-05-14 22:00:00+05:30,0.0,25.59
2022-05-14 23:00:00+05:30,0.0,24.5
2022-05-15 00:00:00+05:30,0.0,23.59
2022-05-15 01:00:00+05:30,0.0,23.31
2022-05-15 02:00:00+05:30,0.0,22.85
2022-05-15 03:00:00+05:30,0.0,22.62
2022-05-15 04:00:00+05:30,0.0,22.48
2022-05-15 05:00:00+05:30,0.0,22.4
2022-05-15 06:00:00+05:30,0.0,22.1
2022-05-15 07:00:00+05:30,148.29,22.33
2022-05-15 08:00:00+05:30,363.37,23.75
2022-05-15 09:00:00+05:30,574.51,26.15
2022-05-15 10:00:00+05:30,738.71,28.73
2022-05-15 11:00:00+05:30,893.1,30.93
2022-05-15 12:00:00+05:30,953.77,33.05
2022-05-15 13:00:00+05:30,957.08,35.04
2022-05-15 14:00:00+05:30,786.36,36.2
2022-05-15 15:00:00+05:30,629.43,36.3
2022-05-15 16:00:00+05:30,381.97,35.64
2022-05-15 17:00:00+05:30,246.7,34.23
2022-05-15 18:00:00+05:30,110.89,32.98
2022-05-15 19:00:00+05:30,0.0,31.28
2022-05-15 20:00:00+05:30,0.0,29.16
2022-05-15 21:00:00+05:30,0.0,27.43
2022-05-15 22:00:00+05:30,0.0,26.23
2022-05-15 23:00:00+05:30,0.0,25.38
2022-05-16 00:00:00+05:30,0.0,24.73
2022-05-16 01:00:00+05:30,0.0,24.44
2022-05-16 02:00:00+05:30,0.0,24.08
2022-05-16 03:00:00+05:30,0.0,23.85
2022-05-16 04:00:00+05:30,0.0,23.64
2022-05-16 05:00:00+05:30,0.0,23.2
2022-05-16 06:00:00+05:30,0.0,22.99
2022-05-16 07:00:00+05:30,160.13,22.88
2022-05-16 08:00:00+05:30,368.58,24.03
2022-05-16 09:00:00+05:30,597.19,26.66
2022-05-16 10:00:00+05:30,778.35,29.82
2022-05-16 11:00:00+05:30,902.31,32.81
2022-05-16 12:00:00+05:30,965.59,35.26
2022-05-16 13:00:00+05:30,960.63,36.48
2022-05-16 14:00:00+05:30,818.29,37.74
2022-05-16 15:00:00+05:30,775.27,38.22
2022-05-16 16:00:00+05:30,592.33,38.44
2022-05-16 17:00:00+05:30,380.24,37.95
2022-05-16 18:00:00+05:30,163.91,36.59
2022-05-16 19:00:00+05:30,0.0,33.74
2022-05-16 20:00:00+05:30,0.0,30.96
2022-05-16 21:00:00+05:30,0.0,29.09
2022-05-16 22:00:00+05:30,0.0,27.73
2022-05-16 23:00:00+05:30,0.0,26.57
2022-05-17 00:00:00+05:30,0.0,25.59
2022-05-17 01:00:00+05:30,0.0,25.1
2022-05-17 02:00:00+05:30,0.0,24.6
2022-05-17 03:00:00+05:30,0.0,24.12
2022-05-17 04:00:00+05:30,0.0,23.71
2022-05-17 05:00:00+05:30,0.0,23.44
2022-05-17 06:00:00+05:30,0.0,23.1
2022-05-17 07:00:00+05:30,162.86,22.83
2022-05-17 08:00:00+05:30,380.51,24.47
2022-05-17 09:00:00+05:30,603.86,27.31
2022-05-17 10:00:00+05:30,768.0,30.2
2022-05-17 11:00:00+05:30,904.16,32.68
2022-05-17 12:00:00+05:30,966.1,34.86
2022-05-17 13:00:00+05:30,900.83,35.87
2022-05-17 14:00:00+05:30,679.66,36.67
2022-05-17 15:00:00+05:30,623.16,36.54
2022-05-17 16:00:00+05:30,380.15,36.04
2022-05-17 17:00:00+05:30,291.68,34.73
2022-05-17 18:00:00+05:30,151.99,33.65
2022-05-17 19:00:00+05:30,0.0,31.9
2022-05-17 20:00:00+05:30,0.0,29.87
2022-05-17 21:00:00+05:30,0.0,28.19
2022-05-17 22:00:00+05:30,0.0,26.91
2022-05-17 23:00:00+05:30,0.0,25.94
2022-05-18 00:00:00+05:30,0.0,25.08
2022-05-18 01:00:00+05:30,0.0,24.3
2022-05-18 02:00:00+05:30,0.0,23.89
2022-05-18 03:00:00+05:30,0.0,23.5
2022-05-18 04:00:00+05:30,0.0,23.02
2022-05-18 05:00:00+05:30,0.0,22.83
2022-05-18 06:00:00+05:30,0.0,22.7
2022-05-18 07:00:00+05:30,104.16,22.68
2022-05-18 08:00:00+05:30,214.57,23.75
2022-05-18 09:00:00+05:30,415.86,25.86
2022-05-18 10:00:00+05:30,660.89,28.82
2022-05-18 11:00:00+05:30,908.71,31.98
2022-05-18 12:00:00+05:30,943.1,34.92
2022-05-18 13:00:00+05:30,937.69,35.84
2022-05-18 14:00:00+05:30,865.76,36.83
2022-05-18 15:00:00+05:30,745.01,37.35
2022-05-18 16:00:00+05:30,505.98,37.42
2022-05-18 17:00:00+05:30,226.43,36.61
2022-05-18 18:00:00+05:30,79.81,34.43
2022-05-18 19:00:00+05:30,0.0,31.51
2022-05-18 20:00:00+05:30,0.0,29.34
2022-05-18 21:00:00+05:30,0.0,27.91
2022-05-18 22:00:00+05:30,0.0,26.76
2022-05-18 23:00:00+05:30,0.0,25.8
2022-05-19 00:00:00+05:30,0.0,25.02
2022-05-19 01:00:00+05:30,0.0,24.56
2022-05-19 02:00:00+05:30,0.0,24.33
2022-05-19 03:00:00+05:30,0.0,23.98
2022-05-19 04:00:00+05:30,0.0,23.79
2022-05-19 05:00:00+05:30,0.0,23.56
2022-05-19 06:00:00+05:30,0.0,23.41
2022-05-19 07:00:00+05:30,144.21,23.38
2022-05-19 08:00:00+05:30,344.64,24.59
2022-05-19 09:00:00+05:30,521.69,27.0
2022-05-19 10:00:00+05:30,600.91,29.78
2022-05-19 11:00:00+05:30,619.86,32.03
2022-05-19 12:00:00+05:30,779.91,33.77
2022-05-19 13:00:00+05:30,752.67,35.35
2022-05-19 14:00:00+05:30,529.58,36.42
2022-05-19 15:00:00+05:30,330.27,36.38
2022-05-19 16:00:00+05:30,176.3,34.74
2022-05-19 17:00:00+05:30,90.46,32.61
2022-05-19 18:00:00+05:30,55.19,30.43
2022-05-19 19:00:00+05:30,0.0,27.9
2022-05-19 20:00:00+05:30,0.0,27.28
2022-05-19 21:00:00+05:30,0.0,26.67
2022-05-19 22:00:00+05:30,0.0,26.04
2022-05-19 23:00:00+05:30,0.0,25.55
2022-05-20 00:00:00+05:30,0.0,25.22
2022-05-20 01:00:00+05:30,0.0,24.74
2022-05-20 02:00:00+05:30,0.0,24.44
2022-05-20 03:00:00+05:30,0.0,24.08
2022-05-20 04:00:00+05:30,0.0,23.82
2022-05-20 05:00:00+05:30,0.0,23.6
2022-05-20 06:00:00+05:30,0.0,23.43
2022-05-20 07:00:00+05:30,93.07,23.21
2022-05-20 08:00:00+05:30,155.36,23.83
2022-05-20 09:00:00+05:30,290.53,24.64
2022-05-20 10:00:00+05:30,424.83,25.97
2022-05-20 11:00:00+05:30,568.21,27.29
2022-05-20 12:00:00+05:30,568.98,28.76
2022-05-20 13:00:00+05:30,485.29,29.85
2022-05-20 14:00:00+05:30,300.5,30.23
2022-05-20 15:00:00+05:30,387.93,29.53
2022-05-20 16:00:00+05:30,388.05,29.29
2022-05-20 17:00:00+05:30,267.89,29.02
2022-05-20 18:00:00+05:30,102.43,28.08
2022-05-20 19:00:00+05:30,0.0,26.79
2022-05-20 20:00:00+05:30,0.0,25.62
2022-05-20 21:00:00+05:30,0.0,24.82
2022-05-20 22:00:00+05:30,0.0,24.38
2022-05-20 23:00:00+05:30,0.0,24.08
2022-05-21 00:00:00+05:30,0.0,23.79
2022-05-21 01:00:00+05:30,0.0,23.31
2022-05-21 02:00:00+05:30,0.0,23.14
2022-05-21 03:00:00+05:30,0.0,23.11
2022-05-21 04:00:00+05:30,0.0,22.91
2022-05-21 05:00:00+05:30,0.0,22.6
2022-05-21 06:00:00+05:30,0.0,22.45
2022-05-21 07:00:00+05:30,155.81,22.3
2022-05-21 08:00:00+05:30,351.59,23.65
2022-05-21 09:00:00+05:30,540.0,25.51
2022-05-21 10:00:00+05:30,734.1,27.36
2022-05-21 11:00:00+05:30,829.76,29.3
2022-05-21 12:00:00+05:30,917.85,30.64
2022-05-21 13:00:00+05:30,936.2,32.06
2022-05-21 14:00:00+05:30,846.87,32.76
2022-05-21 15:00:00+05:30,758.21,32.54
2022-05-21 16:00:00+05:30,584.66,31.93
2022-05-21 17:00:00+05:30,387.8,30.67
2022-05-21 18:00:00+05:30,176.57,29.04
2022-05-21 19:00:00+05:30,0.0,27.13
2022-05-21 20:00:00+05:30,0.0,25.65
2022-05-21 21:00:00+05:30,0.0,24.86
2022-05-21 22:00:00+05:30,0.0,24.28
2022-05-21 23:00:00+05:30,0.0,23.8
2022-05-22 00:00:00+05:30,0.0,23.39
2022-05-22 01:00:00+05:30,0.0,23.13
2022-05-22 02:00:00+05:30,0.0,23.16
2022-05-22 03:00:00+05:30,0.0,23.0
2022-05-22 04:00:00+05:30,0.0,22.54
2022-05-22 05:00:00+05:30,0.0,22.51
2022-05-22 06:00:00+05:30,0.0,22.48
2022-05-22 07:00:00+05:30,158.52,22.41
2022-05-22 08:00:00+05:30,332.05,23.79
2022-05-22 09:00:00+05:30,545.83,25.42
2022-05-22 10:00:00+05:30,745.51,27.43
2022-05-22 11:00:00+05:30,840.12,29.35
2022-05-22 12:00:00+05:30,933.92,30.85
2022-05-22 13:00:00+05:30,948.19,32.0
2022-05-22 14:00:00+05:30,909.41,32.68
2022-05-22 15:00:00+05:30,783.84,32.86
2022-05-22 16:00:00+05:30,614.6,32.42
2022-05-22 17:00:00+05:30,396.47,31.41
2022-05-22 18:00:00+05:30,182.2,29.73
2022-05-22 19:00:00+05:30,0.0,27.77
2022-05-22 20:00:00+05:30,0.0,26.34
2022-05-22 21:00:00+05:30,0.0,25.43
2022-05-22 22:00:00+05:30,0.0,24.65
2022-05-22 23:00:00+05:30,0.0,24.14
2022-05-23 00:00:00+05:30,0.0,23.64
2022-05-23 01:00:00+05:30,0.0,23.83
2022-05-23 02:00:00+05:30,0.0,23.67
2022-05-23 03:00:00+05:30,0.0,23.24
2022-05-23 04:00:00+05:30,0.0,23.33
2022-05-23 05:00:00+05:30,0.0,23.05
2022-05-23 06:00:00+05:30,0.0,22.9
2022-05-23 07:00:00+05:30,154.33,22.98
2022-05-23 08:00:00+05:30,330.25,24.28
2022-05-23 09:00:00+05:30,537.36,26.08
2022-05-23 10:00:00+05:30,660.55,28.18
2022-05-23 11:00:00+05:30,798.44,29.78
2022-05-23 12:00:00+05:30,890.71,31.28
2022-05-23 13:00:00+05:30,867.64,32.51
2022-05-23 14:00:00+05:30,817.82,32.94
2022-05-23 15:00:00+05:30,725.43,32.7
2022-05-23 16:00:00+05:30,551.6,32.23
2022-05-23 17:00:00+05:30,368.67,31.19
2022-05-23 18:00:00+05:30,160.39,29.83
2022-05-23 19:00:00+05:30,8.62,28.16
2022-05-23 20:00:00+05:30,0.0,26.6
2022-05-23 21:00:00+05:30,0.0,25.59
2022-05-23 22:00:00+05:30,0.0,24.76
2022-05-23 23:00:00+05:30,0.0,24.09
2022-05-24 00:00:00+05:30,0.0,23.7
2022-05-24 01:00:00+05:30,0.0,23.59
2022-05-24 02:00:00+05:30,0.0,23.31
2022-05-24 03:00:00+05:30,0.0,23.17
2022-05-24 04:00:00+05:30,0.0,23.04
2022-05-24 05:00:00+05:30,0.0,23.1
2022-05-24 06:00:00+05:30,0.0,22.75
2022-05-24 07:00:00+05:30,158.13,23.06
2022-05-24 08:00:00+05:30,355.36,24.34
2022-05-24 09:00:00+05:30,546.65,26.35
2022-05-24 10:00:00+05:30,687.23,28.18
2022-05-24 11:00:00+05:30,842.87,29.86
2022-05-24 12:00:00+05:30,826.14,31.38
2022-05-24 13:00:00+05:30,838.43,32.48
2022-05-24 14:00:00+05:30,812.44,33.26
2022-05-24 15:00:00+05:30,653.14,33.45
2022-05-24 16:00:00+05:30,545.76,32.92
2022-05-24 17:00:00+05:30,354.3,32.1
2022-05-24 18:00:00+05:30,156.48,30.99
2022-05-24 19:00:00+05:30,8.96,29.23
2022-05-24 20:00:00+05:30,0.0,27.49
2022-05-24 21:00:00+05:30,0.0,26.11
2022-05-24 22:00:00+05:30,0.0,25.2
2022-05-24 23:00:00+05:30,0.0,24.34
2022-05-25 00:00:00+05:30,0.0,23.58
2022-05-25 01:00:00+05:30,0.0,23.38
2022-05-25 02:00:00+05:30,0.0,22.88
2022-05-25 03:00:00+05:30,0.0,22.49
2022-05-25 04:00:00+05:30,0.0,22.14
2022-05-25 05:00:00+05:30,0.0,21.99
2022-05-25 06:00:00+05:30,0.0,21.91
2022-05-25 07:00:00+05:30,150.93,21.99
2022-05-25 08:00:00+05:30,356.2,23.27
2022-05-25 09:00:00+05:30,564.72,25.73
2022-05-25 10:00:00+05:30,744.7,27.99
2022-05-25 11:00:00+05:30,898.73,30.07
2022-05-25 12:00:00+05:30,965.08,32.03
2022-05-25 13:00:00+05:30,956.94,33.35
2022-05-25 14:00:00+05:30,880.15,34.12
2022-05-25 15:00:00+05:30,738.46,34.34
2022-05-25 16:00:00+05:30,583.03,33.88
2022-05-25 17:00:00+05:30,382.87,32.55
2022-05-25 18:00:00+05:30,175.78,31.24
2022-05-25 19:00:00+05:30,8.82,29.35
2022-05-25 20:00:00+05:30,0.0,27.58
2022-05-25 21:00:00+05:30,0.0,26.27
2022-05-25 22:00:00+05:30,0.0,25.07
2022-05-25 23:00:00+05:30,0.0,24.11
2022-05-26 00:00:00+05:30,0.0,23.44
2022-05-26 01:00:00+05:30,0.0,23.2
2022-05-26 02:00:00+05:30,0.0,22.67
2022-05-26 03:00:00+05:30,0.0,22.31
2022-05-26 04:00:00+05:30,0.0,22.1
2022-05-26 05:00:00+05:30,0.0,21.84
2022-05-26 06:00:00+05:30,0.0,21.72
2022-05-26 07:00:00+05:30,169.26,21.62
2022-05-26 08:00:00+05:30,363.95,23.28
2022-05-26 09:00:00+05:30,548.41,25.46
2022-05-26 10:00:00+05:30,756.67,27.46
2022-05-26 11:00:00+05:30,816.67,29.64
2022-05-26 12:00:00+05:30,919.14,30.87
2022-05-26 13:00:00+05:30,931.27,32.13
2022-05-26 14:00:00+05:30,850.0,33.17
2022-05-26 15:00:00+05:30,729.63,33.51
2022-05-26 16:00:00+05:30,552.39,33.36
2022-05-26 17:00:00+05:30,338.4,32.33
2022-05-26 18:00:00+05:30,149.61,30.69
2022-05-26 19:00:00+05:30,9.21,28.48
2022-05-26 20:00:00+05:30,0.0,26.6
2022-05-26 21:00:00+05:30,0.0,25.42
2022-05-26 22:00:00+05:30,0.0,24.6
2022-05-26 23:00:00+05:30,0.0,23.86
2022-05-27 00:00:00+05:30,0.0,23.29
2022-05-27 01:00:00+05:30,0.0,23.51
2022-05-27 02:00:00+05:30,0.0,23.22
2022-05-27 03:00:00+05:30,0.0,22.88
2022-05-27 04:00:00+05:30,0.0,22.55
2022-05-27 05:00:00+05:30,0.0,22.19
2022-05-27 06:00:00+05:30,0.0,22.02
2022-05-27 07:00:00+05:30,149.81,22.14
2022-05-27 08:00:00+05:30,365.54,23.42
2022-05-27 09:00:00+05:30,550.64,25.18
2022-05-27 10:00:00+05:30,743.54,27.07
2022-05-27 11:00:00+05:30,833.58,29.16
2022-05-27 12:00:00+05:30,888.39,30.73
2022-05-27 13:00:00+05:30,892.7,31.75
2022-05-27 14:00:00+05:30,862.24,32.51
2022-05-27 15:00:00+05:30,669.66,32.87
2022-05-27 16:00:00+05:30,549.55,32.56
2022-05-27 17:00:00+05:30,349.93,31.82
2022-05-27 18:00:00+05:30,179.83,30.53
2022-05-27 19:00:00+05:30,9.16,28.73
2022-05-27 20:00:00+05:30,0.0,27.0
2022-05-27 21:00:00+05:30,0.0,25.72
2022-05-27 22:00:00+05:30,0.0,24.78
2022-05-27 23:00:00+05:30,0.0,24.02
2022-05-28 00:00:00+05:30,0.0,23.33
2022-05-28 01:00:00+05:30,0.0,23.05
2022-05-28 02:00:00+05:30,0.0,22.61
2022-05-28 03:00:00+05:30,0.0,22.16
2022-05-28 04:00:00+05:30,0.0,21.86
2022-05-28 05:00:00+05:30,0.0,21.84
2022-05-28 06:00:00+05:30,0.0,21.89
2022-05-28 07:00:00+05:30,160.07,21.95
2022-05-28 08:00:00+05:30,353.01,23.5
2022-05-28 09:00:00+05:30,571.47,25.72
2022-05-28 10:00:00+05:30,702.85,27.72
2022-05-28 11:00:00+05:30,841.9,29.27
2022-05-28 12:00:00+05:30,905.07,30.82
2022-05-28 13:00:00+05:30,801.39,31.96
2022-05-28 14:00:00+05:30,775.16,32.45
2022-05-28 15:00:00+05:30,681.98,32.57
2022-05-28 16:00:00+05:30,509.44,31.67
2022-05-28 17:00:00+05:30,270.59,31.03
2022-05-28 18:00:00+05:30,122.09,29.63
2022-05-28 19:00:00+05:30,8.87,28.12
2022-05-28 20:00:00+05:30,0.0,26.6
2022-05-28 21:00:00+05:30,0.0,25.5
2022-05-28 22:00:00+05:30,0.0,24.67
2022-05-28 23:00:00+05:30,0.0,23.85
2022-05-29 00:00:00+05:30,0.0,23.46
2022-05-29 01:00:00+05:30,0.0,23.31
2022-05-29 02:00:00+05:30,0.0,22.98
2022-05-29 03:00:00+05:30,0.0,22.75
2022-05-29 04:00:00+05:30,0.0,22.57
2022-05-29 05:00:00+05:30,0.0,22.38
2022-05-29 06:00:00+05:30,0.0,22.12
2022-05-29 07:00:00+05:30,154.28,22.2
2022-05-29 08:00:00+05:30,329.19,23.83
2022-05-29 09:00:00+05:30,529.83,25.72
2022-05-29 10:00:00+05:30,706.23,27.54
2022-05-29 11:00:00+05:30,833.37,29.41
2022-05-29 12:00:00+05:30,879.13,31.12
2022-05-29 13:00:00+05:30,900.24,32.08
2022-05-29 14:00:00+05:30,844.03,32.81
2022-05-29 15:00:00+05:30,700.91,33.0
2022-05-29 16:00:00+05:30,474.95,32.55
2022-05-29 17:00:00+05:30,281.49,31.44
2022-05-29 18:00:00+05:30,147.86,29.94
2022-05-29 19:00:00+05:30,9.79,28.35
2022-05-29 20:00:00+05:30,0.0,26.75
2022-05-29 21:00:00+05:30,0.0,25.51
2022-05-29 22:00:00+05:30,0.0,24.58
2022-05-29 23:00:00+05:30,0.0,23.83
2022-05-30 00:00:00+05:30,0.0,23.18
2022-05-30 01:00:00+05:30,0.0,23.2
2022-05-30 02:00:00+05:30,0.0,22.87
2022-05-30 03:00:00+05:30,0.0,22.44
2022-05-30 04:00:00+05:30,0.0,22.1
2022-05-30 05:00:00+05:30,0.0,22.11
2022-05-30 06:00:00+05:30,0.0,21.98
2022-05-30 07:00:00+05:30,173.11,22.07
2022-05-30 08:00:00+05:30,359.4,23.66
2022-05-30 09:00:00+05:30,560.88,25.56
2022-05-30 10:00:00+05:30,708.52,27.7
2022-05-30 11:00:00+05:30,864.54,29.49
2022-05-30 12:00:00+05:30,943.46,31.25
2022-05-30 13:00:00+05:30,938.22,32.59
2022-05-30 14:00:00+05:30,838.86,33.49
2022-05-30 15:00:00+05:30,723.05,33.72
2022-05-30 16:00:00+05:30,456.58,32.51
2022-05-30 17:00:00+05:30,232.77,32.15
2022-05-30 18:00:00+05:30,134.73,30.77
2022-05-30 19:00:00+05:30,9.01,29.27
2022-05-30 20:00:00+05:30,0.0,27.47
2022-05-30 21:00:00+05:30,0.0,25.95
2022-05-30 22:00:00+05:30,0.0,24.95
2022-05-30 23:00:00+05:30,0.0,24.29
2022-05-31 00:00:00+05:30,0.0,23.69
2022-05-31 01:00:00+05:30,0.0,23.26
2022-05-31 02:00:00+05:30,0.0,22.89
2022-05-31 03:00:00+05:30,0.0,22.65
2022-05-31 04:00:00+05:30,0.0,22.1
2022-05-31 05:00:00+05:30,0.0,21.93
2022-05-31 06:00:00+05:30,0.0,21.89
2022-05-31 07:00:00+05:30,138.06,21.99
2022-05-31 08:00:00+05:30,312.74,23.45
2022-05-31 09:00:00+05:30,526.23,25.42
2022-05-31 10:00:00+05:30,665.95,27.53
2022-05-31 11:00:00+05:30,842.68,29.33
2022-05-31 12:00:00+05:30,958.88,31.19
2022-05-31 13:00:00+05:30,963.99,33.42
2022-05-31 14:00:00+05:30,791.17,34.5
2022-05-31 15:00:00+05:30,641.17,34.69
2022-05-31 16:00:00+05:30,458.91,33.1
2022-05-31 17:00:00+05:30,258.37,32.26
2022-05-31 18:00:00+05:30,141.41,30.91
2022-05-31 19:00:00+05:30,10.13,29.1
2022-05-31 20:00:00+05:30,0.0,27.25
2022-05-31 21:00:00+05:30,0.0,25.78
2022-05-31 22:00:00+05:30,0.0,24.66
2022-05-31 23:00:00+05:30,0.0,24.16
2022-06-01 00:00:00+05:30,0.0,23.98
2022-06-01 01:00:00+05:30,0.0,23.62
2022-06-01 02:00:00+05:30,0.0,23.34
2022-06-01 03:00:00+05:30,0.0,23.05
2022-06-01 04:00:00+05:30,0.0,22.94
2022-06-01 05:00:00+05:30,0.0,22.88
2022-06-01 06:00:00+05:30,0.0,22.68
2022-06-01 07:00:00+05:30,133.71,22.82
2022-06-01 08:00:00+05:30,278.83,23.89
2022-06-01 09:00:00+05:30,360.32,25.56
2022-06-01 10:00:00+05:30,433.09,27.19
2022-06-01 11:00:00+05:30,539.42,28.77
2022-06-01 12:00:00+05:30,832.64,30.26
2022-06-01 13:00:00+05:30,809.35,32.41
2022-06-01 14:00:00+05:30,644.05,33.67
2022-06-01 15:00:00+05:30,434.87,34.04
2022-06-01 16:00:00+05:30,206.03,33.16
2022-06-01 17:00:00+05:30,186.48,30.69
2022-06-01 18:00:00+05:30,58.35,30.16
2022-06-01 19:00:00+05:30,6.97,28.64
2022-06-01 20:00:00+05:30,0.0,27.6
2022-06-01 21:00:00+05:30,0.0,26.28
2022-06-01 22:00:00+05:30,0.0,25.5
2022-06-01 23:00:00+05:30,0.0,24.99
2022-06-02 00:00:00+05:30,0.0,24.59
2022-06-02 01:00:00+05:30,0.0,24.17
2022-06-02 02:00:00+05:30,0.0,23.67
2022-06-02 03:00:00+05:30,0.0,23.27
2022-06-02 04:00:00+05:30,0.0,23.02
2022-06-02 05:00:00+05:30,0.0,22.94
2022-06-02 06:00:00+05:30,0.0,22.83
2022-06-02 07:00:00+05:30,127.98,23.0
2022-06-02 08:00:00+05:30,331.19,24.15
2022-06-02 09:00:00+05:30,467.01,26.13
2022-06-02 10:00:00+05:30,639.33,28.35
2022-06-02 11:00:00+05:30,757.61,30.67
2022-06-02 12:00:00+05:30,625.73,32.46
2022-06-02 13:00:00+05:30,583.12,33.21
2022-06-02 14:00:00+05:30,805.87,33.82
2022-06-02 15:00:00+05:30,699.57,34.9
2022-06-02 16:00:00+05:30,509.15,34.92
2022-06-02 17:00:00+05:30,278.04,33.65
2022-06-02 18:00:00+05:30,135.54,31.55
2022-06-02 19:00:00+05:30,8.67,29.51
2022-06-02 20:00:00+05:30,0.0,27.49
2022-06-02 21:00:00+05:30,0.0,26.04
2022-06-02 22:00:00+05:30,0.0,25.31
2022-06-02 23:00:00+05:30,0.0,24.7
2022-06-03 00:00:00+05:30,0.0,24.23
2022-06-03 01:00:00+05:30,0.0,23.69
2022-06-03 02:00:00+05:30,0.0,23.37
2022-06-03 03:00:00+05:30,0.0,23.11
2022-06-03 04:00:00+05:30,0.0,23.04
2022-06-03 05:00:00+05:30,0.0,22.98
2022-06-03 06:00:00+05:30,0.0,22.8
2022-06-03 07:00:00+05:30,161.15,22.71
2022-06-03 08:00:00+05:30,364.0,23.72
2022-06-03 09:00:00+05:30,550.74,25.79
2022-06-03 10:00:00+05:30,715.14,28.2
2022-06-03 11:00:00+05:30,839.53,30.45
2022-06-03 12:00:00+05:30,928.21,32.53
2022-06-03 13:00:00+05:30,940.12,34.01
2022-06-03 14:00:00+05:30,899.81,35.19
2022-06-03 15:00:00+05:30,778.46,35.73
2022-06-03 16:00:00+05:30,539.31,34.98
2022-06-03 17:00:00+05:30,191.47,33.11
2022-06-03 18:00:00+05:30,122.41,32.19
2022-06-03 19:00:00+05:30,8.72,31.01
2022-06-03 20:00:00+05:30,0.0,29.17
2022-06-03 21:00:00+05:30,0.0,27.34
2022-06-03 22:00:00+05:30,0.0,26.07
2022-06-03 23:00:00+05:30,0.0,25.17
2022-06-04 00:00:00+05:30,0.0,24.35
2022-06-04 01:00:00+05:30,0.0,23.91
2022-06-04 02:00:00+05:30,0.0,23.51
2022-06-04 03:00:00+05:30,0.0,23.19
2022-06-04 04:00:00+05:30,0.0,23.04
2022-06-04 05:00:00+05:30,0.0,22.81
2022-06-04 06:00:00+05:30,0.0,22.67
2022-06-04 07:00:00+05:30,146.03,22.84
2022-06-04 08:00:00+05:30,344.6,23.85
2022-06-04 09:00:00+05:30,578.76,25.93
2022-06-04 10:00:00+05:30,765.42,28.46
2022-06-04 11:00:00+05:30,882.81,30.91
2022-06-04 12:00:00+05:30,935.53,32.89
2022-06-04 13:00:00+05:30,931.96,34.12
2022-06-04 14:00:00+05:30,870.51,35.07
2022-06-04 15:00:00+05:30,742.52,35.49
2022-06-04 16:00:00+05:30,520.82,35.38
2022-06-04 17:00:00+05:30,280.59,32.68
2022-06-04 18:00:00+05:30,116.64,32.42
2022-06-04 19:00:00+05:30,9.79,31.69
2022-06-04 20:00:00+05:30,0.0,30.37
2022-06-04 21:00:00+05:30,0.0,29.01
2022-06-04 22:00:00+05:30,0.0,27.68
2022-06-04 23:00:00+05:30,0.0,26.5
2022-06-05 00:00:00+05:30,0.0,25.53
2022-06-05 01:00:00+05:30,0.0,24.98
2022-06-05 02:00:00+05:30,0.0,24.57
2022-06-05 03:00:00+05:30,0.0,24.15
2022-06-05 04:00:00+05:30,0.0,23.96
2022-06-05 05:00:00+05:30,0.0,23.77
2022-06-05 06:00:00+05:30,0.0,23.5
2022-06-05 07:00:00+05:30,121.24,23.45
2022-06-05 08:00:00+05:30,321.05,24.25
2022-06-05 09:00:00+05:30,555.91,26.2
2022-06-05 10:00:00+05:30,631.16,28.78
2022-06-05 11:00:00+05:30,732.03,31.01
2022-06-05 12:00:00+05:30,917.58,32.93
2022-06-05 13:00:00+05:30,943.2,34.68
2022-06-05 14:00:00+05:30,870.38,35.76
2022-06-05 15:00:00+05:30,621.24,36.25
2022-06-05 16:00:00+05:30,404.72,32.16
2022-06-05 17:00:00+05:30,242.02,32.35
2022-06-05 18:00:00+05:30,144.07,32.19
2022-06-05 19:00:00+05:30,8.28,31.28
2022-06-05 20:00:00+05:30,0.0,29.58
2022-06-05 21:00:00+05:30,0.0,27.9
2022-06-05 22:00:00+05:30,0.0,26.5
2022-06-05 23:00:00+05:30,0.0,25.55
2022-06-06 00:00:00+05:30,0.0,24.87
2022-06-06 01:00:00+05:30,0.0,24.6
2022-06-06 02:00:00+05:30,0.0,24.36
2022-06-06 03:00:00+05:30,0.0,24.16
2022-06-06 04:00:00+05:30,0.0,23.89
2022-06-06 05:00:00+05:30,0.0,23.79
2022-06-06 06:00:00+05:30,0.0,23.53
2022-06-06 07:00:00+05:30,142.88,23.48
2022-06-06 08:00:00+05:30,311.78,24.61
2022-06-06 09:00:00+05:30,455.33,26.93
2022-06-06 10:00:00+05:30,701.27,29.42
2022-06-06 11:00:00+05:30,840.4,32.35
2022-06-06 12:00:00+05:30,652.06,34.48
2022-06-06 13:00:00+05:30,631.94,33.01
2022-06-06 14:00:00+05:30,700.32,33.31
2022-06-06 15:00:00+05:30,523.7,32.83
2022-06-06 16:00:00+05:30,300.41,31.78
2022-06-06 17:00:00+05:30,141.07,28.65
2022-06-06 18:00:00+05:30,57.82,28.0
2022-06-06 19:00:00+05:30,5.21,27.37
2022-06-06 20:00:00+05:30,0.0,26.83
2022-06-06 21:00:00+05:30,0.0,26.07
2022-06-06 22:00:00+05:30,0.0,25.38
2022-06-06 23:00:00+05:30,0.0,24.88
2022-06-07 00:00:00+05:30,0.0,24.5
2022-06-07 01:00:00+05:30,0.0,24.4
2022-06-07 02:00:00+05:30,0.0,24.21
2022-06-07 03:00:00+05:30,0.0,24.07
2022-06-07 04:00:00+05:30,0.0,23.95
2022-06-07 05:00:00+05:30,0.0,23.85
2022-06-07 06:00:00+05:30,0.0,23.77
2022-06-07 07:00:00+05:30,157.02,23.71
2022-06-07 08:00:00+05:30,261.16,24.87
2022-06-07 09:00:00+05:30,260.01,26.41
2022-06-07 10:00:00+05:30,241.77,27.2
2022-06-07 11:00:00+05:30,316.02,27.5
2022-06-07 12:00:00+05:30,450.94,28.2
2022-06-07 13:00:00+05:30,509.22,29.14
2022-06-07 14:00:00+05:30,630.28,29.93
2022-06-07 15:00:00+05:30,602.43,31.04
2022-06-07 16:00:00+05:30,512.72,31.46
2022-06-07 17:00:00+05:30,333.97,29.76
2022-06-07 18:00:00+05:30,133.02,29.73
2022-06-07 19:00:00+05:30,8.48,28.59
2022-06-07 20:00:00+05:30,0.0,26.96
2022-06-07 21:00:00+05:30,0.0,25.58
2022-06-07 22:00:00+05:30,0.0,24.77
2022-06-07 23:00:00+05:30,0.0,24.34
2022-06-08 00:00:00+05:30,0.0,23.87
2022-06-08 01:00:00+05:30,0.0,23.98
2022-06-08 02:00:00+05:30,0.0,23.65
2022-06-08 03:00:00+05:30,0.0,23.38
2022-06-08 04:00:00+05:30,0.0,23.17
2022-06-08 05:00:00+05:30,0.0,23.08
2022-06-08 06:00:00+05:30,0.0,22.94
2022-06-08 07:00:00+05:30,110.74,23.07
2022-06-08 08:00:00+05:30,324.02,23.91
2022-06-08 09:00:00+05:30,550.52,25.84
2022-06-08 10:00:00+05:30,642.61,28.03
2022-06-08 11:00:00+05:30,821.27,29.6
2022-06-08 12:00:00+05:30,833.98,31.48
2022-06-08 13:00:00+05:30,798.09,32.06
2022-06-08 14:00:00+05:30,680.85,31.67
2022-06-08 15:00:00+05:30,505.56,30.45
2022-06-08 16:00:00+05:30,485.64,30.05
2022-06-08 17:00:00+05:30,243.25,28.71
2022-06-08 18:00:00+05:30,107.96,28.55
2022-06-08 19:00:00+05:30,10.28,27.93
2022-06-08 20:00:00+05:30,0.0,26.66
2022-06-08 21:00:00+05:30,0.0,25.94
2022-06-08 22:00:00+05:30,0.0,25.4
2022-06-08 23:00:00+05:30,0.0,25.1
2022-06-09 00:00:00+05:30,0.0,24.84
2022-06-09 01:00:00+05:30,0.0,25.1
2022-06-09 02:00:00+05:30,0.0,24.69
2022-06-09 03:00:00+05:30,0.0,24.29
2022-06-09 04:00:00+05:30,0.0,23.98
2022-06-09 05:00:00+05:30,0.0,23.83
2022-06-09 06:00:00+05:30,0.0,23.69
2022-06-09 07:00:00+05:30,81.17,23.67
2022-06-09 08:00:00+05:30,284.58,24.23
2022-06-09 09:00:00+05:30,458.11,25.94
2022-06-09 10:00:00+05:30,622.39,27.92
2022-06-09 11:00:00+05:30,781.1,29.76
2022-06-09 12:00:00+05:30,759.54,31.46
2022-06-09 13:00:00+05:30,776.36,31.65
2022-06-09 14:00:00+05:30,642.71,32.57
2022-06-09 15:00:00+05:30,446.7,32.56
2022-06-09 16:00:00+05:30,260.56,29.11
2022-06-09 17:00:00+05:30,127.14,28.12
2022-06-09 18:00:00+05:30,50.29,27.45
2022-06-09 19:00:00+05:30,4.92,26.32
2022-06-09 20:00:00+05:30,0.0,25.36
2022-06-09 21:00:00+05:30,0.0,24.89
2022-06-09 22:00:00+05:30,0.0,24.6
2022-06-09 23:00:00+05:30,0.0,24.26
2022-06-10 00:00:00+05:30,0.0,23.97
2022-06-10 01:00:00+05:30,0.0,23.79
2022-06-10 02:00:00+05:30,0.0,23.62
2022-06-10 03:00:00+05:30,0.0,23.35
2022-06-10 04:00:00+05:30,0.0,23.18
2022-06-10 05:00:00+05:30,0.0,22.92
2022-06-10 06:00:00+05:30,0.0,22.75
2022-06-10 07:00:00+05:30,148.26,22.73
2022-06-10 08:00:00+05:30,334.52,23.94
2022-06-10 09:00:00+05:30,504.02,25.64
2022-06-10 10:00:00+05:30,704.13,27.4
2022-06-10 11:00:00+05:30,798.28,29.38
2022-06-10 12:00:00+05:30,787.29,30.79
2022-06-10 13:00:00+05:30,845.51,32.16
2022-06-10 14:00:00+05:30,785.06,33.14
2022-06-10 15:00:00+05:30,610.06,32.62
2022-06-10 16:00:00+05:30,368.29,29.56
2022-06-10 17:00:00+05:30,210.77,28.47
2022-06-10 18:00:00+05:30,97.84,27.69
2022-06-10 19:00:00+05:30,6.92,26.34
2022-06-10 20:00:00+05:30,0.0,25.51
2022-06-10 21:00:00+05:30,0.0,25.07
2022-06-10 22:00:00+05:30,0.0,24.6
2022-06-10 23:00:00+05:30,0.0,24.21
2022-06-11 00:00:00+05:30,0.0,23.95
2022-06-11 01:00:00+05:30,0.0,23.62
2022-06-11 02:00:00+05:30,0.0,23.52
2022-06-11 03:00:00+05:30,0.0,23.44
2022-06-11 04:00:00+05:30,0.0,23.47
2022-06-11 05:00:00+05:30,0.0,23.32
2022-06-11 06:00:00+05:30,0.0,23.34
2022-06-11 07:00:00+05:30,69.6,23.18
2022-06-11 08:00:00+05:30,210.83,23.31
2022-06-11 09:00:00+05:30,328.56,24.25
2022-06-11 10:00:00+05:30,483.55,25.4
2022-06-11 11:00:00+05:30,429.23,26.75
2022-06-11 12:00:00+05:30,595.41,26.63
2022-06-11 13:00:00+05:30,391.9,26.87
2022-06-11 14:00:00+05:30,153.51,26.5
2022-06-11 15:00:00+05:30,205.07,25.68
2022-06-11 16:00:00+05:30,192.45,25.54
2022-06-11 17:00:00+05:30,130.93,24.94
2022-06-11 18:00:00+05:30,29.73,24.33
2022-06-11 19:00:00+05:30,2.34,23.51
2022-06-11 20:00:00+05:30,0.0,23.01
2022-06-11 21:00:00+05:30,0.0,22.72
2022-06-11 22:00:00+05:30,0.0,22.66
2022-06-11 23:00:00+05:30,0.0,22.55
2022-06-12 00:00:00+05:30,0.0,22.48
2022-06-12 01:00:00+05:30,0.0,22.54
2022-06-12 02:00:00+05:30,0.0,22.54
2022-06-12 03:00:00+05:30,0.0,22.32
2022-06-12 04:00:00+05:30,0.0,22.27
2022-06-12 05:00:00+05:30,0.0,22.19
2022-06-12 06:00:00+05:30,0.0,22.06
2022-06-12 07:00:00+05:30,28.27,22.14
2022-06-12 08:00:00+05:30,110.39,22.27
2022-06-12 09:00:00+05:30,170.5,22.64
2022-06-12 10:00:00+05:30,343.28,23.03
2022-06-12 11:00:00+05:30,363.87,24.37
2022-06-12 12:00:00+05:30,292.65,24.82
2022-06-12 13:00:00+05:30,292.87,25.23
2022-06-12 14:00:00+05:30,228.16,25.03
2022-06-12 15:00:00+05:30,205.0,25.22
2022-06-12 16:00:00+05:30,279.8,25.43
2022-06-12 17:00:00+05:30,266.35,25.82
2022-06-12 18:00:00+05:30,134.57,25.84
2022-06-12 19:00:00+05:30,11.01,25.06
2022-06-12 20:00:00+05:30,0.0,24.19
2022-06-12 21:00:00+05:30,0.0,23.7
2022-06-12 22:00:00+05:30,0.0,23.45
2022-06-12 23:00:00+05:30,0.0,23.27
2022-06-13 00:00:00+05:30,0.0,23.1
2022-06-13 01:00:00+05:30,0.0,23.11
2022-06-13 02:00:00+05:30,0.0,22.99
2022-06-13 03:00:00+05:30,0.0,22.7
2022-06-13 04:00:00+05:30,0.0,22.49
2022-06-13 05:00:00+05:30,0.0,22.42
2022-06-13 06:00:00+05:30,0.0,22.24
2022-06-13 07:00:00+05:30,90.99,22.29
2022-06-13 08:00:00+05:30,220.17,22.84
2022-06-13 09:00:00+05:30,371.4,23.97
2022-06-13 10:00:00+05:30,468.32,25.5
2022-06-13 11:00:00+05:30,576.64,26.65
2022-06-13 12:00:00+05:30,792.7,27.33
2022-06-13 13:00:00+05:30,700.49,29.05
2022-06-13 14:00:00+05:30,716.74,29.42
2022-06-13 15:00:00+05:30,620.51,29.85
2022-06-13 16:00:00+05:30,440.11,29.99
2022-06-13 17:00:00+05:30,338.95,28.99
2022-06-13 18:00:00+05:30,138.75,28.35
2022-06-13 19:00:00+05:30,8.43,27.11
2022-06-13 20:00:00+05:30,0.0,25.69
2022-06-13 21:00:00+05:30,0.0,24.52
2022-06-13 22:00:00+05:30,0.0,23.77
2022-06-13 23:00:00+05:30,0.0,23.47
2022-06-14 00:00:00+05:30,0.0,23.25
2022-06-14 01:00:00+05:30,0.0,22.91
2022-06-14 02:00:00+05:30,0.0,22.79
2022-06-14 03:00:00+05:30,0.0,22.45
2022-06-14 04:00:00+05:30,0.0,22.06
2022-06-14 05:00:00+05:30,0.0,21.89
2022-06-14 06:00:00+05:30,0.0,21.67
2022-06-14 07:00:00+05:30,150.19,21.64
2022-06-14 08:00:00+05:30,342.79,23.19
2022-06-14 09:00:00+05:30,528.74,25.22
2022-06-14 10:00:00+05:30,693.05,27.18
2022-06-14 11:00:00+05:30,794.63,28.83
2022-06-14 12:00:00+05:30,882.35,29.88
2022-06-14 13:00:00+05:30,844.67,30.61
2022-06-14 14:00:00+05:30,713.04,30.77
2022-06-14 15:00:00+05:30,593.14,30.76
2022-06-14 16:00:00+05:30,464.87,29.57
2022-06-14 17:00:00+05:30,289.58,29.02
2022-06-14 18:00:00+05:30,137.77,28.11
2022-06-14 19:00:00+05:30,10.96,26.99
2022-06-14 20:00:00+05:30,0.0,25.79
2022-06-14 21:00:00+05:30,0.0,24.92
2022-06-14 22:00:00+05:30,0.0,24.27
2022-06-14 23:00:00+05:30,0.0,23.8
2022-06-15 00:00:00+05:30,0.0,23.37
2022-06-15 01:00:00+05:30,0.0,23.04
2022-06-15 02:00:00+05:30,0.0,22.67
2022-06-15 03:00:00+05:30,0.0,22.34
2022-06-15 04:00:00+05:30,0.0,22.22
2022-06-15 05:00:00+05:30,0.0,22.26
2022-06-15 06:00:00+05:30,0.0,22.19
2022-06-15 07:00:00+05:30,124.47,22.26
2022-06-15 08:00:00+05:30,248.99,23.58
2022-06-15 09:00:00+05:30,529.6,25.1
2022-06-15 10:00:00+05:30,647.19,27.31
2022-06-15 11:00:00+05:30,794.42,28.51
2022-06-15 12:00:00+05:30,617.96,29.7
2022-06-15 13:00:00+05:30,725.85,29.8
2022-06-15 14:00:00+05:30,719.49,30.15
2022-06-15 15:00:00+05:30,524.06,30.15
2022-06-15 16:00:00+05:30,393.42,29.42
2022-06-15 17:00:00+05:30,252.33,28.71
2022-06-15 18:00:00+05:30,123.74,28.05
2022-06-15 19:00:00+05:30,12.13,27.14
2022-06-15 20:00:00+05:30,0.0,25.99
2022-06-15 21:00:00+05:30,0.0,24.88
2022-06-15 22:00:00+05:30,0.0,24.23
2022-06-15 23:00:00+05:30,0.0,23.71
2022-06-16 00:00:00+05:30,0.0,23.29
2022-06-16 01:00:00+05:30,0.0,23.04
2022-06-16 02:00:00+05:30,0.0,22.93
2022-06-16 03:00:00+05:30,0.0,22.77
2022-06-16 04:00:00+05:30,0.0,22.47
2022-06-16 05:00:00+05:30,0.0,22.31
2022-06-16 06:00:00+05:30,0.0,22.23
2022-06-16 07:00:00+05:30,145.72,22.28
2022-06-16 08:00:00+05:30,291.54,23.57
2022-06-16 09:00:00+05:30,480.49,25.24
2022-06-16 10:00:00+05:30,595.71,27.27
2022-06-16 11:00:00+05:30,716.19,28.3
2022-06-16 12:00:00+05:30,807.06,28.96
2022-06-16 13:00:00+05:30,753.9,30.19
2022-06-16 14:00:00+05:30,526.43,29.62
2022-06-16 15:00:00+05:30,445.33,28.63
2022-06-16 16:00:00+05:30,359.32,28.79
2022-06-16 17:00:00+05:30,197.79,27.64
2022-06-16 18:00:00+05:30,66.94,26.87
2022-06-16 19:00:00+05:30,10.08,25.76
2022-06-16 20:00:00+05:30,0.0,24.66
2022-06-16 21:00:00+05:30,0.0,24.19
2022-06-16 22:00:00+05:30,0.0,23.91
2022-06-16 23:00:00+05:30,0.0,23.78
2022-06-17 00:00:00+05:30,0.0,23.54
2022-06-17 01:00:00+05:30,0.0,23.44
2022-06-17 02:00:00+05:30,0.0,23.29
2022-06-17 03:00:00+05:30,0.0,23.15
2022-06-17 04:00:00+05:30,0.0,23.02
2022-06-17 05:00:00+05:30,0.0,22.96
2022-06-17 06:00:00+05:30,0.0,22.93
2022-06-17 07:00:00+05:30,98.81,22.9
2022-06-17 08:00:00+05:30,208.71,23.61
2022-06-17 09:00:00+05:30,364.51,24.72
2022-06-17 10:00:00+05:30,495.52,26.54
2022-06-17 11:00:00+05:30,774.29,27.97
2022-06-17 12:00:00+05:30,601.75,29.27
2022-06-17 13:00:00+05:30,621.44,29.12
2022-06-17 14:00:00+05:30,585.53,29.65
2022-06-17 15:00:00+05:30,578.33,29.62
2022-06-17 16:00:00+05:30,425.55,29.82
2022-06-17 17:00:00+05:30,193.02,28.46
2022-06-17 18:00:00+05:30,85.49,27.88
2022-06-17 19:00:00+05:30,12.52,27.07
2022-06-17 20:00:00+05:30,0.0,26.02
2022-06-17 21:00:00+05:30,0.0,25.35
2022-06-17 22:00:00+05:30,0.0,24.73
2022-06-17 23:00:00+05:30,0.0,24.28
2022-06-18 00:00:00+05:30,0.0,23.89
2022-06-18 01:00:00+05:30,0.0,23.55
2022-06-18 02:00:00+05:30,0.0,23.27
2022-06-18 03:00:00+05:30,0.0,22.99
2022-06-18 04:00:00+05:30,0.0,22.82
2022-06-18 05:00:00+05:30,0.0,22.69
2022-06-18 06:00:00+05:30,0.0,22.52
2022-06-18 07:00:00+05:30,118.97,22.59
2022-06-18 08:00:00+05:30,312.0,23.79
2022-06-18 09:00:00+05:30,441.12,25.84
2022-06-18 10:00:00+05:30,648.48,27.62
2022-06-18 11:00:00+05:30,785.75,29.21
2022-06-18 12:00:00+05:30,644.71,30.43
2022-06-18 13:00:00+05:30,745.75,30.02
2022-06-18 14:00:00+05:30,536.5,30.81
2022-06-18 15:00:00+05:30,608.13,29.7
2022-06-18 16:00:00+05:30,442.57,28.65
2022-06-18 17:00:00+05:30,236.73,27.44
2022-06-18 18:00:00+05:30,144.52,27.3
2022-06-18 19:00:00+05:30,11.69,26.41
2022-06-18 20:00:00+05:30,0.0,25.12
2022-06-18 21:00:00+05:30,0.0,24.19
2022-06-18 22:00:00+05:30,0.0,23.7
2022-06-18 23:00:00+05:30,0.0,23.55
2022-06-19 00:00:00+05:30,0.0,23.53
2022-06-19 01:00:00+05:30,0.0,23.51
2022-06-19 02:00:00+05:30,0.0,23.34
2022-06-19 03:00:00+05:30,0.0,23.28
2022-06-19 04:00:00+05:30,0.0,23.07
2022-06-19 05:00:00+05:30,0.0,22.98
2022-06-19 06:00:00+05:30,0.0,22.93
2022-06-19 07:00:00+05:30,87.81,23.0
2022-06-19 08:00:00+05:30,228.75,23.77
2022-06-19 09:00:00+05:30,331.4,25.02
2022-06-19 10:00:00+05:30,507.37,26.42
2022-06-19 11:00:00+05:30,586.97,28.12
2022-06-19 12:00:00+05:30,490.1,29.05
2022-06-19 13:00:00+05:30,644.99,28.07
2022-06-19 14:00:00+05:30,410.05,28.85
2022-06-19 15:00:00+05:30,356.13,26.74
2022-06-19 16:00:00+05:30,145.67,25.85
2022-06-19 17:00:00+05:30,116.5,25.22
2022-06-19 18:00:00+05:30,78.89,24.62
2022-06-19 19:00:00+05:30,11.59,24.04
2022-06-19 20:00:00+05:30,0.0,23.52
2022-06-19 21:00:00+05:30,0.0,23.24
2022-06-19 22:00:00+05:30,0.0,23.03
2022-06-19 23:00:00+05:30,0.0,22.86
2022-06-20 00:00:00+05:30,0.0,22.72
2022-06-20 01:00:00+05:30,0.0,22.72
2022-06-20 02:00:00+05:30,0.0,22.63
2022-06-20 03:00:00+05:30,0.0,22.51
2022-06-20 04:00:00+05:30,0.0,22.29
2022-06-20 05:00:00+05:30,0.0,22.26
2022-06-20 06:00:00+05:30,0.0,22.26
2022-06-20 07:00:00+05:30,18.4,22.06
2022-06-20 08:00:00+05:30,117.55,22.06
2022-06-20 09:00:00+05:30,170.53,22.45
2022-06-20 10:00:00+05:30,117.42,23.03
2022-06-20 11:00:00+05:30,212.64,23.18
2022-06-20 12:00:00+05:30,129.5,23.8
2022-06-20 13:00:00+05:30,191.93,23.41
2022-06-20 14:00:00+05:30,228.38,23.77
2022-06-20 15:00:00+05:30,286.5,24.01
2022-06-20 16:00:00+05:30,248.94,24.28
2022-06-20 17:00:00+05:30,186.52,24.1
2022-06-20 18:00:00+05:30,73.98,23.8
2022-06-20 19:00:00+05:30,9.65,23.06
2022-06-20 20:00:00+05:30,0.0,22.46
2022-06-20 21:00:00+05:30,0.0,22.29
2022-06-20 22:00:00+05:30,0.0,22.25
2022-06-20 23:00:00+05:30,0.0,22.11
2022-06-21 00:00:00+05:30,0.0,22.09
2022-06-21 01:00:00+05:30,0.0,22.7
2022-06-21 02:00:00+05:30,0.0,22.77
2022-06-21 03:00:00+05:30,0.0,22.76
2022-06-21 04:00:00+05:30,0.0,22.71
2022-06-21 05:00:00+05:30,0.0,22.55
2022-06-21 06:00:00+05:30,0.0,22.56
2022-06-21 07:00:00+05:30,57.89,22.42
2022-06-21 08:00:00+05:30,206.22,22.78
2022-06-21 09:00:00+05:30,332.43,23.85
2022-06-21 10:00:00+05:30,574.11,24.83
2022-06-21 11:00:00+05:30,650.56,26.35
2022-06-21 12:00:00+05:30,518.19,26.81
2022-06-21 13:00:00+05:30,505.47,26.3
2022-06-21 14:00:00+05:30,379.75,26.07
2022-06-21 15:00:00+05:30,311.1,25.78
2022-06-21 16:00:00+05:30,212.51,25.22
2022-06-21 17:00:00+05:30,175.81,24.26
2022-06-21 18:00:00+05:30,54.1,24.03
2022-06-21 19:00:00+05:30,9.21,23.35
2022-06-21 20:00:00+05:30,0.0,22.37
2022-06-21 21:00:00+05:30,0.0,21.88
2022-06-21 22:00:00+05:30,0.0,21.7
2022-06-21 23:00:00+05:30,0.0,21.69
2022-06-22 00:00:00+05:30,0.0,21.72
2022-06-22 01:00:00+05:30,0.0,22.33
2022-06-22 02:00:00+05:30,0.0,22.3
2022-06-22 03:00:00+05:30,0.0,22.21
2022-06-22 04:00:00+05:30,0.0,22.19
2022-06-22 05:00:00+05:30,0.0,22.06
2022-06-22 06:00:00+05:30,0.0,22.02
2022-06-22 07:00:00+05:30,43.78,22.02
2022-06-22 08:00:00+05:30,145.89,22.33
2022-06-22 09:00:00+05:30,296.94,23.4
2022-06-22 10:00:00+05:30,397.65,24.97
2022-06-22 11:00:00+05:30,304.88,26.25
2022-06-22 12:00:00+05:30,291.57,26.57
2022-06-22 13:00:00+05:30,345.53,26.41
2022-06-22 14:00:00+05:30,349.5,26.82
2022-06-22 15:00:00+05:30,436.26,27.23
2022-06-22 16:00:00+05:30,237.66,27.17
2022-06-22 17:00:00+05:30,116.01,25.65
2022-06-22 18:00:00+05:30,63.67,24.57
2022-06-22 19:00:00+05:30,4.29,23.66
2022-06-22 20:00:00+05:30,0.0,23.01
2022-06-22 21:00:00+05:30,0.0,22.78
2022-06-22 22:00:00+05:30,0.0,22.6
2022-06-22 23:00:00+05:30,0.0,22.51
2022-06-23 00:00:00+05:30,0.0,22.42
2022-06-23 01:00:00+05:30,0.0,22.19
2022-06-23 02:00:00+05:30,0.0,22.2
2022-06-23 03:00:00+05:30,0.0,22.16
2022-06-23 04:00:00+05:30,0.0,22.03
2022-06-23 05:00:00+05:30,0.0,21.93
2022-06-23 06:00:00+05:30,0.0,21.95
2022-06-23 07:00:00+05:30,24.79,22.13
2022-06-23 08:00:00+05:30,121.74,22.43
2022-06-23 09:00:00+05:30,311.78,23.13
2022-06-23 10:00:00+05:30,316.18,24.5
2022-06-23 11:00:00+05:30,279.05,25.68
2022-06-23 12:00:00+05:30,621.18,26.27
2022-06-23 13:00:00+05:30,692.01,28.07
2022-06-23 14:00:00+05:30,554.94,28.65
2022-06-23 15:00:00+05:30,374.89,28.79
2022-06-23 16:00:00+05:30,155.55,26.69
2022-06-23 17:00:00+05:30,157.23,24.69
2022-06-23 18:00:00+05:30,53.39,24.25
2022-06-23 19:00:00+05:30,5.94,23.76
2022-06-23 20:00:00+05:30,0.0,23.33
2022-06-23 21:00:00+05:30,0.0,22.96
2022-06-23 22:00:00+05:30,0.0,22.66
2022-06-23 23:00:00+05:30,0.0,22.6
2022-06-24 00:00:00+05:30,0.0,22.53
2022-06-24 01:00:00+05:30,0.0,22.52
2022-06-24 02:00:00+05:30,0.0,22.44
2022-06-24 03:00:00+05:30,0.0,22.38
2022-06-24 04:00:00+05:30,0.0,22.3
2022-06-24 05:00:00+05:30,0.0,22.32
2022-06-24 06:00:00+05:30,0.0,22.34
2022-06-24 07:00:00+05:30,45.95,22.36
2022-06-24 08:00:00+05:30,131.29,22.85
2022-06-24 09:00:00+05:30,315.89,23.8
2022-06-24 10:00:00+05:30,392.63,25.23
2022-06-24 11:00:00+05:30,575.84,26.37
2022-06-24 12:00:00+05:30,245.49,27.71
2022-06-24 13:00:00+05:30,176.8,25.68
2022-06-24 14:00:00+05:30,166.01,25.38
2022-06-24 15:00:00+05:30,189.52,24.85
2022-06-24 16:00:00+05:30,148.19,24.49
2022-06-24 17:00:00+05:30,179.41,23.8
2022-06-24 18:00:00+05:30,61.42,23.71
2022-06-24 19:00:00+05:30,6.19,23.49
2022-06-24 20:00:00+05:30,0.0,23.09
2022-06-24 21:00:00+05:30,0.0,22.83
2022-06-24 22:00:00+05:30,0.0,22.7
2022-06-24 23:00:00+05:30,0.0,22.53
2022-06-25 00:00:00+05:30,0.0,22.35
2022-06-25 01:00:00+05:30,0.0,22.72
2022-06-25 02:00:00+05:30,0.0,22.56
2022-06-25 03:00:00+05:30,0.0,22.5
2022-06-25 04:00:00+05:30,0.0,22.4
2022-06-25 05:00:00+05:30,0.0,22.33
2022-06-25 06:00:00+05:30,0.0,22.19
2022-06-25 07:00:00+05:30,55.72,22.18
2022-06-25 08:00:00+05:30,122.44,22.7
2022-06-25 09:00:00+05:30,263.91,23.31
2022-06-25 10:00:00+05:30,346.92,24.22
2022-06-25 11:00:00+05:30,556.45,25.33
2022-06-25 12:00:00+05:30,288.39,26.39
2022-06-25 13:00:00+05:30,279.19,26.56
2022-06-25 14:00:00+05:30,240.78,26.73
2022-06-25 15:00:00+05:30,272.19,25.92
2022-06-25 16:00:00+05:30,139.04,25.5
2022-06-25 17:00:00+05:30,105.41,24.74
2022-06-25 18:00:00+05:30,37.18,24.07
2022-06-25 19:00:00+05:30,4.24,23.49
2022-06-25 20:00:00+05:30,0.0,23.03
2022-06-25 21:00:00+05:30,0.0,22.83
2022-06-25 22:00:00+05:30,0.0,22.56
2022-06-25 23:00:00+05:30,0.0,22.48
2022-06-26 00:00:00+05:30,0.0,22.47
2022-06-26 01:00:00+05:30,0.0,22.1
2022-06-26 02:00:00+05:30,0.0,22.08
2022-06-26 03:00:00+05:30,0.0,22.11
2022-06-26 04:00:00+05:30,0.0,22.08
2022-06-26 05:00:00+05:30,0.0,21.98
2022-06-26 06:00:00+05:30,0.0,22.01
2022-06-26 07:00:00+05:30,9.27,22.06
2022-06-26 08:00:00+05:30,22.4,22.25
2022-06-26 09:00:00+05:30,63.29,22.51
2022-06-26 10:00:00+05:30,84.25,22.88
2022-06-26 11:00:00+05:30,158.25,23.17
2022-06-26 12:00:00+05:30,341.34,23.56
2022-06-26 13:00:00+05:30,419.23,24.99
2022-06-26 14:00:00+05:30,418.59,25.74
2022-06-26 15:00:00+05:30,379.57,25.87
2022-06-26 16:00:00+05:30,340.98,25.62
2022-06-26 17:00:00+05:30,206.43,25.25
2022-06-26 18:00:00+05:30,78.08,24.54
2022-06-26 19:00:00+05:30,7.5,23.78
2022-06-26 20:00:00+05:30,0.0,23.15
2022-06-26 21:00:00+05:30,0.0,22.89
2022-06-26 22:00:00+05:30,0.0,22.77
2022-06-26 23:00:00+05:30,0.0,22.55
2022-06-27 00:00:00+05:30,0.0,22.43
2022-06-27 01:00:00+05:30,0.0,22.24
2022-06-27 02:00:00+05:30,0.0,22.42
2022-06-27 03:00:00+05:30,0.0,22.4
2022-06-27 04:00:00+05:30,0.0,22.38
2022-06-27 05:00:00+05:30,0.0,22.38
2022-06-27 06:00:00+05:30,0.0,22.34
2022-06-27 07:00:00+05:30,33.16,22.39
2022-06-27 08:00:00+05:30,98.17,22.65
2022-06-27 09:00:00+05:30,267.36,23.01
2022-06-27 10:00:00+05:30,401.16,24.01
2022-06-27 11:00:00+05:30,564.98,24.81
2022-06-27 12:00:00+05:30,184.0,25.74
2022-06-27 13:00:00+05:30,315.19,24.36
2022-06-27 14:00:00+05:30,239.07,24.34
2022-06-27 15:00:00+05:30,143.34,24.41
2022-06-27 16:00:00+05:30,130.32,23.88
2022-06-27 17:00:00+05:30,84.02,23.85
2022-06-27 18:00:00+05:30,60.71,23.19
2022-06-27 19:00:00+05:30,8.53,23.07
2022-06-27 20:00:00+05:30,0.0,22.72
2022-06-27 21:00:00+05:30,0.0,22.6
2022-06-27 22:00:00+05:30,0.0,22.49
2022-06-27 23:00:00+05:30,0.0,22.48
2022-06-28 00:00:00+05:30,0.0,22.42
2022-06-28 01:00:00+05:30,0.0,22.12
2022-06-28 02:00:00+05:30,0.0,22.14
2022-06-28 03:00:00+05:30,0.0,22.06
2022-06-28 04:00:00+05:30,0.0,22.04
2022-06-28 05:00:00+05:30,0.0,22.09
2022-06-28 06:00:00+05:30,0.0,22.05
2022-06-28 07:00:00+05:30,43.29,22.09
2022-06-28 08:00:00+05:30,156.87,22.43
2022-06-28 09:00:00+05:30,300.04,22.88
2022-06-28 10:00:00+05:30,258.04,23.95
2022-06-28 11:00:00+05:30,496.93,24.04
2022-06-28 12:00:00+05:30,651.91,25.33
2022-06-28 13:00:00+05:30,554.41,25.79
2022-06-28 14:00:00+05:30,489.79,25.68
2022-06-28 15:00:00+05:30,564.52,25.68
2022-06-28 16:00:00+05:30,292.61,25.82
2022-06-28 17:00:00+05:30,178.48,25.16
2022-06-28 18:00:00+05:30,76.77,24.47
2022-06-28 19:00:00+05:30,8.18,23.88
2022-06-28 20:00:00+05:30,0.0,23.31
2022-06-28 21:00:00+05:30,0.0,23.0
2022-06-28 22:00:00+05:30,0.0,22.81
2022-06-28 23:00:00+05:30,0.0,22.8
2022-06-29 00:00:00+05:30,0.0,22.78
2022-06-29 01:00:00+05:30,0.0,21.95
2022-06-29 02:00:00+05:30,0.0,21.95
2022-06-29 03:00:00+05:30,0.0,21.9
2022-06-29 04:00:00+05:30,0.0,21.99
2022-06-29 05:00:00+05:30,0.0,22.0
2022-06-29 06:00:00+05:30,0.0,21.97
2022-06-29 07:00:00+05:30,74.91,22.12
2022-06-29 08:00:00+05:30,230.67,22.58
2022-06-29 09:00:00+05:30,389.88,23.59
2022-06-29 10:00:00+05:30,478.49,24.98
2022-06-29 11:00:00+05:30,518.11,25.63
2022-06-29 12:00:00+05:30,582.26,26.03
2022-06-29 13:00:00+05:30,576.23,26.95
2022-06-29 14:00:00+05:30,600.6,27.13
2022-06-29 15:00:00+05:30,531.37,27.45
2022-06-29 16:00:00+05:30,435.77,26.93
2022-06-29 17:00:00+05:30,209.35,26.45
2022-06-29 18:00:00+05:30,88.75,25.4
2022-06-29 19:00:00+05:30,7.99,24.32
2022-06-29 20:00:00+05:30,0.0,23.78
2022-06-29 21:00:00+05:30,0.0,23.4
2022-06-29 22:00:00+05:30,0.0,23.04
2022-06-29 23:00:00+05:30,0.0,22.98
2022-06-30 00:00:00+05:30,0.0,22.94
2022-06-30 01:00:00+05:30,0.0,22.58
2022-06-30 02:00:00+05:30,0.0,22.82
2022-06-30 03:00:00+05:30,0.0,23.14
2022-06-30 04:00:00+05:30,0.0,22.92
2022-06-30 05:00:00+05:30,0.0,22.52
2022-06-30 06:00:00+05:30,0.0,22.49
2022-06-30 07:00:00+05:30,57.02,22.49
2022-06-30 08:00:00+05:30,214.85,23.03
2022-06-30 09:00:00+05:30,391.52,24.11
2022-06-30 10:00:00+05:30,364.25,25.06
2022-06-30 11:00:00+05:30,563.98,25.23
2022-06-30 12:00:00+05:30,591.24,25.31
2022-06-30 13:00:00+05:30,589.0,26.44
2022-06-30 14:00:00+05:30,589.07,27.21
2022-06-30 15:00:00+05:30,452.48,26.3
2022-06-30 16:00:00+05:30,241.17,25.66
2022-06-30 17:00:00+05:30,116.71,24.66
2022-06-30 18:00:00+05:30,48.04,24.02
2022-06-30 19:00:00+05:30,6.28,23.37
2022-06-30 20:00:00+05:30,0.0,23.03
2022-06-30 21:00:00+05:30,0.0,22.83
2022-06-30 22:00:00+05:30,0.0,22.74
2022-06-30 23:00:00+05:30,0.0,22.68
2022-07-01 00:00:00+05:30,0.0,22.72
2022-07-01 01:00:00+05:30,0.0,22.46
2022-07-01 02:00:00+05:30,0.0,22.25
2022-07-01 03:00:00+05:30,0.0,22.08
2022-07-01 04:00:00+05:30,0.0,22.04
2022-07-01 05:00:00+05:30,0.0,22.07
2022-07-01 06:00:00+05:30,0.0,22.27
2022-07-01 07:00:00+05:30,17.21,22.21
2022-07-01 08:00:00+05:30,76.59,22.27
2022-07-01 09:00:00+05:30,156.99,22.51
2022-07-01 10:00:00+05:30,401.86,23.05
2022-07-01 11:00:00+05:30,562.49,24.21
2022-07-01 12:00:00+05:30,542.79,25.13
2022-07-01 13:00:00+05:30,557.98,25.7
2022-07-01 14:00:00+05:30,409.66,25.39
2022-07-01 15:00:00+05:30,317.3,24.64
2022-07-01 16:00:00+05:30,182.36,24.6
2022-07-01 17:00:00+05:30,115.4,23.85
2022-07-01 18:00:00+05:30,47.94,23.26
2022-07-01 19:00:00+05:30,6.19,22.92
2022-07-01 20:00:00+05:30,0.0,22.77
2022-07-01 21:00:00+05:30,0.0,22.66
2022-07-01 22:00:00+05:30,0.0,22.58
2022-07-01 23:00:00+05:30,0.0,22.53
2022-07-02 00:00:00+05:30,0.0,22.47
2022-07-02 01:00:00+05:30,0.0,22.42
2022-07-02 02:00:00+05:30,0.0,22.36
2022-07-02 03:00:00+05:30,0.0,22.37
2022-07-02 04:00:00+05:30,0.0,22.25
2022-07-02 05:00:00+05:30,0.0,22.01
2022-07-02 06:00:00+05:30,0.0,22.05
2022-07-02 07:00:00+05:30,53.0,22.18
2022-07-02 08:00:00+05:30,168.93,22.48
2022-07-02 09:00:00+05:30,340.12,23.31
2022-07-02 10:00:00+05:30,480.05,24.28
2022-07-02 11:00:00+05:30,468.93,25.27
2022-07-02 12:00:00+05:30,348.64,25.39
2022-07-02 13:00:00+05:30,578.48,25.54
2022-07-02 14:00:00+05:30,408.27,25.67
2022-07-02 15:00:00+05:30,487.84,25.93
2022-07-02 16:00:00+05:30,338.83,25.04
2022-07-02 17:00:00+05:30,216.18,24.8
2022-07-02 18:00:00+05:30,126.02,23.9
2022-07-02 19:00:00+05:30,14.23,23.65
2022-07-02 20:00:00+05:30,0.0,23.01
2022-07-02 21:00:00+05:30,0.0,22.53
2022-07-02 22:00:00+05:30,0.0,22.46
2022-07-02 23:00:00+05:30,0.0,22.56
2022-07-03 00:00:00+05:30,0.0,22.73
2022-07-03 01:00:00+05:30,0.0,22.99
2022-07-03 02:00:00+05:30,0.0,22.6
2022-07-03 03:00:00+05:30,0.0,22.32
2022-07-03 04:00:00+05:30,0.0,22.25
2022-07-03 05:00:00+05:30,0.0,22.31
2022-07-03 06:00:00+05:30,0.0,22.36
2022-07-03 07:00:00+05:30,104.4,22.16
2022-07-03 08:00:00+05:30,240.71,22.64
2022-07-03 09:00:00+05:30,359.16,23.51
2022-07-03 10:00:00+05:30,494.6,24.26
2022-07-03 11:00:00+05:30,536.21,25.42
2022-07-03 12:00:00+05:30,678.51,25.9
2022-07-03 13:00:00+05:30,581.59,26.47
2022-07-03 14:00:00+05:30,555.76,26.6
2022-07-03 15:00:00+05:30,439.17,25.94
2022-07-03 16:00:00+05:30,427.79,25.89
2022-07-03 17:00:00+05:30,217.04,25.44
2022-07-03 18:00:00+05:30,124.35,24.51
2022-07-03 19:00:00+05:30,11.3,23.8
2022-07-03 20:00:00+05:30,0.0,23.14
2022-07-03 21:00:00+05:30,0.0,22.93
2022-07-03 22:00:00+05:30,0.0,22.64
2022-07-03 23:00:00+05:30,0.0,22.73
2022-07-04 00:00:00+05:30,0.0,22.72
2022-07-04 01:00:00+05:30,0.0,22.66
2022-07-04 02:00:00+05:30,0.0,22.44
2022-07-04 03:00:00+05:30,0.0,22.36
2022-07-04 04:00:00+05:30,0.0,22.13
2022-07-04 05:00:00+05:30,0.0,22.04
2022-07-04 06:00:00+05:30,0.0,21.93
2022-07-04 07:00:00+05:30,32.13,21.84
2022-07-04 08:00:00+05:30,131.61,22.06
2022-07-04 09:00:00+05:30,241.82,22.89
2022-07-04 10:00:00+05:30,301.41,23.97
2022-07-04 11:00:00+05:30,466.38,24.47
2022-07-04 12:00:00+05:30,487.58,24.8
2022-07-04 13:00:00+05:30,483.96,25.86
2022-07-04 14:00:00+05:30,358.3,26.64
2022-07-04 15:00:00+05:30,375.99,26.14
2022-07-04 16:00:00+05:30,229.95,26.33
2022-07-04 17:00:00+05:30,128.12,25.04
2022-07-04 18:00:00+05:30,80.37,24.23
2022-07-04 19:00:00+05:30,10.28,23.62
2022-07-04 20:00:00+05:30,0.0,23.15
2022-07-04 21:00:00+05:30,0.0,22.74
2022-07-04 22:00:00+05:30,0.0,22.65
2022-07-04 23:00:00+05:30,0.0,22.65
2022-07-05 00:00:00+05:30,0.0,22.4
2022-07-05 01:00:00+05:30,0.0,22.18
2022-07-05 02:00:00+05:30,0.0,22.05
2022-07-05 03:00:00+05:30,0.0,21.94
2022-07-05 04:00:00+05:30,0.0,21.92
2022-07-05 05:00:00+05:30,0.0,21.92
2022-07-05 06:00:00+05:30,0.0,21.91
2022-07-05 07:00:00+05:30,12.13,21.92
2022-07-05 08:00:00+05:30,77.66,22.09
2022-07-05 09:00:00+05:30,256.36,22.53
2022-07-05 10:00:00+05:30,295.1,23.44
2022-07-05 11:00:00+05:30,280.51,23.95
2022-07-05 12:00:00+05:30,140.03,24.03
2022-07-05 13:00:00+05:30,137.21,22.88
2022-07-05 14:00:00+05:30,83.53,22.74
2022-07-05 15:00:00+05:30,78.31,22.46
2022-07-05 16:00:00+05:30,148.69,22.12
2022-07-05 17:00:00+05:30,70.47,22.46
2022-07-05 18:00:00+05:30,32.08,22.14
2022-07-05 19:00:00+05:30,4.24,22.09
2022-07-05 20:00:00+05:30,0.0,22.01
2022-07-05 21:00:00+05:30,0.0,22.02
2022-07-05 22:00:00+05:30,0.0,22.16
2022-07-05 23:00:00+05:30,0.0,22.07
2022-07-06 00:00:00+05:30,0.0,21.71
2022-07-06 01:00:00+05:30,0.0,22.08
2022-07-06 02:00:00+05:30,0.0,21.97
2022-07-06 03:00:00+05:30,0.0,21.87
2022-07-06 04:00:00+05:30,0.0,21.99
2022-07-06 05:00:00+05:30,0.0,22.05
2022-07-06 06:00:00+05:30,0.0,22.16
2022-07-06 07:00:00+05:30,41.87,22.2
2022-07-06 08:00:00+05:30,71.71,22.4
2022-07-06 09:00:00+05:30,188.24,22.44
2022-07-06 10:00:00+05:30,169.83,22.82
2022-07-06 11:00:00+05:30,290.72,22.69
2022-07-06 12:00:00+05:30,259.72,23.26
2022-07-06 13:00:00+05:30,295.32,23.42
2022-07-06 14:00:00+05:30,394.47,23.58
2022-07-06 15:00:00+05:30,306.67,23.72
2022-07-06 16:00:00+05:30,298.83,23.7
2022-07-06 17:00:00+05:30,195.14,23.58
2022-07-06 18:00:00+05:30,112.84,23.43
2022-07-06 19:00:00+05:30,8.14,23.04
2022-07-06 20:00:00+05:30,0.0,22.54
2022-07-06 21:00:00+05:30,0.0,22.22
2022-07-06 22:00:00+05:30,0.0,22.16
2022-07-06 23:00:00+05:30,0.0,22.12
2022-07-07 00:00:00+05:30,0.0,21.75
2022-07-07 01:00:00+05:30,0.0,22.03
2022-07-07 02:00:00+05:30,0.0,21.82
2022-07-07 03:00:00+05:30,0.0,21.73
2022-07-07 04:00:00+05:30,0.0,21.82
2022-07-07 05:00:00+05:30,0.0,21.85
2022-07-07 06:00:00+05:30,0.0,21.89
2022-07-07 07:00:00+05:30,13.23,22.15
2022-07-07 08:00:00+05:30,52.42,22.15
2022-07-07 09:00:00+05:30,108.23,22.23
2022-07-07 10:00:00+05:30,114.81,22.49
2022-07-07 11:00:00+05:30,265.95,22.47
2022-07-07 12:00:00+05:30,92.02,22.94
2022-07-07 13:00:00+05:30,112.68,22.31
2022-07-07 14:00:00+05:30,141.58,22.44
2022-07-07 15:00:00+05:30,132.09,22.52
2022-07-07 16:00:00+05:30,156.83,22.6
2022-07-07 17:00:00+05:30,104.84,22.42
2022-07-07 18:00:00+05:30,67.13,22.38
2022-07-07 19:00:00+05:30,9.79,22.08
2022-07-07 20:00:00+05:30,0.0,22.01
2022-07-07 21:00:00+05:30,0.0,21.89
2022-07-07 22:00:00+05:30,0.0,21.79
2022-07-07 23:00:00+05:30,0.0,21.7
2022-07-08 00:00:00+05:30,0.0,21.69
2022-07-08 01:00:00+05:30,0.0,21.78
2022-07-08 02:00:00+05:30,0.0,21.97
2022-07-08 03:00:00+05:30,0.0,21.8
2022-07-08 04:00:00+05:30,0.0,21.65
2022-07-08 05:00:00+05:30,0.0,21.64
2022-07-08 06:00:00+05:30,0.0,21.75
2022-07-08 07:00:00+05:30,23.18,21.85
2022-07-08 08:00:00+05:30,66.69,22.16
2022-07-08 09:00:00+05:30,123.88,22.26
2022-07-08 10:00:00+05:30,144.87,22.25
2022-07-08 11:00:00+05:30,181.56,22.53
2022-07-08 12:00:00+05:30,175.65,22.44
2022-07-08 13:00:00+05:30,215.17,22.58
2022-07-08 14:00:00+05:30,196.76,22.64
2022-07-08 15:00:00+05:30,99.68,22.44
2022-07-08 16:00:00+05:30,90.27,22.34
2022-07-08 17:00:00+05:30,59.06,22.13
2022-07-08 18:00:00+05:30,38.3,22.28
2022-07-08 19:00:00+05:30,5.02,21.99
2022-07-08 20:00:00+05:30,0.0,22.06
2022-07-08 21:00:00+05:30,0.0,21.99
2022-07-08 22:00:00+05:30,0.0,22.03
2022-07-08 23:00:00+05:30,0.0,21.96
2022-07-09 00:00:00+05:30,0.0,21.88
2022-07-09 01:00:00+05:30,0.0,21.76
2022-07-09 02:00:00+05:30,0.0,21.73
2022-07-09 03:00:00+05:30,0.0,21.91
2022-07-09 04:00:00+05:30,0.0,21.88
2022-07-09 05:00:00+05:30,0.0,21.9
2022-07-09 06:00:00+05:30,0.0,21.83
2022-07-09 07:00:00+05:30,13.73,21.83
2022-07-09 08:00:00+05:30,32.25,21.82
2022-07-09 09:00:00+05:30,57.98,21.99
2022-07-09 10:00:00+05:30,79.91,22.01
2022-07-09 11:00:00+05:30,77.08,22.08
2022-07-09 12:00:00+05:30,78.02,22.11
2022-07-09 13:00:00+05:30,153.33,22.36
2022-07-09 14:00:00+05:30,126.0,22.19
2022-07-09 15:00:00+05:30,90.17,22.15
2022-07-09 16:00:00+05:30,63.22,22.19
2022-07-09 17:00:00+05:30,42.46,21.87
2022-07-09 18:00:00+05:30,22.83,21.74
2022-07-09 19:00:00+05:30,2.68,21.95
2022-07-09 20:00:00+05:30,0.0,21.93
2022-07-09 21:00:00+05:30,0.0,21.98
2022-07-09 22:00:00+05:30,0.0,22.01
2022-07-09 23:00:00+05:30,0.0,21.95
2022-07-10 00:00:00+05:30,0.0,21.9
2022-07-10 01:00:00+05:30,0.0,21.91
2022-07-10 02:00:00+05:30,0.0,21.87
2022-07-10 03:00:00+05:30,0.0,21.79
2022-07-10 04:00:00+05:30,0.0,21.88
2022-07-10 05:00:00+05:30,0.0,22.02
2022-07-10 06:00:00+05:30,0.0,21.6
2022-07-10 07:00:00+05:30,23.0,21.62
2022-07-10 08:00:00+05:30,51.04,21.56
2022-07-10 09:00:00+05:30,103.06,21.95
2022-07-10 10:00:00+05:30,144.96,21.94
2022-07-10 11:00:00+05:30,154.58,22.71
2022-07-10 12:00:00+05:30,108.88,22.44
2022-07-10 13:00:00+05:30,173.74,22.2
2022-07-10 14:00:00+05:30,155.26,22.11
2022-07-10 15:00:00+05:30,209.91,22.37
2022-07-10 16:00:00+05:30,60.95,22.15
2022-07-10 17:00:00+05:30,43.64,21.74
2022-07-10 18:00:00+05:30,24.75,21.59
2022-07-10 19:00:00+05:30,1.8,21.62
2022-07-10 20:00:00+05:30,0.0,21.71
2022-07-10 21:00:00+05:30,0.0,21.66
2022-07-10 22:00:00+05:30,0.0,21.77
2022-07-10 23:00:00+05:30,0.0,21.54
2022-07-11 00:00:00+05:30,0.0,21.26
2022-07-11 01:00:00+05:30,0.0,21.93
2022-07-11 02:00:00+05:30,0.0,21.85
2022-07-11 03:00:00+05:30,0.0,21.67
2022-07-11 04:00:00+05:30,0.0,21.41
2022-07-11 05:00:00+05:30,0.0,21.31
2022-07-11 06:00:00+05:30,0.0,21.28
2022-07-11 07:00:00+05:30,9.71,21.38
2022-07-11 08:00:00+05:30,36.3,21.19
2022-07-11 09:00:00+05:30,51.19,21.25
2022-07-11 10:00:00+05:30,130.43,21.68
2022-07-11 11:00:00+05:30,137.3,21.9
2022-07-11 12:00:00+05:30,164.74,22.11
2022-07-11 13:00:00+05:30,178.83,22.19
2022-07-11 14:00:00+05:30,134.44,22.11
2022-07-11 15:00:00+05:30,96.15,22.0
2022-07-11 16:00:00+05:30,79.17,21.77
2022-07-11 17:00:00+05:30,28.71,21.69
2022-07-11 18:00:00+05:30,16.39,21.71
2022-07-11 19:00:00+05:30,2.14,21.65
2022-07-11 20:00:00+05:30,0.0,21.63
2022-07-11 21:00:00+05:30,0.0,21.66
2022-07-11 22:00:00+05:30,0.0,21.75
2022-07-11 23:00:00+05:30,0.0,21.8
2022-07-12 00:00:00+05:30,0.0,21.72
2022-07-12 01:00:00+05:30,0.0,21.65
2022-07-12 02:00:00+05:30,0.0,21.62
2022-07-12 03:00:00+05:30,0.0,21.31
2022-07-12 04:00:00+05:30,0.0,20.87
2022-07-12 05:00:00+05:30,0.0,20.57
2022-07-12 06:00:00+05:30,0.0,20.59
2022-07-12 07:00:00+05:30,8.58,20.72
2022-07-12 08:00:00+05:30,29.78,20.91
2022-07-12 09:00:00+05:30,66.95,21.21
2022-07-12 10:00:00+05:30,109.26,21.57
2022-07-12 11:00:00+05:30,122.7,22.0
2022-07-12 12:00:00+05:30,133.41,22.32
2022-07-12 13:00:00+05:30,133.35,22.23
2022-07-12 14:00:00+05:30,87.39,22.25
2022-07-12 15:00:00+05:30,93.59,22.13
2022-07-12 16:00:00+05:30,69.58,21.82
2022-07-12 17:00:00+05:30,40.89,21.95
2022-07-12 18:00:00+05:30,20.22,21.69
2022-07-12 19:00:00+05:30,2.44,21.53
2022-07-12 20:00:00+05:30,0.0,21.62
2022-07-12 21:00:00+05:30,0.0,21.6
2022-07-12 22:00:00+05:30,0.0,21.45
2022-07-12 23:00:00+05:30,0.0,21.22
2022-07-13 00:00:00+05:30,0.0,21.26
2022-07-13 01:00:00+05:30,0.0,21.47
2022-07-13 02:00:00+05:30,0.0,21.85
2022-07-13 03:00:00+05:30,0.0,21.97
2022-07-13 04:00:00+05:30,0.0,21.57
2022-07-13 05:00:00+05:30,0.0,21.5
2022-07-13 06:00:00+05:30,0.0,21.89
2022-07-13 07:00:00+05:30,12.33,21.54
2022-07-13 08:00:00+05:30,33.64,21.57
2022-07-13 09:00:00+05:30,60.56,21.87
2022-07-13 10:00:00+05:30,58.39,21.96
2022-07-13 11:00:00+05:30,65.09,21.93
2022-07-13 12:00:00+05:30,96.65,22.21
2022-07-13 13:00:00+05:30,54.0,21.92
2022-07-13 14:00:00+05:30,85.56,21.76
2022-07-13 15:00:00+05:30,111.25,21.79
2022-07-13 16:00:00+05:30,82.5,21.74
2022-07-13 17:00:00+05:30,55.03,21.9
2022-07-13 18:00:00+05:30,17.85,21.52
2022-07-13 19:00:00+05:30,3.22,21.63
2022-07-13 20:00:00+05:30,0.0,21.59
2022-07-13 21:00:00+05:30,0.0,21.51
2022-07-13 22:00:00+05:30,0.0,21.63
2022-07-13 23:00:00+05:30,0.0,21.84
2022-07-14 00:00:00+05:30,0.0,21.73
2022-07-14 01:00:00+05:30,0.0,21.59
2022-07-14 02:00:00+05:30,0.0,21.78
2022-07-14 03:00:00+05:30,0.0,21.39
2022-07-14 04:00:00+05:30,0.0,21.67
2022-07-14 05:00:00+05:30,0.0,21.65
2022-07-14 06:00:00+05:30,0.0,21.49
2022-07-14 07:00:00+05:30,10.16,21.48
2022-07-14 08:00:00+05:30,33.55,21.5
2022-07-14 09:00:00+05:30,82.48,21.59
2022-07-14 10:00:00+05:30,147.0,21.7
2022-07-14 11:00:00+05:30,172.19,21.89
2022-07-14 12:00:00+05:30,138.23,22.12
2022-07-14 13:00:00+05:30,198.07,22.17
2022-07-14 14:00:00+05:30,239.77,22.26
2022-07-14 15:00:00+05:30,221.39,22.32
2022-07-14 16:00:00+05:30,238.61,22.31
2022-07-14 17:00:00+05:30,122.99,22.43
2022-07-14 18:00:00+05:30,52.94,21.97
2022-07-14 19:00:00+05:30,6.87,21.63
2022-07-14 20:00:00+05:30,0.0,21.74
2022-07-14 21:00:00+05:30,0.0,21.71
2022-07-14 22:00:00+05:30,0.0,21.81
2022-07-14 23:00:00+05:30,0.0,21.73
2022-07-15 00:00:00+05:30,0.0,21.88
2022-07-15 01:00:00+05:30,0.0,21.6
2022-07-15 02:00:00+05:30,0.0,21.61
2022-07-15 03:00:00+05:30,0.0,21.44
2022-07-15 04:00:00+05:30,0.0,21.3
2022-07-15 05:00:00+05:30,0.0,21.21
2022-07-15 06:00:00+05:30,0.0,21.28
2022-07-15 07:00:00+05:30,35.3,21.36
2022-07-15 08:00:00+05:30,116.94,21.73
2022-07-15 09:00:00+05:30,155.67,22.05
2022-07-15 10:00:00+05:30,335.46,22.28
2022-07-15 11:00:00+05:30,161.43,22.84
2022-07-15 12:00:00+05:30,179.92,22.48
2022-07-15 13:00:00+05:30,131.42,22.6
2022-07-15 14:00:00+05:30,381.99,22.75
2022-07-15 15:00:00+05:30,180.89,22.98
2022-07-15 16:00:00+05:30,202.32,22.28
2022-07-15 17:00:00+05:30,107.23,22.44
2022-07-15 18:00:00+05:30,35.44,22.48
2022-07-15 19:00:00+05:30,11.3,22.19
2022-07-15 20:00:00+05:30,0.0,21.89
2022-07-15 21:00:00+05:30,0.0,22.08
2022-07-15 22:00:00+05:30,0.0,22.19
2022-07-15 23:00:00+05:30,0.0,22.1
2022-07-16 00:00:00+05:30,0.0,21.97
2022-07-16 01:00:00+05:30,0.0,22.16
2022-07-16 02:00:00+05:30,0.0,22.06
2022-07-16 03:00:00+05:30,0.0,21.7
2022-07-16 04:00:00+05:30,0.0,21.61
2022-07-16 05:00:00+05:30,0.0,21.6
2022-07-16 06:00:00+05:30,0.0,21.68
2022-07-16 07:00:00+05:30,53.85,21.92
2022-07-16 08:00:00+05:30,144.35,22.18
2022-07-16 09:00:00+05:30,250.65,22.64
2022-07-16 10:00:00+05:30,294.23,23.29
2022-07-16 11:00:00+05:30,321.41,23.87
2022-07-16 12:00:00+05:30,520.28,24.19
2022-07-16 13:00:00+05:30,593.85,24.98
2022-07-16 14:00:00+05:30,350.84,24.84
2022-07-16 15:00:00+05:30,360.29,24.66
2022-07-16 16:00:00+05:30,238.99,24.06
2022-07-16 17:00:00+05:30,163.19,24.01
2022-07-16 18:00:00+05:30,58.56,23.26
2022-07-16 19:00:00+05:30,8.33,22.79
2022-07-16 20:00:00+05:30,0.0,22.76
2022-07-16 21:00:00+05:30,0.0,22.45
2022-07-16 22:00:00+05:30,0.0,22.29
2022-07-16 23:00:00+05:30,0.0,22.18
2022-07-17 00:00:00+05:30,0.0,22.27
2022-07-17 01:00:00+05:30,0.0,22.32
2022-07-17 02:00:00+05:30,0.0,22.16
2022-07-17 03:00:00+05:30,0.0,21.83
2022-07-17 04:00:00+05:30,0.0,21.64
2022-07-17 05:00:00+05:30,0.0,21.74
2022-07-17 06:00:00+05:30,0.0,21.93
2022-07-17 07:00:00+05:30,31.5,22.11
2022-07-17 08:00:00+05:30,266.81,22.44
2022-07-17 09:00:00+05:30,286.39,23.31
2022-07-17 10:00:00+05:30,556.52,23.74
2022-07-17 11:00:00+05:30,596.26,24.86
2022-07-17 12:00:00+05:30,479.75,25.48
2022-07-17 13:00:00+05:30,649.48,25.81
2022-07-17 14:00:00+05:30,547.1,26.23
2022-07-17 15:00:00+05:30,382.2,25.48
2022-07-17 16:00:00+05:30,413.22,25.04
2022-07-17 17:00:00+05:30,235.57,24.41
2022-07-17 18:00:00+05:30,113.98,24.12
2022-07-17 19:00:00+05:30,12.57,23.37
2022-07-17 20:00:00+05:30,0.0,22.63
2022-07-17 21:00:00+05:30,0.0,22.27
2022-07-17 22:00:00+05:30,0.0,22.1
2022-07-17 23:00:00+05:30,0.0,22.07
2022-07-18 00:00:00+05:30,0.0,21.94
2022-07-18 01:00:00+05:30,0.0,22.29
2022-07-18 02:00:00+05:30,0.0,22.08
2022-07-18 03:00:00+05:30,0.0,22.06
2022-07-18 04:00:00+05:30,0.0,21.99
2022-07-18 05:00:00+05:30,0.0,21.78
2022-07-18 06:00:00+05:30,0.0,21.67
2022-07-18 07:00:00+05:30,19.48,21.52
2022-07-18 08:00:00+05:30,55.38,21.65
2022-07-18 09:00:00+05:30,152.02,21.84
2022-07-18 10:00:00+05:30,273.83,22.06
2022-07-18 11:00:00+05:30,410.64,22.55
2022-07-18 12:00:00+05:30,159.43,23.3
2022-07-18 13:00:00+05:30,176.39,22.74
2022-07-18 14:00:00+05:30,200.79,22.66
2022-07-18 15:00:00+05:30,144.68,22.7
2022-07-18 16:00:00+05:30,123.66,22.61
2022-07-18 17:00:00+05:30,101.98,22.25
2022-07-18 18:00:00+05:30,54.5,22.27
2022-07-18 19:00:00+05:30,5.12,22.07
2022-07-18 20:00:00+05:30,0.0,21.64
2022-07-18 21:00:00+05:30,0.0,21.56
2022-07-18 22:00:00+05:30,0.0,21.67
2022-07-18 23:00:00+05:30,0.0,21.91
2022-07-19 00:00:00+05:30,0.0,21.82
2022-07-19 01:00:00+05:30,0.0,21.48
2022-07-19 02:00:00+05:30,0.0,21.54
2022-07-19 03:00:00+05:30,0.0,21.52
2022-07-19 04:00:00+05:30,0.0,21.41
2022-07-19 05:00:00+05:30,0.0,21.43
2022-07-19 06:00:00+05:30,0.0,21.39
2022-07-19 07:00:00+05:30,32.37,21.51
2022-07-19 08:00:00+05:30,58.77,21.58
2022-07-19 09:00:00+05:30,208.14,22.05
2022-07-19 10:00:00+05:30,415.35,23.04
2022-07-19 11:00:00+05:30,471.32,24.16
2022-07-19 12:00:00+05:30,555.78,24.16
2022-07-19 13:00:00+05:30,448.96,24.77
2022-07-19 14:00:00+05:30,440.16,24.52
2022-07-19 15:00:00+05:30,417.11,24.5
2022-07-19 16:00:00+05:30,392.34,24.51
2022-07-19 17:00:00+05:30,199.69,24.43
2022-07-19 18:00:00+05:30,108.3,23.62
2022-07-19 19:00:00+05:30,10.57,23.13
2022-07-19 20:00:00+05:30,0.0,22.48
2022-07-19 21:00:00+05:30,0.0,22.27
2022-07-19 22:00:00+05:30,0.0,22.17
2022-07-19 23:00:00+05:30,0.0,22.06
2022-07-20 00:00:00+05:30,0.0,21.93
2022-07-20 01:00:00+05:30,0.0,21.82
2022-07-20 02:00:00+05:30,0.0,21.53
2022-07-20 03:00:00+05:30,0.0,21.23
2022-07-20 04:00:00+05:30,0.0,21.17
2022-07-20 05:00:00+05:30,0.0,21.11
2022-07-20 06:00:00+05:30,0.0,21.28
2022-07-20 07:00:00+05:30,54.85,21.37
2022-07-20 08:00:00+05:30,187.43,22.09
2022-07-20 09:00:00+05:30,403.06,23.08
2022-07-20 10:00:00+05:30,451.35,24.39
2022-07-20 11:00:00+05:30,585.7,24.61
2022-07-20 12:00:00+05:30,710.07,25.17
2022-07-20 13:00:00+05:30,496.4,25.91
2022-07-20 14:00:00+05:30,465.42,25.66
2022-07-20 15:00:00+05:30,508.34,25.64
2022-07-20 16:00:00+05:30,295.25,25.54
2022-07-20 17:00:00+05:30,242.36,25.01
2022-07-20 18:00:00+05:30,109.47,24.65
2022-07-20 19:00:00+05:30,10.23,23.86
2022-07-20 20:00:00+05:30,0.0,23.13
2022-07-20 21:00:00+05:30,0.0,22.69
2022-07-20 22:00:00+05:30,0.0,22.39
2022-07-20 23:00:00+05:30,0.0,22.27
2022-07-21 00:00:00+05:30,0.0,22.19
2022-07-21 01:00:00+05:30,0.0,21.89
2022-07-21 02:00:00+05:30,0.0,21.7
2022-07-21 03:00:00+05:30,0.0,21.61
2022-07-21 04:00:00+05:30,0.0,21.45
2022-07-21 05:00:00+05:30,0.0,21.37
2022-07-21 06:00:00+05:30,0.0,21.19
2022-07-21 07:00:00+05:30,90.87,21.14
2022-07-21 08:00:00+05:30,213.25,21.73
2022-07-21 09:00:00+05:30,355.96,22.78
2022-07-21 10:00:00+05:30,396.07,24.21
2022-07-21 11:00:00+05:30,470.74,25.02
2022-07-21 12:00:00+05:30,345.91,25.57
2022-07-21 13:00:00+05:30,639.64,25.5
2022-07-21 14:00:00+05:30,617.07,26.18
2022-07-21 15:00:00+05:30,653.56,26.06
2022-07-21 16:00:00+05:30,412.35,26.1
2022-07-21 17:00:00+05:30,242.55,24.98
2022-07-21 18:00:00+05:30,92.32,24.4
2022-07-21 19:00:00+05:30,9.69,23.6
2022-07-21 20:00:00+05:30,0.0,22.92
2022-07-21 21:00:00+05:30,0.0,22.54
2022-07-21 22:00:00+05:30,0.0,22.21
2022-07-21 23:00:00+05:30,0.0,22.01
2022-07-22 00:00:00+05:30,0.0,21.99
2022-07-22 01:00:00+05:30,0.0,21.83
2022-07-22 02:00:00+05:30,0.0,21.69
2022-07-22 03:00:00+05:30,0.0,21.52
2022-07-22 04:00:00+05:30,0.0,21.48
2022-07-22 05:00:00+05:30,0.0,21.45
2022-07-22 06:00:00+05:30,0.0,21.34
2022-07-22 07:00:00+05:30,62.37,21.25
2022-07-22 08:00:00+05:30,188.22,21.65
2022-07-22 09:00:00+05:30,323.23,22.46
2022-07-22 10:00:00+05:30,369.59,23.65
2022-07-22 11:00:00+05:30,359.98,24.47
2022-07-22 12:00:00+05:30,615.41,24.75
2022-07-22 13:00:00+05:30,653.59,25.74
2022-07-22 14:00:00+05:30,569.54,26.01
2022-07-22 15:00:00+05:30,431.2,26.08
2022-07-22 16:00:00+05:30,354.38,25.79
2022-07-22 17:00:00+05:30,215.23,25.43
2022-07-22 18:00:00+05:30,98.81,24.75
2022-07-22 19:00:00+05:30,12.42,24.03
2022-07-22 20:00:00+05:30,0.0,23.29
2022-07-22 21:00:00+05:30,0.0,22.67
2022-07-22 22:00:00+05:30,0.0,22.4
2022-07-22 23:00:00+05:30,0.0,22.18
2022-07-23 00:00:00+05:30,0.0,21.99
2022-07-23 01:00:00+05:30,0.0,21.9
2022-07-23 02:00:00+05:30,0.0,21.84
2022-07-23 03:00:00+05:30,0.0,21.75
2022-07-23 04:00:00+05:30,0.0,21.67
2022-07-23 05:00:00+05:30,0.0,21.61
2022-07-23 06:00:00+05:30,0.0,21.7
2022-07-23 07:00:00+05:30,31.53,21.72
2022-07-23 08:00:00+05:30,155.09,22.01
2022-07-23 09:00:00+05:30,331.3,22.9
2022-07-23 10:00:00+05:30,486.32,23.7
2022-07-23 11:00:00+05:30,372.34,24.55
2022-07-23 12:00:00+05:30,504.18,24.15
2022-07-23 13:00:00+05:30,445.48,25.0
2022-07-23 14:00:00+05:30,279.57,24.69
2022-07-23 15:00:00+05:30,212.25,23.49
2022-07-23 16:00:00+05:30,120.77,23.03
2022-07-23 17:00:00+05:30,93.7,22.44
2022-07-23 18:00:00+05:30,23.97,22.0
2022-07-23 19:00:00+05:30,4.43,21.5
2022-07-23 20:00:00+05:30,0.0,21.57
2022-07-23 21:00:00+05:30,0.0,21.58
2022-07-23 22:00:00+05:30,0.0,21.6
2022-07-23 23:00:00+05:30,0.0,21.64
2022-07-24 00:00:00+05:30,0.0,21.58
2022-07-24 01:00:00+05:30,0.0,21.56
2022-07-24 02:00:00+05:30,0.0,21.43
2022-07-24 03:00:00+05:30,0.0,21.45
2022-07-24 04:00:00+05:30,0.0,21.65
2022-07-24 05:00:00+05:30,0.0,21.79
2022-07-24 06:00:00+05:30,0.0,21.82
2022-07-24 07:00:00+05:30,15.53,21.76
2022-07-24 08:00:00+05:30,60.78,21.77
2022-07-24 09:00:00+05:30,99.26,22.04
2022-07-24 10:00:00+05:30,112.52,22.26
2022-07-24 11:00:00+05:30,151.32,22.26
2022-07-24 12:00:00+05:30,241.7,22.45
2022-07-24 13:00:00+05:30,154.74,23.31
2022-07-24 14:00:00+05:30,141.25,22.61
2022-07-24 15:00:00+05:30,236.06,22.39
2022-07-24 16:00:00+05:30,217.15,22.68
2022-07-24 17:00:00+05:30,137.27,22.61
2022-07-24 18:00:00+05:30,78.82,22.22
2022-07-24 19:00:00+05:30,6.87,21.88
2022-07-24 20:00:00+05:30,0.0,21.46
2022-07-24 21:00:00+05:30,0.0,21.41
2022-07-24 22:00:00+05:30,0.0,21.44
2022-07-24 23:00:00+05:30,0.0,21.45
2022-07-25 00:00:00+05:30,0.0,21.53
2022-07-25 01:00:00+05:30,0.0,21.91
2022-07-25 02:00:00+05:30,0.0,21.76
2022-07-25 03:00:00+05:30,0.0,21.52
2022-07-25 04:00:00+05:30,0.0,21.36
2022-07-25 05:00:00+05:30,0.0,21.21
2022-07-25 06:00:00+05:30,0.0,21.17
2022-07-25 07:00:00+05:30,32.64,21.16
2022-07-25 08:00:00+05:30,87.52,21.49
2022-07-25 09:00:00+05:30,171.98,22.22
2022-07-25 10:00:00+05:30,258.85,22.82
2022-07-25 11:00:00+05:30,232.04,23.3
2022-07-25 12:00:00+05:30,333.45,23.58
2022-07-25 13:00:00+05:30,434.05,24.61
2022-07-25 14:00:00+05:30,395.34,25.02
2022-07-25 15:00:00+05:30,399.07,25.01
2022-07-25 16:00:00+05:30,353.2,24.54
2022-07-25 17:00:00+05:30,224.3,24.4
2022-07-25 18:00:00+05:30,62.94,23.74
2022-07-25 19:00:00+05:30,7.06,22.83
2022-07-25 20:00:00+05:30,0.0,22.15
2022-07-25 21:00:00+05:30,0.0,21.83
2022-07-25 22:00:00+05:30,0.0,21.88
2022-07-25 23:00:00+05:30,0.0,22.07
2022-07-26 00:00:00+05:30,0.0,22.15
2022-07-26 01:00:00+05:30,0.0,21.83
2022-07-26 02:00:00+05:30,0.0,21.84
2022-07-26 03:00:00+05:30,0.0,21.84
2022-07-26 04:00:00+05:30,0.0,21.65
2022-07-26 05:00:00+05:30,0.0,21.59
2022-07-26 06:00:00+05:30,0.0,21.52
2022-07-26 07:00:00+05:30,38.86,21.41
2022-07-26 08:00:00+05:30,100.1,21.63
2022-07-26 09:00:00+05:30,184.73,21.91
2022-07-26 10:00:00+05:30,283.41,22.46
2022-07-26 11:00:00+05:30,401.94,23.33
2022-07-26 12:00:00+05:30,308.73,24.53
2022-07-26 13:00:00+05:30,307.25,24.79
2022-07-26 14:00:00+05:30,267.64,25.11
2022-07-26 15:00:00+05:30,182.11,24.97
2022-07-26 16:00:00+05:30,124.38,24.6
2022-07-26 17:00:00+05:30,91.52,24.04
2022-07-26 18:00:00+05:30,39.09,23.38
2022-07-26 19:00:00+05:30,5.51,22.61
2022-07-26 20:00:00+05:30,0.0,21.95
2022-07-26 21:00:00+05:30,0.0,21.6
2022-07-26 22:00:00+05:30,0.0,21.44
2022-07-26 23:00:00+05:30,0.0,21.37
2022-07-27 00:00:00+05:30,0.0,21.29
2022-07-27 01:00:00+05:30,0.0,21.28
2022-07-27 02:00:00+05:30,0.0,21.22
2022-07-27 03:00:00+05:30,0.0,21.16
2022-07-27 04:00:00+05:30,0.0,21.07
2022-07-27 05:00:00+05:30,0.0,21.06
2022-07-27 06:00:00+05:30,0.0,21.08
2022-07-27 07:00:00+05:30,40.98,21.1
2022-07-27 08:00:00+05:30,106.57,21.47
2022-07-27 09:00:00+05:30,237.44,22.22
2022-07-27 10:00:00+05:30,350.1,23.5
2022-07-27 11:00:00+05:30,406.88,24.7
2022-07-27 12:00:00+05:30,396.18,25.5
2022-07-27 13:00:00+05:30,385.4,25.89
2022-07-27 14:00:00+05:30,452.02,26.39
2022-07-27 15:00:00+05:30,532.51,26.67
2022-07-27 16:00:00+05:30,370.68,26.3
2022-07-27 17:00:00+05:30,156.19,24.6
2022-07-27 18:00:00+05:30,45.76,23.67
2022-07-27 19:00:00+05:30,6.82,23.29
2022-07-27 20:00:00+05:30,0.0,22.83
2022-07-27 21:00:00+05:30,0.0,22.42
2022-07-27 22:00:00+05:30,0.0,22.08
2022-07-27 23:00:00+05:30,0.0,21.8
2022-07-28 00:00:00+05:30,0.0,21.57
2022-07-28 01:00:00+05:30,0.0,21.64
2022-07-28 02:00:00+05:30,0.0,21.35
2022-07-28 03:00:00+05:30,0.0,21.26
2022-07-28 04:00:00+05:30,0.0,21.22
2022-07-28 05:00:00+05:30,0.0,21.19
2022-07-28 06:00:00+05:30,0.0,21.07
2022-07-28 07:00:00+05:30,68.88,21.03
2022-07-28 08:00:00+05:30,205.2,21.54
2022-07-28 09:00:00+05:30,378.91,23.23
2022-07-28 10:00:00+05:30,436.78,24.68
2022-07-28 11:00:00+05:30,663.31,25.64
2022-07-28 12:00:00+05:30,744.59,26.84
2022-07-28 13:00:00+05:30,584.65,27.42
2022-07-28 14:00:00+05:30,309.1,28.05
2022-07-28 15:00:00+05:30,561.43,26.99
2022-07-28 16:00:00+05:30,311.29,26.85
2022-07-28 17:00:00+05:30,259.56,25.63
2022-07-28 18:00:00+05:30,105.13,25.37
2022-07-28 19:00:00+05:30,8.18,24.66
2022-07-28 20:00:00+05:30,0.0,24.03
2022-07-28 21:00:00+05:30,0.0,23.58
2022-07-28 22:00:00+05:30,0.0,23.15
2022-07-28 23:00:00+05:30,0.0,22.7
2022-07-29 00:00:00+05:30,0.0,22.29
2022-07-29 01:00:00+05:30,0.0,22.15
2022-07-29 02:00:00+05:30,0.0,22.25
2022-07-29 03:00:00+05:30,0.0,22.01
2022-07-29 04:00:00+05:30,0.0,21.8
2022-07-29 05:00:00+05:30,0.0,21.7
2022-07-29 06:00:00+05:30,0.0,21.48
2022-07-29 07:00:00+05:30,37.08,21.57
2022-07-29 08:00:00+05:30,182.95,22.19
2022-07-29 09:00:00+05:30,404.07,23.34
2022-07-29 10:00:00+05:30,532.05,24.99
2022-07-29 11:00:00+05:30,454.4,26.49
2022-07-29 12:00:00+05:30,586.03,27.18
2022-07-29 13:00:00+05:30,690.29,27.58
2022-07-29 14:00:00+05:30,609.05,28.16
2022-07-29 15:00:00+05:30,440.8,28.34
2022-07-29 16:00:00+05:30,347.9,26.81
2022-07-29 17:00:00+05:30,245.08,25.65
2022-07-29 18:00:00+05:30,99.74,25.84
2022-07-29 19:00:00+05:30,8.04,24.89
2022-07-29 20:00:00+05:30,0.0,24.25
2022-07-29 21:00:00+05:30,0.0,23.77
2022-07-29 22:00:00+05:30,0.0,23.41
2022-07-29 23:00:00+05:30,0.0,23.09
2022-07-30 00:00:00+05:30,0.0,22.64
2022-07-30 01:00:00+05:30,0.0,22.39
2022-07-30 02:00:00+05:30,0.0,22.18
2022-07-30 03:00:00+05:30,0.0,22.06
2022-07-30 04:00:00+05:30,0.0,22.07
2022-07-30 05:00:00+05:30,0.0,22.1
2022-07-30 06:00:00+05:30,0.0,22.24
2022-07-30 07:00:00+05:30,49.31,22.17
2022-07-30 08:00:00+05:30,131.59,22.67
2022-07-30 09:00:00+05:30,220.6,23.49
2022-07-30 10:00:00+05:30,413.01,24.45
2022-07-30 11:00:00+05:30,424.49,25.71
2022-07-30 12:00:00+05:30,659.14,26.47
2022-07-30 13:00:00+05:30,502.94,27.42
2022-07-30 14:00:00+05:30,510.65,27.25
2022-07-30 15:00:00+05:30,361.02,26.12
2022-07-30 16:00:00+05:30,293.94,25.56
2022-07-30 17:00:00+05:30,155.93,25.61
2022-07-30 18:00:00+05:30,72.63,25.17
2022-07-30 19:00:00+05:30,6.58,24.59
2022-07-30 20:00:00+05:30,0.0,23.89
2022-07-30 21:00:00+05:30,0.0,23.4
2022-07-30 22:00:00+05:30,0.0,22.95
2022-07-30 23:00:00+05:30,0.0,22.53
2022-07-31 00:00:00+05:30,0.0,22.08
2022-07-31 01:00:00+05:30,0.0,22.08
2022-07-31 02:00:00+05:30,0.0,21.9
2022-07-31 03:00:00+05:30,0.0,21.84
2022-07-31 04:00:00+05:30,0.0,21.79
2022-07-31 05:00:00+05:30,0.0,21.74
2022-07-31 06:00:00+05:30,0.0,21.61
2022-07-31 07:00:00+05:30,64.17,21.62
2022-07-31 08:00:00+05:30,209.51,22.07
2022-07-31 09:00:00+05:30,426.59,23.31
2022-07-31 10:00:00+05:30,436.1,25.03
2022-07-31 11:00:00+05:30,623.34,25.78
2022-07-31 12:00:00+05:30,568.33,26.52
2022-07-31 13:00:00+05:30,579.45,26.57
2022-07-31 14:00:00+05:30,580.22,26.84
2022-07-31 15:00:00+05:30,518.21,27.14
2022-07-31 16:00:00+05:30,319.02,26.95
2022-07-31 17:00:00+05:30,253.67,26.06
2022-07-31 18:00:00+05:30,78.89,25.36
2022-07-31 19:00:00+05:30,9.89,24.75
2022-07-31 20:00:00+05:30,0.0,24.04
2022-07-31 21:00:00+05:30,0.0,23.37
2022-07-31 22:00:00+05:30,0.0,22.82
2022-07-31 23:00:00+05:30,0.0,22.34
2022-08-01 00:00:00+05:30,0.0,21.96
2022-08-01 01:00:00+05:30,0.0,22.1
2022-08-01 02:00:00+05:30,0.0,21.69
2022-08-01 03:00:00+05:30,0.0,21.43
2022-08-01 04:00:00+05:30,0.0,21.4
2022-08-01 05:00:00+05:30,0.0,21.36
2022-08-01 06:00:00+05:30,0.0,21.38
2022-08-01 07:00:00+05:30,86.37,21.37
2022-08-01 08:00:00+05:30,286.49,22.08
2022-08-01 09:00:00+05:30,408.0,23.61
2022-08-01 10:00:00+05:30,449.89,24.97
2022-08-01 11:00:00+05:30,559.27,25.82
2022-08-01 12:00:00+05:30,593.79,26.47
2022-08-01 13:00:00+05:30,617.69,26.72
2022-08-01 14:00:00+05:30,641.13,26.74
2022-08-01 15:00:00+05:30,430.07,26.69
2022-08-01 16:00:00+05:30,402.62,26.5
2022-08-01 17:00:00+05:30,265.31,26.3
2022-08-01 18:00:00+05:30,127.34,25.48
2022-08-01 19:00:00+05:30,10.18,24.9
2022-08-01 20:00:00+05:30,0.0,23.99
2022-08-01 21:00:00+05:30,0.0,23.28
2022-08-01 22:00:00+05:30,0.0,22.86
2022-08-01 23:00:00+05:30,0.0,22.57
2022-08-02 00:00:00+05:30,0.0,22.36
2022-08-02 01:00:00+05:30,0.0,22.24
2022-08-02 02:00:00+05:30,0.0,22.16
2022-08-02 03:00:00+05:30,0.0,22.14
2022-08-02 04:00:00+05:30,0.0,22.16
2022-08-02 05:00:00+05:30,0.0,21.86
2022-08-02 06:00:00+05:30,0.0,21.64
2022-08-02 07:00:00+05:30,63.36,21.44
2022-08-02 08:00:00+05:30,230.48,22.09
2022-08-02 09:00:00+05:30,385.31,23.38
2022-08-02 10:00:00+05:30,429.51,24.81
2022-08-02 11:00:00+05:30,640.12,25.77
2022-08-02 12:00:00+05:30,706.4,26.75
2022-08-02 13:00:00+05:30,575.68,27.12
2022-08-02 14:00:00+05:30,615.45,27.41
2022-08-02 15:00:00+05:30,541.05,27.48
2022-08-02 16:00:00+05:30,452.96,27.4
2022-08-02 17:00:00+05:30,224.7,26.47
2022-08-02 18:00:00+05:30,126.66,25.75
2022-08-02 19:00:00+05:30,10.38,24.96
2022-08-02 20:00:00+05:30,0.0,24.07
2022-08-02 21:00:00+05:30,0.0,23.55
2022-08-02 22:00:00+05:30,0.0,23.02
2022-08-02 23:00:00+05:30,0.0,22.6
2022-08-03 00:00:00+05:30,0.0,22.22
2022-08-03 01:00:00+05:30,0.0,22.2
2022-08-03 02:00:00+05:30,0.0,21.95
2022-08-03 03:00:00+05:30,0.0,21.86
2022-08-03 04:00:00+05:30,0.0,21.76
2022-08-03 05:00:00+05:30,0.0,21.9
2022-08-03 06:00:00+05:30,0.0,21.79
2022-08-03 07:00:00+05:30,89.37,21.54
2022-08-03 08:00:00+05:30,235.49,22.36
2022-08-03 09:00:00+05:30,385.87,23.53
2022-08-03 10:00:00+05:30,439.02,25.07
2022-08-03 11:00:00+05:30,644.12,25.9
2022-08-03 12:00:00+05:30,662.97,26.78
2022-08-03 13:00:00+05:30,585.53,27.55
2022-08-03 14:00:00+05:30,569.16,27.81
2022-08-03 15:00:00+05:30,422.06,26.94
2022-08-03 16:00:00+05:30,251.94,24.74
2022-08-03 17:00:00+05:30,190.23,24.9
2022-08-03 18:00:00+05:30,72.85,24.83
2022-08-03 19:00:00+05:30,7.21,24.18
2022-08-03 20:00:00+05:30,0.0,23.5
2022-08-03 21:00:00+05:30,0.0,22.97
2022-08-03 22:00:00+05:30,0.0,22.62
2022-08-03 23:00:00+05:30,0.0,22.3
2022-08-04 00:00:00+05:30,0.0,22.11
2022-08-04 01:00:00+05:30,0.0,22.25
2022-08-04 02:00:00+05:30,0.0,22.27
2022-08-04 03:00:00+05:30,0.0,22.13
2022-08-04 04:00:00+05:30,0.0,22.01
2022-08-04 05:00:00+05:30,0.0,22.02
2022-08-04 06:00:00+05:30,0.0,22.04
2022-08-04 07:00:00+05:30,41.96,22.1
2022-08-04 08:00:00+05:30,141.77,22.46
2022-08-04 09:00:00+05:30,207.2,23.48
2022-08-04 10:00:00+05:30,338.28,24.28
2022-08-04 11:00:00+05:30,488.07,25.37
2022-08-04 12:00:00+05:30,674.4,26.23
2022-08-04 13:00:00+05:30,691.74,27.35
2022-08-04 14:00:00+05:30,459.46,28.01
2022-08-04 15:00:00+05:30,256.5,27.78
2022-08-04 16:00:00+05:30,286.91,26.13
2022-08-04 17:00:00+05:30,83.48,24.91
2022-08-04 18:00:00+05:30,28.06,24.04
2022-08-04 19:00:00+05:30,1.36,23.54
2022-08-04 20:00:00+05:30,0.0,23.12
2022-08-04 21:00:00+05:30,0.0,22.8
2022-08-04 22:00:00+05:30,0.0,22.54
2022-08-04 23:00:00+05:30,0.0,22.53
2022-08-05 00:00:00+05:30,0.0,22.43
2022-08-05 01:00:00+05:30,0.0,22.43
2022-08-05 02:00:00+05:30,0.0,22.51
2022-08-05 03:00:00+05:30,0.0,22.38
2022-08-05 04:00:00+05:30,0.0,22.28
2022-08-05 05:00:00+05:30,0.0,22.11
2022-08-05 06:00:00+05:30,0.0,21.95
2022-08-05 07:00:00+05:30,10.65,21.82
2022-08-05 08:00:00+05:30,23.77,21.99
2022-08-05 09:00:00+05:30,50.81,22.35
2022-08-05 10:00:00+05:30,77.03,22.66
2022-08-05 11:00:00+05:30,130.02,22.8
2022-08-05 12:00:00+05:30,244.0,23.14
2022-08-05 13:00:00+05:30,181.07,23.72
2022-08-05 14:00:00+05:30,218.42,23.49
2022-08-05 15:00:00+05:30,180.42,23.56
2022-08-05 16:00:00+05:30,100.28,23.49
2022-08-05 17:00:00+05:30,59.79,23.1
2022-08-05 18:00:00+05:30,52.3,22.7
2022-08-05 19:00:00+05:30,5.02,22.51
2022-08-05 20:00:00+05:30,0.0,22.25
2022-08-05 21:00:00+05:30,0.0,22.06
2022-08-05 22:00:00+05:30,0.0,21.91
2022-08-05 23:00:00+05:30,0.0,21.9
2022-08-06 00:00:00+05:30,0.0,21.9
2022-08-06 01:00:00+05:30,0.0,21.92
2022-08-06 02:00:00+05:30,0.0,21.92
2022-08-06 03:00:00+05:30,0.0,21.83
2022-08-06 04:00:00+05:30,0.0,21.84
2022-08-06 05:00:00+05:30,0.0,21.78
2022-08-06 06:00:00+05:30,0.0,21.71
2022-08-06 07:00:00+05:30,41.12,21.86
2022-08-06 08:00:00+05:30,173.23,22.19
2022-08-06 09:00:00+05:30,274.89,22.97
2022-08-06 10:00:00+05:30,422.47,23.88
2022-08-06 11:00:00+05:30,554.89,24.97
2022-08-06 12:00:00+05:30,575.24,25.83
2022-08-06 13:00:00+05:30,634.0,25.65
2022-08-06 14:00:00+05:30,377.43,25.81
2022-08-06 15:00:00+05:30,246.5,24.58
2022-08-06 16:00:00+05:30,204.15,23.89
2022-08-06 17:00:00+05:30,143.07,23.67
2022-08-06 18:00:00+05:30,63.22,23.55
2022-08-06 19:00:00+05:30,6.58,23.09
2022-08-06 20:00:00+05:30,0.0,22.7
2022-08-06 21:00:00+05:30,0.0,22.43
2022-08-06 22:00:00+05:30,0.0,22.3
2022-08-06 23:00:00+05:30,0.0,22.28
2022-08-07 00:00:00+05:30,0.0,22.07
2022-08-07 01:00:00+05:30,0.0,22.45
2022-08-07 02:00:00+05:30,0.0,22.37
2022-08-07 03:00:00+05:30,0.0,22.28
2022-08-07 04:00:00+05:30,0.0,22.25
2022-08-07 05:00:00+05:30,0.0,22.3
2022-08-07 06:00:00+05:30,0.0,22.3
2022-08-07 07:00:00+05:30,26.47,22.26
2022-08-07 08:00:00+05:30,90.65,22.36
2022-08-07 09:00:00+05:30,242.21,22.63
2022-08-07 10:00:00+05:30,356.53,23.66
2022-08-07 11:00:00+05:30,507.89,24.66
2022-08-07 12:00:00+05:30,579.2,25.65
2022-08-07 13:00:00+05:30,599.1,25.96
2022-08-07 14:00:00+05:30,391.34,25.56
2022-08-07 15:00:00+05:30,132.2,25.51
2022-08-07 16:00:00+05:30,142.78,23.9
2022-08-07 17:00:00+05:30,80.01,23.59
2022-08-07 18:00:00+05:30,49.25,23.28
2022-08-07 19:00:00+05:30,6.92,22.92
2022-08-07 20:00:00+05:30,0.0,22.54
2022-08-07 21:00:00+05:30,0.0,22.3
2022-08-07 22:00:00+05:30,0.0,22.31
2022-08-07 23:00:00+05:30,0.0,22.22
2022-08-08 00:00:00+05:30,0.0,22.06
2022-08-08 01:00:00+05:30,0.0,22.15
2022-08-08 02:00:00+05:30,0.0,22.01
2022-08-08 03:00:00+05:30,0.0,21.77
2022-08-08 04:00:00+05:30,0.0,21.64
2022-08-08 05:00:00+05:30,0.0,21.63
2022-08-08 06:00:00+05:30,0.0,21.68
2022-08-08 07:00:00+05:30,10.86,21.74
2022-08-08 08:00:00+05:30,23.62,21.89
2022-08-08 09:00:00+05:30,90.86,22.09
2022-08-08 10:00:00+05:30,131.52,22.29
2022-08-08 11:00:00+05:30,196.63,22.53
2022-08-08 12:00:00+05:30,213.0,22.73
2022-08-08 13:00:00+05:30,187.48,23.17
2022-08-08 14:00:00+05:30,190.81,23.27
2022-08-08 15:00:00+05:30,141.7,23.45
2022-08-08 16:00:00+05:30,151.45,23.52
2022-08-08 17:00:00+05:30,47.85,23.18
2022-08-08 18:00:00+05:30,19.43,22.41
2022-08-08 19:00:00+05:30,2.92,21.99
2022-08-08 20:00:00+05:30,0.0,21.96
2022-08-08 21:00:00+05:30,0.0,22.1
2022-08-08 22:00:00+05:30,0.0,22.01
2022-08-08 23:00:00+05:30,0.0,22.01
2022-08-09 00:00:00+05:30,0.0,22.06
2022-08-09 01:00:00+05:30,0.0,22.04
2022-08-09 02:00:00+05:30,0.0,21.96
2022-08-09 03:00:00+05:30,0.0,22.13
2022-08-09 04:00:00+05:30,0.0,22.0
2022-08-09 05:00:00+05:30,0.0,21.97
2022-08-09 06:00:00+05:30,0.0,21.95
2022-08-09 07:00:00+05:30,19.49,21.82
2022-08-09 08:00:00+05:30,69.32,21.9
2022-08-09 09:00:00+05:30,101.22,22.09
2022-08-09 10:00:00+05:30,247.25,22.21
2022-08-09 11:00:00+05:30,254.9,23.28
2022-08-09 12:00:00+05:30,422.51,23.07
2022-08-09 13:00:00+05:30,321.91,23.54
2022-08-09 14:00:00+05:30,305.28,23.23
2022-08-09 15:00:00+05:30,214.49,23.05
2022-08-09 16:00:00+05:30,166.48,22.58
2022-08-09 17:00:00+05:30,98.82,22.42
2022-08-09 18:00:00+05:30,51.25,22.04
2022-08-09 19:00:00+05:30,4.48,21.94
2022-08-09 20:00:00+05:30,0.0,21.76
2022-08-09 21:00:00+05:30,0.0,21.64
2022-08-09 22:00:00+05:30,0.0,21.82
2022-08-09 23:00:00+05:30,0.0,21.84
2022-08-10 00:00:00+05:30,0.0,21.84
2022-08-10 01:00:00+05:30,0.0,21.41
2022-08-10 02:00:00+05:30,0.0,21.48
2022-08-10 03:00:00+05:30,0.0,21.32
2022-08-10 04:00:00+05:30,0.0,21.15
2022-08-10 05:00:00+05:30,0.0,21.27
2022-08-10 06:00:00+05:30,0.0,21.36
2022-08-10 07:00:00+05:30,17.38,21.45
2022-08-10 08:00:00+05:30,87.71,21.67
2022-08-10 09:00:00+05:30,206.2,21.89
2022-08-10 10:00:00+05:30,422.69,22.73
2022-08-10 11:00:00+05:30,450.27,23.5
2022-08-10 12:00:00+05:30,586.08,24.06
2022-08-10 13:00:00+05:30,371.09,24.3
2022-08-10 14:00:00+05:30,362.2,24.45
2022-08-10 15:00:00+05:30,345.46,23.47
2022-08-10 16:00:00+05:30,166.86,23.92
2022-08-10 17:00:00+05:30,102.83,22.82
2022-08-10 18:00:00+05:30,38.86,22.31
2022-08-10 19:00:00+05:30,2.92,21.88
2022-08-10 20:00:00+05:30,0.0,21.95
2022-08-10 21:00:00+05:30,0.0,21.62
2022-08-10 22:00:00+05:30,0.0,21.64
2022-08-10 23:00:00+05:30,0.0,21.52
2022-08-11 00:00:00+05:30,0.0,21.59
2022-08-11 01:00:00+05:30,0.0,21.57
2022-08-11 02:00:00+05:30,0.0,21.68
2022-08-11 03:00:00+05:30,0.0,21.44
2022-08-11 04:00:00+05:30,0.0,21.52
2022-08-11 05:00:00+05:30,0.0,21.64
2022-08-11 06:00:00+05:30,0.0,21.72
2022-08-11 07:00:00+05:30,15.31,21.75
2022-08-11 08:00:00+05:30,43.49,21.76
2022-08-11 09:00:00+05:30,78.58,21.8
2022-08-11 10:00:00+05:30,141.38,21.9
2022-08-11 11:00:00+05:30,123.56,22.26
2022-08-11 12:00:00+05:30,498.86,22.3
2022-08-11 13:00:00+05:30,431.46,23.24
2022-08-11 14:00:00+05:30,468.49,24.46
2022-08-11 15:00:00+05:30,401.74,24.27
2022-08-11 16:00:00+05:30,283.2,24.15
2022-08-11 17:00:00+05:30,157.87,23.28
2022-08-11 18:00:00+05:30,85.18,23.02
2022-08-11 19:00:00+05:30,5.99,22.49
2022-08-11 20:00:00+05:30,0.0,22.25
2022-08-11 21:00:00+05:30,0.0,21.97
2022-08-11 22:00:00+05:30,0.0,21.75
2022-08-11 23:00:00+05:30,0.0,21.95
2022-08-12 00:00:00+05:30,0.0,21.79
2022-08-12 01:00:00+05:30,0.0,21.77
2022-08-12 02:00:00+05:30,0.0,21.66
2022-08-12 03:00:00+05:30,0.0,21.65
2022-08-12 04:00:00+05:30,0.0,21.62
2022-08-12 05:00:00+05:30,0.0,21.74
2022-08-12 06:00:00+05:30,0.0,21.7
2022-08-12 07:00:00+05:30,54.78,21.51
2022-08-12 08:00:00+05:30,187.48,21.6
2022-08-12 09:00:00+05:30,303.98,21.96
2022-08-12 10:00:00+05:30,535.27,22.65
2022-08-12 11:00:00+05:30,644.36,23.9
2022-08-12 12:00:00+05:30,720.37,24.65
2022-08-12 13:00:00+05:30,675.46,25.09
2022-08-12 14:00:00+05:30,485.59,25.38
2022-08-12 15:00:00+05:30,432.03,24.52
2022-08-12 16:00:00+05:30,315.28,24.06
2022-08-12 17:00:00+05:30,179.88,23.47
2022-08-12 18:00:00+05:30,83.39,23.19
2022-08-12 19:00:00+05:30,5.55,22.58
2022-08-12 20:00:00+05:30,0.0,22.08
2022-08-12 21:00:00+05:30,0.0,21.85
2022-08-12 22:00:00+05:30,0.0,21.84
2022-08-12 23:00:00+05:30,0.0,21.96
2022-08-13 00:00:00+05:30,0.0,21.86
2022-08-13 01:00:00+05:30,0.0,22.06
2022-08-13 02:00:00+05:30,0.0,21.64
2022-08-13 03:00:00+05:30,0.0,21.45
2022-08-13 04:00:00+05:30,0.0,21.54
2022-08-13 05:00:00+05:30,0.0,21.6
2022-08-13 06:00:00+05:30,0.0,21.53
2022-08-13 07:00:00+05:30,23.32,21.49
2022-08-13 08:00:00+05:30,69.81,21.84
2022-08-13 09:00:00+05:30,241.46,22.15
2022-08-13 10:00:00+05:30,479.04,22.91
2022-08-13 11:00:00+05:30,530.36,24.06
2022-08-13 12:00:00+05:30,563.38,24.06
2022-08-13 13:00:00+05:30,327.06,24.26
2022-08-13 14:00:00+05:30,567.85,23.96
2022-08-13 15:00:00+05:30,358.68,23.86
2022-08-13 16:00:00+05:30,339.27,24.23
2022-08-13 17:00:00+05:30,184.63,23.57
2022-08-13 18:00:00+05:30,77.75,23.05
2022-08-13 19:00:00+05:30,0.0,22.38
2022-08-13 20:00:00+05:30,0.0,21.9
2022-08-13 21:00:00+05:30,0.0,21.56
2022-08-13 22:00:00+05:30,0.0,21.52
2022-08-13 23:00:00+05:30,0.0,21.45
2022-08-14 00:00:00+05:30,0.0,21.63
2022-08-14 01:00:00+05:30,0.0,21.74
2022-08-14 02:00:00+05:30,0.0,22.02
2022-08-14 03:00:00+05:30,0.0,21.94
2022-08-14 04:00:00+05:30,0.0,21.7
2022-08-14 05:00:00+05:30,0.0,21.47
2022-08-14 06:00:00+05:30,0.0,21.73
2022-08-14 07:00:00+05:30,40.07,21.68
2022-08-14 08:00:00+05:30,141.51,21.77
2022-08-14 09:00:00+05:30,321.27,22.51
2022-08-14 10:00:00+05:30,300.51,23.44
2022-08-14 11:00:00+05:30,369.45,23.67
2022-08-14 12:00:00+05:30,558.44,23.89
2022-08-14 13:00:00+05:30,604.56,24.69
2022-08-14 14:00:00+05:30,611.24,25.17
2022-08-14 15:00:00+05:30,539.56,25.46
2022-08-14 16:00:00+05:30,302.56,24.79
2022-08-14 17:00:00+05:30,224.94,24.01
2022-08-14 18:00:00+05:30,67.55,23.16
2022-08-14 19:00:00+05:30,0.0,22.31
2022-08-14 20:00:00+05:30,0.0,21.9
2022-08-14 21:00:00+05:30,0.0,21.67
2022-08-14 22:00:00+05:30,0.0,21.56
2022-08-14 23:00:00+05:30,0.0,21.63
2022-08-15 00:00:00+05:30,0.0,21.62
2022-08-15 01:00:00+05:30,0.0,21.84
2022-08-15 02:00:00+05:30,0.0,21.69
2022-08-15 03:00:00+05:30,0.0,21.69
2022-08-15 04:00:00+05:30,0.0,21.52
2022-08-15 05:00:00+05:30,0.0,21.57
2022-08-15 06:00:00+05:30,0.0,21.52
2022-08-15 07:00:00+05:30,14.19,21.58
2022-08-15 08:00:00+05:30,92.33,21.61
2022-08-15 09:00:00+05:30,153.18,21.93
2022-08-15 10:00:00+05:30,212.37,22.25
2022-08-15 11:00:00+05:30,234.65,22.55
2022-08-15 12:00:00+05:30,362.03,22.58
2022-08-15 13:00:00+05:30,283.44,23.64
2022-08-15 14:00:00+05:30,211.81,23.44
2022-08-15 15:00:00+05:30,162.03,22.69
2022-08-15 16:00:00+05:30,127.01,22.27
2022-08-15 17:00:00+05:30,73.77,22.01
2022-08-15 18:00:00+05:30,36.72,21.83
2022-08-15 19:00:00+05:30,0.0,21.57
2022-08-15 20:00:00+05:30,0.0,21.41
2022-08-15 21:00:00+05:30,0.0,21.37
2022-08-15 22:00:00+05:30,0.0,21.25
2022-08-15 23:00:00+05:30,0.0,21.08
2022-08-16 00:00:00+05:30,0.0,21.09
2022-08-16 01:00:00+05:30,0.0,21.51
2022-08-16 02:00:00+05:30,0.0,21.43
2022-08-16 03:00:00+05:30,0.0,21.41
2022-08-16 04:00:00+05:30,0.0,21.54
2022-08-16 05:00:00+05:30,0.0,21.41
2022-08-16 06:00:00+05:30,0.0,21.2
2022-08-16 07:00:00+05:30,12.75,20.99
2022-08-16 08:00:00+05:30,82.48,20.91
2022-08-16 09:00:00+05:30,107.32,21.26
2022-08-16 10:00:00+05:30,161.48,21.65
2022-08-16 11:00:00+05:30,343.39,22.39
2022-08-16 12:00:00+05:30,522.05,23.22
2022-08-16 13:00:00+05:30,551.23,24.03
2022-08-16 14:00:00+05:30,457.19,24.23
2022-08-16 15:00:00+05:30,357.33,24.37
2022-08-16 16:00:00+05:30,166.41,23.78
2022-08-16 17:00:00+05:30,136.75,22.92
2022-08-16 18:00:00+05:30,73.48,22.65
2022-08-16 19:00:00+05:30,0.0,22.35
2022-08-16 20:00:00+05:30,0.0,21.95
2022-08-16 21:00:00+05:30,0.0,21.84
2022-08-16 22:00:00+05:30,0.0,21.89
2022-08-16 23:00:00+05:30,0.0,21.84
2022-08-17 00:00:00+05:30,0.0,21.61
2022-08-17 01:00:00+05:30,0.0,21.5
2022-08-17 02:00:00+05:30,0.0,21.47
2022-08-17 03:00:00+05:30,0.0,21.55
2022-08-17 04:00:00+05:30,0.0,21.44
2022-08-17 05:00:00+05:30,0.0,21.46
2022-08-17 06:00:00+05:30,0.0,21.47
2022-08-17 07:00:00+05:30,35.01,21.34
2022-08-17 08:00:00+05:30,172.38,21.47
2022-08-17 09:00:00+05:30,269.89,22.3
2022-08-17 10:00:00+05:30,535.45,22.99
2022-08-17 11:00:00+05:30,580.61,24.08
2022-08-17 12:00:00+05:30,614.36,24.64
2022-08-17 13:00:00+05:30,493.99,24.67
2022-08-17 14:00:00+05:30,599.26,24.67
2022-08-17 15:00:00+05:30,322.85,24.87
2022-08-17 16:00:00+05:30,340.5,24.53
2022-08-17 17:00:00+05:30,146.62,23.81
2022-08-17 18:00:00+05:30,68.73,23.19
2022-08-17 19:00:00+05:30,0.0,22.46
2022-08-17 20:00:00+05:30,0.0,22.17
2022-08-17 21:00:00+05:30,0.0,21.78
2022-08-17 22:00:00+05:30,0.0,21.67
2022-08-17 23:00:00+05:30,0.0,21.91
2022-08-18 00:00:00+05:30,0.0,21.62
2022-08-18 01:00:00+05:30,0.0,21.46
2022-08-18 02:00:00+05:30,0.0,21.43
2022-08-18 03:00:00+05:30,0.0,21.37
2022-08-18 04:00:00+05:30,0.0,21.23
2022-08-18 05:00:00+05:30,0.0,21.07
2022-08-18 06:00:00+05:30,0.0,21.11
2022-08-18 07:00:00+05:30,56.1,21.03
2022-08-18 08:00:00+05:30,171.02,21.65
2022-08-18 09:00:00+05:30,250.8,22.72
2022-08-18 10:00:00+05:30,383.29,23.49
2022-08-18 11:00:00+05:30,557.68,24.11
2022-08-18 12:00:00+05:30,437.42,24.91
2022-08-18 13:00:00+05:30,575.08,24.98
2022-08-18 14:00:00+05:30,487.59,24.91
2022-08-18 15:00:00+05:30,501.35,25.11
2022-08-18 16:00:00+05:30,367.18,24.82
2022-08-18 17:00:00+05:30,217.66,24.43
2022-08-18 18:00:00+05:30,86.41,23.59
2022-08-18 19:00:00+05:30,0.0,22.69
2022-08-18 20:00:00+05:30,0.0,22.13
2022-08-18 21:00:00+05:30,0.0,21.82
2022-08-18 22:00:00+05:30,0.0,21.6
2022-08-18 23:00:00+05:30,0.0,21.75
2022-08-19 00:00:00+05:30,0.0,21.79
2022-08-19 01:00:00+05:30,0.0,21.59
2022-08-19 02:00:00+05:30,0.0,21.65
2022-08-19 03:00:00+05:30,0.0,21.52
2022-08-19 04:00:00+05:30,0.0,21.51
2022-08-19 05:00:00+05:30,0.0,21.44
2022-08-19 06:00:00+05:30,0.0,21.45
2022-08-19 07:00:00+05:30,51.18,21.52
2022-08-19 08:00:00+05:30,182.75,21.87
2022-08-19 09:00:00+05:30,260.72,22.56
2022-08-19 10:00:00+05:30,459.65,23.13
2022-08-19 11:00:00+05:30,445.52,24.37
2022-08-19 12:00:00+05:30,413.42,24.88
2022-08-19 13:00:00+05:30,565.79,24.48
2022-08-19 14:00:00+05:30,516.77,24.9
2022-08-19 15:00:00+05:30,412.4,25.1
2022-08-19 16:00:00+05:30,340.98,24.51
2022-08-19 17:00:00+05:30,209.1,24.31
2022-08-19 18:00:00+05:30,85.8,23.42
2022-08-19 19:00:00+05:30,0.0,22.83
2022-08-19 20:00:00+05:30,0.0,22.18
2022-08-19 21:00:00+05:30,0.0,21.77
2022-08-19 22:00:00+05:30,0.0,21.68
2022-08-19 23:00:00+05:30,0.0,21.86
2022-08-20 00:00:00+05:30,0.0,21.76
2022-08-20 01:00:00+05:30,0.0,21.75
2022-08-20 02:00:00+05:30,0.0,21.77
2022-08-20 03:00:00+05:30,0.0,21.57
2022-08-20 04:00:00+05:30,0.0,21.36
2022-08-20 05:00:00+05:30,0.0,21.22
2022-08-20 06:00:00+05:30,0.0,21.43
2022-08-20 07:00:00+05:30,49.74,21.27
2022-08-20 08:00:00+05:30,166.95,21.51
2022-08-20 09:00:00+05:30,284.97,22.15
2022-08-20 10:00:00+05:30,570.34,23.17
2022-08-20 11:00:00+05:30,512.22,24.62
2022-08-20 12:00:00+05:30,566.94,24.97
2022-08-20 13:00:00+05:30,466.71,25.01
2022-08-20 14:00:00+05:30,500.52,24.9
2022-08-20 15:00:00+05:30,362.49,25.05
2022-08-20 16:00:00+05:30,229.51,24.51
2022-08-20 17:00:00+05:30,175.74,24.15
2022-08-20 18:00:00+05:30,83.19,23.42
2022-08-20 19:00:00+05:30,0.0,22.84
2022-08-20 20:00:00+05:30,0.0,22.16
2022-08-20 21:00:00+05:30,0.0,21.93
2022-08-20 22:00:00+05:30,0.0,21.93
2022-08-20 23:00:00+05:30,0.0,22.0
2022-08-21 00:00:00+05:30,0.0,21.83
2022-08-21 01:00:00+05:30,0.0,21.4
2022-08-21 02:00:00+05:30,0.0,21.15
2022-08-21 03:00:00+05:30,0.0,21.13
2022-08-21 04:00:00+05:30,0.0,21.15
2022-08-21 05:00:00+05:30,0.0,21.19
2022-08-21 06:00:00+05:30,0.0,21.24
2022-08-21 07:00:00+05:30,33.65,21.26
2022-08-21 08:00:00+05:30,144.89,21.59
2022-08-21 09:00:00+05:30,294.77,22.33
2022-08-21 10:00:00+05:30,382.97,23.32
2022-08-21 11:00:00+05:30,424.46,23.99
2022-08-21 12:00:00+05:30,437.74,24.42
2022-08-21 13:00:00+05:30,557.05,24.52
2022-08-21 14:00:00+05:30,548.85,25.25
2022-08-21 15:00:00+05:30,459.89,25.29
2022-08-21 16:00:00+05:30,393.6,24.59
2022-08-21 17:00:00+05:30,178.04,24.49
2022-08-21 18:00:00+05:30,67.9,23.88
2022-08-21 19:00:00+05:30,0.0,22.89
2022-08-21 20:00:00+05:30,0.0,22.11
2022-08-21 21:00:00+05:30,0.0,21.86
2022-08-21 22:00:00+05:30,0.0,21.83
2022-08-21 23:00:00+05:30,0.0,21.86
2022-08-22 00:00:00+05:30,0.0,22.03
2022-08-22 01:00:00+05:30,0.0,21.72
2022-08-22 02:00:00+05:30,0.0,21.69
2022-08-22 03:00:00+05:30,0.0,21.33
2022-08-22 04:00:00+05:30,0.0,21.53
2022-08-22 05:00:00+05:30,0.0,21.68
2022-08-22 06:00:00+05:30,0.0,21.73
2022-08-22 07:00:00+05:30,46.29,21.66
2022-08-22 08:00:00+05:30,137.62,21.65
2022-08-22 09:00:00+05:30,320.75,22.2
2022-08-22 10:00:00+05:30,434.91,23.1
2022-08-22 11:00:00+05:30,586.25,23.98
2022-08-22 12:00:00+05:30,670.74,24.51
2022-08-22 13:00:00+05:30,666.08,24.81
2022-08-22 14:00:00+05:30,526.33,25.55
2022-08-22 15:00:00+05:30,544.83,24.8
2022-08-22 16:00:00+05:30,393.29,24.54
2022-08-22 17:00:00+05:30,219.99,24.35
2022-08-22 18:00:00+05:30,57.7,23.27
2022-08-22 19:00:00+05:30,0.0,22.56
2022-08-22 20:00:00+05:30,0.0,21.96
2022-08-22 21:00:00+05:30,0.0,21.81
2022-08-22 22:00:00+05:30,0.0,21.79
2022-08-22 23:00:00+05:30,0.0,21.88
2022-08-23 00:00:00+05:30,0.0,22.12
2022-08-23 01:00:00+05:30,0.0,21.58
2022-08-23 02:00:00+05:30,0.0,21.39
2022-08-23 03:00:00+05:30,0.0,21.43
2022-08-23 04:00:00+05:30,0.0,21.57
2022-08-23 05:00:00+05:30,0.0,21.52
2022-08-23 06:00:00+05:30,0.0,21.69
2022-08-23 07:00:00+05:30,21.94,21.74
2022-08-23 08:00:00+05:30,101.54,21.91
2022-08-23 09:00:00+05:30,216.57,22.31
2022-08-23 10:00:00+05:30,410.37,23.04
2022-08-23 11:00:00+05:30,431.09,23.82
2022-08-23 12:00:00+05:30,455.64,24.38
2022-08-23 13:00:00+05:30,506.23,24.35
2022-08-23 14:00:00+05:30,427.76,24.49
2022-08-23 15:00:00+05:30,455.71,24.53
2022-08-23 16:00:00+05:30,316.75,24.99
2022-08-23 17:00:00+05:30,197.48,24.3
2022-08-23 18:00:00+05:30,63.43,23.61
2022-08-23 19:00:00+05:30,0.0,22.7
2022-08-23 20:00:00+05:30,0.0,22.01
2022-08-23 21:00:00+05:30,0.0,21.86
2022-08-23 22:00:00+05:30,0.0,21.87
2022-08-23 23:00:00+05:30,0.0,21.88
2022-08-24 00:00:00+05:30,0.0,22.02
2022-08-24 01:00:00+05:30,0.0,22.06
2022-08-24 02:00:00+05:30,0.0,22.02
2022-08-24 03:00:00+05:30,0.0,21.87
2022-08-24 04:00:00+05:30,0.0,21.8
2022-08-24 05:00:00+05:30,0.0,21.66
2022-08-24 06:00:00+05:30,0.0,21.71
2022-08-24 07:00:00+05:30,16.96,21.61
2022-08-24 08:00:00+05:30,62.89,21.61
2022-08-24 09:00:00+05:30,235.47,21.95
2022-08-24 10:00:00+05:30,453.9,22.8
2022-08-24 11:00:00+05:30,509.13,24.15
2022-08-24 12:00:00+05:30,503.81,24.6
2022-08-24 13:00:00+05:30,520.92,24.71
2022-08-24 14:00:00+05:30,503.78,24.79
2022-08-24 15:00:00+05:30,450.84,24.99
2022-08-24 16:00:00+05:30,300.96,24.81
2022-08-24 17:00:00+05:30,204.8,24.18
2022-08-24 18:00:00+05:30,79.63,23.71
2022-08-24 19:00:00+05:30,0.0,23.03
2022-08-24 20:00:00+05:30,0.0,22.34
2022-08-24 21:00:00+05:30,0.0,22.08
2022-08-24 22:00:00+05:30,0.0,21.97
2022-08-24 23:00:00+05:30,0.0,21.96
2022-08-25 00:00:00+05:30,0.0,21.98
2022-08-25 01:00:00+05:30,0.0,21.69
2022-08-25 02:00:00+05:30,0.0,21.66
2022-08-25 03:00:00+05:30,0.0,21.57
2022-08-25 04:00:00+05:30,0.0,21.44
2022-08-25 05:00:00+05:30,0.0,21.33
2022-08-25 06:00:00+05:30,0.0,21.24
2022-08-25 07:00:00+05:30,33.33,21.25
2022-08-25 08:00:00+05:30,146.27,21.67
2022-08-25 09:00:00+05:30,243.14,22.44
2022-08-25 10:00:00+05:30,359.12,23.45
2022-08-25 11:00:00+05:30,451.84,24.52
2022-08-25 12:00:00+05:30,638.01,25.21
2022-08-25 13:00:00+05:30,670.39,25.7
2022-08-25 14:00:00+05:30,605.95,26.18
2022-08-25 15:00:00+05:30,511.09,26.15
2022-08-25 16:00:00+05:30,329.42,25.68
2022-08-25 17:00:00+05:30,210.29,25.21
2022-08-25 18:00:00+05:30,76.61,24.64
2022-08-25 19:00:00+05:30,0.0,23.97
2022-08-25 20:00:00+05:30,0.0,23.09
2022-08-25 21:00:00+05:30,0.0,22.32
2022-08-25 22:00:00+05:30,0.0,21.7
2022-08-25 23:00:00+05:30,0.0,21.25
2022-08-26 00:00:00+05:30,0.0,20.97
2022-08-26 01:00:00+05:30,0.0,21.35
2022-08-26 02:00:00+05:30,0.0,21.04
2022-08-26 03:00:00+05:30,0.0,20.8
2022-08-26 04:00:00+05:30,0.0,20.62
2022-08-26 05:00:00+05:30,0.0,20.39
2022-08-26 06:00:00+05:30,0.0,20.51
2022-08-26 07:00:00+05:30,44.17,20.61
2022-08-26 08:00:00+05:30,220.57,21.03
2022-08-26 09:00:00+05:30,348.6,22.47
2022-08-26 10:00:00+05:30,450.51,23.98
2022-08-26 11:00:00+05:30,487.53,25.22
2022-08-26 12:00:00+05:30,532.32,25.85
2022-08-26 13:00:00+05:30,644.03,26.45
2022-08-26 14:00:00+05:30,585.67,26.93
2022-08-26 15:00:00+05:30,597.25,26.83
2022-08-26 16:00:00+05:30,359.53,26.84
2022-08-26 17:00:00+05:30,222.34,26.26
2022-08-26 18:00:00+05:30,72.51,25.42
2022-08-26 19:00:00+05:30,0.0,24.43
2022-08-26 20:00:00+05:30,0.0,23.45
2022-08-26 21:00:00+05:30,0.0,22.73
2022-08-26 22:00:00+05:30,0.0,22.12
2022-08-26 23:00:00+05:30,0.0,21.68
2022-08-27 00:00:00+05:30,0.0,21.13
2022-08-27 01:00:00+05:30,0.0,20.73
2022-08-27 02:00:00+05:30,0.0,20.42
2022-08-27 03:00:00+05:30,0.0,20.23
2022-08-27 04:00:00+05:30,0.0,20.01
2022-08-27 05:00:00+05:30,0.0,19.94
2022-08-27 06:00:00+05:30,0.0,20.0
2022-08-27 07:00:00+05:30,56.26,20.02
2022-08-27 08:00:00+05:30,211.47,20.42
2022-08-27 09:00:00+05:30,375.23,21.93
2022-08-27 10:00:00+05:30,536.24,23.61
2022-08-27 11:00:00+05:30,594.72,25.18
2022-08-27 12:00:00+05:30,642.09,26.2
2022-08-27 13:00:00+05:30,696.29,26.51
2022-08-27 14:00:00+05:30,409.72,26.93
2022-08-27 15:00:00+05:30,537.29,26.62
2022-08-27 16:00:00+05:30,276.67,26.45
2022-08-27 17:00:00+05:30,220.55,25.78
2022-08-27 18:00:00+05:30,94.94,25.17
2022-08-27 19:00:00+05:30,0.0,24.23
2022-08-27 20:00:00+05:30,0.0,23.14
2022-08-27 21:00:00+05:30,0.0,22.43
2022-08-27 22:00:00+05:30,0.0,21.84
2022-08-27 23:00:00+05:30,0.0,21.32
2022-08-28 00:00:00+05:30,0.0,20.77
2022-08-28 01:00:00+05:30,0.0,20.69
2022-08-28 02:00:00+05:30,0.0,20.6
2022-08-28 03:00:00+05:30,0.0,20.38
2022-08-28 04:00:00+05:30,0.0,20.21
2022-08-28 05:00:00+05:30,0.0,19.97
2022-08-28 06:00:00+05:30,0.0,19.87
2022-08-28 07:00:00+05:30,66.14,19.89
2022-08-28 08:00:00+05:30,242.27,20.69
2022-08-28 09:00:00+05:30,373.62,22.41
2022-08-28 10:00:00+05:30,480.52,23.92
2022-08-28 11:00:00+05:30,521.37,25.25
2022-08-28 12:00:00+05:30,643.49,26.07
2022-08-28 13:00:00+05:30,591.42,26.99
2022-08-28 14:00:00+05:30,506.85,27.32
2022-08-28 15:00:00+05:30,378.73,27.23
2022-08-28 16:00:00+05:30,344.5,26.83
2022-08-28 17:00:00+05:30,171.21,26.3
2022-08-28 18:00:00+05:30,71.03,25.28
2022-08-28 19:00:00+05:30,0.0,24.07
2022-08-28 20:00:00+05:30,0.0,23.07
2022-08-28 21:00:00+05:30,0.0,22.51
2022-08-28 22:00:00+05:30,0.0,22.09
2022-08-28 23:00:00+05:30,0.0,21.82
2022-08-29 00:00:00+05:30,0.0,21.47
2022-08-29 01:00:00+05:30,0.0,21.23
2022-08-29 02:00:00+05:30,0.0,21.07
2022-08-29 03:00:00+05:30,0.0,20.91
2022-08-29 04:00:00+05:30,0.0,20.65
2022-08-29 05:00:00+05:30,0.0,20.48
2022-08-29 06:00:00+05:30,0.0,20.31
2022-08-29 07:00:00+05:30,61.44,20.23
2022-08-29 08:00:00+05:30,194.67,20.88
2022-08-29 09:00:00+05:30,371.94,22.09
2022-08-29 10:00:00+05:30,554.35,23.56
2022-08-29 11:00:00+05:30,683.07,25.11
2022-08-29 12:00:00+05:30,694.72,26.41
2022-08-29 13:00:00+05:30,566.35,27.11
2022-08-29 14:00:00+05:30,514.61,27.4
2022-08-29 15:00:00+05:30,402.96,27.43
2022-08-29 16:00:00+05:30,323.25,27.15
2022-08-29 17:00:00+05:30,160.11,26.72
2022-08-29 18:00:00+05:30,73.98,26.02
2022-08-29 19:00:00+05:30,0.0,25.12
2022-08-29 20:00:00+05:30,0.0,24.19
2022-08-29 21:00:00+05:30,0.0,23.5
2022-08-29 22:00:00+05:30,0.0,22.89
2022-08-29 23:00:00+05:30,0.0,22.24
2022-08-30 00:00:00+05:30,0.0,21.74
2022-08-30 01:00:00+05:30,0.0,21.48
2022-08-30 02:00:00+05:30,0.0,21.05
2022-08-30 03:00:00+05:30,0.0,20.81
2022-08-30 04:00:00+05:30,0.0,20.48
2022-08-30 05:00:00+05:30,0.0,20.49
2022-08-30 06:00:00+05:30,0.0,20.41
2022-08-30 07:00:00+05:30,63.55,20.24
2022-08-30 08:00:00+05:30,221.0,21.41
2022-08-30 09:00:00+05:30,426.37,23.25
2022-08-30 10:00:00+05:30,599.95,25.14
2022-08-30 11:00:00+05:30,621.06,26.46
2022-08-30 12:00:00+05:30,635.32,27.16
2022-08-30 13:00:00+05:30,544.31,27.55
2022-08-30 14:00:00+05:30,523.09,27.7
2022-08-30 15:00:00+05:30,503.96,28.07
2022-08-30 16:00:00+05:30,373.22,28.01
2022-08-30 17:00:00+05:30,199.59,26.46
2022-08-30 18:00:00+05:30,65.75,25.79
2022-08-30 19:00:00+05:30,0.0,25.14
2022-08-30 20:00:00+05:30,0.0,24.22
2022-08-30 21:00:00+05:30,0.0,23.66
2022-08-30 22:00:00+05:30,0.0,23.38
2022-08-30 23:00:00+05:30,0.0,23.11
2022-08-31 00:00:00+05:30,0.0,22.8
2022-08-31 01:00:00+05:30,0.0,22.92
2022-08-31 02:00:00+05:30,0.0,23.07
2022-08-31 03:00:00+05:30,0.0,22.79
2022-08-31 04:00:00+05:30,0.0,22.19
2022-08-31 05:00:00+05:30,0.0,22.1
2022-08-31 06:00:00+05:30,0.0,22.02
2022-08-31 07:00:00+05:30,45.37,21.98
2022-08-31 08:00:00+05:30,195.71,22.44
2022-08-31 09:00:00+05:30,357.61,23.58
2022-08-31 10:00:00+05:30,478.2,24.94
2022-08-31 11:00:00+05:30,545.57,26.28
2022-08-31 12:00:00+05:30,751.04,27.4
2022-08-31 13:00:00+05:30,732.25,28.69
2022-08-31 14:00:00+05:30,602.81,29.1
2022-08-31 15:00:00+05:30,522.13,28.28
2022-08-31 16:00:00+05:30,299.59,26.15
2022-08-31 17:00:00+05:30,189.57,25.63
2022-08-31 18:00:00+05:30,59.55,25.7
2022-08-31 19:00:00+05:30,0.0,24.6
2022-08-31 20:00:00+05:30,0.0,23.88
2022-08-31 21:00:00+05:30,0.0,23.59
2022-08-31 22:00:00+05:30,0.0,23.04
2022-08-31 23:00:00+05:30,0.0,22.44
2022-09-01 00:00:00+05:30,0.0,22.24
2022-09-01 01:00:00+05:30,0.0,22.19
2022-09-01 02:00:00+05:30,0.0,22.07
2022-09-01 03:00:00+05:30,0.0,21.99
2022-09-01 04:00:00+05:30,0.0,21.89
2022-09-01 05:00:00+05:30,0.0,21.78
2022-09-01 06:00:00+05:30,0.0,21.61
2022-09-01 07:00:00+05:30,20.0,21.61
2022-09-01 08:00:00+05:30,88.25,21.77
2022-09-01 09:00:00+05:30,252.33,22.5
2022-09-01 10:00:00+05:30,470.04,23.82
2022-09-01 11:00:00+05:30,545.5,25.65
2022-09-01 12:00:00+05:30,364.38,27.06
2022-09-01 13:00:00+05:30,480.42,27.22
2022-09-01 14:00:00+05:30,673.96,27.63
2022-09-01 15:00:00+05:30,544.81,28.35
2022-09-01 16:00:00+05:30,321.77,28.06
2022-09-01 17:00:00+05:30,183.14,26.75
2022-09-01 18:00:00+05:30,57.81,24.94
2022-09-01 19:00:00+05:30,0.0,23.5
2022-09-01 20:00:00+05:30,0.0,22.85
2022-09-01 21:00:00+05:30,0.0,22.8
2022-09-01 22:00:00+05:30,0.0,22.67
2022-09-01 23:00:00+05:30,0.0,22.57
2022-09-02 00:00:00+05:30,0.0,22.6
2022-09-02 01:00:00+05:30,0.0,22.16
2022-09-02 02:00:00+05:30,0.0,21.6
2022-09-02 03:00:00+05:30,0.0,21.32
2022-09-02 04:00:00+05:30,0.0,20.99
2022-09-02 05:00:00+05:30,0.0,20.69
2022-09-02 06:00:00+05:30,0.0,20.51
2022-09-02 07:00:00+05:30,54.69,20.55
2022-09-02 08:00:00+05:30,188.9,21.54
2022-09-02 09:00:00+05:30,351.2,23.16
2022-09-02 10:00:00+05:30,463.03,24.89
2022-09-02 11:00:00+05:30,668.18,26.36
2022-09-02 12:00:00+05:30,709.87,27.45
2022-09-02 13:00:00+05:30,661.42,28.45
2022-09-02 14:00:00+05:30,642.28,28.69
2022-09-02 15:00:00+05:30,536.5,28.81
2022-09-02 16:00:00+05:30,343.22,28.88
2022-09-02 17:00:00+05:30,226.91,28.37
2022-09-02 18:00:00+05:30,70.35,26.8
2022-09-02 19:00:00+05:30,0.0,25.93
2022-09-02 20:00:00+05:30,0.0,25.22
2022-09-02 21:00:00+05:30,0.0,24.63
2022-09-02 22:00:00+05:30,0.0,23.89
2022-09-02 23:00:00+05:30,0.0,23.57
2022-09-03 00:00:00+05:30,0.0,23.29
2022-09-03 01:00:00+05:30,0.0,23.34
2022-09-03 02:00:00+05:30,0.0,23.22
2022-09-03 03:00:00+05:30,0.0,22.74
2022-09-03 04:00:00+05:30,0.0,22.82
2022-09-03 05:00:00+05:30,0.0,22.67
2022-09-03 06:00:00+05:30,0.0,22.54
2022-09-03 07:00:00+05:30,82.15,22.36
2022-09-03 08:00:00+05:30,269.81,22.88
2022-09-03 09:00:00+05:30,449.88,25.25
2022-09-03 10:00:00+05:30,577.84,26.61
2022-09-03 11:00:00+05:30,685.76,27.62
2022-09-03 12:00:00+05:30,755.77,28.49
2022-09-03 13:00:00+05:30,704.54,29.07
2022-09-03 14:00:00+05:30,588.07,29.43
2022-09-03 15:00:00+05:30,493.82,29.16
2022-09-03 16:00:00+05:30,282.05,28.14
2022-09-03 17:00:00+05:30,140.2,26.81
2022-09-03 18:00:00+05:30,67.29,24.86
2022-09-03 19:00:00+05:30,0.0,24.02
2022-09-03 20:00:00+05:30,0.0,23.52
2022-09-03 21:00:00+05:30,0.0,23.54
2022-09-03 22:00:00+05:30,0.0,23.48
2022-09-03 23:00:00+05:30,0.0,23.41
2022-09-04 00:00:00+05:30,0.0,23.27
2022-09-04 01:00:00+05:30,0.0,23.1
2022-09-04 02:00:00+05:30,0.0,23.07
2022-09-04 03:00:00+05:30,0.0,22.96
2022-09-04 04:00:00+05:30,0.0,22.65
2022-09-04 05:00:00+05:30,0.0,22.66
2022-09-04 06:00:00+05:30,0.0,22.65
2022-09-04 07:00:00+05:30,33.27,22.49
2022-09-04 08:00:00+05:30,140.87,22.69
2022-09-04 09:00:00+05:30,285.32,23.8
2022-09-04 10:00:00+05:30,343.47,25.05
2022-09-04 11:00:00+05:30,420.47,26.07
2022-09-04 12:00:00+05:30,612.64,26.65
2022-09-04 13:00:00+05:30,521.94,27.57
2022-09-04 14:00:00+05:30,288.14,26.49
2022-09-04 15:00:00+05:30,324.87,25.31
2022-09-04 16:00:00+05:30,135.48,25.44
2022-09-04 17:00:00+05:30,90.18,24.99
2022-09-04 18:00:00+05:30,32.15,24.67
2022-09-04 19:00:00+05:30,0.0,24.25
2022-09-04 20:00:00+05:30,0.0,23.81
2022-09-04 21:00:00+05:30,0.0,23.53
2022-09-04 22:00:00+05:30,0.0,23.16
2022-09-04 23:00:00+05:30,0.0,22.82
2022-09-05 00:00:00+05:30,0.0,22.6
2022-09-05 01:00:00+05:30,0.0,22.44
2022-09-05 02:00:00+05:30,0.0,22.41
2022-09-05 03:00:00+05:30,0.0,22.45
2022-09-05 04:00:00+05:30,0.0,22.38
2022-09-05 05:00:00+05:30,0.0,22.29
2022-09-05 06:00:00+05:30,0.0,22.19
2022-09-05 07:00:00+05:30,53.98,22.2
2022-09-05 08:00:00+05:30,165.39,22.51
2022-09-05 09:00:00+05:30,162.11,23.41
2022-09-05 10:00:00+05:30,246.31,23.82
2022-09-05 11:00:00+05:30,397.35,24.47
2022-09-05 12:00:00+05:30,572.87,25.26
2022-09-05 13:00:00+05:30,450.73,26.82
2022-09-05 14:00:00+05:30,558.54,26.41
2022-09-05 15:00:00+05:30,351.86,26.25
2022-09-05 16:00:00+05:30,238.02,25.51
2022-09-05 17:00:00+05:30,110.18,25.04
2022-09-05 18:00:00+05:30,60.75,24.41
2022-09-05 19:00:00+05:30,0.0,24.13
2022-09-05 20:00:00+05:30,0.0,23.58
2022-09-05 21:00:00+05:30,0.0,23.18
2022-09-05 22:00:00+05:30,0.0,22.82
2022-09-05 23:00:00+05:30,0.0,22.59
2022-09-06 00:00:00+05:30,0.0,22.47
2022-09-06 01:00:00+05:30,0.0,22.01
2022-09-06 02:00:00+05:30,0.0,21.93
2022-09-06 03:00:00+05:30,0.0,21.89
2022-09-06 04:00:00+05:30,0.0,21.76
2022-09-06 05:00:00+05:30,0.0,21.55
2022-09-06 06:00:00+05:30,0.0,21.38
2022-09-06 07:00:00+05:30,59.46,21.33
2022-09-06 08:00:00+05:30,213.59,22.11
2022-09-06 09:00:00+05:30,344.1,23.49
2022-09-06 10:00:00+05:30,531.53,24.62
2022-09-06 11:00:00+05:30,678.73,25.78
2022-09-06 12:00:00+05:30,344.44,27.07
2022-09-06 13:00:00+05:30,441.61,26.95
2022-09-06 14:00:00+05:30,318.32,27.4
2022-09-06 15:00:00+05:30,403.27,26.59
2022-09-06 16:00:00+05:30,320.33,25.7
2022-09-06 17:00:00+05:30,190.79,24.74
2022-09-06 18:00:00+05:30,51.87,24.85
2022-09-06 19:00:00+05:30,0.0,24.23
2022-09-06 20:00:00+05:30,0.0,23.56
2022-09-06 21:00:00+05:30,0.0,23.16
2022-09-06 22:00:00+05:30,0.0,22.52
2022-09-06 23:00:00+05:30,0.0,22.15
2022-09-07 00:00:00+05:30,0.0,21.75
2022-09-07 01:00:00+05:30,0.0,21.89
2022-09-07 02:00:00+05:30,0.0,21.69
2022-09-07 03:00:00+05:30,0.0,21.57
2022-09-07 04:00:00+05:30,0.0,21.46
2022-09-07 05:00:00+05:30,0.0,21.18
2022-09-07 06:00:00+05:30,0.0,21.11
2022-09-07 07:00:00+05:30,44.8,20.86
2022-09-07 08:00:00+05:30,189.78,21.8
2022-09-07 09:00:00+05:30,330.11,23.48
2022-09-07 10:00:00+05:30,483.05,24.75
2022-09-07 11:00:00+05:30,656.69,25.87
2022-09-07 12:00:00+05:30,348.59,27.44
2022-09-07 13:00:00+05:30,550.52,27.54
2022-09-07 14:00:00+05:30,523.31,28.49
2022-09-07 15:00:00+05:30,473.89,28.06
2022-09-07 16:00:00+05:30,299.83,28.11
2022-09-07 17:00:00+05:30,151.51,27.66
2022-09-07 18:00:00+05:30,43.99,26.1
2022-09-07 19:00:00+05:30,0.0,24.44
2022-09-07 20:00:00+05:30,0.0,23.79
2022-09-07 21:00:00+05:30,0.0,23.55
2022-09-07 22:00:00+05:30,0.0,23.26
2022-09-07 23:00:00+05:30,0.0,22.73
2022-09-08 00:00:00+05:30,0.0,22.54
2022-09-08 01:00:00+05:30,0.0,22.4
2022-09-08 02:00:00+05:30,0.0,22.27
2022-09-08 03:00:00+05:30,0.0,22.05
2022-09-08 04:00:00+05:30,0.0,22.12
2022-09-08 05:00:00+05:30,0.0,22.03
2022-09-08 06:00:00+05:30,0.0,21.65
2022-09-08 07:00:00+05:30,27.12,21.59
2022-09-08 08:00:00+05:30,163.05,22.01
2022-09-08 09:00:00+05:30,268.97,23.05
2022-09-08 10:00:00+05:30,322.0,24.07
2022-09-08 11:00:00+05:30,342.94,24.97
2022-09-08 12:00:00+05:30,532.85,26.04
2022-09-08 13:00:00+05:30,474.39,26.67
2022-09-08 14:00:00+05:30,374.7,27.31
2022-09-08 15:00:00+05:30,345.73,27.21
2022-09-08 16:00:00+05:30,390.15,27.36
2022-09-08 17:00:00+05:30,184.19,27.78
2022-09-08 18:00:00+05:30,40.62,26.6
2022-09-08 19:00:00+05:30,0.0,25.21
2022-09-08 20:00:00+05:30,0.0,24.02
2022-09-08 21:00:00+05:30,0.0,23.71
2022-09-08 22:00:00+05:30,0.0,23.29
2022-09-08 23:00:00+05:30,0.0,23.03
2022-09-09 00:00:00+05:30,0.0,22.85
2022-09-09 01:00:00+05:30,0.0,22.67
2022-09-09 02:00:00+05:30,0.0,22.47
2022-09-09 03:00:00+05:30,0.0,22.32
2022-09-09 04:00:00+05:30,0.0,22.17
2022-09-09 05:00:00+05:30,0.0,22.06
2022-09-09 06:00:00+05:30,0.0,22.06
2022-09-09 07:00:00+05:30,20.83,22.06
2022-09-09 08:00:00+05:30,65.71,22.17
2022-09-09 09:00:00+05:30,139.31,22.59
2022-09-09 10:00:00+05:30,234.59,23.12
2022-09-09 11:00:00+05:30,274.03,23.55
2022-09-09 12:00:00+05:30,599.57,24.42
2022-09-09 13:00:00+05:30,237.31,27.66
2022-09-09 14:00:00+05:30,461.13,25.6
2022-09-09 15:00:00+05:30,368.17,26.58
2022-09-09 16:00:00+05:30,356.54,26.81
2022-09-09 17:00:00+05:30,148.02,27.08
2022-09-09 18:00:00+05:30,36.19,25.51
2022-09-09 19:00:00+05:30,0.0,23.96
2022-09-09 20:00:00+05:30,0.0,23.3
2022-09-09 21:00:00+05:30,0.0,23.16
2022-09-09 22:00:00+05:30,0.0,22.99
2022-09-09 23:00:00+05:30,0.0,22.78
2022-09-10 00:00:00+05:30,0.0,22.48
2022-09-10 01:00:00+05:30,0.0,22.94
2022-09-10 02:00:00+05:30,0.0,22.66
2022-09-10 03:00:00+05:30,0.0,22.6
2022-09-10 04:00:00+05:30,0.0,22.4
2022-09-10 05:00:00+05:30,0.0,21.88
2022-09-10 06:00:00+05:30,0.0,21.44
2022-09-10 07:00:00+05:30,42.63,21.53
2022-09-10 08:00:00+05:30,160.04,22.19
2022-09-10 09:00:00+05:30,350.56,23.21
2022-09-10 10:00:00+05:30,409.12,25.02
2022-09-10 11:00:00+05:30,443.27,26.03
2022-09-10 12:00:00+05:30,294.7,26.78
2022-09-10 13:00:00+05:30,421.1,26.96
2022-09-10 14:00:00+05:30,286.56,26.66
2022-09-10 15:00:00+05:30,177.05,25.81
2022-09-10 16:00:00+05:30,72.72,24.47
2022-09-10 17:00:00+05:30,53.7,24.05
2022-09-10 18:00:00+05:30,20.27,23.83
2022-09-10 19:00:00+05:30,0.0,23.35
2022-09-10 20:00:00+05:30,0.0,22.88
2022-09-10 21:00:00+05:30,0.0,22.64
2022-09-10 22:00:00+05:30,0.0,22.44
2022-09-10 23:00:00+05:30,0.0,22.29
2022-09-11 00:00:00+05:30,0.0,22.15
2022-09-11 01:00:00+05:30,0.0,22.17
2022-09-11 02:00:00+05:30,0.0,21.95
2022-09-11 03:00:00+05:30,0.0,21.71
2022-09-11 04:00:00+05:30,0.0,21.6
2022-09-11 05:00:00+05:30,0.0,21.48
2022-09-11 06:00:00+05:30,0.0,21.37
2022-09-11 07:00:00+05:30,36.3,21.37
2022-09-11 08:00:00+05:30,123.68,21.73
2022-09-11 09:00:00+05:30,263.45,22.87
2022-09-11 10:00:00+05:30,422.48,24.22
2022-09-11 11:00:00+05:30,589.34,25.85
2022-09-11 12:00:00+05:30,502.71,27.01
2022-09-11 13:00:00+05:30,600.21,26.79
2022-09-11 14:00:00+05:30,465.8,27.45
2022-09-11 15:00:00+05:30,450.16,27.39
2022-09-11 16:00:00+05:30,226.74,27.72
2022-09-11 17:00:00+05:30,88.17,25.12
2022-09-11 18:00:00+05:30,16.77,24.19
2022-09-11 19:00:00+05:30,0.0,23.81
2022-09-11 20:00:00+05:30,0.0,23.3
2022-09-11 21:00:00+05:30,0.0,23.02
2022-09-11 22:00:00+05:30,0.0,22.86
2022-09-11 23:00:00+05:30,0.0,22.76
2022-09-12 00:00:00+05:30,0.0,22.75
2022-09-12 01:00:00+05:30,0.0,22.75
2022-09-12 02:00:00+05:30,0.0,22.85
2022-09-12 03:00:00+05:30,0.0,22.53
2022-09-12 04:00:00+05:30,0.0,22.35
2022-09-12 05:00:00+05:30,0.0,22.3
2022-09-12 06:00:00+05:30,0.0,22.25
2022-09-12 07:00:00+05:30,21.91,22.29
2022-09-12 08:00:00+05:30,56.09,22.52
2022-09-12 09:00:00+05:30,128.62,22.79
2022-09-12 10:00:00+05:30,293.39,23.55
2022-09-12 11:00:00+05:30,335.67,24.76
2022-09-12 12:00:00+05:30,483.2,25.52
2022-09-12 13:00:00+05:30,557.92,26.02
2022-09-12 14:00:00+05:30,631.63,26.83
2022-09-12 15:00:00+05:30,386.04,27.48
2022-09-12 16:00:00+05:30,189.12,25.66
2022-09-12 17:00:00+05:30,102.53,24.86
2022-09-12 18:00:00+05:30,23.87,24.22
2022-09-12 19:00:00+05:30,0.0,23.31
2022-09-12 20:00:00+05:30,0.0,22.78
2022-09-12 21:00:00+05:30,0.0,22.49
2022-09-12 22:00:00+05:30,0.0,22.32
2022-09-12 23:00:00+05:30,0.0,22.27
2022-09-13 00:00:00+05:30,0.0,22.26
2022-09-13 01:00:00+05:30,0.0,22.37
2022-09-13 02:00:00+05:30,0.0,22.3
2022-09-13 03:00:00+05:30,0.0,22.24
2022-09-13 04:00:00+05:30,0.0,22.23
2022-09-13 05:00:00+05:30,0.0,22.27
2022-09-13 06:00:00+05:30,0.0,22.3
2022-09-13 07:00:00+05:30,17.71,22.3
2022-09-13 08:00:00+05:30,96.01,22.49
2022-09-13 09:00:00+05:30,203.56,22.99
2022-09-13 10:00:00+05:30,470.16,23.83
2022-09-13 11:00:00+05:30,475.3,24.9
2022-09-13 12:00:00+05:30,332.69,25.25
2022-09-13 13:00:00+05:30,257.06,24.34
2022-09-13 14:00:00+05:30,332.38,23.99
2022-09-13 15:00:00+05:30,188.63,24.19
2022-09-13 16:00:00+05:30,176.15,23.62
2022-09-13 17:00:00+05:30,107.03,23.69
2022-09-13 18:00:00+05:30,40.81,23.44
2022-09-13 19:00:00+05:30,0.0,22.7
2022-09-13 20:00:00+05:30,0.0,22.41
2022-09-13 21:00:00+05:30,0.0,22.3
2022-09-13 22:00:00+05:30,0.0,22.24
2022-09-13 23:00:00+05:30,0.0,22.12
2022-09-14 00:00:00+05:30,0.0,22.19
2022-09-14 01:00:00+05:30,0.0,22.51
2022-09-14 02:00:00+05:30,0.0,22.22
2022-09-14 03:00:00+05:30,0.0,22.19
2022-09-14 04:00:00+05:30,0.0,22.18
2022-09-14 05:00:00+05:30,0.0,21.91
2022-09-14 06:00:00+05:30,0.0,21.8
2022-09-14 07:00:00+05:30,38.36,21.93
2022-09-14 08:00:00+05:30,110.28,22.07
2022-09-14 09:00:00+05:30,269.91,22.44
2022-09-14 10:00:00+05:30,466.23,23.64
2022-09-14 11:00:00+05:30,450.95,24.35
2022-09-14 12:00:00+05:30,529.55,24.98
2022-09-14 13:00:00+05:30,540.13,25.09
2022-09-14 14:00:00+05:30,495.62,25.04
2022-09-14 15:00:00+05:30,435.44,24.94
2022-09-14 16:00:00+05:30,304.26,24.5
2022-09-14 17:00:00+05:30,149.42,23.9
2022-09-14 18:00:00+05:30,38.48,23.21
2022-09-14 19:00:00+05:30,0.0,22.62
2022-09-14 20:00:00+05:30,0.0,22.17
2022-09-14 21:00:00+05:30,0.0,21.94
2022-09-14 22:00:00+05:30,0.0,21.9
2022-09-14 23:00:00+05:30,0.0,22.22
2022-09-15 00:00:00+05:30,0.0,22.41
2022-09-15 01:00:00+05:30,0.0,21.99
2022-09-15 02:00:00+05:30,0.0,21.97
2022-09-15 03:00:00+05:30,0.0,21.69
2022-09-15 04:00:00+05:30,0.0,21.79
2022-09-15 05:00:00+05:30,0.0,21.81
2022-09-15 06:00:00+05:30,0.0,21.65
2022-09-15 07:00:00+05:30,33.38,21.44
2022-09-15 08:00:00+05:30,110.78,21.89
2022-09-15 09:00:00+05:30,292.2,22.35
2022-09-15 10:00:00+05:30,349.8,23.18
2022-09-15 11:00:00+05:30,501.13,23.8
2022-09-15 12:00:00+05:30,635.87,24.41
2022-09-15 13:00:00+05:30,478.24,24.97
2022-09-15 14:00:00+05:30,524.54,24.98
2022-09-15 15:00:00+05:30,332.59,24.46
2022-09-15 16:00:00+05:30,319.21,24.09
2022-09-15 17:00:00+05:30,165.62,23.83
2022-09-15 18:00:00+05:30,55.43,23.21
2022-09-15 19:00:00+05:30,0.0,22.58
2022-09-15 20:00:00+05:30,0.0,22.0
2022-09-15 21:00:00+05:30,0.0,21.94
2022-09-15 22:00:00+05:30,0.0,22.33
2022-09-15 23:00:00+05:30,0.0,21.94
2022-09-16 00:00:00+05:30,0.0,21.43
2022-09-16 01:00:00+05:30,0.0,21.58
2022-09-16 02:00:00+05:30,0.0,21.77
2022-09-16 03:00:00+05:30,0.0,21.63
2022-09-16 04:00:00+05:30,0.0,21.42
2022-09-16 05:00:00+05:30,0.0,21.39
2022-09-16 06:00:00+05:30,0.0,21.45
2022-09-16 07:00:00+05:30,31.94,21.63
2022-09-16 08:00:00+05:30,72.36,21.52
2022-09-16 09:00:00+05:30,117.37,21.63
2022-09-16 10:00:00+05:30,323.95,21.93
2022-09-16 11:00:00+05:30,385.08,22.93
2022-09-16 12:00:00+05:30,335.7,23.34
2022-09-16 13:00:00+05:30,385.26,24.23
2022-09-16 14:00:00+05:30,349.73,24.11
2022-09-16 15:00:00+05:30,237.23,23.97
2022-09-16 16:00:00+05:30,159.46,23.37
2022-09-16 17:00:00+05:30,70.72,22.9
2022-09-16 18:00:00+05:30,27.5,22.39
2022-09-16 19:00:00+05:30,0.0,21.9
2022-09-16 20:00:00+05:30,0.0,21.78
2022-09-16 21:00:00+05:30,0.0,21.85
2022-09-16 22:00:00+05:30,0.0,21.65
2022-09-16 23:00:00+05:30,0.0,21.57
2022-09-17 00:00:00+05:30,0.0,21.35
2022-09-17 01:00:00+05:30,0.0,21.51
2022-09-17 02:00:00+05:30,0.0,21.36
2022-09-17 03:00:00+05:30,0.0,21.17
2022-09-17 04:00:00+05:30,0.0,21.04
2022-09-17 05:00:00+05:30,0.0,21.11
2022-09-17 06:00:00+05:30,0.0,21.06
2022-09-17 07:00:00+05:30,32.8,21.18
2022-09-17 08:00:00+05:30,102.66,21.39
2022-09-17 09:00:00+05:30,207.52,22.01
2022-09-17 10:00:00+05:30,370.51,22.65
2022-09-17 11:00:00+05:30,504.34,23.64
2022-09-17 12:00:00+05:30,640.13,24.6
2022-09-17 13:00:00+05:30,585.07,25.5
2022-09-17 14:00:00+05:30,549.44,25.35
2022-09-17 15:00:00+05:30,466.06,25.06
2022-09-17 16:00:00+05:30,297.76,24.76
2022-09-17 17:00:00+05:30,183.13,24.24
2022-09-17 18:00:00+05:30,36.2,23.39
2022-09-17 19:00:00+05:30,0.0,22.62
2022-09-17 20:00:00+05:30,0.0,22.09
2022-09-17 21:00:00+05:30,0.0,21.72
2022-09-17 22:00:00+05:30,0.0,21.61
2022-09-17 23:00:00+05:30,0.0,21.51
2022-09-18 00:00:00+05:30,0.0,21.33
2022-09-18 01:00:00+05:30,0.0,21.87
2022-09-18 02:00:00+05:30,0.0,21.77
2022-09-18 03:00:00+05:30,0.0,21.47
2022-09-18 04:00:00+05:30,0.0,21.21
2022-09-18 05:00:00+05:30,0.0,21.07
2022-09-18 06:00:00+05:30,0.0,20.94
2022-09-18 07:00:00+05:30,33.27,20.73
2022-09-18 08:00:00+05:30,123.71,21.0
2022-09-18 09:00:00+05:30,295.17,21.68
2022-09-18 10:00:00+05:30,412.43,23.08
2022-09-18 11:00:00+05:30,404.21,24.24
2022-09-18 12:00:00+05:30,392.65,24.94
2022-09-18 13:00:00+05:30,578.52,24.55
2022-09-18 14:00:00+05:30,440.31,25.2
2022-09-18 15:00:00+05:30,265.27,24.9
2022-09-18 16:00:00+05:30,289.69,24.26
2022-09-18 17:00:00+05:30,112.93,24.17
2022-09-18 18:00:00+05:30,35.83,23.28
2022-09-18 19:00:00+05:30,0.0,22.42
2022-09-18 20:00:00+05:30,0.0,21.84
2022-09-18 21:00:00+05:30,0.0,21.28
2022-09-18 22:00:00+05:30,0.0,20.92
2022-09-18 23:00:00+05:30,0.0,20.56
2022-09-19 00:00:00+05:30,0.0,20.36
2022-09-19 01:00:00+05:30,0.0,20.86
2022-09-19 02:00:00+05:30,0.0,20.81
2022-09-19 03:00:00+05:30,0.0,20.51
2022-09-19 04:00:00+05:30,0.0,20.38
2022-09-19 05:00:00+05:30,0.0,20.26
2022-09-19 06:00:00+05:30,0.0,20.03
2022-09-19 07:00:00+05:30,52.05,19.97
2022-09-19 08:00:00+05:30,173.15,20.49
2022-09-19 09:00:00+05:30,309.77,21.6
2022-09-19 10:00:00+05:30,483.59,22.93
2022-09-19 11:00:00+05:30,365.25,24.37
2022-09-19 12:00:00+05:30,477.36,24.54
2022-09-19 13:00:00+05:30,405.98,24.71
2022-09-19 14:00:00+05:30,451.3,24.36
2022-09-19 15:00:00+05:30,245.02,24.53
2022-09-19 16:00:00+05:30,208.47,23.73
2022-09-19 17:00:00+05:30,135.23,23.24
2022-09-19 18:00:00+05:30,23.46,22.83
2022-09-19 19:00:00+05:30,0.0,22.09
2022-09-19 20:00:00+05:30,0.0,21.43
2022-09-19 21:00:00+05:30,0.0,21.03
2022-09-19 22:00:00+05:30,0.0,20.57
2022-09-19 23:00:00+05:30,0.0,20.49
2022-09-20 00:00:00+05:30,0.0,20.51
2022-09-20 01:00:00+05:30,0.0,20.27
2022-09-20 02:00:00+05:30,0.0,20.15
2022-09-20 03:00:00+05:30,0.0,20.1
2022-09-20 04:00:00+05:30,0.0,20.1
2022-09-20 05:00:00+05:30,0.0,20.19
2022-09-20 06:00:00+05:30,0.0,20.22
2022-09-20 07:00:00+05:30,14.19,20.29
2022-09-20 08:00:00+05:30,74.26,20.42
2022-09-20 09:00:00+05:30,114.33,20.99
2022-09-20 10:00:00+05:30,109.74,21.55
2022-09-20 11:00:00+05:30,163.46,21.76
2022-09-20 12:00:00+05:30,124.47,22.06
2022-09-20 13:00:00+05:30,224.12,21.92
2022-09-20 14:00:00+05:30,108.16,22.5
2022-09-20 15:00:00+05:30,72.24,22.07
2022-09-20 16:00:00+05:30,45.66,21.71
2022-09-20 17:00:00+05:30,23.33,21.35
2022-09-20 18:00:00+05:30,9.89,20.97
2022-09-20 19:00:00+05:30,0.0,20.7
2022-09-20 20:00:00+05:30,0.0,20.59
2022-09-20 21:00:00+05:30,0.0,20.6
2022-09-20 22:00:00+05:30,0.0,20.61
2022-09-20 23:00:00+05:30,0.0,20.58
2022-09-21 00:00:00+05:30,0.0,20.58
2022-09-21 01:00:00+05:30,0.0,20.37
2022-09-21 02:00:00+05:30,0.0,20.38
2022-09-21 03:00:00+05:30,0.0,20.4
2022-09-21 04:00:00+05:30,0.0,20.38
2022-09-21 05:00:00+05:30,0.0,20.35
2022-09-21 06:00:00+05:30,0.0,20.32
2022-09-21 07:00:00+05:30,23.41,20.25
2022-09-21 08:00:00+05:30,79.12,20.57
2022-09-21 09:00:00+05:30,143.14,21.01
2022-09-21 10:00:00+05:30,204.12,21.57
2022-09-21 11:00:00+05:30,320.23,21.95
2022-09-21 12:00:00+05:30,238.68,22.72
2022-09-21 13:00:00+05:30,172.23,22.44
2022-09-21 14:00:00+05:30,251.74,22.27
2022-09-21 15:00:00+05:30,241.68,22.51
2022-09-21 16:00:00+05:30,117.98,22.5
2022-09-21 17:00:00+05:30,59.48,22.1
2022-09-21 18:00:00+05:30,22.77,21.64
2022-09-21 19:00:00+05:30,0.0,21.24
2022-09-21 20:00:00+05:30,0.0,20.95
2022-09-21 21:00:00+05:30,0.0,20.59
2022-09-21 22:00:00+05:30,0.0,20.52
2022-09-21 23:00:00+05:30,0.0,20.43
2022-09-22 00:00:00+05:30,0.0,20.38
2022-09-22 01:00:00+05:30,0.0,20.14
2022-09-22 02:00:00+05:30,0.0,20.1
2022-09-22 03:00:00+05:30,0.0,19.96
2022-09-22 04:00:00+05:30,0.0,20.04
2022-09-22 05:00:00+05:30,0.0,20.08
2022-09-22 06:00:00+05:30,0.0,20.04
2022-09-22 07:00:00+05:30,35.39,20.03
2022-09-22 08:00:00+05:30,134.16,20.36
2022-09-22 09:00:00+05:30,230.55,21.1
2022-09-22 10:00:00+05:30,320.4,21.93
2022-09-22 11:00:00+05:30,221.64,22.58
2022-09-22 12:00:00+05:30,389.4,22.39
2022-09-22 13:00:00+05:30,374.52,22.67
2022-09-22 14:00:00+05:30,295.22,22.92
2022-09-22 15:00:00+05:30,224.94,22.82
2022-09-22 16:00:00+05:30,160.91,22.67
2022-09-22 17:00:00+05:30,101.85,22.46
2022-09-22 18:00:00+05:30,14.03,22.17
2022-09-22 19:00:00+05:30,0.0,21.66
2022-09-22 20:00:00+05:30,0.0,21.33
2022-09-22 21:00:00+05:30,0.0,20.96
2022-09-22 22:00:00+05:30,0.0,20.76
2022-09-22 23:00:00+05:30,0.0,20.61
2022-09-23 00:00:00+05:30,0.0,20.44
2022-09-23 01:00:00+05:30,0.0,20.31
2022-09-23 02:00:00+05:30,0.0,20.1
2022-09-23 03:00:00+05:30,0.0,19.97
2022-09-23 04:00:00+05:30,0.0,19.77
2022-09-23 05:00:00+05:30,0.0,19.49
2022-09-23 06:00:00+05:30,0.0,19.44
2022-09-23 07:00:00+05:30,41.53,19.51
2022-09-23 08:00:00+05:30,156.21,20.14
2022-09-23 09:00:00+05:30,266.7,21.34
2022-09-23 10:00:00+05:30,330.92,22.58
2022-09-23 11:00:00+05:30,392.73,23.39
2022-09-23 12:00:00+05:30,448.75,23.94
2022-09-23 13:00:00+05:30,392.35,24.16
2022-09-23 14:00:00+05:30,374.91,24.08
2022-09-23 15:00:00+05:30,328.52,24.08
2022-09-23 16:00:00+05:30,215.44,23.9
2022-09-23 17:00:00+05:30,87.14,23.41
2022-09-23 18:00:00+05:30,26.62,22.82
2022-09-23 19:00:00+05:30,0.0,22.11
2022-09-23 20:00:00+05:30,0.0,21.43
2022-09-23 21:00:00+05:30,0.0,21.22
2022-09-23 22:00:00+05:30,0.0,20.93
2022-09-23 23:00:00+05:30,0.0,20.8
2022-09-24 00:00:00+05:30,0.0,20.69
2022-09-24 01:00:00+05:30,0.0,20.49
2022-09-24 02:00:00+05:30,0.0,20.44
2022-09-24 03:00:00+05:30,0.0,20.41
2022-09-24 04:00:00+05:30,0.0,20.43
2022-09-24 05:00:00+05:30,0.0,20.47
2022-09-24 06:00:00+05:30,0.0,20.48
2022-09-24 07:00:00+05:30,37.1,20.54
2022-09-24 08:00:00+05:30,159.36,20.92
2022-09-24 09:00:00+05:30,302.3,21.91
2022-09-24 10:00:00+05:30,429.47,23.02
2022-09-24 11:00:00+05:30,480.56,24.0
2022-09-24 12:00:00+05:30,536.35,24.51
2022-09-24 13:00:00+05:30,565.06,24.67
2022-09-24 14:00:00+05:30,546.58,24.94
2022-09-24 15:00:00+05:30,367.41,24.94
2022-09-24 16:00:00+05:30,292.63,23.71
2022-09-24 17:00:00+05:30,152.0,23.56
2022-09-24 18:00:00+05:30,24.82,22.93
2022-09-24 19:00:00+05:30,0.0,21.95
2022-09-24 20:00:00+05:30,0.0,21.41
2022-09-24 21:00:00+05:30,0.0,21.13
2022-09-24 22:00:00+05:30,0.0,20.93
2022-09-24 23:00:00+05:30,0.0,20.92
2022-09-25 00:00:00+05:30,0.0,20.95
2022-09-25 01:00:00+05:30,0.0,20.97
2022-09-25 02:00:00+05:30,0.0,20.77
2022-09-25 03:00:00+05:30,0.0,20.61
2022-09-25 04:00:00+05:30,0.0,20.52
2022-09-25 05:00:00+05:30,0.0,20.59
2022-09-25 06:00:00+05:30,0.0,20.69
2022-09-25 07:00:00+05:30,25.19,20.78
2022-09-25 08:00:00+05:30,127.25,20.98
2022-09-25 09:00:00+05:30,242.14,21.68
2022-09-25 10:00:00+05:30,451.95,22.92
2022-09-25 11:00:00+05:30,542.62,24.39
2022-09-25 12:00:00+05:30,671.19,25.16
2022-09-25 13:00:00+05:30,643.95,26.22
2022-09-25 14:00:00+05:30,563.1,26.28
2022-09-25 15:00:00+05:30,440.48,25.48
2022-09-25 16:00:00+05:30,299.09,25.16
2022-09-25 17:00:00+05:30,173.36,24.89
2022-09-25 18:00:00+05:30,34.51,24.48
2022-09-25 19:00:00+05:30,0.0,23.59
2022-09-25 20:00:00+05:30,0.0,22.8
2022-09-25 21:00:00+05:30,0.0,22.17
2022-09-25 22:00:00+05:30,0.0,21.51
2022-09-25 23:00:00+05:30,0.0,21.08
2022-09-26 00:00:00+05:30,0.0,20.77
2022-09-26 01:00:00+05:30,0.0,20.95
2022-09-26 02:00:00+05:30,0.0,20.72
2022-09-26 03:00:00+05:30,0.0,20.58
2022-09-26 04:00:00+05:30,0.0,20.54
2022-09-26 05:00:00+05:30,0.0,20.33
2022-09-26 06:00:00+05:30,0.0,20.28
2022-09-26 07:00:00+05:30,23.38,20.41
2022-09-26 08:00:00+05:30,128.83,20.77
2022-09-26 09:00:00+05:30,239.55,22.02
2022-09-26 10:00:00+05:30,324.98,23.21
2022-09-26 11:00:00+05:30,294.26,24.19
2022-09-26 12:00:00+05:30,371.36,24.52
2022-09-26 13:00:00+05:30,281.07,24.97
2022-09-26 14:00:00+05:30,246.88,25.08
2022-09-26 15:00:00+05:30,265.45,24.94
2022-09-26 16:00:00+05:30,182.1,25.07
2022-09-26 17:00:00+05:30,144.67,24.57
2022-09-26 18:00:00+05:30,28.13,24.08
2022-09-26 19:00:00+05:30,0.0,23.28
2022-09-26 20:00:00+05:30,0.0,22.32
2022-09-26 21:00:00+05:30,0.0,21.68
2022-09-26 22:00:00+05:30,0.0,21.19
2022-09-26 23:00:00+05:30,0.0,20.66
2022-09-27 00:00:00+05:30,0.0,20.25
2022-09-27 01:00:00+05:30,0.0,20.17
2022-09-27 02:00:00+05:30,0.0,19.8
2022-09-27 03:00:00+05:30,0.0,19.58
2022-09-27 04:00:00+05:30,0.0,19.47
2022-09-27 05:00:00+05:30,0.0,19.51
2022-09-27 06:00:00+05:30,0.0,19.6
2022-09-27 07:00:00+05:30,37.0,19.54
2022-09-27 08:00:00+05:30,154.48,19.74
2022-09-27 09:00:00+05:30,288.06,21.43
2022-09-27 10:00:00+05:30,359.45,22.95
2022-09-27 11:00:00+05:30,561.95,24.09
2022-09-27 12:00:00+05:30,673.37,25.04
2022-09-27 13:00:00+05:30,618.58,25.55
2022-09-27 14:00:00+05:30,536.53,25.72
2022-09-27 15:00:00+05:30,437.27,25.69
2022-09-27 16:00:00+05:30,313.23,25.12
2022-09-27 17:00:00+05:30,168.26,24.96
2022-09-27 18:00:00+05:30,34.67,24.01
2022-09-27 19:00:00+05:30,0.0,22.96
2022-09-27 20:00:00+05:30,0.0,22.15
2022-09-27 21:00:00+05:30,0.0,21.44
2022-09-27 22:00:00+05:30,0.0,20.92
2022-09-27 23:00:00+05:30,0.0,20.54
2022-09-28 00:00:00+05:30,0.0,20.22
2022-09-28 01:00:00+05:30,0.0,20.39
2022-09-28 02:00:00+05:30,0.0,20.11
2022-09-28 03:00:00+05:30,0.0,20.12
2022-09-28 04:00:00+05:30,0.0,20.02
2022-09-28 05:00:00+05:30,0.0,20.08
2022-09-28 06:00:00+05:30,0.0,20.18
2022-09-28 07:00:00+05:30,24.91,20.1
2022-09-28 08:00:00+05:30,100.65,20.43
2022-09-28 09:00:00+05:30,218.84,21.47
2022-09-28 10:00:00+05:30,258.05,22.93
2022-09-28 11:00:00+05:30,275.25,23.7
2022-09-28 12:00:00+05:30,288.91,24.17
2022-09-28 13:00:00+05:30,420.61,24.34
2022-09-28 14:00:00+05:30,369.76,25.05
2022-09-28 15:00:00+05:30,365.44,25.37
2022-09-28 16:00:00+05:30,297.99,25.53
2022-09-28 17:00:00+05:30,118.73,25.53
2022-09-28 18:00:00+05:30,32.48,24.74
2022-09-28 19:00:00+05:30,0.0,23.69
2022-09-28 20:00:00+05:30,0.0,22.83
2022-09-28 21:00:00+05:30,0.0,22.06
2022-09-28 22:00:00+05:30,0.0,21.6
2022-09-28 23:00:00+05:30,0.0,21.17
2022-09-29 00:00:00+05:30,0.0,20.88
2022-09-29 01:00:00+05:30,0.0,21.08
2022-09-29 02:00:00+05:30,0.0,20.89
2022-09-29 03:00:00+05:30,0.0,20.79
2022-09-29 04:00:00+05:30,0.0,20.61
2022-09-29 05:00:00+05:30,0.0,20.59
2022-09-29 06:00:00+05:30,0.0,20.5
2022-09-29 07:00:00+05:30,46.81,20.44
2022-09-29 08:00:00+05:30,137.8,21.22
2022-09-29 09:00:00+05:30,264.02,22.23
2022-09-29 10:00:00+05:30,428.7,23.52
2022-09-29 11:00:00+05:30,596.42,24.72
2022-09-29 12:00:00+05:30,554.61,26.44
2022-09-29 13:00:00+05:30,500.01,26.62
2022-09-29 14:00:00+05:30,493.14,26.67
2022-09-29 15:00:00+05:30,374.11,25.19
2022-09-29 16:00:00+05:30,231.77,25.25
2022-09-29 17:00:00+05:30,114.24,24.64
2022-09-29 18:00:00+05:30,24.23,23.93
2022-09-29 19:00:00+05:30,0.0,22.91
2022-09-29 20:00:00+05:30,0.0,22.26
2022-09-29 21:00:00+05:30,0.0,21.99
2022-09-29 22:00:00+05:30,0.0,21.68
2022-09-29 23:00:00+05:30,0.0,21.58
2022-09-30 00:00:00+05:30,0.0,21.28
2022-09-30 01:00:00+05:30,0.0,21.07
2022-09-30 02:00:00+05:30,0.0,20.84
2022-09-30 03:00:00+05:30,0.0,20.51
2022-09-30 04:00:00+05:30,0.0,20.42
2022-09-30 05:00:00+05:30,0.0,20.36
2022-09-30 06:00:00+05:30,0.0,20.44
2022-09-30 07:00:00+05:30,44.63,20.57
2022-09-30 08:00:00+05:30,181.74,21.24
2022-09-30 09:00:00+05:30,389.98,22.97
2022-09-30 10:00:00+05:30,567.06,24.77
2022-09-30 11:00:00+05:30,580.3,26.34
2022-09-30 12:00:00+05:30,681.21,26.98
2022-09-30 13:00:00+05:30,644.11,27.85
2022-09-30 14:00:00+05:30,549.3,28.13
2022-09-30 15:00:00+05:30,490.25,27.83
2022-09-30 16:00:00+05:30,275.6,26.58
2022-09-30 17:00:00+05:30,135.16,24.64
2022-09-30 18:00:00+05:30,19.26,24.37
2022-09-30 19:00:00+05:30,0.0,23.75
2022-09-30 20:00:00+05:30,0.0,23.15
2022-09-30 21:00:00+05:30,0.0,22.69
2022-09-30 22:00:00+05:30,0.0,22.46
2022-09-30 23:00:00+05:30,0.0,22.2
2022-10-01 00:00:00+05:30,0.0,21.91
2022-10-01 01:00:00+05:30,0.0,21.62
2022-10-01 02:00:00+05:30,0.0,21.55
2022-10-01 03:00:00+05:30,0.0,21.56
2022-10-01 04:00:00+05:30,0.0,21.65
2022-10-01 05:00:00+05:30,0.0,21.65
2022-10-01 06:00:00+05:30,0.0,21.61
2022-10-01 07:00:00+05:30,20.47,21.65
2022-10-01 08:00:00+05:30,103.23,21.63
2022-10-01 09:00:00+05:30,207.6,22.31
2022-10-01 10:00:00+05:30,443.11,23.22
2022-10-01 11:00:00+05:30,632.44,24.58
2022-10-01 12:00:00+05:30,649.06,25.86
2022-10-01 13:00:00+05:30,567.02,26.89
2022-10-01 14:00:00+05:30,465.54,26.5
2022-10-01 15:00:00+05:30,347.48,24.58
2022-10-01 16:00:00+05:30,268.75,24.78
2022-10-01 17:00:00+05:30,128.3,24.78
2022-10-01 18:00:00+05:30,25.12,24.12
2022-10-01 19:00:00+05:30,0.0,23.31
2022-10-01 20:00:00+05:30,0.0,22.67
2022-10-01 21:00:00+05:30,0.0,22.3
2022-10-01 22:00:00+05:30,0.0,21.99
2022-10-01 23:00:00+05:30,0.0,21.59
2022-10-02 00:00:00+05:30,0.0,21.39
2022-10-02 01:00:00+05:30,0.0,21.09
2022-10-02 02:00:00+05:30,0.0,21.0
2022-10-02 03:00:00+05:30,0.0,20.95
2022-10-02 04:00:00+05:30,0.0,20.88
2022-10-02 05:00:00+05:30,0.0,20.94
2022-10-02 06:00:00+05:30,0.0,20.86
2022-10-02 07:00:00+05:30,33.93,20.73
2022-10-02 08:00:00+05:30,177.38,21.09
2022-10-02 09:00:00+05:30,383.79,22.31
2022-10-02 10:00:00+05:30,509.69,24.11
2022-10-02 11:00:00+05:30,669.69,25.28
2022-10-02 12:00:00+05:30,700.25,26.34
2022-10-02 13:00:00+05:30,571.25,26.91
2022-10-02 14:00:00+05:30,477.82,26.95
2022-10-02 15:00:00+05:30,439.63,25.56
2022-10-02 16:00:00+05:30,290.47,25.2
2022-10-02 17:00:00+05:30,114.27,24.51
2022-10-02 18:00:00+05:30,22.54,23.88
2022-10-02 19:00:00+05:30,0.0,23.21
2022-10-02 20:00:00+05:30,0.0,22.66
2022-10-02 21:00:00+05:30,0.0,22.0
2022-10-02 22:00:00+05:30,0.0,21.74
2022-10-02 23:00:00+05:30,0.0,21.23
2022-10-03 00:00:00+05:30,0.0,21.02
2022-10-03 01:00:00+05:30,0.0,21.26
2022-10-03 02:00:00+05:30,0.0,21.05
2022-10-03 03:00:00+05:30,0.0,21.0
2022-10-03 04:00:00+05:30,0.0,21.01
2022-10-03 05:00:00+05:30,0.0,21.12
2022-10-03 06:00:00+05:30,0.0,21.04
2022-10-03 07:00:00+05:30,28.46,20.9
2022-10-03 08:00:00+05:30,149.43,21.07
2022-10-03 09:00:00+05:30,377.07,21.82
2022-10-03 10:00:00+05:30,503.67,23.64
2022-10-03 11:00:00+05:30,684.77,24.92
2022-10-03 12:00:00+05:30,722.29,26.19
2022-10-03 13:00:00+05:30,639.75,26.89
2022-10-03 14:00:00+05:30,593.87,27.2
2022-10-03 15:00:00+05:30,443.18,27.27
2022-10-03 16:00:00+05:30,335.51,27.19
2022-10-03 17:00:00+05:30,138.84,26.93
2022-10-03 18:00:00+05:30,25.89,25.94
2022-10-03 19:00:00+05:30,0.0,24.78
2022-10-03 20:00:00+05:30,0.0,23.61
2022-10-03 21:00:00+05:30,0.0,22.72
2022-10-03 22:00:00+05:30,0.0,22.04
2022-10-03 23:00:00+05:30,0.0,21.47
2022-10-04 00:00:00+05:30,0.0,21.07
2022-10-04 01:00:00+05:30,0.0,21.23
2022-10-04 02:00:00+05:30,0.0,20.98
2022-10-04 03:00:00+05:30,0.0,20.74
2022-10-04 04:00:00+05:30,0.0,20.46
2022-10-04 05:00:00+05:30,0.0,20.32
2022-10-04 06:00:00+05:30,0.0,20.29
2022-10-04 07:00:00+05:30,43.17,20.33
2022-10-04 08:00:00+05:30,173.61,20.71
2022-10-04 09:00:00+05:30,319.37,22.09
2022-10-04 10:00:00+05:30,435.08,23.57
2022-10-04 11:00:00+05:30,604.03,24.86
2022-10-04 12:00:00+05:30,737.94,26.22
2022-10-04 13:00:00+05:30,676.79,27.66
2022-10-04 14:00:00+05:30,605.31,27.99
2022-10-04 15:00:00+05:30,405.14,28.06
2022-10-04 16:00:00+05:30,296.91,27.01
2022-10-04 17:00:00+05:30,111.21,26.61
2022-10-04 18:00:00+05:30,21.21,25.72
2022-10-04 19:00:00+05:30,0.0,24.56
2022-10-04 20:00:00+05:30,0.0,23.61
2022-10-04 21:00:00+05:30,0.0,23.02
2022-10-04 22:00:00+05:30,0.0,22.66
2022-10-04 23:00:00+05:30,0.0,22.25
2022-10-05 00:00:00+05:30,0.0,21.83
2022-10-05 01:00:00+05:30,0.0,21.87
2022-10-05 02:00:00+05:30,0.0,21.64
2022-10-05 03:00:00+05:30,0.0,21.45
2022-10-05 04:00:00+05:30,0.0,21.27
2022-10-05 05:00:00+05:30,0.0,21.15
2022-10-05 06:00:00+05:30,0.0,21.04
2022-10-05 07:00:00+05:30,45.28,21.05
2022-10-05 08:00:00+05:30,153.74,21.35
2022-10-05 09:00:00+05:30,369.93,22.38
2022-10-05 10:00:00+05:30,571.01,24.37
2022-10-05 11:00:00+05:30,693.39,26.21
2022-10-05 12:00:00+05:30,682.95,27.46
2022-10-05 13:00:00+05:30,644.54,27.66
2022-10-05 14:00:00+05:30,585.53,27.9
2022-10-05 15:00:00+05:30,406.45,27.57
2022-10-05 16:00:00+05:30,250.34,26.39
2022-10-05 17:00:00+05:30,136.41,25.68
2022-10-05 18:00:00+05:30,17.64,24.62
2022-10-05 19:00:00+05:30,0.0,23.73
2022-10-05 20:00:00+05:30,0.0,23.14
2022-10-05 21:00:00+05:30,0.0,22.63
2022-10-05 22:00:00+05:30,0.0,22.15
2022-10-05 23:00:00+05:30,0.0,22.05
2022-10-06 00:00:00+05:30,0.0,21.68
2022-10-06 01:00:00+05:30,0.0,21.7
2022-10-06 02:00:00+05:30,0.0,21.56
2022-10-06 03:00:00+05:30,0.0,21.41
2022-10-06 04:00:00+05:30,0.0,21.35
2022-10-06 05:00:00+05:30,0.0,21.35
2022-10-06 06:00:00+05:30,0.0,21.24
2022-10-06 07:00:00+05:30,43.93,21.2
2022-10-06 08:00:00+05:30,189.99,21.82
2022-10-06 09:00:00+05:30,318.01,23.5
2022-10-06 10:00:00+05:30,421.28,24.79
2022-10-06 11:00:00+05:30,521.61,25.77
2022-10-06 12:00:00+05:30,490.67,26.53
2022-10-06 13:00:00+05:30,381.14,26.33
2022-10-06 14:00:00+05:30,264.65,26.43
2022-10-06 15:00:00+05:30,244.85,25.84
2022-10-06 16:00:00+05:30,145.15,24.5
2022-10-06 17:00:00+05:30,76.31,23.01
2022-10-06 18:00:00+05:30,8.28,22.51
2022-10-06 19:00:00+05:30,0.0,22.02
2022-10-06 20:00:00+05:30,0.0,21.84
2022-10-06 21:00:00+05:30,0.0,21.8
2022-10-06 22:00:00+05:30,0.0,21.75
2022-10-06 23:00:00+05:30,0.0,21.69
2022-10-07 00:00:00+05:30,0.0,21.67
2022-10-07 01:00:00+05:30,0.0,21.91
2022-10-07 02:00:00+05:30,0.0,21.78
2022-10-07 03:00:00+05:30,0.0,21.44
2022-10-07 04:00:00+05:30,0.0,21.3
2022-10-07 05:00:00+05:30,0.0,21.21
2022-10-07 06:00:00+05:30,0.0,21.21
2022-10-07 07:00:00+05:30,15.29,21.12
2022-10-07 08:00:00+05:30,67.08,21.06
2022-10-07 09:00:00+05:30,173.94,21.4
2022-10-07 10:00:00+05:30,239.47,21.99
2022-10-07 11:00:00+05:30,368.56,22.32
2022-10-07 12:00:00+05:30,211.58,23.14
2022-10-07 13:00:00+05:30,244.31,23.21
2022-10-07 14:00:00+05:30,204.4,23.52
2022-10-07 15:00:00+05:30,126.25,23.55
2022-10-07 16:00:00+05:30,83.25,23.04
2022-10-07 17:00:00+05:30,41.86,22.58
2022-10-07 18:00:00+05:30,9.68,21.97
2022-10-07 19:00:00+05:30,0.0,21.74
2022-10-07 20:00:00+05:30,0.0,21.52
2022-10-07 21:00:00+05:30,0.0,21.63
2022-10-07 22:00:00+05:30,0.0,21.64
2022-10-07 23:00:00+05:30,0.0,21.52
2022-10-08 00:00:00+05:30,0.0,21.42
2022-10-08 01:00:00+05:30,0.0,21.4
2022-10-08 02:00:00+05:30,0.0,21.21
2022-10-08 03:00:00+05:30,0.0,20.99
2022-10-08 04:00:00+05:30,0.0,21.06
2022-10-08 05:00:00+05:30,0.0,21.09
2022-10-08 06:00:00+05:30,0.0,20.93
2022-10-08 07:00:00+05:30,20.06,20.82
2022-10-08 08:00:00+05:30,75.19,21.0
2022-10-08 09:00:00+05:30,244.87,21.55
2022-10-08 10:00:00+05:30,252.19,22.83
2022-10-08 11:00:00+05:30,310.5,23.18
2022-10-08 12:00:00+05:30,382.37,23.56
2022-10-08 13:00:00+05:30,464.85,24.81
2022-10-08 14:00:00+05:30,513.81,25.39
2022-10-08 15:00:00+05:30,389.7,25.77
2022-10-08 16:00:00+05:30,260.44,25.62
2022-10-08 17:00:00+05:30,103.18,25.17
2022-10-08 18:00:00+05:30,18.43,24.33
2022-10-08 19:00:00+05:30,0.0,23.33
2022-10-08 20:00:00+05:30,0.0,22.33
2022-10-08 21:00:00+05:30,0.0,21.76
2022-10-08 22:00:00+05:30,0.0,21.15
2022-10-08 23:00:00+05:30,0.0,20.94
2022-10-09 00:00:00+05:30,0.0,20.62
2022-10-09 01:00:00+05:30,0.0,20.55
2022-10-09 02:00:00+05:30,0.0,20.32
2022-10-09 03:00:00+05:30,0.0,20.05
2022-10-09 04:00:00+05:30,0.0,19.75
2022-10-09 05:00:00+05:30,0.0,19.42
2022-10-09 06:00:00+05:30,0.0,19.1
2022-10-09 07:00:00+05:30,42.1,18.9
2022-10-09 08:00:00+05:30,189.05,19.69
2022-10-09 09:00:00+05:30,397.81,21.48
2022-10-09 10:00:00+05:30,584.09,23.75
2022-10-09 11:00:00+05:30,694.64,25.5
2022-10-09 12:00:00+05:30,741.34,26.67
2022-10-09 13:00:00+05:30,643.03,27.62
2022-10-09 14:00:00+05:30,475.08,28.07
2022-10-09 15:00:00+05:30,379.08,28.15
2022-10-09 16:00:00+05:30,298.51,28.09
2022-10-09 17:00:00+05:30,132.28,27.89
2022-10-09 18:00:00+05:30,16.42,26.9
2022-10-09 19:00:00+05:30,0.0,25.16
2022-10-09 20:00:00+05:30,0.0,23.97
2022-10-09 21:00:00+05:30,0.0,23.35
2022-10-09 22:00:00+05:30,0.0,22.73
2022-10-09 23:00:00+05:30,0.0,22.19
2022-10-10 00:00:00+05:30,0.0,21.89
2022-10-10 01:00:00+05:30,0.0,21.73
2022-10-10 02:00:00+05:30,0.0,21.44
2022-10-10 03:00:00+05:30,0.0,21.18
2022-10-10 04:00:00+05:30,0.0,20.9
2022-10-10 05:00:00+05:30,0.0,20.86
2022-10-10 06:00:00+05:30,0.0,20.77
2022-10-10 07:00:00+05:30,37.82,20.8
2022-10-10 08:00:00+05:30,170.75,21.22
2022-10-10 09:00:00+05:30,285.47,22.86
2022-10-10 10:00:00+05:30,466.24,24.49
2022-10-10 11:00:00+05:30,455.73,25.82
2022-10-10 12:00:00+05:30,448.03,26.34
2022-10-10 13:00:00+05:30,554.08,26.33
2022-10-10 14:00:00+05:30,395.51,26.93
2022-10-10 15:00:00+05:30,323.36,26.32
2022-10-10 16:00:00+05:30,211.1,26.19
2022-10-10 17:00:00+05:30,79.57,25.11
2022-10-10 18:00:00+05:30,7.99,24.26
2022-10-10 19:00:00+05:30,0.0,23.69
2022-10-10 20:00:00+05:30,0.0,23.37
2022-10-10 21:00:00+05:30,0.0,22.68
2022-10-10 22:00:00+05:30,0.0,21.96
2022-10-10 23:00:00+05:30,0.0,21.71
2022-10-11 00:00:00+05:30,0.0,21.58
2022-10-11 01:00:00+05:30,0.0,21.61
2022-10-11 02:00:00+05:30,0.0,21.36
2022-10-11 03:00:00+05:30,0.0,21.21
2022-10-11 04:00:00+05:30,0.0,21.04
2022-10-11 05:00:00+05:30,0.0,21.03
2022-10-11 06:00:00+05:30,0.0,21.07
2022-10-11 07:00:00+05:30,29.8,20.97
2022-10-11 08:00:00+05:30,117.72,21.3
2022-10-11 09:00:00+05:30,192.52,22.09
2022-10-11 10:00:00+05:30,310.49,23.07
2022-10-11 11:00:00+05:30,523.58,24.15
2022-10-11 12:00:00+05:30,612.57,25.46
2022-10-11 13:00:00+05:30,608.38,26.47
2022-10-11 14:00:00+05:30,480.0,27.11
2022-10-11 15:00:00+05:30,330.59,26.98
2022-10-11 16:00:00+05:30,173.14,26.35
2022-10-11 17:00:00+05:30,58.68,25.13
2022-10-11 18:00:00+05:30,8.57,24.27
2022-10-11 19:00:00+05:30,0.0,23.81
2022-10-11 20:00:00+05:30,0.0,23.07
2022-10-11 21:00:00+05:30,0.0,22.84
2022-10-11 22:00:00+05:30,0.0,22.45
2022-10-11 23:00:00+05:30,0.0,22.02
2022-10-12 00:00:00+05:30,0.0,21.56
2022-10-12 01:00:00+05:30,0.0,21.54
2022-10-12 02:00:00+05:30,0.0,21.4
2022-10-12 03:00:00+05:30,0.0,21.36
2022-10-12 04:00:00+05:30,0.0,21.3
2022-10-12 05:00:00+05:30,0.0,21.36
2022-10-12 06:00:00+05:30,0.0,21.26
2022-10-12 07:00:00+05:30,9.58,21.31
2022-10-12 08:00:00+05:30,44.93,21.35
2022-10-12 09:00:00+05:30,84.37,21.69
2022-10-12 10:00:00+05:30,203.27,22.08
2022-10-12 11:00:00+05:30,287.59,22.75
2022-10-12 12:00:00+05:30,407.49,23.33
2022-10-12 13:00:00+05:30,495.65,25.93
2022-10-12 14:00:00+05:30,259.81,26.55
2022-10-12 15:00:00+05:30,274.28,25.49
2022-10-12 16:00:00+05:30,145.25,25.15
2022-10-12 17:00:00+05:30,36.25,24.06
2022-10-12 18:00:00+05:30,2.0,22.86
2022-10-12 19:00:00+05:30,0.0,22.34
2022-10-12 20:00:00+05:30,0.0,22.08
2022-10-12 21:00:00+05:30,0.0,21.9
2022-10-12 22:00:00+05:30,0.0,21.77
2022-10-12 23:00:00+05:30,0.0,21.62
2022-10-13 00:00:00+05:30,0.0,21.42
2022-10-13 01:00:00+05:30,0.0,21.42
2022-10-13 02:00:00+05:30,0.0,21.36
2022-10-13 03:00:00+05:30,0.0,21.12
2022-10-13 04:00:00+05:30,0.0,21.28
2022-10-13 05:00:00+05:30,0.0,20.59
2022-10-13 06:00:00+05:30,0.0,20.28
2022-10-13 07:00:00+05:30,28.73,20.02
2022-10-13 08:00:00+05:30,104.81,21.11
2022-10-13 09:00:00+05:30,163.89,21.98
2022-10-13 10:00:00+05:30,225.85,22.65
2022-10-13 11:00:00+05:30,303.66,23.49
2022-10-13 12:00:00+05:30,627.5,24.27
2022-10-13 13:00:00+05:30,485.18,26.67
2022-10-13 14:00:00+05:30,388.1,26.83
2022-10-13 15:00:00+05:30,388.57,26.73
2022-10-13 16:00:00+05:30,204.82,27.06
2022-10-13 17:00:00+05:30,64.79,25.52
2022-10-13 18:00:00+05:30,4.87,24.22
2022-10-13 19:00:00+05:30,0.0,22.87
2022-10-13 20:00:00+05:30,0.0,22.47
2022-10-13 21:00:00+05:30,0.0,22.21
2022-10-13 22:00:00+05:30,0.0,22.0
2022-10-13 23:00:00+05:30,0.0,21.81
2022-10-14 00:00:00+05:30,0.0,21.62
2022-10-14 01:00:00+05:30,0.0,21.54
2022-10-14 02:00:00+05:30,0.0,21.33
2022-10-14 03:00:00+05:30,0.0,21.16
2022-10-14 04:00:00+05:30,0.0,20.91
2022-10-14 05:00:00+05:30,0.0,20.74
2022-10-14 06:00:00+05:30,0.0,20.6
2022-10-14 07:00:00+05:30,36.61,20.48
2022-10-14 08:00:00+05:30,128.62,20.83
2022-10-14 09:00:00+05:30,255.79,21.92
2022-10-14 10:00:00+05:30,312.75,23.21
2022-10-14 11:00:00+05:30,495.52,24.25
2022-10-14 12:00:00+05:30,454.04,25.59
2022-10-14 13:00:00+05:30,481.41,26.36
2022-10-14 14:00:00+05:30,430.58,26.33
2022-10-14 15:00:00+05:30,378.61,26.43
2022-10-14 16:00:00+05:30,216.4,26.56
2022-10-14 17:00:00+05:30,93.24,25.93
2022-10-14 18:00:00+05:30,4.19,24.57
2022-10-14 19:00:00+05:30,0.0,22.54
2022-10-14 20:00:00+05:30,0.0,22.17
2022-10-14 21:00:00+05:30,0.0,21.89
2022-10-14 22:00:00+05:30,0.0,21.63
2022-10-14 23:00:00+05:30,0.0,21.37
2022-10-15 00:00:00+05:30,0.0,21.29
2022-10-15 01:00:00+05:30,0.0,21.1
2022-10-15 02:00:00+05:30,0.0,20.83
2022-10-15 03:00:00+05:30,0.0,20.61
2022-10-15 04:00:00+05:30,0.0,20.41
2022-10-15 05:00:00+05:30,0.0,20.28
2022-10-15 06:00:00+05:30,0.0,20.16
2022-10-15 07:00:00+05:30,44.14,20.1
2022-10-15 08:00:00+05:30,200.55,20.83
2022-10-15 09:00:00+05:30,379.88,22.42
2022-10-15 10:00:00+05:30,526.54,23.8
2022-10-15 11:00:00+05:30,628.04,25.14
2022-10-15 12:00:00+05:30,635.63,26.14
2022-10-15 13:00:00+05:30,655.27,26.75
2022-10-15 14:00:00+05:30,528.36,27.29
2022-10-15 15:00:00+05:30,426.94,27.01
2022-10-15 16:00:00+05:30,225.76,26.87
2022-10-15 17:00:00+05:30,125.05,26.32
2022-10-15 18:00:00+05:30,12.23,25.72
2022-10-15 19:00:00+05:30,0.0,24.61
2022-10-15 20:00:00+05:30,0.0,23.66
2022-10-15 21:00:00+05:30,0.0,23.13
2022-10-15 22:00:00+05:30,0.0,22.58
2022-10-15 23:00:00+05:30,0.0,22.07
2022-10-16 00:00:00+05:30,0.0,21.68
2022-10-16 01:00:00+05:30,0.0,21.69
2022-10-16 02:00:00+05:30,0.0,21.56
2022-10-16 03:00:00+05:30,0.0,21.41
2022-10-16 04:00:00+05:30,0.0,21.13
2022-10-16 05:00:00+05:30,0.0,21.01
2022-10-16 06:00:00+05:30,0.0,20.85
2022-10-16 07:00:00+05:30,40.97,20.47
2022-10-16 08:00:00+05:30,175.51,20.68
2022-10-16 09:00:00+05:30,350.14,22.06
2022-10-16 10:00:00+05:30,551.69,23.47
2022-10-16 11:00:00+05:30,650.42,24.94
2022-10-16 12:00:00+05:30,627.46,25.5
2022-10-16 13:00:00+05:30,608.5,26.19
2022-10-16 14:00:00+05:30,505.94,26.45
2022-10-16 15:00:00+05:30,396.65,26.68
2022-10-16 16:00:00+05:30,212.64,26.78
2022-10-16 17:00:00+05:30,102.63,25.53
2022-10-16 18:00:00+05:30,9.11,25.01
2022-10-16 19:00:00+05:30,0.0,23.71
2022-10-16 20:00:00+05:30,0.0,22.92
2022-10-16 21:00:00+05:30,0.0,22.56
2022-10-16 22:00:00+05:30,0.0,22.04
2022-10-16 23:00:00+05:30,0.0,21.61
2022-10-17 00:00:00+05:30,0.0,21.35
2022-10-17 01:00:00+05:30,0.0,21.37
2022-10-17 02:00:00+05:30,0.0,21.22
2022-10-17 03:00:00+05:30,0.0,21.09
2022-10-17 04:00:00+05:30,0.0,21.06
2022-10-17 05:00:00+05:30,0.0,20.94
2022-10-17 06:00:00+05:30,0.0,20.92
2022-10-17 07:00:00+05:30,13.96,20.89
2022-10-17 08:00:00+05:30,75.96,21.1
2022-10-17 09:00:00+05:30,142.01,21.66
2022-10-17 10:00:00+05:30,325.73,22.88
2022-10-17 11:00:00+05:30,411.39,24.3
2022-10-17 12:00:00+05:30,526.28,25.35
2022-10-17 13:00:00+05:30,540.34,26.99
2022-10-17 14:00:00+05:30,285.47,27.47
2022-10-17 15:00:00+05:30,316.03,26.09
2022-10-17 16:00:00+05:30,114.55,25.75
2022-10-17 17:00:00+05:30,61.41,24.47
2022-10-17 18:00:00+05:30,8.48,23.26
2022-10-17 19:00:00+05:30,0.0,22.4
2022-10-17 20:00:00+05:30,0.0,22.03
2022-10-17 21:00:00+05:30,0.0,21.82
2022-10-17 22:00:00+05:30,0.0,21.68
2022-10-17 23:00:00+05:30,0.0,21.32
2022-10-18 00:00:00+05:30,0.0,20.99
2022-10-18 01:00:00+05:30,0.0,21.06
2022-10-18 02:00:00+05:30,0.0,20.83
2022-10-18 03:00:00+05:30,0.0,20.72
2022-10-18 04:00:00+05:30,0.0,20.63
2022-10-18 05:00:00+05:30,0.0,20.47
2022-10-18 06:00:00+05:30,0.0,20.27
2022-10-18 07:00:00+05:30,29.99,20.33
2022-10-18 08:00:00+05:30,146.15,20.62
2022-10-18 09:00:00+05:30,242.25,21.52
2022-10-18 10:00:00+05:30,312.84,22.54
2022-10-18 11:00:00+05:30,416.45,23.6
2022-10-18 12:00:00+05:30,248.01,24.67
2022-10-18 13:00:00+05:30,175.59,24.03
2022-10-18 14:00:00+05:30,125.0,23.63
2022-10-18 15:00:00+05:30,102.2,23.02
2022-10-18 16:00:00+05:30,85.32,23.11
2022-10-18 17:00:00+05:30,56.62,23.03
2022-10-18 18:00:00+05:30,9.74,22.88
2022-10-18 19:00:00+05:30,0.0,22.43
2022-10-18 20:00:00+05:30,0.0,21.9
2022-10-18 21:00:00+05:30,0.0,21.4
2022-10-18 22:00:00+05:30,0.0,20.94
2022-10-18 23:00:00+05:30,0.0,20.66
2022-10-19 00:00:00+05:30,0.0,20.59
2022-10-19 01:00:00+05:30,0.0,20.51
2022-10-19 02:00:00+05:30,0.0,20.26
2022-10-19 03:00:00+05:30,0.0,20.18
2022-10-19 04:00:00+05:30,0.0,20.02
2022-10-19 05:00:00+05:30,0.0,20.1
2022-10-19 06:00:00+05:30,0.0,20.14
2022-10-19 07:00:00+05:30,28.57,20.27
2022-10-19 08:00:00+05:30,124.15,20.49
2022-10-19 09:00:00+05:30,301.74,21.16
2022-10-19 10:00:00+05:30,444.62,23.23
2022-10-19 11:00:00+05:30,492.85,24.94
2022-10-19 12:00:00+05:30,527.78,26.1
2022-10-19 13:00:00+05:30,541.5,26.78
2022-10-19 14:00:00+05:30,361.09,27.29
2022-10-19 15:00:00+05:30,317.77,27.13
2022-10-19 16:00:00+05:30,247.78,26.55
2022-10-19 17:00:00+05:30,95.0,25.83
2022-10-19 18:00:00+05:30,12.18,24.65
2022-10-19 19:00:00+05:30,0.0,23.67
2022-10-19 20:00:00+05:30,0.0,23.28
2022-10-19 21:00:00+05:30,0.0,23.01
2022-10-19 22:00:00+05:30,0.0,22.48
2022-10-19 23:00:00+05:30,0.0,22.08
2022-10-20 00:00:00+05:30,0.0,21.74
2022-10-20 01:00:00+05:30,0.0,21.51
2022-10-20 02:00:00+05:30,0.0,20.95
2022-10-20 03:00:00+05:30,0.0,20.58
2022-10-20 04:00:00+05:30,0.0,20.33
2022-10-20 05:00:00+05:30,0.0,20.14
2022-10-20 06:00:00+05:30,0.0,20.04
2022-10-20 07:00:00+05:30,35.61,19.92
2022-10-20 08:00:00+05:30,189.12,20.59
2022-10-20 09:00:00+05:30,297.73,22.36
2022-10-20 10:00:00+05:30,454.88,23.74
2022-10-20 11:00:00+05:30,578.91,25.14
2022-10-20 12:00:00+05:30,570.77,26.32
2022-10-20 13:00:00+05:30,461.44,26.97
2022-10-20 14:00:00+05:30,357.78,26.73
2022-10-20 15:00:00+05:30,327.15,26.69
2022-10-20 16:00:00+05:30,254.16,26.87
2022-10-20 17:00:00+05:30,106.57,26.41
2022-10-20 18:00:00+05:30,11.4,24.91
2022-10-20 19:00:00+05:30,0.0,23.81
2022-10-20 20:00:00+05:30,0.0,23.21
2022-10-20 21:00:00+05:30,0.0,22.51
2022-10-20 22:00:00+05:30,0.0,22.51
2022-10-20 23:00:00+05:30,0.0,21.51
2022-10-21 00:00:00+05:30,0.0,21.32
2022-10-21 01:00:00+05:30,0.0,21.19
2022-10-21 02:00:00+05:30,0.0,21.51
2022-10-21 03:00:00+05:30,0.0,21.42
2022-10-21 04:00:00+05:30,0.0,21.26
2022-10-21 05:00:00+05:30,0.0,21.24
2022-10-21 06:00:00+05:30,0.0,21.04
2022-10-21 07:00:00+05:30,26.51,20.77
2022-10-21 08:00:00+05:30,159.22,21.22
2022-10-21 09:00:00+05:30,295.77,22.6
2022-10-21 10:00:00+05:30,337.98,24.02
2022-10-21 11:00:00+05:30,415.08,25.04
2022-10-21 12:00:00+05:30,393.89,25.64
2022-10-21 13:00:00+05:30,507.41,25.53
2022-10-21 14:00:00+05:30,490.63,25.98
2022-10-21 15:00:00+05:30,252.68,26.62
2022-10-21 16:00:00+05:30,204.72,26.13
2022-10-21 17:00:00+05:30,78.76,25.21
2022-10-21 18:00:00+05:30,7.26,24.17
2022-10-21 19:00:00+05:30,0.0,22.23
2022-10-21 20:00:00+05:30,0.0,21.44
2022-10-21 21:00:00+05:30,0.0,21.24
2022-10-21 22:00:00+05:30,0.0,20.93
2022-10-21 23:00:00+05:30,0.0,20.8
2022-10-22 00:00:00+05:30,0.0,20.75
2022-10-22 01:00:00+05:30,0.0,20.98
2022-10-22 02:00:00+05:30,0.0,21.11
2022-10-22 03:00:00+05:30,0.0,20.97
2022-10-22 04:00:00+05:30,0.0,20.86
2022-10-22 05:00:00+05:30,0.0,20.64
2022-10-22 06:00:00+05:30,0.0,20.31
2022-10-22 07:00:00+05:30,27.56,20.29
2022-10-22 08:00:00+05:30,147.47,20.95
2022-10-22 09:00:00+05:30,249.99,22.36
2022-10-22 10:00:00+05:30,455.65,23.47
2022-10-22 11:00:00+05:30,544.18,24.84
2022-10-22 12:00:00+05:30,620.28,25.75
2022-10-22 13:00:00+05:30,587.22,26.18
2022-10-22 14:00:00+05:30,463.39,26.43
2022-10-22 15:00:00+05:30,385.73,26.43
2022-10-22 16:00:00+05:30,246.62,26.4
2022-10-22 17:00:00+05:30,113.25,25.99
2022-10-22 18:00:00+05:30,10.23,25.35
2022-10-22 19:00:00+05:30,0.0,23.85
2022-10-22 20:00:00+05:30,0.0,22.88
2022-10-22 21:00:00+05:30,0.0,22.14
2022-10-22 22:00:00+05:30,0.0,21.47
2022-10-22 23:00:00+05:30,0.0,20.99
2022-10-23 00:00:00+05:30,0.0,20.31
2022-10-23 01:00:00+05:30,0.0,19.49
2022-10-23 02:00:00+05:30,0.0,18.97
2022-10-23 03:00:00+05:30,0.0,18.4
2022-10-23 04:00:00+05:30,0.0,18.07
2022-10-23 05:00:00+05:30,0.0,17.4
2022-10-23 06:00:00+05:30,0.0,16.98
2022-10-23 07:00:00+05:30,37.36,16.59
2022-10-23 08:00:00+05:30,206.09,17.53
2022-10-23 09:00:00+05:30,400.22,21.59
2022-10-23 10:00:00+05:30,572.14,23.64
2022-10-23 11:00:00+05:30,691.96,25.15
2022-10-23 12:00:00+05:30,745.84,26.05
2022-10-23 13:00:00+05:30,731.57,26.39
2022-10-23 14:00:00+05:30,650.09,26.76
2022-10-23 15:00:00+05:30,510.55,26.86
2022-10-23 16:00:00+05:30,328.91,26.71
2022-10-23 17:00:00+05:30,135.59,26.11
2022-10-23 18:00:00+05:30,11.21,24.72
2022-10-23 19:00:00+05:30,0.0,22.81
2022-10-23 20:00:00+05:30,0.0,20.88
2022-10-23 21:00:00+05:30,0.0,19.92
2022-10-23 22:00:00+05:30,0.0,19.83
2022-10-23 23:00:00+05:30,0.0,20.8
2022-10-24 00:00:00+05:30,0.0,21.09
2022-10-24 01:00:00+05:30,0.0,20.93
2022-10-24 02:00:00+05:30,0.0,20.23
2022-10-24 03:00:00+05:30,0.0,19.54
2022-10-24 04:00:00+05:30,0.0,19.01
2022-10-24 05:00:00+05:30,0.0,18.74
2022-10-24 06:00:00+05:30,0.0,18.65
2022-10-24 07:00:00+05:30,38.86,18.6
2022-10-24 08:00:00+05:30,215.23,18.9
2022-10-24 09:00:00+05:30,410.49,21.77
2022-10-24 10:00:00+05:30,576.37,24.36
2022-10-24 11:00:00+05:30,691.48,25.49
2022-10-24 12:00:00+05:30,746.78,26.21
2022-10-24 13:00:00+05:30,730.7,26.46
2022-10-24 14:00:00+05:30,648.26,26.79
2022-10-24 15:00:00+05:30,508.0,26.93
2022-10-24 16:00:00+05:30,326.3,26.86
2022-10-24 17:00:00+05:30,133.11,26.43
2022-10-24 18:00:00+05:30,10.86,25.04
2022-10-24 19:00:00+05:30,0.0,23.14
2022-10-24 20:00:00+05:30,0.0,22.02
2022-10-24 21:00:00+05:30,0.0,22.38
2022-10-24 22:00:00+05:30,0.0,21.73
2022-10-24 23:00:00+05:30,0.0,20.54
2022-10-25 00:00:00+05:30,0.0,18.88
2022-10-25 01:00:00+05:30,0.0,18.57
2022-10-25 02:00:00+05:30,0.0,18.4
2022-10-25 03:00:00+05:30,0.0,18.27
2022-10-25 04:00:00+05:30,0.0,18.26
2022-10-25 05:00:00+05:30,0.0,18.31
2022-10-25 06:00:00+05:30,0.0,18.34
2022-10-25 07:00:00+05:30,37.52,18.36
2022-10-25 08:00:00+05:30,214.55,18.87
2022-10-25 09:00:00+05:30,410.39,21.68
2022-10-25 10:00:00+05:30,577.15,24.44
2022-10-25 11:00:00+05:30,692.12,25.73
2022-10-25 12:00:00+05:30,745.36,26.52
2022-10-25 13:00:00+05:30,727.88,27.01
2022-10-25 14:00:00+05:30,643.09,27.33
2022-10-25 15:00:00+05:30,498.26,27.42
2022-10-25 16:00:00+05:30,312.83,27.35
2022-10-25 17:00:00+05:30,127.7,26.96
2022-10-25 18:00:00+05:30,10.47,25.46
2022-10-25 19:00:00+05:30,0.0,24.68
2022-10-25 20:00:00+05:30,0.0,22.06
2022-10-25 21:00:00+05:30,0.0,19.87
2022-10-25 22:00:00+05:30,0.0,18.68
2022-10-25 23:00:00+05:30,0.0,17.96
2022-10-26 00:00:00+05:30,0.0,17.71
2022-10-26 01:00:00+05:30,0.0,17.67
2022-10-26 02:00:00+05:30,0.0,18.09
2022-10-26 03:00:00+05:30,0.0,18.07
2022-10-26 04:00:00+05:30,0.0,17.9
2022-10-26 05:00:00+05:30,0.0,17.77
2022-10-26 06:00:00+05:30,0.0,17.69
2022-10-26 07:00:00+05:30,35.98,17.68
2022-10-26 08:00:00+05:30,211.42,18.06
2022-10-26 09:00:00+05:30,406.73,21.09
2022-10-26 10:00:00+05:30,572.9,23.54
2022-10-26 11:00:00+05:30,686.62,25.02
2022-10-26 12:00:00+05:30,738.1,25.98
2022-10-26 13:00:00+05:30,721.36,26.44
2022-10-26 14:00:00+05:30,638.65,26.71
2022-10-26 15:00:00+05:30,498.74,26.8
2022-10-26 16:00:00+05:30,317.86,26.67
2022-10-26 17:00:00+05:30,126.89,26.17
2022-10-26 18:00:00+05:30,10.28,24.88
2022-10-26 19:00:00+05:30,0.0,22.77
2022-10-26 20:00:00+05:30,0.0,22.4
2022-10-26 21:00:00+05:30,0.0,21.23
2022-10-26 22:00:00+05:30,0.0,19.84
2022-10-26 23:00:00+05:30,0.0,18.95
2022-10-27 00:00:00+05:30,0.0,18.44
2022-10-27 01:00:00+05:30,0.0,18.33
2022-10-27 02:00:00+05:30,0.0,18.65
2022-10-27 03:00:00+05:30,0.0,19.01
2022-10-27 04:00:00+05:30,0.0,19.28
2022-10-27 05:00:00+05:30,0.0,19.0
2022-10-27 06:00:00+05:30,0.0,18.69
2022-10-27 07:00:00+05:30,28.01,18.1
2022-10-27 08:00:00+05:30,202.15,17.91
2022-10-27 09:00:00+05:30,394.12,20.94
2022-10-27 10:00:00+05:30,560.16,23.04
2022-10-27 11:00:00+05:30,675.82,24.59
2022-10-27 12:00:00+05:30,732.36,25.58
2022-10-27 13:00:00+05:30,717.51,25.85
2022-10-27 14:00:00+05:30,635.55,26.2
2022-10-27 15:00:00+05:30,495.83,26.34
2022-10-27 16:00:00+05:30,314.94,26.21
2022-10-27 17:00:00+05:30,124.26,25.75
2022-10-27 18:00:00+05:30,9.79,24.46
2022-10-27 19:00:00+05:30,0.0,22.41
2022-10-27 20:00:00+05:30,0.0,21.0
2022-10-27 21:00:00+05:30,0.0,21.16
2022-10-27 22:00:00+05:30,0.0,21.3
2022-10-27 23:00:00+05:30,0.0,20.93
2022-10-28 00:00:00+05:30,0.0,20.24
2022-10-28 01:00:00+05:30,0.0,19.63
2022-10-28 02:00:00+05:30,0.0,18.52
2022-10-28 03:00:00+05:30,0.0,17.9
2022-10-28 04:00:00+05:30,0.0,17.27
2022-10-28 05:00:00+05:30,0.0,16.59
2022-10-28 06:00:00+05:30,0.0,15.86
2022-10-28 07:00:00+05:30,26.66,15.37
2022-10-28 08:00:00+05:30,192.94,16.13
2022-10-28 09:00:00+05:30,368.44,20.63
2022-10-28 10:00:00+05:30,561.37,22.77
2022-10-28 11:00:00+05:30,678.35,24.39
2022-10-28 12:00:00+05:30,731.87,25.24
2022-10-28 13:00:00+05:30,716.23,25.63
2022-10-28 14:00:00+05:30,634.08,26.07
2022-10-28 15:00:00+05:30,493.98,26.24
2022-10-28 16:00:00+05:30,312.82,26.12
2022-10-28 17:00:00+05:30,122.02,25.6
2022-10-28 18:00:00+05:30,9.4,24.23
2022-10-28 19:00:00+05:30,0.0,22.33
2022-10-28 20:00:00+05:30,0.0,20.52
2022-10-28 21:00:00+05:30,0.0,19.38
2022-10-28 22:00:00+05:30,0.0,18.46
2022-10-28 23:00:00+05:30,0.0,17.68
2022-10-29 00:00:00+05:30,0.0,17.03
2022-10-29 01:00:00+05:30,0.0,16.73
2022-10-29 02:00:00+05:30,0.0,16.14
2022-10-29 03:00:00+05:30,0.0,15.74
2022-10-29 04:00:00+05:30,0.0,15.34
2022-10-29 05:00:00+05:30,0.0,15.03
2022-10-29 06:00:00+05:30,0.0,14.85
2022-10-29 07:00:00+05:30,24.86,14.57
2022-10-29 08:00:00+05:30,203.35,15.43
2022-10-29 09:00:00+05:30,397.64,20.38
2022-10-29 10:00:00+05:30,562.49,22.96
2022-10-29 11:00:00+05:30,670.52,24.77
2022-10-29 12:00:00+05:30,722.09,25.84
2022-10-29 13:00:00+05:30,704.91,26.49
2022-10-29 14:00:00+05:30,614.8,26.92
2022-10-29 15:00:00+05:30,480.56,27.05
2022-10-29 16:00:00+05:30,305.91,26.94
2022-10-29 17:00:00+05:30,113.7,26.45
2022-10-29 18:00:00+05:30,0.0,24.92
2022-10-29 19:00:00+05:30,0.0,23.04
2022-10-29 20:00:00+05:30,0.0,21.41
2022-10-29 21:00:00+05:30,0.0,20.15
2022-10-29 22:00:00+05:30,0.0,19.08
2022-10-29 23:00:00+05:30,0.0,18.21
2022-10-30 00:00:00+05:30,0.0,17.28
2022-10-30 01:00:00+05:30,0.0,16.57
2022-10-30 02:00:00+05:30,0.0,15.86
2022-10-30 03:00:00+05:30,0.0,15.5
2022-10-30 04:00:00+05:30,0.0,15.45
2022-10-30 05:00:00+05:30,0.0,15.44
2022-10-30 06:00:00+05:30,0.0,15.51
2022-10-30 07:00:00+05:30,23.47,15.88
2022-10-30 08:00:00+05:30,200.58,16.54
2022-10-30 09:00:00+05:30,391.51,20.11
2022-10-30 10:00:00+05:30,556.78,22.71
2022-10-30 11:00:00+05:30,669.38,24.54
2022-10-30 12:00:00+05:30,722.55,25.67
2022-10-30 13:00:00+05:30,706.74,26.28
2022-10-30 14:00:00+05:30,625.02,26.66
2022-10-30 15:00:00+05:30,485.85,26.87
2022-10-30 16:00:00+05:30,306.11,26.78
2022-10-30 17:00:00+05:30,117.14,26.29
2022-10-30 18:00:00+05:30,0.0,24.9
2022-10-30 19:00:00+05:30,0.0,22.6
2022-10-30 20:00:00+05:30,0.0,20.7
2022-10-30 21:00:00+05:30,0.0,19.72
2022-10-30 22:00:00+05:30,0.0,19.02
2022-10-30 23:00:00+05:30,0.0,18.87
2022-10-31 00:00:00+05:30,0.0,18.73
2022-10-31 01:00:00+05:30,0.0,17.73
2022-10-31 02:00:00+05:30,0.0,18.08
2022-10-31 03:00:00+05:30,0.0,18.81
2022-10-31 04:00:00+05:30,0.0,19.11
2022-10-31 05:00:00+05:30,0.0,18.58
2022-10-31 06:00:00+05:30,0.0,18.01
2022-10-31 07:00:00+05:30,22.25,17.3
2022-10-31 08:00:00+05:30,193.07,17.36
2022-10-31 09:00:00+05:30,380.97,20.48
2022-10-31 10:00:00+05:30,544.56,23.0
2022-10-31 11:00:00+05:30,659.11,24.68
2022-10-31 12:00:00+05:30,706.6,25.55
2022-10-31 13:00:00+05:30,694.71,26.17
2022-10-31 14:00:00+05:30,613.12,26.6
2022-10-31 15:00:00+05:30,473.56,26.77
2022-10-31 16:00:00+05:30,296.75,26.7
2022-10-31 17:00:00+05:30,112.23,26.23
2022-10-31 18:00:00+05:30,0.0,24.95
2022-10-31 19:00:00+05:30,0.0,23.17
2022-10-31 20:00:00+05:30,0.0,21.26
2022-10-31 21:00:00+05:30,0.0,19.92
2022-10-31 22:00:00+05:30,0.0,19.15
2022-10-31 23:00:00+05:30,0.0,18.78
2022-11-01 00:00:00+05:30,0.0,18.27
2022-11-01 01:00:00+05:30,0.0,17.85
2022-11-01 02:00:00+05:30,0.0,17.68
2022-11-01 03:00:00+05:30,0.0,17.58
2022-11-01 04:00:00+05:30,0.0,17.25
2022-11-01 05:00:00+05:30,0.0,16.49
2022-11-01 06:00:00+05:30,0.0,15.97
2022-11-01 07:00:00+05:30,22.52,15.25
2022-11-01 08:00:00+05:30,179.78,15.98
2022-11-01 09:00:00+05:30,355.64,20.08
2022-11-01 10:00:00+05:30,540.23,22.05
2022-11-01 11:00:00+05:30,654.52,23.85
2022-11-01 12:00:00+05:30,697.91,24.84
2022-11-01 13:00:00+05:30,692.05,25.42
2022-11-01 14:00:00+05:30,611.29,25.91
2022-11-01 15:00:00+05:30,471.44,26.1
2022-11-01 16:00:00+05:30,295.93,26.03
2022-11-01 17:00:00+05:30,110.84,25.57
2022-11-01 18:00:00+05:30,0.0,24.3
2022-11-01 19:00:00+05:30,0.0,22.56
2022-11-01 20:00:00+05:30,0.0,20.74
2022-11-01 21:00:00+05:30,0.0,19.3
2022-11-01 22:00:00+05:30,0.0,18.25
2022-11-01 23:00:00+05:30,0.0,17.46
2022-11-02 00:00:00+05:30,0.0,17.17
2022-11-02 01:00:00+05:30,0.0,18.19
2022-11-02 02:00:00+05:30,0.0,18.51
2022-11-02 03:00:00+05:30,0.0,18.22
2022-11-02 04:00:00+05:30,0.0,17.7
2022-11-02 05:00:00+05:30,0.0,17.4
2022-11-02 06:00:00+05:30,0.0,17.0
2022-11-02 07:00:00+05:30,19.8,16.23
2022-11-02 08:00:00+05:30,178.52,16.75
2022-11-02 09:00:00+05:30,360.69,20.67
2022-11-02 10:00:00+05:30,517.24,22.72
2022-11-02 11:00:00+05:30,626.38,24.4
2022-11-02 12:00:00+05:30,668.04,25.61
2022-11-02 13:00:00+05:30,594.46,26.73
2022-11-02 14:00:00+05:30,421.66,27.36
2022-11-02 15:00:00+05:30,325.31,27.42
2022-11-02 16:00:00+05:30,194.88,27.4
2022-11-02 17:00:00+05:30,85.6,26.95
2022-11-02 18:00:00+05:30,0.0,25.78
2022-11-02 19:00:00+05:30,0.0,24.06
2022-11-02 20:00:00+05:30,0.0,22.68
2022-11-02 21:00:00+05:30,0.0,21.39
2022-11-02 22:00:00+05:30,0.0,20.3
2022-11-02 23:00:00+05:30,0.0,19.65
2022-11-03 00:00:00+05:30,0.0,19.3
2022-11-03 01:00:00+05:30,0.0,18.67
2022-11-03 02:00:00+05:30,0.0,18.51
2022-11-03 03:00:00+05:30,0.0,18.3
2022-11-03 04:00:00+05:30,0.0,18.04
2022-11-03 05:00:00+05:30,0.0,17.68
2022-11-03 06:00:00+05:30,0.0,17.57
2022-11-03 07:00:00+05:30,18.4,17.53
2022-11-03 08:00:00+05:30,181.53,17.91
2022-11-03 09:00:00+05:30,367.09,21.52
2022-11-03 10:00:00+05:30,528.88,23.75
2022-11-03 11:00:00+05:30,640.37,25.44
2022-11-03 12:00:00+05:30,699.34,26.61
2022-11-03 13:00:00+05:30,684.25,27.32
2022-11-03 14:00:00+05:30,604.44,27.86
2022-11-03 15:00:00+05:30,466.83,28.1
2022-11-03 16:00:00+05:30,290.27,28.04
2022-11-03 17:00:00+05:30,106.45,27.4
2022-11-03 18:00:00+05:30,0.0,25.66
2022-11-03 19:00:00+05:30,0.0,23.6
2022-11-03 20:00:00+05:30,0.0,22.09
2022-11-03 21:00:00+05:30,0.0,20.77
2022-11-03 22:00:00+05:30,0.0,19.58
2022-11-03 23:00:00+05:30,0.0,18.52
2022-11-04 00:00:00+05:30,0.0,17.7
2022-11-04 01:00:00+05:30,0.0,17.25
2022-11-04 02:00:00+05:30,0.0,16.65
2022-11-04 03:00:00+05:30,0.0,16.11
2022-11-04 04:00:00+05:30,0.0,15.61
2022-11-04 05:00:00+05:30,0.0,15.14
2022-11-04 06:00:00+05:30,0.0,14.81
2022-11-04 07:00:00+05:30,16.37,14.56
2022-11-04 08:00:00+05:30,180.37,15.52
2022-11-04 09:00:00+05:30,363.54,20.51
2022-11-04 10:00:00+05:30,518.39,23.01
2022-11-04 11:00:00+05:30,629.17,24.98
2022-11-04 12:00:00+05:30,679.79,26.35
2022-11-04 13:00:00+05:30,663.57,27.13
2022-11-04 14:00:00+05:30,584.48,27.76
2022-11-04 15:00:00+05:30,440.06,28.12
2022-11-04 16:00:00+05:30,273.22,28.16
2022-11-04 17:00:00+05:30,101.0,27.78
2022-11-04 18:00:00+05:30,0.0,26.49
2022-11-04 19:00:00+05:30,0.0,24.62
2022-11-04 20:00:00+05:30,0.0,23.04
2022-11-04 21:00:00+05:30,0.0,21.77
2022-11-04 22:00:00+05:30,0.0,20.64
2022-11-04 23:00:00+05:30,0.0,19.61
2022-11-05 00:00:00+05:30,0.0,18.65
2022-11-05 01:00:00+05:30,0.0,17.9
2022-11-05 02:00:00+05:30,0.0,17.09
2022-11-05 03:00:00+05:30,0.0,16.45
2022-11-05 04:00:00+05:30,0.0,16.0
2022-11-05 05:00:00+05:30,0.0,15.77
2022-11-05 06:00:00+05:30,0.0,15.8
2022-11-05 07:00:00+05:30,14.92,15.76
2022-11-05 08:00:00+05:30,179.93,16.26
2022-11-05 09:00:00+05:30,365.2,20.49
2022-11-05 10:00:00+05:30,525.51,22.91
2022-11-05 11:00:00+05:30,638.15,24.82
2022-11-05 12:00:00+05:30,688.18,26.27
2022-11-05 13:00:00+05:30,673.02,27.13
2022-11-05 14:00:00+05:30,592.11,27.81
2022-11-05 15:00:00+05:30,457.78,28.14
2022-11-05 16:00:00+05:30,283.75,28.14
2022-11-05 17:00:00+05:30,101.6,27.72
2022-11-05 18:00:00+05:30,0.0,26.43
2022-11-05 19:00:00+05:30,0.0,24.13
2022-11-05 20:00:00+05:30,0.0,22.34
2022-11-05 21:00:00+05:30,0.0,20.79
2022-11-05 22:00:00+05:30,0.0,19.4
2022-11-05 23:00:00+05:30,0.0,18.38
2022-11-06 00:00:00+05:30,0.0,17.87
2022-11-06 01:00:00+05:30,0.0,18.07
2022-11-06 02:00:00+05:30,0.0,17.71
2022-11-06 03:00:00+05:30,0.0,17.25
2022-11-06 04:00:00+05:30,0.0,16.66
2022-11-06 05:00:00+05:30,0.0,16.22
2022-11-06 06:00:00+05:30,0.0,15.91
2022-11-06 07:00:00+05:30,23.63,15.62
2022-11-06 08:00:00+05:30,174.3,16.46
2022-11-06 09:00:00+05:30,357.11,21.33
2022-11-06 10:00:00+05:30,516.98,23.75
2022-11-06 11:00:00+05:30,629.04,25.65
2022-11-06 12:00:00+05:30,679.52,27.08
2022-11-06 13:00:00+05:30,667.83,27.9
2022-11-06 14:00:00+05:30,584.1,28.56
2022-11-06 15:00:00+05:30,444.75,28.82
2022-11-06 16:00:00+05:30,282.48,28.74
2022-11-06 17:00:00+05:30,100.83,28.22
2022-11-06 18:00:00+05:30,0.0,26.83
2022-11-06 19:00:00+05:30,0.0,24.24
2022-11-06 20:00:00+05:30,0.0,23.79
2022-11-06 21:00:00+05:30,0.0,22.74
2022-11-06 22:00:00+05:30,0.0,19.79
2022-11-06 23:00:00+05:30,0.0,18.43
2022-11-07 00:00:00+05:30,0.0,17.69
2022-11-07 01:00:00+05:30,0.0,17.98
2022-11-07 02:00:00+05:30,0.0,18.18
2022-11-07 03:00:00+05:30,0.0,18.77
2022-11-07 04:00:00+05:30,0.0,19.14
2022-11-07 05:00:00+05:30,0.0,19.04
2022-11-07 06:00:00+05:30,0.0,18.65
2022-11-07 07:00:00+05:30,23.29,18.42
2022-11-07 08:00:00+05:30,175.31,18.39
2022-11-07 09:00:00+05:30,351.47,21.09
2022-11-07 10:00:00+05:30,507.85,24.0
2022-11-07 11:00:00+05:30,616.33,25.95
2022-11-07 12:00:00+05:30,665.94,27.39
2022-11-07 13:00:00+05:30,659.25,27.98
2022-11-07 14:00:00+05:30,581.45,28.55
2022-11-07 15:00:00+05:30,445.74,28.76
2022-11-07 16:00:00+05:30,273.55,28.66
2022-11-07 17:00:00+05:30,100.22,28.05
2022-11-07 18:00:00+05:30,0.0,26.65
2022-11-07 19:00:00+05:30,0.0,24.11
2022-11-07 20:00:00+05:30,0.0,22.67
2022-11-07 21:00:00+05:30,0.0,24.01
2022-11-07 22:00:00+05:30,0.0,23.29
2022-11-07 23:00:00+05:30,0.0,22.49
2022-11-08 00:00:00+05:30,0.0,20.84
2022-11-08 01:00:00+05:30,0.0,20.37
2022-11-08 02:00:00+05:30,0.0,20.08
2022-11-08 03:00:00+05:30,0.0,19.99
2022-11-08 04:00:00+05:30,0.0,20.0
2022-11-08 05:00:00+05:30,0.0,19.87
2022-11-08 06:00:00+05:30,0.0,19.61
2022-11-08 07:00:00+05:30,22.9,19.32
2022-11-08 08:00:00+05:30,169.07,19.33
2022-11-08 09:00:00+05:30,347.91,21.45
2022-11-08 10:00:00+05:30,505.56,24.24
2022-11-08 11:00:00+05:30,616.17,26.07
2022-11-08 12:00:00+05:30,650.58,27.42
2022-11-08 13:00:00+05:30,583.54,28.18
2022-11-08 14:00:00+05:30,516.29,28.35
2022-11-08 15:00:00+05:30,349.38,28.45
2022-11-08 16:00:00+05:30,215.46,28.26
2022-11-08 17:00:00+05:30,75.82,27.69
2022-11-08 18:00:00+05:30,0.0,26.38
2022-11-08 19:00:00+05:30,0.0,24.99
2022-11-08 20:00:00+05:30,0.0,23.27
2022-11-08 21:00:00+05:30,0.0,22.68
2022-11-08 22:00:00+05:30,0.0,22.46
2022-11-08 23:00:00+05:30,0.0,21.8
2022-11-09 00:00:00+05:30,0.0,21.37
2022-11-09 01:00:00+05:30,0.0,20.85
2022-11-09 02:00:00+05:30,0.0,20.58
2022-11-09 03:00:00+05:30,0.0,20.4
2022-11-09 04:00:00+05:30,0.0,20.69
2022-11-09 05:00:00+05:30,0.0,20.49
2022-11-09 06:00:00+05:30,0.0,19.97
2022-11-09 07:00:00+05:30,22.17,19.72
2022-11-09 08:00:00+05:30,157.55,18.63
2022-11-09 09:00:00+05:30,323.29,21.99
2022-11-09 10:00:00+05:30,481.06,24.19
2022-11-09 11:00:00+05:30,605.28,25.77
2022-11-09 12:00:00+05:30,668.32,27.16
2022-11-09 13:00:00+05:30,637.02,28.19
2022-11-09 14:00:00+05:30,520.21,28.61
2022-11-09 15:00:00+05:30,350.35,28.6
2022-11-09 16:00:00+05:30,256.42,28.27
2022-11-09 17:00:00+05:30,87.29,27.97
2022-11-09 18:00:00+05:30,0.0,26.8
2022-11-09 19:00:00+05:30,0.0,25.98
2022-11-09 20:00:00+05:30,0.0,23.6
2022-11-09 21:00:00+05:30,0.0,22.29
2022-11-09 22:00:00+05:30,0.0,21.25
2022-11-09 23:00:00+05:30,0.0,20.08
2022-11-10 00:00:00+05:30,0.0,18.97
2022-11-10 01:00:00+05:30,0.0,18.48
2022-11-10 02:00:00+05:30,0.0,18.91
2022-11-10 03:00:00+05:30,0.0,18.69
2022-11-10 04:00:00+05:30,0.0,17.34
2022-11-10 05:00:00+05:30,0.0,16.37
2022-11-10 06:00:00+05:30,0.0,15.73
2022-11-10 07:00:00+05:30,22.02,15.29
2022-11-10 08:00:00+05:30,165.84,15.88
2022-11-10 09:00:00+05:30,347.12,20.38
2022-11-10 10:00:00+05:30,505.29,22.98
2022-11-10 11:00:00+05:30,616.08,24.97
2022-11-10 12:00:00+05:30,669.82,26.36
2022-11-10 13:00:00+05:30,656.07,27.21
2022-11-10 14:00:00+05:30,577.89,27.88
2022-11-10 15:00:00+05:30,444.03,28.2
2022-11-10 16:00:00+05:30,271.28,28.07
2022-11-10 17:00:00+05:30,93.06,27.45
2022-11-10 18:00:00+05:30,0.0,25.76
2022-11-10 19:00:00+05:30,0.0,23.73
2022-11-10 20:00:00+05:30,0.0,22.42
2022-11-10 21:00:00+05:30,0.0,21.44
2022-11-10 22:00:00+05:30,0.0,20.57
2022-11-10 23:00:00+05:30,0.0,19.79
2022-11-11 00:00:00+05:30,0.0,19.08
2022-11-11 01:00:00+05:30,0.0,18.44
2022-11-11 02:00:00+05:30,0.0,17.83
2022-11-11 03:00:00+05:30,0.0,17.21
2022-11-11 04:00:00+05:30,0.0,16.64
2022-11-11 05:00:00+05:30,0.0,16.1
2022-11-11 06:00:00+05:30,0.0,15.65
2022-11-11 07:00:00+05:30,21.63,15.29
2022-11-11 08:00:00+05:30,162.53,15.82
2022-11-11 09:00:00+05:30,343.44,20.14
2022-11-11 10:00:00+05:30,502.33,23.08
2022-11-11 11:00:00+05:30,614.02,25.31
2022-11-11 12:00:00+05:30,668.18,26.78
2022-11-11 13:00:00+05:30,653.33,27.62
2022-11-11 14:00:00+05:30,574.69,28.33
2022-11-11 15:00:00+05:30,440.51,28.67
2022-11-11 16:00:00+05:30,267.93,28.55
2022-11-11 17:00:00+05:30,91.0,27.88
2022-11-11 18:00:00+05:30,0.0,26.19
2022-11-11 19:00:00+05:30,0.0,24.13
2022-11-11 20:00:00+05:30,0.0,22.81
2022-11-11 21:00:00+05:30,0.0,21.87
2022-11-11 22:00:00+05:30,0.0,21.09
2022-11-11 23:00:00+05:30,0.0,20.36
2022-11-12 00:00:00+05:30,0.0,19.58
2022-11-12 01:00:00+05:30,0.0,18.85
2022-11-12 02:00:00+05:30,0.0,18.09
2022-11-12 03:00:00+05:30,0.0,17.36
2022-11-12 04:00:00+05:30,0.0,16.84
2022-11-12 05:00:00+05:30,0.0,16.36
2022-11-12 06:00:00+05:30,0.0,16.01
2022-11-12 07:00:00+05:30,23.48,15.65
2022-11-12 08:00:00+05:30,159.08,16.25
2022-11-12 09:00:00+05:30,335.87,20.66
2022-11-12 10:00:00+05:30,493.82,23.31
2022-11-12 11:00:00+05:30,604.5,25.28
2022-11-12 12:00:00+05:30,662.87,26.59
2022-11-12 13:00:00+05:30,648.59,27.4
2022-11-12 14:00:00+05:30,570.44,28.12
2022-11-12 15:00:00+05:30,436.92,28.47
2022-11-12 16:00:00+05:30,265.18,28.46
2022-11-12 17:00:00+05:30,89.41,27.96
2022-11-12 18:00:00+05:30,0.0,26.33
2022-11-12 19:00:00+05:30,0.0,24.39
2022-11-12 20:00:00+05:30,0.0,22.98
2022-11-12 21:00:00+05:30,0.0,21.95
2022-11-12 22:00:00+05:30,0.0,21.14
2022-11-12 23:00:00+05:30,0.0,20.48
2022-11-13 00:00:00+05:30,0.0,19.83
2022-11-13 01:00:00+05:30,0.0,18.96
2022-11-13 02:00:00+05:30,0.0,18.06
2022-11-13 03:00:00+05:30,0.0,17.26
2022-11-13 04:00:00+05:30,0.0,16.6
2022-11-13 05:00:00+05:30,0.0,16.05
2022-11-13 06:00:00+05:30,0.0,15.6
2022-11-13 07:00:00+05:30,20.85,15.2
2022-11-13 08:00:00+05:30,156.94,15.65
2022-11-13 09:00:00+05:30,336.85,19.83
2022-11-13 10:00:00+05:30,496.08,22.48
2022-11-13 11:00:00+05:30,607.95,24.6
2022-11-13 12:00:00+05:30,660.05,26.07
2022-11-13 13:00:00+05:30,646.39,27.03
2022-11-13 14:00:00+05:30,568.25,27.78
2022-11-13 15:00:00+05:30,434.34,28.2
2022-11-13 16:00:00+05:30,262.73,28.23
2022-11-13 17:00:00+05:30,87.8,27.85
2022-11-13 18:00:00+05:30,0.0,26.58
2022-11-13 19:00:00+05:30,0.0,24.66
2022-11-13 20:00:00+05:30,0.0,22.62
2022-11-13 21:00:00+05:30,0.0,21.42
2022-11-13 22:00:00+05:30,0.0,20.01
2022-11-13 23:00:00+05:30,0.0,19.15
2022-11-14 00:00:00+05:30,0.0,18.51
2022-11-14 01:00:00+05:30,0.0,17.79
2022-11-14 02:00:00+05:30,0.0,17.21
2022-11-14 03:00:00+05:30,0.0,16.7
2022-11-14 04:00:00+05:30,0.0,16.28
2022-11-14 05:00:00+05:30,0.0,15.99
2022-11-14 06:00:00+05:30,0.0,15.76
2022-11-14 07:00:00+05:30,20.32,15.55
2022-11-14 08:00:00+05:30,150.99,16.18
2022-11-14 09:00:00+05:30,325.87,20.5
2022-11-14 10:00:00+05:30,480.95,22.84
2022-11-14 11:00:00+05:30,590.85,24.86
2022-11-14 12:00:00+05:30,642.59,26.55
2022-11-14 13:00:00+05:30,605.38,27.69
2022-11-14 14:00:00+05:30,525.42,28.33
2022-11-14 15:00:00+05:30,399.94,28.59
2022-11-14 16:00:00+05:30,233.89,28.61
2022-11-14 17:00:00+05:30,79.71,28.2
2022-11-14 18:00:00+05:30,0.0,26.99
2022-11-14 19:00:00+05:30,0.0,25.45
2022-11-14 20:00:00+05:30,0.0,24.1
2022-11-14 21:00:00+05:30,0.0,23.02
2022-11-14 22:00:00+05:30,0.0,21.93
2022-11-14 23:00:00+05:30,0.0,21.7
2022-11-15 00:00:00+05:30,0.0,20.83
2022-11-15 01:00:00+05:30,0.0,20.16
2022-11-15 02:00:00+05:30,0.0,19.36
2022-11-15 03:00:00+05:30,0.0,18.78
2022-11-15 04:00:00+05:30,0.0,18.28
2022-11-15 05:00:00+05:30,0.0,18.09
2022-11-15 06:00:00+05:30,0.0,18.03
2022-11-15 07:00:00+05:30,19.34,18.11
2022-11-15 08:00:00+05:30,136.71,18.81
2022-11-15 09:00:00+05:30,299.59,22.18
2022-11-15 10:00:00+05:30,469.9,24.13
2022-11-15 11:00:00+05:30,578.71,26.1
2022-11-15 12:00:00+05:30,620.16,27.49
2022-11-15 13:00:00+05:30,589.28,28.15
2022-11-15 14:00:00+05:30,475.72,28.73
2022-11-15 15:00:00+05:30,402.41,28.87
2022-11-15 16:00:00+05:30,238.88,29.0
2022-11-15 17:00:00+05:30,78.54,28.65
2022-11-15 18:00:00+05:30,0.0,27.39
2022-11-15 19:00:00+05:30,0.0,25.6
2022-11-15 20:00:00+05:30,0.0,24.2
2022-11-15 21:00:00+05:30,0.0,23.0
2022-11-15 22:00:00+05:30,0.0,21.69
2022-11-15 23:00:00+05:30,0.0,21.14
2022-11-16 00:00:00+05:30,0.0,20.79
2022-11-16 01:00:00+05:30,0.0,21.57
2022-11-16 02:00:00+05:30,0.0,20.15
2022-11-16 03:00:00+05:30,0.0,19.3
2022-11-16 04:00:00+05:30,0.0,18.7
2022-11-16 05:00:00+05:30,0.0,18.0
2022-11-16 06:00:00+05:30,0.0,17.63
2022-11-16 07:00:00+05:30,18.03,17.37
2022-11-16 08:00:00+05:30,145.24,17.8
2022-11-16 09:00:00+05:30,326.91,21.49
2022-11-16 10:00:00+05:30,483.49,23.69
2022-11-16 11:00:00+05:30,595.01,25.62
2022-11-16 12:00:00+05:30,647.89,27.1
2022-11-16 13:00:00+05:30,634.6,27.9
2022-11-16 14:00:00+05:30,557.84,28.48
2022-11-16 15:00:00+05:30,426.32,28.73
2022-11-16 16:00:00+05:30,256.35,28.67
2022-11-16 17:00:00+05:30,83.89,28.2
2022-11-16 18:00:00+05:30,0.0,26.86
2022-11-16 19:00:00+05:30,0.0,24.97
2022-11-16 20:00:00+05:30,0.0,23.33
2022-11-16 21:00:00+05:30,0.0,21.71
2022-11-16 22:00:00+05:30,0.0,21.4
2022-11-16 23:00:00+05:30,0.0,21.36
2022-11-17 00:00:00+05:30,0.0,20.62
2022-11-17 01:00:00+05:30,0.0,19.67
2022-11-17 02:00:00+05:30,0.0,19.27
2022-11-17 03:00:00+05:30,0.0,18.98
2022-11-17 04:00:00+05:30,0.0,17.84
2022-11-17 05:00:00+05:30,0.0,17.21
2022-11-17 06:00:00+05:30,0.0,17.0
2022-11-17 07:00:00+05:30,19.1,16.82
2022-11-17 08:00:00+05:30,147.93,16.68
2022-11-17 09:00:00+05:30,327.06,20.28
2022-11-17 10:00:00+05:30,485.68,22.98
2022-11-17 11:00:00+05:30,597.58,24.99
2022-11-17 12:00:00+05:30,648.14,26.35
2022-11-17 13:00:00+05:30,635.02,26.99
2022-11-17 14:00:00+05:30,558.16,27.61
2022-11-17 15:00:00+05:30,425.98,27.89
2022-11-17 16:00:00+05:30,255.97,27.85
2022-11-17 17:00:00+05:30,83.01,27.36
2022-11-17 18:00:00+05:30,0.0,25.9
2022-11-17 19:00:00+05:30,0.0,24.19
2022-11-17 20:00:00+05:30,0.0,22.51
2022-11-17 21:00:00+05:30,0.0,20.89
2022-11-17 22:00:00+05:30,0.0,19.66
2022-11-17 23:00:00+05:30,0.0,18.74
2022-11-18 00:00:00+05:30,0.0,18.07
2022-11-18 01:00:00+05:30,0.0,17.07
2022-11-18 02:00:00+05:30,0.0,16.54
2022-11-18 03:00:00+05:30,0.0,16.16
2022-11-18 04:00:00+05:30,0.0,16.08
2022-11-18 05:00:00+05:30,0.0,16.09
2022-11-18 06:00:00+05:30,0.0,16.17
2022-11-18 07:00:00+05:30,18.71,15.82
2022-11-18 08:00:00+05:30,145.49,15.48
2022-11-18 09:00:00+05:30,323.74,19.49
2022-11-18 10:00:00+05:30,481.19,22.17
2022-11-18 11:00:00+05:30,592.19,24.17
2022-11-18 12:00:00+05:30,645.62,25.63
2022-11-18 13:00:00+05:30,632.97,26.31
2022-11-18 14:00:00+05:30,556.11,26.91
2022-11-18 15:00:00+05:30,424.05,27.2
2022-11-18 16:00:00+05:30,254.62,27.14
2022-11-18 17:00:00+05:30,82.11,26.69
2022-11-18 18:00:00+05:30,0.0,25.37
2022-11-18 19:00:00+05:30,0.0,23.67
2022-11-18 20:00:00+05:30,0.0,21.83
2022-11-18 21:00:00+05:30,0.0,20.12
2022-11-18 22:00:00+05:30,0.0,18.9
2022-11-18 23:00:00+05:30,0.0,17.94
2022-11-19 00:00:00+05:30,0.0,17.2
2022-11-19 01:00:00+05:30,0.0,16.54
2022-11-19 02:00:00+05:30,0.0,16.02
2022-11-19 03:00:00+05:30,0.0,15.68
2022-11-19 04:00:00+05:30,0.0,15.5
2022-11-19 05:00:00+05:30,0.0,15.35
2022-11-19 06:00:00+05:30,0.0,14.98
2022-11-19 07:00:00+05:30,18.32,14.17
2022-11-19 08:00:00+05:30,141.8,14.24
2022-11-19 09:00:00+05:30,318.09,18.59
2022-11-19 10:00:00+05:30,474.97,21.04
2022-11-19 11:00:00+05:30,586.29,23.07
2022-11-19 12:00:00+05:30,638.34,24.57
2022-11-19 13:00:00+05:30,625.83,25.16
2022-11-19 14:00:00+05:30,544.89,25.8
2022-11-19 15:00:00+05:30,419.45,26.1
2022-11-19 16:00:00+05:30,251.27,26.1
2022-11-19 17:00:00+05:30,80.41,25.71
2022-11-19 18:00:00+05:30,0.0,24.56
2022-11-19 19:00:00+05:30,0.0,23.07
2022-11-19 20:00:00+05:30,0.0,21.38
2022-11-19 21:00:00+05:30,0.0,19.82
2022-11-19 22:00:00+05:30,0.0,18.49
2022-11-19 23:00:00+05:30,0.0,17.43
2022-11-20 00:00:00+05:30,0.0,16.64
2022-11-20 01:00:00+05:30,0.0,15.96
2022-11-20 02:00:00+05:30,0.0,16.0
2022-11-20 03:00:00+05:30,0.0,16.14
2022-11-20 04:00:00+05:30,0.0,15.07
2022-11-20 05:00:00+05:30,0.0,14.17
2022-11-20 06:00:00+05:30,0.0,13.68
2022-11-20 07:00:00+05:30,17.93,13.11
2022-11-20 08:00:00+05:30,141.32,13.18
2022-11-20 09:00:00+05:30,320.3,17.49
2022-11-20 10:00:00+05:30,479.32,20.3
2022-11-20 11:00:00+05:30,592.09,22.37
2022-11-20 12:00:00+05:30,646.44,23.73
2022-11-20 13:00:00+05:30,634.39,24.26
2022-11-20 14:00:00+05:30,558.04,24.95
2022-11-20 15:00:00+05:30,425.76,25.3
2022-11-20 16:00:00+05:30,255.28,25.25
2022-11-20 17:00:00+05:30,81.15,24.79
2022-11-20 18:00:00+05:30,0.0,23.53
2022-11-20 19:00:00+05:30,0.0,21.93
2022-11-20 20:00:00+05:30,0.0,20.24
2022-11-20 21:00:00+05:30,0.0,18.69
2022-11-20 22:00:00+05:30,0.0,17.51
2022-11-20 23:00:00+05:30,0.0,16.49
2022-11-21 00:00:00+05:30,0.0,15.5
2022-11-21 01:00:00+05:30,0.0,14.7
2022-11-21 02:00:00+05:30,0.0,13.95
2022-11-21 03:00:00+05:30,0.0,13.42
2022-11-21 04:00:00+05:30,0.0,13.19
2022-11-21 05:00:00+05:30,0.0,13.32
2022-11-21 06:00:00+05:30,0.0,13.44
2022-11-21 07:00:00+05:30,17.44,13.61
2022-11-21 08:00:00+05:30,139.89,14.06
2022-11-21 09:00:00+05:30,319.47,16.78
2022-11-21 10:00:00+05:30,478.39,19.93
2022-11-21 11:00:00+05:30,590.83,22.04
2022-11-21 12:00:00+05:30,644.34,23.51
2022-11-21 13:00:00+05:30,633.08,24.45
2022-11-21 14:00:00+05:30,556.16,25.32
2022-11-21 15:00:00+05:30,423.48,25.83
2022-11-21 16:00:00+05:30,252.35,25.93
2022-11-21 17:00:00+05:30,83.26,25.56
2022-11-21 18:00:00+05:30,0.0,24.23
2022-11-21 19:00:00+05:30,0.0,22.48
2022-11-21 20:00:00+05:30,0.0,20.77
2022-11-21 21:00:00+05:30,0.0,19.08
2022-11-21 22:00:00+05:30,0.0,17.86
2022-11-21 23:00:00+05:30,0.0,16.87
2022-11-22 00:00:00+05:30,0.0,16.21
2022-11-22 01:00:00+05:30,0.0,15.88
2022-11-22 02:00:00+05:30,0.0,15.31
2022-11-22 03:00:00+05:30,0.0,14.93
2022-11-22 04:00:00+05:30,0.0,14.67
2022-11-22 05:00:00+05:30,0.0,14.59
2022-11-22 06:00:00+05:30,0.0,14.8
2022-11-22 07:00:00+05:30,17.88,15.12
2022-11-22 08:00:00+05:30,130.03,15.45
2022-11-22 09:00:00+05:30,296.19,18.83
2022-11-22 10:00:00+05:30,445.88,21.41
2022-11-22 11:00:00+05:30,542.86,23.55
2022-11-22 12:00:00+05:30,596.89,25.18
2022-11-22 13:00:00+05:30,578.17,26.51
2022-11-22 14:00:00+05:30,463.97,27.31
2022-11-22 15:00:00+05:30,377.38,27.59
2022-11-22 16:00:00+05:30,232.4,27.71
2022-11-22 17:00:00+05:30,73.41,27.42
2022-11-22 18:00:00+05:30,0.0,26.47
2022-11-22 19:00:00+05:30,0.0,25.12
2022-11-22 20:00:00+05:30,0.0,23.59
2022-11-22 21:00:00+05:30,0.0,22.42
2022-11-22 22:00:00+05:30,0.0,21.41
2022-11-22 23:00:00+05:30,0.0,20.66
2022-11-23 00:00:00+05:30,0.0,19.95
2022-11-23 01:00:00+05:30,0.0,19.28
2022-11-23 02:00:00+05:30,0.0,18.62
2022-11-23 03:00:00+05:30,0.0,18.02
2022-11-23 04:00:00+05:30,0.0,17.52
2022-11-23 05:00:00+05:30,0.0,17.2
2022-11-23 06:00:00+05:30,0.0,17.04
2022-11-23 07:00:00+05:30,15.59,17.07
2022-11-23 08:00:00+05:30,123.22,17.3
2022-11-23 09:00:00+05:30,289.65,20.53
2022-11-23 10:00:00+05:30,438.97,22.8
2022-11-23 11:00:00+05:30,548.09,24.84
2022-11-23 12:00:00+05:30,599.95,26.45
2022-11-23 13:00:00+05:30,574.45,27.53
2022-11-23 14:00:00+05:30,513.78,28.24
2022-11-23 15:00:00+05:30,386.02,28.67
2022-11-23 16:00:00+05:30,224.0,28.62
2022-11-23 17:00:00+05:30,72.63,28.19
2022-11-23 18:00:00+05:30,0.0,27.3
2022-11-23 19:00:00+05:30,0.0,25.94
2022-11-23 20:00:00+05:30,0.0,24.45
2022-11-23 21:00:00+05:30,0.0,23.01
2022-11-23 22:00:00+05:30,0.0,22.05
2022-11-23 23:00:00+05:30,0.0,21.2
2022-11-24 00:00:00+05:30,0.0,20.69
2022-11-24 01:00:00+05:30,0.0,20.45
2022-11-24 02:00:00+05:30,0.0,19.22
2022-11-24 03:00:00+05:30,0.0,18.51
2022-11-24 04:00:00+05:30,0.0,18.0
2022-11-24 05:00:00+05:30,0.0,17.59
2022-11-24 06:00:00+05:30,0.0,17.27
2022-11-24 07:00:00+05:30,15.39,17.06
2022-11-24 08:00:00+05:30,122.57,17.24
2022-11-24 09:00:00+05:30,287.45,20.87
2022-11-24 10:00:00+05:30,436.74,23.19
2022-11-24 11:00:00+05:30,544.39,25.23
2022-11-24 12:00:00+05:30,596.21,26.86
2022-11-24 13:00:00+05:30,586.24,27.93
2022-11-24 14:00:00+05:30,499.71,28.8
2022-11-24 15:00:00+05:30,371.47,29.12
2022-11-24 16:00:00+05:30,188.43,29.16
2022-11-24 17:00:00+05:30,69.25,28.71
2022-11-24 18:00:00+05:30,0.0,27.8
2022-11-24 19:00:00+05:30,0.0,26.22
2022-11-24 20:00:00+05:30,0.0,25.15
2022-11-24 21:00:00+05:30,0.0,24.28
2022-11-24 22:00:00+05:30,0.0,24.21
2022-11-24 23:00:00+05:30,0.0,22.69
2022-11-25 00:00:00+05:30,0.0,21.63
2022-11-25 01:00:00+05:30,0.0,20.72
2022-11-25 02:00:00+05:30,0.0,20.4
2022-11-25 03:00:00+05:30,0.0,19.95
2022-11-25 04:00:00+05:30,0.0,19.99
2022-11-25 05:00:00+05:30,0.0,19.55
2022-11-25 06:00:00+05:30,0.0,19.21
2022-11-25 07:00:00+05:30,14.66,18.99
2022-11-25 08:00:00+05:30,118.59,19.24
2022-11-25 09:00:00+05:30,266.54,22.25
2022-11-25 10:00:00+05:30,403.69,24.38
2022-11-25 11:00:00+05:30,519.36,26.21
2022-11-25 12:00:00+05:30,516.9,27.93
2022-11-25 13:00:00+05:30,316.7,28.75
2022-11-25 14:00:00+05:30,321.53,28.57
2022-11-25 15:00:00+05:30,266.64,28.47
2022-11-25 16:00:00+05:30,180.56,28.26
2022-11-25 17:00:00+05:30,51.96,27.72
2022-11-25 18:00:00+05:30,0.0,27.03
2022-11-25 19:00:00+05:30,0.0,26.04
2022-11-25 20:00:00+05:30,0.0,24.9
2022-11-25 21:00:00+05:30,0.0,24.14
2022-11-25 22:00:00+05:30,0.0,23.75
2022-11-25 23:00:00+05:30,0.0,23.05
2022-11-26 00:00:00+05:30,0.0,22.61
2022-11-26 01:00:00+05:30,0.0,21.61
2022-11-26 02:00:00+05:30,0.0,20.87
2022-11-26 03:00:00+05:30,0.0,20.7
2022-11-26 04:00:00+05:30,0.0,20.47
2022-11-26 05:00:00+05:30,0.0,20.15
2022-11-26 06:00:00+05:30,0.0,19.79
2022-11-26 07:00:00+05:30,13.69,19.56
2022-11-26 08:00:00+05:30,107.92,19.49
2022-11-26 09:00:00+05:30,241.79,22.16
2022-11-26 10:00:00+05:30,397.08,24.13
2022-11-26 11:00:00+05:30,524.32,25.99
2022-11-26 12:00:00+05:30,526.54,27.57
2022-11-26 13:00:00+05:30,491.52,28.13
2022-11-26 14:00:00+05:30,382.22,28.82
2022-11-26 15:00:00+05:30,207.16,28.73
2022-11-26 16:00:00+05:30,133.56,28.28
2022-11-26 17:00:00+05:30,58.85,27.83
2022-11-26 18:00:00+05:30,0.0,27.18
2022-11-26 19:00:00+05:30,0.0,25.6
2022-11-26 20:00:00+05:30,0.0,24.58
2022-11-26 21:00:00+05:30,0.0,24.12
2022-11-26 22:00:00+05:30,0.0,23.38
2022-11-26 23:00:00+05:30,0.0,22.83
2022-11-27 00:00:00+05:30,0.0,22.29
2022-11-27 01:00:00+05:30,0.0,21.56
2022-11-27 02:00:00+05:30,0.0,21.25
2022-11-27 03:00:00+05:30,0.0,20.78
2022-11-27 04:00:00+05:30,0.0,20.57
2022-11-27 05:00:00+05:30,0.0,20.66
2022-11-27 06:00:00+05:30,0.0,20.64
2022-11-27 07:00:00+05:30,11.5,20.59
2022-11-27 08:00:00+05:30,93.39,20.61
2022-11-27 09:00:00+05:30,183.57,22.88
2022-11-27 10:00:00+05:30,352.29,24.17
2022-11-27 11:00:00+05:30,462.15,25.63
2022-11-27 12:00:00+05:30,523.78,26.89
2022-11-27 13:00:00+05:30,469.04,28.11
2022-11-27 14:00:00+05:30,334.71,28.63
2022-11-27 15:00:00+05:30,277.47,28.67
2022-11-27 16:00:00+05:30,194.79,28.65
2022-11-27 17:00:00+05:30,54.65,28.52
2022-11-27 18:00:00+05:30,0.0,27.53
2022-11-27 19:00:00+05:30,0.0,26.11
2022-11-27 20:00:00+05:30,0.0,24.71
2022-11-27 21:00:00+05:30,0.0,23.71
2022-11-27 22:00:00+05:30,0.0,22.92
2022-11-27 23:00:00+05:30,0.0,21.98
2022-11-28 00:00:00+05:30,0.0,21.28
2022-11-28 01:00:00+05:30,0.0,20.85
2022-11-28 02:00:00+05:30,0.0,20.16
2022-11-28 03:00:00+05:30,0.0,20.0
2022-11-28 04:00:00+05:30,0.0,19.79
2022-11-28 05:00:00+05:30,0.0,19.97
2022-11-28 06:00:00+05:30,0.0,19.88
2022-11-28 07:00:00+05:30,13.79,20.04
2022-11-28 08:00:00+05:30,101.99,20.3
2022-11-28 09:00:00+05:30,253.04,22.56
2022-11-28 10:00:00+05:30,390.03,24.64
2022-11-28 11:00:00+05:30,503.65,26.13
2022-11-28 12:00:00+05:30,582.46,27.34
2022-11-28 13:00:00+05:30,498.03,28.74
2022-11-28 14:00:00+05:30,475.04,29.32
2022-11-28 15:00:00+05:30,348.29,29.93
2022-11-28 16:00:00+05:30,225.54,29.91
2022-11-28 17:00:00+05:30,70.13,29.53
2022-11-28 18:00:00+05:30,0.0,28.02
2022-11-28 19:00:00+05:30,0.0,25.91
2022-11-28 20:00:00+05:30,0.0,24.54
2022-11-28 21:00:00+05:30,0.0,23.25
2022-11-28 22:00:00+05:30,0.0,22.17
2022-11-28 23:00:00+05:30,0.0,21.11
2022-11-29 00:00:00+05:30,0.0,20.02
2022-11-29 01:00:00+05:30,0.0,19.25
2022-11-29 02:00:00+05:30,0.0,19.19
2022-11-29 03:00:00+05:30,0.0,19.37
2022-11-29 04:00:00+05:30,0.0,19.34
2022-11-29 05:00:00+05:30,0.0,19.31
2022-11-29 06:00:00+05:30,0.0,19.34
2022-11-29 07:00:00+05:30,13.79,19.1
2022-11-29 08:00:00+05:30,114.14,18.89
2022-11-29 09:00:00+05:30,281.59,21.22
2022-11-29 10:00:00+05:30,434.96,23.78
2022-11-29 11:00:00+05:30,545.72,25.74
2022-11-29 12:00:00+05:30,600.03,27.25
2022-11-29 13:00:00+05:30,591.32,28.28
2022-11-29 14:00:00+05:30,520.62,29.0
2022-11-29 15:00:00+05:30,394.34,29.38
2022-11-29 16:00:00+05:30,229.9,29.38
2022-11-29 17:00:00+05:30,72.43,29.04
2022-11-29 18:00:00+05:30,0.0,27.83
2022-11-29 19:00:00+05:30,0.0,25.96
2022-11-29 20:00:00+05:30,0.0,24.6
2022-11-29 21:00:00+05:30,0.0,23.31
2022-11-29 22:00:00+05:30,0.0,22.46
2022-11-29 23:00:00+05:30,0.0,21.11
2022-11-30 00:00:00+05:30,0.0,20.03
2022-11-30 01:00:00+05:30,0.0,19.52
2022-11-30 02:00:00+05:30,0.0,18.95
2022-11-30 03:00:00+05:30,0.0,18.44
2022-11-30 04:00:00+05:30,0.0,17.62
2022-11-30 05:00:00+05:30,0.0,16.87
2022-11-30 06:00:00+05:30,0.0,16.35
2022-11-30 07:00:00+05:30,13.2,15.88
2022-11-30 08:00:00+05:30,113.09,15.92
2022-11-30 09:00:00+05:30,282.19,19.86
2022-11-30 10:00:00+05:30,436.59,22.43
2022-11-30 11:00:00+05:30,547.87,24.54
2022-11-30 12:00:00+05:30,603.19,26.21
2022-11-30 13:00:00+05:30,594.4,27.14
2022-11-30 14:00:00+05:30,524.01,27.9
2022-11-30 15:00:00+05:30,399.29,28.31
2022-11-30 16:00:00+05:30,237.39,28.32
2022-11-30 17:00:00+05:30,73.06,27.82
2022-11-30 18:00:00+05:30,0.0,26.38
2022-11-30 19:00:00+05:30,0.0,24.64
2022-11-30 20:00:00+05:30,0.0,23.42
2022-11-30 21:00:00+05:30,0.0,21.98
2022-11-30 22:00:00+05:30,0.0,20.66
2022-11-30 23:00:00+05:30,0.0,19.6
2022-12-01 00:00:00+05:30,0.0,18.64
2022-12-01 01:00:00+05:30,0.0,17.85
2022-12-01 02:00:00+05:30,0.0,17.01
2022-12-01 03:00:00+05:30,0.0,16.34
2022-12-01 04:00:00+05:30,0.0,15.87
2022-12-01 05:00:00+05:30,0.0,15.66
2022-12-01 06:00:00+05:30,0.0,15.74
2022-12-01 07:00:00+05:30,14.76,15.64
2022-12-01 08:00:00+05:30,116.32,15.29
2022-12-01 09:00:00+05:30,280.98,18.67
2022-12-01 10:00:00+05:30,439.67,21.6
2022-12-01 11:00:00+05:30,552.16,23.76
2022-12-01 12:00:00+05:30,606.65,25.46
2022-12-01 13:00:00+05:30,598.34,26.62
2022-12-01 14:00:00+05:30,527.35,27.42
2022-12-01 15:00:00+05:30,401.45,27.82
2022-12-01 16:00:00+05:30,238.59,27.83
2022-12-01 17:00:00+05:30,73.21,27.4
2022-12-01 18:00:00+05:30,0.0,26.13
2022-12-01 19:00:00+05:30,0.0,24.21
2022-12-01 20:00:00+05:30,0.0,22.65
2022-12-01 21:00:00+05:30,0.0,21.49
2022-12-01 22:00:00+05:30,0.0,20.29
2022-12-01 23:00:00+05:30,0.0,19.03
2022-12-02 00:00:00+05:30,0.0,18.72
2022-12-02 01:00:00+05:30,0.0,18.25
2022-12-02 02:00:00+05:30,0.0,18.87
2022-12-02 03:00:00+05:30,0.0,18.64
2022-12-02 04:00:00+05:30,0.0,17.08
2022-12-02 05:00:00+05:30,0.0,15.88
2022-12-02 06:00:00+05:30,0.0,15.6
2022-12-02 07:00:00+05:30,12.42,16.23
2022-12-02 08:00:00+05:30,109.03,16.83
2022-12-02 09:00:00+05:30,277.32,18.61
2022-12-02 10:00:00+05:30,430.77,22.17
2022-12-02 11:00:00+05:30,541.17,24.61
2022-12-02 12:00:00+05:30,596.0,26.46
2022-12-02 13:00:00+05:30,589.07,27.47
2022-12-02 14:00:00+05:30,512.02,28.2
2022-12-02 15:00:00+05:30,390.33,28.6
2022-12-02 16:00:00+05:30,230.28,28.68
2022-12-02 17:00:00+05:30,71.27,28.35
2022-12-02 18:00:00+05:30,0.0,27.36
2022-12-02 19:00:00+05:30,0.0,25.54
2022-12-02 20:00:00+05:30,0.0,23.83
2022-12-02 21:00:00+05:30,0.0,22.55
2022-12-02 22:00:00+05:30,0.0,22.96
2022-12-02 23:00:00+05:30,0.0,22.33
2022-12-03 00:00:00+05:30,0.0,20.96
2022-12-03 01:00:00+05:30,0.0,19.73
2022-12-03 02:00:00+05:30,0.0,19.61
2022-12-03 03:00:00+05:30,0.0,19.86
2022-12-03 04:00:00+05:30,0.0,19.72
2022-12-03 05:00:00+05:30,0.0,19.71
2022-12-03 06:00:00+05:30,0.0,19.62
2022-12-03 07:00:00+05:30,11.89,18.85
2022-12-03 08:00:00+05:30,103.56,17.86
2022-12-03 09:00:00+05:30,261.28,21.19
2022-12-03 10:00:00+05:30,386.17,24.04
2022-12-03 11:00:00+05:30,521.16,25.98
2022-12-03 12:00:00+05:30,548.63,27.64
2022-12-03 13:00:00+05:30,501.85,28.87
2022-12-03 14:00:00+05:30,347.73,29.47
2022-12-03 15:00:00+05:30,272.68,29.4
2022-12-03 16:00:00+05:30,153.14,29.1
2022-12-03 17:00:00+05:30,61.52,28.68
2022-12-03 18:00:00+05:30,0.0,27.84
2022-12-03 19:00:00+05:30,0.0,26.49
2022-12-03 20:00:00+05:30,0.0,24.93
2022-12-03 21:00:00+05:30,0.0,24.05
2022-12-03 22:00:00+05:30,0.0,23.25
2022-12-03 23:00:00+05:30,0.0,22.56
2022-12-04 00:00:00+05:30,0.0,21.93
2022-12-04 01:00:00+05:30,0.0,22.13
2022-12-04 02:00:00+05:30,0.0,21.87
2022-12-04 03:00:00+05:30,0.0,21.78
2022-12-04 04:00:00+05:30,0.0,21.48
2022-12-04 05:00:00+05:30,0.0,21.27
2022-12-04 06:00:00+05:30,0.0,21.1
2022-12-04 07:00:00+05:30,11.06,20.37
2022-12-04 08:00:00+05:30,88.27,19.62
2022-12-04 09:00:00+05:30,229.15,22.42
2022-12-04 10:00:00+05:30,384.71,24.52
2022-12-04 11:00:00+05:30,489.02,26.38
2022-12-04 12:00:00+05:30,430.65,27.66
2022-12-04 13:00:00+05:30,448.58,27.87
2022-12-04 14:00:00+05:30,413.05,28.37
2022-12-04 15:00:00+05:30,280.32,28.52
2022-12-04 16:00:00+05:30,178.38,28.34
2022-12-04 17:00:00+05:30,66.81,27.88
2022-12-04 18:00:00+05:30,0.0,27.08
2022-12-04 19:00:00+05:30,0.0,25.72
2022-12-04 20:00:00+05:30,0.0,24.81
2022-12-04 21:00:00+05:30,0.0,24.0
2022-12-04 22:00:00+05:30,0.0,23.02
2022-12-04 23:00:00+05:30,0.0,22.29
2022-12-05 00:00:00+05:30,0.0,21.82
2022-12-05 01:00:00+05:30,0.0,21.63
2022-12-05 02:00:00+05:30,0.0,21.27
2022-12-05 03:00:00+05:30,0.0,21.05
2022-12-05 04:00:00+05:30,0.0,20.86
2022-12-05 05:00:00+05:30,0.0,20.48
2022-12-05 06:00:00+05:30,0.0,20.0
2022-12-05 07:00:00+05:30,11.11,19.78
2022-12-05 08:00:00+05:30,95.58,19.9
2022-12-05 09:00:00+05:30,240.34,22.94
2022-12-05 10:00:00+05:30,395.01,24.99
2022-12-05 11:00:00+05:30,446.24,26.8
2022-12-05 12:00:00+05:30,484.88,27.69
2022-12-05 13:00:00+05:30,418.62,28.12
2022-12-05 14:00:00+05:30,412.91,28.39
2022-12-05 15:00:00+05:30,308.49,28.49
2022-12-05 16:00:00+05:30,183.89,28.47
2022-12-05 17:00:00+05:30,60.99,28.17
2022-12-05 18:00:00+05:30,0.0,27.34
2022-12-05 19:00:00+05:30,0.0,26.04
2022-12-05 20:00:00+05:30,0.0,24.96
2022-12-05 21:00:00+05:30,0.0,24.03
2022-12-05 22:00:00+05:30,0.0,23.27
2022-12-05 23:00:00+05:30,0.0,22.4
2022-12-06 00:00:00+05:30,0.0,21.8
2022-12-06 01:00:00+05:30,0.0,21.94
2022-12-06 02:00:00+05:30,0.0,21.87
2022-12-06 03:00:00+05:30,0.0,21.56
2022-12-06 04:00:00+05:30,0.0,21.06
2022-12-06 05:00:00+05:30,0.0,20.66
2022-12-06 06:00:00+05:30,0.0,20.42
2022-12-06 07:00:00+05:30,10.67,19.74
2022-12-06 08:00:00+05:30,97.32,19.43
2022-12-06 09:00:00+05:30,258.07,22.11
2022-12-06 10:00:00+05:30,408.67,24.4
2022-12-06 11:00:00+05:30,518.79,26.23
2022-12-06 12:00:00+05:30,572.23,27.63
2022-12-06 13:00:00+05:30,566.67,28.26
2022-12-06 14:00:00+05:30,454.8,28.9
2022-12-06 15:00:00+05:30,314.71,28.88
2022-12-06 16:00:00+05:30,202.23,28.6
2022-12-06 17:00:00+05:30,69.44,28.3
2022-12-06 18:00:00+05:30,0.0,27.42
2022-12-06 19:00:00+05:30,0.0,26.08
2022-12-06 20:00:00+05:30,0.0,24.85
2022-12-06 21:00:00+05:30,0.0,23.79
2022-12-06 22:00:00+05:30,0.0,22.56
2022-12-06 23:00:00+05:30,0.0,21.58
2022-12-07 00:00:00+05:30,0.0,20.89
2022-12-07 01:00:00+05:30,0.0,20.11
2022-12-07 02:00:00+05:30,0.0,19.75
2022-12-07 03:00:00+05:30,0.0,19.83
2022-12-07 04:00:00+05:30,0.0,19.38
2022-12-07 05:00:00+05:30,0.0,18.59
2022-12-07 06:00:00+05:30,0.0,18.07
2022-12-07 07:00:00+05:30,10.57,17.34
2022-12-07 08:00:00+05:30,97.86,17.02
2022-12-07 09:00:00+05:30,263.19,20.68
2022-12-07 10:00:00+05:30,417.65,23.46
2022-12-07 11:00:00+05:30,530.95,25.56
2022-12-07 12:00:00+05:30,588.52,27.12
2022-12-07 13:00:00+05:30,582.19,27.94
2022-12-07 14:00:00+05:30,513.95,28.58
2022-12-07 15:00:00+05:30,392.28,28.93
2022-12-07 16:00:00+05:30,234.33,28.96
2022-12-07 17:00:00+05:30,72.58,28.55
2022-12-07 18:00:00+05:30,0.0,27.35
2022-12-07 19:00:00+05:30,0.0,25.62
2022-12-07 20:00:00+05:30,0.0,24.17
2022-12-07 21:00:00+05:30,0.0,22.98
2022-12-07 22:00:00+05:30,0.0,22.06
2022-12-07 23:00:00+05:30,0.0,21.17
2022-12-08 00:00:00+05:30,0.0,20.21
2022-12-08 01:00:00+05:30,0.0,19.76
2022-12-08 02:00:00+05:30,0.0,18.86
2022-12-08 03:00:00+05:30,0.0,18.17
2022-12-08 04:00:00+05:30,0.0,17.58
2022-12-08 05:00:00+05:30,0.0,17.04
2022-12-08 06:00:00+05:30,0.0,16.56
2022-12-08 07:00:00+05:30,12.18,16.42
2022-12-08 08:00:00+05:30,101.68,16.47
2022-12-08 09:00:00+05:30,257.51,19.42
2022-12-08 10:00:00+05:30,409.26,21.85
2022-12-08 11:00:00+05:30,522.31,23.72
2022-12-08 12:00:00+05:30,581.49,25.2
2022-12-08 13:00:00+05:30,576.31,26.08
2022-12-08 14:00:00+05:30,508.83,27.08
2022-12-08 15:00:00+05:30,378.27,27.59
2022-12-08 16:00:00+05:30,230.42,27.57
2022-12-08 17:00:00+05:30,80.85,27.09
2022-12-08 18:00:00+05:30,0.0,25.76
2022-12-08 19:00:00+05:30,0.0,23.83
2022-12-08 20:00:00+05:30,0.0,22.51
2022-12-08 21:00:00+05:30,0.0,21.41
2022-12-08 22:00:00+05:30,0.0,20.44
2022-12-08 23:00:00+05:30,0.0,19.56
2022-12-09 00:00:00+05:30,0.0,18.65
2022-12-09 01:00:00+05:30,0.0,17.61
2022-12-09 02:00:00+05:30,0.0,16.62
2022-12-09 03:00:00+05:30,0.0,15.72
2022-12-09 04:00:00+05:30,0.0,14.91
2022-12-09 05:00:00+05:30,0.0,14.18
2022-12-09 06:00:00+05:30,0.0,13.42
2022-12-09 07:00:00+05:30,10.72,12.64
2022-12-09 08:00:00+05:30,99.74,12.34
2022-12-09 09:00:00+05:30,272.23,15.88
2022-12-09 10:00:00+05:30,434.3,19.0
2022-12-09 11:00:00+05:30,549.95,21.24
2022-12-09 12:00:00+05:30,608.49,23.04
2022-12-09 13:00:00+05:30,600.01,24.23
2022-12-09 14:00:00+05:30,532.13,25.39
2022-12-09 15:00:00+05:30,406.16,26.01
2022-12-09 16:00:00+05:30,239.93,26.14
2022-12-09 17:00:00+05:30,77.87,25.59
2022-12-09 18:00:00+05:30,0.0,24.27
2022-12-09 19:00:00+05:30,0.0,22.25
2022-12-09 20:00:00+05:30,0.0,21.45
2022-12-09 21:00:00+05:30,0.0,20.41
2022-12-09 22:00:00+05:30,0.0,18.89
2022-12-09 23:00:00+05:30,0.0,16.3
2022-12-10 00:00:00+05:30,0.0,15.41
2022-12-10 01:00:00+05:30,0.0,14.93
2022-12-10 02:00:00+05:30,0.0,14.46
2022-12-10 03:00:00+05:30,0.0,14.45
2022-12-10 04:00:00+05:30,0.0,13.98
2022-12-10 05:00:00+05:30,0.0,13.67
2022-12-10 06:00:00+05:30,0.0,13.09
2022-12-10 07:00:00+05:30,0.0,12.89
2022-12-10 08:00:00+05:30,93.76,13.45
2022-12-10 09:00:00+05:30,260.42,16.43
2022-12-10 10:00:00+05:30,415.01,19.88
2022-12-10 11:00:00+05:30,527.57,22.41
2022-12-10 12:00:00+05:30,588.39,24.56
2022-12-10 13:00:00+05:30,582.94,26.2
2022-12-10 14:00:00+05:30,515.85,27.42
2022-12-10 15:00:00+05:30,394.12,28.1
2022-12-10 16:00:00+05:30,235.71,28.28
2022-12-10 17:00:00+05:30,73.57,27.87
2022-12-10 18:00:00+05:30,0.0,26.47
2022-12-10 19:00:00+05:30,0.0,24.79
2022-12-10 20:00:00+05:30,0.0,23.16
2022-12-10 21:00:00+05:30,0.0,21.76
2022-12-10 22:00:00+05:30,0.0,20.67
2022-12-10 23:00:00+05:30,0.0,19.83
2022-12-11 00:00:00+05:30,0.0,19.13
2022-12-11 01:00:00+05:30,0.0,18.59
2022-12-11 02:00:00+05:30,0.0,17.89
2022-12-11 03:00:00+05:30,0.0,17.43
2022-12-11 04:00:00+05:30,0.0,17.08
2022-12-11 05:00:00+05:30,0.0,16.84
2022-12-11 06:00:00+05:30,0.0,16.61
2022-12-11 07:00:00+05:30,0.0,16.41
2022-12-11 08:00:00+05:30,88.28,16.46
2022-12-11 09:00:00+05:30,242.89,19.93
2022-12-11 10:00:00+05:30,391.87,22.55
2022-12-11 11:00:00+05:30,497.66,24.57
2022-12-11 12:00:00+05:30,538.11,26.21
2022-12-11 13:00:00+05:30,461.91,27.76
2022-12-11 14:00:00+05:30,299.22,28.42
2022-12-11 15:00:00+05:30,209.01,28.24
2022-12-11 16:00:00+05:30,144.84,28.0
2022-12-11 17:00:00+05:30,53.79,27.45
2022-12-11 18:00:00+05:30,0.0,26.61
2022-12-11 19:00:00+05:30,0.0,24.6
2022-12-11 20:00:00+05:30,0.0,23.07
2022-12-11 21:00:00+05:30,0.0,22.29
2022-12-11 22:00:00+05:30,0.0,21.87
2022-12-11 23:00:00+05:30,0.0,21.52
2022-12-12 00:00:00+05:30,0.0,21.22
2022-12-12 01:00:00+05:30,0.0,21.48
2022-12-12 02:00:00+05:30,0.0,21.17
2022-12-12 03:00:00+05:30,0.0,20.75
2022-12-12 04:00:00+05:30,0.0,20.36
2022-12-12 05:00:00+05:30,0.0,20.1
2022-12-12 06:00:00+05:30,0.0,19.84
2022-12-12 07:00:00+05:30,0.0,19.67
2022-12-12 08:00:00+05:30,72.77,19.72
2022-12-12 09:00:00+05:30,170.88,21.02
2022-12-12 10:00:00+05:30,273.84,22.4
2022-12-12 11:00:00+05:30,306.85,23.45
2022-12-12 12:00:00+05:30,385.14,24.28
2022-12-12 13:00:00+05:30,373.75,26.23
2022-12-12 14:00:00+05:30,398.11,26.67
2022-12-12 15:00:00+05:30,298.55,27.13
2022-12-12 16:00:00+05:30,181.11,27.04
2022-12-12 17:00:00+05:30,66.6,26.5
2022-12-12 18:00:00+05:30,0.0,25.69
2022-12-12 19:00:00+05:30,0.0,24.4
2022-12-12 20:00:00+05:30,0.0,23.64
2022-12-12 21:00:00+05:30,0.0,22.96
2022-12-12 22:00:00+05:30,0.0,22.32
2022-12-12 23:00:00+05:30,0.0,22.0
2022-12-13 00:00:00+05:30,0.0,21.45
2022-12-13 01:00:00+05:30,0.0,21.12
2022-12-13 02:00:00+05:30,0.0,20.6
2022-12-13 03:00:00+05:30,0.0,20.21
2022-12-13 04:00:00+05:30,0.0,20.07
2022-12-13 05:00:00+05:30,0.0,19.87
2022-12-13 06:00:00+05:30,0.0,19.72
2022-12-13 07:00:00+05:30,0.0,19.66
2022-12-13 08:00:00+05:30,79.73,19.84
2022-12-13 09:00:00+05:30,194.64,21.25
2022-12-13 10:00:00+05:30,277.76,22.92
2022-12-13 11:00:00+05:30,282.8,24.26
2022-12-13 12:00:00+05:30,257.8,25.12
2022-12-13 13:00:00+05:30,311.3,25.41
2022-12-13 14:00:00+05:30,249.24,25.91
2022-12-13 15:00:00+05:30,207.77,26.0
2022-12-13 16:00:00+05:30,167.39,26.1
2022-12-13 17:00:00+05:30,67.84,26.18
2022-12-13 18:00:00+05:30,0.0,25.46
2022-12-13 19:00:00+05:30,0.0,24.27
2022-12-13 20:00:00+05:30,0.0,23.69
2022-12-13 21:00:00+05:30,0.0,23.29
2022-12-13 22:00:00+05:30,0.0,22.88
2022-12-13 23:00:00+05:30,0.0,22.63
2022-12-14 00:00:00+05:30,0.0,22.16
2022-12-14 01:00:00+05:30,0.0,21.82
2022-12-14 02:00:00+05:30,0.0,21.51
2022-12-14 03:00:00+05:30,0.0,21.35
2022-12-14 04:00:00+05:30,0.0,21.03
2022-12-14 05:00:00+05:30,0.0,20.75
2022-12-14 06:00:00+05:30,0.0,20.55
2022-12-14 07:00:00+05:30,0.0,20.35
2022-12-14 08:00:00+05:30,86.58,20.23
2022-12-14 09:00:00+05:30,196.22,21.4
2022-12-14 10:00:00+05:30,308.1,22.85
2022-12-14 11:00:00+05:30,400.01,24.48
2022-12-14 12:00:00+05:30,451.21,25.84
2022-12-14 13:00:00+05:30,498.83,27.21
2022-12-14 14:00:00+05:30,421.21,28.11
2022-12-14 15:00:00+05:30,322.11,28.35
2022-12-14 16:00:00+05:30,194.0,28.09
2022-12-14 17:00:00+05:30,80.82,27.7
2022-12-14 18:00:00+05:30,0.0,26.73
2022-12-14 19:00:00+05:30,0.0,25.33
2022-12-14 20:00:00+05:30,0.0,24.29
2022-12-14 21:00:00+05:30,0.0,23.62
2022-12-14 22:00:00+05:30,0.0,23.13
2022-12-14 23:00:00+05:30,0.0,22.6
2022-12-15 00:00:00+05:30,0.0,22.02
2022-12-15 01:00:00+05:30,0.0,21.71
2022-12-15 02:00:00+05:30,0.0,21.01
2022-12-15 03:00:00+05:30,0.0,20.17
2022-12-15 04:00:00+05:30,0.0,19.55
2022-12-15 05:00:00+05:30,0.0,19.31
2022-12-15 06:00:00+05:30,0.0,18.91
2022-12-15 07:00:00+05:30,0.0,18.64
2022-12-15 08:00:00+05:30,89.06,18.6
2022-12-15 09:00:00+05:30,213.75,20.89
2022-12-15 10:00:00+05:30,364.98,23.14
2022-12-15 11:00:00+05:30,466.35,25.11
2022-12-15 12:00:00+05:30,510.08,26.65
2022-12-15 13:00:00+05:30,468.64,27.67
2022-12-15 14:00:00+05:30,339.08,28.02
2022-12-15 15:00:00+05:30,272.91,27.94
2022-12-15 16:00:00+05:30,184.19,27.95
2022-12-15 17:00:00+05:30,72.23,27.74
2022-12-15 18:00:00+05:30,0.0,27.0
2022-12-15 19:00:00+05:30,0.0,25.89
2022-12-15 20:00:00+05:30,0.0,24.83
2022-12-15 21:00:00+05:30,0.0,23.76
2022-12-15 22:00:00+05:30,0.0,22.62
2022-12-15 23:00:00+05:30,0.0,22.06
2022-12-16 00:00:00+05:30,0.0,21.61
2022-12-16 01:00:00+05:30,0.0,20.49
2022-12-16 02:00:00+05:30,0.0,19.77
2022-12-16 03:00:00+05:30,0.0,19.25
2022-12-16 04:00:00+05:30,0.0,18.98
2022-12-16 05:00:00+05:30,0.0,18.91
2022-12-16 06:00:00+05:30,0.0,19.25
2022-12-16 07:00:00+05:30,0.0,19.69
2022-12-16 08:00:00+05:30,80.26,19.53
2022-12-16 09:00:00+05:30,235.63,20.94
2022-12-16 10:00:00+05:30,389.65,23.78
2022-12-16 11:00:00+05:30,503.86,25.94
2022-12-16 12:00:00+05:30,565.57,27.52
2022-12-16 13:00:00+05:30,564.51,28.65
2022-12-16 14:00:00+05:30,491.23,29.46
2022-12-16 15:00:00+05:30,372.29,29.78
2022-12-16 16:00:00+05:30,214.23,29.78
2022-12-16 17:00:00+05:30,73.36,29.39
2022-12-16 18:00:00+05:30,0.0,28.39
2022-12-16 19:00:00+05:30,0.0,26.58
2022-12-16 20:00:00+05:30,0.0,25.21
2022-12-16 21:00:00+05:30,0.0,24.85
2022-12-16 22:00:00+05:30,0.0,24.05
2022-12-16 23:00:00+05:30,0.0,22.77
2022-12-17 00:00:00+05:30,0.0,21.41
2022-12-17 01:00:00+05:30,0.0,21.14
2022-12-17 02:00:00+05:30,0.0,20.39
2022-12-17 03:00:00+05:30,0.0,19.75
2022-12-17 04:00:00+05:30,0.0,19.3
2022-12-17 05:00:00+05:30,0.0,18.82
2022-12-17 06:00:00+05:30,0.0,18.63
2022-12-17 07:00:00+05:30,0.0,18.69
2022-12-17 08:00:00+05:30,78.71,18.87
2022-12-17 09:00:00+05:30,233.75,21.52
2022-12-17 10:00:00+05:30,382.96,24.26
2022-12-17 11:00:00+05:30,477.83,26.17
2022-12-17 12:00:00+05:30,463.79,27.4
2022-12-17 13:00:00+05:30,437.97,27.82
2022-12-17 14:00:00+05:30,393.41,28.29
2022-12-17 15:00:00+05:30,313.63,28.51
2022-12-17 16:00:00+05:30,201.07,28.57
2022-12-17 17:00:00+05:30,68.22,28.37
2022-12-17 18:00:00+05:30,0.0,27.57
2022-12-17 19:00:00+05:30,0.0,26.37
2022-12-17 20:00:00+05:30,0.0,25.36
2022-12-17 21:00:00+05:30,0.0,24.04
2022-12-17 22:00:00+05:30,0.0,23.16
2022-12-17 23:00:00+05:30,0.0,22.61
2022-12-18 00:00:00+05:30,0.0,22.13
2022-12-18 01:00:00+05:30,0.0,21.99
2022-12-18 02:00:00+05:30,0.0,21.47
2022-12-18 03:00:00+05:30,0.0,20.9
2022-12-18 04:00:00+05:30,0.0,20.39
2022-12-18 05:00:00+05:30,0.0,20.08
2022-12-18 06:00:00+05:30,0.0,19.87
2022-12-18 07:00:00+05:30,0.0,19.47
2022-12-18 08:00:00+05:30,77.44,19.21
2022-12-18 09:00:00+05:30,232.48,21.88
2022-12-18 10:00:00+05:30,382.24,24.42
2022-12-18 11:00:00+05:30,494.67,26.16
2022-12-18 12:00:00+05:30,551.51,27.58
2022-12-18 13:00:00+05:30,537.58,28.5
2022-12-18 14:00:00+05:30,482.6,29.18
2022-12-18 15:00:00+05:30,359.22,29.55
2022-12-18 16:00:00+05:30,216.77,29.49
2022-12-18 17:00:00+05:30,74.65,29.23
2022-12-18 18:00:00+05:30,0.0,28.13
2022-12-18 19:00:00+05:30,0.0,26.76
2022-12-18 20:00:00+05:30,0.0,25.46
2022-12-18 21:00:00+05:30,0.0,24.49
2022-12-18 22:00:00+05:30,0.0,23.57
2022-12-18 23:00:00+05:30,0.0,22.94
2022-12-19 00:00:00+05:30,0.0,22.07
2022-12-19 01:00:00+05:30,0.0,21.32
2022-12-19 02:00:00+05:30,0.0,20.47
2022-12-19 03:00:00+05:30,0.0,19.57
2022-12-19 04:00:00+05:30,0.0,18.69
2022-12-19 05:00:00+05:30,0.0,17.91
2022-12-19 06:00:00+05:30,0.0,17.37
2022-12-19 07:00:00+05:30,0.0,16.99
2022-12-19 08:00:00+05:30,77.47,16.61
2022-12-19 09:00:00+05:30,238.16,19.8
2022-12-19 10:00:00+05:30,393.15,22.59
2022-12-19 11:00:00+05:30,509.56,24.63
2022-12-19 12:00:00+05:30,570.67,26.19
2022-12-19 13:00:00+05:30,571.71,27.23
2022-12-19 14:00:00+05:30,510.91,28.2
2022-12-19 15:00:00+05:30,395.77,28.73
2022-12-19 16:00:00+05:30,241.5,28.88
2022-12-19 17:00:00+05:30,79.72,28.5
2022-12-19 18:00:00+05:30,0.0,27.3
2022-12-19 19:00:00+05:30,0.0,25.81
2022-12-19 20:00:00+05:30,0.0,24.04
2022-12-19 21:00:00+05:30,0.0,22.22
2022-12-19 22:00:00+05:30,0.0,20.84
2022-12-19 23:00:00+05:30,0.0,19.6
2022-12-20 00:00:00+05:30,0.0,18.54
2022-12-20 01:00:00+05:30,0.0,17.83
2022-12-20 02:00:00+05:30,0.0,17.13
2022-12-20 03:00:00+05:30,0.0,16.97
2022-12-20 04:00:00+05:30,0.0,16.43
2022-12-20 05:00:00+05:30,0.0,15.76
2022-12-20 06:00:00+05:30,0.0,15.18
2022-12-20 07:00:00+05:30,0.0,14.84
2022-12-20 08:00:00+05:30,77.45,14.93
2022-12-20 09:00:00+05:30,241.55,17.85
2022-12-20 10:00:00+05:30,399.19,21.72
2022-12-20 11:00:00+05:30,517.12,24.27
2022-12-20 12:00:00+05:30,578.53,26.23
2022-12-20 13:00:00+05:30,579.35,27.95
2022-12-20 14:00:00+05:30,517.14,28.94
2022-12-20 15:00:00+05:30,399.45,29.48
2022-12-20 16:00:00+05:30,244.09,29.51
2022-12-20 17:00:00+05:30,81.16,29.1
2022-12-20 18:00:00+05:30,0.0,27.72
2022-12-20 19:00:00+05:30,0.0,25.68
2022-12-20 20:00:00+05:30,0.0,24.22
2022-12-20 21:00:00+05:30,0.0,23.06
2022-12-20 22:00:00+05:30,0.0,21.74
2022-12-20 23:00:00+05:30,0.0,20.39
2022-12-21 00:00:00+05:30,0.0,19.3
2022-12-21 01:00:00+05:30,0.0,18.55
2022-12-21 02:00:00+05:30,0.0,17.81
2022-12-21 03:00:00+05:30,0.0,17.18
2022-12-21 04:00:00+05:30,0.0,16.51
2022-12-21 05:00:00+05:30,0.0,16.03
2022-12-21 06:00:00+05:30,0.0,16.4
2022-12-21 07:00:00+05:30,0.0,17.24
2022-12-21 08:00:00+05:30,75.66,17.2
2022-12-21 09:00:00+05:30,238.95,18.11
2022-12-21 10:00:00+05:30,395.41,22.37
2022-12-21 11:00:00+05:30,512.66,24.98
2022-12-21 12:00:00+05:30,574.3,26.88
2022-12-21 13:00:00+05:30,575.06,28.18
2022-12-21 14:00:00+05:30,514.08,29.1
2022-12-21 15:00:00+05:30,398.28,29.6
2022-12-21 16:00:00+05:30,243.56,29.63
2022-12-21 17:00:00+05:30,81.84,29.29
2022-12-21 18:00:00+05:30,0.0,28.25
2022-12-21 19:00:00+05:30,0.0,26.24
2022-12-21 20:00:00+05:30,0.0,24.47
2022-12-21 21:00:00+05:30,0.0,22.94
2022-12-21 22:00:00+05:30,0.0,23.35
2022-12-21 23:00:00+05:30,0.0,22.71
2022-12-22 00:00:00+05:30,0.0,21.73
2022-12-22 01:00:00+05:30,0.0,20.05
2022-12-22 02:00:00+05:30,0.0,19.7
2022-12-22 03:00:00+05:30,0.0,19.5
2022-12-22 04:00:00+05:30,0.0,18.95
2022-12-22 05:00:00+05:30,0.0,18.39
2022-12-22 06:00:00+05:30,0.0,18.3
2022-12-22 07:00:00+05:30,0.0,17.9
2022-12-22 08:00:00+05:30,74.34,17.61
2022-12-22 09:00:00+05:30,237.27,18.37
2022-12-22 10:00:00+05:30,394.1,22.75
2022-12-22 11:00:00+05:30,512.15,25.25
2022-12-22 12:00:00+05:30,576.71,27.37
2022-12-22 13:00:00+05:30,577.84,28.72
2022-12-22 14:00:00+05:30,516.66,29.47
2022-12-22 15:00:00+05:30,400.77,29.82
2022-12-22 16:00:00+05:30,245.91,29.8
2022-12-22 17:00:00+05:30,83.29,29.44
2022-12-22 18:00:00+05:30,0.0,28.28
2022-12-22 19:00:00+05:30,0.0,26.34
2022-12-22 20:00:00+05:30,0.0,24.58
2022-12-22 21:00:00+05:30,0.0,24.42
2022-12-22 22:00:00+05:30,0.0,23.93
2022-12-22 23:00:00+05:30,0.0,21.08
2022-12-23 00:00:00+05:30,0.0,19.6
2022-12-23 01:00:00+05:30,0.0,18.08
2022-12-23 02:00:00+05:30,0.0,17.83
2022-12-23 03:00:00+05:30,0.0,18.08
2022-12-23 04:00:00+05:30,0.0,18.66
2022-12-23 05:00:00+05:30,0.0,18.38
2022-12-23 06:00:00+05:30,0.0,18.07
2022-12-23 07:00:00+05:30,0.0,18.03
2022-12-23 08:00:00+05:30,73.4,18.21
2022-12-23 09:00:00+05:30,236.39,20.03
2022-12-23 10:00:00+05:30,393.29,23.79
2022-12-23 11:00:00+05:30,511.38,26.25
2022-12-23 12:00:00+05:30,573.54,27.89
2022-12-23 13:00:00+05:30,574.68,28.8
2022-12-23 14:00:00+05:30,514.84,29.58
2022-12-23 15:00:00+05:30,400.52,29.98
2022-12-23 16:00:00+05:30,246.79,29.94
2022-12-23 17:00:00+05:30,84.6,29.33
2022-12-23 18:00:00+05:30,8.53,27.77
2022-12-23 19:00:00+05:30,0.0,25.33
2022-12-23 20:00:00+05:30,0.0,23.53
2022-12-23 21:00:00+05:30,0.0,22.15
2022-12-23 22:00:00+05:30,0.0,20.77
2022-12-23 23:00:00+05:30,0.0,19.38
2022-12-24 00:00:00+05:30,0.0,18.34
2022-12-24 01:00:00+05:30,0.0,18.11
2022-12-24 02:00:00+05:30,0.0,17.98
2022-12-24 03:00:00+05:30,0.0,18.37
2022-12-24 04:00:00+05:30,0.0,18.35
2022-12-24 05:00:00+05:30,0.0,18.29
2022-12-24 06:00:00+05:30,0.0,17.91
2022-12-24 07:00:00+05:30,0.0,17.81
2022-12-24 08:00:00+05:30,72.04,17.71
2022-12-24 09:00:00+05:30,234.53,19.4
2022-12-24 10:00:00+05:30,391.9,23.02
2022-12-24 11:00:00+05:30,510.71,25.41
2022-12-24 12:00:00+05:30,576.4,27.13
2022-12-24 13:00:00+05:30,578.74,28.25
2022-12-24 14:00:00+05:30,519.44,29.26
2022-12-24 15:00:00+05:30,405.18,29.85
2022-12-24 16:00:00+05:30,250.62,29.95
2022-12-24 17:00:00+05:30,86.72,29.39
2022-12-24 18:00:00+05:30,8.87,27.61
2022-12-24 19:00:00+05:30,0.0,24.84
2022-12-24 20:00:00+05:30,0.0,22.98
2022-12-24 21:00:00+05:30,0.0,21.51
2022-12-24 22:00:00+05:30,0.0,20.06
2022-12-24 23:00:00+05:30,0.0,18.59
2022-12-25 00:00:00+05:30,0.0,18.22
2022-12-25 01:00:00+05:30,0.0,18.43
2022-12-25 02:00:00+05:30,0.0,18.07
2022-12-25 03:00:00+05:30,0.0,17.94
2022-12-25 04:00:00+05:30,0.0,18.07
2022-12-25 05:00:00+05:30,0.0,18.09
2022-12-25 06:00:00+05:30,0.0,18.15
2022-12-25 07:00:00+05:30,0.0,18.09
2022-12-25 08:00:00+05:30,71.91,17.94
2022-12-25 09:00:00+05:30,237.94,19.21
2022-12-25 10:00:00+05:30,397.82,23.09
2022-12-25 11:00:00+05:30,518.34,25.59
2022-12-25 12:00:00+05:30,581.31,27.39
2022-12-25 13:00:00+05:30,584.54,28.6
2022-12-25 14:00:00+05:30,525.06,29.48
2022-12-25 15:00:00+05:30,409.95,29.88
2022-12-25 16:00:00+05:30,254.16,29.8
2022-12-25 17:00:00+05:30,88.31,29.15
2022-12-25 18:00:00+05:30,9.11,27.37
2022-12-25 19:00:00+05:30,0.0,24.6
2022-12-25 20:00:00+05:30,0.0,22.77
2022-12-25 21:00:00+05:30,0.0,21.26
2022-12-25 22:00:00+05:30,0.0,19.74
2022-12-25 23:00:00+05:30,0.0,19.36
2022-12-26 00:00:00+05:30,0.0,19.04
2022-12-26 01:00:00+05:30,0.0,18.48
2022-12-26 02:00:00+05:30,0.0,18.12
2022-12-26 03:00:00+05:30,0.0,18.11
2022-12-26 04:00:00+05:30,0.0,18.16
2022-12-26 05:00:00+05:30,0.0,17.38
2022-12-26 06:00:00+05:30,0.0,16.18
2022-12-26 07:00:00+05:30,0.0,16.11
2022-12-26 08:00:00+05:30,70.26,15.15
2022-12-26 09:00:00+05:30,231.53,17.89
2022-12-26 10:00:00+05:30,388.29,23.12
2022-12-26 11:00:00+05:30,508.01,25.19
2022-12-26 12:00:00+05:30,571.97,27.14
2022-12-26 13:00:00+05:30,576.6,28.64
2022-12-26 14:00:00+05:30,511.84,29.55
2022-12-26 15:00:00+05:30,402.53,30.0
2022-12-26 16:00:00+05:30,246.89,30.11
2022-12-26 17:00:00+05:30,86.47,29.67
2022-12-26 18:00:00+05:30,9.35,28.56
2022-12-26 19:00:00+05:30,0.0,26.26
2022-12-26 20:00:00+05:30,0.0,23.97
2022-12-26 21:00:00+05:30,0.0,22.41
2022-12-26 22:00:00+05:30,0.0,21.19
2022-12-26 23:00:00+05:30,0.0,20.02
2022-12-27 00:00:00+05:30,0.0,19.47
2022-12-27 01:00:00+05:30,0.0,18.99
2022-12-27 02:00:00+05:30,0.0,19.04
2022-12-27 03:00:00+05:30,0.0,19.17
2022-12-27 04:00:00+05:30,0.0,19.26
2022-12-27 05:00:00+05:30,0.0,19.15
2022-12-27 06:00:00+05:30,0.0,19.03
2022-12-27 07:00:00+05:30,0.0,18.93
2022-12-27 08:00:00+05:30,68.32,18.37
2022-12-27 09:00:00+05:30,222.58,19.93
2022-12-27 10:00:00+05:30,375.83,23.61
2022-12-27 11:00:00+05:30,493.1,25.83
2022-12-27 12:00:00+05:30,525.99,27.55
2022-12-27 13:00:00+05:30,516.54,28.74
2022-12-27 14:00:00+05:30,427.27,29.6
2022-12-27 15:00:00+05:30,367.72,29.9
2022-12-27 16:00:00+05:30,234.67,30.05
2022-12-27 17:00:00+05:30,87.34,29.83
2022-12-27 18:00:00+05:30,9.4,28.85
2022-12-27 19:00:00+05:30,0.0,27.38
2022-12-27 20:00:00+05:30,0.0,25.53
2022-12-27 21:00:00+05:30,0.0,23.8
2022-12-27 22:00:00+05:30,0.0,22.53
2022-12-27 23:00:00+05:30,0.0,21.49
2022-12-28 00:00:00+05:30,0.0,21.08
2022-12-28 01:00:00+05:30,0.0,20.3
2022-12-28 02:00:00+05:30,0.0,20.21
2022-12-28 03:00:00+05:30,0.0,20.07
2022-12-28 04:00:00+05:30,0.0,19.79
2022-12-28 05:00:00+05:30,0.0,19.47
2022-12-28 06:00:00+05:30,0.0,19.43
2022-12-28 07:00:00+05:30,0.0,19.55
2022-12-28 08:00:00+05:30,67.94,19.48
2022-12-28 09:00:00+05:30,227.71,20.23
2022-12-28 10:00:00+05:30,383.6,24.37
2022-12-28 11:00:00+05:30,503.84,26.64
2022-12-28 12:00:00+05:30,568.4,28.17
2022-12-28 13:00:00+05:30,564.45,29.14
2022-12-28 14:00:00+05:30,513.41,29.87
2022-12-28 15:00:00+05:30,398.64,30.27
2022-12-28 16:00:00+05:30,251.94,30.35
2022-12-28 17:00:00+05:30,88.79,30.07
2022-12-28 18:00:00+05:30,9.94,29.36
2022-12-28 19:00:00+05:30,0.0,27.71
2022-12-28 20:00:00+05:30,0.0,25.76
2022-12-28 21:00:00+05:30,0.0,23.95
2022-12-28 22:00:00+05:30,0.0,22.36
2022-12-28 23:00:00+05:30,0.0,21.08
2022-12-29 00:00:00+05:30,0.0,20.15
2022-12-29 01:00:00+05:30,0.0,19.98
2022-12-29 02:00:00+05:30,0.0,19.77
2022-12-29 03:00:00+05:30,0.0,20.07
2022-12-29 04:00:00+05:30,0.0,20.28
2022-12-29 05:00:00+05:30,0.0,20.2
2022-12-29 06:00:00+05:30,0.0,19.96
2022-12-29 07:00:00+05:30,0.0,19.54
2022-12-29 08:00:00+05:30,67.69,19.23
2022-12-29 09:00:00+05:30,222.56,20.05
2022-12-29 10:00:00+05:30,377.52,24.15
2022-12-29 11:00:00+05:30,503.01,26.22
2022-12-29 12:00:00+05:30,568.1,27.97
2022-12-29 13:00:00+05:30,578.11,28.69
2022-12-29 14:00:00+05:30,521.19,29.41
2022-12-29 15:00:00+05:30,409.44,29.86
2022-12-29 16:00:00+05:30,252.6,29.96
2022-12-29 17:00:00+05:30,93.61,29.62
2022-12-29 18:00:00+05:30,10.33,28.86
2022-12-29 19:00:00+05:30,0.0,26.97
2022-12-29 20:00:00+05:30,0.0,25.14
2022-12-29 21:00:00+05:30,0.0,24.11
2022-12-29 22:00:00+05:30,0.0,22.14
2022-12-29 23:00:00+05:30,0.0,20.61
2022-12-30 00:00:00+05:30,0.0,19.74
2022-12-30 01:00:00+05:30,0.0,19.34
2022-12-30 02:00:00+05:30,0.0,19.74
2022-12-30 03:00:00+05:30,0.0,20.06
2022-12-30 04:00:00+05:30,0.0,20.01
2022-12-30 05:00:00+05:30,0.0,20.05
2022-12-30 06:00:00+05:30,0.0,20.09
2022-12-30 07:00:00+05:30,0.0,19.93
2022-12-30 08:00:00+05:30,67.41,19.77
2022-12-30 09:00:00+05:30,230.77,20.94
2022-12-30 10:00:00+05:30,389.9,24.39
2022-12-30 11:00:00+05:30,511.76,26.65
2022-12-30 12:00:00+05:30,578.36,28.3
2022-12-30 13:00:00+05:30,584.27,29.06
2022-12-30 14:00:00+05:30,522.8,29.7
2022-12-30 15:00:00+05:30,411.99,30.02
2022-12-30 16:00:00+05:30,260.01,30.07
2022-12-30 17:00:00+05:30,95.81,29.74
2022-12-30 18:00:00+05:30,10.67,28.75
2022-12-30 19:00:00+05:30,0.0,26.68
2022-12-30 20:00:00+05:30,0.0,24.93
2022-12-30 21:00:00+05:30,0.0,23.17
2022-12-30 22:00:00+05:30,0.0,21.24
2022-12-30 23:00:00+05:30,0.0,19.8
2022-12-31 00:00:00+05:30,0.0,18.7
2022-12-31 01:00:00+05:30,0.0,17.94
2022-12-31 02:00:00+05:30,0.0,17.61
2022-12-31 03:00:00+05:30,0.0,17.52
2022-12-31 04:00:00+05:30,0.0,17.59
2022-12-31 05:00:00+05:30,0.0,18.22
2022-12-31 06:00:00+05:30,0.0,18.21
2022-12-31 07:00:00+05:30,0.0,18.31
2022-12-31 08:00:00+05:30,66.4,18.45
2022-12-31 09:00:00+05:30,229.3,19.99
2022-12-31 10:00:00+05:30,388.72,23.72
2022-12-31 11:00:00+05:30,510.5,25.99
2022-12-31 12:00:00+05:30,576.63,27.6
2022-12-31 13:00:00+05:30,582.72,28.46
2022-12-31 14:00:00+05:30,526.28,29.25
2022-12-31 15:00:00+05:30,414.42,29.77
2022-12-31 16:00:00+05:30,261.44,29.85
2022-12-31 17:00:00+05:30,96.83,29.44
2022-12-31 18:00:00+05:30,11.01,28.1
2022-12-31 19:00:00+05:30,0.0,25.68
2022-12-31 20:00:00+05:30,0.0,23.87
2022-12-31 21:00:00+05:30,0.0,22.44
2022-12-31 22:00:00+05:30,0.0,21.15
2022-12-31 23:00:00+05:30,0.0,19.8
2023-01-01 00:00:00+05:30,0.0,18.52
2023-01-01 01:00:00+05:30,0.0,17.89
2023-01-01 02:00:00+05:30,0.0,17.99
2023-01-01 03:00:00+05:30,0.0,17.99
2023-01-01 04:00:00+05:30,0.0,17.83
2023-01-01 05:00:00+05:30,0.0,17.9
2023-01-01 06:00:00+05:30,0.0,17.83
2023-01-01 07:00:00+05:30,0.0,17.65
2023-01-01 08:00:00+05:30,66.16,17.59
2023-01-01 09:00:00+05:30,230.27,18.93
2023-01-01 10:00:00+05:30,390.79,22.56
2023-01-01 11:00:00+05:30,513.35,24.95
2023-01-01 12:00:00+05:30,581.9,26.72
2023-01-01 13:00:00+05:30,588.31,27.7
2023-01-01 14:00:00+05:30,532.13,28.66
2023-01-01 15:00:00+05:30,419.96,29.21
2023-01-01 16:00:00+05:30,266.04,29.34
2023-01-01 17:00:00+05:30,99.47,28.99
2023-01-01 18:00:00+05:30,11.25,27.84
2023-01-01 19:00:00+05:30,0.0,25.67
2023-01-01 20:00:00+05:30,0.0,23.5
2023-01-01 21:00:00+05:30,0.0,21.76
2023-01-01 22:00:00+05:30,0.0,20.15
2023-01-01 23:00:00+05:30,0.0,18.93
2023-01-02 00:00:00+05:30,0.0,18.53
2023-01-02 01:00:00+05:30,0.0,18.13
2023-01-02 02:00:00+05:30,0.0,17.41
2023-01-02 03:00:00+05:30,0.0,17.1
2023-01-02 04:00:00+05:30,0.0,16.86
2023-01-02 05:00:00+05:30,0.0,16.37
2023-01-02 06:00:00+05:30,0.0,15.89
2023-01-02 07:00:00+05:30,0.0,15.46
2023-01-02 08:00:00+05:30,65.65,15.36
2023-01-02 09:00:00+05:30,228.87,17.31
2023-01-02 10:00:00+05:30,388.97,21.15
2023-01-02 11:00:00+05:30,511.89,23.58
2023-01-02 12:00:00+05:30,582.08,25.65
2023-01-02 13:00:00+05:30,589.5,27.18
2023-01-02 14:00:00+05:30,534.32,28.34
2023-01-02 15:00:00+05:30,422.56,28.99
2023-01-02 16:00:00+05:30,268.54,29.17
2023-01-02 17:00:00+05:30,101.64,28.93
2023-01-02 18:00:00+05:30,11.79,28.05
2023-01-02 19:00:00+05:30,0.0,26.22
2023-01-02 20:00:00+05:30,0.0,24.36
2023-01-02 21:00:00+05:30,0.0,22.55
2023-01-02 22:00:00+05:30,0.0,21.25
2023-01-02 23:00:00+05:30,0.0,19.94
2023-01-03 00:00:00+05:30,0.0,19.34
2023-01-03 01:00:00+05:30,0.0,19.69
2023-01-03 02:00:00+05:30,0.0,19.05
2023-01-03 03:00:00+05:30,0.0,18.32
2023-01-03 04:00:00+05:30,0.0,18.01
2023-01-03 05:00:00+05:30,0.0,17.52
2023-01-03 06:00:00+05:30,0.0,16.97
2023-01-03 07:00:00+05:30,0.0,16.51
2023-01-03 08:00:00+05:30,64.67,16.23
2023-01-03 09:00:00+05:30,223.7,18.43
2023-01-03 10:00:00+05:30,382.15,22.17
2023-01-03 11:00:00+05:30,504.12,24.46
2023-01-03 12:00:00+05:30,573.2,26.44
2023-01-03 13:00:00+05:30,569.45,27.64
2023-01-03 14:00:00+05:30,510.92,28.59
2023-01-03 15:00:00+05:30,396.67,29.25
2023-01-03 16:00:00+05:30,254.0,29.41
2023-01-03 17:00:00+05:30,99.01,29.17
2023-01-03 18:00:00+05:30,10.96,28.38
2023-01-03 19:00:00+05:30,0.0,26.75
2023-01-03 20:00:00+05:30,0.0,24.5
2023-01-03 21:00:00+05:30,0.0,23.21
2023-01-03 22:00:00+05:30,0.0,22.23
2023-01-03 23:00:00+05:30,0.0,21.36
2023-01-04 00:00:00+05:30,0.0,20.77
2023-01-04 01:00:00+05:30,0.0,19.65
2023-01-04 02:00:00+05:30,0.0,19.07
2023-01-04 03:00:00+05:30,0.0,19.34
2023-01-04 04:00:00+05:30,0.0,18.23
2023-01-04 05:00:00+05:30,0.0,17.41
2023-01-04 06:00:00+05:30,0.0,17.07
2023-01-04 07:00:00+05:30,0.0,16.86
2023-01-04 08:00:00+05:30,64.52,16.9
2023-01-04 09:00:00+05:30,212.15,19.2
2023-01-04 10:00:00+05:30,368.58,21.31
2023-01-04 11:00:00+05:30,488.93,23.67
2023-01-04 12:00:00+05:30,545.12,25.76
2023-01-04 13:00:00+05:30,535.84,26.86
2023-01-04 14:00:00+05:30,355.44,27.92
2023-01-04 15:00:00+05:30,313.91,28.03
2023-01-04 16:00:00+05:30,197.03,28.23
2023-01-04 17:00:00+05:30,84.35,27.72
2023-01-04 18:00:00+05:30,10.28,27.04
2023-01-04 19:00:00+05:30,0.0,26.02
2023-01-04 20:00:00+05:30,0.0,24.73
2023-01-04 21:00:00+05:30,0.0,23.24
2023-01-04 22:00:00+05:30,0.0,22.49
2023-01-04 23:00:00+05:30,0.0,21.82
2023-01-05 00:00:00+05:30,0.0,20.95
2023-01-05 01:00:00+05:30,0.0,20.58
2023-01-05 02:00:00+05:30,0.0,20.0
2023-01-05 03:00:00+05:30,0.0,19.74
2023-01-05 04:00:00+05:30,0.0,19.51
2023-01-05 05:00:00+05:30,0.0,19.15
2023-01-05 06:00:00+05:30,0.0,18.74
2023-01-05 07:00:00+05:30,0.0,18.29
2023-01-05 08:00:00+05:30,64.74,17.9
2023-01-05 09:00:00+05:30,214.83,19.69
2023-01-05 10:00:00+05:30,361.02,22.06
2023-01-05 11:00:00+05:30,494.01,24.18
2023-01-05 12:00:00+05:30,566.42,25.95
2023-01-05 13:00:00+05:30,513.44,27.3
2023-01-05 14:00:00+05:30,336.13,27.98
2023-01-05 15:00:00+05:30,276.27,27.76
2023-01-05 16:00:00+05:30,157.08,27.62
2023-01-05 17:00:00+05:30,63.51,26.95
2023-01-05 18:00:00+05:30,7.79,26.1
2023-01-05 19:00:00+05:30,0.0,25.07
2023-01-05 20:00:00+05:30,0.0,24.23
2023-01-05 21:00:00+05:30,0.0,23.54
2023-01-05 22:00:00+05:30,0.0,22.98
2023-01-05 23:00:00+05:30,0.0,22.12
2023-01-06 00:00:00+05:30,0.0,21.22
2023-01-06 01:00:00+05:30,0.0,20.57
2023-01-06 02:00:00+05:30,0.0,19.79
2023-01-06 03:00:00+05:30,0.0,19.26
2023-01-06 04:00:00+05:30,0.0,19.05
2023-01-06 05:00:00+05:30,0.0,18.69
2023-01-06 06:00:00+05:30,0.0,18.33
2023-01-06 07:00:00+05:30,0.0,18.03
2023-01-06 08:00:00+05:30,64.0,17.85
2023-01-06 09:00:00+05:30,221.34,19.88
2023-01-06 10:00:00+05:30,377.9,22.28
2023-01-06 11:00:00+05:30,505.3,24.16
2023-01-06 12:00:00+05:30,543.15,25.8
2023-01-06 13:00:00+05:30,505.15,26.83
2023-01-06 14:00:00+05:30,430.64,27.34
2023-01-06 15:00:00+05:30,324.05,27.45
2023-01-06 16:00:00+05:30,237.84,27.44
2023-01-06 17:00:00+05:30,89.13,27.12
2023-01-06 18:00:00+05:30,11.11,26.29
2023-01-06 19:00:00+05:30,0.0,24.83
2023-01-06 20:00:00+05:30,0.0,23.59
2023-01-06 21:00:00+05:30,0.0,22.82
2023-01-06 22:00:00+05:30,0.0,21.99
2023-01-06 23:00:00+05:30,0.0,21.18
2023-01-07 00:00:00+05:30,0.0,20.48
2023-01-07 01:00:00+05:30,0.0,20.06
2023-01-07 02:00:00+05:30,0.0,19.38
2023-01-07 03:00:00+05:30,0.0,18.85
2023-01-07 04:00:00+05:30,0.0,18.66
2023-01-07 05:00:00+05:30,0.0,18.37
2023-01-07 06:00:00+05:30,0.0,18.21
2023-01-07 07:00:00+05:30,0.0,18.2
2023-01-07 08:00:00+05:30,57.44,18.09
2023-01-07 09:00:00+05:30,183.1,19.53
2023-01-07 10:00:00+05:30,317.42,21.41
2023-01-07 11:00:00+05:30,424.16,23.35
2023-01-07 12:00:00+05:30,476.88,24.59
2023-01-07 13:00:00+05:30,493.42,25.39
2023-01-07 14:00:00+05:30,444.12,26.03
2023-01-07 15:00:00+05:30,321.29,26.36
2023-01-07 16:00:00+05:30,200.63,26.26
2023-01-07 17:00:00+05:30,72.16,26.01
2023-01-07 18:00:00+05:30,11.69,25.28
2023-01-07 19:00:00+05:30,0.0,23.95
2023-01-07 20:00:00+05:30,0.0,22.94
2023-01-07 21:00:00+05:30,0.0,22.15
2023-01-07 22:00:00+05:30,0.0,21.57
2023-01-07 23:00:00+05:30,0.0,20.76
2023-01-08 00:00:00+05:30,0.0,19.99
2023-01-08 01:00:00+05:30,0.0,19.19
2023-01-08 02:00:00+05:30,0.0,18.2
2023-01-08 03:00:00+05:30,0.0,17.18
2023-01-08 04:00:00+05:30,0.0,16.61
2023-01-08 05:00:00+05:30,0.0,16.4
2023-01-08 06:00:00+05:30,0.0,16.13
2023-01-08 07:00:00+05:30,0.0,16.05
2023-01-08 08:00:00+05:30,55.99,16.06
2023-01-08 09:00:00+05:30,197.61,18.6
2023-01-08 10:00:00+05:30,360.06,20.92
2023-01-08 11:00:00+05:30,505.42,22.87
2023-01-08 12:00:00+05:30,584.37,24.41
2023-01-08 13:00:00+05:30,590.07,25.26
2023-01-08 14:00:00+05:30,525.97,26.06
2023-01-08 15:00:00+05:30,433.0,26.44
2023-01-08 16:00:00+05:30,281.49,26.6
2023-01-08 17:00:00+05:30,114.7,26.36
2023-01-08 18:00:00+05:30,14.23,25.52
2023-01-08 19:00:00+05:30,0.0,23.92
2023-01-08 20:00:00+05:30,0.0,22.69
2023-01-08 21:00:00+05:30,0.0,21.37
2023-01-08 22:00:00+05:30,0.0,19.92
2023-01-08 23:00:00+05:30,0.0,18.68
2023-01-09 00:00:00+05:30,0.0,17.66
2023-01-09 01:00:00+05:30,0.0,16.82
2023-01-09 02:00:00+05:30,0.0,15.88
2023-01-09 03:00:00+05:30,0.0,15.05
2023-01-09 04:00:00+05:30,0.0,14.46
2023-01-09 05:00:00+05:30,0.0,14.05
2023-01-09 06:00:00+05:30,0.0,13.7
2023-01-09 07:00:00+05:30,0.0,13.09
2023-01-09 08:00:00+05:30,65.55,12.81
2023-01-09 09:00:00+05:30,237.48,15.21
2023-01-09 10:00:00+05:30,406.34,19.54
2023-01-09 11:00:00+05:30,536.82,21.83
2023-01-09 12:00:00+05:30,612.08,23.76
2023-01-09 13:00:00+05:30,622.68,25.15
2023-01-09 14:00:00+05:30,568.29,26.21
2023-01-09 15:00:00+05:30,454.86,26.81
2023-01-09 16:00:00+05:30,296.5,26.99
2023-01-09 17:00:00+05:30,120.4,26.65
2023-01-09 18:00:00+05:30,14.81,25.51
2023-01-09 19:00:00+05:30,0.0,23.43
2023-01-09 20:00:00+05:30,0.0,21.74
2023-01-09 21:00:00+05:30,0.0,20.6
2023-01-09 22:00:00+05:30,0.0,19.41
2023-01-09 23:00:00+05:30,0.0,17.9
2023-01-10 00:00:00+05:30,0.0,16.61
2023-01-10 01:00:00+05:30,0.0,15.77
2023-01-10 02:00:00+05:30,0.0,14.95
2023-01-10 03:00:00+05:30,0.0,14.17
2023-01-10 04:00:00+05:30,0.0,13.47
2023-01-10 05:00:00+05:30,0.0,13.09
2023-01-10 06:00:00+05:30,0.0,12.71
2023-01-10 07:00:00+05:30,0.0,12.27
2023-01-10 08:00:00+05:30,65.86,12.23
2023-01-10 09:00:00+05:30,239.76,14.88
2023-01-10 10:00:00+05:30,409.69,19.48
2023-01-10 11:00:00+05:30,540.5,22.06
2023-01-10 12:00:00+05:30,614.22,24.15
2023-01-10 13:00:00+05:30,624.99,25.86
2023-01-10 14:00:00+05:30,570.88,26.95
2023-01-10 15:00:00+05:30,457.79,27.62
2023-01-10 16:00:00+05:30,299.42,27.79
2023-01-10 17:00:00+05:30,122.8,27.47
2023-01-10 18:00:00+05:30,15.15,26.28
2023-01-10 19:00:00+05:30,0.0,24.39
2023-01-10 20:00:00+05:30,0.0,22.8
2023-01-10 21:00:00+05:30,0.0,21.05
2023-01-10 22:00:00+05:30,0.0,19.77
2023-01-10 23:00:00+05:30,0.0,19.62
2023-01-11 00:00:00+05:30,0.0,19.36
2023-01-11 01:00:00+05:30,0.0,18.78
2023-01-11 02:00:00+05:30,0.0,18.33
2023-01-11 03:00:00+05:30,0.0,17.03
2023-01-11 04:00:00+05:30,0.0,15.91
2023-01-11 05:00:00+05:30,0.0,14.8
2023-01-11 06:00:00+05:30,0.0,14.31
2023-01-11 07:00:00+05:30,0.0,15.78
2023-01-11 08:00:00+05:30,65.46,15.6
2023-01-11 09:00:00+05:30,238.11,16.79
2023-01-11 10:00:00+05:30,407.63,20.72
2023-01-11 11:00:00+05:30,538.37,24.1
2023-01-11 12:00:00+05:30,614.98,26.4
2023-01-11 13:00:00+05:30,626.4,27.8
2023-01-11 14:00:00+05:30,572.71,28.82
2023-01-11 15:00:00+05:30,459.68,29.41
2023-01-11 16:00:00+05:30,301.23,29.54
2023-01-11 17:00:00+05:30,124.63,29.06
2023-01-11 18:00:00+05:30,15.49,27.51
2023-01-11 19:00:00+05:30,0.0,24.92
2023-01-11 20:00:00+05:30,0.0,22.57
2023-01-11 21:00:00+05:30,0.0,20.91
2023-01-11 22:00:00+05:30,0.0,19.42
2023-01-11 23:00:00+05:30,0.0,17.97
2023-01-12 00:00:00+05:30,0.0,16.65
2023-01-12 01:00:00+05:30,0.0,15.7
2023-01-12 02:00:00+05:30,0.0,15.29
2023-01-12 03:00:00+05:30,0.0,14.87
2023-01-12 04:00:00+05:30,0.0,14.9
2023-01-12 05:00:00+05:30,0.0,15.6
2023-01-12 06:00:00+05:30,0.0,15.87
2023-01-12 07:00:00+05:30,0.0,16.03
2023-01-12 08:00:00+05:30,66.23,15.78
2023-01-12 09:00:00+05:30,241.45,16.74
2023-01-12 10:00:00+05:30,412.67,21.07
2023-01-12 11:00:00+05:30,544.5,24.02
2023-01-12 12:00:00+05:30,620.11,26.13
2023-01-12 13:00:00+05:30,631.35,27.32
2023-01-12 14:00:00+05:30,577.55,28.39
2023-01-12 15:00:00+05:30,464.59,29.01
2023-01-12 16:00:00+05:30,306.12,29.12
2023-01-12 17:00:00+05:30,128.19,28.57
2023-01-12 18:00:00+05:30,15.98,26.9
2023-01-12 19:00:00+05:30,0.0,23.88
2023-01-12 20:00:00+05:30,0.0,21.75
2023-01-12 21:00:00+05:30,0.0,20.09
2023-01-12 22:00:00+05:30,0.0,18.64
2023-01-12 23:00:00+05:30,0.0,17.3
2023-01-13 00:00:00+05:30,0.0,16.02
2023-01-13 01:00:00+05:30,0.0,15.09
2023-01-13 02:00:00+05:30,0.0,14.23
2023-01-13 03:00:00+05:30,0.0,13.51
2023-01-13 04:00:00+05:30,0.0,12.97
2023-01-13 05:00:00+05:30,0.0,12.53
2023-01-13 06:00:00+05:30,0.0,12.27
2023-01-13 07:00:00+05:30,0.0,12.03
2023-01-13 08:00:00+05:30,66.44,12.12
2023-01-13 09:00:00+05:30,239.08,15.43
2023-01-13 10:00:00+05:30,412.09,20.09
2023-01-13 11:00:00+05:30,543.87,23.0
2023-01-13 12:00:00+05:30,618.52,25.2
2023-01-13 13:00:00+05:30,630.47,26.47
2023-01-13 14:00:00+05:30,577.05,27.47
2023-01-13 15:00:00+05:30,464.4,27.97
2023-01-13 16:00:00+05:30,306.37,27.9
2023-01-13 17:00:00+05:30,129.41,27.18
2023-01-13 18:00:00+05:30,16.47,25.66
2023-01-13 19:00:00+05:30,0.0,23.04
2023-01-13 20:00:00+05:30,0.0,21.04
2023-01-13 21:00:00+05:30,0.0,19.44
2023-01-13 22:00:00+05:30,0.0,18.02
2023-01-13 23:00:00+05:30,0.0,16.66
2023-01-14 00:00:00+05:30,0.0,15.57
2023-01-14 01:00:00+05:30,0.0,14.59
2023-01-14 02:00:00+05:30,0.0,14.1
2023-01-14 03:00:00+05:30,0.0,13.55
2023-01-14 04:00:00+05:30,0.0,13.42
2023-01-14 05:00:00+05:30,0.0,13.51
2023-01-14 06:00:00+05:30,0.0,13.38
2023-01-14 07:00:00+05:30,0.0,13.42
2023-01-14 08:00:00+05:30,66.31,13.47
2023-01-14 09:00:00+05:30,239.41,15.15
2023-01-14 10:00:00+05:30,410.1,19.38
2023-01-14 11:00:00+05:30,542.4,22.18
2023-01-14 12:00:00+05:30,618.1,24.51
2023-01-14 13:00:00+05:30,630.62,25.9
2023-01-14 14:00:00+05:30,577.81,27.37
2023-01-14 15:00:00+05:30,465.42,28.31
2023-01-14 16:00:00+05:30,307.92,28.61
2023-01-14 17:00:00+05:30,131.53,28.15
2023-01-14 18:00:00+05:30,16.86,26.63
2023-01-14 19:00:00+05:30,0.0,23.82
2023-01-14 20:00:00+05:30,0.0,21.69
2023-01-14 21:00:00+05:30,0.0,20.13
2023-01-14 22:00:00+05:30,0.0,18.68
2023-01-14 23:00:00+05:30,0.0,17.26
2023-01-15 00:00:00+05:30,0.0,16.7
2023-01-15 01:00:00+05:30,0.0,16.46
2023-01-15 02:00:00+05:30,0.0,16.23
2023-01-15 03:00:00+05:30,0.0,16.32
2023-01-15 04:00:00+05:30,0.0,16.46
2023-01-15 05:00:00+05:30,0.0,15.7
2023-01-15 06:00:00+05:30,0.0,14.04
2023-01-15 07:00:00+05:30,0.0,13.65
2023-01-15 08:00:00+05:30,66.4,13.79
2023-01-15 09:00:00+05:30,238.11,15.83
2023-01-15 10:00:00+05:30,408.37,20.31
2023-01-15 11:00:00+05:30,540.58,22.99
2023-01-15 12:00:00+05:30,616.34,25.39
2023-01-15 13:00:00+05:30,629.81,26.98
2023-01-15 14:00:00+05:30,578.13,28.33
2023-01-15 15:00:00+05:30,466.76,29.26
2023-01-15 16:00:00+05:30,309.64,29.53
2023-01-15 17:00:00+05:30,133.58,29.1
2023-01-15 18:00:00+05:30,17.3,27.55
2023-01-15 19:00:00+05:30,0.0,24.51
2023-01-15 20:00:00+05:30,0.0,22.25
2023-01-15 21:00:00+05:30,0.0,20.65
2023-01-15 22:00:00+05:30,0.0,19.34
2023-01-15 23:00:00+05:30,0.0,18.16
2023-01-16 00:00:00+05:30,0.0,17.07
2023-01-16 01:00:00+05:30,0.0,16.14
2023-01-16 02:00:00+05:30,0.0,15.81
2023-01-16 03:00:00+05:30,0.0,15.7
2023-01-16 04:00:00+05:30,0.0,15.95
2023-01-16 05:00:00+05:30,0.0,16.02
2023-01-16 06:00:00+05:30,0.0,15.65
2023-01-16 07:00:00+05:30,0.0,15.51
2023-01-16 08:00:00+05:30,67.09,15.68
2023-01-16 09:00:00+05:30,240.62,17.9
2023-01-16 10:00:00+05:30,411.68,21.69
2023-01-16 11:00:00+05:30,545.21,24.43
2023-01-16 12:00:00+05:30,627.35,26.58
2023-01-16 13:00:00+05:30,641.26,28.35
2023-01-16 14:00:00+05:30,589.1,29.52
2023-01-16 15:00:00+05:30,477.73,30.0
2023-01-16 16:00:00+05:30,319.6,29.77
2023-01-16 17:00:00+05:30,139.48,28.76
2023-01-16 18:00:00+05:30,17.83,26.91
2023-01-16 19:00:00+05:30,0.0,23.99
2023-01-16 20:00:00+05:30,0.0,21.81
2023-01-16 21:00:00+05:30,0.0,20.04
2023-01-16 22:00:00+05:30,0.0,18.54
2023-01-16 23:00:00+05:30,0.0,17.11
2023-01-17 00:00:00+05:30,0.0,16.09
2023-01-17 01:00:00+05:30,0.0,15.62
2023-01-17 02:00:00+05:30,0.0,15.16
2023-01-17 03:00:00+05:30,0.0,15.29
2023-01-17 04:00:00+05:30,0.0,15.62
2023-01-17 05:00:00+05:30,0.0,15.59
2023-01-17 06:00:00+05:30,0.0,15.67
2023-01-17 07:00:00+05:30,0.0,16.1
2023-01-17 08:00:00+05:30,67.74,16.34
2023-01-17 09:00:00+05:30,243.6,17.66
2023-01-17 10:00:00+05:30,415.97,22.01
2023-01-17 11:00:00+05:30,549.67,24.94
2023-01-17 12:00:00+05:30,626.29,26.94
2023-01-17 13:00:00+05:30,639.39,28.16
2023-01-17 14:00:00+05:30,587.31,29.25
2023-01-17 15:00:00+05:30,475.59,29.88
2023-01-17 16:00:00+05:30,317.96,29.97
2023-01-17 17:00:00+05:30,139.71,29.46
2023-01-17 18:00:00+05:30,18.17,27.95
2023-01-17 19:00:00+05:30,0.0,24.98
2023-01-17 20:00:00+05:30,0.0,22.77
2023-01-17 21:00:00+05:30,0.0,21.13
2023-01-17 22:00:00+05:30,0.0,19.69
2023-01-17 23:00:00+05:30,0.0,18.28
2023-01-18 00:00:00+05:30,0.0,17.69
2023-01-18 01:00:00+05:30,0.0,17.42
2023-01-18 02:00:00+05:30,0.0,17.63
2023-01-18 03:00:00+05:30,0.0,17.42
2023-01-18 04:00:00+05:30,0.0,17.33
2023-01-18 05:00:00+05:30,0.0,17.54
2023-01-18 06:00:00+05:30,0.0,17.71
2023-01-18 07:00:00+05:30,0.0,17.76
2023-01-18 08:00:00+05:30,68.28,17.59
2023-01-18 09:00:00+05:30,244.33,18.41
2023-01-18 10:00:00+05:30,416.66,22.16
2023-01-18 11:00:00+05:30,549.89,24.83
2023-01-18 12:00:00+05:30,628.66,26.76
2023-01-18 13:00:00+05:30,642.48,27.91
2023-01-18 14:00:00+05:30,591.12,28.8
2023-01-18 15:00:00+05:30,479.91,29.4
2023-01-18 16:00:00+05:30,321.91,29.62
2023-01-18 17:00:00+05:30,142.78,29.38
2023-01-18 18:00:00+05:30,18.66,28.64
2023-01-18 19:00:00+05:30,0.0,26.67
2023-01-18 20:00:00+05:30,0.0,24.27
2023-01-18 21:00:00+05:30,0.0,22.47
2023-01-18 22:00:00+05:30,0.0,21.2
2023-01-18 23:00:00+05:30,0.0,20.77
2023-01-19 00:00:00+05:30,0.0,20.17
2023-01-19 01:00:00+05:30,0.0,18.39
2023-01-19 02:00:00+05:30,0.0,18.77
2023-01-19 03:00:00+05:30,0.0,18.8
2023-01-19 04:00:00+05:30,0.0,19.21
2023-01-19 05:00:00+05:30,0.0,19.29
2023-01-19 06:00:00+05:30,0.0,19.01
2023-01-19 07:00:00+05:30,0.0,18.28
2023-01-19 08:00:00+05:30,68.2,17.51
2023-01-19 09:00:00+05:30,241.54,18.85
2023-01-19 10:00:00+05:30,412.7,22.85
2023-01-19 11:00:00+05:30,545.51,25.85
2023-01-19 12:00:00+05:30,625.31,27.76
2023-01-19 13:00:00+05:30,640.41,28.94
2023-01-19 14:00:00+05:30,589.92,29.76
2023-01-19 15:00:00+05:30,479.31,30.2
2023-01-19 16:00:00+05:30,322.08,30.29
2023-01-19 17:00:00+05:30,143.98,29.96
2023-01-19 18:00:00+05:30,19.05,29.07
2023-01-19 19:00:00+05:30,0.0,27.43
2023-01-19 20:00:00+05:30,0.0,24.93
2023-01-19 21:00:00+05:30,0.0,22.75
2023-01-19 22:00:00+05:30,0.0,20.94
2023-01-19 23:00:00+05:30,0.0,19.43
2023-01-20 00:00:00+05:30,0.0,18.53
2023-01-20 01:00:00+05:30,0.0,17.8
2023-01-20 02:00:00+05:30,0.0,17.5
2023-01-20 03:00:00+05:30,0.0,17.58
2023-01-20 04:00:00+05:30,0.0,18.45
2023-01-20 05:00:00+05:30,0.0,18.33
2023-01-20 06:00:00+05:30,0.0,17.53
2023-01-20 07:00:00+05:30,0.0,17.7
2023-01-20 08:00:00+05:30,68.43,17.94
2023-01-20 09:00:00+05:30,240.22,19.18
2023-01-20 10:00:00+05:30,410.05,23.28
2023-01-20 11:00:00+05:30,543.53,26.0
2023-01-20 12:00:00+05:30,622.34,27.76
2023-01-20 13:00:00+05:30,637.84,28.63
2023-01-20 14:00:00+05:30,587.17,29.4
2023-01-20 15:00:00+05:30,478.54,29.81
2023-01-20 16:00:00+05:30,322.66,29.85
2023-01-20 17:00:00+05:30,145.73,29.37
2023-01-20 18:00:00+05:30,19.58,28.2
2023-01-20 19:00:00+05:30,0.0,25.61
2023-01-20 20:00:00+05:30,0.0,23.41
2023-01-20 21:00:00+05:30,0.0,21.84
2023-01-20 22:00:00+05:30,0.0,20.54
2023-01-20 23:00:00+05:30,0.0,19.23
2023-01-21 00:00:00+05:30,0.0,18.24
2023-01-21 01:00:00+05:30,0.0,17.84
2023-01-21 02:00:00+05:30,0.0,17.83
2023-01-21 03:00:00+05:30,0.0,18.17
2023-01-21 04:00:00+05:30,0.0,18.2
2023-01-21 05:00:00+05:30,0.0,18.01
2023-01-21 06:00:00+05:30,0.0,17.75
2023-01-21 07:00:00+05:30,0.0,17.53
2023-01-21 08:00:00+05:30,69.44,17.36
2023-01-21 09:00:00+05:30,242.79,18.61
2023-01-21 10:00:00+05:30,414.5,22.52
2023-01-21 11:00:00+05:30,548.6,25.09
2023-01-21 12:00:00+05:30,623.12,26.76
2023-01-21 13:00:00+05:30,638.16,27.8
2023-01-21 14:00:00+05:30,588.33,28.61
2023-01-21 15:00:00+05:30,479.29,29.05
2023-01-21 16:00:00+05:30,323.69,29.13
2023-01-21 17:00:00+05:30,147.14,28.72
2023-01-21 18:00:00+05:30,20.07,27.69
2023-01-21 19:00:00+05:30,0.0,25.31
2023-01-21 20:00:00+05:30,0.0,23.26
2023-01-21 21:00:00+05:30,0.0,21.81
2023-01-21 22:00:00+05:30,0.0,20.5
2023-01-21 23:00:00+05:30,0.0,19.44
2023-01-22 00:00:00+05:30,0.0,18.34
2023-01-22 01:00:00+05:30,0.0,17.23
2023-01-22 02:00:00+05:30,0.0,16.44
2023-01-22 03:00:00+05:30,0.0,15.91
2023-01-22 04:00:00+05:30,0.0,15.5
2023-01-22 05:00:00+05:30,0.0,15.38
2023-01-22 06:00:00+05:30,0.0,15.99
2023-01-22 07:00:00+05:30,0.0,15.93
2023-01-22 08:00:00+05:30,69.91,15.8
2023-01-22 09:00:00+05:30,241.22,17.2
2023-01-22 10:00:00+05:30,411.61,21.43
2023-01-22 11:00:00+05:30,545.46,23.98
2023-01-22 12:00:00+05:30,624.06,25.88
2023-01-22 13:00:00+05:30,640.35,27.29
2023-01-22 14:00:00+05:30,592.0,28.36
2023-01-22 15:00:00+05:30,483.49,29.04
2023-01-22 16:00:00+05:30,328.06,29.23
2023-01-22 17:00:00+05:30,150.69,28.86
2023-01-22 18:00:00+05:30,20.61,27.75
2023-01-22 19:00:00+05:30,0.0,25.2
2023-01-22 20:00:00+05:30,0.0,22.98
2023-01-22 21:00:00+05:30,0.0,21.22
2023-01-22 22:00:00+05:30,0.0,19.98
2023-01-22 23:00:00+05:30,0.0,19.06
2023-01-23 00:00:00+05:30,0.0,17.96
2023-01-23 01:00:00+05:30,0.0,16.89
2023-01-23 02:00:00+05:30,0.0,16.58
2023-01-23 03:00:00+05:30,0.0,16.88
2023-01-23 04:00:00+05:30,0.0,16.54
2023-01-23 05:00:00+05:30,0.0,16.18
2023-01-23 06:00:00+05:30,0.0,15.97
2023-01-23 07:00:00+05:30,0.0,15.99
2023-01-23 08:00:00+05:30,71.17,16.01
2023-01-23 09:00:00+05:30,243.84,17.47
2023-01-23 10:00:00+05:30,414.82,21.55
2023-01-23 11:00:00+05:30,548.25,24.24
2023-01-23 12:00:00+05:30,627.96,26.05
2023-01-23 13:00:00+05:30,644.4,27.12
2023-01-23 14:00:00+05:30,595.34,28.16
2023-01-23 15:00:00+05:30,486.37,28.76
2023-01-23 16:00:00+05:30,330.37,28.87
2023-01-23 17:00:00+05:30,152.61,28.35
2023-01-23 18:00:00+05:30,21.63,27.03
2023-01-23 19:00:00+05:30,0.0,24.48
2023-01-23 20:00:00+05:30,0.0,22.33
2023-01-23 21:00:00+05:30,0.0,20.77
2023-01-23 22:00:00+05:30,0.0,19.55
2023-01-23 23:00:00+05:30,0.0,18.44
2023-01-24 00:00:00+05:30,0.0,17.39
2023-01-24 01:00:00+05:30,0.0,16.52
2023-01-24 02:00:00+05:30,0.0,16.01
2023-01-24 03:00:00+05:30,0.0,16.31
2023-01-24 04:00:00+05:30,0.0,16.25
2023-01-24 05:00:00+05:30,0.0,15.98
2023-01-24 06:00:00+05:30,0.0,15.63
2023-01-24 07:00:00+05:30,0.0,15.31
2023-01-24 08:00:00+05:30,71.21,15.76
2023-01-24 09:00:00+05:30,240.94,17.18
2023-01-24 10:00:00+05:30,410.16,21.36
2023-01-24 11:00:00+05:30,543.07,24.14
2023-01-24 12:00:00+05:30,622.73,26.26
2023-01-24 13:00:00+05:30,620.45,27.74
2023-01-24 14:00:00+05:30,537.11,28.87
2023-01-24 15:00:00+05:30,440.42,29.14
2023-01-24 16:00:00+05:30,288.5,28.78
2023-01-24 17:00:00+05:30,134.72,27.71
2023-01-24 18:00:00+05:30,19.34,25.87
2023-01-24 19:00:00+05:30,0.0,23.56
2023-01-24 20:00:00+05:30,0.0,21.73
2023-01-24 21:00:00+05:30,0.0,20.38
2023-01-24 22:00:00+05:30,0.0,19.38
2023-01-24 23:00:00+05:30,0.0,18.53
2023-01-25 00:00:00+05:30,0.0,17.74
2023-01-25 01:00:00+05:30,0.0,16.95
2023-01-25 02:00:00+05:30,0.0,16.59
2023-01-25 03:00:00+05:30,0.0,16.26
2023-01-25 04:00:00+05:30,0.0,16.11
2023-01-25 05:00:00+05:30,0.0,16.15
2023-01-25 06:00:00+05:30,0.0,16.05
2023-01-25 07:00:00+05:30,0.0,16.04
2023-01-25 08:00:00+05:30,64.0,16.13
2023-01-25 09:00:00+05:30,228.74,17.54
2023-01-25 10:00:00+05:30,405.67,21.02
2023-01-25 11:00:00+05:30,528.28,23.57
2023-01-25 12:00:00+05:30,594.67,25.41
2023-01-25 13:00:00+05:30,623.14,26.68
2023-01-25 14:00:00+05:30,572.81,27.94
2023-01-25 15:00:00+05:30,363.19,28.44
2023-01-25 16:00:00+05:30,205.38,28.35
2023-01-25 17:00:00+05:30,140.57,27.72
2023-01-25 18:00:00+05:30,16.86,26.96
2023-01-25 19:00:00+05:30,0.0,24.9
2023-01-25 20:00:00+05:30,0.0,23.45
2023-01-25 21:00:00+05:30,0.0,21.92
2023-01-25 22:00:00+05:30,0.0,20.92
2023-01-25 23:00:00+05:30,0.0,19.93
2023-01-26 00:00:00+05:30,0.0,19.14
2023-01-26 01:00:00+05:30,0.0,18.29
2023-01-26 02:00:00+05:30,0.0,17.83
2023-01-26 03:00:00+05:30,0.0,17.55
2023-01-26 04:00:00+05:30,0.0,18.07
2023-01-26 05:00:00+05:30,0.0,18.18
2023-01-26 06:00:00+05:30,0.0,17.61
2023-01-26 07:00:00+05:30,0.0,17.49
2023-01-26 08:00:00+05:30,53.68,17.4
2023-01-26 09:00:00+05:30,168.08,18.91
2023-01-26 10:00:00+05:30,380.93,21.1
2023-01-26 11:00:00+05:30,515.89,24.07
2023-01-26 12:00:00+05:30,575.0,26.05
2023-01-26 13:00:00+05:30,536.64,27.34
2023-01-26 14:00:00+05:30,520.61,28.11
2023-01-26 15:00:00+05:30,371.79,28.58
2023-01-26 16:00:00+05:30,250.55,28.46
2023-01-26 17:00:00+05:30,110.56,28.13
2023-01-26 18:00:00+05:30,17.83,27.48
2023-01-26 19:00:00+05:30,0.0,26.25
2023-01-26 20:00:00+05:30,0.0,24.66
2023-01-26 21:00:00+05:30,0.0,23.45
2023-01-26 22:00:00+05:30,0.0,22.29
2023-01-26 23:00:00+05:30,0.0,21.17
2023-01-27 00:00:00+05:30,0.0,20.53
2023-01-27 01:00:00+05:30,0.0,19.8
2023-01-27 02:00:00+05:30,0.0,19.44
2023-01-27 03:00:00+05:30,0.0,19.07
2023-01-27 04:00:00+05:30,0.0,18.91
2023-01-27 05:00:00+05:30,0.0,18.86
2023-01-27 06:00:00+05:30,0.0,18.88
2023-01-27 07:00:00+05:30,0.0,18.34
2023-01-27 08:00:00+05:30,75.38,17.89
2023-01-27 09:00:00+05:30,249.6,20.15
2023-01-27 10:00:00+05:30,423.7,23.37
2023-01-27 11:00:00+05:30,560.01,25.48
2023-01-27 12:00:00+05:30,639.1,27.24
2023-01-27 13:00:00+05:30,656.13,28.37
2023-01-27 14:00:00+05:30,607.53,29.27
2023-01-27 15:00:00+05:30,494.1,29.77
2023-01-27 16:00:00+05:30,331.02,29.81
2023-01-27 17:00:00+05:30,148.32,29.45
2023-01-27 18:00:00+05:30,23.0,28.56
2023-01-27 19:00:00+05:30,0.0,26.74
2023-01-27 20:00:00+05:30,0.0,25.54
2023-01-27 21:00:00+05:30,0.0,24.3
2023-01-27 22:00:00+05:30,0.0,23.16
2023-01-27 23:00:00+05:30,0.0,21.75
2023-01-28 00:00:00+05:30,0.0,20.51
2023-01-28 01:00:00+05:30,0.0,19.54
2023-01-28 02:00:00+05:30,0.0,18.19
2023-01-28 03:00:00+05:30,0.0,17.25
2023-01-28 04:00:00+05:30,0.0,16.4
2023-01-28 05:00:00+05:30,0.0,15.81
2023-01-28 06:00:00+05:30,0.0,15.43
2023-01-28 07:00:00+05:30,0.0,15.11
2023-01-28 08:00:00+05:30,78.15,14.58
2023-01-28 09:00:00+05:30,258.16,17.17
2023-01-28 10:00:00+05:30,434.52,22.38
2023-01-28 11:00:00+05:30,572.82,24.8
2023-01-28 12:00:00+05:30,655.34,26.84
2023-01-28 13:00:00+05:30,672.91,28.24
2023-01-28 14:00:00+05:30,623.16,29.21
2023-01-28 15:00:00+05:30,511.87,29.73
2023-01-28 16:00:00+05:30,352.5,29.92
2023-01-28 17:00:00+05:30,169.6,29.75
2023-01-28 18:00:00+05:30,23.82,28.98
2023-01-28 19:00:00+05:30,0.0,27.0
2023-01-28 20:00:00+05:30,0.0,24.89
2023-01-28 21:00:00+05:30,0.0,22.65
2023-01-28 22:00:00+05:30,0.0,20.69
2023-01-28 23:00:00+05:30,0.0,19.42
2023-01-29 00:00:00+05:30,0.0,18.31
2023-01-29 01:00:00+05:30,0.0,17.57
2023-01-29 02:00:00+05:30,0.0,16.8
2023-01-29 03:00:00+05:30,0.0,16.18
2023-01-29 04:00:00+05:30,0.0,16.01
2023-01-29 05:00:00+05:30,0.0,15.87
2023-01-29 06:00:00+05:30,0.0,15.33
2023-01-29 07:00:00+05:30,0.0,14.89
2023-01-29 08:00:00+05:30,78.77,14.92
2023-01-29 09:00:00+05:30,259.21,18.08
2023-01-29 10:00:00+05:30,433.98,22.26
2023-01-29 11:00:00+05:30,571.94,24.92
2023-01-29 12:00:00+05:30,655.79,26.88
2023-01-29 13:00:00+05:30,667.15,28.27
2023-01-29 14:00:00+05:30,615.25,29.17
2023-01-29 15:00:00+05:30,507.96,29.64
2023-01-29 16:00:00+05:30,354.71,29.76
2023-01-29 17:00:00+05:30,167.53,29.46
2023-01-29 18:00:00+05:30,24.21,28.17
2023-01-29 19:00:00+05:30,0.0,25.45
2023-01-29 20:00:00+05:30,0.0,23.26
2023-01-29 21:00:00+05:30,0.0,21.63
2023-01-29 22:00:00+05:30,0.0,20.63
2023-01-29 23:00:00+05:30,0.0,19.81
2023-01-30 00:00:00+05:30,0.0,19.14
2023-01-30 01:00:00+05:30,0.0,18.97
2023-01-30 02:00:00+05:30,0.0,18.37
2023-01-30 03:00:00+05:30,0.0,18.45
2023-01-30 04:00:00+05:30,0.0,18.29
2023-01-30 05:00:00+05:30,0.0,18.22
2023-01-30 06:00:00+05:30,0.0,18.06
2023-01-30 07:00:00+05:30,0.0,17.86
2023-01-30 08:00:00+05:30,55.73,17.67
2023-01-30 09:00:00+05:30,178.27,18.06
2023-01-30 10:00:00+05:30,405.89,19.74
2023-01-30 11:00:00+05:30,564.02,22.84
2023-01-30 12:00:00+05:30,647.1,25.3
2023-01-30 13:00:00+05:30,653.14,26.98
2023-01-30 14:00:00+05:30,597.84,28.02
2023-01-30 15:00:00+05:30,485.22,28.61
2023-01-30 16:00:00+05:30,341.94,28.88
2023-01-30 17:00:00+05:30,154.21,28.77
2023-01-30 18:00:00+05:30,25.38,28.21
2023-01-30 19:00:00+05:30,0.0,26.78
2023-01-30 20:00:00+05:30,0.0,25.36
2023-01-30 21:00:00+05:30,0.0,23.96
2023-01-30 22:00:00+05:30,0.0,22.53
2023-01-30 23:00:00+05:30,0.0,21.05
2023-01-31 00:00:00+05:30,0.0,19.85
2023-01-31 01:00:00+05:30,0.0,18.97
2023-01-31 02:00:00+05:30,0.0,18.28
2023-01-31 03:00:00+05:30,0.0,17.84
2023-01-31 04:00:00+05:30,0.0,17.58
2023-01-31 05:00:00+05:30,0.0,16.98
2023-01-31 06:00:00+05:30,0.0,16.71
2023-01-31 07:00:00+05:30,0.0,16.11
2023-01-31 08:00:00+05:30,81.01,15.74
2023-01-31 09:00:00+05:30,258.65,18.5
2023-01-31 10:00:00+05:30,435.1,21.41
2023-01-31 11:00:00+05:30,571.81,23.91
2023-01-31 12:00:00+05:30,601.89,25.96
2023-01-31 13:00:00+05:30,545.5,27.92
2023-01-31 14:00:00+05:30,610.47,28.42
2023-01-31 15:00:00+05:30,467.53,29.14
2023-01-31 16:00:00+05:30,317.47,29.12
2023-01-31 17:00:00+05:30,139.06,28.78
2023-01-31 18:00:00+05:30,17.88,27.97
2023-01-31 19:00:00+05:30,0.0,26.46
2023-01-31 20:00:00+05:30,0.0,25.23
2023-01-31 21:00:00+05:30,0.0,24.18
2023-01-31 22:00:00+05:30,0.0,22.84
2023-01-31 23:00:00+05:30,0.0,21.82
2023-02-01 00:00:00+05:30,0.0,20.9
2023-02-01 01:00:00+05:30,0.0,20.27
2023-02-01 02:00:00+05:30,0.0,19.55
2023-02-01 03:00:00+05:30,0.0,18.92
2023-02-01 04:00:00+05:30,0.0,18.41
2023-02-01 05:00:00+05:30,0.0,17.91
2023-02-01 06:00:00+05:30,0.0,17.47
2023-02-01 07:00:00+05:30,0.0,17.17
2023-02-01 08:00:00+05:30,78.66,17.12
2023-02-01 09:00:00+05:30,246.87,19.07
2023-02-01 10:00:00+05:30,396.19,21.48
2023-02-01 11:00:00+05:30,481.76,23.85
2023-02-01 12:00:00+05:30,555.75,25.42
2023-02-01 13:00:00+05:30,442.4,26.2
2023-02-01 14:00:00+05:30,491.73,26.28
2023-02-01 15:00:00+05:30,332.09,26.88
2023-02-01 16:00:00+05:30,255.51,26.61
2023-02-01 17:00:00+05:30,138.86,26.56
2023-02-01 18:00:00+05:30,23.97,26.05
2023-02-01 19:00:00+05:30,0.0,24.71
2023-02-01 20:00:00+05:30,0.0,23.43
2023-02-01 21:00:00+05:30,0.0,22.47
2023-02-01 22:00:00+05:30,0.0,21.76
2023-02-01 23:00:00+05:30,0.0,20.95
2023-02-02 00:00:00+05:30,0.0,20.35
2023-02-02 01:00:00+05:30,0.0,19.99
2023-02-02 02:00:00+05:30,0.0,19.57
2023-02-02 03:00:00+05:30,0.0,19.2
2023-02-02 04:00:00+05:30,0.0,18.76
2023-02-02 05:00:00+05:30,0.0,18.62
2023-02-02 06:00:00+05:30,0.0,18.21
2023-02-02 07:00:00+05:30,0.0,17.76
2023-02-02 08:00:00+05:30,82.83,17.35
2023-02-02 09:00:00+05:30,257.05,19.48
2023-02-02 10:00:00+05:30,432.16,22.16
2023-02-02 11:00:00+05:30,573.24,24.44
2023-02-02 12:00:00+05:30,658.86,26.33
2023-02-02 13:00:00+05:30,658.71,27.79
2023-02-02 14:00:00+05:30,560.39,28.6
2023-02-02 15:00:00+05:30,517.57,28.8
2023-02-02 16:00:00+05:30,357.19,29.03
2023-02-02 17:00:00+05:30,181.65,28.79
2023-02-02 18:00:00+05:30,16.64,28.08
2023-02-02 19:00:00+05:30,0.0,26.39
2023-02-02 20:00:00+05:30,0.0,25.09
2023-02-02 21:00:00+05:30,0.0,23.75
2023-02-02 22:00:00+05:30,0.0,22.47
2023-02-02 23:00:00+05:30,0.0,21.43
2023-02-03 00:00:00+05:30,0.0,20.68
2023-02-03 01:00:00+05:30,0.0,19.82
2023-02-03 02:00:00+05:30,0.0,19.24
2023-02-03 03:00:00+05:30,0.0,18.54
2023-02-03 04:00:00+05:30,0.0,17.79
2023-02-03 05:00:00+05:30,0.0,16.91
2023-02-03 06:00:00+05:30,0.0,16.11
2023-02-03 07:00:00+05:30,0.0,15.44
2023-02-03 08:00:00+05:30,87.18,15.03
2023-02-03 09:00:00+05:30,262.98,18.14
2023-02-03 10:00:00+05:30,449.34,21.74
2023-02-03 11:00:00+05:30,591.89,24.28
2023-02-03 12:00:00+05:30,676.08,26.34
2023-02-03 13:00:00+05:30,695.5,27.51
2023-02-03 14:00:00+05:30,647.12,28.29
2023-02-03 15:00:00+05:30,536.42,28.75
2023-02-03 16:00:00+05:30,376.09,28.9
2023-02-03 17:00:00+05:30,189.09,28.66
2023-02-03 18:00:00+05:30,23.86,27.85
2023-02-03 19:00:00+05:30,0.0,26.29
2023-02-03 20:00:00+05:30,0.0,24.81
2023-02-03 21:00:00+05:30,0.0,23.22
2023-02-03 22:00:00+05:30,0.0,21.63
2023-02-03 23:00:00+05:30,0.0,20.14
2023-02-04 00:00:00+05:30,0.0,18.93
2023-02-04 01:00:00+05:30,0.0,18.16
2023-02-04 02:00:00+05:30,0.0,17.91
2023-02-04 03:00:00+05:30,0.0,18.43
2023-02-04 04:00:00+05:30,0.0,18.48
2023-02-04 05:00:00+05:30,0.0,18.27
2023-02-04 06:00:00+05:30,0.0,17.85
2023-02-04 07:00:00+05:30,0.0,17.27
2023-02-04 08:00:00+05:30,89.52,16.32
2023-02-04 09:00:00+05:30,275.57,17.97
2023-02-04 10:00:00+05:30,457.11,22.34
2023-02-04 11:00:00+05:30,599.36,25.0
2023-02-04 12:00:00+05:30,684.8,27.07
2023-02-04 13:00:00+05:30,702.94,28.49
2023-02-04 14:00:00+05:30,653.92,29.36
2023-02-04 15:00:00+05:30,542.52,29.88
2023-02-04 16:00:00+05:30,381.0,30.05
2023-02-04 17:00:00+05:30,192.8,29.84
2023-02-04 18:00:00+05:30,25.67,29.09
2023-02-04 19:00:00+05:30,0.0,26.99
2023-02-04 20:00:00+05:30,0.0,25.05
2023-02-04 21:00:00+05:30,0.0,23.69
2023-02-04 22:00:00+05:30,0.0,23.17
2023-02-04 23:00:00+05:30,0.0,21.01
2023-02-05 00:00:00+05:30,0.0,19.58
2023-02-05 01:00:00+05:30,0.0,19.95
2023-02-05 02:00:00+05:30,0.0,19.71
2023-02-05 03:00:00+05:30,0.0,19.42
2023-02-05 04:00:00+05:30,0.0,17.41
2023-02-05 05:00:00+05:30,0.0,16.59
2023-02-05 06:00:00+05:30,0.0,17.06
2023-02-05 07:00:00+05:30,0.0,17.25
2023-02-05 08:00:00+05:30,91.72,16.34
2023-02-05 09:00:00+05:30,278.81,17.92
2023-02-05 10:00:00+05:30,460.77,22.53
2023-02-05 11:00:00+05:30,602.7,25.2
2023-02-05 12:00:00+05:30,687.19,27.4
2023-02-05 13:00:00+05:30,704.92,29.1
2023-02-05 14:00:00+05:30,655.42,30.14
2023-02-05 15:00:00+05:30,543.49,30.77
2023-02-05 16:00:00+05:30,382.06,31.06
2023-02-05 17:00:00+05:30,194.42,30.85
2023-02-05 18:00:00+05:30,27.48,30.03
2023-02-05 19:00:00+05:30,0.0,28.29
2023-02-05 20:00:00+05:30,0.0,26.13
2023-02-05 21:00:00+05:30,0.0,24.14
2023-02-05 22:00:00+05:30,0.0,22.25
2023-02-05 23:00:00+05:30,0.0,20.77
2023-02-06 00:00:00+05:30,0.0,19.62
2023-02-06 01:00:00+05:30,0.0,18.86
2023-02-06 02:00:00+05:30,0.0,18.2
2023-02-06 03:00:00+05:30,0.0,17.98
2023-02-06 04:00:00+05:30,0.0,18.71
2023-02-06 05:00:00+05:30,0.0,19.09
2023-02-06 06:00:00+05:30,0.0,19.25
2023-02-06 07:00:00+05:30,0.0,19.24
2023-02-06 08:00:00+05:30,92.71,19.08
2023-02-06 09:00:00+05:30,278.71,20.23
2023-02-06 10:00:00+05:30,459.97,24.05
2023-02-06 11:00:00+05:30,601.8,26.75
2023-02-06 12:00:00+05:30,688.82,28.65
2023-02-06 13:00:00+05:30,707.94,30.01
2023-02-06 14:00:00+05:30,659.77,30.93
2023-02-06 15:00:00+05:30,548.1,31.45
2023-02-06 16:00:00+05:30,386.16,31.39
2023-02-06 17:00:00+05:30,197.81,30.72
2023-02-06 18:00:00+05:30,29.24,29.39
2023-02-06 19:00:00+05:30,0.0,26.9
2023-02-06 20:00:00+05:30,0.0,24.74
2023-02-06 21:00:00+05:30,0.0,23.14
2023-02-06 22:00:00+05:30,0.0,21.79
2023-02-06 23:00:00+05:30,0.0,20.58
2023-02-07 00:00:00+05:30,0.0,19.33
2023-02-07 01:00:00+05:30,0.0,18.26
2023-02-07 02:00:00+05:30,0.0,17.59
2023-02-07 03:00:00+05:30,0.0,17.19
2023-02-07 04:00:00+05:30,0.0,16.87
2023-02-07 05:00:00+05:30,0.0,16.9
2023-02-07 06:00:00+05:30,0.0,17.27
2023-02-07 07:00:00+05:30,0.0,17.21
2023-02-07 08:00:00+05:30,96.11,17.3
2023-02-07 09:00:00+05:30,286.02,19.06
2023-02-07 10:00:00+05:30,469.78,23.26
2023-02-07 11:00:00+05:30,613.42,25.73
2023-02-07 12:00:00+05:30,697.51,27.48
2023-02-07 13:00:00+05:30,716.48,28.96
2023-02-07 14:00:00+05:30,667.11,29.95
2023-02-07 15:00:00+05:30,554.97,30.55
2023-02-07 16:00:00+05:30,392.13,30.85
2023-02-07 17:00:00+05:30,202.04,30.68
2023-02-07 18:00:00+05:30,31.53,30.05
2023-02-07 19:00:00+05:30,0.0,28.33
2023-02-07 20:00:00+05:30,0.0,26.03
2023-02-07 21:00:00+05:30,0.0,23.8
2023-02-07 22:00:00+05:30,0.0,21.96
2023-02-07 23:00:00+05:30,0.0,20.63
2023-02-08 00:00:00+05:30,0.0,19.29
2023-02-08 01:00:00+05:30,0.0,19.03
2023-02-08 02:00:00+05:30,0.0,19.58
2023-02-08 03:00:00+05:30,0.0,19.85
2023-02-08 04:00:00+05:30,0.0,19.85
2023-02-08 05:00:00+05:30,0.0,19.9
2023-02-08 06:00:00+05:30,0.0,19.77
2023-02-08 07:00:00+05:30,0.0,19.46
2023-02-08 08:00:00+05:30,97.84,18.96
2023-02-08 09:00:00+05:30,286.91,19.72
2023-02-08 10:00:00+05:30,469.88,23.56
2023-02-08 11:00:00+05:30,613.21,26.04
2023-02-08 12:00:00+05:30,698.34,28.14
2023-02-08 13:00:00+05:30,717.46,29.57
2023-02-08 14:00:00+05:30,669.21,30.61
2023-02-08 15:00:00+05:30,557.86,31.26
2023-02-08 16:00:00+05:30,395.86,31.49
2023-02-08 17:00:00+05:30,205.36,31.24
2023-02-08 18:00:00+05:30,33.36,30.4
2023-02-08 19:00:00+05:30,0.0,28.52
2023-02-08 20:00:00+05:30,0.0,26.62
2023-02-08 21:00:00+05:30,0.0,25.03
2023-02-08 22:00:00+05:30,0.0,23.43
2023-02-08 23:00:00+05:30,0.0,21.93
2023-02-09 00:00:00+05:30,0.0,20.46
2023-02-09 01:00:00+05:30,0.0,19.94
2023-02-09 02:00:00+05:30,0.0,19.79
2023-02-09 03:00:00+05:30,0.0,20.0
2023-02-09 04:00:00+05:30,0.0,19.7
2023-02-09 05:00:00+05:30,0.0,19.46
2023-02-09 06:00:00+05:30,0.0,19.55
2023-02-09 07:00:00+05:30,0.0,19.4
2023-02-09 08:00:00+05:30,101.05,19.07
2023-02-09 09:00:00+05:30,293.03,20.07
2023-02-09 10:00:00+05:30,478.59,24.01
2023-02-09 11:00:00+05:30,622.72,26.74
2023-02-09 12:00:00+05:30,709.31,28.85
2023-02-09 13:00:00+05:30,728.7,30.44
2023-02-09 14:00:00+05:30,679.79,31.55
2023-02-09 15:00:00+05:30,568.47,32.16
2023-02-09 16:00:00+05:30,403.11,32.43
2023-02-09 17:00:00+05:30,210.37,32.2
2023-02-09 18:00:00+05:30,35.56,31.28
2023-02-09 19:00:00+05:30,0.0,29.23
2023-02-09 20:00:00+05:30,0.0,27.3
2023-02-09 21:00:00+05:30,0.0,24.95
2023-02-09 22:00:00+05:30,0.0,22.6
2023-02-09 23:00:00+05:30,0.0,20.99
2023-02-10 00:00:00+05:30,0.0,19.76
2023-02-10 01:00:00+05:30,0.0,19.42
2023-02-10 02:00:00+05:30,0.0,19.32
2023-02-10 03:00:00+05:30,0.0,19.85
2023-02-10 04:00:00+05:30,0.0,20.57
2023-02-10 05:00:00+05:30,0.0,20.45
2023-02-10 06:00:00+05:30,0.0,20.24
2023-02-10 07:00:00+05:30,0.0,20.28
2023-02-10 08:00:00+05:30,102.83,20.35
2023-02-10 09:00:00+05:30,295.27,21.48
2023-02-10 10:00:00+05:30,480.84,25.44
2023-02-10 11:00:00+05:30,625.69,28.33
2023-02-10 12:00:00+05:30,712.59,30.29
2023-02-10 13:00:00+05:30,732.05,31.37
2023-02-10 14:00:00+05:30,682.93,32.14
2023-02-10 15:00:00+05:30,570.08,32.63
2023-02-10 16:00:00+05:30,405.73,32.73
2023-02-10 17:00:00+05:30,212.56,32.48
2023-02-10 18:00:00+05:30,37.06,31.62
2023-02-10 19:00:00+05:30,0.0,29.9
2023-02-10 20:00:00+05:30,0.0,27.6
2023-02-10 21:00:00+05:30,0.0,25.33
2023-02-10 22:00:00+05:30,0.0,23.33
2023-02-10 23:00:00+05:30,0.0,21.72
2023-02-11 00:00:00+05:30,0.0,20.39
2023-02-11 01:00:00+05:30,0.0,19.78
2023-02-11 02:00:00+05:30,0.0,19.63
2023-02-11 03:00:00+05:30,0.0,19.7
2023-02-11 04:00:00+05:30,0.0,19.69
2023-02-11 05:00:00+05:30,0.0,19.46
2023-02-11 06:00:00+05:30,0.0,19.16
2023-02-11 07:00:00+05:30,0.0,19.23
2023-02-11 08:00:00+05:30,105.28,19.58
2023-02-11 09:00:00+05:30,299.17,21.05
2023-02-11 10:00:00+05:30,485.69,25.68
2023-02-11 11:00:00+05:30,630.84,28.62
2023-02-11 12:00:00+05:30,715.88,30.51
2023-02-11 13:00:00+05:30,735.71,31.67
2023-02-11 14:00:00+05:30,687.26,32.47
2023-02-11 15:00:00+05:30,575.02,33.07
2023-02-11 16:00:00+05:30,410.94,33.25
2023-02-11 17:00:00+05:30,217.2,32.91
2023-02-11 18:00:00+05:30,39.38,31.78
2023-02-11 19:00:00+05:30,0.0,29.33
2023-02-11 20:00:00+05:30,0.0,26.84
2023-02-11 21:00:00+05:30,0.0,24.81
2023-02-11 22:00:00+05:30,0.0,22.79
2023-02-11 23:00:00+05:30,0.0,20.91
2023-02-12 00:00:00+05:30,0.0,19.88
2023-02-12 01:00:00+05:30,0.0,19.98
2023-02-12 02:00:00+05:30,0.0,20.03
2023-02-12 03:00:00+05:30,0.0,19.94
2023-02-12 04:00:00+05:30,0.0,19.71
2023-02-12 05:00:00+05:30,0.0,19.49
2023-02-12 06:00:00+05:30,0.0,19.4
2023-02-12 07:00:00+05:30,0.0,19.15
2023-02-12 08:00:00+05:30,109.56,18.42
2023-02-12 09:00:00+05:30,306.79,19.6
2023-02-12 10:00:00+05:30,495.07,23.87
2023-02-12 11:00:00+05:30,640.68,26.57
2023-02-12 12:00:00+05:30,723.69,28.83
2023-02-12 13:00:00+05:30,742.54,30.43
2023-02-12 14:00:00+05:30,692.37,31.53
2023-02-12 15:00:00+05:30,578.41,32.1
2023-02-12 16:00:00+05:30,413.08,32.29
2023-02-12 17:00:00+05:30,218.77,32.01
2023-02-12 18:00:00+05:30,41.08,31.04
2023-02-12 19:00:00+05:30,0.0,28.71
2023-02-12 20:00:00+05:30,0.0,26.59
2023-02-12 21:00:00+05:30,0.0,24.99
2023-02-12 22:00:00+05:30,0.0,23.69
2023-02-12 23:00:00+05:30,0.0,22.54
2023-02-13 00:00:00+05:30,0.0,21.46
2023-02-13 01:00:00+05:30,0.0,20.46
2023-02-13 02:00:00+05:30,0.0,19.46
2023-02-13 03:00:00+05:30,0.0,18.43
2023-02-13 04:00:00+05:30,0.0,17.39
2023-02-13 05:00:00+05:30,0.0,16.55
2023-02-13 06:00:00+05:30,0.0,16.16
2023-02-13 07:00:00+05:30,0.0,15.82
2023-02-13 08:00:00+05:30,111.0,15.44
2023-02-13 09:00:00+05:30,307.6,18.58
2023-02-13 10:00:00+05:30,495.82,22.96
2023-02-13 11:00:00+05:30,641.99,25.54
2023-02-13 12:00:00+05:30,730.56,27.71
2023-02-13 13:00:00+05:30,751.36,29.16
2023-02-13 14:00:00+05:30,702.7,30.36
2023-02-13 15:00:00+05:30,589.01,31.11
2023-02-13 16:00:00+05:30,422.47,31.41
2023-02-13 17:00:00+05:30,225.43,31.17
2023-02-13 18:00:00+05:30,43.64,30.2
2023-02-13 19:00:00+05:30,0.0,28.39
2023-02-13 20:00:00+05:30,0.0,26.4
2023-02-13 21:00:00+05:30,0.0,24.11
2023-02-13 22:00:00+05:30,0.0,22.26
2023-02-13 23:00:00+05:30,0.0,20.64
2023-02-14 00:00:00+05:30,0.0,19.38
2023-02-14 01:00:00+05:30,0.0,18.18
2023-02-14 02:00:00+05:30,0.0,17.6
2023-02-14 03:00:00+05:30,0.0,17.61
2023-02-14 04:00:00+05:30,0.0,18.09
2023-02-14 05:00:00+05:30,0.0,18.05
2023-02-14 06:00:00+05:30,0.0,17.71
2023-02-14 07:00:00+05:30,0.0,17.13
2023-02-14 08:00:00+05:30,114.78,16.3
2023-02-14 09:00:00+05:30,313.88,17.91
2023-02-14 10:00:00+05:30,503.66,22.82
2023-02-14 11:00:00+05:30,650.61,25.49
2023-02-14 12:00:00+05:30,739.99,27.62
2023-02-14 13:00:00+05:30,759.58,28.98
2023-02-14 14:00:00+05:30,709.23,30.15
2023-02-14 15:00:00+05:30,594.07,30.82
2023-02-14 16:00:00+05:30,426.31,31.06
2023-02-14 17:00:00+05:30,228.33,30.78
2023-02-14 18:00:00+05:30,45.43,29.84
2023-02-14 19:00:00+05:30,0.0,28.07
2023-02-14 20:00:00+05:30,0.0,26.13
2023-02-14 21:00:00+05:30,0.0,24.13
2023-02-14 22:00:00+05:30,0.0,21.92
2023-02-14 23:00:00+05:30,0.0,20.35
2023-02-15 00:00:00+05:30,0.0,19.9
2023-02-15 01:00:00+05:30,0.0,21.17
2023-02-15 02:00:00+05:30,0.0,20.88
2023-02-15 03:00:00+05:30,0.0,20.47
2023-02-15 04:00:00+05:30,0.0,20.1
2023-02-15 05:00:00+05:30,0.0,19.74
2023-02-15 06:00:00+05:30,0.0,19.43
2023-02-15 07:00:00+05:30,0.0,19.17
2023-02-15 08:00:00+05:30,117.94,18.75
2023-02-15 09:00:00+05:30,318.73,19.83
2023-02-15 10:00:00+05:30,508.92,23.87
2023-02-15 11:00:00+05:30,655.86,26.76
2023-02-15 12:00:00+05:30,744.03,28.92
2023-02-15 13:00:00+05:30,762.95,30.38
2023-02-15 14:00:00+05:30,711.93,31.42
2023-02-15 15:00:00+05:30,596.46,31.99
2023-02-15 16:00:00+05:30,428.89,32.12
2023-02-15 17:00:00+05:30,230.88,31.75
2023-02-15 18:00:00+05:30,47.21,30.77
2023-02-15 19:00:00+05:30,0.0,28.99
2023-02-15 20:00:00+05:30,0.0,26.63
2023-02-15 21:00:00+05:30,0.0,24.26
2023-02-15 22:00:00+05:30,0.0,22.53
2023-02-15 23:00:00+05:30,0.0,21.09
2023-02-16 00:00:00+05:30,0.0,20.08
2023-02-16 01:00:00+05:30,0.0,19.77
2023-02-16 02:00:00+05:30,0.0,19.78
2023-02-16 03:00:00+05:30,0.0,20.06
2023-02-16 04:00:00+05:30,0.0,19.98
2023-02-16 05:00:00+05:30,0.0,20.11
2023-02-16 06:00:00+05:30,0.0,19.86
2023-02-16 07:00:00+05:30,0.0,19.65
2023-02-16 08:00:00+05:30,120.31,19.03
2023-02-16 09:00:00+05:30,321.16,20.19
2023-02-16 10:00:00+05:30,511.28,24.42
2023-02-16 11:00:00+05:30,658.18,27.42
2023-02-16 12:00:00+05:30,747.47,29.8
2023-02-16 13:00:00+05:30,766.82,31.39
2023-02-16 14:00:00+05:30,716.44,32.45
2023-02-16 15:00:00+05:30,601.24,33.07
2023-02-16 16:00:00+05:30,433.43,33.3
2023-02-16 17:00:00+05:30,234.6,33.04
2023-02-16 18:00:00+05:30,49.24,31.96
2023-02-16 19:00:00+05:30,0.0,29.28
2023-02-16 20:00:00+05:30,0.0,26.9
2023-02-16 21:00:00+05:30,0.0,25.3
2023-02-16 22:00:00+05:30,0.0,24.03
2023-02-16 23:00:00+05:30,0.0,22.5
2023-02-17 00:00:00+05:30,0.0,21.6
2023-02-17 01:00:00+05:30,0.0,21.41
2023-02-17 02:00:00+05:30,0.0,20.55
2023-02-17 03:00:00+05:30,0.0,20.27
2023-02-17 04:00:00+05:30,0.0,20.86
2023-02-17 05:00:00+05:30,0.0,21.14
2023-02-17 06:00:00+05:30,0.0,20.73
2023-02-17 07:00:00+05:30,0.0,20.39
2023-02-17 08:00:00+05:30,122.28,20.14
2023-02-17 09:00:00+05:30,322.88,21.51
2023-02-17 10:00:00+05:30,512.64,25.27
2023-02-17 11:00:00+05:30,659.43,28.02
2023-02-17 12:00:00+05:30,748.71,30.17
2023-02-17 13:00:00+05:30,768.91,31.65
2023-02-17 14:00:00+05:30,719.27,32.66
2023-02-17 15:00:00+05:30,604.62,33.21
2023-02-17 16:00:00+05:30,436.85,33.32
2023-02-17 17:00:00+05:30,237.63,32.93
2023-02-17 18:00:00+05:30,51.23,31.83
2023-02-17 19:00:00+05:30,0.0,29.54
2023-02-17 20:00:00+05:30,0.0,27.5
2023-02-17 21:00:00+05:30,0.0,25.62
2023-02-17 22:00:00+05:30,0.0,23.58
2023-02-17 23:00:00+05:30,0.0,22.47
2023-02-18 00:00:00+05:30,0.0,21.62
2023-02-18 01:00:00+05:30,0.0,20.55
2023-02-18 02:00:00+05:30,0.0,19.74
2023-02-18 03:00:00+05:30,0.0,19.6
2023-02-18 04:00:00+05:30,0.0,19.51
2023-02-18 05:00:00+05:30,0.0,20.44
2023-02-18 06:00:00+05:30,0.0,20.14
2023-02-18 07:00:00+05:30,0.0,19.13
2023-02-18 08:00:00+05:30,127.04,17.77
2023-02-18 09:00:00+05:30,331.57,19.67
2023-02-18 10:00:00+05:30,524.37,24.51
2023-02-18 11:00:00+05:30,673.17,27.13
2023-02-18 12:00:00+05:30,760.97,29.19
2023-02-18 13:00:00+05:30,780.53,30.63
2023-02-18 14:00:00+05:30,729.6,31.67
2023-02-18 15:00:00+05:30,613.16,32.35
2023-02-18 16:00:00+05:30,443.51,32.58
2023-02-18 17:00:00+05:30,242.18,32.33
2023-02-18 18:00:00+05:30,53.54,31.37
2023-02-18 19:00:00+05:30,0.0,29.42
2023-02-18 20:00:00+05:30,0.0,27.21
2023-02-18 21:00:00+05:30,0.0,25.0
2023-02-18 22:00:00+05:30,0.0,23.0
2023-02-18 23:00:00+05:30,0.0,21.87
2023-02-19 00:00:00+05:30,0.0,21.59
2023-02-19 01:00:00+05:30,0.0,20.89
2023-02-19 02:00:00+05:30,0.0,20.61
2023-02-19 03:00:00+05:30,0.0,21.23
2023-02-19 04:00:00+05:30,0.0,21.01
2023-02-19 05:00:00+05:30,0.0,20.46
2023-02-19 06:00:00+05:30,0.0,20.13
2023-02-19 07:00:00+05:30,0.0,19.72
2023-02-19 08:00:00+05:30,129.39,18.7
2023-02-19 09:00:00+05:30,333.23,20.06
2023-02-19 10:00:00+05:30,524.79,24.44
2023-02-19 11:00:00+05:30,672.91,27.06
2023-02-19 12:00:00+05:30,761.51,29.2
2023-02-19 13:00:00+05:30,781.52,30.73
2023-02-19 14:00:00+05:30,730.94,31.86
2023-02-19 15:00:00+05:30,614.95,32.56
2023-02-19 16:00:00+05:30,445.66,32.85
2023-02-19 17:00:00+05:30,244.56,32.61
2023-02-19 18:00:00+05:30,55.41,31.67
2023-02-19 19:00:00+05:30,0.0,29.87
2023-02-19 20:00:00+05:30,0.0,27.36
2023-02-19 21:00:00+05:30,0.0,24.69
2023-02-19 22:00:00+05:30,0.0,22.78
2023-02-19 23:00:00+05:30,0.0,21.28
2023-02-20 00:00:00+05:30,0.0,20.33
2023-02-20 01:00:00+05:30,0.0,20.12
2023-02-20 02:00:00+05:30,0.0,20.04
2023-02-20 03:00:00+05:30,0.0,20.44
2023-02-20 04:00:00+05:30,0.0,20.16
2023-02-20 05:00:00+05:30,0.0,20.25
2023-02-20 06:00:00+05:30,0.0,20.59
2023-02-20 07:00:00+05:30,0.0,20.35
2023-02-20 08:00:00+05:30,130.7,20.08
2023-02-20 09:00:00+05:30,333.46,21.51
2023-02-20 10:00:00+05:30,524.18,25.59
2023-02-20 11:00:00+05:30,671.42,28.44
2023-02-20 12:00:00+05:30,760.75,30.3
2023-02-20 13:00:00+05:30,780.22,31.5
2023-02-20 14:00:00+05:30,729.2,32.4
2023-02-20 15:00:00+05:30,612.94,32.96
2023-02-20 16:00:00+05:30,443.89,33.13
2023-02-20 17:00:00+05:30,243.65,32.87
2023-02-20 18:00:00+05:30,56.24,32.11
2023-02-20 19:00:00+05:30,0.0,29.98
2023-02-20 20:00:00+05:30,0.0,28.03
2023-02-20 21:00:00+05:30,0.0,27.47
2023-02-20 22:00:00+05:30,0.0,24.8
2023-02-20 23:00:00+05:30,0.0,22.2
2023-02-21 00:00:00+05:30,0.0,20.64
2023-02-21 01:00:00+05:30,0.0,19.69
2023-02-21 02:00:00+05:30,0.0,19.51
2023-02-21 03:00:00+05:30,0.0,19.97
2023-02-21 04:00:00+05:30,0.0,20.48
2023-02-21 05:00:00+05:30,0.0,20.48
2023-02-21 06:00:00+05:30,0.0,20.57
2023-02-21 07:00:00+05:30,0.0,20.46
2023-02-21 08:00:00+05:30,133.68,20.23
2023-02-21 09:00:00+05:30,337.94,22.2
2023-02-21 10:00:00+05:30,528.98,26.35
2023-02-21 11:00:00+05:30,676.7,29.32
2023-02-21 12:00:00+05:30,766.75,31.3
2023-02-21 13:00:00+05:30,786.72,32.55
2023-02-21 14:00:00+05:30,735.56,33.38
2023-02-21 15:00:00+05:30,619.01,33.87
2023-02-21 16:00:00+05:30,449.58,34.03
2023-02-21 17:00:00+05:30,248.26,33.78
2023-02-21 18:00:00+05:30,58.62,32.87
2023-02-21 19:00:00+05:30,0.0,30.68
2023-02-21 20:00:00+05:30,0.0,28.0
2023-02-21 21:00:00+05:30,0.0,25.73
2023-02-21 22:00:00+05:30,0.0,23.95
2023-02-21 23:00:00+05:30,0.0,22.62
2023-02-22 00:00:00+05:30,0.0,21.37
2023-02-22 01:00:00+05:30,0.0,20.21
2023-02-22 02:00:00+05:30,0.0,19.46
2023-02-22 03:00:00+05:30,0.0,18.86
2023-02-22 04:00:00+05:30,0.0,18.6
2023-02-22 05:00:00+05:30,0.0,19.12
2023-02-22 06:00:00+05:30,0.0,19.26
2023-02-22 07:00:00+05:30,0.0,19.35
2023-02-22 08:00:00+05:30,137.76,19.39
2023-02-22 09:00:00+05:30,343.46,21.08
2023-02-22 10:00:00+05:30,535.39,26.29
2023-02-22 11:00:00+05:30,683.05,29.15
2023-02-22 12:00:00+05:30,765.99,31.1
2023-02-22 13:00:00+05:30,769.94,32.22
2023-02-22 14:00:00+05:30,714.67,33.01
2023-02-22 15:00:00+05:30,599.72,33.43
2023-02-22 16:00:00+05:30,447.07,33.55
2023-02-22 17:00:00+05:30,249.71,33.35
2023-02-22 18:00:00+05:30,60.32,32.55
2023-02-22 19:00:00+05:30,0.0,30.44
2023-02-22 20:00:00+05:30,0.0,28.43
2023-02-22 21:00:00+05:30,0.0,26.25
2023-02-22 22:00:00+05:30,0.0,24.23
2023-02-22 23:00:00+05:30,0.0,22.45
2023-02-23 00:00:00+05:30,0.0,20.96
2023-02-23 01:00:00+05:30,0.0,20.42
2023-02-23 02:00:00+05:30,0.0,20.49
2023-02-23 03:00:00+05:30,0.0,20.77
2023-02-23 04:00:00+05:30,0.0,20.51
2023-02-23 05:00:00+05:30,0.0,20.3
2023-02-23 06:00:00+05:30,0.0,20.25
2023-02-23 07:00:00+05:30,0.0,20.33
2023-02-23 08:00:00+05:30,140.57,20.29
2023-02-23 09:00:00+05:30,346.65,21.47
2023-02-23 10:00:00+05:30,538.9,26.16
2023-02-23 11:00:00+05:30,686.83,28.89
2023-02-23 12:00:00+05:30,774.37,30.98
2023-02-23 13:00:00+05:30,793.53,32.4
2023-02-23 14:00:00+05:30,742.41,33.17
2023-02-23 15:00:00+05:30,625.91,33.58
2023-02-23 16:00:00+05:30,455.88,33.66
2023-02-23 17:00:00+05:30,253.68,33.36
2023-02-23 18:00:00+05:30,62.21,32.61
2023-02-23 19:00:00+05:30,0.0,30.43
2023-02-23 20:00:00+05:30,0.0,28.29
2023-02-23 21:00:00+05:30,0.0,26.56
2023-02-23 22:00:00+05:30,0.0,25.95
2023-02-23 23:00:00+05:30,0.0,22.85
2023-02-24 00:00:00+05:30,0.0,21.1
2023-02-24 01:00:00+05:30,0.0,20.28
2023-02-24 02:00:00+05:30,0.0,20.03
2023-02-24 03:00:00+05:30,0.0,20.32
2023-02-24 04:00:00+05:30,0.0,20.59
2023-02-24 05:00:00+05:30,0.0,20.84
2023-02-24 06:00:00+05:30,0.0,20.07
2023-02-24 07:00:00+05:30,0.0,18.45
2023-02-24 08:00:00+05:30,143.71,18.72
2023-02-24 09:00:00+05:30,350.34,21.41
2023-02-24 10:00:00+05:30,542.67,26.08
2023-02-24 11:00:00+05:30,690.53,28.76
2023-02-24 12:00:00+05:30,780.15,30.82
2023-02-24 13:00:00+05:30,799.35,32.18
2023-02-24 14:00:00+05:30,748.15,32.96
2023-02-24 15:00:00+05:30,630.93,33.41
2023-02-24 16:00:00+05:30,460.19,33.49
2023-02-24 17:00:00+05:30,257.06,33.17
2023-02-24 18:00:00+05:30,64.23,32.32
2023-02-24 19:00:00+05:30,0.0,30.28
2023-02-24 20:00:00+05:30,0.0,28.22
2023-02-24 21:00:00+05:30,0.0,26.49
2023-02-24 22:00:00+05:30,0.0,25.19
2023-02-24 23:00:00+05:30,0.0,22.7
2023-02-25 00:00:00+05:30,0.0,21.17
2023-02-25 01:00:00+05:30,0.0,20.0
2023-02-25 02:00:00+05:30,0.0,19.71
2023-02-25 03:00:00+05:30,0.0,19.9
2023-02-25 04:00:00+05:30,0.0,20.66
2023-02-25 05:00:00+05:30,0.0,20.8
2023-02-25 06:00:00+05:30,0.0,20.94
2023-02-25 07:00:00+05:30,0.0,20.89
2023-02-25 08:00:00+05:30,147.11,20.77
2023-02-25 09:00:00+05:30,354.58,21.88
2023-02-25 10:00:00+05:30,546.81,26.52
2023-02-25 11:00:00+05:30,694.04,29.14
2023-02-25 12:00:00+05:30,783.49,31.08
2023-02-25 13:00:00+05:30,802.11,32.33
2023-02-25 14:00:00+05:30,750.67,32.98
2023-02-25 15:00:00+05:30,633.6,33.34
2023-02-25 16:00:00+05:30,462.59,33.37
2023-02-25 17:00:00+05:30,259.22,33.03
2023-02-25 18:00:00+05:30,65.8,32.15
2023-02-25 19:00:00+05:30,0.0,30.22
2023-02-25 20:00:00+05:30,0.0,28.2
2023-02-25 21:00:00+05:30,0.0,26.51
2023-02-25 22:00:00+05:30,0.0,24.45
2023-02-25 23:00:00+05:30,0.0,22.7
2023-02-26 00:00:00+05:30,0.0,21.25
2023-02-26 01:00:00+05:30,0.0,20.49
2023-02-26 02:00:00+05:30,0.0,20.33
2023-02-26 03:00:00+05:30,0.0,20.59
2023-02-26 04:00:00+05:30,0.0,20.91
2023-02-26 05:00:00+05:30,0.0,20.89
2023-02-26 06:00:00+05:30,0.0,20.59
2023-02-26 07:00:00+05:30,10.43,19.62
2023-02-26 08:00:00+05:30,149.31,19.81
2023-02-26 09:00:00+05:30,356.16,21.52
2023-02-26 10:00:00+05:30,547.88,26.37
2023-02-26 11:00:00+05:30,695.16,28.97
2023-02-26 12:00:00+05:30,784.48,30.96
2023-02-26 13:00:00+05:30,803.3,32.32
2023-02-26 14:00:00+05:30,751.8,33.04
2023-02-26 15:00:00+05:30,634.94,33.4
2023-02-26 16:00:00+05:30,464.39,33.46
2023-02-26 17:00:00+05:30,261.2,33.12
2023-02-26 18:00:00+05:30,67.4,32.33
2023-02-26 19:00:00+05:30,0.0,30.38
2023-02-26 20:00:00+05:30,0.0,28.33
2023-02-26 21:00:00+05:30,0.0,26.47
2023-02-26 22:00:00+05:30,0.0,24.9
2023-02-26 23:00:00+05:30,0.0,22.61
2023-02-27 00:00:00+05:30,0.0,21.17
2023-02-27 01:00:00+05:30,0.0,20.64
2023-02-27 02:00:00+05:30,0.0,20.09
2023-02-27 03:00:00+05:30,0.0,20.15
2023-02-27 04:00:00+05:30,0.0,20.89
2023-02-27 05:00:00+05:30,0.0,19.58
2023-02-27 06:00:00+05:30,0.0,19.61
2023-02-27 07:00:00+05:30,10.91,20.57
2023-02-27 08:00:00+05:30,152.22,20.48
2023-02-27 09:00:00+05:30,359.16,21.25
2023-02-27 10:00:00+05:30,550.53,25.92
2023-02-27 11:00:00+05:30,697.27,28.4
2023-02-27 12:00:00+05:30,784.2,30.46
2023-02-27 13:00:00+05:30,802.64,32.18
2023-02-27 14:00:00+05:30,750.94,32.96
2023-02-27 15:00:00+05:30,633.68,33.33
2023-02-27 16:00:00+05:30,463.04,33.4
2023-02-27 17:00:00+05:30,260.06,33.08
2023-02-27 18:00:00+05:30,67.78,32.3
2023-02-27 19:00:00+05:30,0.0,30.3
2023-02-27 20:00:00+05:30,0.0,27.55
2023-02-27 21:00:00+05:30,0.0,25.72
2023-02-27 22:00:00+05:30,0.0,24.62
2023-02-27 23:00:00+05:30,0.0,23.82
2023-02-28 00:00:00+05:30,0.0,22.77
2023-02-28 01:00:00+05:30,0.0,21.39
2023-02-28 02:00:00+05:30,0.0,20.61
2023-02-28 03:00:00+05:30,0.0,20.92
2023-02-28 04:00:00+05:30,0.0,21.28
2023-02-28 05:00:00+05:30,0.0,21.21
2023-02-28 06:00:00+05:30,0.0,20.96
2023-02-28 07:00:00+05:30,11.35,20.95
2023-02-28 08:00:00+05:30,154.76,20.88
2023-02-28 09:00:00+05:30,360.76,23.1
2023-02-28 10:00:00+05:30,552.74,27.32
2023-02-28 11:00:00+05:30,699.67,29.62
2023-02-28 12:00:00+05:30,784.5,31.08
2023-02-28 13:00:00+05:30,801.58,32.21
2023-02-28 14:00:00+05:30,737.47,32.86
2023-02-28 15:00:00+05:30,617.93,33.27
2023-02-28 16:00:00+05:30,425.38,33.3
2023-02-28 17:00:00+05:30,215.31,32.97
2023-02-28 18:00:00+05:30,59.76,32.03
2023-02-28 19:00:00+05:30,0.0,30.08
2023-02-28 20:00:00+05:30,0.0,27.83
2023-02-28 21:00:00+05:30,0.0,26.17
2023-02-28 22:00:00+05:30,0.0,24.76
2023-02-28 23:00:00+05:30,0.0,23.69
2023-03-01 00:00:00+05:30,0.0,22.41
2023-03-01 01:00:00+05:30,0.0,21.03
2023-03-01 02:00:00+05:30,0.0,20.55
2023-03-01 03:00:00+05:30,0.0,21.01
2023-03-01 04:00:00+05:30,0.0,20.84
2023-03-01 05:00:00+05:30,0.0,20.71
2023-03-01 06:00:00+05:30,0.0,20.71
2023-03-01 07:00:00+05:30,11.64,20.58
2023-03-01 08:00:00+05:30,158.82,20.45
2023-03-01 09:00:00+05:30,367.86,21.48
2023-03-01 10:00:00+05:30,560.41,26.4
2023-03-01 11:00:00+05:30,707.87,28.8
2023-03-01 12:00:00+05:30,793.73,30.48
2023-03-01 13:00:00+05:30,811.56,31.77
2023-03-01 14:00:00+05:30,758.76,32.5
2023-03-01 15:00:00+05:30,640.62,32.84
2023-03-01 16:00:00+05:30,466.31,32.86
2023-03-01 17:00:00+05:30,263.1,32.65
2023-03-01 18:00:00+05:30,69.43,32.1
2023-03-01 19:00:00+05:30,0.0,30.31
2023-03-01 20:00:00+05:30,0.0,28.27
2023-03-01 21:00:00+05:30,0.0,26.88
2023-03-01 22:00:00+05:30,0.0,25.43
2023-03-01 23:00:00+05:30,0.0,24.2
2023-03-02 00:00:00+05:30,0.0,23.91
2023-03-02 01:00:00+05:30,0.0,21.1
2023-03-02 02:00:00+05:30,0.0,20.89
2023-03-02 03:00:00+05:30,0.0,21.89
2023-03-02 04:00:00+05:30,0.0,21.63
2023-03-02 05:00:00+05:30,0.0,21.41
2023-03-02 06:00:00+05:30,0.0,21.46
2023-03-02 07:00:00+05:30,12.08,21.3
2023-03-02 08:00:00+05:30,161.62,18.96
2023-03-02 09:00:00+05:30,369.83,22.32
2023-03-02 10:00:00+05:30,561.43,26.64
2023-03-02 11:00:00+05:30,708.08,29.1
2023-03-02 12:00:00+05:30,793.91,31.07
2023-03-02 13:00:00+05:30,811.37,32.33
2023-03-02 14:00:00+05:30,758.74,33.05
2023-03-02 15:00:00+05:30,636.09,33.4
2023-03-02 16:00:00+05:30,465.5,33.35
2023-03-02 17:00:00+05:30,242.97,33.02
2023-03-02 18:00:00+05:30,73.37,32.24
2023-03-02 19:00:00+05:30,0.0,30.37
2023-03-02 20:00:00+05:30,0.0,28.31
2023-03-02 21:00:00+05:30,0.0,26.84
2023-03-02 22:00:00+05:30,0.0,25.78
2023-03-02 23:00:00+05:30,0.0,23.27
2023-03-03 00:00:00+05:30,0.0,21.76
2023-03-03 01:00:00+05:30,0.0,22.07
2023-03-03 02:00:00+05:30,0.0,22.43
2023-03-03 03:00:00+05:30,0.0,22.43
2023-03-03 04:00:00+05:30,0.0,22.23
2023-03-03 05:00:00+05:30,0.0,22.01
2023-03-03 06:00:00+05:30,0.0,21.64
2023-03-03 07:00:00+05:30,12.52,21.23
2023-03-03 08:00:00+05:30,164.96,21.04
2023-03-03 09:00:00+05:30,373.48,22.25
2023-03-03 10:00:00+05:30,565.27,27.55
2023-03-03 11:00:00+05:30,712.31,30.11
2023-03-03 12:00:00+05:30,798.7,31.65
2023-03-03 13:00:00+05:30,815.81,32.67
2023-03-03 14:00:00+05:30,763.55,33.37
2023-03-03 15:00:00+05:30,622.83,33.57
2023-03-03 16:00:00+05:30,450.52,33.34
2023-03-03 17:00:00+05:30,260.32,32.82
2023-03-03 18:00:00+05:30,75.13,32.05
2023-03-03 19:00:00+05:30,0.0,30.33
2023-03-03 20:00:00+05:30,0.0,28.58
2023-03-03 21:00:00+05:30,0.0,27.1
2023-03-03 22:00:00+05:30,0.0,26.82
2023-03-03 23:00:00+05:30,0.0,25.99
2023-03-04 00:00:00+05:30,0.0,22.75
2023-03-04 01:00:00+05:30,0.0,23.8
2023-03-04 02:00:00+05:30,0.0,23.59
2023-03-04 03:00:00+05:30,0.0,23.16
2023-03-04 04:00:00+05:30,0.0,22.96
2023-03-04 05:00:00+05:30,0.0,22.08
2023-03-04 06:00:00+05:30,0.0,21.28
2023-03-04 07:00:00+05:30,12.57,20.95
2023-03-04 08:00:00+05:30,162.38,20.93
2023-03-04 09:00:00+05:30,368.02,24.03
2023-03-04 10:00:00+05:30,565.26,28.67
2023-03-04 11:00:00+05:30,708.73,30.77
2023-03-04 12:00:00+05:30,795.64,32.06
2023-03-04 13:00:00+05:30,814.18,33.08
2023-03-04 14:00:00+05:30,758.78,33.71
2023-03-04 15:00:00+05:30,619.86,34.04
2023-03-04 16:00:00+05:30,426.2,33.96
2023-03-04 17:00:00+05:30,231.39,33.48
2023-03-04 18:00:00+05:30,68.77,32.79
2023-03-04 19:00:00+05:30,0.0,31.09
2023-03-04 20:00:00+05:30,0.0,29.27
2023-03-04 21:00:00+05:30,0.0,28.19
2023-03-04 22:00:00+05:30,0.0,25.66
2023-03-04 23:00:00+05:30,0.0,24.25
2023-03-05 00:00:00+05:30,0.0,23.04
2023-03-05 01:00:00+05:30,0.0,22.68
2023-03-05 02:00:00+05:30,0.0,23.31
2023-03-05 03:00:00+05:30,0.0,23.25
2023-03-05 04:00:00+05:30,0.0,23.07
2023-03-05 05:00:00+05:30,0.0,21.94
2023-03-05 06:00:00+05:30,0.0,20.83
2023-03-05 07:00:00+05:30,13.45,19.93
2023-03-05 08:00:00+05:30,170.61,19.31
2023-03-05 09:00:00+05:30,377.15,23.84
2023-03-05 10:00:00+05:30,569.02,27.93
2023-03-05 11:00:00+05:30,714.22,30.33
2023-03-05 12:00:00+05:30,799.83,32.01
2023-03-05 13:00:00+05:30,789.19,32.99
2023-03-05 14:00:00+05:30,761.7,33.5
2023-03-05 15:00:00+05:30,636.15,33.92
2023-03-05 16:00:00+05:30,434.52,33.87
2023-03-05 17:00:00+05:30,237.93,33.26
2023-03-05 18:00:00+05:30,70.08,32.37
2023-03-05 19:00:00+05:30,0.0,30.69
2023-03-05 20:00:00+05:30,0.0,29.08
2023-03-05 21:00:00+05:30,0.0,27.43
2023-03-05 22:00:00+05:30,0.0,25.52
2023-03-05 23:00:00+05:30,0.0,24.14
2023-03-06 00:00:00+05:30,0.0,23.16
2023-03-06 01:00:00+05:30,0.0,22.65
2023-03-06 02:00:00+05:30,0.0,22.04
2023-03-06 03:00:00+05:30,0.0,21.84
2023-03-06 04:00:00+05:30,0.0,21.35
2023-03-06 05:00:00+05:30,0.0,21.05
2023-03-06 06:00:00+05:30,0.0,20.52
2023-03-06 07:00:00+05:30,13.15,20.13
2023-03-06 08:00:00+05:30,162.82,20.28
2023-03-06 09:00:00+05:30,370.62,24.11
2023-03-06 10:00:00+05:30,553.41,27.16
2023-03-06 11:00:00+05:30,708.81,29.43
2023-03-06 12:00:00+05:30,700.88,31.32
2023-03-06 13:00:00+05:30,652.42,31.79
2023-03-06 14:00:00+05:30,710.87,32.21
2023-03-06 15:00:00+05:30,627.71,32.82
2023-03-06 16:00:00+05:30,352.61,33.1
2023-03-06 17:00:00+05:30,184.16,32.49
2023-03-06 18:00:00+05:30,53.58,30.79
2023-03-06 19:00:00+05:30,0.0,27.97
2023-03-06 20:00:00+05:30,0.0,25.82
2023-03-06 21:00:00+05:30,0.0,24.25
2023-03-06 22:00:00+05:30,0.0,22.68
2023-03-06 23:00:00+05:30,0.0,21.79
2023-03-07 00:00:00+05:30,0.0,21.36
2023-03-07 01:00:00+05:30,0.0,21.08
2023-03-07 02:00:00+05:30,0.0,20.27
2023-03-07 03:00:00+05:30,0.0,19.76
2023-03-07 04:00:00+05:30,0.0,19.51
2023-03-07 05:00:00+05:30,0.0,19.31
2023-03-07 06:00:00+05:30,0.0,18.84
2023-03-07 07:00:00+05:30,12.03,18.29
2023-03-07 08:00:00+05:30,147.52,18.26
2023-03-07 09:00:00+05:30,308.66,20.33
2023-03-07 10:00:00+05:30,531.17,23.0
2023-03-07 11:00:00+05:30,606.83,26.48
2023-03-07 12:00:00+05:30,692.8,28.36
2023-03-07 13:00:00+05:30,658.08,28.6
2023-03-07 14:00:00+05:30,547.76,29.24
2023-03-07 15:00:00+05:30,622.49,29.48
2023-03-07 16:00:00+05:30,466.46,30.06
2023-03-07 17:00:00+05:30,271.53,29.96
2023-03-07 18:00:00+05:30,59.2,28.14
2023-03-07 19:00:00+05:30,0.0,26.5
2023-03-07 20:00:00+05:30,0.0,24.64
2023-03-07 21:00:00+05:30,0.0,23.67
2023-03-07 22:00:00+05:30,0.0,22.81
2023-03-07 23:00:00+05:30,0.0,21.69
2023-03-08 00:00:00+05:30,0.0,20.94
2023-03-08 01:00:00+05:30,0.0,19.79
2023-03-08 02:00:00+05:30,0.0,19.41
2023-03-08 03:00:00+05:30,0.0,18.97
2023-03-08 04:00:00+05:30,0.0,18.75
2023-03-08 05:00:00+05:30,0.0,18.29
2023-03-08 06:00:00+05:30,0.0,17.86
2023-03-08 07:00:00+05:30,15.19,17.55
2023-03-08 08:00:00+05:30,176.92,17.56
2023-03-08 09:00:00+05:30,382.75,21.74
2023-03-08 10:00:00+05:30,568.97,25.08
2023-03-08 11:00:00+05:30,725.22,27.62
2023-03-08 12:00:00+05:30,745.25,29.58
2023-03-08 13:00:00+05:30,669.06,30.35
2023-03-08 14:00:00+05:30,605.6,30.69
2023-03-08 15:00:00+05:30,559.21,30.76
2023-03-08 16:00:00+05:30,451.7,30.71
2023-03-08 17:00:00+05:30,251.82,30.15
2023-03-08 18:00:00+05:30,69.3,29.48
2023-03-08 19:00:00+05:30,0.0,27.39
2023-03-08 20:00:00+05:30,0.0,25.45
2023-03-08 21:00:00+05:30,0.0,24.26
2023-03-08 22:00:00+05:30,0.0,23.03
2023-03-08 23:00:00+05:30,0.0,22.3
2023-03-09 00:00:00+05:30,0.0,21.42
2023-03-09 01:00:00+05:30,0.0,21.31
2023-03-09 02:00:00+05:30,0.0,20.21
2023-03-09 03:00:00+05:30,0.0,19.82
2023-03-09 04:00:00+05:30,0.0,19.65
2023-03-09 05:00:00+05:30,0.0,19.68
2023-03-09 06:00:00+05:30,0.0,19.65
2023-03-09 07:00:00+05:30,14.6,19.0
2023-03-09 08:00:00+05:30,140.15,18.75
2023-03-09 09:00:00+05:30,299.37,22.56
2023-03-09 10:00:00+05:30,536.67,25.25
2023-03-09 11:00:00+05:30,666.46,27.91
2023-03-09 12:00:00+05:30,666.35,29.79
2023-03-09 13:00:00+05:30,741.2,30.58
2023-03-09 14:00:00+05:30,661.29,31.12
2023-03-09 15:00:00+05:30,522.72,31.28
2023-03-09 16:00:00+05:30,410.59,31.14
2023-03-09 17:00:00+05:30,253.65,30.99
2023-03-09 18:00:00+05:30,61.18,30.51
2023-03-09 19:00:00+05:30,0.0,28.86
2023-03-09 20:00:00+05:30,0.0,27.07
2023-03-09 21:00:00+05:30,0.0,26.0
2023-03-09 22:00:00+05:30,0.0,25.0
2023-03-09 23:00:00+05:30,0.0,23.8
2023-03-10 00:00:00+05:30,0.0,22.42
2023-03-10 01:00:00+05:30,0.0,21.8
2023-03-10 02:00:00+05:30,0.0,21.73
2023-03-10 03:00:00+05:30,0.0,21.82
2023-03-10 04:00:00+05:30,0.0,20.72
2023-03-10 05:00:00+05:30,0.0,19.82
2023-03-10 06:00:00+05:30,0.0,19.22
2023-03-10 07:00:00+05:30,16.37,18.89
2023-03-10 08:00:00+05:30,183.66,19.02
2023-03-10 09:00:00+05:30,396.45,22.99
2023-03-10 10:00:00+05:30,578.92,25.79
2023-03-10 11:00:00+05:30,731.9,27.95
2023-03-10 12:00:00+05:30,786.88,29.78
2023-03-10 13:00:00+05:30,644.92,31.19
2023-03-10 14:00:00+05:30,742.4,31.47
2023-03-10 15:00:00+05:30,579.73,32.14
2023-03-10 16:00:00+05:30,420.9,32.05
2023-03-10 17:00:00+05:30,262.85,31.82
2023-03-10 18:00:00+05:30,78.23,31.28
2023-03-10 19:00:00+05:30,0.0,30.28
2023-03-10 20:00:00+05:30,0.0,28.58
2023-03-10 21:00:00+05:30,0.0,26.64
2023-03-10 22:00:00+05:30,0.0,24.86
2023-03-10 23:00:00+05:30,0.0,23.25
2023-03-11 00:00:00+05:30,0.0,21.97
2023-03-11 01:00:00+05:30,0.0,21.86
2023-03-11 02:00:00+05:30,0.0,22.38
2023-03-11 03:00:00+05:30,0.0,22.41
2023-03-11 04:00:00+05:30,0.0,20.97
2023-03-11 05:00:00+05:30,0.0,19.95
2023-03-11 06:00:00+05:30,0.0,19.46
2023-03-11 07:00:00+05:30,14.7,19.49
2023-03-11 08:00:00+05:30,148.03,20.0
2023-03-11 09:00:00+05:30,339.4,23.54
2023-03-11 10:00:00+05:30,562.52,26.23
2023-03-11 11:00:00+05:30,724.04,28.6
2023-03-11 12:00:00+05:30,777.89,30.56
2023-03-11 13:00:00+05:30,806.36,31.94
2023-03-11 14:00:00+05:30,680.59,32.68
2023-03-11 15:00:00+05:30,543.98,32.66
2023-03-11 16:00:00+05:30,342.87,32.61
2023-03-11 17:00:00+05:30,174.07,32.12
2023-03-11 18:00:00+05:30,64.3,31.37
2023-03-11 19:00:00+05:30,0.0,30.11
2023-03-11 20:00:00+05:30,0.0,28.54
2023-03-11 21:00:00+05:30,0.0,27.15
2023-03-11 22:00:00+05:30,0.0,25.98
2023-03-11 23:00:00+05:30,0.0,24.4
2023-03-12 00:00:00+05:30,0.0,23.84
2023-03-12 01:00:00+05:30,0.0,22.56
2023-03-12 02:00:00+05:30,0.0,22.92
2023-03-12 03:00:00+05:30,0.0,23.22
2023-03-12 04:00:00+05:30,0.0,21.89
2023-03-12 05:00:00+05:30,0.0,21.05
2023-03-12 06:00:00+05:30,0.0,20.74
2023-03-12 07:00:00+05:30,21.09,20.55
2023-03-12 08:00:00+05:30,173.1,20.66
2023-03-12 09:00:00+05:30,366.45,24.49
2023-03-12 10:00:00+05:30,561.71,27.42
2023-03-12 11:00:00+05:30,711.15,29.64
2023-03-12 12:00:00+05:30,788.07,31.44
2023-03-12 13:00:00+05:30,693.48,32.6
2023-03-12 14:00:00+05:30,578.09,32.88
2023-03-12 15:00:00+05:30,468.02,32.97
2023-03-12 16:00:00+05:30,328.92,32.83
2023-03-12 17:00:00+05:30,197.92,32.55
2023-03-12 18:00:00+05:30,56.63,31.7
2023-03-12 19:00:00+05:30,0.0,30.13
2023-03-12 20:00:00+05:30,0.0,28.64
2023-03-12 21:00:00+05:30,0.0,27.5
2023-03-12 22:00:00+05:30,0.0,25.88
2023-03-12 23:00:00+05:30,0.0,24.55
2023-03-13 00:00:00+05:30,0.0,23.76
2023-03-13 01:00:00+05:30,0.0,22.81
2023-03-13 02:00:00+05:30,0.0,22.53
2023-03-13 03:00:00+05:30,0.0,22.82
2023-03-13 04:00:00+05:30,0.0,22.63
2023-03-13 05:00:00+05:30,0.0,21.61
2023-03-13 06:00:00+05:30,0.0,22.07
2023-03-13 07:00:00+05:30,21.54,20.86
2023-03-13 08:00:00+05:30,149.48,20.5
2023-03-13 09:00:00+05:30,338.84,24.29
2023-03-13 10:00:00+05:30,555.67,27.45
2023-03-13 11:00:00+05:30,727.0,29.67
2023-03-13 12:00:00+05:30,806.89,31.41
2023-03-13 13:00:00+05:30,711.58,32.64
2023-03-13 14:00:00+05:30,456.13,32.96
2023-03-13 15:00:00+05:30,312.81,32.55
2023-03-13 16:00:00+05:30,272.02,32.09
2023-03-13 17:00:00+05:30,222.34,31.97
2023-03-13 18:00:00+05:30,63.89,31.69
2023-03-13 19:00:00+05:30,0.0,29.97
2023-03-13 20:00:00+05:30,0.0,28.21
2023-03-13 21:00:00+05:30,0.0,26.26
2023-03-13 22:00:00+05:30,0.0,24.69
2023-03-13 23:00:00+05:30,0.0,23.84
2023-03-14 00:00:00+05:30,0.0,23.15
2023-03-14 01:00:00+05:30,0.0,22.57
2023-03-14 02:00:00+05:30,0.0,21.75
2023-03-14 03:00:00+05:30,0.0,20.97
2023-03-14 04:00:00+05:30,0.0,20.97
2023-03-14 05:00:00+05:30,0.0,21.08
2023-03-14 06:00:00+05:30,0.0,21.38
2023-03-14 07:00:00+05:30,24.59,21.66
2023-03-14 08:00:00+05:30,194.97,21.81
2023-03-14 09:00:00+05:30,374.44,24.56
2023-03-14 10:00:00+05:30,585.77,27.6
2023-03-14 11:00:00+05:30,721.87,30.22
2023-03-14 12:00:00+05:30,744.69,32.04
2023-03-14 13:00:00+05:30,762.55,32.72
2023-03-14 14:00:00+05:30,596.18,33.14
2023-03-14 15:00:00+05:30,573.54,33.03
2023-03-14 16:00:00+05:30,426.36,33.17
2023-03-14 17:00:00+05:30,199.95,32.97
2023-03-14 18:00:00+05:30,64.73,32.24
2023-03-14 19:00:00+05:30,0.0,30.76
2023-03-14 20:00:00+05:30,0.0,29.44
2023-03-14 21:00:00+05:30,0.0,27.82
2023-03-14 22:00:00+05:30,0.0,25.72
2023-03-14 23:00:00+05:30,0.0,24.54
2023-03-15 00:00:00+05:30,0.0,23.52
2023-03-15 01:00:00+05:30,0.0,23.36
2023-03-15 02:00:00+05:30,0.0,23.1
2023-03-15 03:00:00+05:30,0.0,22.98
2023-03-15 04:00:00+05:30,0.0,22.8
2023-03-15 05:00:00+05:30,0.0,21.81
2023-03-15 06:00:00+05:30,0.0,21.57
2023-03-15 07:00:00+05:30,27.17,22.2
2023-03-15 08:00:00+05:30,187.55,22.41
2023-03-15 09:00:00+05:30,341.16,24.75
2023-03-15 10:00:00+05:30,490.0,27.53
2023-03-15 11:00:00+05:30,640.17,29.46
2023-03-15 12:00:00+05:30,560.62,31.05
2023-03-15 13:00:00+05:30,538.91,31.44
2023-03-15 14:00:00+05:30,419.31,31.7
2023-03-15 15:00:00+05:30,407.9,31.8
2023-03-15 16:00:00+05:30,354.86,31.96
2023-03-15 17:00:00+05:30,207.77,31.96
2023-03-15 18:00:00+05:30,65.51,31.65
2023-03-15 19:00:00+05:30,0.0,29.61
2023-03-15 20:00:00+05:30,0.0,27.52
2023-03-15 21:00:00+05:30,0.0,25.88
2023-03-15 22:00:00+05:30,0.0,24.58
2023-03-15 23:00:00+05:30,0.0,23.64
2023-03-16 00:00:00+05:30,0.0,22.56
2023-03-16 01:00:00+05:30,0.0,22.25
2023-03-16 02:00:00+05:30,0.0,21.55
2023-03-16 03:00:00+05:30,0.0,20.73
2023-03-16 04:00:00+05:30,0.0,20.19
2023-03-16 05:00:00+05:30,0.0,19.44
2023-03-16 06:00:00+05:30,0.0,20.08
2023-03-16 07:00:00+05:30,27.27,20.2
2023-03-16 08:00:00+05:30,173.95,20.2
2023-03-16 09:00:00+05:30,271.35,23.21
2023-03-16 10:00:00+05:30,444.43,25.29
2023-03-16 11:00:00+05:30,602.33,27.02
2023-03-16 12:00:00+05:30,736.07,28.37
2023-03-16 13:00:00+05:30,728.12,29.17
2023-03-16 14:00:00+05:30,636.85,29.89
2023-03-16 15:00:00+05:30,544.03,30.34
2023-03-16 16:00:00+05:30,257.99,30.32
2023-03-16 17:00:00+05:30,212.88,26.9
2023-03-16 18:00:00+05:30,50.7,26.06
2023-03-16 19:00:00+05:30,0.0,25.21
2023-03-16 20:00:00+05:30,0.0,23.84
2023-03-16 21:00:00+05:30,0.0,22.88
2023-03-16 22:00:00+05:30,0.0,22.06
2023-03-16 23:00:00+05:30,0.0,21.93
2023-03-17 00:00:00+05:30,0.0,21.34
2023-03-17 01:00:00+05:30,0.0,20.04
2023-03-17 02:00:00+05:30,0.0,19.54
2023-03-17 03:00:00+05:30,0.0,19.01
2023-03-17 04:00:00+05:30,0.0,18.6
2023-03-17 05:00:00+05:30,0.0,18.54
2023-03-17 06:00:00+05:30,0.0,18.26
2023-03-17 07:00:00+05:30,26.0,18.29
2023-03-17 08:00:00+05:30,150.16,18.84
2023-03-17 09:00:00+05:30,367.51,21.06
2023-03-17 10:00:00+05:30,589.17,23.82
2023-03-17 11:00:00+05:30,561.76,26.11
2023-03-17 12:00:00+05:30,651.67,26.92
2023-03-17 13:00:00+05:30,626.15,28.38
2023-03-17 14:00:00+05:30,541.09,28.86
2023-03-17 15:00:00+05:30,519.86,29.07
2023-03-17 16:00:00+05:30,364.37,29.24
2023-03-17 17:00:00+05:30,178.13,28.31
2023-03-17 18:00:00+05:30,82.69,26.86
2023-03-17 19:00:00+05:30,0.0,25.13
2023-03-17 20:00:00+05:30,0.0,23.52
2023-03-17 21:00:00+05:30,0.0,22.55
2023-03-17 22:00:00+05:30,0.0,21.69
2023-03-17 23:00:00+05:30,0.0,20.86
2023-03-18 00:00:00+05:30,0.0,20.03
2023-03-18 01:00:00+05:30,0.0,20.33
2023-03-18 02:00:00+05:30,0.0,19.94
2023-03-18 03:00:00+05:30,0.0,19.69
2023-03-18 04:00:00+05:30,0.0,19.28
2023-03-18 05:00:00+05:30,0.0,19.2
2023-03-18 06:00:00+05:30,0.0,18.97
2023-03-18 07:00:00+05:30,30.15,19.28
2023-03-18 08:00:00+05:30,213.58,19.29
2023-03-18 09:00:00+05:30,419.14,22.4
2023-03-18 10:00:00+05:30,603.95,24.5
2023-03-18 11:00:00+05:30,760.05,26.28
2023-03-18 12:00:00+05:30,727.0,27.68
2023-03-18 13:00:00+05:30,642.74,28.54
2023-03-18 14:00:00+05:30,552.14,28.67
2023-03-18 15:00:00+05:30,518.32,28.88
2023-03-18 16:00:00+05:30,337.35,29.28
2023-03-18 17:00:00+05:30,227.17,28.31
2023-03-18 18:00:00+05:30,73.37,27.5
2023-03-18 19:00:00+05:30,0.0,25.79
2023-03-18 20:00:00+05:30,0.0,24.23
2023-03-18 21:00:00+05:30,0.0,23.1
2023-03-18 22:00:00+05:30,0.0,22.01
2023-03-18 23:00:00+05:30,0.0,20.77
2023-03-19 00:00:00+05:30,0.0,19.53
2023-03-19 01:00:00+05:30,0.0,19.19
2023-03-19 02:00:00+05:30,0.0,18.65
2023-03-19 03:00:00+05:30,0.0,18.13
2023-03-19 04:00:00+05:30,0.0,17.87
2023-03-19 05:00:00+05:30,0.0,17.87
2023-03-19 06:00:00+05:30,0.0,17.94
2023-03-19 07:00:00+05:30,26.67,18.33
2023-03-19 08:00:00+05:30,146.13,18.4
2023-03-19 09:00:00+05:30,386.06,19.54
2023-03-19 10:00:00+05:30,619.91,22.59
2023-03-19 11:00:00+05:30,771.38,25.61
2023-03-19 12:00:00+05:30,772.03,27.52
2023-03-19 13:00:00+05:30,844.47,28.78
2023-03-19 14:00:00+05:30,752.07,29.62
2023-03-19 15:00:00+05:30,648.47,29.57
2023-03-19 16:00:00+05:30,472.12,28.73
2023-03-19 17:00:00+05:30,268.05,27.94
2023-03-19 18:00:00+05:30,100.03,26.54
2023-03-19 19:00:00+05:30,0.0,24.86
2023-03-19 20:00:00+05:30,0.0,23.12
2023-03-19 21:00:00+05:30,0.0,21.81
2023-03-19 22:00:00+05:30,0.0,20.63
2023-03-19 23:00:00+05:30,0.0,19.77
2023-03-20 00:00:00+05:30,0.0,19.0
2023-03-20 01:00:00+05:30,0.0,18.73
2023-03-20 02:00:00+05:30,0.0,18.41
2023-03-20 03:00:00+05:30,0.0,18.1
2023-03-20 04:00:00+05:30,0.0,17.8
2023-03-20 05:00:00+05:30,0.0,17.54
2023-03-20 06:00:00+05:30,0.0,17.14
2023-03-20 07:00:00+05:30,37.32,16.51
2023-03-20 08:00:00+05:30,205.58,17.17
2023-03-20 09:00:00+05:30,426.0,19.52
2023-03-20 10:00:00+05:30,648.26,22.34
2023-03-20 11:00:00+05:30,785.24,24.84
2023-03-20 12:00:00+05:30,861.59,26.52
2023-03-20 13:00:00+05:30,857.41,27.88
2023-03-20 14:00:00+05:30,769.81,28.75
2023-03-20 15:00:00+05:30,647.55,29.26
2023-03-20 16:00:00+05:30,474.4,29.19
2023-03-20 17:00:00+05:30,266.38,28.41
2023-03-20 18:00:00+05:30,95.59,26.97
2023-03-20 19:00:00+05:30,0.0,25.16
2023-03-20 20:00:00+05:30,0.0,23.28
2023-03-20 21:00:00+05:30,0.0,21.82
2023-03-20 22:00:00+05:30,0.0,20.63
2023-03-20 23:00:00+05:30,0.0,19.63
2023-03-21 00:00:00+05:30,0.0,18.8
2023-03-21 01:00:00+05:30,0.0,18.65
2023-03-21 02:00:00+05:30,0.0,18.02
2023-03-21 03:00:00+05:30,0.0,17.51
2023-03-21 04:00:00+05:30,0.0,17.19
2023-03-21 05:00:00+05:30,0.0,16.89
2023-03-21 06:00:00+05:30,0.0,16.38
2023-03-21 07:00:00+05:30,36.04,15.92
2023-03-21 08:00:00+05:30,212.28,16.78
2023-03-21 09:00:00+05:30,401.56,20.89
2023-03-21 10:00:00+05:30,567.27,23.48
2023-03-21 11:00:00+05:30,618.34,25.1
2023-03-21 12:00:00+05:30,616.2,26.19
2023-03-21 13:00:00+05:30,684.89,27.06
2023-03-21 14:00:00+05:30,451.36,27.55
2023-03-21 15:00:00+05:30,502.77,27.21
2023-03-21 16:00:00+05:30,391.47,27.45
2023-03-21 17:00:00+05:30,285.72,27.14
2023-03-21 18:00:00+05:30,92.81,26.29
2023-03-21 19:00:00+05:30,0.0,24.94
2023-03-21 20:00:00+05:30,0.0,23.41
2023-03-21 21:00:00+05:30,0.0,22.21
2023-03-21 22:00:00+05:30,0.0,21.13
2023-03-21 23:00:00+05:30,0.0,20.16
2023-03-22 00:00:00+05:30,0.0,19.33
2023-03-22 01:00:00+05:30,0.0,18.89
2023-03-22 02:00:00+05:30,0.0,18.19
2023-03-22 03:00:00+05:30,0.0,17.5
2023-03-22 04:00:00+05:30,0.0,16.99
2023-03-22 05:00:00+05:30,0.0,16.51
2023-03-22 06:00:00+05:30,0.0,16.13
2023-03-22 07:00:00+05:30,41.81,15.79
2023-03-22 08:00:00+05:30,230.89,16.86
2023-03-22 09:00:00+05:30,445.37,20.63
2023-03-22 10:00:00+05:30,648.48,23.48
2023-03-22 11:00:00+05:30,791.92,25.94
2023-03-22 12:00:00+05:30,872.03,27.89
2023-03-22 13:00:00+05:30,846.75,29.37
2023-03-22 14:00:00+05:30,779.72,30.05
2023-03-22 15:00:00+05:30,605.96,30.59
2023-03-22 16:00:00+05:30,434.32,30.22
2023-03-22 17:00:00+05:30,292.17,29.5
2023-03-22 18:00:00+05:30,103.37,28.35
2023-03-22 19:00:00+05:30,0.0,26.67
2023-03-22 20:00:00+05:30,0.0,24.73
2023-03-22 21:00:00+05:30,0.0,23.27
2023-03-22 22:00:00+05:30,0.0,22.05
2023-03-22 23:00:00+05:30,0.0,21.0
2023-03-23 00:00:00+05:30,0.0,20.06
2023-03-23 01:00:00+05:30,0.0,19.46
2023-03-23 02:00:00+05:30,0.0,18.68
2023-03-23 03:00:00+05:30,0.0,17.8
2023-03-23 04:00:00+05:30,0.0,17.12
2023-03-23 05:00:00+05:30,0.0,16.65
2023-03-23 06:00:00+05:30,0.0,16.21
2023-03-23 07:00:00+05:30,44.67,15.99
2023-03-23 08:00:00+05:30,236.72,17.2
2023-03-23 09:00:00+05:30,442.08,21.22
2023-03-23 10:00:00+05:30,647.92,23.99
2023-03-23 11:00:00+05:30,788.22,26.11
2023-03-23 12:00:00+05:30,859.47,27.82
2023-03-23 13:00:00+05:30,862.46,28.87
2023-03-23 14:00:00+05:30,810.95,29.97
2023-03-23 15:00:00+05:30,677.71,30.55
2023-03-23 16:00:00+05:30,460.11,30.51
2023-03-23 17:00:00+05:30,258.81,29.5
2023-03-23 18:00:00+05:30,87.13,27.73
2023-03-23 19:00:00+05:30,0.0,25.86
2023-03-23 20:00:00+05:30,0.0,24.16
2023-03-23 21:00:00+05:30,0.0,23.0
2023-03-23 22:00:00+05:30,0.0,21.95
2023-03-23 23:00:00+05:30,0.0,21.05
2023-03-24 00:00:00+05:30,0.0,20.2
2023-03-24 01:00:00+05:30,0.0,19.62
2023-03-24 02:00:00+05:30,0.0,18.91
2023-03-24 03:00:00+05:30,0.0,18.22
2023-03-24 04:00:00+05:30,0.0,17.43
2023-03-24 05:00:00+05:30,0.0,16.99
2023-03-24 06:00:00+05:30,0.0,16.85
2023-03-24 07:00:00+05:30,48.06,17.01
2023-03-24 08:00:00+05:30,249.81,18.35
2023-03-24 09:00:00+05:30,470.0,22.05
2023-03-24 10:00:00+05:30,662.41,25.05
2023-03-24 11:00:00+05:30,805.98,27.27
2023-03-24 12:00:00+05:30,884.56,28.97
2023-03-24 13:00:00+05:30,894.54,30.23
2023-03-24 14:00:00+05:30,820.97,31.22
2023-03-24 15:00:00+05:30,674.33,31.86
2023-03-24 16:00:00+05:30,435.67,31.85
2023-03-24 17:00:00+05:30,246.34,30.89
2023-03-24 18:00:00+05:30,96.77,29.23
2023-03-24 19:00:00+05:30,0.0,27.25
2023-03-24 20:00:00+05:30,0.0,25.25
2023-03-24 21:00:00+05:30,0.0,23.75
2023-03-24 22:00:00+05:30,0.0,22.51
2023-03-24 23:00:00+05:30,0.0,21.46
2023-03-25 00:00:00+05:30,0.0,20.52
2023-03-25 01:00:00+05:30,0.0,19.86
2023-03-25 02:00:00+05:30,0.0,19.12
2023-03-25 03:00:00+05:30,0.0,18.28
2023-03-25 04:00:00+05:30,0.0,17.48
2023-03-25 05:00:00+05:30,0.0,16.79
2023-03-25 06:00:00+05:30,0.0,16.28
2023-03-25 07:00:00+05:30,50.62,16.07
2023-03-25 08:00:00+05:30,254.58,17.63
2023-03-25 09:00:00+05:30,476.73,21.13
2023-03-25 10:00:00+05:30,669.19,24.57
2023-03-25 11:00:00+05:30,813.77,27.45
2023-03-25 12:00:00+05:30,898.0,29.69
2023-03-25 13:00:00+05:30,908.93,30.94
2023-03-25 14:00:00+05:30,848.38,32.06
2023-03-25 15:00:00+05:30,722.06,32.54
2023-03-25 16:00:00+05:30,542.13,32.36
2023-03-25 17:00:00+05:30,326.67,31.46
2023-03-25 18:00:00+05:30,111.48,29.83
2023-03-25 19:00:00+05:30,0.0,27.68
2023-03-25 20:00:00+05:30,0.0,25.37
2023-03-25 21:00:00+05:30,0.0,23.66
2023-03-25 22:00:00+05:30,0.0,22.28
2023-03-25 23:00:00+05:30,0.0,21.09
2023-03-26 00:00:00+05:30,0.0,19.95
2023-03-26 01:00:00+05:30,0.0,18.91
2023-03-26 02:00:00+05:30,0.0,17.85
2023-03-26 03:00:00+05:30,0.0,17.03
2023-03-26 04:00:00+05:30,0.0,16.38
2023-03-26 05:00:00+05:30,0.0,15.83
2023-03-26 06:00:00+05:30,0.0,15.62
2023-03-26 07:00:00+05:30,53.49,15.48
2023-03-26 08:00:00+05:30,261.29,16.82
2023-03-26 09:00:00+05:30,483.87,21.18
2023-03-26 10:00:00+05:30,678.34,24.44
2023-03-26 11:00:00+05:30,823.92,26.98
2023-03-26 12:00:00+05:30,906.52,28.97
2023-03-26 13:00:00+05:30,917.71,30.22
2023-03-26 14:00:00+05:30,857.91,31.42
2023-03-26 15:00:00+05:30,731.8,32.05
2023-03-26 16:00:00+05:30,550.25,32.06
2023-03-26 17:00:00+05:30,332.37,31.26
2023-03-26 18:00:00+05:30,114.26,29.65
2023-03-26 19:00:00+05:30,0.0,27.39
2023-03-26 20:00:00+05:30,0.0,25.01
2023-03-26 21:00:00+05:30,0.0,23.29
2023-03-26 22:00:00+05:30,0.0,21.91
2023-03-26 23:00:00+05:30,0.0,20.71
2023-03-27 00:00:00+05:30,0.0,19.64
2023-03-27 01:00:00+05:30,0.0,18.98
2023-03-27 02:00:00+05:30,0.0,18.06
2023-03-27 03:00:00+05:30,0.0,17.3
2023-03-27 04:00:00+05:30,0.0,16.7
2023-03-27 05:00:00+05:30,0.0,16.02
2023-03-27 06:00:00+05:30,0.0,15.34
2023-03-27 07:00:00+05:30,57.43,15.13
2023-03-27 08:00:00+05:30,271.7,16.63
2023-03-27 09:00:00+05:30,499.4,20.51
2023-03-27 10:00:00+05:30,696.59,24.05
2023-03-27 11:00:00+05:30,841.32,26.89
2023-03-27 12:00:00+05:30,920.78,28.93
2023-03-27 13:00:00+05:30,929.16,30.36
2023-03-27 14:00:00+05:30,865.3,31.47
2023-03-27 15:00:00+05:30,734.62,32.17
2023-03-27 16:00:00+05:30,551.66,32.42
2023-03-27 17:00:00+05:30,332.85,32.13
2023-03-27 18:00:00+05:30,114.85,31.0
2023-03-27 19:00:00+05:30,0.0,28.82
2023-03-27 20:00:00+05:30,0.0,26.18
2023-03-27 21:00:00+05:30,0.0,24.2
2023-03-27 22:00:00+05:30,0.0,22.7
2023-03-27 23:00:00+05:30,0.0,21.51
2023-03-28 00:00:00+05:30,0.0,20.51
2023-03-28 01:00:00+05:30,0.0,20.01
2023-03-28 02:00:00+05:30,0.0,19.23
2023-03-28 03:00:00+05:30,0.0,18.59
2023-03-28 04:00:00+05:30,0.0,17.95
2023-03-28 05:00:00+05:30,0.0,17.2
2023-03-28 06:00:00+05:30,0.0,16.71
2023-03-28 07:00:00+05:30,39.5,16.69
2023-03-28 08:00:00+05:30,212.37,17.18
2023-03-28 09:00:00+05:30,464.86,19.92
2023-03-28 10:00:00+05:30,682.96,24.51
2023-03-28 11:00:00+05:30,823.08,27.73
2023-03-28 12:00:00+05:30,906.03,29.83
2023-03-28 13:00:00+05:30,915.38,31.3
2023-03-28 14:00:00+05:30,854.31,32.48
2023-03-28 15:00:00+05:30,728.38,33.17
2023-03-28 16:00:00+05:30,548.33,33.37
2023-03-28 17:00:00+05:30,332.44,33.04
2023-03-28 18:00:00+05:30,115.64,31.97
2023-03-28 19:00:00+05:30,0.0,29.79
2023-03-28 20:00:00+05:30,0.0,27.12
2023-03-28 21:00:00+05:30,0.0,25.13
2023-03-28 22:00:00+05:30,0.0,23.62
2023-03-28 23:00:00+05:30,0.0,22.46
2023-03-29 00:00:00+05:30,0.0,21.47
2023-03-29 01:00:00+05:30,0.0,20.7
2023-03-29 02:00:00+05:30,0.0,19.73
2023-03-29 03:00:00+05:30,0.0,18.79
2023-03-29 04:00:00+05:30,0.0,18.24
2023-03-29 05:00:00+05:30,0.0,17.98
2023-03-29 06:00:00+05:30,0.0,17.95
2023-03-29 07:00:00+05:30,67.33,17.95
2023-03-29 08:00:00+05:30,271.64,19.05
2023-03-29 09:00:00+05:30,494.57,23.58
2023-03-29 10:00:00+05:30,688.62,27.22
2023-03-29 11:00:00+05:30,831.2,29.7
2023-03-29 12:00:00+05:30,912.8,31.58
2023-03-29 13:00:00+05:30,920.92,32.94
2023-03-29 14:00:00+05:30,859.76,33.82
2023-03-29 15:00:00+05:30,733.67,33.95
2023-03-29 16:00:00+05:30,552.88,33.38
2023-03-29 17:00:00+05:30,335.6,32.25
2023-03-29 18:00:00+05:30,117.7,30.57
2023-03-29 19:00:00+05:30,0.0,28.38
2023-03-29 20:00:00+05:30,0.0,26.11
2023-03-29 21:00:00+05:30,0.0,24.39
2023-03-29 22:00:00+05:30,0.0,22.91
2023-03-29 23:00:00+05:30,0.0,21.63
2023-03-30 00:00:00+05:30,0.0,20.47
2023-03-30 01:00:00+05:30,0.0,19.75
2023-03-30 02:00:00+05:30,0.0,18.7
2023-03-30 03:00:00+05:30,0.0,17.84
2023-03-30 04:00:00+05:30,0.0,17.42
2023-03-30 05:00:00+05:30,0.0,17.09
2023-03-30 06:00:00+05:30,0.0,16.72
2023-03-30 07:00:00+05:30,62.84,16.28
2023-03-30 08:00:00+05:30,224.43,17.31
2023-03-30 09:00:00+05:30,483.73,20.17
2023-03-30 10:00:00+05:30,692.9,24.31
2023-03-30 11:00:00+05:30,834.24,27.3
2023-03-30 12:00:00+05:30,913.5,29.28
2023-03-30 13:00:00+05:30,916.18,29.99
2023-03-30 14:00:00+05:30,847.93,30.91
2023-03-30 15:00:00+05:30,726.25,31.36
2023-03-30 16:00:00+05:30,542.91,31.26
2023-03-30 17:00:00+05:30,328.19,30.44
2023-03-30 18:00:00+05:30,115.06,28.87
2023-03-30 19:00:00+05:30,0.0,26.78
2023-03-30 20:00:00+05:30,0.0,24.81
2023-03-30 21:00:00+05:30,0.0,23.31
2023-03-30 22:00:00+05:30,0.0,22.11
2023-03-30 23:00:00+05:30,0.0,21.13
2023-03-31 00:00:00+05:30,0.0,20.42
2023-03-31 01:00:00+05:30,0.0,19.9
2023-03-31 02:00:00+05:30,0.0,19.33
2023-03-31 03:00:00+05:30,0.0,18.89
2023-03-31 04:00:00+05:30,0.0,18.51
2023-03-31 05:00:00+05:30,0.0,18.16
2023-03-31 06:00:00+05:30,0.0,18.17
2023-03-31 07:00:00+05:30,51.23,18.08
2023-03-31 08:00:00+05:30,232.12,18.91
2023-03-31 09:00:00+05:30,423.02,21.4
2023-03-31 10:00:00+05:30,622.92,23.7
2023-03-31 11:00:00+05:30,719.86,26.01
2023-03-31 12:00:00+05:30,841.79,27.59
2023-03-31 13:00:00+05:30,885.77,29.17
2023-03-31 14:00:00+05:30,786.94,30.26
2023-03-31 15:00:00+05:30,611.3,30.66
2023-03-31 16:00:00+05:30,439.51,29.78
2023-03-31 17:00:00+05:30,254.07,28.67
2023-03-31 18:00:00+05:30,97.9,27.37
2023-03-31 19:00:00+05:30,0.0,26.03
2023-03-31 20:00:00+05:30,0.0,24.55
2023-03-31 21:00:00+05:30,0.0,23.44
2023-03-31 22:00:00+05:30,0.0,22.46
2023-03-31 23:00:00+05:30,0.0,21.6
2023-04-01 00:00:00+05:30,0.0,20.81
2023-04-01 01:00:00+05:30,0.0,20.27
2023-04-01 02:00:00+05:30,0.0,19.54
2023-04-01 03:00:00+05:30,0.0,18.91
2023-04-01 04:00:00+05:30,0.0,18.33
2023-04-01 05:00:00+05:30,0.0,17.83
2023-04-01 06:00:00+05:30,0.0,17.31
2023-04-01 07:00:00+05:30,74.71,16.87
2023-04-01 08:00:00+05:30,283.14,18.0
2023-04-01 09:00:00+05:30,511.47,22.4
2023-04-01 10:00:00+05:30,707.54,25.78
2023-04-01 11:00:00+05:30,851.49,28.21
2023-04-01 12:00:00+05:30,936.56,30.0
2023-04-01 13:00:00+05:30,945.14,31.32
2023-04-01 14:00:00+05:30,881.85,32.49
2023-04-01 15:00:00+05:30,752.28,33.07
2023-04-01 16:00:00+05:30,567.98,33.07
2023-04-01 17:00:00+05:30,347.18,32.42
2023-04-01 18:00:00+05:30,124.16,31.06
2023-04-01 19:00:00+05:30,0.0,28.93
2023-04-01 20:00:00+05:30,0.0,26.38
2023-04-01 21:00:00+05:30,0.0,24.49
2023-04-01 22:00:00+05:30,0.0,23.01
2023-04-01 23:00:00+05:30,0.0,21.83
2023-04-02 00:00:00+05:30,0.0,20.85
2023-04-02 01:00:00+05:30,0.0,20.25
2023-04-02 02:00:00+05:30,0.0,19.48
2023-04-02 03:00:00+05:30,0.0,18.68
2023-04-02 04:00:00+05:30,0.0,18.05
2023-04-02 05:00:00+05:30,0.0,17.34
2023-04-02 06:00:00+05:30,0.0,16.88
2023-04-02 07:00:00+05:30,62.94,16.63
2023-04-02 08:00:00+05:30,233.0,17.76
2023-04-02 09:00:00+05:30,504.74,20.88
2023-04-02 10:00:00+05:30,701.57,25.11
2023-04-02 11:00:00+05:30,843.37,27.9
2023-04-02 12:00:00+05:30,920.6,29.87
2023-04-02 13:00:00+05:30,926.77,31.09
2023-04-02 14:00:00+05:30,864.03,32.4
2023-04-02 15:00:00+05:30,736.98,33.19
2023-04-02 16:00:00+05:30,556.25,33.25
2023-04-02 17:00:00+05:30,339.7,32.5
2023-04-02 18:00:00+05:30,121.45,30.87
2023-04-02 19:00:00+05:30,0.0,28.38
2023-04-02 20:00:00+05:30,0.0,25.89
2023-04-02 21:00:00+05:30,0.0,24.14
2023-04-02 22:00:00+05:30,0.0,22.85
2023-04-02 23:00:00+05:30,0.0,21.75
2023-04-03 00:00:00+05:30,0.0,20.81
2023-04-03 01:00:00+05:30,0.0,20.21
2023-04-03 02:00:00+05:30,0.0,19.43
2023-04-03 03:00:00+05:30,0.0,18.72
2023-04-03 04:00:00+05:30,0.0,18.21
2023-04-03 05:00:00+05:30,0.0,17.81
2023-04-03 06:00:00+05:30,0.0,17.43
2023-04-03 07:00:00+05:30,69.33,17.21
2023-04-03 08:00:00+05:30,227.76,17.97
2023-04-03 09:00:00+05:30,509.84,20.33
2023-04-03 10:00:00+05:30,713.3,24.31
2023-04-03 11:00:00+05:30,856.36,27.38
2023-04-03 12:00:00+05:30,931.19,29.76
2023-04-03 13:00:00+05:30,936.14,31.29
2023-04-03 14:00:00+05:30,872.16,32.54
2023-04-03 15:00:00+05:30,742.35,33.28
2023-04-03 16:00:00+05:30,557.43,33.36
2023-04-03 17:00:00+05:30,338.93,32.81
2023-04-03 18:00:00+05:30,121.56,31.57
2023-04-03 19:00:00+05:30,0.0,29.45
2023-04-03 20:00:00+05:30,0.0,26.92
2023-04-03 21:00:00+05:30,0.0,24.99
2023-04-03 22:00:00+05:30,0.0,23.67
2023-04-03 23:00:00+05:30,0.0,22.6
2023-04-04 00:00:00+05:30,0.0,21.75
2023-04-04 01:00:00+05:30,0.0,21.41
2023-04-04 02:00:00+05:30,0.0,20.83
2023-04-04 03:00:00+05:30,0.0,20.14
2023-04-04 04:00:00+05:30,0.0,19.54
2023-04-04 05:00:00+05:30,0.0,19.34
2023-04-04 06:00:00+05:30,0.0,19.24
2023-04-04 07:00:00+05:30,78.29,18.87
2023-04-04 08:00:00+05:30,281.26,20.17
2023-04-04 09:00:00+05:30,510.0,24.11
2023-04-04 10:00:00+05:30,699.64,27.83
2023-04-04 11:00:00+05:30,839.08,30.57
2023-04-04 12:00:00+05:30,917.52,32.46
2023-04-04 13:00:00+05:30,895.13,33.74
2023-04-04 14:00:00+05:30,839.79,34.51
2023-04-04 15:00:00+05:30,595.73,35.06
2023-04-04 16:00:00+05:30,421.24,34.85
2023-04-04 17:00:00+05:30,183.26,33.95
2023-04-04 18:00:00+05:30,80.45,31.64
2023-04-04 19:00:00+05:30,0.0,29.47
2023-04-04 20:00:00+05:30,0.0,27.77
2023-04-04 21:00:00+05:30,0.0,26.4
2023-04-04 22:00:00+05:30,0.0,25.28
2023-04-04 23:00:00+05:30,0.0,24.34
2023-04-05 00:00:00+05:30,0.0,23.31
2023-04-05 01:00:00+05:30,0.0,22.64
2023-04-05 02:00:00+05:30,0.0,21.63
2023-04-05 03:00:00+05:30,0.0,20.76
2023-04-05 04:00:00+05:30,0.0,20.21
2023-04-05 05:00:00+05:30,0.0,19.85
2023-04-05 06:00:00+05:30,0.0,19.65
2023-04-05 07:00:00+05:30,68.01,19.35
2023-04-05 08:00:00+05:30,258.98,20.01
2023-04-05 09:00:00+05:30,501.6,24.34
2023-04-05 10:00:00+05:30,704.02,28.48
2023-04-05 11:00:00+05:30,843.19,31.19
2023-04-05 12:00:00+05:30,867.51,32.98
2023-04-05 13:00:00+05:30,763.16,33.98
2023-04-05 14:00:00+05:30,761.02,34.41
2023-04-05 15:00:00+05:30,574.55,34.89
2023-04-05 16:00:00+05:30,384.11,34.78
2023-04-05 17:00:00+05:30,244.34,33.95
2023-04-05 18:00:00+05:30,93.34,32.59
2023-04-05 19:00:00+05:30,0.0,30.71
2023-04-05 20:00:00+05:30,0.0,28.8
2023-04-05 21:00:00+05:30,0.0,27.28
2023-04-05 22:00:00+05:30,0.0,25.98
2023-04-05 23:00:00+05:30,0.0,24.99
2023-04-06 00:00:00+05:30,0.0,24.16
2023-04-06 01:00:00+05:30,0.0,23.34
2023-04-06 02:00:00+05:30,0.0,22.62
2023-04-06 03:00:00+05:30,0.0,21.82
2023-04-06 04:00:00+05:30,0.0,21.48
2023-04-06 05:00:00+05:30,0.0,21.63
2023-04-06 06:00:00+05:30,0.0,21.32
2023-04-06 07:00:00+05:30,67.59,21.08
2023-04-06 08:00:00+05:30,252.27,22.39
2023-04-06 09:00:00+05:30,430.84,26.13
2023-04-06 10:00:00+05:30,620.79,29.42
2023-04-06 11:00:00+05:30,783.83,31.92
2023-04-06 12:00:00+05:30,751.04,33.69
2023-04-06 13:00:00+05:30,789.66,33.98
2023-04-06 14:00:00+05:30,631.45,34.6
2023-04-06 15:00:00+05:30,539.03,34.67
2023-04-06 16:00:00+05:30,343.85,34.77
2023-04-06 17:00:00+05:30,159.87,34.37
2023-04-06 18:00:00+05:30,76.98,33.75
2023-04-06 19:00:00+05:30,0.0,32.64
2023-04-06 20:00:00+05:30,0.0,31.09
2023-04-06 21:00:00+05:30,0.0,29.13
2023-04-06 22:00:00+05:30,0.0,27.68
2023-04-06 23:00:00+05:30,0.0,26.66
2023-04-07 00:00:00+05:30,0.0,25.56
2023-04-07 01:00:00+05:30,0.0,24.85
2023-04-07 02:00:00+05:30,0.0,24.18
2023-04-07 03:00:00+05:30,0.0,23.27
2023-04-07 04:00:00+05:30,0.0,22.78
2023-04-07 05:00:00+05:30,0.0,22.89
2023-04-07 06:00:00+05:30,0.0,22.52
2023-04-07 07:00:00+05:30,78.15,22.65
2023-04-07 08:00:00+05:30,235.46,24.05
2023-04-07 09:00:00+05:30,481.46,27.85
2023-04-07 10:00:00+05:30,634.03,30.6
2023-04-07 11:00:00+05:30,733.18,32.31
2023-04-07 12:00:00+05:30,814.84,33.46
2023-04-07 13:00:00+05:30,784.82,34.34
2023-04-07 14:00:00+05:30,380.34,34.77
2023-04-07 15:00:00+05:30,451.09,33.57
2023-04-07 16:00:00+05:30,482.34,32.13
2023-04-07 17:00:00+05:30,237.91,29.82
2023-04-07 18:00:00+05:30,78.24,27.98
2023-04-07 19:00:00+05:30,0.0,27.9
2023-04-07 20:00:00+05:30,0.0,26.7
2023-04-07 21:00:00+05:30,0.0,25.31
2023-04-07 22:00:00+05:30,0.0,24.45
2023-04-07 23:00:00+05:30,0.0,23.74
2023-04-08 00:00:00+05:30,0.0,23.27
2023-04-08 01:00:00+05:30,0.0,23.56
2023-04-08 02:00:00+05:30,0.0,23.09
2023-04-08 03:00:00+05:30,0.0,22.82
2023-04-08 04:00:00+05:30,0.0,22.36
2023-04-08 05:00:00+05:30,0.0,22.28
2023-04-08 06:00:00+05:30,0.0,21.99
2023-04-08 07:00:00+05:30,74.05,21.69
2023-04-08 08:00:00+05:30,257.09,22.53
2023-04-08 09:00:00+05:30,430.99,24.28
2023-04-08 10:00:00+05:30,610.57,26.42
2023-04-08 11:00:00+05:30,714.97,28.65
2023-04-08 12:00:00+05:30,731.19,30.67
2023-04-08 13:00:00+05:30,861.12,32.09
2023-04-08 14:00:00+05:30,670.46,33.39
2023-04-08 15:00:00+05:30,398.1,33.49
2023-04-08 16:00:00+05:30,248.48,31.9
2023-04-08 17:00:00+05:30,151.41,28.21
2023-04-08 18:00:00+05:30,65.84,25.39
2023-04-08 19:00:00+05:30,0.0,25.51
2023-04-08 20:00:00+05:30,0.0,24.53
2023-04-08 21:00:00+05:30,0.0,24.09
2023-04-08 22:00:00+05:30,0.0,22.91
2023-04-08 23:00:00+05:30,0.0,22.22
2023-04-09 00:00:00+05:30,0.0,21.87
2023-04-09 01:00:00+05:30,0.0,22.47
2023-04-09 02:00:00+05:30,0.0,21.97
2023-04-09 03:00:00+05:30,0.0,21.64
2023-04-09 04:00:00+05:30,0.0,21.34
2023-04-09 05:00:00+05:30,0.0,21.06
2023-04-09 06:00:00+05:30,0.0,20.74
2023-04-09 07:00:00+05:30,64.65,20.87
2023-04-09 08:00:00+05:30,244.99,22.32
2023-04-09 09:00:00+05:30,506.83,25.43
2023-04-09 10:00:00+05:30,689.23,28.37
2023-04-09 11:00:00+05:30,815.75,30.37
2023-04-09 12:00:00+05:30,724.98,31.82
2023-04-09 13:00:00+05:30,800.49,32.56
2023-04-09 14:00:00+05:30,684.3,33.39
2023-04-09 15:00:00+05:30,591.14,33.45
2023-04-09 16:00:00+05:30,420.09,33.46
2023-04-09 17:00:00+05:30,170.23,32.97
2023-04-09 18:00:00+05:30,61.32,29.27
2023-04-09 19:00:00+05:30,0.0,25.53
2023-04-09 20:00:00+05:30,0.0,24.29
2023-04-09 21:00:00+05:30,0.0,23.65
2023-04-09 22:00:00+05:30,0.0,23.13
2023-04-09 23:00:00+05:30,0.0,22.62
2023-04-10 00:00:00+05:30,0.0,22.2
2023-04-10 01:00:00+05:30,0.0,22.43
2023-04-10 02:00:00+05:30,0.0,23.09
2023-04-10 03:00:00+05:30,0.0,21.74
2023-04-10 04:00:00+05:30,0.0,21.58
2023-04-10 05:00:00+05:30,0.0,21.57
2023-04-10 06:00:00+05:30,0.0,22.1
2023-04-10 07:00:00+05:30,95.84,21.8
2023-04-10 08:00:00+05:30,302.11,22.42
2023-04-10 09:00:00+05:30,517.58,26.68
2023-04-10 10:00:00+05:30,708.31,29.25
2023-04-10 11:00:00+05:30,838.12,31.15
2023-04-10 12:00:00+05:30,806.86,32.77
2023-04-10 13:00:00+05:30,862.8,33.57
2023-04-10 14:00:00+05:30,787.75,34.37
2023-04-10 15:00:00+05:30,663.87,34.65
2023-04-10 16:00:00+05:30,472.57,34.59
2023-04-10 17:00:00+05:30,223.02,34.2
2023-04-10 18:00:00+05:30,105.32,33.05
2023-04-10 19:00:00+05:30,0.0,31.85
2023-04-10 20:00:00+05:30,0.0,30.3
2023-04-10 21:00:00+05:30,0.0,28.35
2023-04-10 22:00:00+05:30,0.0,26.9
2023-04-10 23:00:00+05:30,0.0,25.82
2023-04-11 00:00:00+05:30,0.0,24.98
2023-04-11 01:00:00+05:30,0.0,24.59
2023-04-11 02:00:00+05:30,0.0,23.76
2023-04-11 03:00:00+05:30,0.0,23.53
2023-04-11 04:00:00+05:30,0.0,24.53
2023-04-11 05:00:00+05:30,0.0,24.22
2023-04-11 06:00:00+05:30,0.0,23.5
2023-04-11 07:00:00+05:30,95.73,22.69
2023-04-11 08:00:00+05:30,303.64,23.84
2023-04-11 09:00:00+05:30,514.17,28.15
2023-04-11 10:00:00+05:30,712.04,30.43
2023-04-11 11:00:00+05:30,854.22,32.57
2023-04-11 12:00:00+05:30,859.62,34.47
2023-04-11 13:00:00+05:30,890.74,35.38
2023-04-11 14:00:00+05:30,796.84,36.08
2023-04-11 15:00:00+05:30,528.43,36.29
2023-04-11 16:00:00+05:30,399.79,35.46
2023-04-11 17:00:00+05:30,251.4,34.6
2023-04-11 18:00:00+05:30,108.42,33.15
2023-04-11 19:00:00+05:30,0.0,31.21
2023-04-11 20:00:00+05:30,0.0,29.32
2023-04-11 21:00:00+05:30,0.0,28.02
2023-04-11 22:00:00+05:30,0.0,26.88
2023-04-11 23:00:00+05:30,0.0,25.99
2023-04-12 00:00:00+05:30,0.0,25.14
2023-04-12 01:00:00+05:30,0.0,25.19
2023-04-12 02:00:00+05:30,0.0,25.0
2023-04-12 03:00:00+05:30,0.0,24.55
2023-04-12 04:00:00+05:30,0.0,24.14
2023-04-12 05:00:00+05:30,0.0,23.76
2023-04-12 06:00:00+05:30,0.0,23.63
2023-04-12 07:00:00+05:30,97.75,23.24
2023-04-12 08:00:00+05:30,307.47,24.63
2023-04-12 09:00:00+05:30,529.53,28.9
2023-04-12 10:00:00+05:30,697.81,31.77
2023-04-12 11:00:00+05:30,843.96,33.72
2023-04-12 12:00:00+05:30,814.01,35.34
2023-04-12 13:00:00+05:30,795.09,35.88
2023-04-12 14:00:00+05:30,693.47,36.29
2023-04-12 15:00:00+05:30,661.99,36.41
2023-04-12 16:00:00+05:30,468.91,36.62
2023-04-12 17:00:00+05:30,265.16,36.34
2023-04-12 18:00:00+05:30,95.64,35.63
2023-04-12 19:00:00+05:30,0.0,34.25
2023-04-12 20:00:00+05:30,0.0,32.03
2023-04-12 21:00:00+05:30,0.0,30.17
2023-04-12 22:00:00+05:30,0.0,28.8
2023-04-12 23:00:00+05:30,0.0,27.97
2023-04-13 00:00:00+05:30,0.0,27.0
2023-04-13 01:00:00+05:30,0.0,25.97
2023-04-13 02:00:00+05:30,0.0,26.58
2023-04-13 03:00:00+05:30,0.0,26.3
2023-04-13 04:00:00+05:30,0.0,24.72
2023-04-13 05:00:00+05:30,0.0,23.63
2023-04-13 06:00:00+05:30,0.0,23.52
2023-04-13 07:00:00+05:30,84.26,23.66
2023-04-13 08:00:00+05:30,278.01,24.96
2023-04-13 09:00:00+05:30,487.85,29.37
2023-04-13 10:00:00+05:30,672.91,32.17
2023-04-13 11:00:00+05:30,827.15,34.34
2023-04-13 12:00:00+05:30,709.05,35.91
2023-04-13 13:00:00+05:30,767.85,35.96
2023-04-13 14:00:00+05:30,693.69,36.62
2023-04-13 15:00:00+05:30,614.06,36.77
2023-04-13 16:00:00+05:30,424.92,37.01
2023-04-13 17:00:00+05:30,186.37,36.21
2023-04-13 18:00:00+05:30,85.01,32.86
2023-04-13 19:00:00+05:30,0.0,31.73
2023-04-13 20:00:00+05:30,0.0,30.38
2023-04-13 21:00:00+05:30,0.0,28.84
2023-04-13 22:00:00+05:30,0.0,27.52
2023-04-13 23:00:00+05:30,0.0,26.52
2023-04-14 00:00:00+05:30,0.0,26.58
2023-04-14 01:00:00+05:30,0.0,26.1
2023-04-14 02:00:00+05:30,0.0,25.94
2023-04-14 03:00:00+05:30,0.0,25.59
2023-04-14 04:00:00+05:30,0.0,25.8
2023-04-14 05:00:00+05:30,0.0,25.79
2023-04-14 06:00:00+05:30,0.0,25.61
2023-04-14 07:00:00+05:30,107.95,24.9
2023-04-14 08:00:00+05:30,321.38,25.59
2023-04-14 09:00:00+05:30,538.02,29.97
2023-04-14 10:00:00+05:30,719.91,32.85
2023-04-14 11:00:00+05:30,821.67,34.55
2023-04-14 12:00:00+05:30,818.37,35.76
2023-04-14 13:00:00+05:30,758.27,36.34
2023-04-14 14:00:00+05:30,598.03,36.71
2023-04-14 15:00:00+05:30,488.25,36.58
2023-04-14 16:00:00+05:30,312.57,35.91
2023-04-14 17:00:00+05:30,192.95,33.16
2023-04-14 18:00:00+05:30,72.36,32.03
2023-04-14 19:00:00+05:30,0.0,31.31
2023-04-14 20:00:00+05:30,0.0,30.2
2023-04-14 21:00:00+05:30,0.0,29.33
2023-04-14 22:00:00+05:30,0.0,28.31
2023-04-14 23:00:00+05:30,0.0,27.5
2023-04-15 00:00:00+05:30,0.0,26.97
2023-04-15 01:00:00+05:30,0.0,26.09
2023-04-15 02:00:00+05:30,0.0,25.23
2023-04-15 03:00:00+05:30,0.0,24.53
2023-04-15 04:00:00+05:30,0.0,24.02
2023-04-15 05:00:00+05:30,0.0,23.55
2023-04-15 06:00:00+05:30,0.0,23.0
2023-04-15 07:00:00+05:30,103.61,22.42
2023-04-15 08:00:00+05:30,318.98,23.51
2023-04-15 09:00:00+05:30,509.78,26.12
2023-04-15 10:00:00+05:30,707.11,29.06
2023-04-15 11:00:00+05:30,842.93,32.03
2023-04-15 12:00:00+05:30,921.44,34.12
2023-04-15 13:00:00+05:30,894.84,35.24
2023-04-15 14:00:00+05:30,799.35,35.81
2023-04-15 15:00:00+05:30,408.52,36.34
2023-04-15 16:00:00+05:30,311.54,33.76
2023-04-15 17:00:00+05:30,165.92,29.14
2023-04-15 18:00:00+05:30,92.38,28.56
2023-04-15 19:00:00+05:30,0.0,28.36
2023-04-15 20:00:00+05:30,0.0,27.64
2023-04-15 21:00:00+05:30,0.0,27.04
2023-04-15 22:00:00+05:30,0.0,26.54
2023-04-15 23:00:00+05:30,0.0,25.93
2023-04-16 00:00:00+05:30,0.0,25.05
2023-04-16 01:00:00+05:30,0.0,23.82
2023-04-16 02:00:00+05:30,0.0,23.15
2023-04-16 03:00:00+05:30,0.0,22.84
2023-04-16 04:00:00+05:30,0.0,22.41
2023-04-16 05:00:00+05:30,0.0,21.96
2023-04-16 06:00:00+05:30,0.0,22.03
2023-04-16 07:00:00+05:30,110.71,22.43
2023-04-16 08:00:00+05:30,324.41,23.82
2023-04-16 09:00:00+05:30,525.61,27.55
2023-04-16 10:00:00+05:30,693.27,30.07
2023-04-16 11:00:00+05:30,853.27,31.98
2023-04-16 12:00:00+05:30,894.73,33.55
2023-04-16 13:00:00+05:30,810.58,34.69
2023-04-16 14:00:00+05:30,740.05,35.1
2023-04-16 15:00:00+05:30,566.4,35.26
2023-04-16 16:00:00+05:30,482.42,34.62
2023-04-16 17:00:00+05:30,285.68,33.01
2023-04-16 18:00:00+05:30,99.6,30.28
2023-04-16 19:00:00+05:30,0.0,29.55
2023-04-16 20:00:00+05:30,0.0,28.62
2023-04-16 21:00:00+05:30,0.0,27.71
2023-04-16 22:00:00+05:30,0.0,26.46
2023-04-16 23:00:00+05:30,0.0,25.3
2023-04-17 00:00:00+05:30,0.0,24.26
2023-04-17 01:00:00+05:30,0.0,24.2
2023-04-17 02:00:00+05:30,0.0,24.27
2023-04-17 03:00:00+05:30,0.0,23.14
2023-04-17 04:00:00+05:30,0.0,22.57
2023-04-17 05:00:00+05:30,0.0,22.14
2023-04-17 06:00:00+05:30,0.0,21.94
2023-04-17 07:00:00+05:30,90.43,21.96
2023-04-17 08:00:00+05:30,293.66,24.02
2023-04-17 09:00:00+05:30,507.2,28.36
2023-04-17 10:00:00+05:30,654.28,31.41
2023-04-17 11:00:00+05:30,830.13,33.15
2023-04-17 12:00:00+05:30,711.65,34.43
2023-04-17 13:00:00+05:30,672.03,34.57
2023-04-17 14:00:00+05:30,741.81,34.94
2023-04-17 15:00:00+05:30,676.19,35.36
2023-04-17 16:00:00+05:30,495.17,35.49
2023-04-17 17:00:00+05:30,205.25,35.35
2023-04-17 18:00:00+05:30,87.3,33.68
2023-04-17 19:00:00+05:30,0.0,31.01
2023-04-17 20:00:00+05:30,0.0,29.37
2023-04-17 21:00:00+05:30,0.0,28.12
2023-04-17 22:00:00+05:30,0.0,26.9
2023-04-17 23:00:00+05:30,0.0,26.03
2023-04-18 00:00:00+05:30,0.0,26.26
2023-04-18 01:00:00+05:30,0.0,25.43
2023-04-18 02:00:00+05:30,0.0,25.23
2023-04-18 03:00:00+05:30,0.0,24.41
2023-04-18 04:00:00+05:30,0.0,23.07
2023-04-18 05:00:00+05:30,0.0,22.2
2023-04-18 06:00:00+05:30,0.0,21.83
2023-04-18 07:00:00+05:30,99.3,21.9
2023-04-18 08:00:00+05:30,286.76,24.57
2023-04-18 09:00:00+05:30,507.52,28.33
2023-04-18 10:00:00+05:30,724.39,31.44
2023-04-18 11:00:00+05:30,844.46,33.96
2023-04-18 12:00:00+05:30,869.84,35.5
2023-04-18 13:00:00+05:30,848.66,36.4
2023-04-18 14:00:00+05:30,827.65,36.88
2023-04-18 15:00:00+05:30,677.23,37.32
2023-04-18 16:00:00+05:30,399.26,37.21
2023-04-18 17:00:00+05:30,258.33,36.6
2023-04-18 18:00:00+05:30,90.77,36.1
2023-04-18 19:00:00+05:30,0.0,34.57
2023-04-18 20:00:00+05:30,0.0,32.46
2023-04-18 21:00:00+05:30,0.0,30.39
2023-04-18 22:00:00+05:30,0.0,28.88
2023-04-18 23:00:00+05:30,0.0,27.67
2023-04-19 00:00:00+05:30,0.0,26.5
2023-04-19 01:00:00+05:30,0.0,26.4
2023-04-19 02:00:00+05:30,0.0,26.06
2023-04-19 03:00:00+05:30,0.0,25.68
2023-04-19 04:00:00+05:30,0.0,24.14
2023-04-19 05:00:00+05:30,0.0,23.7
2023-04-19 06:00:00+05:30,0.0,23.89
2023-04-19 07:00:00+05:30,123.56,24.31
2023-04-19 08:00:00+05:30,341.47,25.62
2023-04-19 09:00:00+05:30,558.27,29.55
2023-04-19 10:00:00+05:30,741.6,32.36
2023-04-19 11:00:00+05:30,873.84,34.52
2023-04-19 12:00:00+05:30,869.25,35.97
2023-04-19 13:00:00+05:30,915.38,36.83
2023-04-19 14:00:00+05:30,809.24,37.48
2023-04-19 15:00:00+05:30,650.9,37.61
2023-04-19 16:00:00+05:30,423.12,37.7
2023-04-19 17:00:00+05:30,209.57,36.54
2023-04-19 18:00:00+05:30,119.51,33.98
2023-04-19 19:00:00+05:30,0.0,32.26
2023-04-19 20:00:00+05:30,0.0,30.57
2023-04-19 21:00:00+05:30,0.0,29.23
2023-04-19 22:00:00+05:30,0.0,28.16
2023-04-19 23:00:00+05:30,0.0,27.17
2023-04-20 00:00:00+05:30,0.0,25.98
2023-04-20 01:00:00+05:30,0.0,25.08
2023-04-20 02:00:00+05:30,0.0,24.24
2023-04-20 03:00:00+05:30,0.0,23.65
2023-04-20 04:00:00+05:30,0.0,23.34
2023-04-20 05:00:00+05:30,0.0,22.92
2023-04-20 06:00:00+05:30,0.0,22.5
2023-04-20 07:00:00+05:30,109.4,22.0
2023-04-20 08:00:00+05:30,317.93,24.18
2023-04-20 09:00:00+05:30,531.59,28.61
2023-04-20 10:00:00+05:30,697.53,31.53
2023-04-20 11:00:00+05:30,844.36,33.39
2023-04-20 12:00:00+05:30,890.9,34.63
2023-04-20 13:00:00+05:30,862.22,35.42
2023-04-20 14:00:00+05:30,587.32,35.74
2023-04-20 15:00:00+05:30,571.65,32.05
2023-04-20 16:00:00+05:30,357.78,32.76
2023-04-20 17:00:00+05:30,326.13,32.85
2023-04-20 18:00:00+05:30,129.29,32.16
2023-04-20 19:00:00+05:30,0.0,30.68
2023-04-20 20:00:00+05:30,0.0,28.82
2023-04-20 21:00:00+05:30,0.0,27.46
2023-04-20 22:00:00+05:30,0.0,26.35
2023-04-20 23:00:00+05:30,0.0,25.42
2023-04-21 00:00:00+05:30,0.0,24.61
2023-04-21 01:00:00+05:30,0.0,23.96
2023-04-21 02:00:00+05:30,0.0,23.07
2023-04-21 03:00:00+05:30,0.0,22.08
2023-04-21 04:00:00+05:30,0.0,21.12
2023-04-21 05:00:00+05:30,0.0,20.75
2023-04-21 06:00:00+05:30,0.0,20.5
2023-04-21 07:00:00+05:30,126.94,20.33
2023-04-21 08:00:00+05:30,352.13,22.93
2023-04-21 09:00:00+05:30,570.4,27.42
2023-04-21 10:00:00+05:30,747.93,30.12
2023-04-21 11:00:00+05:30,889.36,32.03
2023-04-21 12:00:00+05:30,957.57,33.44
2023-04-21 13:00:00+05:30,894.24,34.42
2023-04-21 14:00:00+05:30,802.04,34.68
2023-04-21 15:00:00+05:30,675.55,33.45
2023-04-21 16:00:00+05:30,510.27,33.36
2023-04-21 17:00:00+05:30,345.28,32.77
2023-04-21 18:00:00+05:30,136.42,31.58
2023-04-21 19:00:00+05:30,0.0,29.81
2023-04-21 20:00:00+05:30,0.0,27.69
2023-04-21 21:00:00+05:30,0.0,26.06
2023-04-21 22:00:00+05:30,0.0,24.64
2023-04-21 23:00:00+05:30,0.0,23.45
2023-04-22 00:00:00+05:30,0.0,22.48
2023-04-22 01:00:00+05:30,0.0,22.09
2023-04-22 02:00:00+05:30,0.0,21.49
2023-04-22 03:00:00+05:30,0.0,20.94
2023-04-22 04:00:00+05:30,0.0,20.36
2023-04-22 05:00:00+05:30,0.0,19.71
2023-04-22 06:00:00+05:30,0.0,18.9
2023-04-22 07:00:00+05:30,133.02,18.37
2023-04-22 08:00:00+05:30,358.47,20.86
2023-04-22 09:00:00+05:30,576.78,25.2
2023-04-22 10:00:00+05:30,759.2,27.92
2023-04-22 11:00:00+05:30,888.44,30.0
2023-04-22 12:00:00+05:30,954.98,31.49
2023-04-22 13:00:00+05:30,954.68,32.58
2023-04-22 14:00:00+05:30,876.25,33.13
2023-04-22 15:00:00+05:30,672.05,33.06
2023-04-22 16:00:00+05:30,554.81,32.33
2023-04-22 17:00:00+05:30,363.63,31.62
2023-04-22 18:00:00+05:30,144.35,30.36
2023-04-22 19:00:00+05:30,0.0,28.5
2023-04-22 20:00:00+05:30,0.0,26.47
2023-04-22 21:00:00+05:30,0.0,24.93
2023-04-22 22:00:00+05:30,0.0,23.63
2023-04-22 23:00:00+05:30,0.0,22.51
2023-04-23 00:00:00+05:30,0.0,21.55
2023-04-23 01:00:00+05:30,0.0,20.98
2023-04-23 02:00:00+05:30,0.0,20.41
2023-04-23 03:00:00+05:30,0.0,19.74
2023-04-23 04:00:00+05:30,0.0,19.17
2023-04-23 05:00:00+05:30,0.0,18.77
2023-04-23 06:00:00+05:30,0.0,18.43
2023-04-23 07:00:00+05:30,126.43,18.22
2023-04-23 08:00:00+05:30,333.14,20.06
2023-04-23 09:00:00+05:30,574.71,24.17
2023-04-23 10:00:00+05:30,757.59,27.59
2023-04-23 11:00:00+05:30,883.95,29.87
2023-04-23 12:00:00+05:30,925.53,31.51
2023-04-23 13:00:00+05:30,807.82,32.42
2023-04-23 14:00:00+05:30,785.76,32.84
2023-04-23 15:00:00+05:30,665.46,33.26
2023-04-23 16:00:00+05:30,496.28,33.26
2023-04-23 17:00:00+05:30,263.81,32.84
2023-04-23 18:00:00+05:30,120.32,31.43
2023-04-23 19:00:00+05:30,0.0,29.27
2023-04-23 20:00:00+05:30,0.0,26.93
2023-04-23 21:00:00+05:30,0.0,25.52
2023-04-23 22:00:00+05:30,0.0,24.42
2023-04-23 23:00:00+05:30,0.0,23.63
2023-04-24 00:00:00+05:30,0.0,22.95
2023-04-24 01:00:00+05:30,0.0,22.36
2023-04-24 02:00:00+05:30,0.0,21.55
2023-04-24 03:00:00+05:30,0.0,20.96
2023-04-24 04:00:00+05:30,0.0,20.29
2023-04-24 05:00:00+05:30,0.0,19.69
2023-04-24 06:00:00+05:30,0.0,19.83
2023-04-24 07:00:00+05:30,98.67,19.96
2023-04-24 08:00:00+05:30,294.13,22.34
2023-04-24 09:00:00+05:30,494.55,26.35
2023-04-24 10:00:00+05:30,748.62,29.43
2023-04-24 11:00:00+05:30,885.27,32.06
2023-04-24 12:00:00+05:30,887.33,33.6
2023-04-24 13:00:00+05:30,892.46,34.49
2023-04-24 14:00:00+05:30,762.2,35.18
2023-04-24 15:00:00+05:30,688.84,35.42
2023-04-24 16:00:00+05:30,420.17,35.7
2023-04-24 17:00:00+05:30,265.62,35.28
2023-04-24 18:00:00+05:30,100.73,34.42
2023-04-24 19:00:00+05:30,0.0,32.0
2023-04-24 20:00:00+05:30,0.0,29.13
2023-04-24 21:00:00+05:30,0.0,27.16
2023-04-24 22:00:00+05:30,0.0,25.81
2023-04-24 23:00:00+05:30,0.0,24.97
2023-04-25 00:00:00+05:30,0.0,24.25
2023-04-25 01:00:00+05:30,0.0,23.59
2023-04-25 02:00:00+05:30,0.0,22.93
2023-04-25 03:00:00+05:30,0.0,23.07
2023-04-25 04:00:00+05:30,0.0,22.81
2023-04-25 05:00:00+05:30,0.0,22.65
2023-04-25 06:00:00+05:30,0.0,22.55
2023-04-25 07:00:00+05:30,131.06,22.62
2023-04-25 08:00:00+05:30,355.97,24.36
2023-04-25 09:00:00+05:30,570.31,28.43
2023-04-25 10:00:00+05:30,755.89,31.09
2023-04-25 11:00:00+05:30,887.25,32.91
2023-04-25 12:00:00+05:30,958.3,34.28
2023-04-25 13:00:00+05:30,918.3,35.13
2023-04-25 14:00:00+05:30,737.05,36.0
2023-04-25 15:00:00+05:30,528.94,36.2
2023-04-25 16:00:00+05:30,320.45,35.82
2023-04-25 17:00:00+05:30,217.99,34.18
2023-04-25 18:00:00+05:30,113.41,31.49
2023-04-25 19:00:00+05:30,0.0,29.26
2023-04-25 20:00:00+05:30,0.0,27.46
2023-04-25 21:00:00+05:30,0.0,25.97
2023-04-25 22:00:00+05:30,0.0,25.18
2023-04-25 23:00:00+05:30,0.0,24.53
2023-04-26 00:00:00+05:30,0.0,23.91
2023-04-26 01:00:00+05:30,0.0,22.94
2023-04-26 02:00:00+05:30,0.0,22.53
2023-04-26 03:00:00+05:30,0.0,22.03
2023-04-26 04:00:00+05:30,0.0,21.54
2023-04-26 05:00:00+05:30,0.0,21.03
2023-04-26 06:00:00+05:30,0.0,21.23
2023-04-26 07:00:00+05:30,108.72,21.02
2023-04-26 08:00:00+05:30,316.65,22.27
2023-04-26 09:00:00+05:30,518.51,25.11
2023-04-26 10:00:00+05:30,641.65,28.11
2023-04-26 11:00:00+05:30,876.53,30.42
2023-04-26 12:00:00+05:30,695.83,32.44
2023-04-26 13:00:00+05:30,722.51,32.92
2023-04-26 14:00:00+05:30,821.97,33.63
2023-04-26 15:00:00+05:30,701.08,34.21
2023-04-26 16:00:00+05:30,512.92,34.05
2023-04-26 17:00:00+05:30,328.78,33.27
2023-04-26 18:00:00+05:30,121.36,31.7
2023-04-26 19:00:00+05:30,0.0,29.25
2023-04-26 20:00:00+05:30,0.0,27.11
2023-04-26 21:00:00+05:30,0.0,25.56
2023-04-26 22:00:00+05:30,0.0,24.6
2023-04-26 23:00:00+05:30,0.0,23.87
2023-04-27 00:00:00+05:30,0.0,23.18
2023-04-27 01:00:00+05:30,0.0,22.91
2023-04-27 02:00:00+05:30,0.0,22.54
2023-04-27 03:00:00+05:30,0.0,22.11
2023-04-27 04:00:00+05:30,0.0,21.59
2023-04-27 05:00:00+05:30,0.0,21.73
2023-04-27 06:00:00+05:30,0.0,21.52
2023-04-27 07:00:00+05:30,108.98,21.27
2023-04-27 08:00:00+05:30,316.11,22.55
2023-04-27 09:00:00+05:30,411.89,25.66
2023-04-27 10:00:00+05:30,673.26,27.98
2023-04-27 11:00:00+05:30,766.07,30.81
2023-04-27 12:00:00+05:30,728.16,32.18
2023-04-27 13:00:00+05:30,796.98,32.76
2023-04-27 14:00:00+05:30,780.58,33.59
2023-04-27 15:00:00+05:30,686.22,33.86
2023-04-27 16:00:00+05:30,458.69,33.63
2023-04-27 17:00:00+05:30,295.85,31.87
2023-04-27 18:00:00+05:30,129.75,31.06
2023-04-27 19:00:00+05:30,0.0,29.83
2023-04-27 20:00:00+05:30,0.0,28.23
2023-04-27 21:00:00+05:30,0.0,27.08
2023-04-27 22:00:00+05:30,0.0,26.02
2023-04-27 23:00:00+05:30,0.0,25.06
2023-04-28 00:00:00+05:30,0.0,24.28
2023-04-28 01:00:00+05:30,0.0,24.1
2023-04-28 02:00:00+05:30,0.0,23.93
2023-04-28 03:00:00+05:30,0.0,23.1
2023-04-28 04:00:00+05:30,0.0,22.4
2023-04-28 05:00:00+05:30,0.0,22.08
2023-04-28 06:00:00+05:30,0.0,21.89
2023-04-28 07:00:00+05:30,132.12,21.66
2023-04-28 08:00:00+05:30,342.67,23.8
2023-04-28 09:00:00+05:30,520.52,26.38
2023-04-28 10:00:00+05:30,689.62,28.93
2023-04-28 11:00:00+05:30,846.8,31.06
2023-04-28 12:00:00+05:30,731.01,32.47
2023-04-28 13:00:00+05:30,551.39,32.94
2023-04-28 14:00:00+05:30,577.39,29.39
2023-04-28 15:00:00+05:30,539.69,30.13
2023-04-28 16:00:00+05:30,420.8,30.33
2023-04-28 17:00:00+05:30,281.12,28.26
2023-04-28 18:00:00+05:30,136.14,28.48
2023-04-28 19:00:00+05:30,0.0,27.94
2023-04-28 20:00:00+05:30,0.0,26.76
2023-04-28 21:00:00+05:30,0.0,25.87
2023-04-28 22:00:00+05:30,0.0,24.99
2023-04-28 23:00:00+05:30,0.0,24.25
2023-04-29 00:00:00+05:30,0.0,23.49
2023-04-29 01:00:00+05:30,0.0,23.22
2023-04-29 02:00:00+05:30,0.0,22.76
2023-04-29 03:00:00+05:30,0.0,22.11
2023-04-29 04:00:00+05:30,0.0,21.53
2023-04-29 05:00:00+05:30,0.0,21.16
2023-04-29 06:00:00+05:30,0.0,21.1
2023-04-29 07:00:00+05:30,128.24,20.89
2023-04-29 08:00:00+05:30,340.82,23.06
2023-04-29 09:00:00+05:30,520.6,25.79
2023-04-29 10:00:00+05:30,653.76,27.73
2023-04-29 11:00:00+05:30,755.02,29.32
2023-04-29 12:00:00+05:30,835.9,30.52
2023-04-29 13:00:00+05:30,787.48,31.46
2023-04-29 14:00:00+05:30,658.72,32.0
2023-04-29 15:00:00+05:30,601.25,30.29
2023-04-29 16:00:00+05:30,380.65,31.0
2023-04-29 17:00:00+05:30,312.45,30.27
2023-04-29 18:00:00+05:30,133.05,29.81
2023-04-29 19:00:00+05:30,0.0,28.73
2023-04-29 20:00:00+05:30,0.0,27.28
2023-04-29 21:00:00+05:30,0.0,26.1
2023-04-29 22:00:00+05:30,0.0,25.03
2023-04-29 23:00:00+05:30,0.0,24.08
2023-04-30 00:00:00+05:30,0.0,23.23
2023-04-30 01:00:00+05:30,0.0,22.87
2023-04-30 02:00:00+05:30,0.0,22.12
2023-04-30 03:00:00+05:30,0.0,21.44
2023-04-30 04:00:00+05:30,0.0,20.86
2023-04-30 05:00:00+05:30,0.0,20.37
2023-04-30 06:00:00+05:30,0.0,20.07
2023-04-30 07:00:00+05:30,110.0,19.93
2023-04-30 08:00:00+05:30,313.57,21.68
2023-04-30 09:00:00+05:30,558.98,24.33
2023-04-30 10:00:00+05:30,697.6,26.88
2023-04-30 11:00:00+05:30,885.54,28.62
2023-04-30 12:00:00+05:30,958.73,30.32
2023-04-30 13:00:00+05:30,937.2,31.77
2023-04-30 14:00:00+05:30,837.78,32.32
2023-04-30 15:00:00+05:30,740.58,32.16
2023-04-30 16:00:00+05:30,554.31,31.83
2023-04-30 17:00:00+05:30,330.46,30.65
2023-04-30 18:00:00+05:30,150.5,28.78
2023-04-30 19:00:00+05:30,0.0,26.86
2023-04-30 20:00:00+05:30,0.0,25.24
2023-04-30 21:00:00+05:30,0.0,24.13
2023-04-30 22:00:00+05:30,0.0,23.26
2023-04-30 23:00:00+05:30,0.0,22.58
2023-05-01 00:00:00+05:30,0.0,21.82
2023-05-01 01:00:00+05:30,0.0,21.27
2023-05-01 02:00:00+05:30,0.0,20.79
2023-05-01 03:00:00+05:30,0.0,20.43
2023-05-01 04:00:00+05:30,0.0,20.17
2023-05-01 05:00:00+05:30,0.0,19.91
2023-05-01 06:00:00+05:30,0.0,19.47
2023-05-01 07:00:00+05:30,138.87,19.06
2023-05-01 08:00:00+05:30,370.19,20.97
2023-05-01 09:00:00+05:30,592.05,23.74
2023-05-01 10:00:00+05:30,777.51,26.38
2023-05-01 11:00:00+05:30,908.01,28.56
2023-05-01 12:00:00+05:30,972.62,30.28
2023-05-01 13:00:00+05:30,974.58,31.49
2023-05-01 14:00:00+05:30,906.05,32.43
2023-05-01 15:00:00+05:30,749.86,32.7
2023-05-01 16:00:00+05:30,580.04,32.16
2023-05-01 17:00:00+05:30,357.62,31.0
2023-05-01 18:00:00+05:30,155.02,29.38
2023-05-01 19:00:00+05:30,0.0,27.62
2023-05-01 20:00:00+05:30,0.0,25.84
2023-05-01 21:00:00+05:30,0.0,24.56
2023-05-01 22:00:00+05:30,0.0,23.55
2023-05-01 23:00:00+05:30,0.0,22.63
2023-05-02 00:00:00+05:30,0.0,21.91
2023-05-02 01:00:00+05:30,0.0,21.78
2023-05-02 02:00:00+05:30,0.0,21.22
2023-05-02 03:00:00+05:30,0.0,20.52
2023-05-02 04:00:00+05:30,0.0,19.9
2023-05-02 05:00:00+05:30,0.0,20.2
2023-05-02 06:00:00+05:30,0.0,20.17
2023-05-02 07:00:00+05:30,147.2,19.92
2023-05-02 08:00:00+05:30,360.12,21.56
2023-05-02 09:00:00+05:30,546.86,24.25
2023-05-02 10:00:00+05:30,733.21,26.46
2023-05-02 11:00:00+05:30,712.41,28.28
2023-05-02 12:00:00+05:30,874.89,29.2
2023-05-02 13:00:00+05:30,795.24,30.43
2023-05-02 14:00:00+05:30,676.94,30.82
2023-05-02 15:00:00+05:30,578.71,30.77
2023-05-02 16:00:00+05:30,360.16,30.33
2023-05-02 17:00:00+05:30,230.66,29.25
2023-05-02 18:00:00+05:30,123.58,28.14
2023-05-02 19:00:00+05:30,0.0,27.07
2023-05-02 20:00:00+05:30,0.0,25.95
2023-05-02 21:00:00+05:30,0.0,25.03
2023-05-02 22:00:00+05:30,0.0,24.21
2023-05-02 23:00:00+05:30,0.0,23.51
2023-05-03 00:00:00+05:30,0.0,22.74
2023-05-03 01:00:00+05:30,0.0,22.27
2023-05-03 02:00:00+05:30,0.0,21.75
2023-05-03 03:00:00+05:30,0.0,21.24
2023-05-03 04:00:00+05:30,0.0,20.86
2023-05-03 05:00:00+05:30,0.0,20.24
2023-05-03 06:00:00+05:30,0.0,19.76
2023-05-03 07:00:00+05:30,137.24,19.58
2023-05-03 08:00:00+05:30,343.19,21.8
2023-05-03 09:00:00+05:30,576.55,24.43
2023-05-03 10:00:00+05:30,769.72,27.01
2023-05-03 11:00:00+05:30,904.12,29.02
2023-05-03 12:00:00+05:30,771.47,30.73
2023-05-03 13:00:00+05:30,738.16,31.09
2023-05-03 14:00:00+05:30,678.69,31.41
2023-05-03 15:00:00+05:30,529.56,31.51
2023-05-03 16:00:00+05:30,407.63,31.17
2023-05-03 17:00:00+05:30,249.89,30.66
2023-05-03 18:00:00+05:30,127.9,29.76
2023-05-03 19:00:00+05:30,0.0,28.34
2023-05-03 20:00:00+05:30,0.0,26.58
2023-05-03 21:00:00+05:30,0.0,25.33
2023-05-03 22:00:00+05:30,0.0,24.28
2023-05-03 23:00:00+05:30,0.0,23.44
2023-05-04 00:00:00+05:30,0.0,22.64
2023-05-04 01:00:00+05:30,0.0,22.14
2023-05-04 02:00:00+05:30,0.0,21.42
2023-05-04 03:00:00+05:30,0.0,20.74
2023-05-04 04:00:00+05:30,0.0,20.17
2023-05-04 05:00:00+05:30,0.0,19.72
2023-05-04 06:00:00+05:30,0.0,19.51
2023-05-04 07:00:00+05:30,147.92,19.42
2023-05-04 08:00:00+05:30,357.6,21.86
2023-05-04 09:00:00+05:30,584.42,24.81
2023-05-04 10:00:00+05:30,764.27,27.42
2023-05-04 11:00:00+05:30,812.26,29.46
2023-05-04 12:00:00+05:30,772.98,30.96
2023-05-04 13:00:00+05:30,570.06,31.37
2023-05-04 14:00:00+05:30,594.88,31.43
2023-05-04 15:00:00+05:30,432.71,31.95
2023-05-04 16:00:00+05:30,324.62,31.9
2023-05-04 17:00:00+05:30,245.95,31.47
2023-05-04 18:00:00+05:30,120.32,30.35
2023-05-04 19:00:00+05:30,0.0,28.71
2023-05-04 20:00:00+05:30,0.0,27.03
2023-05-04 21:00:00+05:30,0.0,25.71
2023-05-04 22:00:00+05:30,0.0,24.83
2023-05-04 23:00:00+05:30,0.0,24.07
2023-05-05 00:00:00+05:30,0.0,23.45
2023-05-05 01:00:00+05:30,0.0,22.95
2023-05-05 02:00:00+05:30,0.0,22.57
2023-05-05 03:00:00+05:30,0.0,22.13
2023-05-05 04:00:00+05:30,0.0,21.69
2023-05-05 05:00:00+05:30,0.0,21.1
2023-05-05 06:00:00+05:30,0.0,20.75
2023-05-05 07:00:00+05:30,146.18,20.72
2023-05-05 08:00:00+05:30,366.13,22.92
2023-05-05 09:00:00+05:30,578.1,25.77
2023-05-05 10:00:00+05:30,760.82,28.17
2023-05-05 11:00:00+05:30,584.68,29.72
2023-05-05 12:00:00+05:30,640.91,30.24
2023-05-05 13:00:00+05:30,578.44,31.44
2023-05-05 14:00:00+05:30,603.28,31.69
2023-05-05 15:00:00+05:30,590.68,32.05
2023-05-05 16:00:00+05:30,409.54,32.12
2023-05-05 17:00:00+05:30,227.61,31.46
2023-05-05 18:00:00+05:30,96.99,30.31
2023-05-05 19:00:00+05:30,0.0,28.39
2023-05-05 20:00:00+05:30,0.0,26.69
2023-05-05 21:00:00+05:30,0.0,25.55
2023-05-05 22:00:00+05:30,0.0,24.76
2023-05-05 23:00:00+05:30,0.0,24.14
2023-05-06 00:00:00+05:30,0.0,23.46
2023-05-06 01:00:00+05:30,0.0,23.19
2023-05-06 02:00:00+05:30,0.0,22.83
2023-05-06 03:00:00+05:30,0.0,22.39
2023-05-06 04:00:00+05:30,0.0,22.16
2023-05-06 05:00:00+05:30,0.0,21.58
2023-05-06 06:00:00+05:30,0.0,21.24
2023-05-06 07:00:00+05:30,148.55,21.17
2023-05-06 08:00:00+05:30,367.69,22.69
2023-05-06 09:00:00+05:30,572.86,25.68
2023-05-06 10:00:00+05:30,724.74,28.12
2023-05-06 11:00:00+05:30,782.33,29.81
2023-05-06 12:00:00+05:30,725.93,31.08
2023-05-06 13:00:00+05:30,588.1,31.7
2023-05-06 14:00:00+05:30,684.81,31.81
2023-05-06 15:00:00+05:30,576.24,32.4
2023-05-06 16:00:00+05:30,411.56,32.28
2023-05-06 17:00:00+05:30,272.8,31.49
2023-05-06 18:00:00+05:30,115.52,30.46
2023-05-06 19:00:00+05:30,0.0,28.31
2023-05-06 20:00:00+05:30,0.0,27.2
2023-05-06 21:00:00+05:30,0.0,26.35
2023-05-06 22:00:00+05:30,0.0,25.72
2023-05-06 23:00:00+05:30,0.0,24.99
2023-05-07 00:00:00+05:30,0.0,24.37
2023-05-07 01:00:00+05:30,0.0,24.2
2023-05-07 02:00:00+05:30,0.0,23.7
2023-05-07 03:00:00+05:30,0.0,23.2
2023-05-07 04:00:00+05:30,0.0,22.99
2023-05-07 05:00:00+05:30,0.0,22.79
2023-05-07 06:00:00+05:30,0.0,22.48
2023-05-07 07:00:00+05:30,124.8,22.46
2023-05-07 08:00:00+05:30,319.82,23.57
2023-05-07 09:00:00+05:30,492.29,25.98
2023-05-07 10:00:00+05:30,677.74,28.3
2023-05-07 11:00:00+05:30,861.05,30.42
2023-05-07 12:00:00+05:30,738.49,32.26
2023-05-07 13:00:00+05:30,757.12,31.85
2023-05-07 14:00:00+05:30,562.37,32.49
2023-05-07 15:00:00+05:30,333.92,31.4
2023-05-07 16:00:00+05:30,342.89,28.93
2023-05-07 17:00:00+05:30,88.2,26.86
2023-05-07 18:00:00+05:30,61.97,25.85
2023-05-07 19:00:00+05:30,0.0,25.48
2023-05-07 20:00:00+05:30,0.0,24.7
2023-05-07 21:00:00+05:30,0.0,24.44
2023-05-07 22:00:00+05:30,0.0,24.41
2023-05-07 23:00:00+05:30,0.0,24.35
2023-05-08 00:00:00+05:30,0.0,24.18
2023-05-08 01:00:00+05:30,0.0,24.53
2023-05-08 02:00:00+05:30,0.0,24.3
2023-05-08 03:00:00+05:30,0.0,24.06
2023-05-08 04:00:00+05:30,0.0,23.96
2023-05-08 05:00:00+05:30,0.0,23.85
2023-05-08 06:00:00+05:30,0.0,23.69
2023-05-08 07:00:00+05:30,28.98,23.61
2023-05-08 08:00:00+05:30,131.28,23.8
2023-05-08 09:00:00+05:30,194.57,24.69
2023-05-08 10:00:00+05:30,306.09,25.56
2023-05-08 11:00:00+05:30,360.59,26.71
2023-05-08 12:00:00+05:30,478.17,27.65
2023-05-08 13:00:00+05:30,730.77,30.16
2023-05-08 14:00:00+05:30,511.22,31.78
2023-05-08 15:00:00+05:30,457.1,31.79
2023-05-08 16:00:00+05:30,270.09,32.03
2023-05-08 17:00:00+05:30,249.55,29.16
2023-05-08 18:00:00+05:30,81.12,28.33
2023-05-08 19:00:00+05:30,0.0,27.64
2023-05-08 20:00:00+05:30,0.0,26.8
2023-05-08 21:00:00+05:30,0.0,26.23
2023-05-08 22:00:00+05:30,0.0,25.74
2023-05-08 23:00:00+05:30,0.0,25.26
2023-05-09 00:00:00+05:30,0.0,24.72
2023-05-09 01:00:00+05:30,0.0,24.54
2023-05-09 02:00:00+05:30,0.0,24.35
2023-05-09 03:00:00+05:30,0.0,24.15
2023-05-09 04:00:00+05:30,0.0,23.85
2023-05-09 05:00:00+05:30,0.0,23.65
2023-05-09 06:00:00+05:30,0.0,23.2
2023-05-09 07:00:00+05:30,105.44,23.29
2023-05-09 08:00:00+05:30,315.22,24.56
2023-05-09 09:00:00+05:30,504.12,26.88
2023-05-09 10:00:00+05:30,682.27,28.85
2023-05-09 11:00:00+05:30,855.24,30.77
2023-05-09 12:00:00+05:30,615.19,32.48
2023-05-09 13:00:00+05:30,700.85,31.6
2023-05-09 14:00:00+05:30,774.58,32.58
2023-05-09 15:00:00+05:30,395.87,33.4
2023-05-09 16:00:00+05:30,315.04,32.83
2023-05-09 17:00:00+05:30,124.4,29.42
2023-05-09 18:00:00+05:30,35.11,26.36
2023-05-09 19:00:00+05:30,0.0,25.72
2023-05-09 20:00:00+05:30,0.0,25.5
2023-05-09 21:00:00+05:30,0.0,25.25
2023-05-09 22:00:00+05:30,0.0,25.22
2023-05-09 23:00:00+05:30,0.0,24.95
2023-05-10 00:00:00+05:30,0.0,24.85
2023-05-10 01:00:00+05:30,0.0,25.09
2023-05-10 02:00:00+05:30,0.0,24.47
2023-05-10 03:00:00+05:30,0.0,24.12
2023-05-10 04:00:00+05:30,0.0,23.72
2023-05-10 05:00:00+05:30,0.0,23.54
2023-05-10 06:00:00+05:30,0.0,23.38
2023-05-10 07:00:00+05:30,121.39,23.21
2023-05-10 08:00:00+05:30,346.96,25.41
2023-05-10 09:00:00+05:30,554.44,28.46
2023-05-10 10:00:00+05:30,755.9,31.02
2023-05-10 11:00:00+05:30,887.22,33.33
2023-05-10 12:00:00+05:30,862.94,34.95
2023-05-10 13:00:00+05:30,896.73,35.24
2023-05-10 14:00:00+05:30,734.47,36.14
2023-05-10 15:00:00+05:30,617.66,36.45
2023-05-10 16:00:00+05:30,403.66,36.6
2023-05-10 17:00:00+05:30,224.36,36.23
2023-05-10 18:00:00+05:30,77.83,34.72
2023-05-10 19:00:00+05:30,0.0,31.9
2023-05-10 20:00:00+05:30,0.0,29.58
2023-05-10 21:00:00+05:30,0.0,28.35
2023-05-10 22:00:00+05:30,0.0,27.53
2023-05-10 23:00:00+05:30,0.0,26.9
2023-05-11 00:00:00+05:30,0.0,26.16
2023-05-11 01:00:00+05:30,0.0,25.58
2023-05-11 02:00:00+05:30,0.0,24.82
2023-05-11 03:00:00+05:30,0.0,23.9
2023-05-11 04:00:00+05:30,0.0,23.1
2023-05-11 05:00:00+05:30,0.0,22.49
2023-05-11 06:00:00+05:30,0.0,22.04
2023-05-11 07:00:00+05:30,169.69,21.84
2023-05-11 08:00:00+05:30,386.18,25.02
2023-05-11 09:00:00+05:30,598.04,29.17
2023-05-11 10:00:00+05:30,777.16,32.14
2023-05-11 11:00:00+05:30,904.14,34.71
2023-05-11 12:00:00+05:30,980.12,36.3
2023-05-11 13:00:00+05:30,884.57,37.7
2023-05-11 14:00:00+05:30,864.31,37.94
2023-05-11 15:00:00+05:30,714.36,38.32
2023-05-11 16:00:00+05:30,560.82,38.23
2023-05-11 17:00:00+05:30,376.67,37.68
2023-05-11 18:00:00+05:30,170.93,36.0
2023-05-11 19:00:00+05:30,0.0,33.16
2023-05-11 20:00:00+05:30,0.0,30.64
2023-05-11 21:00:00+05:30,0.0,29.37
2023-05-11 22:00:00+05:30,0.0,28.25
2023-05-11 23:00:00+05:30,0.0,27.19
2023-05-12 00:00:00+05:30,0.0,26.06
2023-05-12 01:00:00+05:30,0.0,25.5
2023-05-12 02:00:00+05:30,0.0,24.92
2023-05-12 03:00:00+05:30,0.0,24.42
2023-05-12 04:00:00+05:30,0.0,24.06
2023-05-12 05:00:00+05:30,0.0,23.72
2023-05-12 06:00:00+05:30,0.0,23.39
2023-05-12 07:00:00+05:30,159.55,23.0
2023-05-12 08:00:00+05:30,378.82,24.69
2023-05-12 09:00:00+05:30,609.38,28.07
2023-05-12 10:00:00+05:30,787.45,31.15
2023-05-12 11:00:00+05:30,910.87,33.59
2023-05-12 12:00:00+05:30,970.15,35.42
2023-05-12 13:00:00+05:30,965.87,36.69
2023-05-12 14:00:00+05:30,849.8,37.58
2023-05-12 15:00:00+05:30,671.5,37.7
2023-05-12 16:00:00+05:30,472.08,37.2
2023-05-12 17:00:00+05:30,249.33,35.35
2023-05-12 18:00:00+05:30,158.51,32.93
2023-05-12 19:00:00+05:30,0.0,31.17
2023-05-12 20:00:00+05:30,0.0,29.7
2023-05-12 21:00:00+05:30,0.0,28.46
2023-05-12 22:00:00+05:30,0.0,27.26
2023-05-12 23:00:00+05:30,0.0,26.29
2023-05-13 00:00:00+05:30,0.0,25.41
2023-05-13 01:00:00+05:30,0.0,24.96
2023-05-13 02:00:00+05:30,0.0,24.32
2023-05-13 03:00:00+05:30,0.0,23.95
2023-05-13 04:00:00+05:30,0.0,23.57
2023-05-13 05:00:00+05:30,0.0,23.52
2023-05-13 06:00:00+05:30,0.0,23.1
2023-05-13 07:00:00+05:30,170.7,22.96
2023-05-13 08:00:00+05:30,394.86,24.81
2023-05-13 09:00:00+05:30,605.99,27.65
2023-05-13 10:00:00+05:30,785.22,30.25
2023-05-13 11:00:00+05:30,910.3,32.31
2023-05-13 12:00:00+05:30,973.81,33.86
2023-05-13 13:00:00+05:30,696.65,35.29
2023-05-13 14:00:00+05:30,742.61,33.86
2023-05-13 15:00:00+05:30,632.07,34.56
2023-05-13 16:00:00+05:30,489.37,34.54
2023-05-13 17:00:00+05:30,310.56,33.35
2023-05-13 18:00:00+05:30,137.16,31.86
2023-05-13 19:00:00+05:30,0.0,30.29
2023-05-13 20:00:00+05:30,0.0,28.65
2023-05-13 21:00:00+05:30,0.0,27.54
2023-05-13 22:00:00+05:30,0.0,26.5
2023-05-13 23:00:00+05:30,0.0,25.66
2023-05-14 00:00:00+05:30,0.0,24.83
2023-05-14 01:00:00+05:30,0.0,24.21
2023-05-14 02:00:00+05:30,0.0,23.82
2023-05-14 03:00:00+05:30,0.0,23.39
2023-05-14 04:00:00+05:30,0.0,22.98
2023-05-14 05:00:00+05:30,0.0,22.69
2023-05-14 06:00:00+05:30,0.0,22.58
2023-05-14 07:00:00+05:30,165.9,22.49
2023-05-14 08:00:00+05:30,387.32,24.09
2023-05-14 09:00:00+05:30,601.75,26.47
2023-05-14 10:00:00+05:30,784.99,28.98
2023-05-14 11:00:00+05:30,911.76,31.06
2023-05-14 12:00:00+05:30,974.19,32.67
2023-05-14 13:00:00+05:30,976.48,34.02
2023-05-14 14:00:00+05:30,909.87,34.67
2023-05-14 15:00:00+05:30,771.66,34.87
2023-05-14 16:00:00+05:30,592.33,34.47
2023-05-14 17:00:00+05:30,371.79,33.65
2023-05-14 18:00:00+05:30,175.65,32.18
2023-05-14 19:00:00+05:30,0.0,30.38
2023-05-14 20:00:00+05:30,0.0,28.36
2023-05-14 21:00:00+05:30,0.0,26.83
2023-05-14 22:00:00+05:30,0.0,25.55
2023-05-14 23:00:00+05:30,0.0,24.55
2023-05-15 00:00:00+05:30,0.0,23.81
2023-05-15 01:00:00+05:30,0.0,23.27
2023-05-15 02:00:00+05:30,0.0,22.94
2023-05-15 03:00:00+05:30,0.0,22.53
2023-05-15 04:00:00+05:30,0.0,22.37
2023-05-15 05:00:00+05:30,0.0,22.11
2023-05-15 06:00:00+05:30,0.0,21.98
2023-05-15 07:00:00+05:30,158.76,21.97
2023-05-15 08:00:00+05:30,351.93,23.5
2023-05-15 09:00:00+05:30,563.85,25.9
2023-05-15 10:00:00+05:30,758.83,28.15
2023-05-15 11:00:00+05:30,871.96,30.34
2023-05-15 12:00:00+05:30,968.54,32.12
2023-05-15 13:00:00+05:30,931.67,33.87
2023-05-15 14:00:00+05:30,876.0,34.59
2023-05-15 15:00:00+05:30,763.97,34.86
2023-05-15 16:00:00+05:30,586.06,34.55
2023-05-15 17:00:00+05:30,388.86,33.65
2023-05-15 18:00:00+05:30,168.95,32.16
2023-05-15 19:00:00+05:30,0.0,30.16
2023-05-15 20:00:00+05:30,0.0,28.26
2023-05-15 21:00:00+05:30,0.0,26.77
2023-05-15 22:00:00+05:30,0.0,25.55
2023-05-15 23:00:00+05:30,0.0,24.63
2023-05-16 00:00:00+05:30,0.0,23.87
2023-05-16 01:00:00+05:30,0.0,23.39
2023-05-16 02:00:00+05:30,0.0,22.86
2023-05-16 03:00:00+05:30,0.0,22.47
2023-05-16 04:00:00+05:30,0.0,22.1
2023-05-16 05:00:00+05:30,0.0,21.84
2023-05-16 06:00:00+05:30,0.0,21.69
2023-05-16 07:00:00+05:30,144.99,21.68
2023-05-16 08:00:00+05:30,370.7,23.21
2023-05-16 09:00:00+05:30,611.96,25.94
2023-05-16 10:00:00+05:30,751.55,28.58
2023-05-16 11:00:00+05:30,893.29,30.44
2023-05-16 12:00:00+05:30,977.5,32.13
2023-05-16 13:00:00+05:30,978.98,33.7
2023-05-16 14:00:00+05:30,896.96,34.5
2023-05-16 15:00:00+05:30,743.69,34.69
2023-05-16 16:00:00+05:30,538.53,34.26
2023-05-16 17:00:00+05:30,351.3,33.19
2023-05-16 18:00:00+05:30,163.08,31.64
2023-05-16 19:00:00+05:30,0.0,29.93
2023-05-16 20:00:00+05:30,0.0,28.21
2023-05-16 21:00:00+05:30,0.0,26.85
2023-05-16 22:00:00+05:30,0.0,25.71
2023-05-16 23:00:00+05:30,0.0,24.71
2023-05-17 00:00:00+05:30,0.0,23.9
2023-05-17 01:00:00+05:30,0.0,23.32
2023-05-17 02:00:00+05:30,0.0,22.78
2023-05-17 03:00:00+05:30,0.0,22.32
2023-05-17 04:00:00+05:30,0.0,21.94
2023-05-17 05:00:00+05:30,0.0,21.64
2023-05-17 06:00:00+05:30,0.0,21.4
2023-05-17 07:00:00+05:30,161.71,21.39
2023-05-17 08:00:00+05:30,390.95,23.26
2023-05-17 09:00:00+05:30,621.22,26.76
2023-05-17 10:00:00+05:30,795.76,29.87
2023-05-17 11:00:00+05:30,912.55,32.47
2023-05-17 12:00:00+05:30,986.1,34.26
2023-05-17 13:00:00+05:30,983.74,35.57
2023-05-17 14:00:00+05:30,915.14,36.35
2023-05-17 15:00:00+05:30,728.97,36.72
2023-05-17 16:00:00+05:30,546.89,36.39
2023-05-17 17:00:00+05:30,355.68,35.76
2023-05-17 18:00:00+05:30,150.37,34.12
2023-05-17 19:00:00+05:30,0.0,31.37
2023-05-17 20:00:00+05:30,0.0,29.03
2023-05-17 21:00:00+05:30,0.0,27.52
2023-05-17 22:00:00+05:30,0.0,26.33
2023-05-17 23:00:00+05:30,0.0,25.35
2023-05-18 00:00:00+05:30,0.0,24.46
2023-05-18 01:00:00+05:30,0.0,24.29
2023-05-18 02:00:00+05:30,0.0,23.74
2023-05-18 03:00:00+05:30,0.0,23.34
2023-05-18 04:00:00+05:30,0.0,22.94
2023-05-18 05:00:00+05:30,0.0,22.53
2023-05-18 06:00:00+05:30,0.0,22.3
2023-05-18 07:00:00+05:30,166.02,22.2
2023-05-18 08:00:00+05:30,369.55,23.58
2023-05-18 09:00:00+05:30,599.89,27.02
2023-05-18 10:00:00+05:30,746.33,30.25
2023-05-18 11:00:00+05:30,900.65,32.75
2023-05-18 12:00:00+05:30,967.65,34.8
2023-05-18 13:00:00+05:30,921.52,36.13
2023-05-18 14:00:00+05:30,819.66,36.78
2023-05-18 15:00:00+05:30,688.24,37.12
2023-05-18 16:00:00+05:30,468.39,37.04
2023-05-18 17:00:00+05:30,283.64,35.92
2023-05-18 18:00:00+05:30,113.54,33.62
2023-05-18 19:00:00+05:30,0.0,31.14
2023-05-18 20:00:00+05:30,0.0,29.3
2023-05-18 21:00:00+05:30,0.0,27.93
2023-05-18 22:00:00+05:30,0.0,26.79
2023-05-18 23:00:00+05:30,0.0,25.99
2023-05-19 00:00:00+05:30,0.0,25.14
2023-05-19 01:00:00+05:30,0.0,24.81
2023-05-19 02:00:00+05:30,0.0,24.18
2023-05-19 03:00:00+05:30,0.0,23.53
2023-05-19 04:00:00+05:30,0.0,22.79
2023-05-19 05:00:00+05:30,0.0,22.16
2023-05-19 06:00:00+05:30,0.0,21.58
2023-05-19 07:00:00+05:30,177.03,21.42
2023-05-19 08:00:00+05:30,403.34,24.19
2023-05-19 09:00:00+05:30,617.83,28.05
2023-05-19 10:00:00+05:30,794.47,31.53
2023-05-19 11:00:00+05:30,913.58,34.25
2023-05-19 12:00:00+05:30,975.88,36.02
2023-05-19 13:00:00+05:30,982.86,37.45
2023-05-19 14:00:00+05:30,864.28,37.98
2023-05-19 15:00:00+05:30,732.46,37.88
2023-05-19 16:00:00+05:30,563.41,37.51
2023-05-19 17:00:00+05:30,329.54,36.2
2023-05-19 18:00:00+05:30,153.45,33.94
2023-05-19 19:00:00+05:30,0.0,31.62
2023-05-19 20:00:00+05:30,0.0,29.58
2023-05-19 21:00:00+05:30,0.0,27.94
2023-05-19 22:00:00+05:30,0.0,26.75
2023-05-19 23:00:00+05:30,0.0,25.83
2023-05-20 00:00:00+05:30,0.0,24.99
2023-05-20 01:00:00+05:30,0.0,24.55
2023-05-20 02:00:00+05:30,0.0,24.0
2023-05-20 03:00:00+05:30,0.0,23.57
2023-05-20 04:00:00+05:30,0.0,23.1
2023-05-20 05:00:00+05:30,0.0,22.89
2023-05-20 06:00:00+05:30,0.0,22.41
2023-05-20 07:00:00+05:30,162.49,22.3
2023-05-20 08:00:00+05:30,406.21,23.97
2023-05-20 09:00:00+05:30,615.2,27.04
2023-05-20 10:00:00+05:30,781.09,30.17
2023-05-20 11:00:00+05:30,909.14,32.8
2023-05-20 12:00:00+05:30,984.19,34.75
2023-05-20 13:00:00+05:30,973.73,36.53
2023-05-20 14:00:00+05:30,877.62,37.14
2023-05-20 15:00:00+05:30,743.97,37.23
2023-05-20 16:00:00+05:30,498.42,36.84
2023-05-20 17:00:00+05:30,336.74,35.62
2023-05-20 18:00:00+05:30,163.27,34.01
2023-05-20 19:00:00+05:30,0.0,31.97
2023-05-20 20:00:00+05:30,0.0,29.75
2023-05-20 21:00:00+05:30,0.0,28.05
2023-05-20 22:00:00+05:30,0.0,26.68
2023-05-20 23:00:00+05:30,0.0,25.61
2023-05-21 00:00:00+05:30,0.0,24.67
2023-05-21 01:00:00+05:30,0.0,24.37
2023-05-21 02:00:00+05:30,0.0,23.98
2023-05-21 03:00:00+05:30,0.0,23.62
2023-05-21 04:00:00+05:30,0.0,23.06
2023-05-21 05:00:00+05:30,0.0,22.81
2023-05-21 06:00:00+05:30,0.0,22.61
2023-05-21 07:00:00+05:30,156.37,22.69
2023-05-21 08:00:00+05:30,331.63,23.93
2023-05-21 09:00:00+05:30,561.25,26.04
2023-05-21 10:00:00+05:30,762.79,28.57
2023-05-21 11:00:00+05:30,892.69,31.26
2023-05-21 12:00:00+05:30,863.92,33.53
2023-05-21 13:00:00+05:30,859.96,35.85
2023-05-21 14:00:00+05:30,678.14,36.53
2023-05-21 15:00:00+05:30,690.66,36.49
2023-05-21 16:00:00+05:30,548.4,36.41
2023-05-21 17:00:00+05:30,294.51,34.78
2023-05-21 18:00:00+05:30,162.54,33.49
2023-05-21 19:00:00+05:30,0.0,31.72
2023-05-21 20:00:00+05:30,0.0,29.4
2023-05-21 21:00:00+05:30,0.0,27.75
2023-05-21 22:00:00+05:30,0.0,26.54
2023-05-21 23:00:00+05:30,0.0,25.57
2023-05-22 00:00:00+05:30,0.0,24.84
2023-05-22 01:00:00+05:30,0.0,24.12
2023-05-22 02:00:00+05:30,0.0,23.76
2023-05-22 03:00:00+05:30,0.0,23.31
2023-05-22 04:00:00+05:30,0.0,22.76
2023-05-22 05:00:00+05:30,0.0,22.32
2023-05-22 06:00:00+05:30,0.0,22.26
2023-05-22 07:00:00+05:30,150.49,22.41
2023-05-22 08:00:00+05:30,389.84,24.36
2023-05-22 09:00:00+05:30,590.1,27.94
2023-05-22 10:00:00+05:30,790.72,30.93
2023-05-22 11:00:00+05:30,909.93,33.6
2023-05-22 12:00:00+05:30,871.21,35.5
2023-05-22 13:00:00+05:30,915.91,35.73
2023-05-22 14:00:00+05:30,867.09,36.57
2023-05-22 15:00:00+05:30,733.74,36.92
2023-05-22 16:00:00+05:30,524.01,36.45
2023-05-22 17:00:00+05:30,342.17,35.36
2023-05-22 18:00:00+05:30,155.65,33.76
2023-05-22 19:00:00+05:30,0.0,31.87
2023-05-22 20:00:00+05:30,0.0,29.89
2023-05-22 21:00:00+05:30,0.0,28.24
2023-05-22 22:00:00+05:30,0.0,26.95
2023-05-22 23:00:00+05:30,0.0,26.07
2023-05-23 00:00:00+05:30,0.0,25.29
2023-05-23 01:00:00+05:30,0.0,24.83
2023-05-23 02:00:00+05:30,0.0,24.12
2023-05-23 03:00:00+05:30,0.0,23.65
2023-05-23 04:00:00+05:30,0.0,23.06
2023-05-23 05:00:00+05:30,0.0,22.56
2023-05-23 06:00:00+05:30,0.0,22.12
2023-05-23 07:00:00+05:30,149.93,22.08
2023-05-23 08:00:00+05:30,356.13,24.86
2023-05-23 09:00:00+05:30,479.64,28.49
2023-05-23 10:00:00+05:30,723.84,31.17
2023-05-23 11:00:00+05:30,823.79,33.87
2023-05-23 12:00:00+05:30,821.69,35.54
2023-05-23 13:00:00+05:30,870.61,36.61
2023-05-23 14:00:00+05:30,694.81,37.48
2023-05-23 15:00:00+05:30,544.13,37.11
2023-05-23 16:00:00+05:30,450.02,35.24
2023-05-23 17:00:00+05:30,281.74,34.18
2023-05-23 18:00:00+05:30,137.86,33.32
2023-05-23 19:00:00+05:30,7.21,32.13
2023-05-23 20:00:00+05:30,0.0,30.55
2023-05-23 21:00:00+05:30,0.0,29.07
2023-05-23 22:00:00+05:30,0.0,28.09
2023-05-23 23:00:00+05:30,0.0,27.19
2023-05-24 00:00:00+05:30,0.0,26.5
2023-05-24 01:00:00+05:30,0.0,25.38
2023-05-24 02:00:00+05:30,0.0,24.77
2023-05-24 03:00:00+05:30,0.0,24.35
2023-05-24 04:00:00+05:30,0.0,23.98
2023-05-24 05:00:00+05:30,0.0,23.54
2023-05-24 06:00:00+05:30,0.0,23.3
2023-05-24 07:00:00+05:30,163.84,23.05
2023-05-24 08:00:00+05:30,384.33,24.43
2023-05-24 09:00:00+05:30,577.82,26.97
2023-05-24 10:00:00+05:30,751.52,29.42
2023-05-24 11:00:00+05:30,892.87,31.65
2023-05-24 12:00:00+05:30,891.59,33.67
2023-05-24 13:00:00+05:30,752.67,35.11
2023-05-24 14:00:00+05:30,608.62,35.27
2023-05-24 15:00:00+05:30,567.71,33.96
2023-05-24 16:00:00+05:30,440.94,33.52
2023-05-24 17:00:00+05:30,320.35,33.14
2023-05-24 18:00:00+05:30,147.96,31.98
2023-05-24 19:00:00+05:30,7.65,30.61
2023-05-24 20:00:00+05:30,0.0,28.91
2023-05-24 21:00:00+05:30,0.0,27.25
2023-05-24 22:00:00+05:30,0.0,25.93
2023-05-24 23:00:00+05:30,0.0,25.2
2023-05-25 00:00:00+05:30,0.0,24.66
2023-05-25 01:00:00+05:30,0.0,24.15
2023-05-25 02:00:00+05:30,0.0,23.76
2023-05-25 03:00:00+05:30,0.0,23.48
2023-05-25 04:00:00+05:30,0.0,23.19
2023-05-25 05:00:00+05:30,0.0,22.98
2023-05-25 06:00:00+05:30,0.0,22.81
2023-05-25 07:00:00+05:30,165.1,22.64
2023-05-25 08:00:00+05:30,354.07,24.07
2023-05-25 09:00:00+05:30,565.98,25.87
2023-05-25 10:00:00+05:30,744.19,27.95
2023-05-25 11:00:00+05:30,887.71,29.87
2023-05-25 12:00:00+05:30,954.18,31.72
2023-05-25 13:00:00+05:30,907.41,33.39
2023-05-25 14:00:00+05:30,736.09,34.12
2023-05-25 15:00:00+05:30,687.49,33.95
2023-05-25 16:00:00+05:30,536.38,33.75
2023-05-25 17:00:00+05:30,341.48,32.83
2023-05-25 18:00:00+05:30,175.74,31.41
2023-05-25 19:00:00+05:30,9.06,29.48
2023-05-25 20:00:00+05:30,0.0,27.59
2023-05-25 21:00:00+05:30,0.0,26.11
2023-05-25 22:00:00+05:30,0.0,24.97
2023-05-25 23:00:00+05:30,0.0,24.21
2023-05-26 00:00:00+05:30,0.0,23.79
2023-05-26 01:00:00+05:30,0.0,23.29
2023-05-26 02:00:00+05:30,0.0,23.21
2023-05-26 03:00:00+05:30,0.0,23.02
2023-05-26 04:00:00+05:30,0.0,22.9
2023-05-26 05:00:00+05:30,0.0,22.86
2023-05-26 06:00:00+05:30,0.0,22.76
2023-05-26 07:00:00+05:30,146.59,22.84
2023-05-26 08:00:00+05:30,323.36,24.12
2023-05-26 09:00:00+05:30,493.43,26.04
2023-05-26 10:00:00+05:30,622.93,27.86
2023-05-26 11:00:00+05:30,790.4,29.36
2023-05-26 12:00:00+05:30,874.84,30.74
2023-05-26 13:00:00+05:30,921.26,31.75
2023-05-26 14:00:00+05:30,815.81,32.69
2023-05-26 15:00:00+05:30,632.48,32.54
2023-05-26 16:00:00+05:30,436.88,31.14
2023-05-26 17:00:00+05:30,307.22,29.76
2023-05-26 18:00:00+05:30,125.39,29.19
2023-05-26 19:00:00+05:30,7.31,27.8
2023-05-26 20:00:00+05:30,0.0,26.34
2023-05-26 21:00:00+05:30,0.0,25.25
2023-05-26 22:00:00+05:30,0.0,24.29
2023-05-26 23:00:00+05:30,0.0,23.59
2023-05-27 00:00:00+05:30,0.0,23.11
2023-05-27 01:00:00+05:30,0.0,23.01
2023-05-27 02:00:00+05:30,0.0,22.63
2023-05-27 03:00:00+05:30,0.0,22.32
2023-05-27 04:00:00+05:30,0.0,21.88
2023-05-27 05:00:00+05:30,0.0,21.55
2023-05-27 06:00:00+05:30,0.0,21.34
2023-05-27 07:00:00+05:30,167.54,21.44
2023-05-27 08:00:00+05:30,354.01,22.83
2023-05-27 09:00:00+05:30,571.73,25.08
2023-05-27 10:00:00+05:30,743.26,27.21
2023-05-27 11:00:00+05:30,888.21,29.15
2023-05-27 12:00:00+05:30,932.36,30.99
2023-05-27 13:00:00+05:30,834.92,32.38
2023-05-27 14:00:00+05:30,650.11,32.72
2023-05-27 15:00:00+05:30,582.48,32.38
2023-05-27 16:00:00+05:30,467.48,32.28
2023-05-27 17:00:00+05:30,302.85,31.82
2023-05-27 18:00:00+05:30,142.77,30.81
2023-05-27 19:00:00+05:30,8.43,29.3
2023-05-27 20:00:00+05:30,0.0,27.64
2023-05-27 21:00:00+05:30,0.0,26.25
2023-05-27 22:00:00+05:30,0.0,25.21
2023-05-27 23:00:00+05:30,0.0,24.71
2023-05-28 00:00:00+05:30,0.0,24.11
2023-05-28 01:00:00+05:30,0.0,23.22
2023-05-28 02:00:00+05:30,0.0,22.68
2023-05-28 03:00:00+05:30,0.0,22.28
2023-05-28 04:00:00+05:30,0.0,22.04
2023-05-28 05:00:00+05:30,0.0,21.84
2023-05-28 06:00:00+05:30,0.0,21.67
2023-05-28 07:00:00+05:30,171.98,21.77
2023-05-28 08:00:00+05:30,388.26,23.28
2023-05-28 09:00:00+05:30,611.04,25.98
2023-05-28 10:00:00+05:30,778.85,28.7
2023-05-28 11:00:00+05:30,908.47,30.99
2023-05-28 12:00:00+05:30,939.97,32.96
2023-05-28 13:00:00+05:30,837.41,34.18
2023-05-28 14:00:00+05:30,767.42,34.79
2023-05-28 15:00:00+05:30,704.02,34.97
2023-05-28 16:00:00+05:30,512.81,34.83
2023-05-28 17:00:00+05:30,344.1,34.0
2023-05-28 18:00:00+05:30,160.48,32.55
2023-05-28 19:00:00+05:30,9.31,30.74
2023-05-28 20:00:00+05:30,0.0,28.81
2023-05-28 21:00:00+05:30,0.0,27.28
2023-05-28 22:00:00+05:30,0.0,25.97
2023-05-28 23:00:00+05:30,0.0,25.03
2023-05-29 00:00:00+05:30,0.0,24.3
2023-05-29 01:00:00+05:30,0.0,24.12
2023-05-29 02:00:00+05:30,0.0,23.68
2023-05-29 03:00:00+05:30,0.0,23.17
2023-05-29 04:00:00+05:30,0.0,22.73
2023-05-29 05:00:00+05:30,0.0,22.45
2023-05-29 06:00:00+05:30,0.0,21.97
2023-05-29 07:00:00+05:30,179.55,21.78
2023-05-29 08:00:00+05:30,399.64,24.04
2023-05-29 09:00:00+05:30,609.51,26.98
2023-05-29 10:00:00+05:30,781.06,29.98
2023-05-29 11:00:00+05:30,902.39,32.54
2023-05-29 12:00:00+05:30,892.93,34.71
2023-05-29 13:00:00+05:30,895.91,36.26
2023-05-29 14:00:00+05:30,790.73,37.15
2023-05-29 15:00:00+05:30,632.17,37.43
2023-05-29 16:00:00+05:30,478.19,37.23
2023-05-29 17:00:00+05:30,276.67,35.26
2023-05-29 18:00:00+05:30,126.0,33.69
2023-05-29 19:00:00+05:30,8.92,32.35
2023-05-29 20:00:00+05:30,0.0,30.29
2023-05-29 21:00:00+05:30,0.0,28.51
2023-05-29 22:00:00+05:30,0.0,27.38
2023-05-29 23:00:00+05:30,0.0,26.43
2023-05-30 00:00:00+05:30,0.0,25.93
2023-05-30 01:00:00+05:30,0.0,25.47
2023-05-30 02:00:00+05:30,0.0,25.13
2023-05-30 03:00:00+05:30,0.0,24.58
2023-05-30 04:00:00+05:30,0.0,24.22
2023-05-30 05:00:00+05:30,0.0,23.96
2023-05-30 06:00:00+05:30,0.0,23.97
2023-05-30 07:00:00+05:30,151.19,23.71
2023-05-30 08:00:00+05:30,363.53,25.98
2023-05-30 09:00:00+05:30,601.02,29.36
2023-05-30 10:00:00+05:30,774.73,32.3
2023-05-30 11:00:00+05:30,899.99,34.55
2023-05-30 12:00:00+05:30,818.86,36.31
2023-05-30 13:00:00+05:30,797.7,36.56
2023-05-30 14:00:00+05:30,712.88,37.07
2023-05-30 15:00:00+05:30,681.24,37.35
2023-05-30 16:00:00+05:30,419.27,37.15
2023-05-30 17:00:00+05:30,287.88,35.38
2023-05-30 18:00:00+05:30,132.34,33.23
2023-05-30 19:00:00+05:30,8.87,31.18
2023-05-30 20:00:00+05:30,0.0,29.75
2023-05-30 21:00:00+05:30,0.0,28.53
2023-05-30 22:00:00+05:30,0.0,27.57
2023-05-30 23:00:00+05:30,0.0,26.76
2023-05-31 00:00:00+05:30,0.0,26.09
2023-05-31 01:00:00+05:30,0.0,25.59
2023-05-31 02:00:00+05:30,0.0,25.13
2023-05-31 03:00:00+05:30,0.0,24.65
2023-05-31 04:00:00+05:30,0.0,24.19
2023-05-31 05:00:00+05:30,0.0,24.09
2023-05-31 06:00:00+05:30,0.0,23.58
2023-05-31 07:00:00+05:30,158.93,23.34
2023-05-31 08:00:00+05:30,360.18,25.57
2023-05-31 09:00:00+05:30,596.93,29.01
2023-05-31 10:00:00+05:30,773.46,32.24
2023-05-31 11:00:00+05:30,895.65,34.67
2023-05-31 12:00:00+05:30,896.53,36.44
2023-05-31 13:00:00+05:30,840.5,36.71
2023-05-31 14:00:00+05:30,825.63,37.14
2023-05-31 15:00:00+05:30,669.38,37.48
2023-05-31 16:00:00+05:30,435.54,36.95
2023-05-31 17:00:00+05:30,299.28,34.91
2023-05-31 18:00:00+05:30,142.12,34.25
2023-05-31 19:00:00+05:30,10.96,32.67
2023-05-31 20:00:00+05:30,0.0,30.67
2023-05-31 21:00:00+05:30,0.0,29.21
2023-05-31 22:00:00+05:30,0.0,28.2
2023-05-31 23:00:00+05:30,0.0,27.27
2023-06-01 00:00:00+05:30,0.0,26.53
2023-06-01 01:00:00+05:30,0.0,25.92
2023-06-01 02:00:00+05:30,0.0,25.43
2023-06-01 03:00:00+05:30,0.0,24.76
2023-06-01 04:00:00+05:30,0.0,24.1
2023-06-01 05:00:00+05:30,0.0,23.61
2023-06-01 06:00:00+05:30,0.0,23.15
2023-06-01 07:00:00+05:30,170.85,23.05
2023-06-01 08:00:00+05:30,373.96,25.71
2023-06-01 09:00:00+05:30,588.73,29.18
2023-06-01 10:00:00+05:30,785.5,32.08
2023-06-01 11:00:00+05:30,907.21,34.3
2023-06-01 12:00:00+05:30,905.98,35.94
2023-06-01 13:00:00+05:30,794.11,36.79
2023-06-01 14:00:00+05:30,816.68,37.17
2023-06-01 15:00:00+05:30,665.81,37.47
2023-06-01 16:00:00+05:30,483.16,36.13
2023-06-01 17:00:00+05:30,326.61,34.51
2023-06-01 18:00:00+05:30,167.63,33.21
2023-06-01 19:00:00+05:30,9.45,31.39
2023-06-01 20:00:00+05:30,0.0,29.48
2023-06-01 21:00:00+05:30,0.0,28.08
2023-06-01 22:00:00+05:30,0.0,26.97
2023-06-01 23:00:00+05:30,0.0,26.06
2023-06-02 00:00:00+05:30,0.0,25.34
2023-06-02 01:00:00+05:30,0.0,24.61
2023-06-02 02:00:00+05:30,0.0,24.34
2023-06-02 03:00:00+05:30,0.0,23.84
2023-06-02 04:00:00+05:30,0.0,23.47
2023-06-02 05:00:00+05:30,0.0,23.07
2023-06-02 06:00:00+05:30,0.0,22.85
2023-06-02 07:00:00+05:30,166.45,22.6
2023-06-02 08:00:00+05:30,391.34,23.94
2023-06-02 09:00:00+05:30,585.64,26.46
2023-06-02 10:00:00+05:30,778.49,28.98
2023-06-02 11:00:00+05:30,900.62,31.36
2023-06-02 12:00:00+05:30,970.33,33.11
2023-06-02 13:00:00+05:30,968.84,34.87
2023-06-02 14:00:00+05:30,893.3,35.56
2023-06-02 15:00:00+05:30,628.14,35.73
2023-06-02 16:00:00+05:30,481.81,35.07
2023-06-02 17:00:00+05:30,344.06,34.06
2023-06-02 18:00:00+05:30,156.91,32.83
2023-06-02 19:00:00+05:30,10.28,31.07
2023-06-02 20:00:00+05:30,0.0,29.18
2023-06-02 21:00:00+05:30,0.0,27.52
2023-06-02 22:00:00+05:30,0.0,26.24
2023-06-02 23:00:00+05:30,0.0,25.37
2023-06-03 00:00:00+05:30,0.0,24.51
2023-06-03 01:00:00+05:30,0.0,24.03
2023-06-03 02:00:00+05:30,0.0,23.68
2023-06-03 03:00:00+05:30,0.0,23.33
2023-06-03 04:00:00+05:30,0.0,23.02
2023-06-03 05:00:00+05:30,0.0,22.8
2023-06-03 06:00:00+05:30,0.0,22.6
2023-06-03 07:00:00+05:30,171.84,22.53
2023-06-03 08:00:00+05:30,371.82,24.21
2023-06-03 09:00:00+05:30,574.9,26.33
2023-06-03 10:00:00+05:30,751.13,28.44
2023-06-03 11:00:00+05:30,884.83,30.52
2023-06-03 12:00:00+05:30,952.03,32.34
2023-06-03 13:00:00+05:30,885.62,33.95
2023-06-03 14:00:00+05:30,784.81,34.74
2023-06-03 15:00:00+05:30,725.03,35.0
2023-06-03 16:00:00+05:30,472.15,34.97
2023-06-03 17:00:00+05:30,190.59,33.06
2023-06-03 18:00:00+05:30,148.74,31.61
2023-06-03 19:00:00+05:30,9.79,30.76
2023-06-03 20:00:00+05:30,0.0,29.43
2023-06-03 21:00:00+05:30,0.0,28.08
2023-06-03 22:00:00+05:30,0.0,26.85
2023-06-03 23:00:00+05:30,0.0,25.94
2023-06-04 00:00:00+05:30,0.0,25.27
2023-06-04 01:00:00+05:30,0.0,24.74
2023-06-04 02:00:00+05:30,0.0,24.39
2023-06-04 03:00:00+05:30,0.0,24.12
2023-06-04 04:00:00+05:30,0.0,23.82
2023-06-04 05:00:00+05:30,0.0,23.53
2023-06-04 06:00:00+05:30,0.0,23.35
2023-06-04 07:00:00+05:30,172.9,23.56
2023-06-04 08:00:00+05:30,345.36,25.08
2023-06-04 09:00:00+05:30,569.18,26.91
2023-06-04 10:00:00+05:30,718.84,29.16
2023-06-04 11:00:00+05:30,827.27,31.09
2023-06-04 12:00:00+05:30,786.57,32.59
2023-06-04 13:00:00+05:30,729.84,32.21
2023-06-04 14:00:00+05:30,758.55,32.45
2023-06-04 15:00:00+05:30,697.29,32.21
2023-06-04 16:00:00+05:30,501.89,31.49
2023-06-04 17:00:00+05:30,318.63,31.76
2023-06-04 18:00:00+05:30,161.86,30.85
2023-06-04 19:00:00+05:30,10.86,29.58
2023-06-04 20:00:00+05:30,0.0,28.22
2023-06-04 21:00:00+05:30,0.0,27.24
2023-06-04 22:00:00+05:30,0.0,26.59
2023-06-04 23:00:00+05:30,0.0,25.83
2023-06-05 00:00:00+05:30,0.0,25.23
2023-06-05 01:00:00+05:30,0.0,24.77
2023-06-05 02:00:00+05:30,0.0,24.28
2023-06-05 03:00:00+05:30,0.0,23.82
2023-06-05 04:00:00+05:30,0.0,23.49
2023-06-05 05:00:00+05:30,0.0,23.32
2023-06-05 06:00:00+05:30,0.0,23.23
2023-06-05 07:00:00+05:30,163.18,23.19
2023-06-05 08:00:00+05:30,377.01,24.61
2023-06-05 09:00:00+05:30,566.09,26.82
2023-06-05 10:00:00+05:30,741.96,28.93
2023-06-05 11:00:00+05:30,848.06,30.91
2023-06-05 12:00:00+05:30,918.78,32.4
2023-06-05 13:00:00+05:30,824.19,33.3
2023-06-05 14:00:00+05:30,729.34,33.65
2023-06-05 15:00:00+05:30,593.94,33.33
2023-06-05 16:00:00+05:30,479.3,32.3
2023-06-05 17:00:00+05:30,293.33,31.53
2023-06-05 18:00:00+05:30,152.38,30.9
2023-06-05 19:00:00+05:30,10.08,29.59
2023-06-05 20:00:00+05:30,0.0,28.07
2023-06-05 21:00:00+05:30,0.0,26.91
2023-06-05 22:00:00+05:30,0.0,26.02
2023-06-05 23:00:00+05:30,0.0,25.22
2023-06-06 00:00:00+05:30,0.0,24.75
2023-06-06 01:00:00+05:30,0.0,24.18
2023-06-06 02:00:00+05:30,0.0,23.64
2023-06-06 03:00:00+05:30,0.0,23.11
2023-06-06 04:00:00+05:30,0.0,22.86
2023-06-06 05:00:00+05:30,0.0,22.57
2023-06-06 06:00:00+05:30,0.0,22.29
2023-06-06 07:00:00+05:30,153.42,22.52
2023-06-06 08:00:00+05:30,371.44,24.11
2023-06-06 09:00:00+05:30,558.55,26.28
2023-06-06 10:00:00+05:30,716.72,28.37
2023-06-06 11:00:00+05:30,825.9,30.27
2023-06-06 12:00:00+05:30,898.38,31.86
2023-06-06 13:00:00+05:30,775.72,33.37
2023-06-06 14:00:00+05:30,714.18,33.86
2023-06-06 15:00:00+05:30,695.63,34.05
2023-06-06 16:00:00+05:30,476.96,33.99
2023-06-06 17:00:00+05:30,317.81,33.17
2023-06-06 18:00:00+05:30,153.28,32.2
2023-06-06 19:00:00+05:30,11.06,30.94
2023-06-06 20:00:00+05:30,0.0,29.49
2023-06-06 21:00:00+05:30,0.0,28.13
2023-06-06 22:00:00+05:30,0.0,26.92
2023-06-06 23:00:00+05:30,0.0,25.92
2023-06-07 00:00:00+05:30,0.0,25.07
2023-06-07 01:00:00+05:30,0.0,24.59
2023-06-07 02:00:00+05:30,0.0,24.26
2023-06-07 03:00:00+05:30,0.0,23.91
2023-06-07 04:00:00+05:30,0.0,23.72
2023-06-07 05:00:00+05:30,0.0,23.6
2023-06-07 06:00:00+05:30,0.0,23.61
2023-06-07 07:00:00+05:30,149.52,23.58
2023-06-07 08:00:00+05:30,374.6,24.36
2023-06-07 09:00:00+05:30,544.87,26.25
2023-06-07 10:00:00+05:30,761.15,28.35
2023-06-07 11:00:00+05:30,898.51,30.73
2023-06-07 12:00:00+05:30,947.61,32.71
2023-06-07 13:00:00+05:30,876.31,33.96
2023-06-07 14:00:00+05:30,721.53,34.72
2023-06-07 15:00:00+05:30,658.71,34.64
2023-06-07 16:00:00+05:30,494.42,33.42
2023-06-07 17:00:00+05:30,344.61,32.99
2023-06-07 18:00:00+05:30,162.59,31.96
2023-06-07 19:00:00+05:30,10.28,30.36
2023-06-07 20:00:00+05:30,0.0,28.65
2023-06-07 21:00:00+05:30,0.0,27.3
2023-06-07 22:00:00+05:30,0.0,26.22
2023-06-07 23:00:00+05:30,0.0,25.39
2023-06-08 00:00:00+05:30,0.0,24.71
2023-06-08 01:00:00+05:30,0.0,24.51
2023-06-08 02:00:00+05:30,0.0,24.04
2023-06-08 03:00:00+05:30,0.0,23.56
2023-06-08 04:00:00+05:30,0.0,23.18
2023-06-08 05:00:00+05:30,0.0,23.02
2023-06-08 06:00:00+05:30,0.0,22.88
2023-06-08 07:00:00+05:30,139.58,23.16
2023-06-08 08:00:00+05:30,341.22,24.59
2023-06-08 09:00:00+05:30,541.69,26.54
2023-06-08 10:00:00+05:30,711.38,28.7
2023-06-08 11:00:00+05:30,858.96,30.57
2023-06-08 12:00:00+05:30,928.92,32.5
2023-06-08 13:00:00+05:30,891.13,34.14
2023-06-08 14:00:00+05:30,708.38,34.92
2023-06-08 15:00:00+05:30,519.5,34.16
2023-06-08 16:00:00+05:30,419.75,32.35
2023-06-08 17:00:00+05:30,215.38,30.49
2023-06-08 18:00:00+05:30,141.97,29.67
2023-06-08 19:00:00+05:30,10.23,28.81
2023-06-08 20:00:00+05:30,0.0,27.72
2023-06-08 21:00:00+05:30,0.0,26.91
2023-06-08 22:00:00+05:30,0.0,26.16
2023-06-08 23:00:00+05:30,0.0,25.54
2023-06-09 00:00:00+05:30,0.0,25.12
2023-06-09 01:00:00+05:30,0.0,24.83
2023-06-09 02:00:00+05:30,0.0,24.43
2023-06-09 03:00:00+05:30,0.0,24.06
2023-06-09 04:00:00+05:30,0.0,23.69
2023-06-09 05:00:00+05:30,0.0,23.54
2023-06-09 06:00:00+05:30,0.0,23.27
2023-06-09 07:00:00+05:30,131.14,23.3
2023-06-09 08:00:00+05:30,356.36,24.42
2023-06-09 09:00:00+05:30,558.27,26.61
2023-06-09 10:00:00+05:30,745.49,28.91
2023-06-09 11:00:00+05:30,847.53,31.05
2023-06-09 12:00:00+05:30,818.6,32.7
2023-06-09 13:00:00+05:30,807.86,33.35
2023-06-09 14:00:00+05:30,588.65,33.87
2023-06-09 15:00:00+05:30,515.99,32.18
2023-06-09 16:00:00+05:30,349.72,31.31
2023-06-09 17:00:00+05:30,303.1,30.28
2023-06-09 18:00:00+05:30,170.27,29.97
2023-06-09 19:00:00+05:30,10.13,29.18
2023-06-09 20:00:00+05:30,0.0,28.1
2023-06-09 21:00:00+05:30,0.0,27.32
2023-06-09 22:00:00+05:30,0.0,26.56
2023-06-09 23:00:00+05:30,0.0,26.01
2023-06-10 00:00:00+05:30,0.0,25.66
2023-06-10 01:00:00+05:30,0.0,24.97
2023-06-10 02:00:00+05:30,0.0,24.77
2023-06-10 03:00:00+05:30,0.0,24.53
2023-06-10 04:00:00+05:30,0.0,24.4
2023-06-10 05:00:00+05:30,0.0,24.24
2023-06-10 06:00:00+05:30,0.0,24.19
2023-06-10 07:00:00+05:30,131.51,24.33
2023-06-10 08:00:00+05:30,349.44,25.32
2023-06-10 09:00:00+05:30,524.52,27.27
2023-06-10 10:00:00+05:30,674.08,29.03
2023-06-10 11:00:00+05:30,766.04,30.66
2023-06-10 12:00:00+05:30,893.7,31.95
2023-06-10 13:00:00+05:30,895.75,33.7
2023-06-10 14:00:00+05:30,723.76,34.09
2023-06-10 15:00:00+05:30,541.51,32.28
2023-06-10 16:00:00+05:30,311.94,32.26
2023-06-10 17:00:00+05:30,285.24,29.17
2023-06-10 18:00:00+05:30,64.83,28.64
2023-06-10 19:00:00+05:30,8.53,27.94
2023-06-10 20:00:00+05:30,0.0,27.02
2023-06-10 21:00:00+05:30,0.0,26.16
2023-06-10 22:00:00+05:30,0.0,25.48
2023-06-10 23:00:00+05:30,0.0,25.07
2023-06-11 00:00:00+05:30,0.0,24.94
2023-06-11 01:00:00+05:30,0.0,24.76
2023-06-11 02:00:00+05:30,0.0,24.43
2023-06-11 03:00:00+05:30,0.0,24.19
2023-06-11 04:00:00+05:30,0.0,23.89
2023-06-11 05:00:00+05:30,0.0,23.79
2023-06-11 06:00:00+05:30,0.0,23.6
2023-06-11 07:00:00+05:30,131.66,23.71
2023-06-11 08:00:00+05:30,362.33,24.68
2023-06-11 09:00:00+05:30,558.59,26.61
2023-06-11 10:00:00+05:30,750.73,28.79
2023-06-11 11:00:00+05:30,821.79,30.91
2023-06-11 12:00:00+05:30,808.03,32.27
2023-06-11 13:00:00+05:30,712.28,32.29
2023-06-11 14:00:00+05:30,762.91,32.25
2023-06-11 15:00:00+05:30,538.32,30.72
2023-06-11 16:00:00+05:30,349.52,28.88
2023-06-11 17:00:00+05:30,330.83,28.62
2023-06-11 18:00:00+05:30,183.8,28.74
2023-06-11 19:00:00+05:30,12.03,28.05
2023-06-11 20:00:00+05:30,0.0,27.13
2023-06-11 21:00:00+05:30,0.0,26.34
2023-06-11 22:00:00+05:30,0.0,25.69
2023-06-11 23:00:00+05:30,0.0,25.08
2023-06-12 00:00:00+05:30,0.0,24.61
2023-06-12 01:00:00+05:30,0.0,24.44
2023-06-12 02:00:00+05:30,0.0,24.06
2023-06-12 03:00:00+05:30,0.0,23.85
2023-06-12 04:00:00+05:30,0.0,23.67
2023-06-12 05:00:00+05:30,0.0,23.7
2023-06-12 06:00:00+05:30,0.0,23.73
2023-06-12 07:00:00+05:30,110.71,23.88
2023-06-12 08:00:00+05:30,275.02,24.71
2023-06-12 09:00:00+05:30,438.62,26.31
2023-06-12 10:00:00+05:30,568.42,28.22
2023-06-12 11:00:00+05:30,734.63,29.58
2023-06-12 12:00:00+05:30,883.68,30.61
2023-06-12 13:00:00+05:30,905.69,32.16
2023-06-12 14:00:00+05:30,824.61,32.95
2023-06-12 15:00:00+05:30,704.5,33.04
2023-06-12 16:00:00+05:30,470.61,32.38
2023-06-12 17:00:00+05:30,372.4,31.53
2023-06-12 18:00:00+05:30,158.38,30.45
2023-06-12 19:00:00+05:30,12.47,28.66
2023-06-12 20:00:00+05:30,0.0,27.18
2023-06-12 21:00:00+05:30,0.0,26.22
2023-06-12 22:00:00+05:30,0.0,25.46
2023-06-12 23:00:00+05:30,0.0,25.04
2023-06-13 00:00:00+05:30,0.0,24.61
2023-06-13 01:00:00+05:30,0.0,24.33
2023-06-13 02:00:00+05:30,0.0,24.0
2023-06-13 03:00:00+05:30,0.0,23.8
2023-06-13 04:00:00+05:30,0.0,23.69
2023-06-13 05:00:00+05:30,0.0,23.61
2023-06-13 06:00:00+05:30,0.0,23.46
2023-06-13 07:00:00+05:30,142.86,23.59
2023-06-13 08:00:00+05:30,268.13,24.74
2023-06-13 09:00:00+05:30,375.25,26.14
2023-06-13 10:00:00+05:30,472.13,27.31
2023-06-13 11:00:00+05:30,595.32,28.3
2023-06-13 12:00:00+05:30,770.16,29.3
2023-06-13 13:00:00+05:30,779.29,31.33
2023-06-13 14:00:00+05:30,795.19,31.58
2023-06-13 15:00:00+05:30,660.73,30.53
2023-06-13 16:00:00+05:30,346.55,30.31
2023-06-13 17:00:00+05:30,314.81,29.31
2023-06-13 18:00:00+05:30,152.34,28.82
2023-06-13 19:00:00+05:30,12.67,27.57
2023-06-13 20:00:00+05:30,0.0,26.32
2023-06-13 21:00:00+05:30,0.0,25.22
2023-06-13 22:00:00+05:30,0.0,24.69
2023-06-13 23:00:00+05:30,0.0,24.35
2023-06-14 00:00:00+05:30,0.0,24.26
2023-06-14 01:00:00+05:30,0.0,23.93
2023-06-14 02:00:00+05:30,0.0,23.92
2023-06-14 03:00:00+05:30,0.0,23.68
2023-06-14 04:00:00+05:30,0.0,23.44
2023-06-14 05:00:00+05:30,0.0,23.09
2023-06-14 06:00:00+05:30,0.0,23.09
2023-06-14 07:00:00+05:30,98.03,23.08
2023-06-14 08:00:00+05:30,219.91,23.84
2023-06-14 09:00:00+05:30,344.3,24.71
2023-06-14 10:00:00+05:30,470.44,25.66
2023-06-14 11:00:00+05:30,598.41,26.58
2023-06-14 12:00:00+05:30,815.84,27.75
2023-06-14 13:00:00+05:30,821.04,30.59
2023-06-14 14:00:00+05:30,770.53,30.43
2023-06-14 15:00:00+05:30,508.1,30.36
2023-06-14 16:00:00+05:30,522.76,29.92
2023-06-14 17:00:00+05:30,359.16,29.72
2023-06-14 18:00:00+05:30,165.33,28.76
2023-06-14 19:00:00+05:30,11.84,27.08
2023-06-14 20:00:00+05:30,0.0,24.96
2023-06-14 21:00:00+05:30,0.0,24.25
2023-06-14 22:00:00+05:30,0.0,23.9
2023-06-14 23:00:00+05:30,0.0,23.83
2023-06-15 00:00:00+05:30,0.0,23.82
2023-06-15 01:00:00+05:30,0.0,23.49
2023-06-15 02:00:00+05:30,0.0,23.26
2023-06-15 03:00:00+05:30,0.0,23.28
2023-06-15 04:00:00+05:30,0.0,23.17
2023-06-15 05:00:00+05:30,0.0,23.29
2023-06-15 06:00:00+05:30,0.0,23.07
2023-06-15 07:00:00+05:30,110.47,23.38
2023-06-15 08:00:00+05:30,269.46,23.92
2023-06-15 09:00:00+05:30,467.22,25.55
2023-06-15 10:00:00+05:30,594.61,27.3
2023-06-15 11:00:00+05:30,709.69,28.72
2023-06-15 12:00:00+05:30,853.5,29.84
2023-06-15 13:00:00+05:30,828.48,31.09
2023-06-15 14:00:00+05:30,825.54,31.41
2023-06-15 15:00:00+05:30,628.17,31.58
2023-06-15 16:00:00+05:30,484.26,30.54
2023-06-15 17:00:00+05:30,373.04,29.84
2023-06-15 18:00:00+05:30,192.3,28.84
2023-06-15 19:00:00+05:30,12.08,27.44
2023-06-15 20:00:00+05:30,0.0,26.3
2023-06-15 21:00:00+05:30,0.0,25.58
2023-06-15 22:00:00+05:30,0.0,24.95
2023-06-15 23:00:00+05:30,0.0,24.28
2023-06-16 00:00:00+05:30,0.0,23.85
2023-06-16 01:00:00+05:30,0.0,23.58
2023-06-16 02:00:00+05:30,0.0,23.38
2023-06-16 03:00:00+05:30,0.0,23.23
2023-06-16 04:00:00+05:30,0.0,23.15
2023-06-16 05:00:00+05:30,0.0,23.13
2023-06-16 06:00:00+05:30,0.0,23.05
2023-06-16 07:00:00+05:30,111.64,23.05
2023-06-16 08:00:00+05:30,251.77,24.16
2023-06-16 09:00:00+05:30,487.4,25.22
2023-06-16 10:00:00+05:30,467.53,27.27
2023-06-16 11:00:00+05:30,760.85,28.21
2023-06-16 12:00:00+05:30,874.19,29.75
2023-06-16 13:00:00+05:30,892.41,31.01
2023-06-16 14:00:00+05:30,774.66,31.59
2023-06-16 15:00:00+05:30,620.53,31.14
2023-06-16 16:00:00+05:30,462.89,29.97
2023-06-16 17:00:00+05:30,371.75,29.0
2023-06-16 18:00:00+05:30,163.79,27.99
2023-06-16 19:00:00+05:30,11.94,26.42
2023-06-16 20:00:00+05:30,0.0,24.8
2023-06-16 21:00:00+05:30,0.0,23.89
2023-06-16 22:00:00+05:30,0.0,23.69
2023-06-16 23:00:00+05:30,0.0,23.63
2023-06-17 00:00:00+05:30,0.0,23.7
2023-06-17 01:00:00+05:30,0.0,23.77
2023-06-17 02:00:00+05:30,0.0,23.74
2023-06-17 03:00:00+05:30,0.0,23.49
2023-06-17 04:00:00+05:30,0.0,23.48
2023-06-17 05:00:00+05:30,0.0,23.38
2023-06-17 06:00:00+05:30,0.0,23.5
2023-06-17 07:00:00+05:30,104.2,23.33
2023-06-17 08:00:00+05:30,253.07,24.0
2023-06-17 09:00:00+05:30,462.69,25.43
2023-06-17 10:00:00+05:30,585.77,27.0
2023-06-17 11:00:00+05:30,733.56,28.27
2023-06-17 12:00:00+05:30,791.44,29.87
2023-06-17 13:00:00+05:30,798.44,30.85
2023-06-17 14:00:00+05:30,691.42,31.08
2023-06-17 15:00:00+05:30,545.49,30.27
2023-06-17 16:00:00+05:30,364.32,29.68
2023-06-17 17:00:00+05:30,312.16,28.75
2023-06-17 18:00:00+05:30,175.73,28.06
2023-06-17 19:00:00+05:30,12.86,26.93
2023-06-17 20:00:00+05:30,0.0,25.67
2023-06-17 21:00:00+05:30,0.0,24.9
2023-06-17 22:00:00+05:30,0.0,24.29
2023-06-17 23:00:00+05:30,0.0,23.87
2023-06-18 00:00:00+05:30,0.0,23.72
2023-06-18 01:00:00+05:30,0.0,23.26
2023-06-18 02:00:00+05:30,0.0,23.15
2023-06-18 03:00:00+05:30,0.0,23.02
2023-06-18 04:00:00+05:30,0.0,22.96
2023-06-18 05:00:00+05:30,0.0,23.17
2023-06-18 06:00:00+05:30,0.0,22.89
2023-06-18 07:00:00+05:30,129.74,23.02
2023-06-18 08:00:00+05:30,303.28,24.09
2023-06-18 09:00:00+05:30,358.4,25.39
2023-06-18 10:00:00+05:30,440.87,26.27
2023-06-18 11:00:00+05:30,519.55,27.37
2023-06-18 12:00:00+05:30,644.62,28.24
2023-06-18 13:00:00+05:30,663.19,29.16
2023-06-18 14:00:00+05:30,759.62,29.81
2023-06-18 15:00:00+05:30,655.63,30.31
2023-06-18 16:00:00+05:30,516.72,29.89
2023-06-18 17:00:00+05:30,308.51,29.11
2023-06-18 18:00:00+05:30,152.14,27.92
2023-06-18 19:00:00+05:30,11.4,26.58
2023-06-18 20:00:00+05:30,0.0,25.35
2023-06-18 21:00:00+05:30,0.0,24.62
2023-06-18 22:00:00+05:30,0.0,24.11
2023-06-18 23:00:00+05:30,0.0,23.53
2023-06-19 00:00:00+05:30,0.0,23.33
2023-06-19 01:00:00+05:30,0.0,22.95
2023-06-19 02:00:00+05:30,0.0,22.86
2023-06-19 03:00:00+05:30,0.0,22.74
2023-06-19 04:00:00+05:30,0.0,22.32
2023-06-19 05:00:00+05:30,0.0,22.44
2023-06-19 06:00:00+05:30,0.0,22.44
2023-06-19 07:00:00+05:30,125.83,22.63
2023-06-19 08:00:00+05:30,296.54,23.87
2023-06-19 09:00:00+05:30,536.57,25.45
2023-06-19 10:00:00+05:30,684.99,27.49
2023-06-19 11:00:00+05:30,767.55,29.24
2023-06-19 12:00:00+05:30,867.05,30.38
2023-06-19 13:00:00+05:30,811.69,31.47
2023-06-19 14:00:00+05:30,745.34,31.99
2023-06-19 15:00:00+05:30,632.21,31.9
2023-06-19 16:00:00+05:30,463.86,31.55
2023-06-19 17:00:00+05:30,350.44,30.61
2023-06-19 18:00:00+05:30,171.4,29.58
2023-06-19 19:00:00+05:30,13.49,28.13
2023-06-19 20:00:00+05:30,0.0,26.71
2023-06-19 21:00:00+05:30,0.0,25.59
2023-06-19 22:00:00+05:30,0.0,24.75
2023-06-19 23:00:00+05:30,0.0,24.15
2023-06-20 00:00:00+05:30,0.0,23.76
2023-06-20 01:00:00+05:30,0.0,23.32
2023-06-20 02:00:00+05:30,0.0,23.05
2023-06-20 03:00:00+05:30,0.0,22.7
2023-06-20 04:00:00+05:30,0.0,22.64
2023-06-20 05:00:00+05:30,0.0,22.56
2023-06-20 06:00:00+05:30,0.0,22.52
2023-06-20 07:00:00+05:30,147.74,22.49
2023-06-20 08:00:00+05:30,348.44,23.57
2023-06-20 09:00:00+05:30,540.92,25.68
2023-06-20 10:00:00+05:30,705.6,27.5
2023-06-20 11:00:00+05:30,601.67,29.52
2023-06-20 12:00:00+05:30,678.69,30.33
2023-06-20 13:00:00+05:30,780.79,31.53
2023-06-20 14:00:00+05:30,645.96,31.91
2023-06-20 15:00:00+05:30,445.47,31.5
2023-06-20 16:00:00+05:30,405.56,30.4
2023-06-20 17:00:00+05:30,217.49,29.59
2023-06-20 18:00:00+05:30,113.73,28.36
2023-06-20 19:00:00+05:30,11.25,27.18
2023-06-20 20:00:00+05:30,0.0,25.85
2023-06-20 21:00:00+05:30,0.0,25.04
2023-06-20 22:00:00+05:30,0.0,24.44
2023-06-20 23:00:00+05:30,0.0,24.08
2023-06-21 00:00:00+05:30,0.0,23.41
2023-06-21 01:00:00+05:30,0.0,23.23
2023-06-21 02:00:00+05:30,0.0,22.96
2023-06-21 03:00:00+05:30,0.0,22.75
2023-06-21 04:00:00+05:30,0.0,22.58
2023-06-21 05:00:00+05:30,0.0,22.67
2023-06-21 06:00:00+05:30,0.0,22.6
2023-06-21 07:00:00+05:30,137.0,22.56
2023-06-21 08:00:00+05:30,328.97,23.8
2023-06-21 09:00:00+05:30,549.19,25.7
2023-06-21 10:00:00+05:30,692.56,27.85
2023-06-21 11:00:00+05:30,808.13,29.53
2023-06-21 12:00:00+05:30,868.91,31.17
2023-06-21 13:00:00+05:30,851.42,31.9
2023-06-21 14:00:00+05:30,754.63,32.35
2023-06-21 15:00:00+05:30,736.73,32.33
2023-06-21 16:00:00+05:30,538.28,32.29
2023-06-21 17:00:00+05:30,233.8,31.4
2023-06-21 18:00:00+05:30,141.52,29.71
2023-06-21 19:00:00+05:30,13.3,28.26
2023-06-21 20:00:00+05:30,0.0,26.92
2023-06-21 21:00:00+05:30,0.0,25.87
2023-06-21 22:00:00+05:30,0.0,25.14
2023-06-21 23:00:00+05:30,0.0,24.58
2023-06-22 00:00:00+05:30,0.0,24.11
2023-06-22 01:00:00+05:30,0.0,23.92
2023-06-22 02:00:00+05:30,0.0,23.68
2023-06-22 03:00:00+05:30,0.0,23.48
2023-06-22 04:00:00+05:30,0.0,23.23
2023-06-22 05:00:00+05:30,0.0,23.0
2023-06-22 06:00:00+05:30,0.0,22.81
2023-06-22 07:00:00+05:30,111.7,22.69
2023-06-22 08:00:00+05:30,314.71,23.79
2023-06-22 09:00:00+05:30,463.88,25.77
2023-06-22 10:00:00+05:30,668.24,27.72
2023-06-22 11:00:00+05:30,716.16,29.73
2023-06-22 12:00:00+05:30,883.59,30.61
2023-06-22 13:00:00+05:30,785.7,32.13
2023-06-22 14:00:00+05:30,759.91,32.18
2023-06-22 15:00:00+05:30,665.19,32.54
2023-06-22 16:00:00+05:30,545.4,32.46
2023-06-22 17:00:00+05:30,364.21,31.69
2023-06-22 18:00:00+05:30,178.69,30.27
2023-06-22 19:00:00+05:30,14.23,28.53
2023-06-22 20:00:00+05:30,0.0,27.18
2023-06-22 21:00:00+05:30,0.0,26.22
2023-06-22 22:00:00+05:30,0.0,25.48
2023-06-22 23:00:00+05:30,0.0,24.8
2023-06-23 00:00:00+05:30,0.0,24.28
2023-06-23 01:00:00+05:30,0.0,24.02
2023-06-23 02:00:00+05:30,0.0,23.71
2023-06-23 03:00:00+05:30,0.0,23.59
2023-06-23 04:00:00+05:30,0.0,23.38
2023-06-23 05:00:00+05:30,0.0,23.22
2023-06-23 06:00:00+05:30,0.0,23.17
2023-06-23 07:00:00+05:30,77.91,23.1
2023-06-23 08:00:00+05:30,255.76,23.53
2023-06-23 09:00:00+05:30,479.18,25.07
2023-06-23 10:00:00+05:30,558.02,27.39
2023-06-23 11:00:00+05:30,731.36,28.92
2023-06-23 12:00:00+05:30,783.69,30.33
2023-06-23 13:00:00+05:30,770.7,31.07
2023-06-23 14:00:00+05:30,590.36,31.41
2023-06-23 15:00:00+05:30,531.42,29.37
2023-06-23 16:00:00+05:30,378.7,28.78
2023-06-23 17:00:00+05:30,275.64,28.46
2023-06-23 18:00:00+05:30,137.24,28.04
2023-06-23 19:00:00+05:30,12.03,26.91
2023-06-23 20:00:00+05:30,0.0,25.58
2023-06-23 21:00:00+05:30,0.0,24.62
2023-06-23 22:00:00+05:30,0.0,23.99
2023-06-23 23:00:00+05:30,0.0,23.72
2023-06-24 00:00:00+05:30,0.0,23.58
2023-06-24 01:00:00+05:30,0.0,23.7
2023-06-24 02:00:00+05:30,0.0,23.46
2023-06-24 03:00:00+05:30,0.0,23.31
2023-06-24 04:00:00+05:30,0.0,23.26
2023-06-24 05:00:00+05:30,0.0,22.99
2023-06-24 06:00:00+05:30,0.0,22.92
2023-06-24 07:00:00+05:30,66.68,22.92
2023-06-24 08:00:00+05:30,193.02,23.61
2023-06-24 09:00:00+05:30,291.34,24.91
2023-06-24 10:00:00+05:30,345.88,26.14
2023-06-24 11:00:00+05:30,655.52,26.95
2023-06-24 12:00:00+05:30,497.39,28.91
2023-06-24 13:00:00+05:30,550.99,26.57
2023-06-24 14:00:00+05:30,519.81,28.14
2023-06-24 15:00:00+05:30,294.52,28.31
2023-06-24 16:00:00+05:30,159.38,26.09
2023-06-24 17:00:00+05:30,145.56,24.9
2023-06-24 18:00:00+05:30,45.69,24.38
2023-06-24 19:00:00+05:30,7.99,23.66
2023-06-24 20:00:00+05:30,0.0,23.18
2023-06-24 21:00:00+05:30,0.0,22.92
2023-06-24 22:00:00+05:30,0.0,22.86
2023-06-24 23:00:00+05:30,0.0,23.01
2023-06-25 00:00:00+05:30,0.0,22.95
2023-06-25 01:00:00+05:30,0.0,22.85
2023-06-25 02:00:00+05:30,0.0,22.9
2023-06-25 03:00:00+05:30,0.0,22.84
2023-06-25 04:00:00+05:30,0.0,22.65
2023-06-25 05:00:00+05:30,0.0,22.66
2023-06-25 06:00:00+05:30,0.0,22.65
2023-06-25 07:00:00+05:30,38.93,22.64
2023-06-25 08:00:00+05:30,130.36,22.81
2023-06-25 09:00:00+05:30,145.59,23.35
2023-06-25 10:00:00+05:30,226.68,23.69
2023-06-25 11:00:00+05:30,231.02,24.09
2023-06-25 12:00:00+05:30,181.2,24.48
2023-06-25 13:00:00+05:30,172.31,23.88
2023-06-25 14:00:00+05:30,191.66,23.7
2023-06-25 15:00:00+05:30,162.52,23.28
2023-06-25 16:00:00+05:30,102.24,23.19
2023-06-25 17:00:00+05:30,82.12,22.96
2023-06-25 18:00:00+05:30,32.58,22.91
2023-06-25 19:00:00+05:30,4.53,22.69
2023-06-25 20:00:00+05:30,0.0,22.45
2023-06-25 21:00:00+05:30,0.0,22.39
2023-06-25 22:00:00+05:30,0.0,22.4
2023-06-25 23:00:00+05:30,0.0,22.44
2023-06-26 00:00:00+05:30,0.0,22.39
2023-06-26 01:00:00+05:30,0.0,22.39
2023-06-26 02:00:00+05:30,0.0,22.32
2023-06-26 03:00:00+05:30,0.0,22.31
2023-06-26 04:00:00+05:30,0.0,22.36
2023-06-26 05:00:00+05:30,0.0,22.32
2023-06-26 06:00:00+05:30,0.0,22.23
2023-06-26 07:00:00+05:30,33.65,22.24
2023-06-26 08:00:00+05:30,132.9,22.41
2023-06-26 09:00:00+05:30,207.65,22.81
2023-06-26 10:00:00+05:30,298.19,23.11
2023-06-26 11:00:00+05:30,276.15,23.72
2023-06-26 12:00:00+05:30,232.01,23.8
2023-06-26 13:00:00+05:30,242.7,23.46
2023-06-26 14:00:00+05:30,191.03,23.64
2023-06-26 15:00:00+05:30,162.82,23.62
2023-06-26 16:00:00+05:30,125.02,23.63
2023-06-26 17:00:00+05:30,81.81,23.17
2023-06-26 18:00:00+05:30,46.95,23.36
2023-06-26 19:00:00+05:30,5.21,22.91
2023-06-26 20:00:00+05:30,0.0,22.3
2023-06-26 21:00:00+05:30,0.0,22.0
2023-06-26 22:00:00+05:30,0.0,21.8
2023-06-26 23:00:00+05:30,0.0,21.79
2023-06-27 00:00:00+05:30,0.0,21.78
2023-06-27 01:00:00+05:30,0.0,22.3
2023-06-27 02:00:00+05:30,0.0,22.49
2023-06-27 03:00:00+05:30,0.0,22.59
2023-06-27 04:00:00+05:30,0.0,22.53
2023-06-27 05:00:00+05:30,0.0,22.25
2023-06-27 06:00:00+05:30,0.0,22.17
2023-06-27 07:00:00+05:30,28.4,22.09
2023-06-27 08:00:00+05:30,46.73,22.17
2023-06-27 09:00:00+05:30,103.46,22.27
2023-06-27 10:00:00+05:30,136.31,22.5
2023-06-27 11:00:00+05:30,167.87,22.8
2023-06-27 12:00:00+05:30,236.38,22.94
2023-06-27 13:00:00+05:30,227.52,23.41
2023-06-27 14:00:00+05:30,204.69,23.8
2023-06-27 15:00:00+05:30,143.35,23.34
2023-06-27 16:00:00+05:30,52.37,22.94
2023-06-27 17:00:00+05:30,37.39,22.47
2023-06-27 18:00:00+05:30,18.34,22.47
2023-06-27 19:00:00+05:30,3.36,22.52
2023-06-27 20:00:00+05:30,0.0,22.4
2023-06-27 21:00:00+05:30,0.0,22.36
2023-06-27 22:00:00+05:30,0.0,22.19
2023-06-27 23:00:00+05:30,0.0,22.15
2023-06-28 00:00:00+05:30,0.0,22.08
2023-06-28 01:00:00+05:30,0.0,22.14
2023-06-28 02:00:00+05:30,0.0,22.08
2023-06-28 03:00:00+05:30,0.0,22.2
2023-06-28 04:00:00+05:30,0.0,22.32
2023-06-28 05:00:00+05:30,0.0,22.34
2023-06-28 06:00:00+05:30,0.0,22.25
2023-06-28 07:00:00+05:30,17.6,22.19
2023-06-28 08:00:00+05:30,56.32,22.31
2023-06-28 09:00:00+05:30,87.44,22.49
2023-06-28 10:00:00+05:30,139.34,22.62
2023-06-28 11:00:00+05:30,300.39,22.94
2023-06-28 12:00:00+05:30,390.26,23.46
2023-06-28 13:00:00+05:30,321.94,24.51
2023-06-28 14:00:00+05:30,230.77,24.6
2023-06-28 15:00:00+05:30,80.29,23.96
2023-06-28 16:00:00+05:30,145.2,23.22
2023-06-28 17:00:00+05:30,65.63,23.16
2023-06-28 18:00:00+05:30,34.68,22.87
2023-06-28 19:00:00+05:30,6.77,22.79
2023-06-28 20:00:00+05:30,0.0,22.67
2023-06-28 21:00:00+05:30,0.0,22.65
2023-06-28 22:00:00+05:30,0.0,22.67
2023-06-28 23:00:00+05:30,0.0,22.71
2023-06-29 00:00:00+05:30,0.0,22.59
2023-06-29 01:00:00+05:30,0.0,22.87
2023-06-29 02:00:00+05:30,0.0,22.9
2023-06-29 03:00:00+05:30,0.0,22.66
2023-06-29 04:00:00+05:30,0.0,22.41
2023-06-29 05:00:00+05:30,0.0,22.4
2023-06-29 06:00:00+05:30,0.0,22.36
2023-06-29 07:00:00+05:30,26.7,22.34
2023-06-29 08:00:00+05:30,86.33,22.59
2023-06-29 09:00:00+05:30,104.16,22.99
2023-06-29 10:00:00+05:30,120.47,23.13
2023-06-29 11:00:00+05:30,157.33,23.17
2023-06-29 12:00:00+05:30,193.04,23.21
2023-06-29 13:00:00+05:30,139.55,23.61
2023-06-29 14:00:00+05:30,182.26,23.26
2023-06-29 15:00:00+05:30,119.68,23.51
2023-06-29 16:00:00+05:30,75.96,23.38
2023-06-29 17:00:00+05:30,49.03,22.81
2023-06-29 18:00:00+05:30,16.91,22.5
2023-06-29 19:00:00+05:30,3.26,22.48
2023-06-29 20:00:00+05:30,0.0,22.43
2023-06-29 21:00:00+05:30,0.0,22.48
2023-06-29 22:00:00+05:30,0.0,22.58
2023-06-29 23:00:00+05:30,0.0,22.62
2023-06-30 00:00:00+05:30,0.0,22.68
2023-06-30 01:00:00+05:30,0.0,22.3
2023-06-30 02:00:00+05:30,0.0,22.28
2023-06-30 03:00:00+05:30,0.0,22.31
2023-06-30 04:00:00+05:30,0.0,22.52
2023-06-30 05:00:00+05:30,0.0,22.57
2023-06-30 06:00:00+05:30,0.0,22.52
2023-06-30 07:00:00+05:30,16.59,22.35
2023-06-30 08:00:00+05:30,40.59,22.88
2023-06-30 09:00:00+05:30,86.18,22.75
2023-06-30 10:00:00+05:30,133.08,22.9
2023-06-30 11:00:00+05:30,199.14,23.08
2023-06-30 12:00:00+05:30,351.51,23.76
2023-06-30 13:00:00+05:30,264.49,23.43
2023-06-30 14:00:00+05:30,203.54,23.94
2023-06-30 15:00:00+05:30,127.96,23.52
2023-06-30 16:00:00+05:30,53.21,22.73
2023-06-30 17:00:00+05:30,50.39,22.51
2023-06-30 18:00:00+05:30,14.0,22.47
2023-06-30 19:00:00+05:30,3.51,22.4
2023-06-30 20:00:00+05:30,0.0,22.51
2023-06-30 21:00:00+05:30,0.0,22.55
2023-06-30 22:00:00+05:30,0.0,22.61
2023-06-30 23:00:00+05:30,0.0,22.64
2023-07-01 00:00:00+05:30,0.0,22.62
2023-07-01 01:00:00+05:30,0.0,22.07
2023-07-01 02:00:00+05:30,0.0,21.94
2023-07-01 03:00:00+05:30,0.0,21.92
2023-07-01 04:00:00+05:30,0.0,22.15
2023-07-01 05:00:00+05:30,0.0,22.21
2023-07-01 06:00:00+05:30,0.0,22.23
2023-07-01 07:00:00+05:30,16.32,22.29
2023-07-01 08:00:00+05:30,29.6,22.44
2023-07-01 09:00:00+05:30,105.58,22.44
2023-07-01 10:00:00+05:30,185.65,22.76
2023-07-01 11:00:00+05:30,223.93,23.6
2023-07-01 12:00:00+05:30,414.9,24.05
2023-07-01 13:00:00+05:30,452.48,25.18
2023-07-01 14:00:00+05:30,484.57,25.21
2023-07-01 15:00:00+05:30,363.51,24.53
2023-07-01 16:00:00+05:30,388.02,24.57
2023-07-01 17:00:00+05:30,215.2,24.27
2023-07-01 18:00:00+05:30,70.95,23.94
2023-07-01 19:00:00+05:30,9.5,22.92
2023-07-01 20:00:00+05:30,0.0,22.55
2023-07-01 21:00:00+05:30,0.0,22.67
2023-07-01 22:00:00+05:30,0.0,22.69
2023-07-01 23:00:00+05:30,0.0,22.54
2023-07-02 00:00:00+05:30,0.0,22.34
2023-07-02 01:00:00+05:30,0.0,22.69
2023-07-02 02:00:00+05:30,0.0,22.54
2023-07-02 03:00:00+05:30,0.0,22.34
2023-07-02 04:00:00+05:30,0.0,22.41
2023-07-02 05:00:00+05:30,0.0,22.34
2023-07-02 06:00:00+05:30,0.0,22.22
2023-07-02 07:00:00+05:30,39.31,22.17
2023-07-02 08:00:00+05:30,89.75,22.5
2023-07-02 09:00:00+05:30,121.18,22.92
2023-07-02 10:00:00+05:30,348.19,23.09
2023-07-02 11:00:00+05:30,434.43,24.07
2023-07-02 12:00:00+05:30,441.17,24.75
2023-07-02 13:00:00+05:30,558.8,25.33
2023-07-02 14:00:00+05:30,339.09,25.74
2023-07-02 15:00:00+05:30,265.68,25.06
2023-07-02 16:00:00+05:30,221.25,24.55
2023-07-02 17:00:00+05:30,138.52,24.06
2023-07-02 18:00:00+05:30,83.1,23.56
2023-07-02 19:00:00+05:30,9.5,23.26
2023-07-02 20:00:00+05:30,0.0,22.74
2023-07-02 21:00:00+05:30,0.0,22.47
2023-07-02 22:00:00+05:30,0.0,22.37
2023-07-02 23:00:00+05:30,0.0,22.46
2023-07-03 00:00:00+05:30,0.0,22.27
2023-07-03 01:00:00+05:30,0.0,22.86
2023-07-03 02:00:00+05:30,0.0,22.83
2023-07-03 03:00:00+05:30,0.0,22.69
2023-07-03 04:00:00+05:30,0.0,22.57
2023-07-03 05:00:00+05:30,0.0,22.4
2023-07-03 06:00:00+05:30,0.0,22.46
2023-07-03 07:00:00+05:30,30.31,22.55
2023-07-03 08:00:00+05:30,92.56,22.84
2023-07-03 09:00:00+05:30,298.63,23.37
2023-07-03 10:00:00+05:30,415.98,24.83
2023-07-03 11:00:00+05:30,513.6,25.34
2023-07-03 12:00:00+05:30,666.65,25.61
2023-07-03 13:00:00+05:30,665.59,27.26
2023-07-03 14:00:00+05:30,710.88,27.0
2023-07-03 15:00:00+05:30,602.0,27.62
2023-07-03 16:00:00+05:30,424.08,27.64
2023-07-03 17:00:00+05:30,282.23,27.06
2023-07-03 18:00:00+05:30,110.15,25.83
2023-07-03 19:00:00+05:30,6.92,25.19
2023-07-03 20:00:00+05:30,0.0,24.48
2023-07-03 21:00:00+05:30,0.0,23.95
2023-07-03 22:00:00+05:30,0.0,23.49
2023-07-03 23:00:00+05:30,0.0,23.23
2023-07-04 00:00:00+05:30,0.0,23.13
2023-07-04 01:00:00+05:30,0.0,23.3
2023-07-04 02:00:00+05:30,0.0,23.17
2023-07-04 03:00:00+05:30,0.0,23.02
2023-07-04 04:00:00+05:30,0.0,22.87
2023-07-04 05:00:00+05:30,0.0,22.8
2023-07-04 06:00:00+05:30,0.0,22.75
2023-07-04 07:00:00+05:30,77.27,22.76
2023-07-04 08:00:00+05:30,207.23,23.24
2023-07-04 09:00:00+05:30,327.96,24.26
2023-07-04 10:00:00+05:30,344.08,25.67
2023-07-04 11:00:00+05:30,532.06,26.14
2023-07-04 12:00:00+05:30,643.65,27.03
2023-07-04 13:00:00+05:30,576.03,27.33
2023-07-04 14:00:00+05:30,391.26,26.3
2023-07-04 15:00:00+05:30,315.1,26.15
2023-07-04 16:00:00+05:30,306.75,25.24
2023-07-04 17:00:00+05:30,166.28,24.73
2023-07-04 18:00:00+05:30,48.77,24.24
2023-07-04 19:00:00+05:30,9.4,23.37
2023-07-04 20:00:00+05:30,0.0,22.9
2023-07-04 21:00:00+05:30,0.0,22.82
2023-07-04 22:00:00+05:30,0.0,22.59
2023-07-04 23:00:00+05:30,0.0,22.55
2023-07-05 00:00:00+05:30,0.0,22.37
2023-07-05 01:00:00+05:30,0.0,22.18
2023-07-05 02:00:00+05:30,0.0,22.12
2023-07-05 03:00:00+05:30,0.0,21.98
2023-07-05 04:00:00+05:30,0.0,22.09
2023-07-05 05:00:00+05:30,0.0,22.1
2023-07-05 06:00:00+05:30,0.0,22.03
2023-07-05 07:00:00+05:30,52.56,22.08
2023-07-05 08:00:00+05:30,193.98,22.5
2023-07-05 09:00:00+05:30,271.51,23.43
2023-07-05 10:00:00+05:30,359.5,24.48
2023-07-05 11:00:00+05:30,335.86,25.58
2023-07-05 12:00:00+05:30,492.49,25.97
2023-07-05 13:00:00+05:30,286.44,26.39
2023-07-05 14:00:00+05:30,257.92,25.78
2023-07-05 15:00:00+05:30,256.74,25.15
2023-07-05 16:00:00+05:30,159.13,24.76
2023-07-05 17:00:00+05:30,98.11,24.38
2023-07-05 18:00:00+05:30,30.38,24.05
2023-07-05 19:00:00+05:30,4.43,23.45
2023-07-05 20:00:00+05:30,0.0,23.05
2023-07-05 21:00:00+05:30,0.0,22.85
2023-07-05 22:00:00+05:30,0.0,22.77
2023-07-05 23:00:00+05:30,0.0,22.83
2023-07-06 00:00:00+05:30,0.0,22.75
2023-07-06 01:00:00+05:30,0.0,22.46
2023-07-06 02:00:00+05:30,0.0,22.4
2023-07-06 03:00:00+05:30,0.0,22.29
2023-07-06 04:00:00+05:30,0.0,22.3
2023-07-06 05:00:00+05:30,0.0,22.28
2023-07-06 06:00:00+05:30,0.0,22.32
2023-07-06 07:00:00+05:30,17.87,22.32
2023-07-06 08:00:00+05:30,25.42,22.52
2023-07-06 09:00:00+05:30,120.27,22.72
2023-07-06 10:00:00+05:30,84.92,23.31
2023-07-06 11:00:00+05:30,155.74,23.48
2023-07-06 12:00:00+05:30,101.19,23.61
2023-07-06 13:00:00+05:30,171.34,22.77
2023-07-06 14:00:00+05:30,110.25,22.79
2023-07-06 15:00:00+05:30,194.61,22.4
2023-07-06 16:00:00+05:30,130.92,22.53
2023-07-06 17:00:00+05:30,50.17,22.54
2023-07-06 18:00:00+05:30,30.08,22.23
2023-07-06 19:00:00+05:30,3.95,22.26
2023-07-06 20:00:00+05:30,0.0,22.07
2023-07-06 21:00:00+05:30,0.0,21.88
2023-07-06 22:00:00+05:30,0.0,22.01
2023-07-06 23:00:00+05:30,0.0,22.32
2023-07-07 00:00:00+05:30,0.0,22.15
2023-07-07 01:00:00+05:30,0.0,22.24
2023-07-07 02:00:00+05:30,0.0,22.44
2023-07-07 03:00:00+05:30,0.0,22.38
2023-07-07 04:00:00+05:30,0.0,22.34
2023-07-07 05:00:00+05:30,0.0,22.4
2023-07-07 06:00:00+05:30,0.0,22.44
2023-07-07 07:00:00+05:30,10.01,22.56
2023-07-07 08:00:00+05:30,36.01,22.53
2023-07-07 09:00:00+05:30,66.35,22.76
2023-07-07 10:00:00+05:30,93.93,22.7
2023-07-07 11:00:00+05:30,124.29,22.67
2023-07-07 12:00:00+05:30,333.64,22.62
2023-07-07 13:00:00+05:30,338.34,23.67
2023-07-07 14:00:00+05:30,314.38,24.0
2023-07-07 15:00:00+05:30,208.19,23.36
2023-07-07 16:00:00+05:30,155.56,23.19
2023-07-07 17:00:00+05:30,94.68,23.03
2023-07-07 18:00:00+05:30,71.38,22.96
2023-07-07 19:00:00+05:30,10.04,22.6
2023-07-07 20:00:00+05:30,0.0,22.36
2023-07-07 21:00:00+05:30,0.0,22.49
2023-07-07 22:00:00+05:30,0.0,22.32
2023-07-07 23:00:00+05:30,0.0,22.21
2023-07-08 00:00:00+05:30,0.0,22.32
2023-07-08 01:00:00+05:30,0.0,22.19
2023-07-08 02:00:00+05:30,0.0,22.44
2023-07-08 03:00:00+05:30,0.0,22.15
2023-07-08 04:00:00+05:30,0.0,21.91
2023-07-08 05:00:00+05:30,0.0,21.99
2023-07-08 06:00:00+05:30,0.0,22.1
2023-07-08 07:00:00+05:30,43.01,21.99
2023-07-08 08:00:00+05:30,62.85,22.23
2023-07-08 09:00:00+05:30,176.67,22.81
2023-07-08 10:00:00+05:30,242.68,23.4
2023-07-08 11:00:00+05:30,312.05,23.99
2023-07-08 12:00:00+05:30,658.87,24.22
2023-07-08 13:00:00+05:30,640.21,25.4
2023-07-08 14:00:00+05:30,629.01,26.13
2023-07-08 15:00:00+05:30,390.42,25.74
2023-07-08 16:00:00+05:30,450.79,25.33
2023-07-08 17:00:00+05:30,303.81,24.74
2023-07-08 18:00:00+05:30,137.83,24.64
2023-07-08 19:00:00+05:30,12.08,23.31
2023-07-08 20:00:00+05:30,0.0,22.75
2023-07-08 21:00:00+05:30,0.0,22.56
2023-07-08 22:00:00+05:30,0.0,22.42
2023-07-08 23:00:00+05:30,0.0,22.45
2023-07-09 00:00:00+05:30,0.0,22.27
2023-07-09 01:00:00+05:30,0.0,22.43
2023-07-09 02:00:00+05:30,0.0,22.41
2023-07-09 03:00:00+05:30,0.0,22.17
2023-07-09 04:00:00+05:30,0.0,22.23
2023-07-09 05:00:00+05:30,0.0,22.35
2023-07-09 06:00:00+05:30,0.0,22.4
2023-07-09 07:00:00+05:30,68.01,22.6
2023-07-09 08:00:00+05:30,196.51,22.85
2023-07-09 09:00:00+05:30,383.96,23.38
2023-07-09 10:00:00+05:30,369.53,24.24
2023-07-09 11:00:00+05:30,596.15,24.57
2023-07-09 12:00:00+05:30,749.05,25.37
2023-07-09 13:00:00+05:30,623.96,26.34
2023-07-09 14:00:00+05:30,617.01,25.99
2023-07-09 15:00:00+05:30,601.26,25.57
2023-07-09 16:00:00+05:30,410.44,25.74
2023-07-09 17:00:00+05:30,219.89,25.24
2023-07-09 18:00:00+05:30,76.58,24.37
2023-07-09 19:00:00+05:30,10.23,23.44
2023-07-09 20:00:00+05:30,0.0,22.97
2023-07-09 21:00:00+05:30,0.0,22.69
2023-07-09 22:00:00+05:30,0.0,22.71
2023-07-09 23:00:00+05:30,0.0,22.84
2023-07-10 00:00:00+05:30,0.0,22.79
2023-07-10 01:00:00+05:30,0.0,22.23
2023-07-10 02:00:00+05:30,0.0,22.23
2023-07-10 03:00:00+05:30,0.0,22.25
2023-07-10 04:00:00+05:30,0.0,22.03
2023-07-10 05:00:00+05:30,0.0,22.07
2023-07-10 06:00:00+05:30,0.0,22.08
2023-07-10 07:00:00+05:30,78.69,22.02
2023-07-10 08:00:00+05:30,197.48,22.57
2023-07-10 09:00:00+05:30,283.9,23.37
2023-07-10 10:00:00+05:30,312.21,24.25
2023-07-10 11:00:00+05:30,417.83,24.91
2023-07-10 12:00:00+05:30,462.33,25.57
2023-07-10 13:00:00+05:30,739.09,25.8
2023-07-10 14:00:00+05:30,404.66,26.51
2023-07-10 15:00:00+05:30,506.22,25.7
2023-07-10 16:00:00+05:30,415.7,25.85
2023-07-10 17:00:00+05:30,307.86,25.33
2023-07-10 18:00:00+05:30,150.66,24.86
2023-07-10 19:00:00+05:30,11.59,23.81
2023-07-10 20:00:00+05:30,0.0,22.99
2023-07-10 21:00:00+05:30,0.0,22.54
2023-07-10 22:00:00+05:30,0.0,22.45
2023-07-10 23:00:00+05:30,0.0,22.52
2023-07-11 00:00:00+05:30,0.0,22.24
2023-07-11 01:00:00+05:30,0.0,22.2
2023-07-11 02:00:00+05:30,0.0,22.09
2023-07-11 03:00:00+05:30,0.0,22.04
2023-07-11 04:00:00+05:30,0.0,21.86
2023-07-11 05:00:00+05:30,0.0,21.86
2023-07-11 06:00:00+05:30,0.0,21.73
2023-07-11 07:00:00+05:30,66.72,21.85
2023-07-11 08:00:00+05:30,213.06,22.58
2023-07-11 09:00:00+05:30,438.02,23.52
2023-07-11 10:00:00+05:30,506.67,24.9
2023-07-11 11:00:00+05:30,608.1,25.37
2023-07-11 12:00:00+05:30,685.36,25.82
2023-07-11 13:00:00+05:30,583.61,26.5
2023-07-11 14:00:00+05:30,407.33,26.25
2023-07-11 15:00:00+05:30,306.34,25.72
2023-07-11 16:00:00+05:30,220.59,25.38
2023-07-11 17:00:00+05:30,127.11,24.58
2023-07-11 18:00:00+05:30,66.34,23.95
2023-07-11 19:00:00+05:30,7.99,23.61
2023-07-11 20:00:00+05:30,0.0,23.04
2023-07-11 21:00:00+05:30,0.0,22.69
2023-07-11 22:00:00+05:30,0.0,22.62
2023-07-11 23:00:00+05:30,0.0,22.52
2023-07-12 00:00:00+05:30,0.0,22.45
2023-07-12 01:00:00+05:30,0.0,22.46
2023-07-12 02:00:00+05:30,0.0,22.29
2023-07-12 03:00:00+05:30,0.0,22.18
2023-07-12 04:00:00+05:30,0.0,22.16
2023-07-12 05:00:00+05:30,0.0,22.08
2023-07-12 06:00:00+05:30,0.0,22.16
2023-07-12 07:00:00+05:30,38.24,22.32
2023-07-12 08:00:00+05:30,105.08,22.51
2023-07-12 09:00:00+05:30,115.42,23.03
2023-07-12 10:00:00+05:30,171.48,23.2
2023-07-12 11:00:00+05:30,192.79,23.56
2023-07-12 12:00:00+05:30,186.12,23.77
2023-07-12 13:00:00+05:30,212.04,24.03
2023-07-12 14:00:00+05:30,350.59,24.46
2023-07-12 15:00:00+05:30,226.07,25.3
2023-07-12 16:00:00+05:30,173.93,24.97
2023-07-12 17:00:00+05:30,90.46,24.41
2023-07-12 18:00:00+05:30,49.53,23.54
2023-07-12 19:00:00+05:30,6.67,23.05
2023-07-12 20:00:00+05:30,0.0,22.63
2023-07-12 21:00:00+05:30,0.0,22.48
2023-07-12 22:00:00+05:30,0.0,22.38
2023-07-12 23:00:00+05:30,0.0,22.32
2023-07-13 00:00:00+05:30,0.0,22.32
2023-07-13 01:00:00+05:30,0.0,22.85
2023-07-13 02:00:00+05:30,0.0,22.67
2023-07-13 03:00:00+05:30,0.0,22.53
2023-07-13 04:00:00+05:30,0.0,22.39
2023-07-13 05:00:00+05:30,0.0,22.56
2023-07-13 06:00:00+05:30,0.0,22.57
2023-07-13 07:00:00+05:30,51.87,22.55
2023-07-13 08:00:00+05:30,235.4,22.83
2023-07-13 09:00:00+05:30,397.02,23.93
2023-07-13 10:00:00+05:30,458.47,24.75
2023-07-13 11:00:00+05:30,548.94,25.1
2023-07-13 12:00:00+05:30,564.2,25.77
2023-07-13 13:00:00+05:30,688.83,26.26
2023-07-13 14:00:00+05:30,558.3,26.67
2023-07-13 15:00:00+05:30,480.63,26.19
2023-07-13 16:00:00+05:30,330.48,25.72
2023-07-13 17:00:00+05:30,217.03,24.59
2023-07-13 18:00:00+05:30,54.54,24.34
2023-07-13 19:00:00+05:30,9.79,23.5
2023-07-13 20:00:00+05:30,0.0,22.92
2023-07-13 21:00:00+05:30,0.0,22.66
2023-07-13 22:00:00+05:30,0.0,22.61
2023-07-13 23:00:00+05:30,0.0,22.64
2023-07-14 00:00:00+05:30,0.0,22.56
2023-07-14 01:00:00+05:30,0.0,22.95
2023-07-14 02:00:00+05:30,0.0,22.99
2023-07-14 03:00:00+05:30,0.0,22.8
2023-07-14 04:00:00+05:30,0.0,22.99
2023-07-14 05:00:00+05:30,0.0,22.89
2023-07-14 06:00:00+05:30,0.0,22.51
2023-07-14 07:00:00+05:30,20.93,22.48
2023-07-14 08:00:00+05:30,100.81,22.58
2023-07-14 09:00:00+05:30,261.7,23.26
2023-07-14 10:00:00+05:30,562.24,23.98
2023-07-14 11:00:00+05:30,443.79,25.17
2023-07-14 12:00:00+05:30,355.39,25.37
2023-07-14 13:00:00+05:30,79.93,25.26
2023-07-14 14:00:00+05:30,211.8,23.9
2023-07-14 15:00:00+05:30,261.14,23.49
2023-07-14 16:00:00+05:30,326.0,23.72
2023-07-14 17:00:00+05:30,57.0,23.82
2023-07-14 18:00:00+05:30,46.68,22.85
2023-07-14 19:00:00+05:30,3.56,22.32
2023-07-14 20:00:00+05:30,0.0,22.32
2023-07-14 21:00:00+05:30,0.0,22.36
2023-07-14 22:00:00+05:30,0.0,22.34
2023-07-14 23:00:00+05:30,0.0,22.29
2023-07-15 00:00:00+05:30,0.0,22.21
2023-07-15 01:00:00+05:30,0.0,22.14
2023-07-15 02:00:00+05:30,0.0,22.19
2023-07-15 03:00:00+05:30,0.0,22.17
2023-07-15 04:00:00+05:30,0.0,22.02
2023-07-15 05:00:00+05:30,0.0,22.09
2023-07-15 06:00:00+05:30,0.0,22.15
2023-07-15 07:00:00+05:30,18.64,22.18
2023-07-15 08:00:00+05:30,57.0,22.44
2023-07-15 09:00:00+05:30,172.47,22.76
2023-07-15 10:00:00+05:30,232.46,23.52
2023-07-15 11:00:00+05:30,313.3,23.74
2023-07-15 12:00:00+05:30,446.57,24.58
2023-07-15 13:00:00+05:30,467.98,25.48
2023-07-15 14:00:00+05:30,440.53,25.61
2023-07-15 15:00:00+05:30,313.29,25.5
2023-07-15 16:00:00+05:30,201.67,25.2
2023-07-15 17:00:00+05:30,184.29,24.16
2023-07-15 18:00:00+05:30,73.14,24.15
2023-07-15 19:00:00+05:30,8.72,23.44
2023-07-15 20:00:00+05:30,0.0,22.71
2023-07-15 21:00:00+05:30,0.0,22.42
2023-07-15 22:00:00+05:30,0.0,22.39
2023-07-15 23:00:00+05:30,0.0,22.34
2023-07-16 00:00:00+05:30,0.0,22.33
2023-07-16 01:00:00+05:30,0.0,22.15
2023-07-16 02:00:00+05:30,0.0,22.06
2023-07-16 03:00:00+05:30,0.0,22.0
2023-07-16 04:00:00+05:30,0.0,22.1
2023-07-16 05:00:00+05:30,0.0,22.15
2023-07-16 06:00:00+05:30,0.0,22.05
2023-07-16 07:00:00+05:30,78.05,21.93
2023-07-16 08:00:00+05:30,164.84,22.35
2023-07-16 09:00:00+05:30,360.97,23.0
2023-07-16 10:00:00+05:30,495.26,24.2
2023-07-16 11:00:00+05:30,694.05,25.0
2023-07-16 12:00:00+05:30,581.19,25.89
2023-07-16 13:00:00+05:30,609.08,25.53
2023-07-16 14:00:00+05:30,371.18,25.04
2023-07-16 15:00:00+05:30,132.61,24.69
2023-07-16 16:00:00+05:30,133.85,23.59
2023-07-16 17:00:00+05:30,57.99,23.23
2023-07-16 18:00:00+05:30,21.4,22.73
2023-07-16 19:00:00+05:30,3.26,22.46
2023-07-16 20:00:00+05:30,0.0,22.25
2023-07-16 21:00:00+05:30,0.0,22.26
2023-07-16 22:00:00+05:30,0.0,22.2
2023-07-16 23:00:00+05:30,0.0,22.35
2023-07-17 00:00:00+05:30,0.0,22.26
2023-07-17 01:00:00+05:30,0.0,22.36
2023-07-17 02:00:00+05:30,0.0,22.37
2023-07-17 03:00:00+05:30,0.0,22.11
2023-07-17 04:00:00+05:30,0.0,21.67
2023-07-17 05:00:00+05:30,0.0,21.73
2023-07-17 06:00:00+05:30,0.0,21.76
2023-07-17 07:00:00+05:30,31.92,21.83
2023-07-17 08:00:00+05:30,94.43,21.97
2023-07-17 09:00:00+05:30,175.08,22.37
2023-07-17 10:00:00+05:30,327.86,22.84
2023-07-17 11:00:00+05:30,274.45,23.83
2023-07-17 12:00:00+05:30,236.64,24.36
2023-07-17 13:00:00+05:30,200.94,24.03
2023-07-17 14:00:00+05:30,264.18,24.12
2023-07-17 15:00:00+05:30,280.01,24.06
2023-07-17 16:00:00+05:30,232.6,23.88
2023-07-17 17:00:00+05:30,171.64,23.65
2023-07-17 18:00:00+05:30,86.58,23.33
2023-07-17 19:00:00+05:30,6.28,22.9
2023-07-17 20:00:00+05:30,0.0,22.39
2023-07-17 21:00:00+05:30,0.0,22.28
2023-07-17 22:00:00+05:30,0.0,22.13
2023-07-17 23:00:00+05:30,0.0,22.19
2023-07-18 00:00:00+05:30,0.0,22.38
2023-07-18 01:00:00+05:30,0.0,22.41
2023-07-18 02:00:00+05:30,0.0,22.31
2023-07-18 03:00:00+05:30,0.0,22.18
2023-07-18 04:00:00+05:30,0.0,22.08
2023-07-18 05:00:00+05:30,0.0,22.11
2023-07-18 06:00:00+05:30,0.0,22.08
2023-07-18 07:00:00+05:30,18.51,22.23
2023-07-18 08:00:00+05:30,51.73,22.34
2023-07-18 09:00:00+05:30,101.81,22.53
2023-07-18 10:00:00+05:30,65.19,22.57
2023-07-18 11:00:00+05:30,87.38,22.36
2023-07-18 12:00:00+05:30,148.58,22.39
2023-07-18 13:00:00+05:30,133.62,22.76
2023-07-18 14:00:00+05:30,69.33,22.73
2023-07-18 15:00:00+05:30,110.49,22.37
2023-07-18 16:00:00+05:30,70.01,22.29
2023-07-18 17:00:00+05:30,35.03,22.06
2023-07-18 18:00:00+05:30,22.72,21.9
2023-07-18 19:00:00+05:30,3.99,22.06
2023-07-18 20:00:00+05:30,0.0,21.91
2023-07-18 21:00:00+05:30,0.0,21.92
2023-07-18 22:00:00+05:30,0.0,22.04
2023-07-18 23:00:00+05:30,0.0,22.19
2023-07-19 00:00:00+05:30,0.0,22.17
2023-07-19 01:00:00+05:30,0.0,22.16
2023-07-19 02:00:00+05:30,0.0,22.07
2023-07-19 03:00:00+05:30,0.0,22.03
2023-07-19 04:00:00+05:30,0.0,22.18
2023-07-19 05:00:00+05:30,0.0,22.1
2023-07-19 06:00:00+05:30,0.0,21.82
2023-07-19 07:00:00+05:30,7.59,21.86
2023-07-19 08:00:00+05:30,18.0,22.11
2023-07-19 09:00:00+05:30,31.91,22.18
2023-07-19 10:00:00+05:30,71.84,22.06
2023-07-19 11:00:00+05:30,82.41,22.41
2023-07-19 12:00:00+05:30,143.88,22.64
2023-07-19 13:00:00+05:30,242.97,22.73
2023-07-19 14:00:00+05:30,167.78,23.27
2023-07-19 15:00:00+05:30,193.39,22.86
2023-07-19 16:00:00+05:30,151.75,23.34
2023-07-19 17:00:00+05:30,128.55,22.85
2023-07-19 18:00:00+05:30,23.7,22.4
2023-07-19 19:00:00+05:30,10.08,22.06
2023-07-19 20:00:00+05:30,0.0,21.7
2023-07-19 21:00:00+05:30,0.0,21.56
2023-07-19 22:00:00+05:30,0.0,21.68
2023-07-19 23:00:00+05:30,0.0,21.8
2023-07-20 00:00:00+05:30,0.0,21.73
2023-07-20 01:00:00+05:30,0.0,22.4
2023-07-20 02:00:00+05:30,0.0,22.06
2023-07-20 03:00:00+05:30,0.0,22.01
2023-07-20 04:00:00+05:30,0.0,22.21
2023-07-20 05:00:00+05:30,0.0,21.86
2023-07-20 06:00:00+05:30,0.0,21.73
2023-07-20 07:00:00+05:30,46.49,21.8
2023-07-20 08:00:00+05:30,87.52,22.15
2023-07-20 09:00:00+05:30,119.26,22.73
2023-07-20 10:00:00+05:30,152.22,23.25
2023-07-20 11:00:00+05:30,231.33,23.1
2023-07-20 12:00:00+05:30,292.18,22.75
2023-07-20 13:00:00+05:30,245.27,23.82
2023-07-20 14:00:00+05:30,393.53,23.69
2023-07-20 15:00:00+05:30,303.1,24.35
2023-07-20 16:00:00+05:30,243.49,23.85
2023-07-20 17:00:00+05:30,136.58,23.11
2023-07-20 18:00:00+05:30,32.97,22.77
2023-07-20 19:00:00+05:30,3.31,22.38
2023-07-20 20:00:00+05:30,0.0,22.1
2023-07-20 21:00:00+05:30,0.0,22.1
2023-07-20 22:00:00+05:30,0.0,22.08
2023-07-20 23:00:00+05:30,0.0,22.27
2023-07-21 00:00:00+05:30,0.0,22.3
2023-07-21 01:00:00+05:30,0.0,22.22
2023-07-21 02:00:00+05:30,0.0,22.0
2023-07-21 03:00:00+05:30,0.0,21.91
2023-07-21 04:00:00+05:30,0.0,22.12
2023-07-21 05:00:00+05:30,0.0,22.28
2023-07-21 06:00:00+05:30,0.0,22.09
2023-07-21 07:00:00+05:30,16.81,22.02
2023-07-21 08:00:00+05:30,38.73,22.07
2023-07-21 09:00:00+05:30,119.73,22.29
2023-07-21 10:00:00+05:30,359.46,22.89
2023-07-21 11:00:00+05:30,326.52,23.96
2023-07-21 12:00:00+05:30,281.32,24.18
2023-07-21 13:00:00+05:30,348.22,24.15
2023-07-21 14:00:00+05:30,171.79,24.41
2023-07-21 15:00:00+05:30,232.74,23.85
2023-07-21 16:00:00+05:30,152.77,23.54
2023-07-21 17:00:00+05:30,102.21,23.17
2023-07-21 18:00:00+05:30,26.28,23.07
2023-07-21 19:00:00+05:30,4.97,22.67
2023-07-21 20:00:00+05:30,0.0,22.29
2023-07-21 21:00:00+05:30,0.0,22.29
2023-07-21 22:00:00+05:30,0.0,22.44
2023-07-21 23:00:00+05:30,0.0,22.5
2023-07-22 00:00:00+05:30,0.0,22.34
2023-07-22 01:00:00+05:30,0.0,21.98
2023-07-22 02:00:00+05:30,0.0,21.98
2023-07-22 03:00:00+05:30,0.0,21.96
2023-07-22 04:00:00+05:30,0.0,21.95
2023-07-22 05:00:00+05:30,0.0,21.93
2023-07-22 06:00:00+05:30,0.0,21.82
2023-07-22 07:00:00+05:30,16.89,21.9
2023-07-22 08:00:00+05:30,45.55,22.12
2023-07-22 09:00:00+05:30,131.35,22.16
2023-07-22 10:00:00+05:30,160.71,22.2
2023-07-22 11:00:00+05:30,191.06,22.33
2023-07-22 12:00:00+05:30,192.35,23.09
2023-07-22 13:00:00+05:30,200.59,23.71
2023-07-22 14:00:00+05:30,261.96,23.15
2023-07-22 15:00:00+05:30,214.3,23.56
2023-07-22 16:00:00+05:30,95.44,22.73
2023-07-22 17:00:00+05:30,48.5,22.13
2023-07-22 18:00:00+05:30,27.99,22.27
2023-07-22 19:00:00+05:30,5.41,22.22
2023-07-22 20:00:00+05:30,0.0,22.07
2023-07-22 21:00:00+05:30,0.0,22.22
2023-07-22 22:00:00+05:30,0.0,22.24
2023-07-22 23:00:00+05:30,0.0,22.05
2023-07-23 00:00:00+05:30,0.0,22.23
2023-07-23 01:00:00+05:30,0.0,22.25
2023-07-23 02:00:00+05:30,0.0,22.26
2023-07-23 03:00:00+05:30,0.0,22.4
2023-07-23 04:00:00+05:30,0.0,22.48
2023-07-23 05:00:00+05:30,0.0,22.64
2023-07-23 06:00:00+05:30,0.0,22.61
2023-07-23 07:00:00+05:30,12.92,22.44
2023-07-23 08:00:00+05:30,32.65,22.7
2023-07-23 09:00:00+05:30,45.1,22.48
2023-07-23 10:00:00+05:30,84.84,22.53
2023-07-23 11:00:00+05:30,108.54,22.46
2023-07-23 12:00:00+05:30,243.92,22.47
2023-07-23 13:00:00+05:30,485.68,22.9
2023-07-23 14:00:00+05:30,376.17,23.4
2023-07-23 15:00:00+05:30,244.16,23.44
2023-07-23 16:00:00+05:30,110.59,22.92
2023-07-23 17:00:00+05:30,145.5,22.56
2023-07-23 18:00:00+05:30,55.1,22.41
2023-07-23 19:00:00+05:30,4.24,22.18
2023-07-23 20:00:00+05:30,0.0,22.11
2023-07-23 21:00:00+05:30,0.0,22.19
2023-07-23 22:00:00+05:30,0.0,22.13
2023-07-23 23:00:00+05:30,0.0,22.05
2023-07-24 00:00:00+05:30,0.0,22.16
2023-07-24 01:00:00+05:30,0.0,22.41
2023-07-24 02:00:00+05:30,0.0,22.33
2023-07-24 03:00:00+05:30,0.0,22.38
2023-07-24 04:00:00+05:30,0.0,22.22
2023-07-24 05:00:00+05:30,0.0,22.1
2023-07-24 06:00:00+05:30,0.0,22.01
2023-07-24 07:00:00+05:30,27.63,21.86
2023-07-24 08:00:00+05:30,61.5,22.18
2023-07-24 09:00:00+05:30,178.95,22.24
2023-07-24 10:00:00+05:30,245.68,22.64
2023-07-24 11:00:00+05:30,276.6,23.03
2023-07-24 12:00:00+05:30,305.09,23.29
2023-07-24 13:00:00+05:30,477.76,23.71
2023-07-24 14:00:00+05:30,251.5,24.61
2023-07-24 15:00:00+05:30,255.02,23.95
2023-07-24 16:00:00+05:30,107.09,22.97
2023-07-24 17:00:00+05:30,179.4,22.5
2023-07-24 18:00:00+05:30,93.22,22.85
2023-07-24 19:00:00+05:30,4.97,22.49
2023-07-24 20:00:00+05:30,0.0,22.19
2023-07-24 21:00:00+05:30,0.0,22.4
2023-07-24 22:00:00+05:30,0.0,22.34
2023-07-24 23:00:00+05:30,0.0,22.07
2023-07-25 00:00:00+05:30,0.0,22.12
2023-07-25 01:00:00+05:30,0.0,22.43
2023-07-25 02:00:00+05:30,0.0,22.22
2023-07-25 03:00:00+05:30,0.0,22.04
2023-07-25 04:00:00+05:30,0.0,21.74
2023-07-25 05:00:00+05:30,0.0,21.91
2023-07-25 06:00:00+05:30,0.0,22.15
2023-07-25 07:00:00+05:30,22.19,22.01
2023-07-25 08:00:00+05:30,78.78,21.87
2023-07-25 09:00:00+05:30,219.68,22.09
2023-07-25 10:00:00+05:30,285.0,22.94
2023-07-25 11:00:00+05:30,149.92,23.65
2023-07-25 12:00:00+05:30,162.34,22.94
2023-07-25 13:00:00+05:30,139.32,22.93
2023-07-25 14:00:00+05:30,150.81,22.74
2023-07-25 15:00:00+05:30,108.39,22.55
2023-07-25 16:00:00+05:30,65.68,22.35
2023-07-25 17:00:00+05:30,23.03,22.17
2023-07-25 18:00:00+05:30,13.98,22.02
2023-07-25 19:00:00+05:30,2.63,21.79
2023-07-25 20:00:00+05:30,0.0,21.91
2023-07-25 21:00:00+05:30,0.0,22.07
2023-07-25 22:00:00+05:30,0.0,22.12
2023-07-25 23:00:00+05:30,0.0,21.92
2023-07-26 00:00:00+05:30,0.0,21.76
2023-07-26 01:00:00+05:30,0.0,21.75
2023-07-26 02:00:00+05:30,0.0,21.72
2023-07-26 03:00:00+05:30,0.0,21.71
2023-07-26 04:00:00+05:30,0.0,21.78
2023-07-26 05:00:00+05:30,0.0,21.9
2023-07-26 06:00:00+05:30,0.0,22.01
2023-07-26 07:00:00+05:30,7.84,21.98
2023-07-26 08:00:00+05:30,30.46,22.01
2023-07-26 09:00:00+05:30,43.15,22.19
2023-07-26 10:00:00+05:30,77.14,22.31
2023-07-26 11:00:00+05:30,108.84,22.45
2023-07-26 12:00:00+05:30,100.63,22.52
2023-07-26 13:00:00+05:30,142.85,22.62
2023-07-26 14:00:00+05:30,148.37,22.8
2023-07-26 15:00:00+05:30,182.02,22.86
2023-07-26 16:00:00+05:30,111.51,23.0
2023-07-26 17:00:00+05:30,71.59,22.7
2023-07-26 18:00:00+05:30,28.75,22.42
2023-07-26 19:00:00+05:30,3.26,22.16
2023-07-26 20:00:00+05:30,0.0,22.02
2023-07-26 21:00:00+05:30,0.0,21.95
2023-07-26 22:00:00+05:30,0.0,22.02
2023-07-26 23:00:00+05:30,0.0,22.17
2023-07-27 00:00:00+05:30,0.0,22.03
2023-07-27 01:00:00+05:30,0.0,21.78
2023-07-27 02:00:00+05:30,0.0,21.75
2023-07-27 03:00:00+05:30,0.0,21.71
2023-07-27 04:00:00+05:30,0.0,21.68
2023-07-27 05:00:00+05:30,0.0,21.66
2023-07-27 06:00:00+05:30,0.0,21.65
2023-07-27 07:00:00+05:30,18.31,21.71
2023-07-27 08:00:00+05:30,53.66,21.79
2023-07-27 09:00:00+05:30,52.38,22.0
2023-07-27 10:00:00+05:30,68.55,22.21
2023-07-27 11:00:00+05:30,88.66,22.47
2023-07-27 12:00:00+05:30,142.82,22.32
2023-07-27 13:00:00+05:30,99.17,22.7
2023-07-27 14:00:00+05:30,97.53,22.61
2023-07-27 15:00:00+05:30,79.2,22.32
2023-07-27 16:00:00+05:30,62.63,22.14
2023-07-27 17:00:00+05:30,55.7,22.05
2023-07-27 18:00:00+05:30,30.13,21.9
2023-07-27 19:00:00+05:30,4.38,21.83
2023-07-27 20:00:00+05:30,0.0,21.9
2023-07-27 21:00:00+05:30,0.0,21.75
2023-07-27 22:00:00+05:30,0.0,21.76
2023-07-27 23:00:00+05:30,0.0,21.77
2023-07-28 00:00:00+05:30,0.0,21.63
2023-07-28 01:00:00+05:30,0.0,22.03
2023-07-28 02:00:00+05:30,0.0,21.95
2023-07-28 03:00:00+05:30,0.0,21.99
2023-07-28 04:00:00+05:30,0.0,21.88
2023-07-28 05:00:00+05:30,0.0,21.78
2023-07-28 06:00:00+05:30,0.0,21.84
2023-07-28 07:00:00+05:30,38.54,21.81
2023-07-28 08:00:00+05:30,88.8,22.08
2023-07-28 09:00:00+05:30,193.61,22.25
2023-07-28 10:00:00+05:30,466.73,22.47
2023-07-28 11:00:00+05:30,553.28,24.14
2023-07-28 12:00:00+05:30,304.91,24.44
2023-07-28 13:00:00+05:30,395.56,24.35
2023-07-28 14:00:00+05:30,317.92,24.44
2023-07-28 15:00:00+05:30,221.56,24.31
2023-07-28 16:00:00+05:30,178.48,23.2
2023-07-28 17:00:00+05:30,137.89,23.21
2023-07-28 18:00:00+05:30,52.89,23.07
2023-07-28 19:00:00+05:30,4.29,22.51
2023-07-28 20:00:00+05:30,0.0,22.14
2023-07-28 21:00:00+05:30,0.0,22.04
2023-07-28 22:00:00+05:30,0.0,22.2
2023-07-28 23:00:00+05:30,0.0,21.95
2023-07-29 00:00:00+05:30,0.0,21.81
2023-07-29 01:00:00+05:30,0.0,22.02
2023-07-29 02:00:00+05:30,0.0,21.87
2023-07-29 03:00:00+05:30,0.0,21.63
2023-07-29 04:00:00+05:30,0.0,21.46
2023-07-29 05:00:00+05:30,0.0,21.57
2023-07-29 06:00:00+05:30,0.0,21.62
2023-07-29 07:00:00+05:30,16.38,21.65
2023-07-29 08:00:00+05:30,77.17,22.01
2023-07-29 09:00:00+05:30,158.69,22.45
2023-07-29 10:00:00+05:30,264.31,22.77
2023-07-29 11:00:00+05:30,293.94,23.21
2023-07-29 12:00:00+05:30,309.75,23.5
2023-07-29 13:00:00+05:30,411.54,23.53
2023-07-29 14:00:00+05:30,194.09,24.06
2023-07-29 15:00:00+05:30,371.73,23.65
2023-07-29 16:00:00+05:30,155.84,23.72
2023-07-29 17:00:00+05:30,233.77,23.12
2023-07-29 18:00:00+05:30,48.05,23.22
2023-07-29 19:00:00+05:30,7.06,22.65
2023-07-29 20:00:00+05:30,0.0,22.23
2023-07-29 21:00:00+05:30,0.0,22.06
2023-07-29 22:00:00+05:30,0.0,22.16
2023-07-29 23:00:00+05:30,0.0,22.33
2023-07-30 00:00:00+05:30,0.0,22.18
2023-07-30 01:00:00+05:30,0.0,21.92
2023-07-30 02:00:00+05:30,0.0,21.97
2023-07-30 03:00:00+05:30,0.0,22.01
2023-07-30 04:00:00+05:30,0.0,22.09
2023-07-30 05:00:00+05:30,0.0,21.95
2023-07-30 06:00:00+05:30,0.0,21.67
2023-07-30 07:00:00+05:30,40.29,21.67
2023-07-30 08:00:00+05:30,118.52,22.0
2023-07-30 09:00:00+05:30,328.64,22.6
2023-07-30 10:00:00+05:30,469.02,23.76
2023-07-30 11:00:00+05:30,449.76,24.72
2023-07-30 12:00:00+05:30,583.25,24.3
2023-07-30 13:00:00+05:30,494.37,25.1
2023-07-30 14:00:00+05:30,347.15,24.66
2023-07-30 15:00:00+05:30,547.15,24.69
2023-07-30 16:00:00+05:30,419.87,24.91
2023-07-30 17:00:00+05:30,233.1,24.72
2023-07-30 18:00:00+05:30,96.57,23.49
2023-07-30 19:00:00+05:30,9.26,22.83
2023-07-30 20:00:00+05:30,0.0,22.31
2023-07-30 21:00:00+05:30,0.0,22.34
2023-07-30 22:00:00+05:30,0.0,22.43
2023-07-30 23:00:00+05:30,0.0,22.2
2023-07-31 00:00:00+05:30,0.0,22.07
2023-07-31 01:00:00+05:30,0.0,22.09
2023-07-31 02:00:00+05:30,0.0,21.85
2023-07-31 03:00:00+05:30,0.0,21.81
2023-07-31 04:00:00+05:30,0.0,21.9
2023-07-31 05:00:00+05:30,0.0,21.94
2023-07-31 06:00:00+05:30,0.0,21.75
2023-07-31 07:00:00+05:30,24.89,21.71
2023-07-31 08:00:00+05:30,143.81,21.96
2023-07-31 09:00:00+05:30,256.82,22.76
2023-07-31 10:00:00+05:30,511.87,23.88
2023-07-31 11:00:00+05:30,619.98,24.62
2023-07-31 12:00:00+05:30,457.08,24.99
2023-07-31 13:00:00+05:30,584.48,24.6
2023-07-31 14:00:00+05:30,555.22,25.61
2023-07-31 15:00:00+05:30,531.01,25.26
2023-07-31 16:00:00+05:30,486.51,24.93
2023-07-31 17:00:00+05:30,248.59,24.4
2023-07-31 18:00:00+05:30,72.13,23.72
2023-07-31 19:00:00+05:30,8.82,22.89
2023-07-31 20:00:00+05:30,0.0,22.42
2023-07-31 21:00:00+05:30,0.0,22.09
2023-07-31 22:00:00+05:30,0.0,21.99
2023-07-31 23:00:00+05:30,0.0,22.03
2023-08-01 00:00:00+05:30,0.0,22.17
2023-08-01 01:00:00+05:30,0.0,22.16
2023-08-01 02:00:00+05:30,0.0,22.02
2023-08-01 03:00:00+05:30,0.0,21.93
2023-08-01 04:00:00+05:30,0.0,21.97
2023-08-01 05:00:00+05:30,0.0,21.98
2023-08-01 06:00:00+05:30,0.0,22.0
2023-08-01 07:00:00+05:30,34.68,21.88
2023-08-01 08:00:00+05:30,93.69,22.15
2023-08-01 09:00:00+05:30,225.83,22.47
2023-08-01 10:00:00+05:30,425.6,23.06
2023-08-01 11:00:00+05:30,474.34,24.06
2023-08-01 12:00:00+05:30,572.72,24.3
2023-08-01 13:00:00+05:30,621.66,24.94
2023-08-01 14:00:00+05:30,552.83,25.12
2023-08-01 15:00:00+05:30,423.21,24.88
2023-08-01 16:00:00+05:30,373.64,24.45
2023-08-01 17:00:00+05:30,239.99,24.12
2023-08-01 18:00:00+05:30,108.94,23.74
2023-08-01 19:00:00+05:30,11.16,23.08
2023-08-01 20:00:00+05:30,0.0,22.41
2023-08-01 21:00:00+05:30,0.0,22.08
2023-08-01 22:00:00+05:30,0.0,22.38
2023-08-01 23:00:00+05:30,0.0,22.25
2023-08-02 00:00:00+05:30,0.0,22.28
2023-08-02 01:00:00+05:30,0.0,22.12
2023-08-02 02:00:00+05:30,0.0,21.95
2023-08-02 03:00:00+05:30,0.0,22.02
2023-08-02 04:00:00+05:30,0.0,22.02
2023-08-02 05:00:00+05:30,0.0,21.95
2023-08-02 06:00:00+05:30,0.0,21.68
2023-08-02 07:00:00+05:30,40.53,21.78
2023-08-02 08:00:00+05:30,111.35,22.12
2023-08-02 09:00:00+05:30,178.09,22.57
2023-08-02 10:00:00+05:30,289.27,22.83
2023-08-02 11:00:00+05:30,474.21,23.25
2023-08-02 12:00:00+05:30,397.83,24.19
2023-08-02 13:00:00+05:30,540.17,24.91
2023-08-02 14:00:00+05:30,607.73,24.95
2023-08-02 15:00:00+05:30,430.08,24.92
2023-08-02 16:00:00+05:30,327.67,24.21
2023-08-02 17:00:00+05:30,188.82,23.87
2023-08-02 18:00:00+05:30,61.59,23.37
2023-08-02 19:00:00+05:30,6.24,22.68
2023-08-02 20:00:00+05:30,0.0,22.21
2023-08-02 21:00:00+05:30,0.0,22.11
2023-08-02 22:00:00+05:30,0.0,22.04
2023-08-02 23:00:00+05:30,0.0,22.08
2023-08-03 00:00:00+05:30,0.0,22.16
2023-08-03 01:00:00+05:30,0.0,22.28
2023-08-03 02:00:00+05:30,0.0,21.96
2023-08-03 03:00:00+05:30,0.0,21.85
2023-08-03 04:00:00+05:30,0.0,22.04
2023-08-03 05:00:00+05:30,0.0,21.86
2023-08-03 06:00:00+05:30,0.0,21.73
2023-08-03 07:00:00+05:30,41.41,21.46
2023-08-03 08:00:00+05:30,162.14,21.95
2023-08-03 09:00:00+05:30,313.2,22.64
2023-08-03 10:00:00+05:30,332.68,23.08
2023-08-03 11:00:00+05:30,408.65,23.4
2023-08-03 12:00:00+05:30,488.01,24.16
2023-08-03 13:00:00+05:30,597.36,24.68
2023-08-03 14:00:00+05:30,281.49,24.7
2023-08-03 15:00:00+05:30,354.31,24.0
2023-08-03 16:00:00+05:30,259.22,23.88
2023-08-03 17:00:00+05:30,146.5,23.26
2023-08-03 18:00:00+05:30,56.58,22.95
2023-08-03 19:00:00+05:30,5.07,22.57
2023-08-03 20:00:00+05:30,0.0,22.18
2023-08-03 21:00:00+05:30,0.0,22.08
2023-08-03 22:00:00+05:30,0.0,22.32
2023-08-03 23:00:00+05:30,0.0,22.59
2023-08-04 00:00:00+05:30,0.0,22.53
2023-08-04 01:00:00+05:30,0.0,22.23
2023-08-04 02:00:00+05:30,0.0,22.08
2023-08-04 03:00:00+05:30,0.0,22.02
2023-08-04 04:00:00+05:30,0.0,21.94
2023-08-04 05:00:00+05:30,0.0,22.0
2023-08-04 06:00:00+05:30,0.0,22.1
2023-08-04 07:00:00+05:30,31.69,22.1
2023-08-04 08:00:00+05:30,79.29,22.34
2023-08-04 09:00:00+05:30,272.67,22.91
2023-08-04 10:00:00+05:30,332.67,23.46
2023-08-04 11:00:00+05:30,620.87,23.9
2023-08-04 12:00:00+05:30,532.02,24.78
2023-08-04 13:00:00+05:30,482.87,24.69
2023-08-04 14:00:00+05:30,570.77,25.14
2023-08-04 15:00:00+05:30,389.01,25.35
2023-08-04 16:00:00+05:30,299.17,25.01
2023-08-04 17:00:00+05:30,130.31,24.28
2023-08-04 18:00:00+05:30,61.73,23.76
2023-08-04 19:00:00+05:30,5.41,23.0
2023-08-04 20:00:00+05:30,0.0,22.59
2023-08-04 21:00:00+05:30,0.0,22.43
2023-08-04 22:00:00+05:30,0.0,22.34
2023-08-04 23:00:00+05:30,0.0,22.32
2023-08-05 00:00:00+05:30,0.0,22.31
2023-08-05 01:00:00+05:30,0.0,22.45
2023-08-05 02:00:00+05:30,0.0,22.46
2023-08-05 03:00:00+05:30,0.0,22.38
2023-08-05 04:00:00+05:30,0.0,22.25
2023-08-05 05:00:00+05:30,0.0,22.09
2023-08-05 06:00:00+05:30,0.0,22.03
2023-08-05 07:00:00+05:30,31.76,21.92
2023-08-05 08:00:00+05:30,129.44,22.34
2023-08-05 09:00:00+05:30,350.26,22.71
2023-08-05 10:00:00+05:30,519.21,23.5
2023-08-05 11:00:00+05:30,635.78,24.58
2023-08-05 12:00:00+05:30,505.79,25.21
2023-08-05 13:00:00+05:30,449.93,25.09
2023-08-05 14:00:00+05:30,398.04,25.15
2023-08-05 15:00:00+05:30,382.09,25.18
2023-08-05 16:00:00+05:30,295.18,24.81
2023-08-05 17:00:00+05:30,184.59,24.44
2023-08-05 18:00:00+05:30,123.34,24.06
2023-08-05 19:00:00+05:30,9.11,23.59
2023-08-05 20:00:00+05:30,0.0,22.7
2023-08-05 21:00:00+05:30,0.0,22.35
2023-08-05 22:00:00+05:30,0.0,22.28
2023-08-05 23:00:00+05:30,0.0,22.17
2023-08-06 00:00:00+05:30,0.0,22.23
2023-08-06 01:00:00+05:30,0.0,22.23
2023-08-06 02:00:00+05:30,0.0,22.18
2023-08-06 03:00:00+05:30,0.0,21.95
2023-08-06 04:00:00+05:30,0.0,22.05
2023-08-06 05:00:00+05:30,0.0,22.1
2023-08-06 06:00:00+05:30,0.0,22.18
2023-08-06 07:00:00+05:30,60.11,22.2
2023-08-06 08:00:00+05:30,203.52,22.23
2023-08-06 09:00:00+05:30,356.16,23.15
2023-08-06 10:00:00+05:30,533.67,24.01
2023-08-06 11:00:00+05:30,588.81,24.79
2023-08-06 12:00:00+05:30,706.19,25.12
2023-08-06 13:00:00+05:30,696.75,25.91
2023-08-06 14:00:00+05:30,622.54,25.63
2023-08-06 15:00:00+05:30,533.68,25.09
2023-08-06 16:00:00+05:30,354.81,25.52
2023-08-06 17:00:00+05:30,256.06,24.93
2023-08-06 18:00:00+05:30,120.56,24.23
2023-08-06 19:00:00+05:30,10.13,23.71
2023-08-06 20:00:00+05:30,0.0,22.78
2023-08-06 21:00:00+05:30,0.0,22.19
2023-08-06 22:00:00+05:30,0.0,22.01
2023-08-06 23:00:00+05:30,0.0,22.19
2023-08-07 00:00:00+05:30,0.0,22.34
2023-08-07 01:00:00+05:30,0.0,22.02
2023-08-07 02:00:00+05:30,0.0,21.99
2023-08-07 03:00:00+05:30,0.0,21.96
2023-08-07 04:00:00+05:30,0.0,22.09
2023-08-07 05:00:00+05:30,0.0,21.93
2023-08-07 06:00:00+05:30,0.0,21.63
2023-08-07 07:00:00+05:30,44.04,21.49
2023-08-07 08:00:00+05:30,136.79,21.92
2023-08-07 09:00:00+05:30,324.29,22.45
2023-08-07 10:00:00+05:30,427.21,23.64
2023-08-07 11:00:00+05:30,574.96,24.31
2023-08-07 12:00:00+05:30,586.33,25.32
2023-08-07 13:00:00+05:30,535.09,26.0
2023-08-07 14:00:00+05:30,574.89,26.06
2023-08-07 15:00:00+05:30,460.3,26.33
2023-08-07 16:00:00+05:30,375.44,26.12
2023-08-07 17:00:00+05:30,237.73,25.66
2023-08-07 18:00:00+05:30,94.16,24.84
2023-08-07 19:00:00+05:30,8.57,23.95
2023-08-07 20:00:00+05:30,0.0,23.07
2023-08-07 21:00:00+05:30,0.0,22.38
2023-08-07 22:00:00+05:30,0.0,22.27
2023-08-07 23:00:00+05:30,0.0,22.17
2023-08-08 00:00:00+05:30,0.0,22.41
2023-08-08 01:00:00+05:30,0.0,22.03
2023-08-08 02:00:00+05:30,0.0,22.04
2023-08-08 03:00:00+05:30,0.0,22.15
2023-08-08 04:00:00+05:30,0.0,22.09
2023-08-08 05:00:00+05:30,0.0,21.89
2023-08-08 06:00:00+05:30,0.0,21.86
2023-08-08 07:00:00+05:30,44.7,21.83
2023-08-08 08:00:00+05:30,141.7,22.07
2023-08-08 09:00:00+05:30,329.86,22.62
2023-08-08 10:00:00+05:30,510.02,23.39
2023-08-08 11:00:00+05:30,572.9,24.5
2023-08-08 12:00:00+05:30,695.22,25.35
2023-08-08 13:00:00+05:30,569.62,25.94
2023-08-08 14:00:00+05:30,661.53,25.93
2023-08-08 15:00:00+05:30,488.65,26.26
2023-08-08 16:00:00+05:30,406.27,26.08
2023-08-08 17:00:00+05:30,256.05,25.78
2023-08-08 18:00:00+05:30,109.42,25.28
2023-08-08 19:00:00+05:30,10.67,24.36
2023-08-08 20:00:00+05:30,0.0,23.34
2023-08-08 21:00:00+05:30,0.0,22.56
2023-08-08 22:00:00+05:30,0.0,22.17
2023-08-08 23:00:00+05:30,0.0,22.1
2023-08-09 00:00:00+05:30,0.0,21.99
2023-08-09 01:00:00+05:30,0.0,21.81
2023-08-09 02:00:00+05:30,0.0,22.04
2023-08-09 03:00:00+05:30,0.0,21.78
2023-08-09 04:00:00+05:30,0.0,21.88
2023-08-09 05:00:00+05:30,0.0,22.05
2023-08-09 06:00:00+05:30,0.0,21.94
2023-08-09 07:00:00+05:30,53.69,21.6
2023-08-09 08:00:00+05:30,193.69,21.83
2023-08-09 09:00:00+05:30,259.64,22.57
2023-08-09 10:00:00+05:30,410.03,23.22
2023-08-09 11:00:00+05:30,554.1,24.6
2023-08-09 12:00:00+05:30,517.41,25.34
2023-08-09 13:00:00+05:30,475.53,25.52
2023-08-09 14:00:00+05:30,655.2,25.77
2023-08-09 15:00:00+05:30,514.5,26.49
2023-08-09 16:00:00+05:30,342.99,26.47
2023-08-09 17:00:00+05:30,214.68,25.91
2023-08-09 18:00:00+05:30,109.85,25.29
2023-08-09 19:00:00+05:30,8.43,24.43
2023-08-09 20:00:00+05:30,0.0,23.36
2023-08-09 21:00:00+05:30,0.0,22.78
2023-08-09 22:00:00+05:30,0.0,22.52
2023-08-09 23:00:00+05:30,0.0,22.38
2023-08-10 00:00:00+05:30,0.0,22.47
2023-08-10 01:00:00+05:30,0.0,22.08
2023-08-10 02:00:00+05:30,0.0,21.85
2023-08-10 03:00:00+05:30,0.0,21.76
2023-08-10 04:00:00+05:30,0.0,21.71
2023-08-10 05:00:00+05:30,0.0,21.82
2023-08-10 06:00:00+05:30,0.0,21.78
2023-08-10 07:00:00+05:30,51.83,21.74
2023-08-10 08:00:00+05:30,188.12,22.03
2023-08-10 09:00:00+05:30,328.71,22.88
2023-08-10 10:00:00+05:30,359.65,23.82
2023-08-10 11:00:00+05:30,424.56,24.33
2023-08-10 12:00:00+05:30,611.96,24.79
2023-08-10 13:00:00+05:30,594.24,25.69
2023-08-10 14:00:00+05:30,638.92,25.73
2023-08-10 15:00:00+05:30,582.41,25.98
2023-08-10 16:00:00+05:30,385.23,25.63
2023-08-10 17:00:00+05:30,253.16,25.35
2023-08-10 18:00:00+05:30,111.25,24.6
2023-08-10 19:00:00+05:30,7.6,23.89
2023-08-10 20:00:00+05:30,0.0,23.19
2023-08-10 21:00:00+05:30,0.0,22.89
2023-08-10 22:00:00+05:30,0.0,22.48
2023-08-10 23:00:00+05:30,0.0,22.32
2023-08-11 00:00:00+05:30,0.0,22.18
2023-08-11 01:00:00+05:30,0.0,21.8
2023-08-11 02:00:00+05:30,0.0,21.55
2023-08-11 03:00:00+05:30,0.0,21.24
2023-08-11 04:00:00+05:30,0.0,21.23
2023-08-11 05:00:00+05:30,0.0,21.17
2023-08-11 06:00:00+05:30,0.0,21.21
2023-08-11 07:00:00+05:30,64.86,21.38
2023-08-11 08:00:00+05:30,196.17,21.85
2023-08-11 09:00:00+05:30,359.08,22.62
2023-08-11 10:00:00+05:30,438.3,24.11
2023-08-11 11:00:00+05:30,568.62,24.87
2023-08-11 12:00:00+05:30,680.29,25.45
2023-08-11 13:00:00+05:30,800.77,26.01
2023-08-11 14:00:00+05:30,727.33,26.56
2023-08-11 15:00:00+05:30,609.66,26.76
2023-08-11 16:00:00+05:30,498.21,26.76
2023-08-11 17:00:00+05:30,298.46,26.38
2023-08-11 18:00:00+05:30,113.72,25.45
2023-08-11 19:00:00+05:30,6.19,24.53
2023-08-11 20:00:00+05:30,0.0,23.69
2023-08-11 21:00:00+05:30,0.0,22.91
2023-08-11 22:00:00+05:30,0.0,22.36
2023-08-11 23:00:00+05:30,0.0,21.9
2023-08-12 00:00:00+05:30,0.0,21.66
2023-08-12 01:00:00+05:30,0.0,21.54
2023-08-12 02:00:00+05:30,0.0,21.41
2023-08-12 03:00:00+05:30,0.0,21.33
2023-08-12 04:00:00+05:30,0.0,21.26
2023-08-12 05:00:00+05:30,0.0,21.24
2023-08-12 06:00:00+05:30,0.0,21.35
2023-08-12 07:00:00+05:30,56.44,21.34
2023-08-12 08:00:00+05:30,231.25,21.8
2023-08-12 09:00:00+05:30,314.87,22.83
2023-08-12 10:00:00+05:30,461.94,23.59
2023-08-12 11:00:00+05:30,613.99,24.46
2023-08-12 12:00:00+05:30,621.19,24.99
2023-08-12 13:00:00+05:30,478.43,25.07
2023-08-12 14:00:00+05:30,494.7,25.47
2023-08-12 15:00:00+05:30,472.54,25.28
2023-08-12 16:00:00+05:30,285.74,24.69
2023-08-12 17:00:00+05:30,191.93,24.28
2023-08-12 18:00:00+05:30,95.93,23.87
2023-08-12 19:00:00+05:30,7.02,23.29
2023-08-12 20:00:00+05:30,0.0,22.59
2023-08-12 21:00:00+05:30,0.0,22.17
2023-08-12 22:00:00+05:30,0.0,22.16
2023-08-12 23:00:00+05:30,0.0,22.32
2023-08-13 00:00:00+05:30,0.0,22.28
2023-08-13 01:00:00+05:30,0.0,21.86
2023-08-13 02:00:00+05:30,0.0,21.88
2023-08-13 03:00:00+05:30,0.0,21.56
2023-08-13 04:00:00+05:30,0.0,21.43
2023-08-13 05:00:00+05:30,0.0,21.25
2023-08-13 06:00:00+05:30,0.0,21.31
2023-08-13 07:00:00+05:30,50.32,21.08
2023-08-13 08:00:00+05:30,234.48,21.48
2023-08-13 09:00:00+05:30,392.6,22.55
2023-08-13 10:00:00+05:30,460.09,23.75
2023-08-13 11:00:00+05:30,512.56,24.87
2023-08-13 12:00:00+05:30,653.39,25.14
2023-08-13 13:00:00+05:30,686.44,25.48
2023-08-13 14:00:00+05:30,477.6,25.76
2023-08-13 15:00:00+05:30,493.15,25.16
2023-08-13 16:00:00+05:30,397.96,25.28
2023-08-13 17:00:00+05:30,272.97,25.3
2023-08-13 18:00:00+05:30,91.57,24.25
2023-08-13 19:00:00+05:30,0.0,23.44
2023-08-13 20:00:00+05:30,0.0,22.57
2023-08-13 21:00:00+05:30,0.0,22.34
2023-08-13 22:00:00+05:30,0.0,22.36
2023-08-13 23:00:00+05:30,0.0,22.19
2023-08-14 00:00:00+05:30,0.0,22.31
2023-08-14 01:00:00+05:30,0.0,22.1
2023-08-14 02:00:00+05:30,0.0,21.95
2023-08-14 03:00:00+05:30,0.0,21.71
2023-08-14 04:00:00+05:30,0.0,21.79
2023-08-14 05:00:00+05:30,0.0,21.57
2023-08-14 06:00:00+05:30,0.0,21.82
2023-08-14 07:00:00+05:30,60.36,21.75
2023-08-14 08:00:00+05:30,194.23,22.08
2023-08-14 09:00:00+05:30,349.28,22.83
2023-08-14 10:00:00+05:30,563.58,24.05
2023-08-14 11:00:00+05:30,624.75,25.34
2023-08-14 12:00:00+05:30,692.65,26.23
2023-08-14 13:00:00+05:30,713.55,26.35
2023-08-14 14:00:00+05:30,593.88,26.83
2023-08-14 15:00:00+05:30,525.94,26.67
2023-08-14 16:00:00+05:30,352.81,26.28
2023-08-14 17:00:00+05:30,243.29,25.69
2023-08-14 18:00:00+05:30,110.5,25.11
2023-08-14 19:00:00+05:30,0.0,24.25
2023-08-14 20:00:00+05:30,0.0,23.33
2023-08-14 21:00:00+05:30,0.0,22.6
2023-08-14 22:00:00+05:30,0.0,22.06
2023-08-14 23:00:00+05:30,0.0,21.86
2023-08-15 00:00:00+05:30,0.0,21.56
2023-08-15 01:00:00+05:30,0.0,21.84
2023-08-15 02:00:00+05:30,0.0,21.73
2023-08-15 03:00:00+05:30,0.0,21.81
2023-08-15 04:00:00+05:30,0.0,21.6
2023-08-15 05:00:00+05:30,0.0,21.72
2023-08-15 06:00:00+05:30,0.0,21.75
2023-08-15 07:00:00+05:30,38.73,21.65
2023-08-15 08:00:00+05:30,137.21,21.83
2023-08-15 09:00:00+05:30,254.3,22.63
2023-08-15 10:00:00+05:30,391.93,23.6
2023-08-15 11:00:00+05:30,455.05,24.52
2023-08-15 12:00:00+05:30,477.29,25.32
2023-08-15 13:00:00+05:30,523.78,25.57
2023-08-15 14:00:00+05:30,544.9,25.93
2023-08-15 15:00:00+05:30,433.54,26.06
2023-08-15 16:00:00+05:30,406.3,25.71
2023-08-15 17:00:00+05:30,269.37,25.65
2023-08-15 18:00:00+05:30,70.91,25.19
2023-08-15 19:00:00+05:30,0.0,24.19
2023-08-15 20:00:00+05:30,0.0,23.31
2023-08-15 21:00:00+05:30,0.0,22.69
2023-08-15 22:00:00+05:30,0.0,22.51
2023-08-15 23:00:00+05:30,0.0,22.45
2023-08-16 00:00:00+05:30,0.0,22.27
2023-08-16 01:00:00+05:30,0.0,22.13
2023-08-16 02:00:00+05:30,0.0,21.9
2023-08-16 03:00:00+05:30,0.0,21.85
2023-08-16 04:00:00+05:30,0.0,21.73
2023-08-16 05:00:00+05:30,0.0,21.58
2023-08-16 06:00:00+05:30,0.0,21.46
2023-08-16 07:00:00+05:30,40.72,21.57
2023-08-16 08:00:00+05:30,183.04,22.04
2023-08-16 09:00:00+05:30,306.94,22.99
2023-08-16 10:00:00+05:30,490.95,23.96
2023-08-16 11:00:00+05:30,501.9,24.97
2023-08-16 12:00:00+05:30,598.9,25.51
2023-08-16 13:00:00+05:30,658.38,25.66
2023-08-16 14:00:00+05:30,691.04,26.16
2023-08-16 15:00:00+05:30,466.2,26.64
2023-08-16 16:00:00+05:30,379.13,25.96
2023-08-16 17:00:00+05:30,271.49,25.34
2023-08-16 18:00:00+05:30,99.75,24.79
2023-08-16 19:00:00+05:30,0.0,24.06
2023-08-16 20:00:00+05:30,0.0,23.07
2023-08-16 21:00:00+05:30,0.0,22.36
2023-08-16 22:00:00+05:30,0.0,21.95
2023-08-16 23:00:00+05:30,0.0,21.44
2023-08-17 00:00:00+05:30,0.0,21.19
2023-08-17 01:00:00+05:30,0.0,21.35
2023-08-17 02:00:00+05:30,0.0,21.3
2023-08-17 03:00:00+05:30,0.0,21.05
2023-08-17 04:00:00+05:30,0.0,21.01
2023-08-17 05:00:00+05:30,0.0,20.92
2023-08-17 06:00:00+05:30,0.0,20.99
2023-08-17 07:00:00+05:30,40.08,21.06
2023-08-17 08:00:00+05:30,202.62,21.39
2023-08-17 09:00:00+05:30,368.69,22.33
2023-08-17 10:00:00+05:30,399.58,24.05
2023-08-17 11:00:00+05:30,453.43,25.04
2023-08-17 12:00:00+05:30,635.02,25.7
2023-08-17 13:00:00+05:30,546.13,26.33
2023-08-17 14:00:00+05:30,511.54,26.05
2023-08-17 15:00:00+05:30,474.37,26.0
2023-08-17 16:00:00+05:30,360.49,26.06
2023-08-17 17:00:00+05:30,268.14,25.68
2023-08-17 18:00:00+05:30,119.97,25.07
2023-08-17 19:00:00+05:30,0.0,24.08
2023-08-17 20:00:00+05:30,0.0,22.99
2023-08-17 21:00:00+05:30,0.0,22.24
2023-08-17 22:00:00+05:30,0.0,22.02
2023-08-17 23:00:00+05:30,0.0,21.86
2023-08-18 00:00:00+05:30,0.0,21.76
2023-08-18 01:00:00+05:30,0.0,21.52
2023-08-18 02:00:00+05:30,0.0,21.33
2023-08-18 03:00:00+05:30,0.0,21.17
2023-08-18 04:00:00+05:30,0.0,21.3
2023-08-18 05:00:00+05:30,0.0,21.31
2023-08-18 06:00:00+05:30,0.0,21.37
2023-08-18 07:00:00+05:30,64.16,21.2
2023-08-18 08:00:00+05:30,210.53,21.7
2023-08-18 09:00:00+05:30,333.63,22.79
2023-08-18 10:00:00+05:30,369.58,23.97
2023-08-18 11:00:00+05:30,359.18,24.7
2023-08-18 12:00:00+05:30,447.7,25.04
2023-08-18 13:00:00+05:30,398.64,25.93
2023-08-18 14:00:00+05:30,348.52,25.56
2023-08-18 15:00:00+05:30,429.22,24.89
2023-08-18 16:00:00+05:30,234.84,25.24
2023-08-18 17:00:00+05:30,134.92,24.55
2023-08-18 18:00:00+05:30,37.86,23.84
2023-08-18 19:00:00+05:30,0.0,23.11
2023-08-18 20:00:00+05:30,0.0,22.62
2023-08-18 21:00:00+05:30,0.0,22.39
2023-08-18 22:00:00+05:30,0.0,22.1
2023-08-18 23:00:00+05:30,0.0,22.06
2023-08-19 00:00:00+05:30,0.0,21.95
2023-08-19 01:00:00+05:30,0.0,21.89
2023-08-19 02:00:00+05:30,0.0,21.81
2023-08-19 03:00:00+05:30,0.0,21.83
2023-08-19 04:00:00+05:30,0.0,22.02
2023-08-19 05:00:00+05:30,0.0,22.02
2023-08-19 06:00:00+05:30,0.0,21.87
2023-08-19 07:00:00+05:30,22.13,21.68
2023-08-19 08:00:00+05:30,36.18,21.81
2023-08-19 09:00:00+05:30,55.18,22.13
2023-08-19 10:00:00+05:30,75.79,22.18
2023-08-19 11:00:00+05:30,176.61,22.5
2023-08-19 12:00:00+05:30,486.18,23.22
2023-08-19 13:00:00+05:30,377.3,25.46
2023-08-19 14:00:00+05:30,342.43,25.77
2023-08-19 15:00:00+05:30,197.78,25.85
2023-08-19 16:00:00+05:30,123.98,25.2
2023-08-19 17:00:00+05:30,105.14,24.24
2023-08-19 18:00:00+05:30,57.86,23.56
2023-08-19 19:00:00+05:30,0.0,22.92
2023-08-19 20:00:00+05:30,0.0,22.28
2023-08-19 21:00:00+05:30,0.0,21.97
2023-08-19 22:00:00+05:30,0.0,21.8
2023-08-19 23:00:00+05:30,0.0,21.85
2023-08-20 00:00:00+05:30,0.0,21.88
2023-08-20 01:00:00+05:30,0.0,21.54
2023-08-20 02:00:00+05:30,0.0,21.57
2023-08-20 03:00:00+05:30,0.0,21.56
2023-08-20 04:00:00+05:30,0.0,21.53
2023-08-20 05:00:00+05:30,0.0,21.4
2023-08-20 06:00:00+05:30,0.0,21.47
2023-08-20 07:00:00+05:30,41.22,21.71
2023-08-20 08:00:00+05:30,204.23,21.72
2023-08-20 09:00:00+05:30,369.48,22.47
2023-08-20 10:00:00+05:30,401.14,23.35
2023-08-20 11:00:00+05:30,580.13,23.84
2023-08-20 12:00:00+05:30,713.45,24.93
2023-08-20 13:00:00+05:30,628.11,26.08
2023-08-20 14:00:00+05:30,557.67,26.07
2023-08-20 15:00:00+05:30,536.54,25.84
2023-08-20 16:00:00+05:30,362.21,25.74
2023-08-20 17:00:00+05:30,180.9,24.98
2023-08-20 18:00:00+05:30,97.59,24.25
2023-08-20 19:00:00+05:30,0.0,23.61
2023-08-20 20:00:00+05:30,0.0,22.76
2023-08-20 21:00:00+05:30,0.0,22.19
2023-08-20 22:00:00+05:30,0.0,21.82
2023-08-20 23:00:00+05:30,0.0,21.8
2023-08-21 00:00:00+05:30,0.0,21.68
2023-08-21 01:00:00+05:30,0.0,21.49
2023-08-21 02:00:00+05:30,0.0,21.45
2023-08-21 03:00:00+05:30,0.0,21.32
2023-08-21 04:00:00+05:30,0.0,21.27
2023-08-21 05:00:00+05:30,0.0,21.32
2023-08-21 06:00:00+05:30,0.0,21.29
2023-08-21 07:00:00+05:30,37.84,21.41
2023-08-21 08:00:00+05:30,183.6,21.72
2023-08-21 09:00:00+05:30,347.2,22.61
2023-08-21 10:00:00+05:30,417.36,23.91
2023-08-21 11:00:00+05:30,544.4,24.96
2023-08-21 12:00:00+05:30,660.64,25.45
2023-08-21 13:00:00+05:30,704.72,25.95
2023-08-21 14:00:00+05:30,600.11,26.37
2023-08-21 15:00:00+05:30,515.2,25.84
2023-08-21 16:00:00+05:30,360.11,25.62
2023-08-21 17:00:00+05:30,205.5,25.08
2023-08-21 18:00:00+05:30,84.81,24.41
2023-08-21 19:00:00+05:30,0.0,23.7
2023-08-21 20:00:00+05:30,0.0,22.87
2023-08-21 21:00:00+05:30,0.0,22.31
2023-08-21 22:00:00+05:30,0.0,21.89
2023-08-21 23:00:00+05:30,0.0,21.55
2023-08-22 00:00:00+05:30,0.0,21.33
2023-08-22 01:00:00+05:30,0.0,21.1
2023-08-22 02:00:00+05:30,0.0,20.93
2023-08-22 03:00:00+05:30,0.0,20.71
2023-08-22 04:00:00+05:30,0.0,20.64
2023-08-22 05:00:00+05:30,0.0,20.63
2023-08-22 06:00:00+05:30,0.0,20.61
2023-08-22 07:00:00+05:30,57.89,20.7
2023-08-22 08:00:00+05:30,222.07,21.38
2023-08-22 09:00:00+05:30,356.6,23.04
2023-08-22 10:00:00+05:30,481.61,24.28
2023-08-22 11:00:00+05:30,590.02,25.26
2023-08-22 12:00:00+05:30,575.1,25.85
2023-08-22 13:00:00+05:30,662.66,25.95
2023-08-22 14:00:00+05:30,606.08,26.58
2023-08-22 15:00:00+05:30,467.81,26.61
2023-08-22 16:00:00+05:30,374.7,26.14
2023-08-22 17:00:00+05:30,168.79,25.5
2023-08-22 18:00:00+05:30,75.33,24.53
2023-08-22 19:00:00+05:30,0.0,23.51
2023-08-22 20:00:00+05:30,0.0,22.73
2023-08-22 21:00:00+05:30,0.0,22.35
2023-08-22 22:00:00+05:30,0.0,21.91
2023-08-22 23:00:00+05:30,0.0,21.71
2023-08-23 00:00:00+05:30,0.0,21.49
2023-08-23 01:00:00+05:30,0.0,21.62
2023-08-23 02:00:00+05:30,0.0,21.54
2023-08-23 03:00:00+05:30,0.0,21.33
2023-08-23 04:00:00+05:30,0.0,21.19
2023-08-23 05:00:00+05:30,0.0,21.2
2023-08-23 06:00:00+05:30,0.0,21.2
2023-08-23 07:00:00+05:30,41.78,21.21
2023-08-23 08:00:00+05:30,179.1,21.43
2023-08-23 09:00:00+05:30,351.12,22.55
2023-08-23 10:00:00+05:30,456.91,24.1
2023-08-23 11:00:00+05:30,432.77,25.35
2023-08-23 12:00:00+05:30,586.72,25.85
2023-08-23 13:00:00+05:30,743.42,26.34
2023-08-23 14:00:00+05:30,623.76,27.16
2023-08-23 15:00:00+05:30,591.52,27.04
2023-08-23 16:00:00+05:30,419.61,26.82
2023-08-23 17:00:00+05:30,261.58,26.03
2023-08-23 18:00:00+05:30,99.91,25.12
2023-08-23 19:00:00+05:30,0.0,24.01
2023-08-23 20:00:00+05:30,0.0,23.03
2023-08-23 21:00:00+05:30,0.0,22.6
2023-08-23 22:00:00+05:30,0.0,22.21
2023-08-23 23:00:00+05:30,0.0,21.85
2023-08-24 00:00:00+05:30,0.0,21.62
2023-08-24 01:00:00+05:30,0.0,21.39
2023-08-24 02:00:00+05:30,0.0,21.28
2023-08-24 03:00:00+05:30,0.0,21.25
2023-08-24 04:00:00+05:30,0.0,21.24
2023-08-24 05:00:00+05:30,0.0,21.35
2023-08-24 06:00:00+05:30,0.0,21.48
2023-08-24 07:00:00+05:30,61.27,21.36
2023-08-24 08:00:00+05:30,209.72,21.99
2023-08-24 09:00:00+05:30,300.62,23.27
2023-08-24 10:00:00+05:30,477.29,24.21
2023-08-24 11:00:00+05:30,491.75,25.44
2023-08-24 12:00:00+05:30,663.11,25.48
2023-08-24 13:00:00+05:30,605.93,26.5
2023-08-24 14:00:00+05:30,629.15,26.11
2023-08-24 15:00:00+05:30,462.96,25.74
2023-08-24 16:00:00+05:30,423.69,25.68
2023-08-24 17:00:00+05:30,264.4,25.09
2023-08-24 18:00:00+05:30,74.89,24.37
2023-08-24 19:00:00+05:30,0.0,23.57
2023-08-24 20:00:00+05:30,0.0,22.9
2023-08-24 21:00:00+05:30,0.0,22.47
2023-08-24 22:00:00+05:30,0.0,22.16
2023-08-24 23:00:00+05:30,0.0,22.2
2023-08-25 00:00:00+05:30,0.0,22.19
2023-08-25 01:00:00+05:30,0.0,22.06
2023-08-25 02:00:00+05:30,0.0,21.92
2023-08-25 03:00:00+05:30,0.0,21.91
2023-08-25 04:00:00+05:30,0.0,21.89
2023-08-25 05:00:00+05:30,0.0,21.78
2023-08-25 06:00:00+05:30,0.0,21.81
2023-08-25 07:00:00+05:30,25.42,21.89
2023-08-25 08:00:00+05:30,129.51,22.21
2023-08-25 09:00:00+05:30,230.91,23.05
2023-08-25 10:00:00+05:30,440.21,23.97
2023-08-25 11:00:00+05:30,530.49,25.05
2023-08-25 12:00:00+05:30,549.65,25.76
2023-08-25 13:00:00+05:30,604.47,26.17
2023-08-25 14:00:00+05:30,509.07,26.12
2023-08-25 15:00:00+05:30,295.96,25.51
2023-08-25 16:00:00+05:30,254.59,25.07
2023-08-25 17:00:00+05:30,155.43,24.32
2023-08-25 18:00:00+05:30,74.86,23.9
2023-08-25 19:00:00+05:30,0.0,23.32
2023-08-25 20:00:00+05:30,0.0,22.77
2023-08-25 21:00:00+05:30,0.0,22.5
2023-08-25 22:00:00+05:30,0.0,22.5
2023-08-25 23:00:00+05:30,0.0,22.55
2023-08-26 00:00:00+05:30,0.0,22.41
2023-08-26 01:00:00+05:30,0.0,22.34
2023-08-26 02:00:00+05:30,0.0,22.06
2023-08-26 03:00:00+05:30,0.0,21.96
2023-08-26 04:00:00+05:30,0.0,21.96
2023-08-26 05:00:00+05:30,0.0,21.88
2023-08-26 06:00:00+05:30,0.0,21.86
2023-08-26 07:00:00+05:30,62.84,21.95
2023-08-26 08:00:00+05:30,191.82,22.14
2023-08-26 09:00:00+05:30,384.35,23.2
2023-08-26 10:00:00+05:30,507.36,24.23
2023-08-26 11:00:00+05:30,638.36,25.12
2023-08-26 12:00:00+05:30,699.37,25.72
2023-08-26 13:00:00+05:30,679.3,26.69
2023-08-26 14:00:00+05:30,563.45,26.63
2023-08-26 15:00:00+05:30,554.91,26.39
2023-08-26 16:00:00+05:30,357.92,26.21
2023-08-26 17:00:00+05:30,231.47,25.61
2023-08-26 18:00:00+05:30,75.82,24.92
2023-08-26 19:00:00+05:30,0.0,23.81
2023-08-26 20:00:00+05:30,0.0,22.96
2023-08-26 21:00:00+05:30,0.0,22.65
2023-08-26 22:00:00+05:30,0.0,22.55
2023-08-26 23:00:00+05:30,0.0,22.51
2023-08-27 00:00:00+05:30,0.0,22.3
2023-08-27 01:00:00+05:30,0.0,22.18
2023-08-27 02:00:00+05:30,0.0,22.14
2023-08-27 03:00:00+05:30,0.0,22.08
2023-08-27 04:00:00+05:30,0.0,21.93
2023-08-27 05:00:00+05:30,0.0,21.99
2023-08-27 06:00:00+05:30,0.0,21.92
2023-08-27 07:00:00+05:30,56.83,21.78
2023-08-27 08:00:00+05:30,155.03,22.07
2023-08-27 09:00:00+05:30,260.39,22.61
2023-08-27 10:00:00+05:30,441.86,23.2
2023-08-27 11:00:00+05:30,650.27,24.41
2023-08-27 12:00:00+05:30,656.98,25.52
2023-08-27 13:00:00+05:30,581.46,26.09
2023-08-27 14:00:00+05:30,633.64,26.25
2023-08-27 15:00:00+05:30,473.37,26.04
2023-08-27 16:00:00+05:30,341.9,25.74
2023-08-27 17:00:00+05:30,243.11,25.03
2023-08-27 18:00:00+05:30,84.58,24.07
2023-08-27 19:00:00+05:30,0.0,23.36
2023-08-27 20:00:00+05:30,0.0,22.77
2023-08-27 21:00:00+05:30,0.0,22.39
2023-08-27 22:00:00+05:30,0.0,21.96
2023-08-27 23:00:00+05:30,0.0,21.9
2023-08-28 00:00:00+05:30,0.0,21.52
2023-08-28 01:00:00+05:30,0.0,21.67
2023-08-28 02:00:00+05:30,0.0,21.53
2023-08-28 03:00:00+05:30,0.0,21.41
2023-08-28 04:00:00+05:30,0.0,21.36
2023-08-28 05:00:00+05:30,0.0,21.36
2023-08-28 06:00:00+05:30,0.0,21.4
2023-08-28 07:00:00+05:30,42.52,21.4
2023-08-28 08:00:00+05:30,162.77,21.57
2023-08-28 09:00:00+05:30,271.17,22.28
2023-08-28 10:00:00+05:30,481.81,23.03
2023-08-28 11:00:00+05:30,524.84,24.47
2023-08-28 12:00:00+05:30,566.65,25.08
2023-08-28 13:00:00+05:30,629.29,25.7
2023-08-28 14:00:00+05:30,618.83,25.87
2023-08-28 15:00:00+05:30,507.25,25.83
2023-08-28 16:00:00+05:30,455.25,25.59
2023-08-28 17:00:00+05:30,198.85,25.28
2023-08-28 18:00:00+05:30,81.94,24.21
2023-08-28 19:00:00+05:30,0.0,23.33
2023-08-28 20:00:00+05:30,0.0,22.74
2023-08-28 21:00:00+05:30,0.0,22.21
2023-08-28 22:00:00+05:30,0.0,21.8
2023-08-28 23:00:00+05:30,0.0,21.54
2023-08-29 00:00:00+05:30,0.0,21.34
2023-08-29 01:00:00+05:30,0.0,21.78
2023-08-29 02:00:00+05:30,0.0,21.63
2023-08-29 03:00:00+05:30,0.0,21.4
2023-08-29 04:00:00+05:30,0.0,21.3
2023-08-29 05:00:00+05:30,0.0,21.29
2023-08-29 06:00:00+05:30,0.0,21.35
2023-08-29 07:00:00+05:30,33.87,21.22
2023-08-29 08:00:00+05:30,137.31,21.39
2023-08-29 09:00:00+05:30,318.6,22.06
2023-08-29 10:00:00+05:30,437.98,23.11
2023-08-29 11:00:00+05:30,452.33,24.56
2023-08-29 12:00:00+05:30,615.34,25.15
2023-08-29 13:00:00+05:30,557.99,26.42
2023-08-29 14:00:00+05:30,590.62,26.48
2023-08-29 15:00:00+05:30,497.52,26.32
2023-08-29 16:00:00+05:30,365.68,26.65
2023-08-29 17:00:00+05:30,221.77,26.15
2023-08-29 18:00:00+05:30,81.46,25.22
2023-08-29 19:00:00+05:30,0.0,24.3
2023-08-29 20:00:00+05:30,0.0,23.28
2023-08-29 21:00:00+05:30,0.0,22.58
2023-08-29 22:00:00+05:30,0.0,21.96
2023-08-29 23:00:00+05:30,0.0,21.58
2023-08-30 00:00:00+05:30,0.0,21.25
2023-08-30 01:00:00+05:30,0.0,21.28
2023-08-30 02:00:00+05:30,0.0,21.01
2023-08-30 03:00:00+05:30,0.0,20.76
2023-08-30 04:00:00+05:30,0.0,20.56
2023-08-30 05:00:00+05:30,0.0,20.39
2023-08-30 06:00:00+05:30,0.0,20.4
2023-08-30 07:00:00+05:30,61.96,20.37
2023-08-30 08:00:00+05:30,228.56,20.77
2023-08-30 09:00:00+05:30,436.17,22.29
2023-08-30 10:00:00+05:30,648.11,24.26
2023-08-30 11:00:00+05:30,728.74,26.05
2023-08-30 12:00:00+05:30,702.2,27.09
2023-08-30 13:00:00+05:30,729.8,27.57
2023-08-30 14:00:00+05:30,736.37,28.26
2023-08-30 15:00:00+05:30,505.32,28.69
2023-08-30 16:00:00+05:30,406.98,28.16
2023-08-30 17:00:00+05:30,238.83,27.42
2023-08-30 18:00:00+05:30,78.15,26.6
2023-08-30 19:00:00+05:30,0.0,25.64
2023-08-30 20:00:00+05:30,0.0,24.6
2023-08-30 21:00:00+05:30,0.0,23.83
2023-08-30 22:00:00+05:30,0.0,23.19
2023-08-30 23:00:00+05:30,0.0,22.65
2023-08-31 00:00:00+05:30,0.0,22.41
2023-08-31 01:00:00+05:30,0.0,22.27
2023-08-31 02:00:00+05:30,0.0,22.07
2023-08-31 03:00:00+05:30,0.0,21.8
2023-08-31 04:00:00+05:30,0.0,21.47
2023-08-31 05:00:00+05:30,0.0,21.24
2023-08-31 06:00:00+05:30,0.0,20.87
2023-08-31 07:00:00+05:30,75.95,20.94
2023-08-31 08:00:00+05:30,240.49,21.89
2023-08-31 09:00:00+05:30,439.38,23.56
2023-08-31 10:00:00+05:30,637.14,25.26
2023-08-31 11:00:00+05:30,632.26,26.8
2023-08-31 12:00:00+05:30,756.04,27.56
2023-08-31 13:00:00+05:30,727.12,28.41
2023-08-31 14:00:00+05:30,613.18,29.04
2023-08-31 15:00:00+05:30,492.03,29.17
2023-08-31 16:00:00+05:30,293.97,28.59
2023-08-31 17:00:00+05:30,234.18,26.97
2023-08-31 18:00:00+05:30,77.21,26.19
2023-08-31 19:00:00+05:30,0.0,25.45
2023-08-31 20:00:00+05:30,0.0,24.73
2023-08-31 21:00:00+05:30,0.0,24.01
2023-08-31 22:00:00+05:30,0.0,23.49
2023-08-31 23:00:00+05:30,0.0,23.2
2023-09-01 00:00:00+05:30,0.0,22.68
2023-09-01 01:00:00+05:30,0.0,22.64
2023-09-01 02:00:00+05:30,0.0,22.48
2023-09-01 03:00:00+05:30,0.0,22.37
2023-09-01 04:00:00+05:30,0.0,22.21
2023-09-01 05:00:00+05:30,0.0,22.15
2023-09-01 06:00:00+05:30,0.0,22.01
2023-09-01 07:00:00+05:30,66.59,21.83
2023-09-01 08:00:00+05:30,186.01,22.72
2023-09-01 09:00:00+05:30,411.53,24.09
2023-09-01 10:00:00+05:30,611.25,25.73
2023-09-01 11:00:00+05:30,777.51,27.17
2023-09-01 12:00:00+05:30,831.61,28.54
2023-09-01 13:00:00+05:30,796.62,29.04
2023-09-01 14:00:00+05:30,600.4,29.7
2023-09-01 15:00:00+05:30,572.15,29.81
2023-09-01 16:00:00+05:30,369.29,29.95
2023-09-01 17:00:00+05:30,182.23,28.87
2023-09-01 18:00:00+05:30,71.74,26.99
2023-09-01 19:00:00+05:30,0.0,25.78
2023-09-01 20:00:00+05:30,0.0,24.71
2023-09-01 21:00:00+05:30,0.0,24.27
2023-09-01 22:00:00+05:30,0.0,24.03
2023-09-01 23:00:00+05:30,0.0,23.63
2023-09-02 00:00:00+05:30,0.0,23.23
2023-09-02 01:00:00+05:30,0.0,22.92
2023-09-02 02:00:00+05:30,0.0,22.71
2023-09-02 03:00:00+05:30,0.0,22.61
2023-09-02 04:00:00+05:30,0.0,22.42
2023-09-02 05:00:00+05:30,0.0,22.43
2023-09-02 06:00:00+05:30,0.0,22.37
2023-09-02 07:00:00+05:30,61.07,22.25
2023-09-02 08:00:00+05:30,198.6,22.89
2023-09-02 09:00:00+05:30,333.6,24.14
2023-09-02 10:00:00+05:30,423.78,25.42
2023-09-02 11:00:00+05:30,629.89,26.24
2023-09-02 12:00:00+05:30,404.18,27.3
2023-09-02 13:00:00+05:30,437.36,25.9
2023-09-02 14:00:00+05:30,297.49,26.61
2023-09-02 15:00:00+05:30,237.16,26.05
2023-09-02 16:00:00+05:30,170.76,25.28
2023-09-02 17:00:00+05:30,108.79,24.62
2023-09-02 18:00:00+05:30,30.3,24.37
2023-09-02 19:00:00+05:30,0.0,23.9
2023-09-02 20:00:00+05:30,0.0,23.5
2023-09-02 21:00:00+05:30,0.0,23.24
2023-09-02 22:00:00+05:30,0.0,22.94
2023-09-02 23:00:00+05:30,0.0,22.63
2023-09-03 00:00:00+05:30,0.0,22.44
2023-09-03 01:00:00+05:30,0.0,22.24
2023-09-03 02:00:00+05:30,0.0,22.14
2023-09-03 03:00:00+05:30,0.0,22.02
2023-09-03 04:00:00+05:30,0.0,21.95
2023-09-03 05:00:00+05:30,0.0,21.9
2023-09-03 06:00:00+05:30,0.0,21.67
2023-09-03 07:00:00+05:30,49.51,21.45
2023-09-03 08:00:00+05:30,220.17,21.97
2023-09-03 09:00:00+05:30,311.3,23.35
2023-09-03 10:00:00+05:30,472.22,24.38
2023-09-03 11:00:00+05:30,563.52,25.68
2023-09-03 12:00:00+05:30,562.7,26.56
2023-09-03 13:00:00+05:30,518.7,27.05
2023-09-03 14:00:00+05:30,511.05,26.84
2023-09-03 15:00:00+05:30,429.43,25.08
2023-09-03 16:00:00+05:30,230.31,25.48
2023-09-03 17:00:00+05:30,167.67,24.97
2023-09-03 18:00:00+05:30,43.04,24.32
2023-09-03 19:00:00+05:30,0.0,23.82
2023-09-03 20:00:00+05:30,0.0,23.29
2023-09-03 21:00:00+05:30,0.0,22.86
2023-09-03 22:00:00+05:30,0.0,22.59
2023-09-03 23:00:00+05:30,0.0,22.34
2023-09-04 00:00:00+05:30,0.0,22.12
2023-09-04 01:00:00+05:30,0.0,21.88
2023-09-04 02:00:00+05:30,0.0,21.83
2023-09-04 03:00:00+05:30,0.0,21.77
2023-09-04 04:00:00+05:30,0.0,21.7
2023-09-04 05:00:00+05:30,0.0,21.56
2023-09-04 06:00:00+05:30,0.0,21.47
2023-09-04 07:00:00+05:30,43.48,21.28
2023-09-04 08:00:00+05:30,159.46,21.66
2023-09-04 09:00:00+05:30,338.55,22.69
2023-09-04 10:00:00+05:30,504.11,23.97
2023-09-04 11:00:00+05:30,598.36,25.29
2023-09-04 12:00:00+05:30,729.18,26.16
2023-09-04 13:00:00+05:30,663.44,27.05
2023-09-04 14:00:00+05:30,456.84,27.11
2023-09-04 15:00:00+05:30,433.79,26.17
2023-09-04 16:00:00+05:30,220.28,26.49
2023-09-04 17:00:00+05:30,158.07,24.93
2023-09-04 18:00:00+05:30,42.51,24.74
2023-09-04 19:00:00+05:30,0.0,24.25
2023-09-04 20:00:00+05:30,0.0,23.6
2023-09-04 21:00:00+05:30,0.0,22.99
2023-09-04 22:00:00+05:30,0.0,22.48
2023-09-04 23:00:00+05:30,0.0,22.11
2023-09-05 00:00:00+05:30,0.0,21.76
2023-09-05 01:00:00+05:30,0.0,21.94
2023-09-05 02:00:00+05:30,0.0,21.73
2023-09-05 03:00:00+05:30,0.0,21.35
2023-09-05 04:00:00+05:30,0.0,21.22
2023-09-05 05:00:00+05:30,0.0,20.83
2023-09-05 06:00:00+05:30,0.0,20.63
2023-09-05 07:00:00+05:30,62.37,20.39
2023-09-05 08:00:00+05:30,248.57,20.88
2023-09-05 09:00:00+05:30,427.66,22.51
2023-09-05 10:00:00+05:30,610.17,24.02
2023-09-05 11:00:00+05:30,742.37,25.46
2023-09-05 12:00:00+05:30,760.89,26.72
2023-09-05 13:00:00+05:30,659.95,27.55
2023-09-05 14:00:00+05:30,681.25,27.69
2023-09-05 15:00:00+05:30,553.85,27.83
2023-09-05 16:00:00+05:30,383.12,27.42
2023-09-05 17:00:00+05:30,211.62,26.86
2023-09-05 18:00:00+05:30,71.23,26.19
2023-09-05 19:00:00+05:30,0.0,25.3
2023-09-05 20:00:00+05:30,0.0,24.32
2023-09-05 21:00:00+05:30,0.0,23.56
2023-09-05 22:00:00+05:30,0.0,22.88
2023-09-05 23:00:00+05:30,0.0,22.39
2023-09-06 00:00:00+05:30,0.0,22.19
2023-09-06 01:00:00+05:30,0.0,21.95
2023-09-06 02:00:00+05:30,0.0,21.65
2023-09-06 03:00:00+05:30,0.0,21.32
2023-09-06 04:00:00+05:30,0.0,21.24
2023-09-06 05:00:00+05:30,0.0,21.06
2023-09-06 06:00:00+05:30,0.0,20.82
2023-09-06 07:00:00+05:30,71.45,20.75
2023-09-06 08:00:00+05:30,240.83,21.46
2023-09-06 09:00:00+05:30,387.74,23.23
2023-09-06 10:00:00+05:30,506.97,24.64
2023-09-06 11:00:00+05:30,564.03,25.86
2023-09-06 12:00:00+05:30,714.32,26.7
2023-09-06 13:00:00+05:30,778.32,27.02
2023-09-06 14:00:00+05:30,684.49,27.6
2023-09-06 15:00:00+05:30,574.33,27.65
2023-09-06 16:00:00+05:30,423.57,27.64
2023-09-06 17:00:00+05:30,206.6,27.11
2023-09-06 18:00:00+05:30,69.1,26.11
2023-09-06 19:00:00+05:30,0.0,25.1
2023-09-06 20:00:00+05:30,0.0,24.16
2023-09-06 21:00:00+05:30,0.0,23.54
2023-09-06 22:00:00+05:30,0.0,23.02
2023-09-06 23:00:00+05:30,0.0,22.61
2023-09-07 00:00:00+05:30,0.0,22.3
2023-09-07 01:00:00+05:30,0.0,22.23
2023-09-07 02:00:00+05:30,0.0,22.12
2023-09-07 03:00:00+05:30,0.0,22.02
2023-09-07 04:00:00+05:30,0.0,21.95
2023-09-07 05:00:00+05:30,0.0,21.74
2023-09-07 06:00:00+05:30,0.0,21.63
2023-09-07 07:00:00+05:30,29.78,21.74
2023-09-07 08:00:00+05:30,172.73,21.97
2023-09-07 09:00:00+05:30,224.5,22.74
2023-09-07 10:00:00+05:30,170.62,23.19
2023-09-07 11:00:00+05:30,139.49,22.86
2023-09-07 12:00:00+05:30,93.92,22.56
2023-09-07 13:00:00+05:30,96.59,22.09
2023-09-07 14:00:00+05:30,207.4,22.04
2023-09-07 15:00:00+05:30,191.59,22.37
2023-09-07 16:00:00+05:30,50.69,22.38
2023-09-07 17:00:00+05:30,61.74,21.93
2023-09-07 18:00:00+05:30,22.51,21.81
2023-09-07 19:00:00+05:30,0.0,21.65
2023-09-07 20:00:00+05:30,0.0,21.53
2023-09-07 21:00:00+05:30,0.0,21.5
2023-09-07 22:00:00+05:30,0.0,21.55
2023-09-07 23:00:00+05:30,0.0,21.6
2023-09-08 00:00:00+05:30,0.0,21.78
2023-09-08 01:00:00+05:30,0.0,21.43
2023-09-08 02:00:00+05:30,0.0,21.49
2023-09-08 03:00:00+05:30,0.0,21.56
2023-09-08 04:00:00+05:30,0.0,21.64
2023-09-08 05:00:00+05:30,0.0,21.79
2023-09-08 06:00:00+05:30,0.0,22.04
2023-09-08 07:00:00+05:30,13.04,22.26
2023-09-08 08:00:00+05:30,72.46,22.4
2023-09-08 09:00:00+05:30,108.38,22.85
2023-09-08 10:00:00+05:30,180.9,23.0
2023-09-08 11:00:00+05:30,300.63,23.11
2023-09-08 12:00:00+05:30,198.92,23.47
2023-09-08 13:00:00+05:30,219.82,23.16
2023-09-08 14:00:00+05:30,295.07,23.27
2023-09-08 15:00:00+05:30,136.18,23.26
2023-09-08 16:00:00+05:30,125.63,22.79
2023-09-08 17:00:00+05:30,56.04,22.57
2023-09-08 18:00:00+05:30,18.69,22.41
2023-09-08 19:00:00+05:30,0.0,22.18
2023-09-08 20:00:00+05:30,0.0,22.06
2023-09-08 21:00:00+05:30,0.0,22.19
2023-09-08 22:00:00+05:30,0.0,22.27
2023-09-08 23:00:00+05:30,0.0,22.2
2023-09-09 00:00:00+05:30,0.0,22.29
2023-09-09 01:00:00+05:30,0.0,22.46
2023-09-09 02:00:00+05:30,0.0,22.31
2023-09-09 03:00:00+05:30,0.0,22.13
2023-09-09 04:00:00+05:30,0.0,22.1
2023-09-09 05:00:00+05:30,0.0,22.06
2023-09-09 06:00:00+05:30,0.0,21.93
2023-09-09 07:00:00+05:30,41.17,21.84
2023-09-09 08:00:00+05:30,91.63,22.18
2023-09-09 09:00:00+05:30,183.56,22.49
2023-09-09 10:00:00+05:30,282.13,23.22
2023-09-09 11:00:00+05:30,328.39,23.72
2023-09-09 12:00:00+05:30,472.39,24.08
2023-09-09 13:00:00+05:30,501.04,25.44
2023-09-09 14:00:00+05:30,257.12,24.86
2023-09-09 15:00:00+05:30,205.1,24.2
2023-09-09 16:00:00+05:30,294.34,24.25
2023-09-09 17:00:00+05:30,150.14,24.22
2023-09-09 18:00:00+05:30,41.31,23.7
2023-09-09 19:00:00+05:30,0.0,22.99
2023-09-09 20:00:00+05:30,0.0,22.49
2023-09-09 21:00:00+05:30,0.0,22.26
2023-09-09 22:00:00+05:30,0.0,22.23
2023-09-09 23:00:00+05:30,0.0,22.18
2023-09-10 00:00:00+05:30,0.0,22.16
2023-09-10 01:00:00+05:30,0.0,22.17
2023-09-10 02:00:00+05:30,0.0,22.13
2023-09-10 03:00:00+05:30,0.0,22.12
2023-09-10 04:00:00+05:30,0.0,22.01
2023-09-10 05:00:00+05:30,0.0,21.98
2023-09-10 06:00:00+05:30,0.0,21.98
2023-09-10 07:00:00+05:30,17.39,21.96
2023-09-10 08:00:00+05:30,52.69,22.03
2023-09-10 09:00:00+05:30,107.35,22.39
2023-09-10 10:00:00+05:30,212.26,23.08
2023-09-10 11:00:00+05:30,335.86,24.02
2023-09-10 12:00:00+05:30,506.12,24.77
2023-09-10 13:00:00+05:30,660.54,25.9
2023-09-10 14:00:00+05:30,645.7,26.62
2023-09-10 15:00:00+05:30,460.13,26.81
2023-09-10 16:00:00+05:30,313.56,26.27
2023-09-10 17:00:00+05:30,189.95,25.55
2023-09-10 18:00:00+05:30,62.89,24.57
2023-09-10 19:00:00+05:30,0.0,23.69
2023-09-10 20:00:00+05:30,0.0,22.96
2023-09-10 21:00:00+05:30,0.0,22.48
2023-09-10 22:00:00+05:30,0.0,22.18
2023-09-10 23:00:00+05:30,0.0,21.82
2023-09-11 00:00:00+05:30,0.0,21.97
2023-09-11 01:00:00+05:30,0.0,21.74
2023-09-11 02:00:00+05:30,0.0,21.49
2023-09-11 03:00:00+05:30,0.0,21.63
2023-09-11 04:00:00+05:30,0.0,21.84
2023-09-11 05:00:00+05:30,0.0,21.94
2023-09-11 06:00:00+05:30,0.0,21.82
2023-09-11 07:00:00+05:30,38.12,21.67
2023-09-11 08:00:00+05:30,167.3,22.22
2023-09-11 09:00:00+05:30,249.45,23.0
2023-09-11 10:00:00+05:30,326.77,23.61
2023-09-11 11:00:00+05:30,445.01,24.24
2023-09-11 12:00:00+05:30,600.74,24.88
2023-09-11 13:00:00+05:30,698.89,26.09
2023-09-11 14:00:00+05:30,572.97,26.59
2023-09-11 15:00:00+05:30,525.13,26.27
2023-09-11 16:00:00+05:30,387.75,26.14
2023-09-11 17:00:00+05:30,202.58,25.65
2023-09-11 18:00:00+05:30,58.42,24.5
2023-09-11 19:00:00+05:30,0.0,23.45
2023-09-11 20:00:00+05:30,0.0,22.72
2023-09-11 21:00:00+05:30,0.0,22.26
2023-09-11 22:00:00+05:30,0.0,21.96
2023-09-11 23:00:00+05:30,0.0,21.79
2023-09-12 00:00:00+05:30,0.0,21.58
2023-09-12 01:00:00+05:30,0.0,21.41
2023-09-12 02:00:00+05:30,0.0,21.35
2023-09-12 03:00:00+05:30,0.0,21.15
2023-09-12 04:00:00+05:30,0.0,21.21
2023-09-12 05:00:00+05:30,0.0,21.17
2023-09-12 06:00:00+05:30,0.0,21.06
2023-09-12 07:00:00+05:30,55.3,21.23
2023-09-12 08:00:00+05:30,176.33,21.84
2023-09-12 09:00:00+05:30,399.71,22.76
2023-09-12 10:00:00+05:30,601.45,24.32
2023-09-12 11:00:00+05:30,709.42,25.78
2023-09-12 12:00:00+05:30,694.97,26.99
2023-09-12 13:00:00+05:30,678.22,27.29
2023-09-12 14:00:00+05:30,645.07,27.39
2023-09-12 15:00:00+05:30,562.61,27.06
2023-09-12 16:00:00+05:30,313.99,26.18
2023-09-12 17:00:00+05:30,185.62,25.3
2023-09-12 18:00:00+05:30,56.59,24.38
2023-09-12 19:00:00+05:30,0.0,23.54
2023-09-12 20:00:00+05:30,0.0,22.77
2023-09-12 21:00:00+05:30,0.0,22.39
2023-09-12 22:00:00+05:30,0.0,22.08
2023-09-12 23:00:00+05:30,0.0,21.96
2023-09-13 00:00:00+05:30,0.0,21.78
2023-09-13 01:00:00+05:30,0.0,21.61
2023-09-13 02:00:00+05:30,0.0,21.5
2023-09-13 03:00:00+05:30,0.0,21.23
2023-09-13 04:00:00+05:30,0.0,21.19
2023-09-13 05:00:00+05:30,0.0,21.2
2023-09-13 06:00:00+05:30,0.0,21.15
2023-09-13 07:00:00+05:30,45.6,21.32
2023-09-13 08:00:00+05:30,188.32,21.84
2023-09-13 09:00:00+05:30,360.94,23.02
2023-09-13 10:00:00+05:30,467.45,24.42
2023-09-13 11:00:00+05:30,615.29,25.52
2023-09-13 12:00:00+05:30,689.38,26.35
2023-09-13 13:00:00+05:30,700.09,26.87
2023-09-13 14:00:00+05:30,602.97,27.08
2023-09-13 15:00:00+05:30,496.64,26.65
2023-09-13 16:00:00+05:30,308.27,26.06
2023-09-13 17:00:00+05:30,175.96,25.6
2023-09-13 18:00:00+05:30,51.56,24.72
2023-09-13 19:00:00+05:30,0.0,23.69
2023-09-13 20:00:00+05:30,0.0,22.7
2023-09-13 21:00:00+05:30,0.0,22.0
2023-09-13 22:00:00+05:30,0.0,21.84
2023-09-13 23:00:00+05:30,0.0,21.69
2023-09-14 00:00:00+05:30,0.0,21.55
2023-09-14 01:00:00+05:30,0.0,21.41
2023-09-14 02:00:00+05:30,0.0,21.13
2023-09-14 03:00:00+05:30,0.0,20.9
2023-09-14 04:00:00+05:30,0.0,20.78
2023-09-14 05:00:00+05:30,0.0,20.59
2023-09-14 06:00:00+05:30,0.0,20.59
2023-09-14 07:00:00+05:30,63.76,20.43
2023-09-14 08:00:00+05:30,208.61,21.22
2023-09-14 09:00:00+05:30,403.76,22.65
2023-09-14 10:00:00+05:30,552.7,24.34
2023-09-14 11:00:00+05:30,676.21,25.51
2023-09-14 12:00:00+05:30,702.26,26.46
2023-09-14 13:00:00+05:30,657.35,26.87
2023-09-14 14:00:00+05:30,578.33,26.95
2023-09-14 15:00:00+05:30,474.21,26.83
2023-09-14 16:00:00+05:30,349.63,26.64
2023-09-14 17:00:00+05:30,203.51,26.29
2023-09-14 18:00:00+05:30,65.88,25.6
2023-09-14 19:00:00+05:30,0.0,24.54
2023-09-14 20:00:00+05:30,0.0,23.56
2023-09-14 21:00:00+05:30,0.0,22.71
2023-09-14 22:00:00+05:30,0.0,22.08
2023-09-14 23:00:00+05:30,0.0,21.59
2023-09-15 00:00:00+05:30,0.0,21.32
2023-09-15 01:00:00+05:30,0.0,21.16
2023-09-15 02:00:00+05:30,0.0,21.01
2023-09-15 03:00:00+05:30,0.0,20.85
2023-09-15 04:00:00+05:30,0.0,20.8
2023-09-15 05:00:00+05:30,0.0,20.59
2023-09-15 06:00:00+05:30,0.0,20.46
2023-09-15 07:00:00+05:30,57.78,20.47
2023-09-15 08:00:00+05:30,203.98,21.19
2023-09-15 09:00:00+05:30,344.14,22.85
2023-09-15 10:00:00+05:30,551.5,24.18
2023-09-15 11:00:00+05:30,605.21,25.69
2023-09-15 12:00:00+05:30,521.89,26.58
2023-09-15 13:00:00+05:30,495.87,26.84
2023-09-15 14:00:00+05:30,569.16,26.72
2023-09-15 15:00:00+05:30,397.82,26.94
2023-09-15 16:00:00+05:30,204.7,26.55
2023-09-15 17:00:00+05:30,124.61,25.73
2023-09-15 18:00:00+05:30,35.85,25.04
2023-09-15 19:00:00+05:30,0.0,24.19
2023-09-15 20:00:00+05:30,0.0,23.4
2023-09-15 21:00:00+05:30,0.0,22.77
2023-09-15 22:00:00+05:30,0.0,22.54
2023-09-15 23:00:00+05:30,0.0,22.33
2023-09-16 00:00:00+05:30,0.0,22.18
2023-09-16 01:00:00+05:30,0.0,22.0
2023-09-16 02:00:00+05:30,0.0,21.81
2023-09-16 03:00:00+05:30,0.0,21.79
2023-09-16 04:00:00+05:30,0.0,21.82
2023-09-16 05:00:00+05:30,0.0,21.86
2023-09-16 06:00:00+05:30,0.0,21.93
2023-09-16 07:00:00+05:30,32.71,21.9
2023-09-16 08:00:00+05:30,106.69,22.26
2023-09-16 09:00:00+05:30,231.84,22.79
2023-09-16 10:00:00+05:30,386.77,23.37
2023-09-16 11:00:00+05:30,479.78,24.59
2023-09-16 12:00:00+05:30,262.39,24.88
2023-09-16 13:00:00+05:30,289.49,24.41
2023-09-16 14:00:00+05:30,234.6,24.47
2023-09-16 15:00:00+05:30,168.0,24.18
2023-09-16 16:00:00+05:30,157.55,24.22
2023-09-16 17:00:00+05:30,75.46,24.04
2023-09-16 18:00:00+05:30,24.44,23.59
2023-09-16 19:00:00+05:30,0.0,23.14
2023-09-16 20:00:00+05:30,0.0,22.8
2023-09-16 21:00:00+05:30,0.0,22.57
2023-09-16 22:00:00+05:30,0.0,22.43
2023-09-16 23:00:00+05:30,0.0,22.53
2023-09-17 00:00:00+05:30,0.0,22.62
2023-09-17 01:00:00+05:30,0.0,22.26
2023-09-17 02:00:00+05:30,0.0,22.09
2023-09-17 03:00:00+05:30,0.0,21.97
2023-09-17 04:00:00+05:30,0.0,21.89
2023-09-17 05:00:00+05:30,0.0,21.97
2023-09-17 06:00:00+05:30,0.0,22.11
2023-09-17 07:00:00+05:30,41.15,22.19
2023-09-17 08:00:00+05:30,161.18,22.23
2023-09-17 09:00:00+05:30,273.63,22.97
2023-09-17 10:00:00+05:30,426.56,23.71
2023-09-17 11:00:00+05:30,519.15,24.34
2023-09-17 12:00:00+05:30,618.68,24.92
2023-09-17 13:00:00+05:30,637.07,25.9
2023-09-17 14:00:00+05:30,578.65,26.24
2023-09-17 15:00:00+05:30,414.55,25.87
2023-09-17 16:00:00+05:30,329.92,25.35
2023-09-17 17:00:00+05:30,153.74,24.73
2023-09-17 18:00:00+05:30,48.39,23.68
2023-09-17 19:00:00+05:30,0.0,22.92
2023-09-17 20:00:00+05:30,0.0,22.51
2023-09-17 21:00:00+05:30,0.0,22.29
2023-09-17 22:00:00+05:30,0.0,22.49
2023-09-17 23:00:00+05:30,0.0,22.74
2023-09-18 00:00:00+05:30,0.0,22.74
2023-09-18 01:00:00+05:30,0.0,22.12
2023-09-18 02:00:00+05:30,0.0,21.91
2023-09-18 03:00:00+05:30,0.0,22.1
2023-09-18 04:00:00+05:30,0.0,22.07
2023-09-18 05:00:00+05:30,0.0,21.95
2023-09-18 06:00:00+05:30,0.0,22.01
2023-09-18 07:00:00+05:30,30.23,22.0
2023-09-18 08:00:00+05:30,158.57,22.28
2023-09-18 09:00:00+05:30,365.25,23.25
2023-09-18 10:00:00+05:30,450.94,24.13
2023-09-18 11:00:00+05:30,578.94,24.62
2023-09-18 12:00:00+05:30,680.13,25.54
2023-09-18 13:00:00+05:30,565.4,24.95
2023-09-18 14:00:00+05:30,546.39,25.47
2023-09-18 15:00:00+05:30,510.89,25.39
2023-09-18 16:00:00+05:30,277.68,25.39
2023-09-18 17:00:00+05:30,189.22,24.04
2023-09-18 18:00:00+05:30,41.74,23.36
2023-09-18 19:00:00+05:30,0.0,22.64
2023-09-18 20:00:00+05:30,0.0,22.09
2023-09-18 21:00:00+05:30,0.0,21.95
2023-09-18 22:00:00+05:30,0.0,22.01
2023-09-18 23:00:00+05:30,0.0,22.07
2023-09-19 00:00:00+05:30,0.0,22.02
2023-09-19 01:00:00+05:30,0.0,22.41
2023-09-19 02:00:00+05:30,0.0,22.19
2023-09-19 03:00:00+05:30,0.0,22.0
2023-09-19 04:00:00+05:30,0.0,22.11
2023-09-19 05:00:00+05:30,0.0,22.15
2023-09-19 06:00:00+05:30,0.0,22.11
2023-09-19 07:00:00+05:30,33.89,22.25
2023-09-19 08:00:00+05:30,146.08,22.52
2023-09-19 09:00:00+05:30,387.17,23.17
2023-09-19 10:00:00+05:30,366.06,24.25
2023-09-19 11:00:00+05:30,531.38,24.6
2023-09-19 12:00:00+05:30,532.48,25.46
2023-09-19 13:00:00+05:30,650.29,26.4
2023-09-19 14:00:00+05:30,607.14,26.78
2023-09-19 15:00:00+05:30,449.34,27.11
2023-09-19 16:00:00+05:30,321.36,26.26
2023-09-19 17:00:00+05:30,171.92,25.59
2023-09-19 18:00:00+05:30,41.26,24.44
2023-09-19 19:00:00+05:30,0.0,23.48
2023-09-19 20:00:00+05:30,0.0,22.92
2023-09-19 21:00:00+05:30,0.0,22.64
2023-09-19 22:00:00+05:30,0.0,22.59
2023-09-19 23:00:00+05:30,0.0,22.53
2023-09-20 00:00:00+05:30,0.0,22.62
2023-09-20 01:00:00+05:30,0.0,22.61
2023-09-20 02:00:00+05:30,0.0,22.5
2023-09-20 03:00:00+05:30,0.0,22.61
2023-09-20 04:00:00+05:30,0.0,22.66
2023-09-20 05:00:00+05:30,0.0,22.66
2023-09-20 06:00:00+05:30,0.0,22.64
2023-09-20 07:00:00+05:30,30.6,22.72
2023-09-20 08:00:00+05:30,133.34,22.89
2023-09-20 09:00:00+05:30,295.65,23.44
2023-09-20 10:00:00+05:30,429.32,24.58
2023-09-20 11:00:00+05:30,511.87,25.32
2023-09-20 12:00:00+05:30,628.55,25.95
2023-09-20 13:00:00+05:30,688.26,27.3
2023-09-20 14:00:00+05:30,558.01,27.59
2023-09-20 15:00:00+05:30,403.93,27.04
2023-09-20 16:00:00+05:30,209.53,26.21
2023-09-20 17:00:00+05:30,150.23,25.14
2023-09-20 18:00:00+05:30,23.03,24.32
2023-09-20 19:00:00+05:30,0.0,23.59
2023-09-20 20:00:00+05:30,0.0,22.95
2023-09-20 21:00:00+05:30,0.0,22.57
2023-09-20 22:00:00+05:30,0.0,22.49
2023-09-20 23:00:00+05:30,0.0,22.47
2023-09-21 00:00:00+05:30,0.0,22.43
2023-09-21 01:00:00+05:30,0.0,22.93
2023-09-21 02:00:00+05:30,0.0,22.94
2023-09-21 03:00:00+05:30,0.0,22.7
2023-09-21 04:00:00+05:30,0.0,22.77
2023-09-21 05:00:00+05:30,0.0,22.79
2023-09-21 06:00:00+05:30,0.0,22.73
2023-09-21 07:00:00+05:30,36.52,22.69
2023-09-21 08:00:00+05:30,153.26,22.98
2023-09-21 09:00:00+05:30,320.6,23.5
2023-09-21 10:00:00+05:30,410.26,24.48
2023-09-21 11:00:00+05:30,535.45,25.3
2023-09-21 12:00:00+05:30,500.14,26.16
2023-09-21 13:00:00+05:30,404.79,26.09
2023-09-21 14:00:00+05:30,289.74,24.78
2023-09-21 15:00:00+05:30,230.43,25.25
2023-09-21 16:00:00+05:30,164.86,24.81
2023-09-21 17:00:00+05:30,90.73,24.21
2023-09-21 18:00:00+05:30,19.57,23.91
2023-09-21 19:00:00+05:30,0.0,23.31
2023-09-21 20:00:00+05:30,0.0,23.01
2023-09-21 21:00:00+05:30,0.0,22.73
2023-09-21 22:00:00+05:30,0.0,22.71
2023-09-21 23:00:00+05:30,0.0,22.59
2023-09-22 00:00:00+05:30,0.0,22.47
2023-09-22 01:00:00+05:30,0.0,22.28
2023-09-22 02:00:00+05:30,0.0,22.19
2023-09-22 03:00:00+05:30,0.0,22.14
2023-09-22 04:00:00+05:30,0.0,22.09
2023-09-22 05:00:00+05:30,0.0,22.04
2023-09-22 06:00:00+05:30,0.0,21.99
2023-09-22 07:00:00+05:30,19.82,21.97
2023-09-22 08:00:00+05:30,73.68,22.1
2023-09-22 09:00:00+05:30,167.33,22.43
2023-09-22 10:00:00+05:30,154.65,23.31
2023-09-22 11:00:00+05:30,117.12,24.0
2023-09-22 12:00:00+05:30,221.88,24.03
2023-09-22 13:00:00+05:30,380.37,24.81
2023-09-22 14:00:00+05:30,353.43,25.62
2023-09-22 15:00:00+05:30,389.87,26.01
2023-09-22 16:00:00+05:30,233.46,26.44
2023-09-22 17:00:00+05:30,117.27,26.21
2023-09-22 18:00:00+05:30,23.28,24.6
2023-09-22 19:00:00+05:30,0.0,23.48
2023-09-22 20:00:00+05:30,0.0,22.96
2023-09-22 21:00:00+05:30,0.0,22.64
2023-09-22 22:00:00+05:30,0.0,22.39
2023-09-22 23:00:00+05:30,0.0,22.3
2023-09-23 00:00:00+05:30,0.0,22.18
2023-09-23 01:00:00+05:30,0.0,21.78
2023-09-23 02:00:00+05:30,0.0,21.74
2023-09-23 03:00:00+05:30,0.0,21.72
2023-09-23 04:00:00+05:30,0.0,21.68
2023-09-23 05:00:00+05:30,0.0,21.67
2023-09-23 06:00:00+05:30,0.0,21.69
2023-09-23 07:00:00+05:30,15.62,21.69
2023-09-23 08:00:00+05:30,67.48,21.81
2023-09-23 09:00:00+05:30,189.99,22.14
2023-09-23 10:00:00+05:30,178.42,23.05
2023-09-23 11:00:00+05:30,154.07,23.41
2023-09-23 12:00:00+05:30,90.12,23.44
2023-09-23 13:00:00+05:30,174.88,23.18
2023-09-23 14:00:00+05:30,143.31,23.29
2023-09-23 15:00:00+05:30,149.37,23.52
2023-09-23 16:00:00+05:30,77.79,23.75
2023-09-23 17:00:00+05:30,53.87,23.38
2023-09-23 18:00:00+05:30,15.76,22.92
2023-09-23 19:00:00+05:30,0.0,22.55
2023-09-23 20:00:00+05:30,0.0,22.33
2023-09-23 21:00:00+05:30,0.0,22.22
2023-09-23 22:00:00+05:30,0.0,22.11
2023-09-23 23:00:00+05:30,0.0,22.07
2023-09-24 00:00:00+05:30,0.0,22.04
2023-09-24 01:00:00+05:30,0.0,21.56
2023-09-24 02:00:00+05:30,0.0,21.5
2023-09-24 03:00:00+05:30,0.0,21.45
2023-09-24 04:00:00+05:30,0.0,21.33
2023-09-24 05:00:00+05:30,0.0,21.31
2023-09-24 06:00:00+05:30,0.0,21.24
2023-09-24 07:00:00+05:30,12.28,21.2
2023-09-24 08:00:00+05:30,57.51,21.35
2023-09-24 09:00:00+05:30,139.47,21.78
2023-09-24 10:00:00+05:30,184.04,22.42
2023-09-24 11:00:00+05:30,261.29,22.77
2023-09-24 12:00:00+05:30,396.0,23.45
2023-09-24 13:00:00+05:30,380.82,24.72
2023-09-24 14:00:00+05:30,525.67,24.73
2023-09-24 15:00:00+05:30,332.08,25.25
2023-09-24 16:00:00+05:30,151.89,24.05
2023-09-24 17:00:00+05:30,72.79,23.31
2023-09-24 18:00:00+05:30,22.97,22.94
2023-09-24 19:00:00+05:30,0.0,22.3
2023-09-24 20:00:00+05:30,0.0,21.94
2023-09-24 21:00:00+05:30,0.0,21.75
2023-09-24 22:00:00+05:30,0.0,21.71
2023-09-24 23:00:00+05:30,0.0,21.69
2023-09-25 00:00:00+05:30,0.0,21.65
2023-09-25 01:00:00+05:30,0.0,21.28
2023-09-25 02:00:00+05:30,0.0,21.24
2023-09-25 03:00:00+05:30,0.0,21.2
2023-09-25 04:00:00+05:30,0.0,21.16
2023-09-25 05:00:00+05:30,0.0,21.08
2023-09-25 06:00:00+05:30,0.0,21.07
2023-09-25 07:00:00+05:30,20.21,21.04
2023-09-25 08:00:00+05:30,65.8,21.21
2023-09-25 09:00:00+05:30,110.12,21.61
2023-09-25 10:00:00+05:30,175.54,22.06
2023-09-25 11:00:00+05:30,230.26,22.78
2023-09-25 12:00:00+05:30,585.65,23.56
2023-09-25 13:00:00+05:30,184.59,26.79
2023-09-25 14:00:00+05:30,374.02,24.58
2023-09-25 15:00:00+05:30,180.53,24.61
2023-09-25 16:00:00+05:30,178.4,23.72
2023-09-25 17:00:00+05:30,136.84,23.67
2023-09-25 18:00:00+05:30,31.25,23.71
2023-09-25 19:00:00+05:30,0.0,23.1
2023-09-25 20:00:00+05:30,0.0,22.6
2023-09-25 21:00:00+05:30,0.0,22.42
2023-09-25 22:00:00+05:30,0.0,22.31
2023-09-25 23:00:00+05:30,0.0,22.18
2023-09-26 00:00:00+05:30,0.0,22.08
2023-09-26 01:00:00+05:30,0.0,22.04
2023-09-26 02:00:00+05:30,0.0,21.8
2023-09-26 03:00:00+05:30,0.0,21.7
2023-09-26 04:00:00+05:30,0.0,21.57
2023-09-26 05:00:00+05:30,0.0,21.41
2023-09-26 06:00:00+05:30,0.0,21.41
2023-09-26 07:00:00+05:30,41.13,21.32
2023-09-26 08:00:00+05:30,134.21,21.72
2023-09-26 09:00:00+05:30,224.66,22.99
2023-09-26 10:00:00+05:30,456.62,24.0
2023-09-26 11:00:00+05:30,508.44,25.41
2023-09-26 12:00:00+05:30,563.51,26.67
2023-09-26 13:00:00+05:30,486.08,27.75
2023-09-26 14:00:00+05:30,436.12,28.01
2023-09-26 15:00:00+05:30,325.79,27.93
2023-09-26 16:00:00+05:30,184.88,26.68
2023-09-26 17:00:00+05:30,96.81,24.6
2023-09-26 18:00:00+05:30,14.11,24.04
2023-09-26 19:00:00+05:30,0.0,23.41
2023-09-26 20:00:00+05:30,0.0,22.86
2023-09-26 21:00:00+05:30,0.0,22.54
2023-09-26 22:00:00+05:30,0.0,22.41
2023-09-26 23:00:00+05:30,0.0,22.32
2023-09-27 00:00:00+05:30,0.0,22.37
2023-09-27 01:00:00+05:30,0.0,22.13
2023-09-27 02:00:00+05:30,0.0,21.95
2023-09-27 03:00:00+05:30,0.0,21.82
2023-09-27 04:00:00+05:30,0.0,21.86
2023-09-27 05:00:00+05:30,0.0,21.94
2023-09-27 06:00:00+05:30,0.0,21.96
2023-09-27 07:00:00+05:30,15.23,21.95
2023-09-27 08:00:00+05:30,70.35,22.04
2023-09-27 09:00:00+05:30,79.91,22.45
2023-09-27 10:00:00+05:30,79.84,22.78
2023-09-27 11:00:00+05:30,293.58,22.74
2023-09-27 12:00:00+05:30,396.67,23.78
2023-09-27 13:00:00+05:30,386.13,26.03
2023-09-27 14:00:00+05:30,431.63,26.97
2023-09-27 15:00:00+05:30,417.75,27.76
2023-09-27 16:00:00+05:30,197.07,27.9
2023-09-27 17:00:00+05:30,165.51,26.49
2023-09-27 18:00:00+05:30,19.52,25.5
2023-09-27 19:00:00+05:30,0.0,24.13
2023-09-27 20:00:00+05:30,0.0,23.54
2023-09-27 21:00:00+05:30,0.0,23.05
2023-09-27 22:00:00+05:30,0.0,22.81
2023-09-27 23:00:00+05:30,0.0,22.49
2023-09-28 00:00:00+05:30,0.0,22.1
2023-09-28 01:00:00+05:30,0.0,22.4
2023-09-28 02:00:00+05:30,0.0,22.0
2023-09-28 03:00:00+05:30,0.0,21.56
2023-09-28 04:00:00+05:30,0.0,21.88
2023-09-28 05:00:00+05:30,0.0,21.77
2023-09-28 06:00:00+05:30,0.0,21.64
2023-09-28 07:00:00+05:30,54.77,21.72
2023-09-28 08:00:00+05:30,174.04,22.29
2023-09-28 09:00:00+05:30,363.81,23.99
2023-09-28 10:00:00+05:30,528.45,25.51
2023-09-28 11:00:00+05:30,660.06,26.74
2023-09-28 12:00:00+05:30,442.98,27.93
2023-09-28 13:00:00+05:30,477.38,28.23
2023-09-28 14:00:00+05:30,370.7,28.54
2023-09-28 15:00:00+05:30,239.59,28.12
2023-09-28 16:00:00+05:30,212.33,26.99
2023-09-28 17:00:00+05:30,124.18,26.97
2023-09-28 18:00:00+05:30,20.53,26.37
2023-09-28 19:00:00+05:30,0.0,24.41
2023-09-28 20:00:00+05:30,0.0,23.52
2023-09-28 21:00:00+05:30,0.0,22.67
2023-09-28 22:00:00+05:30,0.0,22.21
2023-09-28 23:00:00+05:30,0.0,21.81
2023-09-29 00:00:00+05:30,0.0,21.67
2023-09-29 01:00:00+05:30,0.0,22.17
2023-09-29 02:00:00+05:30,0.0,22.04
2023-09-29 03:00:00+05:30,0.0,21.59
2023-09-29 04:00:00+05:30,0.0,21.43
2023-09-29 05:00:00+05:30,0.0,21.48
2023-09-29 06:00:00+05:30,0.0,21.6
2023-09-29 07:00:00+05:30,32.68,21.41
2023-09-29 08:00:00+05:30,175.79,21.73
2023-09-29 09:00:00+05:30,343.09,22.64
2023-09-29 10:00:00+05:30,413.52,24.38
2023-09-29 11:00:00+05:30,406.09,25.74
2023-09-29 12:00:00+05:30,631.81,26.56
2023-09-29 13:00:00+05:30,504.08,27.87
2023-09-29 14:00:00+05:30,464.5,28.23
2023-09-29 15:00:00+05:30,481.89,28.03
2023-09-29 16:00:00+05:30,263.43,28.36
2023-09-29 17:00:00+05:30,142.64,28.01
2023-09-29 18:00:00+05:30,23.03,26.06
2023-09-29 19:00:00+05:30,0.0,24.38
2023-09-29 20:00:00+05:30,0.0,23.54
2023-09-29 21:00:00+05:30,0.0,23.08
2023-09-29 22:00:00+05:30,0.0,22.78
2023-09-29 23:00:00+05:30,0.0,22.46
2023-09-30 00:00:00+05:30,0.0,22.31
2023-09-30 01:00:00+05:30,0.0,22.3
2023-09-30 02:00:00+05:30,0.0,22.16
2023-09-30 03:00:00+05:30,0.0,22.07
2023-09-30 04:00:00+05:30,0.0,22.02
2023-09-30 05:00:00+05:30,0.0,21.85
2023-09-30 06:00:00+05:30,0.0,21.73
2023-09-30 07:00:00+05:30,52.25,21.52
2023-09-30 08:00:00+05:30,207.32,22.09
2023-09-30 09:00:00+05:30,335.05,23.35
2023-09-30 10:00:00+05:30,477.55,24.72
2023-09-30 11:00:00+05:30,621.84,26.1
2023-09-30 12:00:00+05:30,629.45,27.34
2023-09-30 13:00:00+05:30,614.16,27.71
2023-09-30 14:00:00+05:30,462.49,28.13
2023-09-30 15:00:00+05:30,271.93,28.13
2023-09-30 16:00:00+05:30,279.97,26.86
2023-09-30 17:00:00+05:30,72.43,26.61
2023-09-30 18:00:00+05:30,16.12,25.67
2023-09-30 19:00:00+05:30,0.0,24.79
2023-09-30 20:00:00+05:30,0.0,23.54
2023-09-30 21:00:00+05:30,0.0,22.7
2023-09-30 22:00:00+05:30,0.0,22.76
2023-09-30 23:00:00+05:30,0.0,22.64
2023-10-01 00:00:00+05:30,0.0,22.52
2023-10-01 01:00:00+05:30,0.0,22.59
2023-10-01 02:00:00+05:30,0.0,22.46
2023-10-01 03:00:00+05:30,0.0,22.37
2023-10-01 04:00:00+05:30,0.0,22.35
2023-10-01 05:00:00+05:30,0.0,22.34
2023-10-01 06:00:00+05:30,0.0,22.3
2023-10-01 07:00:00+05:30,29.57,22.34
2023-10-01 08:00:00+05:30,117.77,22.69
2023-10-01 09:00:00+05:30,201.26,23.81
2023-10-01 10:00:00+05:30,323.67,24.88
2023-10-01 11:00:00+05:30,533.22,25.99
2023-10-01 12:00:00+05:30,419.8,27.62
2023-10-01 13:00:00+05:30,186.15,27.42
2023-10-01 14:00:00+05:30,168.45,27.2
2023-10-01 15:00:00+05:30,92.9,27.07
2023-10-01 16:00:00+05:30,47.06,26.58
2023-10-01 17:00:00+05:30,16.91,25.89
2023-10-01 18:00:00+05:30,4.54,24.73
2023-10-01 19:00:00+05:30,0.0,23.72
2023-10-01 20:00:00+05:30,0.0,23.37
2023-10-01 21:00:00+05:30,0.0,23.32
2023-10-01 22:00:00+05:30,0.0,23.24
2023-10-01 23:00:00+05:30,0.0,23.1
2023-10-02 00:00:00+05:30,0.0,23.01
2023-10-02 01:00:00+05:30,0.0,21.75
2023-10-02 02:00:00+05:30,0.0,21.24
2023-10-02 03:00:00+05:30,0.0,21.08
2023-10-02 04:00:00+05:30,0.0,21.01
2023-10-02 05:00:00+05:30,0.0,21.13
2023-10-02 06:00:00+05:30,0.0,21.27
2023-10-02 07:00:00+05:30,27.69,21.22
2023-10-02 08:00:00+05:30,156.23,21.49
2023-10-02 09:00:00+05:30,253.54,22.67
2023-10-02 10:00:00+05:30,418.08,23.63
2023-10-02 11:00:00+05:30,516.52,24.73
2023-10-02 12:00:00+05:30,286.82,25.7
2023-10-02 13:00:00+05:30,289.25,24.63
2023-10-02 14:00:00+05:30,287.74,24.77
2023-10-02 15:00:00+05:30,251.13,24.82
2023-10-02 16:00:00+05:30,106.69,24.7
2023-10-02 17:00:00+05:30,63.17,24.1
2023-10-02 18:00:00+05:30,19.32,23.74
2023-10-02 19:00:00+05:30,0.0,23.15
2023-10-02 20:00:00+05:30,0.0,22.55
2023-10-02 21:00:00+05:30,0.0,21.86
2023-10-02 22:00:00+05:30,0.0,21.49
2023-10-02 23:00:00+05:30,0.0,21.43
2023-10-03 00:00:00+05:30,0.0,21.27
2023-10-03 01:00:00+05:30,0.0,21.49
2023-10-03 02:00:00+05:30,0.0,21.52
2023-10-03 03:00:00+05:30,0.0,21.45
2023-10-03 04:00:00+05:30,0.0,21.24
2023-10-03 05:00:00+05:30,0.0,21.1
2023-10-03 06:00:00+05:30,0.0,21.09
2023-10-03 07:00:00+05:30,19.54,21.19
2023-10-03 08:00:00+05:30,87.87,21.44
2023-10-03 09:00:00+05:30,187.85,22.06
2023-10-03 10:00:00+05:30,369.85,23.33
2023-10-03 11:00:00+05:30,534.51,24.77
2023-10-03 12:00:00+05:30,651.16,26.22
2023-10-03 13:00:00+05:30,704.67,27.41
2023-10-03 14:00:00+05:30,514.5,28.19
2023-10-03 15:00:00+05:30,423.45,28.25
2023-10-03 16:00:00+05:30,289.46,28.27
2023-10-03 17:00:00+05:30,151.32,28.09
2023-10-03 18:00:00+05:30,23.52,27.14
2023-10-03 19:00:00+05:30,0.0,25.43
2023-10-03 20:00:00+05:30,0.0,24.3
2023-10-03 21:00:00+05:30,0.0,23.6
2023-10-03 22:00:00+05:30,0.0,23.01
2023-10-03 23:00:00+05:30,0.0,22.64
2023-10-04 00:00:00+05:30,0.0,22.21
2023-10-04 01:00:00+05:30,0.0,22.52
2023-10-04 02:00:00+05:30,0.0,22.69
2023-10-04 03:00:00+05:30,0.0,22.86
2023-10-04 04:00:00+05:30,0.0,22.71
2023-10-04 05:00:00+05:30,0.0,22.36
2023-10-04 06:00:00+05:30,0.0,22.25
2023-10-04 07:00:00+05:30,43.8,22.16
2023-10-04 08:00:00+05:30,191.82,22.64
2023-10-04 09:00:00+05:30,390.94,23.95
2023-10-04 10:00:00+05:30,526.51,25.44
2023-10-04 11:00:00+05:30,688.18,26.7
2023-10-04 12:00:00+05:30,771.62,27.85
2023-10-04 13:00:00+05:30,688.45,28.99
2023-10-04 14:00:00+05:30,619.5,29.34
2023-10-04 15:00:00+05:30,447.87,29.5
2023-10-04 16:00:00+05:30,286.47,29.42
2023-10-04 17:00:00+05:30,177.05,28.74
2023-10-04 18:00:00+05:30,24.47,27.5
2023-10-04 19:00:00+05:30,0.0,25.53
2023-10-04 20:00:00+05:30,0.0,24.27
2023-10-04 21:00:00+05:30,0.0,23.49
2023-10-04 22:00:00+05:30,0.0,22.93
2023-10-04 23:00:00+05:30,0.0,22.52
2023-10-05 00:00:00+05:30,0.0,22.24
2023-10-05 01:00:00+05:30,0.0,22.08
2023-10-05 02:00:00+05:30,0.0,21.97
2023-10-05 03:00:00+05:30,0.0,21.72
2023-10-05 04:00:00+05:30,0.0,21.37
2023-10-05 05:00:00+05:30,0.0,21.15
2023-10-05 06:00:00+05:30,0.0,20.54
2023-10-05 07:00:00+05:30,58.58,19.99
2023-10-05 08:00:00+05:30,220.68,20.94
2023-10-05 09:00:00+05:30,417.97,22.96
2023-10-05 10:00:00+05:30,622.17,25.01
2023-10-05 11:00:00+05:30,740.8,26.86
2023-10-05 12:00:00+05:30,809.79,28.08
2023-10-05 13:00:00+05:30,789.91,28.95
2023-10-05 14:00:00+05:30,698.65,29.35
2023-10-05 15:00:00+05:30,553.72,29.55
2023-10-05 16:00:00+05:30,384.76,29.49
2023-10-05 17:00:00+05:30,170.06,29.1
2023-10-05 18:00:00+05:30,22.73,27.88
2023-10-05 19:00:00+05:30,0.0,26.11
2023-10-05 20:00:00+05:30,0.0,24.29
2023-10-05 21:00:00+05:30,0.0,23.16
2023-10-05 22:00:00+05:30,0.0,22.52
2023-10-05 23:00:00+05:30,0.0,22.21
2023-10-06 00:00:00+05:30,0.0,22.13
2023-10-06 01:00:00+05:30,0.0,21.86
2023-10-06 02:00:00+05:30,0.0,21.58
2023-10-06 03:00:00+05:30,0.0,21.26
2023-10-06 04:00:00+05:30,0.0,20.82
2023-10-06 05:00:00+05:30,0.0,20.66
2023-10-06 06:00:00+05:30,0.0,20.33
2023-10-06 07:00:00+05:30,58.53,19.64
2023-10-06 08:00:00+05:30,226.68,20.14
2023-10-06 09:00:00+05:30,433.38,22.7
2023-10-06 10:00:00+05:30,628.39,24.65
2023-10-06 11:00:00+05:30,751.2,26.42
2023-10-06 12:00:00+05:30,808.7,27.71
2023-10-06 13:00:00+05:30,798.17,28.6
2023-10-06 14:00:00+05:30,709.26,29.19
2023-10-06 15:00:00+05:30,542.76,29.47
2023-10-06 16:00:00+05:30,374.68,29.42
2023-10-06 17:00:00+05:30,170.63,29.08
2023-10-06 18:00:00+05:30,21.47,28.0
2023-10-06 19:00:00+05:30,0.0,26.14
2023-10-06 20:00:00+05:30,0.0,24.46
2023-10-06 21:00:00+05:30,0.0,23.34
2023-10-06 22:00:00+05:30,0.0,22.51
2023-10-06 23:00:00+05:30,0.0,21.97
2023-10-07 00:00:00+05:30,0.0,21.62
2023-10-07 01:00:00+05:30,0.0,21.45
2023-10-07 02:00:00+05:30,0.0,21.26
2023-10-07 03:00:00+05:30,0.0,21.05
2023-10-07 04:00:00+05:30,0.0,20.89
2023-10-07 05:00:00+05:30,0.0,20.94
2023-10-07 06:00:00+05:30,0.0,20.97
2023-10-07 07:00:00+05:30,40.47,20.81
2023-10-07 08:00:00+05:30,154.74,20.98
2023-10-07 09:00:00+05:30,390.48,21.79
2023-10-07 10:00:00+05:30,585.48,23.98
2023-10-07 11:00:00+05:30,738.81,25.97
2023-10-07 12:00:00+05:30,758.42,27.76
2023-10-07 13:00:00+05:30,656.8,29.04
2023-10-07 14:00:00+05:30,626.72,29.16
2023-10-07 15:00:00+05:30,484.65,29.34
2023-10-07 16:00:00+05:30,329.35,29.31
2023-10-07 17:00:00+05:30,123.65,29.1
2023-10-07 18:00:00+05:30,16.55,27.91
2023-10-07 19:00:00+05:30,0.0,27.08
2023-10-07 20:00:00+05:30,0.0,26.38
2023-10-07 21:00:00+05:30,0.0,24.36
2023-10-07 22:00:00+05:30,0.0,23.33
2023-10-07 23:00:00+05:30,0.0,22.69
2023-10-08 00:00:00+05:30,0.0,22.11
2023-10-08 01:00:00+05:30,0.0,22.56
2023-10-08 02:00:00+05:30,0.0,22.54
2023-10-08 03:00:00+05:30,0.0,22.53
2023-10-08 04:00:00+05:30,0.0,22.47
2023-10-08 05:00:00+05:30,0.0,22.34
2023-10-08 06:00:00+05:30,0.0,22.14
2023-10-08 07:00:00+05:30,50.87,21.62
2023-10-08 08:00:00+05:30,237.12,22.47
2023-10-08 09:00:00+05:30,441.65,25.4
2023-10-08 10:00:00+05:30,614.76,27.01
2023-10-08 11:00:00+05:30,732.69,28.44
2023-10-08 12:00:00+05:30,706.53,29.4
2023-10-08 13:00:00+05:30,622.77,29.76
2023-10-08 14:00:00+05:30,500.24,29.86
2023-10-08 15:00:00+05:30,434.73,29.79
2023-10-08 16:00:00+05:30,263.1,29.71
2023-10-08 17:00:00+05:30,152.99,29.25
2023-10-08 18:00:00+05:30,16.35,28.34
2023-10-08 19:00:00+05:30,0.0,26.58
2023-10-08 20:00:00+05:30,0.0,26.0
2023-10-08 21:00:00+05:30,0.0,25.0
2023-10-08 22:00:00+05:30,0.0,23.29
2023-10-08 23:00:00+05:30,0.0,22.3
2023-10-09 00:00:00+05:30,0.0,21.68
2023-10-09 01:00:00+05:30,0.0,21.52
2023-10-09 02:00:00+05:30,0.0,21.58
2023-10-09 03:00:00+05:30,0.0,21.55
2023-10-09 04:00:00+05:30,0.0,21.56
2023-10-09 05:00:00+05:30,0.0,21.66
2023-10-09 06:00:00+05:30,0.0,21.86
2023-10-09 07:00:00+05:30,45.32,21.88
2023-10-09 08:00:00+05:30,191.85,22.98
2023-10-09 09:00:00+05:30,395.0,25.38
2023-10-09 10:00:00+05:30,465.66,27.27
2023-10-09 11:00:00+05:30,659.99,28.05
2023-10-09 12:00:00+05:30,569.25,29.19
2023-10-09 13:00:00+05:30,547.37,29.65
2023-10-09 14:00:00+05:30,437.15,29.76
2023-10-09 15:00:00+05:30,398.86,29.63
2023-10-09 16:00:00+05:30,270.98,29.73
2023-10-09 17:00:00+05:30,133.06,29.5
2023-10-09 18:00:00+05:30,14.95,28.62
2023-10-09 19:00:00+05:30,0.0,26.91
2023-10-09 20:00:00+05:30,0.0,25.33
2023-10-09 21:00:00+05:30,0.0,24.21
2023-10-09 22:00:00+05:30,0.0,23.29
2023-10-09 23:00:00+05:30,0.0,22.64
2023-10-10 00:00:00+05:30,0.0,21.9
2023-10-10 01:00:00+05:30,0.0,21.65
2023-10-10 02:00:00+05:30,0.0,21.35
2023-10-10 03:00:00+05:30,0.0,21.35
2023-10-10 04:00:00+05:30,0.0,21.45
2023-10-10 05:00:00+05:30,0.0,21.28
2023-10-10 06:00:00+05:30,0.0,21.43
2023-10-10 07:00:00+05:30,50.57,21.52
2023-10-10 08:00:00+05:30,215.82,22.38
2023-10-10 09:00:00+05:30,394.0,25.25
2023-10-10 10:00:00+05:30,536.73,26.97
2023-10-10 11:00:00+05:30,657.86,28.13
2023-10-10 12:00:00+05:30,710.08,28.95
2023-10-10 13:00:00+05:30,633.28,29.94
2023-10-10 14:00:00+05:30,498.8,30.18
2023-10-10 15:00:00+05:30,404.53,30.19
2023-10-10 16:00:00+05:30,267.92,29.95
2023-10-10 17:00:00+05:30,148.26,29.42
2023-10-10 18:00:00+05:30,13.24,28.5
2023-10-10 19:00:00+05:30,0.0,26.5
2023-10-10 20:00:00+05:30,0.0,25.02
2023-10-10 21:00:00+05:30,0.0,24.01
2023-10-10 22:00:00+05:30,0.0,23.17
2023-10-10 23:00:00+05:30,0.0,22.6
2023-10-11 00:00:00+05:30,0.0,22.01
2023-10-11 01:00:00+05:30,0.0,21.38
2023-10-11 02:00:00+05:30,0.0,21.15
2023-10-11 03:00:00+05:30,0.0,20.98
2023-10-11 04:00:00+05:30,0.0,20.95
2023-10-11 05:00:00+05:30,0.0,21.09
2023-10-11 06:00:00+05:30,0.0,21.7
2023-10-11 07:00:00+05:30,51.09,21.87
2023-10-11 08:00:00+05:30,190.83,22.35
2023-10-11 09:00:00+05:30,392.21,24.74
2023-10-11 10:00:00+05:30,532.49,26.47
2023-10-11 11:00:00+05:30,635.28,27.64
2023-10-11 12:00:00+05:30,604.71,28.58
2023-10-11 13:00:00+05:30,507.22,28.71
2023-10-11 14:00:00+05:30,578.42,29.06
2023-10-11 15:00:00+05:30,338.49,29.34
2023-10-11 16:00:00+05:30,230.95,28.98
2023-10-11 17:00:00+05:30,110.69,28.56
2023-10-11 18:00:00+05:30,13.49,27.7
2023-10-11 19:00:00+05:30,0.0,26.35
2023-10-11 20:00:00+05:30,0.0,24.98
2023-10-11 21:00:00+05:30,0.0,25.17
2023-10-11 22:00:00+05:30,0.0,24.63
2023-10-11 23:00:00+05:30,0.0,23.71
2023-10-12 00:00:00+05:30,0.0,23.13
2023-10-12 01:00:00+05:30,0.0,22.32
2023-10-12 02:00:00+05:30,0.0,22.38
2023-10-12 03:00:00+05:30,0.0,22.77
2023-10-12 04:00:00+05:30,0.0,22.74
2023-10-12 05:00:00+05:30,0.0,22.47
2023-10-12 06:00:00+05:30,0.0,22.1
2023-10-12 07:00:00+05:30,38.1,22.06
2023-10-12 08:00:00+05:30,175.74,22.68
2023-10-12 09:00:00+05:30,305.52,25.52
2023-10-12 10:00:00+05:30,515.42,26.76
2023-10-12 11:00:00+05:30,634.3,28.19
2023-10-12 12:00:00+05:30,621.54,29.3
2023-10-12 13:00:00+05:30,574.49,29.83
2023-10-12 14:00:00+05:30,556.07,29.88
2023-10-12 15:00:00+05:30,406.63,29.96
2023-10-12 16:00:00+05:30,277.63,29.56
2023-10-12 17:00:00+05:30,131.06,29.1
2023-10-12 18:00:00+05:30,13.69,28.17
2023-10-12 19:00:00+05:30,0.0,26.83
2023-10-12 20:00:00+05:30,0.0,25.37
2023-10-12 21:00:00+05:30,0.0,24.28
2023-10-12 22:00:00+05:30,0.0,24.32
2023-10-12 23:00:00+05:30,0.0,24.88
2023-10-13 00:00:00+05:30,0.0,24.53
2023-10-13 01:00:00+05:30,0.0,23.92
2023-10-13 02:00:00+05:30,0.0,24.04
2023-10-13 03:00:00+05:30,0.0,23.74
2023-10-13 04:00:00+05:30,0.0,23.52
2023-10-13 05:00:00+05:30,0.0,23.28
2023-10-13 06:00:00+05:30,0.0,23.04
2023-10-13 07:00:00+05:30,52.3,21.54
2023-10-13 08:00:00+05:30,229.64,21.6
2023-10-13 09:00:00+05:30,418.28,25.03
2023-10-13 10:00:00+05:30,573.24,26.55
2023-10-13 11:00:00+05:30,691.87,27.93
2023-10-13 12:00:00+05:30,528.21,29.16
2023-10-13 13:00:00+05:30,534.53,29.66
2023-10-13 14:00:00+05:30,558.33,29.86
2023-10-13 15:00:00+05:30,396.97,30.14
2023-10-13 16:00:00+05:30,262.55,29.78
2023-10-13 17:00:00+05:30,122.95,29.13
2023-10-13 18:00:00+05:30,13.98,28.01
2023-10-13 19:00:00+05:30,0.0,26.38
2023-10-13 20:00:00+05:30,0.0,24.92
2023-10-13 21:00:00+05:30,0.0,24.74
2023-10-13 22:00:00+05:30,0.0,25.01
2023-10-13 23:00:00+05:30,0.0,24.86
2023-10-14 00:00:00+05:30,0.0,24.33
2023-10-14 01:00:00+05:30,0.0,23.29
2023-10-14 02:00:00+05:30,0.0,23.06
2023-10-14 03:00:00+05:30,0.0,22.97
2023-10-14 04:00:00+05:30,0.0,22.7
2023-10-14 05:00:00+05:30,0.0,22.34
2023-10-14 06:00:00+05:30,0.0,21.97
2023-10-14 07:00:00+05:30,49.62,21.12
2023-10-14 08:00:00+05:30,227.56,21.2
2023-10-14 09:00:00+05:30,395.21,24.41
2023-10-14 10:00:00+05:30,550.56,26.3
2023-10-14 11:00:00+05:30,664.77,27.83
2023-10-14 12:00:00+05:30,703.34,29.04
2023-10-14 13:00:00+05:30,535.34,30.33
2023-10-14 14:00:00+05:30,535.74,30.29
2023-10-14 15:00:00+05:30,472.56,30.28
2023-10-14 16:00:00+05:30,291.66,30.29
2023-10-14 17:00:00+05:30,116.55,29.66
2023-10-14 18:00:00+05:30,11.79,28.03
2023-10-14 19:00:00+05:30,0.0,26.28
2023-10-14 20:00:00+05:30,0.0,24.62
2023-10-14 21:00:00+05:30,0.0,23.8
2023-10-14 22:00:00+05:30,0.0,23.07
2023-10-14 23:00:00+05:30,0.0,23.31
2023-10-15 00:00:00+05:30,0.0,23.21
2023-10-15 01:00:00+05:30,0.0,22.04
2023-10-15 02:00:00+05:30,0.0,21.82
2023-10-15 03:00:00+05:30,0.0,21.63
2023-10-15 04:00:00+05:30,0.0,21.6
2023-10-15 05:00:00+05:30,0.0,21.72
2023-10-15 06:00:00+05:30,0.0,21.7
2023-10-15 07:00:00+05:30,46.91,21.5
2023-10-15 08:00:00+05:30,220.63,21.83
2023-10-15 09:00:00+05:30,412.46,24.94
2023-10-15 10:00:00+05:30,579.33,26.99
2023-10-15 11:00:00+05:30,683.51,28.41
2023-10-15 12:00:00+05:30,597.02,29.38
2023-10-15 13:00:00+05:30,581.85,29.53
2023-10-15 14:00:00+05:30,537.28,29.76
2023-10-15 15:00:00+05:30,393.84,29.78
2023-10-15 16:00:00+05:30,215.94,29.53
2023-10-15 17:00:00+05:30,122.51,29.06
2023-10-15 18:00:00+05:30,11.98,27.92
2023-10-15 19:00:00+05:30,0.0,26.35
2023-10-15 20:00:00+05:30,0.0,24.67
2023-10-15 21:00:00+05:30,0.0,23.49
2023-10-15 22:00:00+05:30,0.0,22.94
2023-10-15 23:00:00+05:30,0.0,22.55
2023-10-16 00:00:00+05:30,0.0,22.03
2023-10-16 01:00:00+05:30,0.0,22.74
2023-10-16 02:00:00+05:30,0.0,22.97
2023-10-16 03:00:00+05:30,0.0,22.39
2023-10-16 04:00:00+05:30,0.0,21.97
2023-10-16 05:00:00+05:30,0.0,21.72
2023-10-16 06:00:00+05:30,0.0,21.35
2023-10-16 07:00:00+05:30,45.59,21.07
2023-10-16 08:00:00+05:30,207.28,21.56
2023-10-16 09:00:00+05:30,390.87,25.18
2023-10-16 10:00:00+05:30,496.96,26.78
2023-10-16 11:00:00+05:30,619.92,28.04
2023-10-16 12:00:00+05:30,592.19,29.09
2023-10-16 13:00:00+05:30,606.38,29.32
2023-10-16 14:00:00+05:30,509.72,29.49
2023-10-16 15:00:00+05:30,386.78,29.43
2023-10-16 16:00:00+05:30,216.37,29.08
2023-10-16 17:00:00+05:30,114.86,28.56
2023-10-16 18:00:00+05:30,9.69,27.81
2023-10-16 19:00:00+05:30,0.0,26.33
2023-10-16 20:00:00+05:30,0.0,25.69
2023-10-16 21:00:00+05:30,0.0,25.45
2023-10-16 22:00:00+05:30,0.0,24.64
2023-10-16 23:00:00+05:30,0.0,23.83
2023-10-17 00:00:00+05:30,0.0,23.23
2023-10-17 01:00:00+05:30,0.0,22.71
2023-10-17 02:00:00+05:30,0.0,22.04
2023-10-17 03:00:00+05:30,0.0,21.47
2023-10-17 04:00:00+05:30,0.0,21.21
2023-10-17 05:00:00+05:30,0.0,20.96
2023-10-17 06:00:00+05:30,0.0,20.73
2023-10-17 07:00:00+05:30,42.18,20.46
2023-10-17 08:00:00+05:30,181.35,21.33
2023-10-17 09:00:00+05:30,398.07,24.7
2023-10-17 10:00:00+05:30,564.93,26.58
2023-10-17 11:00:00+05:30,684.88,28.15
2023-10-17 12:00:00+05:30,575.32,29.32
2023-10-17 13:00:00+05:30,574.36,28.92
2023-10-17 14:00:00+05:30,520.29,29.21
2023-10-17 15:00:00+05:30,434.11,29.35
2023-10-17 16:00:00+05:30,289.92,29.15
2023-10-17 17:00:00+05:30,94.4,28.65
2023-10-17 18:00:00+05:30,11.4,27.49
2023-10-17 19:00:00+05:30,0.0,26.22
2023-10-17 20:00:00+05:30,0.0,25.05
2023-10-17 21:00:00+05:30,0.0,24.12
2023-10-17 22:00:00+05:30,0.0,23.09
2023-10-17 23:00:00+05:30,0.0,23.16
2023-10-18 00:00:00+05:30,0.0,23.58
2023-10-18 01:00:00+05:30,0.0,23.7
2023-10-18 02:00:00+05:30,0.0,23.62
2023-10-18 03:00:00+05:30,0.0,23.29
2023-10-18 04:00:00+05:30,0.0,22.12
2023-10-18 05:00:00+05:30,0.0,20.88
2023-10-18 06:00:00+05:30,0.0,20.49
2023-10-18 07:00:00+05:30,45.23,20.66
2023-10-18 08:00:00+05:30,217.6,21.52
2023-10-18 09:00:00+05:30,411.52,24.88
2023-10-18 10:00:00+05:30,577.51,26.73
2023-10-18 11:00:00+05:30,652.57,28.35
2023-10-18 12:00:00+05:30,493.43,29.31
2023-10-18 13:00:00+05:30,582.65,29.38
2023-10-18 14:00:00+05:30,477.78,29.89
2023-10-18 15:00:00+05:30,424.51,29.96
2023-10-18 16:00:00+05:30,295.69,30.06
2023-10-18 17:00:00+05:30,122.43,29.63
2023-10-18 18:00:00+05:30,11.5,28.34
2023-10-18 19:00:00+05:30,0.0,26.72
2023-10-18 20:00:00+05:30,0.0,25.28
2023-10-18 21:00:00+05:30,0.0,24.42
2023-10-18 22:00:00+05:30,0.0,23.42
2023-10-18 23:00:00+05:30,0.0,22.47
2023-10-19 00:00:00+05:30,0.0,22.08
2023-10-19 01:00:00+05:30,0.0,22.6
2023-10-19 02:00:00+05:30,0.0,22.86
2023-10-19 03:00:00+05:30,0.0,23.73
2023-10-19 04:00:00+05:30,0.0,23.44
2023-10-19 05:00:00+05:30,0.0,22.87
2023-10-19 06:00:00+05:30,0.0,22.09
2023-10-19 07:00:00+05:30,40.65,21.89
2023-10-19 08:00:00+05:30,195.12,22.65
2023-10-19 09:00:00+05:30,375.37,25.03
2023-10-19 10:00:00+05:30,506.88,26.62
2023-10-19 11:00:00+05:30,555.94,27.83
2023-10-19 12:00:00+05:30,495.42,28.4
2023-10-19 13:00:00+05:30,583.44,28.28
2023-10-19 14:00:00+05:30,421.89,28.91
2023-10-19 15:00:00+05:30,349.69,28.77
2023-10-19 16:00:00+05:30,243.28,28.74
2023-10-19 17:00:00+05:30,121.04,28.58
2023-10-19 18:00:00+05:30,10.28,27.68
2023-10-19 19:00:00+05:30,0.0,26.26
2023-10-19 20:00:00+05:30,0.0,25.37
2023-10-19 21:00:00+05:30,0.0,24.71
2023-10-19 22:00:00+05:30,0.0,24.37
2023-10-19 23:00:00+05:30,0.0,24.34
2023-10-20 00:00:00+05:30,0.0,24.08
2023-10-20 01:00:00+05:30,0.0,22.96
2023-10-20 02:00:00+05:30,0.0,23.54
2023-10-20 03:00:00+05:30,0.0,22.74
2023-10-20 04:00:00+05:30,0.0,22.47
2023-10-20 05:00:00+05:30,0.0,22.74
2023-10-20 06:00:00+05:30,0.0,22.47
2023-10-20 07:00:00+05:30,41.57,21.49
2023-10-20 08:00:00+05:30,205.45,21.68
2023-10-20 09:00:00+05:30,386.13,25.23
2023-10-20 10:00:00+05:30,538.18,26.97
2023-10-20 11:00:00+05:30,657.7,28.3
2023-10-20 12:00:00+05:30,591.33,29.11
2023-10-20 13:00:00+05:30,446.27,29.1
2023-10-20 14:00:00+05:30,400.35,28.94
2023-10-20 15:00:00+05:30,352.53,28.78
2023-10-20 16:00:00+05:30,243.62,28.66
2023-10-20 17:00:00+05:30,102.57,28.49
2023-10-20 18:00:00+05:30,8.72,27.96
2023-10-20 19:00:00+05:30,0.0,26.49
2023-10-20 20:00:00+05:30,0.0,25.2
2023-10-20 21:00:00+05:30,0.0,24.25
2023-10-20 22:00:00+05:30,0.0,23.54
2023-10-20 23:00:00+05:30,0.0,23.02
2023-10-21 00:00:00+05:30,0.0,22.51
2023-10-21 01:00:00+05:30,0.0,22.55
2023-10-21 02:00:00+05:30,0.0,22.98
2023-10-21 03:00:00+05:30,0.0,23.33
2023-10-21 04:00:00+05:30,0.0,22.66
2023-10-21 05:00:00+05:30,0.0,21.74
2023-10-21 06:00:00+05:30,0.0,21.01
2023-10-21 07:00:00+05:30,32.48,21.06
2023-10-21 08:00:00+05:30,171.72,21.92
2023-10-21 09:00:00+05:30,327.55,24.65
2023-10-21 10:00:00+05:30,502.93,26.0
2023-10-21 11:00:00+05:30,627.24,27.48
2023-10-21 12:00:00+05:30,628.79,28.61
2023-10-21 13:00:00+05:30,560.02,29.07
2023-10-21 14:00:00+05:30,520.34,29.17
2023-10-21 15:00:00+05:30,367.0,29.13
2023-10-21 16:00:00+05:30,274.9,28.94
2023-10-21 17:00:00+05:30,103.89,28.72
2023-10-21 18:00:00+05:30,10.57,27.79
2023-10-21 19:00:00+05:30,0.0,26.33
2023-10-21 20:00:00+05:30,0.0,25.29
2023-10-21 21:00:00+05:30,0.0,24.47
2023-10-21 22:00:00+05:30,0.0,24.26
2023-10-21 23:00:00+05:30,0.0,24.21
2023-10-22 00:00:00+05:30,0.0,23.17
2023-10-22 01:00:00+05:30,0.0,22.97
2023-10-22 02:00:00+05:30,0.0,22.34
2023-10-22 03:00:00+05:30,0.0,21.84
2023-10-22 04:00:00+05:30,0.0,21.4
2023-10-22 05:00:00+05:30,0.0,21.14
2023-10-22 06:00:00+05:30,0.0,21.21
2023-10-22 07:00:00+05:30,34.52,21.17
2023-10-22 08:00:00+05:30,175.67,21.52
2023-10-22 09:00:00+05:30,326.27,24.33
2023-10-22 10:00:00+05:30,450.24,25.77
2023-10-22 11:00:00+05:30,623.96,27.04
2023-10-22 12:00:00+05:30,696.53,28.38
2023-10-22 13:00:00+05:30,651.51,29.51
2023-10-22 14:00:00+05:30,546.52,29.89
2023-10-22 15:00:00+05:30,469.58,30.06
2023-10-22 16:00:00+05:30,290.27,30.18
2023-10-22 17:00:00+05:30,125.38,29.87
2023-10-22 18:00:00+05:30,10.18,28.76
2023-10-22 19:00:00+05:30,0.0,26.88
2023-10-22 20:00:00+05:30,0.0,25.53
2023-10-22 21:00:00+05:30,0.0,24.3
2023-10-22 22:00:00+05:30,0.0,23.47
2023-10-22 23:00:00+05:30,0.0,23.32
2023-10-23 00:00:00+05:30,0.0,23.51
2023-10-23 01:00:00+05:30,0.0,21.9
2023-10-23 02:00:00+05:30,0.0,22.98
2023-10-23 03:00:00+05:30,0.0,22.83
2023-10-23 04:00:00+05:30,0.0,22.58
2023-10-23 05:00:00+05:30,0.0,22.31
2023-10-23 06:00:00+05:30,0.0,22.04
2023-10-23 07:00:00+05:30,39.1,21.89
2023-10-23 08:00:00+05:30,208.76,22.17
2023-10-23 09:00:00+05:30,394.62,24.46
2023-10-23 10:00:00+05:30,560.36,26.39
2023-10-23 11:00:00+05:30,679.37,28.01
2023-10-23 12:00:00+05:30,722.2,29.22
2023-10-23 13:00:00+05:30,637.26,30.03
2023-10-23 14:00:00+05:30,506.44,30.21
2023-10-23 15:00:00+05:30,406.37,30.16
2023-10-23 16:00:00+05:30,230.94,30.1
2023-10-23 17:00:00+05:30,98.35,29.5
2023-10-23 18:00:00+05:30,9.6,28.41
2023-10-23 19:00:00+05:30,0.0,26.93
2023-10-23 20:00:00+05:30,0.0,25.39
2023-10-23 21:00:00+05:30,0.0,24.41
2023-10-23 22:00:00+05:30,0.0,24.21
2023-10-23 23:00:00+05:30,0.0,24.38
2023-10-24 00:00:00+05:30,0.0,23.61
2023-10-24 01:00:00+05:30,0.0,22.33
2023-10-24 02:00:00+05:30,0.0,22.48
2023-10-24 03:00:00+05:30,0.0,22.33
2023-10-24 04:00:00+05:30,0.0,22.19
2023-10-24 05:00:00+05:30,0.0,22.01
2023-10-24 06:00:00+05:30,0.0,21.93
2023-10-24 07:00:00+05:30,37.61,21.75
2023-10-24 08:00:00+05:30,204.23,21.86
2023-10-24 09:00:00+05:30,395.54,24.17
2023-10-24 10:00:00+05:30,557.97,26.32
2023-10-24 11:00:00+05:30,667.04,27.92
2023-10-24 12:00:00+05:30,703.79,29.02
2023-10-24 13:00:00+05:30,670.28,29.7
2023-10-24 14:00:00+05:30,501.28,30.2
2023-10-24 15:00:00+05:30,333.71,30.03
2023-10-24 16:00:00+05:30,224.54,29.71
2023-10-24 17:00:00+05:30,99.28,29.17
2023-10-24 18:00:00+05:30,8.67,28.14
2023-10-24 19:00:00+05:30,0.0,26.55
2023-10-24 20:00:00+05:30,0.0,25.12
2023-10-24 21:00:00+05:30,0.0,24.22
2023-10-24 22:00:00+05:30,0.0,23.9
2023-10-24 23:00:00+05:30,0.0,23.93
2023-10-25 00:00:00+05:30,0.0,23.52
2023-10-25 01:00:00+05:30,0.0,22.16
2023-10-25 02:00:00+05:30,0.0,20.99
2023-10-25 03:00:00+05:30,0.0,20.29
2023-10-25 04:00:00+05:30,0.0,20.09
2023-10-25 05:00:00+05:30,0.0,20.18
2023-10-25 06:00:00+05:30,0.0,20.38
2023-10-25 07:00:00+05:30,31.3,20.4
2023-10-25 08:00:00+05:30,151.6,20.75
2023-10-25 09:00:00+05:30,352.08,23.56
2023-10-25 10:00:00+05:30,538.46,25.62
2023-10-25 11:00:00+05:30,666.08,27.54
2023-10-25 12:00:00+05:30,627.42,28.82
2023-10-25 13:00:00+05:30,634.97,29.14
2023-10-25 14:00:00+05:30,493.78,29.71
2023-10-25 15:00:00+05:30,368.66,29.69
2023-10-25 16:00:00+05:30,255.48,29.49
2023-10-25 17:00:00+05:30,110.52,29.0
2023-10-25 18:00:00+05:30,9.35,27.84
2023-10-25 19:00:00+05:30,0.0,26.43
2023-10-25 20:00:00+05:30,0.0,24.79
2023-10-25 21:00:00+05:30,0.0,23.39
2023-10-25 22:00:00+05:30,0.0,22.28
2023-10-25 23:00:00+05:30,0.0,21.7
2023-10-26 00:00:00+05:30,0.0,22.99
2023-10-26 01:00:00+05:30,0.0,21.86
2023-10-26 02:00:00+05:30,0.0,21.64
2023-10-26 03:00:00+05:30,0.0,21.5
2023-10-26 04:00:00+05:30,0.0,21.22
2023-10-26 05:00:00+05:30,0.0,20.87
2023-10-26 06:00:00+05:30,0.0,20.58
2023-10-26 07:00:00+05:30,32.7,20.06
2023-10-26 08:00:00+05:30,192.01,19.97
2023-10-26 09:00:00+05:30,381.67,23.43
2023-10-26 10:00:00+05:30,552.53,25.5
2023-10-26 11:00:00+05:30,659.45,27.32
2023-10-26 12:00:00+05:30,724.33,28.49
2023-10-26 13:00:00+05:30,711.05,29.36
2023-10-26 14:00:00+05:30,618.25,29.75
2023-10-26 15:00:00+05:30,478.65,29.89
2023-10-26 16:00:00+05:30,281.04,29.73
2023-10-26 17:00:00+05:30,124.92,29.06
2023-10-26 18:00:00+05:30,10.13,27.67
2023-10-26 19:00:00+05:30,0.0,25.91
2023-10-26 20:00:00+05:30,0.0,24.16
2023-10-26 21:00:00+05:30,0.0,22.69
2023-10-26 22:00:00+05:30,0.0,21.42
2023-10-26 23:00:00+05:30,0.0,20.35
2023-10-27 00:00:00+05:30,0.0,19.71
2023-10-27 01:00:00+05:30,0.0,19.6
2023-10-27 02:00:00+05:30,0.0,19.49
2023-10-27 03:00:00+05:30,0.0,19.24
2023-10-27 04:00:00+05:30,0.0,19.14
2023-10-27 05:00:00+05:30,0.0,18.77
2023-10-27 06:00:00+05:30,0.0,18.65
2023-10-27 07:00:00+05:30,27.44,18.53
2023-10-27 08:00:00+05:30,203.26,18.91
2023-10-27 09:00:00+05:30,393.39,22.45
2023-10-27 10:00:00+05:30,556.64,24.93
2023-10-27 11:00:00+05:30,672.27,26.97
2023-10-27 12:00:00+05:30,726.91,28.2
2023-10-27 13:00:00+05:30,712.75,28.95
2023-10-27 14:00:00+05:30,632.54,29.41
2023-10-27 15:00:00+05:30,494.05,29.65
2023-10-27 16:00:00+05:30,313.42,29.6
2023-10-27 17:00:00+05:30,124.25,29.16
2023-10-27 18:00:00+05:30,9.69,27.72
2023-10-27 19:00:00+05:30,0.0,25.87
2023-10-27 20:00:00+05:30,0.0,24.03
2023-10-27 21:00:00+05:30,0.0,22.49
2023-10-27 22:00:00+05:30,0.0,21.52
2023-10-27 23:00:00+05:30,0.0,20.54
2023-10-28 00:00:00+05:30,0.0,19.75
2023-10-28 01:00:00+05:30,0.0,19.31
2023-10-28 02:00:00+05:30,0.0,18.96
2023-10-28 03:00:00+05:30,0.0,18.49
2023-10-28 04:00:00+05:30,0.0,18.16
2023-10-28 05:00:00+05:30,0.0,17.69
2023-10-28 06:00:00+05:30,0.0,17.29
2023-10-28 07:00:00+05:30,26.01,16.86
2023-10-28 08:00:00+05:30,201.41,17.75
2023-10-28 09:00:00+05:30,392.03,22.35
2023-10-28 10:00:00+05:30,555.65,24.87
2023-10-28 11:00:00+05:30,669.4,27.04
2023-10-28 12:00:00+05:30,722.77,28.5
2023-10-28 13:00:00+05:30,707.18,29.09
2023-10-28 14:00:00+05:30,625.84,29.55
2023-10-28 15:00:00+05:30,487.32,29.73
2023-10-28 16:00:00+05:30,305.45,29.66
2023-10-28 17:00:00+05:30,118.39,29.25
2023-10-28 18:00:00+05:30,9.35,27.87
2023-10-28 19:00:00+05:30,0.0,26.0
2023-10-28 20:00:00+05:30,0.0,24.36
2023-10-28 21:00:00+05:30,0.0,22.68
2023-10-28 22:00:00+05:30,0.0,21.49
2023-10-28 23:00:00+05:30,0.0,20.67
2023-10-29 00:00:00+05:30,0.0,19.84
2023-10-29 01:00:00+05:30,0.0,19.64
2023-10-29 02:00:00+05:30,0.0,18.91
2023-10-29 03:00:00+05:30,0.0,18.86
2023-10-29 04:00:00+05:30,0.0,19.86
2023-10-29 05:00:00+05:30,0.0,19.24
2023-10-29 06:00:00+05:30,0.0,18.61
2023-10-29 07:00:00+05:30,24.54,17.96
2023-10-29 08:00:00+05:30,196.25,18.31
2023-10-29 09:00:00+05:30,383.94,22.73
2023-10-29 10:00:00+05:30,545.43,24.95
2023-10-29 11:00:00+05:30,657.71,26.76
2023-10-29 12:00:00+05:30,708.81,28.22
2023-10-29 13:00:00+05:30,694.62,29.19
2023-10-29 14:00:00+05:30,580.02,29.8
2023-10-29 15:00:00+05:30,440.3,29.97
2023-10-29 16:00:00+05:30,273.4,29.88
2023-10-29 17:00:00+05:30,107.5,29.5
2023-10-29 18:00:00+05:30,0.0,28.18
2023-10-29 19:00:00+05:30,0.0,26.42
2023-10-29 20:00:00+05:30,0.0,25.05
2023-10-29 21:00:00+05:30,0.0,23.5
2023-10-29 22:00:00+05:30,0.0,22.5
2023-10-29 23:00:00+05:30,0.0,21.28
2023-10-30 00:00:00+05:30,0.0,20.96
2023-10-30 01:00:00+05:30,0.0,20.09
2023-10-30 02:00:00+05:30,0.0,19.24
2023-10-30 03:00:00+05:30,0.0,18.65
2023-10-30 04:00:00+05:30,0.0,18.56
2023-10-30 05:00:00+05:30,0.0,18.41
2023-10-30 06:00:00+05:30,0.0,17.74
2023-10-30 07:00:00+05:30,23.21,16.95
2023-10-30 08:00:00+05:30,192.74,17.9
2023-10-30 09:00:00+05:30,376.04,22.52
2023-10-30 10:00:00+05:30,536.8,24.77
2023-10-30 11:00:00+05:30,650.53,26.83
2023-10-30 12:00:00+05:30,706.43,28.36
2023-10-30 13:00:00+05:30,683.65,29.57
2023-10-30 14:00:00+05:30,587.93,30.11
2023-10-30 15:00:00+05:30,436.49,30.34
2023-10-30 16:00:00+05:30,272.51,30.22
2023-10-30 17:00:00+05:30,102.66,29.77
2023-10-30 18:00:00+05:30,0.0,28.46
2023-10-30 19:00:00+05:30,0.0,26.86
2023-10-30 20:00:00+05:30,0.0,25.68
2023-10-30 21:00:00+05:30,0.0,24.91
2023-10-30 22:00:00+05:30,0.0,23.96
2023-10-30 23:00:00+05:30,0.0,22.71
2023-10-31 00:00:00+05:30,0.0,22.3
2023-10-31 01:00:00+05:30,0.0,21.53
2023-10-31 02:00:00+05:30,0.0,21.44
2023-10-31 03:00:00+05:30,0.0,21.5
2023-10-31 04:00:00+05:30,0.0,21.18
2023-10-31 05:00:00+05:30,0.0,20.19
2023-10-31 06:00:00+05:30,0.0,18.88
2023-10-31 07:00:00+05:30,22.38,17.83
2023-10-31 08:00:00+05:30,188.99,18.63
2023-10-31 09:00:00+05:30,374.25,22.96
2023-10-31 10:00:00+05:30,533.8,25.08
2023-10-31 11:00:00+05:30,647.18,26.91
2023-10-31 12:00:00+05:30,695.16,28.19
2023-10-31 13:00:00+05:30,676.54,29.37
2023-10-31 14:00:00+05:30,548.95,29.96
2023-10-31 15:00:00+05:30,265.11,30.23
2023-10-31 16:00:00+05:30,185.7,29.6
2023-10-31 17:00:00+05:30,83.13,29.18
2023-10-31 18:00:00+05:30,0.0,28.04
2023-10-31 19:00:00+05:30,0.0,26.43
2023-10-31 20:00:00+05:30,0.0,25.13
2023-10-31 21:00:00+05:30,0.0,23.99
2023-10-31 22:00:00+05:30,0.0,22.88
2023-10-31 23:00:00+05:30,0.0,21.78
2023-11-01 00:00:00+05:30,0.0,20.88
2023-11-01 01:00:00+05:30,0.0,20.0
2023-11-01 02:00:00+05:30,0.0,19.44
2023-11-01 03:00:00+05:30,0.0,19.0
2023-11-01 04:00:00+05:30,0.0,18.61
2023-11-01 05:00:00+05:30,0.0,18.09
2023-11-01 06:00:00+05:30,0.0,17.85
2023-11-01 07:00:00+05:30,20.54,17.38
2023-11-01 08:00:00+05:30,187.59,17.79
2023-11-01 09:00:00+05:30,372.46,22.37
2023-11-01 10:00:00+05:30,532.75,24.83
2023-11-01 11:00:00+05:30,644.61,26.72
2023-11-01 12:00:00+05:30,695.41,27.96
2023-11-01 13:00:00+05:30,681.55,28.76
2023-11-01 14:00:00+05:30,602.64,29.43
2023-11-01 15:00:00+05:30,467.47,29.79
2023-11-01 16:00:00+05:30,293.24,29.74
2023-11-01 17:00:00+05:30,110.22,29.27
2023-11-01 18:00:00+05:30,0.0,27.84
2023-11-01 19:00:00+05:30,0.0,26.11
2023-11-01 20:00:00+05:30,0.0,24.71
2023-11-01 21:00:00+05:30,0.0,23.43
2023-11-01 22:00:00+05:30,0.0,22.23
2023-11-01 23:00:00+05:30,0.0,21.12
2023-11-02 00:00:00+05:30,0.0,20.14
2023-11-02 01:00:00+05:30,0.0,19.44
2023-11-02 02:00:00+05:30,0.0,18.72
2023-11-02 03:00:00+05:30,0.0,18.37
2023-11-02 04:00:00+05:30,0.0,17.92
2023-11-02 05:00:00+05:30,0.0,17.68
2023-11-02 06:00:00+05:30,0.0,17.62
2023-11-02 07:00:00+05:30,19.28,17.45
2023-11-02 08:00:00+05:30,185.4,17.94
2023-11-02 09:00:00+05:30,369.87,22.2
2023-11-02 10:00:00+05:30,529.61,24.67
2023-11-02 11:00:00+05:30,642.29,26.73
2023-11-02 12:00:00+05:30,687.36,28.13
2023-11-02 13:00:00+05:30,665.9,29.04
2023-11-02 14:00:00+05:30,584.33,29.66
2023-11-02 15:00:00+05:30,433.33,29.99
2023-11-02 16:00:00+05:30,277.67,29.93
2023-11-02 17:00:00+05:30,106.68,29.57
2023-11-02 18:00:00+05:30,0.0,28.3
2023-11-02 19:00:00+05:30,0.0,26.49
2023-11-02 20:00:00+05:30,0.0,25.17
2023-11-02 21:00:00+05:30,0.0,23.98
2023-11-02 22:00:00+05:30,0.0,22.87
2023-11-02 23:00:00+05:30,0.0,21.93
2023-11-03 00:00:00+05:30,0.0,21.05
2023-11-03 01:00:00+05:30,0.0,20.48
2023-11-03 02:00:00+05:30,0.0,20.03
2023-11-03 03:00:00+05:30,0.0,19.66
2023-11-03 04:00:00+05:30,0.0,19.27
2023-11-03 05:00:00+05:30,0.0,18.94
2023-11-03 06:00:00+05:30,0.0,18.75
2023-11-03 07:00:00+05:30,18.31,18.52
2023-11-03 08:00:00+05:30,179.4,18.82
2023-11-03 09:00:00+05:30,360.83,22.95
2023-11-03 10:00:00+05:30,519.14,25.22
2023-11-03 11:00:00+05:30,628.89,27.2
2023-11-03 12:00:00+05:30,675.76,28.56
2023-11-03 13:00:00+05:30,637.63,29.73
2023-11-03 14:00:00+05:30,558.97,30.29
2023-11-03 15:00:00+05:30,437.96,30.52
2023-11-03 16:00:00+05:30,276.22,30.51
2023-11-03 17:00:00+05:30,101.24,30.15
2023-11-03 18:00:00+05:30,0.0,28.82
2023-11-03 19:00:00+05:30,0.0,27.13
2023-11-03 20:00:00+05:30,0.0,25.6
2023-11-03 21:00:00+05:30,0.0,24.12
2023-11-03 22:00:00+05:30,0.0,22.85
2023-11-03 23:00:00+05:30,0.0,22.04
2023-11-04 00:00:00+05:30,0.0,21.41
2023-11-04 01:00:00+05:30,0.0,20.97
2023-11-04 02:00:00+05:30,0.0,20.52
2023-11-04 03:00:00+05:30,0.0,20.08
2023-11-04 04:00:00+05:30,0.0,19.5
2023-11-04 05:00:00+05:30,0.0,18.93
2023-11-04 06:00:00+05:30,0.0,18.46
2023-11-04 07:00:00+05:30,16.88,18.0
2023-11-04 08:00:00+05:30,176.53,18.78
2023-11-04 09:00:00+05:30,357.43,23.13
2023-11-04 10:00:00+05:30,512.26,25.48
2023-11-04 11:00:00+05:30,624.87,27.55
2023-11-04 12:00:00+05:30,629.89,29.05
2023-11-04 13:00:00+05:30,614.43,29.99
2023-11-04 14:00:00+05:30,532.97,30.57
2023-11-04 15:00:00+05:30,427.33,30.76
2023-11-04 16:00:00+05:30,205.25,30.82
2023-11-04 17:00:00+05:30,90.61,30.29
2023-11-04 18:00:00+05:30,0.0,29.44
2023-11-04 19:00:00+05:30,0.0,27.62
2023-11-04 20:00:00+05:30,0.0,26.49
2023-11-04 21:00:00+05:30,0.0,24.6
2023-11-04 22:00:00+05:30,0.0,23.62
2023-11-04 23:00:00+05:30,0.0,22.87
2023-11-05 00:00:00+05:30,0.0,22.48
2023-11-05 01:00:00+05:30,0.0,21.68
2023-11-05 02:00:00+05:30,0.0,21.13
2023-11-05 03:00:00+05:30,0.0,21.03
2023-11-05 04:00:00+05:30,0.0,20.94
2023-11-05 05:00:00+05:30,0.0,20.49
2023-11-05 06:00:00+05:30,0.0,19.77
2023-11-05 07:00:00+05:30,24.46,18.87
2023-11-05 08:00:00+05:30,169.14,19.61
2023-11-05 09:00:00+05:30,339.63,23.64
2023-11-05 10:00:00+05:30,497.36,25.95
2023-11-05 11:00:00+05:30,605.39,27.78
2023-11-05 12:00:00+05:30,608.62,29.11
2023-11-05 13:00:00+05:30,626.98,29.72
2023-11-05 14:00:00+05:30,509.66,30.41
2023-11-05 15:00:00+05:30,387.87,30.6
2023-11-05 16:00:00+05:30,237.58,30.56
2023-11-05 17:00:00+05:30,93.18,30.2
2023-11-05 18:00:00+05:30,0.0,29.17
2023-11-05 19:00:00+05:30,0.0,27.64
2023-11-05 20:00:00+05:30,0.0,26.41
2023-11-05 21:00:00+05:30,0.0,25.32
2023-11-05 22:00:00+05:30,0.0,24.53
2023-11-05 23:00:00+05:30,0.0,23.8
2023-11-06 00:00:00+05:30,0.0,23.02
2023-11-06 01:00:00+05:30,0.0,22.46
2023-11-06 02:00:00+05:30,0.0,21.52
2023-11-06 03:00:00+05:30,0.0,20.72
2023-11-06 04:00:00+05:30,0.0,19.91
2023-11-06 05:00:00+05:30,0.0,19.2
2023-11-06 06:00:00+05:30,0.0,18.73
2023-11-06 07:00:00+05:30,29.23,18.55
2023-11-06 08:00:00+05:30,168.15,19.08
2023-11-06 09:00:00+05:30,337.51,22.76
2023-11-06 10:00:00+05:30,497.89,25.07
2023-11-06 11:00:00+05:30,606.17,27.09
2023-11-06 12:00:00+05:30,654.51,28.71
2023-11-06 13:00:00+05:30,641.35,29.69
2023-11-06 14:00:00+05:30,563.88,30.28
2023-11-06 15:00:00+05:30,434.41,30.56
2023-11-06 16:00:00+05:30,270.3,30.53
2023-11-06 17:00:00+05:30,93.85,30.07
2023-11-06 18:00:00+05:30,0.0,28.62
2023-11-06 19:00:00+05:30,0.0,27.01
2023-11-06 20:00:00+05:30,0.0,25.56
2023-11-06 21:00:00+05:30,0.0,24.18
2023-11-06 22:00:00+05:30,0.0,23.13
2023-11-06 23:00:00+05:30,0.0,22.25
2023-11-07 00:00:00+05:30,0.0,21.5
2023-11-07 01:00:00+05:30,0.0,20.74
2023-11-07 02:00:00+05:30,0.0,20.1
2023-11-07 03:00:00+05:30,0.0,19.6
2023-11-07 04:00:00+05:30,0.0,19.02
2023-11-07 05:00:00+05:30,0.0,18.68
2023-11-07 06:00:00+05:30,0.0,18.39
2023-11-07 07:00:00+05:30,25.04,18.19
2023-11-07 08:00:00+05:30,165.8,18.93
2023-11-07 09:00:00+05:30,339.13,23.01
2023-11-07 10:00:00+05:30,493.52,25.28
2023-11-07 11:00:00+05:30,564.96,27.2
2023-11-07 12:00:00+05:30,607.06,28.45
2023-11-07 13:00:00+05:30,565.76,29.51
2023-11-07 14:00:00+05:30,507.61,30.05
2023-11-07 15:00:00+05:30,404.69,30.38
2023-11-07 16:00:00+05:30,218.98,30.35
2023-11-07 17:00:00+05:30,73.76,29.95
2023-11-07 18:00:00+05:30,0.0,28.9
2023-11-07 19:00:00+05:30,0.0,27.8
2023-11-07 20:00:00+05:30,0.0,26.79
2023-11-07 21:00:00+05:30,0.0,26.03
2023-11-07 22:00:00+05:30,0.0,25.39
2023-11-07 23:00:00+05:30,0.0,24.94
2023-11-08 00:00:00+05:30,0.0,24.33
2023-11-08 01:00:00+05:30,0.0,24.36
2023-11-08 02:00:00+05:30,0.0,23.96
2023-11-08 03:00:00+05:30,0.0,23.38
2023-11-08 04:00:00+05:30,0.0,22.85
2023-11-08 05:00:00+05:30,0.0,22.25
2023-11-08 06:00:00+05:30,0.0,21.86
2023-11-08 07:00:00+05:30,26.55,21.59
2023-11-08 08:00:00+05:30,137.81,22.12
2023-11-08 09:00:00+05:30,292.03,23.93
2023-11-08 10:00:00+05:30,409.99,25.44
2023-11-08 11:00:00+05:30,524.03,26.69
2023-11-08 12:00:00+05:30,532.48,27.83
2023-11-08 13:00:00+05:30,504.4,28.8
2023-11-08 14:00:00+05:30,425.68,29.11
2023-11-08 15:00:00+05:30,313.18,29.26
2023-11-08 16:00:00+05:30,173.7,28.87
2023-11-08 17:00:00+05:30,65.81,27.79
2023-11-08 18:00:00+05:30,0.0,26.79
2023-11-08 19:00:00+05:30,0.0,25.37
2023-11-08 20:00:00+05:30,0.0,24.58
2023-11-08 21:00:00+05:30,0.0,23.89
2023-11-08 22:00:00+05:30,0.0,23.29
2023-11-08 23:00:00+05:30,0.0,22.92
2023-11-09 00:00:00+05:30,0.0,22.42
2023-11-09 01:00:00+05:30,0.0,21.99
2023-11-09 02:00:00+05:30,0.0,21.49
2023-11-09 03:00:00+05:30,0.0,21.13
2023-11-09 04:00:00+05:30,0.0,20.96
2023-11-09 05:00:00+05:30,0.0,20.66
2023-11-09 06:00:00+05:30,0.0,20.22
2023-11-09 07:00:00+05:30,24.75,20.09
2023-11-09 08:00:00+05:30,153.08,20.74
2023-11-09 09:00:00+05:30,320.12,23.37
2023-11-09 10:00:00+05:30,454.08,25.25
2023-11-09 11:00:00+05:30,565.53,27.13
2023-11-09 12:00:00+05:30,562.3,28.29
2023-11-09 13:00:00+05:30,492.6,28.87
2023-11-09 14:00:00+05:30,435.74,29.17
2023-11-09 15:00:00+05:30,292.87,27.66
2023-11-09 16:00:00+05:30,201.96,26.1
2023-11-09 17:00:00+05:30,69.65,26.69
2023-11-09 18:00:00+05:30,0.0,26.33
2023-11-09 19:00:00+05:30,0.0,24.82
2023-11-09 20:00:00+05:30,0.0,23.13
2023-11-09 21:00:00+05:30,0.0,22.57
2023-11-09 22:00:00+05:30,0.0,22.31
2023-11-09 23:00:00+05:30,0.0,22.07
2023-11-10 00:00:00+05:30,0.0,21.81
2023-11-10 01:00:00+05:30,0.0,21.94
2023-11-10 02:00:00+05:30,0.0,21.55
2023-11-10 03:00:00+05:30,0.0,21.13
2023-11-10 04:00:00+05:30,0.0,20.75
2023-11-10 05:00:00+05:30,0.0,20.48
2023-11-10 06:00:00+05:30,0.0,20.36
2023-11-10 07:00:00+05:30,22.9,20.21
2023-11-10 08:00:00+05:30,139.62,20.85
2023-11-10 09:00:00+05:30,299.44,22.62
2023-11-10 10:00:00+05:30,471.8,24.38
2023-11-10 11:00:00+05:30,573.12,26.24
2023-11-10 12:00:00+05:30,605.56,27.69
2023-11-10 13:00:00+05:30,529.6,28.43
2023-11-10 14:00:00+05:30,459.56,28.75
2023-11-10 15:00:00+05:30,329.74,29.01
2023-11-10 16:00:00+05:30,196.06,28.28
2023-11-10 17:00:00+05:30,73.4,27.92
2023-11-10 18:00:00+05:30,0.0,27.14
2023-11-10 19:00:00+05:30,0.0,26.0
2023-11-10 20:00:00+05:30,0.0,25.06
2023-11-10 21:00:00+05:30,0.0,24.09
2023-11-10 22:00:00+05:30,0.0,23.21
2023-11-10 23:00:00+05:30,0.0,22.36
2023-11-11 00:00:00+05:30,0.0,22.16
2023-11-11 01:00:00+05:30,0.0,21.68
2023-11-11 02:00:00+05:30,0.0,21.85
2023-11-11 03:00:00+05:30,0.0,22.13
2023-11-11 04:00:00+05:30,0.0,22.34
2023-11-11 05:00:00+05:30,0.0,21.68
2023-11-11 06:00:00+05:30,0.0,21.07
2023-11-11 07:00:00+05:30,19.88,20.71
2023-11-11 08:00:00+05:30,144.89,21.02
2023-11-11 09:00:00+05:30,317.94,23.98
2023-11-11 10:00:00+05:30,456.48,26.03
2023-11-11 11:00:00+05:30,581.22,27.54
2023-11-11 12:00:00+05:30,591.58,28.76
2023-11-11 13:00:00+05:30,564.63,29.37
2023-11-11 14:00:00+05:30,519.32,29.92
2023-11-11 15:00:00+05:30,397.84,30.34
2023-11-11 16:00:00+05:30,247.32,30.25
2023-11-11 17:00:00+05:30,81.72,29.9
2023-11-11 18:00:00+05:30,0.0,28.61
2023-11-11 19:00:00+05:30,0.0,27.28
2023-11-11 20:00:00+05:30,0.0,25.93
2023-11-11 21:00:00+05:30,0.0,24.92
2023-11-11 22:00:00+05:30,0.0,24.04
2023-11-11 23:00:00+05:30,0.0,23.11
2023-11-12 00:00:00+05:30,0.0,22.65
2023-11-12 01:00:00+05:30,0.0,23.19
2023-11-12 02:00:00+05:30,0.0,22.41
2023-11-12 03:00:00+05:30,0.0,21.28
2023-11-12 04:00:00+05:30,0.0,20.57
2023-11-12 05:00:00+05:30,0.0,20.03
2023-11-12 06:00:00+05:30,0.0,19.61
2023-11-12 07:00:00+05:30,21.19,19.27
2023-11-12 08:00:00+05:30,151.01,19.72
2023-11-12 09:00:00+05:30,325.11,23.66
2023-11-12 10:00:00+05:30,479.56,25.79
2023-11-12 11:00:00+05:30,590.87,27.63
2023-11-12 12:00:00+05:30,593.55,29.01
2023-11-12 13:00:00+05:30,556.01,29.81
2023-11-12 14:00:00+05:30,510.34,30.18
2023-11-12 15:00:00+05:30,406.8,30.44
2023-11-12 16:00:00+05:30,236.08,30.56
2023-11-12 17:00:00+05:30,80.62,30.21
2023-11-12 18:00:00+05:30,0.0,29.19
2023-11-12 19:00:00+05:30,0.0,27.91
2023-11-12 20:00:00+05:30,0.0,26.28
2023-11-12 21:00:00+05:30,0.0,25.19
2023-11-12 22:00:00+05:30,0.0,23.63
2023-11-12 23:00:00+05:30,0.0,22.47
2023-11-13 00:00:00+05:30,0.0,21.68
2023-11-13 01:00:00+05:30,0.0,21.24
2023-11-13 02:00:00+05:30,0.0,20.58
2023-11-13 03:00:00+05:30,0.0,19.98
2023-11-13 04:00:00+05:30,0.0,19.58
2023-11-13 05:00:00+05:30,0.0,19.3
2023-11-13 06:00:00+05:30,0.0,18.92
2023-11-13 07:00:00+05:30,24.12,18.57
2023-11-13 08:00:00+05:30,153.19,19.0
2023-11-13 09:00:00+05:30,324.68,22.85
2023-11-13 10:00:00+05:30,474.41,25.01
2023-11-13 11:00:00+05:30,582.39,26.89
2023-11-13 12:00:00+05:30,634.89,28.35
2023-11-13 13:00:00+05:30,601.94,29.27
2023-11-13 14:00:00+05:30,431.59,29.8
2023-11-13 15:00:00+05:30,341.16,29.59
2023-11-13 16:00:00+05:30,219.61,29.46
2023-11-13 17:00:00+05:30,72.93,29.18
2023-11-13 18:00:00+05:30,0.0,28.28
2023-11-13 19:00:00+05:30,0.0,26.89
2023-11-13 20:00:00+05:30,0.0,25.48
2023-11-13 21:00:00+05:30,0.0,25.25
2023-11-13 22:00:00+05:30,0.0,25.04
2023-11-13 23:00:00+05:30,0.0,24.14
2023-11-14 00:00:00+05:30,0.0,23.51
2023-11-14 01:00:00+05:30,0.0,22.4
2023-11-14 02:00:00+05:30,0.0,21.95
2023-11-14 03:00:00+05:30,0.0,21.55
2023-11-14 04:00:00+05:30,0.0,21.15
2023-11-14 05:00:00+05:30,0.0,20.92
2023-11-14 06:00:00+05:30,0.0,20.65
2023-11-14 07:00:00+05:30,20.12,20.49
2023-11-14 08:00:00+05:30,150.24,19.34
2023-11-14 09:00:00+05:30,324.2,23.22
2023-11-14 10:00:00+05:30,478.98,25.52
2023-11-14 11:00:00+05:30,577.22,27.37
2023-11-14 12:00:00+05:30,621.48,28.65
2023-11-14 13:00:00+05:30,610.55,29.17
2023-11-14 14:00:00+05:30,515.09,29.79
2023-11-14 15:00:00+05:30,402.92,30.0
2023-11-14 16:00:00+05:30,244.76,30.03
2023-11-14 17:00:00+05:30,76.33,29.55
2023-11-14 18:00:00+05:30,0.0,28.23
2023-11-14 19:00:00+05:30,0.0,26.67
2023-11-14 20:00:00+05:30,0.0,25.39
2023-11-14 21:00:00+05:30,0.0,25.66
2023-11-14 22:00:00+05:30,0.0,23.35
2023-11-14 23:00:00+05:30,0.0,21.91
2023-11-15 00:00:00+05:30,0.0,21.2
2023-11-15 01:00:00+05:30,0.0,20.89
2023-11-15 02:00:00+05:30,0.0,21.37
2023-11-15 03:00:00+05:30,0.0,21.17
2023-11-15 04:00:00+05:30,0.0,21.2
2023-11-15 05:00:00+05:30,0.0,20.84
2023-11-15 06:00:00+05:30,0.0,20.34
2023-11-15 07:00:00+05:30,19.73,18.65
2023-11-15 08:00:00+05:30,150.9,18.26
2023-11-15 09:00:00+05:30,327.79,22.27
2023-11-15 10:00:00+05:30,483.46,24.74
2023-11-15 11:00:00+05:30,592.42,26.52
2023-11-15 12:00:00+05:30,640.84,27.94
2023-11-15 13:00:00+05:30,627.92,28.57
2023-11-15 14:00:00+05:30,538.25,29.12
2023-11-15 15:00:00+05:30,417.5,29.32
2023-11-15 16:00:00+05:30,256.16,29.25
2023-11-15 17:00:00+05:30,81.51,28.81
2023-11-15 18:00:00+05:30,0.0,27.53
2023-11-15 19:00:00+05:30,0.0,25.88
2023-11-15 20:00:00+05:30,0.0,24.38
2023-11-15 21:00:00+05:30,0.0,22.89
2023-11-15 22:00:00+05:30,0.0,21.63
2023-11-15 23:00:00+05:30,0.0,20.46
2023-11-16 00:00:00+05:30,0.0,19.7
2023-11-16 01:00:00+05:30,0.0,21.26
2023-11-16 02:00:00+05:30,0.0,21.57
2023-11-16 03:00:00+05:30,0.0,21.19
2023-11-16 04:00:00+05:30,0.0,20.88
2023-11-16 05:00:00+05:30,0.0,20.44
2023-11-16 06:00:00+05:30,0.0,18.39
2023-11-16 07:00:00+05:30,19.44,17.11
2023-11-16 08:00:00+05:30,148.01,17.13
2023-11-16 09:00:00+05:30,323.87,21.4
2023-11-16 10:00:00+05:30,479.56,24.09
2023-11-16 11:00:00+05:30,586.4,26.08
2023-11-16 12:00:00+05:30,642.32,27.63
2023-11-16 13:00:00+05:30,628.46,28.35
2023-11-16 14:00:00+05:30,551.78,28.96
2023-11-16 15:00:00+05:30,418.25,29.22
2023-11-16 16:00:00+05:30,249.34,29.17
2023-11-16 17:00:00+05:30,82.31,28.76
2023-11-16 18:00:00+05:30,0.0,27.58
2023-11-16 19:00:00+05:30,0.0,25.93
2023-11-16 20:00:00+05:30,0.0,24.35
2023-11-16 21:00:00+05:30,0.0,22.85
2023-11-16 22:00:00+05:30,0.0,21.53
2023-11-16 23:00:00+05:30,0.0,20.47
2023-11-17 00:00:00+05:30,0.0,19.57
2023-11-17 01:00:00+05:30,0.0,19.52
2023-11-17 02:00:00+05:30,0.0,19.06
2023-11-17 03:00:00+05:30,0.0,18.76
2023-11-17 04:00:00+05:30,0.0,18.31
2023-11-17 05:00:00+05:30,0.0,17.73
2023-11-17 06:00:00+05:30,0.0,17.16
2023-11-17 07:00:00+05:30,18.85,16.59
2023-11-17 08:00:00+05:30,144.32,16.97
2023-11-17 09:00:00+05:30,318.54,21.45
2023-11-17 10:00:00+05:30,473.7,23.99
2023-11-17 11:00:00+05:30,584.11,26.01
2023-11-17 12:00:00+05:30,639.59,27.46
2023-11-17 13:00:00+05:30,626.18,28.2
2023-11-17 14:00:00+05:30,549.47,28.85
2023-11-17 15:00:00+05:30,418.79,29.19
2023-11-17 16:00:00+05:30,242.55,29.22
2023-11-17 17:00:00+05:30,80.3,28.88
2023-11-17 18:00:00+05:30,0.0,27.78
2023-11-17 19:00:00+05:30,0.0,26.03
2023-11-17 20:00:00+05:30,0.0,24.54
2023-11-17 21:00:00+05:30,0.0,23.02
2023-11-17 22:00:00+05:30,0.0,22.16
2023-11-17 23:00:00+05:30,0.0,21.11
2023-11-18 00:00:00+05:30,0.0,20.1
2023-11-18 01:00:00+05:30,0.0,20.65
2023-11-18 02:00:00+05:30,0.0,19.6
2023-11-18 03:00:00+05:30,0.0,18.74
2023-11-18 04:00:00+05:30,0.0,18.21
2023-11-18 05:00:00+05:30,0.0,18.0
2023-11-18 06:00:00+05:30,0.0,18.16
2023-11-18 07:00:00+05:30,18.56,18.23
2023-11-18 08:00:00+05:30,142.71,18.49
2023-11-18 09:00:00+05:30,317.11,21.67
2023-11-18 10:00:00+05:30,472.35,24.26
2023-11-18 11:00:00+05:30,581.64,26.34
2023-11-18 12:00:00+05:30,629.88,28.01
2023-11-18 13:00:00+05:30,601.09,28.88
2023-11-18 14:00:00+05:30,495.88,29.64
2023-11-18 15:00:00+05:30,350.59,29.99
2023-11-18 16:00:00+05:30,236.0,29.92
2023-11-18 17:00:00+05:30,76.98,29.69
2023-11-18 18:00:00+05:30,0.0,28.76
2023-11-18 19:00:00+05:30,0.0,26.76
2023-11-18 20:00:00+05:30,0.0,24.85
2023-11-18 21:00:00+05:30,0.0,23.22
2023-11-18 22:00:00+05:30,0.0,21.83
2023-11-18 23:00:00+05:30,0.0,20.85
2023-11-19 00:00:00+05:30,0.0,20.56
2023-11-19 01:00:00+05:30,0.0,21.5
2023-11-19 02:00:00+05:30,0.0,21.27
2023-11-19 03:00:00+05:30,0.0,21.2
2023-11-19 04:00:00+05:30,0.0,21.17
2023-11-19 05:00:00+05:30,0.0,20.6
2023-11-19 06:00:00+05:30,0.0,20.33
2023-11-19 07:00:00+05:30,16.81,19.29
2023-11-19 08:00:00+05:30,125.74,19.18
2023-11-19 09:00:00+05:30,280.02,23.11
2023-11-19 10:00:00+05:30,444.13,25.2
2023-11-19 11:00:00+05:30,554.99,27.19
2023-11-19 12:00:00+05:30,575.33,28.8
2023-11-19 13:00:00+05:30,489.84,30.06
2023-11-19 14:00:00+05:30,409.36,30.44
2023-11-19 15:00:00+05:30,294.37,30.53
2023-11-19 16:00:00+05:30,183.9,30.31
2023-11-19 17:00:00+05:30,63.31,29.92
2023-11-19 18:00:00+05:30,0.0,29.03
2023-11-19 19:00:00+05:30,0.0,27.65
2023-11-19 20:00:00+05:30,0.0,26.98
2023-11-19 21:00:00+05:30,0.0,26.13
2023-11-19 22:00:00+05:30,0.0,24.16
2023-11-19 23:00:00+05:30,0.0,23.03
2023-11-20 00:00:00+05:30,0.0,22.2
2023-11-20 01:00:00+05:30,0.0,21.22
2023-11-20 02:00:00+05:30,0.0,20.64
2023-11-20 03:00:00+05:30,0.0,20.15
2023-11-20 04:00:00+05:30,0.0,20.27
2023-11-20 05:00:00+05:30,0.0,19.96
2023-11-20 06:00:00+05:30,0.0,19.64
2023-11-20 07:00:00+05:30,17.25,19.65
2023-11-20 08:00:00+05:30,121.81,20.13
2023-11-20 09:00:00+05:30,280.04,23.33
2023-11-20 10:00:00+05:30,412.13,25.53
2023-11-20 11:00:00+05:30,521.57,26.97
2023-11-20 12:00:00+05:30,547.04,28.1
2023-11-20 13:00:00+05:30,468.8,28.35
2023-11-20 14:00:00+05:30,332.08,28.84
2023-11-20 15:00:00+05:30,323.74,28.95
2023-11-20 16:00:00+05:30,194.31,29.11
2023-11-20 17:00:00+05:30,64.27,28.77
2023-11-20 18:00:00+05:30,0.0,27.75
2023-11-20 19:00:00+05:30,0.0,26.42
2023-11-20 20:00:00+05:30,0.0,25.53
2023-11-20 21:00:00+05:30,0.0,25.07
2023-11-20 22:00:00+05:30,0.0,24.75
2023-11-20 23:00:00+05:30,0.0,22.93
2023-11-21 00:00:00+05:30,0.0,22.11
2023-11-21 01:00:00+05:30,0.0,21.49
2023-11-21 02:00:00+05:30,0.0,20.99
2023-11-21 03:00:00+05:30,0.0,20.66
2023-11-21 04:00:00+05:30,0.0,20.02
2023-11-21 05:00:00+05:30,0.0,19.51
2023-11-21 06:00:00+05:30,0.0,19.4
2023-11-21 07:00:00+05:30,17.2,19.09
2023-11-21 08:00:00+05:30,122.66,19.55
2023-11-21 09:00:00+05:30,301.94,22.64
2023-11-21 10:00:00+05:30,458.01,24.93
2023-11-21 11:00:00+05:30,568.38,26.79
2023-11-21 12:00:00+05:30,618.72,28.09
2023-11-21 13:00:00+05:30,610.54,28.81
2023-11-21 14:00:00+05:30,537.38,29.48
2023-11-21 15:00:00+05:30,409.52,29.87
2023-11-21 16:00:00+05:30,242.84,29.88
2023-11-21 17:00:00+05:30,76.32,29.44
2023-11-21 18:00:00+05:30,0.0,28.01
2023-11-21 19:00:00+05:30,0.0,26.24
2023-11-21 20:00:00+05:30,0.0,25.07
2023-11-21 21:00:00+05:30,0.0,23.87
2023-11-21 22:00:00+05:30,0.0,22.9
2023-11-21 23:00:00+05:30,0.0,21.82
2023-11-22 00:00:00+05:30,0.0,20.74
2023-11-22 01:00:00+05:30,0.0,19.9
2023-11-22 02:00:00+05:30,0.0,19.26
2023-11-22 03:00:00+05:30,0.0,19.03
2023-11-22 04:00:00+05:30,0.0,18.96
2023-11-22 05:00:00+05:30,0.0,18.71
2023-11-22 06:00:00+05:30,0.0,18.14
2023-11-22 07:00:00+05:30,16.56,17.99
2023-11-22 08:00:00+05:30,126.62,18.57
2023-11-22 09:00:00+05:30,295.38,21.99
2023-11-22 10:00:00+05:30,450.47,24.52
2023-11-22 11:00:00+05:30,559.05,26.36
2023-11-22 12:00:00+05:30,554.45,27.76
2023-11-22 13:00:00+05:30,541.76,28.25
2023-11-22 14:00:00+05:30,502.28,28.78
2023-11-22 15:00:00+05:30,335.43,29.16
2023-11-22 16:00:00+05:30,203.49,28.97
2023-11-22 17:00:00+05:30,71.32,28.59
2023-11-22 18:00:00+05:30,0.0,27.73
2023-11-22 19:00:00+05:30,0.0,26.51
2023-11-22 20:00:00+05:30,0.0,25.15
2023-11-22 21:00:00+05:30,0.0,24.13
2023-11-22 22:00:00+05:30,0.0,24.06
2023-11-22 23:00:00+05:30,0.0,24.03
2023-11-23 00:00:00+05:30,0.0,22.43
2023-11-23 01:00:00+05:30,0.0,20.51
2023-11-23 02:00:00+05:30,0.0,20.2
2023-11-23 03:00:00+05:30,0.0,19.89
2023-11-23 04:00:00+05:30,0.0,19.45
2023-11-23 05:00:00+05:30,0.0,19.37
2023-11-23 06:00:00+05:30,0.0,19.39
2023-11-23 07:00:00+05:30,16.37,18.79
2023-11-23 08:00:00+05:30,124.95,18.2
2023-11-23 09:00:00+05:30,291.31,22.06
2023-11-23 10:00:00+05:30,441.76,24.42
2023-11-23 11:00:00+05:30,547.63,26.34
2023-11-23 12:00:00+05:30,541.35,27.78
2023-11-23 13:00:00+05:30,491.6,28.73
2023-11-23 14:00:00+05:30,426.79,29.09
2023-11-23 15:00:00+05:30,335.14,29.23
2023-11-23 16:00:00+05:30,200.02,29.24
2023-11-23 17:00:00+05:30,64.62,28.99
2023-11-23 18:00:00+05:30,0.0,28.13
2023-11-23 19:00:00+05:30,0.0,26.67
2023-11-23 20:00:00+05:30,0.0,25.23
2023-11-23 21:00:00+05:30,0.0,23.95
2023-11-23 22:00:00+05:30,0.0,22.86
2023-11-23 23:00:00+05:30,0.0,22.08
2023-11-24 00:00:00+05:30,0.0,21.42
2023-11-24 01:00:00+05:30,0.0,20.99
2023-11-24 02:00:00+05:30,0.0,20.36
2023-11-24 03:00:00+05:30,0.0,19.75
2023-11-24 04:00:00+05:30,0.0,19.49
2023-11-24 05:00:00+05:30,0.0,19.27
2023-11-24 06:00:00+05:30,0.0,19.3
2023-11-24 07:00:00+05:30,14.23,19.5
2023-11-24 08:00:00+05:30,101.13,20.01
2023-11-24 09:00:00+05:30,234.52,22.51
2023-11-24 10:00:00+05:30,346.65,24.46
2023-11-24 11:00:00+05:30,503.73,25.79
2023-11-24 12:00:00+05:30,449.49,27.25
2023-11-24 13:00:00+05:30,482.72,28.15
2023-11-24 14:00:00+05:30,422.5,28.82
2023-11-24 15:00:00+05:30,358.42,29.16
2023-11-24 16:00:00+05:30,186.32,29.4
2023-11-24 17:00:00+05:30,68.95,28.98
2023-11-24 18:00:00+05:30,0.0,28.01
2023-11-24 19:00:00+05:30,0.0,26.66
2023-11-24 20:00:00+05:30,0.0,25.57
2023-11-24 21:00:00+05:30,0.0,24.51
2023-11-24 22:00:00+05:30,0.0,23.78
2023-11-24 23:00:00+05:30,0.0,23.22
2023-11-25 00:00:00+05:30,0.0,22.8
2023-11-25 01:00:00+05:30,0.0,22.57
2023-11-25 02:00:00+05:30,0.0,21.84
2023-11-25 03:00:00+05:30,0.0,21.37
2023-11-25 04:00:00+05:30,0.0,21.19
2023-11-25 05:00:00+05:30,0.0,20.87
2023-11-25 06:00:00+05:30,0.0,20.74
2023-11-25 07:00:00+05:30,14.23,20.81
2023-11-25 08:00:00+05:30,105.56,21.06
2023-11-25 09:00:00+05:30,205.51,22.57
2023-11-25 10:00:00+05:30,355.28,24.14
2023-11-25 11:00:00+05:30,459.09,25.71
2023-11-25 12:00:00+05:30,488.92,26.99
2023-11-25 13:00:00+05:30,473.76,27.98
2023-11-25 14:00:00+05:30,406.25,28.55
2023-11-25 15:00:00+05:30,292.73,28.52
2023-11-25 16:00:00+05:30,155.77,28.31
2023-11-25 17:00:00+05:30,61.86,26.33
2023-11-25 18:00:00+05:30,0.0,26.0
2023-11-25 19:00:00+05:30,0.0,24.82
2023-11-25 20:00:00+05:30,0.0,23.75
2023-11-25 21:00:00+05:30,0.0,22.86
2023-11-25 22:00:00+05:30,0.0,21.95
2023-11-25 23:00:00+05:30,0.0,21.2
2023-11-26 00:00:00+05:30,0.0,20.94
2023-11-26 01:00:00+05:30,0.0,22.02
2023-11-26 02:00:00+05:30,0.0,22.0
2023-11-26 03:00:00+05:30,0.0,21.77
2023-11-26 04:00:00+05:30,0.0,21.23
2023-11-26 05:00:00+05:30,0.0,20.49
2023-11-26 06:00:00+05:30,0.0,20.04
2023-11-26 07:00:00+05:30,14.32,19.83
2023-11-26 08:00:00+05:30,113.08,20.33
2023-11-26 09:00:00+05:30,240.69,23.2
2023-11-26 10:00:00+05:30,359.04,24.88
2023-11-26 11:00:00+05:30,452.95,25.96
2023-11-26 12:00:00+05:30,458.59,26.83
2023-11-26 13:00:00+05:30,493.72,28.18
2023-11-26 14:00:00+05:30,437.47,28.93
2023-11-26 15:00:00+05:30,332.7,29.44
2023-11-26 16:00:00+05:30,177.81,29.05
2023-11-26 17:00:00+05:30,67.86,27.98
2023-11-26 18:00:00+05:30,0.0,26.67
2023-11-26 19:00:00+05:30,0.0,25.22
2023-11-26 20:00:00+05:30,0.0,24.28
2023-11-26 21:00:00+05:30,0.0,23.42
2023-11-26 22:00:00+05:30,0.0,22.55
2023-11-26 23:00:00+05:30,0.0,21.8
2023-11-27 00:00:00+05:30,0.0,21.0
2023-11-27 01:00:00+05:30,0.0,20.19
2023-11-27 02:00:00+05:30,0.0,19.96
2023-11-27 03:00:00+05:30,0.0,19.7
2023-11-27 04:00:00+05:30,0.0,19.45
2023-11-27 05:00:00+05:30,0.0,19.37
2023-11-27 06:00:00+05:30,0.0,19.11
2023-11-27 07:00:00+05:30,13.45,19.06
2023-11-27 08:00:00+05:30,106.22,19.09
2023-11-27 09:00:00+05:30,235.38,20.66
2023-11-27 10:00:00+05:30,381.05,22.7
2023-11-27 11:00:00+05:30,453.94,24.6
2023-11-27 12:00:00+05:30,516.92,25.88
2023-11-27 13:00:00+05:30,477.79,26.21
2023-11-27 14:00:00+05:30,351.02,27.03
2023-11-27 15:00:00+05:30,298.32,27.32
2023-11-27 16:00:00+05:30,179.46,26.92
2023-11-27 17:00:00+05:30,52.99,25.65
2023-11-27 18:00:00+05:30,0.0,24.72
2023-11-27 19:00:00+05:30,0.0,24.13
2023-11-27 20:00:00+05:30,0.0,22.96
2023-11-27 21:00:00+05:30,0.0,22.24
2023-11-27 22:00:00+05:30,0.0,21.7
2023-11-27 23:00:00+05:30,0.0,21.17
2023-11-28 00:00:00+05:30,0.0,19.94
2023-11-28 01:00:00+05:30,0.0,21.09
2023-11-28 02:00:00+05:30,0.0,20.91
2023-11-28 03:00:00+05:30,0.0,20.69
2023-11-28 04:00:00+05:30,0.0,20.38
2023-11-28 05:00:00+05:30,0.0,20.26
2023-11-28 06:00:00+05:30,0.0,20.08
2023-11-28 07:00:00+05:30,10.72,20.03
2023-11-28 08:00:00+05:30,97.5,19.78
2023-11-28 09:00:00+05:30,232.71,22.03
2023-11-28 10:00:00+05:30,395.12,23.86
2023-11-28 11:00:00+05:30,487.09,25.38
2023-11-28 12:00:00+05:30,509.3,26.3
2023-11-28 13:00:00+05:30,293.67,27.14
2023-11-28 14:00:00+05:30,338.86,26.79
2023-11-28 15:00:00+05:30,325.94,26.31
2023-11-28 16:00:00+05:30,164.67,26.64
2023-11-28 17:00:00+05:30,62.78,26.18
2023-11-28 18:00:00+05:30,0.0,25.3
2023-11-28 19:00:00+05:30,0.0,24.05
2023-11-28 20:00:00+05:30,0.0,22.92
2023-11-28 21:00:00+05:30,0.0,21.69
2023-11-28 22:00:00+05:30,0.0,20.85
2023-11-28 23:00:00+05:30,0.0,21.09
2023-11-29 00:00:00+05:30,0.0,20.64
2023-11-29 01:00:00+05:30,0.0,20.43
2023-11-29 02:00:00+05:30,0.0,20.06
2023-11-29 03:00:00+05:30,0.0,19.62
2023-11-29 04:00:00+05:30,0.0,18.24
2023-11-29 05:00:00+05:30,0.0,18.19
2023-11-29 06:00:00+05:30,0.0,18.44
2023-11-29 07:00:00+05:30,9.94,18.79
2023-11-29 08:00:00+05:30,91.38,19.25
2023-11-29 09:00:00+05:30,201.64,20.61
2023-11-29 10:00:00+05:30,366.22,22.25
2023-11-29 11:00:00+05:30,469.78,24.46
2023-11-29 12:00:00+05:30,511.4,25.94
2023-11-29 13:00:00+05:30,555.12,27.04
2023-11-29 14:00:00+05:30,450.16,27.85
2023-11-29 15:00:00+05:30,363.21,28.0
2023-11-29 16:00:00+05:30,214.63,28.02
2023-11-29 17:00:00+05:30,69.65,27.42
2023-11-29 18:00:00+05:30,0.0,26.08
2023-11-29 19:00:00+05:30,0.0,24.21
2023-11-29 20:00:00+05:30,0.0,22.85
2023-11-29 21:00:00+05:30,0.0,21.7
2023-11-29 22:00:00+05:30,0.0,20.68
2023-11-29 23:00:00+05:30,0.0,19.68
2023-11-30 00:00:00+05:30,0.0,19.9
2023-11-30 01:00:00+05:30,0.0,19.89
2023-11-30 02:00:00+05:30,0.0,19.42
2023-11-30 03:00:00+05:30,0.0,18.41
2023-11-30 04:00:00+05:30,0.0,18.09
2023-11-30 05:00:00+05:30,0.0,17.79
2023-11-30 06:00:00+05:30,0.0,17.73
2023-11-30 07:00:00+05:30,13.4,17.86
2023-11-30 08:00:00+05:30,103.38,18.1
2023-11-30 09:00:00+05:30,253.65,21.6
2023-11-30 10:00:00+05:30,393.04,23.77
2023-11-30 11:00:00+05:30,457.32,25.55
2023-11-30 12:00:00+05:30,493.84,26.47
2023-11-30 13:00:00+05:30,382.62,27.23
2023-11-30 14:00:00+05:30,422.09,27.36
2023-11-30 15:00:00+05:30,297.82,27.8
2023-11-30 16:00:00+05:30,184.06,27.73
2023-11-30 17:00:00+05:30,59.07,26.83
2023-11-30 18:00:00+05:30,0.0,25.25
2023-11-30 19:00:00+05:30,0.0,24.43
2023-11-30 20:00:00+05:30,0.0,23.2
2023-11-30 21:00:00+05:30,0.0,21.85
2023-11-30 22:00:00+05:30,0.0,20.8
2023-11-30 23:00:00+05:30,0.0,19.9
2023-12-01 00:00:00+05:30,0.0,19.39
2023-12-01 01:00:00+05:30,0.0,20.29
2023-12-01 02:00:00+05:30,0.0,19.84
2023-12-01 03:00:00+05:30,0.0,19.42
2023-12-01 04:00:00+05:30,0.0,19.15
2023-12-01 05:00:00+05:30,0.0,18.52
2023-12-01 06:00:00+05:30,0.0,17.67
2023-12-01 07:00:00+05:30,12.81,17.24
2023-12-01 08:00:00+05:30,107.78,17.62
2023-12-01 09:00:00+05:30,259.17,20.46
2023-12-01 10:00:00+05:30,421.2,22.96
2023-12-01 11:00:00+05:30,483.11,25.37
2023-12-01 12:00:00+05:30,516.39,26.7
2023-12-01 13:00:00+05:30,462.92,27.64
2023-12-01 14:00:00+05:30,450.41,28.13
2023-12-01 15:00:00+05:30,356.55,28.49
2023-12-01 16:00:00+05:30,202.1,28.5
2023-12-01 17:00:00+05:30,67.07,28.05
2023-12-01 18:00:00+05:30,0.0,26.91
2023-12-01 19:00:00+05:30,0.0,25.06
2023-12-01 20:00:00+05:30,0.0,23.08
2023-12-01 21:00:00+05:30,0.0,22.48
2023-12-01 22:00:00+05:30,0.0,22.2
2023-12-01 23:00:00+05:30,0.0,20.63
2023-12-02 00:00:00+05:30,0.0,19.44
2023-12-02 01:00:00+05:30,0.0,19.19
2023-12-02 02:00:00+05:30,0.0,18.8
2023-12-02 03:00:00+05:30,0.0,18.51
2023-12-02 04:00:00+05:30,0.0,18.22
2023-12-02 05:00:00+05:30,0.0,17.94
2023-12-02 06:00:00+05:30,0.0,17.72
2023-12-02 07:00:00+05:30,12.33,17.69
2023-12-02 08:00:00+05:30,86.53,18.25
2023-12-02 09:00:00+05:30,214.09,21.41
2023-12-02 10:00:00+05:30,339.8,23.23
2023-12-02 11:00:00+05:30,492.38,24.81
2023-12-02 12:00:00+05:30,493.12,26.43
2023-12-02 13:00:00+05:30,498.34,26.93
2023-12-02 14:00:00+05:30,431.68,27.73
2023-12-02 15:00:00+05:30,339.7,28.03
2023-12-02 16:00:00+05:30,190.88,28.13
2023-12-02 17:00:00+05:30,58.95,27.8
2023-12-02 18:00:00+05:30,0.0,26.56
2023-12-02 19:00:00+05:30,0.0,25.13
2023-12-02 20:00:00+05:30,0.0,24.19
2023-12-02 21:00:00+05:30,0.0,23.43
2023-12-02 22:00:00+05:30,0.0,22.68
2023-12-02 23:00:00+05:30,0.0,22.02
2023-12-03 00:00:00+05:30,0.0,21.39
2023-12-03 01:00:00+05:30,0.0,20.92
2023-12-03 02:00:00+05:30,0.0,20.29
2023-12-03 03:00:00+05:30,0.0,19.81
2023-12-03 04:00:00+05:30,0.0,19.32
2023-12-03 05:00:00+05:30,0.0,18.96
2023-12-03 06:00:00+05:30,0.0,18.77
2023-12-03 07:00:00+05:30,11.89,18.72
2023-12-03 08:00:00+05:30,103.5,18.89
2023-12-03 09:00:00+05:30,263.61,21.37
2023-12-03 10:00:00+05:30,413.37,23.7
2023-12-03 11:00:00+05:30,523.36,25.57
2023-12-03 12:00:00+05:30,552.69,27.02
2023-12-03 13:00:00+05:30,544.03,27.84
2023-12-03 14:00:00+05:30,395.63,28.42
2023-12-03 15:00:00+05:30,350.04,28.39
2023-12-03 16:00:00+05:30,195.3,28.56
2023-12-03 17:00:00+05:30,64.07,28.11
2023-12-03 18:00:00+05:30,0.0,26.94
2023-12-03 19:00:00+05:30,0.0,25.4
2023-12-03 20:00:00+05:30,0.0,24.21
2023-12-03 21:00:00+05:30,0.0,23.22
2023-12-03 22:00:00+05:30,0.0,22.49
2023-12-03 23:00:00+05:30,0.0,21.88
2023-12-04 00:00:00+05:30,0.0,21.41
2023-12-04 01:00:00+05:30,0.0,20.87
2023-12-04 02:00:00+05:30,0.0,20.42
2023-12-04 03:00:00+05:30,0.0,20.11
2023-12-04 04:00:00+05:30,0.0,19.58
2023-12-04 05:00:00+05:30,0.0,19.1
2023-12-04 06:00:00+05:30,0.0,18.62
2023-12-04 07:00:00+05:30,12.42,18.15
2023-12-04 08:00:00+05:30,103.48,18.25
2023-12-04 09:00:00+05:30,259.39,21.49
2023-12-04 10:00:00+05:30,408.09,23.68
2023-12-04 11:00:00+05:30,511.94,25.64
2023-12-04 12:00:00+05:30,561.41,27.11
2023-12-04 13:00:00+05:30,557.35,28.13
2023-12-04 14:00:00+05:30,482.92,28.86
2023-12-04 15:00:00+05:30,371.1,29.18
2023-12-04 16:00:00+05:30,215.18,29.2
2023-12-04 17:00:00+05:30,73.79,28.76
2023-12-04 18:00:00+05:30,0.0,27.46
2023-12-04 19:00:00+05:30,0.0,25.94
2023-12-04 20:00:00+05:30,0.0,24.46
2023-12-04 21:00:00+05:30,0.0,23.19
2023-12-04 22:00:00+05:30,0.0,22.54
2023-12-04 23:00:00+05:30,0.0,21.57
2023-12-05 00:00:00+05:30,0.0,20.78
2023-12-05 01:00:00+05:30,0.0,20.14
2023-12-05 02:00:00+05:30,0.0,19.8
2023-12-05 03:00:00+05:30,0.0,19.41
2023-12-05 04:00:00+05:30,0.0,18.93
2023-12-05 05:00:00+05:30,0.0,18.4
2023-12-05 06:00:00+05:30,0.0,17.9
2023-12-05 07:00:00+05:30,13.84,17.43
2023-12-05 08:00:00+05:30,105.33,17.45
2023-12-05 09:00:00+05:30,260.68,20.66
2023-12-05 10:00:00+05:30,412.61,22.85
2023-12-05 11:00:00+05:30,518.86,24.8
2023-12-05 12:00:00+05:30,535.99,26.27
2023-12-05 13:00:00+05:30,558.92,27.34
2023-12-05 14:00:00+05:30,492.11,28.07
2023-12-05 15:00:00+05:30,343.9,28.41
2023-12-05 16:00:00+05:30,179.66,28.32
2023-12-05 17:00:00+05:30,58.2,27.64
2023-12-05 18:00:00+05:30,0.0,26.54
2023-12-05 19:00:00+05:30,0.0,25.35
2023-12-05 20:00:00+05:30,0.0,24.38
2023-12-05 21:00:00+05:30,0.0,23.52
2023-12-05 22:00:00+05:30,0.0,22.65
2023-12-05 23:00:00+05:30,0.0,21.92
2023-12-06 00:00:00+05:30,0.0,21.11
2023-12-06 01:00:00+05:30,0.0,20.13
2023-12-06 02:00:00+05:30,0.0,19.3
2023-12-06 03:00:00+05:30,0.0,18.38
2023-12-06 04:00:00+05:30,0.0,18.16
2023-12-06 05:00:00+05:30,0.0,18.11
2023-12-06 06:00:00+05:30,0.0,17.88
2023-12-06 07:00:00+05:30,10.96,17.26
2023-12-06 08:00:00+05:30,96.61,17.23
2023-12-06 09:00:00+05:30,238.96,20.12
2023-12-06 10:00:00+05:30,347.05,21.97
2023-12-06 11:00:00+05:30,428.82,23.63
2023-12-06 12:00:00+05:30,415.8,24.98
2023-12-06 13:00:00+05:30,472.31,25.55
2023-12-06 14:00:00+05:30,362.52,26.33
2023-12-06 15:00:00+05:30,255.81,26.63
2023-12-06 16:00:00+05:30,165.3,26.54
2023-12-06 17:00:00+05:30,62.45,26.21
2023-12-06 18:00:00+05:30,0.0,25.1
2023-12-06 19:00:00+05:30,0.0,23.79
2023-12-06 20:00:00+05:30,0.0,22.66
2023-12-06 21:00:00+05:30,0.0,21.9
2023-12-06 22:00:00+05:30,0.0,21.22
2023-12-06 23:00:00+05:30,0.0,20.73
2023-12-07 00:00:00+05:30,0.0,20.11
2023-12-07 01:00:00+05:30,0.0,19.16
2023-12-07 02:00:00+05:30,0.0,18.75
2023-12-07 03:00:00+05:30,0.0,18.22
2023-12-07 04:00:00+05:30,0.0,17.8
2023-12-07 05:00:00+05:30,0.0,17.65
2023-12-07 06:00:00+05:30,0.0,17.44
2023-12-07 07:00:00+05:30,10.47,17.21
2023-12-07 08:00:00+05:30,88.99,17.15
2023-12-07 09:00:00+05:30,232.96,19.86
2023-12-07 10:00:00+05:30,349.88,21.86
2023-12-07 11:00:00+05:30,349.79,23.26
2023-12-07 12:00:00+05:30,380.54,24.0
2023-12-07 13:00:00+05:30,475.41,24.35
2023-12-07 14:00:00+05:30,357.73,25.5
2023-12-07 15:00:00+05:30,251.94,25.79
2023-12-07 16:00:00+05:30,173.53,25.76
2023-12-07 17:00:00+05:30,55.03,25.72
2023-12-07 18:00:00+05:30,0.0,24.88
2023-12-07 19:00:00+05:30,0.0,23.58
2023-12-07 20:00:00+05:30,0.0,22.62
2023-12-07 21:00:00+05:30,0.0,21.38
2023-12-07 22:00:00+05:30,0.0,21.46
2023-12-07 23:00:00+05:30,0.0,20.98
2023-12-08 00:00:00+05:30,0.0,20.63
2023-12-08 01:00:00+05:30,0.0,19.69
2023-12-08 02:00:00+05:30,0.0,19.37
2023-12-08 03:00:00+05:30,0.0,18.55
2023-12-08 04:00:00+05:30,0.0,18.01
2023-12-08 05:00:00+05:30,0.0,18.14
2023-12-08 06:00:00+05:30,0.0,18.25
2023-12-08 07:00:00+05:30,9.65,17.96
2023-12-08 08:00:00+05:30,81.53,18.02
2023-12-08 09:00:00+05:30,248.39,20.06
2023-12-08 10:00:00+05:30,373.64,22.37
2023-12-08 11:00:00+05:30,464.33,23.97
2023-12-08 12:00:00+05:30,532.35,25.44
2023-12-08 13:00:00+05:30,510.19,26.83
2023-12-08 14:00:00+05:30,431.72,27.61
2023-12-08 15:00:00+05:30,326.49,28.02
2023-12-08 16:00:00+05:30,199.29,28.1
2023-12-08 17:00:00+05:30,69.28,27.89
2023-12-08 18:00:00+05:30,0.0,26.91
2023-12-08 19:00:00+05:30,0.0,25.13
2023-12-08 20:00:00+05:30,0.0,23.6
2023-12-08 21:00:00+05:30,0.0,23.34
2023-12-08 22:00:00+05:30,0.0,22.85
2023-12-08 23:00:00+05:30,0.0,22.15
2023-12-09 00:00:00+05:30,0.0,21.48
2023-12-09 01:00:00+05:30,0.0,20.72
2023-12-09 02:00:00+05:30,0.0,20.4
2023-12-09 03:00:00+05:30,0.0,19.76
2023-12-09 04:00:00+05:30,0.0,18.96
2023-12-09 05:00:00+05:30,0.0,18.08
2023-12-09 06:00:00+05:30,0.0,17.4
2023-12-09 07:00:00+05:30,9.65,16.86
2023-12-09 08:00:00+05:30,89.1,16.94
2023-12-09 09:00:00+05:30,249.44,20.38
2023-12-09 10:00:00+05:30,383.65,22.74
2023-12-09 11:00:00+05:30,490.78,24.61
2023-12-09 12:00:00+05:30,480.36,26.19
2023-12-09 13:00:00+05:30,391.62,26.83
2023-12-09 14:00:00+05:30,398.96,27.27
2023-12-09 15:00:00+05:30,258.8,27.79
2023-12-09 16:00:00+05:30,177.24,27.66
2023-12-09 17:00:00+05:30,67.09,27.41
2023-12-09 18:00:00+05:30,0.0,26.27
2023-12-09 19:00:00+05:30,0.0,24.85
2023-12-09 20:00:00+05:30,0.0,23.8
2023-12-09 21:00:00+05:30,0.0,23.03
2023-12-09 22:00:00+05:30,0.0,22.4
2023-12-09 23:00:00+05:30,0.0,21.56
2023-12-10 00:00:00+05:30,0.0,20.74
2023-12-10 01:00:00+05:30,0.0,20.08
2023-12-10 02:00:00+05:30,0.0,19.97
2023-12-10 03:00:00+05:30,0.0,19.93
2023-12-10 04:00:00+05:30,0.0,19.44
2023-12-10 05:00:00+05:30,0.0,19.15
2023-12-10 06:00:00+05:30,0.0,18.5
2023-12-10 07:00:00+05:30,0.0,18.19
2023-12-10 08:00:00+05:30,84.5,17.88
2023-12-10 09:00:00+05:30,237.21,20.51
2023-12-10 10:00:00+05:30,373.61,22.51
2023-12-10 11:00:00+05:30,480.81,24.32
2023-12-10 12:00:00+05:30,472.2,25.76
2023-12-10 13:00:00+05:30,472.85,26.86
2023-12-10 14:00:00+05:30,429.24,27.55
2023-12-10 15:00:00+05:30,345.21,28.0
2023-12-10 16:00:00+05:30,213.16,28.12
2023-12-10 17:00:00+05:30,62.5,27.87
2023-12-10 18:00:00+05:30,0.0,26.87
2023-12-10 19:00:00+05:30,0.0,25.34
2023-12-10 20:00:00+05:30,0.0,24.21
2023-12-10 21:00:00+05:30,0.0,23.47
2023-12-10 22:00:00+05:30,0.0,22.57
2023-12-10 23:00:00+05:30,0.0,21.26
2023-12-11 00:00:00+05:30,0.0,20.79
2023-12-11 01:00:00+05:30,0.0,21.97
2023-12-11 02:00:00+05:30,0.0,21.24
2023-12-11 03:00:00+05:30,0.0,21.03
2023-12-11 04:00:00+05:30,0.0,20.72
2023-12-11 05:00:00+05:30,0.0,19.41
2023-12-11 06:00:00+05:30,0.0,18.39
2023-12-11 07:00:00+05:30,0.0,17.98
2023-12-11 08:00:00+05:30,86.82,17.95
2023-12-11 09:00:00+05:30,223.61,21.27
2023-12-11 10:00:00+05:30,374.62,23.63
2023-12-11 11:00:00+05:30,460.2,25.39
2023-12-11 12:00:00+05:30,538.68,26.64
2023-12-11 13:00:00+05:30,524.41,27.7
2023-12-11 14:00:00+05:30,458.63,28.42
2023-12-11 15:00:00+05:30,331.28,28.86
2023-12-11 16:00:00+05:30,194.99,28.88
2023-12-11 17:00:00+05:30,73.74,28.65
2023-12-11 18:00:00+05:30,0.0,27.93
2023-12-11 19:00:00+05:30,0.0,26.24
2023-12-11 20:00:00+05:30,0.0,24.72
2023-12-11 21:00:00+05:30,0.0,23.26
2023-12-11 22:00:00+05:30,0.0,22.26
2023-12-11 23:00:00+05:30,0.0,21.61
2023-12-12 00:00:00+05:30,0.0,21.59
2023-12-12 01:00:00+05:30,0.0,20.6
2023-12-12 02:00:00+05:30,0.0,20.8
2023-12-12 03:00:00+05:30,0.0,20.8
2023-12-12 04:00:00+05:30,0.0,20.43
2023-12-12 05:00:00+05:30,0.0,20.03
2023-12-12 06:00:00+05:30,0.0,19.92
2023-12-12 07:00:00+05:30,0.0,19.84
2023-12-12 08:00:00+05:30,66.9,19.62
2023-12-12 09:00:00+05:30,173.76,21.48
2023-12-12 10:00:00+05:30,309.12,23.23
2023-12-12 11:00:00+05:30,439.55,24.77
2023-12-12 12:00:00+05:30,538.11,26.26
2023-12-12 13:00:00+05:30,470.49,27.51
2023-12-12 14:00:00+05:30,493.05,27.92
2023-12-12 15:00:00+05:30,378.59,28.54
2023-12-12 16:00:00+05:30,225.97,28.66
2023-12-12 17:00:00+05:30,73.32,28.43
2023-12-12 18:00:00+05:30,0.0,27.64
2023-12-12 19:00:00+05:30,0.0,26.01
2023-12-12 20:00:00+05:30,0.0,24.32
2023-12-12 21:00:00+05:30,0.0,23.58
2023-12-12 22:00:00+05:30,0.0,22.07
2023-12-12 23:00:00+05:30,0.0,21.34
2023-12-13 00:00:00+05:30,0.0,21.15
2023-12-13 01:00:00+05:30,0.0,20.46
2023-12-13 02:00:00+05:30,0.0,20.5
2023-12-13 03:00:00+05:30,0.0,20.39
2023-12-13 04:00:00+05:30,0.0,20.19
2023-12-13 05:00:00+05:30,0.0,20.15
2023-12-13 06:00:00+05:30,0.0,19.56
2023-12-13 07:00:00+05:30,0.0,18.95
2023-12-13 08:00:00+05:30,75.05,18.81
2023-12-13 09:00:00+05:30,219.01,21.44
2023-12-13 10:00:00+05:30,347.1,23.79
2023-12-13 11:00:00+05:30,499.72,25.45
2023-12-13 12:00:00+05:30,574.94,27.12
2023-12-13 13:00:00+05:30,555.8,27.8
2023-12-13 14:00:00+05:30,505.22,28.29
2023-12-13 15:00:00+05:30,388.58,28.55
2023-12-13 16:00:00+05:30,232.14,28.48
2023-12-13 17:00:00+05:30,74.63,27.96
2023-12-13 18:00:00+05:30,0.0,26.64
2023-12-13 19:00:00+05:30,0.0,24.95
2023-12-13 20:00:00+05:30,0.0,23.92
2023-12-13 21:00:00+05:30,0.0,23.11
2023-12-13 22:00:00+05:30,0.0,22.51
2023-12-13 23:00:00+05:30,0.0,21.69
2023-12-14 00:00:00+05:30,0.0,21.28
2023-12-14 01:00:00+05:30,0.0,20.16
2023-12-14 02:00:00+05:30,0.0,19.66
2023-12-14 03:00:00+05:30,0.0,19.2
2023-12-14 04:00:00+05:30,0.0,18.79
2023-12-14 05:00:00+05:30,0.0,18.38
2023-12-14 06:00:00+05:30,0.0,17.85
2023-12-14 07:00:00+05:30,0.0,17.27
2023-12-14 08:00:00+05:30,86.11,16.81
2023-12-14 09:00:00+05:30,249.69,19.95
2023-12-14 10:00:00+05:30,405.35,22.47
2023-12-14 11:00:00+05:30,520.26,24.34
2023-12-14 12:00:00+05:30,582.25,25.81
2023-12-14 13:00:00+05:30,579.85,26.47
2023-12-14 14:00:00+05:30,515.55,27.06
2023-12-14 15:00:00+05:30,396.44,27.32
2023-12-14 16:00:00+05:30,238.87,27.27
2023-12-14 17:00:00+05:30,76.24,26.74
2023-12-14 18:00:00+05:30,0.0,25.43
2023-12-14 19:00:00+05:30,0.0,23.76
2023-12-14 20:00:00+05:30,0.0,22.66
2023-12-14 21:00:00+05:30,0.0,21.82
2023-12-14 22:00:00+05:30,0.0,21.02
2023-12-14 23:00:00+05:30,0.0,20.12
2023-12-15 00:00:00+05:30,0.0,19.21
2023-12-15 01:00:00+05:30,0.0,18.52
2023-12-15 02:00:00+05:30,0.0,17.71
2023-12-15 03:00:00+05:30,0.0,16.97
2023-12-15 04:00:00+05:30,0.0,16.43
2023-12-15 05:00:00+05:30,0.0,15.8
2023-12-15 06:00:00+05:30,0.0,15.21
2023-12-15 07:00:00+05:30,0.0,14.8
2023-12-15 08:00:00+05:30,85.32,14.7
2023-12-15 09:00:00+05:30,250.49,18.47
2023-12-15 10:00:00+05:30,407.13,21.5
2023-12-15 11:00:00+05:30,522.97,23.57
2023-12-15 12:00:00+05:30,580.14,24.95
2023-12-15 13:00:00+05:30,573.16,25.57
2023-12-15 14:00:00+05:30,512.52,26.24
2023-12-15 15:00:00+05:30,395.0,26.59
2023-12-15 16:00:00+05:30,238.1,26.63
2023-12-15 17:00:00+05:30,76.76,26.23
2023-12-15 18:00:00+05:30,0.0,25.02
2023-12-15 19:00:00+05:30,0.0,23.2
2023-12-15 20:00:00+05:30,0.0,22.08
2023-12-15 21:00:00+05:30,0.0,21.19
2023-12-15 22:00:00+05:30,0.0,20.46
2023-12-15 23:00:00+05:30,0.0,19.71
2023-12-16 00:00:00+05:30,0.0,18.89
2023-12-16 01:00:00+05:30,0.0,17.92
2023-12-16 02:00:00+05:30,0.0,16.93
2023-12-16 03:00:00+05:30,0.0,16.2
2023-12-16 04:00:00+05:30,0.0,15.87
2023-12-16 05:00:00+05:30,0.0,15.74
2023-12-16 06:00:00+05:30,0.0,15.85
2023-12-16 07:00:00+05:30,0.0,16.05
2023-12-16 08:00:00+05:30,82.78,15.89
2023-12-16 09:00:00+05:30,245.56,17.91
2023-12-16 10:00:00+05:30,399.86,21.05
2023-12-16 11:00:00+05:30,514.55,23.35
2023-12-16 12:00:00+05:30,572.26,25.13
2023-12-16 13:00:00+05:30,570.19,25.92
2023-12-16 14:00:00+05:30,506.87,26.68
2023-12-16 15:00:00+05:30,385.04,27.09
2023-12-16 16:00:00+05:30,231.51,27.18
2023-12-16 17:00:00+05:30,71.7,26.98
2023-12-16 18:00:00+05:30,0.0,26.01
2023-12-16 19:00:00+05:30,0.0,24.6
2023-12-16 20:00:00+05:30,0.0,23.31
2023-12-16 21:00:00+05:30,0.0,22.53
2023-12-16 22:00:00+05:30,0.0,21.66
2023-12-16 23:00:00+05:30,0.0,20.9
2023-12-17 00:00:00+05:30,0.0,20.19
2023-12-17 01:00:00+05:30,0.0,19.38
2023-12-17 02:00:00+05:30,0.0,18.72
2023-12-17 03:00:00+05:30,0.0,18.2
2023-12-17 04:00:00+05:30,0.0,17.82
2023-12-17 05:00:00+05:30,0.0,17.43
2023-12-17 06:00:00+05:30,0.0,17.04
2023-12-17 07:00:00+05:30,0.0,16.81
2023-12-17 08:00:00+05:30,78.4,16.78
2023-12-17 09:00:00+05:30,228.2,19.42
2023-12-17 10:00:00+05:30,381.66,21.65
2023-12-17 11:00:00+05:30,496.62,23.58
2023-12-17 12:00:00+05:30,481.81,25.23
2023-12-17 13:00:00+05:30,414.98,26.37
2023-12-17 14:00:00+05:30,354.51,26.83
2023-12-17 15:00:00+05:30,234.46,27.07
2023-12-17 16:00:00+05:30,153.55,26.75
2023-12-17 17:00:00+05:30,62.44,26.35
2023-12-17 18:00:00+05:30,0.0,25.61
2023-12-17 19:00:00+05:30,0.0,24.32
2023-12-17 20:00:00+05:30,0.0,23.36
2023-12-17 21:00:00+05:30,0.0,22.84
2023-12-17 22:00:00+05:30,0.0,22.17
2023-12-17 23:00:00+05:30,0.0,21.33
2023-12-18 00:00:00+05:30,0.0,20.74
2023-12-18 01:00:00+05:30,0.0,19.75
2023-12-18 02:00:00+05:30,0.0,19.17
2023-12-18 03:00:00+05:30,0.0,18.71
2023-12-18 04:00:00+05:30,0.0,18.3
2023-12-18 05:00:00+05:30,0.0,17.98
2023-12-18 06:00:00+05:30,0.0,17.59
2023-12-18 07:00:00+05:30,0.0,17.21
2023-12-18 08:00:00+05:30,79.0,17.06
2023-12-18 09:00:00+05:30,231.38,18.69
2023-12-18 10:00:00+05:30,374.63,20.75
2023-12-18 11:00:00+05:30,468.81,22.66
2023-12-18 12:00:00+05:30,550.74,24.14
2023-12-18 13:00:00+05:30,552.33,25.43
2023-12-18 14:00:00+05:30,462.29,26.35
2023-12-18 15:00:00+05:30,367.15,26.81
2023-12-18 16:00:00+05:30,231.43,27.03
2023-12-18 17:00:00+05:30,83.84,26.75
2023-12-18 18:00:00+05:30,0.0,25.79
2023-12-18 19:00:00+05:30,0.0,24.27
2023-12-18 20:00:00+05:30,0.0,23.21
2023-12-18 21:00:00+05:30,0.0,22.27
2023-12-18 22:00:00+05:30,0.0,21.38
2023-12-18 23:00:00+05:30,0.0,20.8
2023-12-19 00:00:00+05:30,0.0,20.23
2023-12-19 01:00:00+05:30,0.0,19.8
2023-12-19 02:00:00+05:30,0.0,19.33
2023-12-19 03:00:00+05:30,0.0,18.95
2023-12-19 04:00:00+05:30,0.0,18.51
2023-12-19 05:00:00+05:30,0.0,18.13
2023-12-19 06:00:00+05:30,0.0,17.6
2023-12-19 07:00:00+05:30,0.0,17.13
2023-12-19 08:00:00+05:30,86.11,16.99
2023-12-19 09:00:00+05:30,209.49,18.11
2023-12-19 10:00:00+05:30,357.68,19.69
2023-12-19 11:00:00+05:30,453.47,21.63
2023-12-19 12:00:00+05:30,540.77,23.17
2023-12-19 13:00:00+05:30,541.95,24.79
2023-12-19 14:00:00+05:30,493.77,25.76
2023-12-19 15:00:00+05:30,376.28,26.42
2023-12-19 16:00:00+05:30,236.06,26.52
2023-12-19 17:00:00+05:30,82.55,26.2
2023-12-19 18:00:00+05:30,0.0,25.18
2023-12-19 19:00:00+05:30,0.0,23.47
2023-12-19 20:00:00+05:30,0.0,22.36
2023-12-19 21:00:00+05:30,0.0,21.33
2023-12-19 22:00:00+05:30,0.0,20.51
2023-12-19 23:00:00+05:30,0.0,19.58
2023-12-20 00:00:00+05:30,0.0,18.77
2023-12-20 01:00:00+05:30,0.0,18.7
2023-12-20 02:00:00+05:30,0.0,18.15
2023-12-20 03:00:00+05:30,0.0,17.55
2023-12-20 04:00:00+05:30,0.0,17.01
2023-12-20 05:00:00+05:30,0.0,16.75
2023-12-20 06:00:00+05:30,0.0,16.53
2023-12-20 07:00:00+05:30,0.0,16.3
2023-12-20 08:00:00+05:30,81.9,16.25
2023-12-20 09:00:00+05:30,235.14,17.77
2023-12-20 10:00:00+05:30,388.32,19.92
2023-12-20 11:00:00+05:30,497.18,21.99
2023-12-20 12:00:00+05:30,554.72,23.67
2023-12-20 13:00:00+05:30,568.12,24.74
2023-12-20 14:00:00+05:30,501.41,25.97
2023-12-20 15:00:00+05:30,385.01,26.68
2023-12-20 16:00:00+05:30,232.98,26.83
2023-12-20 17:00:00+05:30,81.49,26.48
2023-12-20 18:00:00+05:30,0.0,25.27
2023-12-20 19:00:00+05:30,0.0,23.62
2023-12-20 20:00:00+05:30,0.0,22.52
2023-12-20 21:00:00+05:30,0.0,21.54
2023-12-20 22:00:00+05:30,0.0,20.71
2023-12-20 23:00:00+05:30,0.0,20.01
2023-12-21 00:00:00+05:30,0.0,19.36
2023-12-21 01:00:00+05:30,0.0,18.82
2023-12-21 02:00:00+05:30,0.0,18.16
2023-12-21 03:00:00+05:30,0.0,17.74
2023-12-21 04:00:00+05:30,0.0,16.95
2023-12-21 05:00:00+05:30,0.0,16.1
2023-12-21 06:00:00+05:30,0.0,15.44
2023-12-21 07:00:00+05:30,0.0,15.96
2023-12-21 08:00:00+05:30,70.67,15.71
2023-12-21 09:00:00+05:30,222.72,18.06
2023-12-21 10:00:00+05:30,330.93,20.59
2023-12-21 11:00:00+05:30,426.34,22.55
2023-12-21 12:00:00+05:30,567.82,24.26
2023-12-21 13:00:00+05:30,568.99,26.62
2023-12-21 14:00:00+05:30,507.21,27.75
2023-12-21 15:00:00+05:30,383.41,28.38
2023-12-21 16:00:00+05:30,233.19,28.48
2023-12-21 17:00:00+05:30,86.04,28.08
2023-12-21 18:00:00+05:30,0.0,26.93
2023-12-21 19:00:00+05:30,0.0,24.98
2023-12-21 20:00:00+05:30,0.0,23.66
2023-12-21 21:00:00+05:30,0.0,22.8
2023-12-21 22:00:00+05:30,0.0,21.94
2023-12-21 23:00:00+05:30,0.0,21.12
2023-12-22 00:00:00+05:30,0.0,20.48
2023-12-22 01:00:00+05:30,0.0,19.54
2023-12-22 02:00:00+05:30,0.0,18.69
2023-12-22 03:00:00+05:30,0.0,17.84
2023-12-22 04:00:00+05:30,0.0,16.91
2023-12-22 05:00:00+05:30,0.0,16.69
2023-12-22 06:00:00+05:30,0.0,16.45
2023-12-22 07:00:00+05:30,0.0,16.52
2023-12-22 08:00:00+05:30,78.28,16.41
2023-12-22 09:00:00+05:30,234.2,18.63
2023-12-22 10:00:00+05:30,371.78,21.96
2023-12-22 11:00:00+05:30,473.5,24.17
2023-12-22 12:00:00+05:30,540.1,26.03
2023-12-22 13:00:00+05:30,527.12,27.57
2023-12-22 14:00:00+05:30,408.03,28.43
2023-12-22 15:00:00+05:30,294.63,28.67
2023-12-22 16:00:00+05:30,234.72,28.59
2023-12-22 17:00:00+05:30,85.97,28.41
2023-12-22 18:00:00+05:30,0.0,27.09
2023-12-22 19:00:00+05:30,0.0,25.27
2023-12-22 20:00:00+05:30,0.0,23.98
2023-12-22 21:00:00+05:30,0.0,23.03
2023-12-22 22:00:00+05:30,0.0,22.1
2023-12-22 23:00:00+05:30,0.0,21.01
2023-12-23 00:00:00+05:30,0.0,19.86
2023-12-23 01:00:00+05:30,0.0,19.53
2023-12-23 02:00:00+05:30,0.0,18.36
2023-12-23 03:00:00+05:30,0.0,17.74
2023-12-23 04:00:00+05:30,0.0,17.53
2023-12-23 05:00:00+05:30,0.0,17.38
2023-12-23 06:00:00+05:30,0.0,17.12
2023-12-23 07:00:00+05:30,0.0,16.84
2023-12-23 08:00:00+05:30,78.09,16.17
2023-12-23 09:00:00+05:30,237.19,17.71
2023-12-23 10:00:00+05:30,394.93,21.83
2023-12-23 11:00:00+05:30,513.35,24.39
2023-12-23 12:00:00+05:30,580.58,26.35
2023-12-23 13:00:00+05:30,582.69,27.82
2023-12-23 14:00:00+05:30,522.42,28.82
2023-12-23 15:00:00+05:30,406.56,29.34
2023-12-23 16:00:00+05:30,249.72,29.41
2023-12-23 17:00:00+05:30,85.49,28.84
2023-12-23 18:00:00+05:30,8.67,27.4
2023-12-23 19:00:00+05:30,0.0,25.7
2023-12-23 20:00:00+05:30,0.0,23.91
2023-12-23 21:00:00+05:30,0.0,22.06
2023-12-23 22:00:00+05:30,0.0,20.41
2023-12-23 23:00:00+05:30,0.0,19.22
2023-12-24 00:00:00+05:30,0.0,18.27
2023-12-24 01:00:00+05:30,0.0,17.43
2023-12-24 02:00:00+05:30,0.0,16.42
2023-12-24 03:00:00+05:30,0.0,15.69
2023-12-24 04:00:00+05:30,0.0,15.29
2023-12-24 05:00:00+05:30,0.0,15.1
2023-12-24 06:00:00+05:30,0.0,14.91
2023-12-24 07:00:00+05:30,0.0,14.25
2023-12-24 08:00:00+05:30,77.44,13.8
2023-12-24 09:00:00+05:30,235.02,16.81
2023-12-24 10:00:00+05:30,391.57,20.69
2023-12-24 11:00:00+05:30,512.24,23.01
2023-12-24 12:00:00+05:30,568.68,25.05
2023-12-24 13:00:00+05:30,574.52,26.56
2023-12-24 14:00:00+05:30,514.33,27.59
2023-12-24 15:00:00+05:30,404.55,28.16
2023-12-24 16:00:00+05:30,249.75,28.24
2023-12-24 17:00:00+05:30,89.87,27.74
2023-12-24 18:00:00+05:30,10.13,26.26
2023-12-24 19:00:00+05:30,0.0,24.65
2023-12-24 20:00:00+05:30,0.0,23.26
2023-12-24 21:00:00+05:30,0.0,21.77
2023-12-24 22:00:00+05:30,0.0,20.44
2023-12-24 23:00:00+05:30,0.0,18.7
2023-12-25 00:00:00+05:30,0.0,18.02
2023-12-25 01:00:00+05:30,0.0,17.44
2023-12-25 02:00:00+05:30,0.0,16.66
2023-12-25 03:00:00+05:30,0.0,15.94
2023-12-25 04:00:00+05:30,0.0,15.26
2023-12-25 05:00:00+05:30,0.0,14.65
2023-12-25 06:00:00+05:30,0.0,14.13
2023-12-25 07:00:00+05:30,0.0,14.14
2023-12-25 08:00:00+05:30,73.3,14.67
2023-12-25 09:00:00+05:30,235.14,16.9
2023-12-25 10:00:00+05:30,389.84,20.87
2023-12-25 11:00:00+05:30,511.69,23.19
2023-12-25 12:00:00+05:30,579.21,25.2
2023-12-25 13:00:00+05:30,582.34,26.97
2023-12-25 14:00:00+05:30,522.09,28.16
2023-12-25 15:00:00+05:30,407.86,28.8
2023-12-25 16:00:00+05:30,252.26,29.01
2023-12-25 17:00:00+05:30,87.91,28.63
2023-12-25 18:00:00+05:30,9.11,27.3
2023-12-25 19:00:00+05:30,0.0,25.47
2023-12-25 20:00:00+05:30,0.0,23.91
2023-12-25 21:00:00+05:30,0.0,22.45
2023-12-25 22:00:00+05:30,0.0,21.6
2023-12-25 23:00:00+05:30,0.0,19.96
2023-12-26 00:00:00+05:30,0.0,18.46
2023-12-26 01:00:00+05:30,0.0,17.8
2023-12-26 02:00:00+05:30,0.0,17.01
2023-12-26 03:00:00+05:30,0.0,16.32
2023-12-26 04:00:00+05:30,0.0,15.73
2023-12-26 05:00:00+05:30,0.0,15.52
2023-12-26 06:00:00+05:30,0.0,15.79
2023-12-26 07:00:00+05:30,0.0,16.71
2023-12-26 08:00:00+05:30,71.06,17.15
2023-12-26 09:00:00+05:30,233.61,18.13
2023-12-26 10:00:00+05:30,391.98,22.34
2023-12-26 11:00:00+05:30,512.33,24.93
2023-12-26 12:00:00+05:30,577.96,26.91
2023-12-26 13:00:00+05:30,581.79,28.34
2023-12-26 14:00:00+05:30,523.15,29.33
2023-12-26 15:00:00+05:30,408.53,29.88
2023-12-26 16:00:00+05:30,253.63,29.99
2023-12-26 17:00:00+05:30,89.11,29.6
2023-12-26 18:00:00+05:30,9.4,28.17
2023-12-26 19:00:00+05:30,0.0,25.98
2023-12-26 20:00:00+05:30,0.0,24.35
2023-12-26 21:00:00+05:30,0.0,23.11
2023-12-26 22:00:00+05:30,0.0,21.58
2023-12-26 23:00:00+05:30,0.0,20.78
2023-12-27 00:00:00+05:30,0.0,19.6
2023-12-27 01:00:00+05:30,0.0,20.89
2023-12-27 02:00:00+05:30,0.0,19.02
2023-12-27 03:00:00+05:30,0.0,17.6
2023-12-27 04:00:00+05:30,0.0,16.78
2023-12-27 05:00:00+05:30,0.0,16.19
2023-12-27 06:00:00+05:30,0.0,16.06
2023-12-27 07:00:00+05:30,0.0,16.17
2023-12-27 08:00:00+05:30,69.78,16.24
2023-12-27 09:00:00+05:30,232.99,18.23
2023-12-27 10:00:00+05:30,391.79,22.52
2023-12-27 11:00:00+05:30,512.54,24.99
2023-12-27 12:00:00+05:30,576.33,26.88
2023-12-27 13:00:00+05:30,582.16,28.35
2023-12-27 14:00:00+05:30,524.19,29.16
2023-12-27 15:00:00+05:30,410.7,29.64
2023-12-27 16:00:00+05:30,255.98,29.64
2023-12-27 17:00:00+05:30,90.89,29.15
2023-12-27 18:00:00+05:30,9.65,27.73
2023-12-27 19:00:00+05:30,0.0,26.04
2023-12-27 20:00:00+05:30,0.0,24.43
2023-12-27 21:00:00+05:30,0.0,23.92
2023-12-27 22:00:00+05:30,0.0,23.62
2023-12-27 23:00:00+05:30,0.0,20.63
2023-12-28 00:00:00+05:30,0.0,18.91
2023-12-28 01:00:00+05:30,0.0,18.25
2023-12-28 02:00:00+05:30,0.0,17.49
2023-12-28 03:00:00+05:30,0.0,16.87
2023-12-28 04:00:00+05:30,0.0,16.3
2023-12-28 05:00:00+05:30,0.0,15.67
2023-12-28 06:00:00+05:30,0.0,15.23
2023-12-28 07:00:00+05:30,0.0,15.12
2023-12-28 08:00:00+05:30,69.52,15.12
2023-12-28 09:00:00+05:30,233.57,17.69
2023-12-28 10:00:00+05:30,393.43,21.95
2023-12-28 11:00:00+05:30,514.31,24.14
2023-12-28 12:00:00+05:30,578.66,26.07
2023-12-28 13:00:00+05:30,584.07,27.23
2023-12-28 14:00:00+05:30,527.72,28.26
2023-12-28 15:00:00+05:30,412.73,28.86
2023-12-28 16:00:00+05:30,258.84,28.96
2023-12-28 17:00:00+05:30,92.69,28.58
2023-12-28 18:00:00+05:30,10.18,27.16
2023-12-28 19:00:00+05:30,0.0,25.11
2023-12-28 20:00:00+05:30,0.0,23.49
2023-12-28 21:00:00+05:30,0.0,22.31
2023-12-28 22:00:00+05:30,0.0,21.39
2023-12-28 23:00:00+05:30,0.0,20.57
2023-12-29 00:00:00+05:30,0.0,19.49
2023-12-29 01:00:00+05:30,0.0,18.74
2023-12-29 02:00:00+05:30,0.0,17.9
2023-12-29 03:00:00+05:30,0.0,17.23
2023-12-29 04:00:00+05:30,0.0,16.61
2023-12-29 05:00:00+05:30,0.0,16.14
2023-12-29 06:00:00+05:30,0.0,15.87
2023-12-29 07:00:00+05:30,0.0,15.85
2023-12-29 08:00:00+05:30,66.38,15.68
2023-12-29 09:00:00+05:30,232.76,18.03
2023-12-29 10:00:00+05:30,392.05,22.54
2023-12-29 11:00:00+05:30,513.92,24.9
2023-12-29 12:00:00+05:30,581.83,26.69
2023-12-29 13:00:00+05:30,587.55,27.85
2023-12-29 14:00:00+05:30,528.43,28.72
2023-12-29 15:00:00+05:30,415.47,29.26
2023-12-29 16:00:00+05:30,260.16,29.36
2023-12-29 17:00:00+05:30,94.07,28.97
2023-12-29 18:00:00+05:30,10.28,27.52
2023-12-29 19:00:00+05:30,0.0,25.43
2023-12-29 20:00:00+05:30,0.0,23.8
2023-12-29 21:00:00+05:30,0.0,22.57
2023-12-29 22:00:00+05:30,0.0,21.66
2023-12-29 23:00:00+05:30,0.0,20.81
2023-12-30 00:00:00+05:30,0.0,19.99
2023-12-30 01:00:00+05:30,0.0,19.03
2023-12-30 02:00:00+05:30,0.0,18.0
2023-12-30 03:00:00+05:30,0.0,17.62
2023-12-30 04:00:00+05:30,0.0,17.53
2023-12-30 05:00:00+05:30,0.0,17.25
2023-12-30 06:00:00+05:30,0.0,16.74
2023-12-30 07:00:00+05:30,0.0,16.66
2023-12-30 08:00:00+05:30,67.78,16.23
2023-12-30 09:00:00+05:30,232.81,18.4
2023-12-30 10:00:00+05:30,394.06,23.13
2023-12-30 11:00:00+05:30,516.93,25.6
2023-12-30 12:00:00+05:30,582.94,27.27
2023-12-30 13:00:00+05:30,588.56,28.36
2023-12-30 14:00:00+05:30,531.27,29.13
2023-12-30 15:00:00+05:30,417.49,29.54
2023-12-30 16:00:00+05:30,262.34,29.61
2023-12-30 17:00:00+05:30,95.81,29.3
2023-12-30 18:00:00+05:30,10.57,28.07
2023-12-30 19:00:00+05:30,0.0,25.93
2023-12-30 20:00:00+05:30,0.0,24.28
2023-12-30 21:00:00+05:30,0.0,22.98
2023-12-30 22:00:00+05:30,0.0,21.52
2023-12-30 23:00:00+05:30,0.0,20.5
2023-12-31 00:00:00+05:30,0.0,20.09
2023-12-31 01:00:00+05:30,0.0,21.03
2023-12-31 02:00:00+05:30,0.0,20.49
2023-12-31 03:00:00+05:30,0.0,19.55
2023-12-31 04:00:00+05:30,0.0,16.85
2023-12-31 05:00:00+05:30,0.0,16.03
2023-12-31 06:00:00+05:30,0.0,15.68
2023-12-31 07:00:00+05:30,0.0,15.38
2023-12-31 08:00:00+05:30,66.0,15.16
2023-12-31 09:00:00+05:30,226.84,18.47
2023-12-31 10:00:00+05:30,385.47,22.32
2023-12-31 11:00:00+05:30,507.56,24.8
2023-12-31 12:00:00+05:30,580.72,26.71
2023-12-31 13:00:00+05:30,587.95,27.99
2023-12-31 14:00:00+05:30,532.12,28.95
2023-12-31 15:00:00+05:30,419.14,29.43
2023-12-31 16:00:00+05:30,264.09,29.51
2023-12-31 17:00:00+05:30,97.35,29.15
2023-12-31 18:00:00+05:30,10.86,27.98
2023-12-31 19:00:00+05:30,0.0,25.85
2023-12-31 20:00:00+05:30,0.0,24.15
2023-12-31 21:00:00+05:30,0.0,22.57
2023-12-31 22:00:00+05:30,0.0,22.41
2023-12-31 23:00:00+05:30,0.0,22.65
2024-01-01 00:00:00+05:30,0.0,21.87
2024-01-01 01:00:00+05:30,0.0,19.45
2024-01-01 02:00:00+05:30,0.0,19.25
2024-01-01 03:00:00+05:30,0.0,19.06
2024-01-01 04:00:00+05:30,0.0,17.55
2024-01-01 05:00:00+05:30,0.0,16.67
